Date,equity,cash,is_month_start,rebalanced,rebalance_reason,spy_close,spy_shares,spy_weight,spy_signal_today,spy_pending_intent,spy_pending_reason,spy_pending_delta,spy_executed_intent,spy_exec_side,spy_exec_shares,spy_exec_price,tqqq_close,tqqq_shares,tqqq_weight,tqqq_signal_today,tqqq_pending_intent,tqqq_pending_reason,tqqq_pending_delta,tqqq_executed_intent,tqqq_exec_side,tqqq_exec_shares,tqqq_exec_price,gld_close,gld_shares,gld_weight,gld_signal_today,gld_pending_intent,gld_pending_reason,gld_pending_delta,gld_executed_intent,gld_exec_side,gld_exec_shares,gld_exec_price,tlt_close,tlt_shares,tlt_weight,tlt_signal_today,tlt_pending_intent,tlt_pending_reason,tlt_pending_delta,tlt_executed_intent,tlt_exec_side,tlt_exec_shares,tlt_exec_price
2010-01-21,10000000,10000000,False,False,,83.576759,0,0.0,hold,,,0.0,,,0,0.0,0.23607,0,0.0,hold,,,0.0,,,0,0.0,107.370003,0,0.0,buy,ENTER_TO_TARGET,signal_buy+rebalance,2000000.0,,,0,0.0,57.604031,0,0.0,buy,ENTER_TO_TARGET,signal_buy+rebalance,2000000.0,,,0,0.0
2010-01-22,9990563,6000109,False,False,,81.713676,0,0.0,hold,,,0.0,,,0,0.0,0.215348,0,0.0,hold,,,0.0,,,0,0.0,107.169998,18647,0.2,hold,,,0.0,ENTER_TO_TARGET,buy,18647,106.93,57.50404,34642,0.1994,hold,,,0.0,ENTER_TO_TARGET,buy,34642,57.560291
2010-01-25,9987249,6000109,False,False,,82.13269,0,0.0,hold,,,0.0,,,0,0.0,0.217529,0,0.0,hold,,,0.0,,,0,0.0,107.480003,18647,0.2007,hold,,,0.0,,,0,0.0,57.241501,34642,0.1985,hold,,,0.0,,,0,0.0
2010-01-26,9989390,6000109,False,False,,81.788521,0,0.0,hold,,,0.0,,,0,0.0,0.218104,0,0.0,hold,,,0.0,,,0,0.0,107.559998,18647,0.2008,hold,,,0.0,,,0,0.0,57.260254,34642,0.1986,hold,,,0.0,,,0,0.0
2010-01-27,9969101,6000109,False,False,,82.177582,0,0.0,hold,,,0.0,,,0,0.0,0.223253,0,0.0,hold,,,0.0,,,0,0.0,106.529999,18647,0.1993,hold,,,0.0,,,0,0.0,57.228996,34642,0.1989,hold,,,0.0,,,0,0.0
2010-01-28,9967085,6000109,False,False,,81.234818,0,0.0,hold,,,0.0,,,0,0.0,0.206008,0,0.0,hold,,,0.0,,,0,0.0,106.480003,18647,0.1992,hold,,,0.0,,,0,0.0,57.197735,34642,0.1988,hold,,,0.0,,,0,0.0
2010-01-29,9974711,6000109,False,False,,80.351898,0,0.0,hold,,,0.0,,,0,0.0,0.195209,0,0.0,hold,,,0.0,,,0,0.0,105.959999,18647,0.1981,hold,,,0.0,,,0,0.0,57.697769,34642,0.2004,hold,,,0.0,,,0,0.0
2010-02-01,10001134,6000109,True,False,,81.601456,0,0.0,hold,,,0.0,,,0,0.0,0.201629,0,0.0,hold,,,0.0,,,0,0.0,108.349998,18647,0.202,hold,,,0.0,,,0,0.0,57.17403,34642,0.198,hold,,,0.0,,,0,0.0
2010-02-02,10021327,6000109,False,False,,82.589111,0,0.0,hold,,,0.0,,,0,0.0,0.207068,0,0.0,hold,,,0.0,,,0,0.0,109.129997,18647,0.2031,hold,,,0.0,,,0,0.0,57.33709,34642,0.1982,hold,,,0.0,,,0,0.0
2010-02-03,9990277,6000109,False,False,,82.177582,0,0.0,hold,,,0.0,,,0,0.0,0.21047,0,0.0,hold,,,0.0,,,0,0.0,108.699997,18647,0.2029,hold,,,0.0,,,0,0.0,56.672237,34642,0.1965,hold,,,0.0,,,0,0.0
2010-02-04,9940608,6000109,False,False,,79.641106,0,0.0,hold,,,0.0,,,0,0.0,0.192186,0,0.0,hold,,,0.0,,,0,0.0,104.370003,18647,0.1958,hold,,,0.0,,,0,0.0,57.569183,34642,0.2006,hold,,,0.0,,,0,0.0
2010-02-05,9950735,6000109,False,False,,79.805702,0,0.0,hold,,,0.0,,,0,0.0,0.197043,0,0.0,hold,,,0.0,,,0,0.0,104.68,18647,0.1962,hold,,,0.0,,,0,0.0,57.694664,34642,0.2009,hold,,,0.0,,,0,0.0
2010-02-08,9941409,6000109,False,False,,79.229553,0,0.0,hold,,,0.0,,,0,0.0,0.192766,0,0.0,hold,,,0.0,,,0,0.0,104.040001,18647,0.1951,hold,,,0.0,,,0,0.0,57.769936,34642,0.2013,hold,,,0.0,,,0,0.0
2010-02-09,9946963,6000109,False,False,,80.224724,0,0.0,hold,,,0.0,,,0,0.0,0.198717,0,0.0,hold,,,0.0,,,0,0.0,105.410004,18647,0.1976,hold,,,0.0,,,0,0.0,57.192825,34642,0.1992,hold,,,0.0,,,0,0.0
2010-02-10,9922651,6000109,False,False,,80.067581,0,0.0,hold,,,0.0,,,0,0.0,0.197459,0,0.0,hold,,,0.0,,,0,0.0,105.120003,18647,0.1975,hold,,,0.0,,,0,0.0,56.647102,34642,0.1978,hold,,,0.0,,,0,0.0
2010-02-11,9949485,6000109,False,False,,80.905579,0,0.0,hold,,,0.0,,,0,0.0,0.206396,0,0.0,hold,,,0.0,,,0,0.0,107.129997,18647,0.2008,hold,,,0.0,,,0,0.0,56.339802,34642,0.1962,hold,,,0.0,,,0,0.0
2010-02-12,9955846,6000109,False,False,,80.838249,0,0.0,hold,,,0.0,,,0,0.0,0.207241,0,0.0,hold,,,0.0,,,0,0.0,107.040001,18647,0.2005,hold,,,0.0,,,0,0.0,56.571857,34642,0.1968,hold,,,0.0,,,0,0.0
2010-02-16,10007651,6000109,False,False,,82.110222,0,0.0,hold,,,0.0,,,0,0.0,0.215268,0,0.0,hold,,,0.0,,,0,0.0,109.620003,18647,0.2043,hold,,,0.0,,,0,0.0,56.678524,34642,0.1962,hold,,,0.0,,,0,0.0
2010-02-17,9978369,6000109,False,False,,82.499321,0,0.0,buy,ENTER_TO_TARGET,signal_buy+rebalance,2993511.0,,,0,0.0,0.218921,0,0.0,hold,,,0.0,,,0,0.0,109.25,18647,0.2042,hold,REDUCE_TO_TARGET,rebalance 2010-02-17,-41511.0,,,0,0.0,56.032433,34642,0.1945,hold,INCREASE_TO_TARGET,rebalance 2010-02-17,54598.0,,,0,0.0
2010-02-18,9996982,2993496,False,True,daily,82.985695,36235,0.3008,hold,,,0.0,ENTER_TO_TARGET,buy,36235,82.364666,0.223072,0,0.0,hold,,,0.0,,,0,0.0,109.980003,18268,0.201,hold,,,0.0,REDUCE_TO_TARGET,sell,379,109.281171,55.806622,35612,0.1988,hold,,,0.0,INCREASE_TO_TARGET,buy,970,56.113974
2010-02-19,10004624,2993496,False,False,,83.157799,36235,0.3012,hold,,,0.0,,,0,0.0,0.223072,0,0.0,hold,,,0.0,,,0,0.0,109.470001,18268,0.1999,hold,,,0.0,,,0,0.0,56.107697,35612,0.1997,hold,,,0.0,,,0,0.0
2010-02-22,9989593,2993496,False,False,,83.172752,36235,0.3017,hold,,,0.0,,,0,0.0,0.221506,0,0.0,hold,,,0.0,,,0,0.0,109.07,18268,0.1995,hold,,,0.0,,,0,0.0,55.875603,35612,0.1992,hold,,,0.0,,,0,0.0
2010-02-23,9962483,2993496,False,False,,82.162605,36235,0.2988,hold,,,0.0,,,0,0.0,0.212858,0,0.0,hold,,,0.0,,,0,0.0,107.889999,18268,0.1978,hold,,,0.0,,,0,0.0,56.747467,35612,0.2029,hold,,,0.0,,,0,0.0
2010-02-24,9985100,2993496,False,False,,82.918327,36235,0.3009,hold,,,0.0,,,0,0.0,0.219295,0,0.0,hold,,,0.0,,,0,0.0,107.360001,18268,0.1964,hold,,,0.0,,,0,0.0,56.885498,35612,0.2029,hold,,,0.0,,,0,0.0
2010-02-25,10009780,2993496,False,False,,82.806114,36235,0.2998,hold,,,0.0,,,0,0.0,0.219169,0,0.0,hold,,,0.0,,,0,0.0,108.309998,18268,0.1977,hold,,,0.0,,,0,0.0,57.205387,35612,0.2035,hold,,,0.0,,,0,0.0
2010-02-26,10042635,2993496,False,False,,82.858467,36235,0.299,hold,,,0.0,,,0,0.0,0.221904,0,0.0,hold,,,0.0,,,0,0.0,109.43,18268,0.1991,hold,,,0.0,,,0,0.0,57.500168,35612,0.2039,hold,,,0.0,,,0,0.0
2010-03-01,10072918,2993496,True,False,,83.71891,36235,0.3012,hold,,,0.0,,,0,0.0,0.231422,0,0.0,hold,,,0.0,,,0,0.0,109.43,18268,0.1985,hold,,,0.0,,,0,0.0,57.475033,35612,0.2032,hold,,,0.0,,,0,0.0
2010-03-02,10107680,2993496,False,False,,83.950867,36235,0.301,hold,,,0.0,,,0,0.0,0.232813,0,0.0,hold,,,0.0,,,0,0.0,111.019997,18268,0.2007,hold,,,0.0,,,0,0.0,57.399509,35612,0.2022,hold,,,0.0,,,0,0.0
2010-03-03,10116382,2993496,False,False,,84.025711,36235,0.301,hold,,,0.0,,,0,0.0,0.234107,0,0.0,hold,,,0.0,,,0,0.0,111.629997,18268,0.2016,hold,,,0.0,,,0,0.0,57.254799,35612,0.2016,hold,,,0.0,,,0,0.0
2010-03-04,10121741,2993496,False,False,,84.280075,36235,0.3017,hold,,,0.0,,,0,0.0,0.236691,0,0.0,hold,,,0.0,,,0,0.0,110.830002,18268,0.2,hold,,,0.0,,,0,0.0,57.556847,35612,0.2025,hold,,,0.0,,,0,0.0
2010-03-05,10138135,2993496,False,False,,85.484734,36235,0.3055,hold,,,0.0,,,0,0.0,0.247153,0,0.0,hold,,,0.0,,,0,0.0,110.809998,18268,0.1997,hold,,,0.0,,,0,0.0,56.801716,35612,0.1995,hold,,,0.0,,,0,0.0
2010-03-08,10111157,2993496,False,False,,85.499695,36235,0.3064,hold,,,0.0,,,0,0.0,0.248471,0,0.0,hold,,,0.0,,,0,0.0,109.879997,18268,0.1985,hold,,,0.0,,,0,0.0,56.506012,35612,0.199,hold,,,0.0,,,0,0.0
2010-03-09,10113833,2993496,False,False,,85.641853,36235,0.3068,hold,,,0.0,,,0,0.0,0.252869,0,0.0,hold,,,0.0,,,0,0.0,109.720001,18268,0.1982,hold,,,0.0,,,0,0.0,56.518597,35612,0.199,hold,,,0.0,,,0,0.0
2010-03-10,10099672,2993496,False,False,,86.023476,36235,0.3086,hold,,,0.0,,,0,0.0,0.259057,0,0.0,hold,,,0.0,,,0,0.0,108.470001,18268,0.1962,hold,,,0.0,,,0,0.0,56.373852,35612,0.1988,hold,,,0.0,,,0,0.0
2010-03-11,10122456,2993496,False,False,,86.382607,36235,0.3092,hold,,,0.0,,,0,0.0,0.261443,0,0.0,hold,,,0.0,,,0,0.0,108.599998,18268,0.196,hold,,,0.0,,,0,0.0,56.581532,35612,0.1991,hold,,,0.0,,,0,0.0
2010-03-12,10123400,2993496,False,False,,86.390083,36235,0.3092,hold,,,0.0,,,0,0.0,0.262039,0,0.0,hold,,,0.0,,,0,0.0,107.949997,18268,0.1948,hold,,,0.0,,,0,0.0,56.93388,35612,0.2003,hold,,,0.0,,,0,0.0
2010-03-15,10129016,2993496,False,False,,86.412544,36235,0.3091,hold,,,0.0,,,0,0.0,0.260275,0,0.0,hold,,,0.0,,,0,0.0,108.360001,18268,0.1954,hold,,,0.0,,,0,0.0,56.858391,35612,0.1999,hold,,,0.0,,,0,0.0
2010-03-16,10207359,2993496,False,False,,87.100883,36235,0.3092,hold,,,0.0,,,0,0.0,0.265196,0,0.0,hold,,,0.0,,,0,0.0,110.400002,18268,0.1976,hold,,,0.0,,,0,0.0,57.311459,35612,0.2,hold,,,0.0,,,0,0.0
2010-03-17,10220008,2993496,False,False,,87.617157,36235,0.3106,hold,,,0.0,,,0,0.0,0.267035,0,0.0,hold,,,0.0,,,0,0.0,109.589996,18268,0.1959,hold,,,0.0,,,0,0.0,57.556847,35612,0.2006,hold,,,0.0,,,0,0.0
2010-03-18,10225359,2993496,False,False,,87.572281,36235,0.3103,hold,,,0.0,,,0,0.0,0.269744,0,0.0,hold,,,0.0,,,0,0.0,110.339996,18268,0.1971,hold,,,0.0,,,0,0.0,57.368038,35612,0.1998,hold,,,0.0,,,0,0.0
2010-03-19,10173683,2993496,False,False,,87.129021,36235,0.3103,hold,,,0.0,,,0,0.0,0.264972,0,0.0,hold,,,0.0,,,0,0.0,108.279999,18268,0.1944,hold,,,0.0,,,0,0.0,57.424694,35612,0.201,hold,,,0.0,,,0,0.0
2010-03-22,10183119,2993496,False,False,,87.594803,36235,0.3117,hold,,,0.0,,,0,0.0,0.272129,0,0.0,hold,,,0.0,,,0,0.0,107.75,18268,0.1933,hold,,,0.0,,,0,0.0,57.487602,35612,0.201,hold,,,0.0,,,0,0.0
2010-03-23,10206222,2993496,False,False,,88.210899,36235,0.3132,hold,,,0.0,,,0,0.0,0.277821,0,0.0,hold,,,0.0,,,0,0.0,108.32,18268,0.1939,hold,,,0.0,,,0,0.0,57.217083,35612,0.1996,hold,,,0.0,,,0,0.0
2010-03-24,10116603,2993496,False,False,,87.782669,36235,0.3144,hold,,,0.0,,,0,0.0,0.273869,0,0.0,hold,,,0.0,,,0,0.0,106.300003,18268,0.192,hold,,,0.0,,,0,0.0,56.172482,35612,0.1977,hold,,,0.0,,,0,0.0
2010-03-25,10107427,2993496,False,False,,87.639931,36235,0.3142,hold,,,0.0,,,0,0.0,0.272154,0,0.0,hold,,,0.0,,,0,0.0,106.779999,18268,0.193,hold,,,0.0,,,0,0.0,55.813812,35612,0.1967,hold,,,0.0,,,0,0.0
2010-03-26,10144188,2993496,False,False,,87.587318,36235,0.3129,hold,,,0.0,,,0,0.0,0.273571,0,0.0,hold,,,0.0,,,0,0.0,108.589996,18268,0.1956,hold,,,0.0,,,0,0.0,55.971142,35612,0.1965,hold,,,0.0,,,0,0.0
2010-03-29,10159637,2993496,False,False,,88.14328,36235,0.3144,hold,,,0.0,,,0,0.0,0.277324,0,0.0,hold,,,0.0,,,0,0.0,108.75,18268,0.1955,hold,,,0.0,,,0,0.0,55.757191,35612,0.1954,hold,,,0.0,,,0,0.0
2010-03-30,10153842,2993496,False,False,,88.203384,36235,0.3148,hold,,,0.0,,,0,0.0,0.280232,0,0.0,hold,,,0.0,,,0,0.0,107.970001,18268,0.1943,hold,,,0.0,,,0,0.0,55.933411,35612,0.1962,hold,,,0.0,,,0,0.0
2010-03-31,10174525,2993496,False,False,,87.902885,36235,0.3131,hold,,,0.0,,,0,0.0,0.276454,0,0.0,hold,,,0.0,,,0,0.0,108.949997,18268,0.1956,hold,,,0.0,,,0,0.0,56.317249,35612,0.1971,hold,,,0.0,,,0,0.0
2010-04-01,10215331,2993496,True,False,,88.503937,36235,0.3139,hold,,,0.0,,,0,0.0,0.275907,0,0.0,hold,,,0.0,,,0,0.0,110.260002,18268,0.1972,hold,,,0.0,,,0,0.0,56.179535,35612,0.1958,hold,,,0.0,,,0,0.0
2010-04-05,10219687,2993496,False,False,,89.225182,36235,0.3164,hold,,,0.0,,,0,0.0,0.283885,0,0.0,hold,,,0.0,,,0,0.0,110.889999,18268,0.1982,hold,,,0.0,,,0,0.0,55.244808,35612,0.1925,hold,,,0.0,,,0,0.0
2010-04-06,10233016,2993496,False,False,,89.435532,36235,0.3167,hold,,,0.0,,,0,0.0,0.286047,0,0.0,hold,,,0.0,,,0,0.0,111.029999,18268,0.1982,hold,,,0.0,,,0,0.0,55.333252,35612,0.1926,hold,,,0.0,,,0,0.0
2010-04-07,10266366,2993496,False,False,,88.92469,36235,0.3139,hold,,,0.0,,,0,0.0,0.284432,0,0.0,hold,,,0.0,,,0,0.0,112.489998,18268,0.2002,hold,,,0.0,,,0,0.0,56.040577,35612,0.1944,hold,,,0.0,,,0,0.0
2010-04-08,10281348,2993496,False,False,,89.232666,36235,0.3145,hold,,,0.0,,,0,0.0,0.285451,0,0.0,hold,,,0.0,,,0,0.0,112.650002,18268,0.2002,hold,,,0.0,,,0,0.0,56.065849,35612,0.1942,hold,,,0.0,,,0,0.0
2010-04-09,10325393,2993496,False,False,,89.818718,36235,0.3152,hold,,,0.0,,,0,0.0,0.290594,0,0.0,hold,,,0.0,,,0,0.0,113.639999,18268,0.2011,hold,,,0.0,,,0,0.0,56.198486,35612,0.1938,hold,,,0.0,,,0,0.0
2010-04-12,10329627,2993496,False,False,,89.961441,36235,0.3156,hold,,,0.0,,,0,0.0,0.291763,0,0.0,hold,,,0.0,,,0,0.0,113.010002,18268,0.1999,hold,,,0.0,,,0,0.0,56.495342,35612,0.1948,hold,,,0.0,,,0,0.0
2010-04-13,10332753,2993496,False,False,,90.029037,36235,0.3157,hold,,,0.0,,,0,0.0,0.296162,0,0.0,hold,,,0.0,,,0,0.0,112.690002,18268,0.1992,hold,,,0.0,,,0,0.0,56.678478,35612,0.1953,hold,,,0.0,,,0,0.0
2010-04-14,10361820,2993496,False,False,,91.050858,36235,0.3184,hold,,,0.0,,,0,0.0,0.306599,0,0.0,hold,,,0.0,,,0,0.0,113.029999,18268,0.1993,hold,,,0.0,,,0,0.0,56.280605,35612,0.1934,hold,,,0.0,,,0,0.0
2010-04-15,10378119,2993496,False,False,,91.125984,36235,0.3182,hold,,,0.0,,,0,0.0,0.3107,0,0.0,hold,,,0.0,,,0,0.0,113.650002,18268,0.2001,hold,,,0.0,,,0,0.0,56.343792,35612,0.1933,hold,,,0.0,,,0,0.0
2010-04-16,10296170,2993496,False,False,,89.675949,36235,0.3156,hold,,,0.0,,,0,0.0,0.29964,0,0.0,hold,,,0.0,,,0,0.0,111.239998,18268,0.1974,hold,,,0.0,,,0,0.0,56.754288,35612,0.1963,hold,,,0.0,,,0,0.0
2010-04-19,10301827,2993496,False,False,,90.01403,36235,0.3166,hold,,,0.0,,,0,0.0,0.299169,0,0.0,hold,,,0.0,,,0,0.0,111.150002,18268,0.1971,hold,,,0.0,,,0,0.0,56.61533,35612,0.1957,hold,,,0.0,,,0,0.0
2010-04-20,10343816,2993496,False,False,,90.817932,36235,0.3181,hold,,,0.0,,,0,0.0,0.303592,0,0.0,hold,,,0.0,,,0,0.0,111.459999,18268,0.1968,hold,,,0.0,,,0,0.0,56.817398,35612,0.1956,hold,,,0.0,,,0,0.0
2010-04-21,10370002,2993496,False,False,,90.652664,36235,0.3168,hold,,,0.0,,,0,0.0,0.308935,0,0.0,hold,,,0.0,,,0,0.0,112.309998,18268,0.1978,hold,,,0.0,,,0,0.0,57.284859,35612,0.1967,hold,,,0.0,,,0,0.0
2010-04-22,10365142,2993496,False,False,,90.923126,36235,0.3179,hold,,,0.0,,,0,0.0,0.313509,0,0.0,hold,,,0.0,,,0,0.0,111.839996,18268,0.1971,hold,,,0.0,,,0,0.0,57.114296,35612,0.1962,hold,,,0.0,,,0,0.0
2010-04-23,10404112,2993496,False,False,,91.51664,36235,0.3187,hold,,,0.0,,,0,0.0,0.317659,0,0.0,hold,,,0.0,,,0,0.0,113.190002,18268,0.1987,hold,,,0.0,,,0,0.0,56.912178,35612,0.1948,hold,,,0.0,,,0,0.0
2010-04-26,10385802,2993496,False,False,,91.171028,36235,0.3181,hold,,,0.0,,,0,0.0,0.315298,0,0.0,hold,,,0.0,,,0,0.0,112.75,18268,0.1983,hold,,,0.0,,,0,0.0,56.975368,35612,0.1954,hold,,,0.0,,,0,0.0
2010-04-27,10370577,2993496,False,False,,89.014786,36235,0.311,hold,,,0.0,,,0,0.0,0.295838,0,0.0,hold,,,0.0,,,0,0.0,114.629997,18268,0.2019,hold,,,0.0,,,0,0.0,57.777428,35612,0.1984,hold,,,0.0,,,0,0.0
2010-04-28,10371691,2993496,False,False,,89.690956,36235,0.3133,hold,,,0.0,,,0,0.0,0.296534,0,0.0,hold,,,0.0,,,0,0.0,114.309998,18268,0.2013,hold,,,0.0,,,0,0.0,57.284859,35612,0.1967,hold,,,0.0,,,0,0.0
2010-04-29,10419979,2993496,False,False,,90.802925,36235,0.3158,hold,,,0.0,,,0,0.0,0.31167,0,0.0,hold,,,0.0,,,0,0.0,114.279999,18268,0.2004,hold,,,0.0,,,0,0.0,57.524784,35612,0.1966,hold,,,0.0,,,0,0.0
2010-04-30,10407519,2993496,False,False,,89.262749,36235,0.3108,hold,,,0.0,,,0,0.0,0.293304,0,0.0,hold,,,0.0,,,0,0.0,115.360001,18268,0.2025,hold,,,0.0,,,0,0.0,58.188019,35612,0.1991,hold,,,0.0,,,0,0.0
2010-05-03,10453492,2993496,True,False,,90.419746,36235,0.3134,hold,,,0.0,,,0,0.0,0.305282,0,0.0,hold,,,0.0,,,0,0.0,115.730003,18268,0.2022,hold,,,0.0,,,0,0.0,58.111919,35612,0.198,hold,,,0.0,,,0,0.0
2010-05-04,10397981,2993496,False,False,,88.293518,36235,0.3077,hold,,,0.0,,,0,0.0,0.278293,0,0.0,hold,,,0.0,,,0,0.0,114.870003,18268,0.2018,hold,,,0.0,,,0,0.0,59.157711,35612,0.2026,hold,,,0.0,,,0,0.0
2010-05-05,10395357,2993496,False,False,,87.767609,36235,0.3059,hold,,,0.0,,,0,0.0,0.27372,0,0.0,hold,,,0.0,,,0,0.0,115.089996,18268,0.2023,hold,,,0.0,,,0,0.0,59.506283,35612,0.2039,hold,,,0.0,,,0,0.0
2010-05-06,10417294,2993496,False,False,,84.852547,36235,0.2951,hold,,,0.0,,,0,0.0,0.246905,0,0.0,hold,,,0.0,,,0,0.0,118.489998,18268,0.2078,hold,,,0.0,,,0,0.0,61.344254,35612,0.2097,hold,,,0.0,,,0,0.0
2010-05-07,10340231,2993496,False,False,,83.590363,36235,0.2929,hold,,,0.0,,,0,0.0,0.228937,0,0.0,hold,,,0.0,,,0,0.0,118.269997,18268,0.2089,hold,,,0.0,,,0,0.0,60.577393,35612,0.2086,hold,,,0.0,,,0,0.0
2010-05-10,10416148,2993496,False,False,,87.271759,36235,0.3036,hold,,,0.0,,,0,0.0,0.263083,0,0.0,hold,,,0.0,,,0,0.0,117.57,18268,0.2062,hold,,,0.0,,,0,0.0,59.322456,35612,0.2028,hold,,,0.0,,,0,0.0
2010-05-11,10458195,2993496,False,False,,87.023827,36235,0.3015,hold,,,0.0,,,0,0.0,0.26291,0,0.0,hold,,,0.0,,,0,0.0,120.660004,18268,0.2108,hold,,,0.0,,,0,0.0,59.170345,35612,0.2015,hold,,,0.0,,,0,0.0
2010-05-12,10499791,2993496,False,False,,88.240952,36235,0.3045,hold,,,0.0,,,0,0.0,0.277076,0,0.0,hold,,,0.0,,,0,0.0,121.400002,18268,0.2112,hold,,,0.0,,,0,0.0,58.720356,35612,0.1992,hold,,,0.0,,,0,0.0
2010-05-13,10458467,2993496,False,False,,87.144043,36235,0.3019,hold,REDUCE_TO_TARGET,rebalance 2010-05-13,-20124.0,,,0,0.0,0.26455,0,0.0,buy,ENTER_TO_TARGET,signal_buy+rebalance,3137540.0,,,0,0.0,120.559998,18268,0.2106,hold,REDUCE_TO_TARGET,rebalance 2010-05-13,-110697.0,,,0,0.0,59.10696,35612,0.2013,hold,REDUCE_TO_TARGET,rebalance 2010-05-13,-13224.0,,,0,0.0
2010-05-14,10307355,0,False,True,daily,85.566307,36002,0.2989,hold,,,0.0,REDUCE_TO_TARGET,sell,233,86.230946,0.248271,12120963,0.292,hold,,,0.0,ENTER_TO_TARGET,buy,12120963,0.258064,120.370003,17358,0.2027,hold,,,0.0,REDUCE_TO_TARGET,sell,910,121.514357,60.133656,35390,0.2065,hold,,,0.0,REDUCE_TO_TARGET,sell,222,59.473025
2010-05-17,10324276,0,False,False,,85.611374,36002,0.2985,hold,,,0.0,,,0,0.0,0.251627,12120963,0.2954,hold,,,0.0,,,0,0.0,119.360001,17358,0.2007,hold,,,0.0,,,0,0.0,59.911907,35390,0.2054,hold,,,0.0,,,0,0.0
2010-05-18,10200551,0,False,False,,84.446869,36002,0.298,hold,,,0.0,,,0,0.0,0.242009,12120963,0.2876,hold,,,0.0,,,0,0.0,119.489998,17358,0.2033,hold,,,0.0,,,0,0.0,60.830894,35390,0.211,hold,,,0.0,,,0,0.0
2010-05-19,10063357,0,False,False,,83.966019,36002,0.3004,hold,,,0.0,,,0,0.0,0.235622,12120963,0.2838,hold,,,0.0,,,0,0.0,116.629997,17358,0.2012,hold,,,0.0,,,0,0.0,61.033707,35390,0.2146,hold,,,0.0,,,0,0.0
2010-05-20,9692152,0,False,False,,80.795486,36002,0.3001,hold,,,0.0,,,0,0.0,0.211789,12120963,0.2649,hold,,,0.0,,,0,0.0,115.839996,17358,0.2075,hold,,,0.0,,,0,0.0,62.32029,35390,0.2276,hold,,,0.0,,,0,0.0
2010-05-21,9745976,0,False,False,,81.97506,36002,0.3028,hold,,,0.0,,,0,0.0,0.213429,12120963,0.2654,hold,,,0.0,,,0,0.0,115.220001,17358,0.2052,hold,,,0.0,,,0,0.0,62.383614,35390,0.2265,hold,,,0.0,,,0,0.0
2010-05-24,9749997,0,False,False,,80.923241,36002,0.2988,hold,,,0.0,,,0,0.0,0.215194,12120963,0.2675,hold,,,0.0,,,0,0.0,116.839996,17358,0.208,hold,,,0.0,,,0,0.0,62.168152,35390,0.2257,hold,,,0.0,,,0,0.0
2010-05-25,9754378,0,False,False,,81.00589,36002,0.299,hold,,,0.0,,,0,0.0,0.213677,12120963,0.2655,hold,,,0.0,,,0,0.0,117.360001,17358,0.2088,hold,,,0.0,,,0,0.0,62.472401,35390,0.2267,hold,,,0.0,,,0,0.0
2010-05-26,9669663,0,False,False,,80.517532,36002,0.2998,hold,,,0.0,,,0,0.0,0.207067,12120963,0.2596,hold,,,0.0,,,0,0.0,118.470001,17358,0.2127,hold,,,0.0,,,0,0.0,62.294918,35390,0.228,hold,,,0.0,,,0,0.0
2010-05-27,9992284,0,False,False,,83.214706,36002,0.2998,hold,,,0.0,,,0,0.0,0.229484,12120963,0.2784,hold,,,0.0,,,0,0.0,118.690002,17358,0.2062,hold,,,0.0,,,0,0.0,60.881599,35390,0.2156,hold,,,0.0,,,0,0.0
2010-05-28,9928982,0,False,False,,82.170387,36002,0.2979,hold,,,0.0,,,0,0.0,0.226277,12120963,0.2762,hold,,,0.0,,,0,0.0,118.879997,17358,0.2078,hold,,,0.0,,,0,0.0,61.16048,35390,0.218,hold,,,0.0,,,0,0.0
2010-06-01,9836403,0,True,False,,80.787987,36002,0.2957,hold,INCREASE_TO_TARGET,rebalance 2010-06-01,42392.0,,,0,0.0,0.220015,12120963,0.2711,hold,INCREASE_TO_TARGET,rebalance 2010-06-01,284127.0,,,0,0.0,119.910004,17358,0.2116,hold,REDUCE_TO_TARGET,rebalance 2010-06-01,-114117.0,,,0,0.0,61.590332,35390,0.2216,hold,REDUCE_TO_TARGET,rebalance 2010-06-01,-212401.0,,,0,0.0
2010-06-02,10092663,78,False,True,monthly,82.891663,36521,0.2999,hold,,,0.0,INCREASE_TO_TARGET,buy,519,81.201223,0.235498,13387374,0.3124,hold,,,0.0,INCREASE_TO_TARGET,buy,1266411,0.223668,119.779999,16399,0.1946,hold,,,0.0,REDUCE_TO_TARGET,sell,959,118.991948,61.005291,31937,0.193,hold,,,0.0,REDUCE_TO_TARGET,sell,3453,61.494343
2010-06-03,10140863,78,False,False,,83.177147,36521,0.2996,hold,,,0.0,,,0,0.0,0.241611,13387374,0.319,hold,,,0.0,,,0,0.0,117.959999,16399,0.1908,hold,,,0.0,,,0,0.0,60.560131,31937,0.1907,hold,,,0.0,,,0,0.0
2010-06-04,9786895,78,False,False,,80.25457,36521,0.2995,hold,,,0.0,,,0,0.0,0.217753,13387374,0.2979,hold,,,0.0,,,0,0.0,119.190002,16399,0.1997,hold,,,0.0,,,0,0.0,62.18811,31937,0.2029,hold,,,0.0,,,0,0.0
2010-06-07,9634348,78,False,False,,79.255356,36521,0.3004,hold,,,0.0,,,0,0.0,0.205129,13387374,0.285,hold,,,0.0,,,0,0.0,121.489998,16399,0.2068,hold,,,0.0,,,0,0.0,62.665005,31937,0.2077,hold,,,0.0,,,0,0.0
2010-06-08,9632053,78,False,False,,80.104301,36521,0.3037,hold,,,0.0,,,0,0.0,0.203985,13387374,0.2835,hold,,,0.0,,,0,0.0,121.0,16399,0.206,hold,,,0.0,,,0,0.0,62.353493,31937,0.2067,hold,,,0.0,,,0,0.0
2010-06-09,9546746,78,False,False,,79.676064,36521,0.3048,hold,,,0.0,,,0,0.0,0.199487,13387374,0.2797,hold,,,0.0,,,0,0.0,120.559998,16399,0.2071,hold,,,0.0,,,0,0.0,62.283501,31937,0.2084,hold,,,0.0,,,0,0.0
2010-06-10,9791765,78,False,False,,82.005119,36521,0.3059,hold,,,0.0,,,0,0.0,0.216038,13387374,0.2954,hold,,,0.0,,,0,0.0,118.970001,16399,0.1992,hold,,,0.0,,,0,0.0,61.17065,31937,0.1995,hold,,,0.0,,,0,0.0
2010-06-11,9923672,78,False,False,,82.403305,36521,0.3033,hold,,,0.0,,,0,0.0,0.22168,13387374,0.2991,hold,,,0.0,,,0,0.0,120.010002,16399,0.1983,hold,,,0.0,,,0,0.0,61.946499,31937,0.1994,hold,,,0.0,,,0,0.0
2010-06-14,9903788,78,False,False,,82.275581,36521,0.3034,hold,,,0.0,,,0,0.0,0.221804,13387374,0.2998,hold,,,0.0,,,0,0.0,119.599998,16399,0.198,hold,,,0.0,,,0,0.0,61.62851,31937,0.1987,hold,,,0.0,,,0,0.0
2010-06-15,10203709,78,False,False,,84.146339,36521,0.3012,hold,,,0.0,,,0,0.0,0.238008,13387374,0.3123,hold,,,0.0,,,0,0.0,120.989998,16399,0.1945,hold,,,0.0,,,0,0.0,61.374123,31937,0.1921,hold,,,0.0,,,0,0.0
2010-06-16,10267165,78,False,False,,84.116295,36521,0.2992,hold,,,0.0,,,0,0.0,0.242804,13387374,0.3166,hold,,,0.0,,,0,0.0,120.330002,16399,0.1922,hold,,,0.0,,,0,0.0,61.723888,31937,0.192,hold,,,0.0,,,0,0.0
2010-06-17,10346506,78,False,False,,84.251518,36521,0.2974,hold,,,0.0,,,0,0.0,0.24524,13387374,0.3173,hold,,,0.0,,,0,0.0,121.900002,16399,0.1932,hold,,,0.0,,,0,0.0,62.226276,31937,0.1921,hold,,,0.0,,,0,0.0
2010-06-18,10370813,78,False,False,,84.342857,36521,0.297,hold,,,0.0,,,0,0.0,0.24591,13387374,0.3174,hold,,,0.0,,,0,0.0,122.830002,16399,0.1942,hold,,,0.0,,,0,0.0,62.124523,31937,0.1913,hold,,,0.0,,,0,0.0
2010-06-21,10229796,78,False,False,,84.101303,36521,0.3002,hold,,,0.0,,,0,0.0,0.239449,13387374,0.3134,hold,,,0.0,,,0,0.0,120.389999,16399,0.193,hold,,,0.0,,,0,0.0,61.946499,31937,0.1934,hold,,,0.0,,,0,0.0
2010-06-22,10144158,78,False,False,,82.712311,36521,0.2978,hold,,,0.0,,,0,0.0,0.233783,13387374,0.3085,hold,,,0.0,,,0,0.0,121.449997,16399,0.1963,hold,,,0.0,,,0,0.0,62.684174,31937,0.1973,hold,,,0.0,,,0,0.0
2010-06-23,10098275,78,False,False,,82.455643,36521,0.2982,hold,,,0.0,,,0,0.0,0.230652,13387374,0.3058,hold,,,0.0,,,0,0.0,120.949997,16399,0.1964,hold,,,0.0,,,0,0.0,63.110214,31937,0.1996,hold,,,0.0,,,0,0.0
2010-06-24,9892409,78,False,False,,81.089333,36521,0.2994,hold,,,0.0,,,0,0.0,0.219468,13387374,0.297,hold,,,0.0,,,0,0.0,121.300003,16399,0.2011,hold,,,0.0,,,0,0.0,62.735012,31937,0.2025,hold,,,0.0,,,0,0.0
2010-06-25,9934886,78,False,False,,81.429024,36521,0.2993,hold,,,0.0,,,0,0.0,0.219319,13387374,0.2955,hold,,,0.0,,,0,0.0,122.760002,16399,0.2026,hold,,,0.0,,,0,0.0,62.989376,31937,0.2025,hold,,,0.0,,,0,0.0
2010-06-28,9890720,78,False,False,,81.172348,36521,0.2997,hold,,,0.0,,,0,0.0,0.217355,13387374,0.2942,hold,,,0.0,,,0,0.0,121.089996,16399,0.2008,hold,,,0.0,,,0,0.0,63.580757,31937,0.2053,hold,,,0.0,,,0,0.0
2010-06-29,9499572,78,False,False,,78.666161,36521,0.3024,hold,,,0.0,,,0,0.0,0.1931,13387374,0.2721,hold,,,0.0,,,0,0.0,121.269997,16399,0.2093,hold,,,0.0,,,0,0.0,64.273987,31937,0.2161,hold,,,0.0,,,0,0.0
2010-06-30,9365058,78,False,False,,77.918831,36521,0.3039,sell,EXIT_ALL,signal sell,-2845674.0,,,0,0.0,0.183557,13387374,0.2624,hold,,,0.0,,,0,0.0,121.68,16399,0.2131,hold,,,0.0,,,0,0.0,64.706436,31937,0.2207,hold,,,0.0,,,0,0.0
2010-07-01,9257814,2835290,True,False,,77.571556,0,0.0,hold,,,0.0,EXIT_ALL,sell,36521,77.632361,0.181768,13387374,0.2628,hold,INCREASE_TO_TARGET,rebalance 2010-07-01,343948.0,,,0,0.0,117.040001,16399,0.2073,hold,REDUCE_TO_TARGET,rebalance 2010-07-01,-67776.0,,,0,0.0,64.808487,31937,0.2236,hold,REDUCE_TO_TARGET,rebalance 2010-07-01,-218226.0,,,0,0.0
2010-07-02,9247666,2777287,False,True,monthly,77.148842,0,0.0,hold,,,0.0,,,0,0.0,0.180774,15269063,0.2985,hold,,,0.0,INCREASE_TO_TARGET,buy,1881689,0.18224,118.489998,15824,0.2028,hold,,,0.0,REDUCE_TO_TARGET,sell,575,117.855369,64.291756,28544,0.1984,hold,,,0.0,REDUCE_TO_TARGET,sell,3393,64.302389
2010-07-06,9245862,2777287,False,False,,77.654594,0,0.0,hold,,,0.0,,,0,0.0,0.181718,15269063,0.3001,hold,,,0.0,,,0,0.0,116.510002,15824,0.1994,hold,,,0.0,,,0,0.0,64.821251,28544,0.2001,hold,,,0.0,,,0,0.0
2010-07-07,9505701,2777287,False,False,,80.10041,0,0.0,hold,,,0.0,,,0,0.0,0.19889,15269063,0.3195,hold,,,0.0,,,0,0.0,117.730003,15824,0.196,hold,,,0.0,,,0,0.0,64.062172,28544,0.1924,hold,,,0.0,,,0,0.0
2010-07-08,9537061,2777287,False,False,,80.893051,0,0.0,hold,,,0.0,,,0,0.0,0.202246,15269063,0.3238,hold,,,0.0,,,0,0.0,117.209999,15824,0.1945,hold,,,0.0,,,0,0.0,63.653877,28544,0.1905,hold,,,0.0,,,0,0.0
2010-07-09,9631397,2777287,False,False,,81.496941,0,0.0,hold,,,0.0,,,0,0.0,0.207912,15269063,0.3296,hold,,,0.0,,,0,0.0,118.360001,15824,0.1945,hold,,,0.0,,,0,0.0,63.290352,28544,0.1876,hold,,,0.0,,,0,0.0
2010-07-12,9650577,2777287,False,False,,81.549789,0,0.0,hold,,,0.0,,,0,0.0,0.210273,15269063,0.3327,hold,,,0.0,,,0,0.0,117.339996,15824,0.1924,hold,,,0.0,,,0,0.0,63.264793,28544,0.1871,hold,,,0.0,,,0,0.0
2010-07-13,9760919,2777287,False,False,,82.780289,0,0.0,hold,,,0.0,,,0,0.0,0.217456,15269063,0.3402,hold,,,0.0,,,0,0.0,118.360001,15824,0.1919,hold,,,0.0,,,0,0.0,62.722626,28544,0.1834,hold,,,0.0,,,0,0.0
2010-07-14,9831101,2777287,False,False,,82.772705,0,0.0,hold,,,0.0,,,0,0.0,0.220934,15269063,0.3431,hold,,,0.0,,,0,0.0,118.300003,15824,0.1904,hold,,,0.0,,,0,0.0,63.354111,28544,0.1839,hold,,,0.0,,,0,0.0
2010-07-15,9859792,2777287,False,False,,82.795357,0,0.0,hold,,,0.0,,,0,0.0,0.221705,15269063,0.3433,hold,,,0.0,,,0,0.0,118.230003,15824,0.1897,hold,,,0.0,,,0,0.0,63.985645,28544,0.1852,hold,,,0.0,,,0,0.0
2010-07-16,9571567,2777287,False,False,,80.515617,0,0.0,hold,,,0.0,,,0,0.0,0.203861,15269063,0.3252,hold,,,0.0,,,0,0.0,116.669998,15824,0.1929,hold,,,0.0,,,0,0.0,64.298187,28544,0.1917,hold,,,0.0,,,0,0.0
2010-07-19,9615610,2777287,False,False,,80.991196,0,0.0,hold,,,0.0,,,0,0.0,0.208459,15269063,0.331,hold,,,0.0,,,0,0.0,115.730003,15824,0.1905,hold,,,0.0,,,0,0.0,63.902691,28544,0.1897,hold,,,0.0,,,0,0.0
2010-07-20,9733461,2777287,False,False,,81.889511,0,0.0,hold,,,0.0,,,0,0.0,0.215045,15269063,0.3373,hold,,,0.0,,,0,0.0,116.650002,15824,0.1896,hold,,,0.0,,,0,0.0,63.998348,28544,0.1877,hold,,,0.0,,,0,0.0
2010-07-21,9636764,2777287,False,False,,80.825111,0,0.0,hold,,,0.0,,,0,0.0,0.207514,15269063,0.3288,hold,,,0.0,,,0,0.0,115.849998,15824,0.1902,hold,,,0.0,,,0,0.0,65.082771,28544,0.1928,hold,,,0.0,,,0,0.0
2010-07-22,9844905,2777287,False,False,,82.629295,0,0.0,hold,,,0.0,,,0,0.0,0.221506,15269063,0.3435,hold,,,0.0,,,0,0.0,116.860001,15824,0.1878,hold,,,0.0,,,0,0.0,64.330048,28544,0.1865,hold,,,0.0,,,0,0.0
2010-07-23,9901280,2777287,False,False,,83.346405,0,0.0,hold,,,0.0,,,0,0.0,0.227272,15269063,0.3505,hold,,,0.0,,,0,0.0,116.089996,15824,0.1855,hold,,,0.0,,,0,0.0,63.647511,28544,0.1835,hold,,,0.0,,,0,0.0
2010-07-26,9965435,2777287,False,False,,84.214516,0,0.0,hold,,,0.0,,,0,0.0,0.232267,15269063,0.3559,hold,,,0.0,,,0,0.0,115.519997,15824,0.1834,hold,,,0.0,,,0,0.0,63.539124,28544,0.182,hold,,,0.0,,,0,0.0
2010-07-27,9915386,2777287,False,False,,84.206993,0,0.0,hold,,,0.0,,,0,0.0,0.232217,15269063,0.3576,hold,,,0.0,,,0,0.0,113.510002,15824,0.1812,hold,,,0.0,,,0,0.0,62.926727,28544,0.1812,hold,,,0.0,,,0,0.0
2010-07-28,9853002,2777287,False,False,,83.663452,0,0.0,hold,,,0.0,,,0,0.0,0.22747,15269063,0.3525,hold,,,0.0,,,0,0.0,113.779999,15824,0.1827,hold,,,0.0,,,0,0.0,63.130844,28544,0.1829,hold,,,0.0,,,0,0.0
2010-07-29,9777799,2777287,False,False,,83.255821,0,0.0,hold,,,0.0,,,0,0.0,0.222052,15269063,0.3468,hold,,,0.0,,,0,0.0,114.290001,15824,0.185,hold,,,0.0,,,0,0.0,63.111736,28544,0.1842,hold,,,0.0,,,0,0.0
2010-07-30,9847990,2777287,False,False,,83.24073,0,0.0,hold,,,0.0,,,0,0.0,0.223569,15269063,0.3466,hold,,,0.0,,,0,0.0,115.489998,15824,0.1856,hold,,,0.0,,,0,0.0,64.094025,28544,0.1858,hold,,,0.0,,,0,0.0
2010-08-02,10006754,2777287,True,False,,85.120384,0,0.0,hold,,,0.0,,,0,0.0,0.235597,15269063,0.3595,hold,REDUCE_TO_TARGET,rebalance 2010-08-02,-595319.0,,,0,0.0,115.540001,15824,0.1827,hold,INCREASE_TO_TARGET,rebalance 2010-08-02,173046.0,,,0,0.0,63.194263,28544,0.1803,hold,INCREASE_TO_TARGET,rebalance 2010-08-02,197534.0,,,0,0.0
2010-08-03,9989657,3002146,False,True,monthly,84.712738,0,0.0,hold,,,0.0,,,0,0.0,0.233162,12729789,0.2971,hold,,,0.0,REDUCE_TO_TARGET,sell,2539274,0.234445,115.989998,17312,0.201,hold,,,0.0,INCREASE_TO_TARGET,buy,1488,115.879997,63.559025,31646,0.2013,hold,,,0.0,INCREASE_TO_TARGET,buy,3102,63.48223
2010-08-04,10072627,3002146,False,False,,85.278923,0,0.0,hold,,,0.0,,,0,0.0,0.239896,12729789,0.3032,hold,,,0.0,,,0,0.0,116.720001,17312,0.2006,hold,,,0.0,,,0,0.0,63.072693,31646,0.1982,hold,,,0.0,,,0,0.0
2010-08-05,10068420,3002146,False,False,,85.188332,0,0.0,buy,ENTER_TO_TARGET,signal_buy+rebalance,3020526.0,,,0,0.0,0.23848,12729789,0.3015,hold,REDUCE_TO_TARGET,rebalance 2010-08-05,-15274.0,,,0,0.0,116.980003,17312,0.2011,hold,REDUCE_TO_TARGET,rebalance 2010-08-05,-11474.0,,,0,0.0,63.367115,31646,0.1992,hold,INCREASE_TO_TARGET,rebalance 2010-08-05,8368.0,,,0,0.0
2010-08-06,10098869,139,False,True,daily,84.84111,35701,0.2999,hold,,,0.0,ENTER_TO_TARGET,buy,35701,84.350436,0.237362,12663153,0.2976,hold,,,0.0,REDUCE_TO_TARGET,sell,66636,0.229216,117.839996,17215,0.2009,hold,,,0.0,REDUCE_TO_TARGET,sell,97,117.636028,64.058235,31775,0.2016,hold,,,0.0,INCREASE_TO_TARGET,buy,129,63.859855
2010-08-09,10152491,139,False,False,,85.294006,35701,0.2999,hold,,,0.0,,,0,0.0,0.241512,12663153,0.3012,hold,,,0.0,,,0,0.0,117.400002,17215,0.1991,hold,,,0.0,,,0,0.0,63.82143,31775,0.1997,hold,,,0.0,,,0,0.0
2010-08-10,10081167,139,False,False,,84.833527,35701,0.3004,hold,,,0.0,,,0,0.0,0.236392,12663153,0.2969,hold,,,0.0,,,0,0.0,117.730003,17215,0.201,hold,,,0.0,,,0,0.0,63.955822,31775,0.2016,hold,,,0.0,,,0,0.0
2010-08-11,9772294,139,False,False,,82.508492,35701,0.3014,hold,,,0.0,,,0,0.0,0.216934,12663153,0.2811,hold,,,0.0,,,0,0.0,117.339996,17215,0.2067,hold,,,0.0,,,0,0.0,64.813301,31775,0.2107,hold,,,0.0,,,0,0.0
2010-08-12,9696338,139,False,False,,82.002716,35701,0.3019,hold,,,0.0,,,0,0.0,0.210819,12663153,0.2753,hold,,,0.0,,,0,0.0,118.769997,17215,0.2109,hold,,,0.0,,,0,0.0,64.653366,31775,0.2119,hold,,,0.0,,,0,0.0
2010-08-13,9659634,139,False,False,,81.761147,35701,0.3022,hold,,,0.0,,,0,0.0,0.206619,12663153,0.2709,hold,,,0.0,,,0,0.0,118.739998,17215,0.2116,hold,,,0.0,,,0,0.0,65.459724,31775,0.2153,hold,,,0.0,,,0,0.0
2010-08-16,9742174,139,False,False,,81.723412,35701,0.2995,hold,,,0.0,,,0,0.0,0.207787,12663153,0.2701,hold,,,0.0,,,0,0.0,119.730003,17215,0.2116,hold,,,0.0,,,0,0.0,67.097923,31775,0.2188,hold,,,0.0,,,0,0.0
2010-08-17,9866252,139,False,False,,82.727417,35701,0.2993,hold,,,0.0,,,0,0.0,0.215691,12663153,0.2768,hold,,,0.0,,,0,0.0,119.75,17215,0.2089,hold,,,0.0,,,0,0.0,66.713989,31775,0.2149,hold,,,0.0,,,0,0.0
2010-08-18,9909968,139,False,False,,82.87838,35701,0.2986,hold,,,0.0,,,0,0.0,0.217629,12663153,0.2781,hold,,,0.0,,,0,0.0,120.220001,17215,0.2088,hold,,,0.0,,,0,0.0,66.893173,31775,0.2145,hold,,,0.0,,,0,0.0
2010-08-19,9793221,139,False,False,,81.436569,35701,0.2969,hold,,,0.0,,,0,0.0,0.209626,12663153,0.2711,hold,,,0.0,,,0,0.0,120.389999,17215,0.2116,hold,,,0.0,,,0,0.0,67.936249,31775,0.2204,hold,,,0.0,,,0,0.0
2010-08-20,9765000,139,False,False,,81.172348,35701,0.2968,hold,,,0.0,,,0,0.0,0.208906,12663153,0.2709,hold,,,0.0,,,0,0.0,119.970001,17215,0.2115,hold,,,0.0,,,0,0.0,67.859459,31775,0.2208,hold,,,0.0,,,0,0.0
2010-08-23,9678083,139,False,False,,80.862846,35701,0.2983,hold,,,0.0,,,0,0.0,0.203141,12663153,0.2658,hold,,,0.0,,,0,0.0,119.779999,17215,0.2131,hold,,,0.0,,,0,0.0,67.872253,31775,0.2228,hold,,,0.0,,,0,0.0
2010-08-24,9532185,139,False,False,,79.662598,35701,0.2984,hold,,,0.0,,,0,0.0,0.191485,12663153,0.2544,hold,,,0.0,,,0,0.0,120.360001,17215,0.2174,hold,,,0.0,,,0,0.0,68.960182,31775,0.2299,hold,,,0.0,,,0,0.0
2010-08-25,9626032,139,False,False,,79.972092,35701,0.2966,hold,,,0.0,,,0,0.0,0.197226,12663153,0.2595,hold,,,0.0,,,0,0.0,121.360001,17215,0.217,hold,,,0.0,,,0,0.0,68.736221,31775,0.2269,hold,,,0.0,,,0,0.0
2010-08-26,9539034,139,False,False,,79.436134,35701,0.2973,hold,,,0.0,,,0,0.0,0.190789,12663153,0.2533,hold,,,0.0,,,0,0.0,120.959999,17215,0.2183,hold,,,0.0,,,0,0.0,69.3825,31775,0.2311,hold,,,0.0,,,0,0.0
2010-08-27,9601330,139,False,False,,80.66658,35701,0.2999,hold,,,0.0,,,0,0.0,0.197101,12663153,0.26,hold,,,0.0,,,0,0.0,121.010002,17215,0.217,hold,,,0.0,,,0,0.0,67.417953,31775,0.2231,hold,,,0.0,,,0,0.0
2010-08-30,9518042,139,False,False,,79.496506,35701,0.2982,hold,,,0.0,,,0,0.0,0.190715,12663153,0.2537,hold,,,0.0,,,0,0.0,120.910004,17215,0.2187,hold,,,0.0,,,0,0.0,68.710587,31775,0.2294,hold,,,0.0,,,0,0.0
2010-08-31,9550414,139,False,False,,79.496506,35701,0.2972,hold,,,0.0,,,0,0.0,0.18977,12663153,0.2516,hold,,,0.0,,,0,0.0,122.080002,17215,0.2201,hold,,,0.0,,,0,0.0,69.472099,31775,0.2311,hold,,,0.0,,,0,0.0
2010-09-01,9784360,139,True,False,,81.874428,35701,0.2987,hold,INCREASE_TO_TARGET,rebalance 2010-09-01,12309.0,,,0,0.0,0.205675,12663153,0.2662,hold,INCREASE_TO_TARGET,rebalance 2010-09-01,330814.0,,,0,0.0,121.690002,17215,0.2141,hold,REDUCE_TO_TARGET,rebalance 2010-09-01,-138021.0,,,0,0.0,68.03569,31775,0.2209,hold,REDUCE_TO_TARGET,rebalance 2010-09-01,-204962.0,,,0,0.0
2010-09-02,9896436,82,False,True,monthly,82.636818,35849,0.2993,hold,,,0.0,INCREASE_TO_TARGET,buy,148,82.070657,0.212734,14256843,0.3065,hold,,,0.0,INCREASE_TO_TARGET,buy,1593690,0.206943,122.290001,16084,0.1987,hold,,,0.0,REDUCE_TO_TARGET,sell,1131,122.012857,67.316833,28731,0.1954,hold,,,0.0,REDUCE_TO_TARGET,sell,3044,67.319657
2010-09-03,10058447,82,False,False,,83.708748,35849,0.2983,hold,,,0.0,,,0,0.0,0.223569,14256843,0.3169,hold,,,0.0,,,0,0.0,121.860001,16084,0.1949,hold,,,0.0,,,0,0.0,66.482422,28731,0.1899,hold,,,0.0,,,0,0.0
2010-09-07,9999624,82,False,False,,82.765137,35849,0.2967,hold,,,0.0,,,0,0.0,0.218126,14256843,0.311,hold,,,0.0,,,0,0.0,122.699997,16084,0.1974,hold,,,0.0,,,0,0.0,67.843109,28731,0.1949,hold,,,0.0,,,0,0.0
2010-09-08,10114982,82,False,False,,83.346405,35849,0.2954,hold,,,0.0,,,0,0.0,0.225831,14256843,0.3183,hold,,,0.0,,,0,0.0,122.709999,16084,0.1951,hold,,,0.0,,,0,0.0,67.303986,28731,0.1912,hold,,,0.0,,,0,0.0
2010-09-09,10112846,82,False,False,,83.731392,35849,0.2968,hold,,,0.0,,,0,0.0,0.228688,14256843,0.3224,hold,,,0.0,,,0,0.0,121.559998,16084,0.1933,hold,,,0.0,,,0,0.0,65.975342,28731,0.1874,hold,,,0.0,,,0,0.0
2010-09-10,10157154,82,False,False,,84.15416,35849,0.297,hold,,,0.0,,,0,0.0,0.231149,14256843,0.3244,hold,,,0.0,,,0,0.0,121.730003,16084,0.1928,hold,,,0.0,,,0,0.0,65.673653,28731,0.1858,hold,,,0.0,,,0,0.0
2010-09-13,10343424,82,False,False,,85.090157,35849,0.2949,hold,,,0.0,,,0,0.0,0.241338,14256843,0.3326,hold,,,0.0,,,0,0.0,121.620003,16084,0.1891,hold,,,0.0,,,0,0.0,65.994614,28731,0.1833,hold,,,0.0,,,0,0.0
2010-09-14,10441971,82,False,False,,85.037331,35849,0.2919,hold,,,0.0,,,0,0.0,0.244395,14256843,0.3337,hold,,,0.0,,,0,0.0,124.019997,16084,0.191,hold,,,0.0,,,0,0.0,66.630043,28731,0.1833,hold,,,0.0,,,0,0.0
2010-09-15,10483088,82,False,False,,85.361938,35849,0.2919,hold,,,0.0,,,0,0.0,0.248545,14256843,0.338,hold,,,0.0,,,0,0.0,123.940002,16084,0.1902,hold,,,0.0,,,0,0.0,65.641594,28731,0.1799,hold,,,0.0,,,0,0.0
2010-09-16,10524721,82,False,False,,85.339317,35849,0.2907,hold,,,0.0,,,0,0.0,0.25205,14256843,0.3414,hold,,,0.0,,,0,0.0,124.629997,16084,0.1905,hold,,,0.0,,,0,0.0,64.993355,28731,0.1774,hold,,,0.0,,,0,0.0
2010-09-17,10570226,82,False,False,,85.371155,35849,0.2895,hold,,,0.0,,,0,0.0,0.254733,14256843,0.3436,hold,,,0.0,,,0,0.0,124.540001,16084,0.1895,hold,,,0.0,,,0,0.0,65.25647,28731,0.1774,hold,,,0.0,,,0,0.0
2010-09-20,10822413,82,False,False,,86.676529,35849,0.2871,hold,,,0.0,,,0,0.0,0.268004,14256843,0.3531,hold,,,0.0,,,0,0.0,124.870003,16084,0.1856,hold,,,0.0,,,0,0.0,65.635193,28731,0.1742,hold,,,0.0,,,0,0.0
2010-09-21,10848628,82,False,False,,86.501953,35849,0.2858,hold,,,0.0,,,0,0.0,0.267159,14256843,0.3511,hold,,,0.0,,,0,0.0,126.010002,16084,0.1868,hold,,,0.0,,,0,0.0,66.54657,28731,0.1762,hold,,,0.0,,,0,0.0
2010-09-22,10835537,82,False,False,,86.076988,35849,0.2848,hold,,,0.0,,,0,0.0,0.265892,14256843,0.3498,hold,,,0.0,,,0,0.0,126.199997,16084,0.1873,hold,,,0.0,,,0,0.0,67.143509,28731,0.178,hold,,,0.0,,,0,0.0
2010-09-23,10806298,82,False,False,,85.378761,35849,0.2832,hold,,,0.0,,,0,0.0,0.265096,14256843,0.3497,hold,,,0.0,,,0,0.0,126.300003,16084,0.188,hold,,,0.0,,,0,0.0,67.336029,28731,0.179,hold,,,0.0,,,0,0.0
2010-09-24,11063700,82,False,False,,87.139481,35849,0.2824,hold,INCREASE_TO_TARGET,rebalance 2010-09-24,195247.0,,,0,0.0,0.280107,14256843,0.3609,hold,REDUCE_TO_TARGET,rebalance 2010-09-24,-674331.0,,,0,0.0,126.690002,16084,0.1842,hold,INCREASE_TO_TARGET,rebalance 2010-09-24,175058.0,,,0,0.0,66.431091,28731,0.1725,hold,INCREASE_TO_TARGET,rebalance 2010-09-24,304108.0,,,0,0.0
2010-09-27,11044456,69,False,True,daily,86.722054,38082,0.299,hold,,,0.0,INCREASE_TO_TARGET,buy,2233,87.169821,0.276901,11853288,0.2972,hold,,,0.0,REDUCE_TO_TARGET,sell,2403555,0.280556,126.720001,17459,0.2003,hold,,,0.0,INCREASE_TO_TARGET,buy,1375,126.900002,67.586334,33250,0.2035,hold,,,0.0,INCREASE_TO_TARGET,buy,4519,67.09211
2010-09-28,11099362,69,False,False,,87.025658,38082,0.2986,hold,,,0.0,,,0,0.0,0.277597,11853288,0.2965,hold,,,0.0,,,0,0.0,127.849998,17459,0.2011,hold,,,0.0,,,0,0.0,68.048462,33250,0.2039,hold,,,0.0,,,0,0.0
2010-09-29,11059435,69,False,False,,86.873856,38082,0.2991,hold,,,0.0,,,0,0.0,0.275361,11853288,0.2951,hold,,,0.0,,,0,0.0,127.949997,17459,0.202,hold,,,0.0,,,0,0.0,67.766136,33250,0.2037,hold,,,0.0,,,0,0.0
2010-09-30,11003214,69,False,False,,86.615776,38082,0.2998,hold,,,0.0,,,0,0.0,0.271632,11853288,0.2926,hold,,,0.0,,,0,0.0,127.910004,17459,0.203,hold,,,0.0,,,0,0.0,67.721207,33250,0.2046,hold,,,0.0,,,0,0.0
2010-10-01,11013659,69,True,False,,86.980072,38082,0.3008,hold,,,0.0,,,0,0.0,0.270788,11853288,0.2914,hold,,,0.0,,,0,0.0,128.910004,17459,0.2043,hold,,,0.0,,,0,0.0,67.393883,33250,0.2035,hold,,,0.0,,,0,0.0
2010-10-04,10875370,69,False,False,,86.327385,38082,0.3023,hold,,,0.0,,,0,0.0,0.261393,11853288,0.2849,hold,,,0.0,,,0,0.0,128.460007,17459,0.2062,hold,,,0.0,,,0,0.0,67.567863,33250,0.2066,hold,,,0.0,,,0,0.0
2010-10-05,11202896,69,False,False,,88.065376,38082,0.2994,hold,,,0.0,,,0,0.0,0.280853,11853288,0.2972,hold,,,0.0,,,0,0.0,130.990005,17459,0.2041,hold,,,0.0,,,0,0.0,67.161972,33250,0.1993,hold,,,0.0,,,0,0.0
2010-10-06,11160137,69,False,False,,88.057747,38082,0.3005,hold,,,0.0,,,0,0.0,0.273695,11853288,0.2907,hold,,,0.0,,,0,0.0,131.809998,17459,0.2062,hold,,,0.0,,,0,0.0,68.005905,33250,0.2026,hold,,,0.0,,,0,0.0
2010-10-07,11143915,69,False,False,,87.951508,38082,0.3006,hold,,,0.0,,,0,0.0,0.276379,11853288,0.294,hold,,,0.0,,,0,0.0,130.369995,17459,0.2042,hold,,,0.0,,,0,0.0,67.439018,33250,0.2012,hold,,,0.0,,,0,0.0
2010-10-08,11241357,69,False,False,,88.444832,38082,0.2996,hold,,,0.0,,,0,0.0,0.281946,11853288,0.2973,hold,,,0.0,,,0,0.0,131.660004,17459,0.2045,hold,,,0.0,,,0,0.0,67.142632,33250,0.1986,hold,,,0.0,,,0,0.0
2010-10-11,11262743,69,False,False,,88.528297,38082,0.2993,hold,,,0.0,,,0,0.0,0.282518,11853288,0.2973,hold,,,0.0,,,0,0.0,132.289993,17459,0.2051,hold,,,0.0,,,0,0.0,67.155533,33250,0.1983,hold,,,0.0,,,0,0.0
2010-10-12,11314843,69,False,False,,88.801498,38082,0.2989,hold,,,0.0,,,0,0.0,0.288383,11853288,0.3021,hold,,,0.0,,,0,0.0,131.960007,17459,0.2036,hold,,,0.0,,,0,0.0,66.492004,33250,0.1954,hold,,,0.0,,,0,0.0
2010-10-13,11457621,69,False,False,,89.492111,38082,0.2974,hold,,,0.0,,,0,0.0,0.295391,11853288,0.3056,hold,,,0.0,,,0,0.0,134.070007,17459,0.2043,hold,,,0.0,,,0,0.0,66.388885,33250,0.1927,hold,,,0.0,,,0,0.0
2010-10-14,11403771,69,False,False,,89.143036,38082,0.2977,hold,,,0.0,,,0,0.0,0.293751,11853288,0.3053,hold,,,0.0,,,0,0.0,134.75,17459,0.2063,hold,,,0.0,,,0,0.0,65.396736,33250,0.1907,hold,,,0.0,,,0,0.0
2010-10-15,11587571,69,False,False,,89.325142,38082,0.2936,hold,,,0.0,,,0,0.0,0.312489,11853288,0.3197,hold,,,0.0,,,0,0.0,133.679993,17459,0.2014,hold,,,0.0,,,0,0.0,64.597908,33250,0.1854,hold,,,0.0,,,0,0.0
2010-10-18,11632160,69,False,False,,89.765327,38082,0.2939,hold,,,0.0,,,0,0.0,0.312489,11853288,0.3184,hold,,,0.0,,,0,0.0,134.279999,17459,0.2015,hold,,,0.0,,,0,0.0,65.11972,33250,0.1861,hold,,,0.0,,,0,0.0
2010-10-19,11380336,69,False,False,,88.588997,38082,0.2964,hold,,,0.0,,,0,0.0,0.300063,11853288,0.3125,hold,,,0.0,,,0,0.0,130.110001,17459,0.1996,hold,,,0.0,,,0,0.0,65.512703,33250,0.1914,hold,,,0.0,,,0,0.0
2010-10-20,11513076,69,False,False,,89.454193,38082,0.2959,hold,,,0.0,,,0,0.0,0.306302,11853288,0.3154,hold,,,0.0,,,0,0.0,131.320007,17459,0.1991,hold,,,0.0,,,0,0.0,65.654449,33250,0.1896,hold,,,0.0,,,0,0.0
2010-10-21,11487689,69,False,False,,89.651489,38082,0.2972,hold,,,0.0,,,0,0.0,0.308438,11853288,0.3183,hold,,,0.0,,,0,0.0,129.470001,17459,0.1968,hold,,,0.0,,,0,0.0,64.874924,33250,0.1878,hold,,,0.0,,,0,0.0
2010-10-22,11584439,69,False,False,,89.818459,38082,0.2953,hold,,,0.0,,,0,0.0,0.314452,11853288,0.3217,hold,,,0.0,,,0,0.0,129.729996,17459,0.1955,hold,,,0.0,,,0,0.0,65.312988,33250,0.1875,hold,,,0.0,,,0,0.0
2010-10-25,11676884,69,False,False,,90.084076,38082,0.2938,hold,,,0.0,,,0,0.0,0.319224,11853288,0.324,hold,,,0.0,,,0,0.0,130.850006,17459,0.1956,hold,,,0.0,,,0,0.0,65.499832,33250,0.1865,hold,,,0.0,,,0,0.0
2010-10-26,11667031,69,False,False,,90.099258,38082,0.2941,hold,,,0.0,,,0,0.0,0.321137,11853288,0.3263,hold,,,0.0,,,0,0.0,130.880005,17459,0.1959,hold,,,0.0,,,0,0.0,64.48838,33250,0.1838,hold,,,0.0,,,0,0.0
2010-10-27,11653797,69,False,False,,89.841225,38082,0.2936,hold,,,0.0,,,0,0.0,0.324443,11853288,0.33,hold,,,0.0,,,0,0.0,129.520004,17459,0.194,hold,,,0.0,,,0,0.0,63.921444,33250,0.1824,hold,,,0.0,,,0,0.0
2010-10-28,11712284,69,False,False,,89.856407,38082,0.2922,hold,,,0.0,,,0,0.0,0.326307,11853288,0.3302,hold,,,0.0,,,0,0.0,131.240005,17459,0.1956,hold,,,0.0,,,0,0.0,64.095428,33250,0.182,hold,,,0.0,,,0,0.0
2010-10-29,11740338,69,False,False,,89.924721,38082,0.2917,hold,,,0.0,,,0,0.0,0.324741,11853288,0.3279,hold,,,0.0,,,0,0.0,132.619995,17459,0.1972,hold,,,0.0,,,0,0.0,64.694565,33250,0.1832,hold,,,0.0,,,0,0.0
2010-11-01,11728852,69,True,False,,89.955078,38082,0.2921,hold,,,0.0,,,0,0.0,0.325487,11853288,0.3289,hold,,,0.0,,,0,0.0,131.919998,17459,0.1964,hold,,,0.0,,,0,0.0,64.415985,33250,0.1826,hold,,,0.0,,,0,0.0
2010-11-02,11911066,69,False,False,,90.668472,38082,0.2899,hold,,,0.0,,,0,0.0,0.335353,11853288,0.3337,hold,,,0.0,,,0,0.0,132.490005,17459,0.1942,hold,,,0.0,,,0,0.0,65.262589,33250,0.1822,hold,,,0.0,,,0,0.0
2010-11-03,11922051,69,False,False,,91.032753,38082,0.2908,hold,,,0.0,,,0,0.0,0.340199,11853288,0.3382,hold,,,0.0,,,0,0.0,131.570007,17459,0.1927,hold,,,0.0,,,0,0.0,63.931274,33250,0.1783,hold,,,0.0,,,0,0.0
2010-11-04,12226106,69,False,False,,92.785866,38082,0.289,hold,,,0.0,,,0,0.0,0.352253,11853288,0.3415,hold,,,0.0,,,0,0.0,136.029999,17459,0.1943,hold,,,0.0,,,0,0.0,64.428917,33250,0.1752,hold,,,0.0,,,0,0.0
2010-11-05,12213766,69,False,False,,93.134933,38082,0.2904,hold,,,0.0,,,0,0.0,0.352675,11853288,0.3423,hold,,,0.0,,,0,0.0,136.380005,17459,0.1949,hold,,,0.0,,,0,0.0,63.323765,33250,0.1724,hold,,,0.0,,,0,0.0
2010-11-08,12251623,69,False,False,,92.960403,38082,0.289,hold,,,0.0,,,0,0.0,0.35357,11853288,0.3421,hold,,,0.0,,,0,0.0,137.779999,17459,0.1963,hold,,,0.0,,,0,0.0,63.608063,33250,0.1726,hold,,,0.0,,,0,0.0
2010-11-09,12073561,69,False,False,,92.292549,38082,0.2911,hold,,,0.0,,,0,0.0,0.347853,11853288,0.3415,hold,,,0.0,,,0,0.0,135.589996,17459,0.1961,hold,,,0.0,,,0,0.0,62.205688,33250,0.1713,hold,,,0.0,,,0,0.0
2010-11-10,12182367,69,False,False,,92.66436,38082,0.2897,hold,,,0.0,,,0,0.0,0.353172,11853288,0.3436,hold,,,0.0,,,0,0.0,137.240005,17459,0.1967,hold,,,0.0,,,0,0.0,62.289661,33250,0.17,hold,,,0.0,,,0,0.0
2010-11-11,12104924,69,False,False,,92.315308,38082,0.2904,hold,,,0.0,,,0,0.0,0.347232,11853288,0.34,hold,,,0.0,,,0,0.0,137.660004,17459,0.1985,hold,,,0.0,,,0,0.0,62.257343,33250,0.171,hold,,,0.0,,,0,0.0
2010-11-12,11773385,69,False,False,,91.222443,38082,0.2951,hold,,,0.0,,,0,0.0,0.329563,11853288,0.3318,hold,,,0.0,,,0,0.0,133.690002,17459,0.1983,hold,,,0.0,,,0,0.0,61.921333,33250,0.1749,hold,,,0.0,,,0,0.0
2010-11-15,11661488,69,False,False,,91.09343,38082,0.2975,hold,,,0.0,,,0,0.0,0.326034,11853288,0.3314,hold,,,0.0,,,0,0.0,132.419998,17459,0.1983,hold,,,0.0,,,0,0.0,60.628677,33250,0.1729,hold,,,0.0,,,0,0.0
2010-11-16,11440425,69,False,False,,89.674271,38082,0.2985,hold,,,0.0,,,0,0.0,0.309855,11853288,0.321,hold,,,0.0,,,0,0.0,130.970001,17459,0.1999,hold,,,0.0,,,0,0.0,62.134586,33250,0.1806,hold,,,0.0,,,0,0.0
2010-11-17,11455222,69,False,False,,89.71981,38082,0.2983,hold,,,0.0,,,0,0.0,0.312787,11853288,0.3237,hold,,,0.0,,,0,0.0,130.380005,17459,0.1987,hold,,,0.0,,,0,0.0,61.792007,33250,0.1794,hold,,,0.0,,,0,0.0
2010-11-18,11716081,69,False,False,,91.040337,38082,0.2959,hold,,,0.0,,,0,0.0,0.327326,11853288,0.3312,hold,,,0.0,,,0,0.0,132.089996,17459,0.1968,hold,,,0.0,,,0,0.0,62.044075,33250,0.1761,hold,,,0.0,,,0,0.0
2010-11-19,11749347,69,False,False,,91.290794,38082,0.2959,hold,,,0.0,,,0,0.0,0.328096,11853288,0.331,hold,,,0.0,,,0,0.0,132.199997,17459,0.1964,hold,,,0.0,,,0,0.0,62.425453,33250,0.1767,hold,,,0.0,,,0,0.0
2010-11-22,11880131,69,False,False,,91.214859,38082,0.2924,hold,,,0.0,,,0,0.0,0.336745,11853288,0.336,hold,,,0.0,,,0,0.0,133.479996,17459,0.1962,hold,,,0.0,,,0,0.0,62.690388,33250,0.1755,hold,,,0.0,,,0,0.0
2010-11-23,11667871,69,False,False,,89.894371,38082,0.2934,hold,,,0.0,,,0,0.0,0.32084,11853288,0.3259,hold,,,0.0,,,0,0.0,134.410004,17459,0.2011,hold,,,0.0,,,0,0.0,63.000629,33250,0.1795,hold,,,0.0,,,0,0.0
2010-11-24,11899144,69,False,False,,91.222443,38082,0.2919,hold,,,0.0,,,0,0.0,0.339578,11853288,0.3383,hold,,,0.0,,,0,0.0,134.179993,17459,0.1969,hold,,,0.0,,,0,0.0,61.876019,33250,0.1729,hold,,,0.0,,,0,0.0
2010-11-26,11843254,69,False,False,,90.159988,38082,0.2899,hold,,,0.0,,,0,0.0,0.337441,11853288,0.3377,hold,,,0.0,,,0,0.0,133.110001,17459,0.1962,hold,,,0.0,,,0,0.0,62.735622,33250,0.1761,hold,,,0.0,,,0,0.0
2010-11-29,11822803,69,False,False,,90.433174,38082,0.2913,hold,,,0.0,,,0,0.0,0.332744,11853288,0.3336,hold,,,0.0,,,0,0.0,133.509995,17459,0.1972,hold,,,0.0,,,0,0.0,63.272064,33250,0.1779,hold,,,0.0,,,0,0.0
2010-11-30,11697801,69,False,False,,89.924721,38082,0.2927,hold,,,0.0,,,0,0.0,0.320094,11853288,0.3243,hold,,,0.0,,,0,0.0,135.419998,17459,0.2021,hold,,,0.0,,,0,0.0,63.601639,33250,0.1808,hold,,,0.0,,,0,0.0
2010-12-01,11964187,69,True,False,,91.837204,38082,0.2923,hold,INCREASE_TO_TARGET,rebalance 2010-12-01,91912.0,,,0,0.0,0.340448,11853288,0.3373,hold,REDUCE_TO_TARGET,rebalance 2010-12-01,-446172.0,,,0,0.0,135.380005,17459,0.1976,hold,INCREASE_TO_TARGET,rebalance 2010-12-01,29238.0,,,0,0.0,62.18784,33250,0.1728,hold,INCREASE_TO_TARGET,rebalance 2010-12-01,325092.0,,,0,0.0
2010-12-02,12108623,160,False,True,monthly,93.013512,39078,0.3002,hold,,,0.0,INCREASE_TO_TARGET,buy,996,91.981377,0.350786,10544624,0.3055,hold,,,0.0,REDUCE_TO_TARGET,sell,1308664,0.340937,135.199997,17673,0.1973,hold,,,0.0,INCREASE_TO_TARGET,buy,214,135.619995,62.025703,38458,0.197,hold,,,0.0,INCREASE_TO_TARGET,buy,5208,62.233234
2010-12-03,12181354,160,False,False,,93.263947,39078,0.2992,hold,,,0.0,,,0,0.0,0.353719,10544624,0.3062,hold,,,0.0,,,0,0.0,138.070007,17673,0.2003,hold,,,0.0,,,0,0.0,61.539345,38458,0.1943,hold,,,0.0,,,0,0.0
2010-12-06,12222740,160,False,False,,93.165314,39078,0.2979,hold,,,0.0,,,0,0.0,0.353097,10544624,0.3046,hold,,,0.0,,,0,0.0,139.110001,17673,0.2011,hold,,,0.0,,,0,0.0,62.408325,38458,0.1964,hold,,,0.0,,,0,0.0
2010-12-07,12130730,160,False,False,,93.21846,39078,0.3003,hold,,,0.0,,,0,0.0,0.353421,10544624,0.3072,hold,,,0.0,,,0,0.0,136.5,17673,0.1989,hold,,,0.0,,,0,0.0,61.072426,38458,0.1936,hold,,,0.0,,,0,0.0
2010-12-08,12142783,160,False,False,,93.559944,39078,0.3011,hold,,,0.0,,,0,0.0,0.358317,10544624,0.3112,hold,,,0.0,,,0,0.0,134.789993,17673,0.1962,hold,,,0.0,,,0,0.0,60.482224,38458,0.1916,hold,,,0.0,,,0,0.0
2010-12-09,12182665,160,False,False,,93.924248,39078,0.3013,hold,,,0.0,,,0,0.0,0.358689,10544624,0.3105,hold,,,0.0,,,0,0.0,135.369995,17673,0.1964,hold,,,0.0,,,0,0.0,60.780548,38458,0.1919,hold,,,0.0,,,0,0.0
2010-12-10,12269908,160,False,False,,94.470665,39078,0.3009,hold,,,0.0,,,0,0.0,0.366219,10544624,0.3147,hold,,,0.0,,,0,0.0,135.410004,17673,0.195,hold,,,0.0,,,0,0.0,60.410858,38458,0.1893,hold,,,0.0,,,0,0.0
2010-12-13,12246990,160,False,False,,94.531334,39078,0.3016,hold,,,0.0,,,0,0.0,0.36192,10544624,0.3116,hold,,,0.0,,,0,0.0,136.050003,17673,0.1963,hold,,,0.0,,,0,0.0,60.63789,38458,0.1904,hold,,,0.0,,,0,0.0
2010-12-14,12234614,160,False,False,,94.614845,39078,0.3022,hold,,,0.0,,,0,0.0,0.363436,10544624,0.3132,hold,,,0.0,,,0,0.0,136.179993,17673,0.1967,hold,,,0.0,,,0,0.0,59.755825,38458,0.1878,hold,,,0.0,,,0,0.0
2010-12-15,12122579,160,False,False,,94.182274,39078,0.3036,hold,,,0.0,,,0,0.0,0.359733,10544624,0.3129,hold,,,0.0,,,0,0.0,134.699997,17673,0.1964,hold,,,0.0,,,0,0.0,58.977642,38458,0.1871,hold,,,0.0,,,0,0.0
2010-12-16,12223063,160,False,False,,94.728668,39078,0.3029,hold,,,0.0,,,0,0.0,0.367239,10544624,0.3168,hold,,,0.0,,,0,0.0,133.809998,17673,0.1935,hold,,,0.0,,,0,0.0,59.3862,38458,0.1868,hold,,,0.0,,,0,0.0
2010-12-17,12287364,160,False,False,,94.830185,39078,0.3016,hold,,,0.0,,,0,0.0,0.368357,10544624,0.3161,hold,,,0.0,,,0,0.0,134.199997,17673,0.193,hold,,,0.0,,,0,0.0,60.469276,38458,0.1893,hold,,,0.0,,,0,0.0
2010-12-20,12320362,160,False,False,,95.058998,39078,0.3015,hold,,,0.0,,,0,0.0,0.36935,10544624,0.3161,hold,,,0.0,,,0,0.0,135.110001,17673,0.1938,hold,,,0.0,,,0,0.0,60.404362,38458,0.1886,hold,,,0.0,,,0,0.0
2010-12-21,12428047,160,False,False,,95.661713,39078,0.3008,hold,,,0.0,,,0,0.0,0.375439,10544624,0.3185,hold,,,0.0,,,0,0.0,135.320007,17673,0.1924,hold,,,0.0,,,0,0.0,60.825958,38458,0.1882,hold,,,0.0,,,0,0.0
2010-12-22,12422388,160,False,False,,95.95929,39078,0.3019,hold,,,0.0,,,0,0.0,0.375837,10544624,0.319,hold,,,0.0,,,0,0.0,135.050003,17673,0.1921,hold,,,0.0,,,0,0.0,60.391396,38458,0.187,hold,,,0.0,,,0,0.0
2010-12-23,12375254,160,False,False,,95.82196,39078,0.3026,hold,,,0.0,,,0,0.0,0.372979,10544624,0.3178,hold,,,0.0,,,0,0.0,134.660004,17673,0.1923,hold,,,0.0,,,0,0.0,60.268192,38458,0.1873,hold,,,0.0,,,0,0.0
2010-12-27,12405391,160,False,False,,95.8601,39078,0.302,hold,,,0.0,,,0,0.0,0.373129,10544624,0.3172,hold,,,0.0,,,0,0.0,135.020004,17673,0.1924,hold,,,0.0,,,0,0.0,60.806503,38458,0.1885,hold,,,0.0,,,0,0.0
2010-12-28,12386797,160,False,False,,95.997429,39078,0.3029,hold,,,0.0,,,0,0.0,0.371513,10544624,0.3163,hold,,,0.0,,,0,0.0,137.220001,17673,0.1958,hold,,,0.0,,,0,0.0,59.615578,38458,0.1851,hold,,,0.0,,,0,0.0
2010-12-29,12460257,160,False,False,,96.066071,39078,0.3013,hold,,,0.0,,,0,0.0,0.373725,10544624,0.3163,hold,,,0.0,,,0,0.0,137.710007,17673,0.1953,hold,,,0.0,,,0,0.0,60.624271,38458,0.1871,hold,,,0.0,,,0,0.0
2010-12-30,12410904,160,False,False,,95.913483,39078,0.302,hold,,,0.0,,,0,0.0,0.370916,10544624,0.3151,hold,,,0.0,,,0,0.0,137.029999,17673,0.1951,hold,,,0.0,,,0,0.0,60.578705,38458,0.1877,hold,,,0.0,,,0,0.0
2010-12-31,12431540,160,False,False,,95.936394,39078,0.3016,hold,,,0.0,,,0,0.0,0.367511,10544624,0.3117,hold,,,0.0,,,0,0.0,138.720001,17673,0.1972,hold,,,0.0,,,0,0.0,61.248985,38458,0.1895,hold,,,0.0,,,0,0.0
2011-01-03,12614863,160,True,False,,96.928162,39078,0.3003,hold,,,0.0,,,0,0.0,0.384113,10544624,0.3211,hold,,,0.0,,,0,0.0,138.0,17673,0.1933,hold,,,0.0,,,0,0.0,60.786919,38458,0.1853,hold,,,0.0,,,0,0.0
2011-01-04,12551798,160,False,False,,96.874786,39078,0.3016,hold,,,0.0,,,0,0.0,0.383516,10544624,0.3222,hold,,,0.0,,,0,0.0,134.75,17673,0.1897,hold,,,0.0,,,0,0.0,60.858498,38458,0.1865,hold,,,0.0,,,0,0.0
2011-01-05,12613577,160,False,False,,97.378258,39078,0.3017,hold,,,0.0,,,0,0.0,0.393035,10544624,0.3286,hold,,,0.0,,,0,0.0,134.369995,17673,0.1883,hold,,,0.0,,,0,0.0,59.517971,38458,0.1815,hold,,,0.0,,,0,0.0
2011-01-06,12644070,160,False,False,,97.187584,39078,0.3004,hold,,,0.0,,,0,0.0,0.396589,10544624,0.3307,hold,,,0.0,,,0,0.0,133.830002,17673,0.1871,hold,,,0.0,,,0,0.0,59.778294,38458,0.1818,hold,,,0.0,,,0,0.0
2011-01-07,12634761,160,False,False,,96.996864,39078,0.3,hold,,,0.0,,,0,0.0,0.395669,10544624,0.3302,hold,,,0.0,,,0,0.0,133.580002,17673,0.1868,hold,,,0.0,,,0,0.0,60.097176,38458,0.1829,hold,,,0.0,,,0,0.0
2011-01-10,12698959,160,False,False,,96.874786,39078,0.2981,hold,,,0.0,,,0,0.0,0.400118,10544624,0.3322,hold,,,0.0,,,0,0.0,134.119995,17673,0.1867,hold,,,0.0,,,0,0.0,60.422523,38458,0.183,hold,,,0.0,,,0,0.0
2011-01-11,12732712,160,False,False,,97.218056,39078,0.2984,hold,,,0.0,,,0,0.0,0.401957,10544624,0.3329,hold,,,0.0,,,0,0.0,134.910004,17673,0.1873,hold,,,0.0,,,0,0.0,60.08411,38458,0.1815,hold,,,0.0,,,0,0.0
2011-01-12,12844648,160,False,False,,98.095406,39078,0.2984,hold,,,0.0,,,0,0.0,0.410108,10544624,0.3367,hold,,,0.0,,,0,0.0,135.460007,17673,0.1864,hold,,,0.0,,,0,0.0,59.615578,38458,0.1785,hold,,,0.0,,,0,0.0
2011-01-13,12847624,160,False,False,,97.935196,39078,0.2979,hold,,,0.0,,,0,0.0,0.411401,10544624,0.3377,hold,,,0.0,,,0,0.0,134.050003,17673,0.1844,hold,,,0.0,,,0,0.0,60.149193,38458,0.1801,hold,,,0.0,,,0,0.0
2011-01-14,12930619,160,False,False,,98.644714,39078,0.2981,hold,,,0.0,,,0,0.0,0.420322,10544624,0.3428,hold,,,0.0,,,0,0.0,132.690002,17673,0.1814,hold,,,0.0,,,0,0.0,59.765263,38458,0.1778,hold,,,0.0,,,0,0.0
2011-01-18,12974871,160,False,False,,98.812553,39078,0.2976,hold,,,0.0,,,0,0.0,0.423677,10544624,0.3443,hold,,,0.0,,,0,0.0,133.429993,17673,0.1817,hold,,,0.0,,,0,0.0,59.485447,38458,0.1763,hold,,,0.0,,,0,0.0
2011-01-19,12809025,160,False,False,,97.843674,39078,0.2985,hold,,,0.0,,,0,0.0,0.409487,10544624,0.3371,hold,,,0.0,,,0,0.0,133.720001,17673,0.1845,hold,,,0.0,,,0,0.0,59.914967,38458,0.1799,hold,,,0.0,,,0,0.0
2011-01-20,12630669,160,False,False,,97.713997,39078,0.3023,hold,,,0.0,,,0,0.0,0.400291,10544624,0.3342,hold,,,0.0,,,0,0.0,131.199997,17673,0.1836,hold,,,0.0,,,0,0.0,59.088497,38458,0.1799,hold,,,0.0,,,0,0.0
2011-01-21,12557896,160,False,False,,97.935196,39078,0.3048,hold,,,0.0,,,0,0.0,0.391146,10544624,0.3284,hold,,,0.0,,,0,0.0,131.029999,17673,0.1844,hold,,,0.0,,,0,0.0,59.557018,38458,0.1824,hold,,,0.0,,,0,0.0
2011-01-24,12739158,160,False,False,,98.492134,39078,0.3021,hold,,,0.0,,,0,0.0,0.4073,10544624,0.3371,hold,,,0.0,,,0,0.0,130.360001,17673,0.1808,hold,,,0.0,,,0,0.0,59.583042,38458,0.1799,hold,,,0.0,,,0,0.0
2011-01-25,12773354,160,False,False,,98.545525,39078,0.3015,hold,,,0.0,,,0,0.0,0.408716,10544624,0.3374,hold,,,0.0,,,0,0.0,130.100006,17673,0.18,hold,,,0.0,,,0,0.0,60.149193,38458,0.1811,hold,,,0.0,,,0,0.0
2011-01-26,12838789,160,False,False,,98.927017,39078,0.3011,hold,,,0.0,,,0,0.0,0.415054,10544624,0.3409,hold,,,0.0,,,0,0.0,131.160004,17673,0.1805,hold,,,0.0,,,0,0.0,59.238117,38458,0.1774,hold,,,0.0,,,0,0.0
2011-01-27,12885886,160,False,False,,99.17115,39078,0.3007,hold,,,0.0,,,0,0.0,0.423056,10544624,0.3462,hold,,,0.0,,,0,0.0,127.93,17673,0.1755,hold,,,0.0,,,0,0.0,59.504967,38458,0.1776,hold,,,0.0,,,0,0.0
2011-01-28,12535274,160,False,False,,97.439308,39078,0.3038,hold,,,0.0,,,0,0.0,0.391146,10544624,0.329,hold,,,0.0,,,0,0.0,130.279999,17673,0.1837,hold,,,0.0,,,0,0.0,59.817333,38458,0.1835,hold,,,0.0,,,0,0.0
2011-01-31,12600194,160,False,False,,98.171692,39078,0.3045,hold,,,0.0,,,0,0.0,0.396937,10544624,0.3322,hold,,,0.0,,,0,0.0,129.869995,17673,0.1822,hold,,,0.0,,,0,0.0,59.361824,38458,0.1812,hold,,,0.0,,,0,0.0
2011-02-01,12899179,160,True,False,,99.743332,39078,0.3022,hold,REDUCE_TO_TARGET,rebalance 2011-02-01,-28016.0,,,0,0.0,0.41898,10544624,0.3425,hold,REDUCE_TO_TARGET,rebalance 2011-02-01,-548233.0,,,0,0.0,130.800003,17673,0.1792,hold,INCREASE_TO_TARGET,rebalance 2011-02-01,268207.0,,,0,0.0,59.067917,38458,0.1761,hold,INCREASE_TO_TARGET,rebalance 2011-02-01,308202.0,,,0,0.0
2011-02-02,12860935,183,False,True,monthly,99.552597,38796,0.3003,hold,,,0.0,REDUCE_TO_TARGET,sell,282,99.185474,0.417091,9225231,0.2992,hold,,,0.0,REDUCE_TO_TARGET,sell,1319393,0.415519,130.449997,19723,0.2001,hold,,,0.0,INCREASE_TO_TARGET,buy,2050,130.369995,59.081028,43633,0.2004,hold,,,0.0,INCREASE_TO_TARGET,buy,5175,59.361838
2011-02-03,12897569,183,False,False,,99.773827,38796,0.3001,hold,,,0.0,,,0,0.0,0.418707,9225231,0.2995,hold,,,0.0,,,0,0.0,132.199997,19723,0.2022,hold,,,0.0,,,0,0.0,58.591221,43633,0.1982,hold,,,0.0,,,0,0.0
2011-02-04,12941636,183,False,False,,100.056129,38796,0.2999,hold,,,0.0,,,0,0.0,0.426262,9225231,0.3039,hold,,,0.0,,,0,0.0,131.660004,19723,0.2006,hold,,,0.0,,,0,0.0,57.996918,43633,0.1955,hold,,,0.0,,,0,0.0
2011-02-07,13036496,183,False,False,,100.681732,38796,0.2996,hold,,,0.0,,,0,0.0,0.43245,9225231,0.306,hold,,,0.0,,,0,0.0,131.679993,19723,0.1992,hold,,,0.0,,,0,0.0,58.297344,43633,0.1951,hold,,,0.0,,,0,0.0
2011-02-08,13144740,183,False,False,,101.139465,38796,0.2985,hold,,,0.0,,,0,0.0,0.44167,9225231,0.31,hold,,,0.0,,,0,0.0,133.139999,19723,0.1998,hold,,,0.0,,,0,0.0,57.761833,43633,0.1917,hold,,,0.0,,,0,0.0
2011-02-09,13131660,183,False,False,,100.910591,38796,0.2981,hold,,,0.0,,,0,0.0,0.438986,9225231,0.3084,hold,,,0.0,,,0,0.0,133.070007,19723,0.1999,hold,,,0.0,,,0,0.0,58.264668,43633,0.1936,hold,,,0.0,,,0,0.0
2011-02-10,13119175,183,False,False,,100.948708,38796,0.2985,hold,,,0.0,,,0,0.0,0.441124,9225231,0.3102,hold,,,0.0,,,0,0.0,132.850006,19723,0.1997,hold,,,0.0,,,0,0.0,57.59206,43633,0.1915,hold,,,0.0,,,0,0.0
2011-02-11,13251745,183,False,False,,101.551445,38796,0.2973,hold,,,0.0,,,0,0.0,0.45017,9225231,0.3134,hold,,,0.0,,,0,0.0,132.320007,19723,0.1969,hold,,,0.0,,,0,0.0,58.421425,43633,0.1924,hold,,,0.0,,,0,0.0
2011-02-14,13301488,183,False,False,,101.795593,38796,0.2969,hold,,,0.0,,,0,0.0,0.453003,9225231,0.3142,hold,,,0.0,,,0,0.0,132.949997,19723,0.1971,hold,,,0.0,,,0,0.0,58.460621,43633,0.1918,hold,,,0.0,,,0,0.0
2011-02-15,13309793,183,False,False,,101.47509,38796,0.2958,hold,,,0.0,,,0,0.0,0.451835,9225231,0.3132,hold,,,0.0,,,0,0.0,133.970001,19723,0.1985,hold,,,0.0,,,0,0.0,58.721828,43633,0.1925,hold,,,0.0,,,0,0.0
2011-02-16,13405986,183,False,False,,102.11599,38796,0.2955,hold,,,0.0,,,0,0.0,0.460185,9225231,0.3167,hold,,,0.0,,,0,0.0,134.100006,19723,0.1973,hold,,,0.0,,,0,0.0,58.532387,43633,0.1905,hold,,,0.0,,,0,0.0
2011-02-17,13436685,183,False,False,,102.421165,38796,0.2957,hold,,,0.0,,,0,0.0,0.459787,9225231,0.3157,hold,,,0.0,,,0,0.0,135.039993,19723,0.1982,hold,,,0.0,,,0,0.0,58.623871,43633,0.1904,hold,,,0.0,,,0,0.0
2011-02-18,13420223,183,False,False,,102.634781,38796,0.2967,hold,,,0.0,,,0,0.0,0.457178,9225231,0.3143,hold,,,0.0,,,0,0.0,135.410004,19723,0.199,hold,,,0.0,,,0,0.0,58.44101,43633,0.19,hold,,,0.0,,,0,0.0
2011-02-22,13024429,183,False,False,,100.574883,38796,0.2996,hold,,,0.0,,,0,0.0,0.416917,9225231,0.2953,hold,,,0.0,,,0,0.0,136.289993,19723,0.2064,hold,,,0.0,,,0,0.0,59.31609,43633,0.1987,hold,,,0.0,,,0,0.0
2011-02-23,12939010,183,False,False,,99.956947,38796,0.2997,hold,,,0.0,,,0,0.0,0.406629,9225231,0.2899,hold,,,0.0,,,0,0.0,137.509995,19723,0.2096,hold,,,0.0,,,0,0.0,59.531574,43633,0.2008,hold,,,0.0,,,0,0.0
2011-02-24,12985973,183,False,False,,99.88829,38796,0.2984,hold,,,0.0,,,0,0.0,0.412419,9225231,0.293,hold,,,0.0,,,0,0.0,136.479996,19723,0.2073,hold,,,0.0,,,0,0.0,59.910339,43633,0.2013,hold,,,0.0,,,0,0.0
2011-02-25,13223558,183,False,False,,100.956329,38796,0.2962,hold,,,0.0,,,0,0.0,0.430089,9225231,0.3,hold,,,0.0,,,0,0.0,137.380005,19723,0.2049,hold,,,0.0,,,0,0.0,60.263023,43633,0.1988,hold,,,0.0,,,0,0.0
2011-02-28,13285654,183,False,False,,101.581963,38796,0.2966,hold,,,0.0,,,0,0.0,0.43322,9225231,0.3008,hold,,,0.0,,,0,0.0,137.660004,19723,0.2044,hold,,,0.0,,,0,0.0,60.341354,43633,0.1982,hold,,,0.0,,,0,0.0
2011-03-01,13082198,183,True,False,,99.88829,38796,0.2962,hold,,,0.0,,,0,0.0,0.412394,9225231,0.2908,hold,,,0.0,,,0,0.0,140.029999,19723,0.2111,hold,,,0.0,,,0,0.0,60.516289,43633,0.2018,hold,,,0.0,,,0,0.0
2011-03-02,13101379,183,False,False,,100.101898,38796,0.2964,hold,,,0.0,,,0,0.0,0.41821,9225231,0.2945,hold,,,0.0,,,0,0.0,139.919998,19723,0.2106,hold,,,0.0,,,0,0.0,59.58601,43633,0.1984,hold,,,0.0,,,0,0.0
2011-03-03,13336913,183,False,False,,101.826096,38796,0.2962,hold,,,0.0,,,0,0.0,0.443161,9225231,0.3065,hold,,,0.0,,,0,0.0,138.089996,19723,0.2042,hold,,,0.0,,,0,0.0,59.002884,43633,0.193,hold,,,0.0,,,0,0.0
2011-03-04,13293078,183,False,False,,101.063179,38796,0.295,hold,,,0.0,,,0,0.0,0.4366,9225231,0.303,hold,,,0.0,,,0,0.0,139.350006,19723,0.2068,hold,,,0.0,,,0,0.0,59.494221,43633,0.1953,hold,,,0.0,,,0,0.0
2011-03-07,13092532,183,False,False,,100.269707,38796,0.2971,hold,,,0.0,,,0,0.0,0.419204,9225231,0.2954,hold,,,0.0,,,0,0.0,139.720001,19723,0.2105,hold,,,0.0,,,0,0.0,59.114281,43633,0.197,hold,,,0.0,,,0,0.0
2011-03-08,13144098,183,False,False,,101.147102,38796,0.2985,hold,,,0.0,,,0,0.0,0.423578,9225231,0.2973,hold,,,0.0,,,0,0.0,139.360001,19723,0.2091,hold,,,0.0,,,0,0.0,58.753918,43633,0.195,hold,,,0.0,,,0,0.0
2011-03-09,13085464,183,False,False,,101.002121,38796,0.2995,hold,,,0.0,,,0,0.0,0.415029,9225231,0.2926,hold,,,0.0,,,0,0.0,139.410004,19723,0.2101,hold,,,0.0,,,0,0.0,59.323921,43633,0.1978,hold,,,0.0,,,0,0.0
2011-03-10,12848897,183,False,False,,99.132996,38796,0.2993,hold,,,0.0,,,0,0.0,0.396042,9225231,0.2843,hold,,,0.0,,,0,0.0,137.770004,19723,0.2115,hold,,,0.0,,,0,0.0,60.319775,43633,0.2048,hold,,,0.0,,,0,0.0
2011-03-11,12930522,183,False,False,,99.819618,38796,0.2995,hold,,,0.0,,,0,0.0,0.402652,9225231,0.2873,hold,,,0.0,,,0,0.0,138.220001,19723,0.2108,hold,,,0.0,,,0,0.0,59.979057,43633,0.2024,hold,,,0.0,,,0,0.0
2011-03-14,12882401,183,False,False,,99.216927,38796,0.2988,hold,,,0.0,,,0,0.0,0.398726,9225231,0.2855,hold,,,0.0,,,0,0.0,138.860001,19723,0.2126,hold,,,0.0,,,0,0.0,59.952843,43633,0.2031,hold,,,0.0,,,0,0.0
2011-03-15,12675981,183,False,False,,98.080162,38796,0.3002,hold,,,0.0,,,0,0.0,0.382423,9225231,0.2783,hold,,,0.0,,,0,0.0,136.270004,19723,0.212,hold,,,0.0,,,0,0.0,60.850399,43633,0.2095,hold,,,0.0,,,0,0.0
2011-03-16,12375890,183,False,False,,96.264442,38796,0.3018,hold,,,0.0,,,0,0.0,0.35434,9225231,0.2641,hold,,,0.0,,,0,0.0,136.240005,19723,0.2171,hold,,,0.0,,,0,0.0,61.538319,43633,0.217,hold,,,0.0,,,0,0.0
2011-03-17,12504422,183,False,False,,97.53849,38796,0.3026,hold,,,0.0,,,0,0.0,0.363585,9225231,0.2682,hold,,,0.0,,,0,0.0,136.970001,19723,0.216,hold,,,0.0,,,0,0.0,61.066631,43633,0.2131,hold,,,0.0,,,0,0.0
2011-03-18,12534606,183,False,False,,97.893272,38796,0.303,hold,,,0.0,,,0,0.0,0.361597,9225231,0.2661,hold,,,0.0,,,0,0.0,138.369995,19723,0.2177,hold,,,0.0,,,0,0.0,61.230431,43633,0.2131,hold,,,0.0,,,0,0.0
2011-03-21,12779091,183,False,False,,99.410385,38796,0.3018,hold,,,0.0,,,0,0.0,0.381777,9225231,0.2756,hold,,,0.0,,,0,0.0,139.139999,19723,0.2147,hold,,,0.0,,,0,0.0,60.870064,43633,0.2078,hold,,,0.0,,,0,0.0
2011-03-22,12763170,183,False,False,,99.065598,38796,0.3011,hold,,,0.0,,,0,0.0,0.380733,9225231,0.2752,hold,,,0.0,,,0,0.0,139.050003,19723,0.2149,hold,,,0.0,,,0,0.0,61.073154,43633,0.2088,hold,,,0.0,,,0,0.0
2011-03-23,12849374,183,False,False,,99.349098,38796,0.3,hold,,,0.0,,,0,0.0,0.386499,9225231,0.2775,hold,,,0.0,,,0,0.0,140.339996,19723,0.2154,hold,,,0.0,,,0,0.0,60.994526,43633,0.2071,hold,,,0.0,,,0,0.0
2011-03-24,13038086,183,False,False,,100.29924,38796,0.2984,hold,,,0.0,,,0,0.0,0.407523,9225231,0.2883,hold,,,0.0,,,0,0.0,139.220001,19723,0.2106,hold,,,0.0,,,0,0.0,60.535915,43633,0.2026,hold,,,0.0,,,0,0.0
2011-03-25,13071703,183,False,False,,100.605736,38796,0.2986,hold,,,0.0,,,0,0.0,0.410505,9225231,0.2897,hold,,,0.0,,,0,0.0,139.259995,19723,0.2101,hold,,,0.0,,,0,0.0,60.385292,43633,0.2016,hold,,,0.0,,,0,0.0
2011-03-28,12987525,183,False,False,,100.360519,38796,0.2998,hold,,,0.0,,,0,0.0,0.403548,9225231,0.2866,hold,,,0.0,,,0,0.0,138.539993,19723,0.2104,hold,,,0.0,,,0,0.0,60.470444,43633,0.2032,hold,,,0.0,,,0,0.0
2011-03-29,13093709,183,False,False,,101.034805,38796,0.2994,hold,,,0.0,,,0,0.0,0.415128,9225231,0.2925,hold,,,0.0,,,0,0.0,138.210007,19723,0.2082,hold,,,0.0,,,0,0.0,60.005302,43633,0.2,hold,,,0.0,,,0,0.0
2011-03-30,13207093,183,False,False,,101.732063,38796,0.2988,hold,,,0.0,,,0,0.0,0.421241,9225231,0.2942,hold,,,0.0,,,0,0.0,138.669998,19723,0.2071,hold,,,0.0,,,0,0.0,60.483536,43633,0.1998,hold,,,0.0,,,0,0.0
2011-03-31,13236295,183,False,False,,101.594131,38796,0.2978,hold,,,0.0,,,0,0.0,0.423031,9225231,0.2948,hold,,,0.0,,,0,0.0,139.860001,19723,0.2084,hold,,,0.0,,,0,0.0,60.359085,43633,0.199,hold,,,0.0,,,0,0.0
2011-04-01,13258687,183,True,False,,102.023247,38796,0.2985,hold,,,0.0,,,0,0.0,0.423677,9225231,0.2948,hold,,,0.0,,,0,0.0,139.199997,19723,0.2071,hold,,,0.0,,,0,0.0,60.652496,43633,0.1996,hold,,,0.0,,,0,0.0
2011-04-04,13242143,183,False,False,,102.107483,38796,0.2991,hold,,,0.0,,,0,0.0,0.41985,9225231,0.2925,hold,,,0.0,,,0,0.0,139.839996,19723,0.2083,hold,,,0.0,,,0,0.0,60.718277,43633,0.2001,hold,,,0.0,,,0,0.0
2011-04-05,13230505,183,False,False,,102.092216,38796,0.2994,hold,,,0.0,,,0,0.0,0.415079,9225231,0.2894,hold,,,0.0,,,0,0.0,142.050003,19723,0.2118,hold,,,0.0,,,0,0.0,60.47488,43633,0.1994,hold,,,0.0,,,0,0.0
2011-04-06,13238766,183,False,False,,102.413994,38796,0.3001,hold,,,0.0,,,0,0.0,0.41821,9225231,0.2914,hold,,,0.0,,,0,0.0,142.380005,19723,0.2121,hold,,,0.0,,,0,0.0,59.566952,43633,0.1963,hold,,,0.0,,,0,0.0
2011-04-07,13225133,183,False,False,,102.153503,38796,0.2997,hold,,,0.0,,,0,0.0,0.41811,9225231,0.2917,hold,,,0.0,,,0,0.0,142.509995,19723,0.2125,hold,,,0.0,,,0,0.0,59.448502,43633,0.1961,hold,,,0.0,,,0,0.0
2011-04-08,13162592,183,False,False,,101.801018,38796,0.3001,hold,,,0.0,,,0,0.0,0.411848,9225231,0.2887,hold,,,0.0,,,0,0.0,143.660004,19723,0.2153,hold,,,0.0,,,0,0.0,59.132698,43633,0.196,hold,,,0.0,,,0,0.0
2011-04-11,13098490,183,False,False,,101.494537,38796,0.3006,hold,,,0.0,,,0,0.0,0.40812,9225231,0.2874,hold,,,0.0,,,0,0.0,142.639999,19723,0.2148,hold,,,0.0,,,0,0.0,59.18536,43633,0.1972,hold,,,0.0,,,0,0.0
2011-04-12,13002308,183,False,False,,100.735977,38796,0.3006,hold,,,0.0,,,0,0.0,0.400068,9225231,0.2839,hold,,,0.0,,,0,0.0,141.610001,19723,0.2148,hold,,,0.0,,,0,0.0,59.823475,43633,0.2008,hold,,,0.0,,,0,0.0
2011-04-13,13112131,183,False,False,,100.72831,38796,0.298,hold,,,0.0,,,0,0.0,0.409611,9225231,0.2882,hold,,,0.0,,,0,0.0,141.899994,19723,0.2134,hold,,,0.0,,,0,0.0,60.198524,43633,0.2003,hold,,,0.0,,,0,0.0
2011-04-14,13130128,183,False,False,,100.804916,38796,0.2979,hold,,,0.0,,,0,0.0,0.407374,9225231,0.2862,hold,,,0.0,,,0,0.0,143.809998,19723,0.216,hold,,,0.0,,,0,0.0,60.152489,43633,0.1999,hold,,,0.0,,,0,0.0
2011-04-15,13180149,183,False,False,,101.172707,38796,0.2978,hold,,,0.0,,,0,0.0,0.40474,9225231,0.2833,hold,,,0.0,,,0,0.0,145.050003,19723,0.2171,hold,,,0.0,,,0,0.0,60.968246,43633,0.2018,hold,,,0.0,,,0,0.0
2011-04-18,13087554,183,False,False,,100.038689,38796,0.2965,hold,,,0.0,,,0,0.0,0.396937,9225231,0.2798,hold,,,0.0,,,0,0.0,145.929993,19723,0.2199,hold,,,0.0,,,0,0.0,61.106422,43633,0.2037,hold,,,0.0,,,0,0.0
2011-04-19,13187360,183,False,False,,100.613419,38796,0.296,hold,,,0.0,,,0,0.0,0.404094,9225231,0.2827,hold,,,0.0,,,0,0.0,145.929993,19723,0.2183,hold,,,0.0,,,0,0.0,61.369614,43633,0.2031,hold,,,0.0,,,0,0.0
2011-04-20,13482655,183,False,False,,101.984932,38796,0.2935,hold,,,0.0,,,0,0.0,0.430984,9225231,0.2949,hold,,,0.0,,,0,0.0,146.5,19723,0.2143,hold,,,0.0,,,0,0.0,60.974895,43633,0.1973,hold,,,0.0,,,0,0.0
2011-04-21,13606180,183,False,False,,102.505943,38796,0.2923,hold,,,0.0,,,0,0.0,0.441919,9225231,0.2996,hold,,,0.0,,,0,0.0,146.740005,19723,0.2127,hold,,,0.0,,,0,0.0,60.922195,43633,0.1954,hold,,,0.0,,,0,0.0
2011-04-25,13644890,183,False,False,,102.398666,38796,0.2911,hold,,,0.0,,,0,0.0,0.445199,9225231,0.301,hold,,,0.0,,,0,0.0,146.869995,19723,0.2123,hold,,,0.0,,,0,0.0,61.152504,43633,0.1956,hold,,,0.0,,,0,0.0
2011-04-26,13765856,183,False,False,,103.279831,38796,0.2911,hold,,,0.0,,,0,0.0,0.452853,9225231,0.3035,hold,,,0.0,,,0,0.0,146.380005,19723,0.2097,hold,,,0.0,,,0,0.0,61.744602,43633,0.1957,hold,,,0.0,,,0,0.0
2011-04-27,13906749,183,False,False,,103.954132,38796,0.29,hold,,,0.0,,,0,0.0,0.462248,9225231,0.3066,hold,,,0.0,,,0,0.0,149.199997,19723,0.2116,hold,,,0.0,,,0,0.0,61.113029,43633,0.1917,hold,,,0.0,,,0,0.0
2011-04-28,13946019,183,False,False,,104.291267,38796,0.2901,hold,,,0.0,,,0,0.0,0.461552,9225231,0.3053,hold,,,0.0,,,0,0.0,149.820007,19723,0.2119,hold,,,0.0,,,0,0.0,61.580181,43633,0.1927,hold,,,0.0,,,0,0.0
2011-04-29,13993511,183,False,False,,104.536438,38796,0.2898,hold,,,0.0,,,0,0.0,0.459315,9225231,0.3028,hold,,,0.0,,,0,0.0,152.369995,19723,0.2148,hold,,,0.0,,,0,0.0,61.770943,43633,0.1926,hold,,,0.0,,,0,0.0
2011-05-02,13930012,183,True,False,,104.375549,38796,0.2907,hold,,,0.0,,,0,0.0,0.45683,9225231,0.3025,hold,,,0.0,,,0,0.0,150.410004,19723,0.213,hold,,,0.0,,,0,0.0,61.870052,43633,0.1938,hold,,,0.0,,,0,0.0
2011-05-03,13856984,183,False,False,,104.000046,38796,0.2912,hold,,,0.0,,,0,0.0,0.44997,9225231,0.2996,hold,,,0.0,,,0,0.0,149.880005,19723,0.2133,hold,,,0.0,,,0,0.0,62.220211,43633,0.1959,hold,,,0.0,,,0,0.0
2011-05-04,13775637,183,False,False,,103.310471,38796,0.291,hold,,,0.0,,,0,0.0,0.447336,9225231,0.2996,hold,,,0.0,,,0,0.0,147.729996,19723,0.2115,hold,,,0.0,,,0,0.0,62.49773,43633,0.198,hold,,,0.0,,,0,0.0
2011-05-05,13619402,183,False,False,,102.375671,38796,0.2916,hold,,,0.0,,,0,0.0,0.440627,9225231,0.2985,hold,,,0.0,,,0,0.0,143.470001,19723,0.2078,hold,,,0.0,,,0,0.0,63.092327,43633,0.2021,hold,,,0.0,,,0,0.0
2011-05-06,13696223,183,False,False,,102.827751,38796,0.2913,hold,,,0.0,,,0,0.0,0.444453,9225231,0.2994,hold,,,0.0,,,0,0.0,145.300003,19723,0.2092,hold,,,0.0,,,0,0.0,62.814846,43633,0.2001,hold,,,0.0,,,0,0.0
2011-05-09,13794309,183,False,False,,103.22625,38796,0.2903,hold,,,0.0,,,0,0.0,0.449275,9225231,0.3005,hold,,,0.0,,,0,0.0,147.380005,19723,0.2107,hold,,,0.0,,,0,0.0,62.74881,43633,0.1985,hold,,,0.0,,,0,0.0
2011-05-10,13925531,183,False,False,,104.107391,38796,0.29,hold,,,0.0,,,0,0.0,0.460807,9225231,0.3053,hold,,,0.0,,,0,0.0,147.899994,19723,0.2095,hold,,,0.0,,,0,0.0,62.299503,43633,0.1952,hold,,,0.0,,,0,0.0
2011-05-11,13780051,183,False,False,,103.011696,38796,0.29,hold,,,0.0,,,0,0.0,0.450865,9225231,0.3018,hold,,,0.0,,,0,0.0,146.539993,19723,0.2097,hold,,,0.0,,,0,0.0,62.656342,43633,0.1984,hold,,,0.0,,,0,0.0
2011-05-12,13856132,183,False,False,,103.502045,38796,0.2898,hold,,,0.0,,,0,0.0,0.458818,9225231,0.3055,hold,,,0.0,,,0,0.0,146.589996,19723,0.2087,hold,,,0.0,,,0,0.0,62.259903,43633,0.1961,hold,,,0.0,,,0,0.0
2011-05-13,13680849,183,False,False,,102.70517,38796,0.2913,hold,,,0.0,,,0,0.0,0.442565,9225231,0.2984,hold,,,0.0,,,0,0.0,145.630005,19723,0.2099,hold,,,0.0,,,0,0.0,62.821499,43633,0.2004,hold,,,0.0,,,0,0.0
2011-05-16,13453423,183,False,False,,102.053909,38796,0.2943,hold,,,0.0,,,0,0.0,0.419551,9225231,0.2877,hold,,,0.0,,,0,0.0,145.369995,19723,0.2131,hold,,,0.0,,,0,0.0,63.171646,43633,0.2049,hold,,,0.0,,,0,0.0
2011-05-17,13500297,183,False,False,,102.038536,38796,0.2932,hold,,,0.0,,,0,0.0,0.422981,9225231,0.289,hold,,,0.0,,,0,0.0,144.740005,19723,0.2115,hold,,,0.0,,,0,0.0,63.819168,43633,0.2063,hold,,,0.0,,,0,0.0
2011-05-18,13610654,183,False,False,,102.950401,38796,0.2935,hold,,,0.0,,,0,0.0,0.43327,9225231,0.2937,hold,,,0.0,,,0,0.0,145.600006,19723,0.211,hold,,,0.0,,,0,0.0,62.973488,43633,0.2019,hold,,,0.0,,,0,0.0
2011-05-19,13654387,183,False,False,,103.195557,38796,0.2932,hold,,,0.0,,,0,0.0,0.436998,9225231,0.2952,hold,,,0.0,,,0,0.0,145.649994,19723,0.2104,hold,,,0.0,,,0,0.0,62.947006,43633,0.2011,hold,,,0.0,,,0,0.0
2011-05-20,13571363,183,False,False,,102.375671,38796,0.2927,hold,,,0.0,,,0,0.0,0.427356,9225231,0.2905,hold,,,0.0,,,0,0.0,147.490005,19723,0.2143,hold,,,0.0,,,0,0.0,62.980076,43633,0.2025,hold,,,0.0,,,0,0.0
2011-05-23,13374207,183,False,False,,101.188034,38796,0.2935,hold,,,0.0,,,0,0.0,0.408815,9225231,0.282,hold,,,0.0,,,0,0.0,147.830002,19723,0.218,hold,,,0.0,,,0,0.0,63.283958,43633,0.2065,hold,,,0.0,,,0,0.0
2011-05-24,13325244,183,False,False,,101.10376,38796,0.2944,hold,,,0.0,,,0,0.0,0.401112,9225231,0.2777,hold,,,0.0,,,0,0.0,148.589996,19723,0.2199,hold,,,0.0,,,0,0.0,63.521828,43633,0.208,hold,,,0.0,,,0,0.0
2011-05-25,13366418,183,False,False,,101.440872,38796,0.2944,hold,,,0.0,,,0,0.0,0.405585,9225231,0.2799,hold,,,0.0,,,0,0.0,148.580002,19723,0.2192,hold,,,0.0,,,0,0.0,63.224537,43633,0.2064,hold,,,0.0,,,0,0.0
2011-05-26,13471247,183,False,False,,101.908279,38796,0.2935,hold,,,0.0,,,0,0.0,0.41319,9225231,0.283,hold,,,0.0,,,0,0.0,148.220001,19723,0.217,hold,,,0.0,,,0,0.0,63.766277,43633,0.2065,hold,,,0.0,,,0,0.0
2011-05-27,13571303,183,False,False,,102.29908,38796,0.2924,hold,,,0.0,,,0,0.0,0.419353,9225231,0.2851,hold,,,0.0,,,0,0.0,149.699997,19723,0.2176,hold,,,0.0,,,0,0.0,63.739895,43633,0.2049,hold,,,0.0,,,0,0.0
2011-05-31,13803947,183,False,False,,103.364143,38796,0.2905,hold,,,0.0,,,0,0.0,0.439533,9225231,0.2937,hold,,,0.0,,,0,0.0,149.639999,19723,0.2138,hold,,,0.0,,,0,0.0,63.885246,43633,0.2019,hold,,,0.0,,,0,0.0
2011-06-01,13497801,183,True,False,,101.04248,38796,0.2904,hold,,,0.0,,,0,0.0,0.41145,9225231,0.2812,hold,,,0.0,,,0,0.0,149.910004,19723,0.219,hold,,,0.0,,,0,0.0,64.748642,43633,0.2093,hold,,,0.0,,,0,0.0
2011-06-02,13453744,183,False,False,,100.935204,38796,0.2911,hold,,,0.0,,,0,0.0,0.413836,9225231,0.2838,hold,,,0.0,,,0,0.0,149.5,19723,0.2192,hold,,,0.0,,,0,0.0,63.515171,43633,0.206,hold,,,0.0,,,0,0.0
2011-06-03,13271586,183,False,False,,99.931435,38796,0.2921,hold,,,0.0,,,0,0.0,0.395047,9225231,0.2746,hold,,,0.0,,,0,0.0,150.220001,19723,0.2232,hold,,,0.0,,,0,0.0,63.879955,43633,0.21,hold,,,0.0,,,0,0.0
2011-06-06,13126532,183,False,False,,98.874031,38796,0.2922,hold,,,0.0,,,0,0.0,0.385504,9225231,0.2709,hold,,,0.0,,,0,0.0,150.479996,19723,0.2261,hold,,,0.0,,,0,0.0,63.395851,43633,0.2107,hold,,,0.0,,,0,0.0
2011-06-07,13115076,183,False,False,,98.812737,38796,0.2923,hold,,,0.0,,,0,0.0,0.383268,9225231,0.2696,hold,,,0.0,,,0,0.0,150.419998,19723,0.2262,hold,,,0.0,,,0,0.0,63.687679,43633,0.2119,hold,,,0.0,,,0,0.0
2011-06-08,13032575,183,False,False,,98.398972,38796,0.2929,hold,,,0.0,,,0,0.0,0.375017,9225231,0.2655,hold,,,0.0,,,0,0.0,149.809998,19723,0.2267,hold,,,0.0,,,0,0.0,64.18499,43633,0.2149,hold,,,0.0,,,0,0.0
2011-06-09,13080353,183,False,False,,99.149895,38796,0.2941,hold,,,0.0,,,0,0.0,0.376658,9225231,0.2656,hold,,,0.0,,,0,0.0,150.559998,19723,0.227,hold,,,0.0,,,0,0.0,63.926353,43633,0.2132,hold,,,0.0,,,0,0.0
2011-06-10,12862652,183,False,False,,97.770653,38796,0.2949,hold,,,0.0,,,0,0.0,0.359361,9225231,0.2577,hold,,,0.0,,,0,0.0,149.240005,19723,0.2288,hold,,,0.0,,,0,0.0,64.417053,43633,0.2185,hold,,,0.0,,,0,0.0
2011-06-13,12824743,183,False,False,,97.847282,38796,0.296,hold,,,0.0,,,0,0.0,0.359609,9225231,0.2587,hold,,,0.0,,,0,0.0,147.770004,19723,0.2273,hold,,,0.0,,,0,0.0,64.09214,43633,0.2181,hold,,,0.0,,,0,0.0
2011-06-14,12971748,183,False,False,,99.0886,38796,0.2964,hold,,,0.0,,,0,0.0,0.372979,9225231,0.2653,hold,,,0.0,,,0,0.0,148.669998,19723,0.226,hold,,,0.0,,,0,0.0,63.123962,43633,0.2123,hold,,,0.0,,,0,0.0
2011-06-15,12774309,183,False,False,,97.326286,38796,0.2956,hold,,,0.0,,,0,0.0,0.3526,9225231,0.2546,hold,,,0.0,,,0,0.0,149.119995,19723,0.2302,hold,,,0.0,,,0,0.0,64.271194,43633,0.2195,hold,,,0.0,,,0,0.0
2011-06-16,12747015,183,False,False,,97.540794,38796,0.2969,hold,,,0.0,,,0,0.0,0.34768,9225231,0.2516,hold,,,0.0,,,0,0.0,148.970001,19723,0.2305,hold,,,0.0,,,0,0.0,64.56295,43633,0.221,hold,,,0.0,,,0,0.0
2011-06-17,12740284,183,False,False,,97.831863,38796,0.2979,hold,,,0.0,,,0,0.0,0.345095,9225231,0.2499,hold,,,0.0,,,0,0.0,149.940002,19723,0.2321,hold,,,0.0,,,0,0.0,64.257965,43633,0.2201,hold,,,0.0,,,0,0.0
2011-06-20,12807134,183,False,False,,98.332382,38796,0.2979,hold,,,0.0,,,0,0.0,0.349668,9225231,0.2519,hold,,,0.0,,,0,0.0,150.029999,19723,0.231,hold,,,0.0,,,0,0.0,64.337486,43633,0.2192,hold,,,0.0,,,0,0.0
2011-06-21,13076420,183,False,False,,99.679939,38796,0.2957,hold,,,0.0,,,0,0.0,0.372979,9225231,0.2631,hold,,,0.0,,,0,0.0,150.759995,19723,0.2274,hold,,,0.0,,,0,0.0,64.052353,43633,0.2137,hold,,,0.0,,,0,0.0
2011-06-22,12981898,183,False,False,,99.079308,38796,0.2961,hold,,,0.0,,,0,0.0,0.364579,9225231,0.2591,hold,,,0.0,,,0,0.0,150.990005,19723,0.2294,hold,,,0.0,,,0,0.0,64.09214,43633,0.2154,hold,,,0.0,,,0,0.0
2011-06-23,13033072,183,False,False,,98.794395,38796,0.2941,hold,,,0.0,,,0,0.0,0.374669,9225231,0.2652,hold,,,0.0,,,0,0.0,148.339996,19723,0.2245,hold,,,0.0,,,0,0.0,64.58284,43633,0.2162,hold,,,0.0,,,0,0.0
2011-06-24,12753633,183,False,False,,97.647087,38796,0.297,hold,,,0.0,,,0,0.0,0.354936,9225231,0.2567,hold,,,0.0,,,0,0.0,146.259995,19723,0.2262,hold,,,0.0,,,0,0.0,64.310966,43633,0.22,hold,,,0.0,,,0,0.0
2011-06-27,12897570,183,False,False,,98.517197,38796,0.2963,hold,,,0.0,,,0,0.0,0.372184,9225231,0.2662,hold,,,0.0,,,0,0.0,145.729996,19723,0.2229,hold,,,0.0,,,0,0.0,63.428997,43633,0.2146,hold,,,0.0,,,0,0.0
2011-06-28,13089298,183,False,False,,99.803139,38796,0.2958,hold,,,0.0,,,0,0.0,0.388884,9225231,0.2741,hold,,,0.0,,,0,0.0,146.240005,19723,0.2204,hold,,,0.0,,,0,0.0,62.918339,43633,0.2097,hold,,,0.0,,,0,0.0
2011-06-29,13167708,183,False,False,,100.657883,38796,0.2966,hold,,,0.0,,,0,0.0,0.393755,9225231,0.2759,hold,,,0.0,,,0,0.0,147.179993,19723,0.2205,hold,,,0.0,,,0,0.0,62.500614,43633,0.2071,hold,,,0.0,,,0,0.0
2011-06-30,13315456,183,False,False,,101.620399,38796,0.2961,hold,,,0.0,,,0,0.0,0.408716,9225231,0.2832,hold,,,0.0,,,0,0.0,146.0,19723,0.2163,hold,,,0.0,,,0,0.0,62.401154,43633,0.2045,hold,,,0.0,,,0,0.0
2011-07-01,13522958,183,True,False,,103.121933,38796,0.2958,hold,,,0.0,,,0,0.0,0.427654,9225231,0.2917,hold,,,0.0,,,0,0.0,144.929993,19723,0.2114,hold,,,0.0,,,0,0.0,62.301342,43633,0.201,hold,,,0.0,,,0,0.0
2011-07-05,13635867,183,False,False,,103.037239,38796,0.2932,hold,,,0.0,,,0,0.0,0.433816,9225231,0.2935,hold,,,0.0,,,0,0.0,147.630005,19723,0.2135,hold,,,0.0,,,0,0.0,62.441071,43633,0.1998,hold,,,0.0,,,0,0.0
2011-07-06,13722476,183,False,False,,103.160431,38796,0.2917,hold,,,0.0,,,0,0.0,0.438439,9225231,0.2948,hold,,,0.0,,,0,0.0,148.910004,19723,0.214,hold,,,0.0,,,0,0.0,62.760464,43633,0.1996,hold,,,0.0,,,0,0.0
2011-07-07,13924306,183,False,False,,104.230759,38796,0.2904,hold,,,0.0,,,0,0.0,0.456184,9225231,0.3022,hold,,,0.0,,,0,0.0,149.149994,19723,0.2113,hold,,,0.0,,,0,0.0,62.574139,43633,0.1961,hold,,,0.0,,,0,0.0
2011-07-08,13921096,183,False,False,,103.491577,38796,0.2884,hold,,,0.0,,,0,0.0,0.452407,9225231,0.2998,hold,,,0.0,,,0,0.0,150.25,19723,0.2129,hold,,,0.0,,,0,0.0,63.459152,43633,0.1989,hold,,,0.0,,,0,0.0
2011-07-11,13692680,183,False,False,,101.620399,38796,0.2879,hold,,,0.0,,,0,0.0,0.428151,9225231,0.2885,hold,,,0.0,,,0,0.0,151.589996,19723,0.2184,hold,,,0.0,,,0,0.0,64.410645,43633,0.2053,hold,,,0.0,,,0,0.0
2011-07-12,13612204,183,False,False,,101.181473,38796,0.2884,hold,,,0.0,,,0,0.0,0.417712,9225231,0.2831,hold,,,0.0,,,0,0.0,152.770004,19723,0.2214,hold,,,0.0,,,0,0.0,64.630249,43633,0.2072,hold,,,0.0,,,0,0.0
2011-07-13,13711573,183,False,False,,101.520294,38796,0.2872,hold,,,0.0,,,0,0.0,0.42328,9225231,0.2848,hold,,,0.0,,,0,0.0,154.139999,19723,0.2217,hold,,,0.0,,,0,0.0,64.809883,43633,0.2062,hold,,,0.0,,,0,0.0
2011-07-14,13517568,183,False,False,,100.819595,38796,0.2894,hold,,,0.0,,,0,0.0,0.408716,9225231,0.2789,hold,,,0.0,,,0,0.0,154.539993,19723,0.2255,hold,,,0.0,,,0,0.0,63.885025,43633,0.2062,hold,,,0.0,,,0,0.0
2011-07-15,13707879,183,False,False,,101.40477,38796,0.287,hold,,,0.0,,,0,0.0,0.42497,9225231,0.286,hold,,,0.0,,,0,0.0,155.199997,19723,0.2233,hold,,,0.0,,,0,0.0,63.991478,43633,0.2037,hold,,,0.0,,,0,0.0
2011-07-18,13610975,183,False,False,,100.573181,38796,0.2867,hold,,,0.0,,,0,0.0,0.417961,9225231,0.2833,hold,,,0.0,,,0,0.0,156.570007,19723,0.2269,hold,,,0.0,,,0,0.0,63.372623,43633,0.2032,hold,,,0.0,,,0,0.0
2011-07-19,13966034,183,False,False,,102.205605,38796,0.2839,hold,,,0.0,,,0,0.0,0.447436,9225231,0.2956,hold,,,0.0,,,0,0.0,154.660004,19723,0.2184,hold,,,0.0,,,0,0.0,64.690086,43633,0.2021,hold,,,0.0,,,0,0.0
2011-07-20,13899302,183,False,False,,102.14399,38796,0.2851,hold,,,0.0,,,0,0.0,0.441173,9225231,0.2928,hold,,,0.0,,,0,0.0,156.020004,19723,0.2214,hold,,,0.0,,,0,0.0,63.924885,43633,0.2007,hold,,,0.0,,,0,0.0
2011-07-21,13991855,183,False,False,,103.560875,38796,0.2871,hold,,,0.0,,,0,0.0,0.45012,9225231,0.2968,hold,,,0.0,,,0,0.0,154.830002,19723,0.2182,hold,,,0.0,,,0,0.0,63.432507,43633,0.1978,hold,,,0.0,,,0,0.0
2011-07-22,14169729,183,False,False,,103.630173,38796,0.2837,hold,,,0.0,,,0,0.0,0.464086,9225231,0.3021,hold,,,0.0,,,0,0.0,156.119995,19723,0.2173,hold,,,0.0,,,0,0.0,63.911579,43633,0.1968,hold,,,0.0,,,0,0.0
2011-07-25,14115687,183,False,False,,103.052635,38796,0.2832,hold,,,0.0,,,0,0.0,0.461353,9225231,0.3015,hold,,,0.0,,,0,0.0,157.339996,19723,0.2198,hold,,,0.0,,,0,0.0,63.212906,43633,0.1954,hold,,,0.0,,,0,0.0
2011-07-26,14151490,183,False,False,,102.667648,38796,0.2815,hold,,,0.0,,,0,0.0,0.463888,9225231,0.3024,hold,,,0.0,,,0,0.0,157.770004,19723,0.2199,hold,,,0.0,,,0,0.0,63.645424,43633,0.1962,hold,,,0.0,,,0,0.0
2011-07-27,13734150,183,False,False,,100.565475,38796,0.2841,hold,,,0.0,,,0,0.0,0.428698,9225231,0.288,hold,,,0.0,,,0,0.0,157.190002,19723,0.2257,hold,,,0.0,,,0,0.0,63.6521,43633,0.2022,hold,,,0.0,,,0,0.0
2011-07-28,13756902,183,False,False,,100.272858,38796,0.2828,hold,,,0.0,,,0,0.0,0.430984,9225231,0.289,hold,,,0.0,,,0,0.0,157.320007,19723,0.2255,hold,,,0.0,,,0,0.0,63.891621,43633,0.2026,hold,,,0.0,,,0,0.0
2011-07-29,13766094,183,False,False,,99.587524,38796,0.2807,hold,,,0.0,,,0,0.0,0.426809,9225231,0.286,hold,,,0.0,,,0,0.0,158.289993,19723,0.2268,hold,,,0.0,,,0,0.0,65.155907,43633,0.2065,hold,,,0.0,,,0,0.0
2011-08-01,13713919,183,True,False,,99.163986,38796,0.2805,hold,INCREASE_TO_TARGET,rebalance 2011-08-01,267010.0,,,0,0.0,0.421043,9225231,0.2832,hold,INCREASE_TO_TARGET,rebalance 2011-08-01,229957.0,,,0,0.0,157.720001,19723,0.2268,hold,REDUCE_TO_TARGET,rebalance 2011-08-01,-367928.0,,,0,0.0,65.813469,43633,0.2094,hold,REDUCE_TO_TARGET,rebalance 2011-08-01,-128855.0,,,0,0.0
2011-08-02,13451937,58,False,True,monthly,96.630615,41500,0.2981,hold,,,0.0,INCREASE_TO_TARGET,buy,2704,98.417076,0.389083,9778178,0.2828,hold,,,0.0,INCREASE_TO_TARGET,buy,552947,0.414631,161.520004,17407,0.209,hold,,,0.0,REDUCE_TO_TARGET,sell,2316,158.852012,67.789635,41682,0.2101,hold,,,0.0,REDUCE_TO_TARGET,sell,1951,66.042046
2011-08-03,13577372,58,False,False,,97.154228,41500,0.297,hold,,,0.0,,,0,0.0,0.399173,9778178,0.2875,hold,,,0.0,,,0,0.0,161.490005,17407,0.207,hold,,,0.0,,,0,0.0,67.923134,41682,0.2085,hold,,,0.0,,,0,0.0
2011-08-04,12943241,58,False,False,,92.603386,41500,0.2969,sell,EXIT_ALL,signal sell,-3843041.0,,,0,0.0,0.344847,9778178,0.2605,hold,,,0.0,,,0,0.0,160.639999,17407,0.216,hold,,,0.0,,,0,0.0,70.339882,41682,0.2265,hold,,,0.0,,,0,0.0
2011-08-05,12839867,3879360,False,False,,92.464798,0,0.0,hold,,,0.0,EXIT_ALL,sell,41500,93.477168,0.337242,9778178,0.2568,hold,,,0.0,,,0,0.0,161.75,17407,0.2193,hold,,,0.0,,,0,0.0,68.310364,41682,0.2218,hold,,,0.0,,,0,0.0
2011-08-08,12443899,3879360,False,False,,86.443169,0,0.0,hold,,,0.0,,,0,0.0,0.277995,9778178,0.2184,sell,EXIT_ALL,signal sell,-2718285.0,,,0,0.0,167.119995,17407,0.2338,hold,,,0.0,,,0,0.0,70.466774,41682,0.236,hold,,,0.0,,,0,0.0
2011-08-09,12577677,6696581,False,False,,90.46273,0,0.0,hold,,,0.0,,,0,0.0,0.316068,0,0.0,hold,,,0.0,EXIT_ALL,sell,9778178,0.288113,168.610001,17407,0.2333,hold,,,0.0,,,0,0.0,70.680435,41682,0.2342,hold,,,0.0,,,0,0.0
2011-08-10,12769253,6696581,False,False,,86.466263,0,0.0,hold,,,0.0,,,0,0.0,0.278789,0,0.0,hold,,,0.0,,,0,0.0,174.580002,17407,0.238,hold,,,0.0,,,0,0.0,72.783409,41682,0.2376,hold,,,0.0,,,0,0.0
2011-08-11,12549532,6696581,False,False,,90.347176,0,0.0,hold,,,0.0,,,0,0.0,0.314576,0,0.0,hold,,,0.0,,,0,0.0,170.75,17407,0.2368,hold,,,0.0,,,0,0.0,69.111511,41682,0.2295,hold,,,0.0,,,0,0.0
2011-08-12,12593002,6696581,False,False,,90.955551,0,0.0,hold,,,0.0,,,0,0.0,0.322579,0,0.0,hold,,,0.0,,,0,0.0,169.970001,17407,0.2349,hold,,,0.0,,,0,0.0,70.480148,41682,0.2333,hold,,,0.0,,,0,0.0
2011-08-15,12595081,6696581,False,False,,92.880623,0,0.0,hold,,,0.0,,,0,0.0,0.336496,0,0.0,hold,,,0.0,,,0,0.0,171.800003,17407,0.2374,hold,,,0.0,,,0,0.0,69.765785,41682,0.2309,hold,,,0.0,,,0,0.0
2011-08-16,12680125,6696581,False,False,,92.087463,0,0.0,hold,,,0.0,,,0,0.0,0.327848,0,0.0,hold,,,0.0,,,0,0.0,173.919998,17407,0.2388,hold,,,0.0,,,0,0.0,70.920738,41682,0.2331,hold,,,0.0,,,0,0.0
2011-08-17,12740589,6696581,False,False,,92.149078,0,0.0,hold,,,0.0,,,0,0.0,0.32253,0,0.0,hold,,,0.0,,,0,0.0,174.419998,17407,0.2383,hold,,,0.0,,,0,0.0,72.162529,41682,0.2361,hold,,,0.0,,,0,0.0
2011-08-18,12859806,6696581,False,False,,88.175705,0,0.0,hold,,,0.0,,,0,0.0,0.275758,0,0.0,hold,,,0.0,,,0,0.0,177.720001,17407,0.2406,hold,REDUCE_TO_TARGET,rebalance 2011-08-18,-521611.0,,,0,0.0,73.644569,41682,0.2387,hold,REDUCE_TO_TARGET,rebalance 2011-08-18,-497692.0,,,0,0.0
2011-08-19,12922711,7715788,False,True,daily,86.735786,0,0.0,hold,,,0.0,,,0,0.0,0.2603,0,0.0,hold,,,0.0,,,0,0.0,179.949997,14527,0.2023,hold,,,0.0,REDUCE_TO_TARGET,sell,2880,181.095079,74.238777,34925,0.2006,hold,,,0.0,REDUCE_TO_TARGET,sell,6757,73.649977
2011-08-22,12983588,7715788,False,False,,86.805077,0,0.0,hold,,,0.0,,,0,0.0,0.262636,0,0.0,hold,,,0.0,,,0,0.0,184.589996,14527,0.2065,hold,,,0.0,,,0,0.0,74.051849,34925,0.1992,hold,,,0.0,,,0,0.0
2011-08-23,12847387,7715788,False,False,,89.66188,0,0.0,hold,,,0.0,,,0,0.0,0.295143,0,0.0,hold,,,0.0,,,0,0.0,177.669998,14527,0.2009,hold,,,0.0,,,0,0.0,73.030418,34925,0.1985,hold,,,0.0,,,0,0.0
2011-08-24,12687419,7715788,False,False,,90.924744,0,0.0,hold,,,0.0,,,0,0.0,0.302102,0,0.0,hold,,,0.0,,,0,0.0,171.649994,14527,0.1965,hold,,,0.0,,,0,0.0,70.954094,34925,0.1953,hold,,,0.0,,,0,0.0
2011-08-25,12724548,7715788,False,False,,89.538673,0,0.0,hold,,,0.0,,,0,0.0,0.287587,0,0.0,hold,,,0.0,,,0,0.0,172.360001,14527,0.1968,hold,,,0.0,,,0,0.0,71.72187,34925,0.1969,hold,,,0.0,,,0,0.0
2011-08-26,12823498,7715788,False,False,,90.840027,0,0.0,hold,,,0.0,,,0,0.0,0.308364,0,0.0,hold,,,0.0,,,0,0.0,177.470001,14527,0.201,hold,,,0.0,,,0,0.0,72.429588,34925,0.1973,hold,,,0.0,,,0,0.0
2011-08-29,12736515,7715788,False,False,,93.450417,0,0.0,hold,,,0.0,,,0,0.0,0.334608,0,0.0,hold,,,0.0,,,0,0.0,173.889999,14527,0.1983,hold,,,0.0,,,0,0.0,71.428123,34925,0.1959,hold,,,0.0,,,0,0.0
2011-08-30,12852306,7715788,False,False,,93.696823,0,0.0,hold,,,0.0,,,0,0.0,0.341417,0,0.0,hold,,,0.0,,,0,0.0,179.100006,14527,0.2024,hold,,,0.0,,,0,0.0,72.576454,34925,0.1972,hold,,,0.0,,,0,0.0
2011-08-31,12793087,7715788,False,False,,94.11264,0,0.0,hold,,,0.0,,,0,0.0,0.343405,0,0.0,hold,,,0.0,,,0,0.0,177.720001,14527,0.2018,hold,,,0.0,,,0,0.0,71.454842,34925,0.1951,hold,,,0.0,,,0,0.0
2011-09-01,12848165,7715788,True,False,,93.127014,0,0.0,hold,,,0.0,,,0,0.0,0.333713,0,0.0,hold,,,0.0,,,0,0.0,177.869995,14527,0.2011,hold,,,0.0,,,0,0.0,72.969505,34925,0.1984,hold,,,0.0,,,0,0.0
2011-09-02,13008966,7715788,False,False,,90.747612,0,0.0,hold,,,0.0,,,0,0.0,0.310352,0,0.0,hold,,,0.0,,,0,0.0,183.240005,14527,0.2046,hold,,,0.0,,,0,0.0,75.340019,34925,0.2023,hold,,,0.0,,,0,0.0
2011-09-06,13031390,7715788,False,False,,90.085388,0,0.0,hold,,,0.0,,,0,0.0,0.310302,0,0.0,hold,,,0.0,,,0,0.0,182.899994,14527,0.2039,hold,,,0.0,,,0,0.0,76.123528,34925,0.204,hold,,,0.0,,,0,0.0
2011-09-07,12896093,7715788,False,False,,92.626518,0,0.0,hold,,,0.0,,,0,0.0,0.333763,0,0.0,hold,,,0.0,,,0,0.0,177.080002,14527,0.1995,hold,,,0.0,,,0,0.0,74.670418,34925,0.2022,hold,,,0.0,,,0,0.0
2011-09-08,12988192,7715788,False,False,,91.66394,0,0.0,hold,,,0.0,,,0,0.0,0.32914,0,0.0,hold,,,0.0,,,0,0.0,181.809998,14527,0.2034,hold,,,0.0,,,0,0.0,75.340019,34925,0.2026,hold,,,0.0,,,0,0.0
2011-09-09,13000131,7715788,False,False,,89.261475,0,0.0,hold,,,0.0,,,0,0.0,0.30747,0,0.0,hold,,,0.0,,,0,0.0,180.699997,14527,0.2019,hold,,,0.0,,,0,0.0,76.143562,34925,0.2046,hold,,,0.0,,,0,0.0
2011-09-12,12944393,7715788,False,False,,89.839035,0,0.0,hold,,,0.0,,,0,0.0,0.319001,0,0.0,hold,,,0.0,,,0,0.0,176.669998,14527,0.1983,hold,,,0.0,,,0,0.0,76.2239,34925,0.2057,hold,,,0.0,,,0,0.0
2011-09-13,12933673,7715788,False,False,,90.662918,0,0.0,hold,,,0.0,,,0,0.0,0.331377,0,0.0,hold,,,0.0,,,0,0.0,178.539993,14527,0.2005,hold,,,0.0,,,0,0.0,75.13916,34925,0.2029,hold,,,0.0,,,0,0.0
2011-09-14,12936569,7715788,False,False,,91.91806,0,0.0,hold,,,0.0,,,0,0.0,0.345692,0,0.0,hold,,,0.0,,,0,0.0,177.210007,14527,0.199,hold,,,0.0,,,0,0.0,75.775261,34925,0.2046,hold,,,0.0,,,0,0.0
2011-09-15,12855289,7715788,False,False,,93.504295,0,0.0,hold,,,0.0,,,0,0.0,0.361398,0,0.0,hold,,,0.0,,,0,0.0,174.399994,14527,0.1971,hold,,,0.0,,,0,0.0,74.616821,34925,0.2027,hold,,,0.0,,,0,0.0
2011-09-16,12897911,7715788,False,False,,94.057755,0,0.0,hold,,,0.0,,,0,0.0,0.370842,0,0.0,hold,,,0.0,,,0,0.0,176.029999,14527,0.1983,hold,,,0.0,,,0,0.0,75.159203,34925,0.2035,hold,,,0.0,,,0,0.0
2011-09-19,12908445,7715788,False,False,,93.121178,0,0.0,hold,,,0.0,,,0,0.0,0.371786,0,0.0,hold,,,0.0,,,0,0.0,173.309998,14527,0.195,hold,,,0.0,,,0,0.0,76.592201,34925,0.2072,hold,,,0.0,,,0,0.0
2011-09-20,12955552,7715788,False,False,,93.012833,0,0.0,hold,,,0.0,,,0,0.0,0.366518,0,0.0,hold,,,0.0,,,0,0.0,175.779999,14527,0.1971,hold,,,0.0,,,0,0.0,76.91362,34925,0.2073,hold,,,0.0,,,0,0.0
2011-09-21,13012610,7715788,False,False,,90.272842,0,0.0,hold,,,0.0,,,0,0.0,0.347878,0,0.0,hold,,,0.0,,,0,0.0,173.589996,14527,0.1938,hold,,,0.0,,,0,0.0,79.458282,34925,0.2133,hold,,,0.0,,,0,0.0
2011-09-22,13050963,7715788,False,False,,87.354805,0,0.0,hold,,,0.0,,,0,0.0,0.314031,0,0.0,hold,,,0.0,,,0,0.0,169.050003,14527,0.1882,hold,,,0.0,,,0,0.0,82.444824,34925,0.2206,hold,,,0.0,,,0,0.0
2011-09-23,12863030,7715788,False,False,,87.881149,0,0.0,hold,,,0.0,,,0,0.0,0.323822,0,0.0,hold,,,0.0,,,0,0.0,159.800003,14527,0.1805,hold,,,0.0,,,0,0.0,80.911308,34925,0.2197,hold,,,0.0,,,0,0.0
2011-09-26,12785410,7715788,False,False,,89.970978,0,0.0,hold,,,0.0,,,0,0.0,0.334806,0,0.0,hold,,,0.0,,,0,0.0,157.580002,14527,0.179,hold,,,0.0,,,0,0.0,79.612228,34925,0.2175,hold,,,0.0,,,0,0.0
2011-09-27,12787153,7715788,False,False,,90.977165,0,0.0,hold,,,0.0,,,0,0.0,0.345046,0,0.0,hold,,,0.0,,,0,0.0,160.630005,14527,0.1825,hold,,,0.0,,,0,0.0,78.393509,34925,0.2141,hold,,,0.0,,,0,0.0
2011-09-28,12722154,7715788,False,False,,89.119553,0,0.0,hold,,,0.0,,,0,0.0,0.328792,0,0.0,hold,,,0.0,,,0,0.0,156.220001,14527,0.1784,hold,,,0.0,,,0,0.0,78.366722,34925,0.2151,hold,,,0.0,,,0,0.0
2011-09-29,12762599,7715788,False,False,,89.823914,0,0.0,hold,,,0.0,,,0,0.0,0.31905,0,0.0,hold,,,0.0,,,0,0.0,157.699997,14527,0.1795,hold,,,0.0,,,0,0.0,78.909172,34925,0.2159,hold,,,0.0,,,0,0.0
2011-09-30,12837052,7715788,False,False,,87.579285,0,0.0,hold,,,0.0,,,0,0.0,0.294248,0,0.0,hold,,,0.0,,,0,0.0,158.059998,14527,0.1789,hold,,,0.0,,,0,0.0,80.891243,34925,0.2201,hold,,,0.0,,,0,0.0
2011-10-03,12956930,7715788,True,False,,85.08696,0,0.0,hold,,,0.0,,,0,0.0,0.271186,0,0.0,hold,,,0.0,,,0,0.0,160.960007,14527,0.1805,hold,INCREASE_TO_TARGET,rebalance 2011-10-03,253120.0,,,0,0.0,83.117432,34925,0.224,hold,REDUCE_TO_TARGET,rebalance 2011-10-03,-311490.0,,,0,0.0
2011-10-04,12870357,7774234,False,True,monthly,86.952332,0,0.0,hold,,,0.0,,,0,0.0,0.287687,0,0.0,hold,,,0.0,,,0,0.0,157.639999,16094,0.1971,hold,,,0.0,INCREASE_TO_TARGET,buy,1567,160.949997,82.063385,31184,0.1988,hold,,,0.0,REDUCE_TO_TARGET,sell,3741,83.242841
2011-10-05,12881225,7774234,False,False,,88.562263,0,0.0,hold,,,0.0,,,0,0.0,0.309557,0,0.0,hold,,,0.0,,,0,0.0,159.460007,16094,0.1992,hold,,,0.0,,,0,0.0,81.472618,31184,0.1972,hold,,,0.0,,,0,0.0
2011-10-06,12850909,7774234,False,False,,90.16449,0,0.0,hold,,,0.0,,,0,0.0,0.325462,0,0.0,hold,,,0.0,,,0,0.0,160.490005,16094,0.201,hold,,,0.0,,,0,0.0,79.968872,31184,0.1941,hold,,,0.0,,,0,0.0
2011-10-07,12811403,7774234,False,False,,89.56073,0,0.0,hold,,,0.0,,,0,0.0,0.318752,0,0.0,hold,,,0.0,,,0,0.0,159.179993,16094,0.2,hold,,,0.0,,,0,0.0,79.37809,31184,0.1932,hold,,,0.0,,,0,0.0
2011-10-10,12842268,7774234,False,False,,92.55616,0,0.0,hold,,,0.0,,,0,0.0,0.351457,0,0.0,hold,,,0.0,,,0,0.0,163.270004,16094,0.2046,hold,,,0.0,,,0,0.0,78.257019,31184,0.19,hold,,,0.0,,,0,0.0
2011-10-11,12815272,7774234,False,False,,92.649071,0,0.0,hold,,,0.0,,,0,0.0,0.358963,0,0.0,hold,,,0.0,,,0,0.0,162.100006,16094,0.2036,hold,,,0.0,,,0,0.0,77.995148,31184,0.1898,hold,,,0.0,,,0,0.0
2011-10-12,12798561,7774234,False,False,,93.461754,0,0.0,hold,,,0.0,,,0,0.0,0.364729,0,0.0,hold,,,0.0,,,0,0.0,163.259995,16094,0.2053,hold,,,0.0,,,0,0.0,76.860588,31184,0.1873,hold,,,0.0,,,0,0.0
2011-10-13,12806979,7774234,False,False,,93.275978,0,0.0,hold,,,0.0,,,0,0.0,0.37452,0,0.0,hold,,,0.0,,,0,0.0,162.300003,16094,0.204,hold,,,0.0,,,0,0.0,77.625977,31184,0.189,hold,,,0.0,,,0,0.0
2011-10-14,12789510,7774234,False,False,,94.87043,0,0.0,hold,,,0.0,,,0,0.0,0.395148,0,0.0,buy,ENTER_TO_TARGET,signal_buy+rebalance,3836853.0,,,0,0.0,163.399994,16094,0.2056,hold,REDUCE_TO_TARGET,rebalance 2011-10-14,-71857.0,,,0,0.0,76.4981,31184,0.1865,hold,INCREASE_TO_TARGET,rebalance 2011-10-14,172385.0,,,0,0.0
2011-10-17,12684565,3836841,False,True,daily,93.059258,0,0.0,hold,,,0.0,,,0,0.0,0.376856,9820493,0.2918,hold,,,0.0,ENTER_TO_TARGET,buy,9820493,0.38953,162.619995,15655,0.2007,hold,,,0.0,REDUCE_TO_TARGET,sell,439,163.508,77.820564,33423,0.2051,hold,,,0.0,INCREASE_TO_TARGET,buy,2239,76.733013
2011-10-18,12790436,3836841,False,False,,94.878181,0,0.0,hold,,,0.0,,,0,0.0,0.390525,9820493,0.2998,hold,,,0.0,,,0,0.0,161.839996,15655,0.1981,hold,,,0.0,,,0,0.0,77.337242,33423,0.2021,hold,,,0.0,,,0,0.0
2011-10-19,12537581,3836841,False,False,,93.755882,0,0.0,hold,,,0.0,,,0,0.0,0.368009,9820493,0.2883,hold,,,0.0,,,0,0.0,159.869995,15655,0.1996,hold,,,0.0,,,0,0.0,77.31041,33423,0.2061,hold,,,0.0,,,0,0.0
2011-10-20,12440414,3836841,False,False,,94.166107,0,0.0,hold,,,0.0,,,0,0.0,0.363336,9820493,0.2868,hold,,,0.0,,,0,0.0,157.770004,15655,0.1985,hold,,,0.0,,,0,0.0,76.759888,33423,0.2062,hold,,,0.0,,,0,0.0
2011-10-21,12567581,3836841,False,False,,95.954056,0,0.0,hold,,,0.0,,,0,0.0,0.37626,9820493,0.294,hold,,,0.0,,,0,0.0,159.520004,15655,0.1987,hold,,,0.0,,,0,0.0,75.947578,33423,0.202,hold,,,0.0,,,0,0.0
2011-10-24,12826198,3836841,False,False,,97.130554,0,0.0,hold,,,0.0,,,0,0.0,0.399769,9820493,0.3061,hold,,,0.0,,,0,0.0,161.020004,15655,0.1965,hold,,,0.0,,,0,0.0,76.07518,33423,0.1982,hold,,,0.0,,,0,0.0
2011-10-25,12739779,3836841,False,False,,95.241974,0,0.0,hold,,,0.0,,,0,0.0,0.377104,9820493,0.2907,hold,,,0.0,,,0,0.0,165.589996,15655,0.2035,hold,,,0.0,,,0,0.0,78.00856,33423,0.2047,hold,,,0.0,,,0,0.0
2011-10-26,12707934,3836841,False,False,,96.209511,0,0.0,hold,,,0.0,,,0,0.0,0.375614,9820493,0.2903,hold,,,0.0,,,0,0.0,167.399994,15655,0.2062,hold,,,0.0,,,0,0.0,76.645775,33423,0.2016,hold,,,0.0,,,0,0.0
2011-10-27,12952024,3836841,False,False,,99.560959,0,0.0,hold,,,0.0,,,0,0.0,0.405884,9820493,0.3077,hold,,,0.0,,,0,0.0,169.550003,15655,0.2049,hold,,,0.0,,,0,0.0,74.047722,33423,0.1911,hold,,,0.0,,,0,0.0
2011-10-28,12992318,3836841,False,False,,99.537727,0,0.0,hold,,,0.0,,,0,0.0,0.407225,9820493,0.3078,hold,,,0.0,,,0,0.0,169.619995,15655,0.2044,hold,,,0.0,,,0,0.0,74.826492,33423,0.1925,hold,,,0.0,,,0,0.0
2011-10-31,12857620,3836841,False,False,,97.138306,0,0.0,hold,,,0.0,,,0,0.0,0.387045,9820493,0.2956,hold,,,0.0,,,0,0.0,167.339996,15655,0.2037,hold,,,0.0,,,0,0.0,77.793709,33423,0.2022,hold,,,0.0,,,0,0.0
2011-11-01,12650953,3836841,True,False,,94.429253,0,0.0,hold,,,0.0,,,0,0.0,0.357074,9820493,0.2772,hold,,,0.0,,,0,0.0,167.380005,15655,0.2071,hold,,,0.0,,,0,0.0,80.397797,33423,0.2124,hold,,,0.0,,,0,0.0
2011-11-02,12730127,3836841,False,False,,95.969551,0,0.0,hold,,,0.0,,,0,0.0,0.365871,9820493,0.2822,hold,,,0.0,,,0,0.0,169.059998,15655,0.2079,hold,,,0.0,,,0,0.0,79.394981,33423,0.2085,hold,,,0.0,,,0,0.0
2011-11-03,12954008,3836841,False,False,,97.718788,0,0.0,hold,,,0.0,,,0,0.0,0.388139,9820493,0.2942,hold,,,0.0,,,0,0.0,171.720001,15655,0.2075,hold,,,0.0,,,0,0.0,78.304604,33423,0.202,hold,,,0.0,,,0,0.0
2011-11-04,12884478,3836841,False,False,,97.122849,0,0.0,hold,,,0.0,,,0,0.0,0.382125,9820493,0.2913,hold,,,0.0,,,0,0.0,170.850006,15655,0.2076,hold,,,0.0,,,0,0.0,78.398849,33423,0.2034,hold,,,0.0,,,0,0.0
2011-11-07,13049245,3836841,False,False,,97.72654,0,0.0,hold,,,0.0,,,0,0.0,0.390624,9820493,0.294,hold,,,0.0,,,0,0.0,174.979996,15655,0.2099,hold,,,0.0,,,0,0.0,78.896927,33423,0.2021,hold,,,0.0,,,0,0.0
2011-11-08,13120693,3836841,False,False,,98.980423,0,0.0,hold,,,0.0,,,0,0.0,0.403647,9820493,0.3021,hold,,,0.0,,,0,0.0,173.529999,15655,0.207,hold,,,0.0,,,0,0.0,77.887314,33423,0.1984,hold,,,0.0,,,0,0.0
2011-11-09,12741803,3836841,False,False,,95.327133,0,0.0,hold,,,0.0,,,0,0.0,0.361895,9820493,0.2789,hold,,,0.0,,,0,0.0,172.070007,15655,0.2114,hold,,,0.0,,,0,0.0,79.502716,33423,0.2085,hold,,,0.0,,,0,0.0
2011-11-10,12673006,3836841,False,False,,96.224976,0,0.0,hold,,,0.0,,,0,0.0,0.360404,9820493,0.2793,hold,,,0.0,,,0,0.0,171.139999,15655,0.2114,hold,,,0.0,,,0,0.0,78.318031,33423,0.2066,hold,,,0.0,,,0,0.0
2011-11-11,12899842,3836841,False,False,,98.036163,0,0.0,hold,,,0.0,,,0,0.0,0.380633,9820493,0.2898,hold,,,0.0,,,0,0.0,173.960007,15655,0.2111,hold,,,0.0,,,0,0.0,77.840218,33423,0.2017,hold,,,0.0,,,0,0.0
2011-11-14,12866334,3836841,False,False,,97.107338,0,0.0,hold,,,0.0,,,0,0.0,0.374172,9820493,0.2856,hold,,,0.0,,,0,0.0,173.199997,15655,0.2107,hold,,,0.0,,,0,0.0,79.092072,33423,0.2055,hold,,,0.0,,,0,0.0
2011-11-15,12983371,3836841,False,False,,97.58725,0,0.0,hold,,,0.0,,,0,0.0,0.386201,9820493,0.2921,hold,,,0.0,,,0,0.0,173.360001,15655,0.209,hold,,,0.0,,,0,0.0,78.984406,33423,0.2033,hold,,,0.0,,,0,0.0
2011-11-16,12791529,3836841,False,False,,96.039185,0,0.0,hold,,,0.0,,,0,0.0,0.367164,9820493,0.2819,hold,,,0.0,,,0,0.0,171.509995,15655,0.2099,hold,,,0.0,,,0,0.0,79.704628,33423,0.2083,hold,,,0.0,,,0,0.0
2011-11-17,12495891,3836841,False,False,,94.514412,0,0.0,hold,,,0.0,,,0,0.0,0.341914,9820493,0.2687,hold,,,0.0,,,0,0.0,167.100006,15655,0.2093,hold,,,0.0,,,0,0.0,80.343941,33423,0.2149,hold,,,0.0,,,0,0.0
2011-11-18,12422819,3836841,False,False,,94.413773,0,0.0,hold,,,0.0,,,0,0.0,0.333713,9820493,0.2638,hold,,,0.0,,,0,0.0,167.619995,15655,0.2112,hold,,,0.0,,,0,0.0,80.323776,33423,0.2161,hold,,,0.0,,,0,0.0
2011-11-21,12183923,3836841,False,False,,92.618118,0,0.0,hold,,,0.0,,,0,0.0,0.314328,9820493,0.2534,hold,,,0.0,,,0,0.0,163.5,15655,0.2101,hold,,,0.0,,,0,0.0,80.801666,33423,0.2217,hold,,,0.0,,,0,0.0
2011-11-22,12269254,3836841,False,False,,92.25428,0,0.0,hold,,,0.0,,,0,0.0,0.317062,9820493,0.2538,hold,,,0.0,,,0,0.0,165.309998,15655,0.2109,hold,,,0.0,,,0,0.0,81.703613,33423,0.2226,hold,,,0.0,,,0,0.0
2011-11-23,12081542,3836841,False,False,,90.218658,0,0.0,hold,,,0.0,,,0,0.0,0.295987,9820493,0.2406,hold,,,0.0,,,0,0.0,164.830002,15655,0.2136,hold,,,0.0,,,0,0.0,82.504555,33423,0.2282,hold,,,0.0,,,0,0.0
2011-11-25,11953217,3836841,False,False,,90.04837,0,0.0,hold,,,0.0,,,0,0.0,0.289277,9820493,0.2377,hold,INCREASE_TO_TARGET,rebalance 2011-11-25,745122.0,,,0,0.0,163.399994,15655,0.214,hold,REDUCE_TO_TARGET,rebalance 2011-11-25,-167384.0,,,0,0.0,81.306473,33423,0.2273,hold,REDUCE_TO_TARGET,rebalance 2011-11-25,-326863.0,,,0,0.0
2011-11-28,12307358,3585764,False,True,daily,92.656761,0,0.0,hold,,,0.0,,,0,0.0,0.319149,12213434,0.3167,hold,,,0.0,INCREASE_TO_TARGET,buy,2392941,0.310452,166.630005,14650,0.1983,hold,,,0.0,REDUCE_TO_TARGET,sell,1005,166.429203,81.266098,29318,0.1936,hold,,,0.0,REDUCE_TO_TARGET,sell,4105,79.606388
2011-11-29,12221075,3585764,False,False,,92.919945,0,0.0,hold,,,0.0,,,0,0.0,0.313384,12213434,0.3132,hold,,,0.0,,,0,0.0,166.880005,14650,0.2,hold,,,0.0,,,0,0.0,80.599754,29318,0.1934,hold,,,0.0,,,0,0.0
2011-11-30,12651867,3585764,False,False,,96.743553,0,0.0,hold,,,0.0,,,0,0.0,0.347779,12213434,0.3357,hold,,,0.0,,,0,0.0,170.130005,14650,0.197,hold,,,0.0,,,0,0.0,79.341095,29318,0.1839,hold,,,0.0,,,0,0.0
2011-12-01,12723934,3585764,True,False,,96.728058,0,0.0,hold,,,0.0,,,0,0.0,0.355235,12213434,0.341,hold,REDUCE_TO_TARGET,rebalance 2011-12-01,-521459.0,,,0,0.0,169.630005,14650,0.1953,hold,INCREASE_TO_TARGET,rebalance 2011-12-01,59707.0,,,0,0.0,78.943016,29318,0.1819,hold,INCREASE_TO_TARGET,rebalance 2011-12-01,230336.0,,,0,0.0
2011-12-02,12738962,3817362,False,True,monthly,96.642937,0,0.0,hold,,,0.0,,,0,0.0,0.351855,10783310,0.2978,hold,,,0.0,REDUCE_TO_TARGET,sell,1430124,0.364625,169.820007,14998,0.1999,hold,,,0.0,INCREASE_TO_TARGET,buy,348,170.649994,80.049553,32236,0.2026,hold,,,0.0,INCREASE_TO_TARGET,buy,2918,78.686608
2011-12-05,12820590,3817362,False,False,,97.695572,0,0.0,hold,,,0.0,,,0,0.0,0.363386,10783310,0.3056,hold,,,0.0,,,0,0.0,167.320007,14998,0.1957,hold,,,0.0,,,0,0.0,79.88765,32236,0.2009,hold,,,0.0,,,0,0.0
2011-12-06,12778900,3817362,False,False,,97.72654,0,0.0,hold,,,0.0,,,0,0.0,0.360603,10783310,0.3043,hold,,,0.0,,,0,0.0,168.179993,14998,0.1974,hold,,,0.0,,,0,0.0,79.125221,32236,0.1996,hold,,,0.0,,,0,0.0
2011-12-07,12812231,3817362,False,False,,98.090347,0,0.0,hold,,,0.0,,,0,0.0,0.36115,10783310,0.304,hold,,,0.0,,,0,0.0,169.399994,14998,0.1983,hold,,,0.0,,,0,0.0,79.4086,32236,0.1998,hold,,,0.0,,,0,0.0
2011-12-08,12594595,3817362,False,False,,95.938568,0,0.0,hold,,,0.0,,,0,0.0,0.342759,10783310,0.2935,hold,,,0.0,,,0,0.0,165.979996,14998,0.1977,hold,,,0.0,,,0,0.0,80.400444,32236,0.2058,hold,,,0.0,,,0,0.0
2011-12-09,12722866,3817362,False,False,,97.564003,0,0.0,hold,,,0.0,,,0,0.0,0.359012,10783310,0.3043,hold,,,0.0,,,0,0.0,166.399994,14998,0.1962,hold,,,0.0,,,0,0.0,78.747322,32236,0.1995,hold,,,0.0,,,0,0.0
2011-12-12,12557974,3817362,False,False,,96.139816,0,0.0,hold,,,0.0,,,0,0.0,0.347232,10783310,0.2982,hold,,,0.0,,,0,0.0,161.990005,14998,0.1935,hold,,,0.0,,,0,0.0,79.624504,32236,0.2044,hold,,,0.0,,,0,0.0
2011-12-13,12402329,3817362,False,False,,95.241974,0,0.0,hold,,,0.0,,,0,0.0,0.335503,10783310,0.2917,hold,,,0.0,,,0,0.0,158.449997,14998,0.1916,hold,,,0.0,,,0,0.0,80.366692,32236,0.2089,hold,,,0.0,,,0,0.0
2011-12-14,12199572,3817362,False,False,,94.228035,0,0.0,hold,,,0.0,,,0,0.0,0.319895,10783310,0.2828,hold,,,0.0,,,0,0.0,152.889999,14998,0.188,hold,,,0.0,,,0,0.0,81.884819,32236,0.2164,hold,,,0.0,,,0,0.0
2011-12-15,12154588,3817362,False,False,,94.568565,0,0.0,hold,,,0.0,,,0,0.0,0.31741,10783310,0.2816,hold,,,0.0,,,0,0.0,152.330002,14998,0.188,hold,,,0.0,,,0,0.0,81.581161,32236,0.2164,hold,,,0.0,,,0,0.0
2011-12-16,12271637,3817362,False,False,,94.708778,0,0.0,hold,,,0.0,,,0,0.0,0.321387,10783310,0.2824,hold,,,0.0,,,0,0.0,155.229996,14998,0.1897,hold,,,0.0,,,0,0.0,82.53257,32236,0.2168,hold,,,0.0,,,0,0.0
2011-12-19,12204001,3817362,False,False,,93.696228,0,0.0,hold,,,0.0,,,0,0.0,0.312489,10783310,0.2761,hold,,,0.0,,,0,0.0,154.869995,14998,0.1903,hold,,,0.0,,,0,0.0,83.578377,32236,0.2208,hold,,,0.0,,,0,0.0
2011-12-20,12467515,3817362,False,False,,96.531464,0,0.0,hold,,,0.0,,,0,0.0,0.340224,10783310,0.2943,hold,,,0.0,,,0,0.0,156.979996,14998,0.1888,hold,,,0.0,,,0,0.0,81.493538,32236,0.2107,hold,,,0.0,,,0,0.0
2011-12-21,12280927,3817362,False,False,,96.718384,0,0.0,hold,,,0.0,,,0,0.0,0.326059,10783310,0.2863,hold,,,0.0,,,0,0.0,157.160004,14998,0.1919,hold,,,0.0,,,0,0.0,80.35997,32236,0.2109,hold,,,0.0,,,0,0.0
2011-12-22,12360753,3817362,False,False,,97.575203,0,0.0,hold,,,0.0,,,0,0.0,0.334011,10783310,0.2914,hold,,,0.0,,,0,0.0,156.039993,14998,0.1893,hold,,,0.0,,,0,0.0,80.697327,32236,0.2105,hold,,,0.0,,,0,0.0
2011-12-23,12429140,3817362,False,False,,98.447586,0,0.0,hold,,,0.0,,,0,0.0,0.34266,10783310,0.2973,hold,,,0.0,,,0,0.0,156.309998,14998,0.1886,hold,,,0.0,,,0,0.0,79.799957,32236,0.207,hold,,,0.0,,,0,0.0
2011-12-27,12448764,3817362,False,False,,98.525482,0,0.0,hold,,,0.0,,,0,0.0,0.345294,10783310,0.2991,hold,,,0.0,,,0,0.0,154.910004,14998,0.1866,hold,,,0.0,,,0,0.0,80.178978,32236,0.2076,hold,,,0.0,,,0,0.0
2011-12-28,12318836,3817362,False,False,,97.232483,0,0.0,hold,,,0.0,,,0,0.0,0.33421,10783310,0.2926,hold,,,0.0,,,0,0.0,151.029999,14998,0.1839,hold,,,0.0,,,0,0.0,81.661377,32236,0.2137,hold,,,0.0,,,0,0.0
2011-12-29,12383500,3817362,False,False,,98.237312,0,0.0,hold,,,0.0,,,0,0.0,0.340721,10783310,0.2967,hold,,,0.0,,,0,0.0,150.339996,14998,0.1821,hold,,,0.0,,,0,0.0,81.810341,32236,0.213,hold,,,0.0,,,0,0.0
2011-12-30,12386746,3817362,False,False,,97.754356,0,0.0,hold,,,0.0,,,0,0.0,0.337938,10783310,0.2942,hold,,,0.0,,,0,0.0,151.990005,14998,0.184,hold,,,0.0,,,0,0.0,82.074295,32236,0.2136,hold,,,0.0,,,0,0.0
2012-01-03,12613393,3817362,True,False,,99.312202,0,0.0,hold,,,0.0,,,0,0.0,0.357173,10783310,0.3054,hold,,,0.0,,,0,0.0,155.919998,14998,0.1854,hold,,,0.0,,,0,0.0,80.842392,32236,0.2066,hold,,,0.0,,,0,0.0
2012-01-04,12640353,3817362,False,False,,99.467987,0,0.0,hold,,,0.0,,,0,0.0,0.361448,10783310,0.3083,hold,,,0.0,,,0,0.0,156.710007,14998,0.1859,hold,,,0.0,,,0,0.0,79.881149,32236,0.2037,hold,,,0.0,,,0,0.0
2012-01-05,12747758,3817362,False,False,,99.732826,0,0.0,hold,,,0.0,,,0,0.0,0.370345,10783310,0.3133,hold,,,0.0,,,0,0.0,157.779999,14998,0.1856,hold,,,0.0,,,0,0.0,79.738998,32236,0.2016,hold,,,0.0,,,0,0.0
2012-01-06,12800621,3817362,False,False,,99.4758,0,0.0,buy,ENTER_TO_TARGET,signal_buy+rebalance,3840186.0,,,0,0.0,0.374172,10783310,0.3152,hold,REDUCE_TO_TARGET,rebalance 2012-01-06,-194626.0,,,0,0.0,157.199997,14998,0.1842,hold,INCREASE_TO_TARGET,rebalance 2012-01-06,202439.0,,,0,0.0,80.368546,32236,0.2024,hold,REDUCE_TO_TARGET,rebalance 2012-01-06,-30636.0,,,0,0.0
2012-01-09,12741706,140,False,True,daily,99.717239,38401,0.3005,hold,,,0.0,ENTER_TO_TARGET,buy,38401,99.701658,0.371041,10265855,0.2989,hold,,,0.0,REDUCE_TO_TARGET,sell,517455,0.376122,156.5,16280,0.2,hold,,,0.0,INCREASE_TO_TARGET,buy,1282,157.360001,80.226387,31853,0.2006,hold,,,0.0,REDUCE_TO_TARGET,sell,383,79.951967
2012-01-10,12883506,140,False,False,,100.581841,38401,0.2998,hold,,,0.0,,,0,0.0,0.378646,10265855,0.3017,hold,,,0.0,,,0,0.0,158.639999,16280,0.2005,hold,,,0.0,,,0,0.0,80.090981,31853,0.198,hold,,,0.0,,,0,0.0
2012-01-11,12962602,140,False,False,,100.63636,38401,0.2981,hold,,,0.0,,,0,0.0,0.381279,10265855,0.302,hold,,,0.0,,,0,0.0,159.669998,16280,0.2005,hold,,,0.0,,,0,0.0,81.133415,31853,0.1994,hold,,,0.0,,,0,0.0
2012-01-12,13026211,140,False,False,,100.877815,38401,0.2974,hold,,,0.0,,,0,0.0,0.385803,10265855,0.304,hold,,,0.0,,,0,0.0,160.380005,16280,0.2004,hold,,,0.0,,,0,0.0,81.018372,31853,0.1981,hold,,,0.0,,,0,0.0
2012-01-13,12968178,140,False,False,,100.355934,38401,0.2972,hold,,,0.0,,,0,0.0,0.381379,10265855,0.3019,hold,,,0.0,,,0,0.0,159.259995,16280,0.1999,hold,,,0.0,,,0,0.0,81.823875,31853,0.201,hold,,,0.0,,,0,0.0
2012-01-17,13120510,140,False,False,,100.745422,38401,0.2949,hold,,,0.0,,,0,0.0,0.391618,10265855,0.3064,hold,,,0.0,,,0,0.0,160.5,16280,0.1991,hold,,,0.0,,,0,0.0,82.202972,31853,0.1996,hold,,,0.0,,,0,0.0
2012-01-18,13309211,140,False,False,,101.859261,38401,0.2939,hold,,,0.0,,,0,0.0,0.407176,10265855,0.3141,hold,,,0.0,,,0,0.0,161.600006,16280,0.1977,hold,,,0.0,,,0,0.0,81.207901,31853,0.1944,hold,,,0.0,,,0,0.0
2012-01-19,13371763,140,False,False,,102.396729,38401,0.2941,hold,,,0.0,,,0,0.0,0.415327,10265855,0.3189,hold,,,0.0,,,0,0.0,161.220001,16280,0.1963,hold,,,0.0,,,0,0.0,80.090981,31853,0.1908,hold,,,0.0,,,0,0.0
2012-01-20,13352489,140,False,False,,102.778397,38401,0.2956,hold,,,0.0,,,0,0.0,0.413488,10265855,0.3179,hold,,,0.0,,,0,0.0,162.070007,16280,0.1976,hold,,,0.0,,,0,0.0,79.18399,31853,0.1889,hold,,,0.0,,,0,0.0
2012-01-23,13343593,140,False,False,,102.513557,38401,0.295,hold,,,0.0,,,0,0.0,0.413438,10265855,0.3181,hold,,,0.0,,,0,0.0,163.160004,16280,0.1991,hold,,,0.0,,,0,0.0,78.683037,31853,0.1878,hold,,,0.0,,,0,0.0
2012-01-24,13301446,140,False,False,,102.396729,38401,0.2956,hold,,,0.0,,,0,0.0,0.411152,10265855,0.3173,hold,,,0.0,,,0,0.0,162.009995,16280,0.1983,hold,,,0.0,,,0,0.0,78.825211,31853,0.1888,hold,,,0.0,,,0,0.0
2012-01-25,13561351,140,False,False,,103.253517,38401,0.2924,hold,,,0.0,,,0,0.0,0.426859,10265855,0.3231,hold,,,0.0,,,0,0.0,166.419998,16280,0.1998,hold,,,0.0,,,0,0.0,78.635674,31853,0.1847,hold,,,0.0,,,0,0.0
2012-01-26,13541610,140,False,False,,102.723846,38401,0.2913,hold,,,0.0,,,0,0.0,0.422335,10265855,0.3202,hold,,,0.0,,,0,0.0,167.270004,16280,0.2011,hold,,,0.0,,,0,0.0,79.678085,31853,0.1874,hold,,,0.0,,,0,0.0
2012-01-27,13618331,140,False,False,,102.677155,38401,0.2895,hold,,,0.0,,,0,0.0,0.42651,10265855,0.3215,hold,,,0.0,,,0,0.0,168.970001,16280,0.202,hold,,,0.0,,,0,0.0,79.928558,31853,0.187,hold,,,0.0,,,0,0.0
2012-01-30,13626683,140,False,False,,102.326637,38401,0.2884,hold,,,0.0,,,0,0.0,0.427206,10265855,0.3218,hold,,,0.0,,,0,0.0,168.029999,16280,0.2007,hold,,,0.0,,,0,0.0,80.869431,31853,0.189,hold,,,0.0,,,0,0.0
2012-01-31,13691097,140,False,False,,102.287689,38401,0.2869,hold,,,0.0,,,0,0.0,0.428698,10265855,0.3214,hold,,,0.0,,,0,0.0,169.309998,16280,0.2013,hold,,,0.0,,,0,0.0,81.803574,31853,0.1903,hold,,,0.0,,,0,0.0
2012-02-01,13807878,140,True,False,,103.183434,38401,0.287,hold,,,0.0,,,0,0.0,0.439234,10265855,0.3266,hold,,,0.0,,,0,0.0,169.559998,16280,0.1999,hold,,,0.0,,,0,0.0,80.866539,31853,0.1865,hold,,,0.0,,,0,0.0
2012-02-02,13883780,140,False,False,,103.347,38401,0.2858,hold,,,0.0,,,0,0.0,0.443758,10265855,0.3281,hold,,,0.0,,,0,0.0,171.050003,16280,0.2006,hold,,,0.0,,,0,0.0,80.832657,31853,0.1855,hold,,,0.0,,,0,0.0
2012-02-03,14009712,140,False,False,,104.795807,38401,0.2872,hold,,,0.0,,,0,0.0,0.461403,10265855,0.3381,hold,,,0.0,,,0,0.0,167.639999,16280,0.1948,hold,,,0.0,,,0,0.0,79.095619,31853,0.1798,hold,,,0.0,,,0,0.0
2012-02-06,14020002,140,False,False,,104.7257,38401,0.2868,hold,,,0.0,,,0,0.0,0.460955,10265855,0.3375,hold,,,0.0,,,0,0.0,167.179993,16280,0.1941,hold,,,0.0,,,0,0.0,79.882668,31853,0.1815,hold,,,0.0,,,0,0.0
2012-02-07,14060050,140,False,False,,104.990509,38401,0.2868,hold,,,0.0,,,0,0.0,0.462943,10265855,0.338,hold,,,0.0,,,0,0.0,169.699997,16280,0.1965,hold,,,0.0,,,0,0.0,78.892014,31853,0.1787,hold,,,0.0,,,0,0.0
2012-02-08,14133512,140,False,False,,105.302094,38401,0.2861,hold,,,0.0,,,0,0.0,0.470647,10265855,0.3419,hold,,,0.0,,,0,0.0,168.5,16280,0.1941,hold,,,0.0,,,0,0.0,78.953079,31853,0.1779,hold,,,0.0,,,0,0.0
2012-02-09,14219144,140,False,False,,105.434486,38401,0.2847,hold,,,0.0,,,0,0.0,0.481086,10265855,0.3473,hold,,,0.0,,,0,0.0,168.020004,16280,0.1924,hold,,,0.0,,,0,0.0,78.362785,31853,0.1755,hold,,,0.0,,,0,0.0
2012-02-10,14101691,140,False,False,,104.655594,38401,0.285,hold,,,0.0,,,0,0.0,0.470796,10265855,0.3427,hold,,,0.0,,,0,0.0,167.139999,16280,0.193,hold,,,0.0,,,0,0.0,79.380547,31853,0.1793,hold,,,0.0,,,0,0.0
2012-02-13,14270997,140,False,False,,105.434486,38401,0.2837,hold,,,0.0,,,0,0.0,0.483472,10265855,0.3478,hold,,,0.0,,,0,0.0,167.509995,16280,0.1911,hold,,,0.0,,,0,0.0,79.482346,31853,0.1774,hold,,,0.0,,,0,0.0
2012-02-14,14316327,140,False,False,,105.302094,38401,0.2825,hold,,,0.0,,,0,0.0,0.487696,10265855,0.3497,hold,,,0.0,,,0,0.0,167.119995,16280,0.19,hold,,,0.0,,,0,0.0,79.903015,31853,0.1778,hold,,,0.0,,,0,0.0
2012-02-15,14197306,140,False,False,,104.811378,38401,0.2835,hold,,,0.0,,,0,0.0,0.47681,10265855,0.3448,hold,,,0.0,,,0,0.0,168.110001,16280,0.1928,hold,,,0.0,,,0,0.0,79.760506,31853,0.179,hold,,,0.0,,,0,0.0
2012-02-16,14424389,140,False,False,,105.972,38401,0.2821,hold,,,0.0,,,0,0.0,0.496742,10265855,0.3535,hold,,,0.0,,,0,0.0,168.0,16280,0.1896,hold,,,0.0,,,0,0.0,79.122757,31853,0.1747,hold,,,0.0,,,0,0.0
2012-02-17,14380563,140,False,False,,106.252373,38401,0.2837,hold,,,0.0,,,0,0.0,0.492518,10265855,0.3516,hold,,,0.0,,,0,0.0,167.350006,16280,0.1895,hold,,,0.0,,,0,0.0,79.102402,31853,0.1752,hold,,,0.0,,,0,0.0
2012-02-21,14457082,140,False,False,,106.299095,38401,0.2824,hold,,,0.0,,,0,0.0,0.496693,10265855,0.3527,hold,,,0.0,,,0,0.0,171.020004,16280,0.1926,hold,,,0.0,,,0,0.0,78.227058,31853,0.1724,hold,,,0.0,,,0,0.0
2012-02-22,14439163,140,False,False,,105.95636,38401,0.2818,hold,,,0.0,,,0,0.0,0.490132,10265855,0.3485,hold,,,0.0,,,0,0.0,172.940002,16280,0.195,hold,,,0.0,,,0,0.0,79.210922,31853,0.1747,hold,,,0.0,,,0,0.0
2012-02-23,14553824,140,False,False,,106.423744,38401,0.2808,hold,,,0.0,,,0,0.0,0.499426,10265855,0.3523,hold,,,0.0,,,0,0.0,173.020004,16280,0.1935,hold,,,0.0,,,0,0.0,79.210922,31853,0.1734,hold,,,0.0,,,0,0.0
2012-02-24,14616379,140,False,False,,106.65744,38401,0.2802,hold,,,0.0,,,0,0.0,0.504298,10265855,0.3542,hold,,,0.0,,,0,0.0,172.229996,16280,0.1918,hold,,,0.0,,,0,0.0,79.726608,31853,0.1737,hold,,,0.0,,,0,0.0
2012-02-27,14662103,140,False,False,,106.836548,38401,0.2798,hold,,,0.0,,,0,0.0,0.506733,10265855,0.3548,hold,,,0.0,,,0,0.0,171.699997,16280,0.1906,hold,,,0.0,,,0,0.0,80.432259,31853,0.1747,hold,,,0.0,,,0,0.0
2012-02-28,14850401,140,False,False,,107.148125,38401,0.2771,hold,INCREASE_TO_TARGET,rebalance 2012-02-28,340525.0,,,0,0.0,0.521892,10265855,0.3608,hold,REDUCE_TO_TARGET,rebalance 2012-02-28,-902547.0,,,0,0.0,173.490005,16280,0.1902,hold,INCREASE_TO_TARGET,rebalance 2012-02-28,145663.0,,,0,0.0,80.167656,31853,0.172,hold,INCREASE_TO_TARGET,rebalance 2012-02-28,416500.0,,,0,0.0
2012-02-29,14595125,214,False,True,daily,106.727524,41564,0.3039,hold,,,0.0,INCREASE_TO_TARGET,buy,3163,107.303916,0.515034,8536548,0.3012,hold,,,0.0,REDUCE_TO_TARGET,sell,1729307,0.521913,164.289993,17118,0.1927,hold,,,0.0,INCREASE_TO_TARGET,buy,838,173.190002,79.679115,37023,0.2021,hold,,,0.0,INCREASE_TO_TARGET,buy,5170,80.31693
2012-03-01,14736973,214,True,False,,107.28051,41564,0.3026,hold,,,0.0,,,0,0.0,0.527559,8536548,0.3056,hold,,,0.0,,,0,0.0,166.610001,17118,0.1935,hold,,,0.0,,,0,0.0,78.929016,37023,0.1983,hold,,,0.0,,,0,0.0
2012-03-02,14732615,214,False,False,,106.953384,41564,0.3017,hold,,,0.0,,,0,0.0,0.525968,8536548,0.3048,hold,,,0.0,,,0,0.0,166.339996,17118,0.1933,hold,,,0.0,,,0,0.0,79.67025,37023,0.2002,hold,,,0.0,,,0,0.0
2012-03-05,14539234,214,False,False,,106.517189,41564,0.3045,hold,,,0.0,,,0,0.0,0.509565,8536548,0.2992,hold,,,0.0,,,0,0.0,165.649994,17118,0.195,hold,,,0.0,,,0,0.0,79.037819,37023,0.2013,hold,,,0.0,,,0,0.0
2012-03-06,14334751,214,False,False,,104.959358,41564,0.3043,hold,,,0.0,,,0,0.0,0.494953,8536548,0.2948,hold,,,0.0,,,0,0.0,162.699997,17118,0.1943,hold,,,0.0,,,0,0.0,79.996689,37023,0.2066,hold,,,0.0,,,0,0.0
2012-03-07,14458867,214,False,False,,105.691566,41564,0.3038,hold,,,0.0,,,0,0.0,0.506186,8536548,0.2989,hold,,,0.0,,,0,0.0,163.630005,17118,0.1937,hold,,,0.0,,,0,0.0,79.50705,37023,0.2036,hold,,,0.0,,,0,0.0
2012-03-08,14638412,214,False,False,,106.74308,41564,0.3031,hold,,,0.0,,,0,0.0,0.522241,8536548,0.3046,hold,,,0.0,,,0,0.0,165.279999,17118,0.1933,hold,,,0.0,,,0,0.0,78.711349,37023,0.1991,hold,,,0.0,,,0,0.0
2012-03-09,14734076,214,False,False,,107.155937,41564,0.3023,hold,,,0.0,,,0,0.0,0.528553,8536548,0.3062,hold,,,0.0,,,0,0.0,166.380005,17118,0.1933,hold,,,0.0,,,0,0.0,78.867783,37023,0.1982,hold,,,0.0,,,0,0.0
2012-03-12,14718682,214,False,False,,107.163704,41564,0.3026,hold,,,0.0,,,0,0.0,0.529398,8536548,0.307,hold,,,0.0,,,0,0.0,165.070007,17118,0.192,hold,,,0.0,,,0,0.0,78.854134,37023,0.1983,hold,,,0.0,,,0,0.0
2012-03-13,14954776,214,False,False,,109.095406,41564,0.3032,hold,,,0.0,,,0,0.0,0.559221,8536548,0.3192,hold,,,0.0,,,0,0.0,162.300003,17118,0.1858,hold,,,0.0,,,0,0.0,77.466782,37023,0.1918,hold,,,0.0,,,0,0.0
2012-03-14,14884384,214,False,False,,108.978592,41564,0.3043,hold,,,0.0,,,0,0.0,0.565483,8536548,0.3243,hold,,,0.0,,,0,0.0,159.570007,17118,0.1835,hold,,,0.0,,,0,0.0,75.514999,37023,0.1878,hold,,,0.0,,,0,0.0
2012-03-15,14977649,214,False,False,,109.609497,41564,0.3042,hold,,,0.0,,,0,0.0,0.569807,8536548,0.3248,hold,,,0.0,,,0,0.0,161.080002,17118,0.1841,hold,,,0.0,,,0,0.0,75.630646,37023,0.187,hold,,,0.0,,,0,0.0
2012-03-16,14982652,214,False,False,,109.761299,41564,0.3045,hold,,,0.0,,,0,0.0,0.568564,8536548,0.3239,hold,,,0.0,,,0,0.0,161.300003,17118,0.1843,hold,,,0.0,,,0,0.0,75.780251,37023,0.1873,hold,,,0.0,,,0,0.0
2012-03-19,15077670,214,False,False,,110.191574,41564,0.3038,hold,,,0.0,,,0,0.0,0.580941,8536548,0.3289,hold,,,0.0,,,0,0.0,161.589996,17118,0.1835,hold,,,0.0,,,0,0.0,74.875763,37023,0.1839,hold,,,0.0,,,0,0.0
2012-03-20,15077579,214,False,False,,109.870804,41564,0.3029,hold,,,0.0,,,0,0.0,0.584122,8536548,0.3307,hold,,,0.0,,,0,0.0,160.130005,17118,0.1818,hold,,,0.0,,,0,0.0,75.175011,37023,0.1846,hold,,,0.0,,,0,0.0
2012-03-21,15101244,214,False,False,,109.690857,41564,0.3019,hold,,,0.0,,,0,0.0,0.583923,8536548,0.3301,hold,,,0.0,,,0,0.0,160.210007,17118,0.1816,hold,,,0.0,,,0,0.0,76.025116,37023,0.1864,hold,,,0.0,,,0,0.0
2012-03-22,15036385,214,False,False,,108.900711,41564,0.301,hold,,,0.0,,,0,0.0,0.580394,8536548,0.3295,hold,,,0.0,,,0,0.0,159.570007,17118,0.1817,hold,,,0.0,,,0,0.0,76.26992,37023,0.1878,hold,,,0.0,,,0,0.0
2012-03-23,15104470,214,False,False,,109.252747,41564,0.3006,hold,,,0.0,,,0,0.0,0.579599,8536548,0.3276,hold,,,0.0,,,0,0.0,161.529999,17118,0.1831,hold,,,0.0,,,0,0.0,76.990776,37023,0.1887,hold,,,0.0,,,0,0.0
2012-03-26,15461133,214,False,False,,110.786163,41564,0.2978,hold,,,0.0,,,0,0.0,0.609869,8536548,0.3367,hold,,,0.0,,,0,0.0,164.399994,17118,0.182,hold,,,0.0,,,0,0.0,76.596375,37023,0.1834,hold,,,0.0,,,0,0.0
2012-03-27,15467294,214,False,False,,110.441917,41564,0.2968,hold,,,0.0,,,0,0.0,0.612204,8536548,0.3379,hold,,,0.0,,,0,0.0,163.240005,17118,0.1807,hold,,,0.0,,,0,0.0,77.147209,37023,0.1847,hold,,,0.0,,,0,0.0
2012-03-28,15349794,214,False,False,,109.894318,41564,0.2976,hold,,,0.0,,,0,0.0,0.605047,8536548,0.3365,hold,,,0.0,,,0,0.0,161.509995,17118,0.1801,hold,,,0.0,,,0,0.0,77.038376,37023,0.1858,hold,,,0.0,,,0,0.0
2012-03-29,15306416,214,False,False,,109.70652,41564,0.2979,hold,,,0.0,,,0,0.0,0.598834,8536548,0.334,hold,,,0.0,,,0,0.0,161.279999,17118,0.1804,hold,,,0.0,,,0,0.0,77.61647,37023,0.1877,hold,,,0.0,,,0,0.0
2012-03-30,15255421,214,False,False,,110.160255,41564,0.3001,hold,,,0.0,,,0,0.0,0.594659,8536548,0.3328,hold,,,0.0,,,0,0.0,162.119995,17118,0.1819,hold,,,0.0,,,0,0.0,76.303947,37023,0.1852,hold,,,0.0,,,0,0.0
2012-04-02,15473470,214,True,False,,110.966057,41564,0.2981,hold,INCREASE_TO_TARGET,rebalance 2012-04-02,29848.0,,,0,0.0,0.612801,8536548,0.3381,hold,REDUCE_TO_TARGET,rebalance 2012-04-02,-589164.0,,,0,0.0,162.940002,17118,0.1803,hold,INCREASE_TO_TARGET,rebalance 2012-04-02,305487.0,,,0,0.0,76.726646,37023,0.1836,hold,INCREASE_TO_TARGET,rebalance 2012-04-02,254043.0,,,0,0.0
2012-04-03,15340843,219,False,True,monthly,110.512344,41832,0.3013,hold,,,0.0,INCREASE_TO_TARGET,buy,268,110.809635,0.612851,7576432,0.3027,hold,,,0.0,REDUCE_TO_TARGET,sell,960116,0.613639,159.889999,18983,0.1979,hold,,,0.0,INCREASE_TO_TARGET,buy,1865,163.229996,75.397079,40310,0.1981,hold,,,0.0,INCREASE_TO_TARGET,buy,3287,77.053934
2012-04-04,15096509,219,False,False,,109.417053,41832,0.3032,hold,,,0.0,,,0,0.0,0.58785,7576432,0.295,hold,,,0.0,,,0,0.0,157.210007,18983,0.1977,hold,,,0.0,,,0,0.0,76.433472,40310,0.2041,hold,,,0.0,,,0,0.0
2012-04-05,15218703,219,False,False,,109.362297,41832,0.3006,hold,,,0.0,,,0,0.0,0.598586,7576432,0.298,hold,,,0.0,,,0,0.0,158.309998,18983,0.1975,hold,,,0.0,,,0,0.0,76.985764,40310,0.2039,hold,,,0.0,,,0,0.0
2012-04-09,15155693,219,False,False,,108.134056,41832,0.2985,hold,,,0.0,,,0,0.0,0.584818,7576432,0.2924,hold,,,0.0,,,0,0.0,159.369995,18983,0.1996,hold,,,0.0,,,0,0.0,78.785805,40310,0.2095,hold,,,0.0,,,0,0.0
2012-04-10,14934714,219,False,False,,106.319016,41832,0.2978,hold,,,0.0,,,0,0.0,0.556586,7576432,0.2824,hold,,,0.0,,,0,0.0,161.100006,18983,0.2048,hold,,,0.0,,,0,0.0,79.679016,40310,0.2151,hold,,,0.0,,,0,0.0
2012-04-11,14992668,219,False,False,,107.179535,41832,0.299,hold,,,0.0,,,0,0.0,0.564638,7576432,0.2853,hold,,,0.0,,,0,0.0,161.070007,18983,0.2039,hold,,,0.0,,,0,0.0,78.724419,40310,0.2117,hold,,,0.0,,,0,0.0
2012-04-12,15212474,219,False,False,,108.579956,41832,0.2986,hold,,,0.0,,,0,0.0,0.583575,7576432,0.2906,hold,,,0.0,,,0,0.0,162.699997,18983,0.203,hold,,,0.0,,,0,0.0,78.397141,40310,0.2077,hold,,,0.0,,,0,0.0
2012-04-13,14974516,219,False,False,,107.289131,41832,0.2997,hold,,,0.0,,,0,0.0,0.557182,7576432,0.2819,hold,,,0.0,,,0,0.0,160.850006,18983,0.2039,hold,,,0.0,,,0,0.0,79.665367,40310,0.2145,hold,,,0.0,,,0,0.0
2012-04-16,14826565,219,False,False,,107.218712,41832,0.3025,hold,,,0.0,,,0,0.0,0.539637,7576432,0.2758,hold,,,0.0,,,0,0.0,160.460007,18983,0.2054,hold,,,0.0,,,0,0.0,79.549446,40310,0.2163,hold,,,0.0,,,0,0.0
2012-04-17,15128096,219,False,False,,108.806862,41832,0.3009,hold,,,0.0,,,0,0.0,0.571447,7576432,0.2862,hold,,,0.0,,,0,0.0,160.25,18983,0.2011,hold,,,0.0,,,0,0.0,79.501709,40310,0.2118,hold,,,0.0,,,0,0.0
2012-04-18,15072582,219,False,False,,108.43914,41832,0.301,hold,,,0.0,,,0,0.0,0.567272,7576432,0.2851,hold,,,0.0,,,0,0.0,159.309998,18983,0.2006,hold,,,0.0,,,0,0.0,79.733521,40310,0.2132,hold,,,0.0,,,0,0.0
2012-04-19,14909797,219,False,False,,107.742859,41832,0.3023,hold,,,0.0,,,0,0.0,0.548931,7576432,0.2789,hold,,,0.0,,,0,0.0,159.429993,18983,0.203,hold,,,0.0,,,0,0.0,79.808517,40310,0.2158,hold,,,0.0,,,0,0.0
2012-04-20,14875148,219,False,False,,107.922798,41832,0.3035,hold,,,0.0,,,0,0.0,0.543016,7576432,0.2766,hold,,,0.0,,,0,0.0,159.539993,18983,0.2036,hold,,,0.0,,,0,0.0,79.822174,40310,0.2163,hold,,,0.0,,,0,0.0
2012-04-23,14748070,219,False,False,,107.015297,41832,0.3035,hold,,,0.0,,,0,0.0,0.529348,7576432,0.2719,hold,,,0.0,,,0,0.0,159.070007,18983,0.2047,hold,,,0.0,,,0,0.0,80.401703,40310,0.2198,hold,,,0.0,,,0,0.0
2012-04-24,14675849,219,False,False,,107.422127,41832,0.3062,hold,,,0.0,,,0,0.0,0.520004,7576432,0.2685,hold,,,0.0,,,0,0.0,159.300003,18983,0.2061,hold,,,0.0,,,0,0.0,79.8358,40310,0.2193,hold,,,0.0,,,0,0.0
2012-04-25,15039897,219,False,False,,108.892921,41832,0.3029,hold,,,0.0,,,0,0.0,0.561308,7576432,0.2828,hold,,,0.0,,,0,0.0,159.619995,18983,0.2015,hold,,,0.0,,,0,0.0,79.42672,40310,0.2129,hold,,,0.0,,,0,0.0
2012-04-26,15193711,219,False,False,,109.651726,41832,0.3019,hold,,,0.0,,,0,0.0,0.571348,7576432,0.2849,hold,,,0.0,,,0,0.0,161.029999,18983,0.2012,hold,,,0.0,,,0,0.0,79.903984,40310,0.212,hold,,,0.0,,,0,0.0
2012-04-27,15284813,219,False,False,,109.831711,41832,0.3006,hold,,,0.0,,,0,0.0,0.581139,7576432,0.2881,hold,,,0.0,,,0,0.0,161.380005,18983,0.2004,hold,,,0.0,,,0,0.0,79.972153,40310,0.2109,hold,,,0.0,,,0,0.0
2012-04-30,15186603,219,False,False,,109.42485,41832,0.3014,hold,,,0.0,,,0,0.0,0.569061,7576432,0.2839,hold,,,0.0,,,0,0.0,161.880005,18983,0.2023,hold,,,0.0,,,0,0.0,79.992645,40310,0.2123,hold,,,0.0,,,0,0.0
2012-05-01,15212209,219,True,False,,110.105522,41832,0.3028,hold,,,0.0,,,0,0.0,0.572293,7576432,0.285,hold,,,0.0,,,0,0.0,161.320007,18983,0.2013,hold,,,0.0,,,0,0.0,79.577751,40310,0.2109,hold,,,0.0,,,0,0.0
2012-05-02,15235815,219,False,False,,109.776947,41832,0.3014,hold,,,0.0,,,0,0.0,0.57607,7576432,0.2865,hold,,,0.0,,,0,0.0,160.589996,18983,0.2001,hold,,,0.0,,,0,0.0,80.138237,40310,0.212,hold,,,0.0,,,0,0.0
2012-05-03,15033654,219,False,False,,108.939835,41832,0.3031,hold,,,0.0,,,0,0.0,0.558177,7576432,0.2813,hold,,,0.0,,,0,0.0,158.970001,18983,0.2007,hold,,,0.0,,,0,0.0,80.117752,40310,0.2148,hold,,,0.0,,,0,0.0
2012-05-04,14684546,219,False,False,,107.179535,41832,0.3053,hold,,,0.0,,,0,0.0,0.51722,7576432,0.2669,hold,,,0.0,,,0,0.0,159.470001,18983,0.2061,hold,,,0.0,,,0,0.0,80.746521,40310,0.2217,hold,,,0.0,,,0,0.0
2012-05-07,14686614,219,False,False,,107.257843,41832,0.3055,hold,,,0.0,,,0,0.0,0.517965,7576432,0.2672,hold,,,0.0,,,0,0.0,159.080002,18983,0.2056,hold,,,0.0,,,0,0.0,80.760185,40310,0.2217,hold,,,0.0,,,0,0.0
2012-05-08,14584205,219,False,False,,106.827553,41832,0.3064,hold,,,0.0,,,0,0.0,0.51225,7576432,0.2661,hold,,,0.0,,,0,0.0,156.0,18983,0.2031,hold,,,0.0,,,0,0.0,81.190796,40310,0.2244,hold,,,0.0,,,0,0.0
2012-05-09,14509384,219,False,False,,106.193855,41832,0.3062,hold,,,0.0,,,0,0.0,0.509416,7576432,0.266,hold,,,0.0,,,0,0.0,154.470001,18983,0.2021,hold,,,0.0,,,0,0.0,81.245445,40310,0.2257,hold,,,0.0,,,0,0.0
2012-05-10,14475059,219,False,False,,106.412926,41832,0.3075,hold,,,0.0,,,0,0.0,0.504197,7576432,0.2639,hold,,,0.0,,,0,0.0,154.770004,18983,0.203,hold,,,0.0,,,0,0.0,81.006241,40310,0.2256,hold,,,0.0,,,0,0.0
2012-05-11,14461912,219,False,False,,106.092155,41832,0.3069,hold,,,0.0,,,0,0.0,0.503701,7576432,0.2639,hold,,,0.0,,,0,0.0,153.559998,18983,0.2016,hold,,,0.0,,,0,0.0,81.676033,40310,0.2277,hold,,,0.0,,,0,0.0
2012-05-14,14311051,219,False,False,,104.918671,41832,0.3067,hold,,,0.0,,,0,0.0,0.489783,7576432,0.2593,hold,,,0.0,,,0,0.0,151.330002,18983,0.2007,hold,,,0.0,,,0,0.0,82.817406,40310,0.2333,hold,,,0.0,,,0,0.0
2012-05-15,14236790,219,False,False,,104.316284,41832,0.3065,hold,,,0.0,,,0,0.0,0.485509,7576432,0.2584,hold,,,0.0,,,0,0.0,149.740005,18983,0.1997,hold,,,0.0,,,0,0.0,83.152374,40310,0.2354,hold,,,0.0,,,0,0.0
2012-05-16,14144584,219,False,False,,103.917282,41832,0.3073,hold,,,0.0,,,0,0.0,0.474971,7576432,0.2544,hold,,,0.0,,,0,0.0,149.460007,18983,0.2006,hold,,,0.0,,,0,0.0,83.391548,40310,0.2377,hold,,,0.0,,,0,0.0
2012-05-17,13981598,219,False,False,,102.376053,41832,0.3063,hold,REDUCE_TO_TARGET,rebalance 2012-05-17,-88116.0,,,0,0.0,0.445745,7576432,0.2415,hold,INCREASE_TO_TARGET,rebalance 2012-05-17,817323.0,,,0,0.0,152.800003,18983,0.2075,hold,REDUCE_TO_TARGET,rebalance 2012-05-17,-104283.0,,,0,0.0,84.867905,40310,0.2447,hold,REDUCE_TO_TARGET,rebalance 2012-05-17,-624706.0,,,0,0.0
2012-05-18,13794874,0,False,True,daily,101.49987,40973,0.3015,hold,,,0.0,REDUCE_TO_TARGET,sell,859,102.46674,0.427852,9387135,0.2911,hold,,,0.0,INCREASE_TO_TARGET,buy,1810703,0.449921,154.550003,18306,0.2051,hold,,,0.0,REDUCE_TO_TARGET,sell,677,153.996627,84.888451,32874,0.2023,hold,,,0.0,REDUCE_TO_TARGET,sell,7436,84.000054
2012-05-21,14200149,0,False,False,,103.244453,40973,0.2979,hold,,,0.0,,,0,0.0,0.463838,9387135,0.3066,hold,,,0.0,,,0,0.0,154.649994,18306,0.1994,hold,,,0.0,,,0,0.0,84.710739,32874,0.1961,hold,,,0.0,,,0,0.0
2012-05-22,14113602,0,False,False,,103.424377,40973,0.3002,hold,,,0.0,,,0,0.0,0.462148,9387135,0.3074,hold,,,0.0,,,0,0.0,152.080002,18306,0.1973,hold,,,0.0,,,0,0.0,83.767487,32874,0.1951,hold,,,0.0,,,0,0.0
2012-05-23,14150789,0,False,False,,103.479141,40973,0.2996,hold,,,0.0,,,0,0.0,0.464733,9387135,0.3083,hold,,,0.0,,,0,0.0,151.619995,18306,0.1961,hold,,,0.0,,,0,0.0,84.348442,32874,0.196,hold,,,0.0,,,0,0.0
2012-05-24,14066328,0,False,False,,103.682579,40973,0.302,hold,,,0.0,,,0,0.0,0.456382,9387135,0.3046,hold,,,0.0,,,0,0.0,151.410004,18306,0.197,hold,,,0.0,,,0,0.0,84.027206,32874,0.1964,hold,,,0.0,,,0,0.0
2012-05-25,14061873,0,False,False,,103.346184,40973,0.3011,hold,,,0.0,,,0,0.0,0.453798,9387135,0.3029,hold,,,0.0,,,0,0.0,152.679993,18306,0.1988,hold,,,0.0,,,0,0.0,84.341629,32874,0.1972,hold,,,0.0,,,0,0.0
2012-05-29,14232867,0,False,False,,104.597916,40973,0.3011,hold,,,0.0,,,0,0.0,0.470697,9387135,0.3104,hold,,,0.0,,,0,0.0,151.020004,18306,0.1942,hold,,,0.0,,,0,0.0,84.081894,32874,0.1942,hold,,,0.0,,,0,0.0
2012-05-30,14149764,0,False,False,,103.080193,40973,0.2985,hold,,,0.0,,,0,0.0,0.459265,9387135,0.3047,hold,,,0.0,,,0,0.0,151.910004,18306,0.1965,hold,,,0.0,,,0,0.0,86.214401,32874,0.2003,hold,,,0.0,,,0,0.0
2012-05-31,14106373,0,False,False,,102.853302,40973,0.2987,hold,,,0.0,,,0,0.0,0.452704,9387135,0.3013,hold,,,0.0,,,0,0.0,151.619995,18306,0.1968,hold,,,0.0,,,0,0.0,87.21225,32874,0.2032,hold,,,0.0,,,0,0.0
2012-06-01,13841905,0,True,False,,100.263771,40973,0.2968,hold,,,0.0,,,0,0.0,0.417116,9387135,0.2829,hold,,,0.0,,,0,0.0,157.5,18306,0.2083,hold,,,0.0,,,0,0.0,89.282654,32874,0.212,hold,,,0.0,,,0,0.0
2012-06-04,13897483,0,False,False,,100.21682,40973,0.2955,hold,,,0.0,,,0,0.0,0.426063,9387135,0.2878,hold,,,0.0,,,0,0.0,157.320007,18306,0.2072,hold,,,0.0,,,0,0.0,88.577232,32874,0.2095,hold,,,0.0,,,0,0.0
2012-06-05,13941386,0,False,False,,100.975693,40973,0.2968,hold,,,0.0,,,0,0.0,0.431928,9387135,0.2908,hold,,,0.0,,,0,0.0,157.139999,18306,0.2063,hold,,,0.0,,,0,0.0,87.39238,32874,0.2061,hold,,,0.0,,,0,0.0
2012-06-06,14255366,0,False,False,,103.244453,40973,0.2967,hold,,,0.0,,,0,0.0,0.461453,9387135,0.3039,hold,,,0.0,,,0,0.0,157.210007,18306,0.2019,hold,,,0.0,,,0,0.0,85.645874,32874,0.1975,hold,,,0.0,,,0,0.0
2012-06-07,14164067,0,False,False,,103.307045,40973,0.2988,hold,,,0.0,,,0,0.0,0.456283,9387135,0.3024,hold,,,0.0,,,0,0.0,154.5,18306,0.1997,hold,,,0.0,,,0,0.0,85.776001,32874,0.1991,hold,,,0.0,,,0,0.0
2012-06-08,14327243,0,False,False,,104.128494,40973,0.2978,hold,,,0.0,,,0,0.0,0.469704,9387135,0.3077,hold,,,0.0,,,0,0.0,154.729996,18306,0.1977,hold,,,0.0,,,0,0.0,85.755432,32874,0.1968,hold,,,0.0,,,0,0.0
2012-06-11,14086540,0,False,False,,102.806358,40973,0.299,hold,,,0.0,,,0,0.0,0.447237,9387135,0.298,hold,,,0.0,,,0,0.0,155.360001,18306,0.2019,hold,,,0.0,,,0,0.0,86.145912,32874,0.201,hold,,,0.0,,,0,0.0
2012-06-12,14261692,0,False,False,,103.987679,40973,0.2988,hold,,,0.0,,,0,0.0,0.461353,9387135,0.3037,hold,,,0.0,,,0,0.0,156.460007,18306,0.2008,hold,,,0.0,,,0,0.0,85.358185,32874,0.1968,hold,,,0.0,,,0,0.0
2012-06-13,14189297,0,False,False,,103.322685,40973,0.2984,hold,,,0.0,,,0,0.0,0.452306,9387135,0.2992,hold,,,0.0,,,0,0.0,157.119995,18306,0.2027,hold,,,0.0,,,0,0.0,86.200661,32874,0.1997,hold,,,0.0,,,0,0.0
2012-06-14,14289707,0,False,False,,104.417953,40973,0.2994,hold,,,0.0,,,0,0.0,0.457377,9387135,0.3005,hold,,,0.0,,,0,0.0,157.75,18306,0.2021,hold,,,0.0,,,0,0.0,86.091103,32874,0.1981,hold,,,0.0,,,0,0.0
2012-06-15,14509506,0,False,False,,105.485886,40973,0.2979,hold,,,0.0,,,0,0.0,0.474276,9387135,0.3068,hold,,,0.0,,,0,0.0,157.839996,18306,0.1991,hold,,,0.0,,,0,0.0,86.570557,32874,0.1961,hold,,,0.0,,,0,0.0
2012-06-18,14649616,0,False,False,,105.690331,40973,0.2956,hold,,,0.0,,,0,0.0,0.486503,9387135,0.3117,hold,,,0.0,,,0,0.0,157.929993,18306,0.1973,hold,,,0.0,,,0,0.0,87.036247,32874,0.1953,hold,,,0.0,,,0,0.0
2012-06-19,14790273,0,False,False,,106.712639,40973,0.2956,hold,,,0.0,,,0,0.0,0.502508,9387135,0.3189,hold,,,0.0,,,0,0.0,157.160004,18306,0.1945,hold,,,0.0,,,0,0.0,85.899323,32874,0.1909,hold,,,0.0,,,0,0.0
2012-06-20,14792163,0,False,False,,106.539627,40973,0.2951,hold,,,0.0,,,0,0.0,0.504298,9387135,0.32,hold,,,0.0,,,0,0.0,155.970001,18306,0.193,hold,,,0.0,,,0,0.0,86.323967,32874,0.1918,hold,,,0.0,,,0,0.0
2012-06-21,14282380,0,False,False,,104.14904,40973,0.2988,hold,,,0.0,,,0,0.0,0.466522,9387135,0.3066,hold,,,0.0,,,0,0.0,152.020004,18306,0.1948,hold,,,0.0,,,0,0.0,86.782799,32874,0.1997,hold,,,0.0,,,0,0.0
2012-06-22,14424790,0,False,False,,104.951157,40973,0.2981,hold,,,0.0,,,0,0.0,0.481036,9387135,0.313,hold,,,0.0,,,0,0.0,152.639999,18306,0.1937,hold,,,0.0,,,0,0.0,85.625359,32874,0.1951,hold,,,0.0,,,0,0.0
2012-06-25,14149502,0,False,False,,103.268265,40973,0.299,hold,,,0.0,,,0,0.0,0.452506,9387135,0.3002,hold,,,0.0,,,0,0.0,153.759995,18306,0.1989,hold,,,0.0,,,0,0.0,86.871872,32874,0.2018,hold,,,0.0,,,0,0.0
2012-06-26,14220750,0,False,False,,103.787292,40973,0.299,hold,,,0.0,,,0,0.0,0.461253,9387135,0.3045,hold,,,0.0,,,0,0.0,152.619995,18306,0.1965,hold,,,0.0,,,0,0.0,86.529388,32874,0.2,hold,,,0.0,,,0,0.0
2012-06-27,14346771,0,False,False,,104.723083,40973,0.2991,hold,,,0.0,,,0,0.0,0.469704,9387135,0.3073,hold,,,0.0,,,0,0.0,152.830002,18306,0.195,hold,,,0.0,,,0,0.0,86.666397,32874,0.1986,hold,,,0.0,,,0,0.0
2012-06-28,14150279,0,False,False,,104.424232,40973,0.3024,hold,,,0.0,,,0,0.0,0.452804,9387135,0.3004,hold,,,0.0,,,0,0.0,151.050003,18306,0.1954,hold,,,0.0,,,0,0.0,86.878708,32874,0.2018,hold,,,0.0,,,0,0.0
2012-06-29,14710815,0,False,False,,107.027161,40973,0.2981,hold,,,0.0,,,0,0.0,0.49704,9387135,0.3172,hold,,,0.0,,,0,0.0,155.190002,18306,0.1931,hold,,,0.0,,,0,0.0,85.74865,32874,0.1916,hold,,,0.0,,,0,0.0
2012-07-02,14788614,0,True,False,,107.349617,40973,0.2974,hold,,,0.0,,,0,0.0,0.501017,9387135,0.318,hold,,,0.0,,,0,0.0,155.089996,18306,0.192,hold,,,0.0,,,0,0.0,86.633385,32874,0.1926,hold,,,0.0,,,0,0.0
2012-07-03,14951089,0,False,False,,108.057343,40973,0.2961,hold,,,0.0,,,0,0.0,0.512946,9387135,0.3221,hold,,,0.0,,,0,0.0,157.460007,18306,0.1928,hold,,,0.0,,,0,0.0,85.967606,32874,0.189,hold,,,0.0,,,0,0.0
2012-07-05,14929761,0,False,False,,107.569801,40973,0.2952,hold,,,0.0,,,0,0.0,0.514735,9387135,0.3236,hold,,,0.0,,,0,0.0,155.679993,18306,0.1909,hold,,,0.0,,,0,0.0,86.40683,32874,0.1903,hold,,,0.0,,,0,0.0
2012-07-06,14687851,0,False,False,,106.547531,40973,0.2972,hold,,,0.0,,,0,0.0,0.494456,9387135,0.316,hold,,,0.0,,,0,0.0,153.710007,18306,0.1916,hold,,,0.0,,,0,0.0,87.2099,32874,0.1952,hold,,,0.0,,,0,0.0
2012-07-09,14697820,0,False,False,,106.413818,40973,0.2966,hold,,,0.0,,,0,0.0,0.492766,9387135,0.3147,hold,,,0.0,,,0,0.0,154.039993,18306,0.1919,hold,,,0.0,,,0,0.0,87.97863,32874,0.1968,hold,,,0.0,,,0,0.0
2012-07-10,14489230,0,False,False,,105.485886,40973,0.2983,hold,,,0.0,,,0,0.0,0.477656,9387135,0.3095,hold,,,0.0,,,0,0.0,152.149994,18306,0.1922,hold,,,0.0,,,0,0.0,88.157112,32874,0.2,hold,,,0.0,,,0,0.0
2012-07-11,14447271,0,False,False,,105.50164,40973,0.2992,hold,,,0.0,,,0,0.0,0.471095,9387135,0.3061,hold,,,0.0,,,0,0.0,152.990005,18306,0.1939,hold,,,0.0,,,0,0.0,88.266869,32874,0.2008,hold,,,0.0,,,0,0.0
2012-07-12,14311696,0,False,False,,104.99044,40973,0.3006,hold,,,0.0,,,0,0.0,0.457476,9387135,0.3001,hold,,,0.0,,,0,0.0,152.589996,18306,0.1952,hold,,,0.0,,,0,0.0,88.891541,32874,0.2042,hold,,,0.0,,,0,0.0
2012-07-13,14591199,0,False,False,,106.751953,40973,0.2998,hold,,,0.0,,,0,0.0,0.477357,9387135,0.3071,hold,,,0.0,,,0,0.0,154.139999,18306,0.1934,hold,,,0.0,,,0,0.0,88.65818,32874,0.1997,hold,,,0.0,,,0,0.0
2012-07-16,14562121,0,False,False,,106.50029,40973,0.2997,hold,,,0.0,,,0,0.0,0.473779,9387135,0.3054,hold,,,0.0,,,0,0.0,154.210007,18306,0.1939,hold,,,0.0,,,0,0.0,89.07003,32874,0.2011,hold,,,0.0,,,0,0.0
2012-07-17,14623645,0,False,False,,107.231628,40973,0.3004,hold,,,0.0,,,0,0.0,0.481036,9387135,0.3088,hold,,,0.0,,,0,0.0,153.470001,18306,0.1921,hold,,,0.0,,,0,0.0,88.369888,32874,0.1987,hold,,,0.0,,,0,0.0
2012-07-18,14833905,0,False,False,,108.025864,40973,0.2984,hold,,,0.0,,,0,0.0,0.500619,9387135,0.3168,hold,,,0.0,,,0,0.0,153.050003,18306,0.1889,hold,,,0.0,,,0,0.0,88.417892,32874,0.1959,hold,,,0.0,,,0,0.0
2012-07-19,14997149,0,False,False,,108.308975,40973,0.2959,hold,,,0.0,,,0,0.0,0.516923,9387135,0.3236,hold,,,0.0,,,0,0.0,153.380005,18306,0.1872,hold,,,0.0,,,0,0.0,88.191429,32874,0.1933,hold,,,0.0,,,0,0.0
2012-07-20,14810641,0,False,False,,107.318161,40973,0.2969,hold,,,0.0,,,0,0.0,0.49704,9387135,0.315,hold,,,0.0,,,0,0.0,153.669998,18306,0.1899,hold,,,0.0,,,0,0.0,89.268997,32874,0.1981,hold,,,0.0,,,0,0.0
2012-07-23,14598303,0,False,False,,106.232933,40973,0.2982,hold,,,0.0,,,0,0.0,0.47865,9387135,0.3078,hold,,,0.0,,,0,0.0,153.029999,18306,0.1919,hold,,,0.0,,,0,0.0,89.770088,32874,0.2022,hold,,,0.0,,,0,0.0
2012-07-24,14490488,0,False,False,,105.320709,40973,0.2978,hold,,,0.0,,,0,0.0,0.467715,9387135,0.303,hold,,,0.0,,,0,0.0,153.520004,18306,0.1939,hold,,,0.0,,,0,0.0,90.477013,32874,0.2053,hold,,,0.0,,,0,0.0
2012-07-25,14440512,0,False,False,,105.344337,40973,0.2989,hold,,,0.0,,,0,0.0,0.457278,9387135,0.2973,hold,,,0.0,,,0,0.0,155.669998,18306,0.1973,hold,,,0.0,,,0,0.0,90.710388,32874,0.2065,hold,,,0.0,,,0,0.0
2012-07-26,14672517,0,False,False,,107.082214,40973,0.299,hold,,,0.0,,,0,0.0,0.475171,9387135,0.304,hold,,,0.0,,,0,0.0,156.770004,18306,0.1956,hold,,,0.0,,,0,0.0,89.879883,32874,0.2014,hold,,,0.0,,,0,0.0
2012-07-27,15049552,0,False,False,,109.056084,40973,0.2969,hold,,,0.0,,,0,0.0,0.511156,9387135,0.3188,hold,,,0.0,,,0,0.0,157.539993,18306,0.1916,hold,,,0.0,,,0,0.0,88.18457,32874,0.1926,hold,,,0.0,,,0,0.0
2012-07-30,15040278,0,False,False,,109.056084,40973,0.2971,hold,,,0.0,,,0,0.0,0.508075,9387135,0.3171,hold,,,0.0,,,0,0.0,157.429993,18306,0.1916,hold,,,0.0,,,0,0.0,88.843483,32874,0.1942,hold,,,0.0,,,0,0.0
2012-07-31,15000469,0,False,False,,108.293266,40973,0.2958,hold,,,0.0,,,0,0.0,0.508372,9387135,0.3181,hold,,,0.0,,,0,0.0,156.490005,18306,0.191,hold,,,0.0,,,0,0.0,89.021896,32874,0.1951,hold,,,0.0,,,0,0.0
2012-08-01,14910607,0,True,False,,108.198906,40973,0.2973,hold,,,0.0,,,0,0.0,0.503402,9387135,0.3169,hold,,,0.0,,,0,0.0,155.139999,18306,0.1905,hold,,,0.0,,,0,0.0,88.57692,32874,0.1953,hold,,,0.0,,,0,0.0
2012-08-02,14828564,0,False,False,,107.451851,40973,0.2969,hold,,,0.0,,,0,0.0,0.498134,9387135,0.3153,hold,,,0.0,,,0,0.0,154.130005,18306,0.1903,hold,,,0.0,,,0,0.0,89.079018,32874,0.1975,hold,,,0.0,,,0,0.0
2012-08-03,15160566,0,False,False,,109.58297,40973,0.2962,hold,,,0.0,,,0,0.0,0.526465,9387135,0.326,hold,,,0.0,,,0,0.0,155.550003,18306,0.1878,hold,,,0.0,,,0,0.0,87.641479,32874,0.19,hold,,,0.0,,,0,0.0
2012-08-06,15295175,0,False,False,,109.795296,40973,0.2941,hold,,,0.0,,,0,0.0,0.538295,9387135,0.3304,hold,,,0.0,,,0,0.0,156.300003,18306,0.1871,hold,,,0.0,,,0,0.0,87.675873,32874,0.1884,hold,,,0.0,,,0,0.0
2012-08-07,15405326,0,False,False,,110.345757,40973,0.2935,hold,,,0.0,,,0,0.0,0.551616,9387135,0.3361,hold,,,0.0,,,0,0.0,156.279999,18306,0.1857,hold,,,0.0,,,0,0.0,86.547829,32874,0.1847,hold,,,0.0,,,0,0.0
2012-08-08,15390905,0,False,False,,110.479424,40973,0.2941,hold,,,0.0,,,0,0.0,0.55072,9387135,0.3359,hold,,,0.0,,,0,0.0,156.479996,18306,0.1861,hold,,,0.0,,,0,0.0,86.087029,32874,0.1839,hold,,,0.0,,,0,0.0
2012-08-09,15445937,0,False,False,,110.573799,40973,0.2933,hold,,,0.0,,,0,0.0,0.555393,9387135,0.3375,hold,,,0.0,,,0,0.0,156.990005,18306,0.1861,hold,,,0.0,,,0,0.0,86.025078,32874,0.1831,hold,,,0.0,,,0,0.0
2012-08-10,15492532,0,False,False,,110.754662,40973,0.2929,hold,,,0.0,,,0,0.0,0.557679,9387135,0.3379,hold,,,0.0,,,0,0.0,157.179993,18306,0.1857,hold,,,0.0,,,0,0.0,86.458488,32874,0.1835,hold,,,0.0,,,0,0.0
2012-08-13,15495471,0,False,False,,110.6996,40973,0.2927,hold,,,0.0,,,0,0.0,0.561059,9387135,0.3399,hold,,,0.0,,,0,0.0,155.990005,18306,0.1843,hold,,,0.0,,,0,0.0,86.313988,32874,0.1831,hold,,,0.0,,,0,0.0
2012-08-14,15449396,0,False,False,,110.71534,40973,0.2936,hold,,,0.0,,,0,0.0,0.561854,9387135,0.3414,hold,,,0.0,,,0,0.0,155.130005,18306,0.1838,hold,,,0.0,,,0,0.0,85.144691,32874,0.1812,hold,,,0.0,,,0,0.0
2012-08-15,15461696,0,False,False,,110.841225,40973,0.2937,hold,,,0.0,,,0,0.0,0.565831,9387135,0.3435,hold,,,0.0,,,0,0.0,155.630005,18306,0.1843,hold,,,0.0,,,0,0.0,83.947914,32874,0.1785,hold,,,0.0,,,0,0.0
2012-08-16,15679072,0,False,False,,111.658989,40973,0.2918,hold,,,0.0,,,0,0.0,0.58611,9387135,0.3509,hold,,,0.0,,,0,0.0,156.559998,18306,0.1828,hold,,,0.0,,,0,0.0,83.232552,32874,0.1745,hold,,,0.0,,,0,0.0
2012-08-17,15777049,0,False,False,,111.808411,40973,0.2904,hold,,,0.0,,,0,0.0,0.594162,9387135,0.3535,hold,,,0.0,,,0,0.0,156.720001,18306,0.1818,hold,,,0.0,,,0,0.0,83.638374,32874,0.1743,hold,,,0.0,,,0,0.0
2012-08-20,15814370,0,False,False,,111.816277,40973,0.2897,hold,,,0.0,,,0,0.0,0.596448,9387135,0.354,hold,,,0.0,,,0,0.0,157.259995,18306,0.182,hold,,,0.0,,,0,0.0,83.810356,32874,0.1742,hold,,,0.0,,,0,0.0
2012-08-21,15777090,0,False,False,,111.478149,40973,0.2895,hold,,,0.0,,,0,0.0,0.58959,9387135,0.3508,hold,,,0.0,,,0,0.0,158.830002,18306,0.1843,hold,,,0.0,,,0,0.0,84.181816,32874,0.1754,hold,,,0.0,,,0,0.0
2012-08-22,15915712,0,False,False,,111.52536,40973,0.2871,hold,,,0.0,,,0,0.0,0.595951,9387135,0.3515,hold,,,0.0,,,0,0.0,160.539993,18306,0.1847,hold,,,0.0,,,0,0.0,85.571136,32874,0.1767,hold,,,0.0,,,0,0.0
2012-08-23,15790700,0,False,False,,110.613136,40973,0.287,hold,,,0.0,,,0,0.0,0.58273,9387135,0.3464,hold,,,0.0,,,0,0.0,161.889999,18306,0.1877,hold,,,0.0,,,0,0.0,85.928833,32874,0.1789,hold,,,0.0,,,0,0.0
2012-08-24,15913882,0,False,False,,111.281563,40973,0.2865,hold,,,0.0,,,0,0.0,0.593068,9387135,0.3498,hold,,,0.0,,,0,0.0,161.970001,18306,0.1863,hold,,,0.0,,,0,0.0,85.846275,32874,0.1773,hold,,,0.0,,,0,0.0
2012-08-27,15947248,0,False,False,,111.305084,40973,0.286,hold,,,0.0,,,0,0.0,0.595951,9387135,0.3508,hold,,,0.0,,,0,0.0,161.360001,18306,0.1852,hold,,,0.0,,,0,0.0,86.348343,32874,0.178,hold,,,0.0,,,0,0.0
2012-08-28,15953720,0,False,False,,111.195068,40973,0.2856,hold,,,0.0,,,0,0.0,0.595852,9387135,0.3506,hold,,,0.0,,,0,0.0,161.639999,18306,0.1855,hold,,,0.0,,,0,0.0,86.55471,32874,0.1784,hold,,,0.0,,,0,0.0
2012-08-29,15927466,0,False,False,,111.281563,40973,0.2863,hold,,,0.0,,,0,0.0,0.59605,9387135,0.3513,hold,,,0.0,,,0,0.0,160.589996,18306,0.1846,hold,,,0.0,,,0,0.0,86.17643,32874,0.1779,hold,,,0.0,,,0,0.0
2012-08-30,15737255,0,False,False,,110.479424,40973,0.2876,hold,,,0.0,,,0,0.0,0.577859,9387135,0.3447,hold,,,0.0,,,0,0.0,160.520004,18306,0.1867,hold,,,0.0,,,0,0.0,86.623512,32874,0.181,hold,,,0.0,,,0,0.0
2012-08-31,15982537,0,False,False,,111.006294,40973,0.2846,hold,,,0.0,,,0,0.0,0.590186,9387135,0.3466,hold,,,0.0,,,0,0.0,164.220001,18306,0.1881,hold,,,0.0,,,0,0.0,87.847809,32874,0.1807,hold,,,0.0,,,0,0.0
2012-09-04,15956871,0,True,False,,110.90406,40973,0.2848,hold,INCREASE_TO_TARGET,rebalance 2012-09-04,242989.0,,,0,0.0,0.5877,9387135,0.3457,hold,REDUCE_TO_TARGET,rebalance 2012-09-04,-729758.0,,,0,0.0,164.479996,18306,0.1887,hold,INCREASE_TO_TARGET,rebalance 2012-09-04,180403.0,,,0,0.0,87.759575,32874,0.1808,hold,INCREASE_TO_TARGET,rebalance 2012-09-04,306366.0,,,0,0.0
2012-09-05,15908129,230,False,True,monthly,110.809715,43156,0.3006,hold,,,0.0,INCREASE_TO_TARGET,buy,2183,110.951259,0.585017,8138936,0.2993,hold,,,0.0,REDUCE_TO_TARGET,sell,1248199,0.584649,164.309998,19401,0.2004,hold,,,0.0,INCREASE_TO_TARGET,buy,1095,164.119995,87.346016,36368,0.1997,hold,,,0.0,INCREASE_TO_TARGET,buy,3494,87.414943
2012-09-06,16278281,230,False,False,,113.058746,43156,0.2997,hold,,,0.0,,,0,0.0,0.623687,8138936,0.3118,hold,,,0.0,,,0,0.0,164.889999,19401,0.1965,hold,,,0.0,,,0,0.0,85.891647,36368,0.1919,hold,,,0.0,,,0,0.0
2012-09-07,16329769,230,False,False,,113.499153,43156,0.3,hold,,,0.0,,,0,0.0,0.621002,8138936,0.3095,hold,,,0.0,,,0,0.0,168.440002,19401,0.2001,hold,,,0.0,,,0,0.0,85.491898,36368,0.1904,hold,,,0.0,,,0,0.0
2012-09-10,16101067,230,False,False,,112.854317,43156,0.3025,hold,,,0.0,,,0,0.0,0.598139,8138936,0.3024,hold,,,0.0,,,0,0.0,167.289993,19401,0.2016,hold,,,0.0,,,0,0.0,85.698608,36368,0.1936,hold,,,0.0,,,0,0.0
2012-09-11,16085887,230,False,False,,113.168892,43156,0.3036,hold,,,0.0,,,0,0.0,0.595554,8138936,0.3013,hold,,,0.0,,,0,0.0,167.899994,19401,0.2025,hold,,,0.0,,,0,0.0,85.161026,36368,0.1925,hold,,,0.0,,,0,0.0
2012-09-12,16106030,230,False,False,,113.546341,43156,0.3042,hold,,,0.0,,,0,0.0,0.600723,8138936,0.3036,hold,,,0.0,,,0,0.0,167.919998,19401,0.2023,hold,,,0.0,,,0,0.0,84.099541,36368,0.1899,hold,,,0.0,,,0,0.0
2012-09-13,16429410,230,False,False,,115.276344,43156,0.3028,hold,,,0.0,,,0,0.0,0.62468,8138936,0.3095,hold,,,0.0,,,0,0.0,171.309998,19401,0.2023,hold,,,0.0,,,0,0.0,83.768639,36368,0.1854,hold,,,0.0,,,0,0.0
2012-09-14,16510273,230,False,False,,115.787567,43156,0.3027,hold,,,0.0,,,0,0.0,0.640685,8138936,0.3158,hold,,,0.0,,,0,0.0,171.800003,19401,0.2019,hold,,,0.0,,,0,0.0,81.542236,36368,0.1796,hold,,,0.0,,,0,0.0
2012-09-17,16511450,230,False,False,,115.394348,43156,0.3016,hold,,,0.0,,,0,0.0,0.641878,8138936,0.3164,hold,,,0.0,,,0,0.0,170.399994,19401,0.2002,hold,,,0.0,,,0,0.0,82.521072,36368,0.1818,hold,,,0.0,,,0,0.0
2012-09-18,16557736,230,False,False,,115.299988,43156,0.3005,hold,,,0.0,,,0,0.0,0.643071,8138936,0.3161,hold,,,0.0,,,0,0.0,171.720001,19401,0.2012,hold,,,0.0,,,0,0.0,82.934593,36368,0.1822,hold,,,0.0,,,0,0.0
2012-09-19,16615430,230,False,False,,115.362923,43156,0.2996,hold,,,0.0,,,0,0.0,0.647345,8138936,0.3171,hold,,,0.0,,,0,0.0,171.740005,19401,0.2005,hold,,,0.0,,,0,0.0,83.479141,36368,0.1827,hold,,,0.0,,,0,0.0
2012-09-20,16605914,230,False,False,,115.370735,43156,0.2998,hold,,,0.0,,,0,0.0,0.645854,8138936,0.3165,hold,,,0.0,,,0,0.0,171.470001,19401,0.2003,hold,,,0.0,,,0,0.0,83.685928,36368,0.1833,hold,,,0.0,,,0,0.0
2012-09-21,16616848,230,False,False,,115.322502,43156,0.2995,hold,,,0.0,,,0,0.0,0.645854,8138936,0.3163,hold,,,0.0,,,0,0.0,171.960007,19401,0.2008,hold,,,0.0,,,0,0.0,83.782417,36368,0.1834,hold,,,0.0,,,0,0.0
2012-09-24,16518411,230,False,False,,115.148567,43156,0.3008,hold,,,0.0,,,0,0.0,0.633925,8138936,0.3123,hold,,,0.0,,,0,0.0,171.050003,19401,0.2009,hold,,,0.0,,,0,0.0,84.437233,36368,0.1859,hold,,,0.0,,,0,0.0
2012-09-25,16283310,230,False,False,,113.923203,43156,0.3019,hold,,,0.0,,,0,0.0,0.608477,8138936,0.3041,hold,,,0.0,,,0,0.0,170.770004,19401,0.2035,hold,,,0.0,,,0,0.0,85.271278,36368,0.1904,hold,,,0.0,,,0,0.0
2012-09-26,16140127,230,False,False,,113.282829,43156,0.3029,hold,,,0.0,,,0,0.0,0.592472,8138936,0.2988,hold,,,0.0,,,0,0.0,169.809998,19401,0.2041,hold,,,0.0,,,0,0.0,86.188065,36368,0.1942,hold,,,0.0,,,0,0.0
2012-09-27,16417662,230,False,False,,114.350082,43156,0.3006,hold,,,0.0,,,0,0.0,0.617623,8138936,0.3062,hold,,,0.0,,,0,0.0,172.339996,19401,0.2037,hold,,,0.0,,,0,0.0,85.574593,36368,0.1896,hold,,,0.0,,,0,0.0
2012-09-28,16267276,230,False,False,,113.820457,43156,0.302,hold,,,0.0,,,0,0.0,0.602811,8138936,0.3016,hold,,,0.0,,,0,0.0,171.889999,19401,0.205,hold,,,0.0,,,0,0.0,85.622841,36368,0.1914,hold,,,0.0,,,0,0.0
2012-10-01,16278513,230,True,False,,114.120811,43156,0.3025,hold,,,0.0,,,0,0.0,0.600226,8138936,0.3001,hold,,,0.0,,,0,0.0,172.289993,19401,0.2053,hold,,,0.0,,,0,0.0,85.940552,36368,0.192,hold,,,0.0,,,0,0.0
2012-10-02,16307231,230,False,False,,114.239449,43156,0.3023,hold,,,0.0,,,0,0.0,0.604103,8138936,0.3015,hold,,,0.0,,,0,0.0,172.100006,19401,0.2048,hold,,,0.0,,,0,0.0,85.823112,36368,0.1914,hold,,,0.0,,,0,0.0
2012-10-03,16427425,230,False,False,,114.705879,43156,0.3013,hold,,,0.0,,,0,0.0,0.615535,8138936,0.305,hold,,,0.0,,,0,0.0,172.410004,19401,0.2036,hold,,,0.0,,,0,0.0,85.850769,36368,0.1901,hold,,,0.0,,,0,0.0
2012-10-04,16505502,230,False,False,,115.528084,43156,0.3021,hold,,,0.0,,,0,0.0,0.622692,8138936,0.3071,hold,,,0.0,,,0,0.0,173.610001,19401,0.2041,hold,,,0.0,,,0,0.0,84.780113,36368,0.1868,hold,,,0.0,,,0,0.0
2012-10-05,16359317,230,False,False,,115.536003,43156,0.3048,hold,,,0.0,,,0,0.0,0.611956,8138936,0.3045,hold,,,0.0,,,0,0.0,172.619995,19401,0.2047,hold,,,0.0,,,0,0.0,83.681892,36368,0.186,hold,,,0.0,,,0,0.0
2012-10-08,16224945,230,False,False,,115.140694,43156,0.3063,hold,,,0.0,,,0,0.0,0.595753,8138936,0.2988,hold,,,0.0,,,0,0.0,172.050003,19401,0.2057,hold,,,0.0,,,0,0.0,84.386414,36368,0.1892,hold,,,0.0,,,0,0.0
2012-10-09,15900527,230,False,False,,114.002289,43156,0.3094,hold,,,0.0,,,0,0.0,0.565135,8138936,0.2893,hold,,,0.0,,,0,0.0,170.990005,19401,0.2086,hold,,,0.0,,,0,0.0,84.234474,36368,0.1927,hold,,,0.0,,,0,0.0
2012-10-10,15832006,230,False,False,,113.274933,43156,0.3088,hold,,,0.0,,,0,0.0,0.558276,8138936,0.287,hold,,,0.0,,,0,0.0,170.839996,19401,0.2094,hold,,,0.0,,,0,0.0,84.828506,36368,0.1949,hold,,,0.0,,,0,0.0
2012-10-11,15824950,230,False,False,,113.338203,43156,0.3091,hold,,,0.0,,,0,0.0,0.553306,8138936,0.2846,hold,,,0.0,,,0,0.0,171.320007,19401,0.21,hold,,,0.0,,,0,0.0,85.415596,36368,0.1963,hold,,,0.0,,,0,0.0
2012-10-12,15791440,230,False,False,,112.966576,43156,0.3087,hold,,,0.0,,,0,0.0,0.553206,8138936,0.2851,hold,,,0.0,,,0,0.0,170.059998,19401,0.2089,hold,,,0.0,,,0,0.0,85.62973,36368,0.1972,hold,,,0.0,,,0,0.0
2012-10-15,15881638,230,False,False,,113.90741,43156,0.3095,hold,,,0.0,,,0,0.0,0.56424,8138936,0.2892,hold,,,0.0,,,0,0.0,168.350006,19401,0.2057,hold,,,0.0,,,0,0.0,85.436302,36368,0.1956,hold,,,0.0,,,0,0.0
2012-10-16,16109096,230,False,False,,115.06163,43156,0.3082,hold,,,0.0,,,0,0.0,0.588794,8138936,0.2975,hold,,,0.0,,,0,0.0,169.419998,19401,0.204,hold,,,0.0,,,0,0.0,84.255173,36368,0.1902,hold,,,0.0,,,0,0.0
2012-10-17,16090994,230,False,False,,115.583366,43156,0.31,hold,,,0.0,,,0,0.0,0.587005,8138936,0.2969,hold,,,0.0,,,0,0.0,169.539993,19401,0.2044,hold,,,0.0,,,0,0.0,83.474655,36368,0.1887,hold,,,0.0,,,0,0.0
2012-10-18,15881463,230,False,False,,115.283051,43156,0.3133,hold,,,0.0,,,0,0.0,0.566925,8138936,0.2905,hold,,,0.0,,,0,0.0,168.789993,19401,0.2062,hold,,,0.0,,,0,0.0,82.963486,36368,0.19,hold,,,0.0,,,0,0.0
2012-10-19,15470844,230,False,False,,113.361862,43156,0.3162,hold,,,0.0,,,0,0.0,0.525968,8138936,0.2767,hold,,,0.0,,,0,0.0,166.970001,19401,0.2094,hold,,,0.0,,,0,0.0,84.089409,36368,0.1977,hold,,,0.0,,,0,0.0
2012-10-22,15530920,230,False,False,,113.377686,43156,0.315,hold,,,0.0,,,0,0.0,0.534219,8138936,0.28,hold,,,0.0,,,0,0.0,167.580002,19401,0.2093,hold,,,0.0,,,0,0.0,83.550598,36368,0.1956,hold,,,0.0,,,0,0.0
2012-10-23,15336127,230,False,False,,111.804405,43156,0.3146,hold,,,0.0,,,0,0.0,0.518413,8138936,0.2751,hold,,,0.0,,,0,0.0,165.429993,19401,0.2093,hold,,,0.0,,,0,0.0,84.745598,36368,0.201,hold,,,0.0,,,0,0.0
2012-10-24,15238957,230,False,False,,111.488205,43156,0.3157,hold,,,0.0,,,0,0.0,0.513244,8138936,0.2741,hold,,,0.0,,,0,0.0,164.860001,19401,0.2099,hold,,,0.0,,,0,0.0,83.909828,36368,0.2003,hold,,,0.0,,,0,0.0
2012-10-25,15259874,230,False,False,,111.812325,43156,0.3162,hold,,,0.0,,,0,0.0,0.513244,8138936,0.2737,hold,,,0.0,,,0,0.0,166.020004,19401,0.2111,hold,,,0.0,,,0,0.0,83.481544,36368,0.199,hold,,,0.0,,,0,0.0
2012-10-26,15343802,230,False,False,,111.749077,43156,0.3143,hold,,,0.0,,,0,0.0,0.518612,8138936,0.2751,hold,,,0.0,,,0,0.0,165.929993,19401,0.2098,hold,,,0.0,,,0,0.0,84.711037,36368,0.2008,hold,,,0.0,,,0,0.0
2012-10-31,15297635,230,False,False,,111.749077,43156,0.3153,hold,,,0.0,,,0,0.0,0.508572,8138936,0.2706,hold,,,0.0,,,0,0.0,166.830002,19401,0.2116,hold,,,0.0,,,0,0.0,85.208344,36368,0.2026,hold,,,0.0,,,0,0.0
2012-11-01,15483579,230,True,False,,112.919136,43156,0.3147,hold,,,0.0,,,0,0.0,0.530143,8138936,0.2787,hold,,,0.0,,,0,0.0,166.070007,19401,0.2081,hold,,,0.0,,,0,0.0,84.510735,36368,0.1985,hold,,,0.0,,,0,0.0
2012-11-02,15212895,230,False,False,,111.915131,43156,0.3175,hold,,,0.0,,,0,0.0,0.510758,8138936,0.2733,hold,,,0.0,,,0,0.0,162.600006,19401,0.2074,hold,,,0.0,,,0,0.0,84.44857,36368,0.2019,hold,,,0.0,,,0,0.0
2012-11-05,15354292,230,False,False,,112.144402,43156,0.3152,hold,,,0.0,,,0,0.0,0.523284,8138936,0.2774,hold,,,0.0,,,0,0.0,163.229996,19401,0.2063,hold,,,0.0,,,0,0.0,84.925148,36368,0.2012,hold,,,0.0,,,0,0.0
2012-11-06,15448475,230,False,False,,113.021919,43156,0.3157,hold,,,0.0,,,0,0.0,0.526465,8138936,0.2774,hold,,,0.0,,,0,0.0,166.300003,19401,0.2088,hold,,,0.0,,,0,0.0,84.123932,36368,0.198,hold,,,0.0,,,0,0.0
2012-11-07,15089684,230,False,False,,110.460411,43156,0.3159,hold,,,0.0,,,0,0.0,0.48869,8138936,0.2636,hold,,,0.0,,,0,0.0,166.490005,19401,0.2141,hold,,,0.0,,,0,0.0,85.650436,36368,0.2064,hold,,,0.0,,,0,0.0
2012-11-08,14921600,230,False,False,,109.132263,43156,0.3156,hold,,,0.0,,,0,0.0,0.465826,8138936,0.2541,hold,,,0.0,,,0,0.0,167.990005,19401,0.2184,hold,,,0.0,,,0,0.0,86.921356,36368,0.2119,hold,,,0.0,,,0,0.0
2012-11-09,14967186,230,False,False,,109.227112,43156,0.3149,hold,,,0.0,,,0,0.0,0.470897,8138936,0.2561,hold,,,0.0,,,0,0.0,167.820007,19401,0.2175,hold,,,0.0,,,0,0.0,87.018074,36368,0.2114,hold,,,0.0,,,0,0.0
2012-11-12,14974694,230,False,False,,109.314117,43156,0.315,hold,,,0.0,,,0,0.0,0.471592,8138936,0.2563,hold,,,0.0,,,0,0.0,167.449997,19401,0.2169,hold,,,0.0,,,0,0.0,87.163147,36368,0.2117,hold,,,0.0,,,0,0.0
2012-11-13,14878742,230,False,False,,108.934601,43156,0.316,hold,,,0.0,,,0,0.0,0.461353,8138936,0.2524,hold,,,0.0,,,0,0.0,167.100006,19401,0.2179,hold,,,0.0,,,0,0.0,87.453247,36368,0.2138,hold,,,0.0,,,0,0.0
2012-11-14,14684763,230,False,False,,107.464127,43156,0.3158,hold,,,0.0,,,0,0.0,0.444851,8138936,0.2466,hold,,,0.0,,,0,0.0,167.139999,19401,0.2208,hold,,,0.0,,,0,0.0,87.536133,36368,0.2168,hold,,,0.0,,,0,0.0
2012-11-15,14617905,230,False,False,,107.282295,43156,0.3167,hold,,,0.0,,,0,0.0,0.440875,8138936,0.2455,hold,,,0.0,,,0,0.0,166.089996,19401,0.2204,hold,,,0.0,,,0,0.0,87.363457,36368,0.2174,hold,,,0.0,,,0,0.0
2012-11-16,14674385,230,False,False,,107.811981,43156,0.3171,hold,,,0.0,,,0,0.0,0.445846,8138936,0.2473,hold,,,0.0,,,0,0.0,165.880005,19401,0.2193,hold,,,0.0,,,0,0.0,87.287476,36368,0.2163,hold,,,0.0,,,0,0.0
2012-11-19,15050648,230,False,False,,109.99398,43156,0.3154,hold,,,0.0,,,0,0.0,0.477954,8138936,0.2585,hold,,,0.0,,,0,0.0,167.869995,19401,0.2164,hold,,,0.0,,,0,0.0,86.797028,36368,0.2097,hold,,,0.0,,,0,0.0
2012-11-20,15012545,230,False,False,,110.041412,43156,0.3163,hold,,,0.0,,,0,0.0,0.478054,8138936,0.2592,hold,,,0.0,,,0,0.0,167.389999,19401,0.2163,hold,,,0.0,,,0,0.0,85.926727,36368,0.2082,hold,,,0.0,,,0,0.0
2012-11-21,15050458,230,False,False,,110.246948,43156,0.3161,hold,,,0.0,,,0,0.0,0.481433,8138936,0.2603,hold,,,0.0,,,0,0.0,167.559998,19401,0.216,hold,,,0.0,,,0,0.0,85.87841,36368,0.2075,hold,,,0.0,,,0,0.0
2012-11-23,15331658,230,False,False,,111.749077,43156,0.3146,hold,,,0.0,,,0,0.0,0.503502,8138936,0.2673,hold,,,0.0,,,0,0.0,169.610001,19401,0.2146,hold,,,0.0,,,0,0.0,85.795486,36368,0.2035,hold,,,0.0,,,0,0.0
2012-11-26,15385339,230,False,False,,111.511932,43156,0.3128,hold,,,0.0,,,0,0.0,0.509963,8138936,0.2698,hold,,,0.0,,,0,0.0,169.429993,19401,0.2137,hold,,,0.0,,,0,0.0,86.203041,36368,0.2038,hold,,,0.0,,,0,0.0
2012-11-27,15312186,230,False,False,,110.942688,43156,0.3127,hold,,,0.0,,,0,0.0,0.504197,8138936,0.268,hold,,,0.0,,,0,0.0,168.710007,19401,0.2138,hold,,,0.0,,,0,0.0,86.541542,36368,0.2055,hold,,,0.0,,,0,0.0
2012-11-28,15414350,230,False,False,,111.836067,43156,0.3131,hold,,,0.0,,,0,0.0,0.517717,8138936,0.2734,hold,,,0.0,,,0,0.0,166.550003,19401,0.2096,hold,,,0.0,,,0,0.0,86.417168,36368,0.2039,hold,,,0.0,,,0,0.0
2012-11-29,15522408,230,False,False,,112.357803,43156,0.3124,hold,,,0.0,,,0,0.0,0.526664,8138936,0.2761,hold,,,0.0,,,0,0.0,167.179993,19401,0.209,hold,,,0.0,,,0,0.0,86.430931,36368,0.2025,hold,,,0.0,,,0,0.0
2012-11-30,15477596,230,False,False,,112.381561,43156,0.3134,hold,,,0.0,,,0,0.0,0.524775,8138936,0.276,hold,,,0.0,,,0,0.0,166.050003,19401,0.2081,hold,,,0.0,,,0,0.0,86.196129,36368,0.2025,hold,,,0.0,,,0,0.0
2012-12-03,15437128,230,True,False,,111.828125,43156,0.3126,hold,,,0.0,,,0,0.0,0.522191,8138936,0.2753,hold,,,0.0,,,0,0.0,166.130005,19401,0.2088,hold,,,0.0,,,0,0.0,86.275726,36368,0.2033,hold,,,0.0,,,0,0.0
2012-12-04,15387741,230,False,False,,111.670021,43156,0.3132,hold,,,0.0,,,0,0.0,0.518811,8138936,0.2744,hold,,,0.0,,,0,0.0,164.419998,19401,0.2073,hold,,,0.0,,,0,0.0,86.774017,36368,0.2051,hold,,,0.0,,,0,0.0
2012-12-05,15258678,230,False,False,,111.867683,43156,0.3164,hold,,,0.0,,,0,0.0,0.502806,8138936,0.2682,hold,,,0.0,,,0,0.0,164.119995,19401,0.2087,hold,,,0.0,,,0,0.0,86.732498,36368,0.2067,hold,,,0.0,,,0,0.0
2012-12-06,15364465,230,False,False,,112.247124,43156,0.3153,hold,,,0.0,,,0,0.0,0.512051,8138936,0.2712,hold,,,0.0,,,0,0.0,164.5,19401,0.2077,hold,,,0.0,,,0,0.0,86.919357,36368,0.2057,hold,,,0.0,,,0,0.0
2012-12-07,15291545,230,False,False,,112.587074,43156,0.3177,hold,,,0.0,,,0,0.0,0.503303,8138936,0.2679,hold,,,0.0,,,0,0.0,165.160004,19401,0.2095,hold,,,0.0,,,0,0.0,86.116539,36368,0.2048,hold,,,0.0,,,0,0.0
2012-12-10,15356263,230,False,False,,112.63456,43156,0.3165,hold,,,0.0,,,0,0.0,0.507776,8138936,0.2691,hold,,,0.0,,,0,0.0,165.800003,19401,0.2095,hold,,,0.0,,,0,0.0,86.497276,36368,0.2049,hold,,,0.0,,,0,0.0
2012-12-11,15521923,230,False,False,,113.40139,43156,0.3153,hold,,,0.0,,,0,0.0,0.52736,8138936,0.2765,hold,,,0.0,,,0,0.0,165.649994,19401,0.207,hold,,,0.0,,,0,0.0,85.839676,36368,0.2011,hold,,,0.0,,,0,0.0
2012-12-12,15461268,230,False,False,,113.456734,43156,0.3167,hold,,,0.0,,,0,0.0,0.523781,8138936,0.2757,hold,,,0.0,,,0,0.0,165.770004,19401,0.208,hold,,,0.0,,,0,0.0,84.843117,36368,0.1996,hold,,,0.0,,,0,0.0
2012-12-13,15310063,230,False,False,,112.76104,43156,0.3179,hold,,,0.0,,,0,0.0,0.511951,8138936,0.2722,hold,,,0.0,,,0,0.0,164.369995,19401,0.2083,hold,,,0.0,,,0,0.0,84.905373,36368,0.2017,hold,,,0.0,,,0,0.0
2012-12-14,15192361,230,False,False,,112.34201,43156,0.3191,hold,,,0.0,,,0,0.0,0.497438,8138936,0.2665,hold,,,0.0,,,0,0.0,164.130005,19401,0.2096,hold,,,0.0,,,0,0.0,85.54213,36368,0.2048,hold,,,0.0,,,0,0.0
2012-12-17,15366561,230,False,False,,113.6623,43156,0.3192,hold,,,0.0,,,0,0.0,0.516823,8138936,0.2737,hold,,,0.0,,,0,0.0,164.440002,19401,0.2076,hold,,,0.0,,,0,0.0,84.261719,36368,0.1994,hold,,,0.0,,,0,0.0
2012-12-18,15539138,230,False,False,,114.927254,43156,0.3192,hold,,,0.0,,,0,0.0,0.54078,8138936,0.2832,hold,,,0.0,,,0,0.0,162.080002,19401,0.2024,hold,,,0.0,,,0,0.0,83.403511,36368,0.1952,hold,,,0.0,,,0,0.0
2012-12-19,15441684,230,False,False,,114.07341,43156,0.3188,hold,,,0.0,,,0,0.0,0.533026,8138936,0.2809,hold,,,0.0,,,0,0.0,161.690002,19401,0.2031,hold,,,0.0,,,0,0.0,83.68042,36368,0.1971,hold,,,0.0,,,0,0.0
2012-12-20,15435708,230,False,False,,114.729568,43156,0.3208,hold,,,0.0,,,0,0.0,0.533423,8138936,0.2813,hold,,,0.0,,,0,0.0,159.729996,19401,0.2008,hold,,,0.0,,,0,0.0,83.694206,36368,0.1972,hold,,,0.0,,,0,0.0
2012-12-21,15300525,230,False,False,,113.688179,43156,0.3207,hold,,,0.0,,,0,0.0,0.516823,8138936,0.2749,hold,,,0.0,,,0,0.0,160.330002,19401,0.2033,hold,,,0.0,,,0,0.0,84.60778,36368,0.2011,hold,,,0.0,,,0,0.0
2012-12-24,15249887,230,False,False,,113.337852,43156,0.3207,hold,,,0.0,,,0,0.0,0.512448,8138936,0.2735,hold,,,0.0,,,0,0.0,160.619995,19401,0.2043,hold,,,0.0,,,0,0.0,84.455505,36368,0.2014,hold,,,0.0,,,0,0.0
2012-12-26,15144721,230,False,False,,112.860138,43156,0.3216,hold,,,0.0,,,0,0.0,0.500321,8138936,0.2689,hold,,,0.0,,,0,0.0,160.779999,19401,0.206,hold,,,0.0,,,0,0.0,84.75927,36368,0.2035,hold,,,0.0,,,0,0.0
2012-12-27,15133252,230,False,False,,112.7089,43156,0.3214,hold,,,0.0,,,0,0.0,0.497537,8138936,0.2676,hold,,,0.0,,,0,0.0,161.160004,19401,0.2066,hold,,,0.0,,,0,0.0,85.043709,36368,0.2044,hold,,,0.0,,,0,0.0
2012-12-28,14968992,230,False,False,,111.490692,43156,0.3214,hold,,,0.0,,,0,0.0,0.483123,8138936,0.2627,hold,,,0.0,,,0,0.0,160.539993,19401,0.2081,hold,,,0.0,,,0,0.0,85.529198,36368,0.2078,hold,,,0.0,,,0,0.0
2012-12-31,15282237,230,False,False,,113.385597,43156,0.3202,hold,,,0.0,,,0,0.0,0.514636,8138936,0.2741,hold,,,0.0,,,0,0.0,162.020004,19401,0.2057,hold,,,0.0,,,0,0.0,84.051857,36368,0.2,hold,,,0.0,,,0,0.0
2013-01-02,15779874,230,True,False,,116.291733,43156,0.318,hold,,,0.0,,,0,0.0,0.562649,8138936,0.2902,hold,,,0.0,,,0,0.0,163.169998,19401,0.2006,hold,,,0.0,,,0,0.0,82.928169,36368,0.1911,hold,,,0.0,,,0,0.0
2013-01-03,15623116,230,False,False,,116.028969,43156,0.3205,hold,,,0.0,,,0,0.0,0.554499,8138936,0.2889,hold,,,0.0,,,0,0.0,161.199997,19401,0.2002,hold,,,0.0,,,0,0.0,81.80452,36368,0.1904,hold,,,0.0,,,0,0.0
2013-01-04,15597462,230,False,False,,116.538506,43156,0.3224,hold,,,0.0,,,0,0.0,0.549031,8138936,0.2865,hold,,,0.0,,,0,0.0,160.440002,19401,0.1996,hold,,,0.0,,,0,0.0,82.123611,36368,0.1915,hold,,,0.0,,,0,0.0
2013-01-07,15570243,230,False,False,,116.220039,43156,0.3221,hold,,,0.0,,,0,0.0,0.549628,8138936,0.2873,hold,,,0.0,,,0,0.0,159.429993,19401,0.1987,hold,,,0.0,,,0,0.0,82.158264,36368,0.1919,hold,,,0.0,,,0,0.0
2013-01-08,15571512,230,False,False,,115.885643,43156,0.3212,hold,,,0.0,,,0,0.0,0.546446,8138936,0.2856,hold,,,0.0,,,0,0.0,160.559998,19401,0.2,hold,,,0.0,,,0,0.0,82.699272,36368,0.1931,hold,,,0.0,,,0,0.0
2013-01-09,15625404,230,False,False,,116.180229,43156,0.3209,hold,,,0.0,,,0,0.0,0.552013,8138936,0.2875,hold,,,0.0,,,0,0.0,160.490005,19401,0.1993,hold,,,0.0,,,0,0.0,82.623024,36368,0.1923,hold,,,0.0,,,0,0.0
2013-01-10,15765134,230,False,False,,117.103821,43156,0.3206,hold,,,0.0,,,0,0.0,0.561755,8138936,0.29,hold,,,0.0,,,0,0.0,161.979996,19401,0.1993,hold,,,0.0,,,0,0.0,82.394112,36368,0.1901,hold,,,0.0,,,0,0.0
2013-01-11,15790668,230,False,False,,117.095879,43156,0.32,hold,,,0.0,,,0,0.0,0.563842,8138936,0.2906,hold,,,0.0,,,0,0.0,161.059998,19401,0.1979,hold,,,0.0,,,0,0.0,83.129356,36368,0.1915,hold,,,0.0,,,0,0.0
2013-01-14,15729162,230,False,False,,117.016251,43156,0.3211,hold,,,0.0,,,0,0.0,0.556586,8138936,0.288,hold,,,0.0,,,0,0.0,161.539993,19401,0.1993,hold,,,0.0,,,0,0.0,82.900436,36368,0.1917,hold,,,0.0,,,0,0.0
2013-01-15,15699109,230,False,False,,117.095879,43156,0.3219,hold,,,0.0,,,0,0.0,0.548335,8138936,0.2843,hold,,,0.0,,,0,0.0,162.559998,19401,0.2009,hold,,,0.0,,,0,0.0,83.281967,36368,0.1929,hold,,,0.0,,,0,0.0
2013-01-16,15756640,230,False,False,,117.079918,43156,0.3207,hold,,,0.0,,,0,0.0,0.554499,8138936,0.2864,hold,,,0.0,,,0,0.0,162.649994,19401,0.2003,hold,,,0.0,,,0,0.0,83.455338,36368,0.1926,hold,,,0.0,,,0,0.0
2013-01-17,15842166,230,False,False,,117.836334,43156,0.321,hold,,,0.0,,,0,0.0,0.563047,8138936,0.2893,hold,,,0.0,,,0,0.0,163.350006,19401,0.2,hold,,,0.0,,,0,0.0,82.623024,36368,0.1897,hold,,,0.0,,,0,0.0
2013-01-18,15845787,230,False,False,,118.099083,43156,0.3216,hold,,,0.0,,,0,0.0,0.559867,8138936,0.2876,hold,,,0.0,,,0,0.0,163.089996,19401,0.1997,hold,,,0.0,,,0,0.0,83.261147,36368,0.1911,hold,,,0.0,,,0,0.0
2013-01-22,15908933,230,False,False,,118.735992,43156,0.3221,hold,,,0.0,,,0,0.0,0.562153,8138936,0.2876,hold,,,0.0,,,0,0.0,163.669998,19401,0.1996,hold,,,0.0,,,0,0.0,83.42067,36368,0.1907,hold,,,0.0,,,0,0.0
2013-01-23,15978146,230,False,False,,118.927147,43156,0.3212,hold,,,0.0,,,0,0.0,0.571298,8138936,0.291,hold,,,0.0,,,0,0.0,163.210007,19401,0.1982,hold,,,0.0,,,0,0.0,83.295769,36368,0.1896,hold,,,0.0,,,0,0.0
2013-01-24,15748924,230,False,False,,118.958977,43156,0.326,hold,,,0.0,,,0,0.0,0.548534,8138936,0.2835,hold,,,0.0,,,0,0.0,161.419998,19401,0.1989,hold,,,0.0,,,0,0.0,83.004486,36368,0.1917,hold,,,0.0,,,0,0.0
2013-01-25,15787815,230,False,False,,119.627731,43156,0.327,hold,,,0.0,,,0,0.0,0.556685,8138936,0.287,hold,,,0.0,,,0,0.0,160.649994,19401,0.1974,hold,,,0.0,,,0,0.0,81.866928,36368,0.1886,hold,,,0.0,,,0,0.0
2013-01-28,15796164,230,False,False,,119.484482,43156,0.3264,hold,,,0.0,,,0,0.0,0.560661,8138936,0.2889,hold,,,0.0,,,0,0.0,160.289993,19401,0.1969,hold,,,0.0,,,0,0.0,81.568726,36368,0.1878,hold,,,0.0,,,0,0.0
2013-01-29,15813620,230,False,False,,119.954208,43156,0.3274,hold,,,0.0,,,0,0.0,0.560661,8138936,0.2886,hold,,,0.0,,,0,0.0,160.990005,19401,0.1975,hold,,,0.0,,,0,0.0,81.117859,36368,0.1866,hold,,,0.0,,,0,0.0
2013-01-30,15786508,230,False,False,,119.484482,43156,0.3266,hold,,,0.0,,,0,0.0,0.55758,8138936,0.2875,hold,,,0.0,,,0,0.0,162.190002,19401,0.1993,hold,,,0.0,,,0,0.0,80.979126,36368,0.1866,hold,,,0.0,,,0,0.0
2013-01-31,15739835,230,False,False,,119.189842,43156,0.3268,hold,,,0.0,,,0,0.0,0.554001,8138936,0.2865,hold,,,0.0,,,0,0.0,161.199997,19401,0.1987,hold,,,0.0,,,0,0.0,81.374489,36368,0.188,hold,,,0.0,,,0,0.0
2013-02-01,15907239,230,True,False,,120.416031,43156,0.3267,hold,,,0.0,,,0,0.0,0.572193,8138936,0.2928,hold,,,0.0,,,0,0.0,161.449997,19401,0.1969,hold,,,0.0,,,0,0.0,80.317879,36368,0.1836,hold,,,0.0,,,0,0.0
2013-02-04,15659856,230,False,False,,119.062469,43156,0.3281,hold,,,0.0,,,0,0.0,0.543067,8138936,0.2822,hold,,,0.0,,,0,0.0,162.0,19401,0.2007,hold,,,0.0,,,0,0.0,81.346687,36368,0.1889,hold,,,0.0,,,0,0.0
2013-02-05,15878849,230,False,False,,120.264687,43156,0.3269,hold,,,0.0,,,0,0.0,0.566925,8138936,0.2906,hold,,,0.0,,,0,0.0,161.960007,19401,0.1979,hold,,,0.0,,,0,0.0,80.623718,36368,0.1847,hold,,,0.0,,,0,0.0
2013-02-06,15872106,230,False,False,,120.352287,43156,0.3272,hold,,,0.0,,,0,0.0,0.561656,8138936,0.288,hold,,,0.0,,,0,0.0,162.389999,19401,0.1985,hold,,,0.0,,,0,0.0,81.284149,36368,0.1862,hold,,,0.0,,,0,0.0
2013-02-07,15859313,230,False,False,,120.193085,43156,0.3271,hold,,,0.0,,,0,0.0,0.563047,8138936,0.289,hold,,,0.0,,,0,0.0,161.839996,19401,0.198,hold,,,0.0,,,0,0.0,81.103394,36368,0.186,hold,,,0.0,,,0,0.0
2013-02-08,16033480,230,False,False,,120.861877,43156,0.3253,hold,,,0.0,,,0,0.0,0.580146,8138936,0.2945,hold,,,0.0,,,0,0.0,161.570007,19401,0.1955,hold,,,0.0,,,0,0.0,81.416176,36368,0.1847,hold,,,0.0,,,0,0.0
2013-02-11,15992267,230,False,False,,120.837982,43156,0.3261,hold,,,0.0,,,0,0.0,0.579946,8138936,0.2952,hold,,,0.0,,,0,0.0,159.699997,19401,0.1937,hold,,,0.0,,,0,0.0,81.353645,36368,0.185,hold,,,0.0,,,0,0.0
2013-02-12,15942200,230,False,False,,121.037025,43156,0.3277,hold,,,0.0,,,0,0.0,0.573187,8138936,0.2926,hold,,,0.0,,,0,0.0,159.889999,19401,0.1946,hold,,,0.0,,,0,0.0,81.152046,36368,0.1851,hold,,,0.0,,,0,0.0
2013-02-13,15960558,230,False,False,,121.140518,43156,0.3276,hold,,,0.0,,,0,0.0,0.579847,8138936,0.2957,hold,,,0.0,,,0,0.0,159.050003,19401,0.1933,hold,,,0.0,,,0,0.0,80.491646,36368,0.1834,hold,,,0.0,,,0,0.0
2013-02-14,15968626,230,False,False,,121.252029,43156,0.3277,hold,,,0.0,,,0,0.0,0.578654,8138936,0.2949,hold,,,0.0,,,0,0.0,158.350006,19401,0.1924,hold,,,0.0,,,0,0.0,81.221588,36368,0.185,hold,,,0.0,,,0,0.0
2013-02-15,15863143,230,False,False,,121.108658,43156,0.3295,hold,,,0.0,,,0,0.0,0.573684,8138936,0.2943,hold,,,0.0,,,0,0.0,155.759995,19401,0.1905,hold,,,0.0,,,0,0.0,80.985214,36368,0.1857,hold,,,0.0,,,0,0.0
2013-02-19,15981256,230,False,False,,122.016327,43156,0.3295,hold,,,0.0,,,0,0.0,0.58621,8138936,0.2985,hold,,,0.0,,,0,0.0,155.330002,19401,0.1886,hold,,,0.0,,,0,0.0,80.582001,36368,0.1834,hold,,,0.0,,,0,0.0
2013-02-20,15631363,230,False,False,,120.495575,43156,0.3327,hold,,,0.0,,,0,0.0,0.559469,8138936,0.2913,hold,,,0.0,,,0,0.0,151.440002,19401,0.188,hold,,,0.0,,,0,0.0,80.825317,36368,0.188,hold,,,0.0,,,0,0.0
2013-02-21,15491774,230,False,False,,119.763092,43156,0.3336,hold,,,0.0,,,0,0.0,0.541277,8138936,0.2844,hold,,,0.0,,,0,0.0,152.619995,19401,0.1911,hold,,,0.0,,,0,0.0,81.298058,36368,0.1909,hold,,,0.0,,,0,0.0
2013-02-22,15680547,230,False,False,,120.933533,43156,0.3328,hold,,,0.0,,,0,0.0,0.557182,8138936,0.2892,hold,,,0.0,,,0,0.0,152.970001,19401,0.1893,hold,,,0.0,,,0,0.0,81.353645,36368,0.1887,hold,,,0.0,,,0,0.0
2013-02-25,15496875,230,False,False,,118.632492,43156,0.3304,hold,,,0.0,,,0,0.0,0.536406,8138936,0.2817,hold,,,0.0,,,0,0.0,154.339996,19401,0.1932,hold,,,0.0,,,0,0.0,82.952507,36368,0.1947,hold,,,0.0,,,0,0.0
2013-02-26,15603540,230,False,False,,119.444633,43156,0.3304,hold,,,0.0,,,0,0.0,0.542867,8138936,0.2832,hold,,,0.0,,,0,0.0,156.220001,19401,0.1942,hold,,,0.0,,,0,0.0,82.472847,36368,0.1922,hold,,,0.0,,,0,0.0
2013-02-27,15761930,230,False,False,,120.949463,43156,0.3312,hold,,,0.0,,,0,0.0,0.559369,8138936,0.2888,hold,,,0.0,,,0,0.0,154.570007,19401,0.1903,hold,,,0.0,,,0,0.0,82.22953,36368,0.1897,hold,,,0.0,,,0,0.0
2013-02-28,15709729,230,False,False,,120.710556,43156,0.3316,hold,,,0.0,,,0,0.0,0.557281,8138936,0.2887,hold,,,0.0,,,0,0.0,153.0,19401,0.1889,hold,,,0.0,,,0,0.0,82.382484,36368,0.1907,hold,,,0.0,,,0,0.0
2013-03-01,15779290,230,True,False,,121.108658,43156,0.3312,hold,REDUCE_TO_TARGET,rebalance 2013-03-01,-492778.0,,,0,0.0,0.563047,8138936,0.2904,hold,INCREASE_TO_TARGET,rebalance 2013-03-01,151184.0,,,0,0.0,152.440002,19401,0.1874,hold,INCREASE_TO_TARGET,rebalance 2013-03-01,198370.0,,,0,0.0,82.831123,36368,0.1909,hold,INCREASE_TO_TARGET,rebalance 2013-03-01,143456.0,,,0,0.0
2013-03-04,15843422,10,False,True,monthly,121.753616,39066,0.3002,hold,,,0.0,REDUCE_TO_TARGET,sell,4090,120.467541,0.570304,8409315,0.3027,hold,,,0.0,INCREASE_TO_TARGET,buy,270379,0.557481,152.300003,20698,0.199,hold,,,0.0,INCREASE_TO_TARGET,buy,1297,152.449997,82.392212,38096,0.1981,hold,,,0.0,INCREASE_TO_TARGET,buy,1728,82.75447
2013-03-05,16089329,10,False,False,,122.844353,39066,0.2983,hold,,,0.0,,,0,0.0,0.595355,8409315,0.3112,hold,,,0.0,,,0,0.0,152.380005,20698,0.196,hold,,,0.0,,,0,0.0,82.155411,38096,0.1945,hold,,,0.0,,,0,0.0
2013-03-06,16053292,10,False,False,,123.011566,39066,0.2994,hold,,,0.0,,,0,0.0,0.591578,8409315,0.3099,hold,,,0.0,,,0,0.0,153.229996,20698,0.1976,hold,,,0.0,,,0,0.0,81.409927,38096,0.1932,hold,,,0.0,,,0,0.0
2013-03-07,16070408,10,False,False,,123.234497,39066,0.2996,hold,,,0.0,,,0,0.0,0.596747,8409315,0.3123,hold,,,0.0,,,0,0.0,152.690002,20698,0.1967,hold,,,0.0,,,0,0.0,80.782982,38096,0.1915,hold,,,0.0,,,0,0.0
2013-03-08,16065093,10,False,False,,123.759972,39066,0.301,hold,,,0.0,,,0,0.0,0.597443,8409315,0.3127,hold,,,0.0,,,0,0.0,152.710007,20698,0.1967,hold,,,0.0,,,0,0.0,79.940094,38096,0.1896,hold,,,0.0,,,0,0.0
2013-03-11,16143984,10,False,False,,124.229729,39066,0.3006,hold,,,0.0,,,0,0.0,0.603606,8409315,0.3144,hold,,,0.0,,,0,0.0,152.990005,20698,0.1961,hold,,,0.0,,,0,0.0,80.01667,38096,0.1888,hold,,,0.0,,,0,0.0
2013-03-12,16118103,10,False,False,,123.951035,39066,0.3004,hold,,,0.0,,,0,0.0,0.59625,8409315,0.3111,hold,,,0.0,,,0,0.0,154.190002,20698,0.198,hold,,,0.0,,,0,0.0,80.594894,38096,0.1905,hold,,,0.0,,,0,0.0
2013-03-13,16094909,10,False,False,,124.126266,39066,0.3013,hold,,,0.0,,,0,0.0,0.594361,8409315,0.3105,hold,,,0.0,,,0,0.0,153.660004,20698,0.1976,hold,,,0.0,,,0,0.0,80.511314,38096,0.1906,hold,,,0.0,,,0,0.0
2013-03-14,16162843,10,False,False,,124.787094,39066,0.3016,hold,,,0.0,,,0,0.0,0.600425,8409315,0.3124,hold,,,0.0,,,0,0.0,153.679993,20698,0.1968,hold,,,0.0,,,0,0.0,80.267448,38096,0.1892,hold,,,0.0,,,0,0.0
2013-03-15,16129705,10,False,False,,124.622337,39066,0.3018,hold,,,0.0,,,0,0.0,0.594758,8409315,0.3101,hold,,,0.0,,,0,0.0,154.0,20698,0.1976,hold,,,0.0,,,0,0.0,80.643616,38096,0.1905,hold,,,0.0,,,0,0.0
2013-03-18,16120487,10,False,False,,123.93457,39066,0.3003,hold,,,0.0,,,0,0.0,0.590683,8409315,0.3081,hold,,,0.0,,,0,0.0,155.380005,20698,0.1995,hold,,,0.0,,,0,0.0,81.256691,38096,0.192,hold,,,0.0,,,0,0.0
2013-03-19,16124631,10,False,False,,123.64666,39066,0.2996,hold,,,0.0,,,0,0.0,0.588297,8409315,0.3068,hold,,,0.0,,,0,0.0,156.080002,20698,0.2003,hold,,,0.0,,,0,0.0,81.807076,38096,0.1933,hold,,,0.0,,,0,0.0
2013-03-20,16203371,10,False,False,,124.510361,39066,0.3002,hold,,,0.0,,,0,0.0,0.59953,8409315,0.3111,hold,,,0.0,,,0,0.0,155.369995,20698,0.1985,hold,,,0.0,,,0,0.0,80.89444,38096,0.1902,hold,,,0.0,,,0,0.0
2013-03-21,16048415,10,False,False,,123.446693,39066,0.3005,hold,,,0.0,,,0,0.0,0.580344,8409315,0.3041,hold,,,0.0,,,0,0.0,156.25,20698,0.2015,hold,,,0.0,,,0,0.0,81.67469,38096,0.1939,hold,,,0.0,,,0,0.0
2013-03-22,16209647,10,False,False,,124.438423,39066,0.2999,hold,,,0.0,,,0,0.0,0.596349,8409315,0.3094,hold,,,0.0,,,0,0.0,155.550003,20698,0.1986,hold,,,0.0,,,0,0.0,81.737328,38096,0.1921,hold,,,0.0,,,0,0.0
2013-03-25,16129011,10,False,False,,123.91861,39066,0.3001,hold,,,0.0,,,0,0.0,0.590285,8409315,0.3078,hold,,,0.0,,,0,0.0,155.240005,20698,0.1992,hold,,,0.0,,,0,0.0,81.660713,38096,0.1929,hold,,,0.0,,,0,0.0
2013-03-26,16236771,10,False,False,,124.910217,39066,0.3005,hold,,,0.0,,,0,0.0,0.599331,8409315,0.3104,hold,,,0.0,,,0,0.0,154.720001,20698,0.1972,hold,,,0.0,,,0,0.0,81.758209,38096,0.1918,hold,,,0.0,,,0,0.0
2013-03-27,16303311,10,False,False,,124.910217,39066,0.2993,hold,,,0.0,,,0,0.0,0.602512,8409315,0.3108,hold,,,0.0,,,0,0.0,155.360001,20698,0.1972,hold,,,0.0,,,0,0.0,82.454956,38096,0.1927,hold,,,0.0,,,0,0.0
2013-03-28,16312813,10,False,False,,125.294106,39066,0.3001,hold,,,0.0,,,0,0.0,0.605992,8409315,0.3124,hold,,,0.0,,,0,0.0,154.449997,20698,0.196,hold,,,0.0,,,0,0.0,82.036949,38096,0.1916,hold,,,0.0,,,0,0.0
2013-04-01,16222885,10,True,False,,124.798271,39066,0.3005,hold,,,0.0,,,0,0.0,0.594261,8409315,0.308,hold,,,0.0,,,0,0.0,154.669998,20698,0.1973,hold,,,0.0,,,0,0.0,82.654831,38096,0.1941,hold,,,0.0,,,0,0.0
2013-04-02,16300674,10,False,False,,125.414093,39066,0.3006,hold,,,0.0,,,0,0.0,0.607682,8409315,0.3135,hold,,,0.0,,,0,0.0,152.429993,20698,0.1936,hold,,,0.0,,,0,0.0,82.319725,38096,0.1924,hold,,,0.0,,,0,0.0
2013-04-03,16108580,10,False,False,,124.142517,39066,0.3011,hold,,,0.0,,,0,0.0,0.591578,8409315,0.3088,hold,,,0.0,,,0,0.0,150.729996,20698,0.1937,hold,,,0.0,,,0,0.0,83.059731,38096,0.1964,hold,,,0.0,,,0,0.0
2013-04-04,16159420,10,False,False,,124.646309,39066,0.3013,hold,,,0.0,,,0,0.0,0.591875,8409315,0.308,hold,,,0.0,,,0,0.0,150.289993,20698,0.1925,hold,,,0.0,,,0,0.0,84.051125,38096,0.1982,hold,,,0.0,,,0,0.0
2013-04-05,16132296,10,False,False,,124.086502,39066,0.3005,hold,,,0.0,,,0,0.0,0.577362,8409315,0.301,hold,,,0.0,,,0,0.0,152.809998,20698,0.1961,hold,,,0.0,,,0,0.0,85.747643,38096,0.2025,hold,,,0.0,,,0,0.0
2013-04-08,16201052,10,False,False,,124.926231,39066,0.3012,hold,,,0.0,,,0,0.0,0.58621,8409315,0.3043,hold,,,0.0,,,0,0.0,152.160004,20698,0.1944,hold,,,0.0,,,0,0.0,85.091385,38096,0.2001,hold,,,0.0,,,0,0.0
2013-04-09,16331335,10,False,False,,125.358055,39066,0.2999,hold,,,0.0,,,0,0.0,0.597741,8409315,0.3078,hold,,,0.0,,,0,0.0,153.339996,20698,0.1943,hold,,,0.0,,,0,0.0,84.881973,38096,0.198,hold,,,0.0,,,0,0.0
2013-04-10,16587545,10,False,False,,126.893547,39066,0.2989,hold,,,0.0,,,0,0.0,0.632732,8409315,0.3208,hold,,,0.0,,,0,0.0,150.75,20698,0.1881,hold,,,0.0,,,0,0.0,83.716019,38096,0.1923,hold,,,0.0,,,0,0.0
2013-04-11,16606926,10,False,False,,127.309425,39066,0.2995,hold,,,0.0,,,0,0.0,0.631639,8409315,0.3198,hold,,,0.0,,,0,0.0,151.050003,20698,0.1883,hold,,,0.0,,,0,0.0,83.876572,38096,0.1924,hold,,,0.0,,,0,0.0
2013-04-12,16489540,10,False,False,,126.99749,39066,0.3009,hold,,,0.0,,,0,0.0,0.630943,8409315,0.3218,hold,,,0.0,,,0,0.0,143.949997,20698,0.1807,hold,,,0.0,,,0,0.0,85.126282,38096,0.1967,hold,,,0.0,,,0,0.0
2013-04-15,15818466,10,False,False,,124.054558,39066,0.3064,hold,,,0.0,,,0,0.0,0.592572,8409315,0.315,hold,,,0.0,,,0,0.0,131.309998,20698,0.1718,hold,,,0.0,,,0,0.0,85.866272,38096,0.2068,hold,,,0.0,,,0,0.0
2013-04-16,16102137,10,False,False,,125.885925,39066,0.3054,hold,,,0.0,,,0,0.0,0.617324,8409315,0.3224,hold,,,0.0,,,0,0.0,132.800003,20698,0.1707,hold,,,0.0,,,0,0.0,85.161209,38096,0.2015,hold,,,0.0,,,0,0.0
2013-04-17,15749829,10,False,False,,124.046524,39066,0.3077,hold,,,0.0,,,0,0.0,0.58124,8409315,0.3103,hold,,,0.0,,,0,0.0,132.869995,20698,0.1746,hold,,,0.0,,,0,0.0,85.726692,38096,0.2074,hold,,,0.0,,,0,0.0
2013-04-18,15545597,10,False,False,,123.270775,39066,0.3098,hold,,,0.0,,,0,0.0,0.556089,8409315,0.3008,hold,,,0.0,,,0,0.0,134.300003,20698,0.1788,hold,,,0.0,,,0,0.0,85.936111,38096,0.2106,hold,,,0.0,,,0,0.0
2013-04-19,15798698,10,False,False,,124.342384,39066,0.3075,hold,,,0.0,,,0,0.0,0.579151,8409315,0.3083,hold,,,0.0,,,0,0.0,135.470001,20698,0.1775,hold,,,0.0,,,0,0.0,85.754608,38096,0.2068,hold,,,0.0,,,0,0.0
2013-04-22,16022591,10,False,False,,124.894226,39066,0.3045,hold,,,0.0,,,0,0.0,0.596946,8409315,0.3133,hold,,,0.0,,,0,0.0,137.899994,20698,0.1781,hold,,,0.0,,,0,0.0,85.817459,38096,0.204,hold,,,0.0,,,0,0.0
2013-04-23,16188294,10,False,False,,126.181747,39066,0.3045,hold,,,0.0,,,0,0.0,0.61454,8409315,0.3192,hold,,,0.0,,,0,0.0,136.880005,20698,0.175,hold,,,0.0,,,0,0.0,85.51725,38096,0.2012,hold,,,0.0,,,0,0.0
2013-04-24,16217976,10,False,False,,126.261803,39066,0.3041,hold,,,0.0,,,0,0.0,0.61305,8409315,0.3179,hold,,,0.0,,,0,0.0,138.369995,20698,0.1766,hold,,,0.0,,,0,0.0,85.733665,38096,0.2014,hold,,,0.0,,,0,0.0
2013-04-25,16374946,10,False,False,,126.77359,39066,0.3024,hold,,,0.0,,,0,0.0,0.622991,8409315,0.3199,hold,,,0.0,,,0,0.0,141.630005,20698,0.179,hold,,,0.0,,,0,0.0,85.363647,38096,0.1986,hold,,,0.0,,,0,0.0
2013-04-26,16336775,10,False,False,,126.549667,39066,0.3026,hold,,,0.0,,,0,0.0,0.617722,8409315,0.318,hold,,,0.0,,,0,0.0,140.910004,20698,0.1785,hold,,,0.0,,,0,0.0,86.145584,38096,0.2009,hold,,,0.0,,,0,0.0
2013-04-29,16524624,10,False,False,,127.397385,39066,0.3012,hold,,,0.0,,,0,0.0,0.634124,8409315,0.3227,hold,,,0.0,,,0,0.0,142.300003,20698,0.1782,hold,,,0.0,,,0,0.0,85.831429,38096,0.1979,hold,,,0.0,,,0,0.0
2013-04-30,16665129,10,False,False,,127.701332,39066,0.2994,hold,,,0.0,,,0,0.0,0.648042,8409315,0.327,hold,,,0.0,,,0,0.0,142.770004,20698,0.1773,hold,,,0.0,,,0,0.0,85.880302,38096,0.1963,hold,,,0.0,,,0,0.0
2013-05-01,16551252,10,True,False,,126.581612,39066,0.2988,hold,INCREASE_TO_TARGET,rebalance 2013-05-01,20338.0,,,0,0.0,0.639791,8409315,0.3251,hold,REDUCE_TO_TARGET,rebalance 2013-05-01,-414828.0,,,0,0.0,141.110001,20698,0.1765,hold,INCREASE_TO_TARGET,rebalance 2013-05-01,389556.0,,,0,0.0,86.76255,38096,0.1997,hold,INCREASE_TO_TARGET,rebalance 2013-05-01,4944.0,,,0,0.0
2013-05-02,16788502,121,False,True,monthly,127.757301,39225,0.2985,hold,,,0.0,INCREASE_TO_TARGET,buy,159,126.901581,0.662953,7761500,0.3065,hold,,,0.0,REDUCE_TO_TARGET,sell,647815,0.640349,141.919998,23433,0.1981,hold,,,0.0,INCREASE_TO_TARGET,buy,2735,142.0,86.650581,38153,0.1969,hold,,,0.0,INCREASE_TO_TARGET,buy,57,86.468673
2013-05-03,16945125,121,False,False,,129.052887,39225,0.2987,hold,,,0.0,,,0,0.0,0.686114,7761500,0.3143,hold,,,0.0,,,0,0.0,142.089996,23433,0.1965,hold,,,0.0,,,0,0.0,84.607658,38153,0.1905,hold,,,0.0,,,0,0.0
2013-05-06,17020058,121,False,False,,129.380798,39225,0.2982,hold,,,0.0,,,0,0.0,0.694962,7761500,0.3169,hold,,,0.0,,,0,0.0,142.149994,23433,0.1957,hold,,,0.0,,,0,0.0,84.397736,38153,0.1892,hold,,,0.0,,,0,0.0
2013-05-07,16978639,121,False,False,,130.036484,39225,0.3004,hold,,,0.0,,,0,0.0,0.693272,7761500,0.3169,hold,,,0.0,,,0,0.0,140.380005,23433,0.1937,hold,,,0.0,,,0,0.0,84.068924,38153,0.1889,hold,,,0.0,,,0,0.0
2013-05-08,17139769,121,False,False,,130.628281,39225,0.2989,hold,,,0.0,,,0,0.0,0.704108,7761500,0.3188,hold,,,0.0,,,0,0.0,142.460007,23433,0.1948,hold,,,0.0,,,0,0.0,84.201859,38153,0.1874,hold,,,0.0,,,0,0.0
2013-05-09,17059104,121,False,False,,130.260422,39225,0.2995,hold,,,0.0,,,0,0.0,0.701622,7761500,0.3192,hold,,,0.0,,,0,0.0,140.809998,23433,0.1934,hold,,,0.0,,,0,0.0,83.984962,38153,0.1878,hold,,,0.0,,,0,0.0
2013-05-10,17105530,121,False,False,,130.684326,39225,0.2997,hold,,,0.0,,,0,0.0,0.713551,7761500,0.3238,hold,,,0.0,,,0,0.0,139.600006,23433,0.1912,hold,,,0.0,,,0,0.0,83.08242,38153,0.1853,hold,,,0.0,,,0,0.0
2013-05-13,17079508,121,False,False,,130.788284,39225,0.3004,hold,,,0.0,,,0,0.0,0.716335,7761500,0.3255,hold,,,0.0,,,0,0.0,138.429993,23433,0.1899,hold,,,0.0,,,0,0.0,82.44574,38153,0.1842,hold,,,0.0,,,0,0.0
2013-05-14,17165610,121,False,False,,132.139816,39225,0.302,hold,,,0.0,,,0,0.0,0.726872,7761500,0.3287,hold,,,0.0,,,0,0.0,137.809998,23433,0.1881,hold,,,0.0,,,0,0.0,81.55024,38153,0.1813,hold,,,0.0,,,0,0.0
2013-05-15,17181496,121,False,False,,132.851547,39225,0.3033,hold,,,0.0,,,0,0.0,0.73224,7761500,0.3308,hold,,,0.0,,,0,0.0,134.630005,23433,0.1836,hold,,,0.0,,,0,0.0,82.09597,38153,0.1823,hold,,,0.0,,,0,0.0
2013-05-16,17156109,121,False,False,,132.227798,39225,0.3023,hold,,,0.0,,,0,0.0,0.729556,7761500,0.3301,hold,,,0.0,,,0,0.0,134.089996,23433,0.1831,hold,,,0.0,,,0,0.0,82.949524,38153,0.1845,hold,,,0.0,,,0,0.0
2013-05-17,17255206,121,False,False,,133.507355,39225,0.3035,hold,,,0.0,,,0,0.0,0.750134,7761500,0.3374,hold,,,0.0,,,0,0.0,131.070007,23433,0.178,hold,,,0.0,,,0,0.0,81.899986,38153,0.1811,hold,,,0.0,,,0,0.0
2013-05-20,17319827,121,False,False,,133.49939,39225,0.3023,hold,,,0.0,,,0,0.0,0.746754,7761500,0.3346,hold,,,0.0,,,0,0.0,135.119995,23433,0.1828,hold,,,0.0,,,0,0.0,81.802055,38153,0.1802,hold,,,0.0,,,0,0.0
2013-05-21,17321023,121,False,False,,133.691284,39225,0.3028,hold,,,0.0,,,0,0.0,0.749537,7761500,0.3359,hold,,,0.0,,,0,0.0,132.880005,23433,0.1798,hold,,,0.0,,,0,0.0,82.44574,38153,0.1816,hold,,,0.0,,,0,0.0
2013-05-22,17071418,121,False,False,,132.699615,39225,0.3049,hold,,,0.0,,,0,0.0,0.731246,7761500,0.3325,hold,,,0.0,,,0,0.0,131.940002,23433,0.1811,hold,,,0.0,,,0,0.0,81.221359,38153,0.1815,hold,,,0.0,,,0,0.0
2013-05-23,17071881,121,False,False,,132.315735,39225,0.304,hold,,,0.0,,,0,0.0,0.723293,7761500,0.3288,hold,,,0.0,,,0,0.0,134.610001,23433,0.1848,hold,,,0.0,,,0,0.0,81.606171,38153,0.1824,hold,,,0.0,,,0,0.0
2013-05-24,17048754,121,False,False,,132.203796,39225,0.3042,hold,,,0.0,,,0,0.0,0.722895,7761500,0.3291,hold,,,0.0,,,0,0.0,133.759995,23433,0.1838,hold,,,0.0,,,0,0.0,81.718124,38153,0.1829,hold,,,0.0,,,0,0.0
2013-05-28,17110211,121,False,False,,132.995544,39225,0.3049,hold,,,0.0,,,0,0.0,0.737807,7761500,0.3347,hold,,,0.0,,,0,0.0,133.490005,23433,0.1828,hold,,,0.0,,,0,0.0,79.647194,38153,0.1776,hold,,,0.0,,,0,0.0
2013-05-29,17055480,121,False,False,,132.13176,39225,0.3039,hold,,,0.0,,,0,0.0,0.726673,7761500,0.3307,hold,,,0.0,,,0,0.0,134.830002,23433,0.1852,hold,,,0.0,,,0,0.0,80.542732,38153,0.1802,hold,,,0.0,,,0,0.0
2013-05-30,17202774,121,False,False,,132.619675,39225,0.3024,hold,,,0.0,,,0,0.0,0.738502,7761500,0.3332,hold,,,0.0,,,0,0.0,136.699997,23433,0.1862,hold,,,0.0,,,0,0.0,80.346802,38153,0.1782,hold,,,0.0,,,0,0.0
2013-05-31,16888992,121,False,False,,130.716248,39225,0.3036,hold,,,0.0,,,0,0.0,0.717428,7761500,0.3297,hold,,,0.0,,,0,0.0,133.919998,23433,0.1858,hold,,,0.0,,,0,0.0,80.073959,38153,0.1809,hold,,,0.0,,,0,0.0
2013-06-03,17026512,121,True,False,,131.436081,39225,0.3028,hold,,,0.0,,,0,0.0,0.721603,7761500,0.3289,hold,,,0.0,,,0,0.0,136.509995,23433,0.1879,hold,,,0.0,,,0,0.0,80.49826,38153,0.1804,hold,,,0.0,,,0,0.0
2013-06-04,16859278,121,False,False,,130.80426,39225,0.3043,hold,,,0.0,,,0,0.0,0.710768,7761500,0.3272,hold,,,0.0,,,0,0.0,135.229996,23433,0.188,hold,,,0.0,,,0,0.0,79.754913,38153,0.1805,hold,,,0.0,,,0,0.0
2013-06-05,16624838,121,False,False,,128.97287,39225,0.3043,hold,,,0.0,,,0,0.0,0.68353,7761500,0.3191,hold,,,0.0,,,0,0.0,135.520004,23433,0.191,hold,,,0.0,,,0,0.0,80.855972,38153,0.1856,hold,,,0.0,,,0,0.0
2013-06-06,16757240,121,False,False,,130.140518,39225,0.3046,hold,,,0.0,,,0,0.0,0.69188,7761500,0.3205,hold,,,0.0,,,0,0.0,136.529999,23433,0.1909,hold,,,0.0,,,0,0.0,80.806839,38153,0.184,hold,,,0.0,,,0,0.0
2013-06-07,16915423,121,False,False,,131.795975,39225,0.3056,hold,,,0.0,,,0,0.0,0.720808,7761500,0.3307,hold,,,0.0,,,0,0.0,133.279999,23433,0.1846,hold,,,0.0,,,0,0.0,79.362137,38153,0.179,hold,,,0.0,,,0,0.0
2013-06-10,16918752,121,False,False,,131.795975,39225,0.3056,hold,,,0.0,,,0,0.0,0.721106,7761500,0.3308,hold,,,0.0,,,0,0.0,133.940002,23433,0.1855,hold,,,0.0,,,0,0.0,78.983391,38153,0.1781,hold,,,0.0,,,0,0.0
2013-06-11,16723080,121,False,False,,130.436386,39225,0.3059,hold,,,0.0,,,0,0.0,0.70023,7761500,0.325,hold,,,0.0,,,0,0.0,133.25,23433,0.1867,hold,,,0.0,,,0,0.0,79.923172,38153,0.1823,hold,,,0.0,,,0,0.0
2013-06-12,16472292,121,False,False,,129.356705,39225,0.308,hold,,,0.0,,,0,0.0,0.675975,7761500,0.3185,hold,,,0.0,,,0,0.0,134.25,23433,0.191,hold,,,0.0,,,0,0.0,78.780014,38153,0.1825,hold,,,0.0,,,0,0.0
2013-06-13,16772861,121,False,False,,131.324081,39225,0.3071,hold,,,0.0,,,0,0.0,0.70023,7761500,0.324,hold,,,0.0,,,0,0.0,133.740005,23433,0.1868,hold,,,0.0,,,0,0.0,80.014374,38153,0.182,hold,,,0.0,,,0,0.0
2013-06-14,16653827,121,False,False,,130.500351,39225,0.3074,hold,,,0.0,,,0,0.0,0.687904,7761500,0.3206,hold,,,0.0,,,0,0.0,134.429993,23433,0.1892,hold,,,0.0,,,0,0.0,79.825043,38153,0.1829,hold,,,0.0,,,0,0.0
2013-06-17,16809966,121,False,False,,131.507965,39225,0.3069,hold,,,0.0,,,0,0.0,0.70699,7761500,0.3264,hold,,,0.0,,,0,0.0,133.770004,23433,0.1865,hold,,,0.0,,,0,0.0,79.404236,38153,0.1802,hold,,,0.0,,,0,0.0
2013-06-18,16943541,121,False,False,,132.547745,39225,0.3069,hold,,,0.0,,,0,0.0,0.72369,7761500,0.3315,hold,,,0.0,,,0,0.0,132.130005,23433,0.1827,hold,,,0.0,,,0,0.0,79.446243,38153,0.1789,hold,,,0.0,,,0,0.0
2013-06-19,16627625,121,False,False,,130.716248,39225,0.3084,hold,,,0.0,,,0,0.0,0.700926,7761500,0.3272,hold,,,0.0,,,0,0.0,130.589996,23433,0.184,hold,,,0.0,,,0,0.0,78.62571,38153,0.1804,hold,,,0.0,,,0,0.0
2013-06-20,15886351,121,False,False,,127.477364,39225,0.3148,hold,,,0.0,,,0,0.0,0.649235,7761500,0.3172,hold,,,0.0,,,0,0.0,123.599998,23433,0.1823,hold,,,0.0,,,0,0.0,77.335304,38153,0.1857,hold,,,0.0,,,0,0.0
2013-06-21,15815349,121,False,False,,127.88662,39225,0.3172,hold,,,0.0,,,0,0.0,0.640088,7761500,0.3141,hold,,,0.0,,,0,0.0,125.050003,23433,0.1853,hold,,,0.0,,,0,0.0,76.023781,38153,0.1834,hold,,,0.0,,,0,0.0
2013-06-24,15584218,121,False,False,,126.270615,39225,0.3178,hold,,,0.0,,,0,0.0,0.620306,7761500,0.3089,hold,,,0.0,,,0,0.0,123.93,23433,0.1863,hold,,,0.0,,,0,0.0,76.33934,38153,0.1869,hold,,,0.0,,,0,0.0
2013-06-25,15697720,121,False,False,,127.484619,39225,0.3186,hold,,,0.0,,,0,0.0,0.633527,7761500,0.3132,hold,,,0.0,,,0,0.0,123.470001,23433,0.1843,hold,,,0.0,,,0,0.0,75.659126,38153,0.1839,hold,,,0.0,,,0,0.0
2013-06-26,15778602,121,False,False,,128.746857,39225,0.3201,hold,,,0.0,,,0,0.0,0.650825,7761500,0.3201,hold,,,0.0,,,0,0.0,118.279999,23433,0.1757,hold,,,0.0,,,0,0.0,76.150017,38153,0.1841,hold,,,0.0,,,0,0.0
2013-06-27,15839430,121,False,False,,129.502533,39225,0.3207,hold,,,0.0,,,0,0.0,0.658081,7761500,0.3225,hold,,,0.0,,,0,0.0,115.940002,23433,0.1715,hold,,,0.0,,,0,0.0,76.928528,38153,0.1853,hold,,,0.0,,,0,0.0
2013-06-28,15926853,121,False,False,,128.971939,39225,0.3176,hold,,,0.0,,,0,0.0,0.65987,7761500,0.3216,hold,,,0.0,,,0,0.0,119.110001,23433,0.1752,hold,,,0.0,,,0,0.0,77.454506,38153,0.1855,hold,,,0.0,,,0,0.0
2013-07-01,16119352,121,True,False,,129.727615,39225,0.3157,hold,REDUCE_TO_TARGET,rebalance 2013-07-01,-252760.0,,,0,0.0,0.673987,7761500,0.3245,hold,REDUCE_TO_TARGET,rebalance 2013-07-01,-395345.0,,,0,0.0,121.129997,23433,0.1761,hold,INCREASE_TO_TARGET,rebalance 2013-07-01,385431.0,,,0,0.0,77.610558,38153,0.1837,hold,INCREASE_TO_TARGET,rebalance 2013-07-01,262795.0,,,0,0.0
2013-07-02,16080849,109,False,True,monthly,129.607071,37268,0.3004,hold,,,0.0,REDUCE_TO_TARGET,sell,1957,129.146101,0.674285,7172812,0.3008,hold,,,0.0,REDUCE_TO_TARGET,sell,588688,0.671568,120.050003,26599,0.1986,hold,,,0.0,INCREASE_TO_TARGET,buy,3166,121.339996,77.561386,41526,0.2003,hold,,,0.0,INCREASE_TO_TARGET,buy,3373,77.673858
2013-07-03,16157260,109,False,False,,129.66333,37268,0.2991,hold,,,0.0,,,0,0.0,0.68343,7172812,0.3034,hold,,,0.0,,,0,0.0,120.739998,26599,0.1988,hold,,,0.0,,,0,0.0,77.329361,41526,0.1987,hold,,,0.0,,,0,0.0
2013-07-05,16137835,109,False,False,,131.062256,37268,0.3027,hold,,,0.0,,,0,0.0,0.698541,7172812,0.3105,hold,,,0.0,,,0,0.0,118.089996,26599,0.1946,hold,,,0.0,,,0,0.0,74.693405,41526,0.1922,hold,,,0.0,,,0,0.0
2013-07-08,16249932,109,False,False,,131.809937,37268,0.3023,hold,,,0.0,,,0,0.0,0.700827,7172812,0.3093,hold,,,0.0,,,0,0.0,119.510002,26599,0.1956,hold,,,0.0,,,0,0.0,75.417412,41526,0.1927,hold,,,0.0,,,0,0.0
2013-07-09,16410007,109,False,False,,132.758591,37268,0.3015,hold,,,0.0,,,0,0.0,0.713651,7172812,0.3119,hold,,,0.0,,,0,0.0,120.620003,26599,0.1955,hold,,,0.0,,,0,0.0,75.494728,41526,0.191,hold,,,0.0,,,0,0.0
2013-07-10,16482337,109,False,False,,132.806839,37268,0.3003,hold,,,0.0,,,0,0.0,0.725679,7172812,0.3158,hold,,,0.0,,,0,0.0,120.949997,26599,0.1952,hold,,,0.0,,,0,0.0,74.904266,41526,0.1887,hold,,,0.0,,,0,0.0
2013-07-11,16998183,109,False,False,,134.615768,37268,0.2951,hold,,,0.0,,,0,0.0,0.77091,7172812,0.3253,hold,,,0.0,,,0,0.0,124.239998,26599,0.1944,hold,,,0.0,,,0,0.0,75.782898,41526,0.1851,hold,,,0.0,,,0,0.0
2013-07-12,17052485,109,False,False,,134.672028,37268,0.2943,hold,,,0.0,,,0,0.0,0.778962,7172812,0.3277,hold,,,0.0,,,0,0.0,124.129997,26599,0.1936,hold,,,0.0,,,0,0.0,75.719704,41526,0.1844,hold,,,0.0,,,0,0.0
2013-07-15,17133117,109,False,False,,135.1866,37268,0.2941,hold,,,0.0,,,0,0.0,0.785025,7172812,0.3287,hold,,,0.0,,,0,0.0,124.18,26599,0.1928,hold,,,0.0,,,0,0.0,76.120331,41526,0.1845,hold,,,0.0,,,0,0.0
2013-07-16,17121825,109,False,False,,134.680084,37268,0.2931,hold,,,0.0,,,0,0.0,0.781944,7172812,0.3276,hold,,,0.0,,,0,0.0,124.889999,26599,0.194,hold,,,0.0,,,0,0.0,76.380394,41526,0.1852,hold,,,0.0,,,0,0.0
2013-07-17,17138713,109,False,False,,135.025787,37268,0.2936,hold,,,0.0,,,0,0.0,0.78751,7172812,0.3296,hold,,,0.0,,,0,0.0,123.32,26599,0.1914,hold,,,0.0,,,0,0.0,76.521034,41526,0.1854,hold,,,0.0,,,0,0.0
2013-07-18,17103579,109,False,False,,135.765396,37268,0.2958,hold,,,0.0,,,0,0.0,0.781745,7172812,0.3278,hold,,,0.0,,,0,0.0,124.010002,26599,0.1929,hold,,,0.0,,,0,0.0,75.56501,41526,0.1835,hold,,,0.0,,,0,0.0
2013-07-19,17021040,109,False,False,,136.006622,37268,0.2978,hold,,,0.0,,,0,0.0,0.757987,7172812,0.3194,hold,,,0.0,,,0,0.0,125.110001,26599,0.1955,hold,,,0.0,,,0,0.0,76.76001,41526,0.1873,hold,,,0.0,,,0,0.0
2013-07-22,17174027,109,False,False,,136.271988,37268,0.2957,hold,,,0.0,,,0,0.0,0.763454,7172812,0.3189,hold,,,0.0,,,0,0.0,128.839996,26599,0.1995,hold,,,0.0,,,0,0.0,76.872459,41526,0.1859,hold,,,0.0,,,0,0.0
2013-07-23,17051032,109,False,False,,135.982529,37268,0.2972,hold,,,0.0,,,0,0.0,0.746456,7172812,0.314,hold,,,0.0,,,0,0.0,129.710007,26599,0.2023,hold,,,0.0,,,0,0.0,76.549164,41526,0.1864,hold,,,0.0,,,0,0.0
2013-07-24,16983474,109,False,False,,135.48407,37268,0.2973,hold,,,0.0,,,0,0.0,0.753513,7172812,0.3182,hold,,,0.0,,,0,0.0,127.480003,26599,0.1997,hold,,,0.0,,,0,0.0,75.579079,41526,0.1848,hold,,,0.0,,,0,0.0
2013-07-25,17123929,109,False,False,,135.813675,37268,0.2956,hold,,,0.0,,,0,0.0,0.767132,7172812,0.3213,hold,,,0.0,,,0,0.0,128.669998,26599,0.1999,hold,,,0.0,,,0,0.0,75.550949,41526,0.1832,hold,,,0.0,,,0,0.0
2013-07-26,17242788,109,False,False,,135.958405,37268,0.2939,hold,,,0.0,,,0,0.0,0.779857,7172812,0.3244,hold,,,0.0,,,0,0.0,128.779999,26599,0.1987,hold,,,0.0,,,0,0.0,76.01487,41526,0.1831,hold,,,0.0,,,0,0.0
2013-07-29,17170229,109,False,False,,135.540283,37268,0.2942,hold,,,0.0,,,0,0.0,0.776278,7172812,0.3243,hold,,,0.0,,,0,0.0,128.470001,26599,0.199,hold,,,0.0,,,0,0.0,75.459579,41526,0.1825,hold,,,0.0,,,0,0.0
2013-07-30,17242461,109,False,False,,135.540283,37268,0.293,hold,,,0.0,,,0,0.0,0.787809,7172812,0.3277,hold,,,0.0,,,0,0.0,128.119995,26599,0.1976,hold,,,0.0,,,0,0.0,75.431458,41526,0.1817,hold,,,0.0,,,0,0.0
2013-07-31,17288837,109,False,False,,135.636795,37268,0.2924,hold,,,0.0,,,0,0.0,0.792779,7172812,0.3289,hold,,,0.0,,,0,0.0,127.959999,26599,0.1969,hold,,,0.0,,,0,0.0,75.705643,41526,0.1818,hold,,,0.0,,,0,0.0
2013-08-01,17424051,109,True,False,,137.204544,37268,0.2935,hold,INCREASE_TO_TARGET,rebalance 2013-08-01,113876.0,,,0,0.0,0.816936,7172812,0.3363,hold,REDUCE_TO_TARGET,rebalance 2013-08-01,-632513.0,,,0,0.0,126.610001,26599,0.1933,hold,INCREASE_TO_TARGET,rebalance 2013-08-01,117111.0,,,0,0.0,74.246857,41526,0.1769,hold,INCREASE_TO_TARGET,rebalance 2013-08-01,401635.0,,,0,0.0
2013-08-02,17545843,95,False,True,monthly,137.437668,38097,0.2984,hold,,,0.0,INCREASE_TO_TARGET,buy,829,136.899013,0.830555,6396799,0.3028,hold,,,0.0,REDUCE_TO_TARGET,sell,776013,0.815079,126.360001,27520,0.1982,hold,,,0.0,INCREASE_TO_TARGET,buy,921,126.739998,75.064316,46886,0.2006,hold,,,0.0,INCREASE_TO_TARGET,buy,5360,74.704924
2013-08-05,17504374,95,False,False,,137.236664,38097,0.2987,hold,,,0.0,,,0,0.0,0.832344,6396799,0.3042,hold,,,0.0,,,0,0.0,125.699997,27520,0.1976,hold,,,0.0,,,0,0.0,74.486488,46886,0.1995,hold,,,0.0,,,0,0.0
2013-08-06,17342553,95,False,False,,136.456894,38097,0.2998,hold,,,0.0,,,0,0.0,0.817532,6396799,0.3015,hold,,,0.0,,,0,0.0,123.970001,27520,0.1967,hold,,,0.0,,,0,0.0,74.704979,46886,0.202,hold,,,0.0,,,0,0.0
2013-08-07,17326873,95,False,False,,136.014664,38097,0.2991,hold,,,0.0,,,0,0.0,0.81286,6396799,0.3001,hold,,,0.0,,,0,0.0,124.150002,27520,0.1972,hold,,,0.0,,,0,0.0,75.26165,46886,0.2037,hold,,,0.0,,,0,0.0
2013-08-08,17499335,95,False,False,,136.513153,38097,0.2972,hold,,,0.0,,,0,0.0,0.823695,6396799,0.3011,hold,,,0.0,,,0,0.0,126.860001,27520,0.1995,hold,,,0.0,,,0,0.0,75.466026,46886,0.2022,hold,,,0.0,,,0,0.0
2013-08-09,17433351,95,False,False,,136.119202,38097,0.2975,hold,,,0.0,,,0,0.0,0.814848,6396799,0.299,hold,,,0.0,,,0,0.0,126.860001,27520,0.2003,hold,,,0.0,,,0,0.0,75.585831,46886,0.2033,hold,,,0.0,,,0,0.0
2013-08-12,17498008,95,False,False,,135.958405,38097,0.296,hold,,,0.0,,,0,0.0,0.819918,6396799,0.2997,hold,,,0.0,,,0,0.0,129.130005,27520,0.2031,hold,,,0.0,,,0,0.0,75.071396,46886,0.2012,hold,,,0.0,,,0,0.0
2013-08-13,17511306,95,False,False,,136.360382,38097,0.2967,hold,,,0.0,,,0,0.0,0.833537,6396799,0.3045,hold,,,0.0,,,0,0.0,127.739998,27520,0.2008,hold,,,0.0,,,0,0.0,73.986191,46886,0.1981,hold,,,0.0,,,0,0.0
2013-08-14,17465479,95,False,False,,135.66095,38097,0.2959,hold,,,0.0,,,0,0.0,0.824292,6396799,0.3019,hold,,,0.0,,,0,0.0,129.0,27520,0.2033,hold,,,0.0,,,0,0.0,74.098862,46886,0.1989,hold,,,0.0,,,0,0.0
2013-08-15,17155776,95,False,False,,133.763596,38097,0.297,hold,,,0.0,,,0,0.0,0.782938,6396799,0.2919,hold,,,0.0,,,0,0.0,131.690002,27520,0.2112,hold,,,0.0,,,0,0.0,73.098236,46886,0.1998,hold,,,0.0,,,0,0.0
2013-08-16,17133727,95,False,False,,133.321396,38097,0.2964,hold,,,0.0,,,0,0.0,0.780155,6396799,0.2913,hold,,,0.0,,,0,0.0,132.580002,27520,0.2129,hold,,,0.0,,,0,0.0,72.844582,46886,0.1993,hold,,,0.0,,,0,0.0
2013-08-19,17036120,95,False,False,,132.469177,38097,0.2962,hold,,,0.0,,,0,0.0,0.777073,6396799,0.2918,hold,,,0.0,,,0,0.0,132.009995,27520,0.2132,hold,,,0.0,,,0,0.0,72.210304,46886,0.1987,hold,,,0.0,,,0,0.0
2013-08-20,17167184,95,False,False,,133.120392,38097,0.2954,hold,,,0.0,,,0,0.0,0.78771,6396799,0.2935,hold,,,0.0,,,0,0.0,132.449997,27520,0.2123,hold,,,0.0,,,0,0.0,72.767036,46886,0.1987,hold,,,0.0,,,0,0.0
2013-08-21,17037918,95,False,False,,132.300385,38097,0.2958,hold,,,0.0,,,0,0.0,0.779857,6396799,0.2928,hold,,,0.0,,,0,0.0,132.070007,27520,0.2133,hold,,,0.0,,,0,0.0,71.970741,46886,0.1981,hold,,,0.0,,,0,0.0
2013-08-22,17281024,95,False,False,,133.506348,38097,0.2943,hold,,,0.0,,,0,0.0,0.802124,6396799,0.2969,hold,,,0.0,,,0,0.0,132.809998,27520,0.2115,hold,,,0.0,,,0,0.0,72.703598,46886,0.1973,hold,,,0.0,,,0,0.0
2013-08-23,17500797,95,False,False,,133.956558,38097,0.2916,hold,,,0.0,,,0,0.0,0.819023,6396799,0.2994,hold,,,0.0,,,0,0.0,134.899994,27520,0.2121,hold,,,0.0,,,0,0.0,73.492859,46886,0.1969,hold,,,0.0,,,0,0.0
2013-08-26,17518577,95,False,False,,133.458069,38097,0.2902,hold,,,0.0,,,0,0.0,0.819719,6396799,0.2993,hold,,,0.0,,,0,0.0,135.449997,27520,0.2128,hold,,,0.0,,,0,0.0,73.859344,46886,0.1977,hold,,,0.0,,,0,0.0
2013-08-27,17186155,95,False,False,,131.311447,38097,0.2911,hold,,,0.0,,,0,0.0,0.768126,6396799,0.2859,hold,,,0.0,,,0,0.0,136.75,27520,0.219,hold,,,0.0,,,0,0.0,74.789505,46886,0.204,hold,,,0.0,,,0,0.0
2013-08-28,17237996,95,False,False,,131.777786,38097,0.2912,hold,,,0.0,,,0,0.0,0.778067,6396799,0.2887,hold,,,0.0,,,0,0.0,136.710007,27520,0.2183,hold,,,0.0,,,0,0.0,74.183464,46886,0.2018,hold,,,0.0,,,0,0.0
2013-08-29,17353617,95,False,False,,131.986786,38097,0.2898,hold,,,0.0,,,0,0.0,0.794172,6396799,0.2927,hold,,,0.0,,,0,0.0,135.869995,27520,0.2155,hold,,,0.0,,,0,0.0,74.775444,46886,0.202,hold,,,0.0,,,0,0.0
2013-08-30,17204570,95,False,False,,131.568726,38097,0.2913,hold,,,0.0,,,0,0.0,0.779359,6396799,0.2898,hold,,,0.0,,,0,0.0,134.619995,27520,0.2153,hold,,,0.0,,,0,0.0,74.690887,46886,0.2035,hold,,,0.0,,,0,0.0
2013-09-03,17309411,95,True,False,,132.163696,38097,0.2909,hold,,,0.0,,,0,0.0,0.792183,6396799,0.2928,hold,,,0.0,,,0,0.0,136.419998,27520,0.2169,hold,,,0.0,,,0,0.0,73.63739,46886,0.1995,hold,,,0.0,,,0,0.0
2013-09-04,17460352,95,False,False,,133.257126,38097,0.2908,hold,,,0.0,,,0,0.0,0.81803,6396799,0.2997,hold,,,0.0,,,0,0.0,134.660004,27520,0.2122,hold,,,0.0,,,0,0.0,73.474892,46886,0.1973,hold,,,0.0,,,0,0.0
2013-09-05,17373934,95,False,False,,133.425873,38097,0.2926,hold,,,0.0,,,0,0.0,0.821608,6396799,0.3025,hold,,,0.0,,,0,0.0,132.199997,27520,0.2094,hold,,,0.0,,,0,0.0,72.450386,46886,0.1955,hold,,,0.0,,,0,0.0
2013-09-06,17466027,95,False,False,,133.49028,38097,0.2912,hold,,,0.0,,,0,0.0,0.824591,6396799,0.302,hold,,,0.0,,,0,0.0,134.149994,27520,0.2114,hold,,,0.0,,,0,0.0,72.810692,46886,0.1955,hold,,,0.0,,,0,0.0
2013-09-09,17695450,95,False,False,,134.768494,38097,0.2901,hold,,,0.0,,,0,0.0,0.853617,6396799,0.3086,hold,,,0.0,,,0,0.0,133.910004,27520,0.2083,hold,,,0.0,,,0,0.0,72.846054,46886,0.193,hold,,,0.0,,,0,0.0
2013-09-10,17732525,95,False,False,,135.765396,38097,0.2917,hold,,,0.0,,,0,0.0,0.86654,6396799,0.3126,hold,,,0.0,,,0,0.0,131.740005,27520,0.2045,hold,,,0.0,,,0,0.0,72.337349,46886,0.1913,hold,,,0.0,,,0,0.0
2013-09-11,17749832,95,False,False,,136.191589,38097,0.2923,hold,,,0.0,,,0,0.0,0.862167,6396799,0.3107,hold,,,0.0,,,0,0.0,131.699997,27520,0.2042,hold,,,0.0,,,0,0.0,72.980278,46886,0.1928,hold,,,0.0,,,0,0.0
2013-09-12,17595697,95,False,False,,135.829758,38097,0.2941,hold,,,0.0,,,0,0.0,0.858289,6396799,0.312,hold,,,0.0,,,0,0.0,127.669998,27520,0.1997,hold,,,0.0,,,0,0.0,72.881371,46886,0.1942,hold,,,0.0,,,0,0.0
2013-09-13,17642524,95,False,False,,136.1353,38097,0.294,hold,,,0.0,,,0,0.0,0.861073,6396799,0.3122,hold,,,0.0,,,0,0.0,127.82,27520,0.1994,hold,,,0.0,,,0,0.0,73.163963,46886,0.1944,hold,,,0.0,,,0,0.0
2013-09-16,17565556,95,False,False,,136.923141,38097,0.297,hold,,,0.0,,,0,0.0,0.853816,6396799,0.3109,hold,,,0.0,,,0,0.0,126.449997,27520,0.1981,hold,,,0.0,,,0,0.0,72.676437,46886,0.194,hold,,,0.0,,,0,0.0
2013-09-17,17727742,95,False,False,,137.534164,38097,0.2956,hold,,,0.0,,,0,0.0,0.870914,6396799,0.3143,hold,,,0.0,,,0,0.0,126.5,27520,0.1964,hold,,,0.0,,,0,0.0,73.277031,46886,0.1938,hold,,,0.0,,,0,0.0
2013-09-18,18187187,95,False,False,,139.126068,38097,0.2914,hold,,,0.0,,,0,0.0,0.902924,6396799,0.3176,hold,,,0.0,,,0,0.0,132.009995,27520,0.1998,hold,,,0.0,,,0,0.0,74.181381,46886,0.1912,hold,,,0.0,,,0,0.0
2013-09-19,18186213,95,False,False,,138.892853,38097,0.291,hold,,,0.0,,,0,0.0,0.90849,6396799,0.3196,hold,,,0.0,,,0,0.0,131.75,27520,0.1994,hold,,,0.0,,,0,0.0,73.743317,46886,0.1901,hold,,,0.0,,,0,0.0
2013-09-20,17999556,95,False,False,,137.921783,38097,0.2919,hold,,,0.0,,,0,0.0,0.89855,6396799,0.3193,hold,,,0.0,,,0,0.0,127.959999,27520,0.1956,hold,,,0.0,,,0,0.0,74.131981,46886,0.1931,hold,,,0.0,,,0,0.0
2013-09-23,17957036,95,False,False,,137.2836,38097,0.2913,hold,,,0.0,,,0,0.0,0.89348,6396799,0.3183,hold,,,0.0,,,0,0.0,127.550003,27520,0.1955,hold,,,0.0,,,0,0.0,74.676025,46886,0.195,hold,,,0.0,,,0,0.0
2013-09-24,17986784,95,False,False,,136.960434,38097,0.2901,hold,,,0.0,,,0,0.0,0.893678,6396799,0.3178,hold,,,0.0,,,0,0.0,127.660004,27520,0.1953,hold,,,0.0,,,0,0.0,75.481499,46886,0.1968,hold,,,0.0,,,0,0.0
2013-09-25,17956043,95,False,False,,136.56459,38097,0.2897,hold,,,0.0,,,0,0.0,0.885229,6396799,0.3154,hold,,,0.0,,,0,0.0,128.789993,27520,0.1974,hold,,,0.0,,,0,0.0,75.636971,46886,0.1975,hold,,,0.0,,,0,0.0
2013-09-26,18053403,95,False,False,,137.089676,38097,0.2893,hold,,,0.0,,,0,0.0,0.905508,6396799,0.3208,hold,,,0.0,,,0,0.0,127.790001,27520,0.1948,hold,,,0.0,,,0,0.0,75.107056,46886,0.1951,hold,,,0.0,,,0,0.0
2013-09-27,18043144,95,False,False,,136.459579,38097,0.2881,hold,,,0.0,,,0,0.0,0.901234,6396799,0.3195,hold,,,0.0,,,0,0.0,128.970001,27520,0.1967,hold,,,0.0,,,0,0.0,75.290749,46886,0.1956,hold,,,0.0,,,0,0.0
2013-09-30,17952156,95,False,False,,135.732468,38097,0.288,hold,,,0.0,,,0,0.0,0.895568,6396799,0.3191,hold,,,0.0,,,0,0.0,128.179993,27520,0.1965,hold,,,0.0,,,0,0.0,75.177666,46886,0.1963,hold,,,0.0,,,0,0.0
2013-10-01,18055289,95,True,False,,136.806931,38097,0.2887,hold,,,0.0,,,0,0.0,0.922408,6396799,0.3268,hold,,,0.0,,,0,0.0,124.589996,27520,0.1899,hold,,,0.0,,,0,0.0,74.949562,46886,0.1946,hold,,,0.0,,,0,0.0
2013-10-02,18112842,95,False,False,,136.677673,38097,0.2875,hold,,,0.0,,,0,0.0,0.920718,6396799,0.3252,hold,,,0.0,,,0,0.0,127.059998,27520,0.1931,hold,,,0.0,,,0,0.0,75.062904,46886,0.1943,hold,,,0.0,,,0,0.0
2013-10-03,17857724,95,False,False,,135.417358,38097,0.2889,hold,,,0.0,,,0,0.0,0.888708,6396799,0.3183,hold,,,0.0,,,0,0.0,127.18,27520,0.196,hold,,,0.0,,,0,0.0,74.942505,46886,0.1968,hold,,,0.0,,,0,0.0
2013-10-04,18022521,95,False,False,,136.443329,38097,0.2884,hold,,,0.0,,,0,0.0,0.911572,6396799,0.3235,hold,,,0.0,,,0,0.0,126.529999,27520,0.1932,hold,,,0.0,,,0,0.0,74.885826,46886,0.1948,hold,,,0.0,,,0,0.0
2013-10-07,17878071,95,False,False,,135.26384,38097,0.2882,hold,,,0.0,,,0,0.0,0.889007,6396799,0.3181,hold,,,0.0,,,0,0.0,127.639999,27520,0.1965,hold,,,0.0,,,0,0.0,75.190414,46886,0.1972,hold,,,0.0,,,0,0.0
2013-10-08,17490681,95,False,False,,133.688492,38097,0.2912,hold,,,0.0,,,0,0.0,0.838706,6396799,0.3067,hold,,,0.0,,,0,0.0,127.400002,27520,0.2005,hold,,,0.0,,,0,0.0,75.211678,46886,0.2016,hold,,,0.0,,,0,0.0
2013-10-09,17371504,95,False,False,,133.785492,38097,0.2934,hold,,,0.0,,,0,0.0,0.829461,6396799,0.3054,hold,,,0.0,,,0,0.0,126.110001,27520,0.1998,hold,,,0.0,,,0,0.0,74.609512,46886,0.2014,hold,,,0.0,,,0,0.0
2013-10-10,17773410,95,False,False,,136.669556,38097,0.2929,hold,,,0.0,,,0,0.0,0.882147,6396799,0.3175,hold,,,0.0,,,0,0.0,124.269997,27520,0.1924,hold,,,0.0,,,0,0.0,74.72995,46886,0.1971,hold,,,0.0,,,0,0.0
2013-10-11,17887186,95,False,False,,137.550171,38097,0.293,hold,,,0.0,,,0,0.0,0.902029,6396799,0.3226,hold,,,0.0,,,0,0.0,122.599998,27520,0.1886,hold,,,0.0,,,0,0.0,74.70871,46886,0.1958,hold,,,0.0,,,0,0.0
2013-10-14,18005761,95,False,False,,138.099533,38097,0.2922,hold,,,0.0,,,0,0.0,0.920718,6396799,0.3271,hold,,,0.0,,,0,0.0,122.830002,27520,0.1877,hold,,,0.0,,,0,0.0,74.106544,46886,0.193,hold,,,0.0,,,0,0.0
2013-10-15,17927085,95,False,False,,137.097778,38097,0.2913,hold,,,0.0,,,0,0.0,0.910876,6396799,0.325,hold,,,0.0,,,0,0.0,123.730003,27520,0.1899,hold,,,0.0,,,0,0.0,74.056992,46886,0.1937,hold,,,0.0,,,0,0.0
2013-10-16,18237345,95,False,False,,139.012436,38097,0.2904,hold,,,0.0,,,0,0.0,0.941991,6396799,0.3304,hold,,,0.0,,,0,0.0,123.540001,27520,0.1864,hold,,,0.0,,,0,0.0,74.984985,46886,0.1928,hold,,,0.0,,,0,0.0
2013-10-17,18508698,95,False,False,,139.941513,38097,0.288,hold,,,0.0,,,0,0.0,0.957201,6396799,0.3308,hold,,,0.0,,,0,0.0,127.419998,27520,0.1895,hold,,,0.0,,,0,0.0,75.665047,46886,0.1917,hold,,,0.0,,,0,0.0
2013-10-18,18839338,95,False,False,,140.886703,38097,0.2849,hold,,,0.0,,,0,0.0,1.004518,6396799,0.3411,hold,,,0.0,,,0,0.0,126.849998,27520,0.1853,hold,,,0.0,,,0,0.0,75.82798,46886,0.1887,hold,,,0.0,,,0,0.0
2013-10-21,18868814,95,False,False,,140.894791,38097,0.2845,hold,,,0.0,,,0,0.0,1.010284,6396799,0.3425,hold,,,0.0,,,0,0.0,126.980003,27520,0.1852,hold,,,0.0,,,0,0.0,75.58712,46886,0.1878,hold,,,0.0,,,0,0.0
2013-10-22,19026634,95,False,False,,141.71077,38097,0.2837,hold,,,0.0,,,0,0.0,1.013764,6396799,0.3408,hold,,,0.0,,,0,0.0,129.339996,27520,0.1871,hold,,,0.0,,,0,0.0,76.43013,46886,0.1883,hold,,,0.0,,,0,0.0
2013-10-23,18892552,95,False,False,,141.032211,38097,0.2844,hold,,,0.0,,,0,0.0,0.99746,6396799,0.3377,hold,,,0.0,,,0,0.0,128.690002,27520,0.1875,hold,,,0.0,,,0,0.0,76.727669,46886,0.1904,hold,,,0.0,,,0,0.0
2013-10-24,19009235,95,False,False,,141.500687,38097,0.2836,hold,,,0.0,,,0,0.0,1.009886,6396799,0.3398,hold,,,0.0,,,0,0.0,129.899994,27520,0.1881,hold,,,0.0,,,0,0.0,76.43013,46886,0.1885,hold,,,0.0,,,0,0.0
2013-10-25,19191649,95,False,False,,142.147003,38097,0.2822,hold,,,0.0,,,0,0.0,1.030067,6396799,0.3433,hold,,,0.0,,,0,0.0,130.460007,27520,0.1871,hold,,,0.0,,,0,0.0,76.713509,46886,0.1874,hold,,,0.0,,,0,0.0
2013-10-28,19204078,95,False,False,,142.373184,38097,0.2824,hold,,,0.0,,,0,0.0,1.032154,6396799,0.3438,hold,,,0.0,,,0,0.0,130.559998,27520,0.1871,hold,,,0.0,,,0,0.0,76.451378,46886,0.1867,hold,,,0.0,,,0,0.0
2013-10-29,19247714,95,False,False,,143.132645,38097,0.2833,hold,,,0.0,,,0,0.0,1.037124,6396799,0.3447,hold,,,0.0,,,0,0.0,129.770004,27520,0.1855,hold,,,0.0,,,0,0.0,76.550583,46886,0.1865,hold,,,0.0,,,0,0.0
2013-10-30,19173380,95,False,False,,142.421768,38097,0.283,hold,,,0.0,,,0,0.0,1.033844,6396799,0.3449,hold,,,0.0,,,0,0.0,129.600006,27520,0.186,hold,,,0.0,,,0,0.0,76.090073,46886,0.1861,hold,,,0.0,,,0,0.0
2013-10-31,19071838,95,False,False,,142.017761,38097,0.2837,hold,,,0.0,,,0,0.0,1.027184,6396799,0.3445,hold,,,0.0,,,0,0.0,127.739998,27520,0.1843,hold,,,0.0,,,0,0.0,76.253014,46886,0.1875,hold,,,0.0,,,0,0.0
2013-11-01,19021141,95,True,False,,142.357101,38097,0.2851,hold,INCREASE_TO_TARGET,rebalance 2013-11-01,282964.0,,,0,0.0,1.026686,6396799,0.3453,hold,REDUCE_TO_TARGET,rebalance 2013-11-01,-861162.0,,,0,0.0,126.949997,27520,0.1837,hold,INCREASE_TO_TARGET,rebalance 2013-11-01,310564.0,,,0,0.0,75.427635,46886,0.1859,hold,INCREASE_TO_TARGET,rebalance 2013-11-01,267728.0,,,0,0.0
2013-11-04,19070332,174,False,True,monthly,142.85791,40073,0.3002,hold,,,0.0,INCREASE_TO_TARGET,buy,1976,142.744807,1.031657,5564523,0.301,hold,,,0.0,REDUCE_TO_TARGET,sell,832276,1.034707,126.809998,29954,0.1992,hold,,,0.0,INCREASE_TO_TARGET,buy,2434,127.18,75.498703,50415,0.1996,hold,,,0.0,INCREASE_TO_TARGET,buy,3529,75.626559
2013-11-05,19023576,174,False,False,,142.405533,40073,0.3,hold,,,0.0,,,0,0.0,1.036031,5564523,0.303,hold,,,0.0,,,0,0.0,126.559998,29954,0.1993,hold,,,0.0,,,0,0.0,74.596619,50415,0.1977,hold,,,0.0,,,0,0.0
2013-11-06,19063720,174,False,False,,143.132645,40073,0.3009,hold,,,0.0,,,0,0.0,1.034242,5564523,0.3019,hold,,,0.0,,,0,0.0,127.199997,29954,0.1999,hold,,,0.0,,,0,0.0,74.632126,50415,0.1974,hold,,,0.0,,,0,0.0
2013-11-07,18672741,174,False,False,,141.322922,40073,0.3033,hold,,,0.0,,,0,0.0,0.976883,5564523,0.2911,hold,,,0.0,,,0,0.0,126.160004,29954,0.2024,hold,,,0.0,,,0,0.0,75.264275,50415,0.2032,hold,,,0.0,,,0,0.0
2013-11-08,18816146,174,False,False,,143.229553,40073,0.305,hold,,,0.0,,,0,0.0,1.015454,5564523,0.3003,hold,,,0.0,,,0,0.0,124.279999,29954,0.1978,hold,,,0.0,,,0,0.0,73.453003,50415,0.1968,hold,,,0.0,,,0,0.0
2013-11-11,18763762,174,False,False,,143.253876,40073,0.3059,hold,,,0.0,,,0,0.0,1.010582,5564523,0.2997,hold,,,0.0,,,0,0.0,123.870003,29954,0.1977,hold,,,0.0,,,0,0.0,73.175964,50415,0.1966,hold,,,0.0,,,0,0.0
2013-11-12,18754422,174,False,False,,142.962982,40073,0.3055,hold,,,0.0,,,0,0.0,1.015553,5564523,0.3013,hold,,,0.0,,,0,0.0,122.449997,29954,0.1956,hold,,,0.0,,,0,0.0,73.516937,50415,0.1976,hold,,,0.0,,,0,0.0
2013-11-13,19028440,174,False,False,,144.110153,40073,0.3035,hold,,,0.0,,,0,0.0,1.051937,5564523,0.3076,hold,,,0.0,,,0,0.0,122.849998,29954,0.1934,hold,,,0.0,,,0,0.0,73.786827,50415,0.1955,hold,,,0.0,,,0,0.0
2013-11-14,19168065,174,False,False,,144.829208,40073,0.3028,hold,,,0.0,,,0,0.0,1.060088,5564523,0.3077,hold,,,0.0,,,0,0.0,124.269997,29954,0.1942,hold,,,0.0,,,0,0.0,74.241447,50415,0.1953,hold,,,0.0,,,0,0.0
2013-11-15,19243270,174,False,False,,145.459381,40073,0.3029,hold,,,0.0,,,0,0.0,1.067444,5564523,0.3087,hold,,,0.0,,,0,0.0,124.32,29954,0.1935,hold,,,0.0,,,0,0.0,74.390633,50415,0.1949,hold,,,0.0,,,0,0.0
2013-11-18,19038611,174,False,False,,144.950378,40073,0.3051,hold,,,0.0,,,0,0.0,1.03792,5564523,0.3034,hold,,,0.0,,,0,0.0,122.900002,29954,0.1934,hold,,,0.0,,,0,0.0,74.838127,50415,0.1982,hold,,,0.0,,,0,0.0
2013-11-19,18941858,174,False,False,,144.635284,40073,0.306,hold,,,0.0,,,0,0.0,1.027681,5564523,0.3019,hold,,,0.0,,,0,0.0,122.949997,29954,0.1944,hold,,,0.0,,,0,0.0,74.269859,50415,0.1977,hold,,,0.0,,,0,0.0
2013-11-20,18735387,174,False,False,,144.182907,40073,0.3084,hold,,,0.0,,,0,0.0,1.020523,5564523,0.3031,hold,,,0.0,,,0,0.0,120.120003,29954,0.192,hold,,,0.0,,,0,0.0,73.005516,50415,0.1965,hold,,,0.0,,,0,0.0
2013-11-21,18956391,174,False,False,,145.346237,40073,0.3073,hold,,,0.0,,,0,0.0,1.051737,5564523,0.3087,hold,,,0.0,,,0,0.0,119.940002,29954,0.1895,hold,,,0.0,,,0,0.0,73.126244,50415,0.1945,hold,,,0.0,,,0,0.0
2013-11-22,19111684,174,False,False,,146.073334,40073,0.3063,hold,,,0.0,,,0,0.0,1.068338,5564523,0.3111,hold,,,0.0,,,0,0.0,119.919998,29954,0.188,hold,,,0.0,,,0,0.0,73.808151,50415,0.1947,hold,,,0.0,,,0,0.0
2013-11-25,19172056,174,False,False,,145.927948,40073,0.305,hold,,,0.0,,,0,0.0,1.075397,5564523,0.3121,hold,,,0.0,,,0,0.0,120.459999,29954,0.1882,hold,,,0.0,,,0,0.0,74.021233,50415,0.1946,hold,,,0.0,,,0,0.0
2013-11-26,19267488,174,False,False,,145.968353,40073,0.3036,hold,,,0.0,,,0,0.0,1.093191,5564523,0.3157,hold,,,0.0,,,0,0.0,119.82,29954,0.1863,hold,,,0.0,,,0,0.0,74.298302,50415,0.1944,hold,,,0.0,,,0,0.0
2013-11-27,19386196,174,False,False,,146.323776,40073,0.3025,hold,,,0.0,,,0,0.0,1.115061,5564523,0.3201,hold,,,0.0,,,0,0.0,119.459999,29954,0.1846,hold,,,0.0,,,0,0.0,74.17041,50415,0.1929,hold,,,0.0,,,0,0.0
2013-11-29,19522303,174,False,False,,146.226883,40073,0.3002,hold,,,0.0,,,0,0.0,1.133351,5564523,0.323,hold,,,0.0,,,0,0.0,120.699997,29954,0.1852,hold,,,0.0,,,0,0.0,74.191681,50415,0.1916,hold,,,0.0,,,0,0.0
2013-12-02,19345262,174,True,False,,145.847092,40073,0.3021,hold,,,0.0,,,0,0.0,1.126293,5564523,0.324,hold,,,0.0,,,0,0.0,117.580002,29954,0.1821,hold,,,0.0,,,0,0.0,73.614639,50415,0.1918,hold,,,0.0,,,0,0.0
2013-12-03,19326790,174,False,False,,145.216949,40073,0.3011,hold,,,0.0,,,0,0.0,1.123013,5564523,0.3233,hold,,,0.0,,,0,0.0,117.959999,29954,0.1828,hold,,,0.0,,,0,0.0,73.885368,50415,0.1927,hold,,,0.0,,,0,0.0
2013-12-04,19366538,174,False,False,,145.200851,40073,0.3004,hold,,,0.0,,,0,0.0,1.125896,5564523,0.3235,hold,,,0.0,,,0,0.0,119.959999,29954,0.1855,hold,,,0.0,,,0,0.0,73.180077,50415,0.1905,hold,,,0.0,,,0,0.0
2013-12-05,19261462,174,False,False,,144.562607,40073,0.3008,hold,,,0.0,,,0,0.0,1.122417,5564523,0.3243,hold,,,0.0,,,0,0.0,118.300003,29954,0.184,hold,,,0.0,,,0,0.0,72.973457,50415,0.191,hold,,,0.0,,,0,0.0
2013-12-06,19480185,174,False,False,,146.178329,40073,0.3007,hold,,,0.0,,,0,0.0,1.145579,5564523,0.3272,hold,,,0.0,,,0,0.0,118.550003,29954,0.1823,hold,,,0.0,,,0,0.0,73.322594,50415,0.1898,hold,,,0.0,,,0,0.0
2013-12-09,19615077,174,False,False,,146.550034,40073,0.2994,hold,,,0.0,,,0,0.0,1.159297,5564523,0.3289,hold,,,0.0,,,0,0.0,119.720001,29954,0.1828,hold,,,0.0,,,0,0.0,73.493515,50415,0.1889,hold,,,0.0,,,0,0.0
2013-12-10,19671898,174,False,False,,146.024887,40073,0.2975,hold,,,0.0,,,0,0.0,1.157209,5564523,0.3273,hold,,,0.0,,,0,0.0,121.82,29954,0.1855,hold,,,0.0,,,0,0.0,74.020737,50415,0.1897,hold,,,0.0,,,0,0.0
2013-12-11,19308066,174,False,False,,144.384857,40073,0.2997,hold,,,0.0,,,0,0.0,1.113967,5564523,0.321,hold,,,0.0,,,0,0.0,120.860001,29954,0.1875,hold,,,0.0,,,0,0.0,73.450798,50415,0.1918,hold,,,0.0,,,0,0.0
2013-12-12,19147640,174,False,False,,143.908218,40073,0.3012,hold,,,0.0,,,0,0.0,1.104921,5564523,0.3211,hold,,,0.0,,,0,0.0,118.290001,29954,0.185,hold,,,0.0,,,0,0.0,73.172951,50415,0.1927,hold,,,0.0,,,0,0.0
2013-12-13,19168283,174,False,False,,143.892059,40073,0.3008,hold,,,0.0,,,0,0.0,1.099652,5564523,0.3192,hold,,,0.0,,,0,0.0,119.379997,29954,0.1866,hold,,,0.0,,,0,0.0,73.529205,50415,0.1934,hold,,,0.0,,,0,0.0
2013-12-16,19304958,174,False,False,,144.788879,40073,0.3006,hold,,,0.0,,,0,0.0,1.11854,5564523,0.3224,hold,,,0.0,,,0,0.0,119.690002,29954,0.1857,hold,,,0.0,,,0,0.0,73.258408,50415,0.1913,hold,,,0.0,,,0,0.0
2013-12-17,19232599,174,False,False,,144.328323,40073,0.3007,hold,,,0.0,,,0,0.0,1.111482,5564523,0.3216,hold,,,0.0,,,0,0.0,118.650002,29954,0.1848,hold,,,0.0,,,0,0.0,73.586159,50415,0.1929,hold,,,0.0,,,0,0.0
2013-12-18,19495028,174,False,False,,146.792358,40073,0.3017,hold,,,0.0,,,0,0.0,1.149853,5564523,0.3282,hold,,,0.0,,,0,0.0,117.610001,29954,0.1807,hold,,,0.0,,,0,0.0,73.215706,50415,0.1893,hold,,,0.0,,,0,0.0
2013-12-19,19343540,174,False,False,,146.622711,40073,0.3038,hold,,,0.0,,,0,0.0,1.139515,5564523,0.3278,hold,,,0.0,,,0,0.0,114.82,29954,0.1778,hold,,,0.0,,,0,0.0,73.14447,50415,0.1906,hold,,,0.0,,,0,0.0
2013-12-20,19658852,174,False,False,,147.475586,40073,0.3006,hold,,,0.0,,,0,0.0,1.17381,5564523,0.3323,hold,,,0.0,,,0,0.0,115.940002,29954,0.1767,hold,,,0.0,,,0,0.0,74.270126,50415,0.1905,hold,,,0.0,,,0,0.0
2013-12-23,19869463,174,False,False,,148.263535,40073,0.299,hold,,,0.0,,,0,0.0,1.211785,5564523,0.3394,hold,,,0.0,,,0,0.0,115.57,29954,0.1742,hold,,,0.0,,,0,0.0,73.849747,50415,0.1874,hold,,,0.0,,,0,0.0
2013-12-24,19877951,174,False,False,,148.58844,40073,0.2995,hold,,,0.0,,,0,0.0,1.213475,5564523,0.3397,hold,,,0.0,,,0,0.0,116.099998,29954,0.175,hold,,,0.0,,,0,0.0,73.258408,50415,0.1858,hold,,,0.0,,,0,0.0
2013-12-26,19978982,174,False,False,,149.343796,40073,0.2995,hold,,,0.0,,,0,0.0,1.225304,5564523,0.3413,hold,,,0.0,,,0,0.0,116.739998,29954,0.175,hold,,,0.0,,,0,0.0,72.976135,50415,0.1841,hold,,,0.0,,,0,0.0
2013-12-27,19929801,174,False,False,,149.335632,40073,0.3003,hold,,,0.0,,,0,0.0,1.216357,5564523,0.3396,hold,,,0.0,,,0,0.0,117.120003,29954,0.176,hold,,,0.0,,,0,0.0,72.768837,50415,0.1841,hold,,,0.0,,,0,0.0
2013-12-30,19866830,174,False,False,,149.31134,40073,0.3012,hold,,,0.0,,,0,0.0,1.209995,5564523,0.3389,hold,,,0.0,,,0,0.0,115.389999,29954,0.174,hold,,,0.0,,,0,0.0,73.26918,50415,0.1859,hold,,,0.0,,,0,0.0
2013-12-31,20025801,174,False,False,,150.01799,40073,0.3002,hold,,,0.0,,,0,0.0,1.233754,5564523,0.3428,hold,,,0.0,,,0,0.0,116.120003,29954,0.1737,hold,,,0.0,,,0,0.0,72.804611,50415,0.1833,hold,,,0.0,,,0,0.0
2014-01-02,19875249,174,True,False,,148.580261,40073,0.2996,hold,INCREASE_TO_TARGET,rebalance 2014-01-02,8518.0,,,0,0.0,1.204925,5564523,0.3373,hold,REDUCE_TO_TARGET,rebalance 2014-01-02,-742258.0,,,0,0.0,118.0,29954,0.1778,hold,INCREASE_TO_TARGET,rebalance 2014-01-02,440478.0,,,0,0.0,73.026146,50415,0.1852,hold,INCREASE_TO_TARGET,rebalance 2014-01-02,293437.0,,,0,0.0
2014-01-03,19781943,110,False,True,monthly,148.555878,40130,0.3014,hold,,,0.0,INCREASE_TO_TARGET,buy,57,148.832046,1.178681,4946548,0.2947,hold,,,0.0,REDUCE_TO_TARGET,sell,617975,1.201112,119.290001,33655,0.2029,hold,,,0.0,INCREASE_TO_TARGET,buy,3701,118.639999,73.026146,54435,0.2009,hold,,,0.0,INCREASE_TO_TARGET,buy,4020,72.768835
2014-01-06,19726513,110,False,False,,148.125397,40130,0.3013,hold,,,0.0,,,0,0.0,1.166156,4946548,0.2924,hold,,,0.0,,,0,0.0,119.5,33655,0.2039,hold,,,0.0,,,0,0.0,73.333549,54435,0.2024,hold,,,0.0,,,0,0.0
2014-01-07,19899736,110,False,False,,149.035141,40130,0.3005,hold,,,0.0,,,0,0.0,1.196376,4946548,0.2974,hold,,,0.0,,,0,0.0,118.82,33655,0.201,hold,,,0.0,,,0,0.0,73.519379,54435,0.2011,hold,,,0.0,,,0,0.0
2014-01-08,19910846,110,False,False,,149.067688,40130,0.3004,hold,,,0.0,,,0,0.0,1.205323,4946548,0.2994,hold,,,0.0,,,0,0.0,118.120003,33655,0.1997,hold,,,0.0,,,0,0.0,73.319229,54435,0.2005,hold,,,0.0,,,0,0.0
2014-01-09,19888076,110,False,False,,149.165131,40130,0.301,hold,,,0.0,,,0,0.0,1.192897,4946548,0.2967,hold,,,0.0,,,0,0.0,118.459999,33655,0.2005,hold,,,0.0,,,0,0.0,73.748055,54435,0.2019,hold,,,0.0,,,0,0.0
2014-01-10,20071813,110,False,False,,149.571182,40130,0.299,hold,,,0.0,,,0,0.0,1.204826,4946548,0.2969,hold,,,0.0,,,0,0.0,120.260002,33655,0.2016,hold,,,0.0,,,0,0.0,74.62719,54435,0.2024,hold,,,0.0,,,0,0.0
2014-01-13,19772725,110,False,False,,147.581238,40130,0.2995,hold,,,0.0,,,0,0.0,1.151245,4946548,0.288,hold,,,0.0,,,0,0.0,121.019997,33655,0.206,hold,,,0.0,,,0,0.0,74.998863,54435,0.2065,hold,,,0.0,,,0,0.0
2014-01-14,20106575,110,False,False,,149.189468,40130,0.2978,hold,,,0.0,,,0,0.0,1.217153,4946548,0.2994,hold,,,0.0,,,0,0.0,119.889999,33655,0.2007,hold,,,0.0,,,0,0.0,74.655792,54435,0.2021,hold,,,0.0,,,0,0.0
2014-01-15,20267457,110,False,False,,149.993668,40130,0.297,hold,,,0.0,,,0,0.0,1.245583,4946548,0.304,hold,,,0.0,,,0,0.0,119.660004,33655,0.1987,hold,,,0.0,,,0,0.0,74.577141,54435,0.2003,hold,,,0.0,,,0,0.0
2014-01-16,20304033,110,False,False,,149.798737,40130,0.2961,hold,,,0.0,,,0,0.0,1.248168,4946548,0.3041,hold,,,0.0,,,0,0.0,119.790001,33655,0.1986,hold,,,0.0,,,0,0.0,75.077499,54435,0.2013,hold,,,0.0,,,0,0.0
2014-01-17,20224435,110,False,False,,149.165131,40130,0.296,hold,,,0.0,,,0,0.0,1.226,4946548,0.2999,hold,,,0.0,,,0,0.0,120.93,33655,0.2012,hold,,,0.0,,,0,0.0,75.39196,54435,0.2029,hold,,,0.0,,,0,0.0
2014-01-21,20339472,110,False,False,,149.603699,40130,0.2952,hold,,,0.0,,,0,0.0,1.253437,4946548,0.3048,hold,,,0.0,,,0,0.0,119.699997,33655,0.1981,hold,,,0.0,,,0,0.0,75.449165,54435,0.2019,hold,,,0.0,,,0,0.0
2014-01-22,20373634,110,False,False,,149.701187,40130,0.2949,hold,,,0.0,,,0,0.0,1.265067,4946548,0.3071,hold,,,0.0,,,0,0.0,119.190002,33655,0.1969,hold,,,0.0,,,0,0.0,75.263351,54435,0.2011,hold,,,0.0,,,0,0.0
2014-01-23,20394652,110,False,False,,148.474655,40130,0.2921,hold,,,0.0,,,0,0.0,1.249858,4946548,0.3031,hold,,,0.0,,,0,0.0,121.790001,33655,0.201,hold,,,0.0,,,0,0.0,76.328255,54435,0.2037,hold,,,0.0,,,0,0.0
2014-01-24,19944864,110,False,False,,145.306839,40130,0.2924,hold,,,0.0,,,0,0.0,1.175798,4946548,0.2916,hold,,,0.0,,,0,0.0,122.290001,33655,0.2064,hold,,,0.0,,,0,0.0,76.821503,54435,0.2097,hold,,,0.0,,,0,0.0
2014-01-27,19673083,110,False,False,,144.592041,40130,0.2949,hold,,,0.0,,,0,0.0,1.141602,4946548,0.287,hold,,,0.0,,,0,0.0,120.959999,33655,0.2069,hold,,,0.0,,,0,0.0,76.2854,54435,0.2111,hold,,,0.0,,,0,0.0
2014-01-28,19715448,110,False,False,,145.453079,40130,0.2961,hold,,,0.0,,,0,0.0,1.141204,4946548,0.2863,hold,,,0.0,,,0,0.0,120.949997,33655,0.2065,hold,,,0.0,,,0,0.0,76.47126,54435,0.2111,hold,,,0.0,,,0,0.0
2014-01-29,19566775,110,False,False,,144.055954,40130,0.2954,hold,,,0.0,,,0,0.0,1.105219,4946548,0.2794,hold,,,0.0,,,0,0.0,122.470001,33655,0.2106,hold,,,0.0,,,0,0.0,77.10025,54435,0.2145,hold,,,0.0,,,0,0.0
2014-01-30,19813274,110,False,False,,145.582993,40130,0.2949,hold,,,0.0,,,0,0.0,1.163472,4946548,0.2905,hold,,,0.0,,,0,0.0,119.769997,33655,0.2034,hold,,,0.0,,,0,0.0,76.878647,54435,0.2112,hold,,,0.0,,,0,0.0
2014-01-31,19777515,110,False,False,,144.730118,40130,0.2937,hold,,,0.0,,,0,0.0,1.155321,4946548,0.289,hold,,,0.0,,,0,0.0,120.089996,33655,0.2044,hold,,,0.0,,,0,0.0,77.393318,54435,0.213,hold,,,0.0,,,0,0.0
2014-02-03,19360902,110,True,False,,141.472885,40130,0.2932,hold,INCREASE_TO_TARGET,rebalance 2014-02-03,130964.0,,,0,0.0,1.078777,4946548,0.2756,hold,INCREASE_TO_TARGET,rebalance 2014-02-03,472048.0,,,0,0.0,121.32,33655,0.2109,hold,REDUCE_TO_TARGET,rebalance 2014-02-03,-210844.0,,,0,0.0,78.336319,54435,0.2202,hold,REDUCE_TO_TARGET,rebalance 2014-02-03,-392057.0,,,0,0.0
2014-02-04,19448897,14,False,True,monthly,142.463852,41048,0.3007,hold,,,0.0,INCREASE_TO_TARGET,buy,918,142.106452,1.099851,5377495,0.3041,hold,,,0.0,INCREASE_TO_TARGET,buy,430947,1.092097,120.989998,31899,0.1984,hold,,,0.0,REDUCE_TO_TARGET,sell,1756,120.048774,77.505096,49379,0.1968,hold,,,0.0,REDUCE_TO_TARGET,sell,5056,77.529771
2014-02-05,19361217,14,False,False,,142.285141,41048,0.3017,hold,,,0.0,,,0,0.0,1.089711,5377495,0.3027,hold,,,0.0,,,0,0.0,121.290001,31899,0.1998,hold,,,0.0,,,0,0.0,76.788475,49379,0.1958,hold,,,0.0,,,0,0.0
2014-02-06,19644889,14,False,False,,144.161514,41048,0.3012,hold,,,0.0,,,0,0.0,1.131463,5377495,0.3097,hold,,,0.0,,,0,0.0,121.239998,31899,0.1969,hold,,,0.0,,,0,0.0,76.458862,49379,0.1922,hold,,,0.0,,,0,0.0
2014-02-07,20073968,14,False,False,,145.948517,41048,0.2984,hold,,,0.0,,,0,0.0,1.191505,5377495,0.3192,hold,,,0.0,,,0,0.0,122.169998,31899,0.1941,hold,,,0.0,,,0,0.0,76.523354,49379,0.1882,hold,,,0.0,,,0,0.0
2014-02-10,20237119,14,False,False,,146.216599,41048,0.2966,hold,,,0.0,,,0,0.0,1.213375,5377495,0.3224,hold,,,0.0,,,0,0.0,122.919998,31899,0.1938,hold,,,0.0,,,0,0.0,76.738358,49379,0.1872,hold,,,0.0,,,0,0.0
2014-02-11,20550239,14,False,False,,147.816666,41048,0.2953,hold,,,0.0,,,0,0.0,1.254927,5377495,0.3284,hold,,,0.0,,,0,0.0,124.360001,31899,0.193,hold,,,0.0,,,0,0.0,76.294037,49379,0.1833,hold,,,0.0,,,0,0.0
2014-02-12,20568092,14,False,False,,147.889847,41048,0.2951,hold,,,0.0,,,0,0.0,1.260892,5377495,0.3297,hold,,,0.0,,,0,0.0,124.43,31899,0.193,hold,,,0.0,,,0,0.0,75.89994,49379,0.1822,hold,,,0.0,,,0,0.0
2014-02-13,20828748,14,False,False,,148.653397,41048,0.293,hold,,,0.0,,,0,0.0,1.293299,5377495,0.3339,hold,,,0.0,,,0,0.0,125.489998,31899,0.1922,hold,,,0.0,,,0,0.0,76.329926,49379,0.181,hold,,,0.0,,,0,0.0
2014-02-14,20937814,14,False,False,,149.473816,41048,0.293,hold,,,0.0,,,0,0.0,1.297077,5377495,0.3331,hold,,,0.0,,,0,0.0,127.150002,31899,0.1937,hold,,,0.0,,,0,0.0,76.372864,49379,0.1801,hold,,,0.0,,,0,0.0
2014-02-18,21070663,14,False,False,,149.652466,41048,0.2915,hold,,,0.0,,,0,0.0,1.317356,5377495,0.3362,hold,,,0.0,,,0,0.0,127.400002,31899,0.1929,hold,,,0.0,,,0,0.0,76.54483,49379,0.1794,hold,,,0.0,,,0,0.0
2014-02-19,20822988,14,False,False,,148.661469,41048,0.2931,hold,,,0.0,,,0,0.0,1.288527,5377495,0.3328,hold,,,0.0,,,0,0.0,126.269997,31899,0.1934,hold,,,0.0,,,0,0.0,76.222366,49379,0.1808,hold,,,0.0,,,0,0.0
2014-02-20,20992727,14,False,False,,149.538742,41048,0.2924,hold,,,0.0,,,0,0.0,1.307216,5377495,0.3349,hold,,,0.0,,,0,0.0,127.599998,31899,0.1939,hold,,,0.0,,,0,0.0,76.036118,49379,0.1789,hold,,,0.0,,,0,0.0
2014-02-21,20968549,14,False,False,,149.368149,41048,0.2924,hold,,,0.0,,,0,0.0,1.300456,5377495,0.3335,hold,,,0.0,,,0,0.0,127.580002,31899,0.1941,hold,,,0.0,,,0,0.0,76.437386,49379,0.18,hold,,,0.0,,,0,0.0
2014-02-24,21160939,14,False,False,,150.196716,41048,0.2914,hold,,,0.0,,,0,0.0,1.323321,5377495,0.3363,hold,,,0.0,,,0,0.0,128.990005,31899,0.1944,hold,,,0.0,,,0,0.0,76.243881,49379,0.1779,hold,,,0.0,,,0,0.0
2014-02-25,21173575,14,False,False,,150.139816,41048,0.2911,hold,,,0.0,,,0,0.0,1.318549,5377495,0.3349,hold,,,0.0,,,0,0.0,129.210007,31899,0.1947,hold,,,0.0,,,0,0.0,76.924629,49379,0.1794,hold,,,0.0,,,0,0.0
2014-02-26,21135464,14,False,False,,150.147919,41048,0.2916,hold,,,0.0,,,0,0.0,1.314174,5377495,0.3344,hold,,,0.0,,,0,0.0,128.110001,31899,0.1934,hold,,,0.0,,,0,0.0,77.333153,49379,0.1807,hold,,,0.0,,,0,0.0
2014-02-27,21330542,14,False,False,,150.935852,41048,0.2905,hold,,,0.0,,,0,0.0,1.340021,5377495,0.3378,hold,,,0.0,,,0,0.0,128.199997,31899,0.1917,hold,,,0.0,,,0,0.0,77.755836,49379,0.18,hold,,,0.0,,,0,0.0
2014-02-28,21293483,14,False,False,,151.317581,41048,0.2917,hold,,,0.0,,,0,0.0,1.333261,5377495,0.3367,hold,,,0.0,,,0,0.0,127.620003,31899,0.1912,hold,,,0.0,,,0,0.0,77.798866,49379,0.1804,hold,,,0.0,,,0,0.0
2014-03-03,21203458,14,True,False,,150.25354,41048,0.2909,hold,INCREASE_TO_TARGET,rebalance 2014-03-03,193430.0,,,0,0.0,1.304035,5377495,0.3307,hold,REDUCE_TO_TARGET,rebalance 2014-03-03,-651404.0,,,0,0.0,130.289993,31899,0.196,hold,INCREASE_TO_TARGET,rebalance 2014-03-03,84571.0,,,0,0.0,78.318214,49379,0.1824,hold,INCREASE_TO_TARGET,rebalance 2014-03-03,373417.0,,,0,0.0
2014-03-04,21452521,175,False,True,monthly,152.365463,42319,0.3006,hold,,,0.0,INCREASE_TO_TARGET,buy,1271,151.723764,1.356522,4892866,0.3094,hold,,,0.0,REDUCE_TO_TARGET,sell,484629,1.344127,128.679993,32554,0.1953,hold,,,0.0,INCREASE_TO_TARGET,buy,655,128.539993,77.140129,54162,0.1948,hold,,,0.0,INCREASE_TO_TARGET,buy,4783,77.829713
2014-03-05,21528629,175,False,False,,152.503525,42319,0.2998,hold,,,0.0,,,0,0.0,1.367656,4892866,0.3108,hold,,,0.0,,,0,0.0,128.889999,32554,0.1949,hold,,,0.0,,,0,0.0,77.305397,54162,0.1945,hold,,,0.0,,,0,0.0
2014-03-06,21518549,175,False,False,,152.852814,42319,0.3006,hold,,,0.0,,,0,0.0,1.362487,4892866,0.3098,hold,,,0.0,,,0,0.0,130.169998,32554,0.1969,hold,,,0.0,,,0,0.0,76.543983,54162,0.1927,hold,,,0.0,,,0,0.0
2014-03-07,21364740,175,False,False,,152.917786,42319,0.3029,hold,,,0.0,,,0,0.0,1.343003,4892866,0.3076,hold,,,0.0,,,0,0.0,129.089996,32554,0.1967,hold,,,0.0,,,0,0.0,76.062691,54162,0.1928,hold,,,0.0,,,0,0.0
2014-03-10,21382059,175,False,False,,152.836578,42319,0.3025,hold,,,0.0,,,0,0.0,1.345786,4892866,0.308,hold,,,0.0,,,0,0.0,129.130005,32554,0.1966,hold,,,0.0,,,0,0.0,76.170464,54162,0.1929,hold,,,0.0,,,0,0.0
2014-03-11,21303034,175,False,False,,152.081161,42319,0.3021,hold,,,0.0,,,0,0.0,1.329085,4892866,0.3053,hold,,,0.0,,,0,0.0,129.860001,32554,0.1984,hold,,,0.0,,,0,0.0,76.371605,54162,0.1942,hold,,,0.0,,,0,0.0
2014-03-12,21468354,175,False,False,,152.12175,42319,0.2999,hold,,,0.0,,,0,0.0,1.343997,4892866,0.3063,hold,,,0.0,,,0,0.0,131.759995,32554,0.1998,hold,,,0.0,,,0,0.0,76.903122,54162,0.194,hold,,,0.0,,,0,0.0
2014-03-13,21187653,175,False,False,,150.415939,42319,0.3004,hold,,,0.0,,,0,0.0,1.286937,4892866,0.2972,hold,,,0.0,,,0,0.0,132.210007,32554,0.2031,hold,,,0.0,,,0,0.0,77.937515,54162,0.1992,hold,,,0.0,,,0,0.0
2014-03-14,21070150,175,False,False,,149.993668,42319,0.3013,hold,,,0.0,,,0,0.0,1.260494,4892866,0.2927,hold,,,0.0,,,0,0.0,133.100006,32554,0.2056,hold,,,0.0,,,0,0.0,77.951843,54162,0.2004,hold,,,0.0,,,0,0.0
2014-03-17,21212917,175,False,False,,151.350098,42319,0.3019,hold,,,0.0,,,0,0.0,1.294095,4892866,0.2985,hold,,,0.0,,,0,0.0,131.639999,32554,0.202,hold,,,0.0,,,0,0.0,77.370033,54162,0.1975,hold,,,0.0,,,0,0.0
2014-03-18,21468228,175,False,False,,152.430374,42319,0.3005,hold,,,0.0,,,0,0.0,1.340617,4892866,0.3055,hold,,,0.0,,,0,0.0,130.619995,32554,0.1981,hold,,,0.0,,,0,0.0,77.650185,54162,0.1959,hold,,,0.0,,,0,0.0
2014-03-19,21210840,175,False,False,,151.618149,42319,0.3025,hold,,,0.0,,,0,0.0,1.318549,4892866,0.3042,hold,,,0.0,,,0,0.0,128.089996,32554,0.1966,hold,,,0.0,,,0,0.0,77.046852,54162,0.1967,hold,,,0.0,,,0,0.0
2014-03-20,21284007,175,False,False,,152.503525,42319,0.3032,hold,,,0.0,,,0,0.0,1.328887,4892866,0.3055,hold,,,0.0,,,0,0.0,127.860001,32554,0.1956,hold,,,0.0,,,0,0.0,76.910286,54162,0.1957,hold,,,0.0,,,0,0.0
2014-03-21,21085635,175,False,False,,151.912018,42319,0.3049,hold,,,0.0,,,0,0.0,1.280177,4892866,0.2971,hold,,,0.0,,,0,0.0,128.470001,32554,0.1983,hold,,,0.0,,,0,0.0,77.743599,54162,0.1997,hold,,,0.0,,,0,0.0
2014-03-24,20856872,175,False,False,,151.283875,42319,0.307,hold,,,0.0,,,0,0.0,1.247969,4892866,0.2928,hold,,,0.0,,,0,0.0,126.18,32554,0.1969,hold,,,0.0,,,0,0.0,78.2967,54162,0.2033,hold,,,0.0,,,0,0.0
2014-03-25,20935209,175,False,False,,152.00174,42319,0.3073,hold,,,0.0,,,0,0.0,1.259501,4892866,0.2944,hold,,,0.0,,,0,0.0,126.410004,32554,0.1966,hold,,,0.0,,,0,0.0,78.002129,54162,0.2018,hold,,,0.0,,,0,0.0
2014-03-26,20655014,175,False,False,,150.908493,42319,0.3092,hold,,,0.0,,,0,0.0,1.211585,4892866,0.287,hold,,,0.0,,,0,0.0,125.410004,32554,0.1977,hold,,,0.0,,,0,0.0,78.612724,54162,0.2061,hold,,,0.0,,,0,0.0
2014-03-27,20531195,175,False,False,,150.590347,42319,0.3104,hold,,,0.0,,,0,0.0,1.190113,4892866,0.2836,hold,,,0.0,,,0,0.0,124.589996,32554,0.1975,hold,,,0.0,,,0,0.0,79.007805,54162,0.2084,hold,,,0.0,,,0,0.0
2014-03-28,20575456,175,False,False,,151.332809,42319,0.3113,hold,,,0.0,,,0,0.0,1.197867,4892866,0.2849,hold,,,0.0,,,0,0.0,124.559998,32554,0.1971,hold,,,0.0,,,0,0.0,78.562454,54162,0.2068,hold,,,0.0,,,0,0.0
2014-03-31,20703237,175,False,False,,152.572861,42319,0.3119,hold,,,0.0,,,0,0.0,1.221725,4892866,0.2887,hold,,,0.0,,,0,0.0,123.610001,32554,0.1944,hold,,,0.0,,,0,0.0,78.368507,54162,0.205,hold,,,0.0,,,0,0.0
2014-04-01,21026552,175,True,False,,153.584518,42319,0.3091,hold,,,0.0,,,0,0.0,1.287931,4892866,0.2997,hold,,,0.0,,,0,0.0,123.389999,32554,0.191,hold,,,0.0,,,0,0.0,77.698799,54162,0.2001,hold,,,0.0,,,0,0.0
2014-04-02,21104003,175,False,False,,154.098495,42319,0.309,hold,,,0.0,,,0,0.0,1.29807,4892866,0.301,hold,,,0.0,,,0,0.0,124.32,32554,0.1918,hold,,,0.0,,,0,0.0,77.252274,54162,0.1983,hold,,,0.0,,,0,0.0
2014-04-03,20950876,175,False,False,,153.894562,42319,0.3109,hold,,,0.0,,,0,0.0,1.267453,4892866,0.296,hold,,,0.0,,,0,0.0,123.919998,32554,0.1926,hold,,,0.0,,,0,0.0,77.590714,54162,0.2006,hold,,,0.0,,,0,0.0
2014-04-04,20463454,175,False,False,,152.075211,42319,0.3145,hold,,,0.0,,,0,0.0,1.166852,4892866,0.279,hold,,,0.0,,,0,0.0,125.57,32554,0.1998,hold,,,0.0,,,0,0.0,78.10923,54162,0.2067,hold,,,0.0,,,0,0.0
2014-04-07,20224992,175,False,False,,150.394562,42319,0.3147,hold,,,0.0,,,0,0.0,1.131861,4892866,0.2738,hold,,,0.0,,,0,0.0,124.910004,32554,0.2011,hold,,,0.0,,,0,0.0,78.577332,54162,0.2104,hold,,,0.0,,,0,0.0
2014-04-08,20454456,175,False,False,,151.014572,42319,0.3124,hold,,,0.0,,,0,0.0,1.163472,4892866,0.2783,hold,,,0.0,,,0,0.0,126.089996,32554,0.2007,hold,,,0.0,,,0,0.0,78.764626,54162,0.2086,hold,,,0.0,,,0,0.0
2014-04-09,20801423,175,False,False,,152.638153,42319,0.3105,hold,,,0.0,,,0,0.0,1.223117,4892866,0.2877,hold,,,0.0,,,0,0.0,126.32,32554,0.1977,hold,,,0.0,,,0,0.0,78.375717,54162,0.2041,hold,,,0.0,,,0,0.0
2014-04-10,20175049,175,False,False,,149.431793,42319,0.3134,hold,,,0.0,,,0,0.0,1.110189,4892866,0.2692,hold,,,0.0,,,0,0.0,127.010002,32554,0.2049,hold,,,0.0,,,0,0.0,79.103065,54162,0.2124,hold,,,0.0,,,0,0.0
2014-04-11,19960498,175,False,False,,148.085617,42319,0.314,hold,,,0.0,,,0,0.0,1.07142,4892866,0.2626,hold,,,0.0,,,0,0.0,126.93,32554,0.207,hold,,,0.0,,,0,0.0,79.744003,54162,0.2164,hold,,,0.0,,,0,0.0
2014-04-14,20146220,175,False,False,,149.25238,42319,0.3135,hold,,,0.0,,,0,0.0,1.095477,4892866,0.2661,hold,,,0.0,,,0,0.0,127.849998,32554,0.2066,hold,,,0.0,,,0,0.0,79.535141,54162,0.2138,hold,,,0.0,,,0,0.0
2014-04-15,20193310,175,False,False,,150.280304,42319,0.3149,hold,,,0.0,,,0,0.0,1.106412,4892866,0.2681,hold,,,0.0,,,0,0.0,125.489998,32554,0.2023,hold,,,0.0,,,0,0.0,80.032051,54162,0.2147,hold,,,0.0,,,0,0.0
2014-04-16,20477154,175,False,False,,151.854904,42319,0.3138,hold,,,0.0,,,0,0.0,1.149356,4892866,0.2746,hold,,,0.0,,,0,0.0,125.540001,32554,0.1996,hold,,,0.0,,,0,0.0,80.132889,54162,0.212,hold,,,0.0,,,0,0.0
2014-04-17,20415749,175,False,False,,152.067062,42319,0.3152,hold,,,0.0,,,0,0.0,1.149953,4892866,0.2756,hold,,,0.0,,,0,0.0,124.75,32554,0.1989,hold,,,0.0,,,0,0.0,79.254295,54162,0.2103,hold,,,0.0,,,0,0.0
2014-04-21,20545511,175,False,False,,152.597336,42319,0.3143,hold,,,0.0,,,0,0.0,1.175998,4892866,0.2801,hold,,,0.0,,,0,0.0,124.239998,32554,0.1969,hold,,,0.0,,,0,0.0,79.189461,54162,0.2088,hold,,,0.0,,,0,0.0
2014-04-22,20715369,175,False,False,,153.290771,42319,0.3132,hold,,,0.0,,,0,0.0,1.204826,4892866,0.2846,hold,,,0.0,,,0,0.0,123.779999,32554,0.1945,hold,,,0.0,,,0,0.0,79.456001,54162,0.2077,hold,,,0.0,,,0,0.0
2014-04-23,20563588,175,False,False,,152.931793,42319,0.3147,hold,,,0.0,,,0,0.0,1.172021,4892866,0.2789,hold,,,0.0,,,0,0.0,123.760002,32554,0.1959,hold,,,0.0,,,0,0.0,79.909668,54162,0.2105,hold,,,0.0,,,0,0.0
2014-04-24,20780209,175,False,False,,153.241913,42319,0.3121,hold,,,0.0,,,0,0.0,1.206615,4892866,0.2841,hold,,,0.0,,,0,0.0,124.559998,32554,0.1951,hold,,,0.0,,,0,0.0,80.060883,54162,0.2087,hold,,,0.0,,,0,0.0
2014-04-25,20476577,175,False,False,,151.985474,42319,0.3141,hold,,,0.0,,,0,0.0,1.148362,4892866,0.2744,hold,,,0.0,,,0,0.0,125.43,32554,0.1994,hold,,,0.0,,,0,0.0,80.176132,54162,0.2121,hold,,,0.0,,,0,0.0
2014-04-28,20518289,175,False,False,,152.466782,42319,0.3145,hold,,,0.0,,,0,0.0,1.160689,4892866,0.2768,hold,,,0.0,,,0,0.0,124.879997,32554,0.1981,hold,,,0.0,,,0,0.0,79.787178,54162,0.2106,hold,,,0.0,,,0,0.0
2014-04-29,20667314,175,False,False,,153.17659,42319,0.3136,hold,,,0.0,,,0,0.0,1.186336,4892866,0.2809,hold,,,0.0,,,0,0.0,124.860001,32554,0.1967,hold,,,0.0,,,0,0.0,79.679169,54162,0.2088,hold,,,0.0,,,0,0.0
2014-04-30,20735314,175,False,False,,153.633453,42319,0.3136,hold,,,0.0,,,0,0.0,1.196873,4892866,0.2824,hold,,,0.0,,,0,0.0,124.220001,32554,0.195,hold,,,0.0,,,0,0.0,80.01049,54162,0.209,hold,,,0.0,,,0,0.0
2014-05-01,20821354,175,True,False,,153.649826,42319,0.3123,hold,,,0.0,,,0,0.0,1.207609,4892866,0.2838,hold,,,0.0,,,0,0.0,123.800003,32554,0.1936,hold,,,0.0,,,0,0.0,80.868835,54162,0.2104,hold,,,0.0,,,0,0.0
2014-05-02,20850848,175,False,False,,153.429565,42319,0.3114,hold,,,0.0,,,0,0.0,1.201645,4892866,0.282,hold,,,0.0,,,0,0.0,125.059998,32554,0.1953,hold,,,0.0,,,0,0.0,81.366943,54162,0.2114,hold,,,0.0,,,0,0.0
2014-05-05,20958105,175,False,False,,153.723145,42319,0.3104,hold,,,0.0,,,0,0.0,1.218743,4892866,0.2845,hold,,,0.0,,,0,0.0,126.220001,32554,0.1961,hold,,,0.0,,,0,0.0,80.876045,54162,0.209,hold,,,0.0,,,0,0.0
2014-05-06,20680716,175,False,False,,152.385208,42319,0.3118,hold,,,0.0,,,0,0.0,1.171623,4892866,0.2772,hold,,,0.0,,,0,0.0,125.980003,32554,0.1983,hold,,,0.0,,,0,0.0,81.200912,54162,0.2127,hold,,,0.0,,,0,0.0
2014-05-07,20592581,175,False,False,,153.282684,42319,0.315,hold,,,0.0,,,0,0.0,1.161087,4892866,0.2759,hold,,,0.0,,,0,0.0,124.169998,32554,0.1963,hold,,,0.0,,,0,0.0,80.91214,54162,0.2128,hold,,,0.0,,,0,0.0
2014-05-08,20547448,175,False,False,,153.119507,42319,0.3154,hold,,,0.0,,,0,0.0,1.15711,4892866,0.2755,hold,,,0.0,,,0,0.0,124.169998,32554,0.1967,hold,,,0.0,,,0,0.0,80.565605,54162,0.2124,hold,,,0.0,,,0,0.0
2014-05-09,20606913,175,False,False,,153.347961,42319,0.3149,hold,,,0.0,,,0,0.0,1.17063,4892866,0.278,hold,,,0.0,,,0,0.0,124.099998,32554,0.196,hold,,,0.0,,,0,0.0,80.305725,54162,0.2111,hold,,,0.0,,,0,0.0
2014-05-12,20959033,175,False,False,,154.840942,42319,0.3126,hold,,,0.0,,,0,0.0,1.22769,4892866,0.2866,hold,,,0.0,,,0,0.0,124.940002,32554,0.1941,hold,,,0.0,,,0,0.0,79.980881,54162,0.2067,hold,,,0.0,,,0,0.0
2014-05-13,21004020,175,False,False,,154.979691,42319,0.3123,hold,,,0.0,,,0,0.0,1.230275,4892866,0.2866,hold,,,0.0,,,0,0.0,124.599998,32554,0.1931,hold,,,0.0,,,0,0.0,80.67392,54162,0.208,hold,,,0.0,,,0,0.0
2014-05-14,20970146,175,False,False,,154.245377,42319,0.3113,hold,,,0.0,,,0,0.0,1.211983,4892866,0.2828,hold,,,0.0,,,0,0.0,125.809998,32554,0.1953,hold,,,0.0,,,0,0.0,81.547424,54162,0.2106,hold,,,0.0,,,0,0.0
2014-05-15,20777004,175,False,False,,152.891037,42319,0.3114,hold,,,0.0,,,0,0.0,1.18395,4892866,0.2788,hold,,,0.0,,,0,0.0,124.769997,32554,0.1955,hold,,,0.0,,,0,0.0,82.197144,54162,0.2143,hold,,,0.0,,,0,0.0
2014-05-16,20886125,175,False,False,,153.421356,42319,0.3109,hold,,,0.0,,,0,0.0,1.206019,4892866,0.2825,hold,,,0.0,,,0,0.0,124.5,32554,0.1941,hold,,,0.0,,,0,0.0,81.966133,54162,0.2126,hold,,,0.0,,,0,0.0
2014-05-19,21006169,175,False,False,,153.984299,42319,0.3102,hold,,,0.0,,,0,0.0,1.231865,4892866,0.2869,hold,,,0.0,,,0,0.0,124.580002,32554,0.1931,hold,,,0.0,,,0,0.0,81.359711,54162,0.2098,hold,,,0.0,,,0,0.0
2014-05-20,20912289,175,False,False,,153.013443,42319,0.3096,hold,,,0.0,,,0,0.0,1.218345,4892866,0.2851,hold,,,0.0,,,0,0.0,124.690002,32554,0.1941,hold,,,0.0,,,0,0.0,81.540222,54162,0.2112,hold,,,0.0,,,0,0.0
2014-05-21,21098386,175,False,False,,154.302475,42319,0.3095,hold,,,0.0,,,0,0.0,1.25274,4892866,0.2905,hold,,,0.0,,,0,0.0,124.389999,32554,0.1919,hold,,,0.0,,,0,0.0,81.042122,54162,0.208,hold,,,0.0,,,0,0.0
2014-05-22,21193005,175,False,False,,154.677795,42319,0.3089,hold,,,0.0,,,0,0.0,1.268248,4892866,0.2928,hold,,,0.0,,,0,0.0,124.669998,32554,0.1915,hold,,,0.0,,,0,0.0,80.926582,54162,0.2068,hold,,,0.0,,,0,0.0
2014-05-23,21376604,175,False,False,,155.297852,42319,0.3074,hold,,,0.0,,,0,0.0,1.296679,4892866,0.2968,hold,,,0.0,,,0,0.0,124.510002,32554,0.1896,hold,,,0.0,,,0,0.0,81.359711,54162,0.2061,hold,,,0.0,,,0,0.0
2014-05-27,21594545,175,False,False,,156.252365,42319,0.3062,hold,,,0.0,,,0,0.0,1.345389,4892866,0.3048,hold,,,0.0,,,0,0.0,121.849998,32554,0.1837,hold,,,0.0,,,0,0.0,81.836227,54162,0.2053,hold,,,0.0,,,0,0.0
2014-05-28,21561029,175,False,False,,156.138153,42319,0.3065,hold,,,0.0,,,0,0.0,1.332664,4892866,0.3024,hold,,,0.0,,,0,0.0,121.199997,32554,0.183,hold,,,0.0,,,0,0.0,82.84687,54162,0.2081,hold,,,0.0,,,0,0.0
2014-05-29,21695195,175,False,False,,156.945847,42319,0.3061,hold,,,0.0,,,0,0.0,1.359704,4892866,0.3067,hold,,,0.0,,,0,0.0,120.940002,32554,0.1815,hold,,,0.0,,,0,0.0,82.406464,54162,0.2057,hold,,,0.0,,,0,0.0
2014-05-30,21681507,175,False,False,,157.198776,42319,0.3068,hold,,,0.0,,,0,0.0,1.358511,4892866,0.3066,hold,,,0.0,,,0,0.0,120.43,32554,0.1808,hold,,,0.0,,,0,0.0,82.370422,54162,0.2058,hold,,,0.0,,,0,0.0
2014-06-02,21615634,175,True,False,,157.378235,42319,0.3081,hold,,,0.0,,,0,0.0,1.355131,4892866,0.3067,hold,,,0.0,,,0,0.0,119.699997,32554,0.1803,hold,,,0.0,,,0,0.0,81.758087,54162,0.2049,hold,,,0.0,,,0,0.0
2014-06-03,21558059,175,False,False,,157.296661,42319,0.3088,hold,,,0.0,,,0,0.0,1.353143,4892866,0.3071,hold,,,0.0,,,0,0.0,120.010002,32554,0.1812,hold,,,0.0,,,0,0.0,80.752075,54162,0.2029,hold,,,0.0,,,0,0.0
2014-06-04,21632252,175,False,False,,157.614868,42319,0.3083,hold,,,0.0,,,0,0.0,1.367458,4892866,0.3093,hold,,,0.0,,,0,0.0,119.760002,32554,0.1802,hold,,,0.0,,,0,0.0,80.730354,54162,0.2021,hold,,,0.0,,,0,0.0
2014-06-05,21881133,175,False,False,,158.642792,42319,0.3068,hold,,,0.0,,,0,0.0,1.403045,4892866,0.3137,hold,,,0.0,,,0,0.0,120.660004,32554,0.1795,hold,,,0.0,,,0,0.0,80.766533,54162,0.1999,hold,,,0.0,,,0,0.0
2014-06-06,22022512,175,False,False,,159.40155,42319,0.3063,hold,,,0.0,,,0,0.0,1.42571,4892866,0.3168,hold,,,0.0,,,0,0.0,120.610001,32554,0.1783,hold,,,0.0,,,0,0.0,80.766533,54162,0.1986,hold,,,0.0,,,0,0.0
2014-06-09,22011806,175,False,False,,159.564713,42319,0.3068,hold,,,0.0,,,0,0.0,1.423126,4892866,0.3163,hold,,,0.0,,,0,0.0,120.650002,32554,0.1784,hold,,,0.0,,,0,0.0,80.650764,54162,0.1984,hold,,,0.0,,,0,0.0
2014-06-10,22060400,175,False,False,,159.5811,42319,0.3061,hold,,,0.0,,,0,0.0,1.431278,4892866,0.3174,hold,,,0.0,,,0,0.0,121.389999,32554,0.1791,hold,,,0.0,,,0,0.0,80.353966,54162,0.1973,hold,,,0.0,,,0,0.0
2014-06-11,22034705,175,False,False,,159.026276,42319,0.3054,hold,,,0.0,,,0,0.0,1.42909,4892866,0.3173,hold,,,0.0,,,0,0.0,121.410004,32554,0.1794,hold,,,0.0,,,0,0.0,80.498695,54162,0.1979,hold,,,0.0,,,0,0.0
2014-06-12,21883031,175,False,False,,157.900406,42319,0.3054,hold,,,0.0,,,0,0.0,1.391713,4892866,0.3112,hold,,,0.0,,,0,0.0,122.639999,32554,0.1824,hold,,,0.0,,,0,0.0,81.215271,54162,0.201,hold,,,0.0,,,0,0.0
2014-06-13,21958159,175,False,False,,158.381775,42319,0.3052,hold,,,0.0,,,0,0.0,1.401256,4892866,0.3122,hold,,,0.0,,,0,0.0,122.959999,32554,0.1823,hold,,,0.0,,,0,0.0,81.171822,54162,0.2002,hold,,,0.0,,,0,0.0
2014-06-16,21982375,175,False,False,,158.512299,42319,0.3052,hold,,,0.0,,,0,0.0,1.406426,4892866,0.313,hold,,,0.0,,,0,0.0,122.419998,32554,0.1813,hold,,,0.0,,,0,0.0,81.374466,54162,0.2005,hold,,,0.0,,,0,0.0
2014-06-17,21971302,175,False,False,,158.95285,42319,0.3062,hold,,,0.0,,,0,0.0,1.408414,4892866,0.3136,hold,,,0.0,,,0,0.0,122.279999,32554,0.1812,hold,,,0.0,,,0,0.0,80.730354,54162,0.199,hold,,,0.0,,,0,0.0
2014-06-18,22192564,175,False,False,,160.119507,42319,0.3053,hold,,,0.0,,,0,0.0,1.43406,4892866,0.3162,hold,,,0.0,,,0,0.0,122.669998,32554,0.1799,hold,,,0.0,,,0,0.0,81.352776,54162,0.1985,hold,,,0.0,,,0,0.0
2014-06-19,22255483,175,False,False,,160.298996,42319,0.3048,hold,,,0.0,,,0,0.0,1.428494,4892866,0.3141,hold,,,0.0,,,0,0.0,126.940002,32554,0.1857,hold,,,0.0,,,0,0.0,80.310562,54162,0.1954,hold,,,0.0,,,0,0.0
2014-06-20,22313156,175,False,False,,160.624466,42319,0.3046,hold,,,0.0,,,0,0.0,1.433664,4892866,0.3144,hold,,,0.0,,,0,0.0,126.5,32554,0.1846,hold,,,0.0,,,0,0.0,80.918488,54162,0.1964,hold,,,0.0,,,0,0.0
2014-06-23,22316525,175,False,False,,160.575272,42319,0.3045,hold,,,0.0,,,0,0.0,1.435253,4892866,0.3147,hold,,,0.0,,,0,0.0,126.849998,32554,0.185,hold,,,0.0,,,0,0.0,80.665215,54162,0.1958,hold,,,0.0,,,0,0.0
2014-06-24,22304666,175,False,False,,159.607956,42319,0.3028,hold,,,0.0,,,0,0.0,1.431278,4892866,0.314,hold,,,0.0,,,0,0.0,126.980003,32554,0.1853,hold,,,0.0,,,0,0.0,81.483032,54162,0.1979,hold,,,0.0,,,0,0.0
2014-06-25,22475505,175,False,False,,160.3293,42319,0.3019,hold,,,0.0,,,0,0.0,1.457565,4892866,0.3173,hold,,,0.0,,,0,0.0,126.989998,32554,0.1839,hold,,,0.0,,,0,0.0,81.692924,54162,0.1969,hold,,,0.0,,,0,0.0
2014-06-26,22502815,175,False,False,,160.214584,42319,0.3013,hold,,,0.0,,,0,0.0,1.461542,4892866,0.3178,hold,,,0.0,,,0,0.0,126.730003,32554,0.1833,hold,,,0.0,,,0,0.0,82.083771,54162,0.1976,hold,,,0.0,,,0,0.0
2014-06-27,22578080,175,False,False,,160.526077,42319,0.3009,hold,,,0.0,,,0,0.0,1.476058,4892866,0.3199,hold,,,0.0,,,0,0.0,126.660004,32554,0.1826,hold,,,0.0,,,0,0.0,81.960747,54162,0.1966,hold,,,0.0,,,0,0.0
2014-06-30,22684028,175,False,False,,160.444153,42319,0.2993,hold,,,0.0,,,0,0.0,1.486995,4892866,0.3207,hold,,,0.0,,,0,0.0,128.039993,32554,0.1838,hold,,,0.0,,,0,0.0,82.163429,54162,0.1962,hold,,,0.0,,,0,0.0
2014-07-01,22925353,175,True,False,,161.518005,42319,0.2982,hold,,,0.0,,,0,0.0,1.536906,4892866,0.328,hold,,,0.0,,,0,0.0,127.699997,32554,0.1813,hold,,,0.0,,,0,0.0,81.475525,54162,0.1925,hold,,,0.0,,,0,0.0
2014-07-02,22914317,175,False,False,,161.681992,42319,0.2986,hold,,,0.0,,,0,0.0,1.542871,4892866,0.3294,hold,,,0.0,,,0,0.0,127.699997,32554,0.1814,hold,,,0.0,,,0,0.0,80.604767,54162,0.1905,hold,,,0.0,,,0,0.0
2014-07-03,23059634,175,False,False,,162.477097,42319,0.2982,hold,,,0.0,,,0,0.0,1.5725,4892866,0.3337,hold,,,0.0,,,0,0.0,127.160004,32554,0.1795,hold,,,0.0,,,0,0.0,80.314468,54162,0.1886,hold,,,0.0,,,0,0.0
2014-07-07,22989031,175,False,False,,161.911438,42319,0.2981,hold,,,0.0,,,0,0.0,1.557388,4892866,0.3315,hold,,,0.0,,,0,0.0,127.019997,32554,0.1799,hold,,,0.0,,,0,0.0,80.902222,54162,0.1906,hold,,,0.0,,,0,0.0
2014-07-08,22730114,175,False,False,,160.870346,42319,0.2995,hold,,,0.0,,,0,0.0,1.503102,4892866,0.3236,hold,,,0.0,,,0,0.0,127.07,32554,0.182,hold,,,0.0,,,0,0.0,81.809265,54162,0.1949,hold,,,0.0,,,0,0.0
2014-07-09,22955623,175,False,False,,161.591782,42319,0.2979,hold,,,0.0,,,0,0.0,1.537105,4892866,0.3276,hold,,,0.0,,,0,0.0,127.839996,32554,0.1813,hold,,,0.0,,,0,0.0,81.874626,54162,0.1932,hold,,,0.0,,,0,0.0
2014-07-10,22881507,175,False,False,,160.952393,42319,0.2977,hold,,,0.0,,,0,0.0,1.522589,4892866,0.3256,hold,,,0.0,,,0,0.0,128.539993,32554,0.1829,hold,,,0.0,,,0,0.0,81.896408,54162,0.1939,hold,,,0.0,,,0,0.0
2014-07-11,23056383,175,False,False,,161.17366,42319,0.2958,hold,,,0.0,,,0,0.0,1.549036,4892866,0.3287,hold,,,0.0,,,0,0.0,128.779999,32554,0.1818,hold,,,0.0,,,0,0.0,82.418869,54162,0.1936,hold,,,0.0,,,0,0.0
2014-07-14,23116820,175,False,False,,161.985245,42319,0.2965,hold,,,0.0,,,0,0.0,1.578664,4892866,0.3341,hold,,,0.0,,,0,0.0,125.720001,32554,0.177,hold,,,0.0,,,0,0.0,82.063271,54162,0.1923,hold,,,0.0,,,0,0.0
2014-07-15,22975457,175,False,False,,161.681992,42319,0.2978,hold,,,0.0,,,0,0.0,1.56216,4892866,0.3327,hold,,,0.0,,,0,0.0,124.529999,32554,0.1764,hold,,,0.0,,,0,0.0,81.896408,54162,0.1931,hold,,,0.0,,,0,0.0
2014-07-16,23125276,175,False,False,,162.28035,42319,0.297,hold,,,0.0,,,0,0.0,1.579858,4892866,0.3343,hold,,,0.0,,,0,0.0,124.970001,32554,0.1759,hold,,,0.0,,,0,0.0,82.331757,54162,0.1928,hold,,,0.0,,,0,0.0
2014-07-17,22864018,175,False,False,,160.435913,42319,0.297,hold,,,0.0,,,0,0.0,1.516823,4892866,0.3246,hold,,,0.0,,,0,0.0,127.089996,32554,0.181,hold,,,0.0,,,0,0.0,83.369446,54162,0.1975,hold,,,0.0,,,0,0.0
2014-07-18,23238836,175,False,False,,162.07547,42319,0.2951,hold,,,0.0,,,0,0.0,1.588607,4892866,0.3345,hold,,,0.0,,,0,0.0,126.129997,32554,0.1767,hold,,,0.0,,,0,0.0,83.100922,54162,0.1937,hold,,,0.0,,,0,0.0
2014-07-21,23227019,175,False,False,,161.772079,42319,0.2947,hold,,,0.0,,,0,0.0,1.58284,4892866,0.3334,hold,,,0.0,,,0,0.0,126.339996,32554,0.1771,hold,,,0.0,,,0,0.0,83.514549,54162,0.1947,hold,,,0.0,,,0,0.0
2014-07-22,23400486,175,False,False,,162.477097,42319,0.2938,hold,,,0.0,,,0,0.0,1.614259,4892866,0.3375,hold,,,0.0,,,0,0.0,125.739998,32554,0.1749,hold,,,0.0,,,0,0.0,83.688744,54162,0.1937,hold,,,0.0,,,0,0.0
2014-07-23,23553834,175,False,False,,162.837814,42319,0.2926,hold,,,0.0,,,0,0.0,1.644484,4892866,0.3416,hold,,,0.0,,,0,0.0,125.620003,32554,0.1736,hold,,,0.0,,,0,0.0,83.579865,54162,0.1922,hold,,,0.0,,,0,0.0
2014-07-24,23450820,175,False,False,,162.845993,42319,0.2939,hold,,,0.0,,,0,0.0,1.638717,4892866,0.3419,hold,,,0.0,,,0,0.0,124.349998,32554,0.1726,hold,,,0.0,,,0,0.0,82.955811,54162,0.1916,hold,,,0.0,,,0,0.0
2014-07-25,23420227,175,False,False,,162.083633,42319,0.2929,hold,,,0.0,,,0,0.0,1.618633,4892866,0.3382,hold,,,0.0,,,0,0.0,125.790001,32554,0.1748,hold,,,0.0,,,0,0.0,83.935463,54162,0.1941,hold,,,0.0,,,0,0.0
2014-07-28,23419608,175,False,False,,162.149246,42319,0.293,hold,,,0.0,,,0,0.0,1.620622,4892866,0.3386,hold,,,0.0,,,0,0.0,125.580002,32554,0.1746,hold,,,0.0,,,0,0.0,83.819313,54162,0.1938,hold,,,0.0,,,0,0.0
2014-07-29,23354365,175,False,False,,161.452408,42319,0.2926,hold,,,0.0,,,0,0.0,1.612469,4892866,0.3378,hold,,,0.0,,,0,0.0,125.199997,32554,0.1745,hold,,,0.0,,,0,0.0,84.124107,54162,0.1951,hold,,,0.0,,,0,0.0
2014-07-30,23374459,175,False,False,,161.477051,42319,0.2924,hold,,,0.0,,,0,0.0,1.631757,4892866,0.3416,hold,,,0.0,,,0,0.0,124.830002,32554,0.1739,hold,,,0.0,,,0,0.0,82.955811,54162,0.1922,hold,,,0.0,,,0,0.0
2014-07-31,22692800,175,False,False,,158.288101,42319,0.2952,hold,,,0.0,,,0,0.0,1.532333,4892866,0.3304,hold,,,0.0,,,0,0.0,123.389999,32554,0.177,hold,,,0.0,,,0,0.0,82.709145,54162,0.1974,hold,,,0.0,,,0,0.0
2014-08-01,22652642,175,True,False,,157.804459,42319,0.2948,hold,INCREASE_TO_TARGET,rebalance 2014-08-01,117666.0,,,0,0.0,1.514635,4892866,0.3272,hold,REDUCE_TO_TARGET,rebalance 2014-08-01,-615113.0,,,0,0.0,124.379997,32554,0.1787,hold,INCREASE_TO_TARGET,rebalance 2014-08-01,481462.0,,,0,0.0,83.349358,54162,0.1993,hold,INCREASE_TO_TARGET,rebalance 2014-08-01,16161.0,,,0,0.0
2014-08-04,22815140,303,False,True,monthly,158.943924,43060,0.3,hold,,,0.0,INCREASE_TO_TARGET,buy,741,158.107762,1.545656,4488240,0.3041,hold,,,0.0,REDUCE_TO_TARGET,sell,404626,1.520202,123.989998,36413,0.1979,hold,,,0.0,INCREASE_TO_TARGET,buy,3859,124.360001,83.131065,54355,0.1981,hold,,,0.0,INCREASE_TO_TARGET,buy,193,83.327504
2014-08-05,22596611,303,False,False,,157.402786,43060,0.2999,hold,,,0.0,,,0,0.0,1.509465,4488240,0.2998,hold,,,0.0,,,0,0.0,123.870003,36413,0.1996,hold,,,0.0,,,0,0.0,83.400314,54355,0.2006,hold,,,0.0,,,0,0.0
2014-08-06,22655438,303,False,False,,157.451996,43060,0.2993,hold,,,0.0,,,0,0.0,1.50688,4488240,0.2985,hold,,,0.0,,,0,0.0,125.669998,36413,0.202,hold,,,0.0,,,0,0.0,83.451225,54355,0.2002,hold,,,0.0,,,0,0.0
2014-08-07,22614461,303,False,False,,156.599411,43060,0.2982,hold,,,0.0,,,0,0.0,1.492364,4488240,0.2962,hold,,,0.0,,,0,0.0,126.18,36413,0.2032,hold,,,0.0,,,0,0.0,84.229729,54355,0.2025,hold,,,0.0,,,0,0.0
2014-08-08,22825747,303,False,False,,158.411133,43060,0.2988,hold,,,0.0,,,0,0.0,1.52418,4488240,0.2997,hold,,,0.0,,,0,0.0,126.190002,36413,0.2013,hold,,,0.0,,,0,0.0,84.047798,54355,0.2001,hold,,,0.0,,,0,0.0
2014-08-11,22960797,303,False,False,,158.870163,43060,0.2979,hold,,,0.0,,,0,0.0,1.55182,4488240,0.3033,hold,,,0.0,,,0,0.0,125.959999,36413,0.1998,hold,,,0.0,,,0,0.0,84.04052,54355,0.1989,hold,,,0.0,,,0,0.0
2014-08-12,22906632,303,False,False,,158.648849,43060,0.2982,hold,,,0.0,,,0,0.0,1.54824,4488240,0.3034,hold,,,0.0,,,0,0.0,125.989998,36413,0.2003,hold,,,0.0,,,0,0.0,83.494858,54355,0.1981,hold,,,0.0,,,0,0.0
2014-08-13,23215982,303,False,False,,159.722717,43060,0.2962,hold,,,0.0,,,0,0.0,1.59855,4488240,0.309,hold,,,0.0,,,0,0.0,126.199997,36413,0.1979,hold,,,0.0,,,0,0.0,84.04052,54355,0.1968,hold,,,0.0,,,0,0.0
2014-08-14,23399911,303,False,False,,160.476913,43060,0.2953,hold,,,0.0,,,0,0.0,1.623207,4488240,0.3113,hold,,,0.0,,,0,0.0,126.309998,36413,0.1966,hold,,,0.0,,,0,0.0,84.717201,54355,0.1968,hold,,,0.0,,,0,0.0
2014-08-15,23517564,303,False,False,,160.444153,43060,0.2938,hold,,,0.0,,,0,0.0,1.645279,4488240,0.314,hold,,,0.0,,,0,0.0,125.480003,36413,0.1943,hold,,,0.0,,,0,0.0,85.641159,54355,0.1979,hold,,,0.0,,,0,0.0
2014-08-18,23688746,303,False,False,,161.788528,43060,0.2941,hold,,,0.0,,,0,0.0,1.685049,4488240,0.3193,hold,,,0.0,,,0,0.0,124.959999,36413,0.1921,hold,,,0.0,,,0,0.0,84.789917,54355,0.1946,hold,,,0.0,,,0,0.0
2014-08-19,23830973,303,False,False,,162.632874,43060,0.2939,hold,,,0.0,,,0,0.0,1.714081,4488240,0.3228,hold,,,0.0,,,0,0.0,124.68,36413,0.1905,hold,,,0.0,,,0,0.0,84.527977,54355,0.1928,hold,,,0.0,,,0,0.0
2014-08-20,23825416,303,False,False,,163.067322,43060,0.2947,hold,,,0.0,,,0,0.0,1.714081,4488240,0.3229,hold,,,0.0,,,0,0.0,124.220001,36413,0.1898,hold,,,0.0,,,0,0.0,84.38974,54355,0.1925,hold,,,0.0,,,0,0.0
2014-08-21,23866536,303,False,False,,163.54277,43060,0.2951,hold,,,0.0,,,0,0.0,1.723825,4488240,0.3242,hold,,,0.0,,,0,0.0,122.879997,36413,0.1875,hold,,,0.0,,,0,0.0,84.862686,54355,0.1933,hold,,,0.0,,,0,0.0
2014-08-22,23922927,303,False,False,,163.288635,43060,0.2939,hold,,,0.0,,,0,0.0,1.730585,4488240,0.3247,hold,,,0.0,,,0,0.0,123.190002,36413,0.1875,hold,,,0.0,,,0,0.0,85.335609,54355,0.1939,hold,,,0.0,,,0,0.0
2014-08-25,24046162,303,False,False,,164.116592,43060,0.2939,hold,,,0.0,,,0,0.0,1.749873,4488240,0.3266,hold,,,0.0,,,0,0.0,122.739998,36413,0.1859,hold,,,0.0,,,0,0.0,85.655716,54355,0.1936,hold,,,0.0,,,0,0.0
2014-08-26,24084716,303,False,False,,164.223206,43060,0.2936,hold,,,0.0,,,0,0.0,1.755839,4488240,0.3272,hold,,,0.0,,,0,0.0,123.349998,36413,0.1865,hold,,,0.0,,,0,0.0,85.37928,54355,0.1927,hold,,,0.0,,,0,0.0
2014-08-27,24121242,303,False,False,,164.157623,43060,0.293,hold,,,0.0,,,0,0.0,1.756039,4488240,0.3267,hold,,,0.0,,,0,0.0,123.32,36413,0.1862,hold,,,0.0,,,0,0.0,86.106819,54355,0.194,hold,,,0.0,,,0,0.0
2014-08-28,24134510,303,False,False,,164.06749,43060,0.2927,hold,,,0.0,,,0,0.0,1.74888,4488240,0.3252,hold,,,0.0,,,0,0.0,124.0,36413,0.1871,hold,,,0.0,,,0,0.0,86.557907,54355,0.1949,hold,,,0.0,,,0,0.0
2014-08-29,24244615,303,False,False,,164.534668,43060,0.2922,hold,,,0.0,,,0,0.0,1.769361,4488240,0.3275,hold,,,0.0,,,0,0.0,123.860001,36413,0.186,hold,,,0.0,,,0,0.0,86.616104,54355,0.1942,hold,,,0.0,,,0,0.0
2014-09-02,24145442,303,True,False,,164.452728,43060,0.2933,hold,INCREASE_TO_TARGET,rebalance 2014-09-02,162298.0,,,0,0.0,1.784076,4488240,0.3316,hold,REDUCE_TO_TARGET,rebalance 2014-09-02,-763729.0,,,0,0.0,121.650002,36413,0.1835,hold,INCREASE_TO_TARGET,rebalance 2014-09-02,399447.0,,,0,0.0,85.121918,54355,0.1916,hold,INCREASE_TO_TARGET,rebalance 2014-09-02,202287.0,,,0,0.0
2014-09-03,24064533,83,False,True,monthly,164.362579,44040,0.3008,hold,,,0.0,INCREASE_TO_TARGET,buy,980,165.083975,1.753453,4061960,0.296,hold,,,0.0,REDUCE_TO_TARGET,sell,426280,1.79161,122.150002,39685,0.2014,hold,,,0.0,INCREASE_TO_TARGET,buy,3272,121.699997,85.59594,56731,0.2018,hold,,,0.0,INCREASE_TO_TARGET,buy,2376,84.881306
2014-09-04,23945698,83,False,False,,164.124847,44040,0.3019,hold,,,0.0,,,0,0.0,1.747885,4061960,0.2965,hold,,,0.0,,,0,0.0,121.480003,39685,0.2013,hold,,,0.0,,,0,0.0,84.553131,56731,0.2003,hold,,,0.0,,,0,0.0
2014-09-05,24101959,83,False,False,,164.862671,44040,0.3012,hold,,,0.0,,,0,0.0,1.774929,4061960,0.2991,hold,,,0.0,,,0,0.0,122.059998,39685,0.201,hold,,,0.0,,,0,0.0,84.3927,56731,0.1986,hold,,,0.0,,,0,0.0
2014-09-08,24068820,83,False,False,,164.436356,44040,0.3009,hold,,,0.0,,,0,0.0,1.783877,4061960,0.3011,hold,,,0.0,,,0,0.0,120.730003,39685,0.1991,hold,,,0.0,,,0,0.0,84.429192,56731,0.199,hold,,,0.0,,,0,0.0
2014-09-09,23848718,83,False,False,,163.395264,44040,0.3017,hold,,,0.0,,,0,0.0,1.740528,4061960,0.2965,hold,,,0.0,,,0,0.0,120.870003,39685,0.2011,hold,,,0.0,,,0,0.0,84.36351,56731,0.2007,hold,,,0.0,,,0,0.0
2014-09-10,23985352,83,False,False,,164.010071,44040,0.3011,hold,,,0.0,,,0,0.0,1.780894,4061960,0.3016,hold,,,0.0,,,0,0.0,120.260002,39685,0.199,hold,,,0.0,,,0,0.0,83.831192,56731,0.1983,hold,,,0.0,,,0,0.0
2014-09-11,23940933,83,False,False,,164.198654,44040,0.302,hold,,,0.0,,,0,0.0,1.779502,4061960,0.3019,hold,,,0.0,,,0,0.0,119.470001,39685,0.198,hold,,,0.0,,,0,0.0,83.554108,56731,0.198,hold,,,0.0,,,0,0.0
2014-09-12,23691904,83,False,False,,163.239487,44040,0.3034,hold,,,0.0,,,0,0.0,1.751465,4061960,0.3003,hold,,,0.0,,,0,0.0,118.379997,39685,0.1983,hold,,,0.0,,,0,0.0,82.679008,56731,0.198,hold,,,0.0,,,0,0.0
2014-09-15,23489799,83,False,False,,163.116547,44040,0.3058,hold,,,0.0,,,0,0.0,1.69877,4061960,0.2938,hold,,,0.0,,,0,0.0,118.639999,39685,0.2004,hold,,,0.0,,,0,0.0,82.80304,56731,0.2,hold,,,0.0,,,0,0.0
2014-09-16,23719041,83,False,False,,164.346176,44040,0.3051,hold,,,0.0,,,0,0.0,1.744704,4061960,0.2988,hold,,,0.0,,,0,0.0,118.830002,39685,0.1988,hold,,,0.0,,,0,0.0,82.467529,56731,0.1972,hold,,,0.0,,,0,0.0
2014-09-17,23700331,83,False,False,,164.56752,44040,0.3058,hold,,,0.0,,,0,0.0,1.753254,4061960,0.3005,hold,,,0.0,,,0,0.0,117.540001,39685,0.1968,hold,,,0.0,,,0,0.0,82.256119,56731,0.1969,hold,,,0.0,,,0,0.0
2014-09-18,23916841,83,False,False,,165.444656,44040,0.3046,hold,,,0.0,,,0,0.0,1.791035,4061960,0.3042,hold,,,0.0,,,0,0.0,117.779999,39685,0.1954,hold,,,0.0,,,0,0.0,82.518616,56731,0.1957,hold,,,0.0,,,0,0.0
2014-09-19,23926313,83,False,False,,165.295578,44040,0.3043,hold,,,0.0,,,0,0.0,1.787059,4061960,0.3034,hold,,,0.0,,,0,0.0,117.089996,39685,0.1942,hold,,,0.0,,,0,0.0,83.568665,56731,0.1981,hold,,,0.0,,,0,0.0
2014-09-22,23669278,83,False,False,,164.019058,44040,0.3052,hold,,,0.0,,,0,0.0,1.738539,4061960,0.2984,hold,,,0.0,,,0,0.0,116.849998,39685,0.1959,hold,,,0.0,,,0,0.0,83.670792,56731,0.2005,hold,,,0.0,,,0,0.0
2014-09-23,23625677,83,False,False,,163.080124,44040,0.304,hold,,,0.0,,,0,0.0,1.723427,4061960,0.2963,hold,,,0.0,,,0,0.0,117.599998,39685,0.1975,hold,,,0.0,,,0,0.0,84.188507,56731,0.2022,hold,,,0.0,,,0,0.0
2014-09-24,23860566,83,False,False,,164.356705,44040,0.3034,hold,,,0.0,,,0,0.0,1.779304,4061960,0.3029,hold,,,0.0,,,0,0.0,117.050003,39685,0.1947,hold,,,0.0,,,0,0.0,83.721817,56731,0.1991,hold,,,0.0,,,0,0.0
2014-09-25,23354742,83,False,False,,161.704712,44040,0.3049,hold,,,0.0,,,0,0.0,1.666357,4061960,0.2898,hold,,,0.0,,,0,0.0,117.389999,39685,0.1995,hold,,,0.0,,,0,0.0,84.71357,56731,0.2058,hold,,,0.0,,,0,0.0
2014-09-26,23607664,83,False,False,,162.989487,44040,0.3041,hold,,,0.0,,,0,0.0,1.719649,4061960,0.2959,hold,,,0.0,,,0,0.0,117.059998,39685,0.1968,hold,,,0.0,,,0,0.0,84.5896,56731,0.2033,hold,,,0.0,,,0,0.0
2014-09-29,23608463,83,False,False,,162.692993,44040,0.3035,hold,,,0.0,,,0,0.0,1.713882,4061960,0.2949,hold,,,0.0,,,0,0.0,117.029999,39685,0.1967,hold,,,0.0,,,0,0.0,85.267761,56731,0.2049,hold,,,0.0,,,0,0.0
2014-09-30,23555610,83,False,False,,162.264755,44040,0.3034,hold,,,0.0,,,0,0.0,1.720246,4061960,0.2966,hold,,,0.0,,,0,0.0,116.209999,39685,0.1958,hold,,,0.0,,,0,0.0,84.786507,56731,0.2042,hold,,,0.0,,,0,0.0
2014-10-01,23239867,83,True,False,,160.065811,44040,0.3033,hold,,,0.0,,,0,0.0,1.637922,4061960,0.2863,hold,,,0.0,,,0,0.0,116.769997,39685,0.1994,hold,,,0.0,,,0,0.0,86.430603,56731,0.211,hold,,,0.0,,,0,0.0
2014-10-02,23193812,83,False,False,,160.0905,44040,0.304,hold,,,0.0,,,0,0.0,1.637126,4061960,0.2867,hold,,,0.0,,,0,0.0,116.739998,39685,0.1997,hold,,,0.0,,,0,0.0,85.677597,56731,0.2096,hold,,,0.0,,,0,0.0
2014-10-03,23407956,83,False,False,,161.852997,44040,0.3045,hold,,,0.0,,,0,0.0,1.686441,4061960,0.2926,hold,,,0.0,,,0,0.0,114.610001,39685,0.1943,hold,,,0.0,,,0,0.0,86.043144,56731,0.2085,hold,,,0.0,,,0,0.0
2014-10-06,23412023,83,False,False,,161.663574,44040,0.3041,hold,,,0.0,,,0,0.0,1.674908,4061960,0.2906,hold,,,0.0,,,0,0.0,116.029999,39685,0.1967,hold,,,0.0,,,0,0.0,86.094315,56731,0.2086,hold,,,0.0,,,0,0.0
2014-10-07,23093607,83,False,False,,159.16806,44040,0.3035,hold,,,0.0,,,0,0.0,1.604117,4061960,0.2821,hold,,,0.0,,,0,0.0,116.360001,39685,0.2,hold,,,0.0,,,0,0.0,87.256653,56731,0.2144,hold,,,0.0,,,0,0.0
2014-10-08,23637899,83,False,False,,161.951828,44040,0.3017,hold,,,0.0,,,0,0.0,1.696781,4061960,0.2916,hold,,,0.0,,,0,0.0,117.470001,39685,0.1972,hold,,,0.0,,,0,0.0,87.278625,56731,0.2095,hold,,,0.0,,,0,0.0
2014-10-09,23138336,83,False,False,,158.739746,44040,0.3021,hold,,,0.0,,,0,0.0,1.61227,4061960,0.283,hold,,,0.0,,,0,0.0,117.639999,39685,0.2018,hold,,,0.0,,,0,0.0,86.89843,56731,0.2131,hold,,,0.0,,,0,0.0
2014-10-10,22615212,83,False,False,,156.927841,44040,0.3056,hold,,,0.0,,,0,0.0,1.491569,4061960,0.2679,hold,,,0.0,,,0,0.0,117.589996,39685,0.2063,hold,,,0.0,,,0,0.0,87.761093,56731,0.2202,hold,,,0.0,,,0,0.0
2014-10-13,22285353,83,False,False,,154.349991,44040,0.305,hold,,,0.0,,,0,0.0,1.421772,4061960,0.2591,hold,,,0.0,,,0,0.0,118.519997,39685,0.2111,hold,,,0.0,,,0,0.0,88.294739,56731,0.2248,hold,,,0.0,,,0,0.0
2014-10-14,22341918,83,False,False,,154.588852,44040,0.3047,hold,,,0.0,,,0,0.0,1.424358,4061960,0.259,hold,,,0.0,,,0,0.0,118.589996,39685,0.2106,hold,,,0.0,,,0,0.0,88.872261,56731,0.2257,hold,,,0.0,,,0,0.0
2014-10-15,22227957,83,False,False,,153.542847,44040,0.3042,hold,,,0.0,,,0,0.0,1.393934,4061960,0.2547,hold,,,0.0,,,0,0.0,118.989998,39685,0.2124,hold,,,0.0,,,0,0.0,89.574043,56731,0.2286,hold,,,0.0,,,0,0.0
2014-10-16,22110893,83,False,False,,153.411102,44040,0.3056,hold,,,0.0,,,0,0.0,1.372259,4061960,0.2521,hold,,,0.0,,,0,0.0,119.220001,39685,0.214,hold,,,0.0,,,0,0.0,89.00386,56731,0.2284,hold,,,0.0,,,0,0.0
2014-10-17,22371441,83,False,False,,155.223053,44040,0.3056,hold,,,0.0,,,0,0.0,1.425948,4061960,0.2589,hold,,,0.0,,,0,0.0,118.989998,39685,0.2111,hold,,,0.0,,,0,0.0,88.506691,56731,0.2244,hold,,,0.0,,,0,0.0
2014-10-20,22737796,83,False,False,,156.730194,44040,0.3036,hold,,,0.0,,,0,0.0,1.487392,4061960,0.2657,hold,,,0.0,,,0,0.0,119.800003,39685,0.2091,hold,,,0.0,,,0,0.0,88.828423,56731,0.2216,hold,,,0.0,,,0,0.0
2014-10-21,23315556,83,False,False,,159.83519,44040,0.3019,hold,,,0.0,,,0,0.0,1.603719,4061960,0.2794,hold,,,0.0,,,0,0.0,120.019997,39685,0.2043,hold,,,0.0,,,0,0.0,88.119293,56731,0.2144,hold,,,0.0,,,0,0.0
2014-10-22,23142946,83,False,False,,158.698593,44040,0.302,hold,,,0.0,,,0,0.0,1.578864,4061960,0.2771,hold,,,0.0,,,0,0.0,119.339996,39685,0.2046,hold,,,0.0,,,0,0.0,88.214325,56731,0.2162,hold,,,0.0,,,0,0.0
2014-10-23,23440477,83,False,False,,160.543457,44040,0.3016,hold,,,0.0,,,0,0.0,1.651046,4061960,0.2861,hold,,,0.0,,,0,0.0,118.519997,39685,0.2007,hold,,,0.0,,,0,0.0,87.432114,56731,0.2116,hold,,,0.0,,,0,0.0
2014-10-24,23647385,83,False,False,,161.778854,44040,0.3013,hold,,,0.0,,,0,0.0,1.689026,4061960,0.2901,hold,,,0.0,,,0,0.0,118.349998,39685,0.1986,hold,,,0.0,,,0,0.0,87.519798,56731,0.21,hold,,,0.0,,,0,0.0
2014-10-27,23661054,83,False,False,,161.556488,44040,0.3007,hold,,,0.0,,,0,0.0,1.695389,4061960,0.2911,hold,,,0.0,,,0,0.0,118.059998,39685,0.198,hold,,,0.0,,,0,0.0,87.680634,56731,0.2102,hold,,,0.0,,,0,0.0
2014-10-28,24020891,83,False,False,,163.409546,44040,0.2996,hold,,,0.0,,,0,0.0,1.771151,4061960,0.2995,hold,,,0.0,,,0,0.0,118.099998,39685,0.1951,hold,,,0.0,,,0,0.0,87.132408,56731,0.2058,hold,,,0.0,,,0,0.0
2014-10-29,23867709,83,False,False,,163.162491,44040,0.3011,hold,,,0.0,,,0,0.0,1.749873,4061960,0.2978,hold,,,0.0,,,0,0.0,116.410004,39685,0.1936,hold,,,0.0,,,0,0.0,87.329758,56731,0.2076,hold,,,0.0,,,0,0.0
2014-10-30,23913935,83,False,False,,164.208435,44040,0.3024,hold,,,0.0,,,0,0.0,1.760811,4061960,0.2991,hold,,,0.0,,,0,0.0,115.190002,39685,0.1912,hold,,,0.0,,,0,0.0,87.402893,56731,0.2073,hold,,,0.0,,,0,0.0
2014-10-31,24178186,83,False,False,,166.086227,44040,0.3025,hold,,,0.0,,,0,0.0,1.83339,4061960,0.308,hold,,,0.0,,,0,0.0,112.660004,39685,0.1849,hold,,,0.0,,,0,0.0,87.176262,56731,0.2045,hold,,,0.0,,,0,0.0
2014-11-03,24238669,83,True,False,,166.176834,44040,0.3019,hold,,,0.0,,,0,0.0,1.852281,4061960,0.3104,hold,,,0.0,,,0,0.0,112.150002,39685,0.1836,hold,,,0.0,,,0,0.0,87.176224,56731,0.204,hold,,,0.0,,,0,0.0
2014-11-04,24151478,83,False,False,,165.600296,44040,0.302,hold,,,0.0,,,0,0.0,1.832595,4061960,0.3082,hold,,,0.0,,,0,0.0,112.220001,39685,0.1844,hold,,,0.0,,,0,0.0,87.447418,56731,0.2054,hold,,,0.0,,,0,0.0
2014-11-05,24093237,83,False,False,,166.646317,44040,0.3046,hold,,,0.0,,,0,0.0,1.832397,4061960,0.3089,hold,,,0.0,,,0,0.0,109.790001,39685,0.1808,hold,,,0.0,,,0,0.0,87.322815,56731,0.2056,hold,,,0.0,,,0,0.0
2014-11-06,24157981,83,False,False,,167.313354,44040,0.305,hold,,,0.0,,,0,0.0,1.848105,4061960,0.3107,hold,,,0.0,,,0,0.0,109.879997,39685,0.1805,hold,,,0.0,,,0,0.0,86.758583,56731,0.2037,hold,,,0.0,,,0,0.0
2014-11-07,24325456,83,False,False,,167.469849,44040,0.3032,hold,,,0.0,,,0,0.0,1.843531,4061960,0.3078,hold,,,0.0,,,0,0.0,112.970001,39685,0.1843,hold,,,0.0,,,0,0.0,87.75515,56731,0.2047,hold,,,0.0,,,0,0.0
2014-11-10,24280070,83,False,False,,167.997025,44040,0.3047,hold,,,0.0,,,0,0.0,1.862422,4061960,0.3116,hold,,,0.0,,,0,0.0,110.459999,39685,0.1805,hold,,,0.0,,,0,0.0,86.949104,56731,0.2032,hold,,,0.0,,,0,0.0
2014-11-11,24425243,83,False,False,,168.161728,44040,0.3032,hold,,,0.0,,,0,0.0,1.880121,4061960,0.3127,hold,,,0.0,,,0,0.0,112.040001,39685,0.182,hold,,,0.0,,,0,0.0,87.007706,56731,0.2021,hold,,,0.0,,,0,0.0
2014-11-12,24433671,83,False,False,,167.980484,44040,0.3028,hold,,,0.0,,,0,0.0,1.89046,4061960,0.3143,hold,,,0.0,,,0,0.0,111.5,39685,0.1811,hold,,,0.0,,,0,0.0,86.934425,56731,0.2018,hold,,,0.0,,,0,0.0
2014-11-13,24558945,83,False,False,,168.169937,44040,0.3016,hold,,,0.0,,,0,0.0,1.91472,4061960,0.3167,hold,,,0.0,,,0,0.0,111.669998,39685,0.1804,hold,,,0.0,,,0,0.0,87.139626,56731,0.2013,hold,,,0.0,,,0,0.0
2014-11-14,24767876,83,False,False,,168.211166,44040,0.2991,hold,,,0.0,,,0,0.0,1.932417,4061960,0.3169,hold,,,0.0,,,0,0.0,114.470001,39685,0.1834,hold,,,0.0,,,0,0.0,87.564651,56731,0.2006,hold,,,0.0,,,0,0.0
2014-11-17,24669949,83,False,False,,168.318192,44040,0.3005,hold,,,0.0,,,0,0.0,1.914322,4061960,0.3152,hold,,,0.0,,,0,0.0,114.050003,39685,0.1835,hold,,,0.0,,,0,0.0,87.344826,56731,0.2009,hold,,,0.0,,,0,0.0
2014-11-18,24940619,83,False,False,,169.290115,44040,0.2989,hold,,,0.0,,,0,0.0,1.957273,4061960,0.3188,hold,,,0.0,,,0,0.0,115.050003,39685,0.1831,hold,,,0.0,,,0,0.0,87.586594,56731,0.1992,hold,,,0.0,,,0,0.0
2014-11-19,24741719,83,False,False,,169.018265,44040,0.3009,hold,,,0.0,,,0,0.0,1.932417,4061960,0.3173,hold,,,0.0,,,0,0.0,113.68,39685,0.1823,hold,,,0.0,,,0,0.0,87.029671,56731,0.1996,hold,,,0.0,,,0,0.0
2014-11-20,24931576,83,False,False,,169.314758,44040,0.2991,hold,,,0.0,,,0,0.0,1.958069,4061960,0.319,hold,,,0.0,,,0,0.0,114.860001,39685,0.1828,hold,,,0.0,,,0,0.0,87.483978,56731,0.1991,hold,,,0.0,,,0,0.0
2014-11-21,25079792,83,False,False,,170.220688,44040,0.2989,hold,,,0.0,,,0,0.0,1.972188,4061960,0.3194,hold,,,0.0,,,0,0.0,115.389999,39685,0.1826,hold,,,0.0,,,0,0.0,88.011658,56731,0.1991,hold,,,0.0,,,0,0.0
2014-11-24,25274803,83,False,False,,170.698364,44040,0.2974,hold,,,0.0,,,0,0.0,2.01673,4061960,0.3241,hold,,,0.0,,,0,0.0,115.110001,39685,0.1807,hold,,,0.0,,,0,0.0,88.084938,56731,0.1977,hold,,,0.0,,,0,0.0
2014-11-25,25348305,83,False,False,,170.574799,44040,0.2964,hold,,,0.0,,,0,0.0,2.023292,4061960,0.3242,hold,,,0.0,,,0,0.0,115.379997,39685,0.1806,hold,,,0.0,,,0,0.0,88.817772,56731,0.1988,hold,,,0.0,,,0,0.0
2014-11-26,25540519,83,False,False,,171.011353,44040,0.2949,hold,,,0.0,,,0,0.0,2.064652,4061960,0.3284,hold,,,0.0,,,0,0.0,115.160004,39685,0.1789,hold,,,0.0,,,0,0.0,89.059555,56731,0.1978,hold,,,0.0,,,0,0.0
2014-11-28,25568629,83,False,False,,170.648941,44040,0.2939,hold,,,0.0,,,0,0.0,2.095474,4061960,0.3329,hold,,,0.0,,,0,0.0,112.110001,39685,0.174,hold,,,0.0,,,0,0.0,89.763077,56731,0.1992,hold,,,0.0,,,0,0.0
2014-12-01,25349881,83,True,False,,169.462982,44040,0.2944,hold,,,0.0,,,0,0.0,2.018122,4061960,0.3234,hold,,,0.0,,,0,0.0,116.580002,39685,0.1825,hold,,,0.0,,,0,0.0,89.239388,56731,0.1997,hold,,,0.0,,,0,0.0
2014-12-02,25379846,83,False,False,,170.558365,44040,0.296,hold,,,0.0,,,0,0.0,2.039796,4061960,0.3265,hold,,,0.0,,,0,0.0,115.139999,39685,0.18,hold,,,0.0,,,0,0.0,88.372704,56731,0.1975,hold,,,0.0,,,0,0.0
2014-12-03,25550791,83,False,False,,171.217209,44040,0.2951,hold,,,0.0,,,0,0.0,2.058289,4061960,0.3272,hold,,,0.0,,,0,0.0,116.330002,39685,0.1807,hold,,,0.0,,,0,0.0,88.717957,56731,0.197,hold,,,0.0,,,0,0.0
2014-12-04,25541636,83,False,False,,171.027817,44040,0.2949,hold,,,0.0,,,0,0.0,2.052125,4061960,0.3264,hold,,,0.0,,,0,0.0,115.879997,39685,0.18,hold,,,0.0,,,0,0.0,89.459732,56731,0.1987,hold,,,0.0,,,0,0.0
2014-12-05,25472492,83,False,False,,171.307831,44040,0.2962,hold,,,0.0,,,0,0.0,2.053516,4061960,0.3275,hold,,,0.0,,,0,0.0,114.43,39685,0.1783,hold,,,0.0,,,0,0.0,88.938286,56731,0.1981,hold,,,0.0,,,0,0.0
2014-12-08,25357197,83,False,False,,170.16304,44040,0.2955,hold,,,0.0,,,0,0.0,2.009173,4061960,0.3218,hold,,,0.0,,,0,0.0,115.779999,39685,0.1812,hold,,,0.0,,,0,0.0,90.025284,56731,0.2014,hold,,,0.0,,,0,0.0
2014-12-09,25553172,83,False,False,,170.04776,44040,0.2931,hold,,,0.0,,,0,0.0,2.028661,4061960,0.3225,hold,,,0.0,,,0,0.0,118.190002,39685,0.1836,hold,,,0.0,,,0,0.0,90.488022,56731,0.2009,hold,,,0.0,,,0,0.0
2014-12-10,25062476,83,False,False,,167.321671,44040,0.294,hold,,,0.0,,,0,0.0,1.930429,4061960,0.3129,hold,,,0.0,,,0,0.0,117.959999,39685,0.1868,hold,,,0.0,,,0,0.0,91.149078,56731,0.2063,hold,,,0.0,,,0,0.0
2014-12-11,25233144,83,False,False,,168.169937,44040,0.2935,hold,,,0.0,,,0,0.0,1.960654,4061960,0.3156,hold,,,0.0,,,0,0.0,117.690002,39685,0.1851,hold,,,0.0,,,0,0.0,91.523697,56731,0.2058,hold,,,0.0,,,0,0.0
2014-12-12,24909436,83,False,False,,165.452057,44040,0.2925,hold,,,0.0,,,0,0.0,1.895829,4061960,0.3092,hold,,,0.0,,,0,0.0,117.410004,39685,0.1871,hold,,,0.0,,,0,0.0,92.764915,56731,0.2113,hold,,,0.0,,,0,0.0
2014-12-15,24497696,83,False,False,,164.315506,44040,0.2954,hold,,,0.0,,,0,0.0,1.838959,4061960,0.3049,hold,,,0.0,,,0,0.0,114.389999,39685,0.1853,hold,,,0.0,,,0,0.0,92.573959,56731,0.2144,hold,,,0.0,,,0,0.0
2014-12-16,24156143,83,False,False,,162.997711,44040,0.2972,hold,,,0.0,,,0,0.0,1.747687,4061960,0.2939,hold,,,0.0,,,0,0.0,114.949997,39685,0.1888,hold,,,0.0,,,0,0.0,93.719757,56731,0.2201,hold,,,0.0,,,0,0.0
2014-12-17,24603213,83,False,False,,166.193298,44040,0.2975,hold,,,0.0,,,0,0.0,1.841543,4061960,0.304,hold,,,0.0,,,0,0.0,114.269997,39685,0.1843,hold,,,0.0,,,0,0.0,92.875122,56731,0.2142,hold,,,0.0,,,0,0.0
2014-12-18,25273818,83,False,False,,170.30307,44040,0.2968,hold,,,0.0,,,0,0.0,1.976562,4061960,0.3177,hold,,,0.0,,,0,0.0,115.150002,39685,0.1808,hold,,,0.0,,,0,0.0,91.222504,56731,0.2048,hold,,,0.0,,,0,0.0
2014-12-19,25449888,83,False,False,,171.027618,44040,0.296,hold,,,0.0,,,0,0.0,1.998634,4061960,0.319,hold,,,0.0,,,0,0.0,114.769997,39685,0.179,hold,,,0.0,,,0,0.0,92.449097,56731,0.2061,hold,,,0.0,,,0,0.0
2014-12-22,25478413,83,False,False,,171.814453,44040,0.297,hold,,,0.0,,,0,0.0,2.017071,4061960,0.3216,hold,,,0.0,,,0,0.0,112.550003,39685,0.1753,hold,,,0.0,,,0,0.0,92.573959,56731,0.2061,hold,,,0.0,,,0,0.0
2014-12-23,25313630,83,False,False,,172.046295,44040,0.2993,hold,,,0.0,,,0,0.0,1.997779,4061960,0.3206,hold,,,0.0,,,0,0.0,112.739998,39685,0.1767,hold,,,0.0,,,0,0.0,90.737747,56731,0.2034,hold,,,0.0,,,0,0.0
2014-12-24,25360534,83,False,False,,172.062836,44040,0.2988,hold,,,0.0,,,0,0.0,2.001956,4061960,0.3207,hold,,,0.0,,,0,0.0,112.769997,39685,0.1765,hold,,,0.0,,,0,0.0,91.231628,56731,0.2041,hold,,,0.0,,,0,0.0
2014-12-26,25650735,83,False,False,,172.617752,44040,0.2964,hold,,,0.0,,,0,0.0,2.042528,4061960,0.3234,hold,,,0.0,,,0,0.0,114.830002,39685,0.1777,hold,,,0.0,,,0,0.0,91.570229,56731,0.2025,hold,,,0.0,,,0,0.0
2014-12-29,25655355,83,False,False,,172.849594,44040,0.2967,hold,,,0.0,,,0,0.0,2.042925,4061960,0.3235,hold,,,0.0,,,0,0.0,113.669998,39685,0.1758,hold,,,0.0,,,0,0.0,92.254715,56731,0.204,hold,,,0.0,,,0,0.0
2014-12-30,25518158,83,False,False,,171.922089,44040,0.2967,hold,,,0.0,,,0,0.0,2.000762,4061960,0.3185,hold,,,0.0,,,0,0.0,115.199997,39685,0.1792,hold,,,0.0,,,0,0.0,92.504959,56731,0.2057,hold,,,0.0,,,0,0.0
2014-12-31,25134287,83,False,False,,170.21608,44040,0.2983,hold,,,0.0,,,0,0.0,1.938114,4061960,0.3132,hold,,,0.0,,,0,0.0,113.580002,39685,0.1793,hold,,,0.0,,,0,0.0,92.681664,56731,0.2092,hold,,,0.0,,,0,0.0
2015-01-02,25143951,83,True,False,,170.125031,44040,0.298,hold,,,0.0,,,0,0.0,1.922204,4061960,0.3105,hold,,,0.0,,,0,0.0,114.080002,39685,0.1801,hold,,,0.0,,,0,0.0,93.71209,56731,0.2114,hold,,,0.0,,,0,0.0
2015-01-05,24808989,83,False,False,,167.052567,44040,0.2965,hold,,,0.0,,,0,0.0,1.83569,4061960,0.3006,hold,,,0.0,,,0,0.0,115.800003,39685,0.1852,hold,,,0.0,,,0,0.0,95.184082,56731,0.2177,hold,,,0.0,,,0,0.0
2015-01-06,24593698,83,False,False,,165.479111,44040,0.2963,hold,,,0.0,,,0,0.0,1.762899,4061960,0.2912,hold,,,0.0,,,0,0.0,117.120003,39685,0.189,hold,,,0.0,,,0,0.0,96.899094,56731,0.2235,hold,,,0.0,,,0,0.0
2015-01-07,24921748,83,False,False,,167.541183,44040,0.2961,hold,,,0.0,,,0,0.0,1.830717,4061960,0.2984,hold,,,0.0,,,0,0.0,116.43,39685,0.1854,hold,,,0.0,,,0,0.0,96.707748,56731,0.2201,hold,,,0.0,,,0,0.0
2015-01-08,25384700,83,False,False,,170.514221,44040,0.2958,hold,,,0.0,,,0,0.0,1.93513,4061960,0.3097,hold,,,0.0,,,0,0.0,115.940002,39685,0.1813,hold,,,0.0,,,0,0.0,95.42704,56731,0.2133,hold,,,0.0,,,0,0.0
2015-01-09,25277058,83,False,False,,169.147812,44040,0.2947,hold,,,0.0,,,0,0.0,1.895951,4061960,0.3047,hold,,,0.0,,,0,0.0,117.260002,39685,0.1841,hold,,,0.0,,,0,0.0,96.472214,56731,0.2165,hold,,,0.0,,,0,0.0
2015-01-12,25064910,83,False,False,,167.822815,44040,0.2949,hold,,,0.0,,,0,0.0,1.837678,4061960,0.2978,hold,,,0.0,,,0,0.0,118.559998,39685,0.1877,hold,,,0.0,,,0,0.0,97.024246,56731,0.2196,hold,,,0.0,,,0,0.0
2015-01-13,25021784,83,False,False,,167.350754,44040,0.2945,hold,,,0.0,,,0,0.0,1.836087,4061960,0.2981,hold,,,0.0,,,0,0.0,118.160004,39685,0.1874,hold,,,0.0,,,0,0.0,97.024246,56731,0.22,hold,,,0.0,,,0,0.0
2015-01-14,24896791,83,False,False,,166.340439,44040,0.2942,hold,,,0.0,,,0,0.0,1.807846,4061960,0.295,hold,,,0.0,,,0,0.0,117.970001,39685,0.188,hold,,,0.0,,,0,0.0,97.760269,56731,0.2228,hold,,,0.0,,,0,0.0
2015-01-15,24743184,83,False,False,,164.81662,44040,0.2934,hold,,,0.0,,,0,0.0,1.736049,4061960,0.285,hold,,,0.0,,,0,0.0,120.940002,39685,0.194,hold,,,0.0,,,0,0.0,99.298637,56731,0.2277,hold,,,0.0,,,0,0.0
2015-01-16,25080492,83,False,False,,166.978088,44040,0.2932,hold,,,0.0,,,0,0.0,1.797901,4061960,0.2912,hold,,,0.0,,,0,0.0,122.519997,39685,0.1939,hold,,,0.0,,,0,0.0,98.032578,56731,0.2217,hold,,,0.0,,,0,0.0
2015-01-20,25398329,83,False,False,,167.334152,44040,0.2902,hold,,,0.0,,,0,0.0,1.837678,4061960,0.2939,hold,,,0.0,,,0,0.0,124.199997,39685,0.1941,hold,,,0.0,,,0,0.0,99.335426,56731,0.2219,hold,,,0.0,,,0,0.0
2015-01-21,25486294,83,False,False,,168.178848,44040,0.2906,hold,,,0.0,,,0,0.0,1.865919,4061960,0.2974,hold,,,0.0,,,0,0.0,124.230003,39685,0.1934,hold,,,0.0,,,0,0.0,98.187202,56731,0.2186,hold,,,0.0,,,0,0.0
2015-01-22,26037778,83,False,False,,170.679855,44040,0.2887,hold,,,0.0,,,0,0.0,1.969736,4061960,0.3073,hold,,,0.0,,,0,0.0,125.230003,39685,0.1909,hold,,,0.0,,,0,0.0,97.833862,56731,0.2132,hold,,,0.0,,,0,0.0
2015-01-23,26087454,83,False,False,,169.744064,44040,0.2866,hold,,,0.0,,,0,0.0,1.982863,4061960,0.3087,hold,,,0.0,,,0,0.0,124.230003,39685,0.189,hold,,,0.0,,,0,0.0,99.195587,56731,0.2157,hold,,,0.0,,,0,0.0
2015-01-26,26020853,83,False,False,,170.141586,44040,0.288,hold,,,0.0,,,0,0.0,1.978487,4061960,0.3088,hold,,,0.0,,,0,0.0,122.989998,39685,0.1876,hold,,,0.0,,,0,0.0,98.893753,56731,0.2156,hold,,,0.0,,,0,0.0
2015-01-27,25364693,83,False,False,,167.897278,44040,0.2915,hold,,,0.0,,,0,0.0,1.825347,4061960,0.2923,hold,,,0.0,,,0,0.0,124.400002,39685,0.1946,hold,,,0.0,,,0,0.0,99.04837,56731,0.2215,hold,,,0.0,,,0,0.0
2015-01-28,25195199,83,False,False,,165.744125,44040,0.2897,hold,,,0.0,,,0,0.0,1.793924,4061960,0.2892,hold,,,0.0,,,0,0.0,123.419998,39685,0.1944,hold,,,0.0,,,0,0.0,100.667618,56731,0.2267,hold,,,0.0,,,0,0.0
2015-01-29,25330384,83,False,False,,167.276215,44040,0.2908,hold,,,0.0,,,0,0.0,1.845833,4061960,0.296,hold,,,0.0,,,0,0.0,120.760002,39685,0.1892,hold,,,0.0,,,0,0.0,100.005211,56731,0.224,hold,,,0.0,,,0,0.0
2015-01-30,25273057,83,False,False,,165.172714,44040,0.2878,hold,,,0.0,,,0,0.0,1.803471,4061960,0.2899,hold,,,0.0,,,0,0.0,123.449997,39685,0.1938,hold,,,0.0,,,0,0.0,101.779045,56731,0.2285,hold,,,0.0,,,0,0.0
2015-02-02,25492730,83,True,False,,167.21817,44040,0.2889,hold,INCREASE_TO_TARGET,rebalance 2015-02-02,283531.0,,,0,0.0,1.850804,4061960,0.2949,hold,INCREASE_TO_TARGET,rebalance 2015-02-02,129927.0,,,0,0.0,122.419998,39685,0.1906,hold,INCREASE_TO_TARGET,rebalance 2015-02-02,240308.0,,,0,0.0,101.394814,56731,0.2256,hold,REDUCE_TO_TARGET,rebalance 2015-02-02,-653683.0,,,0,0.0
2015-02-03,25633230,38,False,True,monthly,169.636337,45721,0.3026,hold,,,0.0,INCREASE_TO_TARGET,buy,1681,168.112561,1.901321,4131368,0.3064,hold,,,0.0,INCREASE_TO_TARGET,buy,69408,1.866317,121.050003,41653,0.1967,hold,,,0.0,INCREASE_TO_TARGET,buy,1968,121.739998,99.248604,50178,0.1943,hold,,,0.0,REDUCE_TO_TARGET,sell,6553,99.744985
2015-02-04,25613737,38,False,False,,168.990402,45721,0.3017,hold,,,0.0,,,0,0.0,1.896348,4131368,0.3059,hold,,,0.0,,,0,0.0,121.580002,41653,0.1977,hold,,,0.0,,,0,0.0,99.41819,50178,0.1948,hold,,,0.0,,,0,0.0
2015-02-05,25853599,38,False,False,,170.696457,45721,0.3019,hold,,,0.0,,,0,0.0,1.946666,4131368,0.3111,hold,,,0.0,,,0,0.0,121.790001,41653,0.1962,hold,,,0.0,,,0,0.0,98.326668,50178,0.1908,hold,,,0.0,,,0,0.0
2015-02-06,25467218,38,False,False,,170.224442,45721,0.3056,hold,,,0.0,,,0,0.0,1.911265,4131368,0.3101,hold,,,0.0,,,0,0.0,118.639999,41653,0.194,hold,,,0.0,,,0,0.0,96.586098,50178,0.1903,hold,,,0.0,,,0,0.0
2015-02-09,25359587,38,False,False,,169.462448,45721,0.3055,hold,,,0.0,,,0,0.0,1.890183,4131368,0.3079,hold,,,0.0,,,0,0.0,119.169998,41653,0.1957,hold,,,0.0,,,0,0.0,96.431236,50178,0.1908,hold,,,0.0,,,0,0.0
2015-02-10,25748341,38,False,False,,171.267822,45721,0.3041,hold,,,0.0,,,0,0.0,1.980675,4131368,0.3178,hold,,,0.0,,,0,0.0,118.470001,41653,0.1916,hold,,,0.0,,,0,0.0,95.664207,50178,0.1864,hold,,,0.0,,,0,0.0
2015-02-11,25795476,38,False,False,,171.367203,45721,0.3037,hold,,,0.0,,,0,0.0,2.002949,4131368,0.3208,hold,,,0.0,,,0,0.0,117.07,41653,0.189,hold,,,0.0,,,0,0.0,95.841248,50178,0.1864,hold,,,0.0,,,0,0.0
2015-02-12,26155388,38,False,False,,173.015274,45721,0.3024,hold,,,0.0,,,0,0.0,2.072957,4131368,0.3274,hold,,,0.0,,,0,0.0,117.339996,41653,0.1869,hold,,,0.0,,,0,0.0,95.524094,50178,0.1833,hold,,,0.0,,,0,0.0
2015-02-13,26381484,38,False,False,,173.727463,45721,0.3011,hold,,,0.0,,,0,0.0,2.125263,4131368,0.3328,hold,,,0.0,,,0,0.0,117.980003,41653,0.1863,hold,,,0.0,,,0,0.0,94.54319,50178,0.1798,hold,,,0.0,,,0,0.0
2015-02-17,26264324,38,False,False,,174.000702,45721,0.3029,hold,,,0.0,,,0,0.0,2.131031,4131368,0.3352,hold,,,0.0,,,0,0.0,116.010002,41653,0.184,hold,,,0.0,,,0,0.0,93.119743,50178,0.1779,hold,,,0.0,,,0,0.0
2015-02-18,26344378,38,False,False,,174.017288,45721,0.302,hold,,,0.0,,,0,0.0,2.140179,4131368,0.3356,hold,,,0.0,,,0,0.0,116.339996,41653,0.1839,hold,,,0.0,,,0,0.0,93.672897,50178,0.1784,hold,,,0.0,,,0,0.0
2015-02-19,26424058,38,False,False,,173.893005,45721,0.3009,hold,,,0.0,,,0,0.0,2.172398,4131368,0.3397,hold,,,0.0,,,0,0.0,115.940002,41653,0.1828,hold,,,0.0,,,0,0.0,93.053391,50178,0.1767,hold,,,0.0,,,0,0.0
2015-02-20,26630516,38,False,False,,174.936539,45721,0.3003,hold,,,0.0,,,0,0.0,2.214163,4131368,0.3435,hold,,,0.0,,,0,0.0,115.279999,41653,0.1803,hold,,,0.0,,,0,0.0,93.326256,50178,0.1758,hold,,,0.0,,,0,0.0
2015-02-23,26725444,38,False,False,,174.911682,45721,0.2992,hold,,,0.0,,,0,0.0,2.222914,4131368,0.3436,hold,,,0.0,,,0,0.0,115.43,41653,0.1799,hold,,,0.0,,,0,0.0,94.395699,50178,0.1772,hold,,,0.0,,,0,0.0
2015-02-24,26822154,38,False,False,,175.408569,45721,0.299,hold,,,0.0,,,0,0.0,2.227489,4131368,0.3431,hold,,,0.0,,,0,0.0,115.260002,41653,0.179,hold,,,0.0,,,0,0.0,95.63472,50178,0.1789,hold,,,0.0,,,0,0.0
2015-02-25,26780436,38,False,False,,175.259506,45721,0.2992,hold,,,0.0,,,0,0.0,2.209589,4131368,0.3409,hold,,,0.0,,,0,0.0,115.699997,41653,0.18,hold,,,0.0,,,0,0.0,96.047684,50178,0.18,hold,,,0.0,,,0,0.0
2015-02-26,26859372,38,False,False,,175.052414,45721,0.298,hold,,,0.0,,,0,0.0,2.243201,4131368,0.345,hold,,,0.0,,,0,0.0,116.07,41653,0.18,hold,,,0.0,,,0,0.0,94.734955,50178,0.177,hold,,,0.0,,,0,0.0
2015-02-27,26753397,38,False,False,,174.456131,45721,0.2981,hold,,,0.0,,,0,0.0,2.213567,4131368,0.3418,hold,,,0.0,,,0,0.0,116.160004,41653,0.1809,hold,,,0.0,,,0,0.0,95.531456,50178,0.1792,hold,,,0.0,,,0,0.0
2015-03-02,26940974,38,True,False,,175.557602,45721,0.2979,hold,INCREASE_TO_TARGET,rebalance 2015-03-02,55623.0,,,0,0.0,2.273232,4131368,0.3486,hold,REDUCE_TO_TARGET,rebalance 2015-03-02,-1309266.0,,,0,0.0,115.68,41653,0.1789,hold,INCREASE_TO_TARGET,rebalance 2015-03-02,569776.0,,,0,0.0,93.752045,50178,0.1746,hold,INCREASE_TO_TARGET,rebalance 2015-03-02,683905.0,,,0,0.0
2015-03-03,26741578,252,False,True,monthly,174.837112,46037,0.301,hold,,,0.0,INCREASE_TO_TARGET,buy,316,175.126967,2.240615,3548588,0.2973,hold,,,0.0,REDUCE_TO_TARGET,sell,582780,2.246584,115.470001,46548,0.201,hold,,,0.0,INCREASE_TO_TARGET,buy,4895,116.040001,93.412109,57449,0.2007,hold,,,0.0,INCREASE_TO_TARGET,buy,7271,93.766808
2015-03-04,26604370,252,False,False,,174.100052,46037,0.3013,hold,,,0.0,,,0,0.0,2.215755,3548588,0.2955,hold,,,0.0,,,0,0.0,115.110001,46548,0.2014,hold,,,0.0,,,0,0.0,93.441696,57449,0.2018,hold,,,0.0,,,0,0.0
2015-03-05,26635811,252,False,False,,174.290573,46037,0.3012,hold,,,0.0,,,0,0.0,2.2255,3548588,0.2965,hold,,,0.0,,,0,0.0,115.0,46548,0.201,hold,,,0.0,,,0,0.0,93.323486,57449,0.2013,hold,,,0.0,,,0,0.0
2015-03-06,25986641,252,False,False,,171.839233,46037,0.3044,hold,,,0.0,,,0,0.0,2.148931,3548588,0.2934,hold,,,0.0,,,0,0.0,111.860001,46548,0.2004,hold,,,0.0,,,0,0.0,91.261734,57449,0.2018,hold,,,0.0,,,0,0.0
2015-03-09,26146339,252,False,False,,172.551483,46037,0.3038,hold,,,0.0,,,0,0.0,2.169613,3548588,0.2945,hold,,,0.0,,,0,0.0,111.970001,46548,0.1993,hold,,,0.0,,,0,0.0,92.104164,57449,0.2024,hold,,,0.0,,,0,0.0
2015-03-10,25635226,252,False,False,,169.752365,46037,0.3048,hold,,,0.0,,,0,0.0,2.049489,3548588,0.2837,hold,,,0.0,,,0,0.0,111.419998,46548,0.2023,hold,,,0.0,,,0,0.0,93.316048,57449,0.2091,hold,,,0.0,,,0,0.0
2015-03-11,25497052,252,False,False,,169.354843,46037,0.3058,hold,,,0.0,,,0,0.0,2.013491,3548588,0.2802,hold,,,0.0,,,0,0.0,110.75,46548,0.2022,hold,,,0.0,,,0,0.0,93.995888,57449,0.2118,hold,,,0.0,,,0,0.0
2015-03-12,25727873,252,False,False,,171.507996,46037,0.3069,hold,,,0.0,,,0,0.0,2.052073,3548588,0.283,hold,,,0.0,,,0,0.0,110.720001,46548,0.2003,hold,,,0.0,,,0,0.0,93.929413,57449,0.2097,hold,,,0.0,,,0,0.0
2015-03-13,25576484,252,False,False,,170.456253,46037,0.3068,hold,,,0.0,,,0,0.0,2.025623,3548588,0.281,hold,,,0.0,,,0,0.0,110.879997,46548,0.2018,hold,,,0.0,,,0,0.0,93.641197,57449,0.2103,hold,,,0.0,,,0,0.0
2015-03-16,26005107,252,False,False,,172.733643,46037,0.3058,hold,,,0.0,,,0,0.0,2.103188,3548588,0.287,hold,,,0.0,,,0,0.0,110.809998,46548,0.1983,hold,,,0.0,,,0,0.0,94.542709,57449,0.2089,hold,,,0.0,,,0,0.0
2015-03-17,26040176,252,False,False,,172.220139,46037,0.3045,hold,,,0.0,,,0,0.0,2.114922,3548588,0.2882,hold,,,0.0,,,0,0.0,110.209999,46548,0.197,hold,,,0.0,,,0,0.0,95.325996,57449,0.2103,hold,,,0.0,,,0,0.0
2015-03-18,26557706,252,False,False,,174.290573,46037,0.3021,hold,,,0.0,,,0,0.0,2.17578,3548588,0.2907,hold,,,0.0,,,0,0.0,112.370003,46548,0.197,hold,,,0.0,,,0,0.0,97.166061,57449,0.2102,hold,,,0.0,,,0,0.0
2015-03-19,26526339,252,False,False,,173.495529,46037,0.3011,hold,,,0.0,,,0,0.0,2.18632,3548588,0.2925,hold,,,0.0,,,0,0.0,112.290001,46548,0.197,hold,,,0.0,,,0,0.0,96.670937,57449,0.2094,hold,,,0.0,,,0,0.0
2015-03-20,26846625,252,False,False,,175.026947,46037,0.3001,hold,,,0.0,,,0,0.0,2.231665,3548588,0.295,hold,,,0.0,,,0,0.0,113.57,46548,0.1969,hold,,,0.0,,,0,0.0,97.180817,57449,0.208,hold,,,0.0,,,0,0.0
2015-03-23,26791307,252,False,False,,174.685944,46037,0.3002,hold,,,0.0,,,0,0.0,2.21297,3548588,0.2931,hold,,,0.0,,,0,0.0,114.290001,46548,0.1986,hold,,,0.0,,,0,0.0,97.062584,57449,0.2081,hold,,,0.0,,,0,0.0
2015-03-24,26733313,252,False,False,,173.70433,46037,0.2991,hold,,,0.0,,,0,0.0,2.190496,3548588,0.2908,hold,,,0.0,,,0,0.0,114.57,46548,0.1995,hold,,,0.0,,,0,0.0,98.001053,57449,0.2106,hold,,,0.0,,,0,0.0
2015-03-25,26034028,252,False,False,,171.158829,46037,0.3027,hold,,,0.0,,,0,0.0,2.037759,3548588,0.2778,hold,,,0.0,,,0,0.0,114.730003,46548,0.2051,hold,,,0.0,,,0,0.0,97.173447,57449,0.2144,hold,,,0.0,,,0,0.0
2015-03-26,25903860,252,False,False,,170.751328,46037,0.3035,hold,,,0.0,,,0,0.0,2.021051,3548588,0.2769,hold,,,0.0,,,0,0.0,115.480003,46548,0.2075,hold,,,0.0,,,0,0.0,95.658554,57449,0.2121,hold,,,0.0,,,0,0.0
2015-03-27,26039824,252,False,False,,171.142258,46037,0.3026,hold,,,0.0,,,0,0.0,2.040543,3548588,0.2781,hold,,,0.0,,,0,0.0,115.059998,46548,0.2057,hold,,,0.0,,,0,0.0,96.848267,57449,0.2137,hold,,,0.0,,,0,0.0
2015-03-30,26307828,252,False,False,,173.230179,46037,0.3031,hold,,,0.0,,,0,0.0,2.113939,3548588,0.2851,hold,,,0.0,,,0,0.0,113.75,46548,0.2013,hold,,,0.0,,,0,0.0,96.367981,57449,0.2104,hold,,,0.0,,,0,0.0
2015-03-31,26013606,252,False,False,,171.716217,46037,0.3039,hold,,,0.0,,,0,0.0,2.048499,3548588,0.2794,hold,,,0.0,,,0,0.0,113.660004,46548,0.2034,hold,,,0.0,,,0,0.0,96.574867,57449,0.2133,hold,,,0.0,,,0,0.0
2015-04-01,26026024,252,True,False,,171.109024,46037,0.3027,hold,,,0.0,,,0,0.0,2.013891,3548588,0.2746,hold,,,0.0,,,0,0.0,115.599998,46548,0.2068,hold,,,0.0,,,0,0.0,97.843437,57449,0.216,hold,,,0.0,,,0,0.0
2015-04-02,25991904,252,False,False,,171.724594,46037,0.3042,hold,,,0.0,,,0,0.0,2.017272,3548588,0.2754,hold,,,0.0,,,0,0.0,115.279999,46548,0.2065,hold,,,0.0,,,0,0.0,96.806664,57449,0.214,hold,,,0.0,,,0,0.0
2015-04-06,26251929,252,False,False,,172.880829,46037,0.3032,hold,,,0.0,,,0,0.0,2.065804,3548588,0.2792,hold,,,0.0,,,0,0.0,116.690002,46548,0.2069,hold,,,0.0,,,0,0.0,96.266052,57449,0.2107,hold,,,0.0,,,0,0.0
2015-04-07,26216359,252,False,False,,172.423294,46037,0.3028,hold,,,0.0,,,0,0.0,2.056257,3548588,0.2783,hold,,,0.0,,,0,0.0,116.110001,46548,0.2062,hold,,,0.0,,,0,0.0,97.073204,57449,0.2127,hold,,,0.0,,,0,0.0
2015-04-08,26388711,252,False,False,,173.0056,46037,0.3018,hold,,,0.0,,,0,0.0,2.105187,3548588,0.2831,hold,,,0.0,,,0,0.0,115.470001,46548,0.2037,hold,,,0.0,,,0,0.0,97.102844,57449,0.2114,hold,,,0.0,,,0,0.0
2015-04-09,26453430,252,False,False,,173.770859,46037,0.3024,hold,,,0.0,,,0,0.0,2.144371,3548588,0.2877,hold,,,0.0,,,0,0.0,114.669998,46548,0.2018,hold,,,0.0,,,0,0.0,95.843971,57449,0.2081,hold,,,0.0,,,0,0.0
2015-04-10,26656736,252,False,False,,174.719147,46037,0.3017,hold,,,0.0,,,0,0.0,2.17003,3548588,0.2889,hold,,,0.0,,,0,0.0,115.970001,46548,0.2025,hold,,,0.0,,,0,0.0,95.984695,57449,0.2069,hold,,,0.0,,,0,0.0
2015-04-13,26532205,252,False,False,,173.928909,46037,0.3018,hold,,,0.0,,,0,0.0,2.153919,3548588,0.2881,hold,,,0.0,,,0,0.0,115.139999,46548,0.202,hold,,,0.0,,,0,0.0,96.11795,57449,0.2081,hold,,,0.0,,,0,0.0
2015-04-14,26488438,252,False,False,,174.261688,46037,0.3029,hold,,,0.0,,,0,0.0,2.13542,3548588,0.2861,hold,,,0.0,,,0,0.0,114.440002,46548,0.2011,hold,,,0.0,,,0,0.0,96.799263,57449,0.2099,hold,,,0.0,,,0,0.0
2015-04-15,26699944,252,False,False,,175.043564,46037,0.3018,hold,,,0.0,,,0,0.0,2.173212,3548588,0.2888,hold,,,0.0,,,0,0.0,115.43,46548,0.2012,hold,,,0.0,,,0,0.0,96.717804,57449,0.2081,hold,,,0.0,,,0,0.0
2015-04-16,26624551,252,False,False,,174.993683,46037,0.3026,hold,,,0.0,,,0,0.0,2.165653,3548588,0.2886,hold,,,0.0,,,0,0.0,115.029999,46548,0.2011,hold,,,0.0,,,0,0.0,96.236458,57449,0.2077,hold,,,0.0,,,0,0.0
2015-04-17,26262532,252,False,False,,172.980637,46037,0.3032,hold,,,0.0,,,0,0.0,2.064412,3548588,0.2789,hold,,,0.0,,,0,0.0,115.599998,46548,0.2049,hold,,,0.0,,,0,0.0,97.339798,57449,0.2129,hold,,,0.0,,,0,0.0
2015-04-20,26572485,252,False,False,,174.561157,46037,0.3024,hold,,,0.0,,,0,0.0,2.156702,3548588,0.288,hold,,,0.0,,,0,0.0,114.720001,46548,0.201,hold,,,0.0,,,0,0.0,96.480827,57449,0.2086,hold,,,0.0,,,0,0.0
2015-04-21,26666643,252,False,False,,174.353165,46037,0.301,hold,,,0.0,,,0,0.0,2.18435,3548588,0.2907,hold,,,0.0,,,0,0.0,115.379997,46548,0.2014,hold,,,0.0,,,0,0.0,96.04393,57449,0.2069,hold,,,0.0,,,0,0.0
2015-04-22,26675343,252,False,False,,175.209946,46037,0.3024,hold,,,0.0,,,0,0.0,2.219755,3548588,0.2953,hold,,,0.0,,,0,0.0,113.830002,46548,0.1986,hold,,,0.0,,,0,0.0,94.577721,57449,0.2037,hold,,,0.0,,,0,0.0
2015-04-23,26852254,252,False,False,,175.650848,46037,0.3011,hold,,,0.0,,,0,0.0,2.246408,3548588,0.2969,hold,,,0.0,,,0,0.0,114.660004,46548,0.1988,hold,,,0.0,,,0,0.0,94.985001,57449,0.2032,hold,,,0.0,,,0,0.0
2015-04-24,27142085,252,False,False,,176.058426,46037,0.2986,hold,,,0.0,,,0,0.0,2.334323,3548588,0.3052,hold,,,0.0,,,0,0.0,113.050003,46548,0.1939,hold,,,0.0,,,0,0.0,95.577454,57449,0.2023,hold,,,0.0,,,0,0.0
2015-04-27,27161578,252,False,False,,175.326431,46037,0.2972,hold,,,0.0,,,0,0.0,2.319405,3548588,0.303,hold,,,0.0,,,0,0.0,115.330002,46548,0.1976,hold,,,0.0,,,0,0.0,95.577454,57449,0.2022,hold,,,0.0,,,0,0.0
2015-04-28,27104416,252,False,False,,175.883743,46037,0.2987,hold,,,0.0,,,0,0.0,2.304289,3548588,0.3017,hold,,,0.0,,,0,0.0,116.330002,46548,0.1998,hold,,,0.0,,,0,0.0,94.2593,57449,0.1998,hold,,,0.0,,,0,0.0
2015-04-29,26810578,252,False,False,,175.160034,46037,0.3008,hold,,,0.0,,,0,0.0,2.260331,3548588,0.2992,hold,,,0.0,,,0,0.0,115.510002,46548,0.2005,hold,,,0.0,,,0,0.0,93.104141,57449,0.1995,hold,,,0.0,,,0,0.0
2015-04-30,26267263,252,False,False,,173.404877,46037,0.3039,hold,,,0.0,,,0,0.0,2.154117,3548588,0.291,hold,,,0.0,,,0,0.0,113.470001,46548,0.2011,hold,,,0.0,,,0,0.0,93.266983,57449,0.204,hold,,,0.0,,,0,0.0
2015-05-01,26572680,252,True,False,,175.28479,46037,0.3037,hold,,,0.0,,,0,0.0,2.241236,3548588,0.2993,hold,,,0.0,,,0,0.0,113.080002,46548,0.1981,hold,,,0.0,,,0,0.0,92.011528,57449,0.1989,hold,,,0.0,,,0,0.0
2015-05-04,26621495,252,False,False,,175.783966,46037,0.304,hold,,,0.0,,,0,0.0,2.249192,3548588,0.2998,hold,,,0.0,,,0,0.0,114.099998,46548,0.1995,hold,,,0.0,,,0,0.0,91.143349,57449,0.1967,hold,,,0.0,,,0,0.0
2015-05-05,26158149,252,False,False,,173.770859,46037,0.3058,hold,,,0.0,,,0,0.0,2.142581,3548588,0.2907,hold,,,0.0,,,0,0.0,114.419998,46548,0.2036,hold,,,0.0,,,0,0.0,91.01722,57449,0.1999,hold,,,0.0,,,0,0.0
2015-05-06,25870562,252,False,False,,173.055557,46037,0.308,hold,,,0.0,,,0,0.0,2.096833,3548588,0.2876,hold,,,0.0,,,0,0.0,114.360001,46548,0.2058,hold,,,0.0,,,0,0.0,89.458923,57449,0.1987,hold,,,0.0,,,0,0.0
2015-05-07,26055401,252,False,False,,173.745911,46037,0.307,hold,,,0.0,,,0,0.0,2.132834,3548588,0.2905,hold,,,0.0,,,0,0.0,113.419998,46548,0.2026,hold,,,0.0,,,0,0.0,90.661018,57449,0.1999,hold,,,0.0,,,0,0.0
2015-05-08,26477774,252,False,False,,176.033508,46037,0.3061,hold,,,0.0,,,0,0.0,2.211003,3548588,0.2963,hold,,,0.0,,,0,0.0,113.970001,46548,0.2004,hold,,,0.0,,,0,0.0,90.905891,57449,0.1972,hold,,,0.0,,,0,0.0
2015-05-11,26205471,252,False,False,,175.193344,46037,0.3078,hold,,,0.0,,,0,0.0,2.186737,3548588,0.2961,hold,,,0.0,,,0,0.0,113.529999,46548,0.2017,hold,,,0.0,,,0,0.0,88.694664,57449,0.1944,hold,,,0.0,,,0,0.0
2015-05-12,26139485,252,False,False,,174.669281,46037,0.3076,hold,,,0.0,,,0,0.0,2.158493,3548588,0.293,hold,,,0.0,,,0,0.0,114.5,46548,0.2039,hold,,,0.0,,,0,0.0,88.92469,57449,0.1954,hold,,,0.0,,,0,0.0
2015-05-13,26235041,252,False,False,,174.702499,46037,0.3066,hold,,,0.0,,,0,0.0,2.169632,3548588,0.2935,hold,,,0.0,,,0,0.0,116.550003,46548,0.2068,hold,,,0.0,,,0,0.0,88.212334,57449,0.1932,hold,,,0.0,,,0,0.0
2015-05-14,26702790,252,False,False,,176.524292,46037,0.3043,hold,,,0.0,,,0,0.0,2.265702,3548588,0.3011,hold,,,0.0,,,0,0.0,117.18,46548,0.2043,hold,,,0.0,,,0,0.0,88.449783,57449,0.1903,hold,,,0.0,,,0,0.0
2015-05-15,26829064,252,False,False,,176.715591,46037,0.3032,hold,,,0.0,,,0,0.0,2.265503,3548588,0.2997,hold,,,0.0,,,0,0.0,117.529999,46548,0.2039,hold,,,0.0,,,0,0.0,90.223206,57449,0.1932,hold,,,0.0,,,0,0.0
2015-05-18,26865720,252,False,False,,177.264572,46037,0.3038,hold,,,0.0,,,0,0.0,2.293348,3548588,0.3029,hold,,,0.0,,,0,0.0,117.519997,46548,0.2036,hold,,,0.0,,,0,0.0,88.709473,57449,0.1897,hold,,,0.0,,,0,0.0
2015-05-19,26718693,252,False,False,,177.20636,46037,0.3053,hold,,,0.0,,,0,0.0,2.286785,3548588,0.3037,hold,,,0.0,,,0,0.0,115.889999,46548,0.2019,hold,,,0.0,,,0,0.0,87.922951,57449,0.189,hold,,,0.0,,,0,0.0
2015-05-20,26743733,252,False,False,,177.081604,46037,0.3048,hold,,,0.0,,,0,0.0,2.290565,3548588,0.3039,hold,,,0.0,,,0,0.0,116.080002,46548,0.202,hold,,,0.0,,,0,0.0,88.07135,57449,0.1892,hold,,,0.0,,,0,0.0
2015-05-21,26947836,252,False,False,,177.597321,46037,0.3034,hold,,,0.0,,,0,0.0,2.326566,3548588,0.3064,hold,,,0.0,,,0,0.0,115.690002,46548,0.1998,hold,,,0.0,,,0,0.0,89.303085,57449,0.1904,hold,,,0.0,,,0,0.0
2015-05-22,26903657,252,False,False,,177.173096,46037,0.3032,hold,,,0.0,,,0,0.0,2.3202,3548588,0.306,hold,,,0.0,,,0,0.0,115.599998,46548,0.2,hold,,,0.0,,,0,0.0,89.340179,57449,0.1908,hold,,,0.0,,,0,0.0
2015-05-26,26539962,252,False,False,,175.268204,46037,0.304,hold,,,0.0,,,0,0.0,2.239844,3548588,0.2995,hold,,,0.0,,,0,0.0,113.910004,46548,0.1998,hold,,,0.0,,,0,0.0,90.868782,57449,0.1967,hold,,,0.0,,,0,0.0
2015-05-27,27010112,252,False,False,,176.931854,46037,0.3016,hold,,,0.0,,,0,0.0,2.347649,3548588,0.3084,hold,,,0.0,,,0,0.0,113.889999,46548,0.1963,hold,,,0.0,,,0,0.0,91.076553,57449,0.1937,hold,,,0.0,,,0,0.0
2015-05-28,26932776,252,False,False,,176.732178,46037,0.3021,hold,,,0.0,,,0,0.0,2.330345,3548588,0.307,hold,,,0.0,,,0,0.0,114.019997,46548,0.1971,hold,,,0.0,,,0,0.0,90.853935,57449,0.1938,hold,,,0.0,,,0,0.0
2015-05-29,26757705,252,False,False,,175.634155,46037,0.3022,hold,,,0.0,,,0,0.0,2.290962,3548588,0.3038,hold,,,0.0,,,0,0.0,114.099998,46548,0.1985,hold,,,0.0,,,0,0.0,91.05426,57449,0.1955,hold,,,0.0,,,0,0.0
2015-06-01,26784589,252,True,False,,175.991913,46037,0.3025,hold,,,0.0,,,0,0.0,2.311051,3548588,0.3062,hold,,,0.0,,,0,0.0,114.0,46548,0.1981,hold,,,0.0,,,0,0.0,90.075661,57449,0.1932,hold,,,0.0,,,0,0.0
2015-06-02,26650946,252,False,False,,175.8172,46037,0.3037,hold,,,0.0,,,0,0.0,2.289968,3548588,0.3049,hold,,,0.0,,,0,0.0,114.459999,46548,0.1999,hold,,,0.0,,,0,0.0,88.818954,57449,0.1915,hold,,,0.0,,,0,0.0
2015-06-03,26623482,252,False,False,,176.28302,46037,0.3048,hold,,,0.0,,,0,0.0,2.310056,3548588,0.3079,hold,,,0.0,,,0,0.0,113.639999,46548,0.1987,hold,,,0.0,,,0,0.0,87.391197,57449,0.1886,hold,,,0.0,,,0,0.0
2015-06-04,26404488,252,False,False,,174.794067,46037,0.3048,hold,,,0.0,,,0,0.0,2.259734,3548588,0.3037,hold,,,0.0,,,0,0.0,112.839996,46548,0.1989,hold,,,0.0,,,0,0.0,88.528961,57449,0.1926,hold,,,0.0,,,0,0.0
2015-06-05,26240124,252,False,False,,174.494583,46037,0.3061,hold,,,0.0,,,0,0.0,2.242628,3548588,0.3033,hold,,,0.0,,,0,0.0,112.239998,46548,0.1991,hold,,,0.0,,,0,0.0,87.450684,57449,0.1915,hold,,,0.0,,,0,0.0
2015-06-08,25957023,252,False,False,,173.421539,46037,0.3076,hold,,,0.0,,,0,0.0,2.174007,3548588,0.2972,hold,,,0.0,,,0,0.0,112.57,46548,0.2019,hold,,,0.0,,,0,0.0,87.353996,57449,0.1933,hold,,,0.0,,,0,0.0
2015-06-09,25889660,252,False,False,,173.396515,46037,0.3083,hold,,,0.0,,,0,0.0,2.163266,3548588,0.2965,hold,,,0.0,,,0,0.0,112.82,46548,0.2028,hold,,,0.0,,,0,0.0,86.662376,57449,0.1923,hold,,,0.0,,,0,0.0
2015-06-10,26290730,252,False,False,,175.476166,46037,0.3073,hold,,,0.0,,,0,0.0,2.248994,3548588,0.3036,hold,,,0.0,,,0,0.0,113.779999,46548,0.2014,hold,,,0.0,,,0,0.0,85.903961,57449,0.1877,hold,,,0.0,,,0,0.0
2015-06-11,26440137,252,False,False,,176.041794,46037,0.3065,hold,,,0.0,,,0,0.0,2.261326,3548588,0.3035,hold,,,0.0,,,0,0.0,113.260002,46548,0.1994,hold,,,0.0,,,0,0.0,87.710968,57449,0.1906,hold,,,0.0,,,0,0.0
2015-06-12,26172716,252,False,False,,174.694244,46037,0.3073,hold,,,0.0,,,0,0.0,2.203842,3548588,0.2988,hold,,,0.0,,,0,0.0,113.230003,46548,0.2014,hold,,,0.0,,,0,0.0,87.710968,57449,0.1925,hold,,,0.0,,,0,0.0
2015-06-15,26061649,252,False,False,,173.945602,46037,0.3073,hold,,,0.0,,,0,0.0,2.17341,3548588,0.2959,hold,,,0.0,,,0,0.0,113.730003,46548,0.2031,hold,,,0.0,,,0,0.0,87.852219,57449,0.1937,hold,,,0.0,,,0,0.0
2015-06-16,26243823,252,False,False,,174.89386,46037,0.3068,hold,,,0.0,,,0,0.0,2.206627,3548588,0.2984,hold,,,0.0,,,0,0.0,113.32,46548,0.201,hold,,,0.0,,,0,0.0,88.543793,57449,0.1938,hold,,,0.0,,,0,0.0
2015-06-17,26307858,252,False,False,,175.176712,46037,0.3065,hold,,,0.0,,,0,0.0,2.225126,3548588,0.3001,hold,,,0.0,,,0,0.0,113.849998,46548,0.2014,hold,,,0.0,,,0,0.0,87.859673,57449,0.1919,hold,,,0.0,,,0,0.0
2015-06-18,26769226,252,False,False,,176.998413,46037,0.3044,hold,,,0.0,,,0,0.0,2.319207,3548588,0.3074,hold,,,0.0,,,0,0.0,115.32,46548,0.2005,hold,,,0.0,,,0,0.0,87.428368,57449,0.1876,hold,,,0.0,,,0,0.0
2015-06-19,26662609,252,False,False,,176.212677,46037,0.3043,hold,,,0.0,,,0,0.0,2.283801,3548588,0.304,hold,,,0.0,,,0,0.0,115.120003,46548,0.201,hold,,,0.0,,,0,0.0,88.551216,57449,0.1908,hold,,,0.0,,,0,0.0
2015-06-22,26726987,252,False,False,,177.115433,46037,0.3051,hold,,,0.0,,,0,0.0,2.338898,3548588,0.3105,hold,,,0.0,,,0,0.0,113.639999,46548,0.1979,hold,,,0.0,,,0,0.0,86.744263,57449,0.1865,hold,,,0.0,,,0,0.0
2015-06-23,26688406,252,False,False,,177.240768,46037,0.3057,hold,,,0.0,,,0,0.0,2.344666,3548588,0.3118,hold,,,0.0,,,0,0.0,112.889999,46548,0.1969,hold,,,0.0,,,0,0.0,86.223656,57449,0.1856,hold,,,0.0,,,0,0.0
2015-06-24,26530151,252,False,False,,175.953522,46037,0.3053,hold,,,0.0,,,0,0.0,2.308665,3548588,0.3088,hold,,,0.0,,,0,0.0,112.589996,46548,0.1975,hold,,,0.0,,,0,0.0,86.967339,57449,0.1883,hold,,,0.0,,,0,0.0
2015-06-25,26427375,252,False,False,,175.418579,46037,0.3056,hold,,,0.0,,,0,0.0,2.293547,3548588,0.308,hold,,,0.0,,,0,0.0,112.440002,46548,0.198,hold,,,0.0,,,0,0.0,86.662376,57449,0.1884,hold,,,0.0,,,0,0.0
2015-06-26,26224414,252,False,False,,175.385147,46037,0.3079,hold,,,0.0,,,0,0.0,2.250982,3548588,0.3046,hold,,,0.0,,,0,0.0,112.559998,46548,0.1998,hold,,,0.0,,,0,0.0,85.688271,57449,0.1877,hold,,,0.0,,,0,0.0
2015-06-29,25644479,252,False,False,,171.707245,46037,0.3082,hold,,,0.0,,,0,0.0,2.091861,3548588,0.2895,hold,,,0.0,,,0,0.0,113.07,46548,0.2052,hold,,,0.0,,,0,0.0,87.95636,57449,0.197,hold,,,0.0,,,0,0.0
2015-06-30,25678112,252,False,False,,172.066742,46037,0.3085,hold,,,0.0,,,0,0.0,2.115729,3548588,0.2924,hold,,,0.0,,,0,0.0,112.370003,46548,0.2037,hold,,,0.0,,,0,0.0,87.346581,57449,0.1954,hold,,,0.0,,,0,0.0
2015-07-01,25809584,252,True,False,,173.445938,46037,0.3094,hold,,,0.0,,,0,0.0,2.159089,3548588,0.2969,hold,,,0.0,,,0,0.0,111.980003,46548,0.202,hold,,,0.0,,,0,0.0,86.167534,57449,0.1918,hold,,,0.0,,,0,0.0
2015-07-02,25837243,252,False,False,,173.287079,46037,0.3088,hold,,,0.0,,,0,0.0,2.167245,3548588,0.2977,hold,,,0.0,,,0,0.0,111.760002,46548,0.2013,hold,,,0.0,,,0,0.0,86.450752,57449,0.1922,hold,,,0.0,,,0,0.0
2015-07-06,25855616,252,False,False,,172.793915,46037,0.3077,hold,,,0.0,,,0,0.0,2.148945,3548588,0.2949,hold,,,0.0,,,0,0.0,112.059998,46548,0.2017,hold,,,0.0,,,0,0.0,88.053078,57449,0.1956,hold,,,0.0,,,0,0.0
2015-07-07,25931474,252,False,False,,173.880524,46037,0.3087,hold,,,0.0,,,0,0.0,2.159885,3548588,0.2956,hold,,,0.0,,,0,0.0,110.760002,46548,0.1988,hold,,,0.0,,,0,0.0,88.880318,57449,0.1969,hold,,,0.0,,,0,0.0
2015-07-08,25472666,252,False,False,,170.963333,46037,0.309,hold,,,0.0,,,0,0.0,2.051682,3548588,0.2858,hold,,,0.0,,,0,0.0,111.089996,46548,0.203,hold,,,0.0,,,0,0.0,89.647919,57449,0.2022,hold,,,0.0,,,0,0.0
2015-07-09,25376826,252,False,False,,171.272614,46037,0.3107,hold,,,0.0,,,0,0.0,2.045714,3548588,0.2861,hold,,,0.0,,,0,0.0,111.360001,46548,0.2043,hold,,,0.0,,,0,0.0,87.881691,57449,0.1989,hold,,,0.0,,,0,0.0
2015-07-10,25739476,252,False,False,,173.429169,46037,0.3102,hold,,,0.0,,,0,0.0,2.14079,3548588,0.2951,hold,,,0.0,,,0,0.0,111.489998,46548,0.2016,hold,,,0.0,,,0,0.0,86.487968,57449,0.193,hold,,,0.0,,,0,0.0
2015-07-13,26177118,252,False,False,,175.343338,46037,0.3084,hold,,,0.0,,,0,0.0,2.250187,3548588,0.305,hold,,,0.0,,,0,0.0,110.989998,46548,0.1974,hold,,,0.0,,,0,0.0,86.219696,57449,0.1892,hold,,,0.0,,,0,0.0
2015-07-14,26376991,252,False,False,,176.103973,46037,0.3074,hold,,,0.0,,,0,0.0,2.295338,3548588,0.3088,hold,,,0.0,,,0,0.0,110.739998,46548,0.1954,hold,,,0.0,,,0,0.0,86.502914,57449,0.1884,hold,,,0.0,,,0,0.0
2015-07-15,26438783,252,False,False,,176.045502,46037,0.3065,hold,,,0.0,,,0,0.0,2.306277,3548588,0.3095,hold,,,0.0,,,0,0.0,110.160004,46548,0.1939,hold,,,0.0,,,0,0.0,87.419601,57449,0.19,hold,,,0.0,,,0,0.0
2015-07-16,26839619,252,False,False,,177.45813,46037,0.3044,hold,,,0.0,,,0,0.0,2.396381,3548588,0.3168,hold,,,0.0,,,0,0.0,109.760002,46548,0.1904,hold,,,0.0,,,0,0.0,88.023285,57449,0.1884,hold,,,0.0,,,0,0.0
2015-07-17,27209903,252,False,False,,177.608597,46037,0.3005,hold,,,0.0,,,0,0.0,2.505976,3548588,0.3268,hold,,,0.0,,,0,0.0,108.650002,46548,0.1859,hold,,,0.0,,,0,0.0,88.477898,57449,0.1868,hold,,,0.0,,,0,0.0
2015-07-20,27154930,252,False,False,,177.700562,46037,0.3013,hold,,,0.0,,,0,0.0,2.534021,3548588,0.3311,hold,,,0.0,,,0,0.0,105.699997,46548,0.1812,hold,,,0.0,,,0,0.0,88.105225,57449,0.1864,hold,,,0.0,,,0,0.0
2015-07-21,27109945,252,False,False,,176.998428,46037,0.3006,hold,,,0.0,,,0,0.0,2.52706,3548588,0.3308,hold,,,0.0,,,0,0.0,105.370003,46548,0.1809,hold,,,0.0,,,0,0.0,88.582199,57449,0.1877,hold,,,0.0,,,0,0.0
2015-07-22,26806146,252,False,False,,176.680771,46037,0.3034,hold,,,0.0,,,0,0.0,2.444118,3548588,0.3236,hold,,,0.0,,,0,0.0,104.800003,46548,0.182,hold,,,0.0,,,0,0.0,89.13372,57449,0.191,hold,,,0.0,,,0,0.0
2015-07-23,26698508,252,False,False,,175.68602,46037,0.3029,hold,,,0.0,,,0,0.0,2.414879,3548588,0.321,hold,,,0.0,,,0,0.0,104.330002,46548,0.1819,hold,,,0.0,,,0,0.0,90.244133,57449,0.1942,hold,,,0.0,,,0,0.0
2015-07-24,26431435,252,False,False,,173.863846,46037,0.3028,hold,,,0.0,,,0,0.0,2.346257,3548588,0.315,hold,,,0.0,,,0,0.0,105.349998,46548,0.1855,hold,,,0.0,,,0,0.0,90.467751,57449,0.1966,hold,,,0.0,,,0,0.0
2015-07-27,26176029,252,False,False,,172.852386,46037,0.304,hold,,,0.0,,,0,0.0,2.28599,3548588,0.3099,hold,,,0.0,,,0,0.0,104.860001,46548,0.1865,hold,,,0.0,,,0,0.0,90.952179,57449,0.1996,hold,,,0.0,,,0,0.0
2015-07-28,26456976,252,False,False,,174.975571,46037,0.3045,hold,,,0.0,,,0,0.0,2.346257,3548588,0.3147,hold,,,0.0,,,0,0.0,105.019997,46548,0.1848,hold,,,0.0,,,0,0.0,90.288834,57449,0.1961,hold,,,0.0,,,0,0.0
2015-07-29,26593275,252,False,False,,176.179276,46037,0.305,hold,,,0.0,,,0,0.0,2.372512,3548588,0.3166,hold,,,0.0,,,0,0.0,105.169998,46548,0.1841,hold,,,0.0,,,0,0.0,89.953468,57449,0.1943,hold,,,0.0,,,0,0.0
2015-07-30,26710291,252,False,False,,176.221069,46037,0.3037,hold,,,0.0,,,0,0.0,2.405529,3548588,0.3196,hold,,,0.0,,,0,0.0,104.269997,46548,0.1817,hold,,,0.0,,,0,0.0,90.646629,57449,0.195,hold,,,0.0,,,0,0.0
2015-07-31,26741115,252,False,False,,175.953522,46037,0.3029,hold,,,0.0,,,0,0.0,2.398171,3548588,0.3182,hold,,,0.0,,,0,0.0,104.93,46548,0.1827,hold,,,0.0,,,0,0.0,91.317299,57449,0.1962,hold,,,0.0,,,0,0.0
2015-08-03,26652033,252,True,False,,175.360062,46037,0.3029,hold,,,0.0,,,0,0.0,2.376092,3548588,0.3164,hold,,,0.0,,,0,0.0,104.099998,46548,0.1818,hold,,,0.0,,,0,0.0,92.278564,57449,0.1989,hold,,,0.0,,,0,0.0
2015-08-04,26549635,252,False,False,,175.017365,46037,0.3035,hold,,,0.0,,,0,0.0,2.360776,3548588,0.3155,hold,,,0.0,,,0,0.0,104.309998,46548,0.1829,hold,,,0.0,,,0,0.0,91.546684,57449,0.1981,hold,,,0.0,,,0,0.0
2015-08-05,26715245,252,False,False,,175.594131,46037,0.3026,hold,,,0.0,,,0,0.0,2.416072,3548588,0.3209,hold,,,0.0,,,0,0.0,103.93,46548,0.1811,hold,,,0.0,,,0,0.0,90.859512,57449,0.1954,hold,,,0.0,,,0,0.0
2015-08-06,26305314,252,False,False,,174.156403,46037,0.3048,hold,,,0.0,,,0,0.0,2.300112,3548588,0.3103,hold,,,0.0,,,0,0.0,104.389999,46548,0.1847,hold,,,0.0,,,0,0.0,91.666138,57449,0.2002,hold,,,0.0,,,0,0.0
2015-08-07,26338636,252,False,False,,173.822052,46037,0.3038,hold,,,0.0,,,0,0.0,2.290962,3548588,0.3087,hold,,,0.0,,,0,0.0,104.650002,46548,0.1849,hold,,,0.0,,,0,0.0,92.868622,57449,0.2026,hold,,,0.0,,,0,0.0
2015-08-10,26697750,252,False,False,,176.012024,46037,0.3035,hold,,,0.0,,,0,0.0,2.368335,3548588,0.3148,hold,,,0.0,,,0,0.0,105.720001,46548,0.1843,hold,,,0.0,,,0,0.0,91.718437,57449,0.1974,hold,,,0.0,,,0,0.0
2015-08-11,26413002,252,False,False,,174.423859,46037,0.304,hold,,,0.0,,,0,0.0,2.278034,3548588,0.3061,hold,,,0.0,,,0,0.0,106.260002,46548,0.1873,hold,,,0.0,,,0,0.0,93.174873,57449,0.2027,hold,,,0.0,,,0,0.0
2015-08-12,26534087,252,False,False,,174.632858,46037,0.303,hold,,,0.0,,,0,0.0,2.298122,3548588,0.3073,hold,,,0.0,,,0,0.0,107.75,46548,0.189,hold,,,0.0,,,0,0.0,92.667,57449,0.2006,hold,,,0.0,,,0,0.0
2015-08-13,26428791,252,False,False,,174.415543,46037,0.3038,hold,,,0.0,,,0,0.0,2.28778,3548588,0.3072,hold,,,0.0,,,0,0.0,106.860001,46548,0.1882,hold,,,0.0,,,0,0.0,92.368225,57449,0.2008,hold,,,0.0,,,0,0.0
2015-08-14,26513775,252,False,False,,175.050827,46037,0.3039,hold,,,0.0,,,0,0.0,2.300112,3548588,0.3078,hold,,,0.0,,,0,0.0,106.849998,46548,0.1876,hold,,,0.0,,,0,0.0,92.584801,57449,0.2006,hold,,,0.0,,,0,0.0
2015-08-17,26796310,252,False,False,,176.028793,46037,0.3024,hold,,,0.0,,,0,0.0,2.356599,3548588,0.3121,hold,,,0.0,,,0,0.0,107.129997,46548,0.1861,hold,,,0.0,,,0,0.0,93.003075,57449,0.1994,hold,,,0.0,,,0,0.0
2015-08-18,26596454,252,False,False,,175.518845,46037,0.3038,hold,,,0.0,,,0,0.0,2.319007,3548588,0.3094,hold,,,0.0,,,0,0.0,107.110001,46548,0.1875,hold,,,0.0,,,0,0.0,92.271126,57449,0.1993,hold,,,0.0,,,0,0.0
2015-08-19,26497377,252,False,False,,174.131317,46037,0.3025,hold,,,0.0,,,0,0.0,2.275447,3548588,0.3047,hold,,,0.0,,,0,0.0,108.550003,46548,0.1907,hold,,,0.0,,,0,0.0,93.182327,57449,0.202,hold,,,0.0,,,0,0.0
2015-08-20,25807137,252,False,False,,170.4953,46037,0.3041,hold,,,0.0,,,0,0.0,2.08808,3548588,0.2871,hold,,,0.0,,,0,0.0,110.440002,46548,0.1992,hold,,,0.0,,,0,0.0,94.123405,57449,0.2095,hold,,,0.0,,,0,0.0
2015-08-21,24697479,252,False,False,,165.362915,46037,0.3082,hold,,,0.0,,,0,0.0,1.828314,3548588,0.2627,hold,,,0.0,,,0,0.0,111.129997,46548,0.2094,hold,,,0.0,,,0,0.0,94.407249,57449,0.2196,hold,,,0.0,,,0,0.0
2015-08-24,23578641,252,False,False,,158.40004,46037,0.3093,sell,EXIT_ALL,signal sell,-7292263.0,,,0,0.0,1.611709,3548588,0.2426,sell,EXIT_ALL,signal sell,-5719291.0,,,0,0.0,110.529999,46548,0.2182,hold,,,0.0,,,0,0.0,94.377357,57449,0.2299,hold,,,0.0,,,0,0.0
2015-08-25,24212283,13796321,False,False,,156.53598,0,0.0,hold,,,0.0,EXIT_ALL,sell,46037,162.866713,1.590427,0,0.0,hold,,,0.0,EXIT_ALL,sell,3548588,1.774839,109.160004,46548,0.2099,hold,,,0.0,,,0,0.0,92.861176,57449,0.2203,hold,,,0.0,,,0,0.0
2015-08-26,24039945,13796321,False,False,,162.546005,0,0.0,hold,,,0.0,,,0,0.0,1.81996,0,0.0,hold,,,0.0,,,0,0.0,107.669998,46548,0.2085,hold,,,0.0,,,0,0.0,91.068619,57449,0.2176,hold,,,0.0,,,0,0.0
2015-08-27,24045747,13796321,False,False,,166.566559,0,0.0,hold,,,0.0,,,0,0.0,1.962176,0,0.0,hold,,,0.0,,,0,0.0,107.730003,46548,0.2085,hold,,,0.0,,,0,0.0,91.120979,57449,0.2177,hold,,,0.0,,,0,0.0
2015-08-28,24106342,13796321,False,False,,166.574951,0,0.0,hold,,,0.0,,,0,0.0,1.960585,0,0.0,hold,,,0.0,,,0,0.0,108.699997,46548,0.2099,hold,,,0.0,,,0,0.0,91.389809,57449,0.2178,hold,,,0.0,,,0,0.0
2015-08-31,24071593,13796321,False,False,,165.229156,0,0.0,hold,,,0.0,,,0,0.0,1.887786,0,0.0,hold,,,0.0,,,0,0.0,108.82,46548,0.2104,hold,,,0.0,,,0,0.0,90.687721,57449,0.2164,hold,,,0.0,,,0,0.0
2015-09-01,24126821,13796321,True,False,,160.297485,0,0.0,hold,,,0.0,,,0,0.0,1.716531,0,0.0,hold,,,0.0,,,0,0.0,109.199997,46548,0.2107,hold,,,0.0,,,0,0.0,91.341164,57449,0.2175,hold,,,0.0,,,0,0.0
2015-09-02,24054673,13796321,False,False,,163.340057,0,0.0,hold,,,0.0,,,0,0.0,1.856161,0,0.0,hold,,,0.0,,,0,0.0,108.620003,46548,0.2102,hold,,,0.0,,,0,0.0,90.555237,57449,0.2163,hold,,,0.0,,,0,0.0
2015-09-03,24043736,13796321,False,False,,163.457047,0,0.0,hold,,,0.0,,,0,0.0,1.825529,0,0.0,hold,,,0.0,,,0,0.0,107.839996,46548,0.2088,hold,,,0.0,,,0,0.0,90.996857,57449,0.2174,hold,,,0.0,,,0,0.0
2015-09-04,24075176,13796321,False,False,,160.98288,0,0.0,hold,,,0.0,,,0,0.0,1.764467,0,0.0,hold,,,0.0,,,0,0.0,107.489998,46548,0.2078,hold,,,0.0,,,0,0.0,91.827713,57449,0.2191,hold,,,0.0,,,0,0.0
2015-09-08,23998740,13796321,False,False,,165.028534,0,0.0,hold,,,0.0,,,0,0.0,1.91424,0,0.0,hold,,,0.0,,,0,0.0,107.519997,46548,0.2085,hold,,,0.0,,,0,0.0,90.472908,57449,0.2166,hold,,,0.0,,,0,0.0
2015-09-09,23958979,13796321,False,False,,162.821808,0,0.0,hold,,,0.0,,,0,0.0,1.847607,0,0.0,hold,,,0.0,,,0,0.0,106.129997,46548,0.2062,hold,,,0.0,,,0,0.0,90.907043,57449,0.218,hold,,,0.0,,,0,0.0
2015-09-10,23935354,13796321,False,False,,163.707825,0,0.0,hold,,,0.0,,,0,0.0,1.906682,0,0.0,hold,,,0.0,,,0,0.0,106.379997,46548,0.2069,hold,,,0.0,,,0,0.0,90.293243,57449,0.2167,hold,,,0.0,,,0,0.0
2015-09-11,23957794,13796321,False,False,,164.451736,0,0.0,hold,,,0.0,,,0,0.0,1.937512,0,0.0,hold,,,0.0,,,0,0.0,106.160004,46548,0.2063,hold,,,0.0,,,0,0.0,90.862106,57449,0.2179,hold,,,0.0,,,0,0.0
2015-09-14,23968757,13796321,False,False,,163.841583,0,0.0,hold,,,0.0,,,0,0.0,1.920207,0,0.0,hold,,,0.0,,,0,0.0,106.220001,46548,0.2063,hold,,,0.0,,,0,0.0,91.004326,57449,0.2181,hold,,,0.0,,,0,0.0
2015-09-15,23853669,13796321,False,False,,165.889526,0,0.0,hold,,,0.0,,,0,0.0,1.987237,0,0.0,hold,,,0.0,,,0,0.0,105.900002,46548,0.2067,hold,,,0.0,,,0,0.0,89.260292,57449,0.215,hold,,,0.0,,,0,0.0
2015-09-16,23899952,13796321,False,False,,167.32724,0,0.0,hold,,,0.0,,,0,0.0,2.020454,0,0.0,hold,,,0.0,,,0,0.0,107.309998,46548,0.209,hold,,,0.0,,,0,0.0,88.923485,57449,0.2137,hold,,,0.0,,,0,0.0
2015-09-17,24013507,13796321,False,False,,166.951111,0,0.0,hold,,,0.0,,,0,0.0,2.026024,0,0.0,hold,,,0.0,,,0,0.0,108.410004,46548,0.2101,hold,,,0.0,,,0,0.0,90.00882,57449,0.2153,hold,,,0.0,,,0,0.0
2015-09-18,24130298,13796321,False,False,,164.22287,0,0.0,hold,,,0.0,,,0,0.0,1.940297,0,0.0,hold,,,0.0,,,0,0.0,109.209999,46548,0.2107,hold,,,0.0,,,0,0.0,91.393585,57449,0.2176,hold,,,0.0,,,0,0.0
2015-09-21,24013072,13796321,False,False,,165.071487,0,0.0,hold,,,0.0,,,0,0.0,1.956805,0,0.0,hold,,,0.0,,,0,0.0,108.529999,46548,0.2104,hold,,,0.0,,,0,0.0,89.90403,57449,0.2151,hold,,,0.0,,,0,0.0
2015-09-22,24050438,13796321,False,False,,162.928925,0,0.0,hold,,,0.0,,,0,0.0,1.870482,0,0.0,hold,,,0.0,,,0,0.0,107.790001,46548,0.2086,hold,,,0.0,,,0,0.0,91.15403,57449,0.2177,hold,,,0.0,,,0,0.0
2015-09-23,24070025,13796321,False,False,,162.668457,0,0.0,hold,,,0.0,,,0,0.0,1.873465,0,0.0,hold,,,0.0,,,0,0.0,108.220001,46548,0.2093,hold,,,0.0,,,0,0.0,91.146568,57449,0.2175,hold,,,0.0,,,0,0.0
2015-09-24,24211379,13796321,False,False,,162.0802,0,0.0,hold,,,0.0,,,0,0.0,1.851784,0,0.0,hold,,,0.0,,,0,0.0,110.489998,46548,0.2124,hold,,,0.0,,,0,0.0,91.767815,57449,0.2177,hold,,,0.0,,,0,0.0
2015-09-25,24134145,13796321,False,False,,162.038269,0,0.0,hold,,,0.0,,,0,0.0,1.806833,0,0.0,hold,,,0.0,,,0,0.0,109.809998,46548,0.2118,hold,,,0.0,,,0,0.0,90.974396,57449,0.2166,hold,,,0.0,,,0,0.0
2015-09-28,24158887,13796321,False,False,,157.971573,0,0.0,hold,,,0.0,,,0,0.0,1.651092,0,0.0,hold,,,0.0,,,0,0.0,108.419998,46548,0.2089,hold,,,0.0,,,0,0.0,92.531311,57449,0.22,hold,,,0.0,,,0,0.0
2015-09-29,24153456,13796321,False,False,,158.06398,0,0.0,hold,,,0.0,,,0,0.0,1.626627,0,0.0,hold,,,0.0,,,0,0.0,107.980003,46548,0.2081,hold,,,0.0,,,0,0.0,92.793282,57449,0.2207,hold,,,0.0,,,0,0.0
2015-09-30,24082830,13796321,False,False,,161.013168,0,0.0,hold,,,0.0,,,0,0.0,1.734233,0,0.0,hold,,,0.0,,,0,0.0,106.860001,46548,0.2065,hold,,,0.0,,,0,0.0,92.471397,57449,0.2206,hold,,,0.0,,,0,0.0
2015-10-01,24099447,13796321,True,False,,161.433304,0,0.0,hold,,,0.0,,,0,0.0,1.758499,0,0.0,hold,,,0.0,,,0,0.0,106.730003,46548,0.2061,hold,REDUCE_TO_TARGET,rebalance 2015-10-01,-148179.0,,,0,0.0,92.865974,57449,0.2214,hold,REDUCE_TO_TARGET,rebalance 2015-10-01,-515168.0,,,0,0.0
2015-10-02,24238588,14459610,False,True,monthly,163.844711,0,0.0,hold,,,0.0,,,0,0.0,1.849796,0,0.0,hold,,,0.0,,,0,0.0,108.989998,45179,0.2031,hold,,,0.0,REDUCE_TO_TARGET,sell,1369,108.214381,93.428513,51964,0.2003,hold,,,0.0,REDUCE_TO_TARGET,sell,5485,93.918479
2015-10-05,24162778,14459610,False,False,,166.76033,0,0.0,hold,,,0.0,,,0,0.0,1.93413,0,0.0,hold,,,0.0,,,0,0.0,108.769997,45179,0.2034,hold,,,0.0,,,0,0.0,92.160896,51964,0.1982,hold,,,0.0,,,0,0.0
2015-10-06,24232680,14459610,False,False,,166.189026,0,0.0,hold,,,0.0,,,0,0.0,1.906483,0,0.0,hold,,,0.0,,,0,0.0,109.860001,45179,0.2048,hold,,,0.0,,,0,0.0,92.558418,51964,0.1985,hold,,,0.0,,,0,0.0
2015-10-07,24209469,14459610,False,False,,167.55014,0,0.0,hold,,,0.0,,,0,0.0,1.937114,0,0.0,hold,,,0.0,,,0,0.0,109.699997,45179,0.2047,hold,,,0.0,,,0,0.0,92.250854,51964,0.198,hold,,,0.0,,,0,0.0
2015-10-08,24144026,14459610,False,False,,169.062546,0,0.0,hold,,,0.0,,,0,0.0,1.960783,0,0.0,hold,,,0.0,,,0,0.0,109.139999,45179,0.2042,hold,,,0.0,,,0,0.0,91.47834,51964,0.1969,hold,,,0.0,,,0,0.0
2015-10-09,24234658,14459610,False,False,,169.163437,0,0.0,hold,,,0.0,,,0,0.0,1.984651,0,0.0,hold,,,0.0,,,0,0.0,110.870003,45179,0.2067,hold,,,0.0,,,0,0.0,91.718353,51964,0.1967,hold,,,0.0,,,0,0.0
2015-10-12,24290783,14459610,False,False,,169.323074,0,0.0,hold,,,0.0,,,0,0.0,2.00136,0,0.0,hold,,,0.0,,,0,0.0,111.309998,45179,0.207,hold,,,0.0,,,0,0.0,92.415886,51964,0.1977,hold,,,0.0,,,0,0.0
2015-10-13,24323820,14459610,False,False,,168.255966,0,0.0,hold,,,0.0,,,0,0.0,1.962176,0,0.0,hold,,,0.0,,,0,0.0,111.860001,45179,0.2078,hold,,,0.0,,,0,0.0,92.573463,51964,0.1978,hold,,,0.0,,,0,0.0
2015-10-14,24454011,14459610,False,False,,167.449356,0,0.0,hold,,,0.0,,,0,0.0,1.953822,0,0.0,hold,,,0.0,,,0,0.0,113.809998,45179,0.2103,hold,,,0.0,,,0,0.0,93.383484,51964,0.1984,hold,,,0.0,,,0,0.0
2015-10-15,24406745,14459610,False,False,,170.020447,0,0.0,hold,,,0.0,,,0,0.0,2.049295,0,0.0,hold,,,0.0,,,0,0.0,113.290001,45179,0.2097,hold,,,0.0,,,0,0.0,92.925995,51964,0.1978,hold,,,0.0,,,0,0.0
2015-10-16,24372158,14459610,False,False,,170.793457,0,0.0,hold,,,0.0,,,0,0.0,2.074755,0,0.0,hold,,,0.0,,,0,0.0,112.489998,45179,0.2085,hold,,,0.0,,,0,0.0,92.955948,51964,0.1982,hold,,,0.0,,,0,0.0
2015-10-19,24337674,14459610,False,False,,170.877502,0,0.0,hold,,,0.0,,,0,0.0,2.111949,0,0.0,hold,,,0.0,,,0,0.0,112.019997,45179,0.2079,hold,,,0.0,,,0,0.0,92.700974,51964,0.1979,hold,,,0.0,,,0,0.0
2015-10-20,24340128,14459610,False,False,,170.659042,0,0.0,hold,,,0.0,,,0,0.0,2.076943,0,0.0,hold,,,0.0,,,0,0.0,112.730003,45179,0.2092,hold,,,0.0,,,0,0.0,92.130882,51964,0.1967,hold,,,0.0,,,0,0.0
2015-10-21,24342502,14459610,False,False,,169.600281,0,0.0,hold,,,0.0,,,0,0.0,2.043527,0,0.0,hold,,,0.0,,,0,0.0,111.730003,45179,0.2074,hold,,,0.0,,,0,0.0,93.046005,51964,0.1986,hold,,,0.0,,,0,0.0
2015-10-22,24348878,14459610,False,False,,172.46553,0,0.0,hold,,,0.0,,,0,0.0,2.164659,0,0.0,hold,,,0.0,,,0,0.0,111.690002,45179,0.2072,hold,,,0.0,,,0,0.0,93.203491,51964,0.1989,hold,,,0.0,,,0,0.0
2015-10-23,24298979,14459610,False,False,,174.356033,0,0.0,hold,,,0.0,,,0,0.0,2.344666,0,0.0,hold,,,0.0,,,0,0.0,111.5,45179,0.2073,hold,,,0.0,,,0,0.0,92.408409,51964,0.1976,hold,,,0.0,,,0,0.0
2015-10-26,24327776,14459610,False,False,,173.927521,0,0.0,hold,,,0.0,,,0,0.0,2.351628,0,0.0,hold,,,0.0,,,0,0.0,111.43,45179,0.2069,hold,,,0.0,,,0,0.0,93.023453,51964,0.1987,hold,,,0.0,,,0,0.0
2015-10-27,24351153,14459610,False,False,,173.591415,0,0.0,hold,,,0.0,,,0,0.0,2.366943,0,0.0,buy,ENTER_TO_TARGET,signal_buy+rebalance,7305346.0,,,0,0.0,111.68,45179,0.2072,hold,REDUCE_TO_TARGET,rebalance 2015-10-27,-175360.0,,,0,0.0,93.255966,51964,0.199,hold,INCREASE_TO_TARGET,rebalance 2015-10-27,24278.0,,,0,0.0
2015-10-28,24406698,7305303,False,True,daily,175.565948,0,0.0,hold,,,0.0,,,0,0.0,2.421841,3063273,0.304,hold,,,0.0,ENTER_TO_TARGET,buy,3063273,2.377684,110.779999,43619,0.198,hold,,,0.0,REDUCE_TO_TARGET,sell,1560,112.34196,92.880951,52223,0.1987,hold,,,0.0,INCREASE_TO_TARGET,buy,259,93.210977
2015-10-29,24255875,7305303,False,False,,175.465118,0,0.0,hold,,,0.0,,,0,0.0,2.41289,3063273,0.3047,hold,,,0.0,,,0,0.0,109.720001,43619,0.1973,hold,,,0.0,,,0,0.0,91.40329,52223,0.1968,hold,,,0.0,,,0,0.0
2015-10-30,24172449,7305303,False,False,,174.708939,0,0.0,hold,,,0.0,,,0,0.0,2.379871,3063273,0.3016,hold,,,0.0,,,0,0.0,109.300003,43619,0.1972,hold,,,0.0,,,0,0.0,92.093407,52223,0.199,hold,,,0.0,,,0,0.0
2015-11-02,24367972,7305303,True,False,,176.775894,0,0.0,buy,ENTER_TO_TARGET,signal_buy+rebalance,7310392.0,,,0,0.0,2.461024,3063273,0.3094,hold,REDUCE_TO_TARGET,rebalance 2015-11-02,-228397.0,,,0,0.0,108.589996,43619,0.1944,hold,INCREASE_TO_TARGET,rebalance 2015-11-02,137007.0,,,0,0.0,91.670212,52223,0.1965,hold,INCREASE_TO_TARGET,rebalance 2015-11-02,86301.0,,,0,0.0
2015-11-03,24337785,251,False,True,monthly,177.288452,41312,0.3009,hold,,,0.0,ENTER_TO_TARGET,buy,41312,176.423017,2.484495,2969613,0.3031,hold,,,0.0,REDUCE_TO_TARGET,sell,93660,2.438569,106.980003,44886,0.1973,hold,,,0.0,INCREASE_TO_TARGET,buy,1267,107.790001,90.918495,53163,0.1986,hold,,,0.0,INCREASE_TO_TARGET,buy,940,91.444691
2015-11-04,24278778,251,False,False,,176.750671,41312,0.3008,hold,,,0.0,,,0,0.0,2.485489,2969613,0.304,hold,,,0.0,,,0,0.0,105.970001,44886,0.1959,hold,,,0.0,,,0,0.0,91.023697,53163,0.1993,hold,,,0.0,,,0,0.0
2015-11-05,24178913,251,False,False,,176.574173,41312,0.3017,hold,,,0.0,,,0,0.0,2.46361,2969613,0.3026,hold,,,0.0,,,0,0.0,105.639999,44886,0.1961,hold,,,0.0,,,0,0.0,90.78315,53163,0.1996,hold,,,0.0,,,0,0.0
2015-11-06,24059456,251,False,False,,176.481781,41312,0.303,hold,,,0.0,,,0,0.0,2.471765,2969613,0.3051,hold,,,0.0,,,0,0.0,104.099998,44886,0.1942,hold,,,0.0,,,0,0.0,89.45266,53163,0.1977,hold,,,0.0,,,0,0.0
2015-11-09,23741850,251,False,False,,174.834976,41312,0.3042,hold,,,0.0,,,0,0.0,2.392204,2969613,0.2992,hold,,,0.0,,,0,0.0,104.400002,44886,0.1974,hold,,,0.0,,,0,0.0,88.949043,53163,0.1992,hold,,,0.0,,,0,0.0
2015-11-10,23712411,251,False,False,,175.238251,41312,0.3053,hold,,,0.0,,,0,0.0,2.375297,2969613,0.2975,hold,,,0.0,,,0,0.0,104.18,44886,0.1972,hold,,,0.0,,,0,0.0,89.212059,53163,0.2,hold,,,0.0,,,0,0.0
2015-11-11,23626944,251,False,False,,174.549301,41312,0.3052,hold,,,0.0,,,0,0.0,2.364755,2969613,0.2972,hold,,,0.0,,,0,0.0,103.830002,44886,0.1973,hold,,,0.0,,,0,0.0,89.024162,53163,0.2003,hold,,,0.0,,,0,0.0
2015-11-12,23346180,251,False,False,,172.11261,41312,0.3046,hold,,,0.0,,,0,0.0,2.296134,2969613,0.2921,hold,,,0.0,,,0,0.0,103.849998,44886,0.1997,hold,,,0.0,,,0,0.0,89.45266,53163,0.2037,hold,,,0.0,,,0,0.0
2015-11-13,22879436,251,False,False,,170.180084,41312,0.3073,hold,,,0.0,,,0,0.0,2.161078,2969613,0.2805,hold,,,0.0,,,0,0.0,103.559998,44886,0.2032,hold,,,0.0,,,0,0.0,89.963799,53163,0.209,hold,,,0.0,,,0,0.0
2015-11-16,23256263,251,False,False,,172.768051,41312,0.3069,hold,,,0.0,,,0,0.0,2.251182,2969613,0.2875,hold,,,0.0,,,0,0.0,103.709999,44886,0.2002,hold,,,0.0,,,0,0.0,89.881157,53163,0.2055,hold,,,0.0,,,0,0.0
2015-11-17,23220588,251,False,False,,172.641983,41312,0.3071,hold,,,0.0,,,0,0.0,2.258939,2969613,0.2889,hold,,,0.0,,,0,0.0,102.339996,44886,0.1978,hold,,,0.0,,,0,0.0,90.031471,53163,0.2061,hold,,,0.0,,,0,0.0
2015-11-18,23732295,251,False,False,,175.381073,41312,0.3053,hold,,,0.0,,,0,0.0,2.388424,2969613,0.2989,hold,,,0.0,,,0,0.0,102.43,44886,0.1937,hold,,,0.0,,,0,0.0,90.219376,53163,0.2021,hold,,,0.0,,,0,0.0
2015-11-19,23819375,251,False,False,,175.229874,41312,0.3039,hold,,,0.0,,,0,0.0,2.392005,2969613,0.2982,hold,,,0.0,,,0,0.0,103.559998,44886,0.1952,hold,,,0.0,,,0,0.0,90.820755,53163,0.2027,hold,,,0.0,,,0,0.0
2015-11-20,23951039,251,False,False,,175.868439,41312,0.3033,hold,,,0.0,,,0,0.0,2.439542,2969613,0.3025,hold,,,0.0,,,0,0.0,103.089996,44886,0.1932,hold,,,0.0,,,0,0.0,90.542633,53163,0.201,hold,,,0.0,,,0,0.0
2015-11-23,23861766,251,False,False,,175.666809,41312,0.3041,hold,,,0.0,,,0,0.0,2.419851,2969613,0.3012,hold,,,0.0,,,0,0.0,102.260002,44886,0.1924,hold,,,0.0,,,0,0.0,90.820755,53163,0.2023,hold,,,0.0,,,0,0.0
2015-11-24,23879163,251,False,False,,175.902054,41312,0.3043,hold,,,0.0,,,0,0.0,2.412293,2969613,0.3,hold,,,0.0,,,0,0.0,102.940002,44886,0.1935,hold,,,0.0,,,0,0.0,90.81324,53163,0.2022,hold,,,0.0,,,0,0.0
2015-11-25,23883713,251,False,False,,175.876877,41312,0.3042,hold,,,0.0,,,0,0.0,2.417663,2969613,0.3006,hold,,,0.0,,,0,0.0,102.459999,44886,0.1926,hold,,,0.0,,,0,0.0,91.023697,53163,0.2026,hold,,,0.0,,,0,0.0
2015-11-27,23858923,251,False,False,,176.078461,41312,0.3049,hold,,,0.0,,,0,0.0,2.426414,2969613,0.302,hold,,,0.0,,,0,0.0,101.25,44886,0.1905,hold,,,0.0,,,0,0.0,90.93354,53163,0.2026,hold,,,0.0,,,0,0.0
2015-11-30,23832503,251,False,False,,175.347519,41312,0.304,hold,,,0.0,,,0,0.0,2.4111,2969613,0.3004,hold,,,0.0,,,0,0.0,101.919998,44886,0.192,hold,,,0.0,,,0,0.0,91.294327,53163,0.2036,hold,,,0.0,,,0,0.0
2015-12-01,24195929,251,True,False,,177.019516,41312,0.3022,hold,,,0.0,,,0,0.0,2.482704,2969613,0.3047,hold,,,0.0,,,0,0.0,102.279999,44886,0.1897,hold,,,0.0,,,0,0.0,92.527451,53163,0.2033,hold,,,0.0,,,0,0.0
2015-12-02,23917455,251,False,False,,175.213058,41312,0.3026,hold,,,0.0,,,0,0.0,2.437553,2969613,0.3026,hold,,,0.0,,,0,0.0,100.690002,44886,0.189,hold,,,0.0,,,0,0.0,92.557632,53163,0.2057,hold,,,0.0,,,0,0.0
2015-12-03,23361203,251,False,False,,172.759613,41312,0.3055,hold,,,0.0,,,0,0.0,2.313239,2969613,0.2941,hold,,,0.0,,,0,0.0,101.760002,44886,0.1955,hold,,,0.0,,,0,0.0,90.041618,53163,0.2049,hold,,,0.0,,,0,0.0
2015-12-04,24115825,251,False,False,,176.128906,41312,0.3017,hold,,,0.0,,,0,0.0,2.472162,2969613,0.3044,hold,,,0.0,,,0,0.0,104.019997,44886,0.1936,hold,,,0.0,,,0,0.0,90.832542,53163,0.2002,hold,,,0.0,,,0,0.0
2015-12-07,23968219,251,False,False,,175.061813,41312,0.3017,hold,,,0.0,,,0,0.0,2.441929,2969613,0.3025,hold,,,0.0,,,0,0.0,102.669998,44886,0.1923,hold,,,0.0,,,0,0.0,91.713875,53163,0.2034,hold,,,0.0,,,0,0.0
2015-12-08,23930251,251,False,False,,173.885498,41312,0.3002,hold,,,0.0,,,0,0.0,2.442129,2969613,0.3031,hold,,,0.0,,,0,0.0,102.839996,44886,0.1929,hold,,,0.0,,,0,0.0,91.759071,53163,0.2039,hold,,,0.0,,,0,0.0
2015-12-09,23522322,251,False,False,,172.532715,41312,0.303,hold,,,0.0,,,0,0.0,2.328356,2969613,0.2939,hold,,,0.0,,,0,0.0,102.639999,44886,0.1959,hold,,,0.0,,,0,0.0,91.661194,53163,0.2072,hold,,,0.0,,,0,0.0
2015-12-10,23641133,251,False,False,,172.978043,41312,0.3023,hold,,,0.0,,,0,0.0,2.361373,2969613,0.2966,hold,,,0.0,,,0,0.0,102.550003,44886,0.1947,hold,,,0.0,,,0,0.0,91.781677,53163,0.2064,hold,,,0.0,,,0,0.0
2015-12-11,23123860,251,False,False,,169.625519,41312,0.303,hold,,,0.0,,,0,0.0,2.199466,2969613,0.2825,hold,,,0.0,,,0,0.0,103.110001,44886,0.2001,hold,,,0.0,,,0,0.0,93.228012,53163,0.2143,hold,,,0.0,,,0,0.0
2015-12-14,23182428,251,False,False,,170.482544,41312,0.3038,hold,,,0.0,,,0,0.0,2.248795,2969613,0.2881,hold,,,0.0,,,0,0.0,101.790001,44886,0.1971,hold,,,0.0,,,0,0.0,92.022736,53163,0.211,hold,,,0.0,,,0,0.0
2015-12-15,23328821,251,False,False,,172.272247,41312,0.3051,hold,,,0.0,,,0,0.0,2.286985,2969613,0.2911,hold,,,0.0,,,0,0.0,101.519997,44886,0.1953,hold,,,0.0,,,0,0.0,91.480385,53163,0.2085,hold,,,0.0,,,0,0.0
2015-12-16,23777804,251,False,False,,174.792892,41312,0.3037,hold,,,0.0,,,0,0.0,2.388026,2969613,0.2982,hold,,,0.0,,,0,0.0,102.75,44886,0.194,hold,,,0.0,,,0,0.0,91.284531,53163,0.2041,hold,,,0.0,,,0,0.0
2015-12-17,23326313,251,False,False,,172.12944,41312,0.3048,hold,,,0.0,,,0,0.0,2.288575,2969613,0.2914,hold,,,0.0,,,0,0.0,100.5,44886,0.1934,hold,,,0.0,,,0,0.0,92.316551,53163,0.2104,hold,,,0.0,,,0,0.0
2015-12-18,22922687,251,False,False,,169.062912,41312,0.3047,hold,,,0.0,,,0,0.0,2.162869,2969613,0.2802,hold,,,0.0,,,0,0.0,102.040001,44886,0.1998,hold,,,0.0,,,0,0.0,92.828796,53163,0.2153,hold,,,0.0,,,0,0.0
2015-12-21,23219702,251,False,False,,170.45752,41312,0.3033,hold,,,0.0,,,0,0.0,2.227113,2969613,0.2848,hold,,,0.0,,,0,0.0,103.150002,44886,0.1994,hold,,,0.0,,,0,0.0,92.806183,53163,0.2125,hold,,,0.0,,,0,0.0
2015-12-22,23348947,251,False,False,,172.004303,41312,0.3043,hold,,,0.0,,,0,0.0,2.269282,2969613,0.2886,hold,,,0.0,,,0,0.0,102.610001,44886,0.1973,hold,,,0.0,,,0,0.0,92.135735,53163,0.2098,hold,,,0.0,,,0,0.0
2015-12-23,23540795,251,False,False,,174.134323,41312,0.3056,hold,,,0.0,,,0,0.0,2.321195,2969613,0.2928,hold,,,0.0,,,0,0.0,102.309998,44886,0.1951,hold,,,0.0,,,0,0.0,91.442711,53163,0.2065,hold,,,0.0,,,0,0.0
2015-12-24,23575814,251,False,False,,173.846924,41312,0.3046,hold,,,0.0,,,0,0.0,2.316421,2969613,0.2918,hold,,,0.0,,,0,0.0,103.050003,44886,0.1962,hold,,,0.0,,,0,0.0,91.966629,53163,0.2074,hold,,,0.0,,,0,0.0
2015-12-28,23537068,251,False,False,,173.449692,41312,0.3044,hold,,,0.0,,,0,0.0,2.315825,2969613,0.2922,hold,,,0.0,,,0,0.0,102.269997,44886,0.195,hold,,,0.0,,,0,0.0,92.238365,53163,0.2083,hold,,,0.0,,,0,0.0
2015-12-29,23842574,251,False,False,,175.300735,41312,0.3037,hold,,,0.0,,,0,0.0,2.421443,2969613,0.3016,hold,,,0.0,,,0,0.0,102.199997,44886,0.1924,hold,,,0.0,,,0,0.0,90.705956,53163,0.2023,hold,,,0.0,,,0,0.0
2015-12-30,23567716,251,False,False,,174.058212,41312,0.3051,hold,,,0.0,,,0,0.0,2.359583,2969613,0.2973,hold,,,0.0,,,0,0.0,101.419998,44886,0.1932,hold,,,0.0,,,0,0.0,90.615387,53163,0.2044,hold,,,0.0,,,0,0.0
2015-12-31,23259362,251,False,False,,172.317047,41312,0.3061,hold,,,0.0,,,0,0.0,2.272067,2969613,0.2901,hold,,,0.0,,,0,0.0,101.459999,44886,0.1958,hold,,,0.0,,,0,0.0,91.023003,53163,0.208,hold,,,0.0,,,0,0.0
2016-01-04,22846662,251,True,False,,169.908188,41312,0.3072,hold,,,0.0,,,0,0.0,2.133232,2969613,0.2773,hold,,,0.0,,,0,0.0,102.889999,44886,0.2021,hold,,,0.0,,,0,0.0,91.679741,53163,0.2133,hold,,,0.0,,,0,0.0
2016-01-05,22795182,251,False,False,,170.195496,41312,0.3084,hold,,,0.0,,,0,0.0,2.114137,2969613,0.2754,hold,,,0.0,,,0,0.0,103.18,44886,0.2032,hold,,,0.0,,,0,0.0,91.309891,53163,0.213,hold,,,0.0,,,0,0.0
2016-01-06,22670445,251,False,False,,168.04866,41312,0.3062,hold,,,0.0,,,0,0.0,2.05745,2969613,0.2695,hold,,,0.0,,,0,0.0,104.669998,44886,0.2072,hold,,,0.0,,,0,0.0,92.540298,53163,0.217,hold,,,0.0,,,0,0.0
2016-01-07,21997932,251,False,False,,164.016876,41312,0.308,hold,,,0.0,,,0,0.0,1.86173,2969613,0.2513,hold,,,0.0,,,0,0.0,106.150002,44886,0.2166,hold,,,0.0,,,0,0.0,92.706367,53163,0.224,hold,,,0.0,,,0,0.0
2016-01-08,21793992,251,False,False,,162.216507,41312,0.3075,sell,EXIT_ALL,signal sell,-6701488.0,,,0,0.0,1.817772,2969613,0.2477,hold,,,0.0,,,0,0.0,105.68,44886,0.2177,hold,,,0.0,,,0,0.0,93.121544,53163,0.2272,hold,,,0.0,,,0,0.0
2016-01-11,21762722,6719584,False,False,,162.377151,0,0.0,hold,,,0.0,EXIT_ALL,sell,41312,162.648439,1.833685,2969613,0.2502,hold,,,0.0,,,0,0.0,104.739998,44886,0.216,hold,,,0.0,,,0,0.0,92.102486,53163,0.225,hold,,,0.0,,,0,0.0
2016-01-12,21993262,6719584,False,False,,163.687271,0,0.0,hold,,,0.0,,,0,0.0,1.895544,2969613,0.2559,hold,,,0.0,,,0,0.0,104.209999,44886,0.2127,hold,,,0.0,,,0,0.0,93.431076,53163,0.2258,hold,,,0.0,,,0,0.0
2016-01-13,21476217,6719584,False,False,,159.604813,0,0.0,hold,,,0.0,,,0,0.0,1.697237,2969613,0.2347,sell,EXIT_ALL,signal sell,-5040137.0,,,0,0.0,104.720001,44886,0.2189,hold,,,0.0,,,0,0.0,94.351982,53163,0.2336,hold,,,0.0,,,0,0.0
2016-01-14,21401440,11808202,False,False,,162.225037,0,0.0,hold,,,0.0,,,0,0.0,1.807031,0,0.0,hold,,,0.0,EXIT_ALL,sell,2969613,1.713563,103.019997,44886,0.2161,hold,,,0.0,,,0,0.0,93.468811,53163,0.2322,hold,,,0.0,,,0,0.0
2016-01-15,21526473,11808202,False,False,,158.742645,0,0.0,hold,,,0.0,,,0,0.0,1.640948,0,0.0,hold,,,0.0,,,0,0.0,104.080002,44886,0.217,hold,,,0.0,,,0,0.0,94.925713,53163,0.2344,hold,,,0.0,,,0,0.0
2016-01-19,21506336,11808202,False,False,,158.953995,0,0.0,hold,,,0.0,,,0,0.0,1.64791,0,0.0,hold,,,0.0,,,0,0.0,103.980003,44886,0.217,hold,,,0.0,,,0,0.0,94.631363,53163,0.2339,hold,,,0.0,,,0,0.0
2016-01-20,21621700,11808202,False,False,,156.916962,0,0.0,hold,,,0.0,,,0,0.0,1.632992,0,0.0,hold,,,0.0,,,0,0.0,105.370003,44886,0.2187,hold,,,0.0,,,0,0.0,95.627785,53163,0.2351,hold,,,0.0,,,0,0.0
2016-01-21,21592571,11808202,False,False,,157.796021,0,0.0,hold,,,0.0,,,0,0.0,1.638959,0,0.0,hold,,,0.0,,,0,0.0,105.489998,44886,0.2193,hold,,,0.0,,,0,0.0,94.978554,53163,0.2338,hold,,,0.0,,,0,0.0
2016-01-22,21551313,11808202,False,False,,161.033234,0,0.0,hold,,,0.0,,,0,0.0,1.78018,0,0.0,hold,,,0.0,,,0,0.0,105.0,44886,0.2187,hold,,,0.0,,,0,0.0,94.616203,53163,0.2334,hold,,,0.0,,,0,0.0
2016-01-25,21627080,11808202,False,False,,158.598953,0,0.0,hold,,,0.0,,,0,0.0,1.700022,0,0.0,hold,,,0.0,,,0,0.0,106.080002,44886,0.2202,hold,,,0.0,,,0,0.0,95.129532,53163,0.2338,hold,,,0.0,,,0,0.0
2016-01-26,21683803,11808202,False,False,,160.762802,0,0.0,hold,,,0.0,,,0,0.0,1.748554,0,0.0,hold,,,0.0,,,0,0.0,107.290001,44886,0.2221,hold,,,0.0,,,0,0.0,95.174881,53163,0.2333,hold,,,0.0,,,0,0.0
2016-01-27,21700553,11808202,False,False,,159.013168,0,0.0,hold,,,0.0,,,0,0.0,1.618472,0,0.0,hold,,,0.0,,,0,0.0,107.690002,44886,0.2227,hold,,,0.0,,,0,0.0,95.152214,53163,0.2331,hold,,,0.0,,,0,0.0
2016-01-28,21656156,11808202,False,False,,159.8414,0,0.0,hold,,,0.0,,,0,0.0,1.682319,0,0.0,hold,,,0.0,,,0,0.0,106.540001,44886,0.2208,hold,,,0.0,,,0,0.0,95.288071,53163,0.2339,hold,,,0.0,,,0,0.0
2016-01-29,21717499,11808202,False,False,,163.737976,0,0.0,hold,,,0.0,,,0,0.0,1.791915,0,0.0,hold,,,0.0,,,0,0.0,106.949997,44886,0.221,hold,,,0.0,,,0,0.0,96.095772,53163,0.2352,hold,,,0.0,,,0,0.0
2016-02-01,21751234,11808202,True,False,,163.678787,0,0.0,hold,,,0.0,,,0,0.0,1.802059,0,0.0,hold,,,0.0,,,0,0.0,108.050003,44886,0.223,hold,REDUCE_TO_TARGET,rebalance 2016-02-01,-499686.0,,,0,0.0,95.801575,53163,0.2342,hold,REDUCE_TO_TARGET,rebalance 2016-02-01,-742852.0,,,0,0.0
2016-02-02,21837638,13050675,False,True,monthly,160.728973,0,0.0,hold,,,0.0,,,0,0.0,1.68769,0,0.0,hold,,,0.0,,,0,0.0,108.089996,40242,0.1992,hold,,,0.0,REDUCE_TO_TARGET,sell,4644,107.596238,97.578911,45473,0.2032,hold,,,0.0,REDUCE_TO_TARGET,sell,7690,96.592459
2016-02-03,21847518,13050675,False,False,,161.69252,0,0.0,hold,,,0.0,,,0,0.0,1.663821,0,0.0,hold,,,0.0,,,0,0.0,109.25,40242,0.2012,hold,,,0.0,,,0,0.0,96.769608,45473,0.2014,hold,,,0.0,,,0,0.0
2016-02-04,21921962,13050675,False,False,,161.946121,0,0.0,hold,,,0.0,,,0,0.0,1.660838,0,0.0,hold,,,0.0,,,0,0.0,110.57,40242,0.203,hold,,,0.0,,,0,0.0,97.238564,45473,0.2017,hold,,,0.0,,,0,0.0
2016-02-05,21997545,13050675,False,False,,158.860992,0,0.0,hold,,,0.0,,,0,0.0,1.489981,0,0.0,hold,,,0.0,,,0,0.0,112.32,40242,0.2055,hold,,,0.0,,,0,0.0,97.35202,45473,0.2012,hold,,,0.0,,,0,0.0
2016-02-08,22153574,13050675,False,False,,156.722534,0,0.0,hold,,,0.0,,,0,0.0,1.421956,0,0.0,hold,,,0.0,,,0,0.0,113.830002,40242,0.2068,hold,,,0.0,,,0,0.0,99.446976,45473,0.2041,hold,,,0.0,,,0,0.0
2016-02-09,22148328,13050675,False,False,,156.731018,0,0.0,hold,,,0.0,,,0,0.0,1.405446,0,0.0,hold,,,0.0,,,0,0.0,113.580002,40242,0.2064,hold,,,0.0,,,0,0.0,99.552849,45473,0.2044,hold,,,0.0,,,0,0.0
2016-02-10,22223636,13050675,False,False,,156.595779,0,0.0,hold,,,0.0,,,0,0.0,1.422155,0,0.0,hold,,,0.0,,,0,0.0,114.459999,40242,0.2073,hold,,,0.0,,,0,0.0,100.430176,45473,0.2055,hold,,,0.0,,,0,0.0
2016-02-11,22440733,13050675,False,False,,154.558777,0,0.0,hold,,,0.0,,,0,0.0,1.418774,0,0.0,hold,,,0.0,,,0,0.0,119.059998,40242,0.2135,hold,,,0.0,,,0,0.0,101.133537,45473,0.2049,hold,,,0.0,,,0,0.0
2016-02-12,22336214,13050675,False,False,,157.745285,0,0.0,hold,,,0.0,,,0,0.0,1.47924,0,0.0,hold,,,0.0,,,0,0.0,118.360001,40242,0.2132,hold,,,0.0,,,0,0.0,99.454521,45473,0.2025,hold,,,0.0,,,0,0.0
2016-02-16,22143940,13050675,False,False,,160.407776,0,0.0,hold,,,0.0,,,0,0.0,1.577697,0,0.0,hold,,,0.0,,,0,0.0,114.769997,40242,0.2086,hold,,,0.0,,,0,0.0,98.403252,45473,0.2021,hold,,,0.0,,,0,0.0
2016-02-17,22145001,13050675,False,False,,163.028,0,0.0,hold,,,0.0,,,0,0.0,1.686696,0,0.0,hold,,,0.0,,,0,0.0,115.480003,40242,0.2099,hold,,,0.0,,,0,0.0,97.798248,45473,0.2008,hold,,,0.0,,,0,0.0
2016-02-18,22312762,13050675,False,False,,162.360275,0,0.0,hold,,,0.0,,,0,0.0,1.629412,0,0.0,hold,,,0.0,,,0,0.0,118.290001,40242,0.2133,hold,,,0.0,,,0,0.0,99.000732,45473,0.2018,hold,,,0.0,,,0,0.0
2016-02-19,22287976,13050675,False,False,,162.28418,0,0.0,hold,,,0.0,,,0,0.0,1.646318,0,0.0,hold,,,0.0,,,0,0.0,117.580002,40242,0.2123,hold,,,0.0,,,0,0.0,99.083992,45473,0.2022,hold,,,0.0,,,0,0.0
2016-02-22,22201461,13050675,False,False,,164.633865,0,0.0,hold,,,0.0,,,0,0.0,1.724089,0,0.0,hold,,,0.0,,,0,0.0,115.489998,40242,0.2093,hold,,,0.0,,,0,0.0,99.031013,45473,0.2028,hold,,,0.0,,,0,0.0
2016-02-23,22289308,13050675,False,False,,162.554626,0,0.0,hold,,,0.0,,,0,0.0,1.638163,0,0.0,hold,,,0.0,,,0,0.0,117.220001,40242,0.2116,hold,,,0.0,,,0,0.0,99.431885,45473,0.2029,hold,,,0.0,,,0,0.0
2016-02-24,22296061,13050675,False,False,,163.298416,0,0.0,hold,,,0.0,,,0,0.0,1.686894,0,0.0,hold,,,0.0,,,0,0.0,117.610001,40242,0.2123,hold,,,0.0,,,0,0.0,99.235237,45473,0.2024,hold,,,0.0,,,0,0.0
2016-02-25,22324700,13050675,False,False,,165.276291,0,0.0,hold,,,0.0,,,0,0.0,1.733438,0,0.0,hold,,,0.0,,,0,0.0,117.919998,40242,0.2126,hold,,,0.0,,,0,0.0,99.590706,45473,0.2029,hold,,,0.0,,,0,0.0
2016-02-26,22248426,13050675,False,False,,164.895966,0,0.0,hold,,,0.0,,,0,0.0,1.729459,0,0.0,hold,,,0.0,,,0,0.0,117.110001,40242,0.2118,hold,,,0.0,,,0,0.0,98.630188,45473,0.2016,hold,,,0.0,,,0,0.0
2016-02-29,22329598,13050675,False,False,,163.602753,0,0.0,hold,,,0.0,,,0,0.0,1.683712,0,0.0,hold,,,0.0,,,0,0.0,118.639999,40242,0.2138,hold,,,0.0,,,0,0.0,99.061256,45473,0.2017,hold,,,0.0,,,0,0.0
2016-03-01,22215268,13050675,True,False,,167.448532,0,0.0,hold,,,0.0,,,0,0.0,1.844823,0,0.0,hold,,,0.0,,,0,0.0,117.769997,40242,0.2133,hold,,,0.0,,,0,0.0,97.316933,45473,0.1992,hold,,,0.0,,,0,0.0
2016-03-02,22270151,13050675,False,False,,168.20079,0,0.0,hold,,,0.0,,,0,0.0,1.846812,0,0.0,hold,,,0.0,,,0,0.0,118.68,40242,0.2145,hold,,,0.0,,,0,0.0,97.718544,45473,0.1995,hold,,,0.0,,,0,0.0
2016-03-03,22368840,13050675,False,False,,168.860077,0,0.0,hold,,,0.0,,,0,0.0,1.83647,0,0.0,hold,,,0.0,,,0,0.0,120.730003,40242,0.2172,hold,,,0.0,,,0,0.0,98.074638,45473,0.1994,hold,,,0.0,,,0,0.0
2016-03-04,22332597,13050675,False,False,,169.409454,0,0.0,hold,,,0.0,,,0,0.0,1.839652,0,0.0,hold,,,0.0,,,0,0.0,120.540001,40242,0.2172,hold,,,0.0,,,0,0.0,97.445763,45473,0.1984,hold,,,0.0,,,0,0.0
2016-03-07,22355363,13050675,False,False,,169.544693,0,0.0,hold,,,0.0,,,0,0.0,1.805441,0,0.0,hold,,,0.0,,,0,0.0,121.139999,40242,0.2181,hold,,,0.0,,,0,0.0,97.415436,45473,0.1982,hold,,,0.0,,,0,0.0
2016-03-08,22381756,13050675,False,False,,167.693665,0,0.0,hold,,,0.0,,,0,0.0,1.757704,0,0.0,hold,,,0.0,,,0,0.0,120.580002,40242,0.2168,hold,,,0.0,,,0,0.0,98.491417,45473,0.2001,hold,,,0.0,,,0,0.0
2016-03-09,22314295,13050675,False,False,,168.521942,0,0.0,hold,,,0.0,,,0,0.0,1.791318,0,0.0,hold,,,0.0,,,0,0.0,119.580002,40242,0.2157,hold,,,0.0,,,0,0.0,97.892845,45473,0.1995,hold,,,0.0,,,0,0.0
2016-03-10,22373297,13050675,False,False,,168.657181,0,0.0,hold,,,0.0,,,0,0.0,1.784556,0,0.0,hold,,,0.0,,,0,0.0,121.5,40242,0.2185,hold,,,0.0,,,0,0.0,97.491234,45473,0.1981,hold,,,0.0,,,0,0.0
2016-03-11,22244398,13050675,False,False,,171.378891,0,0.0,hold,,,0.0,,,0,0.0,1.877046,0,0.0,hold,,,0.0,,,0,0.0,119.410004,40242,0.216,hold,,,0.0,,,0,0.0,96.506172,45473,0.1973,hold,,,0.0,,,0,0.0
2016-03-14,22196207,13050675,False,False,,171.159058,0,0.0,hold,,,0.0,,,0,0.0,1.887985,0,0.0,hold,,,0.0,,,0,0.0,117.870003,40242,0.2137,hold,,,0.0,,,0,0.0,96.809265,45473,0.1983,hold,,,0.0,,,0,0.0
2016-03-15,22203963,13050675,False,False,,170.880142,0,0.0,hold,,,0.0,,,0,0.0,1.886792,0,0.0,hold,,,0.0,,,0,0.0,117.959999,40242,0.2138,hold,,,0.0,,,0,0.0,96.900169,45473,0.1984,hold,,,0.0,,,0,0.0
2016-03-16,22322892,13050675,False,False,,171.86908,0,0.0,hold,,,0.0,,,0,0.0,1.934927,0,0.0,hold,,,0.0,,,0,0.0,120.589996,40242,0.2174,hold,,,0.0,,,0,0.0,97.188095,45473,0.198,hold,,,0.0,,,0,0.0
2016-03-17,22322644,13050675,False,False,,172.959457,0,0.0,hold,,,0.0,,,0,0.0,1.929356,0,0.0,hold,,,0.0,,,0,0.0,120.129997,40242,0.2166,hold,,,0.0,,,0,0.0,97.589722,45473,0.1988,hold,,,0.0,,,0,0.0
2016-03-18,22318667,13050675,False,False,,173.639099,0,0.0,hold,,,0.0,,,0,0.0,1.940495,0,0.0,hold,,,0.0,,,0,0.0,119.800003,40242,0.216,hold,,,0.0,,,0,0.0,97.794296,45473,0.1993,hold,,,0.0,,,0,0.0
2016-03-21,22250752,13050675,False,False,,173.885483,0,0.0,hold,,,0.0,,,0,0.0,1.963569,0,0.0,hold,,,0.0,,,0,0.0,118.959999,40242,0.2151,hold,,,0.0,,,0,0.0,97.044159,45473,0.1983,hold,,,0.0,,,0,0.0
2016-03-22,22263804,13050675,False,False,,173.792023,0,0.0,hold,,,0.0,,,0,0.0,1.981072,0,0.0,hold,,,0.0,,,0,0.0,119.309998,40242,0.2157,hold,,,0.0,,,0,0.0,97.021431,45473,0.1982,hold,,,0.0,,,0,0.0
2016-03-23,22205115,13050675,False,False,,172.645111,0,0.0,hold,,,0.0,,,0,0.0,1.933932,0,0.0,hold,,,0.0,,,0,0.0,116.610001,40242,0.2113,hold,,,0.0,,,0,0.0,98.120201,45473,0.2009,hold,,,0.0,,,0,0.0
2016-03-24,22195568,13050675,False,False,,172.568619,0,0.0,hold,,,0.0,,,0,0.0,1.933335,0,0.0,hold,,,0.0,,,0,0.0,116.330002,40242,0.2109,hold,,,0.0,,,0,0.0,98.158051,45473,0.2011,hold,,,0.0,,,0,0.0
2016-03-28,22212289,13050675,False,False,,172.670593,0,0.0,hold,,,0.0,,,0,0.0,1.926373,0,0.0,hold,,,0.0,,,0,0.0,116.599998,40242,0.2112,hold,,,0.0,,,0,0.0,98.286819,45473,0.2012,hold,,,0.0,,,0,0.0
2016-03-29,22346073,13050675,False,False,,174.267853,0,0.0,hold,,,0.0,,,0,0.0,2.018466,0,0.0,hold,,,0.0,,,0,0.0,118.760002,40242,0.2139,hold,,,0.0,,,0,0.0,99.317345,45473,0.2021,hold,,,0.0,,,0,0.0
2016-03-30,22231721,13050675,False,False,,175.03244,0,0.0,hold,,,0.0,,,0,0.0,2.048698,0,0.0,hold,,,0.0,,,0,0.0,117.099998,40242,0.212,hold,,,0.0,,,0,0.0,98.271683,45473,0.201,hold,,,0.0,,,0,0.0
2016-03-31,22285152,13050675,False,False,,174.607681,0,0.0,hold,,,0.0,,,0,0.0,2.036764,0,0.0,hold,,,0.0,,,0,0.0,117.639999,40242,0.2124,hold,,,0.0,,,0,0.0,98.968803,45473,0.2019,hold,,,0.0,,,0,0.0
2016-04-01,22268320,13050675,True,False,,175.797043,0,0.0,buy,ENTER_TO_TARGET,signal_buy+rebalance,6680496.0,,,0,0.0,2.104591,0,0.0,hold,,,0.0,,,0,0.0,116.93,40242,0.2113,hold,REDUCE_TO_TARGET,rebalance 2016-04-01,-251833.0,,,0,0.0,99.226974,45473,0.2026,hold,REDUCE_TO_TARGET,rebalance 2016-04-01,-58484.0,,,0,0.0
2016-04-04,22201241,6680431,False,True,monthly,175.227814,37904,0.2992,hold,INCREASE_TO_TARGET,rebalance 2016-04-04,18537.0,ENTER_TO_TARGET,buy,37904,175.720577,2.078533,0,0.0,buy,ENTER_TO_TARGET,signal_buy+rebalance,6660372.0,,,0,0.0,116.150002,38077,0.1992,hold,INCREASE_TO_TARGET,rebalance 2016-04-04,17605.0,REDUCE_TO_TARGET,sell,2165,116.319988,99.287727,44883,0.2007,hold,REDUCE_TO_TARGET,rebalance 2016-04-04,-16083.0,REDUCE_TO_TARGET,sell,590,99.012574
2016-04-05,22193670,293,False,True,daily,173.477676,38009,0.2971,hold,,,0.0,INCREASE_TO_TARGET,buy,105,173.885476,2.022643,3269535,0.298,hold,,,0.0,ENTER_TO_TARGET,buy,3269535,2.030996,117.660004,38225,0.2027,hold,,,0.0,INCREASE_TO_TARGET,buy,148,117.760002,100.373573,44723,0.2023,hold,,,0.0,REDUCE_TO_TARGET,sell,160,99.93618
2016-04-06,22522261,293,False,False,,175.372269,38009,0.296,hold,,,0.0,,,0,0.0,2.119508,3269535,0.3077,hold,,,0.0,,,0,0.0,116.940002,38225,0.1985,hold,,,0.0,,,0,0.0,99.644608,44723,0.1979,hold,,,0.0,,,0,0.0
2016-04-07,22262204,293,False,False,,173.273773,38009,0.2958,hold,,,0.0,,,0,0.0,2.028013,3269535,0.2978,hold,,,0.0,,,0,0.0,118.610001,38225,0.2037,hold,,,0.0,,,0,0.0,100.874733,44723,0.2026,hold,,,0.0,,,0,0.0
2016-04-08,22228947,293,False,False,,173.741043,38009,0.2971,hold,,,0.0,,,0,0.0,2.023239,3269535,0.2976,hold,,,0.0,,,0,0.0,118.43,38225,0.2037,hold,,,0.0,,,0,0.0,100.236855,44723,0.2017,hold,,,0.0,,,0,0.0
2016-04-11,22197948,293,False,False,,173.333267,38009,0.2968,hold,,,0.0,,,0,0.0,2.001558,3269535,0.2948,hold,,,0.0,,,0,0.0,120.029999,38225,0.2067,hold,,,0.0,,,0,0.0,100.107765,44723,0.2017,hold,,,0.0,,,0,0.0
2016-04-12,22381994,293,False,False,,174.94751,38009,0.2971,hold,,,0.0,,,0,0.0,2.048301,3269535,0.2992,hold,,,0.0,,,0,0.0,120.050003,38225,0.205,hold,,,0.0,,,0,0.0,99.416794,44723,0.1987,hold,,,0.0,,,0,0.0
2016-04-13,22677278,293,False,False,,176.714569,38009,0.2962,hold,,,0.0,,,0,0.0,2.128259,3269535,0.3068,hold,,,0.0,,,0,0.0,118.769997,38225,0.2002,hold,,,0.0,,,0,0.0,99.766113,44723,0.1968,hold,,,0.0,,,0,0.0
2016-04-14,22597308,293,False,False,,176.723083,38009,0.2973,hold,,,0.0,,,0,0.0,2.129652,3269535,0.3081,hold,,,0.0,,,0,0.0,117.110001,38225,0.1981,hold,,,0.0,,,0,0.0,99.287727,44723,0.1965,hold,,,0.0,,,0,0.0
2016-04-15,22605551,293,False,False,,176.527679,38009,0.2968,hold,,,0.0,,,0,0.0,2.113342,3269535,0.3057,hold,,,0.0,,,0,0.0,117.919998,38225,0.1994,hold,,,0.0,,,0,0.0,100.138161,44723,0.1981,hold,,,0.0,,,0,0.0
2016-04-18,22728559,293,False,False,,177.768112,38009,0.2973,hold,,,0.0,,,0,0.0,2.144569,3269535,0.3085,hold,,,0.0,,,0,0.0,117.739998,38225,0.198,hold,,,0.0,,,0,0.0,99.70536,44723,0.1962,hold,,,0.0,,,0,0.0
2016-04-19,22685325,293,False,False,,178.328812,38009,0.2988,hold,,,0.0,,,0,0.0,2.107574,3269535,0.3038,hold,,,0.0,,,0,0.0,119.580002,38225,0.2015,hold,,,0.0,,,0,0.0,99.394035,44723,0.196,hold,,,0.0,,,0,0.0
2016-04-20,22636477,293,False,False,,178.498764,38009,0.2997,hold,,,0.0,,,0,0.0,2.112746,3269535,0.3052,hold,,,0.0,,,0,0.0,118.970001,38225,0.2009,hold,,,0.0,,,0,0.0,98.300613,44723,0.1942,hold,,,0.0,,,0,0.0
2016-04-21,22592992,293,False,False,,177.538757,38009,0.2987,hold,,,0.0,,,0,0.0,2.113342,3269535,0.3058,hold,,,0.0,,,0,0.0,119.419998,38225,0.202,hold,,,0.0,,,0,0.0,97.716003,44723,0.1934,hold,,,0.0,,,0,0.0
2016-04-22,22210493,293,False,False,,177.538757,38009,0.3038,hold,,,0.0,,,0,0.0,2.017669,3269535,0.297,hold,,,0.0,,,0,0.0,117.889999,38225,0.2029,hold,,,0.0,,,0,0.0,97.465378,44723,0.1963,hold,,,0.0,,,0,0.0
2016-04-25,22188662,293,False,False,,177.232864,38009,0.3036,hold,,,0.0,,,0,0.0,2.016078,3269535,0.2971,hold,,,0.0,,,0,0.0,118.230003,38225,0.2037,hold,,,0.0,,,0,0.0,97.06292,44723,0.1956,hold,,,0.0,,,0,0.0
2016-04-26,22106546,293,False,False,,177.496216,38009,0.3052,hold,,,0.0,,,0,0.0,1.98843,3269535,0.2941,hold,,,0.0,,,0,0.0,118.699997,38225,0.2052,hold,,,0.0,,,0,0.0,96.622551,44723,0.1955,hold,,,0.0,,,0,0.0
2016-04-27,22020481,293,False,False,,177.861557,38009,0.307,hold,,,0.0,,,0,0.0,1.940694,3269535,0.2881,hold,,,0.0,,,0,0.0,119.040001,38225,0.2066,hold,,,0.0,,,0,0.0,97.586838,44723,0.1982,hold,,,0.0,,,0,0.0
2016-04-28,21838123,293,False,False,,176.24733,38009,0.3068,hold,,,0.0,,,0,0.0,1.871874,3269535,0.2803,hold,,,0.0,,,0,0.0,121.290001,38225,0.2123,hold,,,0.0,,,0,0.0,97.989334,44723,0.2007,hold,,,0.0,,,0,0.0
2016-04-29,21805827,293,False,False,,175.295807,38009,0.3056,hold,,,0.0,,,0,0.0,1.842039,3269535,0.2762,hold,,,0.0,,,0,0.0,123.650002,38225,0.2168,hold,,,0.0,,,0,0.0,98.239899,44723,0.2015,hold,,,0.0,,,0,0.0
2016-05-02,21958203,293,True,False,,176.689148,38009,0.3058,hold,,,0.0,,,0,0.0,1.89077,3269535,0.2815,hold,,,0.0,,,0,0.0,123.239998,38225,0.2145,hold,,,0.0,,,0,0.0,97.250725,44723,0.1981,hold,,,0.0,,,0,0.0
2016-05-03,21779300,293,False,False,,175.151321,38009,0.3057,hold,,,0.0,,,0,0.0,1.840447,3269535,0.2763,hold,,,0.0,,,0,0.0,122.959999,38225,0.2158,hold,,,0.0,,,0,0.0,98.475693,44723,0.2022,hold,,,0.0,,,0,0.0
2016-05-04,21618651,293,False,False,,174.174362,38009,0.3062,hold,,,0.0,,,0,0.0,1.804048,3269535,0.2728,hold,,,0.0,,,0,0.0,122.209999,38225,0.2161,hold,,,0.0,,,0,0.0,99.015923,44723,0.2048,hold,,,0.0,,,0,0.0
2016-05-05,21638361,293,False,False,,174.14035,38009,0.3059,hold,,,0.0,,,0,0.0,1.803054,3269535,0.2724,hold,,,0.0,,,0,0.0,122.07,38225,0.2156,hold,,,0.0,,,0,0.0,99.677872,44723,0.206,hold,,,0.0,,,0,0.0
2016-05-06,21771143,293,False,False,,174.777542,38009,0.3051,hold,,,0.0,,,0,0.0,1.829109,3269535,0.2747,hold,,,0.0,,,0,0.0,123.18,38225,0.2163,hold,,,0.0,,,0,0.0,99.251816,44723,0.2039,hold,,,0.0,,,0,0.0
2016-05-09,21746552,293,False,False,,174.921997,38009,0.3057,hold,,,0.0,,,0,0.0,1.84522,3269535,0.2774,hold,,,0.0,,,0,0.0,120.650002,38225,0.2121,hold,,,0.0,,,0,0.0,99.563782,44723,0.2048,hold,,,0.0,,,0,0.0
2016-05-10,22095147,293,False,False,,177.096863,38009,0.3046,hold,,,0.0,,,0,0.0,1.922594,3269535,0.2845,hold,,,0.0,,,0,0.0,120.980003,38225,0.2093,hold,,,0.0,,,0,0.0,99.57135,44723,0.2015,hold,,,0.0,,,0,0.0
2016-05-11,21929253,293,False,False,,175.440216,38009,0.3041,hold,,,0.0,,,0,0.0,1.870084,3269535,0.2788,hold,,,0.0,,,0,0.0,122.120003,38225,0.2129,hold,,,0.0,,,0,0.0,100.134384,44723,0.2042,hold,,,0.0,,,0,0.0
2016-05-12,21788236,293,False,False,,175.49118,38009,0.3061,hold,,,0.0,,,0,0.0,1.843829,3269535,0.2767,hold,,,0.0,,,0,0.0,121.160004,38225,0.2126,hold,,,0.0,,,0,0.0,99.677872,44723,0.2046,hold,,,0.0,,,0,0.0
2016-05-13,21721513,293,False,False,,173.961929,38009,0.3044,hold,,,0.0,,,0,0.0,1.821552,3269535,0.2742,hold,,,0.0,,,0,0.0,121.709999,38225,0.2142,hold,,,0.0,,,0,0.0,100.644142,44723,0.2072,hold,,,0.0,,,0,0.0
2016-05-16,21980953,293,False,False,,175.678116,38009,0.3038,hold,,,0.0,,,0,0.0,1.891764,3269535,0.2814,hold,,,0.0,,,0,0.0,121.800003,38225,0.2118,hold,,,0.0,,,0,0.0,99.776772,44723,0.203,hold,,,0.0,,,0,0.0
2016-05-17,21704806,293,False,False,,174.038422,38009,0.3048,hold,,,0.0,,,0,0.0,1.819165,3269535,0.274,hold,,,0.0,,,0,0.0,122.220001,38225,0.2152,hold,,,0.0,,,0,0.0,99.944168,44723,0.2059,hold,,,0.0,,,0,0.0
2016-05-18,21629708,293,False,False,,174.089386,38009,0.3059,hold,,,0.0,,,0,0.0,1.83985,3269535,0.2781,hold,,,0.0,,,0,0.0,120.099998,38225,0.2122,hold,,,0.0,,,0,0.0,98.521454,44723,0.2037,hold,,,0.0,,,0,0.0
2016-05-19,21522098,293,False,False,,173.486221,38009,0.3064,hold,,,0.0,,,0,0.0,1.810811,3269535,0.2751,hold,,,0.0,,,0,0.0,119.870003,38225,0.2129,hold,,,0.0,,,0,0.0,98.947441,44723,0.2056,hold,,,0.0,,,0,0.0
2016-05-20,21758738,293,False,False,,174.582184,38009,0.305,hold,,,0.0,,,0,0.0,1.871277,3269535,0.2812,hold,,,0.0,,,0,0.0,119.709999,38225,0.2103,hold,,,0.0,,,0,0.0,99.023544,44723,0.2035,hold,,,0.0,,,0,0.0
2016-05-23,21716654,293,False,False,,174.344299,38009,0.3051,hold,,,0.0,,,0,0.0,1.862128,3269535,0.2804,hold,,,0.0,,,0,0.0,119.370003,38225,0.2101,hold,,,0.0,,,0,0.0,99.244171,44723,0.2044,hold,,,0.0,,,0,0.0
2016-05-24,22076321,293,False,False,,176.604141,38009,0.3041,hold,,,0.0,,,0,0.0,1.976099,3269535,0.2927,hold,,,0.0,,,0,0.0,117.300003,38225,0.2031,hold,,,0.0,,,0,0.0,98.802917,44723,0.2002,hold,,,0.0,,,0,0.0
2016-05-25,22232119,293,False,False,,177.802094,38009,0.304,hold,,,0.0,,,0,0.0,2.018665,3269535,0.2969,hold,,,0.0,,,0,0.0,116.980003,38225,0.2011,hold,,,0.0,,,0,0.0,98.430092,44723,0.198,hold,,,0.0,,,0,0.0
2016-05-26,22296838,293,False,False,,177.853058,38009,0.3032,hold,,,0.0,,,0,0.0,2.035571,3269535,0.2985,hold,,,0.0,,,0,0.0,116.580002,38225,0.1999,hold,,,0.0,,,0,0.0,98.93985,44723,0.1985,hold,,,0.0,,,0,0.0
2016-05-27,22382890,293,False,False,,178.617706,38009,0.3033,hold,,,0.0,,,0,0.0,2.066202,3269535,0.3018,hold,,,0.0,,,0,0.0,115.620003,38225,0.1975,hold,,,0.0,,,0,0.0,98.795288,44723,0.1974,hold,,,0.0,,,0,0.0
2016-05-31,22437658,293,False,False,,178.277863,38009,0.302,hold,,,0.0,,,0,0.0,2.078533,3269535,0.3029,hold,,,0.0,,,0,0.0,116.059998,38225,0.1977,hold,,,0.0,,,0,0.0,99.031174,44723,0.1974,hold,,,0.0,,,0,0.0
2016-06-01,22467530,293,True,False,,178.643143,38009,0.3022,hold,,,0.0,,,0,0.0,2.07933,3269535,0.3026,hold,,,0.0,,,0,0.0,115.940002,38225,0.1973,hold,,,0.0,,,0,0.0,99.432961,44723,0.1979,hold,,,0.0,,,0,0.0
2016-06-02,22548293,293,False,False,,179.186935,38009,0.3021,hold,,,0.0,,,0,0.0,2.091064,3269535,0.3032,hold,,,0.0,,,0,0.0,115.669998,38225,0.1961,hold,,,0.0,,,0,0.0,100.149612,44723,0.1986,hold,,,0.0,,,0,0.0
2016-06-03,22620767,293,False,False,,178.651657,38009,0.3002,hold,,,0.0,,,0,0.0,2.062423,3269535,0.2981,hold,,,0.0,,,0,0.0,118.879997,38225,0.2009,hold,,,0.0,,,0,0.0,101.575272,44723,0.2008,hold,,,0.0,,,0,0.0
2016-06-06,22695281,293,False,False,,179.560791,38009,0.3007,hold,,,0.0,,,0,0.0,2.084501,3269535,0.3003,hold,,,0.0,,,0,0.0,118.919998,38225,0.2003,hold,,,0.0,,,0,0.0,100.820511,44723,0.1987,hold,,,0.0,,,0,0.0
2016-06-07,22664898,293,False,False,,179.84111,38009,0.3016,hold,,,0.0,,,0,0.0,2.069782,3269535,0.2986,hold,,,0.0,,,0,0.0,118.82,38225,0.2004,hold,,,0.0,,,0,0.0,101.064438,44723,0.1994,hold,,,0.0,,,0,0.0
2016-06-08,22808585,293,False,False,,180.427338,38009,0.3007,hold,,,0.0,,,0,0.0,2.078932,3269535,0.298,hold,,,0.0,,,0,0.0,120.580002,38225,0.2021,hold,,,0.0,,,0,0.0,101.60582,44723,0.1992,hold,,,0.0,,,0,0.0
2016-06-09,22824234,293,False,False,,180.180893,38009,0.3001,hold,,,0.0,,,0,0.0,2.069782,3269535,0.2965,hold,,,0.0,,,0,0.0,121.25,38225,0.2031,hold,,,0.0,,,0,0.0,102.261444,44723,0.2004,hold,,,0.0,,,0,0.0
2016-06-10,22572612,293,False,False,,178.473267,38009,0.3005,hold,,,0.0,,,0,0.0,2.000166,3269535,0.2897,hold,,,0.0,,,0,0.0,121.739998,38225,0.2062,hold,,,0.0,,,0,0.0,102.75705,44723,0.2036,hold,,,0.0,,,0,0.0
2016-06-13,22407372,293,False,False,,177.096863,38009,0.3004,hold,,,0.0,,,0,0.0,1.948849,3269535,0.2844,hold,,,0.0,,,0,0.0,122.639999,38225,0.2092,hold,,,0.0,,,0,0.0,103.214455,44723,0.206,hold,,,0.0,,,0,0.0
2016-06-14,22398951,293,False,False,,176.748596,38009,0.2999,hold,,,0.0,,,0,0.0,1.949845,3269535,0.2846,hold,,,0.0,,,0,0.0,122.769997,38225,0.2095,hold,,,0.0,,,0,0.0,103.138214,44723,0.2059,hold,,,0.0,,,0,0.0
2016-06-15,22384870,293,False,False,,176.502213,38009,0.2997,hold,,,0.0,,,0,0.0,1.93234,3269535,0.2822,hold,,,0.0,,,0,0.0,123.68,38225,0.2112,hold,,,0.0,,,0,0.0,103.534706,44723,0.2069,hold,,,0.0,,,0,0.0
2016-06-16,22423227,293,False,False,,177.028961,38009,0.3001,hold,,,0.0,,,0,0.0,1.946264,3269535,0.2838,hold,,,0.0,,,0,0.0,122.379997,38225,0.2086,hold,,,0.0,,,0,0.0,104.037872,44723,0.2075,hold,,,0.0,,,0,0.0
2016-06-17,22211340,293,False,False,,176.369644,38009,0.3018,hold,,,0.0,,,0,0.0,1.879631,3269535,0.2767,hold,,,0.0,,,0,0.0,123.949997,38225,0.2133,hold,,,0.0,,,0,0.0,103.38987,44723,0.2082,hold,,,0.0,,,0,0.0
2016-06-20,22287341,293,False,False,,177.505493,38009,0.3027,hold,,,0.0,,,0,0.0,1.913445,3269535,0.2807,hold,,,0.0,,,0,0.0,123.209999,38225,0.2113,hold,,,0.0,,,0,0.0,102.284355,44723,0.2052,hold,,,0.0,,,0,0.0
2016-06-21,22257188,293,False,False,,178.009323,38009,0.304,hold,,,0.0,,,0,0.0,1.93254,3269535,0.2839,hold,,,0.0,,,0,0.0,120.839996,38225,0.2075,hold,,,0.0,,,0,0.0,101.811653,44723,0.2046,hold,,,0.0,,,0,0.0
2016-06-22,22214977,293,False,False,,177.718979,38009,0.3041,hold,,,0.0,,,0,0.0,1.920009,3269535,0.2826,hold,,,0.0,,,0,0.0,120.900002,38225,0.208,hold,,,0.0,,,0,0.0,101.97937,44723,0.2053,hold,,,0.0,,,0,0.0
2016-06-23,22485251,293,False,False,,180.03331,38009,0.3043,hold,,,0.0,,,0,0.0,2.000961,3269535,0.291,hold,,,0.0,,,0,0.0,120.110001,38225,0.2042,hold,,,0.0,,,0,0.0,100.812874,44723,0.2005,hold,,,0.0,,,0,0.0
2016-06-24,21784533,293,False,False,,173.568558,38009,0.3028,hold,,,0.0,,,0,0.0,1.755914,3269535,0.2635,hold,,,0.0,,,0,0.0,126.0,38225,0.2211,hold,,,0.0,,,0,0.0,103.519432,44723,0.2125,hold,,,0.0,,,0,0.0
2016-06-27,21473691,293,False,False,,170.459946,38009,0.3017,hold,,,0.0,,,0,0.0,1.653677,3269535,0.2518,hold,,,0.0,,,0,0.0,126.68,38225,0.2255,hold,,,0.0,,,0,0.0,106.103973,44723,0.221,hold,,,0.0,,,0,0.0
2016-06-28,21887269,293,False,False,,173.534332,38009,0.3014,hold,,,0.0,,,0,0.0,1.757306,3269535,0.2625,hold,,,0.0,,,0,0.0,125.32,38225,0.2189,hold,,,0.0,,,0,0.0,106.325119,44723,0.2173,hold,,,0.0,,,0,0.0
2016-06-29,22281470,293,False,False,,176.489258,38009,0.3011,hold,,,0.0,,,0,0.0,1.848602,3269535,0.2713,hold,,,0.0,,,0,0.0,125.839996,38225,0.2159,hold,,,0.0,,,0,0.0,105.509315,44723,0.2118,hold,,,0.0,,,0,0.0
2016-06-30,22634286,293,False,False,,178.897507,38009,0.3004,hold,,,0.0,,,0,0.0,1.915832,3269535,0.2767,hold,,,0.0,,,0,0.0,126.470001,38225,0.2136,hold,,,0.0,,,0,0.0,105.898117,44723,0.2092,hold,,,0.0,,,0,0.0
2016-07-01,22874325,293,True,False,,179.273285,38009,0.2979,hold,,,0.0,,,0,0.0,1.942087,3269535,0.2776,hold,,,0.0,,,0,0.0,128.410004,38225,0.2146,hold,,,0.0,,,0,0.0,107.368454,44723,0.2099,hold,,,0.0,,,0,0.0
2016-07-05,22813442,293,False,False,,177.983749,38009,0.2965,hold,,,0.0,,,0,0.0,1.907676,3269535,0.2734,hold,,,0.0,,,0,0.0,129.470001,38225,0.2169,hold,,,0.0,,,0,0.0,108.712746,44723,0.2131,hold,,,0.0,,,0,0.0
2016-07-06,23037898,293,False,False,,179.05127,38009,0.2954,hold,,,0.0,,,0,0.0,1.952628,3269535,0.2771,hold,,,0.0,,,0,0.0,130.229996,38225,0.2161,hold,,,0.0,,,0,0.0,108.888435,44723,0.2114,hold,,,0.0,,,0,0.0
2016-07-07,23075090,293,False,False,,178.940231,38009,0.2947,hold,,,0.0,,,0,0.0,1.971126,3269535,0.2793,hold,,,0.0,,,0,0.0,129.740005,38225,0.2149,hold,,,0.0,,,0,0.0,108.880882,44723,0.211,hold,,,0.0,,,0,0.0
2016-07-08,23539893,293,False,False,,181.604736,38009,0.2932,hold,,,0.0,,,0,0.0,2.062224,3269535,0.2864,hold,,,0.0,,,0,0.0,130.520004,38225,0.2119,hold,,,0.0,,,0,0.0,109.682823,44723,0.2084,hold,,,0.0,,,0,0.0
2016-07-11,23589286,293,False,False,,182.24527,38009,0.2936,hold,,,0.0,,,0,0.0,2.09743,3269535,0.2907,hold,,,0.0,,,0,0.0,129.289993,38225,0.2095,hold,,,0.0,,,0,0.0,108.720383,44723,0.2061,hold,,,0.0,,,0,0.0
2016-07-12,23585815,293,False,False,,183.568924,38009,0.2958,hold,,,0.0,,,0,0.0,2.130447,3269535,0.2953,hold,,,0.0,,,0,0.0,127.150002,38225,0.2061,hold,,,0.0,,,0,0.0,106.933121,44723,0.2028,hold,,,0.0,,,0,0.0
2016-07-13,23637151,293,False,False,,183.543304,38009,0.2951,hold,,,0.0,,,0,0.0,2.115529,3269535,0.2926,hold,,,0.0,,,0,0.0,128.320007,38225,0.2075,hold,,,0.0,,,0,0.0,108.193359,44723,0.2047,hold,,,0.0,,,0,0.0
2016-07-14,23708368,293,False,False,,184.568176,38009,0.2959,hold,,,0.0,,,0,0.0,2.158493,3269535,0.2977,hold,,,0.0,,,0,0.0,127.330002,38225,0.2053,hold,,,0.0,,,0,0.0,106.619965,44723,0.2011,hold,,,0.0,,,0,0.0
2016-07-15,23599559,293,False,False,,184.320465,38009,0.2969,hold,,,0.0,,,0,0.0,2.14636,3269535,0.2974,hold,,,0.0,,,0,0.0,126.839996,38225,0.2054,hold,,,0.0,,,0,0.0,105.703346,44723,0.2003,hold,,,0.0,,,0,0.0
2016-07-18,23761410,293,False,False,,184.815811,38009,0.2956,hold,,,0.0,,,0,0.0,2.189124,3269535,0.3012,hold,,,0.0,,,0,0.0,127.040001,38225,0.2044,hold,,,0.0,,,0,0.0,105.60408,44723,0.1988,hold,,,0.0,,,0,0.0
2016-07-19,23713279,293,False,False,,184.627914,38009,0.2959,hold,,,0.0,,,0,0.0,2.16645,3269535,0.2987,hold,,,0.0,,,0,0.0,127.209999,38225,0.2051,hold,,,0.0,,,0,0.0,106.199867,44723,0.2003,hold,,,0.0,,,0,0.0
2016-07-20,23889530,293,False,False,,185.396515,38009,0.295,hold,,,0.0,,,0,0.0,2.24064,3269535,0.3067,hold,,,0.0,,,0,0.0,125.389999,38225,0.2006,hold,,,0.0,,,0,0.0,105.619415,44723,0.1977,hold,,,0.0,,,0,0.0
2016-07-21,23901914,293,False,False,,184.696198,38009,0.2937,hold,,,0.0,,,0,0.0,2.227314,3269535,0.3047,hold,,,0.0,,,0,0.0,127.300003,38225,0.2036,hold,,,0.0,,,0,0.0,105.833214,44723,0.198,hold,,,0.0,,,0,0.0
2016-07-22,23989824,293,False,False,,185.524643,38009,0.2939,hold,,,0.0,,,0,0.0,2.25317,3269535,0.3071,hold,,,0.0,,,0,0.0,126.349998,38225,0.2013,hold,,,0.0,,,0,0.0,106.016541,44723,0.1976,hold,,,0.0,,,0,0.0
2016-07-25,23940120,293,False,False,,185.020782,38009,0.2938,hold,,,0.0,,,0,0.0,2.255159,3269535,0.308,hold,,,0.0,,,0,0.0,125.470001,38225,0.2003,hold,,,0.0,,,0,0.0,105.940109,44723,0.1979,hold,,,0.0,,,0,0.0
2016-07-26,23995856,293,False,False,,185.106155,38009,0.2932,hold,,,0.0,,,0,0.0,2.262718,3269535,0.3083,hold,,,0.0,,,0,0.0,126.0,38225,0.2007,hold,,,0.0,,,0,0.0,106.1082,44723,0.1978,hold,,,0.0,,,0,0.0
2016-07-27,24269453,293,False,False,,184.90976,38009,0.2896,hold,,,0.0,,,0,0.0,2.306874,3269535,0.3108,hold,,,0.0,,,0,0.0,128.029999,38225,0.2017,hold,,,0.0,,,0,0.0,107.429573,44723,0.198,hold,,,0.0,,,0,0.0
2016-07-28,24336486,293,False,False,,185.123215,38009,0.2891,hold,,,0.0,,,0,0.0,2.331936,3269535,0.3133,hold,,,0.0,,,0,0.0,127.660004,38225,0.2005,hold,,,0.0,,,0,0.0,107.231056,44723,0.1971,hold,,,0.0,,,0,0.0
2016-07-29,24488347,293,False,False,,185.422195,38009,0.2878,hold,,,0.0,,,0,0.0,2.347252,3269535,0.3134,hold,,,0.0,,,0,0.0,128.979996,38225,0.2013,hold,,,0.0,,,0,0.0,108.124649,44723,0.1975,hold,,,0.0,,,0,0.0
2016-08-01,24559554,293,True,False,,185.268448,38009,0.2867,hold,,,0.0,,,0,0.0,2.384048,3269535,0.3174,hold,,,0.0,,,0,0.0,129.220001,38225,0.2011,hold,,,0.0,,,0,0.0,106.952339,44723,0.1948,hold,,,0.0,,,0,0.0
2016-08-02,24329709,293,False,False,,184.08136,38009,0.2876,hold,,,0.0,,,0,0.0,2.330345,3269535,0.3132,hold,,,0.0,,,0,0.0,130.270004,38225,0.2047,hold,,,0.0,,,0,0.0,105.850487,44723,0.1946,hold,,,0.0,,,0,0.0
2016-08-03,24401379,293,False,False,,184.619324,38009,0.2876,hold,,,0.0,,,0,0.0,2.352423,3269535,0.3152,hold,,,0.0,,,0,0.0,129.649994,38225,0.2031,hold,,,0.0,,,0,0.0,105.911697,44723,0.1941,hold,,,0.0,,,0,0.0
2016-08-04,24521780,293,False,False,,184.815811,38009,0.2865,hold,,,0.0,,,0,0.0,2.373507,3269535,0.3165,hold,,,0.0,,,0,0.0,129.869995,38225,0.2024,hold,,,0.0,,,0,0.0,106.707451,44723,0.1946,hold,,,0.0,,,0,0.0
2016-08-05,24665294,293,False,False,,186.327393,38009,0.2871,hold,,,0.0,,,0,0.0,2.442129,3269535,0.3237,hold,,,0.0,,,0,0.0,127.550003,38225,0.1977,hold,,,0.0,,,0,0.0,105.597954,44723,0.1915,hold,,,0.0,,,0,0.0
2016-08-08,24640404,293,False,False,,186.216415,38009,0.2872,hold,,,0.0,,,0,0.0,2.434371,3269535,0.323,hold,,,0.0,,,0,0.0,127.440002,38225,0.1977,hold,,,0.0,,,0,0.0,105.796921,44723,0.192,hold,,,0.0,,,0,0.0
2016-08-09,24763715,293,False,False,,186.327393,38009,0.286,hold,,,0.0,,,0,0.0,2.450482,3269535,0.3235,hold,,,0.0,,,0,0.0,127.959999,38225,0.1975,hold,,,0.0,,,0,0.0,106.837555,44723,0.1929,hold,,,0.0,,,0,0.0
2016-08-10,24725820,293,False,False,,185.866241,38009,0.2857,hold,,,0.0,,,0,0.0,2.431586,3269535,0.3215,hold,,,0.0,,,0,0.0,128.559998,38225,0.1987,hold,,,0.0,,,0,0.0,107.250748,44723,0.194,hold,,,0.0,,,0,0.0
2016-08-11,24784558,293,False,False,,186.728745,38009,0.2864,hold,,,0.0,,,0,0.0,2.463013,3269535,0.3249,hold,,,0.0,,,0,0.0,127.669998,38225,0.1969,hold,,,0.0,,,0,0.0,106.294273,44723,0.1918,hold,,,0.0,,,0,0.0
2016-08-12,24823068,293,False,False,,186.566513,38009,0.2857,hold,,,0.0,,,0,0.0,2.467587,3269535,0.325,hold,,,0.0,,,0,0.0,127.400002,38225,0.1962,hold,,,0.0,,,0,0.0,107.189598,44723,0.1931,hold,,,0.0,,,0,0.0
2016-08-15,24916609,293,False,False,,187.104523,38009,0.2854,hold,,,0.0,,,0,0.0,2.498616,3269535,0.3279,hold,,,0.0,,,0,0.0,127.839996,38225,0.1961,hold,,,0.0,,,0,0.0,106.179436,44723,0.1906,hold,,,0.0,,,0,0.0
2016-08-16,24762590,293,False,False,,186.139542,38009,0.2857,hold,,,0.0,,,0,0.0,2.459233,3269535,0.3247,hold,,,0.0,,,0,0.0,128.470001,38225,0.1983,hold,,,0.0,,,0,0.0,105.896385,44723,0.1913,hold,,,0.0,,,0,0.0
2016-08-17,24843170,293,False,False,,186.48967,38009,0.2853,hold,,,0.0,,,0,0.0,2.470771,3269535,0.3252,hold,,,0.0,,,0,0.0,128.5,38225,0.1977,hold,,,0.0,,,0,0.0,106.531448,44723,0.1918,hold,,,0.0,,,0,0.0
2016-08-18,24897724,293,False,False,,186.908142,38009,0.2853,hold,,,0.0,,,0,0.0,2.473157,3269535,0.3248,hold,,,0.0,,,0,0.0,129.110001,38225,0.1982,hold,,,0.0,,,0,0.0,106.699806,44723,0.1917,hold,,,0.0,,,0,0.0
2016-08-19,24807727,293,False,False,,186.634888,38009,0.286,hold,,,0.0,,,0,0.0,2.469776,3269535,0.3255,hold,,,0.0,,,0,0.0,127.970001,38225,0.1972,hold,,,0.0,,,0,0.0,106.141266,44723,0.1913,hold,,,0.0,,,0,0.0
2016-08-22,24847979,293,False,False,,186.626297,38009,0.2855,hold,,,0.0,,,0,0.0,2.472162,3269535,0.3253,hold,,,0.0,,,0,0.0,127.779999,38225,0.1966,hold,,,0.0,,,0,0.0,107.03656,44723,0.1927,hold,,,0.0,,,0,0.0
2016-08-23,24914751,293,False,False,,187.002029,38009,0.2853,hold,,,0.0,,,0,0.0,2.486881,3269535,0.3264,hold,,,0.0,,,0,0.0,127.760002,38225,0.196,hold,,,0.0,,,0,0.0,107.151283,44723,0.1923,hold,,,0.0,,,0,0.0
2016-08-24,24656102,293,False,False,,186.045624,38009,0.2868,hold,,,0.0,,,0,0.0,2.438946,3269535,0.3234,hold,,,0.0,,,0,0.0,126.339996,38225,0.1959,hold,,,0.0,,,0,0.0,106.898788,44723,0.1939,hold,,,0.0,,,0,0.0
2016-08-25,24591167,293,False,False,,185.91745,38009,0.2874,hold,,,0.0,,,0,0.0,2.427409,3269535,0.3227,hold,,,0.0,,,0,0.0,126.230003,38225,0.1962,hold,,,0.0,,,0,0.0,106.493233,44723,0.1937,hold,,,0.0,,,0,0.0
2016-08-26,24581628,293,False,False,,185.567291,38009,0.2869,hold,,,0.0,,,0,0.0,2.439145,3269535,0.3244,hold,,,0.0,,,0,0.0,126.050003,38225,0.196,hold,,,0.0,,,0,0.0,105.87339,44723,0.1926,hold,,,0.0,,,0,0.0
2016-08-29,24711343,293,False,False,,186.48111,38009,0.2868,hold,,,0.0,,,0,0.0,2.445908,3269535,0.3236,hold,,,0.0,,,0,0.0,126.300003,38225,0.1954,hold,,,0.0,,,0,0.0,107.289078,44723,0.1942,hold,,,0.0,,,0,0.0
2016-08-30,24560444,293,False,False,,186.173676,38009,0.2881,hold,,,0.0,,,0,0.0,2.423829,3269535,0.3227,hold,,,0.0,,,0,0.0,125.029999,38225,0.1946,hold,,,0.0,,,0,0.0,106.87587,44723,0.1946,hold,,,0.0,,,0,0.0
2016-08-31,24516795,293,False,False,,185.644196,38009,0.2878,hold,,,0.0,,,0,0.0,2.417464,3269535,0.3224,hold,,,0.0,,,0,0.0,124.779999,38225,0.1945,hold,,,0.0,,,0,0.0,107.028877,44723,0.1952,hold,,,0.0,,,0,0.0
2016-09-01,24577012,293,True,False,,185.652725,38009,0.2871,hold,,,0.0,,,0,0.0,2.428205,3269535,0.323,hold,,,0.0,,,0,0.0,125.290001,38225,0.1949,hold,,,0.0,,,0,0.0,107.146942,44723,0.195,hold,,,0.0,,,0,0.0
2016-09-02,24711661,293,False,False,,186.48967,38009,0.2868,hold,,,0.0,,,0,0.0,2.456648,3269535,0.325,hold,,,0.0,,,0,0.0,126.57,38225,0.1958,hold,,,0.0,,,0,0.0,106.272995,44723,0.1923,hold,,,0.0,,,0,0.0
2016-09-06,24998436,293,False,False,,187.053299,38009,0.2844,hold,,,0.0,,,0,0.0,2.502196,3269535,0.3273,hold,,,0.0,,,0,0.0,128.710007,38225,0.1968,hold,,,0.0,,,0,0.0,107.047295,44723,0.1915,hold,,,0.0,,,0,0.0
2016-09-07,24992498,293,False,False,,187.036255,38009,0.2844,hold,,,0.0,,,0,0.0,2.506771,3269535,0.3279,hold,,,0.0,,,0,0.0,128.270004,38225,0.1962,hold,,,0.0,,,0,0.0,106.970627,44723,0.1914,hold,,,0.0,,,0,0.0
2016-09-08,24749807,293,False,False,,186.609222,38009,0.2866,hold,,,0.0,,,0,0.0,2.463809,3269535,0.3255,hold,,,0.0,,,0,0.0,127.589996,38225,0.1971,hold,,,0.0,,,0,0.0,105.629021,44723,0.1909,hold,,,0.0,,,0,0.0
2016-09-09,23859460,293,False,False,,182.142776,38009,0.2902,hold,,,0.0,,,0,0.0,2.277039,3269535,0.312,hold,,,0.0,,,0,0.0,126.75,38225,0.2031,hold,,,0.0,,,0,0.0,103.888916,44723,0.1947,hold,,,0.0,,,0,0.0
2016-09-12,24336809,293,False,False,,184.756027,38009,0.2886,hold,,,0.0,,,0,0.0,2.393796,3269535,0.3216,hold,,,0.0,,,0,0.0,126.589996,38225,0.1988,hold,,,0.0,,,0,0.0,103.942528,44723,0.191,hold,,,0.0,,,0,0.0
2016-09-13,23966257,293,False,False,,182.100052,38009,0.2888,hold,,,0.0,,,0,0.0,2.337306,3269535,0.3189,hold,,,0.0,,,0,0.0,125.75,38225,0.2006,hold,,,0.0,,,0,0.0,102.762009,44723,0.1918,hold,,,0.0,,,0,0.0
2016-09-14,24085153,293,False,False,,182.031723,38009,0.2873,hold,,,0.0,,,0,0.0,2.367341,3269535,0.3214,hold,,,0.0,,,0,0.0,126.18,38225,0.2003,hold,,,0.0,,,0,0.0,102.915306,44723,0.1911,hold,,,0.0,,,0,0.0
2016-09-15,24462420,293,False,False,,183.850769,38009,0.2857,hold,,,0.0,,,0,0.0,2.477134,3269535,0.3311,hold,,,0.0,,,0,0.0,125.370003,38225,0.1959,hold,,,0.0,,,0,0.0,102.470718,44723,0.1873,hold,,,0.0,,,0,0.0
2016-09-16,24451480,293,False,False,,183.14006,38009,0.2847,hold,,,0.0,,,0,0.0,2.47435,3269535,0.3309,hold,,,0.0,,,0,0.0,125.059998,38225,0.1955,hold,,,0.0,,,0,0.0,103.298599,44723,0.1889,hold,,,0.0,,,0,0.0
2016-09-19,24341638,293,False,False,,183.174438,38009,0.286,hold,,,0.0,,,0,0.0,2.441929,3269535,0.328,hold,,,0.0,,,0,0.0,125.32,38225,0.1968,hold,,,0.0,,,0,0.0,102.961304,44723,0.1892,hold,,,0.0,,,0,0.0
2016-09-20,24406890,293,False,False,,183.182983,38009,0.2853,hold,,,0.0,,,0,0.0,2.455455,3269535,0.3289,hold,,,0.0,,,0,0.0,125.440002,38225,0.1965,hold,,,0.0,,,0,0.0,103.321648,44723,0.1893,hold,,,0.0,,,0,0.0
2016-09-21,24825975,293,False,False,,185.243011,38009,0.2836,hold,,,0.0,,,0,0.0,2.526861,3269535,0.3328,hold,,,0.0,,,0,0.0,127.269997,38225,0.196,hold,,,0.0,,,0,0.0,104.157227,44723,0.1876,hold,,,0.0,,,0,0.0
2016-09-22,25111982,293,False,False,,186.410294,38009,0.2821,hold,,,0.0,,,0,0.0,2.585935,3269535,0.3367,hold,,,0.0,,,0,0.0,127.57,38225,0.1942,hold,,,0.0,,,0,0.0,104.985153,44723,0.187,hold,,,0.0,,,0,0.0
2016-09-23,24919584,293,False,False,,185.388901,38009,0.2828,hold,,,0.0,,,0,0.0,2.539392,3269535,0.3332,hold,,,0.0,,,0,0.0,127.650002,38225,0.1958,hold,,,0.0,,,0,0.0,104.885437,44723,0.1882,hold,,,0.0,,,0,0.0
2016-09-26,24682345,293,False,False,,183.88681,38009,0.2832,hold,,,0.0,,,0,0.0,2.476339,3269535,0.328,hold,,,0.0,,,0,0.0,127.550003,38225,0.1975,hold,,,0.0,,,0,0.0,105.552437,44723,0.1913,hold,,,0.0,,,0,0.0
2016-09-27,24954376,293,False,False,,185.028412,38009,0.2818,hold,,,0.0,,,0,0.0,2.546552,3269535,0.3337,hold,,,0.0,,,0,0.0,126.620003,38225,0.194,hold,,,0.0,,,0,0.0,106.326653,44723,0.1906,hold,,,0.0,,,0,0.0
2016-09-28,25009229,293,False,False,,185.946808,38009,0.2826,hold,,,0.0,,,0,0.0,2.560475,3269535,0.3347,hold,,,0.0,,,0,0.0,126.220001,38225,0.1929,hold,,,0.0,,,0,0.0,106.096664,44723,0.1897,hold,,,0.0,,,0,0.0
2016-09-29,24774017,293,False,False,,184.264465,38009,0.2827,hold,,,0.0,,,0,0.0,2.506175,3269535,0.3308,hold,,,0.0,,,0,0.0,126.07,38225,0.1945,hold,,,0.0,,,0,0.0,106.365013,44723,0.192,hold,,,0.0,,,0,0.0
2016-09-30,24936346,293,False,False,,185.654938,38009,0.283,hold,,,0.0,,,0,0.0,2.55769,3269535,0.3354,hold,,,0.0,,,0,0.0,125.639999,38225,0.1926,hold,,,0.0,,,0,0.0,105.414391,44723,0.1891,hold,,,0.0,,,0,0.0
2016-10-03,24872737,293,True,False,,185.208603,38009,0.283,hold,INCREASE_TO_TARGET,rebalance 2016-10-03,422227.0,,,0,0.0,2.551923,3269535,0.3355,hold,REDUCE_TO_TARGET,rebalance 2016-10-03,-881780.0,,,0,0.0,125.32,38225,0.1926,hold,INCREASE_TO_TARGET,rebalance 2016-10-03,184190.0,,,0,0.0,105.066551,44723,0.1889,hold,INCREASE_TO_TARGET,rebalance 2016-10-03,275656.0,,,0,0.0
2016-10-04,24565576,154,False,True,monthly,184.264465,40280,0.3021,hold,,,0.0,INCREASE_TO_TARGET,buy,2271,185.32021,2.537402,2925401,0.3022,hold,,,0.0,REDUCE_TO_TARGET,sell,344134,2.562313,120.970001,39716,0.1956,hold,,,0.0,INCREASE_TO_TARGET,buy,1491,123.160004,103.837753,47342,0.2001,hold,,,0.0,INCREASE_TO_TARGET,buy,2619,104.920588
2016-10-05,24645366,154,False,False,,185.079926,40280,0.3025,hold,,,0.0,,,0,0.0,2.563858,2925401,0.3043,hold,,,0.0,,,0,0.0,120.779999,39716,0.1946,hold,,,0.0,,,0,0.0,103.353928,47342,0.1985,hold,,,0.0,,,0,0.0
2016-10-06,24567161,154,False,False,,185.208603,40280,0.3037,hold,,,0.0,,,0,0.0,2.559879,2925401,0.3048,hold,,,0.0,,,0,0.0,119.660004,39716,0.1934,hold,,,0.0,,,0,0.0,102.777977,47342,0.1981,hold,,,0.0,,,0,0.0
2016-10-07,24499144,154,False,False,,184.573456,40280,0.3035,hold,,,0.0,,,0,0.0,2.54317,2925401,0.3037,hold,,,0.0,,,0,0.0,119.739998,39716,0.1941,hold,,,0.0,,,0,0.0,102.847061,47342,0.1987,hold,,,0.0,,,0,0.0
2016-10-10,24659077,154,False,False,,185.534836,40280,0.3031,hold,,,0.0,,,0,0.0,2.588719,2925401,0.3071,hold,,,0.0,,,0,0.0,120.160004,39716,0.1935,hold,,,0.0,,,0,0.0,102.240387,47342,0.1963,hold,,,0.0,,,0,0.0
2016-10-11,24216508,154,False,False,,183.191544,40280,0.3047,hold,,,0.0,,,0,0.0,2.481709,2925401,0.2998,hold,,,0.0,,,0,0.0,119.550003,39716,0.1961,hold,,,0.0,,,0,0.0,102.009979,47342,0.1994,hold,,,0.0,,,0,0.0
2016-10-12,24223334,154,False,False,,183.431931,40280,0.305,hold,,,0.0,,,0,0.0,2.476538,2925401,0.2991,hold,,,0.0,,,0,0.0,119.739998,39716,0.1963,hold,,,0.0,,,0,0.0,102.109795,47342,0.1996,hold,,,0.0,,,0,0.0
2016-10-13,24143880,154,False,False,,182.831055,40280,0.305,hold,,,0.0,,,0,0.0,2.447499,2925401,0.2966,hold,,,0.0,,,0,0.0,120.029999,39716,0.1974,hold,,,0.0,,,0,0.0,102.493858,47342,0.201,hold,,,0.0,,,0,0.0
2016-10-14,24069378,154,False,False,,182.925491,40280,0.3061,hold,,,0.0,,,0,0.0,2.453068,2925401,0.2981,hold,,,0.0,,,0,0.0,119.360001,39716,0.197,hold,,,0.0,,,0,0.0,101.057747,47342,0.1988,hold,,,0.0,,,0,0.0
2016-10-17,24037582,154,False,False,,182.290359,40280,0.3055,hold,,,0.0,,,0,0.0,2.436161,2925401,0.2965,hold,,,0.0,,,0,0.0,119.68,39716,0.1977,hold,,,0.0,,,0,0.0,101.702805,47342,0.2003,hold,,,0.0,,,0,0.0
2016-10-18,24311294,154,False,False,,183.431931,40280,0.3039,hold,,,0.0,,,0,0.0,2.498616,2925401,0.3007,hold,,,0.0,,,0,0.0,120.419998,39716,0.1967,hold,,,0.0,,,0,0.0,102.03302,47342,0.1987,hold,,,0.0,,,0,0.0
2016-10-19,24365314,154,False,False,,183.921143,40280,0.3041,hold,,,0.0,,,0,0.0,2.499611,2925401,0.3001,hold,,,0.0,,,0,0.0,121.110001,39716,0.1974,hold,,,0.0,,,0,0.0,102.117508,47342,0.1984,hold,,,0.0,,,0,0.0
2016-10-20,24311043,154,False,False,,183.577835,40280,0.3042,hold,,,0.0,,,0,0.0,2.489069,2925401,0.2995,hold,,,0.0,,,0,0.0,120.739998,39716,0.1972,hold,,,0.0,,,0,0.0,102.225075,47342,0.1991,hold,,,0.0,,,0,0.0
2016-10-21,24404479,154,False,False,,183.663651,40280,0.3031,hold,,,0.0,,,0,0.0,2.51612,2925401,0.3016,hold,,,0.0,,,0,0.0,120.830002,39716,0.1966,hold,,,0.0,,,0,0.0,102.378624,47342,0.1986,hold,,,0.0,,,0,0.0
2016-10-24,24672372,154,False,False,,184.444748,40280,0.3011,hold,,,0.0,,,0,0.0,2.607814,2925401,0.3092,hold,,,0.0,,,0,0.0,120.559998,39716,0.1941,hold,,,0.0,,,0,0.0,101.933189,47342,0.1956,hold,,,0.0,,,0,0.0
2016-10-25,24620122,154,False,False,,183.826752,40280,0.3008,hold,,,0.0,,,0,0.0,2.581758,2925401,0.3068,hold,,,0.0,,,0,0.0,121.470001,39716,0.1959,hold,,,0.0,,,0,0.0,102.201981,47342,0.1965,hold,,,0.0,,,0,0.0
2016-10-26,24400643,154,False,False,,183.457642,40280,0.3028,hold,,,0.0,,,0,0.0,2.532232,2925401,0.3036,hold,,,0.0,,,0,0.0,120.790001,39716,0.1966,hold,,,0.0,,,0,0.0,101.510826,47342,0.197,hold,,,0.0,,,0,0.0
2016-10-27,24233743,154,False,False,,182.96846,40280,0.3041,hold,,,0.0,,,0,0.0,2.496826,2925401,0.3014,hold,,,0.0,,,0,0.0,121.010002,39716,0.1983,hold,,,0.0,,,0,0.0,100.404915,47342,0.1961,hold,,,0.0,,,0,0.0
2016-10-28,24097789,154,False,False,,182.427658,40280,0.3049,hold,,,0.0,,,0,0.0,2.453664,2925401,0.2979,hold,,,0.0,,,0,0.0,121.580002,39716,0.2004,hold,,,0.0,,,0,0.0,100.182228,47342,0.1968,hold,,,0.0,,,0,0.0
2016-10-31,24100787,154,False,False,,182.436203,40280,0.3049,hold,,,0.0,,,0,0.0,2.439741,2925401,0.2961,hold,,,0.0,,,0,0.0,121.940002,39716,0.2009,hold,,,0.0,,,0,0.0,100.796608,47342,0.198,hold,,,0.0,,,0,0.0
2016-11-01,23932656,154,True,False,,181.114441,40280,0.3048,hold,,,0.0,,,0,0.0,2.389618,2925401,0.2921,hold,,,0.0,,,0,0.0,122.730003,39716,0.2037,hold,,,0.0,,,0,0.0,100.804291,47342,0.1994,hold,,,0.0,,,0,0.0
2016-11-02,23763527,154,False,False,,180.024414,40280,0.3051,hold,,,0.0,,,0,0.0,2.327361,2925401,0.2865,hold,,,0.0,,,0,0.0,123.639999,39716,0.2066,hold,,,0.0,,,0,0.0,101.242867,47342,0.2017,hold,,,0.0,,,0,0.0
2016-11-03,23523664,154,False,False,,179.200317,40280,0.3068,hold,,,0.0,,,0,0.0,2.260331,2925401,0.2811,hold,,,0.0,,,0,0.0,124.300003,39716,0.2099,hold,,,0.0,,,0,0.0,100.465721,47342,0.2022,hold,,,0.0,,,0,0.0
2016-11-04,23486847,154,False,False,,179.002975,40280,0.307,hold,,,0.0,,,0,0.0,2.234672,2925401,0.2783,hold,,,0.0,,,0,0.0,124.389999,39716,0.2103,hold,,,0.0,,,0,0.0,101.365974,47342,0.2043,hold,,,0.0,,,0,0.0
2016-11-07,23984527,154,False,False,,182.951218,40280,0.3073,hold,,,0.0,,,0,0.0,2.394789,2925401,0.2921,hold,,,0.0,,,0,0.0,122.150002,39716,0.2023,hold,,,0.0,,,0,0.0,100.504211,47342,0.1984,hold,,,0.0,,,0,0.0
2016-11-08,24115478,154,False,False,,183.775177,40280,0.307,hold,,,0.0,,,0,0.0,2.44173,2925401,0.2962,hold,,,0.0,,,0,0.0,121.639999,39716,0.2003,hold,,,0.0,,,0,0.0,100.096458,47342,0.1965,hold,,,0.0,,,0,0.0
2016-11-09,24089788,154,False,False,,185.723633,40280,0.3105,hold,,,0.0,,,0,0.0,2.475941,2925401,0.3007,hold,,,0.0,,,0,0.0,121.559998,39716,0.2004,hold,,,0.0,,,0,0.0,95.849129,47342,0.1884,hold,,,0.0,,,0,0.0
2016-11-10,23625082,154,False,False,,186.187149,40280,0.3174,hold,,,0.0,,,0,0.0,2.358191,2925401,0.292,hold,,,0.0,,,0,0.0,119.75,39716,0.2013,hold,,,0.0,,,0,0.0,94.433357,47342,0.1892,hold,,,0.0,,,0,0.0
2016-11-11,23471593,154,False,False,,185.757935,40280,0.3188,hold,,,0.0,,,0,0.0,2.356203,2925401,0.2937,hold,,,0.0,,,0,0.0,117.099998,39716,0.1981,hold,,,0.0,,,0,0.0,93.902405,47342,0.1894,hold,,,0.0,,,0,0.0
2016-11-14,23178813,154,False,False,,185.9039,40280,0.3231,hold,,,0.0,,,0,0.0,2.276641,2925401,0.2873,hold,,,0.0,,,0,0.0,116.110001,39716,0.199,hold,,,0.0,,,0,0.0,93.340736,47342,0.1906,hold,,,0.0,,,0,0.0
2016-11-15,23607601,154,False,False,,187.354477,40280,0.3197,hold,,,0.0,,,0,0.0,2.382059,2925401,0.2952,hold,,,0.0,,,0,0.0,117.120003,39716,0.197,hold,,,0.0,,,0,0.0,93.802399,47342,0.1881,hold,,,0.0,,,0,0.0
2016-11-16,23733057,154,False,False,,187.002533,40280,0.3174,hold,,,0.0,,,0,0.0,2.420845,2925401,0.2984,hold,,,0.0,,,0,0.0,116.769997,39716,0.1954,hold,,,0.0,,,0,0.0,94.648758,47342,0.1888,hold,,,0.0,,,0,0.0
2016-11-17,23846104,154,False,False,,187.963821,40280,0.3175,hold,,,0.0,,,0,0.0,2.476936,2925401,0.3039,hold,,,0.0,,,0,0.0,116.169998,39716,0.1935,hold,,,0.0,,,0,0.0,93.256065,47342,0.1851,hold,,,0.0,,,0,0.0
2016-11-18,23694442,154,False,False,,187.543289,40280,0.3188,hold,,,0.0,,,0,0.0,2.449089,2925401,0.3024,hold,,,0.0,,,0,0.0,115.150002,39716,0.193,hold,,,0.0,,,0,0.0,92.986778,47342,0.1858,hold,,,0.0,,,0,0.0
2016-11-21,23994789,154,False,False,,188.959488,40280,0.3172,hold,,,0.0,,,0,0.0,2.522684,2925401,0.3076,hold,,,0.0,,,0,0.0,115.580002,39716,0.1913,hold,,,0.0,,,0,0.0,93.217644,47342,0.1839,hold,,,0.0,,,0,0.0
2016-11-22,24072942,154,False,False,,189.328537,40280,0.3168,hold,,,0.0,,,0,0.0,2.545359,2925401,0.3093,hold,,,0.0,,,0,0.0,115.540001,39716,0.1906,hold,,,0.0,,,0,0.0,93.186852,47342,0.1833,hold,,,0.0,,,0,0.0
2016-11-23,23879413,154,False,False,,189.43161,40280,0.3195,hold,,,0.0,,,0,0.0,2.514728,2925401,0.3081,hold,,,0.0,,,0,0.0,113.25,39716,0.1884,hold,,,0.0,,,0,0.0,92.825165,47342,0.184,hold,,,0.0,,,0,0.0
2016-11-25,23959888,154,False,False,,190.135391,40280,0.3196,hold,,,0.0,,,0,0.0,2.538993,2925401,0.31,hold,,,0.0,,,0,0.0,112.610001,39716,0.1867,hold,,,0.0,,,0,0.0,92.963745,47342,0.1837,hold,,,0.0,,,0,0.0
2016-11-28,23962301,154,False,False,,189.242752,40280,0.3181,hold,,,0.0,,,0,0.0,2.524871,2925401,0.3082,hold,,,0.0,,,0,0.0,113.800003,39716,0.1886,hold,,,0.0,,,0,0.0,93.648514,47342,0.185,hold,,,0.0,,,0,0.0
2016-11-29,24045687,154,False,False,,189.611801,40280,0.3176,hold,,,0.0,,,0,0.0,2.549138,2925401,0.3101,hold,,,0.0,,,0,0.0,113.269997,39716,0.1871,hold,,,0.0,,,0,0.0,94.04097,47342,0.1852,hold,,,0.0,,,0,0.0
2016-11-30,23653396,154,False,False,,189.156906,40280,0.3221,hold,,,0.0,,,0,0.0,2.466594,2925401,0.3051,hold,,,0.0,,,0,0.0,111.75,39716,0.1876,hold,,,0.0,,,0,0.0,92.517471,47342,0.1852,hold,,,0.0,,,0,0.0
2016-12-01,23174552,154,True,False,,188.461716,40280,0.3276,hold,,,0.0,,,0,0.0,2.331141,2925401,0.2943,hold,,,0.0,,,0,0.0,111.540001,39716,0.1912,hold,,,0.0,,,0,0.0,91.540596,47342,0.187,hold,,,0.0,,,0,0.0
2016-12-02,23261282,154,False,False,,188.556076,40280,0.3265,hold,,,0.0,,,0,0.0,2.340489,2925401,0.2943,hold,,,0.0,,,0,0.0,112.139999,39716,0.1915,hold,,,0.0,,,0,0.0,92.211319,47342,0.1877,hold,,,0.0,,,0,0.0
2016-12-05,23436616,154,False,False,,189.689102,40280,0.326,hold,,,0.0,,,0,0.0,2.394591,2925401,0.2989,hold,,,0.0,,,0,0.0,111.540001,39716,0.189,hold,,,0.0,,,0,0.0,92.111092,47342,0.1861,hold,,,0.0,,,0,0.0
2016-12-06,23503783,154,False,False,,190.289886,40280,0.3261,hold,,,0.0,,,0,0.0,2.411895,2925401,0.3002,hold,,,0.0,,,0,0.0,111.43,39716,0.1883,hold,,,0.0,,,0,0.0,92.041718,47342,0.1854,hold,,,0.0,,,0,0.0
2016-12-07,23919003,154,False,False,,192.779022,40280,0.3246,hold,,,0.0,,,0,0.0,2.501401,2925401,0.3059,hold,,,0.0,,,0,0.0,111.830002,39716,0.1857,hold,,,0.0,,,0,0.0,92.828117,47342,0.1837,hold,,,0.0,,,0,0.0
2016-12-08,23920665,154,False,False,,193.251099,40280,0.3254,hold,,,0.0,,,0,0.0,2.516716,2925401,0.3078,hold,,,0.0,,,0,0.0,111.57,39716,0.1852,hold,,,0.0,,,0,0.0,91.73333,47342,0.1816,hold,,,0.0,,,0,0.0
2016-12-09,24039429,154,False,False,,194.418411,40280,0.3258,hold,,,0.0,,,0,0.0,2.575591,2925401,0.3134,hold,,,0.0,,,0,0.0,110.400002,39716,0.1824,hold,,,0.0,,,0,0.0,90.592247,47342,0.1784,hold,,,0.0,,,0,0.0
2016-12-12,23950417,154,False,False,,194.195297,40280,0.3266,hold,,,0.0,,,0,0.0,2.539789,2925401,0.3102,hold,,,0.0,,,0,0.0,110.82,39716,0.1838,hold,,,0.0,,,0,0.0,90.761871,47342,0.1794,hold,,,0.0,,,0,0.0
2016-12-13,24293613,154,False,False,,195.491364,40280,0.3241,hold,,,0.0,,,0,0.0,2.639042,2925401,0.3178,hold,,,0.0,,,0,0.0,110.449997,39716,0.1806,hold,,,0.0,,,0,0.0,91.085686,47342,0.1775,hold,,,0.0,,,0,0.0
2016-12-14,24059653,154,False,False,,193.877731,40280,0.3246,hold,,,0.0,,,0,0.0,2.619748,2925401,0.3185,hold,,,0.0,,,0,0.0,108.830002,39716,0.1796,hold,,,0.0,,,0,0.0,90.067978,47342,0.1772,hold,,,0.0,,,0,0.0
2016-12-15,24100711,154,False,False,,194.675934,40280,0.3254,hold,,,0.0,,,0,0.0,2.63566,2925401,0.3199,hold,,,0.0,,,0,0.0,107.339996,39716,0.1769,hold,,,0.0,,,0,0.0,90.522842,47342,0.1778,hold,,,0.0,,,0,0.0
2016-12-16,24010039,154,False,False,,194.295197,40280,0.326,hold,,,0.0,,,0,0.0,2.603637,2925401,0.3172,hold,,,0.0,,,0,0.0,108.050003,39716,0.1787,hold,,,0.0,,,0,0.0,90.31469,47342,0.1781,hold,,,0.0,,,0,0.0
2016-12-19,24187614,154,False,False,,194.718201,40280,0.3243,hold,,,0.0,,,0,0.0,2.635462,2925401,0.3187,hold,,,0.0,,,0,0.0,108.589996,39716,0.1783,hold,,,0.0,,,0,0.0,91.286118,47342,0.1787,hold,,,0.0,,,0,0.0
2016-12-20,24257662,154,False,False,,195.46936,40280,0.3246,hold,,,0.0,,,0,0.0,2.667286,2925401,0.3217,hold,,,0.0,,,0,0.0,107.790001,39716,0.1765,hold,,,0.0,,,0,0.0,90.831261,47342,0.1773,hold,,,0.0,,,0,0.0
2016-12-21,24229768,154,False,False,,194.925446,40280,0.324,hold,,,0.0,,,0,0.0,2.657937,2925401,0.3209,hold,,,0.0,,,0,0.0,107.849998,39716,0.1768,hold,,,0.0,,,0,0.0,91.232216,47342,0.1783,hold,,,0.0,,,0,0.0
2016-12-22,24130665,154,False,False,,194.588745,40280,0.3248,hold,,,0.0,,,0,0.0,2.634866,2925401,0.3194,hold,,,0.0,,,0,0.0,107.589996,39716,0.1771,hold,,,0.0,,,0,0.0,91.069092,47342,0.1787,hold,,,0.0,,,0,0.0
2016-12-23,24188279,154,False,False,,194.873627,40280,0.3245,hold,,,0.0,,,0,0.0,2.64302,2925401,0.3197,hold,,,0.0,,,0,0.0,107.93,39716,0.1772,hold,,,0.0,,,0,0.0,91.254578,47342,0.1786,hold,,,0.0,,,0,0.0
2016-12-27,24331753,154,False,False,,195.357147,40280,0.3234,hold,,,0.0,,,0,0.0,2.681607,2925401,0.3224,hold,,,0.0,,,0,0.0,108.559998,39716,0.1772,hold,,,0.0,,,0,0.0,90.960846,47342,0.177,hold,,,0.0,,,0,0.0
2016-12-28,24128564,154,False,False,,193.742615,40280,0.3234,hold,,,0.0,,,0,0.0,2.61955,2925401,0.3176,hold,,,0.0,,,0,0.0,108.860001,39716,0.1792,hold,,,0.0,,,0,0.0,91.625618,47342,0.1798,hold,,,0.0,,,0,0.0
2016-12-29,24161756,154,False,False,,193.699493,40280,0.3229,hold,,,0.0,,,0,0.0,2.606821,2925401,0.3156,hold,,,0.0,,,0,0.0,110.290001,39716,0.1813,hold,,,0.0,,,0,0.0,91.950325,47342,0.1802,hold,,,0.0,,,0,0.0
2016-12-30,23889954,154,False,False,,192.991501,40280,0.3254,hold,,,0.0,,,0,0.0,2.530639,2925401,0.3099,hold,,,0.0,,,0,0.0,109.610001,39716,0.1822,hold,,,0.0,,,0,0.0,92.089424,47342,0.1825,hold,,,0.0,,,0,0.0
2017-01-03,24181462,154,True,False,,194.46788,40280,0.3239,hold,,,0.0,,,0,0.0,2.591902,2925401,0.3136,hold,,,0.0,,,0,0.0,110.470001,39716,0.1814,hold,,,0.0,,,0,0.0,92.483688,47342,0.1811,hold,,,0.0,,,0,0.0
2017-01-04,24389561,154,False,False,,195.624756,40280,0.3231,hold,,,0.0,,,0,0.0,2.636059,2925401,0.3162,hold,,,0.0,,,0,0.0,110.860001,39716,0.1805,hold,,,0.0,,,0,0.0,92.839272,47342,0.1802,hold,,,0.0,,,0,0.0
2017-01-05,24657155,154,False,False,,195.46936,40280,0.3193,hold,,,0.0,,,0,0.0,2.682801,2925401,0.3183,hold,,,0.0,,,0,0.0,112.580002,39716,0.1813,hold,,,0.0,,,0,0.0,94.292572,47342,0.181,hold,,,0.0,,,0,0.0
2017-01-06,24810368,154,False,False,,196.168701,40280,0.3185,hold,,,0.0,,,0,0.0,2.750825,2925401,0.3244,hold,,,0.0,,,0,0.0,111.75,39716,0.1789,hold,,,0.0,,,0,0.0,93.42675,47342,0.1783,hold,,,0.0,,,0,0.0
2017-01-09,24937785,154,False,False,,195.521164,40280,0.3158,hold,,,0.0,,,0,0.0,2.778672,2925401,0.326,hold,,,0.0,,,0,0.0,112.669998,39716,0.1794,hold,,,0.0,,,0,0.0,94.176575,47342,0.1788,hold,,,0.0,,,0,0.0
2017-01-10,25000467,154,False,False,,195.521164,40280,0.315,hold,,,0.0,,,0,0.0,2.794583,2925401,0.327,hold,,,0.0,,,0,0.0,113.150002,39716,0.1798,hold,,,0.0,,,0,0.0,94.114723,47342,0.1782,hold,,,0.0,,,0,0.0
2017-01-11,25114477,154,False,False,,196.073761,40280,0.3145,hold,,,0.0,,,0,0.0,2.816065,2925401,0.328,hold,,,0.0,,,0,0.0,113.5,39716,0.1795,hold,,,0.0,,,0,0.0,94.431717,47342,0.178,hold,,,0.0,,,0,0.0
2017-01-12,25059158,154,False,False,,195.581604,40280,0.3144,hold,,,0.0,,,0,0.0,2.801744,2925401,0.3271,hold,,,0.0,,,0,0.0,113.910004,39716,0.1805,hold,,,0.0,,,0,0.0,94.222946,47342,0.178,hold,,,0.0,,,0,0.0
2017-01-13,25162191,154,False,False,,196.030502,40280,0.3138,hold,,,0.0,,,0,0.0,2.833966,2925401,0.3295,hold,,,0.0,,,0,0.0,114.209999,39716,0.1803,hold,,,0.0,,,0,0.0,93.774597,47342,0.1764,hold,,,0.0,,,0,0.0
2017-01-17,25168018,154,False,False,,195.339905,40280,0.3126,hold,,,0.0,,,0,0.0,2.807314,2925401,0.3263,hold,,,0.0,,,0,0.0,115.849998,39716,0.1828,hold,,,0.0,,,0,0.0,94.75634,47342,0.1782,hold,,,0.0,,,0,0.0
2017-01-18,25144886,154,False,False,,195.77153,40280,0.3136,hold,,,0.0,,,0,0.0,2.826408,2925401,0.3288,hold,,,0.0,,,0,0.0,114.870003,39716,0.1814,hold,,,0.0,,,0,0.0,93.542747,47342,0.1761,hold,,,0.0,,,0,0.0
2017-01-19,25059217,154,False,False,,195.046326,40280,0.3135,hold,,,0.0,,,0,0.0,2.81885,2925401,0.3291,hold,,,0.0,,,0,0.0,114.769997,39716,0.1819,hold,,,0.0,,,0,0.0,92.901131,47342,0.1755,hold,,,0.0,,,0,0.0
2017-01-20,25143949,154,False,False,,195.762909,40280,0.3136,hold,,,0.0,,,0,0.0,2.837149,2925401,0.3301,hold,,,0.0,,,0,0.0,115.050003,39716,0.1817,hold,,,0.0,,,0,0.0,92.715569,47342,0.1746,hold,,,0.0,,,0,0.0
2017-01-23,25215353,154,False,False,,195.253479,40280,0.3119,hold,,,0.0,,,0,0.0,2.843513,2925401,0.3299,hold,,,0.0,,,0,0.0,115.790001,39716,0.1824,hold,,,0.0,,,0,0.0,93.643219,47342,0.1758,hold,,,0.0,,,0,0.0
2017-01-24,25388157,154,False,False,,196.505447,40280,0.3118,hold,,,0.0,,,0,0.0,2.902788,2925401,0.3345,hold,,,0.0,,,0,0.0,115.269997,39716,0.1803,hold,,,0.0,,,0,0.0,93.001595,47342,0.1734,hold,,,0.0,,,0,0.0
2017-01-25,25611552,154,False,False,,198.206284,40280,0.3117,hold,,,0.0,,,0,0.0,2.98752,2925401,0.3412,hold,,,0.0,,,0,0.0,114.32,39716,0.1773,hold,,,0.0,,,0,0.0,91.834358,47342,0.1698,hold,,,0.0,,,0,0.0
2017-01-26,25611818,154,False,False,,197.999084,40280,0.3114,hold,,,0.0,,,0,0.0,2.999851,2925401,0.3426,hold,,,0.0,,,0,0.0,113.260002,39716,0.1756,hold,,,0.0,,,0,0.0,92.143539,47342,0.1703,hold,,,0.0,,,0,0.0
2017-01-27,25666065,154,False,False,,197.688263,40280,0.3102,hold,,,0.0,,,0,0.0,3.014172,2925401,0.3436,hold,,,0.0,,,0,0.0,113.489998,39716,0.1756,hold,,,0.0,,,0,0.0,92.47596,47342,0.1706,hold,,,0.0,,,0,0.0
2017-01-30,25422407,154,False,False,,196.46228,40280,0.3113,hold,,,0.0,,,0,0.0,2.94575,2925401,0.339,hold,,,0.0,,,0,0.0,113.970001,39716,0.178,hold,,,0.0,,,0,0.0,92.197624,47342,0.1717,hold,,,0.0,,,0,0.0
2017-01-31,25467124,154,False,False,,196.445023,40280,0.3107,hold,,,0.0,,,0,0.0,2.929439,2925401,0.3365,hold,,,0.0,,,0,0.0,115.550003,39716,0.1802,hold,,,0.0,,,0,0.0,92.839272,47342,0.1726,hold,,,0.0,,,0,0.0
2017-02-01,25592103,154,True,False,,196.522675,40280,0.3093,hold,REDUCE_TO_TARGET,rebalance 2017-02-01,-238302.0,,,0,0.0,2.985133,2925401,0.3412,hold,REDUCE_TO_TARGET,rebalance 2017-02-01,-1055080.0,,,0,0.0,115.199997,39716,0.1788,hold,INCREASE_TO_TARGET,rebalance 2017-02-01,543137.0,,,0,0.0,92.265251,47342,0.1707,hold,INCREASE_TO_TARGET,rebalance 2017-02-01,750399.0,,,0,0.0
2017-02-02,25580737,98,False,True,monthly,196.652206,39064,0.3003,hold,,,0.0,REDUCE_TO_TARGET,sell,1216,195.933123,2.977575,2569089,0.299,hold,,,0.0,REDUCE_TO_TARGET,sell,356312,2.961106,115.839996,44373,0.2009,hold,,,0.0,INCREASE_TO_TARGET,buy,4657,116.260002,92.226494,55394,0.1997,hold,,,0.0,INCREASE_TO_TARGET,buy,8052,92.908216
2017-02-03,25710841,98,False,False,,198.007721,39064,0.3008,hold,,,0.0,,,0,0.0,3.003432,2569089,0.3001,hold,,,0.0,,,0,0.0,116.129997,44373,0.2004,hold,,,0.0,,,0,0.0,92.187759,55394,0.1986,hold,,,0.0,,,0,0.0
2017-02-06,25826191,98,False,False,,197.653732,39064,0.299,hold,,,0.0,,,0,0.0,3.01457,2569089,0.2999,hold,,,0.0,,,0,0.0,117.699997,44373,0.2022,hold,,,0.0,,,0,0.0,92.745552,55394,0.1989,hold,,,0.0,,,0,0.0
2017-02-07,25933359,98,False,False,,197.662369,39064,0.2977,hold,,,0.0,,,0,0.0,3.045599,2569089,0.3017,hold,,,0.0,,,0,0.0,117.459999,44373,0.201,hold,,,0.0,,,0,0.0,93.427277,55394,0.1996,hold,,,0.0,,,0,0.0
2017-02-08,26090191,98,False,False,,197.921402,39064,0.2963,hold,,,0.0,,,0,0.0,3.062705,2569089,0.3016,hold,,,0.0,,,0,0.0,118.190002,44373,0.201,hold,,,0.0,,,0,0.0,94.697708,55394,0.2011,hold,,,0.0,,,0,0.0
2017-02-09,26117380,98,False,False,,199.095596,39064,0.2978,hold,,,0.0,,,0,0.0,3.09453,2569089,0.3044,hold,,,0.0,,,0,0.0,117.290001,44373,0.1993,hold,,,0.0,,,0,0.0,93.605446,55394,0.1985,hold,,,0.0,,,0,0.0
2017-02-10,26237512,98,False,False,,199.881256,39064,0.2976,hold,,,0.0,,,0,0.0,3.12516,2569089,0.306,hold,,,0.0,,,0,0.0,117.599998,44373,0.1989,hold,,,0.0,,,0,0.0,93.551186,55394,0.1975,hold,,,0.0,,,0,0.0
2017-02-13,26369240,98,False,False,,200.969147,39064,0.2977,hold,,,0.0,,,0,0.0,3.180057,2569089,0.3098,hold,,,0.0,,,0,0.0,116.800003,44373,0.1965,hold,,,0.0,,,0,0.0,93.256805,55394,0.1959,hold,,,0.0,,,0,0.0
2017-02-14,26445688,98,False,False,,201.771988,39064,0.298,hold,,,0.0,,,0,0.0,3.209892,2569089,0.3118,hold,,,0.0,,,0,0.0,116.93,44373,0.1962,hold,,,0.0,,,0,0.0,92.582878,55394,0.1939,hold,,,0.0,,,0,0.0
2017-02-15,26628372,98,False,False,,202.825424,39064,0.2975,hold,,,0.0,,,0,0.0,3.265188,2569089,0.315,hold,,,0.0,,,0,0.0,117.449997,44373,0.1957,hold,,,0.0,,,0,0.0,92.156807,55394,0.1917,hold,,,0.0,,,0,0.0
2017-02-16,26670313,98,False,False,,202.652725,39064,0.2968,hold,,,0.0,,,0,0.0,3.262402,2569089,0.3143,hold,,,0.0,,,0,0.0,118.080002,44373,0.1965,hold,,,0.0,,,0,0.0,92.660294,55394,0.1925,hold,,,0.0,,,0,0.0
2017-02-17,26800778,98,False,False,,202.972137,39064,0.2958,hold,,,0.0,,,0,0.0,3.303377,2569089,0.3167,hold,,,0.0,,,0,0.0,117.68,44373,0.1948,hold,,,0.0,,,0,0.0,93.210312,55394,0.1927,hold,,,0.0,,,0,0.0
2017-02-21,26976997,98,False,False,,204.180893,39064,0.2957,hold,,,0.0,,,0,0.0,3.355888,2569089,0.3196,hold,,,0.0,,,0,0.0,117.75,44373,0.1937,hold,,,0.0,,,0,0.0,93.047638,55394,0.1911,hold,,,0.0,,,0,0.0
2017-02-22,26986622,98,False,False,,203.999573,39064,0.2953,hold,,,0.0,,,0,0.0,3.356286,2569089,0.3195,hold,,,0.0,,,0,0.0,117.910004,44373,0.1939,hold,,,0.0,,,0,0.0,93.202637,55394,0.1913,hold,,,0.0,,,0,0.0
2017-02-23,26960165,98,False,False,,204.137695,39064,0.2958,hold,,,0.0,,,0,0.0,3.320085,2569089,0.3164,hold,,,0.0,,,0,0.0,118.940002,44373,0.1958,hold,,,0.0,,,0,0.0,93.481491,55394,0.1921,hold,,,0.0,,,0,0.0
2017-02-24,27107502,98,False,False,,204.396744,39064,0.2946,hold,,,0.0,,,0,0.0,3.337986,2569089,0.3164,hold,,,0.0,,,0,0.0,119.699997,44373,0.1959,hold,,,0.0,,,0,0.0,94.5196,55394,0.1932,hold,,,0.0,,,0,0.0
2017-02-27,27088892,98,False,False,,204.716141,39064,0.2952,hold,,,0.0,,,0,0.0,3.347931,2569089,0.3175,hold,,,0.0,,,0,0.0,119.120003,44373,0.1951,hold,,,0.0,,,0,0.0,93.961777,55394,0.1921,hold,,,0.0,,,0,0.0
2017-02-28,27024053,98,False,False,,204.163605,39064,0.2951,hold,,,0.0,,,0,0.0,3.321677,2569089,0.3158,hold,,,0.0,,,0,0.0,119.230003,44373,0.1958,hold,,,0.0,,,0,0.0,94.310417,55394,0.1933,hold,,,0.0,,,0,0.0
2017-03-01,27316543,98,True,False,,207.021362,39064,0.2961,hold,,,0.0,,,0,0.0,3.429084,2569089,0.3225,hold,,,0.0,,,0,0.0,119.059998,44373,0.1934,hold,,,0.0,,,0,0.0,92.73011,55394,0.188,hold,,,0.0,,,0,0.0
2017-03-02,27042462,98,False,False,,205.717682,39064,0.2972,hold,,,0.0,,,0,0.0,3.374981,2569089,0.3206,hold,,,0.0,,,0,0.0,117.580002,44373,0.1929,hold,,,0.0,,,0,0.0,92.39637,55394,0.1893,hold,,,0.0,,,0,0.0
2017-03-03,27102712,98,False,False,,205.847183,39064,0.2967,hold,,,0.0,,,0,0.0,3.392485,2569089,0.3216,hold,,,0.0,,,0,0.0,117.510002,44373,0.1924,hold,,,0.0,,,0,0.0,92.636971,55394,0.1893,hold,,,0.0,,,0,0.0
2017-03-06,26958908,98,False,False,,205.234253,39064,0.2974,hold,,,0.0,,,0,0.0,3.369015,2569089,0.3211,hold,,,0.0,,,0,0.0,116.720001,44373,0.1921,hold,,,0.0,,,0,0.0,92.194519,55394,0.1894,hold,,,0.0,,,0,0.0
2017-03-07,26834848,98,False,False,,204.621201,39064,0.2979,hold,,,0.0,,,0,0.0,3.352307,2569089,0.3209,hold,,,0.0,,,0,0.0,115.779999,44373,0.1914,hold,,,0.0,,,0,0.0,91.915131,55394,0.1897,hold,,,0.0,,,0,0.0
2017-03-08,26804489,98,False,False,,204.241364,39064,0.2977,hold,,,0.0,,,0,0.0,3.369413,2569089,0.3229,hold,,,0.0,,,0,0.0,115.059998,44373,0.1905,hold,,,0.0,,,0,0.0,91.418343,55394,0.1889,hold,,,0.0,,,0,0.0
2017-03-09,26774576,98,False,False,,204.500305,39064,0.2984,hold,,,0.0,,,0,0.0,3.379755,2569089,0.3243,hold,,,0.0,,,0,0.0,114.470001,44373,0.1897,hold,,,0.0,,,0,0.0,90.688698,55394,0.1876,hold,,,0.0,,,0,0.0
2017-03-10,26926347,98,False,False,,205.216965,39064,0.2977,hold,,,0.0,,,0,0.0,3.416752,2569089,0.326,hold,,,0.0,,,0,0.0,114.720001,44373,0.1891,hold,,,0.0,,,0,0.0,91.007019,55394,0.1872,hold,,,0.0,,,0,0.0
2017-03-13,26950560,98,False,False,,205.320557,39064,0.2976,hold,,,0.0,,,0,0.0,3.436641,2569089,0.3276,hold,,,0.0,,,0,0.0,114.739998,44373,0.1889,hold,,,0.0,,,0,0.0,90.432632,55394,0.1859,hold,,,0.0,,,0,0.0
2017-03-14,26851027,98,False,False,,204.534836,39064,0.2976,hold,,,0.0,,,0,0.0,3.411182,2569089,0.3264,hold,,,0.0,,,0,0.0,114.120003,44373,0.1886,hold,,,0.0,,,0,0.0,90.867302,55394,0.1875,hold,,,0.0,,,0,0.0
2017-03-15,27229470,98,False,False,,206.304871,39064,0.296,hold,,,0.0,,,0,0.0,3.470854,2569089,0.3275,hold,,,0.0,,,0,0.0,116.25,44373,0.1894,hold,,,0.0,,,0,0.0,91.977188,55394,0.1871,hold,,,0.0,,,0,0.0
2017-03-16,27204006,98,False,False,,205.899002,39064,0.2957,hold,,,0.0,,,0,0.0,3.468864,2569089,0.3276,hold,,,0.0,,,0,0.0,116.730003,44373,0.1904,hold,,,0.0,,,0,0.0,91.51152,55394,0.1863,hold,,,0.0,,,0,0.0
2017-03-17,27211773,98,False,False,,205.537384,39064,0.2951,hold,,,0.0,,,0,0.0,3.46051,2569089,0.3267,hold,,,0.0,,,0,0.0,116.989998,44373,0.1908,hold,,,0.0,,,0,0.0,92.085915,55394,0.1875,hold,,,0.0,,,0,0.0
2017-03-20,27274541,98,False,False,,205.311951,39064,0.2941,hold,,,0.0,,,0,0.0,3.470854,2569089,0.3269,hold,,,0.0,,,0,0.0,117.510002,44373,0.1912,hold,,,0.0,,,0,0.0,92.481735,55394,0.1878,hold,,,0.0,,,0,0.0
2017-03-21,26862272,98,False,False,,202.675873,39064,0.2947,hold,,,0.0,,,0,0.0,3.316106,2569089,0.3172,hold,,,0.0,,,0,0.0,118.540001,44373,0.1958,hold,,,0.0,,,0,0.0,93.250122,55394,0.1923,hold,,,0.0,,,0,0.0
2017-03-22,27082019,98,False,False,,203.152756,39064,0.293,hold,,,0.0,,,0,0.0,3.381347,2569089,0.3208,hold,,,0.0,,,0,0.0,118.830002,44373,0.1947,hold,,,0.0,,,0,0.0,93.622711,55394,0.1915,hold,,,0.0,,,0,0.0
2017-03-23,26989646,98,False,False,,202.936035,39064,0.2937,hold,,,0.0,,,0,0.0,3.354296,2569089,0.3193,hold,,,0.0,,,0,0.0,118.669998,44373,0.1951,hold,,,0.0,,,0,0.0,93.490746,55394,0.1919,hold,,,0.0,,,0,0.0
2017-03-24,27057821,98,False,False,,202.788589,39064,0.2928,hold,,,0.0,,,0,0.0,3.372596,2569089,0.3202,hold,,,0.0,,,0,0.0,118.860001,44373,0.1949,hold,,,0.0,,,0,0.0,93.824532,55394,0.1921,hold,,,0.0,,,0,0.0
2017-03-27,27149057,98,False,False,,202.580475,39064,0.2915,hold,,,0.0,,,0,0.0,3.390496,2569089,0.3208,hold,,,0.0,,,0,0.0,119.529999,44373,0.1954,hold,,,0.0,,,0,0.0,94.25145,55394,0.1923,hold,,,0.0,,,0,0.0
2017-03-28,27313592,98,False,False,,204.054626,39064,0.2918,hold,,,0.0,,,0,0.0,3.454145,2569089,0.3249,hold,,,0.0,,,0,0.0,119.040001,44373,0.1934,hold,,,0.0,,,0,0.0,93.622711,55394,0.1899,hold,,,0.0,,,0,0.0
2017-03-29,27482395,98,False,False,,204.245361,39064,0.2903,hold,,,0.0,,,0,0.0,3.499892,2569089,0.3272,hold,,,0.0,,,0,0.0,119.330002,44373,0.1927,hold,,,0.0,,,0,0.0,94.181541,55394,0.1898,hold,,,0.0,,,0,0.0
2017-03-30,27472479,98,False,False,,204.895706,39064,0.2913,hold,,,0.0,,,0,0.0,3.517397,2569089,0.3289,hold,,,0.0,,,0,0.0,118.470001,44373,0.1914,hold,,,0.0,,,0,0.0,93.420944,55394,0.1884,hold,,,0.0,,,0,0.0
2017-03-31,27458525,98,False,False,,204.418793,39064,0.2908,hold,,,0.0,,,0,0.0,3.509043,2569089,0.3283,hold,,,0.0,,,0,0.0,118.720001,44373,0.1919,hold,,,0.0,,,0,0.0,93.692543,55394,0.189,hold,,,0.0,,,0,0.0
2017-04-03,27505525,98,True,False,,204.063293,39064,0.2898,hold,,,0.0,,,0,0.0,3.501484,2569089,0.327,hold,,,0.0,,,0,0.0,119.349998,44373,0.1925,hold,,,0.0,,,0,0.0,94.637634,55394,0.1906,hold,,,0.0,,,0,0.0
2017-04-04,27535032,98,False,False,,204.193359,39064,0.2897,hold,,,0.0,,,0,0.0,3.517397,2569089,0.3282,hold,,,0.0,,,0,0.0,119.620003,44373,0.1928,hold,,,0.0,,,0,0.0,94.124275,55394,0.1894,hold,,,0.0,,,0,0.0
2017-04-05,27424037,98,False,False,,203.586349,39064,0.29,hold,,,0.0,,,0,0.0,3.477218,2569089,0.3257,hold,,,0.0,,,0,0.0,119.620003,44373,0.1935,hold,,,0.0,,,0,0.0,94.412048,55394,0.1907,hold,,,0.0,,,0,0.0
2017-04-06,27426269,98,False,False,,204.158661,39064,0.2908,hold,,,0.0,,,0,0.0,3.480003,2569089,0.326,hold,,,0.0,,,0,0.0,119.18,44373,0.1928,hold,,,0.0,,,0,0.0,94.272041,55394,0.1904,hold,,,0.0,,,0,0.0
2017-04-07,27399228,98,False,False,,203.950531,39064,0.2908,hold,,,0.0,,,0,0.0,3.476024,2569089,0.3259,hold,,,0.0,,,0,0.0,119.459999,44373,0.1935,hold,,,0.0,,,0,0.0,93.890907,55394,0.1898,hold,,,0.0,,,0,0.0
2017-04-10,27438321,98,False,False,,204.07196,39064,0.2905,hold,,,0.0,,,0,0.0,3.480003,2569089,0.3258,hold,,,0.0,,,0,0.0,119.459999,44373,0.1932,hold,,,0.0,,,0,0.0,94.326469,55394,0.1904,hold,,,0.0,,,0,0.0
2017-04-11,27442734,98,False,False,,203.829178,39064,0.2901,hold,,,0.0,,,0,0.0,3.436244,2569089,0.3217,hold,,,0.0,,,0,0.0,121.190002,44373,0.196,hold,,,0.0,,,0,0.0,95.221008,55394,0.1922,hold,,,0.0,,,0,0.0
2017-04-12,27357031,98,False,False,,202.936035,39064,0.2898,hold,,,0.0,,,0,0.0,3.390894,2569089,0.3184,hold,,,0.0,,,0,0.0,122.019997,44373,0.1979,hold,,,0.0,,,0,0.0,95.742104,55394,0.1939,hold,,,0.0,,,0,0.0
2017-04-13,27244430,98,False,False,,201.617905,39064,0.2891,hold,,,0.0,,,0,0.0,3.350716,2569089,0.316,hold,,,0.0,,,0,0.0,122.599998,44373,0.1997,hold,,,0.0,,,0,0.0,96.037704,55394,0.1953,hold,,,0.0,,,0,0.0
2017-04-17,27486264,98,False,False,,203.404297,39064,0.2891,hold,,,0.0,,,0,0.0,3.430277,2569089,0.3206,hold,,,0.0,,,0,0.0,122.239998,44373,0.1973,hold,,,0.0,,,0,0.0,95.742104,55394,0.193,hold,,,0.0,,,0,0.0
2017-04-18,27532109,98,False,False,,202.797256,39064,0.2877,hold,,,0.0,,,0,0.0,3.420332,2569089,0.3192,hold,,,0.0,,,0,0.0,122.82,44373,0.1979,hold,,,0.0,,,0,0.0,96.994438,55394,0.1952,hold,,,0.0,,,0,0.0
2017-04-19,27470536,98,False,False,,202.424393,39064,0.2879,hold,,,0.0,,,0,0.0,3.432266,2569089,0.321,hold,,,0.0,,,0,0.0,121.730003,44373,0.1966,hold,,,0.0,,,0,0.0,96.465492,55394,0.1945,hold,,,0.0,,,0,0.0
2017-04-20,27738017,98,False,False,,204.07196,39064,0.2874,hold,,,0.0,,,0,0.0,3.515407,2569089,0.3256,hold,,,0.0,,,0,0.0,121.959999,44373,0.1951,hold,,,0.0,,,0,0.0,96.092133,55394,0.1919,hold,,,0.0,,,0,0.0
2017-04-21,27724055,98,False,False,,203.421616,39064,0.2866,hold,,,0.0,,,0,0.0,3.513816,2569089,0.3256,hold,,,0.0,,,0,0.0,122.309998,44373,0.1958,hold,,,0.0,,,0,0.0,96.092133,55394,0.192,hold,,,0.0,,,0,0.0
2017-04-24,28076399,98,False,False,,205.658844,39064,0.2861,hold,,,0.0,,,0,0.0,3.641512,2569089,0.3332,hold,,,0.0,,,0,0.0,121.480003,44373,0.192,hold,,,0.0,,,0,0.0,95.617638,55394,0.1887,hold,,,0.0,,,0,0.0
2017-04-25,28212265,98,False,False,,206.855499,39064,0.2864,hold,,,0.0,,,0,0.0,3.722266,2569089,0.339,hold,,,0.0,,,0,0.0,120.25,44373,0.1891,hold,,,0.0,,,0,0.0,94.466515,55394,0.1855,hold,,,0.0,,,0,0.0
2017-04-26,28220327,98,False,False,,206.725372,39064,0.2862,hold,,,0.0,,,0,0.0,3.705956,2569089,0.3374,hold,,,0.0,,,0,0.0,120.839996,44373,0.19,hold,,,0.0,,,0,0.0,94.98764,55394,0.1865,hold,,,0.0,,,0,0.0
2017-04-27,28371999,98,False,False,,206.898834,39064,0.2849,hold,,,0.0,,,0,0.0,3.770798,2569089,0.3414,hold,,,0.0,,,0,0.0,120.389999,44373,0.1883,hold,,,0.0,,,0,0.0,94.956573,55394,0.1854,hold,,,0.0,,,0,0.0
2017-04-28,28438064,98,False,False,,206.447906,39064,0.2836,hold,,,0.0,,,0,0.0,3.79228,2569089,0.3426,hold,,,0.0,,,0,0.0,120.769997,44373,0.1884,hold,,,0.0,,,0,0.0,95.166504,55394,0.1854,hold,,,0.0,,,0,0.0
2017-05-01,28611034,98,True,False,,206.96814,39064,0.2826,hold,INCREASE_TO_TARGET,rebalance 2017-05-01,498307.0,,,0,0.0,3.887753,2569089,0.3491,hold,REDUCE_TO_TARGET,rebalance 2017-05-01,-1404673.0,,,0,0.0,119.669998,44373,0.1856,hold,INCREASE_TO_TARGET,rebalance 2017-05-01,412090.0,,,0,0.0,94.375427,55394,0.1827,hold,INCREASE_TO_TARGET,rebalance 2017-05-01,494374.0,,,0,0.0
2017-05-02,28693416,325,False,True,monthly,207.046265,41462,0.2992,hold,,,0.0,INCREASE_TO_TARGET,buy,2398,207.106957,3.910826,2208466,0.301,hold,,,0.0,REDUCE_TO_TARGET,sell,360623,3.895127,119.650002,47816,0.1994,hold,,,0.0,INCREASE_TO_TARGET,buy,3443,119.300003,94.858673,60621,0.2004,hold,,,0.0,INCREASE_TO_TARGET,buy,5227,94.28968
2017-05-03,28521695,325,False,False,,206.794769,41462,0.3006,hold,,,0.0,,,0,0.0,3.872238,2208466,0.2998,hold,,,0.0,,,0,0.0,117.980003,47816,0.1978,hold,,,0.0,,,0,0.0,94.921021,60621,0.2017,hold,,,0.0,,,0,0.0
2017-05-04,28455300,325,False,False,,207.037582,41462,0.3017,hold,,,0.0,,,0,0.0,3.876217,2208466,0.3008,hold,,,0.0,,,0,0.0,116.790001,47816,0.1963,hold,,,0.0,,,0,0.0,94.453392,60621,0.2012,hold,,,0.0,,,0,0.0
2017-05-05,28597937,325,False,False,,207.852692,41462,0.3014,hold,,,0.0,,,0,0.0,3.918384,2208466,0.3026,hold,,,0.0,,,0,0.0,117.010002,47816,0.1956,hold,,,0.0,,,0,0.0,94.539108,60621,0.2004,hold,,,0.0,,,0,0.0
2017-05-08,28604712,325,False,False,,207.817963,41462,0.3012,hold,,,0.0,,,0,0.0,3.941855,2208466,0.3043,hold,,,0.0,,,0,0.0,116.75,47816,0.1952,hold,,,0.0,,,0,0.0,94.024643,60621,0.1993,hold,,,0.0,,,0,0.0
2017-05-09,28658618,325,False,False,,207.627167,41462,0.3004,hold,,,0.0,,,0,0.0,3.985216,2208466,0.3071,hold,,,0.0,,,0,0.0,116.050003,47816,0.1936,hold,,,0.0,,,0,0.0,94.016838,60621,0.1989,hold,,,0.0,,,0,0.0
2017-05-10,28681044,325,False,False,,208.000107,41462,0.3007,hold,,,0.0,,,0,0.0,3.99158,2208466,0.3074,hold,,,0.0,,,0,0.0,116.040001,47816,0.1935,hold,,,0.0,,,0,0.0,93.907738,60621,0.1985,hold,,,0.0,,,0,0.0
2017-05-11,28664335,325,False,False,,207.575195,41462,0.3003,hold,,,0.0,,,0,0.0,3.982032,2208466,0.3068,hold,,,0.0,,,0,0.0,116.5,47816,0.1943,hold,,,0.0,,,0,0.0,93.907738,60621,0.1986,hold,,,0.0,,,0,0.0
2017-05-12,28765842,325,False,False,,207.228348,41462,0.2987,hold,,,0.0,,,0,0.0,4.007891,2208466,0.3077,hold,,,0.0,,,0,0.0,116.830002,47816,0.1942,hold,,,0.0,,,0,0.0,94.617058,60621,0.1994,hold,,,0.0,,,0,0.0
2017-05-15,28895110,325,False,False,,208.372971,41462,0.299,hold,,,0.0,,,0,0.0,4.045284,2208466,0.3092,hold,,,0.0,,,0,0.0,117.139999,47816,0.1938,hold,,,0.0,,,0,0.0,94.35981,60621,0.198,hold,,,0.0,,,0,0.0
2017-05-16,29045302,325,False,False,,208.182144,41462,0.2972,hold,,,0.0,,,0,0.0,4.096204,2208466,0.3115,hold,,,0.0,,,0,0.0,117.650002,47816,0.1937,hold,,,0.0,,,0,0.0,94.710564,60621,0.1977,hold,,,0.0,,,0,0.0
2017-05-17,28393719,325,False,False,,204.488205,41462,0.2986,hold,,,0.0,,,0,0.0,3.786313,2208466,0.2945,hold,,,0.0,,,0,0.0,119.790001,47816,0.2017,hold,,,0.0,,,0,0.0,96.090157,60621,0.2052,hold,,,0.0,,,0,0.0
2017-05-18,28599359,325,False,False,,205.311951,41462,0.2977,hold,,,0.0,,,0,0.0,3.882184,2208466,0.2998,hold,,,0.0,,,0,0.0,118.809998,47816,0.1986,hold,,,0.0,,,0,0.0,96.199326,60621,0.2039,hold,,,0.0,,,0,0.0
2017-05-19,28800309,325,False,False,,206.647324,41462,0.2975,hold,,,0.0,,,0,0.0,3.929125,2208466,0.3013,hold,,,0.0,,,0,0.0,119.400002,47816,0.1982,hold,,,0.0,,,0,0.0,96.425385,60621,0.203,hold,,,0.0,,,0,0.0
2017-05-22,29076561,325,False,False,,207.696564,41462,0.2962,hold,,,0.0,,,0,0.0,4.030963,2208466,0.3062,hold,,,0.0,,,0,0.0,119.900002,47816,0.1972,hold,,,0.0,,,0,0.0,96.160378,60621,0.2005,hold,,,0.0,,,0,0.0
2017-05-23,29042021,325,False,False,,208.156174,41462,0.2972,hold,,,0.0,,,0,0.0,4.040908,2208466,0.3073,hold,,,0.0,,,0,0.0,119.139999,47816,0.1962,hold,,,0.0,,,0,0.0,95.513412,60621,0.1994,hold,,,0.0,,,0,0.0
2017-05-24,29240230,325,False,False,,208.641785,41462,0.2958,hold,,,0.0,,,0,0.0,4.096602,2208466,0.3094,hold,,,0.0,,,0,0.0,119.610001,47816,0.1956,hold,,,0.0,,,0,0.0,96.051224,60621,0.1991,hold,,,0.0,,,0,0.0
2017-05-25,29515331,325,False,False,,209.638977,41462,0.2945,hold,,,0.0,,,0,0.0,4.204406,2208466,0.3146,hold,,,0.0,,,0,0.0,119.480003,47816,0.1936,hold,,,0.0,,,0,0.0,96.082397,60621,0.1973,hold,,,0.0,,,0,0.0
2017-05-26,29613678,325,False,False,,209.595642,41462,0.2935,hold,,,0.0,,,0,0.0,4.222308,2208466,0.3149,hold,,,0.0,,,0,0.0,120.540001,47816,0.1946,hold,,,0.0,,,0,0.0,96.246086,60621,0.197,hold,,,0.0,,,0,0.0
2017-05-30,29635152,325,False,False,,209.413559,41462,0.293,hold,,,0.0,,,0,0.0,4.23106,2208466,0.3153,hold,,,0.0,,,0,0.0,120.139999,47816,0.1938,hold,,,0.0,,,0,0.0,96.721527,60621,0.1979,hold,,,0.0,,,0,0.0
2017-05-31,29659172,325,False,False,,209.361435,41462,0.2927,hold,,,0.0,,,0,0.0,4.225889,2208466,0.3147,hold,,,0.0,,,0,0.0,120.620003,47816,0.1945,hold,,,0.0,,,0,0.0,96.963181,60621,0.1982,hold,,,0.0,,,0,0.0
2017-06-01,29845174,325,True,False,,211.026413,41462,0.2932,hold,,,0.0,,,0,0.0,4.27641,2208466,0.3164,hold,,,0.0,,,0,0.0,120.720001,47816,0.1934,hold,,,0.0,,,0,0.0,96.973297,60621,0.197,hold,,,0.0,,,0,0.0
2017-06-02,30308880,325,False,False,,211.72876,41462,0.2896,hold,,,0.0,,,0,0.0,4.422404,2208466,0.3222,hold,,,0.0,,,0,0.0,121.610001,47816,0.1919,hold,,,0.0,,,0,0.0,98.121513,60621,0.1963,hold,,,0.0,,,0,0.0
2017-06-05,30263308,325,False,False,,211.572647,41462,0.2899,hold,,,0.0,,,0,0.0,4.418824,2208466,0.3225,hold,,,0.0,,,0,0.0,121.730003,47816,0.1923,hold,,,0.0,,,0,0.0,97.512314,60621,0.1953,hold,,,0.0,,,0,0.0
2017-06-06,30222275,325,False,False,,210.896317,41462,0.2893,hold,,,0.0,,,0,0.0,4.3687,2208466,0.3192,hold,,,0.0,,,0,0.0,123.099998,47816,0.1948,hold,,,0.0,,,0,0.0,98.043449,60621,0.1967,hold,,,0.0,,,0,0.0
2017-06-07,30284385,325,False,False,,211.28653,41462,0.2893,hold,,,0.0,,,0,0.0,4.416436,2208466,0.3221,hold,,,0.0,,,0,0.0,122.449997,47816,0.1933,hold,,,0.0,,,0,0.0,97.574776,60621,0.1953,hold,,,0.0,,,0,0.0
2017-06-08,30261179,325,False,False,,211.390579,41462,0.2896,hold,,,0.0,,,0,0.0,4.428371,2208466,0.3232,hold,,,0.0,,,0,0.0,121.650002,47816,0.1922,hold,,,0.0,,,0,0.0,97.317017,60621,0.195,hold,,,0.0,,,0,0.0
2017-06-09,29478582,325,False,False,,211.069778,41462,0.2969,hold,,,0.0,,,0,0.0,4.108138,2208466,0.3078,hold,,,0.0,,,0,0.0,120.540001,47816,0.1955,hold,,,0.0,,,0,0.0,97.168602,60621,0.1998,hold,,,0.0,,,0,0.0
2017-06-12,29301996,325,False,False,,211.026413,41462,0.2986,hold,,,0.0,,,0,0.0,4.033748,2208466,0.304,hold,,,0.0,,,0,0.0,120.360001,47816,0.1964,hold,,,0.0,,,0,0.0,97.137367,60621,0.201,hold,,,0.0,,,0,0.0
2017-06-13,29559676,325,False,False,,212.058289,41462,0.2974,hold,,,0.0,,,0,0.0,4.128027,2208466,0.3084,hold,,,0.0,,,0,0.0,120.480003,47816,0.1949,hold,,,0.0,,,0,0.0,97.152985,60621,0.1992,hold,,,0.0,,,0,0.0
2017-06-14,29485771,325,False,False,,211.78949,41462,0.2978,hold,,,0.0,,,0,0.0,4.072733,2208466,0.305,hold,,,0.0,,,0,0.0,119.82,47816,0.1943,hold,,,0.0,,,0,0.0,98.652695,60621,0.2028,hold,,,0.0,,,0,0.0
2017-06-15,29314255,325,False,False,,211.381897,41462,0.299,hold,,,0.0,,,0,0.0,4.017836,2208466,0.3027,hold,,,0.0,,,0,0.0,119.32,47816,0.1946,hold,,,0.0,,,0,0.0,98.496475,60621,0.2037,hold,,,0.0,,,0,0.0
2017-06-16,29222663,325,False,False,,211.428131,41462,0.3,hold,,,0.0,,,0,0.0,3.969701,2208466,0.3,hold,,,0.0,,,0,0.0,119.339996,47816,0.1953,hold,,,0.0,,,0,0.0,98.691765,60621,0.2047,hold,,,0.0,,,0,0.0
2017-06-19,29667938,325,False,False,,213.188278,41462,0.2979,hold,,,0.0,,,0,0.0,4.161841,2208466,0.3098,hold,,,0.0,,,0,0.0,118.43,47816,0.1909,hold,,,0.0,,,0,0.0,98.551117,60621,0.2014,hold,,,0.0,,,0,0.0
2017-06-20,29441664,325,False,False,,211.750504,41462,0.2982,hold,,,0.0,,,0,0.0,4.067561,2208466,0.3051,hold,,,0.0,,,0,0.0,118.18,47816,0.1919,hold,,,0.0,,,0,0.0,99.433769,60621,0.2047,hold,,,0.0,,,0,0.0
2017-06-21,29728993,325,False,False,,211.698212,41462,0.2952,hold,,,0.0,,,0,0.0,4.185709,2208466,0.3109,hold,,,0.0,,,0,0.0,118.519997,47816,0.1906,hold,,,0.0,,,0,0.0,99.636902,60621,0.2032,hold,,,0.0,,,0,0.0
2017-06-22,29746857,325,False,False,,211.602325,41462,0.2949,hold,,,0.0,,,0,0.0,4.180936,2208466,0.3104,hold,,,0.0,,,0,0.0,118.919998,47816,0.1912,hold,,,0.0,,,0,0.0,99.855545,60621,0.2035,hold,,,0.0,,,0,0.0
2017-06-23,29882553,325,False,False,,211.855072,41462,0.2939,hold,,,0.0,,,0,0.0,4.227877,2208466,0.3125,hold,,,0.0,,,0,0.0,119.43,47816,0.1911,hold,,,0.0,,,0,0.0,99.808731,60621,0.2025,hold,,,0.0,,,0,0.0
2017-06-26,29736023,325,False,False,,211.994492,41462,0.2956,hold,,,0.0,,,0,0.0,4.171786,2208466,0.3098,hold,,,0.0,,,0,0.0,118.360001,47816,0.1903,hold,,,0.0,,,0,0.0,100.183647,60621,0.2042,hold,,,0.0,,,0,0.0
2017-06-27,29114939,325,False,False,,210.286606,41462,0.2995,hold,,,0.0,,,0,0.0,3.942252,2208466,0.299,hold,,,0.0,,,0,0.0,118.809998,47816,0.1951,hold,,,0.0,,,0,0.0,99.113541,60621,0.2064,hold,,,0.0,,,0,0.0
2017-06-28,29542867,325,False,False,,212.168777,41462,0.2978,hold,,,0.0,,,0,0.0,4.10774,2208466,0.3071,hold,,,0.0,,,0,0.0,118.900002,47816,0.1924,hold,,,0.0,,,0,0.0,98.785461,60621,0.2027,hold,,,0.0,,,0,0.0
2017-06-29,28925516,325,False,False,,210.304031,41462,0.3015,hold,,,0.0,,,0,0.0,3.898494,2208466,0.2977,hold,,,0.0,,,0,0.0,118.32,47816,0.1956,hold,,,0.0,,,0,0.0,97.95755,60621,0.2053,hold,,,0.0,,,0,0.0
2017-06-30,28883823,325,False,False,,210.696167,41462,0.3024,hold,,,0.0,,,0,0.0,3.884969,2208466,0.297,hold,,,0.0,,,0,0.0,118.019997,47816,0.1954,hold,,,0.0,,,0,0.0,97.730942,60621,0.2051,hold,,,0.0,,,0,0.0
2017-07-03,28553586,325,True,False,,211.053421,41462,0.3065,hold,,,0.0,,,0,0.0,3.779152,2208466,0.2923,hold,,,0.0,,,0,0.0,116.089996,47816,0.1944,hold,,,0.0,,,0,0.0,97.416336,60621,0.2068,hold,,,0.0,,,0,0.0
2017-07-05,28833890,325,False,False,,211.541382,41462,0.3042,hold,,,0.0,,,0,0.0,3.886958,2208466,0.2977,hold,,,0.0,,,0,0.0,116.519997,47816,0.1932,hold,,,0.0,,,0,0.0,97.43985,60621,0.2049,hold,,,0.0,,,0,0.0
2017-07-06,28475757,325,False,False,,209.606979,41462,0.3052,hold,,,0.0,,,0,0.0,3.784324,2208466,0.2935,hold,,,0.0,,,0,0.0,116.470001,47816,0.1956,hold,,,0.0,,,0,0.0,96.633629,60621,0.2057,hold,,,0.0,,,0,0.0
2017-07-07,28690492,325,False,False,,210.966324,41462,0.3049,hold,,,0.0,,,0,0.0,3.897699,2208466,0.3,hold,,,0.0,,,0,0.0,115.279999,47816,0.1921,hold,,,0.0,,,0,0.0,96.054451,60621,0.203,hold,,,0.0,,,0,0.0
2017-07-10,28897609,325,False,False,,211.192871,41462,0.303,hold,,,0.0,,,0,0.0,3.979248,2208466,0.3041,hold,,,0.0,,,0,0.0,115.470001,47816,0.1911,hold,,,0.0,,,0,0.0,96.195335,60621,0.2018,hold,,,0.0,,,0,0.0
2017-07-11,28980280,325,False,False,,211.036026,41462,0.3019,hold,,,0.0,,,0,0.0,4.011868,2208466,0.3057,hold,,,0.0,,,0,0.0,115.620003,47816,0.1908,hold,,,0.0,,,0,0.0,96.359665,60621,0.2016,hold,,,0.0,,,0,0.0
2017-07-12,29421369,325,False,False,,212.621857,41462,0.2996,hold,,,0.0,,,0,0.0,4.154682,2208466,0.3119,hold,,,0.0,,,0,0.0,116.029999,47816,0.1886,hold,,,0.0,,,0,0.0,97.024986,60621,0.1999,hold,,,0.0,,,0,0.0
2017-07-13,29449750,325,False,False,,212.979126,41462,0.2999,hold,,,0.0,,,0,0.0,4.18213,2208466,0.3136,hold,,,0.0,,,0,0.0,115.82,47816,0.1881,hold,,,0.0,,,0,0.0,96.414505,60621,0.1985,hold,,,0.0,,,0,0.0
2017-07-14,29760477,325,False,False,,213.972519,41462,0.2981,hold,,,0.0,,,0,0.0,4.280387,2208466,0.3176,hold,,,0.0,,,0,0.0,116.769997,47816,0.1876,hold,,,0.0,,,0,0.0,96.531891,60621,0.1966,hold,,,0.0,,,0,0.0
2017-07-17,29805661,325,False,False,,213.94635,41462,0.2976,hold,,,0.0,,,0,0.0,4.282774,2208466,0.3173,hold,,,0.0,,,0,0.0,117.290001,47816,0.1882,hold,,,0.0,,,0,0.0,96.798019,60621,0.1969,hold,,,0.0,,,0,0.0
2017-07-18,30088818,325,False,False,,214.059616,41462,0.295,hold,,,0.0,,,0,0.0,4.367905,2208466,0.3206,hold,,,0.0,,,0,0.0,118.110001,47816,0.1877,hold,,,0.0,,,0,0.0,97.643326,60621,0.1967,hold,,,0.0,,,0,0.0
2017-07-19,30314398,325,False,False,,215.218552,41462,0.2944,hold,,,0.0,,,0,0.0,4.447864,2208466,0.324,hold,,,0.0,,,0,0.0,118.080002,47816,0.1863,hold,,,0.0,,,0,0.0,97.68251,60621,0.1953,hold,,,0.0,,,0,0.0
2017-07-20,30379997,325,False,False,,215.314377,41462,0.2939,hold,,,0.0,,,0,0.0,4.464571,2208466,0.3246,hold,,,0.0,,,0,0.0,118.239998,47816,0.1861,hold,,,0.0,,,0,0.0,97.964241,60621,0.1955,hold,,,0.0,,,0,0.0
2017-07-21,30431036,325,False,False,,215.122681,41462,0.2931,hold,,,0.0,,,0,0.0,4.457809,2208466,0.3235,hold,,,0.0,,,0,0.0,119.260002,47816,0.1874,hold,,,0.0,,,0,0.0,98.379082,60621,0.196,hold,,,0.0,,,0,0.0
2017-07-24,30536276,325,False,False,,215.070419,41462,0.292,hold,,,0.0,,,0,0.0,4.515888,2208466,0.3266,hold,,,0.0,,,0,0.0,119.309998,47816,0.1868,hold,,,0.0,,,0,0.0,97.99556,60621,0.1945,hold,,,0.0,,,0,0.0
2017-07-25,30395193,325,False,False,,215.593277,41462,0.2941,hold,,,0.0,,,0,0.0,4.485655,2208466,0.3259,hold,,,0.0,,,0,0.0,118.919998,47816,0.1871,hold,,,0.0,,,0,0.0,96.719696,60621,0.1929,hold,,,0.0,,,0,0.0
2017-07-26,30539682,325,False,False,,215.601913,41462,0.2927,hold,,,0.0,,,0,0.0,4.525834,2208466,0.3273,hold,,,0.0,,,0,0.0,119.879997,47816,0.1877,hold,,,0.0,,,0,0.0,96.876305,60621,0.1923,hold,,,0.0,,,0,0.0
2017-07-27,30319781,325,False,False,,215.40155,41462,0.2946,hold,,,0.0,,,0,0.0,4.445079,2208466,0.3238,hold,,,0.0,,,0,0.0,119.790001,47816,0.1889,hold,,,0.0,,,0,0.0,96.398804,60621,0.1927,hold,,,0.0,,,0,0.0
2017-07-28,30355350,325,False,False,,215.14888,41462,0.2939,hold,,,0.0,,,0,0.0,4.430757,2208466,0.3224,hold,,,0.0,,,0,0.0,120.690002,47816,0.1901,hold,,,0.0,,,0,0.0,96.97023,60621,0.1937,hold,,,0.0,,,0,0.0
2017-07-31,30232888,325,False,False,,215.026855,41462,0.2949,hold,,,0.0,,,0,0.0,4.373076,2208466,0.3194,hold,,,0.0,,,0,0.0,120.75,47816,0.191,hold,,,0.0,,,0,0.0,97.087601,60621,0.1947,hold,,,0.0,,,0,0.0
2017-08-01,30352556,325,True,False,,215.506073,41462,0.2944,hold,,,0.0,,,0,0.0,4.401719,2208466,0.3203,hold,,,0.0,,,0,0.0,120.650002,47816,0.1901,hold,,,0.0,,,0,0.0,97.769264,60621,0.1953,hold,,,0.0,,,0,0.0
2017-08-02,30419428,325,False,False,,215.610672,41462,0.2939,hold,,,0.0,,,0,0.0,4.43394,2208466,0.3219,hold,,,0.0,,,0,0.0,120.400002,47816,0.1893,hold,,,0.0,,,0,0.0,97.824196,60621,0.1949,hold,,,0.0,,,0,0.0
2017-08-03,30370597,325,False,False,,215.192352,41462,0.2938,hold,,,0.0,,,0,0.0,4.387795,2208466,0.3191,hold,,,0.0,,,0,0.0,120.589996,47816,0.1899,hold,,,0.0,,,0,0.0,98.836044,60621,0.1973,hold,,,0.0,,,0,0.0
2017-08-04,30328809,325,False,False,,215.584564,41462,0.2947,hold,,,0.0,,,0,0.0,4.4049,2208466,0.3208,hold,,,0.0,,,0,0.0,119.650002,47816,0.1886,hold,,,0.0,,,0,0.0,97.996742,60621,0.1959,hold,,,0.0,,,0,0.0
2017-08-07,30517585,325,False,False,,215.985352,41462,0.2934,hold,,,0.0,,,0,0.0,4.482871,2208466,0.3244,hold,,,0.0,,,0,0.0,119.510002,47816,0.1873,hold,,,0.0,,,0,0.0,98.106552,60621,0.1949,hold,,,0.0,,,0,0.0
2017-08-08,30453985,325,False,False,,215.453827,41462,0.2933,hold,,,0.0,,,0,0.0,4.466163,2208466,0.3239,hold,,,0.0,,,0,0.0,119.860001,47816,0.1882,hold,,,0.0,,,0,0.0,97.753563,60621,0.1946,hold,,,0.0,,,0,0.0
2017-08-09,30516634,325,False,False,,215.445114,41462,0.2927,hold,,,0.0,,,0,0.0,4.448659,2208466,0.3219,hold,,,0.0,,,0,0.0,121.309998,47816,0.1901,hold,,,0.0,,,0,0.0,98.286949,60621,0.1952,hold,,,0.0,,,0,0.0
2017-08-10,29846640,325,False,False,,212.404022,41462,0.2951,hold,,,0.0,,,0,0.0,4.159852,2208466,0.3078,hold,,,0.0,,,0,0.0,122.209999,47816,0.1958,hold,,,0.0,,,0,0.0,99.126282,60621,0.2013,hold,,,0.0,,,0,0.0
2017-08-11,30100207,325,False,False,,212.717743,41462,0.293,hold,,,0.0,,,0,0.0,4.254928,2208466,0.3122,hold,,,0.0,,,0,0.0,122.790001,47816,0.1951,hold,,,0.0,,,0,0.0,99.173363,60621,0.1997,hold,,,0.0,,,0,0.0
2017-08-14,30480599,325,False,False,,214.826447,41462,0.2922,hold,,,0.0,,,0,0.0,4.420415,2208466,0.3203,hold,,,0.0,,,0,0.0,121.919998,47816,0.1913,hold,,,0.0,,,0,0.0,98.663445,60621,0.1962,hold,,,0.0,,,0,0.0
2017-08-15,30426939,325,False,False,,214.800278,41462,0.2927,hold,,,0.0,,,0,0.0,4.428371,2208466,0.3214,hold,,,0.0,,,0,0.0,120.980003,47816,0.1901,hold,,,0.0,,,0,0.0,98.247772,60621,0.1957,hold,,,0.0,,,0,0.0
2017-08-16,30557855,325,False,False,,215.174957,41462,0.292,hold,,,0.0,,,0,0.0,4.451443,2208466,0.3217,hold,,,0.0,,,0,0.0,121.870003,47816,0.1907,hold,,,0.0,,,0,0.0,98.608559,60621,0.1956,hold,,,0.0,,,0,0.0
2017-08-17,29888672,325,False,False,,211.820221,41462,0.2938,hold,,,0.0,,,0,0.0,4.177753,2208466,0.3087,hold,,,0.0,,,0,0.0,122.489998,47816,0.196,hold,,,0.0,,,0,0.0,99.345932,60621,0.2015,hold,,,0.0,,,0,0.0
2017-08-18,29831927,325,False,False,,211.489136,41462,0.2939,hold,,,0.0,,,0,0.0,4.163035,2208466,0.3082,hold,,,0.0,,,0,0.0,122.300003,47816,0.196,hold,,,0.0,,,0,0.0,99.322372,60621,0.2018,hold,,,0.0,,,0,0.0
2017-08-21,29858837,325,False,False,,211.654648,41462,0.2939,hold,,,0.0,,,0,0.0,4.155477,2208466,0.3074,hold,,,0.0,,,0,0.0,122.760002,47816,0.1966,hold,,,0.0,,,0,0.0,99.565575,60621,0.2021,hold,,,0.0,,,0,0.0
2017-08-22,30309524,325,False,False,,213.867935,41462,0.2926,hold,,,0.0,,,0,0.0,4.340456,2208466,0.3163,hold,,,0.0,,,0,0.0,122.209999,47816,0.1928,hold,,,0.0,,,0,0.0,99.181198,60621,0.1984,hold,,,0.0,,,0,0.0
2017-08-23,30233439,325,False,False,,213.10112,41462,0.2922,hold,,,0.0,,,0,0.0,4.291924,2208466,0.3135,hold,,,0.0,,,0,0.0,122.669998,47816,0.194,hold,,,0.0,,,0,0.0,99.855797,60621,0.2002,hold,,,0.0,,,0,0.0
2017-08-24,30093258,325,False,False,,212.604446,41462,0.2929,hold,,,0.0,,,0,0.0,4.256122,2208466,0.3123,hold,,,0.0,,,0,0.0,122.290001,47816,0.1943,hold,,,0.0,,,0,0.0,99.487114,60621,0.2004,hold,,,0.0,,,0,0.0
2017-08-25,30095413,325,False,False,,213.10112,41462,0.2936,hold,,,0.0,,,0,0.0,4.22748,2208466,0.3102,hold,,,0.0,,,0,0.0,122.739998,47816,0.195,hold,,,0.0,,,0,0.0,99.87146,60621,0.2012,hold,,,0.0,,,0,0.0
2017-08-28,30266919,325,False,False,,213.109818,41462,0.2919,hold,,,0.0,,,0,0.0,4.264476,2208466,0.3112,hold,,,0.0,,,0,0.0,124.690002,47816,0.197,hold,,,0.0,,,0,0.0,99.808762,60621,0.1999,hold,,,0.0,,,0,0.0
2017-08-29,30399584,325,False,False,,213.353806,41462,0.291,hold,,,0.0,,,0,0.0,4.316986,2208466,0.3136,hold,,,0.0,,,0,0.0,124.419998,47816,0.1957,hold,,,0.0,,,0,0.0,100.130325,60621,0.1997,hold,,,0.0,,,0,0.0
2017-08-30,30767054,325,False,False,,214.364609,41462,0.2889,hold,,,0.0,,,0,0.0,4.46656,2208466,0.3206,hold,,,0.0,,,0,0.0,124.360001,47816,0.1933,hold,,,0.0,,,0,0.0,100.098976,60621,0.1972,hold,,,0.0,,,0,0.0
2017-08-31,31188663,325,False,False,,215.654221,41462,0.2867,hold,,,0.0,,,0,0.0,4.593462,2208466,0.3253,hold,,,0.0,,,0,0.0,125.82,47816,0.1929,hold,,,0.0,,,0,0.0,100.397034,60621,0.1951,hold,,,0.0,,,0,0.0
2017-09-01,31159199,325,True,False,,215.959152,41462,0.2874,hold,,,0.0,,,0,0.0,4.590279,2208466,0.3253,hold,,,0.0,,,0,0.0,126.059998,47816,0.1934,hold,,,0.0,,,0,0.0,99.629097,60621,0.1938,hold,,,0.0,,,0,0.0
2017-09-05,30986143,325,False,False,,214.408173,41462,0.2869,hold,,,0.0,,,0,0.0,4.467357,2208466,0.3184,hold,,,0.0,,,0,0.0,127.459999,47816,0.1967,hold,,,0.0,,,0,0.0,101.20903,60621,0.198,hold,,,0.0,,,0,0.0
2017-09-06,31032979,325,False,False,,215.140121,41462,0.2874,hold,,,0.0,,,0,0.0,4.505943,2208466,0.3207,hold,,,0.0,,,0,0.0,126.809998,47816,0.1954,hold,,,0.0,,,0,0.0,100.588005,60621,0.1965,hold,,,0.0,,,0,0.0
2017-09-07,31218932,325,False,False,,215.113998,41462,0.2857,hold,,,0.0,,,0,0.0,4.533789,2208466,0.3207,hold,,,0.0,,,0,0.0,128.130005,47816,0.1962,hold,,,0.0,,,0,0.0,101.617714,60621,0.1973,hold,,,0.0,,,0,0.0
2017-09-08,30940601,325,False,False,,214.861313,41462,0.2879,hold,,,0.0,,,0,0.0,4.422008,2208466,0.3156,hold,,,0.0,,,0,0.0,127.970001,47816,0.1978,hold,,,0.0,,,0,0.0,101.397667,60621,0.1987,hold,,,0.0,,,0,0.0
2017-09-11,31188127,325,False,False,,217.152985,41462,0.2887,hold,,,0.0,,,0,0.0,4.562831,2208466,0.3231,hold,,,0.0,,,0,0.0,126.190002,47816,0.1935,hold,,,0.0,,,0,0.0,100.187172,60621,0.1947,hold,,,0.0,,,0,0.0
2017-09-12,31289455,325,False,False,,217.884888,41462,0.2887,hold,,,0.0,,,0,0.0,4.601416,2208466,0.3248,hold,,,0.0,,,0,0.0,126.559998,47816,0.1934,hold,,,0.0,,,0,0.0,99.660561,60621,0.1931,hold,,,0.0,,,0,0.0
2017-09-13,31266708,325,False,False,,217.989502,41462,0.2891,hold,,,0.0,,,0,0.0,4.62051,2208466,0.3264,hold,,,0.0,,,0,0.0,125.610001,47816,0.1921,hold,,,0.0,,,0,0.0,99.267509,60621,0.1925,hold,,,0.0,,,0,0.0
2017-09-14,31142703,325,False,False,,217.919754,41462,0.2901,hold,,,0.0,,,0,0.0,4.542542,2208466,0.3221,hold,,,0.0,,,0,0.0,126.160004,47816,0.1937,hold,,,0.0,,,0,0.0,99.676239,60621,0.194,hold,,,0.0,,,0,0.0
2017-09-15,31207949,325,False,False,,218.21312,41462,0.2899,hold,,,0.0,,,0,0.0,4.579139,2208466,0.324,hold,,,0.0,,,0,0.0,125.529999,47816,0.1923,hold,,,0.0,,,0,0.0,99.715546,60621,0.1937,hold,,,0.0,,,0,0.0
2017-09-18,31111865,325,False,False,,218.677246,41462,0.2914,hold,,,0.0,,,0,0.0,4.568001,2208466,0.3243,hold,,,0.0,,,0,0.0,124.360001,47816,0.1911,hold,,,0.0,,,0,0.0,99.141739,60621,0.1932,hold,,,0.0,,,0,0.0
2017-09-19,31161654,325,False,False,,218.896194,41462,0.2913,hold,,,0.0,,,0,0.0,4.587494,2208466,0.3251,hold,,,0.0,,,0,0.0,124.620003,47816,0.1912,hold,,,0.0,,,0,0.0,98.898071,60621,0.1924,hold,,,0.0,,,0,0.0
2017-09-20,31037052,325,False,False,,218.974991,41462,0.2925,hold,,,0.0,,,0,0.0,4.549304,2208466,0.3237,hold,,,0.0,,,0,0.0,123.620003,47816,0.1905,hold,,,0.0,,,0,0.0,98.968811,60621,0.1933,hold,,,0.0,,,0,0.0
2017-09-21,30771164,325,False,False,,218.388275,41462,0.2943,hold,,,0.0,,,0,0.0,4.461787,2208466,0.3202,hold,,,0.0,,,0,0.0,122.68,47816,0.1906,hold,,,0.0,,,0,0.0,98.91378,60621,0.1949,hold,,,0.0,,,0,0.0
2017-09-22,30792313,325,False,False,,218.432068,41462,0.2941,hold,,,0.0,,,0,0.0,4.450649,2208466,0.3192,hold,,,0.0,,,0,0.0,123.239998,47816,0.1914,hold,,,0.0,,,0,0.0,99.196754,60621,0.1953,hold,,,0.0,,,0,0.0
2017-09-25,30564754,325,False,False,,217.985474,41462,0.2957,hold,,,0.0,,,0,0.0,4.311018,2208466,0.3115,hold,,,0.0,,,0,0.0,124.529999,47816,0.1948,hold,,,0.0,,,0,0.0,99.817749,60621,0.198,hold,,,0.0,,,0,0.0
2017-09-26,30557787,325,False,False,,218.116791,41462,0.2959,hold,,,0.0,,,0,0.0,4.340456,2208466,0.3137,hold,,,0.0,,,0,0.0,123.139999,47816,0.1927,hold,,,0.0,,,0,0.0,99.636948,60621,0.1977,hold,,,0.0,,,0,0.0
2017-09-27,30706577,325,False,False,,218.966248,41462,0.2957,hold,,,0.0,,,0,0.0,4.458207,2208466,0.3206,hold,,,0.0,,,0,0.0,121.980003,47816,0.1899,hold,,,0.0,,,0,0.0,98.13562,60621,0.1937,hold,,,0.0,,,0,0.0
2017-09-28,30694146,325,False,False,,219.228928,41462,0.2961,hold,,,0.0,,,0,0.0,4.450649,2208466,0.3202,hold,,,0.0,,,0,0.0,122.209999,47816,0.1904,hold,,,0.0,,,0,0.0,97.844826,60621,0.1932,hold,,,0.0,,,0,0.0
2017-09-29,30917525,325,False,False,,219.999527,41462,0.295,hold,,,0.0,,,0,0.0,4.544928,2208466,0.3246,hold,,,0.0,,,0,0.0,121.580002,47816,0.188,hold,,,0.0,,,0,0.0,98.06488,60621,0.1923,hold,,,0.0,,,0,0.0
2017-10-02,30935602,325,True,False,,220.954086,41462,0.2961,hold,,,0.0,,,0,0.0,4.557659,2208466,0.3254,hold,,,0.0,,,0,0.0,120.769997,47816,0.1867,hold,,,0.0,,,0,0.0,97.885315,60621,0.1918,hold,,,0.0,,,0,0.0
2017-10-03,31027058,325,False,False,,221.426941,41462,0.2959,hold,,,0.0,,,0,0.0,4.586299,2208466,0.3264,hold,,,0.0,,,0,0.0,120.830002,47816,0.1862,hold,,,0.0,,,0,0.0,97.979851,60621,0.1914,hold,,,0.0,,,0,0.0
2017-10-04,31081042,325,False,False,,221.689636,41462,0.2957,hold,,,0.0,,,0,0.0,4.598234,2208466,0.3267,hold,,,0.0,,,0,0.0,121.169998,47816,0.1864,hold,,,0.0,,,0,0.0,97.987709,60621,0.1911,hold,,,0.0,,,0,0.0
2017-10-05,31374537,325,False,False,,223.003204,41462,0.2947,hold,,,0.0,,,0,0.0,4.730703,2208466,0.333,hold,,,0.0,,,0,0.0,120.519997,47816,0.1837,hold,,,0.0,,,0,0.0,97.617523,60621,0.1886,hold,,,0.0,,,0,0.0
2017-10-06,31412329,325,False,False,,222.749191,41462,0.294,hold,,,0.0,,,0,0.0,4.74781,2208466,0.3338,hold,,,0.0,,,0,0.0,121.089996,47816,0.1843,hold,,,0.0,,,0,0.0,97.341858,60621,0.1879,hold,,,0.0,,,0,0.0
2017-10-09,31436681,325,False,False,,222.381393,41462,0.2933,hold,,,0.0,,,0,0.0,4.735875,2208466,0.3327,hold,,,0.0,,,0,0.0,122.080002,47816,0.1857,hold,,,0.0,,,0,0.0,97.649033,60621,0.1883,hold,,,0.0,,,0,0.0
2017-10-10,31507822,325,False,False,,222.968124,41462,0.2934,hold,,,0.0,,,0,0.0,4.74582,2208466,0.3326,hold,,,0.0,,,0,0.0,122.400002,47816,0.1858,hold,,,0.0,,,0,0.0,97.806564,60621,0.1882,hold,,,0.0,,,0,0.0
2017-10-11,31643820,325,False,False,,223.31842,41462,0.2926,hold,,,0.0,,,0,0.0,4.787192,2208466,0.3341,hold,,,0.0,,,0,0.0,122.790001,47816,0.1855,hold,,,0.0,,,0,0.0,97.995567,60621,0.1877,hold,,,0.0,,,0,0.0
2017-10-12,31603004,325,False,False,,222.985626,41462,0.2925,hold,,,0.0,,,0,0.0,4.761334,2208466,0.3327,hold,,,0.0,,,0,0.0,122.889999,47816,0.1859,hold,,,0.0,,,0,0.0,98.41304,60621,0.1888,hold,,,0.0,,,0,0.0
2017-10-13,31819428,325,False,False,,223.257141,41462,0.2909,hold,,,0.0,,,0,0.0,4.814641,2208466,0.3342,hold,,,0.0,,,0,0.0,123.82,47816,0.1861,hold,,,0.0,,,0,0.0,99.12188,60621,0.1888,hold,,,0.0,,,0,0.0
2017-10-16,31896645,325,False,False,,223.55484,41462,0.2906,hold,,,0.0,,,0,0.0,4.864365,2208466,0.3368,hold,,,0.0,,,0,0.0,122.970001,47816,0.1843,hold,,,0.0,,,0,0.0,99.051003,60621,0.1883,hold,,,0.0,,,0,0.0
2017-10-17,31908433,325,False,False,,223.712463,41462,0.2907,hold,,,0.0,,,0,0.0,4.881472,2208466,0.3379,hold,,,0.0,,,0,0.0,122.129997,47816,0.183,hold,,,0.0,,,0,0.0,99.176994,60621,0.1884,hold,,,0.0,,,0,0.0
2017-10-18,31814595,325,False,False,,223.931396,41462,0.2918,hold,,,0.0,,,0,0.0,4.862774,2208466,0.3376,hold,,,0.0,,,0,0.0,121.669998,47816,0.1829,hold,,,0.0,,,0,0.0,98.523323,60621,0.1877,hold,,,0.0,,,0,0.0
2017-10-19,31743464,325,False,False,,223.992661,41462,0.2926,hold,,,0.0,,,0,0.0,4.809071,2208466,0.3346,hold,,,0.0,,,0,0.0,122.389999,47816,0.1844,hold,,,0.0,,,0,0.0,98.696571,60621,0.1885,hold,,,0.0,,,0,0.0
2017-10-20,31767905,325,False,False,,225.14859,41462,0.2939,hold,,,0.0,,,0,0.0,4.844079,2208466,0.3368,hold,,,0.0,,,0,0.0,121.610001,47816,0.183,hold,,,0.0,,,0,0.0,97.649033,60621,0.1863,hold,,,0.0,,,0,0.0
2017-10-23,31551762,325,False,False,,224.272919,41462,0.2947,hold,,,0.0,,,0,0.0,4.753778,2208466,0.3327,hold,,,0.0,,,0,0.0,121.800003,47816,0.1846,hold,,,0.0,,,0,0.0,97.822327,60621,0.1879,hold,,,0.0,,,0,0.0
2017-10-24,31562448,325,False,False,,224.666992,41462,0.2951,hold,,,0.0,,,0,0.0,4.778042,2208466,0.3343,hold,,,0.0,,,0,0.0,121.330002,47816,0.1838,hold,,,0.0,,,0,0.0,97.215843,60621,0.1867,hold,,,0.0,,,0,0.0
2017-10-25,31360855,325,False,False,,223.55484,41462,0.2956,hold,,,0.0,,,0,0.0,4.719962,2208466,0.3324,hold,,,0.0,,,0,0.0,121.349998,47816,0.185,hold,,,0.0,,,0,0.0,96.751167,60621,0.187,hold,,,0.0,,,0,0.0
2017-10-26,31207851,325,False,False,,223.843826,41462,0.2974,hold,,,0.0,,,0,0.0,4.676204,2208466,0.3309,hold,,,0.0,,,0,0.0,120.330002,47816,0.1844,hold,,,0.0,,,0,0.0,96.428238,60621,0.1873,hold,,,0.0,,,0,0.0
2017-10-27,32239628,325,False,False,,225.674042,41462,0.2902,hold,,,0.0,,,0,0.0,5.079182,2208466,0.3479,hold,,,0.0,,,0,0.0,120.900002,47816,0.1793,hold,,,0.0,,,0,0.0,97.066208,60621,0.1825,hold,,,0.0,,,0,0.0
2017-10-30,32352054,325,False,False,,224.833359,41462,0.2881,hold,,,0.0,,,0,0.0,5.115382,2208466,0.3492,hold,,,0.0,,,0,0.0,121.129997,47816,0.179,hold,,,0.0,,,0,0.0,97.995567,60621,0.1836,hold,,,0.0,,,0,0.0
2017-10-31,32465971,325,False,False,,225.183594,41462,0.2876,hold,,,0.0,,,0,0.0,5.169483,2208466,0.3516,hold,,,0.0,,,0,0.0,120.669998,47816,0.1777,hold,,,0.0,,,0,0.0,98.027077,60621,0.183,hold,,,0.0,,,0,0.0
2017-11-01,32510880,325,True,False,,225.481354,41462,0.2876,hold,INCREASE_TO_TARGET,rebalance 2017-11-01,404356.0,,,0,0.0,5.162719,2208466,0.3507,hold,REDUCE_TO_TARGET,rebalance 2017-11-01,-1648425.0,,,0,0.0,121.110001,47816,0.1781,hold,INCREASE_TO_TARGET,rebalance 2017-11-01,711180.0,,,0,0.0,98.463608,60621,0.1836,hold,INCREASE_TO_TARGET,rebalance 2017-11-01,533214.0,,,0,0.0
2017-11-02,32481201,254,False,True,monthly,225.568909,43250,0.3004,hold,,,0.0,INCREASE_TO_TARGET,buy,1788,225.411291,5.136465,1887247,0.2984,hold,,,0.0,REDUCE_TO_TARGET,sell,321219,5.131764,121.190002,53661,0.2002,hold,,,0.0,INCREASE_TO_TARGET,buy,5845,121.290001,98.897667,66009,0.201,hold,,,0.0,INCREASE_TO_TARGET,buy,5388,98.660878
2017-11-03,32771173,254,False,False,,226.321991,43250,0.2987,hold,,,0.0,,,0,0.0,5.279675,1887247,0.304,hold,,,0.0,,,0,0.0,120.620003,53661,0.1975,hold,,,0.0,,,0,0.0,99.166054,66009,0.1997,hold,,,0.0,,,0,0.0
2017-11-06,32967432,254,False,False,,226.672333,43250,0.2974,hold,,,0.0,,,0,0.0,5.333377,1887247,0.3053,hold,,,0.0,,,0,0.0,121.650002,53661,0.198,hold,,,0.0,,,0,0.0,99.53701,66009,0.1993,hold,,,0.0,,,0,0.0
2017-11-07,32981137,254,False,False,,226.514709,43250,0.297,hold,,,0.0,,,0,0.0,5.342132,1887247,0.3057,hold,,,0.0,,,0,0.0,121.209999,53661,0.1972,hold,,,0.0,,,0,0.0,99.955292,66009,0.2001,hold,,,0.0,,,0,0.0
2017-11-08,33131874,254,False,False,,226.899948,43250,0.2962,hold,,,0.0,,,0,0.0,5.408962,1887247,0.3081,hold,,,0.0,,,0,0.0,121.629997,53661,0.197,hold,,,0.0,,,0,0.0,99.734314,66009,0.1987,hold,,,0.0,,,0,0.0
2017-11-09,32940683,254,False,False,,226.076828,43250,0.2968,hold,,,0.0,,,0,0.0,5.32224,1887247,0.3049,hold,,,0.0,,,0,0.0,122.129997,53661,0.199,hold,,,0.0,,,0,0.0,99.45018,66009,0.1993,hold,,,0.0,,,0,0.0
2017-11-10,32781997,254,False,False,,226.006775,43250,0.2982,hold,,,0.0,,,0,0.0,5.320649,1887247,0.3063,hold,,,0.0,,,0,0.0,121.129997,53661,0.1983,hold,,,0.0,,,0,0.0,97.950493,66009,0.1972,hold,,,0.0,,,0,0.0
2017-11-13,32844322,254,False,False,,226.216919,43250,0.2979,hold,,,0.0,,,0,0.0,5.33656,1887247,0.3066,hold,,,0.0,,,0,0.0,121.309998,53661,0.1982,hold,,,0.0,,,0,0.0,98.155754,66009,0.1973,hold,,,0.0,,,0,0.0
2017-11-14,32777427,254,False,False,,225.691559,43250,0.2978,hold,,,0.0,,,0,0.0,5.282857,1887247,0.3042,hold,,,0.0,,,0,0.0,121.559998,53661,0.199,hold,,,0.0,,,0,0.0,98.818726,66009,0.199,hold,,,0.0,,,0,0.0
2017-11-15,32644979,254,False,False,,224.561905,43250,0.2975,hold,,,0.0,,,0,0.0,5.205285,1887247,0.3009,hold,,,0.0,,,0,0.0,121.410004,53661,0.1996,hold,,,0.0,,,0,0.0,99.892166,66009,0.202,hold,,,0.0,,,0,0.0
2017-11-16,33037566,254,False,False,,226.470871,43250,0.2965,hold,,,0.0,,,0,0.0,5.40021,1887247,0.3085,hold,,,0.0,,,0,0.0,121.400002,53661,0.1972,hold,,,0.0,,,0,0.0,99.023941,66009,0.1978,hold,,,0.0,,,0,0.0
2017-11-17,33021463,254,False,False,,225.805313,43250,0.2957,hold,,,0.0,,,0,0.0,5.339744,1887247,0.3052,hold,,,0.0,,,0,0.0,122.860001,53661,0.1997,hold,,,0.0,,,0,0.0,99.757957,66009,0.1994,hold,,,0.0,,,0,0.0
2017-11-20,32927574,254,False,False,,226.190643,43250,0.2971,hold,,,0.0,,,0,0.0,5.326616,1887247,0.3053,hold,,,0.0,,,0,0.0,121.309998,53661,0.1977,hold,,,0.0,,,0,0.0,99.718506,66009,0.1999,hold,,,0.0,,,0,0.0
2017-11-21,33339976,254,False,False,,227.670578,43250,0.2953,hold,,,0.0,,,0,0.0,5.494491,1887247,0.311,hold,,,0.0,,,0,0.0,121.510002,53661,0.1956,hold,,,0.0,,,0,0.0,100.034225,66009,0.1981,hold,,,0.0,,,0,0.0
2017-11-22,33454020,254,False,False,,227.469223,43250,0.2941,hold,,,0.0,,,0,0.0,5.516369,1887247,0.3112,hold,,,0.0,,,0,0.0,122.629997,53661,0.1967,hold,,,0.0,,,0,0.0,100.357864,66009,0.198,hold,,,0.0,,,0,0.0
2017-11-24,33558989,254,False,False,,227.994598,43250,0.2938,hold,,,0.0,,,0,0.0,5.578426,1887247,0.3137,hold,,,0.0,,,0,0.0,122.32,53661,0.1956,hold,,,0.0,,,0,0.0,100.081612,66009,0.1969,hold,,,0.0,,,0,0.0
2017-11-27,33554785,254,False,False,,227.880737,43250,0.2937,hold,,,0.0,,,0,0.0,5.569277,1887247,0.3132,hold,,,0.0,,,0,0.0,122.830002,53661,0.1964,hold,,,0.0,,,0,0.0,99.939507,66009,0.1966,hold,,,0.0,,,0,0.0
2017-11-28,33739886,254,False,False,,230.192581,43250,0.2951,hold,,,0.0,,,0,0.0,5.610251,1887247,0.3138,hold,,,0.0,,,0,0.0,122.809998,53661,0.1953,hold,,,0.0,,,0,0.0,100.073708,66009,0.1958,hold,,,0.0,,,0,0.0
2017-11-29,33083079,254,False,False,,230.052414,43250,0.3008,hold,,,0.0,,,0,0.0,5.321842,1887247,0.3036,hold,,,0.0,,,0,0.0,122.040001,53661,0.1979,hold,,,0.0,,,0,0.0,99.087082,66009,0.1977,hold,,,0.0,,,0,0.0
2017-11-30,33347120,254,False,False,,232.066544,43250,0.301,hold,,,0.0,,,0,0.0,5.453914,1887247,0.3087,hold,,,0.0,,,0,0.0,121.099998,53661,0.1949,hold,,,0.0,,,0,0.0,98.755585,66009,0.1955,hold,,,0.0,,,0,0.0
2017-12-01,33303163,254,True,False,,231.58493,43250,0.3008,hold,,,0.0,,,0,0.0,5.381115,1887247,0.3049,hold,,,0.0,,,0,0.0,121.589996,53661,0.1959,hold,,,0.0,,,0,0.0,100.088272,66009,0.1984,hold,,,0.0,,,0,0.0
2017-12-04,32921575,254,False,False,,231.304688,43250,0.3039,hold,,,0.0,,,0,0.0,5.195342,1887247,0.2978,hold,,,0.0,,,0,0.0,121.18,53661,0.1975,hold,,,0.0,,,0,0.0,100.135735,66009,0.2008,hold,,,0.0,,,0,0.0
2017-12-05,32886597,254,False,False,,230.472794,43250,0.3031,hold,,,0.0,,,0,0.0,5.202898,1887247,0.2986,hold,,,0.0,,,0,0.0,120.32,53661,0.1963,hold,,,0.0,,,0,0.0,100.633987,66009,0.202,hold,,,0.0,,,0,0.0
2017-12-06,33027926,254,False,False,,230.516541,43250,0.3019,hold,,,0.0,,,0,0.0,5.271719,1887247,0.3012,hold,,,0.0,,,0,0.0,120.07,53661,0.1951,hold,,,0.0,,,0,0.0,100.981972,66009,0.2018,hold,,,0.0,,,0,0.0
2017-12-07,33020722,254,False,False,,231.243423,43250,0.3029,hold,,,0.0,,,0,0.0,5.323831,1887247,0.3043,hold,,,0.0,,,0,0.0,118.489998,53661,0.1926,hold,,,0.0,,,0,0.0,100.191093,66009,0.2003,hold,,,0.0,,,0,0.0
2017-12-08,33208129,254,False,False,,232.504364,43250,0.3028,hold,,,0.0,,,0,0.0,5.394244,1887247,0.3066,hold,,,0.0,,,0,0.0,118.480003,53661,0.1915,hold,,,0.0,,,0,0.0,100.19899,66009,0.1992,hold,,,0.0,,,0,0.0
2017-12-11,33433117,254,False,False,,233.204895,43250,0.3017,hold,,,0.0,,,0,0.0,5.51796,1887247,0.3115,hold,,,0.0,,,0,0.0,118.010002,53661,0.1894,hold,,,0.0,,,0,0.0,99.993378,66009,0.1974,hold,,,0.0,,,0,0.0
2017-12-12,33416781,254,False,False,,233.616486,43250,0.3024,hold,,,0.0,,,0,0.0,5.497274,1887247,0.3105,hold,,,0.0,,,0,0.0,118.150002,53661,0.1897,hold,,,0.0,,,0,0.0,99.953827,66009,0.1974,hold,,,0.0,,,0,0.0
2017-12-13,33571777,254,False,False,,233.590271,43250,0.3009,hold,,,0.0,,,0,0.0,5.524722,1887247,0.3106,hold,,,0.0,,,0,0.0,119.169998,53661,0.1905,hold,,,0.0,,,0,0.0,100.705162,66009,0.198,hold,,,0.0,,,0,0.0
2017-12-14,33530792,254,False,False,,232.635742,43250,0.3001,hold,,,0.0,,,0,0.0,5.516767,1887247,0.3105,hold,,,0.0,,,0,0.0,118.93,53661,0.1903,hold,,,0.0,,,0,0.0,101.132233,66009,0.1991,hold,,,0.0,,,0,0.0
2017-12-15,33991645,254,False,False,,234.572998,43250,0.2985,hold,,,0.0,,,0,0.0,5.696177,1887247,0.3163,hold,,,0.0,,,0,0.0,119.18,53661,0.1881,hold,,,0.0,,,0,0.0,101.511871,66009,0.1971,hold,,,0.0,,,0,0.0
2017-12-18,34300688,254,False,False,,236.06041,43250,0.2977,hold,,,0.0,,,0,0.0,5.842569,1887247,0.3215,hold,,,0.0,,,0,0.0,119.730003,53661,0.1873,hold,,,0.0,,,0,0.0,100.586563,66009,0.1936,hold,,,0.0,,,0,0.0
2017-12-19,34000736,254,False,False,,235.153809,43250,0.2991,hold,,,0.0,,,0,0.0,5.747494,1887247,0.319,hold,,,0.0,,,0,0.0,119.82,53661,0.1891,hold,,,0.0,,,0,0.0,99.28157,66009,0.1927,hold,,,0.0,,,0,0.0
2017-12-20,33894970,254,False,False,,235.030701,43250,0.2999,hold,,,0.0,,,0,0.0,5.723626,1887247,0.3187,hold,,,0.0,,,0,0.0,120.139999,53661,0.1902,hold,,,0.0,,,0,0.0,98.182213,66009,0.1912,hold,,,0.0,,,0,0.0
2017-12-21,33957545,254,False,False,,235.514786,43250,0.3,hold,,,0.0,,,0,0.0,5.720841,1887247,0.3179,hold,,,0.0,,,0,0.0,120.309998,53661,0.1901,hold,,,0.0,,,0,0.0,98.754433,66009,0.192,hold,,,0.0,,,0,0.0
2017-12-22,33961543,254,False,False,,235.45314,43250,0.2998,hold,,,0.0,,,0,0.0,5.701746,1887247,0.3168,hold,,,0.0,,,0,0.0,120.940002,53661,0.1911,hold,,,0.0,,,0,0.0,98.889183,66009,0.1922,hold,,,0.0,,,0,0.0
2017-12-26,33839080,254,False,False,,235.171432,43250,0.3006,hold,,,0.0,,,0,0.0,5.609456,1887247,0.3128,hold,,,0.0,,,0,0.0,121.769997,53661,0.1931,hold,,,0.0,,,0,0.0,99.182419,66009,0.1935,hold,,,0.0,,,0,0.0
2017-12-27,33953998,254,False,False,,235.28598,43250,0.2997,hold,,,0.0,,,0,0.0,5.609456,1887247,0.3118,hold,,,0.0,,,0,0.0,122.230003,53661,0.1932,hold,,,0.0,,,0,0.0,100.474358,66009,0.1953,hold,,,0.0,,,0,0.0
2017-12-28,34030974,254,False,False,,235.77005,43250,0.2996,hold,,,0.0,,,0,0.0,5.624573,1887247,0.3119,hold,,,0.0,,,0,0.0,122.849998,53661,0.1937,hold,,,0.0,,,0,0.0,100.387115,66009,0.1947,hold,,,0.0,,,0,0.0
2017-12-29,33845467,254,False,False,,234.881104,43250,0.3001,hold,,,0.0,,,0,0.0,5.518358,1887247,0.3077,hold,,,0.0,,,0,0.0,123.650002,53661,0.196,hold,,,0.0,,,0,0.0,100.545654,66009,0.1961,hold,,,0.0,,,0,0.0
2018-01-02,34461534,254,True,False,,236.56218,43250,0.2969,hold,,,0.0,,,0,0.0,5.801596,1887247,0.3177,hold,,,0.0,,,0,0.0,125.150002,53661,0.1949,hold,,,0.0,,,0,0.0,99.459862,66009,0.1905,hold,,,0.0,,,0,0.0
2018-01-03,34860495,254,False,False,,238.058395,43250,0.2953,hold,,,0.0,,,0,0.0,5.971458,1887247,0.3233,hold,,,0.0,,,0,0.0,124.82,53661,0.1921,hold,,,0.0,,,0,0.0,99.935349,66009,0.1892,hold,,,0.0,,,0,0.0
2018-01-04,35003255,254,False,False,,239.061829,43250,0.2954,hold,,,0.0,,,0,0.0,6.006465,1887247,0.3238,hold,,,0.0,,,0,0.0,125.459999,53661,0.1923,hold,,,0.0,,,0,0.0,99.919479,66009,0.1884,hold,,,0.0,,,0,0.0
2018-01-05,35388698,254,False,False,,240.654968,43250,0.2941,hold,,,0.0,,,0,0.0,6.187865,1887247,0.33,hold,,,0.0,,,0,0.0,125.330002,53661,0.19,hold,,,0.0,,,0,0.0,99.634186,66009,0.1858,hold,,,0.0,,,0,0.0
2018-01-08,35532349,254,False,False,,241.095001,43250,0.2935,hold,,,0.0,,,0,0.0,6.256685,1887247,0.3323,hold,,,0.0,,,0,0.0,125.309998,53661,0.1892,hold,,,0.0,,,0,0.0,99.570755,66009,0.185,hold,,,0.0,,,0,0.0
2018-01-09,35445948,254,False,False,,241.640732,43250,0.2948,hold,,,0.0,,,0,0.0,6.261459,1887247,0.3334,hold,,,0.0,,,0,0.0,124.730003,53661,0.1888,hold,,,0.0,,,0,0.0,98.239258,66009,0.1829,hold,,,0.0,,,0,0.0
2018-01-10,35354127,254,False,False,,241.271072,43250,0.2952,hold,,,0.0,,,0,0.0,6.216905,1887247,0.3319,hold,,,0.0,,,0,0.0,125.029999,53661,0.1898,hold,,,0.0,,,0,0.0,98.120384,66009,0.1832,hold,,,0.0,,,0,0.0
2018-01-11,35713931,254,False,False,,243.031403,43250,0.2943,hold,,,0.0,,,0,0.0,6.341419,1887247,0.3351,hold,,,0.0,,,0,0.0,125.440002,53661,0.1885,hold,,,0.0,,,0,0.0,98.524574,66009,0.1821,hold,,,0.0,,,0,0.0
2018-01-12,36128760,254,False,False,,244.615707,43250,0.2928,hold,,,0.0,,,0,0.0,6.475877,1887247,0.3383,hold,,,0.0,,,0,0.0,126.959999,53661,0.1886,hold,,,0.0,,,0,0.0,98.69104,66009,0.1803,hold,,,0.0,,,0,0.0
2018-01-16,36036474,254,False,False,,243.779541,43250,0.2926,hold,,,0.0,,,0,0.0,6.425753,1887247,0.3365,hold,,,0.0,,,0,0.0,127.169998,53661,0.1894,hold,,,0.0,,,0,0.0,99.103188,66009,0.1815,hold,,,0.0,,,0,0.0
2018-01-17,36454943,254,False,False,,246.103195,43250,0.292,hold,,,0.0,,,0,0.0,6.628237,1887247,0.3431,hold,,,0.0,,,0,0.0,126.139999,53661,0.1857,hold,,,0.0,,,0,0.0,98.96843,66009,0.1792,hold,,,0.0,,,0,0.0
2018-01-18,36373348,254,False,False,,245.689529,43250,0.2921,hold,,,0.0,,,0,0.0,6.634601,1887247,0.3442,hold,,,0.0,,,0,0.0,125.860001,53661,0.1857,hold,,,0.0,,,0,0.0,98.049011,66009,0.1779,hold,,,0.0,,,0,0.0
2018-01-19,36537860,254,False,False,,246.807312,43250,0.2921,hold,,,0.0,,,0,0.0,6.69825,1887247,0.346,hold,,,0.0,,,0,0.0,126.419998,53661,0.1857,hold,,,0.0,,,0,0.0,97.533882,66009,0.1762,hold,,,0.0,,,0,0.0
2018-01-22,37038167,254,False,False,,248.814026,43250,0.2905,hold,,,0.0,,,0,0.0,6.907495,1887247,0.352,hold,,,0.0,,,0,0.0,126.650002,53661,0.1835,hold,,,0.0,,,0,0.0,97.628975,66009,0.174,hold,,,0.0,,,0,0.0
2018-01-23,37452876,254,False,False,,249.342178,43250,0.2879,hold,,,0.0,,,0,0.0,7.08253,1887247,0.3569,hold,,,0.0,,,0,0.0,127.279999,53661,0.1824,hold,,,0.0,,,0,0.0,98.049011,66009,0.1728,hold,,,0.0,,,0,0.0
2018-01-24,37225792,254,False,False,,249.245346,43250,0.2896,hold,,,0.0,,,0,0.0,6.938923,1887247,0.3518,hold,,,0.0,,,0,0.0,128.830002,53661,0.1857,hold,,,0.0,,,0,0.0,97.518036,66009,0.1729,hold,,,0.0,,,0,0.0
2018-01-25,37220535,254,False,False,,249.350937,43250,0.2897,hold,,,0.0,,,0,0.0,6.930171,1887247,0.3514,hold,,,0.0,,,0,0.0,127.970001,53661,0.1845,hold,,,0.0,,,0,0.0,98.318565,66009,0.1744,hold,,,0.0,,,0,0.0
2018-01-26,37910786,254,False,False,,252.237946,43250,0.2878,hold,INCREASE_TO_TARGET,rebalance 2018-01-26,463944.0,,,0,0.0,7.239664,1887247,0.3604,hold,REDUCE_TO_TARGET,rebalance 2018-01-26,-2289799.0,,,0,0.0,128.070007,53661,0.1813,hold,INCREASE_TO_TARGET,rebalance 2018-01-26,709792.0,,,0,0.0,97.953934,66009,0.1706,hold,INCREASE_TO_TARGET,rebalance 2018-01-26,1116316.0,,,0,0.0
2018-01-29,37571574,405,False,True,daily,250.565659,45087,0.3007,hold,,,0.0,INCREASE_TO_TARGET,buy,1837,251.665866,7.143792,1568117,0.2982,hold,,,0.0,REDUCE_TO_TARGET,sell,319130,7.17511,127.349998,59207,0.2007,hold,,,0.0,INCREASE_TO_TARGET,buy,5546,127.580002,97.272331,77428,0.2005,hold,,,0.0,INCREASE_TO_TARGET,buy,11419,97.462547
2018-01-30,37092619,405,False,False,,247.995529,45087,0.3014,hold,,,0.0,,,0,0.0,6.961199,1568117,0.2943,hold,,,0.0,,,0,0.0,126.800003,59207,0.2024,hold,,,0.0,,,0,0.0,96.701675,77428,0.2019,hold,,,0.0,,,0,0.0
2018-01-31,37327426,405,False,False,,248.118713,45087,0.2997,hold,,,0.0,,,0,0.0,7.047125,1568117,0.296,hold,,,0.0,,,0,0.0,127.650002,59207,0.2025,hold,,,0.0,,,0,0.0,97.272331,77428,0.2018,hold,,,0.0,,,0,0.0
2018-02-01,36954095,405,True,False,,247.837021,45087,0.3024,hold,,,0.0,,,0,0.0,6.870898,1568117,0.2916,hold,,,0.0,,,0,0.0,128.070007,59207,0.2052,hold,,,0.0,,,0,0.0,95.862595,77428,0.2009,hold,,,0.0,,,0,0.0
2018-02-02,35884372,405,False,False,,242.441666,45087,0.3046,hold,,,0.0,,,0,0.0,6.451211,1568117,0.2819,hold,,,0.0,,,0,0.0,126.389999,59207,0.2085,hold,,,0.0,,,0,0.0,94.973053,77428,0.2049,hold,,,0.0,,,0,0.0
2018-02-05,34347887,405,False,False,,232.30217,45087,0.3049,hold,,,0.0,,,0,0.0,5.70652,1568117,0.2605,hold,,,0.0,,,0,0.0,126.709999,59207,0.2184,hold,,,0.0,,,0,0.0,95.870537,77428,0.2161,hold,,,0.0,,,0,0.0
2018-02-06,35119312,405,False,False,,236.879059,45087,0.3041,hold,,,0.0,,,0,0.0,6.146494,1568117,0.2744,hold,,,0.0,,,0,0.0,125.379997,59207,0.2114,hold,,,0.0,,,0,0.0,95.274902,77428,0.2101,hold,,,0.0,,,0,0.0
2018-02-07,34575186,405,False,False,,235.59404,45087,0.3072,hold,,,0.0,,,0,0.0,5.903433,1568117,0.2677,hold,,,0.0,,,0,0.0,124.790001,59207,0.2137,hold,,,0.0,,,0,0.0,94.369446,77428,0.2113,hold,,,0.0,,,0,0.0
2018-02-08,33032832,405,False,False,,226.757156,45087,0.3095,hold,,,0.0,,,0,0.0,5.171869,1568117,0.2455,hold,,,0.0,,,0,0.0,124.980003,59207,0.224,hold,,,0.0,,,0,0.0,94.266167,77428,0.221,hold,,,0.0,,,0,0.0
2018-02-09,33509623,405,False,False,,230.163376,45087,0.3097,hold,,,0.0,,,0,0.0,5.415326,1568117,0.2534,hold,,,0.0,,,0,0.0,124.769997,59207,0.2205,hold,,,0.0,,,0,0.0,93.670502,77428,0.2164,hold,,,0.0,,,0,0.0
2018-02-12,34204856,405,False,False,,233.543274,45087,0.3078,hold,,,0.0,,,0,0.0,5.718453,1568117,0.2622,hold,,,0.0,,,0,0.0,125.370003,59207,0.217,hold,,,0.0,,,0,0.0,94.083534,77428,0.213,hold,,,0.0,,,0,0.0
2018-02-13,34414841,405,False,False,,234.1241,45087,0.3067,hold,,,0.0,,,0,0.0,5.788071,1568117,0.2637,hold,,,0.0,,,0,0.0,126.080002,59207,0.2169,hold,,,0.0,,,0,0.0,94.504463,77428,0.2126,hold,,,0.0,,,0,0.0
2018-02-14,35134908,405,False,False,,237.283844,45087,0.3045,hold,,,0.0,,,0,0.0,6.127001,1568117,0.2735,hold,,,0.0,,,0,0.0,128.229996,59207,0.2161,hold,,,0.0,,,0,0.0,93.4561,77428,0.206,hold,,,0.0,,,0,0.0
2018-02-15,35807066,405,False,False,,240.311646,45087,0.3026,hold,,,0.0,,,0,0.0,6.447235,1568117,0.2823,hold,,,0.0,,,0,0.0,128.380005,59207,0.2123,hold,,,0.0,,,0,0.0,93.773773,77428,0.2028,hold,,,0.0,,,0,0.0
2018-02-16,35711817,405,False,False,,240.382004,45087,0.3035,hold,,,0.0,,,0,0.0,6.37523,1568117,0.2799,hold,,,0.0,,,0,0.0,127.959999,59207,0.2121,hold,,,0.0,,,0,0.0,94.282104,77428,0.2044,hold,,,0.0,,,0,0.0
2018-02-20,35560051,405,False,False,,238.876968,45087,0.3029,hold,,,0.0,,,0,0.0,6.407055,1568117,0.2825,hold,,,0.0,,,0,0.0,126.239998,59207,0.2102,hold,,,0.0,,,0,0.0,93.869102,77428,0.2044,hold,,,0.0,,,0,0.0
2018-02-21,35292520,405,False,False,,237.688766,45087,0.3037,hold,,,0.0,,,0,0.0,6.349374,1568117,0.2821,hold,,,0.0,,,0,0.0,125.660004,59207,0.2108,hold,,,0.0,,,0,0.0,92.717476,77428,0.2034,hold,,,0.0,,,0,0.0
2018-02-22,35367693,405,False,False,,237.996811,45087,0.3034,hold,,,0.0,,,0,0.0,6.350567,1568117,0.2816,hold,,,0.0,,,0,0.0,126.300003,59207,0.2114,hold,,,0.0,,,0,0.0,92.995422,77428,0.2036,hold,,,0.0,,,0,0.0
2018-02-23,36186458,405,False,False,,241.790359,45087,0.3013,hold,,,0.0,,,0,0.0,6.728881,1568117,0.2916,hold,,,0.0,,,0,0.0,126.139999,59207,0.2064,hold,,,0.0,,,0,0.0,93.821457,77428,0.2007,hold,,,0.0,,,0,0.0
2018-02-26,36757425,405,False,False,,244.598068,45087,0.3,hold,,,0.0,,,0,0.0,6.99899,1568117,0.2986,hold,,,0.0,,,0,0.0,126.449997,59207,0.2037,hold,,,0.0,,,0,0.0,93.85321,77428,0.1977,hold,,,0.0,,,0,0.0
2018-02-27,36138120,405,False,False,,241.54393,45087,0.3014,hold,,,0.0,,,0,0.0,6.748374,1568117,0.2928,hold,,,0.0,,,0,0.0,125.129997,59207,0.205,hold,,,0.0,,,0,0.0,93.718185,77428,0.2008,hold,,,0.0,,,0,0.0
2018-02-28,35853498,405,False,False,,239.097031,45087,0.3007,hold,,,0.0,,,0,0.0,6.61272,1568117,0.2892,hold,,,0.0,,,0,0.0,125.0,59207,0.2064,hold,,,0.0,,,0,0.0,94.313835,77428,0.2037,hold,,,0.0,,,0,0.0
2018-03-01,35230980,405,True,False,,235.620422,45087,0.3015,hold,,,0.0,,,0,0.0,6.294477,1568117,0.2802,hold,,,0.0,,,0,0.0,124.720001,59207,0.2096,hold,,,0.0,,,0,0.0,94.957687,77428,0.2087,hold,,,0.0,,,0,0.0
2018-03-02,35536998,405,False,False,,236.835022,45087,0.3005,hold,,,0.0,,,0,0.0,6.467523,1568117,0.2854,hold,,,0.0,,,0,0.0,125.389999,59207,0.2089,hold,,,0.0,,,0,0.0,94.185745,77428,0.2052,hold,,,0.0,,,0,0.0
2018-03-05,35946403,405,False,False,,239.572342,45087,0.3005,hold,,,0.0,,,0,0.0,6.670403,1568117,0.291,hold,,,0.0,,,0,0.0,125.18,59207,0.2062,hold,,,0.0,,,0,0.0,93.931076,77428,0.2023,hold,,,0.0,,,0,0.0
2018-03-06,36192736,405,False,False,,240.179626,45087,0.2992,hold,,,0.0,,,0,0.0,6.754738,1568117,0.2927,hold,,,0.0,,,0,0.0,126.529999,59207,0.207,hold,,,0.0,,,0,0.0,94.018585,77428,0.2011,hold,,,0.0,,,0,0.0
2018-03-07,36212026,405,False,False,,240.091644,45087,0.2989,hold,,,0.0,,,0,0.0,6.805258,1568117,0.2947,hold,,,0.0,,,0,0.0,125.720001,59207,0.2056,hold,,,0.0,,,0,0.0,93.915169,77428,0.2008,hold,,,0.0,,,0,0.0
2018-03-08,36447617,405,False,False,,241.253479,45087,0.2984,hold,,,0.0,,,0,0.0,6.9067,1568117,0.2972,hold,,,0.0,,,0,0.0,125.419998,59207,0.2037,hold,,,0.0,,,0,0.0,94.456276,77428,0.2007,hold,,,0.0,,,0,0.0
2018-03-09,37226618,405,False,False,,245.451813,45087,0.2973,hold,,,0.0,,,0,0.0,7.308881,1568117,0.3079,hold,,,0.0,,,0,0.0,125.540001,59207,0.1997,hold,,,0.0,,,0,0.0,93.835556,77428,0.1952,hold,,,0.0,,,0,0.0
2018-03-12,37426182,405,False,False,,245.143829,45087,0.2953,hold,,,0.0,,,0,0.0,7.418279,1568117,0.3108,hold,,,0.0,,,0,0.0,125.540001,59207,0.1986,hold,,,0.0,,,0,0.0,94.376717,77428,0.1952,hold,,,0.0,,,0,0.0
2018-03-13,36983611,405,False,False,,243.559464,45087,0.2969,hold,,,0.0,,,0,0.0,7.148963,1568117,0.3031,hold,,,0.0,,,0,0.0,125.779999,59207,0.2014,hold,,,0.0,,,0,0.0,94.854233,77428,0.1986,hold,,,0.0,,,0,0.0
2018-03-14,36949169,405,False,False,,242.309616,45087,0.2957,hold,,,0.0,,,0,0.0,7.124697,1568117,0.3024,hold,,,0.0,,,0,0.0,125.699997,59207,0.2014,hold,,,0.0,,,0,0.0,95.689835,77428,0.2005,hold,,,0.0,,,0,0.0
2018-03-15,36839999,405,False,False,,242.045624,45087,0.2962,hold,,,0.0,,,0,0.0,7.092874,1568117,0.3019,hold,,,0.0,,,0,0.0,124.900002,59207,0.2007,hold,,,0.0,,,0,0.0,95.689835,77428,0.2011,hold,,,0.0,,,0,0.0
2018-03-16,36733960,405,False,False,,242.308044,45087,0.2974,hold,,,0.0,,,0,0.0,7.045932,1568117,0.3008,hold,,,0.0,,,0,0.0,124.599998,59207,0.2008,hold,,,0.0,,,0,0.0,95.34761,77428,0.201,hold,,,0.0,,,0,0.0
2018-03-19,35885044,405,False,False,,239.029572,45087,0.3003,hold,,,0.0,,,0,0.0,6.603571,1568117,0.2886,hold,,,0.0,,,0,0.0,124.870003,59207,0.206,hold,,,0.0,,,0,0.0,95.045235,77428,0.2051,hold,,,0.0,,,0,0.0
2018-03-20,35916743,405,False,False,,239.436127,45087,0.3006,hold,,,0.0,,,0,0.0,6.652104,1568117,0.2904,hold,,,0.0,,,0,0.0,124.309998,59207,0.2049,hold,,,0.0,,,0,0.0,94.6632,77428,0.2041,hold,,,0.0,,,0,0.0
2018-03-21,35881554,405,False,False,,238.976517,45087,0.3003,hold,,,0.0,,,0,0.0,6.555836,1568117,0.2865,hold,,,0.0,,,0,0.0,126.480003,59207,0.2087,hold,,,0.0,,,0,0.0,94.766693,77428,0.2045,hold,,,0.0,,,0,0.0
2018-03-22,34904254,405,False,False,,233.002716,45087,0.301,hold,,,0.0,,,0,0.0,6.076877,1568117,0.273,hold,,,0.0,,,0,0.0,125.980003,59207,0.2137,hold,,,0.0,,,0,0.0,95.705734,77428,0.2123,hold,,,0.0,,,0,0.0
2018-03-23,34001528,405,False,False,,228.036469,45087,0.3024,hold,,,0.0,,,0,0.0,5.585984,1568117,0.2576,hold,,,0.0,,,0,0.0,127.610001,59207,0.2222,hold,,,0.0,,,0,0.0,95.634148,77428,0.2178,hold,,,0.0,,,0,0.0
2018-03-26,35279753,405,False,False,,234.275314,45087,0.2994,hold,,,0.0,,,0,0.0,6.214519,1568117,0.2762,hold,,,0.0,,,0,0.0,128.279999,59207,0.2153,hold,,,0.0,,,0,0.0,95.267998,77428,0.2091,hold,,,0.0,,,0,0.0
2018-03-27,34197700,405,False,False,,230.289886,45087,0.3036,hold,,,0.0,,,0,0.0,5.618605,1568117,0.2576,hold,,,0.0,,,0,0.0,127.489998,59207,0.2207,hold,,,0.0,,,0,0.0,96.286674,77428,0.218,hold,,,0.0,,,0,0.0
2018-03-28,33778743,405,False,False,,229.609421,45087,0.3065,hold,,,0.0,,,0,0.0,5.424874,1568117,0.2518,hold,,,0.0,,,0,0.0,125.730003,59207,0.2204,hold,,,0.0,,,0,0.0,96.541359,77428,0.2213,hold,,,0.0,,,0,0.0
2018-03-29,34421902,405,False,False,,232.543274,45087,0.3046,hold,,,0.0,,,0,0.0,5.725217,1568117,0.2608,hold,,,0.0,,,0,0.0,125.790001,59207,0.2164,hold,,,0.0,,,0,0.0,97.010902,77428,0.2182,hold,,,0.0,,,0,0.0
2018-04-02,33500226,405,True,False,,227.52388,45087,0.3062,hold,REDUCE_TO_TARGET,rebalance 2018-04-02,-208301.0,,,0,0.0,5.216823,1568117,0.2442,hold,INCREASE_TO_TARGET,rebalance 2018-04-02,1869479.0,,,0,0.0,127.260002,59207,0.2249,hold,REDUCE_TO_TARGET,rebalance 2018-04-02,-834638.0,,,0,0.0,97.202309,77428,0.2247,hold,REDUCE_TO_TARGET,rebalance 2018-04-02,-826135.0,,,0,0.0
2018-04-03,33793932,2,False,True,monthly,230.440048,44174,0.3012,hold,,,0.0,REDUCE_TO_TARGET,sell,913,228.074758,5.391856,1915796,0.3057,hold,,,0.0,INCREASE_TO_TARGET,buy,347679,5.360429,126.300003,52592,0.1966,hold,,,0.0,REDUCE_TO_TARGET,sell,6615,126.160381,96.452667,68867,0.1966,hold,,,0.0,REDUCE_TO_TARGET,sell,8561,96.497263
2018-04-04,34385518,2,False,False,,232.905624,44174,0.2992,hold,,,0.0,,,0,0.0,5.64685,1915796,0.3146,hold,,,0.0,,,0,0.0,126.449997,52592,0.1934,hold,,,0.0,,,0,0.0,96.25325,68867,0.1928,hold,,,0.0,,,0,0.0
2018-04-05,34553050,2,False,False,,234.743729,44174,0.3001,hold,,,0.0,,,0,0.0,5.735561,1915796,0.318,hold,,,0.0,,,0,0.0,125.800003,52592,0.1915,hold,,,0.0,,,0,0.0,95.535454,68867,0.1904,hold,,,0.0,,,0,0.0
2018-04-06,33604897,2,False,False,,229.512238,44174,0.3017,hold,,,0.0,,,0,0.0,5.307522,1915796,0.3026,hold,,,0.0,,,0,0.0,126.389999,52592,0.1978,hold,,,0.0,,,0,0.0,96.580215,68867,0.1979,hold,,,0.0,,,0,0.0
2018-04-09,33891949,2,False,False,,230.643372,44174,0.3006,hold,,,0.0,,,0,0.0,5.413736,1915796,0.306,hold,,,0.0,,,0,0.0,126.82,52592,0.1968,hold,,,0.0,,,0,0.0,96.739738,68867,0.1966,hold,,,0.0,,,0,0.0
2018-04-10,34742781,2,False,False,,234.310638,44174,0.2979,hold,,,0.0,,,0,0.0,5.771363,1915796,0.3182,hold,,,0.0,,,0,0.0,127.120003,52592,0.1924,hold,,,0.0,,,0,0.0,96.56427,68867,0.1914,hold,,,0.0,,,0,0.0
2018-04-11,34578245,2,False,False,,233.082321,44174,0.2978,hold,,,0.0,,,0,0.0,5.674297,1915796,0.3144,hold,,,0.0,,,0,0.0,128.110001,52592,0.1948,hold,,,0.0,,,0,0.0,96.907196,68867,0.193,hold,,,0.0,,,0,0.0
2018-04-12,34916772,2,False,False,,234.999954,44174,0.2973,hold,,,0.0,,,0,0.0,5.873201,1915796,0.3222,hold,,,0.0,,,0,0.0,126.620003,52592,0.1907,hold,,,0.0,,,0,0.0,96.197433,68867,0.1897,hold,,,0.0,,,0,0.0
2018-04-13,34778449,2,False,False,,234.310638,44174,0.2976,hold,,,0.0,,,0,0.0,5.786082,1915796,0.3187,hold,,,0.0,,,0,0.0,127.449997,52592,0.1927,hold,,,0.0,,,0,0.0,96.420731,68867,0.1909,hold,,,0.0,,,0,0.0
2018-04-16,35119854,2,False,False,,236.237152,44174,0.2971,hold,,,0.0,,,0,0.0,5.913777,1915796,0.3226,hold,,,0.0,,,0,0.0,127.629997,52592,0.1911,hold,,,0.0,,,0,0.0,96.452667,68867,0.1891,hold,,,0.0,,,0,0.0
2018-04-17,35980699,2,False,False,,238.76445,44174,0.2931,hold,,,0.0,,,0,0.0,6.29209,1915796,0.335,hold,,,0.0,,,0,0.0,127.75,52592,0.1867,hold,,,0.0,,,0,0.0,96.715813,68867,0.1851,hold,,,0.0,,,0,0.0
2018-04-18,36024321,2,False,False,,238.941162,44174,0.293,hold,,,0.0,,,0,0.0,6.335849,1915796,0.3369,hold,,,0.0,,,0,0.0,127.849998,52592,0.1866,hold,,,0.0,,,0,0.0,95.9422,68867,0.1834,hold,,,0.0,,,0,0.0
2018-04-19,35568801,2,False,False,,237.615677,44174,0.2951,hold,,,0.0,,,0,0.0,6.163599,1915796,0.332,hold,,,0.0,,,0,0.0,127.599998,52592,0.1887,hold,,,0.0,,,0,0.0,95.160637,68867,0.1842,hold,,,0.0,,,0,0.0
2018-04-20,34815303,2,False,False,,235.60083,44174,0.2989,hold,,,0.0,,,0,0.0,5.86803,1915796,0.3229,hold,,,0.0,,,0,0.0,126.629997,52592,0.1913,hold,,,0.0,,,0,0.0,94.474823,68867,0.1869,hold,,,0.0,,,0,0.0
2018-04-23,34673865,2,False,False,,235.565506,44174,0.3001,hold,,,0.0,,,0,0.0,5.821884,1915796,0.3217,hold,,,0.0,,,0,0.0,125.620003,52592,0.1905,hold,,,0.0,,,0,0.0,94.498718,68867,0.1877,hold,,,0.0,,,0,0.0
2018-04-24,33825100,2,False,False,,232.393112,44174,0.3035,hold,,,0.0,,,0,0.0,5.450733,1915796,0.3087,hold,,,0.0,,,0,0.0,126.230003,52592,0.1963,hold,,,0.0,,,0,0.0,94.068047,68867,0.1915,hold,,,0.0,,,0,0.0
2018-04-25,33805103,2,False,False,,232.967438,44174,0.3044,hold,,,0.0,,,0,0.0,5.472212,1915796,0.3101,hold,,,0.0,,,0,0.0,125.410004,52592,0.1951,hold,,,0.0,,,0,0.0,93.437973,68867,0.1903,hold,,,0.0,,,0,0.0
2018-04-26,34581702,2,False,False,,235.335693,44174,0.3006,hold,,,0.0,,,0,0.0,5.811541,1915796,0.322,hold,,,0.0,,,0,0.0,124.970001,52592,0.1901,hold,,,0.0,,,0,0.0,94.091972,68867,0.1874,hold,,,0.0,,,0,0.0
2018-04-27,34695227,2,False,False,,235.556686,44174,0.2999,hold,,,0.0,,,0,0.0,5.825066,1915796,0.3216,hold,,,0.0,,,0,0.0,125.5,52592,0.1902,hold,,,0.0,,,0,0.0,94.817696,68867,0.1882,hold,,,0.0,,,0,0.0
2018-04-30,34341101,2,False,False,,233.745132,44174,0.3007,hold,,,0.0,,,0,0.0,5.700952,1915796,0.318,hold,,,0.0,,,0,0.0,124.589996,52592,0.1908,hold,,,0.0,,,0,0.0,94.985168,68867,0.1905,hold,,,0.0,,,0,0.0
2018-05-01,34644754,2,True,False,,234.160477,44174,0.2986,hold,,,0.0,,,0,0.0,5.886329,1915796,0.3255,hold,,,0.0,,,0,0.0,123.709999,52592,0.1878,hold,,,0.0,,,0,0.0,94.643097,68867,0.1881,hold,,,0.0,,,0,0.0
2018-05-02,34368330,2,False,False,,232.587448,44174,0.2989,hold,,,0.0,,,0,0.0,5.783695,1915796,0.3224,hold,,,0.0,,,0,0.0,123.650002,52592,0.1892,hold,,,0.0,,,0,0.0,94.539185,68867,0.1894,hold,,,0.0,,,0,0.0
2018-05-03,34408757,2,False,False,,232.074936,44174,0.2979,hold,,,0.0,,,0,0.0,5.784092,1915796,0.322,hold,,,0.0,,,0,0.0,124.279999,52592,0.19,hold,,,0.0,,,0,0.0,94.962799,68867,0.1901,hold,,,0.0,,,0,0.0
2018-05-04,35188473,2,False,False,,235.079437,44174,0.2951,hold,,,0.0,,,0,0.0,6.109498,1915796,0.3326,hold,,,0.0,,,0,0.0,124.540001,52592,0.1861,hold,,,0.0,,,0,0.0,95.106689,68867,0.1861,hold,,,0.0,,,0,0.0
2018-05-07,35492897,2,False,False,,235.874771,44174,0.2936,hold,,,0.0,,,0,0.0,6.254696,1915796,0.3376,hold,,,0.0,,,0,0.0,124.57,52592,0.1846,hold,,,0.0,,,0,0.0,94.954865,68867,0.1842,hold,,,0.0,,,0,0.0
2018-05-08,35448262,2,False,False,,235.874771,44174,0.2939,hold,,,0.0,,,0,0.0,6.234011,1915796,0.3369,hold,,,0.0,,,0,0.0,124.589996,52592,0.1848,hold,,,0.0,,,0,0.0,94.86689,68867,0.1843,hold,,,0.0,,,0,0.0
2018-05-09,35896331,2,False,False,,238.154724,44174,0.2931,hold,,,0.0,,,0,0.0,6.442857,1915796,0.3439,hold,,,0.0,,,0,0.0,124.330002,52592,0.1822,hold,,,0.0,,,0,0.0,94.299438,68867,0.1809,hold,,,0.0,,,0,0.0
2018-05-10,36475801,2,False,False,,240.381561,44174,0.2911,hold,,,0.0,,,0,0.0,6.643353,1915796,0.3489,hold,,,0.0,,,0,0.0,125.18,52592,0.1805,hold,,,0.0,,,0,0.0,95.058716,68867,0.1795,hold,,,0.0,,,0,0.0
2018-05-11,36477144,2,False,False,,241.115097,44174,0.292,hold,,,0.0,,,0,0.0,6.623462,1915796,0.3479,hold,,,0.0,,,0,0.0,125.0,52592,0.1802,hold,,,0.0,,,0,0.0,95.2985,68867,0.1799,hold,,,0.0,,,0,0.0
2018-05-14,36477116,2,False,False,,241.230026,44174,0.2921,hold,,,0.0,,,0,0.0,6.652899,1915796,0.3494,hold,,,0.0,,,0,0.0,124.489998,52592,0.1795,hold,,,0.0,,,0,0.0,94.794952,68867,0.179,hold,,,0.0,,,0,0.0
2018-05-15,35811406,2,False,False,,239.568634,44174,0.2955,hold,,,0.0,,,0,0.0,6.437687,1915796,0.3444,hold,,,0.0,,,0,0.0,122.480003,52592,0.1799,hold,,,0.0,,,0,0.0,93.71595,68867,0.1802,hold,,,0.0,,,0,0.0
2018-05-16,36048251,2,False,False,,240.575958,44174,0.2948,hold,,,0.0,,,0,0.0,6.556233,1915796,0.3484,hold,,,0.0,,,0,0.0,122.290001,52592,0.1784,hold,,,0.0,,,0,0.0,93.35627,68867,0.1783,hold,,,0.0,,,0,0.0
2018-05-17,35868730,2,False,False,,240.372864,44174,0.296,hold,,,0.0,,,0,0.0,6.482241,1915796,0.3462,hold,,,0.0,,,0,0.0,122.360001,52592,0.1794,hold,,,0.0,,,0,0.0,92.884674,68867,0.1783,hold,,,0.0,,,0,0.0
2018-05-18,35700940,2,False,False,,239.77182,44174,0.2967,hold,,,0.0,,,0,0.0,6.378413,1915796,0.3423,hold,,,0.0,,,0,0.0,122.410004,52592,0.1803,hold,,,0.0,,,0,0.0,93.683952,68867,0.1807,hold,,,0.0,,,0,0.0
2018-05-21,36000953,2,False,False,,241.57457,44174,0.2964,hold,,,0.0,,,0,0.0,6.4898,1915796,0.3454,hold,,,0.0,,,0,0.0,122.480003,52592,0.1789,hold,,,0.0,,,0,0.0,93.731903,68867,0.1793,hold,,,0.0,,,0,0.0
2018-05-22,35892916,2,False,False,,240.903015,44174,0.2965,hold,,,0.0,,,0,0.0,6.455986,1915796,0.3446,hold,,,0.0,,,0,0.0,122.410004,52592,0.1794,hold,,,0.0,,,0,0.0,93.588013,68867,0.1796,hold,,,0.0,,,0,0.0
2018-05-23,36286759,2,False,False,,241.565735,44174,0.2941,hold,,,0.0,,,0,0.0,6.61829,1915796,0.3494,hold,,,0.0,,,0,0.0,122.540001,52592,0.1776,hold,,,0.0,,,0,0.0,94.267441,68867,0.1789,hold,,,0.0,,,0,0.0
2018-05-24,36361185,2,False,False,,241.070816,44174,0.2929,hold,,,0.0,,,0,0.0,6.61272,1915796,0.3484,hold,,,0.0,,,0,0.0,123.589996,52592,0.1788,hold,,,0.0,,,0,0.0,95.018707,68867,0.18,hold,,,0.0,,,0,0.0
2018-05-25,36388575,2,False,False,,240.496429,44174,0.292,hold,,,0.0,,,0,0.0,6.62943,1915796,0.349,hold,,,0.0,,,0,0.0,123.209999,52592,0.1781,hold,,,0.0,,,0,0.0,95.610214,68867,0.1809,hold,,,0.0,,,0,0.0
2018-05-29,36247229,2,False,False,,237.730515,44174,0.2897,hold,,,0.0,,,0,0.0,6.544697,1915796,0.3459,hold,,,0.0,,,0,0.0,123.190002,52592,0.1787,hold,,,0.0,,,0,0.0,97.704369,68867,0.1856,hold,,,0.0,,,0,0.0
2018-05-30,36619202,2,False,False,,240.903015,44174,0.2906,hold,,,0.0,,,0,0.0,6.684326,1915796,0.3497,hold,,,0.0,,,0,0.0,123.370003,52592,0.1772,hold,,,0.0,,,0,0.0,97.048958,68867,0.1825,hold,,,0.0,,,0,0.0
2018-05-31,36501367,2,False,False,,239.427292,44174,0.2898,hold,,,0.0,,,0,0.0,6.670006,1915796,0.3501,hold,,,0.0,,,0,0.0,123.099998,52592,0.1774,hold,,,0.0,,,0,0.0,96.889046,68867,0.1828,hold,,,0.0,,,0,0.0
2018-06-01,37132314,2,True,False,,241.777878,44174,0.2876,hold,INCREASE_TO_TARGET,rebalance 2018-06-01,459398.0,,,0,0.0,6.980293,1915796,0.3601,hold,REDUCE_TO_TARGET,rebalance 2018-06-01,-2233123.0,,,0,0.0,122.489998,52592,0.1735,hold,INCREASE_TO_TARGET,rebalance 2018-06-01,984469.0,,,0,0.0,96.377151,68867,0.1787,hold,INCREASE_TO_TARGET,rebalance 2018-06-01,789258.0,,,0,0.0
2018-06-04,37409181,379,False,True,monthly,242.92662,46061,0.2991,hold,,,0.0,INCREASE_TO_TARGET,buy,1887,242.599659,7.159306,1597149,0.3057,hold,,,0.0,REDUCE_TO_TARGET,sell,318647,7.008136,122.370003,60581,0.1982,hold,,,0.0,INCREASE_TO_TARGET,buy,7989,122.849998,95.680168,77044,0.1971,hold,,,0.0,INCREASE_TO_TARGET,buy,8177,96.224944
2018-06-05,37581861,379,False,False,,243.103409,46061,0.298,hold,,,0.0,,,0,0.0,7.233299,1597149,0.3074,hold,,,0.0,,,0,0.0,122.849998,60581,0.198,hold,,,0.0,,,0,0.0,95.904465,77044,0.1966,hold,,,0.0,,,0,0.0
2018-06-06,37810457,379,False,False,,245.135834,46061,0.2986,hold,,,0.0,,,0,0.0,7.352641,1597149,0.3106,hold,,,0.0,,,0,0.0,122.919998,60581,0.1969,hold,,,0.0,,,0,0.0,95.127411,77044,0.1938,hold,,,0.0,,,0,0.0
2018-06-07,37604012,379,False,False,,245.109329,46061,0.3002,hold,,,0.0,,,0,0.0,7.181982,1597149,0.305,hold,,,0.0,,,0,0.0,122.860001,60581,0.1979,hold,,,0.0,,,0,0.0,96.048683,77044,0.1968,hold,,,0.0,,,0,0.0
2018-06-08,37616636,379,False,False,,245.834091,46061,0.301,hold,,,0.0,,,0,0.0,7.177207,1597149,0.3047,hold,,,0.0,,,0,0.0,123.010002,60581,0.1981,hold,,,0.0,,,0,0.0,95.760269,77044,0.1961,hold,,,0.0,,,0,0.0
2018-06-11,37721025,379,False,False,,246.160934,46061,0.3006,hold,,,0.0,,,0,0.0,7.233299,1597149,0.3063,hold,,,0.0,,,0,0.0,123.230003,60581,0.1979,hold,,,0.0,,,0,0.0,95.584,77044,0.1952,hold,,,0.0,,,0,0.0
2018-06-12,37895673,379,False,False,,246.479065,46061,0.2996,hold,,,0.0,,,0,0.0,7.347866,1597149,0.3097,hold,,,0.0,,,0,0.0,122.82,60581,0.1963,hold,,,0.0,,,0,0.0,95.608047,77044,0.1944,hold,,,0.0,,,0,0.0
2018-06-13,37864814,379,False,False,,245.692535,46061,0.2989,hold,,,0.0,,,0,0.0,7.339512,1597149,0.3096,hold,,,0.0,,,0,0.0,123.190002,60581,0.1971,hold,,,0.0,,,0,0.0,95.559982,77044,0.1944,hold,,,0.0,,,0,0.0
2018-06-14,38322358,379,False,False,,246.311218,46061,0.2961,hold,,,0.0,,,0,0.0,7.56268,1597149,0.3152,hold,,,0.0,,,0,0.0,123.379997,60581,0.195,hold,,,0.0,,,0,0.0,96.353088,77044,0.1937,hold,,,0.0,,,0,0.0
2018-06-15,38071008,379,False,False,,245.996979,46061,0.2976,hold,,,0.0,,,0,0.0,7.487495,1597149,0.3141,hold,,,0.0,,,0,0.0,121.339996,60581,0.1931,hold,,,0.0,,,0,0.0,96.441231,77044,0.1952,hold,,,0.0,,,0,0.0
2018-06-18,38000291,379,False,False,,245.490967,46061,0.2976,hold,,,0.0,,,0,0.0,7.470787,1597149,0.314,hold,,,0.0,,,0,0.0,121.110001,60581,0.1931,hold,,,0.0,,,0,0.0,96.353088,77044,0.1954,hold,,,0.0,,,0,0.0
2018-06-19,37874640,379,False,False,,244.550049,46061,0.2974,hold,,,0.0,,,0,0.0,7.403956,1597149,0.3122,hold,,,0.0,,,0,0.0,120.800003,60581,0.1932,hold,,,0.0,,,0,0.0,96.91391,77044,0.1971,hold,,,0.0,,,0,0.0
2018-06-20,38043503,379,False,False,,244.967194,46061,0.2966,hold,,,0.0,,,0,0.0,7.5591,1597149,0.3173,hold,,,0.0,,,0,0.0,120.260002,60581,0.1915,hold,,,0.0,,,0,0.0,96.064713,77044,0.1945,hold,,,0.0,,,0,0.0
2018-06-21,37686342,379,False,False,,243.431625,46061,0.2975,hold,,,0.0,,,0,0.0,7.36338,1597149,0.3121,hold,,,0.0,,,0,0.0,120.050003,60581,0.193,hold,,,0.0,,,0,0.0,96.569412,77044,0.1974,hold,,,0.0,,,0,0.0
2018-06-22,37605564,379,False,False,,243.875519,46061,0.2987,hold,,,0.0,,,0,0.0,7.28939,1597149,0.3096,hold,,,0.0,,,0,0.0,120.339996,60581,0.1939,hold,,,0.0,,,0,0.0,96.561378,77044,0.1978,hold,,,0.0,,,0,0.0
2018-06-25,36698684,379,False,False,,240.555618,46061,0.3019,hold,,,0.0,,,0,0.0,6.823956,1597149,0.297,hold,,,0.0,,,0,0.0,119.889999,60581,0.1979,hold,,,0.0,,,0,0.0,96.777702,77044,0.2032,hold,,,0.0,,,0,0.0
2018-06-26,36815627,379,False,False,,241.088257,46061,0.3016,hold,,,0.0,,,0,0.0,6.899141,1597149,0.2993,hold,,,0.0,,,0,0.0,119.260002,60581,0.1962,hold,,,0.0,,,0,0.0,96.91391,77044,0.2028,hold,,,0.0,,,0,0.0
2018-06-27,36310592,379,False,False,,239.090942,46061,0.3033,hold,,,0.0,,,0,0.0,6.622269,1597149,0.2913,hold,,,0.0,,,0,0.0,118.580002,60581,0.1978,hold,,,0.0,,,0,0.0,97.827209,77044,0.2076,hold,,,0.0,,,0,0.0
2018-06-28,36612831,379,False,False,,240.458023,46061,0.3025,hold,,,0.0,,,0,0.0,6.784574,1597149,0.296,hold,,,0.0,,,0,0.0,118.220001,60581,0.1956,hold,,,0.0,,,0,0.0,97.851273,77044,0.2059,hold,,,0.0,,,0,0.0
2018-06-29,36678457,379,False,False,,240.804169,46061,0.3024,hold,,,0.0,,,0,0.0,6.815602,1597149,0.2968,hold,,,0.0,,,0,0.0,118.650002,60581,0.196,hold,,,0.0,,,0,0.0,97.514778,77044,0.2048,hold,,,0.0,,,0,0.0
2018-07-02,36868172,379,True,False,,241.318954,46061,0.3015,hold,,,0.0,,,0,0.0,6.968359,1597149,0.3019,hold,,,0.0,,,0,0.0,117.459999,60581,0.193,hold,,,0.0,,,0,0.0,97.438461,77044,0.2036,hold,,,0.0,,,0,0.0
2018-07-03,36558109,379,False,False,,240.466827,46061,0.303,hold,,,0.0,,,0,0.0,6.728482,1597149,0.294,hold,,,0.0,,,0,0.0,118.650002,60581,0.1966,hold,,,0.0,,,0,0.0,97.960419,77044,0.2064,hold,,,0.0,,,0,0.0
2018-07-05,37088904,379,False,False,,242.428543,46061,0.3011,hold,,,0.0,,,0,0.0,6.97552,1597149,0.3004,hold,,,0.0,,,0,0.0,119.050003,60581,0.1945,hold,,,0.0,,,0,0.0,98.241394,77044,0.2041,hold,,,0.0,,,0,0.0
2018-07-06,37697889,379,False,False,,244.479111,46061,0.2987,hold,,,0.0,,,0,0.0,7.28939,1597149,0.3088,hold,,,0.0,,,0,0.0,118.860001,60581,0.191,hold,,,0.0,,,0,0.0,98.562614,77044,0.2014,hold,,,0.0,,,0,0.0
2018-07-09,38092011,379,False,False,,246.68042,46061,0.2983,hold,,,0.0,,,0,0.0,7.49227,1597149,0.3141,hold,,,0.0,,,0,0.0,119.150002,60581,0.1895,hold,,,0.0,,,0,0.0,97.928291,77044,0.1981,hold,,,0.0,,,0,0.0
2018-07-10,38147539,379,False,False,,247.568085,46061,0.2989,hold,,,0.0,,,0,0.0,7.51017,1597149,0.3144,hold,,,0.0,,,0,0.0,118.93,60581,0.1889,hold,,,0.0,,,0,0.0,97.920242,77044,0.1978,hold,,,0.0,,,0,0.0
2018-07-11,37839699,379,False,False,,245.757233,46061,0.2992,hold,,,0.0,,,0,0.0,7.400376,1597149,0.3124,hold,,,0.0,,,0,0.0,117.639999,60581,0.1883,hold,,,0.0,,,0,0.0,98.297646,77044,0.2001,hold,,,0.0,,,0,0.0
2018-07-12,38554654,379,False,False,,247.985367,46061,0.2963,hold,,,0.0,,,0,0.0,7.765563,1597149,0.3217,hold,,,0.0,,,0,0.0,118.129997,60581,0.1856,hold,,,0.0,,,0,0.0,98.289627,77044,0.1964,hold,,,0.0,,,0,0.0
2018-07-13,38587538,379,False,False,,248.180664,46061,0.2962,hold,,,0.0,,,0,0.0,7.788236,1597149,0.3224,hold,,,0.0,,,0,0.0,117.610001,60581,0.1846,hold,,,0.0,,,0,0.0,98.538551,77044,0.1967,hold,,,0.0,,,0,0.0
2018-07-16,38458261,379,False,False,,247.958679,46061,0.297,hold,,,0.0,,,0,0.0,7.735726,1597149,0.3213,hold,,,0.0,,,0,0.0,117.550003,60581,0.1852,hold,,,0.0,,,0,0.0,98.129028,77044,0.1966,hold,,,0.0,,,0,0.0
2018-07-17,38642028,379,False,False,,248.961792,46061,0.2968,hold,,,0.0,,,0,0.0,7.878937,1597149,0.3257,hold,,,0.0,,,0,0.0,116.279999,60581,0.1823,hold,,,0.0,,,0,0.0,97.944351,77044,0.1953,hold,,,0.0,,,0,0.0
2018-07-18,38557595,379,False,False,,249.485504,46061,0.298,hold,,,0.0,,,0,0.0,7.828812,1597149,0.3243,hold,,,0.0,,,0,0.0,116.309998,60581,0.1827,hold,,,0.0,,,0,0.0,97.550858,77044,0.1949,hold,,,0.0,,,0,0.0
2018-07-19,38346719,379,False,False,,248.544632,46061,0.2985,hold,,,0.0,,,0,0.0,7.713052,1597149,0.3213,hold,,,0.0,,,0,0.0,115.809998,60581,0.183,hold,,,0.0,,,0,0.0,98.169182,77044,0.1972,hold,,,0.0,,,0,0.0
2018-07-20,38269115,379,False,False,,248.260513,46061,0.2988,hold,,,0.0,,,0,0.0,7.70231,1597149,0.3215,hold,,,0.0,,,0,0.0,116.559998,60581,0.1845,hold,,,0.0,,,0,0.0,96.964722,77044,0.1952,hold,,,0.0,,,0,0.0
2018-07-23,38271013,379,False,False,,248.722092,46061,0.2993,hold,,,0.0,,,0,0.0,7.76914,1597149,0.3242,hold,,,0.0,,,0,0.0,116.0,60581,0.1836,hold,,,0.0,,,0,0.0,95.768333,77044,0.1928,hold,,,0.0,,,0,0.0
2018-07-24,38514657,379,False,False,,249.973648,46061,0.299,hold,,,0.0,,,0,0.0,7.868196,1597149,0.3263,hold,,,0.0,,,0,0.0,116.040001,60581,0.1825,hold,,,0.0,,,0,0.0,96.097565,77044,0.1922,hold,,,0.0,,,0,0.0
2018-07-25,39163966,379,False,False,,252.104019,46061,0.2965,hold,,,0.0,,,0,0.0,8.196384,1597149,0.3343,hold,,,0.0,,,0,0.0,116.68,60581,0.1805,hold,,,0.0,,,0,0.0,95.944992,77044,0.1887,hold,,,0.0,,,0,0.0
2018-07-26,38495398,379,False,False,,251.509262,46061,0.3009,hold,,,0.0,,,0,0.0,7.838361,1597149,0.3252,hold,,,0.0,,,0,0.0,115.769997,60581,0.1822,hold,,,0.0,,,0,0.0,95.760323,77044,0.1917,hold,,,0.0,,,0,0.0
2018-07-27,37910640,379,False,False,,249.805023,46061,0.3035,hold,,,0.0,,,0,0.0,7.511364,1597149,0.3164,hold,,,0.0,,,0,0.0,115.830002,60581,0.1851,hold,,,0.0,,,0,0.0,95.92086,77044,0.1949,hold,,,0.0,,,0,0.0
2018-07-30,37297728,379,False,False,,248.500168,46061,0.3069,hold,,,0.0,,,0,0.0,7.187948,1597149,0.3078,hold,,,0.0,,,0,0.0,115.650002,60581,0.1878,hold,,,0.0,,,0,0.0,95.591682,77044,0.1975,hold,,,0.0,,,0,0.0
2018-07-31,37643686,379,False,False,,249.725098,46061,0.3056,hold,,,0.0,,,0,0.0,7.331158,1597149,0.311,hold,,,0.0,,,0,0.0,115.989998,60581,0.1867,hold,,,0.0,,,0,0.0,96.113617,77044,0.1967,hold,,,0.0,,,0,0.0
2018-08-01,37672757,379,True,False,,249.307922,46061,0.3048,hold,,,0.0,,,0,0.0,7.431404,1597149,0.3151,hold,,,0.0,,,0,0.0,115.139999,60581,0.1852,hold,,,0.0,,,0,0.0,95.330589,77044,0.195,hold,,,0.0,,,0,0.0
2018-08-02,38180997,379,False,False,,250.666031,46061,0.3024,hold,,,0.0,,,0,0.0,7.727373,1597149,0.3232,hold,,,0.0,,,0,0.0,114.519997,60581,0.1817,hold,,,0.0,,,0,0.0,95.467369,77044,0.1926,hold,,,0.0,,,0,0.0
2018-08-03,38401835,379,False,False,,251.740036,46061,0.3019,hold,,,0.0,,,0,0.0,7.796593,1597149,0.3243,hold,,,0.0,,,0,0.0,114.919998,60581,0.1813,hold,,,0.0,,,0,0.0,95.942177,77044,0.1925,hold,,,0.0,,,0,0.0
2018-08-06,38641688,379,False,False,,252.663406,46061,0.3012,hold,,,0.0,,,0,0.0,7.9398,1597149,0.3282,hold,,,0.0,,,0,0.0,114.330002,60581,0.1792,hold,,,0.0,,,0,0.0,95.99852,77044,0.1914,hold,,,0.0,,,0,0.0
2018-08-07,38781321,379,False,False,,253.497681,46061,0.3011,hold,,,0.0,,,0,0.0,8.017373,1597149,0.3302,hold,,,0.0,,,0,0.0,114.589996,60581,0.179,hold,,,0.0,,,0,0.0,95.499573,77044,0.1897,hold,,,0.0,,,0,0.0
2018-08-08,38837552,379,False,False,,253.391174,46061,0.3005,hold,,,0.0,,,0,0.0,8.038855,1597149,0.3306,hold,,,0.0,,,0,0.0,114.910004,60581,0.1792,hold,,,0.0,,,0,0.0,95.596146,77044,0.1896,hold,,,0.0,,,0,0.0
2018-08-09,38861869,379,False,False,,253.044983,46061,0.2999,hold,,,0.0,,,0,0.0,8.031693,1597149,0.3301,hold,,,0.0,,,0,0.0,114.739998,60581,0.1789,hold,,,0.0,,,0,0.0,96.400887,77044,0.1911,hold,,,0.0,,,0,0.0
2018-08-10,38535438,379,False,False,,251.349594,46061,0.3004,hold,,,0.0,,,0,0.0,7.844326,1597149,0.3251,hold,,,0.0,,,0,0.0,114.690002,60581,0.1803,hold,,,0.0,,,0,0.0,97.101036,77044,0.1941,hold,,,0.0,,,0,0.0
2018-08-13,38335576,379,False,False,,250.40863,46061,0.3009,hold,,,0.0,,,0,0.0,7.821652,1597149,0.3259,hold,,,0.0,,,0,0.0,112.959999,60581,0.1785,hold,,,0.0,,,0,0.0,96.899841,77044,0.1947,hold,,,0.0,,,0,0.0
2018-08-14,38629737,379,False,False,,252.006424,46061,0.3005,hold,,,0.0,,,0,0.0,7.966058,1597149,0.3294,hold,,,0.0,,,0,0.0,113.07,60581,0.1773,hold,,,0.0,,,0,0.0,96.682602,77044,0.1928,hold,,,0.0,,,0,0.0
2018-08-15,38009380,379,False,False,,250.124527,46061,0.3031,hold,,,0.0,,,0,0.0,7.676054,1597149,0.3225,hold,,,0.0,,,0,0.0,111.190002,60581,0.1772,hold,,,0.0,,,0,0.0,97.245872,77044,0.1971,hold,,,0.0,,,0,0.0
2018-08-16,38208994,379,False,False,,252.148438,46061,0.304,hold,,,0.0,,,0,0.0,7.746468,1597149,0.3238,hold,,,0.0,,,0,0.0,111.099998,60581,0.1762,hold,,,0.0,,,0,0.0,97.237846,77044,0.1961,hold,,,0.0,,,0,0.0
2018-08-17,38319669,379,False,False,,253.036087,46061,0.3042,hold,,,0.0,,,0,0.0,7.745273,1597149,0.3228,hold,,,0.0,,,0,0.0,112.129997,60581,0.1773,hold,,,0.0,,,0,0.0,97.358551,77044,0.1957,hold,,,0.0,,,0,0.0
2018-08-20,38403976,379,False,False,,253.577499,46061,0.3041,hold,,,0.0,,,0,0.0,7.729759,1597149,0.3215,hold,,,0.0,,,0,0.0,112.690002,60581,0.1778,hold,,,0.0,,,0,0.0,98.010406,77044,0.1966,hold,,,0.0,,,0,0.0
2018-08-21,38553651,379,False,False,,254.172333,46061,0.3037,hold,,,0.0,,,0,0.0,7.809718,1597149,0.3235,hold,,,0.0,,,0,0.0,113.019997,60581,0.1776,hold,,,0.0,,,0,0.0,97.680443,77044,0.1952,hold,,,0.0,,,0,0.0
2018-08-22,38736468,379,False,False,,254.021378,46061,0.3021,hold,,,0.0,,,0,0.0,7.900418,1597149,0.3257,hold,,,0.0,,,0,0.0,113.269997,60581,0.1771,hold,,,0.0,,,0,0.0,98.066757,77044,0.195,hold,,,0.0,,,0,0.0
2018-08-23,38604993,379,False,False,,253.684189,46061,0.3027,hold,,,0.0,,,0,0.0,7.861035,1597149,0.3252,hold,,,0.0,,,0,0.0,112.199997,60581,0.1761,hold,,,0.0,,,0,0.0,98.219643,77044,0.196,hold,,,0.0,,,0,0.0
2018-08-24,39157743,379,False,False,,255.210846,46061,0.3002,hold,,,0.0,,,0,0.0,8.079432,1597149,0.3295,hold,,,0.0,,,0,0.0,114.160004,60581,0.1766,hold,,,0.0,,,0,0.0,98.412766,77044,0.1936,hold,,,0.0,,,0,0.0
2018-08-27,39622042,379,False,False,,257.225891,46061,0.299,hold,,,0.0,,,0,0.0,8.322886,1597149,0.3355,hold,,,0.0,,,0,0.0,114.589996,60581,0.1752,hold,,,0.0,,,0,0.0,97.84948,77044,0.1903,hold,,,0.0,,,0,0.0
2018-08-28,39586457,379,False,False,,257.350098,46061,0.2994,hold,,,0.0,,,0,0.0,8.35988,1597149,0.3373,hold,,,0.0,,,0,0.0,113.68,60581,0.174,hold,,,0.0,,,0,0.0,97.261993,77044,0.1893,hold,,,0.0,,,0,0.0
2018-08-29,40158661,379,False,False,,258.734924,46061,0.2968,hold,,,0.0,,,0,0.0,8.652272,1597149,0.3441,hold,,,0.0,,,0,0.0,114.199997,60581,0.1723,hold,,,0.0,,,0,0.0,97.39077,77044,0.1868,hold,,,0.0,,,0,0.0
2018-08-30,40014455,379,False,False,,257.687469,46061,0.2966,hold,,,0.0,,,0,0.0,8.60334,1597149,0.3434,hold,,,0.0,,,0,0.0,113.639999,60581,0.172,hold,,,0.0,,,0,0.0,97.599968,77044,0.1879,hold,,,0.0,,,0,0.0
2018-08-31,40029658,379,False,False,,257.69635,46061,0.2965,hold,,,0.0,,,0,0.0,8.628403,1597149,0.3443,hold,,,0.0,,,0,0.0,113.510002,60581,0.1718,hold,,,0.0,,,0,0.0,97.374649,77044,0.1874,hold,,,0.0,,,0,0.0
2018-09-04,39766777,379,True,False,,257.252472,46061,0.298,hold,INCREASE_TO_TARGET,rebalance 2018-09-04,80727.0,,,0,0.0,8.525767,1597149,0.3424,hold,REDUCE_TO_TARGET,rebalance 2018-09-04,-1686887.0,,,0,0.0,112.93,60581,0.172,hold,INCREASE_TO_TARGET,rebalance 2018-09-04,1111943.0,,,0,0.0,96.811676,77044,0.1876,hold,INCREASE_TO_TARGET,rebalance 2018-09-04,494597.0,,,0,0.0
2018-09-05,39243678,146,False,True,monthly,256.56015,46374,0.3032,hold,,,0.0,INCREASE_TO_TARGET,buy,313,256.897465,8.186838,1397467,0.2915,hold,,,0.0,REDUCE_TO_TARGET,sell,199682,8.447838,113.32,70360,0.2032,hold,,,0.0,INCREASE_TO_TARGET,buy,9779,113.360001,96.553589,82149,0.2021,hold,,,0.0,INCREASE_TO_TARGET,buy,5105,96.593919
2018-09-06,38940627,146,False,False,,255.787842,46374,0.3046,hold,,,0.0,,,0,0.0,7.963671,1397467,0.2858,hold,,,0.0,,,0,0.0,113.540001,70360,0.2052,hold,,,0.0,,,0,0.0,96.908463,82149,0.2044,hold,,,0.0,,,0,0.0
2018-09-07,38718107,146,False,False,,255.290802,46374,0.3058,hold,,,0.0,,,0,0.0,7.884904,1397467,0.2846,hold,,,0.0,,,0,0.0,113.230003,70360,0.2058,hold,,,0.0,,,0,0.0,96.085762,82149,0.2039,hold,,,0.0,,,0,0.0
2018-09-10,38858937,146,False,False,,255.734528,46374,0.3052,hold,,,0.0,,,0,0.0,7.954121,1397467,0.2861,hold,,,0.0,,,0,0.0,113.150002,70360,0.2049,hold,,,0.0,,,0,0.0,96.440636,82149,0.2039,hold,,,0.0,,,0,0.0
2018-09-11,39089511,146,False,False,,256.577911,46374,0.3044,hold,,,0.0,,,0,0.0,8.130748,1397467,0.2907,hold,,,0.0,,,0,0.0,113.220001,70360,0.2038,hold,,,0.0,,,0,0.0,95.706696,82149,0.2011,hold,,,0.0,,,0,0.0
2018-09-12,39079381,146,False,False,,256.639954,46374,0.3045,hold,,,0.0,,,0,0.0,8.060336,1397467,0.2882,hold,,,0.0,,,0,0.0,114.169998,70360,0.2056,hold,,,0.0,,,0,0.0,95.932495,82149,0.2017,hold,,,0.0,,,0,0.0
2018-09-13,39466410,146,False,False,,258.157898,46374,0.3033,hold,,,0.0,,,0,0.0,8.299022,1397467,0.2939,hold,,,0.0,,,0,0.0,113.760002,70360,0.2028,hold,,,0.0,,,0,0.0,96.07769,82149,0.2,hold,,,0.0,,,0,0.0
2018-09-14,39290240,146,False,False,,258.20224,46374,0.3048,hold,,,0.0,,,0,0.0,8.235767,1397467,0.2929,hold,,,0.0,,,0,0.0,113.019997,70360,0.2024,hold,,,0.0,,,0,0.0,95.618004,82149,0.1999,hold,,,0.0,,,0,0.0
2018-09-17,38783044,146,False,False,,256.835297,46374,0.3071,hold,,,0.0,,,0,0.0,7.888483,1397467,0.2842,hold,,,0.0,,,0,0.0,113.610001,70360,0.2061,hold,,,0.0,,,0,0.0,95.618004,82149,0.2025,hold,,,0.0,,,0,0.0
2018-09-18,39015389,146,False,False,,258.228943,46374,0.3069,hold,,,0.0,,,0,0.0,8.07585,1397467,0.2893,hold,,,0.0,,,0,0.0,113.440002,70360,0.2046,hold,,,0.0,,,0,0.0,94.617844,82149,0.1992,hold,,,0.0,,,0,0.0
2018-09-19,38987698,146,False,False,,258.503967,46374,0.3075,hold,,,0.0,,,0,0.0,8.057946,1397467,0.2888,hold,,,0.0,,,0,0.0,113.879997,70360,0.2055,hold,,,0.0,,,0,0.0,94.05323,82149,0.1982,hold,,,0.0,,,0,0.0
2018-09-20,39501636,146,False,False,,260.598907,46374,0.3059,hold,,,0.0,,,0,0.0,8.310953,1397467,0.294,hold,,,0.0,,,0,0.0,114.269997,70360,0.2035,hold,,,0.0,,,0,0.0,94.488754,82149,0.1965,hold,,,0.0,,,0,0.0
2018-09-21,39247285,146,False,False,,260.36087,46374,0.3076,hold,,,0.0,,,0,0.0,8.178486,1397467,0.2912,hold,,,0.0,,,0,0.0,113.489998,70360,0.2035,hold,,,0.0,,,0,0.0,94.448425,82149,0.1977,hold,,,0.0,,,0,0.0
2018-09-24,39284297,146,False,False,,259.496033,46374,0.3063,hold,,,0.0,,,0,0.0,8.248897,1397467,0.2934,hold,,,0.0,,,0,0.0,113.470001,70360,0.2032,hold,,,0.0,,,0,0.0,94.20652,82149,0.197,hold,,,0.0,,,0,0.0
2018-09-25,39324529,146,False,False,,259.255157,46374,0.3057,hold,,,0.0,,,0,0.0,8.28231,1397467,0.2943,hold,,,0.0,,,0,0.0,113.650002,70360,0.2033,hold,,,0.0,,,0,0.0,94.109665,82149,0.1966,hold,,,0.0,,,0,0.0
2018-09-26,39289004,146,False,False,,258.479492,46374,0.3051,hold,,,0.0,,,0,0.0,8.273957,1397467,0.2943,hold,,,0.0,,,0,0.0,113.050003,70360,0.2025,hold,,,0.0,,,0,0.0,94.77108,82149,0.1982,hold,,,0.0,,,0,0.0
2018-09-27,39577645,146,False,False,,259.20166,46374,0.3037,hold,,,0.0,,,0,0.0,8.503093,1397467,0.3002,hold,,,0.0,,,0,0.0,112.050003,70360,0.1992,hold,,,0.0,,,0,0.0,94.835617,82149,0.1968,hold,,,0.0,,,0,0.0
2018-09-28,39589961,146,False,False,,259.228546,46374,0.3036,hold,,,0.0,,,0,0.0,8.489964,1397467,0.2997,hold,,,0.0,,,0,0.0,112.760002,70360,0.2004,hold,,,0.0,,,0,0.0,94.585594,82149,0.1963,hold,,,0.0,,,0,0.0
2018-10-01,39629689,146,True,False,,260.129059,46374,0.3044,hold,,,0.0,,,0,0.0,8.538896,1397467,0.3011,hold,,,0.0,,,0,0.0,112.57,70360,0.1999,hold,,,0.0,,,0,0.0,93.89119,82149,0.1946,hold,,,0.0,,,0,0.0
2018-10-02,39692891,146,False,False,,259.977417,46374,0.3037,hold,,,0.0,,,0,0.0,8.489964,1397467,0.2989,hold,,,0.0,,,0,0.0,113.870003,70360,0.2018,hold,,,0.0,,,0,0.0,94.465111,82149,0.1955,hold,,,0.0,,,0,0.0
2018-10-03,39568067,146,False,False,,260.120117,46374,0.3049,hold,,,0.0,,,0,0.0,8.515027,1397467,0.3007,hold,,,0.0,,,0,0.0,113.419998,70360,0.2017,hold,,,0.0,,,0,0.0,92.824135,82149,0.1927,hold,,,0.0,,,0,0.0
2018-10-04,38745441,146,False,False,,258.087097,46374,0.3089,hold,,,0.0,,,0,0.0,8.029305,1397467,0.2896,hold,,,0.0,,,0,0.0,113.480003,70360,0.2061,hold,,,0.0,,,0,0.0,92.16938,82149,0.1954,hold,,,0.0,,,0,0.0
2018-10-05,38213947,146,False,False,,256.642487,46374,0.3114,hold,,,0.0,,,0,0.0,7.727373,1397467,0.2826,hold,,,0.0,,,0,0.0,113.800003,70360,0.2095,hold,,,0.0,,,0,0.0,91.37719,82149,0.1964,hold,,,0.0,,,0,0.0
2018-10-08,37906596,146,False,False,,256.642487,46374,0.314,hold,,,0.0,,,0,0.0,7.588936,1397467,0.2798,hold,,,0.0,,,0,0.0,112.540001,70360,0.2089,hold,,,0.0,,,0,0.0,91.069992,82149,0.1974,hold,,,0.0,,,0,0.0
2018-10-09,38050882,146,False,False,,256.268127,46374,0.3123,hold,,,0.0,,,0,0.0,7.647414,1397467,0.2809,hold,,,0.0,,,0,0.0,112.599998,70360,0.2082,hold,,,0.0,,,0,0.0,91.991547,82149,0.1986,hold,,,0.0,,,0,0.0
2018-10-10,36287792,146,False,False,,248.153763,46374,0.3171,hold,,,0.0,,,0,0.0,6.655685,1397467,0.2563,hold,,,0.0,,,0,0.0,112.879997,70360,0.2189,hold,,,0.0,,,0,0.0,91.740944,82149,0.2077,hold,,,0.0,,,0,0.0
2018-10-11,35953088,146,False,False,,242.687851,46374,0.313,hold,,,0.0,,,0,0.0,6.385972,1397467,0.2482,hold,,,0.0,,,0,0.0,115.779999,70360,0.2266,hold,,,0.0,,,0,0.0,92.856506,82149,0.2122,hold,,,0.0,,,0,0.0
2018-10-12,36797953,146,False,False,,246.058273,46374,0.3101,hold,,,0.0,,,0,0.0,6.925395,1397467,0.263,hold,,,0.0,,,0,0.0,115.230003,70360,0.2203,hold,,,0.0,,,0,0.0,92.533165,82149,0.2066,hold,,,0.0,,,0,0.0
2018-10-15,36419477,146,False,False,,244.676208,46374,0.3116,hold,,,0.0,,,0,0.0,6.664038,1397467,0.2557,hold,,,0.0,,,0,0.0,116.0,70360,0.2241,hold,,,0.0,,,0,0.0,92.492699,82149,0.2086,hold,,,0.0,,,0,0.0
2018-10-16,37472966,146,False,False,,250.02623,46374,0.3094,hold,,,0.0,,,0,0.0,7.238071,1397467,0.2699,hold,,,0.0,,,0,0.0,115.800003,70360,0.2174,hold,,,0.0,,,0,0.0,92.702888,82149,0.2032,hold,,,0.0,,,0,0.0
2018-10-17,37462535,146,False,False,,250.070923,46374,0.3096,hold,,,0.0,,,0,0.0,7.26194,1397467,0.2709,hold,,,0.0,,,0,0.0,115.790001,70360,0.2175,hold,,,0.0,,,0,0.0,92.153214,82149,0.2021,hold,,,0.0,,,0,0.0
2018-10-18,36597760,146,False,False,,246.459625,46374,0.3123,hold,,,0.0,,,0,0.0,6.758317,1397467,0.2581,hold,,,0.0,,,0,0.0,115.919998,70360,0.2229,hold,,,0.0,,,0,0.0,92.120888,82149,0.2068,hold,,,0.0,,,0,0.0
2018-10-19,36542929,146,False,False,,246.325806,46374,0.3126,hold,,,0.0,,,0,0.0,6.73087,1397467,0.2574,hold,,,0.0,,,0,0.0,116.010002,70360,0.2234,hold,,,0.0,,,0,0.0,91.9188,82149,0.2066,hold,,,0.0,,,0,0.0
2018-10-22,36602351,146,False,False,,245.220245,46374,0.3107,hold,,,0.0,,,0,0.0,6.832311,1397467,0.2609,hold,,,0.0,,,0,0.0,115.709999,70360,0.2224,hold,,,0.0,,,0,0.0,91.797546,82149,0.206,hold,,,0.0,,,0,0.0
2018-10-23,36511133,146,False,False,,243.971832,46374,0.3099,hold,,,0.0,,,0,0.0,6.757125,1397467,0.2586,hold,,,0.0,,,0,0.0,116.389999,70360,0.2243,hold,,,0.0,,,0,0.0,92.088493,82149,0.2072,hold,,,0.0,,,0,0.0
2018-10-24,34960271,146,False,False,,236.579819,46374,0.3138,hold,REDUCE_TO_TARGET,rebalance 2018-10-24,-483071.0,,,0,0.0,5.838194,1397467,0.2334,hold,INCREASE_TO_TARGET,rebalance 2018-10-24,2329398.0,,,0,0.0,116.660004,70360,0.2348,hold,REDUCE_TO_TARGET,rebalance 2018-10-24,-1216144.0,,,0,0.0,92.783737,82149,0.218,hold,REDUCE_TO_TARGET,rebalance 2018-10-24,-630037.0,,,0,0.0
2018-10-25,36058034,4,False,True,daily,240.824203,44342,0.2962,hold,,,0.0,REDUCE_TO_TARGET,sell,2032,237.701441,6.437289,1778354,0.3175,hold,,,0.0,INCREASE_TO_TARGET,buy,380887,6.097165,116.400002,59897,0.1934,hold,,,0.0,REDUCE_TO_TARGET,sell,10463,116.230262,92.395706,75324,0.193,hold,,,0.0,REDUCE_TO_TARGET,sell,6825,92.311942
2018-10-26,35045150,4,False,False,,236.58876,44342,0.2994,hold,,,0.0,,,0,0.0,5.937247,1778354,0.3013,hold,,,0.0,,,0,0.0,116.769997,59897,0.1996,hold,,,0.0,,,0,0.0,92.953476,75324,0.1998,hold,,,0.0,,,0,0.0
2018-10-29,34379106,4,False,False,,235.277985,44342,0.3035,hold,,,0.0,,,0,0.0,5.619799,1778354,0.2907,hold,,,0.0,,,0,0.0,116.309998,59897,0.2026,hold,,,0.0,,,0,0.0,92.743271,75324,0.2032,hold,,,0.0,,,0,0.0
2018-10-30,34854711,4,False,False,,238.76442,44342,0.3038,hold,,,0.0,,,0,0.0,5.837,1778354,0.2978,hold,,,0.0,,,0,0.0,115.800003,59897,0.199,hold,,,0.0,,,0,0.0,92.282539,75324,0.1994,hold,,,0.0,,,0,0.0
2018-10-31,35593913,4,False,False,,241.314728,44342,0.3006,hold,,,0.0,,,0,0.0,6.230828,1778354,0.3113,hold,,,0.0,,,0,0.0,115.150002,59897,0.1938,hold,,,0.0,,,0,0.0,91.813683,75324,0.1943,hold,,,0.0,,,0,0.0
2018-11-01,36286730,4,True,False,,243.882721,44342,0.298,hold,,,0.0,,,0,0.0,6.502927,1778354,0.3187,hold,,,0.0,,,0,0.0,116.629997,59897,0.1925,hold,,,0.0,,,0,0.0,91.898804,75324,0.1908,hold,,,0.0,,,0,0.0
2018-11-02,35619962,4,False,False,,242.43811,44342,0.3018,hold,,,0.0,,,0,0.0,6.211734,1778354,0.3101,hold,,,0.0,,,0,0.0,116.650002,59897,0.1962,hold,,,0.0,,,0,0.0,90.756203,75324,0.1919,hold,,,0.0,,,0,0.0
2018-11-05,35581119,4,False,False,,243.775665,44342,0.3038,hold,,,0.0,,,0,0.0,6.150868,1778354,0.3074,hold,,,0.0,,,0,0.0,116.370003,59897,0.1959,hold,,,0.0,,,0,0.0,91.112785,75324,0.1929,hold,,,0.0,,,0,0.0
2018-11-06,35856816,4,False,False,,245.318237,44342,0.3034,hold,,,0.0,,,0,0.0,6.280952,1778354,0.3115,hold,,,0.0,,,0,0.0,116.040001,59897,0.1938,hold,,,0.0,,,0,0.0,91.056068,75324,0.1913,hold,,,0.0,,,0,0.0
2018-11-07,37125454,4,False,False,,250.570221,44342,0.2993,hold,,,0.0,,,0,0.0,6.858565,1778354,0.3285,hold,,,0.0,,,0,0.0,116.029999,59897,0.1872,hold,,,0.0,,,0,0.0,91.177574,75324,0.185,hold,,,0.0,,,0,0.0
2018-11-08,36881719,4,False,False,,250.115448,44342,0.3007,hold,,,0.0,,,0,0.0,6.741611,1778354,0.3251,hold,,,0.0,,,0,0.0,115.779999,59897,0.188,hold,,,0.0,,,0,0.0,91.169487,75324,0.1862,hold,,,0.0,,,0,0.0
2018-11-09,36137680,4,False,False,,247.672302,44342,0.3039,hold,,,0.0,,,0,0.0,6.399098,1778354,0.3149,hold,,,0.0,,,0,0.0,114.480003,59897,0.1897,hold,,,0.0,,,0,0.0,91.850151,75324,0.1914,hold,,,0.0,,,0,0.0
2018-11-12,34928918,4,False,False,,243.04451,44342,0.3085,hold,,,0.0,,,0,0.0,5.837,1778354,0.2972,hold,,,0.0,,,0,0.0,113.660004,59897,0.1949,hold,,,0.0,,,0,0.0,92.449806,75324,0.1994,hold,,,0.0,,,0,0.0
2018-11-13,34902629,4,False,False,,242.589676,44342,0.3082,hold,,,0.0,,,0,0.0,5.834613,1778354,0.2973,hold,,,0.0,,,0,0.0,113.699997,59897,0.1951,hold,,,0.0,,,0,0.0,92.393097,75324,0.1994,hold,,,0.0,,,0,0.0
2018-11-14,34626499,4,False,False,,240.931198,44342,0.3085,hold,,,0.0,,,0,0.0,5.686631,1778354,0.2921,hold,,,0.0,,,0,0.0,114.639999,59897,0.1983,hold,,,0.0,,,0,0.0,92.449806,75324,0.2011,hold,,,0.0,,,0,0.0
2018-11-15,35283921,4,False,False,,243.44577,44342,0.3059,hold,,,0.0,,,0,0.0,5.990951,1778354,0.302,hold,,,0.0,,,0,0.0,114.769997,59897,0.1948,hold,,,0.0,,,0,0.0,92.409248,75324,0.1973,hold,,,0.0,,,0,0.0
2018-11-16,35286463,4,False,False,,244.078873,44342,0.3067,hold,,,0.0,,,0,0.0,5.925313,1778354,0.2986,hold,,,0.0,,,0,0.0,115.620003,59897,0.1963,hold,,,0.0,,,0,0.0,92.944061,75324,0.1984,hold,,,0.0,,,0,0.0
2018-11-19,34115702,4,False,False,,239.950394,44342,0.3119,hold,,,0.0,,,0,0.0,5.357247,1778354,0.2793,hold,,,0.0,,,0,0.0,115.669998,59897,0.2031,hold,,,0.0,,,0,0.0,93.203369,75324,0.2058,hold,,,0.0,,,0,0.0
2018-11-20,33392786,4,False,False,,235.509811,44342,0.3127,hold,,,0.0,,,0,0.0,5.060086,1778354,0.2695,sell,EXIT_ALL,signal sell,-8998624.0,,,0,0.0,115.669998,59897,0.2075,hold,,,0.0,,,0,0.0,93.23584,75324,0.2103,hold,,,0.0,,,0,0.0
2018-11-21,33755214,9316534,False,False,,236.312378,44342,0.3104,hold,,,0.0,,,0,0.0,5.173461,0,0.0,hold,,,0.0,EXIT_ALL,sell,1778354,5.23885,115.860001,59897,0.2056,hold,,,0.0,,,0,0.0,93.203369,75324,0.208,hold,,,0.0,,,0,0.0
2018-11-23,33687164,9316534,False,False,,234.73407,44342,0.309,hold,,,0.0,,,0,0.0,5.058891,0,0.0,hold,,,0.0,,,0,0.0,115.769997,59897,0.2058,hold,,,0.0,,,0,0.0,93.300621,75324,0.2086,hold,,,0.0,,,0,0.0
2018-11-26,33831547,9316534,False,False,,238.523651,44342,0.3126,hold,,,0.0,,,0,0.0,5.406177,0,0.0,hold,,,0.0,,,0,0.0,115.639999,59897,0.2047,hold,,,0.0,,,0,0.0,93.089966,75324,0.2073,hold,,,0.0,,,0,0.0
2018-11-27,33833736,9316534,False,False,,239.326172,44342,0.3137,hold,,,0.0,,,0,0.0,5.462268,0,0.0,hold,,,0.0,,,0,0.0,114.949997,59897,0.2035,hold,,,0.0,,,0,0.0,93.195274,75324,0.2075,hold,,,0.0,,,0,0.0
2018-11-28,34069662,9316534,False,False,,244.836777,44342,0.3187,hold,,,0.0,,,0,0.0,5.98021,0,0.0,hold,,,0.0,,,0,0.0,115.379997,59897,0.2028,hold,,,0.0,,,0,0.0,92.741493,75324,0.205,hold,,,0.0,,,0,0.0
2018-11-29,34094973,9316534,False,False,,244.301788,44342,0.3177,hold,,,0.0,,,0,0.0,5.925313,0,0.0,hold,,,0.0,,,0,0.0,115.739998,59897,0.2033,hold,,,0.0,,,0,0.0,93.106186,75324,0.2057,hold,,,0.0,,,0,0.0
2018-11-30,34175264,9316534,False,False,,245.790817,44342,0.3189,hold,,,0.0,,,0,0.0,6.049428,0,0.0,hold,,,0.0,,,0,0.0,115.540001,59897,0.2025,hold,,,0.0,,,0,0.0,93.454605,75324,0.206,hold,,,0.0,,,0,0.0
2018-12-03,34421674,9316534,True,False,,249.045486,44342,0.3208,hold,,,0.0,,,0,0.0,6.359717,0,0.0,hold,,,0.0,,,0,0.0,116.410004,59897,0.2026,hold,,,0.0,,,0,0.0,94.118141,75324,0.206,hold,,,0.0,,,0,0.0
2018-12-04,34225061,9316534,False,False,,240.975784,44342,0.3122,hold,,,0.0,,,0,0.0,5.660374,0,0.0,hold,,,0.0,,,0,0.0,117.120003,59897,0.205,hold,,,0.0,,,0,0.0,95.693832,75324,0.2106,hold,,,0.0,,,0,0.0
2018-12-06,34232687,9316534,False,False,,240.610229,44342,0.3117,hold,,,0.0,,,0,0.0,5.742721,0,0.0,hold,,,0.0,,,0,0.0,117.139999,59897,0.205,hold,,,0.0,,,0,0.0,95.994362,75324,0.2112,hold,,,0.0,,,0,0.0
2018-12-07,34055139,9316534,False,False,,235.019333,44342,0.306,hold,,,0.0,,,0,0.0,5.180622,0,0.0,hold,,,0.0,,,0,0.0,118.089996,59897,0.2077,hold,,,0.0,,,0,0.0,96.173088,75324,0.2127,hold,,,0.0,,,0,0.0
2018-12-10,34080328,9316534,False,False,,235.465256,44342,0.3064,hold,,,0.0,,,0,0.0,5.342926,0,0.0,hold,,,0.0,,,0,0.0,117.68,59897,0.2068,hold,,,0.0,,,0,0.0,96.571014,75324,0.2134,hold,,,0.0,,,0,0.0
2018-12-11,34073094,9316534,False,False,,235.518768,44342,0.3065,hold,,,0.0,,,0,0.0,5.40021,0,0.0,hold,,,0.0,,,0,0.0,117.540001,59897,0.2066,hold,,,0.0,,,0,0.0,96.554794,75324,0.2134,hold,,,0.0,,,0,0.0
2018-12-12,34108224,9316534,False,False,,236.704636,44342,0.3077,hold,,,0.0,,,0,0.0,5.53626,0,0.0,hold,,,0.0,,,0,0.0,117.790001,59897,0.2068,hold,,,0.0,,,0,0.0,96.124283,75324,0.2123,hold,,,0.0,,,0,0.0
2018-12-13,34071964,9316534,False,False,,236.62439,44342,0.3079,hold,,,0.0,,,0,0.0,5.537453,0,0.0,hold,,,0.0,,,0,0.0,117.529999,59897,0.2066,hold,,,0.0,,,0,0.0,95.896889,75324,0.212,hold,,,0.0,,,0,0.0
2018-12-14,33875156,9316534,False,False,,232.255173,44342,0.304,hold,,,0.0,,,0,0.0,5.119758,0,0.0,hold,,,0.0,,,0,0.0,117.059998,59897,0.207,hold,,,0.0,,,0,0.0,96.229889,75324,0.214,hold,,,0.0,,,0,0.0
2018-12-17,33763844,9316534,False,False,,227.6987,44342,0.299,sell,EXIT_ALL,signal sell,-10096616.0,,,0,0.0,4.789181,0,0.0,hold,,,0.0,,,0,0.0,117.870003,59897,0.2091,hold,,,0.0,,,0,0.0,96.790329,75324,0.2159,hold,,,0.0,,,0,0.0
2018-12-18,33866523,19455395,False,False,,227.449066,0,0.0,hold,,,0.0,EXIT_ALL,sell,44342,228.651413,4.86914,0,0.0,hold,,,0.0,,,0,0.0,118.150002,59897,0.209,hold,,,0.0,,,0,0.0,97.369995,75324,0.2166,hold,,,0.0,,,0,0.0
2018-12-19,33920287,19455395,False,False,,224.042847,0,0.0,hold,,,0.0,,,0,0.0,4.517081,0,0.0,hold,,,0.0,,,0,0.0,117.43,59897,0.2074,hold,,,0.0,,,0,0.0,98.656303,75324,0.2191,hold,,,0.0,,,0,0.0
2018-12-20,34001718,19455395,False,False,,220.395874,0,0.0,hold,,,0.0,,,0,0.0,4.335683,0,0.0,hold,,,0.0,,,0,0.0,119.239998,59897,0.2101,hold,,,0.0,,,0,0.0,98.298088,75324,0.2178,hold,,,0.0,,,0,0.0
2018-12-21,33969347,19455395,False,False,,215.880066,0,0.0,hold,,,0.0,,,0,0.0,3.916793,0,0.0,hold,,,0.0,,,0,0.0,118.720001,59897,0.2093,hold,,,0.0,,,0,0.0,98.281822,75324,0.2179,hold,,,0.0,,,0,0.0
2018-12-24,34084007,19455395,False,False,,210.175873,0,0.0,hold,,,0.0,,,0,0.0,3.626793,0,0.0,hold,,,0.0,,,0,0.0,120.019997,59897,0.2109,hold,,,0.0,,,0,0.0,98.770302,75324,0.2183,hold,,,0.0,,,0,0.0
2018-12-26,33982721,19455395,False,False,,220.795013,0,0.0,hold,,,0.0,,,0,0.0,4.285374,0,0.0,hold,,,0.0,,,0,0.0,119.660004,59897,0.2109,hold,,,0.0,,,0,0.0,97.711891,75324,0.2166,hold,,,0.0,,,0,0.0
2018-12-27,34038456,19455395,False,False,,222.490097,0,0.0,hold,,,0.0,,,0,0.0,4.34632,0,0.0,hold,,,0.0,,,0,0.0,120.57,59897,0.2122,hold,,,0.0,,,0,0.0,97.72821,75324,0.2163,hold,,,0.0,,,0,0.0
2018-12-28,34129739,19455395,False,False,,222.20311,0,0.0,hold,,,0.0,,,0,0.0,4.328395,0,0.0,hold,,,0.0,,,0,0.0,121.059998,59897,0.2125,hold,,,0.0,,,0,0.0,98.550446,75324,0.2175,hold,,,0.0,,,0,0.0
2018-12-31,34169331,19455395,False,False,,224.149323,0,0.0,hold,,,0.0,,,0,0.0,4.426387,0,0.0,hold,,,0.0,,,0,0.0,121.25,59897,0.2125,hold,,,0.0,,,0,0.0,98.924973,75324,0.2181,hold,,,0.0,,,0,0.0
2019-01-02,34213367,19455395,True,False,,224.382477,0,0.0,hold,,,0.0,,,0,0.0,4.489724,0,0.0,hold,,,0.0,,,0,0.0,121.330002,59897,0.2124,hold,,,0.0,,,0,0.0,99.445984,75324,0.2189,hold,,,0.0,,,0,0.0
2019-01-03,34364495,19455395,False,False,,219.028152,0,0.0,hold,,,0.0,,,0,0.0,4.054733,0,0.0,hold,,,0.0,,,0,0.0,122.43,59897,0.2134,hold,,,0.0,,,0,0.0,100.577644,75324,0.2205,hold,,,0.0,,,0,0.0
2019-01-04,34217504,19455395,False,False,,226.364655,0,0.0,hold,,,0.0,,,0,0.0,4.573375,0,0.0,hold,,,0.0,,,0,0.0,121.440002,59897,0.2126,hold,,,0.0,,,0,0.0,99.413437,75324,0.2188,hold,,,0.0,,,0,0.0
2019-01-07,34220584,19455395,False,False,,228.149429,0,0.0,hold,,,0.0,,,0,0.0,4.71917,0,0.0,hold,,,0.0,,,0,0.0,121.860001,59897,0.2133,hold,,,0.0,,,0,0.0,99.120338,75324,0.2182,hold,,,0.0,,,0,0.0
2019-01-08,34181194,19455395,False,False,,230.292984,0,0.0,hold,,,0.0,,,0,0.0,4.855403,0,0.0,hold,,,0.0,,,0,0.0,121.529999,59897,0.213,hold,,,0.0,,,0,0.0,98.859818,75324,0.2179,hold,,,0.0,,,0,0.0
2019-01-09,34216263,19455395,False,False,,231.369293,0,0.0,hold,,,0.0,,,0,0.0,4.970124,0,0.0,hold,,,0.0,,,0,0.0,122.309998,59897,0.2141,hold,,,0.0,,,0,0.0,98.705139,75324,0.2173,hold,,,0.0,,,0,0.0
2019-01-10,34125304,19455395,False,False,,232.185471,0,0.0,hold,,,0.0,,,0,0.0,5.017926,0,0.0,hold,,,0.0,,,0,0.0,121.589996,59897,0.2134,hold,,,0.0,,,0,0.0,98.070114,75324,0.2165,hold,,,0.0,,,0,0.0
2019-01-11,34166704,19455395,False,False,,232.275085,0,0.0,hold,,,0.0,,,0,0.0,4.958174,0,0.0,hold,,,0.0,,,0,0.0,121.800003,59897,0.2135,hold,,,0.0,,,0,0.0,98.452736,75324,0.217,hold,,,0.0,,,0,0.0
2019-01-14,34156481,19455395,False,False,,230.858093,0,0.0,hold,,,0.0,,,0,0.0,4.829112,0,0.0,hold,,,0.0,,,0,0.0,122.089996,59897,0.2141,hold,,,0.0,,,0,0.0,98.086426,75324,0.2163,hold,,,0.0,,,0,0.0
2019-01-15,34116921,19455395,False,False,,233.503876,0,0.0,hold,,,0.0,,,0,0.0,5.096798,0,0.0,hold,,,0.0,,,0,0.0,121.879997,59897,0.214,hold,,,0.0,,,0,0.0,97.72821,75324,0.2158,hold,,,0.0,,,0,0.0
2019-01-16,34147639,19455395,False,False,,234.068878,0,0.0,hold,,,0.0,,,0,0.0,5.103968,0,0.0,hold,,,0.0,,,0,0.0,122.269997,59897,0.2145,hold,,,0.0,,,0,0.0,97.825897,75324,0.2158,hold,,,0.0,,,0,0.0
2019-01-17,34139895,19455395,False,False,,235.844727,0,0.0,hold,,,0.0,,,0,0.0,5.22347,0,0.0,hold,,,0.0,,,0,0.0,122.110001,59897,0.2142,hold,,,0.0,,,0,0.0,97.850319,75324,0.2159,hold,,,0.0,,,0,0.0
2019-01-18,34035972,19455395,False,False,,238.983795,0,0.0,hold,,,0.0,,,0,0.0,5.366875,0,0.0,hold,,,0.0,,,0,0.0,121.019997,59897,0.213,hold,,,0.0,,,0,0.0,97.337402,75324,0.2154,hold,,,0.0,,,0,0.0
2019-01-22,34111403,19455395,False,False,,235.755005,0,0.0,hold,,,0.0,,,0,0.0,5.070508,0,0.0,hold,,,0.0,,,0,0.0,121.449997,59897,0.2133,hold,,,0.0,,,0,0.0,97.996887,75324,0.2164,hold,,,0.0,,,0,0.0
2019-01-23,34098152,19455395,False,False,,236.248291,0,0.0,hold,,,0.0,,,0,0.0,5.075287,0,0.0,hold,,,0.0,,,0,0.0,121.279999,59897,0.213,hold,,,0.0,,,0,0.0,97.956154,75324,0.2164,hold,,,0.0,,,0,0.0
2019-01-24,34135218,19455395,False,False,,236.373871,0,0.0,hold,,,0.0,,,0,0.0,5.164914,0,0.0,hold,,,0.0,,,0,0.0,121.089996,59897,0.2125,hold,,,0.0,,,0,0.0,98.599319,75324,0.2176,hold,,,0.0,,,0,0.0
2019-01-25,34205669,19455395,False,False,,238.373947,0,0.0,hold,,,0.0,,,0,0.0,5.348948,0,0.0,hold,,,0.0,,,0,0.0,122.860001,59897,0.2151,hold,,,0.0,,,0,0.0,98.127136,75324,0.2161,hold,,,0.0,,,0,0.0
2019-01-28,34224065,19455395,False,False,,236.562256,0,0.0,hold,,,0.0,,,0,0.0,5.151769,0,0.0,hold,,,0.0,,,0,0.0,123.290001,59897,0.2158,hold,,,0.0,,,0,0.0,98.029434,75324,0.2158,hold,,,0.0,,,0,0.0
2019-01-29,34302799,19455395,False,False,,236.248291,0,0.0,hold,,,0.0,,,0,0.0,5.005975,0,0.0,hold,,,0.0,,,0,0.0,123.980003,59897,0.2165,hold,,,0.0,,,0,0.0,98.526024,75324,0.2163,hold,,,0.0,,,0,0.0
2019-01-30,34339806,19455395,False,False,,239.988297,0,0.0,hold,,,0.0,,,0,0.0,5.381215,0,0.0,hold,,,0.0,,,0,0.0,124.690002,59897,0.2175,hold,,,0.0,,,0,0.0,98.452736,75324,0.216,hold,,,0.0,,,0,0.0
2019-01-31,34407178,19455395,False,False,,242.095993,0,0.0,hold,,,0.0,,,0,0.0,5.61783,0,0.0,hold,,,0.0,,,0,0.0,124.75,59897,0.2172,hold,,,0.0,,,0,0.0,99.299454,75324,0.2174,hold,,,0.0,,,0,0.0
2019-02-01,34347030,19455395,True,False,,242.21254,0,0.0,hold,,,0.0,,,0,0.0,5.546129,0,0.0,hold,,,0.0,,,0,0.0,124.5,59897,0.2171,hold,,,0.0,,,0,0.0,98.699738,75324,0.2165,hold,,,0.0,,,0,0.0
2019-02-04,34281498,19455395,False,False,,243.916626,0,0.0,hold,,,0.0,,,0,0.0,5.749284,0,0.0,hold,,,0.0,,,0,0.0,123.959999,59897,0.2166,hold,,,0.0,,,0,0.0,98.259132,75324,0.2159,hold,,,0.0,,,0,0.0
2019-02-05,34334469,19455395,False,False,,244.939133,0,0.0,hold,,,0.0,,,0,0.0,5.901052,0,0.0,hold,,,0.0,,,0,0.0,124.279999,59897,0.2168,hold,,,0.0,,,0,0.0,98.707909,75324,0.2165,hold,,,0.0,,,0,0.0
2019-02-06,34287841,19455395,False,False,,244.616196,0,0.0,hold,,,0.0,,,0,0.0,5.854446,0,0.0,hold,,,0.0,,,0,0.0,123.440002,59897,0.2156,hold,,,0.0,,,0,0.0,98.756844,75324,0.217,hold,,,0.0,,,0,0.0
2019-02-07,34354980,19455395,False,False,,242.284363,0,0.0,hold,,,0.0,,,0,0.0,5.61544,0,0.0,hold,,,0.0,,,0,0.0,123.739998,59897,0.2157,hold,,,0.0,,,0,0.0,99.409622,75324,0.218,hold,,,0.0,,,0,0.0
2019-02-08,34415091,19455395,False,False,,242.580292,0,0.0,hold,,,0.0,,,0,0.0,5.644121,0,0.0,hold,,,0.0,,,0,0.0,124.209999,59897,0.2162,hold,,,0.0,,,0,0.0,99.833908,75324,0.2185,hold,,,0.0,,,0,0.0
2019-02-11,34349054,19455395,False,False,,242.714859,0,0.0,hold,,,0.0,,,0,0.0,5.630976,0,0.0,hold,,,0.0,,,0,0.0,123.599998,59897,0.2155,hold,,,0.0,,,0,0.0,99.442276,75324,0.2181,hold,,,0.0,,,0,0.0
2019-02-12,34345573,19455395,False,False,,245.835999,0,0.0,hold,,,0.0,,,0,0.0,5.874761,0,0.0,hold,,,0.0,,,0,0.0,123.860001,59897,0.216,hold,,,0.0,,,0,0.0,99.189308,75324,0.2175,hold,,,0.0,,,0,0.0
2019-02-13,34287952,19455395,False,False,,246.634247,0,0.0,hold,,,0.0,,,0,0.0,5.886712,0,0.0,hold,,,0.0,,,0,0.0,123.370003,59897,0.2155,hold,,,0.0,,,0,0.0,98.81398,75324,0.2171,hold,,,0.0,,,0,0.0
2019-02-14,34371687,19455395,False,False,,246.087219,0,0.0,hold,,,0.0,,,0,0.0,5.908223,0,0.0,hold,,,0.0,,,0,0.0,124.059998,59897,0.2162,hold,,,0.0,,,0,0.0,99.376961,75324,0.2178,hold,,,0.0,,,0,0.0
2019-02-15,34427691,19455395,False,False,,248.768784,0,0.0,hold,,,0.0,,,0,0.0,5.978729,0,0.0,hold,,,0.0,,,0,0.0,124.800003,59897,0.2171,hold,,,0.0,,,0,0.0,99.532028,75324,0.2178,hold,,,0.0,,,0,0.0
2019-02-19,34560548,19455395,False,False,,249.199295,0,0.0,hold,,,0.0,,,0,0.0,6.01458,0,0.0,hold,,,0.0,,,0,0.0,126.699997,59897,0.2196,hold,,,0.0,,,0,0.0,99.784973,75324,0.2175,hold,,,0.0,,,0,0.0
2019-02-20,34525858,19455395,False,False,,249.701614,0,0.0,hold,,,0.0,,,0,0.0,6.009801,0,0.0,hold,,,0.0,,,0,0.0,126.480003,59897,0.2194,hold,,,0.0,,,0,0.0,99.499367,75324,0.2171,hold,,,0.0,,,0,0.0
2019-02-21,34373212,19455395,False,False,,248.81366,0,0.0,buy,ENTER_TO_TARGET,signal_buy+rebalance,10311964.0,,,0,0.0,5.941683,0,0.0,hold,,,0.0,,,0,0.0,125.050003,59897,0.2179,hold,REDUCE_TO_TARGET,rebalance 2019-02-21,-615478.0,,,0,0.0,98.609962,75324,0.2161,hold,REDUCE_TO_TARGET,rebalance 2019-02-21,-553054.0,,,0,0.0
2019-02-22,34447827,10311809,False,True,daily,250.356354,41218,0.2996,hold,,,0.0,ENTER_TO_TARGET,buy,41218,249.432536,6.070747,0,0.0,hold,,,0.0,,,0,0.0,125.5,54980,0.2003,hold,,,0.0,REDUCE_TO_TARGET,sell,4917,125.153409,99.197456,69728,0.2008,hold,,,0.0,REDUCE_TO_TARGET,sell,5596,98.818513
2019-02-25,34434241,10311809,False,False,,250.697067,41218,0.3001,hold,,,0.0,,,0,0.0,6.137669,0,0.0,hold,,,0.0,,,0,0.0,125.370003,54980,0.2002,hold,,,0.0,,,0,0.0,98.903709,69728,0.2003,hold,,,0.0,,,0,0.0
2019-02-26,34472533,10311809,False,False,,250.517792,41218,0.2995,hold,,,0.0,,,0,0.0,6.156788,0,0.0,hold,,,0.0,,,0,0.0,125.580002,54980,0.2003,hold,,,0.0,,,0,0.0,99.393265,69728,0.201,hold,,,0.0,,,0,0.0
2019-02-27,34340650,10311809,False,False,,250.410172,41218,0.3006,hold,REDUCE_TO_TARGET,rebalance 2019-02-27,-19211.0,,,0,0.0,6.137669,0,0.0,buy,ENTER_TO_TARGET,signal_buy+rebalance,10302195.0,,,0,0.0,124.690002,54980,0.1996,hold,INCREASE_TO_TARGET,rebalance 2019-02-27,12674.0,,,0,0.0,98.267242,69728,0.1995,hold,INCREASE_TO_TARGET,rebalance 2019-02-27,16152.0,,,0,0.0
2019-02-28,34254756,110,False,True,daily,249.94371,41141,0.3002,hold,,,0.0,REDUCE_TO_TARGET,sell,77,249.444252,6.099428,1688290,0.3006,hold,,,0.0,ENTER_TO_TARGET,buy,1688290,6.083893,123.989998,55081,0.1994,hold,,,0.0,INCREASE_TO_TARGET,buy,101,124.709999,97.932716,69891,0.1998,hold,,,0.0,INCREASE_TO_TARGET,buy,163,98.373341
2019-03-01,34345267,110,True,False,,251.504303,41141,0.3013,hold,,,0.0,,,0,0.0,6.221321,1688290,0.3058,hold,,,0.0,,,0,0.0,121.879997,55081,0.1955,hold,,,0.0,,,0,0.0,97.02755,69891,0.1974,hold,,,0.0,,,0,0.0
2019-03-04,34345169,110,False,False,,250.589523,41141,0.3002,hold,,,0.0,,,0,0.0,6.222515,1688290,0.3059,hold,,,0.0,,,0,0.0,121.559998,55081,0.195,hold,,,0.0,,,0,0.0,97.787971,69891,0.199,hold,,,0.0,,,0,0.0
2019-03-05,34380480,110,False,False,,250.248779,41141,0.2995,hold,,,0.0,,,0,0.0,6.23805,1688290,0.3063,hold,,,0.0,,,0,0.0,121.720001,55081,0.195,hold,,,0.0,,,0,0.0,97.992416,69891,0.1992,hold,,,0.0,,,0,0.0
2019-03-06,34155622,110,False,False,,248.73291,41141,0.2996,hold,,,0.0,,,0,0.0,6.130498,1688290,0.303,hold,,,0.0,,,0,0.0,121.610001,55081,0.1961,hold,,,0.0,,,0,0.0,98.35218,69891,0.2013,hold,,,0.0,,,0,0.0
2019-03-07,33731807,110,False,False,,246.652252,41141,0.3008,hold,,,0.0,,,0,0.0,5.907028,1688290,0.2956,hold,,,0.0,,,0,0.0,121.510002,55081,0.1984,hold,,,0.0,,,0,0.0,98.989975,69891,0.2051,hold,,,0.0,,,0,0.0
2019-03-08,33757421,110,False,False,,246.158844,41141,0.3,hold,,,0.0,,,0,0.0,5.873567,1688290,0.2938,hold,,,0.0,,,0,0.0,122.839996,55081,0.2004,hold,,,0.0,,,0,0.0,99.407021,69891,0.2058,hold,,,0.0,,,0,0.0
2019-03-11,34470047,110,False,False,,249.728531,41141,0.2981,hold,,,0.0,,,0,0.0,6.24044,1688290,0.3056,hold,,,0.0,,,0,0.0,122.239998,55081,0.1953,hold,,,0.0,,,0,0.0,99.112648,69891,0.201,hold,,,0.0,,,0,0.0
2019-03-12,34769615,110,False,False,,250.670105,41141,0.2966,hold,,,0.0,,,0,0.0,6.342018,1688290,0.3079,hold,,,0.0,,,0,0.0,122.980003,55081,0.1948,hold,,,0.0,,,0,0.0,99.807693,69891,0.2006,hold,,,0.0,,,0,0.0
2019-03-13,35104126,110,False,False,,252.329514,41141,0.2957,hold,,,0.0,,,0,0.0,6.479445,1688290,0.3116,hold,,,0.0,,,0,0.0,123.839996,55081,0.1943,hold,,,0.0,,,0,0.0,99.619621,69891,0.1983,hold,,,0.0,,,0,0.0
2019-03-14,34920010,110,False,False,,252.16803,41141,0.2971,hold,,,0.0,,,0,0.0,6.450767,1688290,0.3119,hold,,,0.0,,,0,0.0,122.410004,55081,0.1931,hold,,,0.0,,,0,0.0,98.900063,69891,0.1979,hold,,,0.0,,,0,0.0
2019-03-15,35318174,110,False,False,,253.413773,41141,0.2952,hold,,,0.0,,,0,0.0,6.6109,1688290,0.316,hold,,,0.0,,,0,0.0,122.970001,55081,0.1918,hold,,,0.0,,,0,0.0,99.554176,69891,0.197,hold,,,0.0,,,0,0.0
2019-03-18,35456716,110,False,False,,254.332764,41141,0.2951,hold,,,0.0,,,0,0.0,6.670651,1688290,0.3176,hold,,,0.0,,,0,0.0,123.040001,55081,0.1911,hold,,,0.0,,,0,0.0,99.496956,69891,0.1961,hold,,,0.0,,,0,0.0
2019-03-19,35575588,110,False,False,,254.395782,41141,0.2942,hold,,,0.0,,,0,0.0,6.737572,1688290,0.3197,hold,,,0.0,,,0,0.0,123.379997,55081,0.191,hold,,,0.0,,,0,0.0,99.276192,69891,0.195,hold,,,0.0,,,0,0.0
2019-03-20,35791917,110,False,False,,253.630096,41141,0.2915,hold,,,0.0,,,0,0.0,6.815276,1688290,0.3215,hold,,,0.0,,,0,0.0,124.18,55081,0.1911,hold,,,0.0,,,0,0.0,100.314644,69891,0.1959,hold,,,0.0,,,0,0.0
2019-03-21,36430489,110,False,False,,256.494781,41141,0.2897,hold,,,0.0,,,0,0.0,7.130877,1688290,0.3305,hold,,,0.0,,,0,0.0,123.68,55081,0.187,hold,,,0.0,,,0,0.0,100.535416,69891,0.1929,hold,,,0.0,,,0,0.0
2019-03-22,35565392,110,False,False,,251.558121,41141,0.291,hold,,,0.0,,,0,0.0,6.664649,1688290,0.3164,hold,,,0.0,,,0,0.0,123.970001,55081,0.192,hold,,,0.0,,,0,0.0,102.097229,69891,0.2006,hold,,,0.0,,,0,0.0
2019-03-25,35550729,110,False,False,,251.369019,41141,0.2909,hold,,,0.0,,,0,0.0,6.622809,1688290,0.3145,hold,,,0.0,,,0,0.0,124.919998,55081,0.1935,hold,,,0.0,,,0,0.0,102.26075,69891,0.201,hold,,,0.0,,,0,0.0
2019-03-26,35741914,110,False,False,,253.242737,41141,0.2915,hold,,,0.0,,,0,0.0,6.713664,1688290,0.3171,hold,,,0.0,,,0,0.0,124.300003,55081,0.1916,hold,,,0.0,,,0,0.0,102.18718,69891,0.1998,hold,,,0.0,,,0,0.0
2019-03-27,35495340,110,False,False,,251.918457,41141,0.292,hold,,,0.0,,,0,0.0,6.582164,1688290,0.3131,hold,,,0.0,,,0,0.0,123.650002,55081,0.1919,hold,,,0.0,,,0,0.0,103.127518,69891,0.2031,hold,,,0.0,,,0,0.0
2019-03-28,35534017,110,False,False,,252.873367,41141,0.2928,hold,,,0.0,,,0,0.0,6.624003,1688290,0.3147,hold,,,0.0,,,0,0.0,121.900002,55081,0.189,hold,,,0.0,,,0,0.0,103.487312,69891,0.2035,hold,,,0.0,,,0,0.0
2019-03-29,35851105,110,False,False,,254.467896,41141,0.292,hold,,,0.0,,,0,0.0,6.773436,1688290,0.319,hold,,,0.0,,,0,0.0,122.010002,55081,0.1875,hold,,,0.0,,,0,0.0,103.389191,69891,0.2016,hold,,,0.0,,,0,0.0
2019-04-01,36296254,110,True,False,,257.485687,41141,0.2919,hold,,,0.0,,,0,0.0,7.040021,1688290,0.3275,hold,,,0.0,,,0,0.0,121.529999,55081,0.1844,hold,,,0.0,,,0,0.0,101.920631,69891,0.1963,hold,,,0.0,,,0,0.0
2019-04-02,36470590,110,False,False,,257.611725,41141,0.2906,hold,,,0.0,,,0,0.0,7.117726,1688290,0.3295,hold,,,0.0,,,0,0.0,121.980003,55081,0.1842,hold,,,0.0,,,0,0.0,102.109138,69891,0.1957,hold,,,0.0,,,0,0.0
2019-04-03,36623379,110,False,False,,258.017059,41141,0.2898,hold,,,0.0,,,0,0.0,7.240859,1688290,0.3338,hold,,,0.0,,,0,0.0,121.800003,55081,0.1832,hold,,,0.0,,,0,0.0,101.224098,69891,0.1932,hold,,,0.0,,,0,0.0
2019-04-04,36670505,110,False,False,,258.701813,41141,0.2902,hold,,,0.0,,,0,0.0,7.230099,1688290,0.3329,hold,,,0.0,,,0,0.0,122.110001,55081,0.1834,hold,,,0.0,,,0,0.0,101.51091,69891,0.1935,hold,,,0.0,,,0,0.0
2019-04-05,36907685,110,False,False,,259.953918,41141,0.2898,hold,,,0.0,,,0,0.0,7.338885,1688290,0.3357,hold,,,0.0,,,0,0.0,121.980003,55081,0.182,hold,,,0.0,,,0,0.0,101.642052,69891,0.1925,hold,,,0.0,,,0,0.0
2019-04-08,37016704,110,False,False,,260.1521,41141,0.2891,hold,,,0.0,,,0,0.0,7.396267,1688290,0.3373,hold,,,0.0,,,0,0.0,122.510002,55081,0.1823,hold,,,0.0,,,0,0.0,101.281418,69891,0.1912,hold,,,0.0,,,0,0.0
2019-04-09,36882202,110,False,False,,258.818848,41141,0.2887,hold,,,0.0,,,0,0.0,7.314976,1688290,0.3348,hold,,,0.0,,,0,0.0,123.150002,55081,0.1839,hold,,,0.0,,,0,0.0,101.601059,69891,0.1925,hold,,,0.0,,,0,0.0
2019-04-10,37156450,110,False,False,,259.701721,41141,0.2876,hold,,,0.0,,,0,0.0,7.433327,1688290,0.3378,hold,,,0.0,,,0,0.0,123.529999,55081,0.1831,hold,,,0.0,,,0,0.0,101.846931,69891,0.1916,hold,,,0.0,,,0,0.0
2019-04-11,36929782,110,False,False,,259.629639,41141,0.2892,hold,,,0.0,,,0,0.0,7.37714,1688290,0.3373,hold,,,0.0,,,0,0.0,121.949997,55081,0.1819,hold,,,0.0,,,0,0.0,101.248657,69891,0.1916,hold,,,0.0,,,0,0.0
2019-04-12,37098428,110,False,False,,261.38623,41141,0.2899,hold,,,0.0,,,0,0.0,7.467994,1688290,0.3399,hold,,,0.0,,,0,0.0,121.830002,55081,0.1809,hold,,,0.0,,,0,0.0,100.527519,69891,0.1894,hold,,,0.0,,,0,0.0
2019-04-15,37106564,110,False,False,,261.215118,41141,0.2896,hold,,,0.0,,,0,0.0,7.473971,1688290,0.3401,hold,,,0.0,,,0,0.0,121.599998,55081,0.1805,hold,,,0.0,,,0,0.0,100.78154,69891,0.1898,hold,,,0.0,,,0,0.0
2019-04-16,37132581,110,False,False,,261.38623,41141,0.2896,hold,,,0.0,,,0,0.0,7.546895,1688290,0.3431,hold,,,0.0,,,0,0.0,120.510002,55081,0.1788,hold,,,0.0,,,0,0.0,100.150543,69891,0.1885,hold,,,0.0,,,0,0.0
2019-04-17,37223610,110,False,False,,260.746582,41141,0.2882,hold,,,0.0,,,0,0.0,7.622208,1688290,0.3457,hold,,,0.0,,,0,0.0,120.279999,55081,0.178,hold,,,0.0,,,0,0.0,100.191513,69891,0.1881,hold,,,0.0,,,0,0.0
2019-04-18,37326712,110,False,False,,261.260071,41141,0.288,hold,,,0.0,,,0,0.0,7.646116,1688290,0.3458,hold,,,0.0,,,0,0.0,120.370003,55081,0.1776,hold,,,0.0,,,0,0.0,100.715981,69891,0.1886,hold,,,0.0,,,0,0.0
2019-04-22,37411176,110,False,False,,261.485382,41141,0.2876,hold,,,0.0,,,0,0.0,7.710671,1688290,0.348,hold,,,0.0,,,0,0.0,120.370003,55081,0.1772,hold,,,0.0,,,0,0.0,100.232468,69891,0.1873,hold,,,0.0,,,0,0.0
2019-04-23,38003508,110,False,False,,263.836548,41141,0.2856,hold,,,0.0,,,0,0.0,8.003557,1688290,0.3556,hold,,,0.0,,,0,0.0,120.120003,55081,0.1741,hold,,,0.0,,,0,0.0,100.445595,69891,0.1847,hold,,,0.0,,,0,0.0
2019-04-24,37924785,110,False,False,,263.251038,41141,0.2856,hold,,,0.0,,,0,0.0,7.925853,1688290,0.3528,hold,,,0.0,,,0,0.0,120.470001,55081,0.175,hold,,,0.0,,,0,0.0,101.265076,69891,0.1866,hold,,,0.0,,,0,0.0
2019-04-25,38062662,110,False,False,,263.088806,41141,0.2844,hold,,,0.0,,,0,0.0,8.014317,1688290,0.3555,hold,,,0.0,,,0,0.0,120.57,55081,0.1745,hold,,,0.0,,,0,0.0,101.117569,69891,0.1857,hold,,,0.0,,,0,0.0
2019-04-26,38229622,110,False,False,,264.313934,41141,0.2844,hold,,,0.0,,,0,0.0,8.043006,1688290,0.3552,hold,,,0.0,,,0,0.0,121.370003,55081,0.1749,hold,,,0.0,,,0,0.0,101.461769,69891,0.1855,hold,,,0.0,,,0,0.0
2019-04-29,38244333,110,False,False,,264.728302,41141,0.2848,hold,,,0.0,,,0,0.0,8.086043,1688290,0.357,hold,,,0.0,,,0,0.0,120.830002,55081,0.174,hold,,,0.0,,,0,0.0,100.814316,69891,0.1842,hold,,,0.0,,,0,0.0
2019-04-30,37993529,110,False,False,,264.863495,41141,0.2868,hold,,,0.0,,,0,0.0,7.900748,1688290,0.3511,hold,,,0.0,,,0,0.0,121.199997,55081,0.1757,hold,,,0.0,,,0,0.0,101.330627,69891,0.1864,hold,,,0.0,,,0,0.0
2019-05-01,37743385,110,True,False,,262.872589,41141,0.2865,hold,INCREASE_TO_TARGET,rebalance 2019-05-01,508174.0,,,0,0.0,7.809896,1688290,0.3493,hold,REDUCE_TO_TARGET,rebalance 2019-05-01,-1862354.0,,,0,0.0,120.400002,55081,0.1757,hold,INCREASE_TO_TARGET,rebalance 2019-05-01,916925.0,,,0,0.0,101.748611,69891,0.1884,hold,INCREASE_TO_TARGET,rebalance 2019-05-01,437365.0,,,0,0.0
2019-05-02,37511375,196,False,True,monthly,262.305115,43069,0.3012,hold,,,0.0,INCREASE_TO_TARGET,buy,1928,262.755532,7.714258,1449185,0.298,hold,,,0.0,REDUCE_TO_TARGET,sell,239105,7.788848,119.940002,62718,0.2005,hold,,,0.0,INCREASE_TO_TARGET,buy,7637,119.690002,101.264099,74184,0.2003,hold,,,0.0,INCREASE_TO_TARGET,buy,4293,101.567951
2019-05-03,38214464,196,False,False,,264.872528,43069,0.2985,hold,,,0.0,,,0,0.0,8.077676,1449185,0.3063,hold,,,0.0,,,0,0.0,120.650002,62718,0.198,hold,,,0.0,,,0,0.0,101.551537,74184,0.1971,hold,,,0.0,,,0,0.0
2019-05-06,37988636,196,False,False,,263.782471,43069,0.2991,hold,,,0.0,,,0,0.0,7.933026,1449185,0.3026,hold,,,0.0,,,0,0.0,120.809998,62718,0.1995,hold,,,0.0,,,0,0.0,101.830711,74184,0.1989,hold,,,0.0,,,0,0.0
2019-05-07,37213155,196,False,False,,259.37735,43069,0.3002,hold,,,0.0,,,0,0.0,7.471581,1449185,0.291,hold,,,0.0,,,0,0.0,121.209999,62718,0.2043,hold,,,0.0,,,0,0.0,102.610855,74184,0.2046,hold,,,0.0,,,0,0.0
2019-05-08,37050642,196,False,False,,259.017059,43069,0.3011,hold,,,0.0,,,0,0.0,7.405831,1449185,0.2897,hold,,,0.0,,,0,0.0,120.910004,62718,0.2047,hold,,,0.0,,,0,0.0,102.167419,74184,0.2046,hold,,,0.0,,,0,0.0
2019-05-09,36896369,196,False,False,,258.233307,43069,0.3014,hold,,,0.0,,,0,0.0,7.288677,1449185,0.2863,hold,,,0.0,,,0,0.0,121.199997,62718,0.206,hold,,,0.0,,,0,0.0,102.586266,74184,0.2063,hold,,,0.0,,,0,0.0
2019-05-10,36985766,196,False,False,,259.530609,43069,0.3022,hold,,,0.0,,,0,0.0,7.309,1449185,0.2864,hold,,,0.0,,,0,0.0,121.43,62718,0.2059,hold,,,0.0,,,0,0.0,102.446701,74184,0.2055,hold,,,0.0,,,0,0.0
2019-05-13,35747435,196,False,False,,253.008469,43069,0.3048,hold,,,0.0,,,0,0.0,6.553473,1449185,0.2657,hold,,,0.0,,,0,0.0,122.669998,62718,0.2152,hold,,,0.0,,,0,0.0,103.25145,74184,0.2143,hold,,,0.0,,,0,0.0
2019-05-14,36108245,196,False,False,,255.296585,43069,0.3045,hold,,,0.0,,,0,0.0,6.759089,1449185,0.2713,hold,,,0.0,,,0,0.0,122.459999,62718,0.2127,hold,,,0.0,,,0,0.0,102.947594,74184,0.2115,hold,,,0.0,,,0,0.0
2019-05-15,36622291,196,False,False,,256.791992,43069,0.302,hold,,,0.0,,,0,0.0,7.040021,1449185,0.2786,hold,,,0.0,,,0,0.0,122.389999,62718,0.2096,hold,,,0.0,,,0,0.0,103.579903,74184,0.2098,hold,,,0.0,,,0,0.0
2019-05-16,36962709,196,False,False,,259.170197,43069,0.302,hold,,,0.0,,,0,0.0,7.259985,1449185,0.2846,hold,,,0.0,,,0,0.0,121.510002,62718,0.2062,hold,,,0.0,,,0,0.0,103.235008,74184,0.2072,hold,,,0.0,,,0,0.0
2019-05-17,36526235,196,False,False,,257.494659,43069,0.3036,hold,,,0.0,,,0,0.0,7.034044,1449185,0.2791,hold,,,0.0,,,0,0.0,120.650002,62718,0.2072,hold,,,0.0,,,0,0.0,103.464951,74184,0.2101,hold,,,0.0,,,0,0.0
2019-05-20,35925375,196,False,False,,255.792099,43069,0.3067,hold,,,0.0,,,0,0.0,6.681386,1449185,0.2695,hold,,,0.0,,,0,0.0,120.639999,62718,0.2106,hold,,,0.0,,,0,0.0,103.25145,74184,0.2132,hold,,,0.0,,,0,0.0
2019-05-21,36286003,196,False,False,,258.098236,43069,0.3063,hold,,,0.0,,,0,0.0,6.882223,1449185,0.2749,hold,,,0.0,,,0,0.0,120.360001,62718,0.208,hold,,,0.0,,,0,0.0,103.087212,74184,0.2108,hold,,,0.0,,,0,0.0
2019-05-22,36158261,196,False,False,,257.305481,43069,0.3065,hold,,,0.0,,,0,0.0,6.792563,1449185,0.2722,hold,,,0.0,,,0,0.0,120.239998,62718,0.2086,hold,,,0.0,,,0,0.0,103.678459,74184,0.2127,hold,,,0.0,,,0,0.0
2019-05-23,35703397,196,False,False,,254.16153,43069,0.3066,hold,,,0.0,,,0,0.0,6.472181,1449185,0.2627,hold,,,0.0,,,0,0.0,121.169998,62718,0.2129,hold,,,0.0,,,0,0.0,104.844582,74184,0.2178,hold,,,0.0,,,0,0.0
2019-05-24,35729225,196,False,False,,254.738129,43069,0.3071,hold,,,0.0,,,0,0.0,6.462617,1449185,0.2621,hold,,,0.0,,,0,0.0,121.300003,62718,0.2129,hold,,,0.0,,,0,0.0,104.934906,74184,0.2179,hold,,,0.0,,,0,0.0
2019-05-28,35553276,196,False,False,,252.368851,43069,0.3057,hold,,,0.0,,,0,0.0,6.393282,1449185,0.2606,hold,,,0.0,,,0,0.0,120.830002,62718,0.2132,hold,,,0.0,,,0,0.0,105.69046,74184,0.2205,hold,,,0.0,,,0,0.0
2019-05-29,35274464,196,False,False,,250.675385,43069,0.3061,hold,,,0.0,,,0,0.0,6.233092,1449185,0.2561,hold,,,0.0,,,0,0.0,120.870003,62718,0.2149,hold,,,0.0,,,0,0.0,106.010757,74184,0.2229,hold,,,0.0,,,0,0.0
2019-05-30,35530409,196,False,False,,251.360016,43069,0.3047,hold,,,0.0,,,0,0.0,6.30721,1449185,0.2573,hold,,,0.0,,,0,0.0,121.690002,62718,0.2148,hold,,,0.0,,,0,0.0,106.922264,74184,0.2232,hold,,,0.0,,,0,0.0
2019-05-31,35146647,196,False,False,,247.972824,43069,0.3039,hold,,,0.0,,,0,0.0,6.003564,1449185,0.2475,hold,,,0.0,,,0,0.0,123.330002,62718,0.2201,hold,,,0.0,,,0,0.0,108.260857,74184,0.2285,hold,,,0.0,,,0,0.0
2019-06-03,34728733,196,True,False,,247.342209,43069,0.3067,hold,REDUCE_TO_TARGET,rebalance 2019-06-03,-234162.0,,,0,0.0,5.619824,1449185,0.2345,hold,INCREASE_TO_TARGET,rebalance 2019-06-03,2274455.0,,,0,0.0,125.110001,62718,0.2259,hold,REDUCE_TO_TARGET,rebalance 2019-06-03,-900902.0,,,0,0.0,108.984985,74184,0.2328,hold,REDUCE_TO_TARGET,rebalance 2019-06-03,-1139195.0,,,0,0.0
2019-06-04,35629242,2,False,True,monthly,252.711243,42129,0.2988,hold,,,0.0,REDUCE_TO_TARGET,sell,940,248.890474,6.075292,1841052,0.3139,hold,,,0.0,INCREASE_TO_TARGET,buy,391867,5.785992,125.150002,55483,0.1949,hold,,,0.0,REDUCE_TO_TARGET,sell,7235,124.505357,107.742416,63616,0.1924,hold,,,0.0,REDUCE_TO_TARGET,sell,10568,107.796593
2019-06-05,35946976,2,False,False,,254.900223,42129,0.2987,hold,,,0.0,,,0,0.0,6.209182,1841052,0.318,hold,,,0.0,,,0,0.0,125.470001,55483,0.1937,hold,,,0.0,,,0,0.0,107.133476,63616,0.1896,hold,,,0.0,,,0,0.0
2019-06-06,36325647,2,False,False,,256.557739,42129,0.2975,hold,,,0.0,,,0,0.0,6.352636,1841052,0.322,hold,,,0.0,,,0,0.0,125.879997,55483,0.1923,hold,,,0.0,,,0,0.0,107.479103,63616,0.1882,hold,,,0.0,,,0,0.0
2019-06-07,37199229,2,False,False,,259.125183,42129,0.2935,hold,,,0.0,,,0,0.0,6.714859,1841052,0.3323,hold,,,0.0,,,0,0.0,126.589996,55483,0.1888,hold,,,0.0,,,0,0.0,108.408966,63616,0.1854,hold,,,0.0,,,0,0.0
2019-06-10,37565691,2,False,False,,260.314362,42129,0.2919,hold,,,0.0,,,0,0.0,6.959928,1841052,0.3411,hold,,,0.0,,,0,0.0,125.330002,55483,0.1851,hold,,,0.0,,,0,0.0,107.388565,63616,0.1819,hold,,,0.0,,,0,0.0
2019-06-11,37607311,2,False,False,,260.25119,42129,0.2915,hold,,,0.0,,,0,0.0,6.986226,1841052,0.342,hold,,,0.0,,,0,0.0,125.18,55483,0.1847,hold,,,0.0,,,0,0.0,107.454399,63616,0.1818,hold,,,0.0,,,0,0.0
2019-06-12,37411367,2,False,False,,259.791809,42129,0.2926,hold,,,0.0,,,0,0.0,6.867877,1841052,0.338,hold,,,0.0,,,0,0.0,125.830002,55483,0.1866,hold,,,0.0,,,0,0.0,107.536644,63616,0.1829,hold,,,0.0,,,0,0.0
2019-06-13,37729698,2,False,False,,260.863831,42129,0.2913,hold,,,0.0,,,0,0.0,6.98025,1841052,0.3406,hold,,,0.0,,,0,0.0,126.599998,55483,0.1862,hold,,,0.0,,,0,0.0,107.907013,63616,0.1819,hold,,,0.0,,,0,0.0
2019-06-14,37565337,2,False,False,,260.57547,42129,0.2922,hold,,,0.0,,,0,0.0,6.889395,1841052,0.3376,hold,,,0.0,,,0,0.0,126.559998,55483,0.1869,hold,,,0.0,,,0,0.0,108.178566,63616,0.1832,hold,,,0.0,,,0,0.0
2019-06-17,37808210,2,False,False,,260.674652,42129,0.2905,hold,,,0.0,,,0,0.0,7.014918,1841052,0.3416,hold,,,0.0,,,0,0.0,126.480003,55483,0.1856,hold,,,0.0,,,0,0.0,108.367813,63616,0.1823,hold,,,0.0,,,0,0.0
2019-06-18,38552293,2,False,False,,263.404205,42129,0.2878,hold,,,0.0,,,0,0.0,7.318563,1841052,0.3495,hold,,,0.0,,,0,0.0,127.120003,55483,0.1829,hold,,,0.0,,,0,0.0,108.91098,63616,0.1797,hold,,,0.0,,,0,0.0
2019-06-19,38788468,2,False,False,,263.998718,42129,0.2867,hold,,,0.0,,,0,0.0,7.404635,1841052,0.3515,hold,,,0.0,,,0,0.0,127.889999,55483,0.1829,hold,,,0.0,,,0,0.0,109.067291,63616,0.1789,hold,,,0.0,,,0,0.0
2019-06-20,39465857,2,False,False,,266.520966,42129,0.2845,hold,,,0.0,,,0,0.0,7.607862,1841052,0.3549,hold,,,0.0,,,0,0.0,131.110001,55483,0.1843,hold,,,0.0,,,0,0.0,109.355301,63616,0.1763,hold,,,0.0,,,0,0.0
2019-06-21,39357549,2,False,False,,266.133606,42129,0.2849,hold,,,0.0,,,0,0.0,7.573193,1841052,0.3543,hold,,,0.0,,,0,0.0,131.979996,55483,0.1861,hold,,,0.0,,,0,0.0,108.153854,63616,0.1748,hold,,,0.0,,,0,0.0
2019-06-24,39499469,2,False,False,,265.807678,42129,0.2835,hold,,,0.0,,,0,0.0,7.570803,1841052,0.3529,hold,,,0.0,,,0,0.0,133.940002,55483,0.1881,hold,,,0.0,,,0,0.0,108.96032,63616,0.1755,hold,,,0.0,,,0,0.0
2019-06-25,38712440,2,False,False,,263.200745,42129,0.2864,hold,,,0.0,,,0,0.0,7.183476,1841052,0.3416,hold,,,0.0,,,0,0.0,134.199997,55483,0.1923,hold,,,0.0,,,0,0.0,109.297699,63616,0.1796,hold,,,0.0,,,0,0.0
2019-06-26,38755906,2,False,False,,262.938202,42129,0.2858,hold,,,0.0,,,0,0.0,7.27433,1841052,0.3456,hold,,,0.0,,,0,0.0,132.970001,55483,0.1904,hold,,,0.0,,,0,0.0,108.598236,63616,0.1783,hold,,,0.0,,,0,0.0
2019-06-27,38981918,2,False,False,,263.870544,42129,0.2852,hold,,,0.0,,,0,0.0,7.353231,1841052,0.3473,hold,,,0.0,,,0,0.0,132.839996,55483,0.1891,hold,,,0.0,,,0,0.0,109.363548,63616,0.1785,hold,,,0.0,,,0,0.0
2019-06-28,39111608,2,False,False,,265.228363,42129,0.2857,hold,,,0.0,,,0,0.0,7.384313,1841052,0.3476,hold,,,0.0,,,0,0.0,133.199997,55483,0.189,hold,,,0.0,,,0,0.0,109.28949,63616,0.1778,hold,,,0.0,,,0,0.0
2019-07-01,39595064,2,True,False,,267.636292,42129,0.2848,hold,INCREASE_TO_TARGET,rebalance 2019-07-01,603270.0,,,0,0.0,7.678394,1841052,0.357,hold,REDUCE_TO_TARGET,rebalance 2019-07-01,-2257803.0,,,0,0.0,130.619995,55483,0.183,hold,INCREASE_TO_TARGET,rebalance 2019-07-01,671824.0,,,0,0.0,109.033897,63616,0.1752,hold,INCREASE_TO_TARGET,rebalance 2019-07-01,982712.0,,,0,0.0
2019-07-02,39978536,321,False,True,monthly,268.333252,44376,0.2978,hold,,,0.0,INCREASE_TO_TARGET,buy,2247,267.590968,7.77164,1545800,0.3005,hold,,,0.0,REDUCE_TO_TARGET,sell,295252,7.647017,133.410004,60585,0.2022,hold,,,0.0,INCREASE_TO_TARGET,buy,5102,131.270004,109.874931,72579,0.1995,hold,,,0.0,INCREASE_TO_TARGET,buy,8963,109.306026
2019-07-03,40410017,321,False,False,,270.478638,44376,0.297,hold,,,0.0,,,0,0.0,7.943785,1545800,0.3039,hold,,,0.0,,,0,0.0,133.630005,60585,0.2003,hold,,,0.0,,,0,0.0,110.658173,72579,0.1987,hold,,,0.0,,,0,0.0
2019-07-05,40120105,321,False,False,,270.170807,44376,0.2988,hold,,,0.0,,,0,0.0,7.892379,1545800,0.3041,hold,,,0.0,,,0,0.0,132.139999,60585,0.1995,hold,,,0.0,,,0,0.0,109.190575,72579,0.1975,hold,,,0.0,,,0,0.0
2019-07-08,39756641,321,False,False,,268.68634,44376,0.2999,hold,,,0.0,,,0,0.0,7.726213,1545800,0.3004,hold,,,0.0,,,0,0.0,131.289993,60585,0.2001,hold,,,0.0,,,0,0.0,109.338943,72579,0.1996,hold,,,0.0,,,0,0.0
2019-07-09,39975628,321,False,False,,269.02124,44376,0.2986,hold,,,0.0,,,0,0.0,7.842172,1545800,0.3032,hold,,,0.0,,,0,0.0,131.75,60585,0.1997,hold,,,0.0,,,0,0.0,109.297699,72579,0.1984,hold,,,0.0,,,0,0.0
2019-07-10,40473499,321,False,False,,270.30658,44376,0.2964,hold,,,0.0,,,0,0.0,8.07409,1545800,0.3084,hold,,,0.0,,,0,0.0,133.830002,60585,0.2003,hold,,,0.0,,,0,0.0,108.695831,72579,0.1949,hold,,,0.0,,,0,0.0
2019-07-11,40294572,321,False,False,,270.940308,44376,0.2984,hold,,,0.0,,,0,0.0,8.052572,1545800,0.3089,hold,,,0.0,,,0,0.0,132.699997,60585,0.1995,hold,,,0.0,,,0,0.0,107.244644,72579,0.1932,hold,,,0.0,,,0,0.0
2019-07-12,40616472,321,False,False,,272.153229,44376,0.2973,hold,,,0.0,,,0,0.0,8.187656,1545800,0.3116,hold,,,0.0,,,0,0.0,133.529999,60585,0.1992,hold,,,0.0,,,0,0.0,107.368332,72579,0.1919,hold,,,0.0,,,0,0.0
2019-07-15,40772562,321,False,False,,272.243835,44376,0.2963,hold,,,0.0,,,0,0.0,8.256994,1545800,0.313,hold,,,0.0,,,0,0.0,133.529999,60585,0.1984,hold,,,0.0,,,0,0.0,107.986778,72579,0.1922,hold,,,0.0,,,0,0.0
2019-07-16,40460696,321,False,False,,271.365753,44376,0.2976,hold,,,0.0,,,0,0.0,8.139839,1545800,0.311,hold,,,0.0,,,0,0.0,132.399994,60585,0.1983,hold,,,0.0,,,0,0.0,107.665184,72579,0.1931,hold,,,0.0,,,0,0.0
2019-07-17,40408557,321,False,False,,269.519043,44376,0.296,hold,,,0.0,,,0,0.0,8.019098,1545800,0.3068,hold,,,0.0,,,0,0.0,134.580002,60585,0.2018,hold,,,0.0,,,0,0.0,108.827736,72579,0.1955,hold,,,0.0,,,0,0.0
2019-07-18,40621640,321,False,False,,270.505707,44376,0.2955,hold,,,0.0,,,0,0.0,8.053765,1545800,0.3065,hold,,,0.0,,,0,0.0,136.479996,60585,0.2036,hold,,,0.0,,,0,0.0,108.835991,72579,0.1945,hold,,,0.0,,,0,0.0
2019-07-19,40113426,321,False,False,,269.003143,44376,0.2976,hold,,,0.0,,,0,0.0,7.858909,1545800,0.3028,hold,,,0.0,,,0,0.0,134.470001,60585,0.2031,hold,,,0.0,,,0,0.0,108.580376,72579,0.1965,hold,,,0.0,,,0,0.0
2019-07-22,40442934,321,False,False,,269.664001,44376,0.2959,hold,,,0.0,,,0,0.0,8.044205,1545800,0.3075,hold,,,0.0,,,0,0.0,134.449997,60585,0.2014,hold,,,0.0,,,0,0.0,108.786537,72579,0.1952,hold,,,0.0,,,0,0.0
2019-07-23,40679584,321,False,False,,271.59198,44376,0.2963,hold,,,0.0,,,0,0.0,8.199611,1545800,0.3116,hold,,,0.0,,,0,0.0,133.690002,60585,0.1991,hold,,,0.0,,,0,0.0,108.192871,72579,0.193,hold,,,0.0,,,0,0.0
2019-07-24,41081332,321,False,False,,272.868408,44376,0.2948,hold,,,0.0,,,0,0.0,8.374146,1545800,0.3151,hold,,,0.0,,,0,0.0,134.369995,60585,0.1982,hold,,,0.0,,,0,0.0,108.662857,72579,0.192,hold,,,0.0,,,0,0.0
2019-07-25,40558645,321,False,False,,271.56488,44376,0.2971,hold,,,0.0,,,0,0.0,8.135056,1545800,0.31,hold,,,0.0,,,0,0.0,133.419998,60585,0.1993,hold,,,0.0,,,0,0.0,108.143417,72579,0.1935,hold,,,0.0,,,0,0.0
2019-07-26,41044546,321,False,False,,273.384277,44376,0.2956,hold,,,0.0,,,0,0.0,8.376537,1545800,0.3155,hold,,,0.0,,,0,0.0,133.639999,60585,0.1973,hold,,,0.0,,,0,0.0,108.39904,72579,0.1917,hold,,,0.0,,,0,0.0
2019-07-29,40958654,321,False,False,,272.886505,44376,0.2957,hold,,,0.0,,,0,0.0,8.298834,1545800,0.3132,hold,,,0.0,,,0,0.0,134.529999,60585,0.199,hold,,,0.0,,,0,0.0,108.431969,72579,0.1921,hold,,,0.0,,,0,0.0
2019-07-30,40803483,321,False,False,,272.216644,44376,0.2961,hold,,,0.0,,,0,0.0,8.187656,1545800,0.3102,hold,,,0.0,,,0,0.0,134.979996,60585,0.2004,hold,,,0.0,,,0,0.0,108.695831,72579,0.1933,hold,,,0.0,,,0,0.0
2019-07-31,40093474,321,False,False,,269.238495,44376,0.298,hold,,,0.0,,,0,0.0,7.842172,1545800,0.3024,hold,,,0.0,,,0,0.0,133.210007,60585,0.2013,hold,,,0.0,,,0,0.0,109.569824,72579,0.1983,hold,,,0.0,,,0,0.0
2019-08-01,40171232,321,True,False,,266.894012,44376,0.2948,hold,,,0.0,,,0,0.0,7.732189,1545800,0.2975,hold,,,0.0,,,0,0.0,136.410004,60585,0.2057,hold,,,0.0,,,0,0.0,111.745888,72579,0.2019,hold,,,0.0,,,0,0.0
2019-08-02,39578513,321,False,False,,264.884399,44376,0.297,hold,,,0.0,,,0,0.0,7.378335,1545800,0.2882,hold,,,0.0,,,0,0.0,135.889999,60585,0.208,hold,,,0.0,,,0,0.0,112.77858,72579,0.2068,hold,,,0.0,,,0,0.0
2019-08-05,38284186,321,False,False,,256.918518,44376,0.2978,hold,,,0.0,,,0,0.0,6.603683,1545800,0.2666,hold,,,0.0,,,0,0.0,137.789993,60585,0.2181,hold,,,0.0,,,0,0.0,114.728348,72579,0.2175,hold,,,0.0,,,0,0.0
2019-08-06,38997953,321,False,False,,260.521271,44376,0.2964,hold,,,0.0,,,0,0.0,6.87505,1545800,0.2725,hold,,,0.0,,,0,0.0,138.910004,60585,0.2158,hold,,,0.0,,,0,0.0,115.64537,72579,0.2152,hold,,,0.0,,,0,0.0
2019-08-07,39290839,321,False,False,,260.675079,44376,0.2944,hold,,,0.0,,,0,0.0,6.975467,1545800,0.2744,hold,,,0.0,,,0,0.0,141.020004,60585,0.2174,hold,,,0.0,,,0,0.0,115.686729,72579,0.2137,hold,,,0.0,,,0,0.0
2019-08-08,40292102,321,False,False,,265.789612,44376,0.2927,hold,,,0.0,,,0,0.0,7.436913,1545800,0.2853,hold,,,0.0,,,0,0.0,141.729996,60585,0.2131,hold,,,0.0,,,0,0.0,115.934494,72579,0.2088,hold,,,0.0,,,0,0.0
2019-08-09,39826479,321,False,False,,263.979187,44376,0.2941,hold,,,0.0,,,0,0.0,7.216949,1545800,0.2801,hold,,,0.0,,,0,0.0,141.259995,60585,0.2149,hold,,,0.0,,,0,0.0,115.703186,72579,0.2109,hold,,,0.0,,,0,0.0
2019-08-12,39568680,321,False,False,,260.765625,44376,0.2924,hold,,,0.0,,,0,0.0,6.975467,1545800,0.2725,hold,,,0.0,,,0,0.0,142.630005,60585,0.2184,hold,,,0.0,,,0,0.0,118.115547,72579,0.2167,hold,,,0.0,,,0,0.0
2019-08-13,40375526,321,False,False,,264.821045,44376,0.2911,hold,,,0.0,,,0,0.0,7.433327,1545800,0.2846,hold,,,0.0,,,0,0.0,141.779999,60585,0.2127,hold,,,0.0,,,0,0.0,117.710747,72579,0.2116,hold,,,0.0,,,0,0.0
2019-08-14,39250008,321,False,False,,256.990967,44376,0.2906,hold,,,0.0,,,0,0.0,6.767459,1545800,0.2665,hold,,,0.0,,,0,0.0,142.75,60585,0.2203,hold,,,0.0,,,0,0.0,120.36277,72579,0.2226,hold,,,0.0,,,0,0.0
2019-08-15,39390474,321,False,False,,257.6698,44376,0.2903,hold,,,0.0,,,0,0.0,6.738767,1545800,0.2644,hold,,,0.0,,,0,0.0,143.699997,60585,0.221,hold,,,0.0,,,0,0.0,121.701149,72579,0.2242,hold,,,0.0,,,0,0.0
2019-08-16,39913159,321,False,False,,261.47171,44376,0.2907,hold,,,0.0,,,0,0.0,7.049586,1545800,0.273,hold,,,0.0,,,0,0.0,142.779999,60585,0.2167,hold,,,0.0,,,0,0.0,120.726288,72579,0.2195,hold,,,0.0,,,0,0.0
2019-08-19,40336478,321,False,False,,264.621796,44376,0.2911,hold,,,0.0,,,0,0.0,7.379531,1545800,0.2828,hold,,,0.0,,,0,0.0,141.110001,60585,0.2119,hold,,,0.0,,,0,0.0,118.999603,72579,0.2141,hold,,,0.0,,,0,0.0
2019-08-20,40167795,321,False,False,,262.594116,44376,0.2901,hold,,,0.0,,,0,0.0,7.227708,1545800,0.2781,hold,,,0.0,,,0,0.0,142.210007,60585,0.2145,hold,,,0.0,,,0,0.0,120.23056,72579,0.2172,hold,,,0.0,,,0,0.0
2019-08-21,40461756,321,False,False,,264.73053,44376,0.2903,hold,,,0.0,,,0,0.0,7.411808,1545800,0.2832,hold,,,0.0,,,0,0.0,141.759995,60585,0.2123,hold,,,0.0,,,0,0.0,119.429184,72579,0.2142,hold,,,0.0,,,0,0.0
2019-08-22,40267885,321,False,False,,264.648987,44376,0.2916,hold,,,0.0,,,0,0.0,7.340081,1545800,0.2818,hold,,,0.0,,,0,0.0,141.399994,60585,0.2127,hold,,,0.0,,,0,0.0,118.63604,72579,0.2138,hold,,,0.0,,,0,0.0
2019-08-23,39237002,321,False,False,,257.85083,44376,0.2916,hold,,,0.0,,,0,0.0,6.668236,1545800,0.2627,hold,,,0.0,,,0,0.0,144.169998,60585,0.2226,hold,,,0.0,,,0,0.0,120.585762,72579,0.2231,hold,,,0.0,,,0,0.0
2019-08-26,39747005,321,False,False,,260.702271,44376,0.2911,hold,,,0.0,,,0,0.0,6.938409,1545800,0.2698,hold,,,0.0,,,0,0.0,144.190002,60585,0.2198,hold,,,0.0,,,0,0.0,120.098328,72579,0.2193,hold,,,0.0,,,0,0.0
2019-08-27,39854859,321,False,False,,259.679382,44376,0.2891,hold,,,0.0,,,0,0.0,6.896569,1545800,0.2675,hold,,,0.0,,,0,0.0,145.570007,60585,0.2213,hold,,,0.0,,,0,0.0,121.948921,72579,0.2221,hold,,,0.0,,,0,0.0
2019-08-28,40029737,321,False,False,,261.507996,44376,0.2899,hold,,,0.0,,,0,0.0,6.965904,1545800,0.269,hold,,,0.0,,,0,0.0,145.160004,60585,0.2197,hold,,,0.0,,,0,0.0,122.105896,72579,0.2214,hold,,,0.0,,,0,0.0
2019-08-29,40571081,321,False,False,,264.848236,44376,0.2897,hold,,,0.0,,,0,0.0,7.2827,1545800,0.2775,hold,,,0.0,,,0,0.0,144.119995,60585,0.2152,hold,,,0.0,,,0,0.0,121.643272,72579,0.2176,hold,,,0.0,,,0,0.0
2019-08-30,40466374,321,False,False,,264.73053,44376,0.2903,hold,,,0.0,,,0,0.0,7.231295,1545800,0.2762,hold,,,0.0,,,0,0.0,143.75,60585,0.2152,hold,,,0.0,,,0,0.0,121.676262,72579,0.2182,hold,,,0.0,,,0,0.0
2019-09-03,40205032,321,True,False,,263.182587,44376,0.2905,hold,INCREASE_TO_TARGET,rebalance 2019-09-03,382519.0,,,0,0.0,7.020895,1545800,0.2699,hold,INCREASE_TO_TARGET,rebalance 2019-09-03,1208610.0,,,0,0.0,145.75,60585,0.2196,hold,REDUCE_TO_TARGET,rebalance 2019-09-03,-789257.0,,,0,0.0,121.833557,72579,0.2199,hold,REDUCE_TO_TARGET,rebalance 2019-09-03,-801551.0,,,0,0.0
2019-09-04,40859347,261,False,True,monthly,266.169861,45812,0.2984,hold,,,0.0,INCREASE_TO_TARGET,buy,1436,265.355172,7.316173,1712735,0.3067,hold,,,0.0,INCREASE_TO_TARGET,buy,166935,7.218145,146.660004,55146,0.1979,hold,,,0.0,REDUCE_TO_TARGET,sell,5439,145.103373,122.015671,65950,0.1969,hold,,,0.0,REDUCE_TO_TARGET,sell,6629,120.907008
2019-09-05,41368305,261,False,False,,269.591553,45812,0.2986,hold,,,0.0,,,0,0.0,7.720235,1712735,0.3196,hold,,,0.0,,,0,0.0,143.139999,55146,0.1908,hold,,,0.0,,,0,0.0,119.805916,65950,0.191,hold,,,0.0,,,0,0.0
2019-09-06,41329923,261,False,False,,269.799683,45812,0.2991,hold,,,0.0,,,0,0.0,7.698718,1712735,0.319,hold,,,0.0,,,0,0.0,141.919998,55146,0.1894,hold,,,0.0,,,0,0.0,120.658295,65950,0.1925,hold,,,0.0,,,0,0.0
2019-09-09,41081606,261,False,False,,269.935516,45812,0.301,hold,,,0.0,,,0,0.0,7.649703,1712735,0.3189,hold,,,0.0,,,0,0.0,141.389999,55146,0.1898,hold,,,0.0,,,0,0.0,118.514809,65950,0.1903,hold,,,0.0,,,0,0.0
2019-09-10,40766459,261,False,False,,269.872101,45812,0.3033,hold,,,0.0,,,0,0.0,7.586344,1712735,0.3187,hold,,,0.0,,,0,0.0,140.179993,55146,0.1896,hold,,,0.0,,,0,0.0,116.437508,65950,0.1884,hold,,,0.0,,,0,0.0
2019-09-11,41237722,261,False,False,,271.791168,45812,0.3019,hold,,,0.0,,,0,0.0,7.790765,1712735,0.3236,hold,,,0.0,,,0,0.0,141.029999,55146,0.1886,hold,,,0.0,,,0,0.0,116.230583,65950,0.1859,hold,,,0.0,,,0,0.0
2019-09-12,41412473,261,False,False,,272.732544,45812,0.3017,hold,,,0.0,,,0,0.0,7.887598,1712735,0.3262,hold,,,0.0,,,0,0.0,141.320007,55146,0.1882,hold,,,0.0,,,0,0.0,115.469139,65950,0.1839,hold,,,0.0,,,0,0.0
2019-09-13,41033680,261,False,False,,272.551483,45812,0.3043,hold,,,0.0,,,0,0.0,7.803916,1712735,0.3257,hold,,,0.0,,,0,0.0,140.149994,55146,0.1884,hold,,,0.0,,,0,0.0,113.002861,65950,0.1816,hold,,,0.0,,,0,0.0
2019-09-16,40970343,261,False,False,,271.709747,45812,0.3038,hold,,,0.0,,,0,0.0,7.696325,1712735,0.3217,hold,,,0.0,,,0,0.0,141.320007,55146,0.1902,hold,,,0.0,,,0,0.0,114.443001,65950,0.1842,hold,,,0.0,,,0,0.0
2019-09-17,41232270,261,False,False,,272.397736,45812,0.3027,hold,,,0.0,,,0,0.0,7.797939,1712735,0.3239,hold,,,0.0,,,0,0.0,141.600006,55146,0.1894,hold,,,0.0,,,0,0.0,115.063637,65950,0.184,hold,,,0.0,,,0,0.0
2019-09-18,41214665,261,False,False,,272.560638,45812,0.303,hold,,,0.0,,,0,0.0,7.793158,1712735,0.3239,hold,,,0.0,,,0,0.0,140.710007,55146,0.1883,hold,,,0.0,,,0,0.0,115.551895,65950,0.1849,hold,,,0.0,,,0,0.0
2019-09-19,41327570,261,False,False,,272.54248,45812,0.3021,hold,,,0.0,,,0,0.0,7.827826,1712735,0.3244,hold,,,0.0,,,0,0.0,141.279999,55146,0.1885,hold,,,0.0,,,0,0.0,115.899536,65950,0.185,hold,,,0.0,,,0,0.0
2019-09-20,41039863,261,False,False,,271.254791,45812,0.3028,hold,,,0.0,,,0,0.0,7.581563,1712735,0.3164,hold,,,0.0,,,0,0.0,142.949997,55146,0.1921,hold,,,0.0,,,0,0.0,117.430595,65950,0.1887,hold,,,0.0,,,0,0.0
2019-09-23,41091713,261,False,False,,271.191132,45812,0.3023,hold,,,0.0,,,0,0.0,7.588735,1712735,0.3163,hold,,,0.0,,,0,0.0,143.75,55146,0.1929,hold,,,0.0,,,0,0.0,117.405815,65950,0.1884,hold,,,0.0,,,0,0.0
2019-09-24,40615552,261,False,False,,269.063141,45812,0.3035,hold,,,0.0,,,0,0.0,7.288677,1712735,0.3074,hold,,,0.0,,,0,0.0,144.509995,55146,0.1962,hold,,,0.0,,,0,0.0,118.821068,65950,0.1929,hold,,,0.0,,,0,0.0
2019-09-25,40825305,261,False,False,,270.654572,45812,0.3037,hold,,,0.0,,,0,0.0,7.521789,1712735,0.3156,hold,,,0.0,,,0,0.0,141.830002,55146,0.1916,hold,,,0.0,,,0,0.0,117.083061,65950,0.1891,hold,,,0.0,,,0,0.0
2019-09-26,40717944,261,False,False,,270.090759,45812,0.3039,hold,,,0.0,,,0,0.0,7.446476,1712735,0.3132,hold,,,0.0,,,0,0.0,141.789993,55146,0.192,hold,,,0.0,,,0,0.0,117.836143,65950,0.1909,hold,,,0.0,,,0,0.0
2019-09-27,40167403,261,False,False,,268.635803,45812,0.3064,hold,,,0.0,,,0,0.0,7.176303,1712735,0.306,hold,,,0.0,,,0,0.0,141.059998,55146,0.1937,hold,,,0.0,,,0,0.0,118.125824,65950,0.1939,hold,,,0.0,,,0,0.0
2019-09-30,40450406,261,False,False,,269.881561,45812,0.3057,hold,,,0.0,,,0,0.0,7.367576,1712735,0.312,hold,,,0.0,,,0,0.0,138.869995,55146,0.1893,hold,,,0.0,,,0,0.0,118.415466,65950,0.1931,hold,,,0.0,,,0,0.0
2019-10-01,40063691,261,True,False,,266.671448,45812,0.3049,hold,,,0.0,,,0,0.0,7.189453,1712735,0.3074,hold,,,0.0,,,0,0.0,139.630005,55146,0.1922,hold,,,0.0,,,0,0.0,118.771988,65950,0.1955,hold,,,0.0,,,0,0.0
2019-10-02,39326284,261,False,False,,261.960754,45812,0.3052,hold,,,0.0,,,0,0.0,6.821254,1712735,0.2971,hold,,,0.0,,,0,0.0,141.259995,55146,0.1981,hold,,,0.0,,,0,0.0,119.062202,65950,0.1997,hold,,,0.0,,,0,0.0
2019-10-03,39916457,261,False,False,,264.106995,45812,0.3031,hold,,,0.0,,,0,0.0,7.046,1712735,0.3023,hold,,,0.0,,,0,0.0,141.899994,55146,0.196,hold,,,0.0,,,0,0.0,120.14827,65950,0.1985,hold,,,0.0,,,0,0.0
2019-10-04,40646463,261,False,False,,267.680847,45812,0.3017,hold,,,0.0,,,0,0.0,7.342472,1712735,0.3094,hold,,,0.0,,,0,0.0,141.899994,55146,0.1925,hold,,,0.0,,,0,0.0,121.035347,65950,0.1964,hold,,,0.0,,,0,0.0
2019-10-07,40343960,261,False,False,,266.52594,45812,0.3026,hold,,,0.0,,,0,0.0,7.27433,1712735,0.3088,hold,,,0.0,,,0,0.0,140.690002,55146,0.1923,hold,,,0.0,,,0,0.0,120.032173,65950,0.1962,hold,,,0.0,,,0,0.0
2019-10-08,39676398,261,False,False,,262.388153,45812,0.303,hold,,,0.0,,,0,0.0,6.943191,1712735,0.2997,hold,,,0.0,,,0,0.0,141.919998,55146,0.1973,hold,,,0.0,,,0,0.0,120.355484,65950,0.2001,hold,,,0.0,,,0,0.0
2019-10-09,40113244,261,False,False,,264.879913,45812,0.3025,hold,,,0.0,,,0,0.0,7.153591,1712735,0.3054,hold,,,0.0,,,0,0.0,142.050003,55146,0.1953,hold,,,0.0,,,0,0.0,119.675644,65950,0.1968,hold,,,0.0,,,0,0.0
2019-10-10,40277603,261,False,False,,266.671448,45812,0.3033,hold,,,0.0,,,0,0.0,7.310195,1712735,0.3109,hold,,,0.0,,,0,0.0,140.809998,55146,0.1928,hold,,,0.0,,,0,0.0,117.893158,65950,0.193,hold,,,0.0,,,0,0.0
2019-10-11,40733891,261,False,False,,269.436066,45812,0.303,hold,,,0.0,,,0,0.0,7.583954,1712735,0.3189,hold,,,0.0,,,0,0.0,140.029999,55146,0.1896,hold,,,0.0,,,0,0.0,116.434067,65950,0.1885,hold,,,0.0,,,0,0.0
2019-10-14,40821121,261,False,False,,269.135925,45812,0.302,hold,,,0.0,,,0,0.0,7.592321,1712735,0.3186,hold,,,0.0,,,0,0.0,140.589996,55146,0.1899,hold,,,0.0,,,0,0.0,117.279671,65950,0.1895,hold,,,0.0,,,0,0.0
2019-10-15,41289095,261,False,False,,271.800385,45812,0.3016,hold,,,0.0,,,0,0.0,7.880426,1712735,0.3269,hold,,,0.0,,,0,0.0,139.610001,55146,0.1865,hold,,,0.0,,,0,0.0,115.862007,65950,0.1851,hold,,,0.0,,,0,0.0
2019-10-16,41222185,261,False,False,,271.363953,45812,0.3016,hold,,,0.0,,,0,0.0,7.821849,1712735,0.325,hold,,,0.0,,,0,0.0,140.410004,55146,0.1878,hold,,,0.0,,,0,0.0,116.00293,65950,0.1856,hold,,,0.0,,,0,0.0
2019-10-17,41343421,261,False,False,,272.164185,45812,0.3016,hold,,,0.0,,,0,0.0,7.875644,1712735,0.3263,hold,,,0.0,,,0,0.0,140.610001,55146,0.1876,hold,,,0.0,,,0,0.0,115.721054,65950,0.1846,hold,,,0.0,,,0,0.0
2019-10-18,40893597,261,False,False,,270.9729,45812,0.3036,hold,,,0.0,,,0,0.0,7.649703,1712735,0.3204,hold,,,0.0,,,0,0.0,140.460007,55146,0.1894,hold,,,0.0,,,0,0.0,115.721054,65950,0.1866,hold,,,0.0,,,0,0.0
2019-10-21,41229422,261,False,False,,272.809906,45812,0.3031,hold,,,0.0,,,0,0.0,7.851736,1712735,0.3262,hold,,,0.0,,,0,0.0,139.789993,55146,0.187,hold,,,0.0,,,0,0.0,114.850502,65950,0.1837,hold,,,0.0,,,0,0.0
2019-10-22,40944272,261,False,False,,271.918732,45812,0.3042,hold,,,0.0,,,0,0.0,7.670026,1712735,0.3208,hold,,,0.0,,,0,0.0,140.199997,55146,0.1888,hold,,,0.0,,,0,0.0,115.522041,65950,0.1861,hold,,,0.0,,,0,0.0
2019-10-23,41067793,261,False,False,,272.709839,45812,0.3042,hold,,,0.0,,,0,0.0,7.70589,1712735,0.3214,hold,,,0.0,,,0,0.0,140.529999,55146,0.1887,hold,,,0.0,,,0,0.0,115.638107,65950,0.1857,hold,,,0.0,,,0,0.0
2019-10-24,41506824,261,False,False,,273.155396,45812,0.3015,hold,,,0.0,,,0,0.0,7.927047,1712735,0.3271,hold,,,0.0,,,0,0.0,141.529999,55146,0.188,hold,,,0.0,,,0,0.0,115.405968,65950,0.1834,hold,,,0.0,,,0,0.0
2019-10-25,41848264,261,False,False,,274.273987,45812,0.3003,hold,,,0.0,,,0,0.0,8.107562,1712735,0.3318,hold,,,0.0,,,0,0.0,141.860001,55146,0.1869,hold,,,0.0,,,0,0.0,114.842239,65950,0.181,hold,,,0.0,,,0,0.0
2019-10-28,42206743,261,False,False,,275.819916,45812,0.2994,hold,,,0.0,,,0,0.0,8.35502,1712735,0.339,hold,,,0.0,,,0,0.0,140.639999,55146,0.1838,hold,,,0.0,,,0,0.0,113.797592,65950,0.1778,hold,,,0.0,,,0,0.0
2019-10-29,41856766,261,False,False,,275.738129,45812,0.3018,hold,,,0.0,,,0,0.0,8.162553,1712735,0.334,hold,,,0.0,,,0,0.0,140.25,55146,0.1848,hold,,,0.0,,,0,0.0,113.872215,65950,0.1794,hold,,,0.0,,,0,0.0
2019-10-30,42244434,261,False,False,,276.583893,45812,0.2999,hold,,,0.0,,,0,0.0,8.277315,1712735,0.3356,hold,,,0.0,,,0,0.0,141.020004,55146,0.1841,hold,,,0.0,,,0,0.0,115.538658,65950,0.1804,hold,,,0.0,,,0,0.0
2019-10-31,42401469,261,False,False,,275.847229,45812,0.298,hold,,,0.0,,,0,0.0,8.283291,1712735,0.3346,hold,,,0.0,,,0,0.0,142.429993,55146,0.1852,hold,,,0.0,,,0,0.0,117.097313,65950,0.1821,hold,,,0.0,,,0,0.0
2019-11-01,42886869,261,True,False,,278.402649,45812,0.2974,hold,INCREASE_TO_TARGET,rebalance 2019-11-01,111878.0,,,0,0.0,8.508039,1712735,0.3398,hold,REDUCE_TO_TARGET,rebalance 2019-11-01,-1705956.0,,,0,0.0,142.559998,55146,0.1833,hold,INCREASE_TO_TARGET,rebalance 2019-11-01,715760.0,,,0,0.0,116.736847,65950,0.1795,hold,INCREASE_TO_TARGET,rebalance 2019-11-01,878579.0,,,0,0.0
2019-11-04,43065612,213,False,True,monthly,279.52121,46210,0.2999,hold,,,0.0,INCREASE_TO_TARGET,buy,398,279.95773,8.659861,1515610,0.3048,hold,,,0.0,REDUCE_TO_TARGET,sell,197125,8.654142,142.149994,60162,0.1986,hold,,,0.0,INCREASE_TO_TARGET,buy,5016,142.259995,115.200424,73539,0.1967,hold,,,0.0,INCREASE_TO_TARGET,buy,7589,115.416353
2019-11-05,42833978,213,False,False,,279.212006,46210,0.3012,hold,,,0.0,,,0,0.0,8.670621,1515610,0.3068,hold,,,0.0,,,0,0.0,139.850006,60162,0.1964,hold,,,0.0,,,0,0.0,113.904762,73539,0.1956,hold,,,0.0,,,0,0.0
2019-11-06,42840363,213,False,False,,279.275696,46210,0.3012,hold,,,0.0,,,0,0.0,8.615629,1515610,0.3048,hold,,,0.0,,,0,0.0,140.449997,60162,0.1972,hold,,,0.0,,,0,0.0,114.594086,73539,0.1967,hold,,,0.0,,,0,0.0
2019-11-07,42734177,213,False,False,,280.257904,46210,0.3031,hold,,,0.0,,,0,0.0,8.702898,1515610,0.3087,hold,,,0.0,,,0,0.0,138.270004,60162,0.1947,hold,,,0.0,,,0,0.0,112.517807,73539,0.1936,hold,,,0.0,,,0,0.0
2019-11-08,42834176,213,False,False,,280.949036,46210,0.3031,hold,,,0.0,,,0,0.0,8.805706,1515610,0.3116,hold,,,0.0,,,0,0.0,137.389999,60162,0.193,hold,,,0.0,,,0,0.0,112.044426,73539,0.1924,hold,,,0.0,,,0,0.0
2019-11-11,42738854,213,False,False,,280.412415,46210,0.3032,hold,,,0.0,,,0,0.0,8.768646,1515610,0.311,hold,,,0.0,,,0,0.0,137.059998,60162,0.1929,hold,,,0.0,,,0,0.0,112.119186,73539,0.1929,hold,,,0.0,,,0,0.0
2019-11-12,42935000,213,False,False,,281.003479,46210,0.3024,hold,,,0.0,,,0,0.0,8.840374,1515610,0.3121,hold,,,0.0,,,0,0.0,137.429993,60162,0.1926,hold,,,0.0,,,0,0.0,112.634033,73539,0.1929,hold,,,0.0,,,0,0.0
2019-11-13,43006117,213,False,False,,281.094452,46210,0.302,hold,,,0.0,,,0,0.0,8.827224,1515610,0.3111,hold,,,0.0,,,0,0.0,137.979996,60162,0.193,hold,,,0.0,,,0,0.0,113.364998,73539,0.1939,hold,,,0.0,,,0,0.0
2019-11-14,43142413,213,False,False,,281.503723,46210,0.3015,hold,,,0.0,,,0,0.0,8.824833,1515610,0.31,hold,,,0.0,,,0,0.0,138.559998,60162,0.1932,hold,,,0.0,,,0,0.0,114.53598,73539,0.1952,hold,,,0.0,,,0,0.0
2019-11-15,43458172,213,False,False,,283.540771,46210,0.3015,hold,,,0.0,,,0,0.0,8.991,1515610,0.3136,hold,,,0.0,,,0,0.0,138.210007,60162,0.1913,hold,,,0.0,,,0,0.0,114.4114,73539,0.1936,hold,,,0.0,,,0,0.0
2019-11-18,43578427,213,False,False,,283.749817,46210,0.3009,hold,,,0.0,,,0,0.0,9.037623,1515610,0.3143,hold,,,0.0,,,0,0.0,138.619995,60162,0.1914,hold,,,0.0,,,0,0.0,114.619011,73539,0.1934,hold,,,0.0,,,0,0.0
2019-11-19,43705270,213,False,False,,283.668091,46210,0.2999,hold,,,0.0,,,0,0.0,9.074683,1515610,0.3147,hold,,,0.0,,,0,0.0,138.690002,60162,0.1909,hold,,,0.0,,,0,0.0,115.574142,73539,0.1945,hold,,,0.0,,,0,0.0
2019-11-20,43507710,213,False,False,,282.613251,46210,0.3002,hold,,,0.0,,,0,0.0,8.915689,1515610,0.3106,hold,,,0.0,,,0,0.0,138.759995,60162,0.1919,hold,,,0.0,,,0,0.0,116.77005,73539,0.1974,hold,,,0.0,,,0,0.0
2019-11-21,43282139,213,False,False,,282.158478,46210,0.3012,hold,,,0.0,,,0,0.0,8.846351,1515610,0.3098,hold,,,0.0,,,0,0.0,138.0,60162,0.1918,hold,,,0.0,,,0,0.0,116.039238,73539,0.1972,hold,,,0.0,,,0,0.0
2019-11-22,43342720,213,False,False,,282.78595,46210,0.3015,hold,,,0.0,,,0,0.0,8.87026,1515610,0.3102,hold,,,0.0,,,0,0.0,137.740005,60162,0.1912,hold,,,0.0,,,0,0.0,116.18869,73539,0.1971,hold,,,0.0,,,0,0.0
2019-11-25,43894968,213,False,False,,284.977539,46210,0.3,hold,,,0.0,,,0,0.0,9.177491,1515610,0.3169,hold,,,0.0,,,0,0.0,137.080002,60162,0.1879,hold,,,0.0,,,0,0.0,116.529182,73539,0.1952,hold,,,0.0,,,0,0.0
2019-11-26,44097946,213,False,False,,285.62326,46210,0.2993,hold,,,0.0,,,0,0.0,9.232483,1515610,0.3173,hold,,,0.0,,,0,0.0,137.740005,60162,0.1879,hold,,,0.0,,,0,0.0,117.210251,73539,0.1955,hold,,,0.0,,,0,0.0
2019-11-27,44370465,213,False,False,,286.896423,46210,0.2988,hold,,,0.0,,,0,0.0,9.418974,1515610,0.3217,hold,,,0.0,,,0,0.0,137.009995,60162,0.1858,hold,,,0.0,,,0,0.0,116.869713,73539,0.1937,hold,,,0.0,,,0,0.0
2019-11-29,44163867,213,False,False,,285.832397,46210,0.2991,hold,,,0.0,,,0,0.0,9.293449,1515610,0.3189,hold,,,0.0,,,0,0.0,137.860001,60162,0.1878,hold,,,0.0,,,0,0.0,116.62059,73539,0.1942,hold,,,0.0,,,0,0.0
2019-12-02,43480147,213,True,False,,283.404327,46210,0.3012,hold,,,0.0,,,0,0.0,8.994588,1515610,0.3135,hold,,,0.0,,,0,0.0,137.789993,60162,0.1907,hold,,,0.0,,,0,0.0,115.065636,73539,0.1946,hold,,,0.0,,,0,0.0
2019-12-03,43342963,213,False,False,,281.503723,46210,0.3001,hold,,,0.0,,,0,0.0,8.792556,1515610,0.3075,hold,,,0.0,,,0,0.0,139.110001,60162,0.1931,hold,,,0.0,,,0,0.0,117.478371,73539,0.1993,hold,,,0.0,,,0,0.0
2019-12-04,43523019,213,False,False,,283.240692,46210,0.3007,hold,,,0.0,,,0,0.0,8.922859,1515610,0.3107,hold,,,0.0,,,0,0.0,138.919998,60162,0.192,hold,,,0.0,,,0,0.0,116.30529,73539,0.1965,hold,,,0.0,,,0,0.0
2019-12-05,43580417,213,False,False,,283.749817,46210,0.3009,hold,,,0.0,,,0,0.0,8.969483,1515610,0.3119,hold,,,0.0,,,0,0.0,139.0,60162,0.1919,hold,,,0.0,,,0,0.0,115.739532,73539,0.1953,hold,,,0.0,,,0,0.0
2019-12-06,43990408,213,False,False,,286.341705,46210,0.3008,hold,,,0.0,,,0,0.0,9.246829,1515610,0.3186,hold,,,0.0,,,0,0.0,137.619995,60162,0.1882,hold,,,0.0,,,0,0.0,115.098991,73539,0.1924,hold,,,0.0,,,0,0.0
2019-12-09,43792625,213,False,False,,285.441437,46210,0.3012,hold,,,0.0,,,0,0.0,9.133261,1515610,0.3161,hold,,,0.0,,,0,0.0,137.580002,60162,0.189,hold,,,0.0,,,0,0.0,115.348511,73539,0.1937,hold,,,0.0,,,0,0.0
2019-12-10,43771185,213,False,False,,285.123138,46210,0.301,hold,,,0.0,,,0,0.0,9.112936,1515610,0.3155,hold,,,0.0,,,0,0.0,137.970001,60162,0.1896,hold,,,0.0,,,0,0.0,115.356804,73539,0.1938,hold,,,0.0,,,0,0.0
2019-12-11,44140792,213,False,False,,285.932526,46210,0.2993,hold,,,0.0,,,0,0.0,9.250413,1515610,0.3176,hold,,,0.0,,,0,0.0,138.919998,60162,0.1893,hold,,,0.0,,,0,0.0,116.263672,73539,0.1937,hold,,,0.0,,,0,0.0
2019-12-12,44405175,213,False,False,,288.397003,46210,0.3001,hold,,,0.0,,,0,0.0,9.462008,1515610,0.323,hold,,,0.0,,,0,0.0,138.429993,60162,0.1876,hold,,,0.0,,,0,0.0,114.350182,73539,0.1894,hold,,,0.0,,,0,0.0
2019-12-13,44676380,213,False,False,,288.569733,46210,0.2985,hold,,,0.0,,,0,0.0,9.546887,1515610,0.3239,hold,,,0.0,,,0,0.0,139.050003,60162,0.1872,hold,,,0.0,,,0,0.0,115.672997,73539,0.1904,hold,,,0.0,,,0,0.0
2019-12-16,45105822,213,False,False,,290.552246,46210,0.2977,hold,,,0.0,,,0,0.0,9.820645,1515610,0.33,hold,,,0.0,,,0,0.0,139.039993,60162,0.1855,hold,,,0.0,,,0,0.0,114.633034,73539,0.1869,hold,,,0.0,,,0,0.0
2019-12-17,45115263,213,False,False,,290.615845,46210,0.2977,hold,,,0.0,,,0,0.0,9.833795,1515610,0.3304,hold,,,0.0,,,0,0.0,139.009995,60162,0.1854,hold,,,0.0,,,0,0.0,114.474976,73539,0.1866,hold,,,0.0,,,0,0.0
2019-12-18,45082000,213,False,False,,290.634094,46210,0.2979,hold,,,0.0,,,0,0.0,9.85651,1515610,0.3314,hold,,,0.0,,,0,0.0,139.020004,60162,0.1855,hold,,,0.0,,,0,0.0,113.534851,73539,0.1852,hold,,,0.0,,,0,0.0
2019-12-19,45476456,213,False,False,,291.825439,46210,0.2965,hold,,,0.0,,,0,0.0,10.057344,1515610,0.3352,hold,,,0.0,,,0,0.0,139.380005,60162,0.1844,hold,,,0.0,,,0,0.0,113.716522,73539,0.1839,hold,,,0.0,,,0,0.0
2019-12-20,45736214,213,False,False,,293.104736,46210,0.2961,hold,,,0.0,,,0,0.0,10.176892,1515610,0.3372,hold,,,0.0,,,0,0.0,139.520004,60162,0.1835,hold,,,0.0,,,0,0.0,113.866516,73539,0.1831,hold,,,0.0,,,0,0.0
2019-12-23,45884668,213,False,False,,293.552582,46210,0.2956,hold,,,0.0,,,0,0.0,10.252203,1515610,0.3386,hold,,,0.0,,,0,0.0,139.949997,60162,0.1835,hold,,,0.0,,,0,0.0,113.699905,73539,0.1822,hold,,,0.0,,,0,0.0
2019-12-24,46008522,213,False,False,,293.561676,46210,0.2948,hold,,,0.0,,,0,0.0,10.265479,1515610,0.3382,hold,,,0.0,,,0,0.0,141.270004,60162,0.1847,hold,,,0.0,,,0,0.0,114.024879,73539,0.1823,hold,,,0.0,,,0,0.0
2019-12-26,46571922,213,False,False,,295.12439,46210,0.2928,hold,,,0.0,,,0,0.0,10.532162,1515610,0.3428,hold,,,0.0,,,0,0.0,142.380005,60162,0.1839,hold,,,0.0,,,0,0.0,114.299835,73539,0.1805,hold,,,0.0,,,0,0.0
2019-12-27,46527606,213,False,False,,295.051331,46210,0.293,hold,,,0.0,,,0,0.0,10.501068,1515610,0.3421,hold,,,0.0,,,0,0.0,142.330002,60162,0.184,hold,,,0.0,,,0,0.0,114.424866,73539,0.1809,hold,,,0.0,,,0,0.0
2019-12-30,46122659,213,False,False,,293.424622,46210,0.294,hold,,,0.0,,,0,0.0,10.29179,1515610,0.3382,hold,,,0.0,,,0,0.0,142.630005,60162,0.186,hold,,,0.0,,,0,0.0,114.008194,73539,0.1818,hold,,,0.0,,,0,0.0
2019-12-31,46178539,213,False,False,,294.137482,46210,0.2943,hold,,,0.0,,,0,0.0,10.350386,1515610,0.3397,hold,,,0.0,,,0,0.0,142.899994,60162,0.1862,hold,,,0.0,,,0,0.0,112.891602,73539,0.1798,hold,,,0.0,,,0,0.0
2020-01-02,47240129,213,True,False,,296.888123,46210,0.2904,hold,INCREASE_TO_TARGET,rebalance 2020-01-02,452839.0,,,0,0.0,10.86342,1515610,0.3485,hold,REDUCE_TO_TARGET,rebalance 2020-01-02,-2292669.0,,,0,0.0,143.949997,60162,0.1833,hold,INCREASE_TO_TARGET,rebalance 2020-01-02,787706.0,,,0,0.0,114.166481,73539,0.1777,hold,INCREASE_TO_TARGET,rebalance 2020-01-02,1052337.0,,,0,0.0
2020-01-03,46899362,156,False,True,monthly,294.640015,47748,0.3,hold,,,0.0,INCREASE_TO_TARGET,buy,1538,293.49768,10.568039,1295322,0.2919,hold,,,0.0,REDUCE_TO_TARGET,sell,220288,10.407566,145.860001,65550,0.2039,hold,,,0.0,INCREASE_TO_TARGET,buy,5388,145.75,115.924721,82645,0.2043,hold,,,0.0,INCREASE_TO_TARGET,buy,9106,115.216448
2020-01-06,47259166,156,False,False,,295.76416,47748,0.2988,hold,,,0.0,,,0,0.0,10.768947,1295322,0.2952,hold,,,0.0,,,0,0.0,147.389999,65550,0.2044,hold,,,0.0,,,0,0.0,115.266434,82645,0.2016,hold,,,0.0,,,0,0.0
2020-01-07,47193603,156,False,False,,294.932465,47748,0.2984,hold,,,0.0,,,0,0.0,10.755792,1295322,0.2952,hold,,,0.0,,,0,0.0,147.970001,65550,0.2055,hold,,,0.0,,,0,0.0,114.699799,82645,0.2009,hold,,,0.0,,,0,0.0
2020-01-08,47453890,156,False,False,,296.504395,47748,0.2983,hold,,,0.0,,,0,0.0,11.003341,1295322,0.3004,hold,,,0.0,,,0,0.0,146.860001,65550,0.2029,hold,,,0.0,,,0,0.0,113.941551,82645,0.1984,hold,,,0.0,,,0,0.0
2020-01-09,47887910,156,False,False,,298.514832,47748,0.2976,hold,,,0.0,,,0,0.0,11.280784,1295322,0.3051,hold,,,0.0,,,0,0.0,146.029999,65550,0.1999,hold,,,0.0,,,0,0.0,114.341507,82645,0.1973,hold,,,0.0,,,0,0.0
2020-01-10,47869321,156,False,False,,297.655853,47748,0.2969,hold,,,0.0,,,0,0.0,11.188702,1295322,0.3028,hold,,,0.0,,,0,0.0,146.910004,65550,0.2012,hold,,,0.0,,,0,0.0,115.358116,82645,0.1992,hold,,,0.0,,,0,0.0
2020-01-13,48373238,156,False,False,,299.702972,47748,0.2958,hold,,,0.0,,,0,0.0,11.579759,1295322,0.3101,hold,,,0.0,,,0,0.0,145.820007,65550,0.1976,hold,,,0.0,,,0,0.0,115.008133,82645,0.1965,hold,,,0.0,,,0,0.0
2020-01-14,48216742,156,False,False,,299.246002,47748,0.2963,hold,,,0.0,,,0,0.0,11.444621,1295322,0.3075,hold,,,0.0,,,0,0.0,145.690002,65550,0.1981,hold,,,0.0,,,0,0.0,115.599731,82645,0.1981,hold,,,0.0,,,0,0.0
2020-01-15,48377401,156,False,False,,299.922241,47748,0.296,hold,,,0.0,,,0,0.0,11.451799,1295322,0.3066,hold,,,0.0,,,0,0.0,146.539993,65550,0.1986,hold,,,0.0,,,0,0.0,116.366325,82645,0.1988,hold,,,0.0,,,0,0.0
2020-01-16,48864749,156,False,False,,302.417114,47748,0.2955,hold,,,0.0,,,0,0.0,11.771099,1295322,0.312,hold,,,0.0,,,0,0.0,146.309998,65550,0.1963,hold,,,0.0,,,0,0.0,115.999718,82645,0.1962,hold,,,0.0,,,0,0.0
2020-01-17,49073152,156,False,False,,303.358398,47748,0.2952,hold,,,0.0,,,0,0.0,11.946893,1295322,0.3153,hold,,,0.0,,,0,0.0,146.580002,65550,0.1958,hold,,,0.0,,,0,0.0,115.008133,82645,0.1937,hold,,,0.0,,,0,0.0
2020-01-21,49147382,156,False,False,,302.764313,47748,0.2941,hold,,,0.0,,,0,0.0,11.940912,1295322,0.3147,hold,,,0.0,,,0,0.0,146.740005,65550,0.1957,hold,,,0.0,,,0,0.0,116.216377,82645,0.1954,hold,,,0.0,,,0,0.0
2020-01-22,49291485,156,False,False,,302.800873,47748,0.2933,hold,,,0.0,,,0,0.0,12.022234,1295322,0.3159,hold,,,0.0,,,0,0.0,146.789993,65550,0.1952,hold,,,0.0,,,0,0.0,116.624657,82645,0.1955,hold,,,0.0,,,0,0.0
2020-01-23,49541251,156,False,False,,303.148163,47748,0.2922,hold,,,0.0,,,0,0.0,12.133451,1295322,0.3172,hold,,,0.0,,,0,0.0,147.119995,65550,0.1947,hold,,,0.0,,,0,0.0,117.441284,82645,0.1959,hold,,,0.0,,,0,0.0
2020-01-24,49140005,156,False,False,,300.45224,47748,0.2919,hold,,,0.0,,,0,0.0,11.818934,1295322,0.3115,hold,,,0.0,,,0,0.0,147.979996,65550,0.1974,hold,,,0.0,,,0,0.0,118.391212,82645,0.1991,hold,,,0.0,,,0,0.0
2020-01-27,48181966,156,False,False,,295.636108,47748,0.293,hold,,,0.0,,,0,0.0,11.088246,1295322,0.2981,hold,,,0.0,,,0,0.0,148.990005,65550,0.2027,hold,,,0.0,,,0,0.0,120.232727,82645,0.2062,hold,,,0.0,,,0,0.0
2020-01-28,48832540,156,False,False,,298.734192,47748,0.2921,hold,,,0.0,,,0,0.0,11.603675,1295322,0.3078,hold,,,0.0,,,0,0.0,147.660004,65550,0.1982,hold,,,0.0,,,0,0.0,119.29113,82645,0.2019,hold,,,0.0,,,0,0.0
2020-01-29,49023822,156,False,False,,298.487396,47748,0.2907,hold,,,0.0,,,0,0.0,11.645531,1295322,0.3077,hold,,,0.0,,,0,0.0,148.460007,65550,0.1985,hold,,,0.0,,,0,0.0,120.457672,82645,0.2031,hold,,,0.0,,,0,0.0
2020-01-30,49242517,156,False,False,,299.456146,47748,0.2904,hold,,,0.0,,,0,0.0,11.777079,1295322,0.3098,hold,,,0.0,,,0,0.0,148.470001,65550,0.1976,hold,,,0.0,,,0,0.0,120.474457,82645,0.2022,hold,,,0.0,,,0,0.0
2020-01-31,48380409,156,False,False,,294.018585,47748,0.2902,hold,,,0.0,,,0,0.0,11.19827,1295322,0.2998,hold,,,0.0,,,0,0.0,149.330002,65550,0.2023,hold,,,0.0,,,0,0.0,121.574287,82645,0.2077,hold,,,0.0,,,0,0.0
2020-02-03,49079075,156,True,False,,296.202789,47748,0.2882,hold,,,0.0,,,0,0.0,11.712502,1295322,0.3091,hold,,,0.0,,,0,0.0,148.360001,65550,0.1981,hold,,,0.0,,,0,0.0,121.475822,82645,0.2046,hold,,,0.0,,,0,0.0
2020-02-04,50069238,156,False,False,,300.717346,47748,0.2868,hold,,,0.0,,,0,0.0,12.512547,1295322,0.3237,hold,,,0.0,,,0,0.0,146.429993,65550,0.1917,hold,,,0.0,,,0,0.0,119.839882,82645,0.1978,hold,,,0.0,,,0,0.0
2020-02-05,50325975,156,False,False,,304.18988,47748,0.2886,hold,,,0.0,,,0,0.0,12.657248,1295322,0.3258,hold,,,0.0,,,0,0.0,146.610001,65550,0.191,hold,,,0.0,,,0,0.0,118.529411,82645,0.1946,hold,,,0.0,,,0,0.0
2020-02-06,50870442,156,False,False,,305.21347,47748,0.2865,hold,,,0.0,,,0,0.0,12.965788,1295322,0.3301,hold,,,0.0,,,0,0.0,147.399994,65550,0.1899,hold,,,0.0,,,0,0.0,119.063629,82645,0.1934,hold,,,0.0,,,0,0.0
2020-02-07,50724260,156,False,False,,303.586853,47748,0.2858,hold,,,0.0,,,0,0.0,12.798363,1295322,0.3268,hold,,,0.0,,,0,0.0,147.789993,65550,0.191,hold,,,0.0,,,0,0.0,120.549385,82645,0.1964,hold,,,0.0,,,0,0.0
2020-02-10,51482910,156,False,False,,305.853271,47748,0.2837,hold,,,0.0,,,0,0.0,13.259976,1295322,0.3336,hold,,,0.0,,,0,0.0,148.169998,65550,0.1887,hold,,,0.0,,,0,0.0,120.883179,82645,0.1941,hold,,,0.0,,,0,0.0
2020-02-11,51436824,156,False,False,,306.38327,47748,0.2844,hold,,,0.0,,,0,0.0,13.269542,1295322,0.3342,hold,,,0.0,,,0,0.0,147.660004,65550,0.1882,hold,,,0.0,,,0,0.0,120.273903,82645,0.1932,hold,,,0.0,,,0,0.0
2020-02-12,51976295,156,False,False,,308.357147,47748,0.2833,hold,,,0.0,,,0,0.0,13.658205,1295322,0.3404,hold,,,0.0,,,0,0.0,147.539993,65550,0.1861,hold,,,0.0,,,0,0.0,119.664619,82645,0.1903,hold,,,0.0,,,0,0.0
2020-02-13,51985433,156,False,False,,308.028229,47748,0.2829,hold,,,0.0,,,0,0.0,13.605586,1295322,0.339,hold,,,0.0,,,0,0.0,148.380005,65550,0.1871,hold,,,0.0,,,0,0.0,120.123672,82645,0.191,hold,,,0.0,,,0,0.0
2020-02-14,52212369,156,False,False,,308.521637,47748,0.2821,hold,,,0.0,,,0,0.0,13.697667,1295322,0.3398,hold,,,0.0,,,0,0.0,149.0,65550,0.1871,hold,,,0.0,,,0,0.0,120.649559,82645,0.191,hold,,,0.0,,,0,0.0
2020-02-18,52398883,156,False,False,,307.726685,47748,0.2804,hold,,,0.0,,,0,0.0,13.721587,1295322,0.3392,hold,,,0.0,,,0,0.0,150.910004,65550,0.1888,hold,,,0.0,,,0,0.0,121.475822,82645,0.1916,hold,,,0.0,,,0,0.0
2020-02-19,53040406,156,False,False,,309.197845,47748,0.2783,hold,,,0.0,,,0,0.0,14.118622,1295322,0.3448,hold,,,0.0,,,0,0.0,151.789993,65550,0.1876,hold,,,0.0,,,0,0.0,121.46743,82645,0.1893,hold,,,0.0,,,0,0.0
2020-02-20,52578549,156,False,False,,307.927673,47748,0.2796,hold,,,0.0,,,0,0.0,13.716803,1295322,0.3379,hold,,,0.0,,,0,0.0,152.410004,65550,0.19,hold,,,0.0,,,0,0.0,122.418907,82645,0.1924,hold,,,0.0,,,0,0.0
2020-02-21,51655567,156,False,False,,304.75647,47748,0.2817,hold,,,0.0,,,0,0.0,12.932302,1295322,0.3243,hold,,,0.0,,,0,0.0,154.699997,65550,0.1963,hold,,,0.0,,,0,0.0,123.562454,82645,0.1977,hold,,,0.0,,,0,0.0
2020-02-24,49486397,156,False,False,,294.64917,47748,0.2843,hold,,,0.0,,,0,0.0,11.442229,1295322,0.2995,hold,,,0.0,,,0,0.0,156.089996,65550,0.2068,hold,,,0.0,,,0,0.0,125.407013,82645,0.2094,hold,,,0.0,,,0,0.0
2020-02-25,47733416,156,False,False,,285.720642,47748,0.2858,hold,,,0.0,,,0,0.0,10.516615,1295322,0.2854,hold,,,0.0,,,0,0.0,153.300003,65550,0.2105,hold,,,0.0,,,0,0.0,126.074821,82645,0.2183,hold,,,0.0,,,0,0.0
2020-02-26,47859400,156,False,False,,284.669739,47748,0.284,hold,,,0.0,,,0,0.0,10.661316,1295322,0.2886,hold,,,0.0,,,0,0.0,153.970001,65550,0.2109,hold,,,0.0,,,0,0.0,125.407013,82645,0.2166,hold,,,0.0,,,0,0.0
2020-02-27,45298454,156,False,False,,271.884705,47748,0.2866,hold,,,0.0,,,0,0.0,9.067202,1295322,0.2593,hold,,,0.0,,,0,0.0,154.0,65550,0.2228,hold,,,0.0,,,0,0.0,126.767509,82645,0.2313,hold,,,0.0,,,0,0.0
2020-02-28,45294908,156,False,False,,270.742432,47748,0.2854,hold,,,0.0,,,0,0.0,9.208315,1295322,0.2633,hold,,,0.0,,,0,0.0,148.380005,65550,0.2147,hold,,,0.0,,,0,0.0,129.630356,82645,0.2365,hold,,,0.0,,,0,0.0
2020-03-02,47457739,156,True,False,,282.467377,47748,0.2842,hold,INCREASE_TO_TARGET,rebalance 2020-03-02,750069.0,,,0,0.0,10.465192,1295322,0.2856,hold,INCREASE_TO_TARGET,rebalance 2020-03-02,681528.0,,,0,0.0,149.199997,65550,0.2061,hold,REDUCE_TO_TARGET,rebalance 2020-03-02,-288512.0,,,0,0.0,128.676605,82645,0.2241,hold,REDUCE_TO_TARGET,rebalance 2020-03-02,-1142930.0,,,0,0.0
2020-03-03,46142129,157,False,True,monthly,274.379669,50391,0.2996,hold,,,0.0,INCREASE_TO_TARGET,buy,2643,282.842094,9.479781,1359618,0.2793,hold,,,0.0,INCREASE_TO_TARGET,buy,64296,10.568037,153.889999,63632,0.2122,hold,,,0.0,REDUCE_TO_TARGET,sell,1918,150.387476,130.674454,73729,0.2088,hold,,,0.0,REDUCE_TO_TARGET,sell,8916,128.182307
2020-03-04,48202321,157,False,False,,285.912628,50391,0.2989,hold,,,0.0,,,0,0.0,10.630222,1359618,0.2998,hold,,,0.0,,,0,0.0,154.160004,63632,0.2035,hold,,,0.0,,,0,0.0,129.28685,73729,0.1978,hold,,,0.0,,,0,0.0
2020-03-05,46904325,157,False,False,,276.408447,50391,0.297,hold,,,0.0,,,0,0.0,9.697432,1359618,0.2811,hold,,,0.0,,,0,0.0,157.490005,63632,0.2137,hold,,,0.0,,,0,0.0,132.50502,73729,0.2083,hold,,,0.0,,,0,0.0
2020-03-06,46495306,157,False,False,,271.839111,50391,0.2946,hold,,,0.0,,,0,0.0,9.18918,1359618,0.2687,hold,,,0.0,,,0,0.0,157.550003,63632,0.2156,hold,,,0.0,,,0,0.0,139.401154,73729,0.2211,hold,,,0.0,,,0,0.0
2020-03-09,43182548,157,False,False,,250.609909,50391,0.2924,sell,EXIT_ALL,signal sell,-12628484.0,,,0,0.0,7.322405,1359618,0.2305,hold,INCREASE_TO_TARGET,rebalance 2020-03-09,2999091.0,,,0,0.0,157.809998,63632,0.2325,hold,REDUCE_TO_TARGET,rebalance 2020-03-09,-1405256.0,,,0,0.0,143.179321,73729,0.2445,hold,REDUCE_TO_TARGET,rebalance 2020-03-09,-1919958.0,,,0,0.0
2020-03-10,44618721,13394626,False,True,daily,263.577698,0,0.0,hold,,,0.0,EXIT_ALL,sell,50391,259.342909,8.462084,1727423,0.3276,hold,,,0.0,INCREASE_TO_TARGET,buy,367805,8.129628,154.479996,54608,0.1891,hold,,,0.0,REDUCE_TO_TARGET,sell,9024,155.711453,135.84021,60149,0.1831,hold,,,0.0,REDUCE_TO_TARGET,sell,13580,141.374698
2020-03-11,42408146,13394626,False,False,,250.728714,0,0.0,hold,,,0.0,,,0,0.0,7.373828,1727423,0.3004,hold,,,0.0,,,0,0.0,153.929993,54608,0.1982,hold,,,0.0,,,0,0.0,130.841599,60149,0.1856,hold,,,0.0,,,0,0.0
2020-03-12,38630423,13394626,False,False,,226.7397,0,0.0,hold,,,0.0,,,0,0.0,5.352782,1727423,0.2394,sell,EXIT_ALL,signal sell,-9246519.0,,,0,0.0,147.789993,54608,0.2089,hold,,,0.0,,,0,0.0,131.652435,60149,0.205,hold,,,0.0,,,0,0.0
2020-03-13,39717991,24153987,False,False,,246.122833,0,0.0,hold,,,0.0,,,0,0.0,6.797411,0,0.0,hold,,,0.0,EXIT_ALL,sell,1727423,6.228562,143.279999,54608,0.197,hold,,,0.0,,,0,0.0,128.676605,60149,0.1949,hold,,,0.0,,,0,0.0
2020-03-16,40129705,24153987,False,False,,219.191162,0,0.0,hold,,,0.0,,,0,0.0,4.454672,0,0.0,hold,,,0.0,,,0,0.0,141.639999,54608,0.1927,hold,,,0.0,,,0,0.0,137.010437,60149,0.2054,hold,,,0.0,,,0,0.0
2020-03-17,39685017,24153987,False,False,,231.025711,0,0.0,hold,,,0.0,,,0,0.0,5.180575,0,0.0,hold,,,0.0,,,0,0.0,143.559998,54608,0.1975,hold,,,0.0,,,0,0.0,127.874199,60149,0.1938,hold,,,0.0,,,0,0.0
2020-03-18,39094938,24153987,False,False,,219.328262,0,0.0,hold,,,0.0,,,0,0.0,4.701025,0,0.0,hold,,,0.0,,,0,0.0,140.699997,54608,0.1965,hold,,,0.0,,,0,0.0,120.660454,60149,0.1856,hold,,,0.0,,,0,0.0
2020-03-19,39147273,24153987,False,False,,219.794312,0,0.0,hold,,,0.0,,,0,0.0,4.80985,0,0.0,hold,,,0.0,,,0,0.0,138.039993,54608,0.1926,hold,,,0.0,,,0,0.0,123.945503,60149,0.1904,hold,,,0.0,,,0,0.0
2020-03-20,39820910,24153987,False,False,,210.322479,0,0.0,hold,,,0.0,,,0,0.0,4.246588,0,0.0,hold,,,0.0,,,0,0.0,140.110001,54608,0.1921,hold,,,0.0,,,0,0.0,133.265656,60149,0.2013,hold,,,0.0,,,0,0.0
2020-03-23,40489263,24153987,False,False,,204.944885,0,0.0,hold,,,0.0,,,0,0.0,4.259743,0,0.0,hold,,,0.0,,,0,0.0,146.300003,54608,0.1973,hold,,,0.0,,,0,0.0,138.757507,60149,0.2061,hold,,,0.0,,,0,0.0
2020-03-24,40721620,24153987,False,False,,223.51358,0,0.0,hold,,,0.0,,,0,0.0,5.209276,0,0.0,hold,,,0.0,,,0,0.0,153.399994,54608,0.2057,hold,,,0.0,,,0,0.0,136.174591,60149,0.2011,hold,,,0.0,,,0,0.0
2020-03-25,40588337,24153987,False,False,,226.859573,0,0.0,hold,,,0.0,,,0,0.0,5.088492,0,0.0,hold,,,0.0,,,0,0.0,151.300003,54608,0.2036,hold,,,0.0,,,0,0.0,135.86525,60149,0.2013,hold,,,0.0,,,0,0.0
2020-03-26,40734501,24153987,False,False,,240.105911,0,0.0,hold,,,0.0,,,0,0.0,5.917241,0,0.0,hold,,,0.0,,,0,0.0,153.240005,54608,0.2054,hold,,,0.0,,,0,0.0,136.533997,60149,0.2016,hold,,,0.0,,,0,0.0
2020-03-27,40899653,24153987,False,False,,232.954147,0,0.0,hold,,,0.0,,,0,0.0,5.302555,0,0.0,hold,,,0.0,,,0,0.0,152.25,54608,0.2033,hold,,,0.0,,,0,0.0,140.178513,60149,0.2062,hold,,,0.0,,,0,0.0
2020-03-30,40866858,24153987,False,False,,240.519531,0,0.0,hold,,,0.0,,,0,0.0,5.859838,0,0.0,hold,,,0.0,,,0,0.0,152.919998,54608,0.2043,hold,,,0.0,,,0,0.0,139.025009,60149,0.2046,hold,,,0.0,,,0,0.0
2020-03-31,40533037,24153987,False,False,,236.934479,0,0.0,hold,,,0.0,,,0,0.0,5.697197,0,0.0,hold,,,0.0,,,0,0.0,148.050003,54608,0.1995,hold,,,0.0,,,0,0.0,137.896484,60149,0.2046,hold,,,0.0,,,0,0.0
2020-04-01,40725699,24153987,True,False,,226.271286,0,0.0,hold,,,0.0,,,0,0.0,4.990428,0,0.0,hold,,,0.0,,,0,0.0,149.449997,54608,0.2004,hold,,,0.0,,,0,0.0,139.828537,60149,0.2065,hold,,,0.0,,,0,0.0
2020-04-02,40912861,24153987,False,False,,231.492584,0,0.0,hold,,,0.0,,,0,0.0,5.285813,0,0.0,hold,,,0.0,,,0,0.0,151.899994,54608,0.2027,hold,,,0.0,,,0,0.0,140.715866,60149,0.2069,hold,,,0.0,,,0,0.0
2020-04-03,40973955,24153987,False,False,,228.146561,0,0.0,hold,,,0.0,,,0,0.0,5.072945,0,0.0,hold,,,0.0,,,0,0.0,152.649994,54608,0.2034,hold,,,0.0,,,0,0.0,141.050674,60149,0.2071,hold,,,0.0,,,0,0.0
2020-04-06,41182797,24153987,False,False,,243.470291,0,0.0,hold,,,0.0,,,0,0.0,6.134891,0,0.0,hold,,,0.0,,,0,0.0,156.880005,54608,0.208,hold,,,0.0,,,0,0.0,140.682404,60149,0.2055,hold,,,0.0,,,0,0.0
2020-04-07,41048304,24153987,False,False,,243.718445,0,0.0,hold,,,0.0,,,0,0.0,6.122932,0,0.0,hold,,,0.0,,,0,0.0,156.039993,54608,0.2076,hold,,,0.0,,,0,0.0,139.209045,60149,0.204,hold,,,0.0,,,0,0.0
2020-04-08,40911476,24153987,False,False,,251.89978,0,0.0,hold,,,0.0,,,0,0.0,6.513986,0,0.0,hold,,,0.0,,,0,0.0,154.649994,54608,0.2064,hold,,,0.0,,,0,0.0,138.196182,60149,0.2032,hold,,,0.0,,,0,0.0
2020-04-09,41147201,24153987,False,False,,255.732986,0,0.0,hold,,,0.0,,,0,0.0,6.537904,0,0.0,hold,,,0.0,,,0,0.0,158.690002,54608,0.2106,hold,,,0.0,,,0,0.0,138.447357,60149,0.2024,hold,,,0.0,,,0,0.0
2020-04-13,41219704,24153987,False,False,,253.398117,0,0.0,hold,,,0.0,,,0,0.0,6.765123,0,0.0,hold,,,0.0,,,0,0.0,161.410004,54608,0.2138,hold,,,0.0,,,0,0.0,137.183319,60149,0.2002,hold,,,0.0,,,0,0.0
2020-04-14,41287040,24153987,False,False,,260.871582,0,0.0,hold,,,0.0,,,0,0.0,7.642902,0,0.0,hold,,,0.0,,,0,0.0,162.679993,54608,0.2152,hold,,,0.0,,,0,0.0,137.149811,60149,0.1998,hold,,,0.0,,,0,0.0
2020-04-15,41460234,24153987,False,False,,255.328476,0,0.0,hold,,,0.0,,,0,0.0,7.389375,0,0.0,hold,,,0.0,,,0,0.0,161.850006,54608,0.2132,hold,,,0.0,,,0,0.0,140.782745,60149,0.2042,hold,,,0.0,,,0,0.0
2020-04-16,41548762,24153987,False,False,,256.560303,0,0.0,hold,,,0.0,,,0,0.0,7.785212,0,0.0,hold,,,0.0,,,0,0.0,161.710007,54608,0.2125,hold,,,0.0,,,0,0.0,142.381668,60149,0.2061,hold,,,0.0,,,0,0.0
2020-04-17,41262495,24153987,False,False,,263.491394,0,0.0,hold,,,0.0,,,0,0.0,7.980143,0,0.0,buy,ENTER_TO_TARGET,signal_buy+rebalance,12378748.0,,,0,0.0,158.570007,54608,0.2099,hold,REDUCE_TO_TARGET,rebalance 2020-04-17,-406692.0,,,0,0.0,140.473099,60149,0.2048,hold,REDUCE_TO_TARGET,rebalance 2020-04-17,-196817.0,,,0,0.0
2020-04-20,41232331,12378641,False,True,daily,258.849182,0,0.0,hold,,,0.0,,,0,0.0,7.721831,1583088,0.2965,hold,,,0.0,ENTER_TO_TARGET,buy,1583088,7.795977,159.699997,52037,0.2015,hold,,,0.0,REDUCE_TO_TARGET,sell,2571,158.144135,141.603134,58749,0.2018,hold,,,0.0,REDUCE_TO_TARGET,sell,1400,140.577423
2020-04-21,39928624,12378641,False,False,,250.989685,0,0.0,hold,,,0.0,,,0,0.0,6.867969,1583088,0.2723,hold,,,0.0,,,0,0.0,158.610001,52037,0.2067,hold,,,0.0,,,0,0.0,143.386185,58749,0.211,hold,,,0.0,,,0,0.0
2020-04-22,40966651,12378641,False,False,,256.560303,0,0.0,hold,,,0.0,,,0,0.0,7.475478,1583088,0.2889,hold,,,0.0,,,0,0.0,161.729996,52037,0.2054,hold,,,0.0,,,0,0.0,141.921158,58749,0.2035,hold,,,0.0,,,0,0.0
2020-04-23,41017079,12378641,False,False,,256.54184,0,0.0,hold,,,0.0,,,0,0.0,7.426448,1583088,0.2866,hold,,,0.0,,,0,0.0,163.339996,52037,0.2072,hold,,,0.0,,,0,0.0,142.674652,58749,0.2044,hold,,,0.0,,,0,0.0
2020-04-24,41568280,12378641,False,False,,260.117737,0,0.0,hold,,,0.0,,,0,0.0,7.785212,1583088,0.2965,hold,,,0.0,,,0,0.0,162.639999,52037,0.2036,hold,,,0.0,,,0,0.0,143.009506,58749,0.2021,hold,,,0.0,,,0,0.0
2020-04-27,41596128,12378641,False,False,,263.868225,0,0.0,hold,,,0.0,,,0,0.0,7.937092,1583088,0.3021,hold,,,0.0,,,0,0.0,161.559998,52037,0.2021,hold,,,0.0,,,0,0.0,140.347473,58749,0.1982,hold,,,0.0,,,0,0.0
2020-04-28,40973924,12378641,False,False,,262.654785,0,0.0,hold,,,0.0,,,0,0.0,7.507769,1583088,0.2901,hold,,,0.0,,,0,0.0,160.839996,52037,0.2043,hold,,,0.0,,,0,0.0,141.96315,58749,0.2035,hold,,,0.0,,,0,0.0
2020-04-29,42213208,12378641,False,False,,269.530792,0,0.0,hold,,,0.0,,,0,0.0,8.28868,1583088,0.3108,hold,,,0.0,,,0,0.0,161.729996,52037,0.1994,hold,,,0.0,,,0,0.0,141.226456,58749,0.1965,hold,,,0.0,,,0,0.0
2020-04-30,42050945,12378641,False,False,,267.02124,0,0.0,hold,,,0.0,,,0,0.0,8.343689,1583088,0.3141,hold,,,0.0,,,0,0.0,158.800003,52037,0.1965,hold,,,0.0,,,0,0.0,139.577423,58749,0.195,hold,,,0.0,,,0,0.0
2020-05-01,40987028,12378641,True,False,,259.952332,0,0.0,hold,,,0.0,,,0,0.0,7.595067,1583088,0.2934,hold,,,0.0,,,0,0.0,159.779999,52037,0.2029,hold,,,0.0,,,0,0.0,140.772705,58749,0.2018,hold,,,0.0,,,0,0.0
2020-05-04,41401340,12378641,False,False,,260.669312,0,0.0,hold,,,0.0,,,0,0.0,7.862946,1583088,0.3007,hold,,,0.0,,,0,0.0,160.339996,52037,0.2015,hold,,,0.0,,,0,0.0,140.110474,58749,0.1988,hold,,,0.0,,,0,0.0
2020-05-05,41781603,12378641,False,False,,263.077759,0,0.0,hold,,,0.0,,,0,0.0,8.114079,1583088,0.3074,hold,,,0.0,,,0,0.0,161.020004,52037,0.2005,hold,,,0.0,,,0,0.0,139.213638,58749,0.1957,hold,,,0.0,,,0,0.0
2020-05-06,41795604,12378641,False,False,,261.294373,0,0.0,hold,,,0.0,,,0,0.0,8.274329,1583088,0.3134,hold,,,0.0,,,0,0.0,158.949997,52037,0.1979,hold,,,0.0,,,0,0.0,136.967285,58749,0.1925,hold,,,0.0,,,0,0.0
2020-05-07,42568169,12378641,False,False,,264.447418,0,0.0,hold,,,0.0,,,0,0.0,8.597218,1583088,0.3197,hold,,,0.0,,,0,0.0,161.389999,52037,0.1973,hold,,,0.0,,,0,0.0,139.255539,58749,0.1922,hold,,,0.0,,,0,0.0
2020-05-08,42960353,12378641,False,False,,268.822968,0,0.0,hold,,,0.0,,,0,0.0,8.944025,1583088,0.3296,hold,,,0.0,,,0,0.0,160.419998,52037,0.1943,hold,,,0.0,,,0,0.0,137.445023,58749,0.188,hold,,,0.0,,,0,0.0
2020-05-11,43197422,12378641,False,False,,268.878082,0,0.0,hold,,,0.0,,,0,0.0,9.16646,1583088,0.3359,hold,,,0.0,,,0,0.0,159.419998,52037,0.192,hold,,,0.0,,,0,0.0,136.372177,58749,0.1855,hold,,,0.0,,,0,0.0
2020-05-12,42448625,12378641,False,False,,263.518921,0,0.0,hold,,,0.0,,,0,0.0,8.621137,1583088,0.3215,hold,,,0.0,,,0,0.0,160.039993,52037,0.1962,hold,,,0.0,,,0,0.0,137.771942,58749,0.1907,hold,,,0.0,,,0,0.0
2020-05-13,42068553,12378641,False,False,,258.858307,0,0.0,hold,,,0.0,,,0,0.0,8.29466,1583088,0.3121,hold,,,0.0,,,0,0.0,161.580002,52037,0.1999,hold,,,0.0,,,0,0.0,138.735916,58749,0.1937,hold,,,0.0,,,0,0.0
2020-05-14,42658171,12378641,False,False,,261.956299,0,0.0,hold,,,0.0,,,0,0.0,8.569715,1583088,0.318,hold,,,0.0,,,0,0.0,163.009995,52037,0.1988,hold,,,0.0,,,0,0.0,140.093719,58749,0.1929,hold,,,0.0,,,0,0.0
2020-05-15,42917728,12378641,False,False,,263.160431,0,0.0,hold,,,0.0,,,0,0.0,8.716806,1583088,0.3215,hold,,,0.0,,,0,0.0,163.929993,52037,0.1988,hold,,,0.0,,,0,0.0,139.733276,58749,0.1913,hold,,,0.0,,,0,0.0
2020-05-18,43471904,12378641,False,False,,271.176147,0,0.0,hold,,,0.0,,,0,0.0,9.221471,1583088,0.3358,hold,,,0.0,,,0,0.0,162.690002,52037,0.1947,hold,,,0.0,,,0,0.0,136.665527,58749,0.1847,hold,,,0.0,,,0,0.0
2020-05-19,43471939,12378641,False,False,,268.39093,0,0.0,hold,,,0.0,,,0,0.0,9.150913,1583088,0.3332,hold,,,0.0,,,0,0.0,164.259995,52037,0.1966,hold,,,0.0,,,0,0.0,137.176788,58749,0.1854,hold,,,0.0,,,0,0.0
2020-05-20,44364516,12378641,False,False,,272.950317,0,0.0,hold,,,0.0,,,0,0.0,9.68667,1583088,0.3457,hold,,,0.0,,,0,0.0,164.649994,52037,0.1931,hold,,,0.0,,,0,0.0,137.58757,58749,0.1822,hold,,,0.0,,,0,0.0
2020-05-21,43788414,12378641,False,False,,271.065948,0,0.0,hold,,,0.0,,,0,0.0,9.388896,1583088,0.3394,hold,,,0.0,,,0,0.0,162.25,52037,0.1928,hold,,,0.0,,,0,0.0,137.931213,58749,0.1851,hold,,,0.0,,,0,0.0
2020-05-22,44021532,12378641,False,False,,271.580688,0,0.0,hold,,,0.0,,,0,0.0,9.473802,1583088,0.3407,hold,,,0.0,,,0,0.0,163.210007,52037,0.1929,hold,,,0.0,,,0,0.0,138.760986,58749,0.1852,hold,,,0.0,,,0,0.0
2020-05-26,43729020,12378641,False,False,,274.926758,0,0.0,hold,,,0.0,,,0,0.0,9.43434,1583088,0.3415,hold,,,0.0,,,0,0.0,160.889999,52037,0.1915,hold,,,0.0,,,0,0.0,136.900284,58749,0.1839,hold,,,0.0,,,0,0.0
2020-05-27,43939476,12378641,False,False,,279.017365,0,0.0,hold,,,0.0,,,0,0.0,9.567082,1583088,0.3447,hold,,,0.0,,,0,0.0,161.179993,52037,0.1909,hold,,,0.0,,,0,0.0,136.648773,58749,0.1827,hold,,,0.0,,,0,0.0
2020-05-28,43841478,12378641,False,False,,278.502533,0,0.0,hold,,,0.0,,,0,0.0,9.506092,1583088,0.3433,hold,,,0.0,,,0,0.0,161.720001,52037,0.192,hold,,,0.0,,,0,0.0,136.145844,58749,0.1824,hold,,,0.0,,,0,0.0
2020-05-29,44581490,12378641,False,False,,279.743561,0,0.0,hold,,,0.0,,,0,0.0,9.898342,1583088,0.3515,hold,,,0.0,,,0,0.0,162.910004,52037,0.1902,hold,,,0.0,,,0,0.0,137.118149,58749,0.1807,hold,,,0.0,,,0,0.0
2020-06-01,44759385,12378641,True,False,,280.874237,0,0.0,buy,ENTER_TO_TARGET,signal_buy+rebalance,13427815.0,,,0,0.0,10.020322,1583088,0.3544,hold,REDUCE_TO_TARGET,rebalance 2020-06-01,-2435236.0,,,0,0.0,163.660004,52037,0.1903,hold,INCREASE_TO_TARGET,rebalance 2020-06-01,435501.0,,,0,0.0,136.194931,58749,0.1788,hold,INCREASE_TO_TARGET,rebalance 2020-06-01,950561.0,,,0,0.0
2020-06-02,44967813,361,False,True,monthly,283.199921,47508,0.2992,hold,,,0.0,ENTER_TO_TARGET,buy,47508,281.793482,10.220034,1340630,0.3047,hold,,,0.0,REDUCE_TO_TARGET,sell,242458,10.043914,162.600006,54686,0.1977,hold,,,0.0,INCREASE_TO_TARGET,buy,2649,163.889999,135.699905,65733,0.1984,hold,,,0.0,INCREASE_TO_TARGET,buy,6984,135.683117
2020-06-03,45050168,361,False,False,,286.968781,47508,0.3026,hold,,,0.0,,,0,0.0,10.358759,1340630,0.3083,hold,,,0.0,,,0,0.0,159.600006,54686,0.1937,hold,,,0.0,,,0,0.0,133.895386,65733,0.1954,hold,,,0.0,,,0,0.0
2020-06-04,44696625,361,False,False,,286.214996,47508,0.3042,hold,,,0.0,,,0,0.0,10.148281,1340630,0.3044,hold,,,0.0,,,0,0.0,161.279999,54686,0.1973,hold,,,0.0,,,0,0.0,131.956772,65733,0.1941,hold,,,0.0,,,0,0.0
2020-06-05,45610938,361,False,False,,293.550568,47508,0.3058,hold,,,0.0,,,0,0.0,10.749813,1340630,0.316,hold,,,0.0,,,0,0.0,158.009995,54686,0.1894,hold,,,0.0,,,0,0.0,131.016693,65733,0.1888,hold,,,0.0,,,0,0.0
2020-06-08,46226772,361,False,False,,297.098816,47508,0.3053,hold,,,0.0,,,0,0.0,10.98899,1340630,0.3187,hold,,,0.0,,,0,0.0,159.720001,54686,0.1889,hold,,,0.0,,,0,0.0,131.520279,65733,0.187,hold,,,0.0,,,0,0.0
2020-06-09,46632602,361,False,False,,294.883484,47508,0.3004,hold,,,0.0,,,0,0.0,11.234147,1340630,0.323,hold,,,0.0,,,0,0.0,161.259995,54686,0.1891,hold,,,0.0,,,0,0.0,133.01413,65733,0.1875,hold,,,0.0,,,0,0.0
2020-06-10,47353896,361,False,False,,293.238007,47508,0.2942,hold,,,0.0,,,0,0.0,11.63955,1340630,0.3295,hold,,,0.0,,,0,0.0,163.570007,54686,0.1889,hold,,,0.0,,,0,0.0,134.98645,65733,0.1874,hold,,,0.0,,,0,0.0
2020-06-11,44356517,361,False,False,,276.333191,47508,0.296,hold,,,0.0,,,0,0.0,9.925847,1340630,0.3,hold,,,0.0,,,0,0.0,162.389999,54686,0.2002,hold,,,0.0,,,0,0.0,137.537781,65733,0.2038,hold,,,0.0,,,0,0.0
2020-06-12,44727732,361,False,False,,279.642395,47508,0.297,hold,,,0.0,,,0,0.0,10.141107,1340630,0.304,hold,,,0.0,,,0,0.0,162.619995,54686,0.1988,hold,,,0.0,,,0,0.0,136.211807,65733,0.2002,hold,,,0.0,,,0,0.0
2020-06-15,45320232,361,False,False,,282.253082,47508,0.2959,hold,,,0.0,,,0,0.0,10.498676,1340630,0.3106,hold,,,0.0,,,0,0.0,162.330002,54686,0.1959,hold,,,0.0,,,0,0.0,136.287308,65733,0.1977,hold,,,0.0,,,0,0.0
2020-06-16,46180487,361,False,False,,287.68576,47508,0.296,hold,,,0.0,,,0,0.0,11.053566,1340630,0.3209,hold,,,0.0,,,0,0.0,162.25,54686,0.1921,hold,,,0.0,,,0,0.0,134.19751,65733,0.191,hold,,,0.0,,,0,0.0
2020-06-17,46321376,361,False,False,,286.490753,47508,0.2938,hold,,,0.0,,,0,0.0,11.161197,1340630,0.323,hold,,,0.0,,,0,0.0,162.559998,54686,0.1919,hold,,,0.0,,,0,0.0,134.751511,65733,0.1912,hold,,,0.0,,,0,0.0
2020-06-18,46518331,361,False,False,,286.601074,47508,0.2927,hold,,,0.0,,,0,0.0,11.247301,1340630,0.3241,hold,,,0.0,,,0,0.0,162.240005,54686,0.1907,hold,,,0.0,,,0,0.0,136.178177,65733,0.1924,hold,,,0.0,,,0,0.0
2020-06-19,46524734,361,False,False,,284.963196,47508,0.291,hold,,,0.0,,,0,0.0,11.231752,1340630,0.3236,hold,,,0.0,,,0,0.0,164.029999,54686,0.1928,hold,,,0.0,,,0,0.0,136.287308,65733,0.1926,hold,,,0.0,,,0,0.0
2020-06-22,47206138,361,False,False,,286.79129,47508,0.2886,hold,,,0.0,,,0,0.0,11.631178,1340630,0.3303,hold,,,0.0,,,0,0.0,165.089996,54686,0.1912,hold,,,0.0,,,0,0.0,136.304123,65733,0.1898,hold,,,0.0,,,0,0.0
2020-06-23,47690864,361,False,False,,288.111603,47508,0.287,hold,,,0.0,,,0,0.0,11.934936,1340630,0.3355,hold,,,0.0,,,0,0.0,166.479996,54686,0.1909,hold,,,0.0,,,0,0.0,135.372467,65733,0.1866,hold,,,0.0,,,0,0.0
2020-06-24,46462723,361,False,False,,280.762238,47508,0.2871,hold,,,0.0,,,0,0.0,11.231752,1340630,0.3241,hold,,,0.0,,,0,0.0,165.899994,54686,0.1953,hold,,,0.0,,,0,0.0,136.824417,65733,0.1936,hold,,,0.0,,,0,0.0
2020-06-25,47025388,361,False,False,,283.772095,47508,0.2867,hold,,,0.0,,,0,0.0,11.529531,1340630,0.3287,hold,,,0.0,,,0,0.0,165.800003,54686,0.1928,hold,,,0.0,,,0,0.0,137.218872,65733,0.1918,hold,,,0.0,,,0,0.0
2020-06-26,45731145,361,False,False,,277.032074,47508,0.2878,hold,,,0.0,,,0,0.0,10.700782,1340630,0.3137,hold,,,0.0,,,0,0.0,166.539993,54686,0.1992,hold,,,0.0,,,0,0.0,138.687561,65733,0.1993,hold,,,0.0,,,0,0.0
2020-06-29,46359348,361,False,False,,281.103851,47508,0.2881,hold,,,0.0,,,0,0.0,11.042803,1340630,0.3193,hold,,,0.0,,,0,0.0,166.630005,54686,0.1966,hold,,,0.0,,,0,0.0,138.25116,65733,0.196,hold,,,0.0,,,0,0.0
2020-06-30,47378071,361,False,False,,284.704651,47508,0.2855,hold,,,0.0,,,0,0.0,11.677818,1340630,0.3304,hold,,,0.0,,,0,0.0,167.369995,54686,0.1932,hold,,,0.0,,,0,0.0,137.579803,65733,0.1909,hold,,,0.0,,,0,0.0
2020-07-01,47973764,361,True,False,,286.698944,47508,0.2839,hold,INCREASE_TO_TARGET,rebalance 2020-07-01,771636.0,,,0,0.0,12.095183,1340630,0.338,hold,REDUCE_TO_TARGET,rebalance 2020-07-01,-1823036.0,,,0,0.0,166.619995,54686,0.1899,hold,INCREASE_TO_TARGET,rebalance 2020-07-01,482972.0,,,0,0.0,137.312515,65733,0.1881,hold,INCREASE_TO_TARGET,rebalance 2020-07-01,568789.0,,,0,0.0
2020-07-02,48429585,249,False,True,monthly,288.277802,50159,0.2986,hold,,,0.0,INCREASE_TO_TARGET,buy,2651,290.133589,12.352299,1194019,0.3045,hold,,,0.0,REDUCE_TO_TARGET,sell,146611,12.434471,166.979996,57583,0.1985,hold,,,0.0,INCREASE_TO_TARGET,buy,2897,166.199997,137.455399,69881,0.1983,hold,,,0.0,INCREASE_TO_TARGET,buy,4148,136.707583
2020-07-06,49754827,249,False,False,,292.727936,50159,0.2951,hold,,,0.0,,,0,0.0,13.259976,1194019,0.3182,hold,,,0.0,,,0,0.0,167.979996,57583,0.1944,hold,,,0.0,,,0,0.0,136.892456,69881,0.1923,hold,,,0.0,,,0,0.0
2020-07-07,49487605,249,False,False,,289.708832,50159,0.2936,hold,,,0.0,,,0,0.0,12.999273,1194019,0.3136,hold,,,0.0,,,0,0.0,169.039993,57583,0.1967,hold,,,0.0,,,0,0.0,138.816574,69881,0.196,hold,,,0.0,,,0,0.0
2020-07-08,50217330,249,False,False,,291.924774,50159,0.2916,hold,,,0.0,,,0,0.0,13.499152,1194019,0.321,hold,,,0.0,,,0,0.0,170.089996,57583,0.195,hold,,,0.0,,,0,0.0,138.262039,69881,0.1924,hold,,,0.0,,,0,0.0
2020-07-09,50663994,249,False,False,,290.262848,50159,0.2874,hold,,,0.0,,,0,0.0,13.836391,1194019,0.3261,hold,,,0.0,,,0,0.0,169.630005,57583,0.1928,hold,,,0.0,,,0,0.0,140.463531,69881,0.1937,hold,,,0.0,,,0,0.0
2020-07-10,51087830,249,False,False,,293.226593,50159,0.2879,hold,,,0.0,,,0,0.0,14.129386,1194019,0.3302,hold,,,0.0,,,0,0.0,169.190002,57583,0.1907,hold,,,0.0,,,0,0.0,139.75766,69881,0.1912,hold,,,0.0,,,0,0.0
2020-07-13,49962482,249,False,False,,290.687531,50159,0.2918,hold,,,0.0,,,0,0.0,13.256387,1194019,0.3168,hold,,,0.0,,,0,0.0,169.399994,57583,0.1952,hold,,,0.0,,,0,0.0,140.219788,69881,0.1961,hold,,,0.0,,,0,0.0
2020-07-14,50546578,249,False,False,,294.45459,50159,0.2922,hold,,,0.0,,,0,0.0,13.53742,1194019,0.3198,hold,,,0.0,,,0,0.0,170.190002,57583,0.1939,hold,,,0.0,,,0,0.0,140.421478,69881,0.1941,hold,,,0.0,,,0,0.0
2020-07-15,50725064,249,False,False,,297.159851,50159,0.2938,hold,,,0.0,,,0,0.0,13.604389,1194019,0.3202,hold,,,0.0,,,0,0.0,170.339996,57583,0.1934,hold,,,0.0,,,0,0.0,139.765976,69881,0.1925,hold,,,0.0,,,0,0.0
2020-07-16,50281249,249,False,False,,296.181091,50159,0.2955,hold,,,0.0,,,0,0.0,13.312595,1194019,0.3161,hold,,,0.0,,,0,0.0,168.729996,57583,0.1932,hold,,,0.0,,,0,0.0,140.429901,69881,0.1952,hold,,,0.0,,,0,0.0
2020-07-17,50458063,249,False,False,,297.039856,50159,0.2953,hold,,,0.0,,,0,0.0,13.374779,1194019,0.3165,hold,,,0.0,,,0,0.0,170.119995,57583,0.1941,hold,,,0.0,,,0,0.0,140.135818,69881,0.1941,hold,,,0.0,,,0,0.0
2020-07-20,52009129,249,False,False,,299.440277,50159,0.2888,hold,,,0.0,,,0,0.0,14.513263,1194019,0.3332,hold,,,0.0,,,0,0.0,170.940002,57583,0.1893,hold,,,0.0,,,0,0.0,140.480316,69881,0.1888,hold,,,0.0,,,0,0.0
2020-07-21,51611548,249,False,False,,300.077393,50159,0.2916,hold,,,0.0,,,0,0.0,14.04926,1194019,0.325,hold,,,0.0,,,0,0.0,173.0,57583,0.193,hold,,,0.0,,,0,0.0,140.564301,69881,0.1903,hold,,,0.0,,,0,0.0
2020-07-22,52072217,249,False,False,,301.785461,50159,0.2907,hold,,,0.0,,,0,0.0,14.2119,1194019,0.3259,hold,,,0.0,,,0,0.0,175.630005,57583,0.1942,hold,,,0.0,,,0,0.0,140.984375,69881,0.1892,hold,,,0.0,,,0,0.0
2020-07-23,50766561,249,False,False,,298.184662,50159,0.2946,hold,,,0.0,,,0,0.0,13.098532,1194019,0.3081,hold,,,0.0,,,0,0.0,177.179993,57583,0.201,hold,,,0.0,,,0,0.0,142.631271,69881,0.1963,hold,,,0.0,,,0,0.0
2020-07-24,50294534,249,False,False,,296.264221,50159,0.2955,hold,,,0.0,,,0,0.0,12.711065,1194019,0.3018,hold,,,0.0,,,0,0.0,178.699997,57583,0.2046,hold,,,0.0,,,0,0.0,142.622925,69881,0.1982,hold,,,0.0,,,0,0.0
2020-07-27,51384504,249,False,False,,298.424683,50159,0.2913,hold,,,0.0,,,0,0.0,13.393914,1194019,0.3112,hold,,,0.0,,,0,0.0,182.229996,57583,0.2042,hold,,,0.0,,,0,0.0,142.09346,69881,0.1932,hold,,,0.0,,,0,0.0
2020-07-28,50844654,249,False,False,,296.532013,50159,0.2925,hold,,,0.0,,,0,0.0,12.890449,1194019,0.3027,hold,,,0.0,,,0,0.0,183.75,57583,0.2081,hold,,,0.0,,,0,0.0,143.07663,69881,0.1966,hold,,,0.0,,,0,0.0
2020-07-29,51614060,249,False,False,,300.178986,50159,0.2917,hold,,,0.0,,,0,0.0,13.329337,1194019,0.3084,hold,,,0.0,,,0,0.0,185.130005,57583,0.2065,hold,,,0.0,,,0,0.0,142.832962,69881,0.1934,hold,,,0.0,,,0,0.0
2020-07-30,51805664,249,False,False,,299.107941,50159,0.2896,hold,,,0.0,,,0,0.0,13.545793,1194019,0.3122,hold,,,0.0,,,0,0.0,183.759995,57583,0.2043,hold,,,0.0,,,0,0.0,143.774033,69881,0.1939,hold,,,0.0,,,0,0.0
2020-07-31,52886373,249,False,False,,301.471558,50159,0.2859,hold,,,0.0,,,0,0.0,14.276477,1194019,0.3223,hold,,,0.0,,,0,0.0,185.429993,57583,0.2019,hold,,,0.0,,,0,0.0,143.681564,69881,0.1899,hold,,,0.0,,,0,0.0
2020-08-03,53588468,249,True,False,,303.567505,50159,0.2841,hold,,,0.0,,,0,0.0,14.808646,1194019,0.33,hold,,,0.0,,,0,0.0,185.639999,57583,0.1995,hold,,,0.0,,,0,0.0,142.958221,69881,0.1864,hold,,,0.0,,,0,0.0
2020-08-04,54199856,249,False,False,,304.740051,50159,0.282,hold,,,0.0,,,0,0.0,15.001185,1194019,0.3305,hold,,,0.0,,,0,0.0,189.589996,57583,0.2014,hold,,,0.0,,,0,0.0,144.320908,69881,0.1861,hold,,,0.0,,,0,0.0
2020-08-05,54450755,249,False,False,,306.632721,50159,0.2825,hold,,,0.0,,,0,0.0,15.120772,1194019,0.3316,hold,,,0.0,,,0,0.0,191.350006,57583,0.2024,hold,,,0.0,,,0,0.0,143.059174,69881,0.1836,hold,,,0.0,,,0,0.0
2020-08-06,55446775,249,False,False,,308.682404,50159,0.2792,hold,,,0.0,,,0,0.0,15.69958,1194019,0.3381,hold,,,0.0,,,0,0.0,193.889999,57583,0.2014,hold,,,0.0,,,0,0.0,143.858276,69881,0.1813,hold,,,0.0,,,0,0.0
2020-08-07,54600944,249,False,False,,308.903961,50159,0.2838,hold,,,0.0,,,0,0.0,15.186546,1194019,0.3321,hold,,,0.0,,,0,0.0,190.809998,57583,0.2012,hold,,,0.0,,,0,0.0,142.899277,69881,0.1829,hold,,,0.0,,,0,0.0
2020-08-10,54320410,249,False,False,,309.827393,50159,0.2861,hold,,,0.0,,,0,0.0,14.98205,1194019,0.3293,hold,,,0.0,,,0,0.0,190.149994,57583,0.2016,hold,,,0.0,,,0,0.0,142.259964,69881,0.183,hold,,,0.0,,,0,0.0
2020-08-11,52470803,249,False,False,,307.269714,50159,0.2937,hold,,,0.0,,,0,0.0,14.131775,1194019,0.3216,hold,,,0.0,,,0,0.0,179.940002,57583,0.1975,hold,,,0.0,,,0,0.0,140.569244,69881,0.1872,hold,,,0.0,,,0,0.0
2020-08-12,53810241,249,False,False,,311.553772,50159,0.2904,hold,,,0.0,,,0,0.0,15.18894,1194019,0.337,hold,,,0.0,,,0,0.0,179.100006,57583,0.1917,hold,,,0.0,,,0,0.0,139.290619,69881,0.1809,hold,,,0.0,,,0,0.0
2020-08-13,54048606,249,False,False,,310.99054,50159,0.2886,hold,,,0.0,,,0,0.0,15.295372,1194019,0.3379,hold,,,0.0,,,0,0.0,183.330002,57583,0.1953,hold,,,0.0,,,0,0.0,137.801773,69881,0.1782,hold,,,0.0,,,0,0.0
2020-08-14,53913122,249,False,False,,310.999817,50159,0.2893,hold,,,0.0,,,0,0.0,15.251123,1194019,0.3378,hold,,,0.0,,,0,0.0,182.539993,57583,0.195,hold,,,0.0,,,0,0.0,137.263367,69881,0.1779,hold,,,0.0,,,0,0.0
2020-08-17,54815967,249,False,False,,311.987793,50159,0.2855,hold,,,0.0,,,0,0.0,15.754593,1194019,0.3432,hold,,,0.0,,,0,0.0,186.5,57583,0.1959,hold,,,0.0,,,0,0.0,137.608353,69881,0.1754,hold,,,0.0,,,0,0.0
2020-08-18,55567887,249,False,False,,312.661835,50159,0.2822,hold,,,0.0,,,0,0.0,16.2174,1194019,0.3485,hold,,,0.0,,,0,0.0,188.179993,57583,0.195,hold,,,0.0,,,0,0.0,138.592468,69881,0.1743,hold,,,0.0,,,0,0.0
2020-08-19,54721603,249,False,False,,311.359924,50159,0.2854,hold,,,0.0,,,0,0.0,15.900493,1194019,0.3469,hold,,,0.0,,,0,0.0,182.240005,57583,0.1918,hold,,,0.0,,,0,0.0,137.726044,69881,0.1759,hold,,,0.0,,,0,0.0
2020-08-20,55710843,249,False,False,,312.329407,50159,0.2812,hold,,,0.0,,,0,0.0,16.554634,1194019,0.3548,hold,,,0.0,,,0,0.0,183.5,57583,0.1897,hold,,,0.0,,,0,0.0,138.971039,69881,0.1743,hold,,,0.0,,,0,0.0
2020-08-21,56152635,249,False,False,,313.437317,50159,0.28,hold,,,0.0,,,0,0.0,16.900253,1194019,0.3594,hold,,,0.0,,,0,0.0,182.029999,57583,0.1867,hold,,,0.0,,,0,0.0,139.803757,69881,0.174,hold,,,0.0,,,0,0.0
2020-08-24,56610882,249,False,False,,316.613464,50159,0.2805,hold,INCREASE_TO_TARGET,rebalance 2020-08-24,1102250.0,,,0,0.0,17.213575,1194019,0.3631,hold,REDUCE_TO_TARGET,rebalance 2020-08-24,-3570071.0,,,0,0.0,181.0,57583,0.1841,hold,INCREASE_TO_TARGET,rebalance 2020-08-24,899653.0,,,0,0.0,139.576691,69881,0.1723,hold,INCREASE_TO_TARGET,rebalance 2020-08-24,1568418.0,,,0,0.0
2020-08-25,56956389,428,False,True,daily,317.721466,53623,0.2991,hold,,,0.0,INCREASE_TO_TARGET,buy,3464,317.17673,17.615389,984380,0.3044,hold,,,0.0,REDUCE_TO_TARGET,sell,209639,17.029586,181.220001,62536,0.199,hold,,,0.0,INCREASE_TO_TARGET,buy,4953,181.059998,138.508377,81192,0.1974,hold,,,0.0,INCREASE_TO_TARGET,buy,11311,138.247614
2020-08-26,58328094,428,False,False,,320.906769,53623,0.295,hold,,,0.0,,,0,0.0,18.743107,984380,0.3163,hold,,,0.0,,,0,0.0,183.360001,62536,0.1966,hold,,,0.0,,,0,0.0,137.978394,81192,0.1921,hold,,,0.0,,,0,0.0
2020-08-27,57875438,428,False,False,,321.608429,53623,0.298,hold,,,0.0,,,0,0.0,18.573292,984380,0.3159,hold,,,0.0,,,0,0.0,181.240005,62536,0.1958,hold,,,0.0,,,0,0.0,135.631577,81192,0.1903,hold,,,0.0,,,0,0.0
2020-08-28,58458151,428,False,False,,323.685852,53623,0.2969,hold,,,0.0,,,0,0.0,18.860302,984380,0.3176,hold,,,0.0,,,0,0.0,184.389999,62536,0.1973,hold,,,0.0,,,0,0.0,135.530594,81192,0.1882,hold,,,0.0,,,0,0.0
2020-08-31,58925551,428,False,False,,322.513245,53623,0.2935,hold,,,0.0,,,0,0.0,19.296803,984380,0.3224,hold,,,0.0,,,0,0.0,184.830002,62536,0.1962,hold,,,0.0,,,0,0.0,136.430679,81192,0.188,hold,,,0.0,,,0,0.0
2020-09-01,60215394,428,True,False,,325.550873,53623,0.2899,hold,INCREASE_TO_TARGET,rebalance 2020-09-01,607604.0,,,0,0.0,20.298958,984380,0.3318,hold,REDUCE_TO_TARGET,rebalance 2020-09-01,-1917270.0,,,0,0.0,185.050003,62536,0.1922,hold,INCREASE_TO_TARGET,rebalance 2020-09-01,470792.0,,,0,0.0,137.991135,81192,0.1861,hold,INCREASE_TO_TARGET,rebalance 2020-09-01,839303.0,,,0,0.0
2020-09-02,60997441,407,False,True,monthly,330.259674,55472,0.3003,hold,,,0.0,INCREASE_TO_TARGET,buy,1849,327.462116,20.871784,892743,0.3055,hold,,,0.0,REDUCE_TO_TARGET,sell,91637,20.922437,182.619995,65090,0.1949,hold,,,0.0,INCREASE_TO_TARGET,buy,2554,183.75,139.304855,87269,0.1993,hold,,,0.0,INCREASE_TO_TARGET,buy,6077,137.696387
2020-09-03,57443957,407,False,False,,318.894012,55472,0.3079,hold,,,0.0,,,0,0.0,17.666815,892743,0.2746,hold,,,0.0,,,0,0.0,181.139999,65090,0.2053,hold,,,0.0,,,0,0.0,139.700623,87269,0.2122,hold,,,0.0,,,0,0.0
2020-09-04,56450389,407,False,False,,316.290375,55472,0.3108,hold,,,0.0,,,0,0.0,16.938515,892743,0.2679,hold,,,0.0,,,0,0.0,181.639999,65090,0.2094,hold,,,0.0,,,0,0.0,137.047913,87269,0.2119,hold,,,0.0,,,0,0.0
2020-09-08,53884340,407,False,False,,307.648346,55472,0.3167,hold,,,0.0,,,0,0.0,14.544358,892743,0.241,hold,,,0.0,,,0,0.0,181.289993,65090,0.219,hold,,,0.0,,,0,0.0,137.89003,87269,0.2233,hold,,,0.0,,,0,0.0
2020-09-09,55419225,407,False,False,,313.723541,55472,0.314,hold,,,0.0,,,0,0.0,15.794056,892743,0.2544,hold,,,0.0,,,0,0.0,183.050003,65090,0.215,hold,,,0.0,,,0,0.0,137.519485,87269,0.2166,hold,,,0.0,,,0,0.0
2020-09-10,54323990,407,False,False,,308.276245,55472,0.3148,hold,,,0.0,,,0,0.0,14.880401,892743,0.2445,hold,,,0.0,,,0,0.0,182.460007,65090,0.2186,hold,,,0.0,,,0,0.0,138.218475,87269,0.222,hold,,,0.0,,,0,0.0
2020-09-11,54067377,407,False,False,,308.433167,55472,0.3164,hold,,,0.0,,,0,0.0,14.555119,892743,0.2403,hold,,,0.0,,,0,0.0,182.449997,65090,0.2196,hold,,,0.0,,,0,0.0,138.513275,87269,0.2236,hold,,,0.0,,,0,0.0
2020-09-14,55055117,407,False,False,,312.495636,55472,0.3149,hold,,,0.0,,,0,0.0,15.304937,892743,0.2482,hold,,,0.0,,,0,0.0,183.889999,65090,0.2174,hold,,,0.0,,,0,0.0,138.504822,87269,0.2195,hold,,,0.0,,,0,0.0
2020-09-15,55665441,407,False,False,,314.074402,55472,0.313,hold,,,0.0,,,0,0.0,15.955499,892743,0.2559,hold,,,0.0,,,0,0.0,183.449997,65090,0.2145,hold,,,0.0,,,0,0.0,138.167953,87269,0.2166,hold,,,0.0,,,0,0.0
2020-09-16,54909798,407,False,False,,312.827942,55472,0.316,hold,,,0.0,,,0,0.0,15.18894,892743,0.2469,hold,,,0.0,,,0,0.0,183.970001,65090,0.2181,hold,,,0.0,,,0,0.0,137.755356,87269,0.2189,hold,,,0.0,,,0,0.0
2020-09-17,54103620,407,False,False,,310.076599,55472,0.3179,hold,REDUCE_TO_TARGET,rebalance 2020-09-17,-969483.0,,,0,0.0,14.489347,892743,0.2391,hold,INCREASE_TO_TARGET,rebalance 2020-09-17,3295823.0,,,0,0.0,182.960007,65090,0.2201,hold,REDUCE_TO_TARGET,rebalance 2020-09-17,-1088143.0,,,0,0.0,138.176376,87269,0.2229,hold,REDUCE_TO_TARGET,rebalance 2020-09-17,-1237790.0,,,0,0.0
2020-09-18,53211145,8,False,True,daily,306.506744,52345,0.3015,hold,,,0.0,REDUCE_TO_TARGET,sell,3127,309.949457,13.929671,1116361,0.2922,hold,,,0.0,INCREASE_TO_TARGET,buy,223618,14.692646,183.199997,59129,0.2036,hold,,,0.0,REDUCE_TO_TARGET,sell,5961,182.520797,137.746902,78289,0.2027,hold,,,0.0,REDUCE_TO_TARGET,sell,8980,137.837415
2020-09-21,53053944,8,False,False,,303.095428,52345,0.299,hold,,,0.0,,,0,0.0,14.094703,1116361,0.2966,hold,,,0.0,,,0,0.0,179.520004,59129,0.2001,hold,,,0.0,,,0,0.0,138.445892,78289,0.2043,hold,,,0.0,,,0,0.0
2020-09-22,54015279,8,False,False,,306.182343,52345,0.2967,hold,,,0.0,,,0,0.0,14.864854,1116361,0.3072,hold,,,0.0,,,0,0.0,178.649994,59129,0.1956,hold,,,0.0,,,0,0.0,138.33638,78289,0.2005,hold,,,0.0,,,0,0.0
2020-09-23,51893228,8,False,False,,299.081696,52345,0.3017,hold,,,0.0,,,0,0.0,13.488389,1116361,0.2902,hold,,,0.0,,,0,0.0,174.789993,59129,0.1992,hold,,,0.0,,,0,0.0,138.521622,78289,0.209,hold,,,0.0,,,0,0.0
2020-09-24,52235205,8,False,False,,299.878815,52345,0.3005,hold,,,0.0,,,0,0.0,13.68571,1116361,0.2925,hold,,,0.0,,,0,0.0,175.440002,59129,0.1986,hold,,,0.0,,,0,0.0,139.05217,78289,0.2084,hold,,,0.0,,,0,0.0
2020-09-25,53530120,8,False,False,,304.726959,52345,0.298,hold,,,0.0,,,0,0.0,14.644811,1116361,0.3054,hold,,,0.0,,,0,0.0,174.940002,59129,0.1932,hold,,,0.0,,,0,0.0,139.05217,78289,0.2034,hold,,,0.0,,,0,0.0
2020-09-28,54837376,8,False,False,,309.788239,52345,0.2957,hold,,,0.0,,,0,0.0,15.513025,1116361,0.3158,hold,,,0.0,,,0,0.0,176.699997,59129,0.1905,hold,,,0.0,,,0,0.0,138.656418,78289,0.198,hold,,,0.0,,,0,0.0
2020-09-29,54668130,8,False,False,,308.101196,52345,0.295,hold,,,0.0,,,0,0.0,15.350384,1116361,0.3135,hold,,,0.0,,,0,0.0,178.190002,59129,0.1927,hold,,,0.0,,,0,0.0,138.816406,78289,0.1988,hold,,,0.0,,,0,0.0
2020-09-30,54962072,8,False,False,,310.437256,52345,0.2957,hold,,,0.0,,,0,0.0,15.654137,1116361,0.318,hold,,,0.0,,,0,0.0,177.119995,59129,0.1905,hold,,,0.0,,,0,0.0,137.48584,78289,0.1958,hold,,,0.0,,,0,0.0
2020-10-01,55995943,8,True,False,,312.430206,52345,0.2921,hold,,,0.0,,,0,0.0,16.387213,1116361,0.3267,hold,,,0.0,,,0,0.0,178.699997,59129,0.1887,hold,,,0.0,,,0,0.0,137.712555,78289,0.1925,hold,,,0.0,,,0,0.0
2020-10-02,54282362,8,False,False,,309.463867,52345,0.2984,hold,,,0.0,,,0,0.0,15.035864,1116361,0.3092,hold,,,0.0,,,0,0.0,178.539993,59129,0.1945,hold,,,0.0,,,0,0.0,137.19838,78289,0.1979,hold,,,0.0,,,0,0.0
2020-10-05,55469878,8,False,False,,314.95163,52345,0.2972,hold,,,0.0,,,0,0.0,15.984201,1116361,0.3217,hold,,,0.0,,,0,0.0,179.410004,59129,0.1912,hold,,,0.0,,,0,0.0,134.51767,78289,0.1899,hold,,,0.0,,,0,0.0
2020-10-06,54208945,8,False,False,,310.474213,52345,0.2998,hold,,,0.0,,,0,0.0,15.125557,1116361,0.3115,hold,,,0.0,,,0,0.0,177.300003,59129,0.1934,hold,,,0.0,,,0,0.0,135.24263,78289,0.1953,hold,,,0.0,,,0,0.0
2020-10-07,55297684,8,False,False,,315.878571,52345,0.299,hold,,,0.0,,,0,0.0,15.92082,1116361,0.3214,hold,,,0.0,,,0,0.0,177.220001,59129,0.1895,hold,,,0.0,,,0,0.0,134.256256,78289,0.1901,hold,,,0.0,,,0,0.0
2020-10-08,55799892,8,False,False,,318.67807,52345,0.2989,hold,,,0.0,,,0,0.0,16.155209,1116361,0.3232,hold,,,0.0,,,0,0.0,177.850006,59129,0.1885,hold,,,0.0,,,0,0.0,134.981186,78289,0.1894,hold,,,0.0,,,0,0.0
2020-10-09,56940236,8,False,False,,321.523865,52345,0.2956,hold,,,0.0,,,0,0.0,16.873943,1116361,0.3308,hold,,,0.0,,,0,0.0,181.080002,59129,0.188,hold,,,0.0,,,0,0.0,134.955994,78289,0.1856,hold,,,0.0,,,0,0.0
2020-10-12,58970814,8,False,False,,326.69635,52345,0.29,hold,,,0.0,,,0,0.0,18.447727,1116361,0.3492,hold,,,0.0,,,0,0.0,180.559998,59129,0.181,hold,,,0.0,,,0,0.0,135.385941,78289,0.1797,hold,,,0.0,,,0,0.0
2020-10-13,58769858,8,False,False,,324.564453,52345,0.2891,hold,,,0.0,,,0,0.0,18.450117,1116361,0.3505,hold,,,0.0,,,0,0.0,177.720001,59129,0.1788,hold,,,0.0,,,0,0.0,136.355377,78289,0.1816,hold,,,0.0,,,0,0.0
2020-10-14,58211394,8,False,False,,322.525024,52345,0.29,hold,,,0.0,,,0,0.0,17.994488,1116361,0.3451,hold,,,0.0,,,0,0.0,178.270004,59129,0.1811,hold,,,0.0,,,0,0.0,136.667236,78289,0.1838,hold,,,0.0,,,0,0.0
2020-10-15,57795285,8,False,False,,322.126404,52345,0.2917,hold,,,0.0,,,0,0.0,17.622566,1116361,0.3404,hold,,,0.0,,,0,0.0,178.919998,59129,0.183,hold,,,0.0,,,0,0.0,136.431229,78289,0.1848,hold,,,0.0,,,0,0.0
2020-10-16,57417020,8,False,False,,321.931793,52345,0.2935,hold,,,0.0,,,0,0.0,17.352293,1116361,0.3374,hold,,,0.0,,,0,0.0,178.300003,59129,0.1836,hold,,,0.0,,,0,0.0,136.05191,78289,0.1855,hold,,,0.0,,,0,0.0
2020-10-19,56163315,8,False,False,,317.037262,52345,0.2955,hold,,,0.0,,,0,0.0,16.490061,1116361,0.3278,hold,,,0.0,,,0,0.0,178.389999,59129,0.1878,hold,,,0.0,,,0,0.0,135.537659,78289,0.1889,hold,,,0.0,,,0,0.0
2020-10-20,56298483,8,False,False,,318.307159,52345,0.296,hold,,,0.0,,,0,0.0,16.596497,1116361,0.3291,hold,,,0.0,,,0,0.0,179.25,59129,0.1883,hold,,,0.0,,,0,0.0,134.247864,78289,0.1867,hold,,,0.0,,,0,0.0
2020-10-21,56262404,8,False,False,,317.704681,52345,0.2956,hold,,,0.0,,,0,0.0,16.553442,1116361,0.3285,hold,,,0.0,,,0,0.0,180.600006,59129,0.1898,hold,,,0.0,,,0,0.0,133.78418,78289,0.1862,hold,,,0.0,,,0,0.0
2020-10-22,56149424,8,False,False,,319.447479,52345,0.2978,hold,,,0.0,,,0,0.0,16.561813,1116361,0.3293,hold,,,0.0,,,0,0.0,178.830002,59129,0.1883,hold,,,0.0,,,0,0.0,132.393265,78289,0.1846,hold,,,0.0,,,0,0.0
2020-10-23,56366464,8,False,False,,320.532043,52345,0.2977,hold,,,0.0,,,0,0.0,16.658684,1116361,0.3299,hold,,,0.0,,,0,0.0,178.639999,59129,0.1874,hold,,,0.0,,,0,0.0,133.202576,78289,0.185,hold,,,0.0,,,0,0.0
2020-10-26,55300344,8,False,False,,314.608582,52345,0.2978,hold,,,0.0,,,0,0.0,15.899295,1116361,0.321,hold,,,0.0,,,0,0.0,178.550003,59129,0.1909,hold,,,0.0,,,0,0.0,134.441788,78289,0.1903,hold,,,0.0,,,0,0.0
2020-10-27,55761178,8,False,False,,313.524078,52345,0.2943,hold,,,0.0,,,0,0.0,16.274801,1116361,0.3258,hold,,,0.0,,,0,0.0,179.020004,59129,0.1898,hold,,,0.0,,,0,0.0,135.343719,78289,0.19,hold,,,0.0,,,0,0.0
2020-10-28,52907211,8,False,False,,302.808044,52345,0.2996,hold,,,0.0,,,0,0.0,14.364972,1116361,0.3031,hold,,,0.0,,,0,0.0,176.130005,59129,0.1968,hold,,,0.0,,,0,0.0,135.470245,78289,0.2005,hold,,,0.0,,,0,0.0
2020-10-29,53737891,8,False,False,,305.885681,52345,0.298,hold,,,0.0,,,0,0.0,15.095657,1116361,0.3136,hold,,,0.0,,,0,0.0,175.399994,59129,0.193,hold,,,0.0,,,0,0.0,134.15509,78289,0.1954,hold,,,0.0,,,0,0.0
2020-10-30,52342497,8,False,False,,302.696838,52345,0.3027,hold,,,0.0,,,0,0.0,14.045672,1116361,0.2996,hold,,,0.0,,,0,0.0,176.199997,59129,0.199,hold,,,0.0,,,0,0.0,132.831589,78289,0.1987,hold,,,0.0,,,0,0.0
2020-11-02,52704442,8,True,False,,306.0896,52345,0.304,hold,,,0.0,,,0,0.0,14.050456,1116361,0.2976,hold,,,0.0,,,0,0.0,177.910004,59129,0.1996,hold,,,0.0,,,0,0.0,133.826614,78289,0.1988,hold,,,0.0,,,0,0.0
2020-11-03,53775272,8,False,False,,311.493958,52345,0.3032,hold,,,0.0,,,0,0.0,14.757223,1116361,0.3064,hold,,,0.0,,,0,0.0,178.919998,59129,0.1967,hold,,,0.0,,,0,0.0,133.050156,78289,0.1937,hold,,,0.0,,,0,0.0
2020-11-04,56586568,8,False,False,,318.455536,52345,0.2946,hold,,,0.0,,,0,0.0,16.751959,1116361,0.3305,hold,,,0.0,,,0,0.0,178.820007,59129,0.1869,hold,,,0.0,,,0,0.0,135.936371,78289,0.1881,hold,,,0.0,,,0,0.0
2020-11-05,58616367,8,False,False,,324.666321,52345,0.2899,hold,,,0.0,,,0,0.0,18.044714,1116361,0.3437,hold,,,0.0,,,0,0.0,182.929993,59129,0.1845,hold,,,0.0,,,0,0.0,136.172607,78289,0.1819,hold,,,0.0,,,0,0.0
2020-11-06,58567108,8,False,False,,324.592163,52345,0.2901,hold,,,0.0,,,0,0.0,18.105698,1116361,0.3451,hold,,,0.0,,,0,0.0,183.190002,59129,0.1849,hold,,,0.0,,,0,0.0,134.527023,78289,0.1798,hold,,,0.0,,,0,0.0
2020-11-09,56846177,8,False,False,,328.670898,52345,0.3026,hold,,,0.0,,,0,0.0,17.000706,1116361,0.3339,hold,,,0.0,,,0,0.0,175.080002,59129,0.1821,hold,,,0.0,,,0,0.0,131.699982,78289,0.1814,hold,,,0.0,,,0,0.0
2020-11-10,55771800,8,False,False,,328.188904,52345,0.308,hold,,,0.0,,,0,0.0,16.08346,1116361,0.3219,hold,,,0.0,,,0,0.0,175.660004,59129,0.1862,hold,,,0.0,,,0,0.0,130.94043,78289,0.1838,hold,,,0.0,,,0,0.0
2020-11-11,57098350,8,False,False,,330.626831,52345,0.3031,hold,,,0.0,,,0,0.0,17.164541,1116361,0.3356,hold,,,0.0,,,0,0.0,174.899994,59129,0.1811,hold,,,0.0,,,0,0.0,131.413025,78289,0.1802,hold,,,0.0,,,0,0.0
2020-11-12,56887858,8,False,False,,327.419495,52345,0.3013,hold,,,0.0,,,0,0.0,16.913401,1116361,0.3319,hold,,,0.0,,,0,0.0,175.960007,59129,0.1829,hold,,,0.0,,,0,0.0,133.649368,78289,0.1839,hold,,,0.0,,,0,0.0
2020-11-13,57677521,8,False,False,,331.952515,52345,0.3013,hold,,,0.0,,,0,0.0,17.357079,1116361,0.336,hold,,,0.0,,,0,0.0,177.160004,59129,0.1816,hold,,,0.0,,,0,0.0,133.472107,78289,0.1812,hold,,,0.0,,,0,0.0
2020-11-16,58314619,8,False,False,,336.096069,52345,0.3017,hold,,,0.0,,,0,0.0,17.756502,1116361,0.3399,hold,,,0.0,,,0,0.0,177.149994,59129,0.1796,hold,,,0.0,,,0,0.0,133.151443,78289,0.1788,hold,,,0.0,,,0,0.0
2020-11-17,58066727,8,False,False,,334.288513,52345,0.3013,hold,,,0.0,,,0,0.0,17.592669,1116361,0.3382,hold,,,0.0,,,0,0.0,176.5,59129,0.1797,hold,,,0.0,,,0,0.0,134.020721,78289,0.1807,hold,,,0.0,,,0,0.0
2020-11-18,57371552,8,False,False,,330.265381,52345,0.3013,hold,,,0.0,,,0,0.0,17.184868,1116361,0.3344,hold,,,0.0,,,0,0.0,175.490005,59129,0.1809,hold,,,0.0,,,0,0.0,134.40889,78289,0.1834,hold,,,0.0,,,0,0.0
2020-11-19,57954278,8,False,False,,331.655853,52345,0.2996,hold,,,0.0,,,0,0.0,17.610607,1116361,0.3392,hold,,,0.0,,,0,0.0,175.160004,59129,0.1787,hold,,,0.0,,,0,0.0,135.100891,78289,0.1825,hold,,,0.0,,,0,0.0
2020-11-20,57561372,8,False,False,,329.384644,52345,0.2995,hold,,,0.0,,,0,0.0,17.253036,1116361,0.3346,hold,,,0.0,,,0,0.0,175.690002,59129,0.1805,hold,,,0.0,,,0,0.0,136.299271,78289,0.1854,hold,,,0.0,,,0,0.0
2020-11-23,57415256,8,False,False,,331.359161,52345,0.3021,hold,,,0.0,,,0,0.0,17.256624,1116361,0.3355,hold,,,0.0,,,0,0.0,172.229996,59129,0.1774,hold,,,0.0,,,0,0.0,135.674774,78289,0.185,hold,,,0.0,,,0,0.0
2020-11-24,58220610,8,False,False,,336.698578,52345,0.3027,hold,,,0.0,,,0,0.0,17.962198,1116361,0.3444,hold,,,0.0,,,0,0.0,169.589996,59129,0.1722,hold,,,0.0,,,0,0.0,134.324493,78289,0.1806,hold,,,0.0,,,0,0.0
2020-11-25,58534148,8,False,False,,336.179504,52345,0.3006,hold,,,0.0,,,0,0.0,18.300631,1116361,0.349,hold,,,0.0,,,0,0.0,169.509995,59129,0.1712,hold,,,0.0,,,0,0.0,133.91098,78289,0.1791,hold,,,0.0,,,0,0.0
2020-11-27,59141245,8,False,False,,337.115784,52345,0.2984,hold,,,0.0,,,0,0.0,18.800508,1116361,0.3549,hold,,,0.0,,,0,0.0,167.789993,59129,0.1678,hold,,,0.0,,,0,0.0,135.210602,78289,0.179,hold,,,0.0,,,0,0.0
2020-11-30,59091835,8,False,False,,335.623322,52345,0.2973,hold,,,0.0,,,0,0.0,18.897383,1116361,0.357,hold,,,0.0,,,0,0.0,166.669998,59129,0.1668,hold,,,0.0,,,0,0.0,135.041855,78289,0.1789,hold,,,0.0,,,0,0.0
2020-12-01,60164693,8,True,False,,339.294159,52345,0.2952,hold,INCREASE_TO_TARGET,rebalance 2020-12-01,289055.0,,,0,0.0,19.64002,1116361,0.3644,hold,REDUCE_TO_TARGET,rebalance 2020-12-01,-3875944.0,,,0,0.0,170.179993,59129,0.1673,hold,INCREASE_TO_TARGET,rebalance 2020-12-01,1970366.0,,,0,0.0,133.050705,78289,0.1731,hold,INCREASE_TO_TARGET,rebalance 2020-12-01,1616532.0,,,0,0.0
2020-12-02,60201036,112,False,True,monthly,340.007874,53197,0.3004,hold,,,0.0,INCREASE_TO_TARGET,buy,852,338.181717,19.718952,915953,0.3,hold,,,0.0,REDUCE_TO_TARGET,sell,200408,19.340261,171.460007,70646,0.2012,hold,,,0.0,INCREASE_TO_TARGET,buy,11517,170.570007,131.994781,90450,0.1983,hold,,,0.0,INCREASE_TO_TARGET,buy,12161,132.526989
2020-12-03,60461147,112,False,False,,339.915222,53197,0.2991,hold,,,0.0,,,0,0.0,19.79908,915953,0.2999,hold,,,0.0,,,0,0.0,172.809998,70646,0.2019,hold,,,0.0,,,0,0.0,133.059174,90450,0.1991,hold,,,0.0,,,0,0.0
2020-12-04,60628210,112,False,False,,342.844482,53197,0.3008,hold,,,0.0,,,0,0.0,20.04184,915953,0.3028,hold,,,0.0,,,0,0.0,172.320007,70646,0.2008,hold,,,0.0,,,0,0.0,131.107758,90450,0.1956,hold,,,0.0,,,0,0.0
2020-12-07,61190357,112,False,False,,342.139984,53197,0.2974,hold,,,0.0,,,0,0.0,20.381474,915953,0.3051,hold,,,0.0,,,0,0.0,174.889999,70646,0.2019,hold,,,0.0,,,0,0.0,132.290466,90450,0.1955,hold,,,0.0,,,0,0.0
2020-12-08,61514120,112,False,False,,343.141113,53197,0.2967,hold,,,0.0,,,0,0.0,20.568029,915953,0.3063,hold,,,0.0,,,0,0.0,175.5,70646,0.2016,hold,,,0.0,,,0,0.0,132.915527,90450,0.1954,hold,,,0.0,,,0,0.0
2020-12-09,59836859,112,False,False,,340.063477,53197,0.3023,hold,,,0.0,,,0,0.0,19.190374,915953,0.2938,hold,,,0.0,,,0,0.0,172.5,70646,0.2037,hold,,,0.0,,,0,0.0,132.476227,90450,0.2003,hold,,,0.0,,,0,0.0
2020-12-10,60129631,112,False,False,,339.95224,53197,0.3008,hold,,,0.0,,,0,0.0,19.425961,915953,0.2959,hold,,,0.0,,,0,0.0,172.169998,70646,0.2023,hold,,,0.0,,,0,0.0,133.650528,90450,0.201,hold,,,0.0,,,0,0.0
2020-12-11,60048943,112,False,False,,339.55365,53197,0.3008,hold,,,0.0,,,0,0.0,19.289629,915953,0.2942,hold,,,0.0,,,0,0.0,172.490005,70646,0.2029,hold,,,0.0,,,0,0.0,134.12352,90450,0.202,hold,,,0.0,,,0,0.0
2020-12-14,60244148,112,False,False,,338.033386,53197,0.2985,hold,,,0.0,,,0,0.0,19.701015,915953,0.2995,hold,,,0.0,,,0,0.0,171.539993,70646,0.2012,hold,,,0.0,,,0,0.0,133.751862,90450,0.2008,hold,,,0.0,,,0,0.0
2020-12-15,61177151,112,False,False,,342.603516,53197,0.2979,hold,,,0.0,,,0,0.0,20.313307,915953,0.3041,hold,,,0.0,,,0,0.0,173.940002,70646,0.2009,hold,,,0.0,,,0,0.0,133.304138,90450,0.1971,hold,,,0.0,,,0,0.0
2020-12-16,61553661,112,False,False,,343.141113,53197,0.2966,hold,,,0.0,,,0,0.0,20.654133,915953,0.3073,hold,,,0.0,,,0,0.0,174.899994,70646,0.2007,hold,,,0.0,,,0,0.0,132.949371,90450,0.1954,hold,,,0.0,,,0,0.0
2020-12-17,62141668,112,False,False,,345.059967,53197,0.2954,hold,,,0.0,,,0,0.0,21.077477,915953,0.3107,hold,,,0.0,,,0,0.0,176.740005,70646,0.2009,hold,,,0.0,,,0,0.0,132.597549,90450,0.193,hold,,,0.0,,,0,0.0
2020-12-18,61800924,112,False,False,,343.68219,53197,0.2958,hold,,,0.0,,,0,0.0,20.847868,915953,0.309,hold,,,0.0,,,0,0.0,176.440002,70646,0.2017,hold,,,0.0,,,0,0.0,132.200134,90450,0.1935,hold,,,0.0,,,0,0.0
2020-12-21,61672214,112,False,False,,342.4534,53197,0.2954,hold,,,0.0,,,0,0.0,20.770134,915953,0.3085,hold,,,0.0,,,0,0.0,175.880005,70646,0.2015,hold,,,0.0,,,0,0.0,132.724411,90450,0.1947,hold,,,0.0,,,0,0.0
2020-12-22,61755328,112,False,False,,341.87619,53197,0.2945,hold,,,0.0,,,0,0.0,20.933969,915953,0.3105,hold,,,0.0,,,0,0.0,174.490005,70646,0.1996,hold,,,0.0,,,0,0.0,133.409348,90450,0.1954,hold,,,0.0,,,0,0.0
2020-12-23,61481068,112,False,False,,342.183411,53197,0.2961,hold,,,0.0,,,0,0.0,20.618261,915953,0.3072,hold,,,0.0,,,0,0.0,175.649994,70646,0.2018,hold,,,0.0,,,0,0.0,132.487534,90450,0.1949,hold,,,0.0,,,0,0.0
2020-12-24,61894122,112,False,False,,343.514618,53197,0.2952,hold,,,0.0,,,0,0.0,20.886137,915953,0.3091,hold,,,0.0,,,0,0.0,176.350006,70646,0.2013,hold,,,0.0,,,0,0.0,133.011826,90450,0.1944,hold,,,0.0,,,0,0.0
2020-12-28,62585235,112,False,False,,346.465698,53197,0.2945,hold,,,0.0,,,0,0.0,21.512779,915953,0.3148,hold,,,0.0,,,0,0.0,175.710007,70646,0.1983,hold,,,0.0,,,0,0.0,133.071121,90450,0.1923,hold,,,0.0,,,0,0.0
2020-12-29,62638038,112,False,False,,345.804688,53197,0.2937,hold,,,0.0,,,0,0.0,21.576157,915953,0.3155,hold,,,0.0,,,0,0.0,176.350006,70646,0.1989,hold,,,0.0,,,0,0.0,132.901993,90450,0.1919,hold,,,0.0,,,0,0.0
2020-12-30,62782376,112,False,False,,346.298065,53197,0.2934,hold,,,0.0,,,0,0.0,21.572573,915953,0.3147,hold,,,0.0,,,0,0.0,177.699997,70646,0.2,hold,,,0.0,,,0,0.0,133.189484,90450,0.1919,hold,,,0.0,,,0,0.0
2020-12-31,63094649,112,False,False,,348.057556,53197,0.2935,hold,,,0.0,,,0,0.0,21.741198,915953,0.3156,hold,,,0.0,,,0,0.0,178.360001,70646,0.1997,hold,,,0.0,,,0,0.0,133.384003,90450,0.1912,hold,,,0.0,,,0,0.0
2021-01-04,62237678,112,True,False,,343.319092,53197,0.2934,hold,,,0.0,,,0,0.0,20.790464,915953,0.306,hold,,,0.0,,,0,0.0,182.330002,70646,0.207,hold,,,0.0,,,0,0.0,133.223297,90450,0.1936,hold,,,0.0,,,0,0.0
2021-01-05,62789717,112,False,False,,345.683746,53197,0.2929,hold,,,0.0,,,0,0.0,21.311871,915953,0.3109,hold,,,0.0,,,0,0.0,182.869995,70646,0.2058,hold,,,0.0,,,0,0.0,132.233948,90450,0.1905,hold,,,0.0,,,0,0.0
2021-01-06,61637009,112,False,False,,347.750397,53197,0.3001,hold,,,0.0,,,0,0.0,20.4305,915953,0.3036,hold,,,0.0,,,0,0.0,179.899994,70646,0.2062,hold,,,0.0,,,0,0.0,129.519363,90450,0.1901,hold,,,0.0,,,0,0.0
2021-01-07,63130626,112,False,False,,352.916931,53197,0.2974,hold,,,0.0,,,0,0.0,21.906225,915953,0.3178,hold,,,0.0,,,0,0.0,179.479996,70646,0.2008,hold,,,0.0,,,0,0.0,128.377838,90450,0.1839,hold,,,0.0,,,0,0.0
2021-01-08,63544070,112,False,False,,354.927917,53197,0.2971,hold,,,0.0,,,0,0.0,22.755301,915953,0.328,hold,,,0.0,,,0,0.0,173.339996,70646,0.1927,hold,,,0.0,,,0,0.0,127.963448,90450,0.1821,hold,,,0.0,,,0,0.0
2021-01-11,62452442,112,False,False,,352.5354,53197,0.3003,hold,,,0.0,,,0,0.0,21.749565,915953,0.319,hold,,,0.0,,,0,0.0,173.0,70646,0.1957,hold,,,0.0,,,0,0.0,127.751976,90450,0.185,hold,,,0.0,,,0,0.0
2021-01-12,62439804,112,False,False,,352.609833,53197,0.3004,hold,,,0.0,,,0,0.0,21.65509,915953,0.3177,hold,,,0.0,,,0,0.0,174.119995,70646,0.197,hold,,,0.0,,,0,0.0,127.650421,90450,0.1849,hold,,,0.0,,,0,0.0
2021-01-13,62952944,112,False,False,,353.559387,53197,0.2988,hold,,,0.0,,,0,0.0,22.076044,915953,0.3212,hold,,,0.0,,,0,0.0,173.369995,70646,0.1946,hold,,,0.0,,,0,0.0,129.088089,90450,0.1855,hold,,,0.0,,,0,0.0
2021-01-14,62463542,112,False,False,,352.321228,53197,0.3001,hold,,,0.0,,,0,0.0,21.739996,915953,0.3188,hold,,,0.0,,,0,0.0,173.279999,70646,0.196,hold,,,0.0,,,0,0.0,127.878876,90450,0.1852,hold,,,0.0,,,0,0.0
2021-01-15,61736706,112,False,False,,349.751892,53197,0.3014,hold,,,0.0,,,0,0.0,21.211412,915953,0.3147,hold,,,0.0,,,0,0.0,171.130005,70646,0.1958,hold,,,0.0,,,0,0.0,128.386246,90450,0.1881,hold,,,0.0,,,0,0.0
2021-01-19,62865059,112,False,False,,352.498138,53197,0.2983,hold,,,0.0,,,0,0.0,22.131054,915953,0.3225,hold,,,0.0,,,0,0.0,172.580002,70646,0.1939,hold,,,0.0,,,0,0.0,128.800568,90450,0.1853,hold,,,0.0,,,0,0.0
2021-01-20,64747583,112,False,False,,357.376312,53197,0.2936,hold,,,0.0,,,0,0.0,23.673742,915953,0.3349,hold,,,0.0,,,0,0.0,175.389999,70646,0.1914,hold,,,0.0,,,0,0.0,128.927429,90450,0.1801,hold,,,0.0,,,0,0.0
2021-01-21,65214220,112,False,False,,357.702026,53197,0.2918,hold,,,0.0,,,0,0.0,24.262119,915953,0.3408,hold,,,0.0,,,0,0.0,175.279999,70646,0.1899,hold,,,0.0,,,0,0.0,128.022568,90450,0.1776,hold,,,0.0,,,0,0.0
2021-01-22,64885316,112,False,False,,356.436035,53197,0.2922,hold,,,0.0,,,0,0.0,24.042076,915953,0.3394,hold,,,0.0,,,0,0.0,173.899994,70646,0.1893,hold,,,0.0,,,0,0.0,128.436981,90450,0.179,hold,,,0.0,,,0,0.0
2021-01-25,65718827,112,False,False,,357.841736,53197,0.2897,hold,,,0.0,,,0,0.0,24.709381,915953,0.3444,hold,,,0.0,,,0,0.0,174.050003,70646,0.1871,hold,,,0.0,,,0,0.0,129.950684,90450,0.1789,hold,,,0.0,,,0,0.0
2021-01-26,65660648,112,False,False,,357.283203,53197,0.2895,hold,,,0.0,,,0,0.0,24.735689,915953,0.3451,hold,,,0.0,,,0,0.0,173.619995,70646,0.1868,hold,,,0.0,,,0,0.0,129.705414,90450,0.1787,hold,,,0.0,,,0,0.0
2021-01-27,63321157,112,False,False,,348.550964,53197,0.2928,hold,,,0.0,,,0,0.0,22.740953,915953,0.329,hold,,,0.0,,,0,0.0,172.520004,70646,0.1925,hold,,,0.0,,,0,0.0,130.035233,90450,0.1857,hold,,,0.0,,,0,0.0
2021-01-28,63733615,112,False,False,,351.548553,53197,0.2934,hold,,,0.0,,,0,0.0,23.075804,915953,0.3316,hold,,,0.0,,,0,0.0,172.679993,70646,0.1914,hold,,,0.0,,,0,0.0,129.316437,90450,0.1835,hold,,,0.0,,,0,0.0
2021-01-29,61967266,112,False,False,,344.510681,53197,0.2958,hold,,,0.0,,,0,0.0,21.63835,915953,0.3198,hold,,,0.0,,,0,0.0,172.610001,70646,0.1968,hold,,,0.0,,,0,0.0,128.538437,90450,0.1876,hold,,,0.0,,,0,0.0
2021-02-01,63857095,112,True,False,,350.245239,53197,0.2918,hold,INCREASE_TO_TARGET,rebalance 2021-02-01,525133.0,,,0,0.0,23.228876,915953,0.3332,hold,REDUCE_TO_TARGET,rebalance 2021-02-01,-2119430.0,,,0,0.0,174.229996,70646,0.1928,hold,INCREASE_TO_TARGET,rebalance 2021-02-01,462767.0,,,0,0.0,128.687408,90450,0.1823,hold,INCREASE_TO_TARGET,rebalance 2021-02-01,1131643.0,,,0,0.0
2021-02-02,64875310,348,False,True,monthly,355.197845,54678,0.2994,hold,,,0.0,INCREASE_TO_TARGET,buy,1481,353.429077,24.353008,826976,0.3104,hold,,,0.0,REDUCE_TO_TARGET,sell,88977,23.819722,172.110001,73320,0.1945,hold,,,0.0,INCREASE_TO_TARGET,buy,2674,172.490005,127.85775,99290,0.1957,hold,,,0.0,INCREASE_TO_TARGET,buy,8840,127.620695
2021-02-03,64527451,348,False,False,,355.477081,54678,0.3012,hold,,,0.0,,,0,0.0,24.073172,826976,0.3085,hold,,,0.0,,,0,0.0,171.850006,73320,0.1953,hold,,,0.0,,,0,0.0,126.723236,99290,0.195,hold,,,0.0,,,0,0.0
2021-02-04,65147607,348,False,False,,359.517365,54678,0.3017,hold,,,0.0,,,0,0.0,24.924643,826976,0.3164,hold,,,0.0,,,0,0.0,168.149994,73320,0.1892,hold,,,0.0,,,0,0.0,126.384628,99290,0.1926,hold,,,0.0,,,0,0.0
2021-02-05,65457209,348,False,False,,360.932495,54678,0.3015,hold,,,0.0,,,0,0.0,25.185343,826976,0.3182,hold,,,0.0,,,0,0.0,169.809998,73320,0.1902,hold,,,0.0,,,0,0.0,125.326332,99290,0.1901,hold,,,0.0,,,0,0.0
2021-02-08,66187198,348,False,False,,363.539032,54678,0.3003,hold,,,0.0,,,0,0.0,25.678045,826976,0.3208,hold,,,0.0,,,0,0.0,171.520004,73320,0.19,hold,,,0.0,,,0,0.0,125.876617,99290,0.1888,hold,,,0.0,,,0,0.0
2021-02-09,66214381,348,False,False,,363.296967,54678,0.3,hold,,,0.0,,,0,0.0,25.666086,826976,0.3206,hold,,,0.0,,,0,0.0,172.080002,73320,0.1905,hold,,,0.0,,,0,0.0,125.96978,99290,0.1889,hold,,,0.0,,,0,0.0
2021-02-10,66184808,348,False,False,,363.138702,54678,0.3,hold,,,0.0,,,0,0.0,25.48431,826976,0.3184,hold,,,0.0,,,0,0.0,172.710007,73320,0.1913,hold,,,0.0,,,0,0.0,126.807854,99290,0.1902,hold,,,0.0,,,0,0.0
2021-02-11,66378182,348,False,False,,363.725189,54678,0.2996,hold,,,0.0,,,0,0.0,25.895699,826976,0.3226,hold,,,0.0,,,0,0.0,171.210007,73320,0.1891,hold,,,0.0,,,0,0.0,126.113701,99290,0.1886,hold,,,0.0,,,0,0.0
2021-02-12,66646726,348,False,False,,365.521912,54678,0.2999,hold,,,0.0,,,0,0.0,26.335787,826976,0.3268,hold,,,0.0,,,0,0.0,170.690002,73320,0.1878,hold,,,0.0,,,0,0.0,124.547455,99290,0.1856,hold,,,0.0,,,0,0.0
2021-02-16,66079513,348,False,False,,365.205383,54678,0.3022,hold,,,0.0,,,0,0.0,26.115742,826976,0.3268,hold,,,0.0,,,0,0.0,168.240005,73320,0.1867,hold,,,0.0,,,0,0.0,122.650986,99290,0.1843,hold,,,0.0,,,0,0.0
2021-02-17,65720740,348,False,False,,365.289154,54678,0.3039,hold,,,0.0,,,0,0.0,25.752192,826976,0.324,hold,,,0.0,,,0,0.0,166.330002,73320,0.1856,hold,,,0.0,,,0,0.0,123.429871,99290,0.1865,hold,,,0.0,,,0,0.0
2021-02-18,65298610,348,False,False,,363.734558,54678,0.3046,hold,,,0.0,,,0,0.0,25.405388,826976,0.3217,hold,,,0.0,,,0,0.0,166.320007,73320,0.1868,hold,,,0.0,,,0,0.0,122.930359,99290,0.1869,hold,,,0.0,,,0,0.0
2021-02-19,64874925,348,False,False,,363.092194,54678,0.306,hold,,,0.0,,,0,0.0,25.070538,826976,0.3196,hold,,,0.0,,,0,0.0,167.009995,73320,0.1888,hold,,,0.0,,,0,0.0,121.296364,99290,0.1856,hold,,,0.0,,,0,0.0
2021-02-22,63207810,348,False,False,,360.299408,54678,0.3117,hold,,,0.0,,,0,0.0,23.128418,826976,0.3026,hold,,,0.0,,,0,0.0,169.509995,73320,0.1966,hold,,,0.0,,,0,0.0,120.373573,99290,0.1891,hold,,,0.0,,,0,0.0
2021-02-23,62998563,348,False,False,,360.736877,54678,0.3131,hold,,,0.0,,,0,0.0,22.922726,826976,0.3009,hold,,,0.0,,,0,0.0,169.119995,73320,0.1968,hold,,,0.0,,,0,0.0,120.026405,99290,0.1892,hold,,,0.0,,,0,0.0
2021-02-24,63585844,348,False,False,,364.711914,54678,0.3136,hold,,,0.0,,,0,0.0,23.475229,826976,0.3053,hold,,,0.0,,,0,0.0,169.0,73320,0.1949,hold,,,0.0,,,0,0.0,119.239075,99290,0.1862,hold,,,0.0,,,0,0.0
2021-02-25,60651455,348,False,False,,355.923981,54678,0.3209,hold,,,0.0,,,0,0.0,21.023666,826976,0.2867,hold,,,0.0,,,0,0.0,165.820007,73320,0.2005,hold,,,0.0,,,0,0.0,117.291832,99290,0.192,hold,,,0.0,,,0,0.0
2021-02-26,60903251,348,False,False,,354.090057,54678,0.3179,hold,,,0.0,,,0,0.0,21.339375,826976,0.2898,hold,,,0.0,,,0,0.0,161.809998,73320,0.1948,hold,,,0.0,,,0,0.0,121.169373,99290,0.1975,hold,,,0.0,,,0,0.0
2021-03-01,62731969,348,True,False,,362.673279,54678,0.3161,hold,,,0.0,,,0,0.0,23.200174,826976,0.3058,hold,,,0.0,,,0,0.0,161.529999,73320,0.1888,hold,,,0.0,,,0,0.0,119.568993,99290,0.1892,hold,,,0.0,,,0,0.0
2021-03-02,61722854,348,False,False,,359.84317,54678,0.3188,hold,,,0.0,,,0,0.0,22.088003,826976,0.2959,hold,,,0.0,,,0,0.0,162.410004,73320,0.1929,hold,,,0.0,,,0,0.0,119.577522,99290,0.1924,hold,,,0.0,,,0,0.0
2021-03-03,59617899,348,False,False,,355.076935,54678,0.3257,hold,,,0.0,,,0,0.0,20.17219,826976,0.2798,hold,,,0.0,,,0,0.0,160.619995,73320,0.1975,hold,,,0.0,,,0,0.0,118.280586,99290,0.197,hold,,,0.0,,,0,0.0
2021-03-04,58361245,348,False,False,,350.682709,54678,0.3286,hold,,,0.0,,,0,0.0,19.174826,826976,0.2717,hold,,,0.0,,,0,0.0,159.039993,73320,0.1998,hold,,,0.0,,,0,0.0,117.517731,99290,0.1999,hold,,,0.0,,,0,0.0
2021-03-05,59454133,348,False,False,,357.134216,54678,0.3284,hold,,,0.0,,,0,0.0,20.033466,826976,0.2787,hold,,,0.0,,,0,0.0,159.139999,73320,0.1963,hold,,,0.0,,,0,0.0,117.746605,99290,0.1966,hold,,,0.0,,,0,0.0
2021-03-08,57728829,348,False,False,,355.356079,54678,0.3366,hold,,,0.0,,,0,0.0,18.320961,826976,0.2625,hold,,,0.0,,,0,0.0,157.490005,73320,0.2,hold,,,0.0,,,0,0.0,116.831093,99290,0.2009,hold,,,0.0,,,0,0.0
2021-03-09,60196717,348,False,False,,360.429657,54678,0.3274,hold,,,0.0,,,0,0.0,20.478336,826976,0.2813,hold,,,0.0,,,0,0.0,160.839996,73320,0.1959,hold,,,0.0,,,0,0.0,118.45015,99290,0.1954,hold,,,0.0,,,0,0.0
2021-03-10,60258686,348,False,False,,362.673279,54678,0.3291,hold,,,0.0,,,0,0.0,20.303736,826976,0.2786,hold,,,0.0,,,0,0.0,161.660004,73320,0.1967,hold,,,0.0,,,0,0.0,118.687431,99290,0.1956,hold,,,0.0,,,0,0.0
2021-03-11,61529487,348,False,False,,366.350433,54678,0.3256,hold,,,0.0,,,0,0.0,21.712494,826976,0.2918,hold,,,0.0,,,0,0.0,161.520004,73320,0.1925,hold,,,0.0,,,0,0.0,117.831322,99290,0.1901,hold,,,0.0,,,0,0.0
2021-03-12,60858973,348,False,False,,366.843811,54678,0.3296,hold,,,0.0,,,0,0.0,21.171953,826976,0.2877,hold,,,0.0,,,0,0.0,161.490005,73320,0.1946,hold,,,0.0,,,0,0.0,115.330803,99290,0.1882,hold,,,0.0,,,0,0.0
2021-03-15,61657728,348,False,False,,369.031433,54678,0.3273,hold,,,0.0,,,0,0.0,21.848822,826976,0.293,hold,,,0.0,,,0,0.0,162.199997,73320,0.1929,hold,,,0.0,,,0,0.0,116.008904,99290,0.1868,hold,,,0.0,,,0,0.0
2021-03-16,61893684,348,False,False,,368.56604,54678,0.3256,hold,,,0.0,,,0,0.0,22.207588,826976,0.2967,hold,,,0.0,,,0,0.0,162.350006,73320,0.1923,hold,,,0.0,,,0,0.0,115.542732,99290,0.1854,hold,,,0.0,,,0,0.0
2021-03-17,62193019,348,False,False,,369.822815,54678,0.3251,hold,,,0.0,,,0,0.0,22.487425,826976,0.299,hold,,,0.0,,,0,0.0,163.509995,73320,0.1928,hold,,,0.0,,,0,0.0,114.678078,99290,0.1831,hold,,,0.0,,,0,0.0
2021-03-18,60006896,348,False,False,,364.442017,54678,0.3321,hold,,,0.0,,,0,0.0,20.423326,826976,0.2815,hold,,,0.0,,,0,0.0,162.559998,73320,0.1986,hold,,,0.0,,,0,0.0,113.516853,99290,0.1878,hold,,,0.0,,,0,0.0
2021-03-19,60305336,348,False,False,,363.767761,54678,0.3298,hold,,,0.0,,,0,0.0,20.684029,826976,0.2836,hold,,,0.0,,,0,0.0,163.240005,73320,0.1985,hold,,,0.0,,,0,0.0,114.220383,99290,0.1881,hold,,,0.0,,,0,0.0
2021-03-22,61485469,348,False,False,,366.672333,54678,0.3261,hold,,,0.0,,,0,0.0,21.786634,826976,0.293,hold,,,0.0,,,0,0.0,163.0,73320,0.1944,hold,,,0.0,,,0,0.0,115.500336,99290,0.1865,hold,,,0.0,,,0,0.0
2021-03-23,61108575,348,False,False,,363.786407,54678,0.3255,hold,,,0.0,,,0,0.0,21.502016,826976,0.291,hold,,,0.0,,,0,0.0,161.809998,73320,0.1941,hold,,,0.0,,,0,0.0,116.542992,99290,0.1894,hold,,,0.0,,,0,0.0
2021-03-24,60212798,348,False,False,,361.936981,54678,0.3287,hold,,,0.0,,,0,0.0,20.416149,826976,0.2804,hold,,,0.0,,,0,0.0,162.369995,73320,0.1977,hold,,,0.0,,,0,0.0,117.170174,99290,0.1932,hold,,,0.0,,,0,0.0
2021-03-25,60098150,348,False,False,,363.973175,54678,0.3311,hold,,,0.0,,,0,0.0,20.306129,826976,0.2794,hold,,,0.0,,,0,0.0,161.779999,73320,0.1974,hold,,,0.0,,,0,0.0,116.246216,99290,0.1921,hold,,,0.0,,,0,0.0
2021-03-26,61153917,348,False,False,,369.838593,54678,0.3307,hold,,,0.0,,,0,0.0,21.203043,826976,0.2867,hold,,,0.0,,,0,0.0,162.240005,73320,0.1945,hold,,,0.0,,,0,0.0,115.839355,99290,0.1881,hold,,,0.0,,,0,0.0
2021-03-29,60894676,348,False,False,,369.651733,54678,0.3319,hold,,,0.0,,,0,0.0,21.191086,826976,0.2878,hold,,,0.0,,,0,0.0,160.309998,73320,0.193,hold,,,0.0,,,0,0.0,114.856102,99290,0.1873,hold,,,0.0,,,0,0.0
2021-03-30,60450700,348,False,False,,368.671173,54678,0.3335,hold,,,0.0,,,0,0.0,20.889721,826976,0.2858,hold,,,0.0,,,0,0.0,157.570007,73320,0.1911,hold,,,0.0,,,0,0.0,115.457939,99290,0.1896,hold,,,0.0,,,0,0.0
2021-03-31,61419026,348,False,False,,370.165436,54678,0.3295,hold,,,0.0,,,0,0.0,21.827293,826976,0.2939,hold,,,0.0,,,0,0.0,159.960007,73320,0.191,hold,,,0.0,,,0,0.0,114.813751,99290,0.1856,hold,,,0.0,,,0,0.0
2021-04-01,62892677,348,True,False,,374.162933,54678,0.3253,hold,,,0.0,,,0,0.0,22.937078,826976,0.3016,hold,,,0.0,,,0,0.0,161.979996,73320,0.1888,hold,,,0.0,,,0,0.0,116.71933,99290,0.1843,hold,,,0.0,,,0,0.0
2021-04-05,64270650,348,False,False,,379.533325,54678,0.3229,hold,,,0.0,,,0,0.0,24.314743,826976,0.3129,hold,,,0.0,,,0,0.0,161.919998,73320,0.1847,hold,,,0.0,,,0,0.0,116.210052,99290,0.1795,hold,,,0.0,,,0,0.0
2021-04-06,64384611,348,False,False,,379.309204,54678,0.3221,hold,,,0.0,,,0,0.0,24.257336,826976,0.3116,hold,,,0.0,,,0,0.0,163.220001,73320,0.1859,hold,,,0.0,,,0,0.0,116.999397,99290,0.1804,hold,,,0.0,,,0,0.0
2021-04-07,64442324,348,False,False,,379.748138,54678,0.3222,hold,,,0.0,,,0,0.0,24.436716,826976,0.3136,hold,,,0.0,,,0,0.0,162.759995,73320,0.1852,hold,,,0.0,,,0,0.0,116.184586,99290,0.179,hold,,,0.0,,,0,0.0
2021-04-08,65395386,348,False,False,,381.550751,54678,0.319,hold,,,0.0,,,0,0.0,25.199692,826976,0.3187,hold,,,0.0,,,0,0.0,164.509995,73320,0.1844,hold,,,0.0,,,0,0.0,117.143654,99290,0.1779,hold,,,0.0,,,0,0.0
2021-04-09,65791793,348,False,False,,384.324585,54678,0.3194,hold,,,0.0,,,0,0.0,25.656521,826976,0.3225,hold,,,0.0,,,0,0.0,163.270004,73320,0.182,hold,,,0.0,,,0,0.0,116.71933,99290,0.1761,hold,,,0.0,,,0,0.0
2021-04-12,65638738,348,False,False,,384.464722,54678,0.3203,hold,,,0.0,,,0,0.0,25.556067,826976,0.322,hold,,,0.0,,,0,0.0,162.279999,73320,0.1813,hold,,,0.0,,,0,0.0,116.668396,99290,0.1765,hold,,,0.0,,,0,0.0
2021-04-13,66596091,348,False,False,,385.604218,54678,0.3166,hold,,,0.0,,,0,0.0,26.431456,826976,0.3282,hold,,,0.0,,,0,0.0,163.429993,73320,0.1799,hold,,,0.0,,,0,0.0,117.542641,99290,0.1752,hold,,,0.0,,,0,0.0
2021-04-14,65667503,348,False,False,,384.287292,54678,0.32,hold,,,0.0,,,0,0.0,25.50345,826976,0.3212,hold,,,0.0,,,0,0.0,162.720001,73320,0.1817,hold,,,0.0,,,0,0.0,117.169136,99290,0.1772,hold,,,0.0,,,0,0.0
2021-04-15,67212351,348,False,False,,388.415527,54678,0.316,hold,,,0.0,,,0,0.0,26.629969,826976,0.3277,hold,,,0.0,,,0,0.0,165.350006,73320,0.1804,hold,,,0.0,,,0,0.0,119.129936,99290,0.176,hold,,,0.0,,,0,0.0
2021-04-16,67357760,348,False,False,,389.713837,54678,0.3164,hold,,,0.0,,,0,0.0,26.742384,826976,0.3283,hold,,,0.0,,,0,0.0,166.350006,73320,0.1811,hold,,,0.0,,,0,0.0,118.20472,99290,0.1742,hold,,,0.0,,,0,0.0
2021-04-19,66582360,348,False,False,,387.799103,54678,0.3185,hold,,,0.0,,,0,0.0,26.012896,826976,0.3231,hold,,,0.0,,,0,0.0,165.889999,73320,0.1827,hold,,,0.0,,,0,0.0,117.865219,99290,0.1758,hold,,,0.0,,,0,0.0
2021-04-20,66053559,348,False,False,,384.959747,54678,0.3187,hold,,,0.0,,,0,0.0,25.443657,826976,0.3185,hold,,,0.0,,,0,0.0,166.479996,73320,0.1848,hold,,,0.0,,,0,0.0,118.408455,99290,0.178,hold,,,0.0,,,0,0.0
2021-04-21,66929356,348,False,False,,388.602264,54678,0.3175,hold,,,0.0,,,0,0.0,26.08704,826976,0.3223,hold,,,0.0,,,0,0.0,168.130005,73320,0.1842,hold,,,0.0,,,0,0.0,118.646049,99290,0.176,hold,,,0.0,,,0,0.0
2021-04-22,65921552,348,False,False,,385.053192,54678,0.3194,hold,,,0.0,,,0,0.0,25.137508,826976,0.3153,hold,,,0.0,,,0,0.0,167.039993,73320,0.1858,hold,,,0.0,,,0,0.0,119.163841,99290,0.1795,hold,,,0.0,,,0,0.0
2021-04-23,66858347,348,False,False,,389.228058,54678,0.3183,hold,,,0.0,,,0,0.0,26.084642,826976,0.3226,hold,,,0.0,,,0,0.0,166.399994,73320,0.1825,hold,,,0.0,,,0,0.0,118.883751,99290,0.1766,hold,,,0.0,,,0,0.0
2021-04-26,67345423,348,False,False,,390.040588,54678,0.3167,hold,,,0.0,,,0,0.0,26.601271,826976,0.3267,hold,,,0.0,,,0,0.0,166.839996,73320,0.1816,hold,,,0.0,,,0,0.0,118.71402,99290,0.175,hold,,,0.0,,,0,0.0
2021-04-27,66918431,348,False,False,,389.956512,54678,0.3186,hold,,,0.0,,,0,0.0,26.252071,826976,0.3244,hold,,,0.0,,,0,0.0,166.419998,73320,0.1823,hold,,,0.0,,,0,0.0,117.678459,99290,0.1746,hold,,,0.0,,,0,0.0
2021-04-28,66732309,348,False,False,,389.844452,54678,0.3194,hold,,,0.0,,,0,0.0,25.981802,826976,0.322,hold,,,0.0,,,0,0.0,166.910004,73320,0.1834,hold,,,0.0,,,0,0.0,117.754845,99290,0.1752,hold,,,0.0,,,0,0.0
2021-04-29,66998596,348,False,False,,392.328857,54678,0.3202,hold,,,0.0,,,0,0.0,26.2425,826976,0.3239,hold,,,0.0,,,0,0.0,166.220001,73320,0.1819,hold,,,0.0,,,0,0.0,117.406822,99290,0.174,hold,,,0.0,,,0,0.0
2021-04-30,66436110,348,False,False,,389.751129,54678,0.3208,hold,,,0.0,,,0,0.0,25.749798,826976,0.3205,hold,,,0.0,,,0,0.0,165.660004,73320,0.1828,hold,,,0.0,,,0,0.0,117.678459,99290,0.1759,hold,,,0.0,,,0,0.0
2021-05-03,66298593,348,True,False,,390.591675,54678,0.3221,hold,REDUCE_TO_TARGET,rebalance 2021-05-03,-1467194.0,,,0,0.0,25.328846,826976,0.3159,hold,REDUCE_TO_TARGET,rebalance 2021-05-03,-1056770.0,,,0,0.0,167.809998,73320,0.1856,hold,INCREASE_TO_TARGET,rebalance 2021-05-03,955890.0,,,0,0.0,117.748993,99290,0.1763,hold,INCREASE_TO_TARGET,rebalance 2021-05-03,1568421.0,,,0,0.0
2021-05-04,65064183,181,False,True,monthly,388.182037,50892,0.3036,hold,,,0.0,REDUCE_TO_TARGET,sell,3786,387.436534,23.994238,784138,0.2892,hold,,,0.0,REDUCE_TO_TARGET,sell,42838,24.668632,166.580002,79002,0.2023,hold,,,0.0,INCREASE_TO_TARGET,buy,5682,167.690002,118.548073,112475,0.2049,hold,,,0.0,INCREASE_TO_TARGET,buy,13185,118.573573
2021-05-05,64927429,181,False,False,,388.303467,50892,0.3044,hold,,,0.0,,,0,0.0,23.714401,784138,0.2864,hold,,,0.0,,,0,0.0,167.270004,79002,0.2035,hold,,,0.0,,,0,0.0,118.743538,112475,0.2057,hold,,,0.0,,,0,0.0
2021-05-06,65734622,181,False,False,,391.404236,50892,0.303,hold,,,0.0,,,0,0.0,24.233419,784138,0.2891,hold,,,0.0,,,0,0.0,170.059998,79002,0.2044,hold,,,0.0,,,0,0.0,118.939064,112475,0.2035,hold,,,0.0,,,0,0.0
2021-05-07,66399616,181,False,False,,394.252899,50892,0.3022,hold,,,0.0,,,0,0.0,24.82658,784138,0.2932,hold,,,0.0,,,0,0.0,171.589996,79002,0.2042,hold,,,0.0,,,0,0.0,118.352509,112475,0.2005,hold,,,0.0,,,0,0.0
2021-05-10,64644331,181,False,False,,390.348816,50892,0.3073,hold,,,0.0,,,0,0.0,22.960997,784138,0.2785,hold,,,0.0,,,0,0.0,172.110001,79002,0.2103,hold,,,0.0,,,0,0.0,117.153969,112475,0.2038,hold,,,0.0,,,0,0.0
2021-05-11,64304809,181,False,False,,386.865051,50892,0.3062,hold,,,0.0,,,0,0.0,22.846193,784138,0.2786,hold,,,0.0,,,0,0.0,172.139999,79002,0.2115,hold,,,0.0,,,0,0.0,116.490944,112475,0.2038,hold,,,0.0,,,0,0.0
2021-05-12,62250279,181,False,False,,378.645996,50892,0.3096,hold,,,0.0,,,0,0.0,21.107378,784138,0.2659,hold,,,0.0,,,0,0.0,170.429993,79002,0.2163,hold,,,0.0,,,0,0.0,115.266846,112475,0.2083,hold,,,0.0,,,0,0.0
2021-05-13,62905983,181,False,False,,383.19455,50892,0.31,hold,,,0.0,,,0,0.0,21.552244,784138,0.2687,hold,,,0.0,,,0,0.0,171.130005,79002,0.2149,hold,,,0.0,,,0,0.0,115.445374,112475,0.2064,hold,,,0.0,,,0,0.0
2021-05-14,64549130,181,False,False,,389.078552,50892,0.3068,hold,,,0.0,,,0,0.0,22.953819,784138,0.2788,hold,,,0.0,,,0,0.0,172.690002,79002,0.2114,hold,,,0.0,,,0,0.0,116.524971,112475,0.203,hold,,,0.0,,,0,0.0
2021-05-17,64325989,181,False,False,,388.088593,50892,0.307,hold,,,0.0,,,0,0.0,22.566355,784138,0.2751,hold,,,0.0,,,0,0.0,174.699997,79002,0.2146,hold,,,0.0,,,0,0.0,116.278435,112475,0.2033,hold,,,0.0,,,0,0.0
2021-05-18,63777873,181,False,False,,384.744934,50892,0.307,hold,,,0.0,,,0,0.0,22.092783,784138,0.2716,hold,,,0.0,,,0,0.0,175.039993,79002,0.2168,hold,,,0.0,,,0,0.0,115.980904,112475,0.2045,hold,,,0.0,,,0,0.0
2021-05-19,63768233,181,False,False,,383.736206,50892,0.3063,hold,,,0.0,,,0,0.0,22.174101,784138,0.2727,hold,,,0.0,,,0,0.0,175.160004,79002,0.217,hold,,,0.0,,,0,0.0,115.700401,112475,0.2041,hold,,,0.0,,,0,0.0
2021-05-20,65153870,181,False,False,,387.864502,50892,0.303,hold,,,0.0,,,0,0.0,23.456091,784138,0.2823,hold,,,0.0,,,0,0.0,175.960007,79002,0.2134,hold,,,0.0,,,0,0.0,116.652443,112475,0.2014,hold,,,0.0,,,0,0.0
2021-05-21,64882269,181,False,False,,387.546875,50892,0.304,hold,,,0.0,,,0,0.0,23.068628,784138,0.2788,hold,,,0.0,,,0,0.0,176.039993,79002,0.2143,hold,,,0.0,,,0,0.0,117.026474,112475,0.2029,hold,,,0.0,,,0,0.0
2021-05-24,66062436,181,False,False,,391.49765,50892,0.3016,hold,,,0.0,,,0,0.0,24.223852,784138,0.2875,hold,,,0.0,,,0,0.0,176.350006,79002,0.2109,hold,,,0.0,,,0,0.0,117.459969,112475,0.2,hold,,,0.0,,,0,0.0
2021-05-25,66358912,181,False,False,,390.628998,50892,0.2996,hold,,,0.0,,,0,0.0,24.341047,784138,0.2876,hold,,,0.0,,,0,0.0,177.949997,79002,0.2119,hold,,,0.0,,,0,0.0,118.548073,112475,0.2009,hold,,,0.0,,,0,0.0
2021-05-26,66544099,181,False,False,,391.404236,50892,0.2993,hold,,,0.0,,,0,0.0,24.5874,784138,0.2897,hold,,,0.0,,,0,0.0,177.639999,79002,0.2109,hold,,,0.0,,,0,0.0,118.344017,112475,0.2,hold,,,0.0,,,0,0.0
2021-05-27,66281487,181,False,False,,391.60968,50892,0.3007,hold,,,0.0,,,0,0.0,24.300386,784138,0.2875,hold,,,0.0,,,0,0.0,177.710007,79002,0.2118,hold,,,0.0,,,0,0.0,117.868004,112475,0.2,hold,,,0.0,,,0,0.0
2021-05-28,66534712,181,False,False,,392.310242,50892,0.3001,hold,,,0.0,,,0,0.0,24.537172,784138,0.2892,hold,,,0.0,,,0,0.0,178.380005,79002,0.2118,hold,,,0.0,,,0,0.0,117.681007,112475,0.1989,hold,,,0.0,,,0,0.0
2021-06-01,66288691,181,True,False,,391.96463,50892,0.3009,hold,,,0.0,,,0,0.0,24.297998,784138,0.2874,hold,,,0.0,,,0,0.0,177.899994,79002,0.212,hold,,,0.0,,,0,0.0,117.654648,112475,0.1996,hold,,,0.0,,,0,0.0
2021-06-02,66518832,181,False,False,,392.581055,50892,0.3004,hold,,,0.0,,,0,0.0,24.424763,784138,0.2879,hold,,,0.0,,,0,0.0,178.770004,79002,0.2123,hold,,,0.0,,,0,0.0,117.927032,112475,0.1994,hold,,,0.0,,,0,0.0
2021-06-03,65516348,181,False,False,,391.124023,50892,0.3038,hold,,,0.0,,,0,0.0,23.656998,784138,0.2831,hold,,,0.0,,,0,0.0,175.270004,79002,0.2113,hold,,,0.0,,,0,0.0,117.484337,112475,0.2017,hold,,,0.0,,,0,0.0
2021-06-04,66979540,181,False,False,,394.701141,50892,0.2999,hold,,,0.0,,,0,0.0,24.869631,784138,0.2912,hold,,,0.0,,,0,0.0,177.160004,79002,0.209,hold,,,0.0,,,0,0.0,119.093231,112475,0.2,hold,,,0.0,,,0,0.0
2021-06-07,67147521,181,False,False,,394.318268,50892,0.2989,hold,,,0.0,,,0,0.0,25.089672,784138,0.293,hold,,,0.0,,,0,0.0,177.869995,79002,0.2093,hold,,,0.0,,,0,0.0,118.727219,112475,0.1989,hold,,,0.0,,,0,0.0
2021-06-08,67224686,181,False,False,,394.402313,50892,0.2986,hold,,,0.0,,,0,0.0,25.118372,784138,0.293,hold,,,0.0,,,0,0.0,177.320007,79002,0.2084,hold,,,0.0,,,0,0.0,119.561478,112475,0.2,hold,,,0.0,,,0,0.0
2021-06-09,67309113,181,False,False,,393.813904,50892,0.2978,hold,,,0.0,,,0,0.0,25.147074,784138,0.293,hold,,,0.0,,,0,0.0,176.979996,79002,0.2077,hold,,,0.0,,,0,0.0,120.617065,112475,0.2016,hold,,,0.0,,,0,0.0
2021-06-10,68147607,181,False,False,,395.644562,50892,0.2955,hold,,,0.0,,,0,0.0,25.917223,784138,0.2982,hold,,,0.0,,,0,0.0,177.740005,79002,0.2061,hold,,,0.0,,,0,0.0,121.34063,112475,0.2003,hold,,,0.0,,,0,0.0
2021-06-11,68162143,181,False,False,,396.29834,50892,0.2959,hold,,,0.0,,,0,0.0,26.122915,784138,0.3005,hold,,,0.0,,,0,0.0,175.740005,79002,0.2037,hold,,,0.0,,,0,0.0,121.144829,112475,0.1999,hold,,,0.0,,,0,0.0
2021-06-14,68595467,181,False,False,,397.185669,50892,0.2947,hold,,,0.0,,,0,0.0,26.854794,784138,0.307,hold,,,0.0,,,0,0.0,174.710007,79002,0.2012,hold,,,0.0,,,0,0.0,120.21701,112475,0.1971,hold,,,0.0,,,0,0.0
2021-06-15,68099873,181,False,False,,396.457153,50892,0.2963,hold,,,0.0,,,0,0.0,26.357311,784138,0.3035,hold,,,0.0,,,0,0.0,174.050003,79002,0.2019,hold,,,0.0,,,0,0.0,120.07225,112475,0.1983,hold,,,0.0,,,0,0.0
2021-06-16,67522149,181,False,False,,394.243561,50892,0.2971,hold,,,0.0,,,0,0.0,26.075079,784138,0.3028,hold,,,0.0,,,0,0.0,171.110001,79002,0.2002,hold,,,0.0,,,0,0.0,119.970055,112475,0.1998,hold,,,0.0,,,0,0.0
2021-06-17,68065297,181,False,False,,394.112823,50892,0.2947,hold,,,0.0,,,0,0.0,27.048531,784138,0.3116,hold,,,0.0,,,0,0.0,165.850006,79002,0.1925,hold,,,0.0,,,0,0.0,121.766281,112475,0.2012,hold,,,0.0,,,0,0.0
2021-06-18,67473217,181,False,False,,388.796082,50892,0.2933,hold,,,0.0,,,0,0.0,26.402754,784138,0.3068,hold,,,0.0,,,0,0.0,164.929993,79002,0.1931,hold,,,0.0,,,0,0.0,124.056221,112475,0.2068,hold,,,0.0,,,0,0.0
2021-06-21,68061284,181,False,False,,394.362,50892,0.2949,hold,,,0.0,,,0,0.0,26.885891,784138,0.3098,hold,,,0.0,,,0,0.0,166.949997,79002,0.1938,hold,,,0.0,,,0,0.0,121.979103,112475,0.2016,hold,,,0.0,,,0,0.0
2021-06-22,68735687,181,False,False,,396.470398,50892,0.2935,hold,,,0.0,,,0,0.0,27.636906,784138,0.3153,hold,,,0.0,,,0,0.0,166.25,79002,0.1911,hold,,,0.0,,,0,0.0,122.276985,112475,0.2001,hold,,,0.0,,,0,0.0
2021-06-23,68704764,181,False,False,,395.992462,50892,0.2933,hold,,,0.0,,,0,0.0,27.684742,784138,0.316,hold,,,0.0,,,0,0.0,166.139999,79002,0.191,hold,,,0.0,,,0,0.0,121.962067,112475,0.1997,hold,,,0.0,,,0,0.0
2021-06-24,69237583,181,False,False,,398.335144,50892,0.2928,hold,,,0.0,,,0,0.0,28.194189,784138,0.3193,hold,,,0.0,,,0,0.0,166.039993,79002,0.1895,hold,,,0.0,,,0,0.0,122.157837,112475,0.1984,hold,,,0.0,,,0,0.0
2021-06-25,69140985,181,False,False,,399.750031,50892,0.2942,hold,,,0.0,,,0,0.0,28.105696,784138,0.3188,hold,,,0.0,,,0,0.0,166.589996,79002,0.1903,hold,,,0.0,,,0,0.0,120.889427,112475,0.1967,hold,,,0.0,,,0,0.0
2021-06-28,70101196,181,False,False,,400.555878,50892,0.2908,hold,,,0.0,,,0,0.0,29.100672,784138,0.3255,hold,,,0.0,,,0,0.0,166.580002,79002,0.1877,hold,,,0.0,,,0,0.0,122.132286,112475,0.196,hold,,,0.0,,,0,0.0
2021-06-29,70253843,181,False,False,,400.771423,50892,0.2903,hold,,,0.0,,,0,0.0,29.428343,784138,0.3285,hold,,,0.0,,,0,0.0,164.830002,79002,0.1854,hold,,,0.0,,,0,0.0,122.3367,112475,0.1959,hold,,,0.0,,,0,0.0
2021-06-30,70294201,181,False,False,,401.108734,50892,0.2904,hold,,,0.0,,,0,0.0,29.299187,784138,0.3268,hold,,,0.0,,,0,0.0,165.630005,79002,0.1861,hold,,,0.0,,,0,0.0,122.881409,112475,0.1966,hold,,,0.0,,,0,0.0
2021-07-01,70464266,181,True,False,,403.329529,50892,0.2913,hold,,,0.0,,,0,0.0,29.313534,784138,0.3262,hold,,,0.0,,,0,0.0,166.199997,79002,0.1863,hold,,,0.0,,,0,0.0,122.888199,112475,0.1962,hold,,,0.0,,,0,0.0
2021-07-02,71570879,181,False,False,,406.412384,50892,0.289,hold,,,0.0,,,0,0.0,30.308512,784138,0.3321,hold,,,0.0,,,0,0.0,167.289993,79002,0.1847,hold,,,0.0,,,0,0.0,123.629776,112475,0.1943,hold,,,0.0,,,0,0.0
2021-07-06,72080599,181,False,False,,405.67215,50892,0.2864,hold,,,0.0,,,0,0.0,30.715115,784138,0.3341,hold,,,0.0,,,0,0.0,168.119995,79002,0.1843,hold,,,0.0,,,0,0.0,125.078873,112475,0.1952,hold,,,0.0,,,0,0.0
2021-07-07,72482551,181,False,False,,407.105743,50892,0.2858,hold,,,0.0,,,0,0.0,30.911242,784138,0.3344,hold,,,0.0,,,0,0.0,168.759995,79002,0.1839,hold,,,0.0,,,0,0.0,126.187042,112475,0.1958,hold,,,0.0,,,0,0.0
2021-07-08,71940538,181,False,False,,403.788635,50892,0.2856,hold,,,0.0,,,0,0.0,30.375488,784138,0.3311,hold,,,0.0,,,0,0.0,168.649994,79002,0.1852,hold,,,0.0,,,0,0.0,126.681343,112475,0.1981,hold,,,0.0,,,0,0.0
2021-07-09,72406999,181,False,False,,408.09906,50892,0.2868,hold,,,0.0,,,0,0.0,30.889715,784138,0.3345,hold,,,0.0,,,0,0.0,169.210007,79002,0.1846,hold,,,0.0,,,0,0.0,124.899864,112475,0.194,hold,,,0.0,,,0,0.0
2021-07-12,72750414,181,False,False,,409.560822,50892,0.2865,hold,,,0.0,,,0,0.0,31.277182,784138,0.3371,hold,,,0.0,,,0,0.0,169.0,79002,0.1835,hold,,,0.0,,,0,0.0,124.737923,112475,0.1928,hold,,,0.0,,,0,0.0
2021-07-13,72576230,181,False,False,,408.164642,50892,0.2862,hold,,,0.0,,,0,0.0,31.260437,784138,0.3377,hold,,,0.0,,,0,0.0,169.220001,79002,0.1842,hold,,,0.0,,,0,0.0,123.783226,112475,0.1918,hold,,,0.0,,,0,0.0
2021-07-14,73042361,181,False,False,,408.773743,50892,0.2848,hold,,,0.0,,,0,0.0,31.430254,784138,0.3374,hold,,,0.0,,,0,0.0,171.039993,79002,0.185,hold,,,0.0,,,0,0.0,125.189674,112475,0.1928,hold,,,0.0,,,0,0.0
2021-07-15,72618864,181,False,False,,407.377563,50892,0.2855,hold,,,0.0,,,0,0.0,30.779692,784138,0.3324,hold,,,0.0,,,0,0.0,171.070007,79002,0.1861,hold,,,0.0,,,0,0.0,126.570572,112475,0.196,hold,,,0.0,,,0,0.0
2021-07-16,71705604,181,False,False,,404.182251,50892,0.2869,hold,,,0.0,,,0,0.0,30.023895,784138,0.3283,hold,,,0.0,,,0,0.0,169.410004,79002,0.1866,hold,,,0.0,,,0,0.0,126.331833,112475,0.1982,hold,,,0.0,,,0,0.0
2021-07-19,71164702,181,False,False,,398.213287,50892,0.2848,hold,,,0.0,,,0,0.0,29.303967,784138,0.3229,hold,,,0.0,,,0,0.0,169.610001,79002,0.1883,hold,,,0.0,,,0,0.0,129.102173,112475,0.204,hold,,,0.0,,,0,0.0
2021-07-20,72055461,181,False,False,,403.919861,50892,0.2853,hold,,,0.0,,,0,0.0,30.270245,784138,0.3294,hold,,,0.0,,,0,0.0,169.389999,79002,0.1857,hold,,,0.0,,,0,0.0,127.857674,112475,0.1996,hold,,,0.0,,,0,0.0
2021-07-21,72531976,181,False,False,,407.190155,50892,0.2857,hold,,,0.0,,,0,0.0,30.961466,784138,0.3347,hold,,,0.0,,,0,0.0,168.759995,79002,0.1838,hold,,,0.0,,,0,0.0,126.238136,112475,0.1958,hold,,,0.0,,,0,0.0
2021-07-22,73245795,181,False,False,,408.042816,50892,0.2835,hold,,,0.0,,,0,0.0,31.612034,784138,0.3384,hold,,,0.0,,,0,0.0,169.089996,79002,0.1824,hold,,,0.0,,,0,0.0,127.431458,112475,0.1957,hold,,,0.0,,,0,0.0
2021-07-23,74145025,181,False,False,,412.240723,50892,0.283,hold,,,0.0,,,0,0.0,32.662018,784138,0.3454,hold,,,0.0,,,0,0.0,168.559998,79002,0.1796,hold,,,0.0,,,0,0.0,126.579086,112475,0.192,hold,,,0.0,,,0,0.0
2021-07-26,74229645,181,False,False,,413.252747,50892,0.2833,hold,,,0.0,,,0,0.0,32.798347,784138,0.3465,hold,,,0.0,,,0,0.0,168.160004,79002,0.179,hold,,,0.0,,,0,0.0,126.204025,112475,0.1912,hold,,,0.0,,,0,0.0
2021-07-27,73467177,181,False,False,,411.369324,50892,0.285,hold,,,0.0,,,0,0.0,31.726833,784138,0.3386,hold,,,0.0,,,0,0.0,168.440002,79002,0.1811,hold,,,0.0,,,0,0.0,127.550797,112475,0.1953,hold,,,0.0,,,0,0.0
2021-07-28,73798651,181,False,False,,411.200623,50892,0.2836,hold,,,0.0,,,0,0.0,32.073643,784138,0.3408,hold,,,0.0,,,0,0.0,169.289993,79002,0.1812,hold,,,0.0,,,0,0.0,127.559341,112475,0.1944,hold,,,0.0,,,0,0.0
2021-07-29,74078170,181,False,False,,412.906006,50892,0.2837,hold,,,0.0,,,0,0.0,32.231495,784138,0.3412,hold,,,0.0,,,0,0.0,171.169998,79002,0.1825,hold,,,0.0,,,0,0.0,126.851868,112475,0.1926,hold,,,0.0,,,0,0.0
2021-07-30,73557737,181,False,False,,410.900787,50892,0.2843,hold,,,0.0,,,0,0.0,31.748367,784138,0.3384,hold,,,0.0,,,0,0.0,169.820007,79002,0.1824,hold,,,0.0,,,0,0.0,127.448517,112475,0.1949,hold,,,0.0,,,0,0.0
2021-08-02,73617625,181,True,False,,410.038727,50892,0.2835,hold,INCREASE_TO_TARGET,rebalance 2021-08-02,1217597.0,,,0,0.0,31.738794,784138,0.3381,hold,REDUCE_TO_TARGET,rebalance 2021-08-02,-2802307.0,,,0,0.0,169.610001,79002,0.182,hold,INCREASE_TO_TARGET,rebalance 2021-08-02,1323996.0,,,0,0.0,128.585281,112475,0.1965,hold,INCREASE_TO_TARGET,rebalance 2021-08-02,260896.0,,,0,0.0
2021-08-03,74176983,528,False,True,monthly,413.374512,53846,0.3001,hold,,,0.0,INCREASE_TO_TARGET,buy,2954,410.835145,32.291286,696071,0.303,hold,,,0.0,REDUCE_TO_TARGET,sell,88067,31.820033,169.490005,86793,0.1983,hold,,,0.0,INCREASE_TO_TARGET,buy,7791,169.419998,128.653549,114496,0.1986,hold,,,0.0,INCREASE_TO_TARGET,buy,2021,128.653549
2021-08-04,74212808,528,False,False,,411.341187,53846,0.2985,hold,,,0.0,,,0,0.0,32.451542,696071,0.3044,hold,,,0.0,,,0,0.0,169.529999,86793,0.1983,hold,,,0.0,,,0,0.0,128.918106,114496,0.1989,hold,,,0.0,,,0,0.0
2021-08-05,74644218,528,False,False,,413.946167,53846,0.2986,hold,,,0.0,,,0,0.0,33.061443,696071,0.3083,hold,,,0.0,,,0,0.0,168.860001,86793,0.1963,hold,,,0.0,,,0,0.0,128.260956,114496,0.1967,hold,,,0.0,,,0,0.0
2021-08-06,73769856,528,False,False,,414.630219,53846,0.3026,hold,,,0.0,,,0,0.0,32.630924,696071,0.3079,hold,,,0.0,,,0,0.0,164.639999,86793,0.1937,hold,,,0.0,,,0,0.0,126.118896,114496,0.1957,hold,,,0.0,,,0,0.0
2021-08-09,73567994,528,False,False,,414.292816,53846,0.3032,hold,,,0.0,,,0,0.0,32.805519,696071,0.3104,hold,,,0.0,,,0,0.0,161.720001,86793,0.1908,hold,,,0.0,,,0,0.0,125.666573,114496,0.1956,hold,,,0.0,,,0,0.0
2021-08-10,73192349,528,False,False,,414.808167,53846,0.3052,hold,,,0.0,,,0,0.0,32.315212,696071,0.3073,hold,,,0.0,,,0,0.0,161.770004,86793,0.1918,hold,,,0.0,,,0,0.0,125.086243,114496,0.1957,hold,,,0.0,,,0,0.0
2021-08-11,73311087,528,False,False,,415.83902,53846,0.3054,hold,,,0.0,,,0,0.0,32.140621,696071,0.3052,hold,,,0.0,,,0,0.0,164.0,86793,0.1942,hold,,,0.0,,,0,0.0,125.009468,114496,0.1952,hold,,,0.0,,,0,0.0
2021-08-12,73591272,528,False,False,,417.085236,53846,0.3052,hold,,,0.0,,,0,0.0,32.475456,696071,0.3072,hold,,,0.0,,,0,0.0,164.039993,86793,0.1935,hold,,,0.0,,,0,0.0,124.804581,114496,0.1942,hold,,,0.0,,,0,0.0
2021-08-13,74288246,528,False,False,,417.844208,53846,0.3029,hold,,,0.0,,,0,0.0,32.800739,696071,0.3073,hold,,,0.0,,,0,0.0,166.389999,86793,0.1944,hold,,,0.0,,,0,0.0,126.776024,114496,0.1954,hold,,,0.0,,,0,0.0
2021-08-16,74488399,528,False,False,,418.828125,53846,0.3028,hold,,,0.0,,,0,0.0,32.858139,696071,0.307,hold,,,0.0,,,0,0.0,167.220001,86793,0.1948,hold,,,0.0,,,0,0.0,127.08329,114496,0.1953,hold,,,0.0,,,0,0.0
2021-08-17,73711988,528,False,False,,416.08255,53846,0.3039,hold,,,0.0,,,0,0.0,31.994709,696071,0.3021,hold,,,0.0,,,0,0.0,166.970001,86793,0.1966,hold,,,0.0,,,0,0.0,127.032051,114496,0.1973,hold,,,0.0,,,0,0.0
2021-08-18,72879297,528,False,False,,411.528656,53846,0.3041,hold,,,0.0,,,0,0.0,31.064316,696071,0.2967,hold,,,0.0,,,0,0.0,167.100006,86793,0.199,hold,,,0.0,,,0,0.0,127.45874,114496,0.2002,hold,,,0.0,,,0,0.0
2021-08-19,73286561,528,False,False,,412.165771,53846,0.3028,hold,,,0.0,,,0,0.0,31.506796,696071,0.2992,hold,,,0.0,,,0,0.0,166.610001,86793,0.1973,hold,,,0.0,,,0,0.0,128.397552,114496,0.2006,hold,,,0.0,,,0,0.0
2021-08-20,74158328,528,False,False,,415.445404,53846,0.3017,hold,,,0.0,,,0,0.0,32.480247,696071,0.3049,hold,,,0.0,,,0,0.0,166.699997,86793,0.1951,hold,,,0.0,,,0,0.0,128.48288,114496,0.1984,hold,,,0.0,,,0,0.0
2021-08-23,75528762,528,False,False,,419.099915,53846,0.2988,hold,,,0.0,,,0,0.0,33.927273,696071,0.3127,hold,,,0.0,,,0,0.0,168.729996,86793,0.1939,hold,,,0.0,,,0,0.0,128.397552,114496,0.1946,hold,,,0.0,,,0,0.0
2021-08-24,75676380,528,False,False,,419.765137,53846,0.2987,hold,,,0.0,,,0,0.0,34.262112,696071,0.3151,hold,,,0.0,,,0,0.0,168.649994,86793,0.1934,hold,,,0.0,,,0,0.0,127.399002,114496,0.1928,hold,,,0.0,,,0,0.0
2021-08-25,75527734,528,False,False,,420.645966,53846,0.2999,hold,,,0.0,,,0,0.0,34.300381,696071,0.3161,hold,,,0.0,,,0,0.0,167.479996,86793,0.1925,hold,,,0.0,,,0,0.0,126.340759,114496,0.1915,hold,,,0.0,,,0,0.0
2021-08-26,75046027,528,False,False,,418.162872,53846,0.3,hold,,,0.0,,,0,0.0,33.719185,696071,0.3128,hold,,,0.0,,,0,0.0,167.669998,86793,0.1939,hold,,,0.0,,,0,0.0,126.690643,114496,0.1933,hold,,,0.0,,,0,0.0
2021-08-27,76250670,528,False,False,,421.901672,53846,0.2979,hold,,,0.0,,,0,0.0,34.704586,696071,0.3168,hold,,,0.0,,,0,0.0,170.190002,86793,0.1937,hold,,,0.0,,,0,0.0,127.552643,114496,0.1915,hold,,,0.0,,,0,0.0
2021-08-30,77116556,528,False,False,,423.756989,53846,0.2959,hold,,,0.0,,,0,0.0,35.855026,696071,0.3236,hold,,,0.0,,,0,0.0,169.350006,86793,0.1906,hold,,,0.0,,,0,0.0,127.885429,114496,0.1899,hold,,,0.0,,,0,0.0
2021-08-31,76942675,528,False,False,,423.129181,53846,0.2961,hold,,,0.0,,,0,0.0,35.754581,696071,0.3235,hold,,,0.0,,,0,0.0,169.690002,86793,0.1914,hold,,,0.0,,,0,0.0,127.014931,114496,0.189,hold,,,0.0,,,0,0.0
2021-09-01,77116528,528,True,False,,423.354004,53846,0.2956,hold,,,0.0,,,0,0.0,35.950703,696071,0.3245,hold,,,0.0,,,0,0.0,169.699997,86793,0.191,hold,,,0.0,,,0,0.0,127.22773,114496,0.1889,hold,,,0.0,,,0,0.0
2021-09-02,77176239,528,False,False,,424.656555,53846,0.2963,hold,,,0.0,,,0,0.0,35.900471,696071,0.3238,hold,,,0.0,,,0,0.0,169.25,86793,0.1903,hold,,,0.0,,,0,0.0,127.783165,114496,0.1896,hold,,,0.0,,,0,0.0
2021-09-03,77419473,528,False,False,,424.553467,53846,0.2953,hold,,,0.0,,,0,0.0,36.223351,696071,0.3257,hold,,,0.0,,,0,0.0,171.059998,86793,0.1918,hold,,,0.0,,,0,0.0,126.621056,114496,0.1873,hold,,,0.0,,,0,0.0
2021-09-07,77027903,528,False,False,,423.035431,53846,0.2957,hold,,,0.0,,,0,0.0,36.371651,696071,0.3287,hold,,,0.0,,,0,0.0,167.710007,86793,0.189,hold,,,0.0,,,0,0.0,125.552879,114496,0.1866,hold,,,0.0,,,0,0.0
2021-09-08,76801819,528,False,False,,422.52005,53846,0.2962,hold,,,0.0,,,0,0.0,35.998531,696071,0.3263,hold,,,0.0,,,0,0.0,167.289993,86793,0.1891,hold,,,0.0,,,0,0.0,126.407402,114496,0.1884,hold,,,0.0,,,0,0.0
2021-09-09,76675759,528,False,False,,420.711578,53846,0.2954,hold,,,0.0,,,0,0.0,35.613453,696071,0.3233,hold,,,0.0,,,0,0.0,168.029999,86793,0.1902,hold,,,0.0,,,0,0.0,127.937004,114496,0.191,hold,,,0.0,,,0,0.0
2021-09-10,75736509,528,False,False,,417.39447,53846,0.2968,hold,,,0.0,,,0,0.0,34.812218,696071,0.3199,hold,,,0.0,,,0,0.0,167.179993,86793,0.1916,hold,,,0.0,,,0,0.0,126.809052,114496,0.1917,hold,,,0.0,,,0,0.0
2021-09-13,75875739,528,False,False,,418.462646,53846,0.297,hold,,,0.0,,,0,0.0,34.733288,696071,0.3186,hold,,,0.0,,,0,0.0,167.740005,86793,0.1919,hold,,,0.0,,,0,0.0,127.578064,114496,0.1925,hold,,,0.0,,,0,0.0
2021-09-14,75816871,528,False,False,,416.204468,53846,0.2956,hold,,,0.0,,,0,0.0,34.434326,696071,0.3161,hold,,,0.0,,,0,0.0,168.820007,86793,0.1933,hold,,,0.0,,,0,0.0,129.124741,114496,0.195,hold,,,0.0,,,0,0.0
2021-09-15,76397362,528,False,False,,419.680878,53846,0.2958,hold,,,0.0,,,0,0.0,35.197289,696071,0.3207,hold,,,0.0,,,0,0.0,167.830002,86793,0.1907,hold,,,0.0,,,0,0.0,128.671875,114496,0.1928,hold,,,0.0,,,0,0.0
2021-09-16,76012490,528,False,False,,419.015564,53846,0.2968,hold,,,0.0,,,0,0.0,35.266655,696071,0.3229,hold,,,0.0,,,0,0.0,164.029999,86793,0.1873,hold,,,0.0,,,0,0.0,128.082184,114496,0.1929,hold,,,0.0,,,0,0.0
2021-09-17,74832318,528,False,False,,414.933868,53846,0.2986,hold,,,0.0,,,0,0.0,34.020538,696071,0.3165,hold,,,0.0,,,0,0.0,163.770004,86793,0.1899,hold,,,0.0,,,0,0.0,127.466995,114496,0.195,hold,,,0.0,,,0,0.0
2021-09-20,73285591,528,False,False,,408.015198,53846,0.2998,hold,,,0.0,,,0,0.0,31.92774,696071,0.3033,hold,,,0.0,,,0,0.0,164.940002,86793,0.1953,hold,,,0.0,,,0,0.0,129.047867,114496,0.2016,hold,,,0.0,,,0,0.0
2021-09-21,73375887,528,False,False,,407.629761,53846,0.2991,hold,,,0.0,,,0,0.0,31.968403,696071,0.3033,hold,,,0.0,,,0,0.0,166.039993,86793,0.1964,hold,,,0.0,,,0,0.0,128.936722,114496,0.2012,hold,,,0.0,,,0,0.0
2021-09-22,74275195,528,False,False,,411.60611,53846,0.2984,hold,,,0.0,,,0,0.0,32.903587,696071,0.3084,hold,,,0.0,,,0,0.0,165.419998,86793,0.1933,hold,,,0.0,,,0,0.0,129.70578,114496,0.1999,hold,,,0.0,,,0,0.0
2021-09-23,74679102,528,False,False,,416.607086,53846,0.3004,hold,,,0.0,,,0,0.0,33.817253,696071,0.3152,hold,,,0.0,,,0,0.0,163.509995,86793,0.19,hold,,,0.0,,,0,0.0,126.774879,114496,0.1944,hold,,,0.0,,,0,0.0
2021-09-24,74622548,528,False,False,,417.293457,53846,0.3011,hold,,,0.0,,,0,0.0,33.912907,696071,0.3163,hold,,,0.0,,,0,0.0,163.300003,86793,0.1899,hold,,,0.0,,,0,0.0,125.535805,114496,0.1926,hold,,,0.0,,,0,0.0
2021-09-27,73965565,528,False,False,,416.099579,53846,0.3029,hold,,,0.0,,,0,0.0,33.094921,696071,0.3114,hold,,,0.0,,,0,0.0,163.639999,86793,0.192,hold,,,0.0,,,0,0.0,125.074394,114496,0.1936,hold,,,0.0,,,0,0.0
2021-09-28,71231763,528,False,False,,407.714386,53846,0.3082,hold,,,0.0,,,0,0.0,30.334824,696071,0.2964,hold,,,0.0,,,0,0.0,162.050003,86793,0.1975,hold,,,0.0,,,0,0.0,123.126122,114496,0.1979,hold,,,0.0,,,0,0.0
2021-09-29,71089960,528,False,False,,408.400604,53846,0.3093,hold,,,0.0,,,0,0.0,30.133915,696071,0.2951,hold,,,0.0,,,0,0.0,161.320007,86793,0.197,hold,,,0.0,,,0,0.0,123.339684,114496,0.1986,hold,,,0.0,,,0,0.0
2021-09-30,70834522,528,False,False,,403.409027,53846,0.3067,hold,,,0.0,,,0,0.0,29.794283,696071,0.2928,hold,,,0.0,,,0,0.0,164.220001,86793,0.2012,hold,,,0.0,,,0,0.0,123.322632,114496,0.1993,hold,,,0.0,,,0,0.0
2021-10-01,71621532,528,True,False,,408.203217,53846,0.3069,hold,,,0.0,,,0,0.0,30.337221,696071,0.2948,hold,,,0.0,,,0,0.0,164.589996,86793,0.1995,hold,,,0.0,,,0,0.0,124.360451,114496,0.1988,hold,,,0.0,,,0,0.0
2021-10-04,70070081,528,False,False,,402.938995,53846,0.3096,hold,,,0.0,,,0,0.0,28.471636,696071,0.2828,hold,,,0.0,,,0,0.0,165.360001,86793,0.2048,hold,,,0.0,,,0,0.0,124.043884,114496,0.2027,hold,,,0.0,,,0,0.0
2021-10-05,70854357,528,False,False,,407.131561,53846,0.3094,hold,,,0.0,,,0,0.0,29.567066,696071,0.2905,hold,,,0.0,,,0,0.0,164.589996,86793,0.2016,hold,,,0.0,,,0,0.0,122.846085,114496,0.1985,hold,,,0.0,,,0,0.0
2021-10-06,71469221,528,False,False,,408.823639,53846,0.308,hold,,,0.0,,,0,0.0,30.150656,696071,0.2937,hold,,,0.0,,,0,0.0,165.029999,86793,0.2004,hold,,,0.0,,,0,0.0,123.53907,114496,0.1979,hold,,,0.0,,,0,0.0
2021-10-07,72003826,528,False,False,,412.358215,53846,0.3084,hold,,,0.0,,,0,0.0,30.966251,696071,0.2994,hold,,,0.0,,,0,0.0,164.160004,86793,0.1979,hold,,,0.0,,,0,0.0,122.247139,114496,0.1944,hold,,,0.0,,,0,0.0
2021-10-08,71540142,528,False,False,,411.60611,53846,0.3098,hold,,,0.0,,,0,0.0,30.49029,696071,0.2967,hold,,,0.0,,,0,0.0,164.229996,86793,0.1992,hold,,,0.0,,,0,0.0,121.391579,114496,0.1943,hold,,,0.0,,,0,0.0
2021-10-11,70846359,528,False,False,,408.62619,53846,0.3106,hold,,,0.0,,,0,0.0,29.813419,696071,0.2929,hold,,,0.0,,,0,0.0,163.919998,86793,0.2008,hold,,,0.0,,,0,0.0,121.083534,114496,0.1957,hold,,,0.0,,,0,0.0
2021-10-12,70882057,528,False,False,,407.62027,53846,0.3097,hold,,,0.0,,,0,0.0,29.509663,696071,0.2898,hold,,,0.0,,,0,0.0,164.660004,86793,0.2016,hold,,,0.0,,,0,0.0,123.154091,114496,0.1989,hold,,,0.0,,,0,0.0
2021-10-13,71833620,528,False,False,,409.086884,53846,0.3066,hold,,,0.0,,,0,0.0,30.200884,696071,0.2926,hold,,,0.0,,,0,0.0,167.589996,86793,0.2025,hold,,,0.0,,,0,0.0,124.351952,114496,0.1982,hold,,,0.0,,,0,0.0
2021-10-14,73453022,528,False,False,,415.967987,53846,0.3049,hold,,,0.0,,,0,0.0,31.86796,696071,0.302,hold,,,0.0,,,0,0.0,168.0,86793,0.1985,hold,,,0.0,,,0,0.0,124.813919,114496,0.1946,hold,,,0.0,,,0,0.0
2021-10-15,73719810,528,False,False,,419.135864,53846,0.3061,hold,,,0.0,,,0,0.0,32.458721,696071,0.3065,hold,,,0.0,,,0,0.0,165.330002,86793,0.1946,hold,,,0.0,,,0,0.0,124.0867,114496,0.1927,hold,,,0.0,,,0,0.0
2021-10-18,74495245,528,False,False,,420.37677,53846,0.3039,hold,,,0.0,,,0,0.0,33.432167,696071,0.3124,hold,,,0.0,,,0,0.0,164.919998,86793,0.1921,hold,,,0.0,,,0,0.0,124.66851,114496,0.1916,hold,,,0.0,,,0,0.0
2021-10-19,75030068,528,False,False,,423.619843,53846,0.304,hold,,,0.0,,,0,0.0,34.166439,696071,0.317,hold,,,0.0,,,0,0.0,165.449997,86793,0.1914,hold,,,0.0,,,0,0.0,122.948723,114496,0.1876,hold,,,0.0,,,0,0.0
2021-10-20,75075573,528,False,False,,425.283752,53846,0.305,hold,,,0.0,,,0,0.0,34.058811,696071,0.3158,hold,,,0.0,,,0,0.0,166.899994,86793,0.1929,hold,,,0.0,,,0,0.0,122.118797,114496,0.1862,hold,,,0.0,,,0,0.0
2021-10-21,75530167,528,False,False,,426.393005,53846,0.304,hold,,,0.0,,,0,0.0,34.668713,696071,0.3195,hold,,,0.0,,,0,0.0,166.75,86793,0.1916,hold,,,0.0,,,0,0.0,121.973366,114496,0.1849,hold,,,0.0,,,0,0.0
2021-10-22,75137713,528,False,False,,425.951233,53846,0.3052,hold,,,0.0,,,0,0.0,33.790932,696071,0.313,hold,,,0.0,,,0,0.0,167.770004,86793,0.1938,hold,,,0.0,,,0,0.0,123.316666,114496,0.1879,hold,,,0.0,,,0,0.0
2021-10-25,76045728,528,False,False,,428.235443,53846,0.3032,hold,,,0.0,,,0,0.0,34.805042,696071,0.3186,hold,,,0.0,,,0,0.0,168.929993,86793,0.1928,hold,,,0.0,,,0,0.0,123.128426,114496,0.1854,hold,,,0.0,,,0,0.0
2021-10-26,76300990,528,False,False,,428.620911,53846,0.3025,hold,,,0.0,,,0,0.0,35.130322,696071,0.3205,hold,,,0.0,,,0,0.0,167.679993,86793,0.1907,hold,,,0.0,,,0,0.0,124.146622,114496,0.1863,hold,,,0.0,,,0,0.0
2021-10-27,76688669,528,False,False,,426.722015,53846,0.2996,hold,,,0.0,,,0,0.0,35.407768,696071,0.3214,hold,,,0.0,,,0,0.0,168.119995,86793,0.1903,hold,,,0.0,,,0,0.0,126.405357,114496,0.1887,hold,,,0.0,,,0,0.0
2021-10-28,77667032,528,False,False,,430.839355,53846,0.2987,hold,,,0.0,,,0,0.0,36.570171,696071,0.3278,hold,,,0.0,,,0,0.0,168.080002,86793,0.1878,hold,,,0.0,,,0,0.0,125.977539,114496,0.1857,hold,,,0.0,,,0,0.0
2021-10-29,78010329,528,False,False,,431.713623,53846,0.298,hold,,,0.0,,,0,0.0,37.11071,696071,0.3311,hold,,,0.0,,,0,0.0,166.649994,86793,0.1854,hold,,,0.0,,,0,0.0,126.362556,114496,0.1855,hold,,,0.0,,,0,0.0
2021-11-01,78276388,528,True,False,,432.456299,53846,0.2975,hold,INCREASE_TO_TARGET,rebalance 2021-11-01,196874.0,,,0,0.0,37.47665,696071,0.3333,hold,REDUCE_TO_TARGET,rebalance 2021-11-01,-2603493.0,,,0,0.0,167.520004,86793,0.1857,hold,INCREASE_TO_TARGET,rebalance 2021-11-01,1115714.0,,,0,0.0,125.452805,114496,0.1835,hold,INCREASE_TO_TARGET,rebalance 2021-11-01,1291433.0,,,0,0.0
2021-11-02,78693452,451,False,True,monthly,434.204712,54299,0.2996,hold,,,0.0,INCREASE_TO_TARGET,buy,453,432.625451,37.976528,626098,0.3021,hold,,,0.0,REDUCE_TO_TARGET,sell,69973,37.206835,167.160004,93436,0.1985,hold,,,0.0,INCREASE_TO_TARGET,buy,6643,167.429993,126.009613,124755,0.1998,hold,,,0.0,INCREASE_TO_TARGET,buy,10259,125.504173
2021-11-03,79299807,451,False,False,,436.855682,54299,0.2991,hold,,,0.0,,,0,0.0,39.181992,626098,0.3094,hold,,,0.0,,,0,0.0,165.770004,93436,0.1953,hold,,,0.0,,,0,0.0,124.707436,124755,0.1962,hold,,,0.0,,,0,0.0
2021-11-04,80665731,451,False,False,,438.914368,54299,0.2954,hold,,,0.0,,,0,0.0,40.643356,626098,0.3155,hold,,,0.0,,,0,0.0,167.649994,93436,0.1942,hold,,,0.0,,,0,0.0,126.018196,124755,0.1949,hold,,,0.0,,,0,0.0
2021-11-05,81282511,451,False,False,,440.437195,54299,0.2942,hold,,,0.0,,,0,0.0,40.794033,626098,0.3142,hold,,,0.0,,,0,0.0,169.839996,93436,0.1952,hold,,,0.0,,,0,0.0,127.902916,124755,0.1963,hold,,,0.0,,,0,0.0
2021-11-08,81225175,451,False,False,,440.813232,54299,0.2947,hold,,,0.0,,,0,0.0,40.626614,626098,0.3132,hold,,,0.0,,,0,0.0,170.449997,93436,0.1961,hold,,,0.0,,,0,0.0,127.66301,124755,0.1961,hold,,,0.0,,,0,0.0
2021-11-09,80907761,451,False,False,,439.356201,54299,0.2949,hold,,,0.0,,,0,0.0,39.78949,626098,0.3079,hold,,,0.0,,,0,0.0,171.289993,93436,0.1978,hold,,,0.0,,,0,0.0,129.324966,124755,0.1994,hold,,,0.0,,,0,0.0
2021-11-10,79502992,451,False,False,,435.821564,54299,0.2977,hold,,,0.0,,,0,0.0,38.045902,626098,0.2996,hold,,,0.0,,,0,0.0,173.149994,93436,0.2035,hold,,,0.0,,,0,0.0,126.960526,124755,0.1992,hold,,,0.0,,,0,0.0
2021-11-11,79770935,451,False,False,,435.962555,54299,0.2968,hold,,,0.0,,,0,0.0,38.354431,626098,0.301,hold,,,0.0,,,0,0.0,174.119995,93436,0.2039,hold,,,0.0,,,0,0.0,126.772034,124755,0.1983,hold,,,0.0,,,0,0.0
2021-11-12,80673172,451,False,False,,439.252747,54299,0.2956,hold,,,0.0,,,0,0.0,39.571835,626098,0.3071,hold,,,0.0,,,0,0.0,174.449997,93436,0.202,hold,,,0.0,,,0,0.0,126.215218,124755,0.1952,hold,,,0.0,,,0,0.0
2021-11-15,80450907,451,False,False,,439.403168,54299,0.2966,hold,,,0.0,,,0,0.0,39.559879,626098,0.3079,hold,,,0.0,,,0,0.0,174.179993,93436,0.2023,hold,,,0.0,,,0,0.0,124.630356,124755,0.1933,hold,,,0.0,,,0,0.0
2021-11-16,80900208,451,False,False,,441.142212,54299,0.2961,hold,,,0.0,,,0,0.0,40.377872,626098,0.3125,hold,,,0.0,,,0,0.0,172.919998,93436,0.1997,hold,,,0.0,,,0,0.0,124.3134,124755,0.1917,hold,,,0.0,,,0,0.0
2021-11-17,81142491,451,False,False,,440.070557,54299,0.2945,hold,,,0.0,,,0,0.0,40.425701,626098,0.3119,hold,,,0.0,,,0,0.0,174.5,93436,0.2009,hold,,,0.0,,,0,0.0,125.298515,124755,0.1926,hold,,,0.0,,,0,0.0
2021-11-18,82004317,451,False,False,,441.565277,54299,0.2924,hold,,,0.0,,,0,0.0,41.662251,626098,0.3181,hold,,,0.0,,,0,0.0,173.940002,93436,0.1982,hold,,,0.0,,,0,0.0,125.76973,124755,0.1913,hold,,,0.0,,,0,0.0
2021-11-19,82444571,451,False,False,,440.775604,54299,0.2903,hold,,,0.0,,,0,0.0,42.367813,626098,0.3217,hold,,,0.0,,,0,0.0,172.610001,93436,0.1956,hold,,,0.0,,,0,0.0,127.097549,124755,0.1923,hold,,,0.0,,,0,0.0
2021-11-22,80910193,451,False,False,,439.53476,54299,0.295,hold,,,0.0,,,0,0.0,40.899277,626098,0.3165,hold,,,0.0,,,0,0.0,168.740005,93436,0.1949,hold,,,0.0,,,0,0.0,125.606972,124755,0.1937,hold,,,0.0,,,0,0.0
2021-11-23,80229926,451,False,False,,440.117554,54299,0.2979,hold,,,0.0,,,0,0.0,40.341988,626098,0.3148,hold,,,0.0,,,0,0.0,167.279999,93436,0.1948,hold,,,0.0,,,0,0.0,123.790787,124755,0.1925,hold,,,0.0,,,0,0.0
2021-11-24,80760343,451,False,False,,441.292633,54299,0.2967,hold,,,0.0,,,0,0.0,40.715103,626098,0.3156,hold,,,0.0,,,0,0.0,167.119995,93436,0.1934,hold,,,0.0,,,0,0.0,125.778328,124755,0.1943,hold,,,0.0,,,0,0.0
2021-11-26,79191064,451,False,False,,431.450439,54299,0.2958,hold,,,0.0,,,0,0.0,38.469238,626098,0.3041,hold,,,0.0,,,0,0.0,166.850006,93436,0.1969,hold,,,0.0,,,0,0.0,128.956558,124755,0.2032,hold,,,0.0,,,0,0.0
2021-11-29,80823619,451,False,False,,436.742828,54299,0.2934,hold,,,0.0,,,0,0.0,40.858616,626098,0.3165,hold,,,0.0,,,0,0.0,166.619995,93436,0.1926,hold,,,0.0,,,0,0.0,127.920052,124755,0.1975,hold,,,0.0,,,0,0.0
2021-11-30,79400995,451,False,False,,428.244873,54299,0.2929,hold,,,0.0,,,0,0.0,39.103062,626098,0.3083,hold,,,0.0,,,0,0.0,165.5,93436,0.1948,hold,,,0.0,,,0,0.0,129.864685,124755,0.204,hold,,,0.0,,,0,0.0
2021-12-01,78047928,451,True,False,,423.48819,54299,0.2946,hold,,,0.0,,,0,0.0,37.096355,626098,0.2976,hold,,,0.0,,,0,0.0,166.160004,93436,0.1989,hold,,,0.0,,,0,0.0,130.665802,124755,0.2089,hold,,,0.0,,,0,0.0
2021-12-02,78771772,451,False,False,,429.974518,54299,0.2964,hold,,,0.0,,,0,0.0,37.794765,626098,0.3004,hold,,,0.0,,,0,0.0,165.240005,93436,0.196,hold,,,0.0,,,0,0.0,130.828766,124755,0.2072,hold,,,0.0,,,0,0.0
2021-12-03,77704243,451,False,False,,426.233185,54299,0.2978,hold,,,0.0,,,0,0.0,35.895691,626098,0.2892,hold,,,0.0,,,0,0.0,166.630005,93436,0.2004,hold,,,0.0,,,0,0.0,132.389847,124755,0.2126,hold,,,0.0,,,0,0.0
2021-12-06,78238802,451,False,False,,431.281219,54299,0.2993,hold,,,0.0,,,0,0.0,36.735199,626098,0.294,hold,,,0.0,,,0,0.0,166.220001,93436,0.1985,hold,,,0.0,,,0,0.0,130.571487,124755,0.2082,hold,,,0.0,,,0,0.0
2021-12-07,80720723,451,False,False,,440.20224,54299,0.2961,hold,,,0.0,,,0,0.0,40.047802,626098,0.3106,hold,,,0.0,,,0,0.0,166.809998,93436,0.1931,hold,,,0.0,,,0,0.0,129.516434,124755,0.2002,hold,,,0.0,,,0,0.0
2021-12-08,80862046,451,False,False,,441.367798,54299,0.2964,hold,,,0.0,,,0,0.0,40.605083,626098,0.3144,hold,,,0.0,,,0,0.0,166.899994,93436,0.1929,hold,,,0.0,,,0,0.0,127.277748,124755,0.1964,hold,,,0.0,,,0,0.0
2021-12-09,79596102,451,False,False,,438.387878,54299,0.2991,hold,,,0.0,,,0,0.0,38.851921,626098,0.3056,hold,,,0.0,,,0,0.0,165.880005,93436,0.1947,hold,,,0.0,,,0,0.0,127.989685,124755,0.2006,hold,,,0.0,,,0,0.0
2021-12-10,80600297,451,False,False,,442.514648,54299,0.2981,hold,,,0.0,,,0,0.0,40.054977,626098,0.3111,hold,,,0.0,,,0,0.0,166.580002,93436,0.1931,hold,,,0.0,,,0,0.0,127.680923,124755,0.1976,hold,,,0.0,,,0,0.0
2021-12-13,79583918,451,False,False,,438.594757,54299,0.2992,hold,,,0.0,,,0,0.0,38.332905,626098,0.3016,hold,,,0.0,,,0,0.0,167.0,93436,0.1961,hold,,,0.0,,,0,0.0,129.567902,124755,0.2031,hold,,,0.0,,,0,0.0
2021-12-14,78521483,451,False,False,,435.577148,54299,0.3012,hold,,,0.0,,,0,0.0,37.192028,626098,0.2966,hold,,,0.0,,,0,0.0,165.440002,93436,0.1969,hold,,,0.0,,,0,0.0,129.259125,124755,0.2054,hold,,,0.0,,,0,0.0
2021-12-15,80343127,451,False,False,,442.383087,54299,0.299,hold,,,0.0,,,0,0.0,39.653156,626098,0.309,hold,,,0.0,,,0,0.0,166.149994,93436,0.1932,hold,,,0.0,,,0,0.0,128.015427,124755,0.1988,hold,,,0.0,,,0,0.0
2021-12-16,78431005,451,False,False,,438.481903,54299,0.3036,hold,,,0.0,,,0,0.0,36.627575,626098,0.2924,hold,,,0.0,,,0,0.0,168.160004,93436,0.2003,hold,,,0.0,,,0,0.0,128.065216,124755,0.2037,hold,,,0.0,,,0,0.0
2021-12-17,77974600,451,False,False,,433.815155,54299,0.3021,hold,,,0.0,,,0,0.0,36.067894,626098,0.2896,hold,,,0.0,,,0,0.0,167.800003,93436,0.2011,hold,,,0.0,,,0,0.0,129.516434,124755,0.2072,hold,,,0.0,,,0,0.0
2021-12-20,76861371,451,False,False,,429.202301,54299,0.3032,hold,,,0.0,,,0,0.0,34.989208,626098,0.285,hold,,,0.0,,,0,0.0,167.089996,93436,0.2031,hold,,,0.0,,,0,0.0,128.546112,124755,0.2086,hold,,,0.0,,,0,0.0
2021-12-21,78672188,451,False,False,,436.824463,54299,0.3015,hold,,,0.0,,,0,0.0,37.328365,626098,0.2971,hold,,,0.0,,,0,0.0,167.020004,93436,0.1984,hold,,,0.0,,,0,0.0,128.056671,124755,0.2031,hold,,,0.0,,,0,0.0
2021-12-22,79964046,451,False,False,,441.192169,54299,0.2996,hold,,,0.0,,,0,0.0,38.660576,626098,0.3027,hold,,,0.0,,,0,0.0,168.589996,93436,0.197,hold,,,0.0,,,0,0.0,128.649094,124755,0.2007,hold,,,0.0,,,0,0.0
2021-12-23,80584379,451,False,False,,443.937225,54299,0.2991,hold,,,0.0,,,0,0.0,39.579014,626098,0.3075,hold,,,0.0,,,0,0.0,168.970001,93436,0.1959,hold,,,0.0,,,0,0.0,127.532829,124755,0.1974,hold,,,0.0,,,0,0.0
2021-12-27,82185983,451,False,False,,450.219879,54299,0.2975,hold,,,0.0,,,0,0.0,41.470913,626098,0.3159,hold,,,0.0,,,0,0.0,169.369995,93436,0.1926,hold,,,0.0,,,0,0.0,127.842033,124755,0.1941,hold,,,0.0,,,0,0.0
2021-12-28,81729102,451,False,False,,449.85202,54299,0.2989,hold,,,0.0,,,0,0.0,40.98299,626098,0.314,hold,,,0.0,,,0,0.0,168.639999,93436,0.1928,hold,,,0.0,,,0,0.0,127.33535,124755,0.1944,hold,,,0.0,,,0,0.0
2021-12-29,81541698,451,False,False,,450.42746,54299,0.2999,hold,,,0.0,,,0,0.0,40.918411,626098,0.3142,hold,,,0.0,,,0,0.0,168.589996,93436,0.1932,hold,,,0.0,,,0,0.0,125.94426,124755,0.1927,hold,,,0.0,,,0,0.0
2021-12-30,81479309,451,False,False,,449.182281,54299,0.2993,hold,,,0.0,,,0,0.0,40.535725,626098,0.3115,hold,,,0.0,,,0,0.0,169.800003,93436,0.1947,hold,,,0.0,,,0,0.0,127.000443,124755,0.1945,hold,,,0.0,,,0,0.0
2021-12-31,81085587,451,False,False,,448.050201,54299,0.3,hold,,,0.0,,,0,0.0,39.782318,626098,0.3072,hold,,,0.0,,,0,0.0,170.960007,93436,0.197,hold,,,0.0,,,0,0.0,127.249481,124755,0.1958,hold,,,0.0,,,0,0.0
2022-01-03,81282784,451,True,False,,450.64444,54299,0.301,hold,,,0.0,,,0,0.0,40.93037,626098,0.3153,hold,,,0.0,,,0,0.0,168.330002,93436,0.1935,hold,,,0.0,,,0,0.0,123.909149,124755,0.1902,hold,,,0.0,,,0,0.0
2022-01-04,80330347,451,False,False,,450.493439,54299,0.3045,hold,,,0.0,,,0,0.0,39.33984,626098,0.3066,hold,,,0.0,,,0,0.0,169.570007,93436,0.1972,hold,,,0.0,,,0,0.0,123.393967,124755,0.1916,hold,,,0.0,,,0,0.0
2022-01-05,77463735,451,False,False,,441.843079,54299,0.3097,hold,,,0.0,,,0,0.0,35.721092,626098,0.2887,hold,,,0.0,,,0,0.0,169.059998,93436,0.2039,hold,,,0.0,,,0,0.0,122.724159,124755,0.1976,hold,,,0.0,,,0,0.0
2022-01-06,77226030,451,False,False,,441.42804,54299,0.3104,hold,,,0.0,,,0,0.0,35.623028,626098,0.2888,hold,,,0.0,,,0,0.0,166.990005,93436,0.202,hold,,,0.0,,,0,0.0,123.041908,124755,0.1988,hold,,,0.0,,,0,0.0
2022-01-07,76362657,451,False,False,,439.682709,54299,0.3126,hold,,,0.0,,,0,0.0,34.458244,626098,0.2825,hold,,,0.0,,,0,0.0,167.75,93436,0.2053,hold,,,0.0,,,0,0.0,122.15741,124755,0.1996,hold,,,0.0,,,0,0.0
2022-01-10,76497465,451,False,False,,439.135681,54299,0.3117,hold,,,0.0,,,0,0.0,34.584999,626098,0.2831,hold,,,0.0,,,0,0.0,168.259995,93436,0.2055,hold,,,0.0,,,0,0.0,122.457985,124755,0.1997,hold,,,0.0,,,0,0.0
2022-01-11,77958496,451,False,False,,443.135437,54299,0.3086,hold,,,0.0,,,0,0.0,36.106171,626098,0.29,hold,,,0.0,,,0,0.0,170.289993,93436,0.2041,hold,,,0.0,,,0,0.0,123.27375,124755,0.1973,hold,,,0.0,,,0,0.0
2022-01-12,78264237,451,False,False,,444.333496,54299,0.3083,hold,,,0.0,,,0,0.0,36.517551,626098,0.2921,hold,,,0.0,,,0,0.0,170.740005,93436,0.2038,hold,,,0.0,,,0,0.0,122.80143,124755,0.1957,hold,,,0.0,,,0,0.0
2022-01-13,76354449,451,False,False,,438.211212,54299,0.3116,hold,,,0.0,,,0,0.0,33.86747,626098,0.2777,hold,,,0.0,,,0,0.0,170.160004,93436,0.2082,hold,,,0.0,,,0,0.0,123.891968,124755,0.2024,hold,,,0.0,,,0,0.0
2022-01-14,76405335,451,False,False,,438.390442,54299,0.3116,hold,,,0.0,,,0,0.0,34.379314,626098,0.2817,hold,,,0.0,,,0,0.0,169.669998,93436,0.2075,hold,,,0.0,,,0,0.0,122.020088,124755,0.1992,hold,,,0.0,,,0,0.0
2022-01-18,74191964,451,False,False,,430.626678,54299,0.3152,hold,,,0.0,,,0,0.0,31.901442,626098,0.2692,hold,,,0.0,,,0,0.0,169.389999,93436,0.2133,hold,,,0.0,,,0,0.0,120.302689,124755,0.2023,hold,,,0.0,,,0,0.0
2022-01-19,73609584,451,False,False,,426.155212,54299,0.3144,hold,,,0.0,,,0,0.0,30.791655,626098,0.2619,hold,,,0.0,,,0,0.0,172.080002,93436,0.2184,hold,,,0.0,,,0,0.0,121.13559,124755,0.2053,hold,,,0.0,,,0,0.0
2022-01-20,72660745,451,False,False,,421.438538,54299,0.3149,hold,,,0.0,,,0,0.0,29.60055,626098,0.2551,hold,,,0.0,,,0,0.0,171.649994,93436,0.2207,hold,,,0.0,,,0,0.0,121.882645,124755,0.2093,hold,,,0.0,,,0,0.0
2022-01-21,70779863,451,False,False,,413.165466,54299,0.317,hold,REDUCE_TO_TARGET,rebalance 2022-01-21,-1200513.0,,,0,0.0,27.108324,626098,0.2398,hold,INCREASE_TO_TARGET,rebalance 2022-01-21,4261492.0,,,0,0.0,171.089996,93436,0.2259,hold,REDUCE_TO_TARGET,rebalance 2022-01-21,-1829992.0,,,0,0.0,123.333801,124755,0.2174,hold,REDUCE_TO_TARGET,rebalance 2022-01-21,-1230536.0,,,0,0.0
2022-01-24,71335147,10,False,True,daily,414.920044,51345,0.2986,hold,,,0.0,REDUCE_TO_TARGET,sell,2954,406.329878,27.50058,791024,0.3049,hold,,,0.0,INCREASE_TO_TARGET,buy,164926,25.759369,172.029999,82751,0.1996,hold,,,0.0,REDUCE_TO_TARGET,sell,10685,171.264659,122.320602,114795,0.1968,hold,,,0.0,REDUCE_TO_TARGET,sell,9960,123.537459
2022-01-25,69493510,10,False,False,,409.854279,51345,0.3028,hold,,,0.0,,,0,0.0,25.472357,791024,0.2899,sell,EXIT_ALL,signal sell,-20149246.0,,,0,0.0,172.580002,82751,0.2055,hold,,,0.0,,,0,0.0,122.12307,114795,0.2017,hold,,,0.0,,,0,0.0
2022-01-26,70390782,21499740,False,False,,408.82608,51345,0.2982,hold,,,0.0,,,0,0.0,25.424522,0,0.0,hold,,,0.0,EXIT_ALL,sell,791024,27.179618,169.789993,82751,0.1996,hold,,,0.0,,,0,0.0,120.646149,114795,0.1968,hold,,,0.0,,,0,0.0
2022-01-27,70360218,21499740,False,False,,406.807251,51345,0.2969,hold,,,0.0,,,0,0.0,24.663935,0,0.0,hold,,,0.0,,,0,0.0,167.600006,82751,0.1971,hold,,,0.0,,,0,0.0,122.861542,114795,0.2005,hold,,,0.0,,,0,0.0
2022-01-28,70842520,21499740,False,False,,416.910492,51345,0.3022,hold,,,0.0,,,0,0.0,26.964821,0,0.0,hold,,,0.0,,,0,0.0,167.100006,82751,0.1952,hold,,,0.0,,,0,0.0,122.904465,114795,0.1992,hold,,,0.0,,,0,0.0
2022-01-31,71237052,21499740,False,False,,424.419495,51345,0.3059,hold,,,0.0,,,0,0.0,29.576633,0,0.0,hold,,,0.0,,,0,0.0,168.089996,82751,0.1953,hold,,,0.0,,,0,0.0,122.269066,114795,0.197,hold,,,0.0,,,0,0.0
2022-02-01,71349291,21499740,True,False,,427.287323,51345,0.3075,hold,,,0.0,,,0,0.0,30.141088,0,0.0,hold,,,0.0,,,0,0.0,168.229996,82751,0.1951,hold,,,0.0,,,0,0.0,121.863167,114795,0.1961,hold,,,0.0,,,0,0.0
2022-02-02,71660267,21499740,False,False,,431.437958,51345,0.3091,hold,,,0.0,,,0,0.0,30.85384,0,0.0,hold,,,0.0,,,0,0.0,168.839996,82751,0.195,hold,,,0.0,,,0,0.0,122.27594,114795,0.1959,hold,,,0.0,,,0,0.0
2022-02-03,71010151,21499740,False,False,,421.297028,51345,0.3046,hold,,,0.0,,,0,0.0,27.141811,0,0.0,hold,,,0.0,,,0,0.0,168.600006,82751,0.1965,hold,,,0.0,,,0,0.0,121.321449,114795,0.1961,hold,,,0.0,,,0,0.0
2022-02-04,70928067,21499740,False,False,,423.278107,51345,0.3064,hold,,,0.0,,,0,0.0,28.079384,0,0.0,hold,,,0.0,,,0,0.0,168.860001,82751,0.197,hold,,,0.0,,,0,0.0,119.53289,114795,0.1935,hold,,,0.0,,,0,0.0
2022-02-07,70970643,21499740,False,False,,421.919647,51345,0.3052,hold,,,0.0,,,0,0.0,27.443174,0,0.0,hold,,,0.0,,,0,0.0,170.110001,82751,0.1983,hold,,,0.0,,,0,0.0,119.610313,114795,0.1935,hold,,,0.0,,,0,0.0
2022-02-08,71100117,21499740,False,False,,425.391144,51345,0.3072,hold,,,0.0,,,0,0.0,28.375965,0,0.0,hold,,,0.0,,,0,0.0,170.630005,82751,0.1986,hold,,,0.0,,,0,0.0,118.810616,114795,0.1918,hold,,,0.0,,,0,0.0
2022-02-09,71493454,21499740,False,False,,431.617188,51345,0.31,hold,,,0.0,,,0,0.0,30.136307,0,0.0,hold,,,0.0,,,0,0.0,171.210007,82751,0.1982,hold,,,0.0,,,0,0.0,119.034187,114795,0.1911,hold,,,0.0,,,0,0.0
2022-02-10,70824359,21499740,False,False,,423.862976,51345,0.3073,hold,,,0.0,,,0,0.0,28.136787,0,0.0,hold,,,0.0,,,0,0.0,170.559998,82751,0.1993,hold,,,0.0,,,0,0.0,117.142418,114795,0.1899,hold,,,0.0,,,0,0.0
2022-02-11,70863552,21499740,False,False,,415.504883,51345,0.3011,hold,,,0.0,,,0,0.0,25.486702,0,0.0,hold,,,0.0,,,0,0.0,173.809998,82751,0.203,hold,,,0.0,,,0,0.0,118.879417,114795,0.1926,hold,,,0.0,,,0,0.0
2022-02-14,70700977,21499740,False,False,,414.146484,51345,0.3008,hold,,,0.0,,,0,0.0,25.558458,0,0.0,hold,,,0.0,,,0,0.0,174.740005,82751,0.2045,hold,,,0.0,,,0,0.0,117.400368,114795,0.1906,hold,,,0.0,,,0,0.0
2022-02-15,70753532,21499740,False,False,,420.825317,51345,0.3054,hold,,,0.0,,,0,0.0,27.409687,0,0.0,hold,,,0.0,,,0,0.0,173.080002,82751,0.2024,hold,,,0.0,,,0,0.0,116.067535,114795,0.1883,hold,,,0.0,,,0,0.0
2022-02-16,71004023,21499740,False,False,,421.297028,51345,0.3047,hold,,,0.0,,,0,0.0,27.404905,0,0.0,hold,,,0.0,,,0,0.0,174.860001,82751,0.2038,hold,,,0.0,,,0,0.0,116.755493,114795,0.1888,hold,,,0.0,,,0,0.0
2022-02-17,70839416,21499740,False,False,,412.297577,51345,0.2988,hold,,,0.0,,,0,0.0,24.974869,0,0.0,hold,,,0.0,,,0,0.0,177.25,82751,0.2071,hold,,,0.0,,,0,0.0,117.623955,114795,0.1906,hold,,,0.0,,,0,0.0
2022-02-18,70833727,21499740,False,False,,409.627808,51345,0.2969,hold,,,0.0,,,0,0.0,24.12818,0,0.0,hold,,,0.0,,,0,0.0,177.119995,82751,0.2069,hold,,,0.0,,,0,0.0,118.862236,114795,0.1926,hold,,,0.0,,,0,0.0
2022-02-22,70674168,21499740,False,False,,405.231903,51345,0.2944,hold,,,0.0,,,0,0.0,23.381947,0,0.0,hold,,,0.0,,,0,0.0,177.490005,82751,0.2078,hold,,,0.0,,,0,0.0,119.171738,114795,0.1936,hold,,,0.0,,,0,0.0
2022-02-23,70182752,21499740,False,False,,398.04364,51345,0.2912,hold,,,0.0,,,0,0.0,21.592903,0,0.0,hold,,,0.0,,,0,0.0,178.289993,82751,0.2102,hold,,,0.0,,,0,0.0,117.529381,114795,0.1922,hold,,,0.0,,,0,0.0
2022-02-24,70404043,21499740,False,False,,404.033875,51345,0.2947,hold,,,0.0,,,0,0.0,23.70723,0,0.0,hold,,,0.0,,,0,0.0,177.139999,82751,0.2082,hold,,,0.0,,,0,0.0,117.606789,114795,0.1918,hold,,,0.0,,,0,0.0
2022-02-25,70822807,21499740,False,False,,412.948456,51345,0.2994,hold,,,0.0,,,0,0.0,24.831366,0,0.0,hold,,,0.0,,,0,0.0,176.550003,82751,0.2063,hold,,,0.0,,,0,0.0,117.692749,114795,0.1908,hold,,,0.0,,,0,0.0
2022-02-28,71216121,21499740,False,False,,411.891907,51345,0.297,hold,,,0.0,,,0,0.0,25.094456,0,0.0,hold,,,0.0,,,0,0.0,178.380005,82751,0.2073,hold,,,0.0,,,0,0.0,120.272369,114795,0.1939,hold,,,0.0,,,0,0.0
2022-03-01,71321762,21499740,True,False,,405.618591,51345,0.292,hold,,,0.0,,,0,0.0,23.93684,0,0.0,hold,,,0.0,,,0,0.0,181.619995,82751,0.2107,hold,,,0.0,,,0,0.0,121.662956,114795,0.1958,hold,,,0.0,,,0,0.0
2022-03-02,71071097,21499740,False,False,,413.080566,51345,0.2984,hold,,,0.0,,,0,0.0,25.080107,0,0.0,hold,,,0.0,,,0,0.0,179.729996,82751,0.2093,hold,,,0.0,,,0,0.0,117.504227,114795,0.1898,hold,,,0.0,,,0,0.0
2022-03-03,71191437,21499740,False,False,,411.024048,51345,0.2964,hold,,,0.0,,,0,0.0,24.032511,0,0.0,hold,,,0.0,,,0,0.0,180.800003,82751,0.2102,hold,,,0.0,,,0,0.0,118.701042,114795,0.1914,hold,,,0.0,,,0,0.0
2022-03-04,71493538,21499740,False,False,,407.684601,51345,0.2928,hold,,,0.0,,,0,0.0,23.004045,0,0.0,hold,,,0.0,,,0,0.0,183.679993,82751,0.2126,hold,,,0.0,,,0,0.0,120.750282,114795,0.1939,hold,,,0.0,,,0,0.0
2022-03-07,70996614,21499740,False,False,,395.666443,51345,0.2861,hold,,,0.0,,,0,0.0,20.435282,0,0.0,hold,,,0.0,,,0,0.0,186.410004,82751,0.2173,hold,,,0.0,,,0,0.0,119.828964,114795,0.1938,hold,,,0.0,,,0,0.0
2022-03-08,71126241,21499740,False,False,,392.666565,51345,0.2835,hold,,,0.0,,,0,0.0,20.153055,0,0.0,hold,,,0.0,,,0,0.0,191.509995,82751,0.2228,hold,,,0.0,,,0,0.0,118.623566,114795,0.1915,hold,,,0.0,,,0,0.0
2022-03-09,71062501,21499740,False,False,,403.194244,51345,0.2913,hold,,,0.0,,,0,0.0,22.310434,0,0.0,hold,,,0.0,,,0,0.0,185.820007,82751,0.2164,hold,,,0.0,,,0,0.0,117.46122,114795,0.1897,hold,,,0.0,,,0,0.0
2022-03-10,70823280,21499740,False,False,,401.373657,51345,0.291,hold,,,0.0,,,0,0.0,21.592903,0,0.0,hold,,,0.0,,,0,0.0,186.399994,82751,0.2178,hold,,,0.0,,,0,0.0,115.773537,114795,0.1877,hold,,,0.0,,,0,0.0
2022-03-11,70497324,21499740,False,False,,396.270203,51345,0.2886,hold,,,0.0,,,0,0.0,20.253511,0,0.0,hold,,,0.0,,,0,0.0,185.089996,82751,0.2173,hold,,,0.0,,,0,0.0,116.161049,114795,0.1892,hold,,,0.0,,,0,0.0
2022-03-14,69806394,21499740,False,False,,393.374084,51345,0.2893,hold,,,0.0,,,0,0.0,19.067194,0,0.0,hold,,,0.0,,,0,0.0,182.300003,82751,0.2161,hold,,,0.0,,,0,0.0,113.448784,114795,0.1866,hold,,,0.0,,,0,0.0
2022-03-15,69945631,21499740,False,False,,402.024536,51345,0.2951,hold,,,0.0,,,0,0.0,20.832323,0,0.0,hold,,,0.0,,,0,0.0,178.889999,82751,0.2116,hold,,,0.0,,,0,0.0,113.250702,114795,0.1859,hold,,,0.0,,,0,0.0
2022-03-16,70623545,21499740,False,False,,410.939148,51345,0.2988,hold,,,0.0,,,0,0.0,23.171471,0,0.0,hold,,,0.0,,,0,0.0,180.009995,82751,0.2109,hold,,,0.0,,,0,0.0,114.361488,114795,0.1859,hold,,,0.0,,,0,0.0
2022-03-17,70862490,21499740,False,False,,416.080414,51345,0.3015,hold,,,0.0,,,0,0.0,23.946409,0,0.0,hold,,,0.0,,,0,0.0,180.889999,82751,0.2112,hold,,,0.0,,,0,0.0,113.509056,114795,0.1839,hold,,,0.0,,,0,0.0
2022-03-18,71124036,21499740,False,False,,420.637573,51345,0.3037,hold,,,0.0,,,0,0.0,25.434086,0,0.0,hold,,,0.0,,,0,0.0,179.300003,82751,0.2086,hold,,,0.0,,,0,0.0,114.895287,114795,0.1854,hold,,,0.0,,,0,0.0
2022-03-21,70925668,21499740,False,False,,420.514587,51345,0.3044,hold,,,0.0,,,0,0.0,25.252314,0,0.0,hold,,,0.0,,,0,0.0,180.669998,82751,0.2108,hold,,,0.0,,,0,0.0,112.234703,114795,0.1817,hold,,,0.0,,,0,0.0
2022-03-22,70904851,21499740,False,False,,425.435211,51345,0.3081,hold,,,0.0,,,0,0.0,26.744776,0,0.0,hold,,,0.0,,,0,0.0,179.360001,82751,0.2093,hold,,,0.0,,,0,0.0,110.796814,114795,0.1794,hold,,,0.0,,,0,0.0
2022-03-23,71105010,21499740,False,False,,419.956299,51345,0.3033,hold,,,0.0,,,0,0.0,25.615862,0,0.0,hold,,,0.0,,,0,0.0,181.809998,82751,0.2116,hold,,,0.0,,,0,0.0,113.224915,114795,0.1828,hold,,,0.0,,,0,0.0
2022-03-24,71437479,21499740,False,False,,426.286865,51345,0.3064,hold,,,0.0,,,0,0.0,27.275751,0,0.0,hold,,,0.0,,,0,0.0,183.130005,82751,0.2121,hold,,,0.0,,,0,0.0,112.338066,114795,0.1805,hold,,,0.0,,,0,0.0
2022-03-25,71303401,21499740,False,False,,428.368622,51345,0.3085,hold,,,0.0,,,0,0.0,27.232697,0,0.0,hold,,,0.0,,,0,0.0,182.380005,82751,0.2117,hold,,,0.0,,,0,0.0,110.779617,114795,0.1783,hold,,,0.0,,,0,0.0
2022-03-28,71293841,21499740,False,False,,431.415649,51345,0.3107,hold,,,0.0,,,0,0.0,28.471636,0,0.0,hold,,,0.0,,,0,0.0,179.059998,82751,0.2078,hold,,,0.0,,,0,0.0,111.72673,114795,0.1799,hold,,,0.0,,,0,0.0
2022-03-29,71671352,21499740,False,False,,436.752625,51345,0.3129,hold,,,0.0,,,0,0.0,29.930618,0,0.0,hold,,,0.0,,,0,0.0,179.139999,82751,0.2068,hold,,,0.0,,,0,0.0,112.570534,114795,0.1803,hold,,,0.0,,,0,0.0
2022-03-30,71752862,21499740,False,False,,434.055756,51345,0.3106,hold,,,0.0,,,0,0.0,29.031311,0,0.0,hold,,,0.0,,,0,0.0,180.580002,82751,0.2083,hold,,,0.0,,,0,0.0,113.448784,114795,0.1815,hold,,,0.0,,,0,0.0
2022-03-31,71447263,21499740,False,False,,427.375092,51345,0.3071,hold,,,0.0,,,0,0.0,27.830639,0,0.0,hold,,,0.0,,,0,0.0,180.649994,82751,0.2092,hold,,,0.0,,,0,0.0,113.724297,114795,0.1827,hold,,,0.0,,,0,0.0
2022-04-01,71463981,21499740,True,False,,428.586304,51345,0.3079,hold,,,0.0,,,0,0.0,27.711054,0,0.0,hold,,,0.0,,,0,0.0,179.5,82751,0.2079,hold,,,0.0,,,0,0.0,114.157166,114795,0.1834,hold,,,0.0,,,0,0.0
2022-04-04,71633420,21499740,False,False,,432.257812,51345,0.3098,hold,,,0.0,,,0,0.0,29.442694,0,0.0,hold,,,0.0,,,0,0.0,180.369995,82751,0.2084,hold,,,0.0,,,0,0.0,113.363861,114795,0.1817,hold,,,0.0,,,0,0.0
2022-04-05,70965561,21499740,False,False,,426.797852,51345,0.3088,hold,,,0.0,,,0,0.0,27.495794,0,0.0,hold,,,0.0,,,0,0.0,179.240005,82751,0.209,hold,,,0.0,,,0,0.0,110.802696,114795,0.1792,hold,,,0.0,,,0,0.0
2022-04-06,70678234,21499740,False,False,,422.530121,51345,0.307,hold,,,0.0,,,0,0.0,25.687614,0,0.0,hold,,,0.0,,,0,0.0,179.660004,82751,0.2103,hold,,,0.0,,,0,0.0,109.90583,114795,0.1785,hold,,,0.0,,,0,0.0
2022-04-07,70748793,21499740,False,False,,424.65921,51345,0.3082,hold,,,0.0,,,0,0.0,25.855042,0,0.0,hold,,,0.0,,,0,0.0,180.339996,82751,0.2109,hold,,,0.0,,,0,0.0,109.078011,114795,0.177,hold,,,0.0,,,0,0.0
2022-04-08,70648378,21499740,False,False,,423.523743,51345,0.3078,hold,,,0.0,,,0,0.0,24.797874,0,0.0,hold,,,0.0,,,0,0.0,181.470001,82751,0.2126,hold,,,0.0,,,0,0.0,107.896568,114795,0.1753,hold,,,0.0,,,0,0.0
2022-04-11,70155162,21499740,False,False,,416.28476,51345,0.3047,hold,,,0.0,,,0,0.0,23.037533,0,0.0,hold,,,0.0,,,0,0.0,182.369995,82751,0.2151,hold,,,0.0,,,0,0.0,106.189133,114795,0.1738,hold,,,0.0,,,0,0.0
2022-04-12,70174994,21499740,False,False,,414.742371,51345,0.3035,hold,,,0.0,,,0,0.0,22.740953,0,0.0,hold,,,0.0,,,0,0.0,183.770004,82751,0.2167,hold,,,0.0,,,0,0.0,106.042549,114795,0.1735,hold,,,0.0,,,0,0.0
2022-04-13,70516458,21499740,False,False,,419.492523,51345,0.3054,hold,,,0.0,,,0,0.0,24.104261,0,0.0,hold,,,0.0,,,0,0.0,184.649994,82751,0.2167,hold,,,0.0,,,0,0.0,106.258133,114795,0.173,hold,,,0.0,,,0,0.0
2022-04-14,69953278,21499740,False,False,,414.269196,51345,0.3041,hold,,,0.0,,,0,0.0,22.482643,0,0.0,hold,,,0.0,,,0,0.0,184.039993,82751,0.2177,hold,,,0.0,,,0,0.0,104.128159,114795,0.1709,hold,,,0.0,,,0,0.0
2022-04-18,69949795,21499740,False,False,,414.439514,51345,0.3042,hold,,,0.0,,,0,0.0,22.544828,0,0.0,hold,,,0.0,,,0,0.0,184.610001,82751,0.2184,hold,,,0.0,,,0,0.0,103.610741,114795,0.17,hold,,,0.0,,,0,0.0
2022-04-19,69973332,21499740,False,False,,421.1297,51345,0.309,hold,,,0.0,,,0,0.0,23.994238,0,0.0,hold,,,0.0,,,0,0.0,181.820007,82751,0.215,hold,,,0.0,,,0,0.0,102.834618,114795,0.1687,hold,,,0.0,,,0,0.0
2022-04-20,70268531,21499740,False,False,,420.817383,51345,0.3075,hold,,,0.0,,,0,0.0,22.913162,0,0.0,hold,,,0.0,,,0,0.0,182.710007,82751,0.2152,hold,,,0.0,,,0,0.0,104.904274,114795,0.1714,hold,,,0.0,,,0,0.0
2022-04-21,69802550,21499740,False,False,,414.524689,51345,0.3049,hold,,,0.0,,,0,0.0,21.568983,0,0.0,hold,,,0.0,,,0,0.0,182.059998,82751,0.2158,hold,,,0.0,,,0,0.0,104.128159,114795,0.1712,hold,,,0.0,,,0,0.0
2022-04-22,68996832,21499740,False,False,,403.150452,51345,0.3,hold,,,0.0,,,0,0.0,19.856478,0,0.0,hold,,,0.0,,,0,0.0,180.289993,82751,0.2162,hold,,,0.0,,,0,0.0,103.472748,114795,0.1722,hold,,,0.0,,,0,0.0
2022-04-25,68967520,21499740,False,False,,405.487762,51345,0.3019,hold,,,0.0,,,0,0.0,20.59314,0,0.0,hold,,,0.0,,,0,0.0,177.050003,82751,0.2124,hold,,,0.0,,,0,0.0,104.507561,114795,0.174,hold,,,0.0,,,0,0.0
2022-04-26,68507680,21499740,False,False,,393.744507,51345,0.2951,hold,,,0.0,,,0,0.0,18.277908,0,0.0,hold,,,0.0,,,0,0.0,177.320007,82751,0.2142,hold,,,0.0,,,0,0.0,105.559647,114795,0.1769,hold,,,0.0,,,0,0.0
2022-04-27,68298219,21499740,False,False,,394.851685,51345,0.2968,hold,,,0.0,,,0,0.0,18.19659,0,0.0,hold,,,0.0,,,0,0.0,175.979996,82751,0.2132,hold,,,0.0,,,0,0.0,104.205742,114795,0.1751,hold,,,0.0,,,0,0.0
2022-04-28,68906753,21499740,False,False,,404.825378,51345,0.3017,hold,,,0.0,,,0,0.0,20.119574,0,0.0,hold,,,0.0,,,0,0.0,176.929993,82751,0.2125,hold,,,0.0,,,0,0.0,104.360985,114795,0.1739,hold,,,0.0,,,0,0.0
2022-04-29,67981526,21499740,False,False,,389.864807,51345,0.2945,sell,EXIT_ALL,signal sell,-20017609.0,,,0,0.0,17.474276,0,0.0,hold,,,0.0,,,0,0.0,176.910004,82751,0.2153,hold,,,0.0,,,0,0.0,103.00708,114795,0.1739,hold,,,0.0,,,0,0.0
2022-05-02,67448473,41460686,True,False,,392.211548,0,0.0,hold,,,0.0,EXIT_ALL,sell,51345,388.761232,18.297047,0,0.0,hold,,,0.0,,,0,0.0,173.630005,82751,0.213,hold,REDUCE_TO_TARGET,rebalance 2022-05-02,-878362.0,,,0,0.0,101.221573,114795,0.1723,hold,INCREASE_TO_TARGET,rebalance 2022-05-02,1869964.0,,,0,0.0
2022-05-03,67538868,40469101,False,True,monthly,394.009521,0,0.0,hold,,,0.0,,,0,0.0,18.340094,0,0.0,hold,,,0.0,,,0,0.0,174.089996,77685,0.2002,hold,,,0.0,REDUCE_TO_TARGET,sell,5066,173.368329,101.903976,132925,0.2006,hold,,,0.0,INCREASE_TO_TARGET,buy,18130,102.828256
2022-05-04,67746346,40469101,False,False,,406.00827,0,0.0,hold,,,0.0,,,0,0.0,20.157841,0,0.0,hold,,,0.0,,,0,0.0,175.800003,77685,0.2016,hold,,,0.0,,,0,0.0,102.465462,132925,0.201,hold,,,0.0,,,0,0.0
2022-05-05,67321125,40469101,False,False,,391.577515,0,0.0,hold,,,0.0,,,0,0.0,17.15378,0,0.0,hold,,,0.0,,,0,0.0,175.130005,77685,0.2021,hold,,,0.0,,,0,0.0,99.658073,132925,0.1968,hold,,,0.0,,,0,0.0
2022-05-06,67148457,40469101,False,False,,389.240173,0,0.0,hold,,,0.0,,,0,0.0,16.555832,0,0.0,hold,,,0.0,,,0,0.0,175.419998,77685,0.2029,hold,,,0.0,,,0,0.0,98.189606,132925,0.1944,hold,,,0.0,,,0,0.0
2022-05-09,67065960,40469101,False,False,,376.777802,0,0.0,hold,,,0.0,,,0,0.0,14.599367,0,0.0,hold,,,0.0,,,0,0.0,172.880005,77685,0.2003,hold,,,0.0,,,0,0.0,99.053421,132925,0.1963,hold,,,0.0,,,0,0.0
2022-05-10,67071952,40469101,False,False,,377.648407,0,0.0,hold,,,0.0,,,0,0.0,15.101639,0,0.0,hold,,,0.0,,,0,0.0,171.419998,77685,0.1985,hold,,,0.0,,,0,0.0,99.951767,132925,0.1981,hold,,,0.0,,,0,0.0
2022-05-11,67436765,40469101,False,False,,371.649017,0,0.0,hold,,,0.0,,,0,0.0,13.757463,0,0.0,hold,,,0.0,,,0,0.0,172.820007,77685,0.1991,hold,,,0.0,,,0,0.0,101.878067,132925,0.2008,hold,,,0.0,,,0,0.0
2022-05-12,67205639,40469101,False,False,,371.261047,0,0.0,hold,,,0.0,,,0,0.0,13.647443,0,0.0,hold,,,0.0,,,0,0.0,170.169998,77685,0.1967,hold,,,0.0,,,0,0.0,101.688034,132925,0.2011,hold,,,0.0,,,0,0.0
2022-05-13,66898640,40469101,False,False,,380.137085,0,0.0,hold,,,0.0,,,0,0.0,15.13034,0,0.0,hold,,,0.0,,,0,0.0,168.789993,77685,0.196,hold,,,0.0,,,0,0.0,100.184982,132925,0.1991,hold,,,0.0,,,0,0.0
2022-05-16,67009935,40469101,False,False,,378.594666,0,0.0,hold,,,0.0,,,0,0.0,14.661553,0,0.0,hold,,,0.0,,,0,0.0,170.399994,77685,0.1975,hold,,,0.0,,,0,0.0,100.081329,132925,0.1985,hold,,,0.0,,,0,0.0
2022-05-17,66766068,40469101,False,False,,386.382538,0,0.0,hold,,,0.0,,,0,0.0,15.76655,0,0.0,hold,,,0.0,,,0,0.0,169.330002,77685,0.197,hold,,,0.0,,,0,0.0,98.87204,132925,0.1968,hold,,,0.0,,,0,0.0
2022-05-18,67053224,40469101,False,False,,370.806824,0,0.0,hold,,,0.0,,,0,0.0,13.465667,0,0.0,hold,,,0.0,,,0,0.0,169.419998,77685,0.1963,hold,,,0.0,,,0,0.0,100.979729,132925,0.2002,hold,,,0.0,,,0,0.0
2022-05-19,67278807,40469101,False,False,,368.535828,0,0.0,hold,,,0.0,,,0,0.0,13.193007,0,0.0,hold,,,0.0,,,0,0.0,171.910004,77685,0.1985,hold,,,0.0,,,0,0.0,101.221573,132925,0.2,hold,,,0.0,,,0,0.0
2022-05-20,67440845,40469101,False,False,,368.696655,0,0.0,hold,,,0.0,,,0,0.0,13.078199,0,0.0,hold,,,0.0,,,0,0.0,172.029999,77685,0.1982,hold,,,0.0,,,0,0.0,102.370461,132925,0.2018,hold,,,0.0,,,0,0.0
2022-05-23,67279089,40469101,False,False,,375.595001,0,0.0,hold,,,0.0,,,0,0.0,13.723978,0,0.0,hold,,,0.0,,,0,0.0,172.830002,77685,0.1996,hold,,,0.0,,,0,0.0,100.68602,132925,0.1989,hold,,,0.0,,,0,0.0
2022-05-24,67644172,40469101,False,False,,372.727753,0,0.0,hold,,,0.0,,,0,0.0,12.867724,0,0.0,hold,,,0.0,,,0,0.0,174.130005,77685,0.2,hold,,,0.0,,,0,0.0,102.672798,132925,0.2018,hold,,,0.0,,,0,0.0
2022-05-25,67616570,40469101,False,False,,376.020813,0,0.0,hold,,,0.0,,,0,0.0,13.38435,0,0.0,hold,,,0.0,,,0,0.0,173.080002,77685,0.1989,hold,,,0.0,,,0,0.0,103.078796,132925,0.2026,hold,,,0.0,,,0,0.0
2022-05-26,67529702,40469101,False,False,,383.53421,0,0.0,hold,,,0.0,,,0,0.0,14.503695,0,0.0,hold,,,0.0,,,0,0.0,172.759995,77685,0.1987,hold,,,0.0,,,0,0.0,102.612305,132925,0.202,hold,,,0.0,,,0,0.0
2022-05-27,67569997,40469101,False,False,,392.949585,0,0.0,hold,,,0.0,,,0,0.0,15.924407,0,0.0,hold,,,0.0,,,0,0.0,172.850006,77685,0.1987,hold,,,0.0,,,0,0.0,102.862846,132925,0.2024,hold,,,0.0,,,0,0.0
2022-05-31,67147801,40469101,False,False,,390.744781,0,0.0,hold,,,0.0,,,0,0.0,15.809603,0,0.0,hold,,,0.0,,,0,0.0,171.139999,77685,0.198,hold,,,0.0,,,0,0.0,100.68602,132925,0.1993,hold,,,0.0,,,0,0.0
2022-06-01,67217179,40469101,True,False,,387.584229,0,0.0,hold,,,0.0,,,0,0.0,15.44127,0,0.0,hold,,,0.0,,,0,0.0,172.229996,77685,0.1991,hold,,,0.0,,,0,0.0,100.57093,132925,0.1989,hold,,,0.0,,,0,0.0
2022-06-02,67388772,40469101,False,False,,394.96521,0,0.0,hold,,,0.0,,,0,0.0,16.694557,0,0.0,hold,,,0.0,,,0,0.0,174.350006,77685,0.201,hold,,,0.0,,,0,0.0,100.622841,132925,0.1985,hold,,,0.0,,,0,0.0
2022-06-03,67222516,40469101,False,False,,388.483215,0,0.0,hold,,,0.0,,,0,0.0,15.374302,0,0.0,hold,,,0.0,,,0,0.0,172.580002,77685,0.1994,hold,,,0.0,,,0,0.0,100.406532,132925,0.1985,hold,,,0.0,,,0,0.0
2022-06-06,66917317,40469101,False,False,,389.666077,0,0.0,hold,,,0.0,,,0,0.0,15.565642,0,0.0,hold,,,0.0,,,0,0.0,171.820007,77685,0.1995,hold,,,0.0,,,0,0.0,98.554665,132925,0.1958,hold,,,0.0,,,0,0.0
2022-06-07,67145802,40469101,False,False,,393.403748,0,0.0,hold,,,0.0,,,0,0.0,15.943544,0,0.0,hold,,,0.0,,,0,0.0,172.940002,77685,0.2001,hold,,,0.0,,,0,0.0,99.619011,132925,0.1972,hold,,,0.0,,,0,0.0
2022-06-08,67016049,40469101,False,False,,389.126678,0,0.0,hold,,,0.0,,,0,0.0,15.61826,0,0.0,hold,,,0.0,,,0,0.0,172.779999,77685,0.2003,hold,,,0.0,,,0,0.0,98.736389,132925,0.1958,hold,,,0.0,,,0,0.0
2022-06-09,67017033,40469101,False,False,,379.87207,0,0.0,hold,,,0.0,,,0,0.0,14.34584,0,0.0,hold,,,0.0,,,0,0.0,172.229996,77685,0.1996,hold,,,0.0,,,0,0.0,99.065224,132925,0.1965,hold,,,0.0,,,0,0.0
2022-06-10,67114815,40469101,False,False,,368.857483,0,0.0,hold,,,0.0,,,0,0.0,12.815108,0,0.0,hold,,,0.0,,,0,0.0,174.539993,77685,0.202,hold,,,0.0,,,0,0.0,98.450821,132925,0.195,hold,,,0.0,,,0,0.0
2022-06-13,66346044,40469101,False,False,,354.852631,0,0.0,hold,,,0.0,,,0,0.0,11.040413,0,0.0,hold,,,0.0,,,0,0.0,169.929993,77685,0.199,hold,,,0.0,,,0,0.0,95.361534,132925,0.1911,hold,,,0.0,,,0,0.0
2022-06-14,66080507,40469101,False,False,,353.783295,0,0.0,hold,,,0.0,,,0,0.0,11.112165,0,0.0,hold,,,0.0,,,0,0.0,168.570007,77685,0.1982,hold,,,0.0,,,0,0.0,94.158699,132925,0.1894,hold,,,0.0,,,0,0.0
2022-06-15,66484917,40469101,False,False,,358.826996,0,0.0,hold,,,0.0,,,0,0.0,11.911016,0,0.0,hold,,,0.0,,,0,0.0,170.770004,77685,0.1995,hold,,,0.0,,,0,0.0,95.915352,132925,0.1918,hold,,,0.0,,,0,0.0
2022-06-16,66735296,40469101,False,False,,346.951294,0,0.0,hold,,,0.0,,,0,0.0,10.456821,0,0.0,hold,,,0.0,,,0,0.0,172.690002,77685,0.201,hold,,,0.0,,,0,0.0,96.676865,132925,0.1926,hold,,,0.0,,,0,0.0
2022-06-17,66666394,40469101,False,False,,347.699219,0,0.0,hold,,,0.0,,,0,0.0,10.844287,0,0.0,hold,,,0.0,,,0,0.0,171.270004,77685,0.1996,hold,,,0.0,,,0,0.0,96.988403,132925,0.1934,hold,,,0.0,,,0,0.0
2022-06-21,66398128,40469101,False,False,,356.452057,0,0.0,hold,,,0.0,,,0,0.0,11.662273,0,0.0,hold,,,0.0,,,0,0.0,170.630005,77685,0.1996,hold,,,0.0,,,0,0.0,95.344254,132925,0.1909,hold,,,0.0,,,0,0.0
2022-06-22,66799478,40469101,False,False,,355.805786,0,0.0,hold,,,0.0,,,0,0.0,11.619222,0,0.0,hold,,,0.0,,,0,0.0,171.309998,77685,0.1992,hold,,,0.0,,,0,0.0,97.966225,132925,0.1949,hold,,,0.0,,,0,0.0
2022-06-23,66824886,40469101,False,False,,359.29364,0,0.0,hold,,,0.0,,,0,0.0,12.11671,0,0.0,hold,,,0.0,,,0,0.0,170.259995,77685,0.1979,hold,,,0.0,,,0,0.0,98.771019,132925,0.1965,hold,,,0.0,,,0,0.0
2022-06-24,66629937,40469101,False,False,,370.71701,0,0.0,hold,,,0.0,,,0,0.0,13.38435,0,0.0,hold,,,0.0,,,0,0.0,170.089996,77685,0.1983,hold,,,0.0,,,0,0.0,97.403763,132925,0.1943,hold,,,0.0,,,0,0.0
2022-06-27,66504753,40469101,False,False,,369.300903,0,0.0,hold,,,0.0,,,0,0.0,13.068634,0,0.0,hold,,,0.0,,,0,0.0,169.899994,77685,0.1985,hold,,,0.0,,,0,0.0,96.573036,132925,0.193,hold,,,0.0,,,0,0.0
2022-06-28,66542813,40469101,False,False,,361.755035,0,0.0,hold,,,0.0,,,0,0.0,11.877531,0,0.0,hold,,,0.0,,,0,0.0,169.619995,77685,0.198,hold,,,0.0,,,0,0.0,97.023003,132925,0.1938,hold,,,0.0,,,0,0.0
2022-06-29,66734011,40469101,False,False,,361.460419,0,0.0,hold,,,0.0,,,0,0.0,11.90145,0,0.0,hold,,,0.0,,,0,0.0,169.490005,77685,0.1973,hold,,,0.0,,,0,0.0,98.537361,132925,0.1963,hold,,,0.0,,,0,0.0
2022-06-30,66769024,40469101,False,False,,358.523743,0,0.0,hold,,,0.0,,,0,0.0,11.480498,0,0.0,hold,,,0.0,,,0,0.0,168.460007,77685,0.196,hold,,,0.0,,,0,0.0,99.402725,132925,0.1979,hold,,,0.0,,,0,0.0
2022-07-01,66893801,40469101,True,False,,362.315826,0,0.0,hold,,,0.0,,,0,0.0,11.667054,0,0.0,hold,,,0.0,,,0,0.0,168.320007,77685,0.1955,hold,,,0.0,,,0,0.0,100.423248,132925,0.1996,hold,,,0.0,,,0,0.0
2022-07-05,66721345,40469101,False,False,,363.000031,0,0.0,hold,,,0.0,,,0,0.0,12.269782,0,0.0,hold,,,0.0,,,0,0.0,164.75,77685,0.1918,hold,,,0.0,,,0,0.0,101.212265,132925,0.2016,hold,,,0.0,,,0,0.0
2022-07-06,66292688,40469101,False,False,,364.225983,0,0.0,hold,,,0.0,,,0,0.0,12.504177,0,0.0,hold,,,0.0,,,0,0.0,162.139999,77685,0.19,hold,,,0.0,,,0,0.0,99.512817,132925,0.1995,hold,,,0.0,,,0,0.0
2022-07-07,66183273,40469101,False,False,,369.681061,0,0.0,hold,,,0.0,,,0,0.0,13.27911,0,0.0,hold,,,0.0,,,0,0.0,162.229996,77685,0.1904,hold,,,0.0,,,0,0.0,98.637085,132925,0.1981,hold,,,0.0,,,0,0.0
2022-07-08,66043495,40469101,False,False,,369.377014,0,0.0,hold,,,0.0,,,0,0.0,13.341295,0,0.0,hold,,,0.0,,,0,0.0,162.300003,77685,0.1909,hold,,,0.0,,,0,0.0,97.544617,132925,0.1963,hold,,,0.0,,,0,0.0
2022-07-11,66199497,40469101,False,False,,365.157349,0,0.0,hold,,,0.0,,,0,0.0,12.489826,0,0.0,hold,,,0.0,,,0,0.0,161.429993,77685,0.1894,hold,,,0.0,,,0,0.0,99.226685,132925,0.1992,hold,,,0.0,,,0,0.0
2022-07-12,66231262,40469101,False,False,,361.926147,0,0.0,hold,,,0.0,,,0,0.0,12.126277,0,0.0,hold,,,0.0,,,0,0.0,160.830002,77685,0.1886,hold,,,0.0,,,0,0.0,99.816307,132925,0.2003,hold,,,0.0,,,0,0.0
2022-07-13,66443216,40469101,False,False,,360.02533,0,0.0,hold,,,0.0,,,0,0.0,12.049739,0,0.0,hold,,,0.0,,,0,0.0,161.600006,77685,0.1889,hold,,,0.0,,,0,0.0,100.960831,132925,0.202,hold,,,0.0,,,0,0.0
2022-07-14,66157380,40469101,False,False,,359.151093,0,0.0,hold,,,0.0,,,0,0.0,12.174113,0,0.0,hold,,,0.0,,,0,0.0,159.330002,77685,0.1871,hold,,,0.0,,,0,0.0,100.137131,132925,0.2012,hold,,,0.0,,,0,0.0
2022-07-15,66207434,40469101,False,False,,366.012634,0,0.0,hold,,,0.0,,,0,0.0,12.815108,0,0.0,hold,,,0.0,,,0,0.0,159.009995,77685,0.1866,hold,,,0.0,,,0,0.0,100.700706,132925,0.2022,hold,,,0.0,,,0,0.0
2022-07-18,66079628,40469101,False,False,,362.990448,0,0.0,hold,,,0.0,,,0,0.0,12.518526,0,0.0,hold,,,0.0,,,0,0.0,159.160004,77685,0.1871,hold,,,0.0,,,0,0.0,99.65155,132925,0.2005,hold,,,0.0,,,0,0.0
2022-07-19,66037688,40469101,False,False,,372.798187,0,0.0,hold,,,0.0,,,0,0.0,13.613955,0,0.0,hold,,,0.0,,,0,0.0,159.539993,77685,0.1877,hold,,,0.0,,,0,0.0,99.11396,132925,0.1995,hold,,,0.0,,,0,0.0
2022-07-20,65955740,40469101,False,False,,375.174164,0,0.0,hold,,,0.0,,,0,0.0,14.298002,0,0.0,hold,,,0.0,,,0,0.0,158.039993,77685,0.1861,hold,,,0.0,,,0,0.0,99.3741,132925,0.2003,hold,,,0.0,,,0,0.0
2022-07-21,66357184,40469101,False,False,,378.994629,0,0.0,hold,,,0.0,,,0,0.0,14.905513,0,0.0,hold,,,0.0,,,0,0.0,160.270004,77685,0.1876,hold,,,0.0,,,0,0.0,101.090904,132925,0.2025,hold,,,0.0,,,0,0.0
2022-07-22,66614153,40469101,False,False,,375.478271,0,0.0,hold,,,0.0,,,0,0.0,14.125794,0,0.0,hold,,,0.0,,,0,0.0,160.669998,77685,0.1874,hold,,,0.0,,,0,0.0,102.790321,132925,0.2051,hold,,,0.0,,,0,0.0
2022-07-25,66446276,40469101,False,False,,375.934448,0,0.0,hold,,,0.0,,,0,0.0,13.915319,0,0.0,hold,,,0.0,,,0,0.0,160.229996,77685,0.1873,hold,,,0.0,,,0,0.0,101.784523,132925,0.2036,hold,,,0.0,,,0,0.0
2022-07-26,66441892,40469101,False,False,,371.486755,0,0.0,hold,,,0.0,,,0,0.0,13.073419,0,0.0,hold,,,0.0,,,0,0.0,160.039993,77685,0.1871,hold,,,0.0,,,0,0.0,101.862587,132925,0.2038,hold,,,0.0,,,0,0.0
2022-07-27,66492450,40469101,False,False,,381.132935,0,0.0,hold,,,0.0,,,0,0.0,14.704604,0,0.0,hold,,,0.0,,,0,0.0,161.669998,77685,0.1889,hold,,,0.0,,,0,0.0,101.290321,132925,0.2025,hold,,,0.0,,,0,0.0
2022-07-28,66752676,40469101,False,False,,385.913269,0,0.0,hold,,,0.0,,,0,0.0,15.125557,0,0.0,hold,,,0.0,,,0,0.0,163.639999,77685,0.1904,hold,,,0.0,,,0,0.0,102.096687,132925,0.2033,hold,,,0.0,,,0,0.0
2022-07-29,66751529,40469101,False,False,,391.539398,0,0.0,hold,,,0.0,,,0,0.0,15.957891,0,0.0,hold,,,0.0,,,0,0.0,164.100006,77685,0.191,hold,,,0.0,,,0,0.0,101.819214,132925,0.2028,hold,,,0.0,,,0,0.0
2022-08-01,67149727,40469101,True,False,,390.379883,0,0.0,hold,,,0.0,,,0,0.0,15.93398,0,0.0,hold,,,0.0,,,0,0.0,165.029999,77685,0.1909,hold,,,0.0,,,0,0.0,104.271362,132925,0.2064,hold,,,0.0,,,0,0.0
2022-08-02,66780319,40469101,False,False,,387.804443,0,0.0,hold,,,0.0,,,0,0.0,15.785685,0,0.0,hold,,,0.0,,,0,0.0,164.050003,77685,0.1908,hold,,,0.0,,,0,0.0,102.065025,132925,0.2032,hold,,,0.0,,,0,0.0
2022-08-03,67025002,40469101,False,False,,393.877289,0,0.0,hold,,,0.0,,,0,0.0,17.048538,0,0.0,hold,,,0.0,,,0,0.0,164.449997,77685,0.1906,hold,,,0.0,,,0,0.0,103.67202,132925,0.2056,hold,,,0.0,,,0,0.0
2022-08-04,67231683,40469101,False,False,,393.611145,0,0.0,hold,,,0.0,,,0,0.0,17.2925,0,0.0,hold,,,0.0,,,0,0.0,167.169998,77685,0.1932,hold,,,0.0,,,0,0.0,103.637245,132925,0.2049,hold,,,0.0,,,0,0.0
2022-08-05,66757721,40469101,False,False,,392.945953,0,0.0,hold,,,0.0,,,0,0.0,16.881117,0,0.0,hold,,,0.0,,,0,0.0,165.289993,77685,0.1923,hold,,,0.0,,,0,0.0,101.170341,132925,0.2014,hold,,,0.0,,,0,0.0
2022-08-08,67083556,40469101,False,False,,392.489746,0,0.0,hold,,,0.0,,,0,0.0,16.708912,0,0.0,hold,,,0.0,,,0,0.0,166.690002,77685,0.193,hold,,,0.0,,,0,0.0,102.803406,132925,0.2037,hold,,,0.0,,,0,0.0
2022-08-09,67070056,40469101,False,False,,390.931091,0,0.0,hold,,,0.0,,,0,0.0,16.134882,0,0.0,hold,,,0.0,,,0,0.0,167.199997,77685,0.1937,hold,,,0.0,,,0,0.0,102.403786,132925,0.203,hold,,,0.0,,,0,0.0
2022-08-10,66948524,40469101,False,False,,399.142273,0,0.0,hold,,,0.0,,,0,0.0,17.459923,0,0.0,hold,,,0.0,,,0,0.0,166.779999,77685,0.1935,hold,,,0.0,,,0,0.0,101.734955,132925,0.202,hold,,,0.0,,,0,0.0
2022-08-11,66599124,40469101,False,False,,399.142273,0,0.0,hold,,,0.0,,,0,0.0,17.196831,0,0.0,hold,,,0.0,,,0,0.0,166.339996,77685,0.194,hold,,,0.0,,,0,0.0,99.363556,132925,0.1983,hold,,,0.0,,,0,0.0
2022-08-12,66851924,40469101,False,False,,405.899323,0,0.0,hold,,,0.0,,,0,0.0,18.167887,0,0.0,hold,,,0.0,,,0,0.0,167.869995,77685,0.1951,hold,,,0.0,,,0,0.0,100.371208,132925,0.1996,hold,,,0.0,,,0,0.0
2022-08-15,66672577,40469101,False,False,,407.57193,0,0.0,hold,,,0.0,,,0,0.0,18.603188,0,0.0,hold,,,0.0,,,0,0.0,165.710007,77685,0.1931,hold,,,0.0,,,0,0.0,100.284325,132925,0.1999,hold,,,0.0,,,0,0.0
2022-08-16,66705470,40469101,False,False,,408.3703,0,0.0,hold,,,0.0,,,0,0.0,18.483599,0,0.0,hold,,,0.0,,,0,0.0,165.419998,77685,0.1926,hold,,,0.0,,,0,0.0,100.701271,132925,0.2007,hold,,,0.0,,,0,0.0
2022-08-17,66482634,40469101,False,False,,405.47171,0,0.0,hold,,,0.0,,,0,0.0,17.842607,0,0.0,hold,,,0.0,,,0,0.0,164.350006,77685,0.192,hold,,,0.0,,,0,0.0,99.6502,132925,0.1992,hold,,,0.0,,,0,0.0
2022-08-18,66468858,40469101,False,False,,406.650146,0,0.0,hold,,,0.0,,,0,0.0,17.962198,0,0.0,hold,,,0.0,,,0,0.0,163.919998,77685,0.1916,hold,,,0.0,,,0,0.0,99.797874,132925,0.1996,hold,,,0.0,,,0,0.0
2022-08-19,66162029,40469101,False,False,,401.185577,0,0.0,hold,,,0.0,,,0,0.0,16.909813,0,0.0,hold,,,0.0,,,0,0.0,162.720001,77685,0.1911,hold,,,0.0,,,0,0.0,98.190895,132925,0.1973,hold,,,0.0,,,0,0.0
2022-08-22,66034256,40469101,False,False,,392.831909,0,0.0,hold,,,0.0,,,0,0.0,15.579992,0,0.0,hold,,,0.0,,,0,0.0,161.639999,77685,0.1902,hold,,,0.0,,,0,0.0,97.86084,132925,0.197,hold,,,0.0,,,0,0.0
2022-08-23,66050449,40469101,False,False,,391.88147,0,0.0,hold,,,0.0,,,0,0.0,15.527373,0,0.0,hold,,,0.0,,,0,0.0,162.770004,77685,0.1914,hold,,,0.0,,,0,0.0,97.32225,132925,0.1959,hold,,,0.0,,,0,0.0
2022-08-24,65993058,40469101,False,False,,393.135986,0,0.0,hold,,,0.0,,,0,0.0,15.646962,0,0.0,hold,,,0.0,,,0,0.0,163.25,77685,0.1922,hold,,,0.0,,,0,0.0,96.609978,132925,0.1946,hold,,,0.0,,,0,0.0
2022-08-25,66210873,40469101,False,False,,398.686096,0,0.0,hold,,,0.0,,,0,0.0,16.469732,0,0.0,hold,,,0.0,,,0,0.0,163.75,77685,0.1921,hold,,,0.0,,,0,0.0,97.95639,132925,0.1967,hold,,,0.0,,,0,0.0
2022-08-26,66154422,40469101,False,False,,385.190948,0,0.0,hold,,,0.0,,,0,0.0,14.465426,0,0.0,hold,,,0.0,,,0,0.0,161.759995,77685,0.19,hold,,,0.0,,,0,0.0,98.694725,132925,0.1983,hold,,,0.0,,,0,0.0
2022-08-29,66053656,40469101,False,False,,382.644012,0,0.0,hold,,,0.0,,,0,0.0,14.020557,0,0.0,hold,,,0.0,,,0,0.0,161.860001,77685,0.1904,hold,,,0.0,,,0,0.0,97.878212,132925,0.197,hold,,,0.0,,,0,0.0
2022-08-30,65981111,40469101,False,False,,378.44339,0,0.0,hold,,,0.0,,,0,0.0,13.551771,0,0.0,hold,,,0.0,,,0,0.0,160.509995,77685,0.189,hold,,,0.0,,,0,0.0,98.121429,132925,0.1977,hold,,,0.0,,,0,0.0
2022-08-31,65760082,40469101,False,False,,375.563782,0,0.0,hold,,,0.0,,,0,0.0,13.303025,0,0.0,hold,,,0.0,,,0,0.0,159.270004,77685,0.1882,hold,,,0.0,,,0,0.0,97.183304,132925,0.1964,hold,,,0.0,,,0,0.0
2022-09-01,65414813,40469101,True,False,,376.742249,0,0.0,hold,,,0.0,,,0,0.0,13.317378,0,0.0,hold,,,0.0,,,0,0.0,157.869995,77685,0.1875,hold,,,0.0,,,0,0.0,95.404037,132925,0.1939,hold,,,0.0,,,0,0.0
2022-09-02,65594533,40469101,False,False,,372.769745,0,0.0,hold,,,0.0,,,0,0.0,12.762486,0,0.0,hold,,,0.0,,,0,0.0,159.259995,77685,0.1886,hold,,,0.0,,,0,0.0,95.943726,132925,0.1944,hold,,,0.0,,,0,0.0
2022-09-06,65206405,40469101,False,False,,371.36322,0,0.0,hold,,,0.0,,,0,0.0,12.470693,0,0.0,hold,,,0.0,,,0,0.0,158.330002,77685,0.1886,hold,,,0.0,,,0,0.0,93.567337,132925,0.1907,hold,,,0.0,,,0,0.0
2022-09-07,65528181,40469101,False,False,,378.034698,0,0.0,hold,,,0.0,,,0,0.0,13.207357,0,0.0,hold,,,0.0,,,0,0.0,159.940002,77685,0.1896,hold,,,0.0,,,0,0.0,95.047142,132925,0.1928,hold,,,0.0,,,0,0.0
2022-09-08,65324012,40469101,False,False,,380.505676,0,0.0,hold,,,0.0,,,0,0.0,13.422615,0,0.0,hold,,,0.0,,,0,0.0,158.979996,77685,0.1891,hold,,,0.0,,,0,0.0,94.07222,132925,0.1914,hold,,,0.0,,,0,0.0
2022-09-09,65417036,40469101,False,False,,386.416901,0,0.0,hold,,,0.0,,,0,0.0,14.274086,0,0.0,hold,,,0.0,,,0,0.0,159.820007,77685,0.1898,hold,,,0.0,,,0,0.0,94.28112,132925,0.1916,hold,,,0.0,,,0,0.0
2022-09-12,65376981,40469101,False,False,,390.570099,0,0.0,hold,,,0.0,,,0,0.0,14.795492,0,0.0,hold,,,0.0,,,0,0.0,160.630005,77685,0.1909,hold,,,0.0,,,0,0.0,93.506401,132925,0.1901,hold,,,0.0,,,0,0.0
2022-09-13,65243546,40469101,False,False,,373.587036,0,0.0,hold,,,0.0,,,0,0.0,12.360669,0,0.0,hold,,,0.0,,,0,0.0,158.539993,77685,0.1888,hold,,,0.0,,,0,0.0,93.724022,132925,0.191,hold,,,0.0,,,0,0.0
2022-09-14,65238967,40469101,False,False,,375.012573,0,0.0,hold,,,0.0,,,0,0.0,12.638115,0,0.0,hold,,,0.0,,,0,0.0,157.929993,77685,0.1881,hold,,,0.0,,,0,0.0,94.046074,132925,0.1916,hold,,,0.0,,,0,0.0
2022-09-15,65001699,40469101,False,False,,370.755005,0,0.0,hold,,,0.0,,,0,0.0,12.001903,0,0.0,hold,,,0.0,,,0,0.0,154.979996,77685,0.1852,hold,,,0.0,,,0,0.0,93.985161,132925,0.1922,hold,,,0.0,,,0,0.0
2022-09-16,64964372,40469101,False,False,,367.926483,0,0.0,hold,,,0.0,,,0,0.0,11.767511,0,0.0,hold,,,0.0,,,0,0.0,155.839996,77685,0.1864,hold,,,0.0,,,0,0.0,93.201736,132925,0.1907,hold,,,0.0,,,0,0.0
2022-09-19,65002622,40469101,False,False,,370.779755,0,0.0,hold,,,0.0,,,0,0.0,12.049739,0,0.0,hold,,,0.0,,,0,0.0,155.960007,77685,0.1864,hold,,,0.0,,,0,0.0,93.419357,132925,0.191,hold,,,0.0,,,0,0.0
2022-09-20,64809675,40469101,False,False,,366.523712,0,0.0,hold,,,0.0,,,0,0.0,11.762727,0,0.0,hold,,,0.0,,,0,0.0,155.070007,77685,0.1859,hold,,,0.0,,,0,0.0,92.487953,132925,0.1897,hold,,,0.0,,,0,0.0
2022-09-21,65071566,40469101,False,False,,360.130188,0,0.0,hold,,,0.0,,,0,0.0,11.116947,0,0.0,hold,,,0.0,,,0,0.0,155.789993,77685,0.186,hold,,,0.0,,,0,0.0,94.037384,132925,0.1921,hold,,,0.0,,,0,0.0
2022-09-22,64745223,40469101,False,False,,357.105164,0,0.0,hold,,,0.0,,,0,0.0,10.705564,0,0.0,hold,,,0.0,,,0,0.0,155.699997,77685,0.1868,hold,,,0.0,,,0,0.0,91.634888,132925,0.1881,hold,,,0.0,,,0,0.0
2022-09-23,64586000,40469101,False,False,,351.121918,0,0.0,hold,,,0.0,,,0,0.0,10.193727,0,0.0,hold,,,0.0,,,0,0.0,153.009995,77685,0.184,hold,,,0.0,,,0,0.0,92.009163,132925,0.1894,hold,,,0.0,,,0,0.0
2022-09-26,64213991,40469101,False,False,,347.648407,0,0.0,hold,,,0.0,,,0,0.0,10.055002,0,0.0,hold,,,0.0,,,0,0.0,151.229996,77685,0.183,hold,,,0.0,,,0,0.0,90.250801,132925,0.1868,hold,,,0.0,,,0,0.0
2022-09-27,63922192,40469101,False,False,,346.760864,0,0.0,hold,,,0.0,,,0,0.0,10.064569,0,0.0,hold,,,0.0,,,0,0.0,151.539993,77685,0.1842,hold,,,0.0,,,0,0.0,87.87442,132925,0.1827,hold,,,0.0,,,0,0.0
2022-09-28,64557997,40469101,False,False,,353.583923,0,0.0,hold,,,0.0,,,0,0.0,10.652946,0,0.0,hold,,,0.0,,,0,0.0,154.690002,77685,0.1861,hold,,,0.0,,,0,0.0,90.81665,132925,0.187,hold,,,0.0,,,0,0.0
2022-09-29,64493180,40469101,False,False,,346.197906,0,0.0,hold,,,0.0,,,0,0.0,9.753639,0,0.0,hold,,,0.0,,,0,0.0,154.660004,77685,0.1863,hold,,,0.0,,,0,0.0,90.346565,132925,0.1862,hold,,,0.0,,,0,0.0
2022-09-30,64338909,40469101,False,False,,340.844482,0,0.0,hold,,,0.0,,,0,0.0,9.241799,0,0.0,hold,,,0.0,,,0,0.0,154.669998,77685,0.1868,hold,,,0.0,,,0,0.0,89.180138,132925,0.1842,hold,,,0.0,,,0,0.0
2022-10-03,64819362,40469101,True,False,,349.843201,0,0.0,hold,,,0.0,,,0,0.0,9.882795,0,0.0,hold,,,0.0,,,0,0.0,158.429993,77685,0.1899,hold,,,0.0,,,0,0.0,90.59716,132925,0.1858,hold,,,0.0,,,0,0.0
2022-10-04,64962074,40469101,False,False,,360.683624,0,0.0,hold,,,0.0,,,0,0.0,10.801235,0,0.0,hold,,,0.0,,,0,0.0,160.699997,77685,0.1922,hold,,,0.0,,,0,0.0,90.344131,132925,0.1849,hold,,,0.0,,,0,0.0
2022-10-05,64778108,40469101,False,False,,359.843903,0,0.0,hold,,,0.0,,,0,0.0,10.801235,0,0.0,hold,,,0.0,,,0,0.0,159.809998,77685,0.1917,hold,,,0.0,,,0,0.0,89.480293,132925,0.1836,hold,,,0.0,,,0,0.0
2022-10-06,64698018,40469101,False,False,,356.131744,0,0.0,hold,,,0.0,,,0,0.0,10.528573,0,0.0,hold,,,0.0,,,0,0.0,159.630005,77685,0.1917,hold,,,0.0,,,0,0.0,88.982964,132925,0.1828,hold,,,0.0,,,0,0.0
2022-10-07,64447242,40469101,False,False,,346.197906,0,0.0,hold,,,0.0,,,0,0.0,9.327906,0,0.0,hold,,,0.0,,,0,0.0,157.880005,77685,0.1903,hold,,,0.0,,,0,0.0,88.11911,132925,0.1817,hold,,,0.0,,,0,0.0
2022-10-10,64078708,40469101,False,False,,343.554596,0,0.0,hold,,,0.0,,,0,0.0,9.036108,0,0.0,hold,,,0.0,,,0,0.0,155.479996,77685,0.1885,hold,,,0.0,,,0,0.0,86.749245,132925,0.18,hold,,,0.0,,,0,0.0
2022-10-11,64104875,40469101,False,False,,341.378815,0,0.0,hold,,,0.0,,,0,0.0,8.677343,0,0.0,hold,,,0.0,,,0,0.0,155.160004,77685,0.188,hold,,,0.0,,,0,0.0,87.133118,132925,0.1807,hold,,,0.0,,,0,0.0
2022-10-12,64226188,40469101,False,False,,340.252838,0,0.0,hold,,,0.0,,,0,0.0,8.658207,0,0.0,hold,,,0.0,,,0,0.0,155.990005,77685,0.1887,hold,,,0.0,,,0,0.0,87.560684,132925,0.1812,hold,,,0.0,,,0,0.0
2022-10-13,64030944,40469101,False,False,,349.232452,0,0.0,hold,,,0.0,,,0,0.0,9.237018,0,0.0,hold,,,0.0,,,0,0.0,154.910004,77685,0.1879,hold,,,0.0,,,0,0.0,86.723038,132925,0.18,hold,,,0.0,,,0,0.0
2022-10-14,63785902,40469101,False,False,,341.273895,0,0.0,hold,,,0.0,,,0,0.0,8.40468,0,0.0,hold,,,0.0,,,0,0.0,152.979996,77685,0.1863,hold,,,0.0,,,0,0.0,86.007523,132925,0.1792,hold,,,0.0,,,0,0.0
2022-10-17,63764412,40469101,False,False,,350.04364,0,0.0,hold,,,0.0,,,0,0.0,9.232234,0,0.0,hold,,,0.0,,,0,0.0,153.419998,77685,0.1869,hold,,,0.0,,,0,0.0,85.588707,132925,0.1784,hold,,,0.0,,,0,0.0
2022-10-18,63816725,40469101,False,False,,354.156494,0,0.0,hold,,,0.0,,,0,0.0,9.461845,0,0.0,hold,,,0.0,,,0,0.0,153.75,77685,0.1872,hold,,,0.0,,,0,0.0,85.789398,132925,0.1787,hold,,,0.0,,,0,0.0
2022-10-19,63449082,40469101,False,False,,351.646698,0,0.0,hold,,,0.0,,,0,0.0,9.347039,0,0.0,hold,,,0.0,,,0,0.0,151.690002,77685,0.1857,hold,,,0.0,,,0,0.0,84.227524,132925,0.1765,hold,,,0.0,,,0,0.0
2022-10-20,63239065,40469101,False,False,,348.69809,0,0.0,hold,,,0.0,,,0,0.0,9.18918,0,0.0,hold,,,0.0,,,0,0.0,151.449997,77685,0.186,hold,,,0.0,,,0,0.0,82.787819,132925,0.174,hold,,,0.0,,,0,0.0
2022-10-21,63250481,40469101,False,False,,357.171936,0,0.0,hold,,,0.0,,,0,0.0,9.839744,0,0.0,hold,,,0.0,,,0,0.0,154.149994,77685,0.1893,hold,,,0.0,,,0,0.0,81.295753,132925,0.1708,hold,,,0.0,,,0,0.0
2022-10-24,63122332,40469101,False,False,,361.542511,0,0.0,hold,,,0.0,,,0,0.0,10.174593,0,0.0,hold,,,0.0,,,0,0.0,153.649994,77685,0.1891,hold,,,0.0,,,0,0.0,80.623894,132925,0.1698,hold,,,0.0,,,0,0.0
2022-10-25,63461518,40469101,False,False,,367.315765,0,0.0,hold,,,0.0,,,0,0.0,10.786884,0,0.0,hold,,,0.0,,,0,0.0,154.0,77685,0.1885,hold,,,0.0,,,0,0.0,82.971054,132925,0.1738,hold,,,0.0,,,0,0.0
2022-10-26,63696549,40469101,False,False,,364.548401,0,0.0,hold,,,0.0,,,0,0.0,10.074137,0,0.0,hold,,,0.0,,,0,0.0,154.979996,77685,0.189,hold,,,0.0,,,0,0.0,84.166466,132925,0.1756,hold,,,0.0,,,0,0.0
2022-10-27,63795048,40469101,False,False,,362.601776,0,0.0,hold,,,0.0,,,0,0.0,9.519247,0,0.0,hold,,,0.0,,,0,0.0,154.740005,77685,0.1884,hold,,,0.0,,,0,0.0,85.047737,132925,0.1772,hold,,,0.0,,,0,0.0
2022-10-28,63594598,40469101,False,False,,371.228302,0,0.0,hold,,,0.0,,,0,0.0,10.380282,0,0.0,hold,,,0.0,,,0,0.0,153.160004,77685,0.1871,hold,,,0.0,,,0,0.0,84.463135,132925,0.1765,hold,,,0.0,,,0,0.0
2022-10-31,63417466,40469101,False,False,,368.546783,0,0.0,hold,,,0.0,,,0,0.0,10.021518,0,0.0,hold,,,0.0,,,0,0.0,151.910004,77685,0.1861,hold,,,0.0,,,0,0.0,83.861099,132925,0.1758,hold,,,0.0,,,0,0.0
2022-11-01,63642052,40469101,True,False,,366.934113,0,0.0,hold,,,0.0,,,0,0.0,9.710589,0,0.0,hold,,,0.0,,,0,0.0,153.460007,77685,0.1873,hold,INCREASE_TO_TARGET,rebalance 2022-11-01,806870.0,,,0,0.0,84.644806,132925,0.1768,hold,INCREASE_TO_TARGET,rebalance 2022-11-01,1477000.0,,,0,0.0
2022-11-02,63485515,38185287,False,True,monthly,357.725433,0,0.0,hold,,,0.0,,,0,0.0,8.706044,0,0.0,hold,,,0.0,,,0,0.0,152.389999,82903,0.199,hold,,,0.0,INCREASE_TO_TARGET,buy,5218,154.160004,84.277397,150297,0.1995,hold,,,0.0,INCREASE_TO_TARGET,buy,17372,84.767234
2022-11-03,63369073,38185287,False,False,,354.041931,0,0.0,hold,,,0.0,,,0,0.0,8.203773,0,0.0,hold,,,0.0,,,0,0.0,151.809998,82903,0.1986,hold,,,0.0,,,0,0.0,83.822578,150297,0.1988,hold,,,0.0,,,0,0.0
2022-11-04,63543742,38185287,False,False,,359.137756,0,0.0,hold,,,0.0,,,0,0.0,8.586458,0,0.0,hold,,,0.0,,,0,0.0,156.470001,82903,0.2041,hold,,,0.0,,,0,0.0,82.414307,150297,0.1949,hold,,,0.0,,,0,0.0
2022-11-07,63368767,38185287,False,False,,362.573059,0,0.0,hold,,,0.0,,,0,0.0,8.859117,0,0.0,hold,,,0.0,,,0,0.0,155.850006,82903,0.2039,hold,,,0.0,,,0,0.0,81.592094,150297,0.1935,hold,,,0.0,,,0,0.0
2022-11-08,63801307,38185287,False,False,,364.529297,0,0.0,hold,,,0.0,,,0,0.0,9.050459,0,0.0,hold,,,0.0,,,0,0.0,159.449997,82903,0.2072,hold,,,0.0,,,0,0.0,82.484261,150297,0.1943,hold,,,0.0,,,0,0.0
2022-11-09,63775741,38185287,False,False,,357.019287,0,0.0,hold,,,0.0,,,0,0.0,8.419033,0,0.0,hold,,,0.0,,,0,0.0,158.649994,82903,0.2062,hold,,,0.0,,,0,0.0,82.75544,150297,0.195,hold,,,0.0,,,0,0.0
2022-11-10,64654698,38185287,False,False,,376.638977,0,0.0,hold,,,0.0,,,0,0.0,10.260695,0,0.0,hold,,,0.0,,,0,0.0,163.479996,82903,0.2096,hold,,,0.0,,,0,0.0,85.939369,150297,0.1998,hold,,,0.0,,,0,0.0
2022-11-11,64696904,38185287,False,False,,380.284241,0,0.0,hold,,,0.0,,,0,0.0,10.844287,0,0.0,hold,,,0.0,,,0,0.0,164.559998,82903,0.2109,hold,,,0.0,,,0,0.0,85.624466,150297,0.1989,hold,,,0.0,,,0,0.0
2022-11-14,64695195,38185287,False,False,,377.049286,0,0.0,hold,,,0.0,,,0,0.0,10.557275,0,0.0,hold,,,0.0,,,0,0.0,164.919998,82903,0.2113,hold,,,0.0,,,0,0.0,85.41452,150297,0.1984,hold,,,0.0,,,0,0.0
2022-11-15,64950997,38185287,False,False,,380.265137,0,0.0,hold,,,0.0,,,0,0.0,10.983008,0,0.0,hold,,,0.0,,,0,0.0,165.5,82903,0.2112,hold,,,0.0,,,0,0.0,86.79657,150297,0.2008,hold,,,0.0,,,0,0.0
2022-11-16,65204773,38185287,False,False,,377.364166,0,0.0,hold,,,0.0,,,0,0.0,10.538141,0,0.0,hold,,,0.0,,,0,0.0,165.119995,82903,0.2099,hold,,,0.0,,,0,0.0,88.694672,150297,0.2044,hold,,,0.0,,,0,0.0
2022-11-17,64964618,38185287,False,False,,376.209534,0,0.0,hold,,,0.0,,,0,0.0,10.456821,0,0.0,hold,,,0.0,,,0,0.0,163.919998,82903,0.2092,hold,,,0.0,,,0,0.0,87.75872,150297,0.203,hold,,,0.0,,,0,0.0
2022-11-18,64780229,38185287,False,False,,377.917633,0,0.0,hold,,,0.0,,,0,0.0,10.447252,0,0.0,hold,,,0.0,,,0,0.0,162.789993,82903,0.2083,hold,,,0.0,,,0,0.0,87.15519,150297,0.2022,hold,,,0.0,,,0,0.0
2022-11-21,64759999,38185287,False,False,,376.543518,0,0.0,hold,,,0.0,,,0,0.0,10.131538,0,0.0,hold,,,0.0,,,0,0.0,161.880005,82903,0.2072,hold,,,0.0,,,0,0.0,87.522537,150297,0.2031,hold,,,0.0,,,0,0.0
2022-11-22,64962431,38185287,False,False,,381.610657,0,0.0,hold,,,0.0,,,0,0.0,10.557275,0,0.0,hold,,,0.0,,,0,0.0,162.070007,82903,0.2068,hold,,,0.0,,,0,0.0,88.76461,150297,0.2054,hold,,,0.0,,,0,0.0
2022-11-23,65278860,38185287,False,False,,384.015472,0,0.0,hold,,,0.0,,,0,0.0,10.87299,0,0.0,hold,,,0.0,,,0,0.0,163.080002,82903,0.2071,hold,,,0.0,,,0,0.0,90.312859,150297,0.2079,hold,,,0.0,,,0,0.0
2022-11-25,65244454,38185287,False,False,,383.929565,0,0.0,hold,,,0.0,,,0,0.0,10.648162,0,0.0,hold,,,0.0,,,0,0.0,163.220001,82903,0.2074,hold,,,0.0,,,0,0.0,90.006721,150297,0.2073,hold,,,0.0,,,0,0.0
2022-11-28,65175634,38185287,False,False,,377.803192,0,0.0,hold,,,0.0,,,0,0.0,10.179376,0,0.0,hold,,,0.0,,,0,0.0,161.929993,82903,0.206,hold,,,0.0,,,0,0.0,90.260384,150297,0.2081,hold,,,0.0,,,0,0.0
2022-11-29,65082883,38185287,False,False,,377.154266,0,0.0,hold,,,0.0,,,0,0.0,9.935415,0,0.0,hold,,,0.0,,,0,0.0,162.729996,82903,0.2073,hold,,,0.0,,,0,0.0,89.201988,150297,0.206,hold,,,0.0,,,0,0.0
2022-11-30,65353917,38185287,False,False,,389.03479,0,0.0,hold,,,0.0,,,0,0.0,11.270022,0,0.0,hold,,,0.0,,,0,0.0,164.809998,82903,0.2091,hold,,,0.0,,,0,0.0,89.857994,150297,0.2067,hold,,,0.0,,,0,0.0
2022-12-01,66036555,38185287,True,False,,388.748627,0,0.0,hold,,,0.0,,,0,0.0,11.332211,0,0.0,hold,,,0.0,,,0,0.0,167.839996,82903,0.2107,hold,,,0.0,,,0,0.0,92.728592,150297,0.211,hold,,,0.0,,,0,0.0
2022-12-02,66163737,38185287,False,False,,388.300049,0,0.0,hold,,,0.0,,,0,0.0,11.19827,0,0.0,hold,,,0.0,,,0,0.0,167.259995,82903,0.2096,hold,,,0.0,,,0,0.0,93.894722,150297,0.2133,hold,,,0.0,,,0,0.0
2022-12-05,65728136,38185287,False,False,,381.31488,0,0.0,hold,,,0.0,,,0,0.0,10.633811,0,0.0,hold,,,0.0,,,0,0.0,164.389999,82903,0.2073,hold,,,0.0,,,0,0.0,92.579529,150297,0.2117,hold,,,0.0,,,0,0.0
2022-12-06,65944663,38185287,False,False,,375.818298,0,0.0,hold,,,0.0,,,0,0.0,9.959332,0,0.0,hold,,,0.0,,,0,0.0,164.839996,82903,0.2072,hold,,,0.0,,,0,0.0,93.771973,150297,0.2137,hold,,,0.0,,,0,0.0
2022-12-07,66400271,38185287,False,False,,375.178925,0,0.0,hold,,,0.0,,,0,0.0,9.839744,0,0.0,hold,,,0.0,,,0,0.0,166.330002,82903,0.2077,hold,,,0.0,,,0,0.0,95.981476,150297,0.2173,hold,,,0.0,,,0,0.0
2022-12-08,66372339,38185287,False,False,,378.118103,0,0.0,hold,,,0.0,,,0,0.0,10.188941,0,0.0,hold,,,0.0,,,0,0.0,166.470001,82903,0.2079,hold,,,0.0,,,0,0.0,95.718414,150297,0.2167,hold,,,0.0,,,0,0.0
2022-12-09,66047006,38185287,False,False,,375.293457,0,0.0,hold,,,0.0,,,0,0.0,9.992818,0,0.0,hold,,,0.0,,,0,0.0,167.059998,82903,0.2097,hold,,,0.0,,,0,0.0,93.228371,150297,0.2122,hold,,,0.0,,,0,0.0
2022-12-12,65977399,38185287,False,False,,380.704163,0,0.0,hold,,,0.0,,,0,0.0,10.356367,0,0.0,hold,,,0.0,,,0,0.0,165.679993,82903,0.2082,hold,,,0.0,,,0,0.0,93.526443,150297,0.2131,hold,,,0.0,,,0,0.0
2022-12-13,66347751,38185287,False,False,,383.586029,0,0.0,hold,,,0.0,,,0,0.0,10.681649,0,0.0,hold,,,0.0,,,0,0.0,168.509995,82903,0.2106,hold,,,0.0,,,0,0.0,94.429565,150297,0.2139,hold,,,0.0,,,0,0.0
2022-12-14,66374377,38185287,False,False,,381.133575,0,0.0,hold,,,0.0,,,0,0.0,10.428119,0,0.0,hold,,,0.0,,,0,0.0,168.100006,82903,0.21,hold,,,0.0,,,0,0.0,94.83287,150297,0.2147,hold,,,0.0,,,0,0.0
2022-12-15,66202008,38185287,False,False,,371.810394,0,0.0,hold,,,0.0,,,0,0.0,9.394874,0,0.0,hold,,,0.0,,,0,0.0,165.350006,82903,0.2071,hold,,,0.0,,,0,0.0,95.202896,150297,0.2161,hold,,,0.0,,,0,0.0
2022-12-16,66161550,38185287,False,False,,367.420746,0,0.0,hold,,,0.0,,,0,0.0,9.117428,0,0.0,hold,,,0.0,,,0,0.0,166.789993,82903,0.209,hold,,,0.0,,,0,0.0,94.13942,150297,0.2139,hold,,,0.0,,,0,0.0
2022-12-19,65884813,38185287,False,False,,364.305145,0,0.0,hold,,,0.0,,,0,0.0,8.739533,0,0.0,hold,,,0.0,,,0,0.0,166.320007,82903,0.2093,hold,,,0.0,,,0,0.0,92.557396,150297,0.2111,hold,,,0.0,,,0,0.0
2022-12-20,65866602,38185287,False,False,,364.80365,0,0.0,hold,,,0.0,,,0,0.0,8.701261,0,0.0,hold,,,0.0,,,0,0.0,169.080002,82903,0.2128,hold,,,0.0,,,0,0.0,90.913834,150297,0.2075,hold,,,0.0,,,0,0.0
2022-12-21,65877737,38185287,False,False,,370.258392,0,0.0,hold,,,0.0,,,0,0.0,9.07916,0,0.0,hold,,,0.0,,,0,0.0,168.800003,82903,0.2124,hold,,,0.0,,,0,0.0,91.142365,150297,0.2079,hold,,,0.0,,,0,0.0
2022-12-22,65705969,38185287,False,False,,364.976196,0,0.0,hold,,,0.0,,,0,0.0,8.433877,0,0.0,hold,,,0.0,,,0,0.0,166.759995,82903,0.2104,hold,,,0.0,,,0,0.0,91.124763,150297,0.2084,hold,,,0.0,,,0,0.0
2022-12-23,65546638,38185287,False,False,,367.075623,0,0.0,hold,,,0.0,,,0,0.0,8.457919,0,0.0,hold,,,0.0,,,0,0.0,167.259995,82903,0.2115,hold,,,0.0,,,0,0.0,89.788857,150297,0.2059,hold,,,0.0,,,0,0.0
2022-12-27,65396693,38185287,False,False,,365.628082,0,0.0,hold,,,0.0,,,0,0.0,8.097292,0,0.0,hold,,,0.0,,,0,0.0,168.669998,82903,0.2138,hold,,,0.0,,,0,0.0,88.013451,150297,0.2023,hold,,,0.0,,,0,0.0
2022-12-28,65255753,38185287,False,False,,361.084106,0,0.0,hold,,,0.0,,,0,0.0,7.770322,0,0.0,hold,,,0.0,,,0,0.0,167.910004,82903,0.2133,hold,,,0.0,,,0,0.0,87.494919,150297,0.2015,hold,,,0.0,,,0,0.0
2022-12-29,65482952,38185287,False,False,,367.58371,0,0.0,hold,,,0.0,,,0,0.0,8.318475,0,0.0,hold,,,0.0,,,0,0.0,168.850006,82903,0.2138,hold,,,0.0,,,0,0.0,88.488083,150297,0.2031,hold,,,0.0,,,0,0.0
2022-12-30,65400495,38185287,False,False,,366.615448,0,0.0,hold,,,0.0,,,0,0.0,8.318475,0,0.0,hold,,,0.0,,,0,0.0,169.639999,82903,0.215,hold,,,0.0,,,0,0.0,87.5037,150297,0.2011,hold,,,0.0,,,0,0.0
2023-01-03,65769197,38185287,True,False,,365.072021,0,0.0,hold,,,0.0,,,0,0.0,8.130951,0,0.0,hold,,,0.0,,,0,0.0,171.059998,82903,0.2156,hold,,,0.0,,,0,0.0,89.173592,150297,0.2038,hold,,,0.0,,,0,0.0
2023-01-04,66086287,38185287,False,False,,367.890503,0,0.0,hold,,,0.0,,,0,0.0,8.255967,0,0.0,hold,,,0.0,,,0,0.0,172.669998,82903,0.2166,hold,,,0.0,,,0,0.0,90.395279,150297,0.2056,hold,,,0.0,,,0,0.0
2023-01-05,65964848,38185287,False,False,,363.69162,0,0.0,hold,,,0.0,,,0,0.0,7.86649,0,0.0,hold,,,0.0,,,0,0.0,170.520004,82903,0.2143,hold,,,0.0,,,0,0.0,90.773216,150297,0.2068,hold,,,0.0,,,0,0.0
2023-01-06,66480295,38185287,False,False,,372.03183,0,0.0,hold,,,0.0,,,0,0.0,8.481959,0,0.0,hold,,,0.0,,,0,0.0,173.710007,82903,0.2166,hold,,,0.0,,,0,0.0,92.443146,150297,0.209,hold,,,0.0,,,0,0.0
2023-01-09,66586599,38185287,False,False,,371.820862,0,0.0,hold,,,0.0,,,0,0.0,8.659871,0,0.0,hold,,,0.0,,,0,0.0,174.100006,82903,0.2168,hold,,,0.0,,,0,0.0,92.935318,150297,0.2098,hold,,,0.0,,,0,0.0
2023-01-10,66408486,38185287,False,False,,374.428406,0,0.0,hold,,,0.0,,,0,0.0,8.890672,0,0.0,hold,,,0.0,,,0,0.0,174.740005,82903,0.2181,hold,,,0.0,,,0,0.0,91.397224,150297,0.2069,hold,,,0.0,,,0,0.0
2023-01-11,66621784,38185287,False,False,,379.164124,0,0.0,hold,,,0.0,,,0,0.0,9.333044,0,0.0,hold,,,0.0,,,0,0.0,174.619995,82903,0.2173,hold,,,0.0,,,0,0.0,92.882599,150297,0.2095,hold,,,0.0,,,0,0.0
2023-01-12,67064008,38185287,False,False,,380.544647,0,0.0,hold,,,0.0,,,0,0.0,9.477292,0,0.0,hold,,,0.0,,,0,0.0,176.639999,82903,0.2184,hold,,,0.0,,,0,0.0,94.710709,150297,0.2123,hold,,,0.0,,,0,0.0
2023-01-13,67106343,38185287,False,False,,382.020966,0,0.0,hold,,,0.0,,,0,0.0,9.664821,0,0.0,hold,,,0.0,,,0,0.0,178.759995,82903,0.2208,hold,,,0.0,,,0,0.0,93.823006,150297,0.2101,hold,,,0.0,,,0,0.0
2023-01-17,66918200,38185287,False,False,,381.321075,0,0.0,hold,,,0.0,,,0,0.0,9.717712,0,0.0,hold,,,0.0,,,0,0.0,177.589996,82903,0.22,hold,,,0.0,,,0,0.0,93.216568,150297,0.2094,hold,,,0.0,,,0,0.0
2023-01-18,67215405,38185287,False,False,,375.300781,0,0.0,hold,,,0.0,,,0,0.0,9.357085,0,0.0,hold,,,0.0,,,0,0.0,177.080002,82903,0.2184,hold,,,0.0,,,0,0.0,95.475327,150297,0.2135,hold,,,0.0,,,0,0.0
2023-01-19,67358542,38185287,False,False,,372.568665,0,0.0,hold,,,0.0,,,0,0.0,9.063774,0,0.0,hold,,,0.0,,,0,0.0,179.889999,82903,0.2214,hold,,,0.0,,,0,0.0,94.877708,150297,0.2117,hold,,,0.0,,,0,0.0
2023-01-20,67077628,38185287,False,False,,379.509247,0,0.0,hold,,,0.0,,,0,0.0,9.804262,0,0.0,hold,,,0.0,,,0,0.0,179.289993,82903,0.2216,hold,,,0.0,,,0,0.0,93.339607,150297,0.2091,hold,,,0.0,,,0,0.0
2023-01-23,67039768,38185287,False,False,,384.062866,0,0.0,hold,,,0.0,,,0,0.0,10.448584,0,0.0,hold,,,0.0,,,0,0.0,179.630005,82903,0.2221,hold,,,0.0,,,0,0.0,92.900162,150297,0.2083,hold,,,0.0,,,0,0.0
2023-01-24,67294445,38185287,False,False,,383.650665,0,0.0,hold,,,0.0,,,0,0.0,10.386077,0,0.0,hold,,,0.0,,,0,0.0,180.279999,82903,0.2221,hold,,,0.0,,,0,0.0,94.236115,150297,0.2105,hold,,,0.0,,,0,0.0
2023-01-25,67397597,38185287,False,False,,383.794434,0,0.0,hold,,,0.0,,,0,0.0,10.309141,0,0.0,hold,,,0.0,,,0,0.0,181.110001,82903,0.2228,hold,,,0.0,,,0,0.0,94.464615,150297,0.2107,hold,,,0.0,,,0,0.0
2023-01-26,67195584,38185287,False,False,,388.012451,0,0.0,hold,,,0.0,,,0,0.0,10.90538,0,0.0,hold,,,0.0,,,0,0.0,179.470001,82903,0.2214,hold,,,0.0,,,0,0.0,94.025139,150297,0.2103,hold,,,0.0,,,0,0.0
2023-01-27,67139194,38185287,False,False,,388.904022,0,0.0,hold,,,0.0,,,0,0.0,11.217921,0,0.0,hold,,,0.0,,,0,0.0,179.220001,82903,0.2213,hold,,,0.0,,,0,0.0,93.787842,150297,0.21,hold,,,0.0,,,0,0.0
2023-01-30,67049544,38185287,False,False,,384.024536,0,0.0,hold,,,0.0,,,0,0.0,10.544752,0,0.0,hold,,,0.0,,,0,0.0,178.759995,82903,0.221,hold,,,0.0,,,0,0.0,93.445099,150297,0.2095,hold,,,0.0,,,0,0.0
2023-01-31,67215715,38185287,False,False,,389.67099,0,0.0,hold,,,0.0,,,0,0.0,11.015971,0,0.0,hold,,,0.0,,,0,0.0,179.410004,82903,0.2213,hold,,,0.0,,,0,0.0,94.192169,150297,0.2106,hold,,,0.0,,,0,0.0
2023-02-01,67573255,38185287,True,False,,393.812286,0,0.0,hold,,,0.0,,,0,0.0,11.727608,0,0.0,hold,,,0.0,,,0,0.0,181.669998,82903,0.2229,hold,REDUCE_TO_TARGET,rebalance 2023-02-01,-1546337.0,,,0,0.0,95.324463,150297,0.212,hold,REDUCE_TO_TARGET,rebalance 2023-02-01,-812330.0,,,0,0.0
2023-02-02,67303878,40543884,False,True,monthly,399.545013,0,0.0,hold,,,0.0,,,0,0.0,12.939317,0,0.0,hold,,,0.0,,,0,0.0,177.899994,74338,0.1965,hold,,,0.0,REDUCE_TO_TARGET,sell,8565,180.536762,95.447815,141808,0.2011,hold,,,0.0,REDUCE_TO_TARGET,sell,8489,95.688583
2023-02-03,66771389,40543884,False,False,,395.298157,0,0.0,hold,,,0.0,,,0,0.0,12.270954,0,0.0,hold,,,0.0,,,0,0.0,173.460007,74338,0.1931,hold,,,0.0,,,0,0.0,94.020325,141808,0.1997,hold,,,0.0,,,0,0.0
2023-02-06,66699437,40543884,False,False,,392.882416,0,0.0,buy,ENTER_TO_TARGET,signal_buy+rebalance,20009831.0,,,0,0.0,11.958412,0,0.0,hold,,,0.0,,,0,0.0,173.820007,74338,0.1937,hold,INCREASE_TO_TARGET,rebalance 2023-02-06,418456.0,,,0,0.0,93.324219,141808,0.1984,hold,INCREASE_TO_TARGET,rebalance 2023-02-06,105767.0,,,0,0.0
2023-02-07,66852419,20010237,False,True,daily,398.020721,50897,0.303,hold,,,0.0,ENTER_TO_TARGET,buy,50897,391.962064,12.698901,0,0.0,hold,,,0.0,,,0,0.0,173.979996,76739,0.1997,hold,,,0.0,INCREASE_TO_TARGET,buy,2401,173.720001,92.575211,142944,0.1979,hold,,,0.0,INCREASE_TO_TARGET,buy,1136,92.813129
2023-02-08,66726886,20010237,False,False,,393.668518,50897,0.3003,hold,,,0.0,,,0,0.0,12.016112,0,0.0,hold,,,0.0,,,0,0.0,174.410004,76739,0.2006,hold,,,0.0,,,0,0.0,93.015816,142944,0.1993,hold,,,0.0,,,0,0.0
2023-02-09,66321328,20010237,False,False,,390.255737,50897,0.2995,hold,,,0.0,,,0,0.0,11.69395,0,0.0,hold,,,0.0,,,0,0.0,173.029999,76739,0.2002,hold,,,0.0,,,0,0.0,92.134651,142944,0.1986,hold,,,0.0,,,0,0.0
2023-02-10,66245638,20010237,False,False,,391.166534,50897,0.3005,hold,,,0.0,,,0,0.0,11.453532,0,0.0,hold,,,0.0,,,0,0.0,173.360001,76739,0.2008,hold,,,0.0,,,0,0.0,91.103683,142944,0.1966,hold,,,0.0,,,0,0.0
2023-02-13,66521400,20010237,False,False,,395.758362,50897,0.3028,hold,,,0.0,,,0,0.0,11.996878,0,0.0,hold,,,0.0,,,0,0.0,172.479996,76739,0.199,hold,,,0.0,,,0,0.0,91.870293,142944,0.1974,hold,,,0.0,,,0,0.0
2023-02-14,66491876,20010237,False,False,,395.576233,50897,0.3028,hold,,,0.0,,,0,0.0,12.256529,0,0.0,hold,,,0.0,,,0,0.0,172.610001,76739,0.1992,hold,,,0.0,,,0,0.0,91.658806,142944,0.197,hold,,,0.0,,,0,0.0
2023-02-15,66303086,20010237,False,False,,396.860779,50897,0.3046,hold,,,0.0,,,0,0.0,12.530606,0,0.0,hold,,,0.0,,,0,0.0,170.889999,76739,0.1978,hold,,,0.0,,,0,0.0,90.804077,142944,0.1958,hold,,,0.0,,,0,0.0
2023-02-16,65830333,20010237,False,False,,391.396545,50897,0.3026,hold,,,0.0,,,0,0.0,11.81416,0,0.0,hold,,,0.0,,,0,0.0,170.75,76739,0.199,hold,,,0.0,,,0,0.0,89.517586,142944,0.1944,hold,,,0.0,,,0,0.0
2023-02-17,65919201,20010237,False,False,,390.418671,50897,0.3014,hold,,,0.0,,,0,0.0,11.559318,0,0.0,hold,,,0.0,,,0,0.0,171.259995,76739,0.1994,hold,,,0.0,,,0,0.0,90.213676,142944,0.1956,hold,,,0.0,,,0,0.0
2023-02-21,65220802,20010237,False,False,,382.586578,50897,0.2986,hold,,,0.0,,,0,0.0,10.746701,0,0.0,hold,,,0.0,,,0,0.0,170.619995,76739,0.2008,hold,,,0.0,,,0,0.0,88.460152,142944,0.1939,hold,,,0.0,,,0,0.0
2023-02-22,65236183,20010237,False,False,,382.059357,50897,0.2981,hold,,,0.0,,,0,0.0,10.75632,0,0.0,hold,,,0.0,,,0,0.0,169.660004,76739,0.1996,hold,,,0.0,,,0,0.0,89.270844,142944,0.1956,hold,,,0.0,,,0,0.0
2023-02-23,65457408,20010237,False,False,,384.091614,50897,0.2987,hold,,,0.0,,,0,0.0,11.025589,0,0.0,hold,,,0.0,,,0,0.0,169.570007,76739,0.1988,hold,,,0.0,,,0,0.0,90.143188,142944,0.1969,hold,,,0.0,,,0,0.0
2023-02-24,64987438,20010237,False,False,,379.988617,50897,0.2976,hold,,,0.0,,,0,0.0,10.467817,0,0.0,hold,,,0.0,,,0,0.0,168.350006,76739,0.1988,hold,,,0.0,,,0,0.0,88.971268,142944,0.1957,hold,,,0.0,,,0,0.0
2023-02-27,65139218,20010237,False,False,,381.282776,50897,0.2979,hold,,,0.0,,,0,0.0,10.69381,0,0.0,hold,,,0.0,,,0,0.0,169.009995,76739,0.1991,hold,,,0.0,,,0,0.0,89.217972,142944,0.1958,hold,,,0.0,,,0,0.0
2023-02-28,65184519,20010237,False,False,,379.873535,50897,0.2966,hold,,,0.0,,,0,0.0,10.64092,0,0.0,hold,,,0.0,,,0,0.0,169.779999,76739,0.1999,hold,,,0.0,,,0,0.0,89.623291,142944,0.1965,hold,,,0.0,,,0,0.0
2023-03-01,65047934,20010237,True,False,,378.416473,50897,0.2961,hold,,,0.0,,,0,0.0,10.381268,0,0.0,hold,,,0.0,,,0,0.0,170.759995,76739,0.2015,hold,,,0.0,,,0,0.0,88.660469,142944,0.1948,hold,,,0.0,,,0,0.0
2023-03-02,65077670,20010237,False,False,,381.359436,50897,0.2983,hold,,,0.0,,,0,0.0,10.631301,0,0.0,hold,,,0.0,,,0,0.0,170.660004,76739,0.2012,hold,,,0.0,,,0,0.0,87.874298,142944,0.193,hold,,,0.0,,,0,0.0
2023-03-03,65833708,20010237,False,False,,387.475708,50897,0.2996,hold,,,0.0,,,0,0.0,11.280432,0,0.0,hold,,,0.0,,,0,0.0,172.490005,76739,0.2011,hold,,,0.0,,,0,0.0,90.003143,142944,0.1954,hold,,,0.0,,,0,0.0
2023-03-06,65680851,20010237,False,False,,387.74411,50897,0.3005,hold,,,0.0,,,0,0.0,11.328515,0,0.0,hold,,,0.0,,,0,0.0,171.619995,76739,0.2005,hold,,,0.0,,,0,0.0,89.30529,142944,0.1944,hold,,,0.0,,,0,0.0
2023-03-07,65226411,20010237,False,False,,381.800476,50897,0.2979,hold,,,0.0,,,0,0.0,10.90538,0,0.0,hold,,,0.0,,,0,0.0,168.619995,76739,0.1984,hold,,,0.0,,,0,0.0,89.852989,142944,0.1969,hold,,,0.0,,,0,0.0
2023-03-08,65264611,20010237,False,False,,382.423584,50897,0.2982,hold,,,0.0,,,0,0.0,11.054439,0,0.0,hold,,,0.0,,,0,0.0,168.539993,76739,0.1982,hold,,,0.0,,,0,0.0,89.941307,142944,0.197,hold,,,0.0,,,0,0.0
2023-03-09,65064456,20010237,False,False,,375.367981,50897,0.2936,hold,,,0.0,,,0,0.0,10.472627,0,0.0,hold,,,0.0,,,0,0.0,170.199997,76739,0.2007,hold,,,0.0,,,0,0.0,90.16214,142944,0.1981,hold,,,0.0,,,0,0.0
2023-03-10,65514871,20010237,False,False,,369.951599,50897,0.2874,hold,,,0.0,,,0,0.0,10.039871,0,0.0,hold,,,0.0,,,0,0.0,173.869995,76739,0.2037,hold,,,0.0,,,0,0.0,93.271477,142944,0.2035,hold,,,0.0,,,0,0.0
2023-03-13,65824527,20010237,False,False,,369.424286,50897,0.2856,hold,,,0.0,,,0,0.0,10.256248,0,0.0,hold,,,0.0,,,0,0.0,177.860001,76739,0.2074,hold,,,0.0,,,0,0.0,93.48349,142944,0.203,hold,,,0.0,,,0,0.0
2023-03-14,65836590,20010237,False,False,,375.530914,50897,0.2903,hold,,,0.0,,,0,0.0,10.953463,0,0.0,hold,,,0.0,,,0,0.0,176.830002,76739,0.2061,hold,,,0.0,,,0,0.0,91.946487,142944,0.1996,hold,,,0.0,,,0,0.0
2023-03-15,66076744,20010237,False,False,,373.18219,50897,0.2875,hold,,,0.0,,,0,0.0,11.11214,0,0.0,hold,,,0.0,,,0,0.0,178.210007,76739,0.207,hold,,,0.0,,,0,0.0,93.721985,142944,0.2027,hold,,,0.0,,,0,0.0
2023-03-16,66332821,20010237,False,False,,379.729736,50897,0.2914,hold,,,0.0,,,0,0.0,11.99207,0,0.0,hold,,,0.0,,,0,0.0,178.570007,76739,0.2066,hold,,,0.0,,,0,0.0,92.988831,142944,0.2004,hold,,,0.0,,,0,0.0
2023-03-17,66705382,20010237,False,False,,375.289673,50897,0.2864,hold,,,0.0,,,0,0.0,11.81416,0,0.0,hold,,,0.0,,,0,0.0,183.770004,76739,0.2114,hold,,,0.0,,,0,0.0,94.384514,142944,0.2023,hold,,,0.0,,,0,0.0
2023-03-20,66775729,20010237,False,False,,378.898315,50897,0.2888,hold,,,0.0,,,0,0.0,11.939176,0,0.0,hold,,,0.0,,,0,0.0,183.839996,76739,0.2113,hold,,,0.0,,,0,0.0,93.554169,142944,0.2003,hold,,,0.0,,,0,0.0
2023-03-21,66647764,20010237,False,False,,383.873535,50897,0.2932,hold,INCREASE_TO_TARGET,rebalance 2023-03-21,456318.0,,,0,0.0,12.444056,0,0.0,buy,ENTER_TO_TARGET,signal_buy+rebalance,19994329.0,,,0,0.0,180.369995,76739,0.2077,hold,REDUCE_TO_TARGET,rebalance 2023-03-21,-511860.0,,,0,0.0,92.750328,142944,0.1989,hold,INCREASE_TO_TARGET,rebalance 2023-03-21,71450.0,,,0,0.0
2023-03-22,65850516,166,False,True,daily,377.329834,52082,0.2984,hold,,,0.0,INCREASE_TO_TARGET,buy,1185,383.700325,11.936234,1603177,0.2906,hold,,,0.0,ENTER_TO_TARGET,buy,1603177,12.434383,183.440002,73894,0.2058,hold,,,0.0,REDUCE_TO_TARGET,sell,2845,179.858794,93.986992,143714,0.2051,hold,,,0.0,INCREASE_TO_TARGET,buy,770,92.449988
2023-03-23,66755914,166,False,False,,378.349884,52082,0.2952,hold,,,0.0,,,0,0.0,12.361836,1603177,0.2969,hold,,,0.0,,,0,0.0,185.740005,73894,0.2056,hold,,,0.0,,,0,0.0,93.986992,143714,0.2023,hold,,,0.0,,,0,0.0
2023-03-24,66989504,166,False,False,,380.83255,52082,0.2961,hold,,,0.0,,,0,0.0,12.487585,1603177,0.2988,hold,,,0.0,,,0,0.0,183.649994,73894,0.2026,hold,,,0.0,,,0,0.0,94.384514,143714,0.2025,hold,,,0.0,,,0,0.0
2023-03-27,66171394,166,False,False,,381.544678,52082,0.3003,hold,,,0.0,,,0,0.0,12.231256,1603177,0.2963,hold,,,0.0,,,0,0.0,181.949997,73894,0.2032,hold,,,0.0,,,0,0.0,92.167336,143714,0.2002,hold,,,0.0,,,0,0.0
2023-03-28,65935357,166,False,False,,380.688263,52082,0.3007,hold,,,0.0,,,0,0.0,12.028127,1603177,0.2925,hold,,,0.0,,,0,0.0,183.440002,73894,0.2056,hold,,,0.0,,,0,0.0,92.335144,143714,0.2013,hold,,,0.0,,,0,0.0
2023-03-29,67184129,166,False,False,,386.221527,52082,0.2994,hold,,,0.0,,,0,0.0,12.685876,1603177,0.3027,hold,,,0.0,,,0,0.0,182.529999,73894,0.2008,hold,,,0.0,,,0,0.0,92.149666,143714,0.1971,hold,,,0.0,,,0,0.0
2023-03-30,68035275,166,False,False,,388.482941,52082,0.2974,hold,,,0.0,,,0,0.0,13.029261,1603177,0.307,hold,,,0.0,,,0,0.0,184.179993,73894,0.2,hold,,,0.0,,,0,0.0,92.573669,143714,0.1955,hold,,,0.0,,,0,0.0
2023-03-31,69472295,166,False,False,,393.958435,52082,0.2953,hold,,,0.0,,,0,0.0,13.667666,1603177,0.3154,hold,,,0.0,,,0,0.0,183.220001,73894,0.1949,hold,,,0.0,,,0,0.0,93.960503,143714,0.1944,hold,,,0.0,,,0,0.0
2023-04-03,69556454,166,True,False,,395.459625,52082,0.2961,hold,,,0.0,,,0,0.0,13.570936,1603177,0.3128,hold,,,0.0,,,0,0.0,184.539993,73894,0.196,hold,,,0.0,,,0,0.0,94.40242,143714,0.195,hold,,,0.0,,,0,0.0
2023-04-04,69546730,166,False,False,,393.265594,52082,0.2945,hold,,,0.0,,,0,0.0,13.435517,1603177,0.3097,hold,,,0.0,,,0,0.0,187.979996,73894,0.1997,hold,,,0.0,,,0,0.0,94.871758,143714,0.196,hold,,,0.0,,,0,0.0
2023-04-05,68934493,166,False,False,,392.235962,52082,0.2963,hold,,,0.0,,,0,0.0,13.005078,1603177,0.3025,hold,,,0.0,,,0,0.0,187.830002,73894,0.2013,hold,,,0.0,,,0,0.0,95.863602,143714,0.1999,hold,,,0.0,,,0,0.0
2023-04-06,69369492,166,False,False,,393.765961,52082,0.2956,hold,,,0.0,,,0,0.0,13.266243,1603177,0.3066,hold,,,0.0,,,0,0.0,186.490005,73894,0.1987,hold,,,0.0,,,0,0.0,96.11158,143714,0.1991,hold,,,0.0,,,0,0.0
2023-04-10,69019323,166,False,False,,394.170135,52082,0.2974,hold,,,0.0,,,0,0.0,13.237226,1603177,0.3075,hold,,,0.0,,,0,0.0,185.110001,73894,0.1982,hold,,,0.0,,,0,0.0,94.56179,143714,0.1969,hold,,,0.0,,,0,0.0
2023-04-11,68728348,166,False,False,,394.276031,52082,0.2988,hold,,,0.0,,,0,0.0,12.980895,1603177,0.3028,hold,,,0.0,,,0,0.0,186.279999,73894,0.2003,hold,,,0.0,,,0,0.0,94.756607,143714,0.1981,hold,,,0.0,,,0,0.0
2023-04-12,68147391,166,False,False,,392.668945,52082,0.3001,hold,,,0.0,,,0,0.0,12.637511,1603177,0.2973,hold,,,0.0,,,0,0.0,187.190002,73894,0.203,hold,,,0.0,,,0,0.0,94.659225,143714,0.1996,hold,,,0.0,,,0,0.0
2023-04-13,69662120,166,False,False,,397.884613,52082,0.2975,hold,,,0.0,,,0,0.0,13.362972,1603177,0.3075,hold,,,0.0,,,0,0.0,189.720001,73894,0.2012,hold,,,0.0,,,0,0.0,93.915337,143714,0.1937,hold,,,0.0,,,0,0.0
2023-04-14,69115705,166,False,False,,396.91272,52082,0.2991,hold,,,0.0,,,0,0.0,13.285588,1603177,0.3082,hold,,,0.0,,,0,0.0,186.360001,73894,0.1992,hold,,,0.0,,,0,0.0,93.05632,143714,0.1935,hold,,,0.0,,,0,0.0
2023-04-17,68992729,166,False,False,,398.336975,52082,0.3007,hold,,,0.0,,,0,0.0,13.300097,1603177,0.3091,hold,,,0.0,,,0,0.0,185.529999,73894,0.1987,hold,,,0.0,,,0,0.0,91.949379,143714,0.1915,hold,,,0.0,,,0,0.0
2023-04-18,69122057,166,False,False,,398.596741,52082,0.3003,hold,,,0.0,,,0,0.0,13.309772,1603177,0.3087,hold,,,0.0,,,0,0.0,186.25,73894,0.1991,hold,,,0.0,,,0,0.0,92.277008,143714,0.1919,hold,,,0.0,,,0,0.0
2023-04-19,68993531,166,False,False,,398.529388,52082,0.3008,hold,,,0.0,,,0,0.0,13.280752,1603177,0.3086,hold,,,0.0,,,0,0.0,185.360001,73894,0.1985,hold,,,0.0,,,0,0.0,92.188438,143714,0.192,hold,,,0.0,,,0,0.0
2023-04-20,68551247,166,False,False,,396.354553,52082,0.3011,hold,,,0.0,,,0,0.0,12.971223,1603177,0.3034,hold,,,0.0,,,0,0.0,186.089996,73894,0.2006,hold,,,0.0,,,0,0.0,92.976624,143714,0.1949,hold,,,0.0,,,0,0.0
2023-04-21,68395004,166,False,False,,396.662506,52082,0.3021,hold,,,0.0,,,0,0.0,12.995406,1603177,0.3046,hold,,,0.0,,,0,0.0,184.25,73894,0.1991,hold,,,0.0,,,0,0.0,92.454155,143714,0.1943,hold,,,0.0,,,0,0.0
2023-04-24,68462420,166,False,False,,397.076355,52082,0.3021,hold,,,0.0,,,0,0.0,12.918022,1603177,0.3025,hold,,,0.0,,,0,0.0,184.809998,73894,0.1995,hold,,,0.0,,,0,0.0,93.348579,143714,0.196,hold,,,0.0,,,0,0.0
2023-04-25,67230072,166,False,False,,390.773193,52082,0.3027,hold,,,0.0,,,0,0.0,12.187727,1603177,0.2906,hold,,,0.0,,,0,0.0,185.75,73894,0.2042,hold,,,0.0,,,0,0.0,94.721199,143714,0.2025,hold,,,0.0,,,0,0.0
2023-04-26,67249799,166,False,False,,389.118011,52082,0.3014,hold,,,0.0,,,0,0.0,12.390855,1603177,0.2954,hold,,,0.0,,,0,0.0,184.740005,73894,0.203,hold,,,0.0,,,0,0.0,93.711655,143714,0.2003,hold,,,0.0,,,0,0.0
2023-04-27,69125360,166,False,False,,396.864624,52082,0.299,hold,,,0.0,,,0,0.0,13.391991,1603177,0.3106,hold,,,0.0,,,0,0.0,184.75,73894,0.1975,hold,,,0.0,,,0,0.0,92.781792,143714,0.1929,hold,,,0.0,,,0,0.0
2023-04-28,69954760,166,False,False,,400.251923,52082,0.298,hold,,,0.0,,,0,0.0,13.662827,1603177,0.3131,hold,,,0.0,,,0,0.0,184.800003,73894,0.1952,hold,,,0.0,,,0,0.0,94.278442,143714,0.1937,hold,,,0.0,,,0,0.0
2023-05-01,69419663,166,True,False,,399.847748,52082,0.3,hold,,,0.0,,,0,0.0,13.624136,1603177,0.3146,hold,,,0.0,,,0,0.0,183.970001,73894,0.1958,hold,,,0.0,,,0,0.0,91.559944,143714,0.1895,hold,,,0.0,,,0,0.0
2023-05-02,69194321,166,False,False,,395.35376,52082,0.2976,hold,,,0.0,,,0,0.0,13.261406,1603177,0.3073,hold,,,0.0,,,0,0.0,187.520004,73894,0.2003,hold,,,0.0,,,0,0.0,93.841629,143714,0.1949,hold,,,0.0,,,0,0.0
2023-05-03,68827055,166,False,False,,392.640015,52082,0.2971,hold,,,0.0,,,0,0.0,13.000241,1603177,0.3028,hold,,,0.0,,,0,0.0,189.110001,73894,0.203,hold,,,0.0,,,0,0.0,94.36541,143714,0.197,hold,,,0.0,,,0,0.0
2023-05-04,68413920,166,False,False,,389.859039,52082,0.2968,hold,,,0.0,,,0,0.0,12.855149,1603177,0.3012,hold,,,0.0,,,0,0.0,190.440002,73894,0.2057,hold,,,0.0,,,0,0.0,93.433228,143714,0.1963,hold,,,0.0,,,0,0.0
2023-05-05,69788790,166,False,False,,397.076355,52082,0.2963,hold,,,0.0,,,0,0.0,13.643483,1603177,0.3134,hold,,,0.0,,,0,0.0,187.460007,73894,0.1985,hold,,,0.0,,,0,0.0,93.12249,143714,0.1918,hold,,,0.0,,,0,0.0
2023-05-08,69802070,166,False,False,,397.182159,52082,0.2964,hold,,,0.0,,,0,0.0,13.754719,1603177,0.3159,hold,,,0.0,,,0,0.0,187.690002,73894,0.1987,hold,,,0.0,,,0,0.0,91.817421,143714,0.189,hold,,,0.0,,,0,0.0
2023-05-09,69335975,166,False,False,,395.440369,52082,0.297,hold,,,0.0,,,0,0.0,13.488717,1603177,0.3119,hold,,,0.0,,,0,0.0,189.020004,73894,0.2014,hold,,,0.0,,,0,0.0,91.488922,143714,0.1896,hold,,,0.0,,,0,0.0
2023-05-10,70237671,166,False,False,,397.287994,52082,0.2946,hold,,,0.0,,,0,0.0,13.923995,1603177,0.3178,hold,,,0.0,,,0,0.0,188.75,73894,0.1986,hold,,,0.0,,,0,0.0,92.37674,143714,0.189,hold,,,0.0,,,0,0.0
2023-05-11,70408315,166,False,False,,396.595154,52082,0.2934,hold,,,0.0,,,0,0.0,14.040068,1603177,0.3197,hold,,,0.0,,,0,0.0,187.130005,73894,0.1964,hold,,,0.0,,,0,0.0,93.35334,143714,0.1905,hold,,,0.0,,,0,0.0
2023-05-12,70012709,166,False,False,,396.07547,52082,0.2946,hold,,,0.0,,,0,0.0,13.894976,1603177,0.3182,hold,,,0.0,,,0,0.0,186.809998,73894,0.1972,hold,,,0.0,,,0,0.0,92.572029,143714,0.19,hold,,,0.0,,,0,0.0
2023-05-15,70316798,166,False,False,,397.441986,52082,0.2944,hold,,,0.0,,,0,0.0,14.107775,1603177,0.3216,hold,,,0.0,,,0,0.0,187.210007,73894,0.1967,hold,,,0.0,,,0,0.0,91.61322,143714,0.1872,hold,,,0.0,,,0,0.0
2023-05-16,70051301,166,False,False,,394.786072,52082,0.2935,hold,,,0.0,,,0,0.0,14.160979,1603177,0.3241,hold,,,0.0,,,0,0.0,184.869995,73894,0.195,hold,,,0.0,,,0,0.0,91.33799,143714,0.1874,hold,,,0.0,,,0,0.0
2023-05-17,71029449,166,False,False,,399.578308,52082,0.293,hold,,,0.0,,,0,0.0,14.668798,1603177,0.3311,hold,,,0.0,,,0,0.0,184.229996,73894,0.1917,hold,,,0.0,,,0,0.0,91.071678,143714,0.1843,hold,,,0.0,,,0,0.0
2023-05-18,72220185,166,False,False,,403.427551,52082,0.2909,hold,,,0.0,,,0,0.0,15.457132,1603177,0.3431,hold,,,0.0,,,0,0.0,181.839996,73894,0.1861,hold,,,0.0,,,0,0.0,90.396912,143714,0.1799,hold,,,0.0,,,0,0.0
2023-05-19,72060173,166,False,False,,402.840485,52082,0.2912,hold,,,0.0,,,0,0.0,15.350732,1603177,0.3415,hold,,,0.0,,,0,0.0,183.639999,73894,0.1883,hold,,,0.0,,,0,0.0,89.757675,143714,0.179,hold,,,0.0,,,0,0.0
2023-05-22,72246860,166,False,False,,403.00412,52082,0.2905,hold,,,0.0,,,0,0.0,15.510333,1603177,0.3442,hold,,,0.0,,,0,0.0,183.210007,73894,0.1874,hold,,,0.0,,,0,0.0,89.43808,143714,0.1779,hold,,,0.0,,,0,0.0
2023-05-23,71103111,166,False,False,,398.481293,52082,0.2919,hold,,,0.0,,,0,0.0,14.91062,1603177,0.3362,hold,,,0.0,,,0,0.0,183.429993,73894,0.1906,hold,,,0.0,,,0,0.0,89.695534,143714,0.1813,hold,,,0.0,,,0,0.0
2023-05-24,70391914,166,False,False,,395.59436,52082,0.2927,hold,,,0.0,,,0,0.0,14.668798,1603177,0.3341,hold,,,0.0,,,0,0.0,181.949997,73894,0.191,hold,,,0.0,,,0,0.0,89.25164,143714,0.1822,hold,,,0.0,,,0,0.0
2023-05-25,72107164,166,False,False,,399.020142,52082,0.2882,hold,,,0.0,,,0,0.0,15.727971,1603177,0.3497,hold,,,0.0,,,0,0.0,180.199997,73894,0.1847,hold,,,0.0,,,0,0.0,89.029678,143714,0.1774,hold,,,0.0,,,0,0.0
2023-05-26,74440244,166,False,False,,404.187744,52082,0.2828,hold,INCREASE_TO_TARGET,rebalance 2023-05-26,1281167.0,,,0,0.0,16.917727,1603177,0.3643,hold,REDUCE_TO_TARGET,rebalance 2023-05-26,-4790037.0,,,0,0.0,180.919998,73894,0.1796,hold,INCREASE_TO_TARGET,rebalance 2023-05-26,1519147.0,,,0,0.0,89.748802,143714,0.1733,hold,INCREASE_TO_TARGET,rebalance 2023-05-26,1989890.0,,,0,0.0
2023-05-30,75132990,293,False,True,daily,404.341736,55227,0.2972,hold,,,0.0,INCREASE_TO_TARGET,buy,3145,406.122008,17.154711,1329591,0.3036,hold,,,0.0,REDUCE_TO_TARGET,sell,273586,17.508285,182.039993,82228,0.1992,hold,,,0.0,INCREASE_TO_TARGET,buy,8334,181.720001,90.6455,165751,0.2,hold,,,0.0,INCREASE_TO_TARGET,buy,22037,90.024035
2023-05-31,74700163,293,False,False,,402.099518,55227,0.2973,hold,,,0.0,,,0,0.0,16.806492,1329591,0.2991,hold,,,0.0,,,0,0.0,182.320007,82228,0.2007,hold,,,0.0,,,0,0.0,91.435646,165751,0.2029,hold,,,0.0,,,0,0.0
2023-06-01,75899253,293,True,False,,405.919922,55227,0.2954,hold,,,0.0,,,0,0.0,17.415874,1329591,0.3051,hold,,,0.0,,,0,0.0,183.759995,82228,0.1991,hold,,,0.0,,,0,0.0,91.794403,165751,0.2005,hold,,,0.0,,,0,0.0
2023-06-02,76354739,293,False,False,,411.789978,55227,0.2978,hold,,,0.0,,,0,0.0,17.807625,1329591,0.3101,hold,,,0.0,,,0,0.0,181.050003,82228,0.195,hold,,,0.0,,,0,0.0,90.78849,165751,0.1971,hold,,,0.0,,,0,0.0
2023-06-05,76424190,293,False,False,,411.000824,55227,0.297,hold,,,0.0,,,0,0.0,17.846312,1329591,0.3105,hold,,,0.0,,,0,0.0,182.139999,82228,0.196,hold,,,0.0,,,0,0.0,90.61937,165751,0.1965,hold,,,0.0,,,0,0.0
2023-06-06,76552866,293,False,False,,411.895813,55227,0.2972,hold,,,0.0,,,0,0.0,17.826965,1329591,0.3096,hold,,,0.0,,,0,0.0,182.339996,82228,0.1959,hold,,,0.0,,,0,0.0,91.153465,165751,0.1974,hold,,,0.0,,,0,0.0
2023-06-07,74860950,293,False,False,,410.471619,55227,0.3028,hold,,,0.0,,,0,0.0,16.917727,1329591,0.3005,hold,,,0.0,,,0,0.0,180.149994,82228,0.1979,hold,,,0.0,,,0,0.0,89.800423,165751,0.1988,hold,,,0.0,,,0,0.0
2023-06-08,76139523,293,False,False,,412.954376,55227,0.2995,hold,,,0.0,,,0,0.0,17.498095,1329591,0.3056,hold,,,0.0,,,0,0.0,182.529999,82228,0.1971,hold,,,0.0,,,0,0.0,90.850807,165751,0.1978,hold,,,0.0,,,0,0.0
2023-06-09,76402430,293,False,False,,413.695312,55227,0.299,hold,,,0.0,,,0,0.0,17.710896,1329591,0.3082,hold,,,0.0,,,0,0.0,182.039993,82228,0.1959,hold,,,0.0,,,0,0.0,90.726173,165751,0.1968,hold,,,0.0,,,0,0.0
2023-06-12,77843297,293,False,False,,417.448273,55227,0.2962,hold,,,0.0,,,0,0.0,18.615303,1329591,0.318,hold,,,0.0,,,0,0.0,181.880005,82228,0.1921,hold,,,0.0,,,0,0.0,90.993233,165751,0.1938,hold,,,0.0,,,0,0.0
2023-06-13,78289103,293,False,False,,420.200562,55227,0.2964,hold,,,0.0,,,0,0.0,19.031231,1329591,0.3232,hold,,,0.0,,,0,0.0,180.539993,82228,0.1896,hold,,,0.0,,,0,0.0,90.094162,165751,0.1907,hold,,,0.0,,,0,0.0
2023-06-14,78984626,293,False,False,,420.700958,55227,0.2942,hold,,,0.0,,,0,0.0,19.437487,1329591,0.3272,hold,,,0.0,,,0,0.0,180.639999,82228,0.1881,hold,,,0.0,,,0,0.0,90.815186,165751,0.1906,hold,,,0.0,,,0,0.0
2023-06-15,80428391,293,False,False,,425.916595,55227,0.2925,hold,,,0.0,,,0,0.0,20.119421,1329591,0.3326,hold,,,0.0,,,0,0.0,181.910004,82228,0.186,hold,,,0.0,,,0,0.0,91.687561,165751,0.189,hold,,,0.0,,,0,0.0
2023-06-16,79751798,293,False,False,,424.465851,55227,0.2939,hold,,,0.0,,,0,0.0,19.732513,1329591,0.329,hold,,,0.0,,,0,0.0,181.630005,82228,0.1873,hold,,,0.0,,,0,0.0,91.33149,165751,0.1898,hold,,,0.0,,,0,0.0
2023-06-20,79451740,293,False,False,,422.263641,55227,0.2935,hold,,,0.0,,,0,0.0,19.635782,1329591,0.3286,hold,,,0.0,,,0,0.0,179.75,82228,0.186,hold,,,0.0,,,0,0.0,91.963554,165751,0.1919,hold,,,0.0,,,0,0.0
2023-06-21,78301435,293,False,False,,420.100067,55227,0.2963,hold,,,0.0,,,0,0.0,18.848835,1329591,0.3201,hold,,,0.0,,,0,0.0,179.490005,82228,0.1885,hold,,,0.0,,,0,0.0,92.18605,165751,0.1951,hold,,,0.0,,,0,0.0
2023-06-22,78886538,293,False,False,,421.616486,55227,0.2952,hold,,,0.0,,,0,0.0,19.474705,1329591,0.3282,hold,,,0.0,,,0,0.0,177.710007,82228,0.1852,hold,,,0.0,,,0,0.0,91.073357,165751,0.1914,hold,,,0.0,,,0,0.0
2023-06-23,78133653,293,False,False,,418.429077,55227,0.2958,hold,,,0.0,,,0,0.0,18.897354,1329591,0.3216,hold,,,0.0,,,0,0.0,178.199997,82228,0.1875,hold,,,0.0,,,0,0.0,91.981323,165751,0.1951,hold,,,0.0,,,0,0.0
2023-06-26,77087546,293,False,False,,416.719513,55227,0.2985,hold,,,0.0,,,0,0.0,18.150194,1329591,0.3131,hold,,,0.0,,,0,0.0,178.509995,82228,0.1904,hold,,,0.0,,,0,0.0,92.079262,165751,0.198,hold,,,0.0,,,0,0.0
2023-06-27,78425984,293,False,False,,421.288147,55227,0.2967,hold,,,0.0,,,0,0.0,19.047756,1329591,0.3229,hold,,,0.0,,,0,0.0,177.690002,82228,0.1863,hold,,,0.0,,,0,0.0,91.838913,165751,0.1941,hold,,,0.0,,,0,0.0
2023-06-28,78623744,293,False,False,,421.500671,55227,0.2961,hold,,,0.0,,,0,0.0,19.164198,1329591,0.3241,hold,,,0.0,,,0,0.0,177.279999,82228,0.1854,hold,,,0.0,,,0,0.0,92.230568,165751,0.1944,hold,,,0.0,,,0,0.0
2023-06-29,78249782,293,False,False,,423.161926,55227,0.2987,hold,,,0.0,,,0,0.0,19.033199,1329591,0.3234,hold,,,0.0,,,0,0.0,177.089996,82228,0.1861,hold,,,0.0,,,0,0.0,90.565964,165751,0.1918,hold,,,0.0,,,0,0.0
2023-06-30,79941434,293,False,False,,428.155487,55227,0.2958,hold,,,0.0,,,0,0.0,19.891951,1329591,0.3308,hold,,,0.0,,,0,0.0,178.270004,82228,0.1834,hold,,,0.0,,,0,0.0,91.634155,165751,0.19,hold,,,0.0,,,0,0.0
2023-07-03,80079602,293,True,False,,428.648132,55227,0.2956,hold,INCREASE_TO_TARGET,rebalance 2023-07-03,350930.0,,,0,0.0,20.027796,1329591,0.3325,hold,REDUCE_TO_TARGET,rebalance 2023-07-03,-2604897.0,,,0,0.0,178.470001,82228,0.1833,hold,INCREASE_TO_TARGET,rebalance 2023-07-03,1340689.0,,,0,0.0,91.114685,165751,0.1886,hold,INCREASE_TO_TARGET,rebalance 2023-07-03,913570.0,,,0,0.0
2023-07-05,79762393,394,False,True,monthly,428.010651,56046,0.3007,hold,,,0.0,INCREASE_TO_TARGET,buy,819,426.832275,20.013243,1197342,0.3004,hold,,,0.0,REDUCE_TO_TARGET,sell,132249,19.696835,177.839996,89678,0.1999,hold,,,0.0,INCREASE_TO_TARGET,buy,7450,179.410004,90.248871,175766,0.1989,hold,,,0.0,INCREASE_TO_TARGET,buy,10015,90.945083
2023-07-06,78739186,394,False,False,,424.659058,56046,0.3023,hold,,,0.0,,,0,0.0,19.542627,1197342,0.2972,hold,,,0.0,,,0,0.0,177.309998,89678,0.2019,hold,,,0.0,,,0,0.0,88.972481,175766,0.1986,hold,,,0.0,,,0,0.0
2023-07-07,78466066,394,False,False,,423.586914,56046,0.3026,hold,,,0.0,,,0,0.0,19.34371,1197342,0.2952,hold,,,0.0,,,0,0.0,178.639999,89678,0.2042,hold,,,0.0,,,0,0.0,88.436935,175766,0.1981,hold,,,0.0,,,0,0.0
2023-07-10,78576528,394,False,False,,424.659058,56046,0.3029,hold,,,0.0,,,0,0.0,19.358265,1197342,0.295,hold,,,0.0,,,0,0.0,178.779999,89678,0.204,hold,,,0.0,,,0,0.0,88.55294,175766,0.1981,hold,,,0.0,,,0,0.0
2023-07-11,79199325,394,False,False,,427.363495,56046,0.3024,hold,,,0.0,,,0,0.0,19.634813,1197342,0.2968,hold,,,0.0,,,0,0.0,179.449997,89678,0.2032,hold,,,0.0,,,0,0.0,89.008194,175766,0.1975,hold,,,0.0,,,0,0.0
2023-07-12,80655474,394,False,False,,430.802032,56046,0.2994,hold,,,0.0,,,0,0.0,20.362568,1197342,0.3023,hold,,,0.0,,,0,0.0,181.880005,89678,0.2022,hold,,,0.0,,,0,0.0,89.998955,175766,0.1961,hold,,,0.0,,,0,0.0
2023-07-13,82239173,394,False,False,,434.221283,56046,0.2959,hold,,,0.0,,,0,0.0,21.37657,1197342,0.3112,hold,,,0.0,,,0,0.0,182.009995,89678,0.1985,hold,,,0.0,,,0,0.0,90.945099,175766,0.1944,hold,,,0.0,,,0,0.0
2023-07-14,82054632,394,False,False,,433.950806,56046,0.2964,hold,,,0.0,,,0,0.0,21.357162,1197342,0.3116,hold,,,0.0,,,0,0.0,181.429993,89678,0.1983,hold,,,0.0,,,0,0.0,90.409554,175766,0.1937,hold,,,0.0,,,0,0.0
2023-07-17,82867296,394,False,False,,435.45752,56046,0.2945,hold,,,0.0,,,0,0.0,21.949074,1197342,0.3171,hold,,,0.0,,,0,0.0,181.559998,89678,0.1965,hold,,,0.0,,,0,0.0,90.454155,175766,0.1919,hold,,,0.0,,,0,0.0
2023-07-18,83934736,394,False,False,,438.693298,56046,0.2929,hold,,,0.0,,,0,0.0,22.473055,1197342,0.3206,hold,,,0.0,,,0,0.0,183.639999,89678,0.1962,hold,,,0.0,,,0,0.0,90.864769,175766,0.1903,hold,,,0.0,,,0,0.0
2023-07-19,84172520,394,False,False,,439.668854,56046,0.2928,hold,,,0.0,,,0,0.0,22.473055,1197342,0.3197,hold,,,0.0,,,0,0.0,183.669998,89678,0.1957,hold,,,0.0,,,0,0.0,91.891235,175766,0.1919,hold,,,0.0,,,0,0.0
2023-07-20,81841556,394,False,False,,436.751892,56046,0.2991,hold,,,0.0,,,0,0.0,20.896252,1197342,0.3057,hold,,,0.0,,,0,0.0,182.740005,89678,0.2002,hold,,,0.0,,,0,0.0,90.775505,175766,0.195,hold,,,0.0,,,0,0.0
2023-07-21,81575294,394,False,False,,436.751892,56046,0.3001,hold,,,0.0,,,0,0.0,20.711887,1197342,0.304,hold,,,0.0,,,0,0.0,182.179993,89678,0.2003,hold,,,0.0,,,0,0.0,90.802284,175766,0.1956,hold,,,0.0,,,0,0.0
2023-07-24,81655405,394,False,False,,438.702972,56046,0.3011,hold,,,0.0,,,0,0.0,20.794367,1197342,0.3049,hold,,,0.0,,,0,0.0,181.399994,89678,0.1992,hold,,,0.0,,,0,0.0,90.472031,175766,0.1947,hold,,,0.0,,,0,0.0
2023-07-25,82282886,394,False,False,,439.900665,56046,0.2996,hold,,,0.0,,,0,0.0,21.211615,1197342,0.3087,hold,,,0.0,,,0,0.0,182.410004,89678,0.1988,hold,,,0.0,,,0,0.0,90.302437,175766,0.1929,hold,,,0.0,,,0,0.0
2023-07-26,82120764,394,False,False,,439.968262,56046,0.3003,hold,,,0.0,,,0,0.0,20.99329,1197342,0.3061,hold,,,0.0,,,0,0.0,183.300003,89678,0.2002,hold,,,0.0,,,0,0.0,90.391678,175766,0.1935,hold,,,0.0,,,0,0.0
2023-07-27,81174995,394,False,False,,437.05127,56046,0.3018,hold,,,0.0,,,0,0.0,20.81377,1197342,0.307,hold,,,0.0,,,0,0.0,180.419998,89678,0.1993,hold,,,0.0,,,0,0.0,88.633301,175766,0.1919,hold,,,0.0,,,0,0.0
2023-07-28,82971690,394,False,False,,441.33017,56046,0.2981,hold,,,0.0,,,0,0.0,21.939369,1197342,0.3166,hold,,,0.0,,,0,0.0,181.860001,89678,0.1966,hold,,,0.0,,,0,0.0,89.088539,175766,0.1887,hold,,,0.0,,,0,0.0
2023-07-31,83152659,394,False,False,,442.170502,56046,0.298,hold,,,0.0,,,0,0.0,21.983032,1197342,0.3165,hold,,,0.0,,,0,0.0,182.350006,89678,0.1967,hold,,,0.0,,,0,0.0,89.302742,175766,0.1888,hold,,,0.0,,,0,0.0
2023-08-01,82451712,394,True,False,,440.905151,56046,0.2997,hold,,,0.0,,,0,0.0,21.813223,1197342,0.3168,hold,,,0.0,,,0,0.0,180.460007,89678,0.1963,hold,,,0.0,,,0,0.0,87.839333,175766,0.1873,hold,,,0.0,,,0,0.0
2023-08-02,80157774,394,False,False,,434.77179,56046,0.304,hold,,,0.0,,,0,0.0,20.386826,1197342,0.3045,hold,,,0.0,,,0,0.0,179.600006,89678,0.2009,hold,,,0.0,,,0,0.0,86.899559,175766,0.1905,hold,,,0.0,,,0,0.0
2023-08-03,79555891,394,False,False,,433.525818,56046,0.3054,hold,,,0.0,,,0,0.0,20.241276,1197342,0.3046,hold,,,0.0,,,0,0.0,179.539993,89678,0.2024,hold,,,0.0,,,0,0.0,84.894646,175766,0.1876,hold,,,0.0,,,0,0.0
2023-08-04,79431652,394,False,False,,431.565063,56046,0.3045,hold,,,0.0,,,0,0.0,19.959875,1197342,0.3009,hold,,,0.0,,,0,0.0,180.190002,89678,0.2034,hold,,,0.0,,,0,0.0,86.398323,175766,0.1912,hold,,,0.0,,,0,0.0
2023-08-07,80049085,394,False,False,,435.332001,56046,0.3048,hold,,,0.0,,,0,0.0,20.454748,1197342,0.306,hold,,,0.0,,,0,0.0,179.779999,89678,0.2014,hold,,,0.0,,,0,0.0,85.548027,175766,0.1878,hold,,,0.0,,,0,0.0
2023-08-08,79387993,394,False,False,,433.438904,56046,0.306,hold,,,0.0,,,0,0.0,19.930769,1197342,0.3006,hold,,,0.0,,,0,0.0,178.639999,89678,0.2018,hold,,,0.0,,,0,0.0,86.541527,175766,0.1916,hold,,,0.0,,,0,0.0
2023-08-09,78432172,394,False,False,,430.54126,56046,0.3077,hold,,,0.0,,,0,0.0,19.266083,1197342,0.2941,hold,,,0.0,,,0,0.0,177.789993,89678,0.2033,hold,,,0.0,,,0,0.0,86.989075,175766,0.1949,hold,,,0.0,,,0,0.0
2023-08-10,78276647,394,False,False,,430.69577,56046,0.3084,hold,,,0.0,,,0,0.0,19.353415,1197342,0.296,hold,,,0.0,,,0,0.0,177.600006,89678,0.2035,hold,,,0.0,,,0,0.0,85.556984,175766,0.1921,hold,,,0.0,,,0,0.0
2023-08-11,77763231,394,False,False,,430.444672,56046,0.3102,hold,,,0.0,,,0,0.0,18.965275,1197342,0.292,hold,,,0.0,,,0,0.0,177.600006,89678,0.2048,hold,,,0.0,,,0,0.0,85.360092,175766,0.1929,hold,,,0.0,,,0,0.0
2023-08-14,78570129,394,False,False,,432.82074,56046,0.3087,hold,,,0.0,,,0,0.0,19.596001,1197342,0.2986,hold,,,0.0,,,0,0.0,177.059998,89678,0.2021,hold,,,0.0,,,0,0.0,85.172119,175766,0.1905,hold,,,0.0,,,0,0.0
2023-08-15,77433821,394,False,False,,427.778839,56046,0.3096,hold,,,0.0,,,0,0.0,18.994389,1197342,0.2937,hold,,,0.0,,,0,0.0,176.589996,89678,0.2045,hold,,,0.0,,,0,0.0,84.652992,175766,0.1922,hold,,,0.0,,,0,0.0
2023-08-16,76294815,394,False,False,,424.63974,56046,0.3119,hold,,,0.0,,,0,0.0,18.363667,1197342,0.2882,hold,,,0.0,,,0,0.0,175.570007,89678,0.2064,hold,,,0.0,,,0,0.0,83.990677,175766,0.1935,hold,,,0.0,,,0,0.0
2023-08-17,75282753,394,False,False,,421.404053,56046,0.3137,hold,,,0.0,,,0,0.0,17.742647,1197342,0.2822,hold,,,0.0,,,0,0.0,175.300003,89678,0.2088,hold,,,0.0,,,0,0.0,83.63266,175766,0.1953,hold,,,0.0,,,0,0.0
2023-08-18,75249975,394,False,False,,421.606873,56046,0.314,hold,,,0.0,,,0,0.0,17.660173,1197342,0.281,hold,,,0.0,,,0,0.0,175.330002,89678,0.2089,hold,,,0.0,,,0,0.0,83.928017,175766,0.196,hold,,,0.0,,,0,0.0
2023-08-21,76272521,394,False,False,,424.349976,56046,0.3118,hold,,,0.0,,,0,0.0,18.514071,1197342,0.2906,hold,,,0.0,,,0,0.0,175.809998,89678,0.2067,hold,,,0.0,,,0,0.0,82.809219,175766,0.1908,hold,,,0.0,,,0,0.0
2023-08-22,76247052,394,False,False,,423.200592,56046,0.3111,hold,,,0.0,,,0,0.0,18.431595,1197342,0.2894,hold,,,0.0,,,0,0.0,176.100006,89678,0.2071,hold,,,0.0,,,0,0.0,83.444687,175766,0.1924,hold,,,0.0,,,0,0.0
2023-08-23,78074985,394,False,False,,427.914093,56046,0.3072,hold,,,0.0,,,0,0.0,19.300045,1197342,0.296,hold,,,0.0,,,0,0.0,177.889999,89678,0.2043,hold,,,0.0,,,0,0.0,85.512238,175766,0.1925,hold,,,0.0,,,0,0.0
2023-08-24,76117913,394,False,False,,421.983612,56046,0.3107,hold,,,0.0,,,0,0.0,18.0289,1197342,0.2836,hold,,,0.0,,,0,0.0,177.850006,89678,0.2095,hold,,,0.0,,,0,0.0,84.948364,175766,0.1962,hold,,,0.0,,,0,0.0
2023-08-25,76823989,394,False,False,,424.958435,56046,0.31,hold,,,0.0,,,0,0.0,18.455851,1197342,0.2876,hold,,,0.0,,,0,0.0,177.619995,89678,0.2073,hold,,,0.0,,,0,0.0,85.22583,175766,0.195,hold,,,0.0,,,0,0.0
2023-08-28,77530272,394,False,False,,427.65332,56046,0.3091,hold,,,0.0,,,0,0.0,18.868246,1197342,0.2914,hold,,,0.0,,,0,0.0,178.130005,89678,0.206,hold,,,0.0,,,0,0.0,85.315331,175766,0.1934,hold,,,0.0,,,0,0.0
2023-08-29,79629169,394,False,False,,433.834869,56046,0.3053,hold,,,0.0,,,0,0.0,20.071465,1197342,0.3018,hold,,,0.0,,,0,0.0,179.869995,89678,0.2026,hold,,,0.0,,,0,0.0,86.201408,175766,0.1903,hold,,,0.0,,,0,0.0
2023-08-30,80154776,394,False,False,,435.621796,56046,0.3046,hold,,,0.0,,,0,0.0,20.406231,1197342,0.3048,hold,,,0.0,,,0,0.0,180.320007,89678,0.2017,hold,,,0.0,,,0,0.0,86.111923,175766,0.1888,hold,,,0.0,,,0,0.0
2023-08-31,80380539,394,False,False,,434.984344,56046,0.3033,hold,,,0.0,,,0,0.0,20.590595,1197342,0.3067,hold,,,0.0,,,0,0.0,180.020004,89678,0.2008,hold,,,0.0,,,0,0.0,86.496788,175766,0.1891,hold,,,0.0,,,0,0.0
2023-09-01,80110100,394,True,False,,435.795593,56046,0.3049,hold,,,0.0,,,0,0.0,20.517822,1197342,0.3067,hold,,,0.0,,,0,0.0,180.110001,89678,0.2016,hold,,,0.0,,,0,0.0,85.1493,175766,0.1868,hold,,,0.0,,,0,0.0
2023-09-05,79726758,394,False,False,,433.912201,56046,0.305,hold,,,0.0,,,0,0.0,20.571194,1197342,0.3089,hold,,,0.0,,,0,0.0,178.639999,89678,0.2009,hold,,,0.0,,,0,0.0,83.955307,175766,0.1851,hold,,,0.0,,,0,0.0
2023-09-06,78876294,394,False,False,,430.995209,56046,0.3062,hold,,,0.0,,,0,0.0,20.027796,1197342,0.304,hold,,,0.0,,,0,0.0,177.830002,89678,0.2022,hold,,,0.0,,,0,0.0,84.161797,175766,0.1875,hold,,,0.0,,,0,0.0
2023-09-07,78337376,394,False,False,,429.671967,56046,0.3074,hold,,,0.0,,,0,0.0,19.591145,1197342,0.2994,hold,,,0.0,,,0,0.0,178.020004,89678,0.2038,hold,,,0.0,,,0,0.0,84.39521,175766,0.1894,hold,,,0.0,,,0,0.0
2023-09-08,78505545,394,False,False,,430.319122,56046,0.3072,hold,,,0.0,,,0,0.0,19.649366,1197342,0.2997,hold,,,0.0,,,0,0.0,178.080002,89678,0.2034,hold,,,0.0,,,0,0.0,84.718414,175766,0.1897,hold,,,0.0,,,0,0.0
2023-09-11,79388111,394,False,False,,433.149139,56046,0.3058,hold,,,0.0,,,0,0.0,20.318901,1197342,0.3065,hold,,,0.0,,,0,0.0,178.410004,89678,0.2015,hold,,,0.0,,,0,0.0,84.107933,175766,0.1862,hold,,,0.0,,,0,0.0
2023-09-12,78479220,394,False,False,,430.773071,56046,0.3076,hold,,,0.0,,,0,0.0,19.668774,1197342,0.3001,hold,,,0.0,,,0,0.0,177.490005,89678,0.2028,hold,,,0.0,,,0,0.0,84.592705,175766,0.1895,hold,,,0.0,,,0,0.0
2023-09-13,78699814,394,False,False,,431.275299,56046,0.3071,hold,,,0.0,,,0,0.0,19.862844,1197342,0.3022,hold,,,0.0,,,0,0.0,177.080002,89678,0.2018,hold,,,0.0,,,0,0.0,84.57476,175766,0.1889,hold,,,0.0,,,0,0.0
2023-09-14,79366677,394,False,False,,434.993988,56046,0.3072,hold,,,0.0,,,0,0.0,20.328606,1197342,0.3067,hold,,,0.0,,,0,0.0,177.169998,89678,0.2002,hold,,,0.0,,,0,0.0,83.964279,175766,0.1859,hold,,,0.0,,,0,0.0
2023-09-15,77838961,394,False,False,,429.753021,56046,0.3094,hold,,,0.0,,,0,0.0,19.28549,1197342,0.2967,hold,,,0.0,,,0,0.0,178.339996,89678,0.2055,hold,,,0.0,,,0,0.0,83.452591,175766,0.1884,hold,,,0.0,,,0,0.0
2023-09-18,78083161,394,False,False,,430.005035,56046,0.3086,hold,,,0.0,,,0,0.0,19.329155,1197342,0.2964,hold,,,0.0,,,0,0.0,179.389999,89678,0.206,hold,,,0.0,,,0,0.0,83.928406,175766,0.1889,hold,,,0.0,,,0,0.0
2023-09-19,77769641,394,False,False,,429.113281,56046,0.3092,hold,,,0.0,,,0,0.0,19.212715,1197342,0.2958,hold,,,0.0,,,0,0.0,179.220001,89678,0.2067,hold,,,0.0,,,0,0.0,83.30896,175766,0.1883,hold,,,0.0,,,0,0.0
2023-09-20,76608510,394,False,False,,425.168335,56046,0.311,hold,,,0.0,,,0,0.0,18.379665,1197342,0.2873,hold,,,0.0,,,0,0.0,179.350006,89678,0.2099,hold,,,0.0,,,0,0.0,83.569275,175766,0.1917,hold,,,0.0,,,0,0.0
2023-09-21,74467598,394,False,False,,418.141022,56046,0.3147,hold,,,0.0,,,0,0.0,17.332878,1197342,0.2787,hold,,,0.0,,,0,0.0,178.050003,89678,0.2144,hold,,,0.0,,,0,0.0,81.423721,175766,0.1922,hold,,,0.0,,,0,0.0
2023-09-22,74598691,394,False,False,,417.200775,56046,0.3134,hold,,,0.0,,,0,0.0,17.347481,1197342,0.2784,hold,,,0.0,,,0,0.0,178.619995,89678,0.2147,hold,,,0.0,,,0,0.0,82.079079,175766,0.1934,hold,,,0.0,,,0,0.0
2023-09-25,74533473,394,False,False,,418.955139,56046,0.315,hold,,,0.0,,,0,0.0,17.576313,1197342,0.2824,hold,,,0.0,,,0,0.0,177.699997,89678,0.2138,hold,,,0.0,,,0,0.0,80.059181,175766,0.1888,hold,,,0.0,,,0,0.0
2023-09-26,73073703,394,False,False,,412.800171,56046,0.3166,hold,,,0.0,,,0,0.0,16.792446,1197342,0.2752,hold,,,0.0,,,0,0.0,176.279999,89678,0.2163,hold,,,0.0,,,0,0.0,79.780914,175766,0.1919,hold,,,0.0,,,0,0.0
2023-09-27,72937270,394,False,False,,412.964966,56046,0.3173,hold,,,0.0,,,0,0.0,16.894686,1197342,0.2773,hold,,,0.0,,,0,0.0,174.100006,89678,0.2141,hold,,,0.0,,,0,0.0,79.367935,175766,0.1913,hold,,,0.0,,,0,0.0
2023-09-28,73525721,394,False,False,,415.3591,56046,0.3166,hold,,,0.0,,,0,0.0,17.303663,1197342,0.2818,hold,,,0.0,,,0,0.0,173.229996,89678,0.2113,hold,,,0.0,,,0,0.0,79.610329,175766,0.1903,hold,,,0.0,,,0,0.0
2023-09-29,73357812,394,False,False,,414.351013,56046,0.3166,hold,,,0.0,,,0,0.0,17.342615,1197342,0.2831,hold,,,0.0,,,0,0.0,171.449997,89678,0.2096,hold,,,0.0,,,0,0.0,79.619308,175766,0.1908,hold,,,0.0,,,0,0.0
2023-10-02,73448409,394,True,False,,414.186249,56046,0.3161,hold,,,0.0,,,0,0.0,17.756466,1197342,0.2895,hold,,,0.0,,,0,0.0,169.649994,89678,0.2071,hold,,,0.0,,,0,0.0,78.286461,175766,0.1873,hold,,,0.0,,,0,0.0
2023-10-03,71672608,394,False,False,,408.641937,56046,0.3195,hold,,,0.0,,,0,0.0,16.816782,1197342,0.2809,hold,,,0.0,,,0,0.0,169.160004,89678,0.2117,hold,,,0.0,,,0,0.0,76.602402,175766,0.1879,hold,,,0.0,,,0,0.0
2023-10-04,72843691,394,False,False,,411.617706,56046,0.3167,hold,,,0.0,,,0,0.0,17.498415,1197342,0.2876,hold,,,0.0,,,0,0.0,169.139999,89678,0.2082,hold,,,0.0,,,0,0.0,77.683098,175766,0.1874,hold,,,0.0,,,0,0.0
2023-10-05,72517609,394,False,False,,411.462585,56046,0.318,hold,,,0.0,,,0,0.0,17.313402,1197342,0.2859,hold,,,0.0,,,0,0.0,168.830002,89678,0.2088,hold,,,0.0,,,0,0.0,77.295853,175766,0.1873,hold,,,0.0,,,0,0.0
2023-10-06,73748301,394,False,False,,416.347778,56046,0.3164,hold,,,0.0,,,0,0.0,18.184914,1197342,0.2952,hold,,,0.0,,,0,0.0,169.699997,89678,0.2064,hold,,,0.0,,,0,0.0,76.359261,175766,0.182,hold,,,0.0,,,0,0.0
2023-10-09,74813112,394,False,False,,419.013336,56046,0.3139,hold,,,0.0,,,0,0.0,18.452698,1197342,0.2953,hold,,,0.0,,,0,0.0,172.820007,89678,0.2072,hold,,,0.0,,,0,0.0,78.151375,175766,0.1836,hold,,,0.0,,,0,0.0
2023-10-10,75251777,394,False,False,,421.194244,56046,0.3137,hold,,,0.0,,,0,0.0,18.754562,1197342,0.2984,hold,,,0.0,,,0,0.0,172.529999,89678,0.2056,hold,,,0.0,,,0,0.0,78.043312,175766,0.1823,hold,,,0.0,,,0,0.0
2023-10-11,76226001,394,False,False,,422.919525,56046,0.311,hold,,,0.0,,,0,0.0,19.153805,1197342,0.3009,hold,,,0.0,,,0,0.0,173.789993,89678,0.2045,hold,,,0.0,,,0,0.0,79.673347,175766,0.1837,hold,,,0.0,,,0,0.0
2023-10-12,75385911,394,False,False,,420.341248,56046,0.3125,hold,,,0.0,,,0,0.0,18.929838,1197342,0.3007,hold,,,0.0,,,0,0.0,173.259995,89678,0.2061,hold,,,0.0,,,0,0.0,77.511986,175766,0.1807,hold,,,0.0,,,0,0.0
2023-10-13,75154886,394,False,False,,418.247589,56046,0.3119,hold,,,0.0,,,0,0.0,18.214125,1197342,0.2902,hold,,,0.0,,,0,0.0,178.830002,89678,0.2134,hold,,,0.0,,,0,0.0,78.898842,175766,0.1845,hold,,,0.0,,,0,0.0
2023-10-16,75834849,394,False,False,,422.648163,56046,0.3124,hold,,,0.0,,,0,0.0,18.827595,1197342,0.2973,hold,,,0.0,,,0,0.0,177.960007,89678,0.2104,hold,,,0.0,,,0,0.0,77.629059,175766,0.1799,hold,,,0.0,,,0,0.0
2023-10-17,75497279,394,False,False,,422.628723,56046,0.3137,hold,,,0.0,,,0,0.0,18.647449,1197342,0.2957,hold,,,0.0,,,0,0.0,178.289993,89678,0.2118,hold,,,0.0,,,0,0.0,76.773506,175766,0.1787,hold,,,0.0,,,0,0.0
2023-10-18,74349910,394,False,False,,416.997162,56046,0.3143,hold,,,0.0,,,0,0.0,17.858709,1197342,0.2876,hold,,,0.0,,,0,0.0,180.869995,89678,0.2182,hold,,,0.0,,,0,0.0,76.098061,175766,0.1799,hold,,,0.0,,,0,0.0
2023-10-19,73498502,394,False,False,,413.333252,56046,0.3152,hold,,,0.0,,,0,0.0,17.381561,1197342,0.2832,hold,,,0.0,,,0,0.0,183.089996,89678,0.2234,hold,,,0.0,,,0,0.0,74.5401,175766,0.1783,hold,,,0.0,,,0,0.0
2023-10-20,72394513,394,False,False,,408.254181,56046,0.3161,hold,,,0.0,,,0,0.0,16.597689,1197342,0.2745,hold,,,0.0,,,0,0.0,183.589996,89678,0.2274,hold,,,0.0,,,0,0.0,74.963371,175766,0.182,hold,,,0.0,,,0,0.0
2023-10-23,72632436,394,False,False,,407.5466,56046,0.3145,hold,,,0.0,,,0,0.0,16.743755,1197342,0.276,hold,,,0.0,,,0,0.0,182.970001,89678,0.2259,hold,,,0.0,,,0,0.0,75.863937,175766,0.1836,hold,,,0.0,,,0,0.0
2023-10-24,73544023,394,False,False,,410.619263,56046,0.3129,hold,,,0.0,,,0,0.0,17.216026,1197342,0.2803,hold,,,0.0,,,0,0.0,182.949997,89678,0.2231,hold,,,0.0,,,0,0.0,76.863564,175766,0.1837,hold,,,0.0,,,0,0.0
2023-10-25,71472161,394,False,False,,404.726013,56046,0.3174,hold,,,0.0,,,0,0.0,15.955009,1197342,0.2673,hold,,,0.0,,,0,0.0,183.720001,89678,0.2305,hold,,,0.0,,,0,0.0,75.152466,175766,0.1848,hold,,,0.0,,,0,0.0
2023-10-26,70315701,394,False,False,,399.879517,56046,0.3187,hold,,,0.0,,,0,0.0,15.025073,1197342,0.2558,hold,,,0.0,,,0,0.0,184.009995,89678,0.2347,hold,,,0.0,,,0,0.0,76.305206,175766,0.1907,hold,,,0.0,,,0,0.0
2023-10-27,70605539,394,False,False,,398.066956,56046,0.316,hold,,,0.0,,,0,0.0,15.239298,1197342,0.2584,hold,,,0.0,,,0,0.0,186.149994,89678,0.2364,hold,,,0.0,,,0,0.0,75.980988,175766,0.1891,hold,,,0.0,,,0,0.0
2023-10-30,71306760,394,False,False,,402.826233,56046,0.3166,hold,,,0.0,,,0,0.0,15.731046,1197342,0.2641,hold,,,0.0,,,0,0.0,185.100006,89678,0.2328,hold,,,0.0,,,0,0.0,75.638786,175766,0.1864,hold,,,0.0,,,0,0.0
2023-10-31,71567065,394,False,False,,405.356079,56046,0.3174,hold,,,0.0,,,0,0.0,15.959878,1197342,0.267,hold,,,0.0,,,0,0.0,184.089996,89678,0.2307,hold,,,0.0,,,0,0.0,75.269562,175766,0.1849,hold,,,0.0,,,0,0.0
2023-11-01,73029395,394,True,False,,409.679047,56046,0.3144,hold,REDUCE_TO_TARGET,rebalance 2023-11-01,-1052053.0,,,0,0.0,16.782707,1197342,0.2752,hold,INCREASE_TO_TARGET,rebalance 2023-11-01,1814179.0,,,0,0.0,183.509995,89678,0.2253,hold,REDUCE_TO_TARGET,rebalance 2023-11-01,-1850930.0,,,0,0.0,76.901566,175766,0.1851,hold,INCREASE_TO_TARGET,rebalance 2023-11-01,1089198.0,,,0,0.0
2023-11-02,74903249,69,False,True,monthly,417.530304,53494,0.2982,hold,,,0.0,REDUCE_TO_TARGET,sell,2552,412.238224,17.673693,1301226,0.307,hold,,,0.0,INCREASE_TO_TARGET,buy,103884,17.410778,184.119995,79596,0.1957,hold,,,0.0,REDUCE_TO_TARGET,sell,10082,183.577615,78.654686,189628,0.1991,hold,,,0.0,INCREASE_TO_TARGET,buy,13862,78.329367
2023-11-03,76072383,69,False,False,,421.33963,53494,0.2963,hold,,,0.0,,,0,0.0,18.296896,1301226,0.313,hold,,,0.0,,,0,0.0,184.789993,79596,0.1933,hold,,,0.0,,,0,0.0,79.187836,189628,0.1974,hold,,,0.0,,,0,0.0
2023-11-06,76136375,69,False,False,,422.308868,53494,0.2967,hold,,,0.0,,,0,0.0,18.506252,1301226,0.3163,hold,,,0.0,,,0,0.0,183.350006,79596,0.1917,hold,,,0.0,,,0,0.0,78.419708,189628,0.1953,hold,,,0.0,,,0,0.0
2023-11-07,77037410,69,False,False,,423.510803,53494,0.2941,hold,,,0.0,,,0,0.0,19.027218,1301226,0.3214,hold,,,0.0,,,0,0.0,182.589996,79596,0.1887,hold,,,0.0,,,0,0.0,79.576385,189628,0.1959,hold,,,0.0,,,0,0.0
2023-11-08,77210523,69,False,False,,423.820984,53494,0.2936,hold,,,0.0,,,0,0.0,19.061296,1301226,0.3212,hold,,,0.0,,,0,0.0,180.770004,79596,0.1864,hold,,,0.0,,,0,0.0,80.931885,189628,0.1988,hold,,,0.0,,,0,0.0
2023-11-09,76148830,69,False,False,,420.515686,53494,0.2954,hold,,,0.0,,,0,0.0,18.6085,1301226,0.318,hold,,,0.0,,,0,0.0,181.490005,79596,0.1897,hold,,,0.0,,,0,0.0,79.070351,189628,0.1969,hold,,,0.0,,,0,0.0
2023-11-10,78041749,69,False,False,,427.077789,53494,0.2927,hold,,,0.0,,,0,0.0,19.85004,1301226,0.331,hold,,,0.0,,,0,0.0,179.509995,79596,0.1831,hold,,,0.0,,,0,0.0,79.51313,189628,0.1932,hold,,,0.0,,,0,0.0
2023-11-13,77830889,69,False,False,,426.670654,53494,0.2933,hold,,,0.0,,,0,0.0,19.669895,1301226,0.3289,hold,,,0.0,,,0,0.0,180.509995,79596,0.1846,hold,,,0.0,,,0,0.0,79.33242,189628,0.1933,hold,,,0.0,,,0,0.0
2023-11-14,80352040,69,False,False,,434.948425,53494,0.2896,hold,,,0.0,,,0,0.0,20.906565,1301226,0.3386,hold,,,0.0,,,0,0.0,182.119995,79596,0.1804,hold,,,0.0,,,0,0.0,81.130692,189628,0.1915,hold,,,0.0,,,0,0.0
2023-11-15,80223213,69,False,False,,435.869232,53494,0.2906,hold,,,0.0,,,0,0.0,20.964993,1301226,0.3401,hold,,,0.0,,,0,0.0,181.639999,79596,0.1802,hold,,,0.0,,,0,0.0,79.992111,189628,0.1891,hold,,,0.0,,,0,0.0
2023-11-16,80647741,69,False,False,,436.402313,53494,0.2895,hold,,,0.0,,,0,0.0,20.999075,1301226,0.3388,hold,,,0.0,,,0,0.0,183.690002,79596,0.1813,hold,,,0.0,,,0,0.0,80.986115,189628,0.1904,hold,,,0.0,,,0,0.0
2023-11-17,80766162,69,False,False,,436.945129,53494,0.2894,hold,,,0.0,,,0,0.0,21.013678,1301226,0.3386,hold,,,0.0,,,0,0.0,183.669998,79596,0.181,hold,,,0.0,,,0,0.0,81.365669,189628,0.191,hold,,,0.0,,,0,0.0
2023-11-20,81992105,69,False,False,,440.308563,53494,0.2873,hold,,,0.0,,,0,0.0,21.763475,1301226,0.3454,hold,,,0.0,,,0,0.0,183.369995,79596,0.178,hold,,,0.0,,,0,0.0,81.862663,189628,0.1893,hold,,,0.0,,,0,0.0
2023-11-21,81578344,69,False,False,,439.348938,53494,0.2881,hold,,,0.0,,,0,0.0,21.369097,1301226,0.3409,hold,,,0.0,,,0,0.0,185.350006,79596,0.1808,hold,,,0.0,,,0,0.0,81.826523,189628,0.1902,hold,,,0.0,,,0,0.0
2023-11-22,81984147,69,False,False,,441.045135,53494,0.2878,hold,,,0.0,,,0,0.0,21.617409,1301226,0.3431,hold,,,0.0,,,0,0.0,184.559998,79596,0.1792,hold,,,0.0,,,0,0.0,82.115707,189628,0.1899,hold,,,0.0,,,0,0.0
2023-11-24,81752348,69,False,False,,441.31662,53494,0.2888,hold,,,0.0,,,0,0.0,21.510296,1301226,0.3424,hold,,,0.0,,,0,0.0,185.520004,79596,0.1806,hold,,,0.0,,,0,0.0,81.148781,189628,0.1882,hold,,,0.0,,,0,0.0
2023-11-27,81984003,69,False,False,,440.52182,53494,0.2874,hold,,,0.0,,,0,0.0,21.447002,1301226,0.3404,hold,,,0.0,,,0,0.0,186.770004,79596,0.1813,hold,,,0.0,,,0,0.0,82.504265,189628,0.1908,hold,,,0.0,,,0,0.0
2023-11-28,82458114,69,False,False,,440.957947,53494,0.2861,hold,,,0.0,,,0,0.0,21.617409,1301226,0.3411,hold,,,0.0,,,0,0.0,189.259995,79596,0.1827,hold,,,0.0,,,0,0.0,82.666946,189628,0.1901,hold,,,0.0,,,0,0.0
2023-11-29,82559500,69,False,False,,440.647797,53494,0.2855,hold,,,0.0,,,0,0.0,21.539505,1301226,0.3395,hold,,,0.0,,,0,0.0,189.539993,79596,0.1827,hold,,,0.0,,,0,0.0,83.706146,189628,0.1923,hold,,,0.0,,,0,0.0
2023-11-30,82171673,69,False,False,,442.382843,53494,0.288,hold,,,0.0,,,0,0.0,21.359362,1301226,0.3382,hold,,,0.0,,,0,0.0,188.75,79596,0.1828,hold,,,0.0,,,0,0.0,82.739227,189628,0.1909,hold,,,0.0,,,0,0.0
2023-12-01,83101053,69,True,False,,444.999878,53494,0.2865,hold,INCREASE_TO_TARGET,rebalance 2023-12-01,1125492.0,,,0,0.0,21.539505,1301226,0.3373,hold,REDUCE_TO_TARGET,rebalance 2023-12-01,-3097448.0,,,0,0.0,192.009995,79596,0.1839,hold,INCREASE_TO_TARGET,rebalance 2023-12-01,1336983.0,,,0,0.0,84.297516,189628,0.1924,hold,INCREASE_TO_TARGET,rebalance 2023-12-01,635041.0,,,0,0.0
2023-12-04,81751600,124,False,True,monthly,442.663879,56035,0.3034,hold,,,0.0,INCREASE_TO_TARGET,buy,2541,441.60736,20.926043,1152520,0.295,hold,,,0.0,REDUCE_TO_TARGET,sell,148706,20.829285,187.860001,86626,0.1991,hold,,,0.0,INCREASE_TO_TARGET,buy,7030,189.600006,83.962097,197179,0.2025,hold,,,0.0,INCREASE_TO_TARGET,buy,7551,83.844245
2023-12-05,82214873,124,False,False,,442.576691,56035,0.3016,hold,,,0.0,,,0,0.0,21.076973,1152520,0.2955,hold,,,0.0,,,0,0.0,187.149994,86626,0.1972,hold,,,0.0,,,0,0.0,85.766113,197179,0.2057,hold,,,0.0,,,0,0.0
2023-12-06,81967855,124,False,False,,440.793243,56035,0.3013,hold,,,0.0,,,0,0.0,20.702076,1152520,0.2911,hold,,,0.0,,,0,0.0,187.839996,86626,0.1985,hold,,,0.0,,,0,0.0,86.908333,197179,0.2091,hold,,,0.0,,,0,0.0
2023-12-07,83083696,124,False,False,,444.156677,56035,0.2996,hold,,,0.0,,,0,0.0,21.568722,1152520,0.2992,hold,,,0.0,,,0,0.0,188.149994,86626,0.1962,hold,,,0.0,,,0,0.0,86.409752,197179,0.2051,hold,,,0.0,,,0,0.0
2023-12-08,83131233,124,False,False,,446.066162,56035,0.3007,hold,,,0.0,,,0,0.0,21.826765,1152520,0.3026,hold,,,0.0,,,0,0.0,185.639999,86626,0.1934,hold,,,0.0,,,0,0.0,85.702629,197179,0.2033,hold,,,0.0,,,0,0.0
2023-12-11,83654814,124,False,False,,447.801086,56035,0.3,hold,,,0.0,,,0,0.0,22.381807,1152520,0.3084,hold,,,0.0,,,0,0.0,183.589996,86626,0.1901,hold,,,0.0,,,0,0.0,85.521324,197179,0.2016,hold,,,0.0,,,0,0.0
2023-12-12,84433676,124,False,False,,449.846375,56035,0.2985,hold,,,0.0,,,0,0.0,22.922243,1152520,0.3129,hold,,,0.0,,,0,0.0,183.490005,86626,0.1883,hold,,,0.0,,,0,0.0,85.775169,197179,0.2003,hold,,,0.0,,,0,0.0
2023-12-13,86468223,124,False,False,,456.049774,56035,0.2955,hold,,,0.0,,,0,0.0,23.730461,1152520,0.3163,hold,,,0.0,,,0,0.0,187.630005,86626,0.188,hold,,,0.0,,,0,0.0,87.787659,197179,0.2002,hold,,,0.0,,,0,0.0
2023-12-14,87050914,124,False,False,,457.513367,56035,0.2945,hold,,,0.0,,,0,0.0,23.691513,1152520,0.3137,hold,,,0.0,,,0,0.0,188.729996,86626,0.1878,hold,,,0.0,,,0,0.0,90.071266,197179,0.204,hold,,,0.0,,,0,0.0
2023-12-15,87204028,124,False,False,,456.760101,56035,0.2935,hold,,,0.0,,,0,0.0,23.973902,1152520,0.3168,hold,,,0.0,,,0,0.0,187.0,86626,0.1858,hold,,,0.0,,,0,0.0,90.17131,197179,0.2039,hold,,,0.0,,,0,0.0
2023-12-18,87857933,124,False,False,,459.329437,56035,0.293,hold,,,0.0,,,0,0.0,24.475384,1152520,0.3211,hold,,,0.0,,,0,0.0,187.850006,86626,0.1852,hold,,,0.0,,,0,0.0,89.452835,197179,0.2008,hold,,,0.0,,,0,0.0
2023-12-19,88641217,124,False,False,,462.122559,56035,0.2921,hold,,,0.0,,,0,0.0,24.840544,1152520,0.323,hold,,,0.0,,,0,0.0,189.130005,86626,0.1848,hold,,,0.0,,,0,0.0,89.934814,197179,0.2001,hold,,,0.0,,,0,0.0
2023-12-20,87041261,124,False,False,,455.718811,56035,0.2934,hold,,,0.0,,,0,0.0,23.736834,1152520,0.3143,hold,,,0.0,,,0,0.0,188.100006,86626,0.1872,hold,,,0.0,,,0,0.0,90.544159,197179,0.2051,hold,,,0.0,,,0,0.0
2023-12-21,88193027,124,False,False,,460.039886,56035,0.2923,hold,,,0.0,,,0,0.0,24.524149,1152520,0.3205,hold,,,0.0,,,0,0.0,189.429993,86626,0.1861,hold,,,0.0,,,0,0.0,89.971214,197179,0.2012,hold,,,0.0,,,0,0.0
2023-12-22,88349628,124,False,False,,460.964417,56035,0.2924,hold,,,0.0,,,0,0.0,24.621952,1152520,0.3212,hold,,,0.0,,,0,0.0,190.270004,86626,0.1866,hold,,,0.0,,,0,0.0,89.561981,197179,0.1999,hold,,,0.0,,,0,0.0
2023-12-26,89153032,124,False,False,,462.910889,56035,0.291,hold,,,0.0,,,0,0.0,25.07185,1152520,0.3241,hold,,,0.0,,,0,0.0,191.720001,86626,0.1863,hold,,,0.0,,,0,0.0,89.81662,197179,0.1986,hold,,,0.0,,,0,0.0
2023-12-27,89741279,124,False,False,,463.747864,56035,0.2896,hold,,,0.0,,,0,0.0,25.203882,1152520,0.3237,hold,,,0.0,,,0,0.0,192.589996,86626,0.1859,hold,,,0.0,,,0,0.0,91.408134,197179,0.2008,hold,,,0.0,,,0,0.0
2023-12-28,89449901,124,False,False,,463.923004,56035,0.2906,hold,,,0.0,,,0,0.0,25.14031,1152520,0.3239,hold,,,0.0,,,0,0.0,191.470001,86626,0.1854,hold,,,0.0,,,0,0.0,90.744255,197179,0.2,hold,,,0.0,,,0,0.0
2023-12-29,88787105,124,False,False,,462.579987,56035,0.2919,hold,,,0.0,,,0,0.0,24.793108,1152520,0.3218,hold,,,0.0,,,0,0.0,191.169998,86626,0.1865,hold,,,0.0,,,0,0.0,89.925735,197179,0.1997,hold,,,0.0,,,0,0.0
2024-01-02,87052403,124,True,False,,459.991241,56035,0.2961,hold,,,0.0,,,0,0.0,23.536339,1152520,0.3116,hold,,,0.0,,,0,0.0,190.720001,86626,0.1898,hold,,,0.0,,,0,0.0,89.407379,197179,0.2025,hold,,,0.0,,,0,0.0
2024-01-03,85909744,124,False,False,,456.234589,56035,0.2976,hold,,,0.0,,,0,0.0,22.783257,1152520,0.3056,hold,,,0.0,,,0,0.0,189.130005,86626,0.1907,hold,,,0.0,,,0,0.0,89.780251,197179,0.2061,hold,,,0.0,,,0,0.0
2024-01-04,85135262,124,False,False,,454.765076,56035,0.2993,hold,,,0.0,,,0,0.0,22.401823,1152520,0.3033,hold,,,0.0,,,0,0.0,189.320007,86626,0.1926,hold,,,0.0,,,0,0.0,88.416077,197179,0.2048,hold,,,0.0,,,0,0.0
2024-01-05,85101798,124,False,False,,455.387878,56035,0.2998,hold,,,0.0,,,0,0.0,22.484955,1152520,0.3045,hold,,,0.0,,,0,0.0,189.350006,86626,0.1927,hold,,,0.0,,,0,0.0,87.570282,197179,0.2029,hold,,,0.0,,,0,0.0
2024-01-08,87069414,124,False,False,,461.889008,56035,0.2973,hold,,,0.0,,,0,0.0,23.839531,1152520,0.3156,hold,,,0.0,,,0,0.0,187.869995,86626,0.1869,hold,,,0.0,,,0,0.0,88.43425,197179,0.2003,hold,,,0.0,,,0,0.0
2024-01-09,87104517,124,False,False,,461.188324,56035,0.2967,hold,,,0.0,,,0,0.0,23.99601,1152520,0.3175,hold,,,0.0,,,0,0.0,187.929993,86626,0.1869,hold,,,0.0,,,0,0.0,87.870415,197179,0.1989,hold,,,0.0,,,0,0.0
2024-01-10,87679419,124,False,False,,463.796478,56035,0.2964,hold,,,0.0,,,0,0.0,24.47036,1152520,0.3217,hold,,,0.0,,,0,0.0,187.5,86626,0.1852,hold,,,0.0,,,0,0.0,87.461166,197179,0.1967,hold,,,0.0,,,0,0.0
2024-01-11,87932108,124,False,False,,463.592072,56035,0.2954,hold,,,0.0,,,0,0.0,24.587721,1152520,0.3223,hold,,,0.0,,,0,0.0,187.869995,86626,0.1851,hold,,,0.0,,,0,0.0,87.952248,197179,0.1972,hold,,,0.0,,,0,0.0
2024-01-12,88109240,124,False,False,,463.913239,56035,0.295,hold,,,0.0,,,0,0.0,24.617062,1152520,0.322,hold,,,0.0,,,0,0.0,189.710007,86626,0.1865,hold,,,0.0,,,0,0.0,87.779442,197179,0.1964,hold,,,0.0,,,0,0.0
2024-01-16,87536130,124,False,False,,462.210144,56035,0.2959,hold,,,0.0,,,0,0.0,24.602394,1152520,0.3239,hold,,,0.0,,,0,0.0,187.910004,86626,0.186,hold,,,0.0,,,0,0.0,86.233414,197179,0.1942,hold,,,0.0,,,0,0.0
2024-01-17,86695612,124,False,False,,459.640869,56035,0.2971,hold,,,0.0,,,0,0.0,24.17695,1152520,0.3214,hold,,,0.0,,,0,0.0,185.839996,86626,0.1857,hold,,,0.0,,,0,0.0,86.096992,197179,0.1958,hold,,,0.0,,,0,0.0
2024-01-18,88094219,124,False,False,,463.728394,56035,0.295,hold,,,0.0,,,0,0.0,25.213661,1152520,0.3299,hold,,,0.0,,,0,0.0,187.369995,86626,0.1842,hold,,,0.0,,,0,0.0,85.296677,197179,0.1909,hold,,,0.0,,,0,0.0
2024-01-19,90199992,124,False,False,,469.509277,56035,0.2917,hold,,,0.0,,,0,0.0,26.670931,1152520,0.3408,hold,,,0.0,,,0,0.0,187.929993,86626,0.1805,hold,,,0.0,,,0,0.0,85.569511,197179,0.1871,hold,,,0.0,,,0,0.0
2024-01-22,90418524,124,False,False,,470.501953,56035,0.2916,hold,,,0.0,,,0,0.0,26.778511,1152520,0.3413,hold,,,0.0,,,0,0.0,187.220001,86626,0.1794,hold,,,0.0,,,0,0.0,86.078812,197179,0.1877,hold,,,0.0,,,0,0.0
2024-01-23,90790502,124,False,False,,471.874176,56035,0.2912,hold,,,0.0,,,0,0.0,27.096375,1152520,0.344,hold,,,0.0,,,0,0.0,187.949997,86626,0.1793,hold,,,0.0,,,0,0.0,85.396713,197179,0.1855,hold,,,0.0,,,0,0.0
2024-01-24,91099385,124,False,False,,472.390015,56035,0.2906,hold,,,0.0,,,0,0.0,27.541376,1152520,0.3484,hold,,,0.0,,,0,0.0,186.399994,86626,0.1772,hold,,,0.0,,,0,0.0,84.896538,197179,0.1838,hold,,,0.0,,,0,0.0
2024-01-25,91507014,124,False,False,,474.959259,56035,0.2908,hold,,,0.0,,,0,0.0,27.619617,1152520,0.3479,hold,,,0.0,,,0,0.0,187.139999,86626,0.1772,hold,,,0.0,,,0,0.0,85.451279,197179,0.1841,hold,,,0.0,,,0,0.0
2024-01-26,90843528,124,False,False,,474.355865,56035,0.2926,hold,,,0.0,,,0,0.0,27.111046,1152520,0.344,hold,,,0.0,,,0,0.0,187.009995,86626,0.1783,hold,,,0.0,,,0,0.0,85.287598,197179,0.1851,hold,,,0.0,,,0,0.0
2024-01-29,92280717,124,False,False,,478.112518,56035,0.2903,hold,,,0.0,,,0,0.0,27.90814,1152520,0.3486,hold,,,0.0,,,0,0.0,188.330002,86626,0.1768,hold,,,0.0,,,0,0.0,86.269806,197179,0.1843,hold,,,0.0,,,0,0.0
2024-01-30,91794229,124,False,False,,477.742706,56035,0.2916,hold,,,0.0,,,0,0.0,27.350664,1152520,0.3434,hold,,,0.0,,,0,0.0,188.589996,86626,0.178,hold,,,0.0,,,0,0.0,87.05191,197179,0.187,hold,,,0.0,,,0,0.0
2024-01-31,89659599,124,False,False,,469.947266,56035,0.2937,hold,,,0.0,,,0,0.0,25.7418,1152520,0.3309,hold,,,0.0,,,0,0.0,188.449997,86626,0.1821,hold,,,0.0,,,0,0.0,87.906784,197179,0.1933,hold,,,0.0,,,0,0.0
2024-02-01,91562349,124,True,False,,476.097931,56035,0.2914,hold,INCREASE_TO_TARGET,rebalance 2024-02-01,790557.0,,,0,0.0,26.651369,1152520,0.3355,hold,REDUCE_TO_TARGET,rebalance 2024-02-01,-3247531.0,,,0,0.0,190.410004,86626,0.1801,hold,INCREASE_TO_TARGET,rebalance 2024-02-01,1818013.0,,,0,0.0,89.631172,197179,0.193,hold,INCREASE_TO_TARGET,rebalance 2024-02-01,639085.0,,,0,0.0
2024-02-02,92711519,152,False,True,monthly,481.110046,57689,0.2994,hold,,,0.0,INCREASE_TO_TARGET,buy,1654,476.535913,27.991276,1031808,0.3115,hold,,,0.0,REDUCE_TO_TARGET,sell,120712,26.90295,188.610001,96263,0.1958,hold,,,0.0,INCREASE_TO_TARGET,buy,9637,188.070007,87.651321,204433,0.1933,hold,,,0.0,INCREASE_TO_TARGET,buy,7254,87.833792
2024-02-05,92002176,152,False,False,,479.358246,57689,0.3006,hold,,,0.0,,,0,0.0,27.849461,1031808,0.3123,hold,,,0.0,,,0,0.0,187.570007,96263,0.1963,hold,,,0.0,,,0,0.0,85.881332,204433,0.1908,hold,,,0.0,,,0,0.0
2024-02-06,92181883,152,False,False,,480.749969,57689,0.3009,hold,,,0.0,,,0,0.0,27.688086,1031808,0.3099,hold,,,0.0,,,0,0.0,188.550003,96263,0.1969,hold,,,0.0,,,0,0.0,86.72068,204433,0.1923,hold,,,0.0,,,0,0.0
2024-02-07,93175315,152,False,False,,484.759674,57689,0.3001,hold,,,0.0,,,0,0.0,28.514524,1031808,0.3158,hold,,,0.0,,,0,0.0,188.5,96263,0.1947,hold,,,0.0,,,0,0.0,86.301003,204433,0.1894,hold,,,0.0,,,0,0.0
2024-02-08,93189812,152,False,False,,484.973724,57689,0.3002,hold,,,0.0,,,0,0.0,28.631886,1031808,0.317,hold,,,0.0,,,0,0.0,188.330002,96263,0.1945,hold,,,0.0,,,0,0.0,85.799217,204433,0.1882,hold,,,0.0,,,0,0.0
2024-02-09,94113655,152,False,False,,487.776611,57689,0.299,hold,,,0.0,,,0,0.0,29.47299,1031808,0.3231,hold,,,0.0,,,0,0.0,187.600006,96263,0.1919,hold,,,0.0,,,0,0.0,85.625862,204433,0.186,hold,,,0.0,,,0,0.0
2024-02-12,93716403,152,False,False,,487.562439,57689,0.3001,hold,,,0.0,,,0,0.0,29.125792,1031808,0.3207,hold,,,0.0,,,0,0.0,187.110001,96263,0.1922,hold,,,0.0,,,0,0.0,85.726212,204433,0.187,hold,,,0.0,,,0,0.0
2024-02-13,91357470,152,False,False,,480.84726,57689,0.3036,hold,,,0.0,,,0,0.0,27.746763,1031808,0.3134,hold,,,0.0,,,0,0.0,184.529999,96263,0.1944,hold,,,0.0,,,0,0.0,84.257324,204433,0.1885,hold,,,0.0,,,0,0.0
2024-02-14,92594854,152,False,False,,485.21698,57689,0.3023,hold,,,0.0,,,0,0.0,28.626993,1031808,0.319,hold,,,0.0,,,0,0.0,184.419998,96263,0.1917,hold,,,0.0,,,0,0.0,84.686119,204433,0.187,hold,,,0.0,,,0,0.0
2024-02-15,93244127,152,False,False,,488.56488,57689,0.3023,hold,,,0.0,,,0,0.0,28.86661,1031808,0.3194,hold,,,0.0,,,0,0.0,185.660004,96263,0.1917,hold,,,0.0,,,0,0.0,85.124062,204433,0.1866,hold,,,0.0,,,0,0.0
2024-02-16,92251105,152,False,False,,486.131836,57689,0.304,hold,,,0.0,,,0,0.0,28.074406,1031808,0.314,hold,,,0.0,,,0,0.0,186.339996,96263,0.1944,hold,,,0.0,,,0,0.0,84.631393,204433,0.1875,hold,,,0.0,,,0,0.0
2024-02-20,91549324,152,False,False,,483.455505,57689,0.3046,hold,,,0.0,,,0,0.0,27.424013,1031808,0.3091,hold,,,0.0,,,0,0.0,187.470001,96263,0.1971,hold,,,0.0,,,0,0.0,84.704361,204433,0.1891,hold,,,0.0,,,0,0.0
2024-02-21,91099256,152,False,False,,483.893433,57689,0.3064,hold,,,0.0,,,0,0.0,27.081705,1031808,0.3067,hold,,,0.0,,,0,0.0,187.479996,96263,0.1981,hold,,,0.0,,,0,0.0,84.102219,204433,0.1887,hold,,,0.0,,,0,0.0
2024-02-22,94185504,152,False,False,,493.907898,57689,0.3025,hold,,,0.0,,,0,0.0,29.424089,1031808,0.3223,hold,,,0.0,,,0,0.0,187.559998,96263,0.1917,hold,,,0.0,,,0,0.0,84.512779,204433,0.1834,hold,,,0.0,,,0,0.0
2024-02-23,94260956,152,False,False,,494.248444,57689,0.3025,hold,,,0.0,,,0,0.0,29.15513,1031808,0.3191,hold,,,0.0,,,0,0.0,188.619995,96263,0.1926,hold,,,0.0,,,0,0.0,85.644112,204433,0.1857,hold,,,0.0,,,0,0.0
2024-02-26,94023503,152,False,False,,492.438232,57689,0.3021,hold,,,0.0,,,0,0.0,29.116009,1031808,0.3195,hold,,,0.0,,,0,0.0,188.199997,96263,0.1927,hold,,,0.0,,,0,0.0,85.388634,204433,0.1857,hold,,,0.0,,,0,0.0
2024-02-27,94120622,152,False,False,,493.353119,57689,0.3024,hold,,,0.0,,,0,0.0,29.296946,1031808,0.3212,hold,,,0.0,,,0,0.0,188.0,96263,0.1923,hold,,,0.0,,,0,0.0,84.786484,204433,0.1842,hold,,,0.0,,,0,0.0
2024-02-28,93736346,152,False,False,,492.70108,57689,0.3032,hold,,,0.0,,,0,0.0,28.822601,1031808,0.3173,hold,,,0.0,,,0,0.0,188.339996,96263,0.1934,hold,,,0.0,,,0,0.0,85.324768,204433,0.1861,hold,,,0.0,,,0,0.0
2024-02-29,94771494,152,False,False,,494.47229,57689,0.301,hold,,,0.0,,,0,0.0,29.517004,1031808,0.3214,hold,,,0.0,,,0,0.0,189.309998,96263,0.1923,hold,,,0.0,,,0,0.0,85.926933,204433,0.1854,hold,,,0.0,,,0,0.0
2024-03-01,96891039,152,True,False,,499.114532,57689,0.2972,hold,,,0.0,,,0,0.0,30.871578,1031808,0.3288,hold,,,0.0,,,0,0.0,192.889999,96263,0.1916,hold,,,0.0,,,0,0.0,86.462349,204433,0.1824,hold,,,0.0,,,0,0.0
2024-03-04,96710971,152,False,False,,498.579254,57689,0.2974,hold,,,0.0,,,0,0.0,30.504816,1031808,0.3255,hold,,,0.0,,,0,0.0,196.009995,96263,0.1951,hold,,,0.0,,,0,0.0,86.114555,204433,0.182,hold,,,0.0,,,0,0.0
2024-03-05,95102562,152,False,False,,493.596405,57689,0.2994,hold,,,0.0,,,0,0.0,28.871504,1031808,0.3132,hold,,,0.0,,,0,0.0,197.190002,96263,0.1996,hold,,,0.0,,,0,0.0,87.340973,204433,0.1877,hold,,,0.0,,,0,0.0
2024-03-06,96057561,152,False,False,,496.097595,57689,0.2979,hold,,,0.0,,,0,0.0,29.40453,1031808,0.3159,hold,,,0.0,,,0,0.0,198.809998,96263,0.1992,hold,,,0.0,,,0,0.0,87.853523,204433,0.187,hold,,,0.0,,,0,0.0
2024-03-07,97785835,152,False,False,,501.022064,57689,0.2956,hold,,,0.0,,,0,0.0,30.715092,1031808,0.3241,hold,,,0.0,,,0,0.0,199.940002,96263,0.1968,hold,,,0.0,,,0,0.0,87.771149,204433,0.1835,hold,,,0.0,,,0,0.0
2024-03-08,96355659,152,False,False,,498.014801,57689,0.2982,hold,,,0.0,,,0,0.0,29.370298,1031808,0.3145,hold,,,0.0,,,0,0.0,201.630005,96263,0.2014,hold,,,0.0,,,0,0.0,87.61557,204433,0.1859,hold,,,0.0,,,0,0.0
2024-03-11,96004018,152,False,False,,497.586639,57689,0.299,hold,,,0.0,,,0,0.0,29.027987,1031808,0.312,hold,,,0.0,,,0,0.0,202.0,96263,0.2025,hold,,,0.0,,,0,0.0,87.569794,204433,0.1865,hold,,,0.0,,,0,0.0
2024-03-12,97221901,152,False,False,,502.939301,57689,0.2984,hold,,,0.0,,,0,0.0,30.260309,1031808,0.3212,hold,,,0.0,,,0,0.0,199.789993,96263,0.1978,hold,,,0.0,,,0,0.0,86.837601,204433,0.1826,hold,,,0.0,,,0,0.0
2024-03-13,96498540,152,False,False,,502.15097,57689,0.3002,hold,,,0.0,,,0,0.0,29.556124,1031808,0.316,hold,,,0.0,,,0,0.0,201.190002,96263,0.2007,hold,,,0.0,,,0,0.0,86.416588,204433,0.1831,hold,,,0.0,,,0,0.0
2024-03-14,95841879,152,False,False,,501.158356,57689,0.3017,hold,,,0.0,,,0,0.0,29.316509,1031808,0.3156,hold,,,0.0,,,0,0.0,200.350006,96263,0.2012,hold,,,0.0,,,0,0.0,85.0895,204433,0.1815,hold,,,0.0,,,0,0.0
2024-03-15,94471122,152,False,False,,497.717072,57689,0.3039,hold,,,0.0,,,0,0.0,28.245558,1031808,0.3085,hold,,,0.0,,,0,0.0,199.710007,96263,0.2035,hold,,,0.0,,,0,0.0,85.062065,204433,0.1841,hold,,,0.0,,,0,0.0
2024-03-18,95442633,152,False,False,,500.675049,57689,0.3026,hold,,,0.0,,,0,0.0,29.04266,1031808,0.314,hold,,,0.0,,,0,0.0,200.029999,96263,0.2017,hold,,,0.0,,,0,0.0,84.805786,204433,0.1816,hold,,,0.0,,,0,0.0
2024-03-19,95836519,152,False,False,,503.457397,57689,0.3031,hold,,,0.0,,,0,0.0,29.243151,1031808,0.3148,hold,,,0.0,,,0,0.0,199.800003,96263,0.2007,hold,,,0.0,,,0,0.0,85.043747,204433,0.1814,hold,,,0.0,,,0,0.0
2024-03-20,97399673,152,False,False,,508.114075,57689,0.301,hold,,,0.0,,,0,0.0,30.281155,1031808,0.3208,hold,,,0.0,,,0,0.0,202.179993,96263,0.1998,hold,,,0.0,,,0,0.0,85.016304,204433,0.1784,hold,,,0.0,,,0,0.0
2024-03-21,97918853,152,False,False,,509.793243,57689,0.3003,hold,,,0.0,,,0,0.0,30.673775,1031808,0.3232,hold,,,0.0,,,0,0.0,201.970001,96263,0.1986,hold,,,0.0,,,0,0.0,85.199326,204433,0.1779,hold,,,0.0,,,0,0.0
2024-03-22,97939504,152,False,False,,508.82666,57689,0.2997,hold,,,0.0,,,0,0.0,30.737579,1031808,0.3238,hold,,,0.0,,,0,0.0,200.350006,96263,0.1969,hold,,,0.0,,,0,0.0,86.013893,204433,0.1795,hold,,,0.0,,,0,0.0
2024-03-25,97507989,152,False,False,,507.420929,57689,0.3002,hold,,,0.0,,,0,0.0,30.423483,1031808,0.3219,hold,,,0.0,,,0,0.0,200.990005,96263,0.1984,hold,,,0.0,,,0,0.0,85.583725,204433,0.1794,hold,,,0.0,,,0,0.0
2024-03-26,97271425,152,False,False,,506.483704,57689,0.3004,hold,,,0.0,,,0,0.0,30.138826,1031808,0.3197,hold,,,0.0,,,0,0.0,201.639999,96263,0.1995,hold,,,0.0,,,0,0.0,85.821671,204433,0.1804,hold,,,0.0,,,0,0.0
2024-03-27,98104987,152,False,False,,510.740143,57689,0.3003,hold,,,0.0,,,0,0.0,30.403851,1031808,0.3198,hold,,,0.0,,,0,0.0,203.100006,96263,0.1993,hold,,,0.0,,,0,0.0,86.672867,204433,0.1806,hold,,,0.0,,,0,0.0
2024-03-28,98139095,152,False,False,,510.642456,57689,0.3002,hold,,,0.0,,,0,0.0,30.212446,1031808,0.3176,hold,,,0.0,,,0,0.0,205.720001,96263,0.2018,hold,,,0.0,,,0,0.0,86.599632,204433,0.1804,hold,,,0.0,,,0,0.0
2024-04-01,98152411,152,True,False,,509.75415,57689,0.2996,hold,INCREASE_TO_TARGET,rebalance 2024-04-01,38516.0,,,0,0.0,30.398941,1031808,0.3196,hold,REDUCE_TO_TARGET,rebalance 2024-04-01,-1920147.0,,,0,0.0,207.820007,96263,0.2038,hold,REDUCE_TO_TARGET,rebalance 2024-04-01,-374895.0,,,0,0.0,84.985321,204433,0.177,hold,INCREASE_TO_TARGET,rebalance 2024-04-01,2256678.0,,,0,0.0
2024-04-02,97305978,383,False,True,monthly,506.513031,57764,0.3007,hold,,,0.0,INCREASE_TO_TARGET,buy,75,505.927251,29.584246,966263,0.2938,hold,,,0.0,REDUCE_TO_TARGET,sell,65545,29.294877,210.889999,94465,0.2047,hold,,,0.0,REDUCE_TO_TARGET,sell,1798,208.442797,84.517021,231190,0.2008,hold,,,0.0,INCREASE_TO_TARGET,buy,26757,84.085436
2024-04-03,97698316,383,False,False,,507.069366,57764,0.2998,hold,,,0.0,,,0,0.0,29.780558,966263,0.2945,hold,,,0.0,,,0,0.0,212.740005,94465,0.2057,hold,,,0.0,,,0,0.0,84.49865,231190,0.2,hold,,,0.0,,,0,0.0
2024-04-04,96009390,383,False,False,,500.880127,57764,0.3014,hold,,,0.0,,,0,0.0,28.376928,966263,0.2856,hold,,,0.0,,,0,0.0,211.520004,94465,0.2081,hold,,,0.0,,,0,0.0,85.104698,231190,0.2049,hold,,,0.0,,,0,0.0
2024-04-05,97347167,383,False,False,,506.112762,57764,0.3003,hold,,,0.0,,,0,0.0,29.37812,966263,0.2916,hold,,,0.0,,,0,0.0,215.139999,94465,0.2088,hold,,,0.0,,,0,0.0,83.920135,231190,0.1993,hold,,,0.0,,,0,0.0
2024-04-08,97506947,383,False,False,,506.395782,57764,0.3,hold,,,0.0,,,0,0.0,29.397751,966263,0.2913,hold,,,0.0,,,0,0.0,216.479996,94465,0.2097,hold,,,0.0,,,0,0.0,83.910965,231190,0.199,hold,,,0.0,,,0,0.0
2024-04-09,98127662,383,False,False,,506.981567,57764,0.2984,hold,,,0.0,,,0,0.0,29.702032,966263,0.2925,hold,,,0.0,,,0,0.0,217.669998,94465,0.2095,hold,,,0.0,,,0,0.0,84.69149,231190,0.1995,hold,,,0.0,,,0,0.0
2024-04-10,96459107,383,False,False,,501.905151,57764,0.3006,hold,,,0.0,,,0,0.0,28.921694,966263,0.2897,hold,,,0.0,,,0,0.0,215.610001,94465,0.2112,hold,,,0.0,,,0,0.0,82.845772,231190,0.1986,hold,,,0.0,,,0,0.0
2024-04-11,98300270,383,False,False,,505.692963,57764,0.2972,hold,,,0.0,,,0,0.0,30.281155,966263,0.2977,hold,,,0.0,,,0,0.0,219.800003,94465,0.2112,hold,,,0.0,,,0,0.0,82.469276,231190,0.194,hold,,,0.0,,,0,0.0
2024-04-12,96310898,383,False,False,,498.71286,57764,0.2991,hold,,,0.0,,,0,0.0,28.818628,966263,0.2891,hold,,,0.0,,,0,0.0,216.889999,94465,0.2127,hold,,,0.0,,,0,0.0,82.910065,231190,0.199,hold,,,0.0,,,0,0.0
2024-04-15,94637346,383,False,False,,492.464874,57764,0.3006,hold,,,0.0,,,0,0.0,27.370825,966263,0.2795,hold,,,0.0,,,0,0.0,220.949997,94465,0.2205,hold,,,0.0,,,0,0.0,81.624489,231190,0.1994,hold,,,0.0,,,0,0.0
2024-04-16,94490466,383,False,False,,491.566742,57764,0.3005,hold,,,0.0,,,0,0.0,27.375734,966263,0.2799,hold,,,0.0,,,0,0.0,221.220001,94465,0.2212,hold,,,0.0,,,0,0.0,81.082726,231190,0.1984,hold,,,0.0,,,0,0.0
2024-04-17,93394839,383,False,False,,488.657501,57764,0.3022,hold,,,0.0,,,0,0.0,26.359818,966263,0.2727,hold,,,0.0,,,0,0.0,219.589996,94465,0.2221,hold,,,0.0,,,0,0.0,81.982605,231190,0.2029,hold,,,0.0,,,0,0.0
2024-04-18,92856826,383,False,False,,487.652008,57764,0.3034,hold,,,0.0,,,0,0.0,25.88867,966263,0.2694,hold,,,0.0,,,0,0.0,220.339996,94465,0.2242,hold,,,0.0,,,0,0.0,81.569405,231190,0.2031,hold,,,0.0,,,0,0.0
2024-04-19,91193362,383,False,False,,483.395599,57764,0.3062,hold,,,0.0,,,0,0.0,24.283819,966263,0.2573,hold,,,0.0,,,0,0.0,221.029999,94465,0.229,hold,,,0.0,,,0,0.0,81.863235,231190,0.2075,hold,,,0.0,,,0,0.0
2024-04-22,91585763,383,False,False,,487.84726,57764,0.3077,hold,,,0.0,,,0,0.0,24.990541,966263,0.2637,hold,,,0.0,,,0,0.0,215.570007,94465,0.2223,hold,,,0.0,,,0,0.0,81.725487,231190,0.2063,hold,,,0.0,,,0,0.0
2024-04-23,92952955,383,False,False,,493.636353,57764,0.3068,hold,,,0.0,,,0,0.0,26.104612,966263,0.2714,hold,,,0.0,,,0,0.0,215.039993,94465,0.2185,hold,,,0.0,,,0,0.0,81.753052,231190,0.2033,hold,,,0.0,,,0,0.0
2024-04-24,93014491,383,False,False,,493.40213,57764,0.3064,hold,,,0.0,,,0,0.0,26.359818,966263,0.2738,hold,,,0.0,,,0,0.0,214.639999,94465,0.218,hold,,,0.0,,,0,0.0,81.174545,231190,0.2018,hold,,,0.0,,,0,0.0
2024-04-25,92487671,383,False,False,,491.527649,57764,0.307,hold,,,0.0,,,0,0.0,25.937748,966263,0.271,hold,,,0.0,,,0,0.0,215.919998,94465,0.2205,hold,,,0.0,,,0,0.0,80.605202,231190,0.2015,hold,,,0.0,,,0,0.0
2024-04-26,94072803,383,False,False,,496.184357,57764,0.3047,hold,,,0.0,,,0,0.0,27.130344,966263,0.2787,hold,,,0.0,,,0,0.0,216.619995,94465,0.2175,hold,,,0.0,,,0,0.0,81.027603,231190,0.1991,hold,,,0.0,,,0,0.0
2024-04-29,94602827,383,False,False,,497.941589,57764,0.304,hold,,,0.0,,,0,0.0,27.454258,966263,0.2804,hold,,,0.0,,,0,0.0,216.179993,94465,0.2159,hold,,,0.0,,,0,0.0,81.707123,231190,0.1997,hold,,,0.0,,,0,0.0
2024-04-30,92061192,383,False,False,,490.053589,57764,0.3075,hold,,,0.0,,,0,0.0,25.883764,966263,0.2717,hold,,,0.0,,,0,0.0,211.869995,94465,0.2174,hold,,,0.0,,,0,0.0,81.009262,231190,0.2034,hold,,,0.0,,,0,0.0
2024-05-01,91748080,383,True,False,,488.462311,57764,0.3075,hold,REDUCE_TO_TARGET,rebalance 2024-05-01,-691113.0,,,0,0.0,25.324272,966263,0.2667,hold,INCREASE_TO_TARGET,rebalance 2024-05-01,3054517.0,,,0,0.0,213.789993,94465,0.2201,hold,REDUCE_TO_TARGET,rebalance 2024-05-01,-1846056.0,,,0,0.0,81.606392,231190,0.2056,hold,REDUCE_TO_TARGET,rebalance 2024-05-01,-516966.0,,,0,0.0
2024-05-02,92935739,3,False,True,monthly,493.031097,56356,0.299,hold,,,0.0,REDUCE_TO_TARGET,sell,1408,490.695484,26.261662,1083509,0.3062,hold,,,0.0,INCREASE_TO_TARGET,buy,117246,25.972101,213.130005,85727,0.1966,hold,,,0.0,REDUCE_TO_TARGET,sell,8738,211.264294,81.956543,224811,0.1983,hold,,,0.0,REDUCE_TO_TARGET,sell,6379,81.040007
2024-05-03,95148349,3,False,False,,499.142426,56356,0.2956,hold,,,0.0,,,0,0.0,27.827253,1083509,0.3169,hold,,,0.0,,,0,0.0,212.960007,85727,0.1919,hold,,,0.0,,,0,0.0,82.785866,224811,0.1956,hold,,,0.0,,,0,0.0
2024-05-06,96692453,3,False,False,,504.296906,56356,0.2939,hold,,,0.0,,,0,0.0,28.740105,1083509,0.3221,hold,,,0.0,,,0,0.0,215.199997,85727,0.1908,hold,,,0.0,,,0,0.0,83.108391,224811,0.1932,hold,,,0.0,,,0,0.0
2024-05-07,96752884,3,False,False,,504.853455,56356,0.2941,hold,,,0.0,,,0,0.0,28.740105,1083509,0.3219,hold,,,0.0,,,0,0.0,214.210007,85727,0.1898,hold,,,0.0,,,0,0.0,83.615196,224811,0.1943,hold,,,0.0,,,0,0.0
2024-05-08,96529189,3,False,False,,504.90213,56356,0.2948,hold,,,0.0,,,0,0.0,28.686119,1083509,0.322,hold,,,0.0,,,0,0.0,213.580002,85727,0.1897,hold,,,0.0,,,0,0.0,83.108391,224811,0.1936,hold,,,0.0,,,0,0.0
2024-05-09,97243357,3,False,False,,507.811432,56356,0.2943,hold,,,0.0,,,0,0.0,28.843166,1083509,0.3214,hold,,,0.0,,,0,0.0,216.949997,85727,0.1913,hold,,,0.0,,,0,0.0,83.51384,224811,0.1931,hold,,,0.0,,,0,0.0
2024-05-10,97538154,3,False,False,,508.465576,56356,0.2938,hold,,,0.0,,,0,0.0,29.039476,1083509,0.3226,hold,,,0.0,,,0,0.0,218.710007,85727,0.1922,hold,,,0.0,,,0,0.0,83.043884,224811,0.1914,hold,,,0.0,,,0,0.0
2024-05-13,97587006,3,False,False,,508.533813,56356,0.2937,hold,,,0.0,,,0,0.0,29.230886,1083509,0.3246,hold,,,0.0,,,0,0.0,216.259995,85727,0.19,hold,,,0.0,,,0,0.0,83.255814,224811,0.1918,hold,,,0.0,,,0,0.0
2024-05-14,98571289,3,False,False,,510.867035,56356,0.2921,hold,,,0.0,,,0,0.0,29.77565,1083509,0.3273,hold,,,0.0,,,0,0.0,218.089996,85727,0.1897,hold,,,0.0,,,0,0.0,83.725784,224811,0.191,hold,,,0.0,,,0,0.0
2024-05-15,100913658,3,False,False,,517.193115,56356,0.2888,hold,,,0.0,,,0,0.0,31.149834,1083509,0.3345,hold,,,0.0,,,0,0.0,220.889999,85727,0.1876,hold,,,0.0,,,0,0.0,84.868431,224811,0.1891,hold,,,0.0,,,0,0.0
2024-05-16,100553932,3,False,False,,516.129028,56356,0.2893,hold,,,0.0,,,0,0.0,30.958431,1083509,0.3336,hold,,,0.0,,,0,0.0,220.029999,85727,0.1876,hold,,,0.0,,,0,0.0,84.785492,224811,0.1896,hold,,,0.0,,,0,0.0
2024-05-17,100704041,3,False,False,,516.870911,56356,0.2893,hold,,,0.0,,,0,0.0,30.889721,1083509,0.3324,hold,,,0.0,,,0,0.0,223.660004,85727,0.1904,hold,,,0.0,,,0,0.0,84.214157,224811,0.188,hold,,,0.0,,,0,0.0
2024-05-20,101450116,3,False,False,,517.466431,56356,0.2875,hold,,,0.0,,,0,0.0,31.527733,1083509,0.3367,hold,,,0.0,,,0,0.0,224.559998,85727,0.1898,hold,,,0.0,,,0,0.0,83.965363,224811,0.1861,hold,,,0.0,,,0,0.0
2024-05-21,101766200,3,False,False,,518.735535,56356,0.2873,hold,,,0.0,,,0,0.0,31.689697,1083509,0.3374,hold,,,0.0,,,0,0.0,224.229996,85727,0.1889,hold,,,0.0,,,0,0.0,84.398453,224811,0.1864,hold,,,0.0,,,0,0.0
2024-05-22,101330345,3,False,False,,517.241943,56356,0.2877,hold,,,0.0,,,0,0.0,31.670061,1083509,0.3386,hold,,,0.0,,,0,0.0,220.110001,85727,0.1862,hold,,,0.0,,,0,0.0,84.499817,224811,0.1875,hold,,,0.0,,,0,0.0
2024-05-23,100108367,3,False,False,,513.463806,56356,0.2891,hold,,,0.0,,,0,0.0,31.198912,1083509,0.3377,hold,,,0.0,,,0,0.0,215.720001,85727,0.1847,hold,,,0.0,,,0,0.0,83.956154,224811,0.1885,hold,,,0.0,,,0,0.0
2024-05-24,101319447,3,False,False,,516.861145,56356,0.2875,hold,,,0.0,,,0,0.0,32.072502,1083509,0.343,hold,,,0.0,,,0,0.0,215.919998,85727,0.1827,hold,,,0.0,,,0,0.0,84.204948,224811,0.1868,hold,,,0.0,,,0,0.0
2024-05-28,101640579,3,False,False,,517.222351,56356,0.2868,hold,,,0.0,,,0,0.0,32.420956,1083509,0.3456,hold,,,0.0,,,0,0.0,218.190002,85727,0.184,hold,,,0.0,,,0,0.0,82.99781,224811,0.1836,hold,,,0.0,,,0,0.0
2024-05-29,100302798,3,False,False,,513.600525,56356,0.2886,hold,,,0.0,,,0,0.0,31.743677,1083509,0.3429,hold,,,0.0,,,0,0.0,216.160004,85727,0.1847,hold,,,0.0,,,0,0.0,81.993385,224811,0.1838,hold,,,0.0,,,0,0.0
2024-05-30,99218026,3,False,False,,510.19342,56356,0.2898,hold,,,0.0,,,0,0.0,30.722857,1083509,0.3355,hold,,,0.0,,,0,0.0,216.570007,85727,0.1871,hold,,,0.0,,,0,0.0,82.785866,224811,0.1876,hold,,,0.0,,,0,0.0
2024-05-31,99460179,3,False,False,,514.840393,56356,0.2917,hold,,,0.0,,,0,0.0,30.688501,1083509,0.3343,hold,,,0.0,,,0,0.0,215.300003,85727,0.1856,hold,,,0.0,,,0,0.0,83.347969,224811,0.1884,hold,,,0.0,,,0,0.0
2024-06-03,100275877,3,True,False,,515.260132,56356,0.2896,hold,INCREASE_TO_TARGET,rebalance 2024-06-03,1044763.0,,,0,0.0,30.987877,1083509,0.3348,hold,REDUCE_TO_TARGET,rebalance 2024-06-03,-3492881.0,,,0,0.0,217.220001,85727,0.1857,hold,INCREASE_TO_TARGET,rebalance 2024-06-03,1433556.0,,,0,0.0,84.696083,224811,0.1899,hold,INCREASE_TO_TARGET,rebalance 2024-06-03,1014564.0,,,0,0.0
2024-06-04,100561204,538,False,True,monthly,515.836121,58382,0.2995,hold,,,0.0,INCREASE_TO_TARGET,buy,2026,513.951982,31.218546,970201,0.3012,hold,,,0.0,REDUCE_TO_TARGET,sell,113308,30.826412,215.270004,92336,0.1977,hold,,,0.0,INCREASE_TO_TARGET,buy,6609,216.240005,85.685432,236676,0.2017,hold,,,0.0,INCREASE_TO_TARGET,buy,11865,85.250855
2024-06-05,103131831,538,False,False,,521.966858,58382,0.2955,hold,,,0.0,,,0,0.0,33.103142,970201,0.3114,hold,,,0.0,,,0,0.0,217.820007,92336,0.195,hold,,,0.0,,,0,0.0,86.314178,236676,0.1981,hold,,,0.0,,,0,0.0
2024-06-06,103211200,538,False,False,,521.957153,58382,0.2952,hold,,,0.0,,,0,0.0,33.063881,970201,0.3108,hold,,,0.0,,,0,0.0,219.429993,92336,0.1963,hold,,,0.0,,,0,0.0,86.184746,236676,0.1976,hold,,,0.0,,,0,0.0
2024-06-07,101957907,538,False,False,,521.322571,58382,0.2985,hold,,,0.0,,,0,0.0,32.941185,970201,0.3135,hold,,,0.0,,,0,0.0,211.600006,92336,0.1916,hold,,,0.0,,,0,0.0,84.603615,236676,0.1964,hold,,,0.0,,,0,0.0
2024-06-10,102435652,538,False,False,,522.933228,58382,0.298,hold,,,0.0,,,0,0.0,33.289639,970201,0.3153,hold,,,0.0,,,0,0.0,213.539993,92336,0.1925,hold,,,0.0,,,0,0.0,84.039597,236676,0.1942,hold,,,0.0,,,0,0.0
2024-06-11,103437836,538,False,False,,524.19281,58382,0.2959,hold,,,0.0,,,0,0.0,33.97673,970201,0.3187,hold,,,0.0,,,0,0.0,214.149994,92336,0.1912,hold,,,0.0,,,0,0.0,84.908745,236676,0.1943,hold,,,0.0,,,0,0.0
2024-06-12,105192711,538,False,False,,528.497925,58382,0.2933,hold,,,0.0,,,0,0.0,35.316559,970201,0.3257,hold,,,0.0,,,0,0.0,214.720001,92336,0.1885,hold,,,0.0,,,0,0.0,85.546738,236676,0.1925,hold,,,0.0,,,0,0.0
2024-06-13,105938457,538,False,False,,529.562073,58382,0.2918,hold,,,0.0,,,0,0.0,35.880959,970201,0.3286,hold,,,0.0,,,0,0.0,212.970001,92336,0.1856,hold,,,0.0,,,0,0.0,86.80426,236676,0.1939,hold,,,0.0,,,0,0.0
2024-06-14,106889722,538,False,False,,529.884338,58382,0.2894,hold,,,0.0,,,0,0.0,36.401188,970201,0.3304,hold,,,0.0,,,0,0.0,215.729996,92336,0.1864,hold,,,0.0,,,0,0.0,87.534698,236676,0.1938,hold,,,0.0,,,0,0.0
2024-06-17,108107667,538,False,False,,534.101562,58382,0.2884,hold,,,0.0,,,0,0.0,37.721386,970201,0.3385,hold,,,0.0,,,0,0.0,214.610001,92336,0.1833,hold,,,0.0,,,0,0.0,86.66555,236676,0.1897,hold,,,0.0,,,0,0.0
2024-06-18,108473546,538,False,False,,535.458557,58382,0.2882,hold,,,0.0,,,0,0.0,37.741016,970201,0.3376,hold,,,0.0,,,0,0.0,215.470001,92336,0.1834,hold,,,0.0,,,0,0.0,87.460732,236676,0.1908,hold,,,0.0,,,0,0.0
2024-06-20,107637295,538,False,False,,534.003967,58382,0.2896,hold,,,0.0,,,0,0.0,36.852703,970201,0.3322,hold,,,0.0,,,0,0.0,218.160004,92336,0.1871,hold,,,0.0,,,0,0.0,86.878204,236676,0.191,hold,,,0.0,,,0,0.0
2024-06-21,106954861,538,False,False,,533.288086,58382,0.2911,hold,,,0.0,,,0,0.0,36.514069,970201,0.3312,hold,,,0.0,,,0,0.0,214.779999,92336,0.1854,hold,,,0.0,,,0,0.0,86.878204,236676,0.1922,hold,,,0.0,,,0,0.0
2024-06-24,105815377,538,False,False,,531.554504,58382,0.2933,hold,,,0.0,,,0,0.0,35.277298,970201,0.3235,hold,,,0.0,,,0,0.0,215.630005,92336,0.1882,hold,,,0.0,,,0,0.0,87.229553,236676,0.1951,hold,,,0.0,,,0,0.0
2024-06-25,107013880,538,False,False,,533.601501,58382,0.2911,hold,,,0.0,,,0,0.0,36.455173,970201,0.3305,hold,,,0.0,,,0,0.0,214.559998,92336,0.1851,hold,,,0.0,,,0,0.0,87.377518,236676,0.1932,hold,,,0.0,,,0,0.0
2024-06-26,106795799,538,False,False,,534.267395,58382,0.2921,hold,,,0.0,,,0,0.0,36.683273,970201,0.3333,hold,,,0.0,,,0,0.0,212.580002,92336,0.1838,hold,,,0.0,,,0,0.0,86.12925,236676,0.1909,hold,,,0.0,,,0,0.0
2024-06-27,107406583,538,False,False,,535.109741,58382,0.2909,hold,,,0.0,,,0,0.0,36.949306,970201,0.3338,hold,,,0.0,,,0,0.0,214.990005,92336,0.1848,hold,,,0.0,,,0,0.0,86.471367,236676,0.1905,hold,,,0.0,,,0,0.0
2024-06-28,106340703,538,False,False,,533.003967,58382,0.2926,hold,,,0.0,,,0,0.0,36.36797,970201,0.3318,hold,,,0.0,,,0,0.0,215.009995,92336,0.1867,hold,,,0.0,,,0,0.0,84.862526,236676,0.1889,hold,,,0.0,,,0,0.0
2024-07-01,106688161,538,True,False,,534.100891,58382,0.2923,hold,INCREASE_TO_TARGET,rebalance 2024-07-01,824570.0,,,0,0.0,36.964088,970201,0.3361,hold,REDUCE_TO_TARGET,rebalance 2024-07-01,-3856147.0,,,0,0.0,215.570007,92336,0.1866,hold,INCREASE_TO_TARGET,rebalance 2024-07-01,1432760.0,,,0,0.0,83.397881,236676,0.185,hold,INCREASE_TO_TARGET,rebalance 2024-07-01,1599355.0,,,0,0.0
2024-07-02,107977020,692,False,True,monthly,537.695312,59925,0.2984,hold,,,0.0,INCREASE_TO_TARGET,buy,1543,532.49475,38.097198,864524,0.305,hold,,,0.0,REDUCE_TO_TARGET,sell,105677,36.489721,215.559998,98969,0.1976,hold,,,0.0,INCREASE_TO_TARGET,buy,6633,215.330002,84.047195,255633,0.199,hold,,,0.0,INCREASE_TO_TARGET,buy,18957,84.112125
2024-07-03,109452717,692,False,False,,540.094849,59925,0.2957,hold,,,0.0,,,0,0.0,39.033253,864524,0.3083,hold,,,0.0,,,0,0.0,217.990005,98969,0.1971,hold,,,0.0,,,0,0.0,85.150993,255633,0.1989,hold,,,0.0,,,0,0.0
2024-07-05,111132712,692,False,False,,543.20929,59925,0.2929,hold,,,0.0,,,0,0.0,40.215626,864524,0.3128,hold,,,0.0,,,0,0.0,220.929993,98969,0.1967,hold,,,0.0,,,0,0.0,85.855927,255633,0.1975,hold,,,0.0,,,0,0.0
2024-07-08,111176526,692,False,False,,543.836121,59925,0.2931,hold,,,0.0,,,0,0.0,40.481663,864524,0.3148,hold,,,0.0,,,0,0.0,218.190002,98969,0.1942,hold,,,0.0,,,0,0.0,86.041466,255633,0.1978,hold,,,0.0,,,0,0.0
2024-07-09,111224271,692,False,False,,544.36499,59925,0.2933,hold,,,0.0,,,0,0.0,40.570335,864524,0.3153,hold,,,0.0,,,0,0.0,218.559998,98969,0.1945,hold,,,0.0,,,0,0.0,85.66114,255633,0.1969,hold,,,0.0,,,0,0.0
2024-07-10,112793877,692,False,False,,549.751648,59925,0.2921,hold,,,0.0,,,0,0.0,41.8414,864524,0.3207,hold,,,0.0,,,0,0.0,219.360001,98969,0.1925,hold,,,0.0,,,0,0.0,85.930153,255633,0.1947,hold,,,0.0,,,0,0.0
2024-07-11,110731602,692,False,False,,545.011292,59925,0.2949,hold,,,0.0,,,0,0.0,39.092369,864524,0.3052,hold,,,0.0,,,0,0.0,223.25,98969,0.1995,hold,,,0.0,,,0,0.0,86.764961,255633,0.2003,hold,,,0.0,,,0,0.0
2024-07-12,111568028,692,False,False,,548.448975,59925,0.2946,hold,,,0.0,,,0,0.0,39.727898,864524,0.3078,hold,,,0.0,,,0,0.0,223.110001,98969,0.1979,hold,,,0.0,,,0,0.0,87.135994,255633,0.1997,hold,,,0.0,,,0,0.0
2024-07-15,111729125,692,False,False,,549.957214,59925,0.295,hold,,,0.0,,,0,0.0,40.023487,864524,0.3097,hold,,,0.0,,,0,0.0,223.830002,98969,0.1983,hold,,,0.0,,,0,0.0,86.134224,255633,0.1971,hold,,,0.0,,,0,0.0
2024-07-16,112702141,692,False,False,,553.218567,59925,0.2942,hold,,,0.0,,,0,0.0,40.053055,864524,0.3072,hold,,,0.0,,,0,0.0,228.289993,98969,0.2005,hold,,,0.0,,,0,0.0,87.349312,255633,0.1981,hold,,,0.0,,,0,0.0
2024-07-17,109091869,692,False,False,,545.461853,59925,0.2996,hold,,,0.0,,,0,0.0,36.530548,864524,0.2895,hold,,,0.0,,,0,0.0,227.229996,98969,0.2061,hold,,,0.0,,,0,0.0,87.367882,255633,0.2047,hold,,,0.0,,,0,0.0
2024-07-18,108053680,692,False,False,,541.269958,59925,0.3002,hold,,,0.0,,,0,0.0,35.9837,864524,0.2879,hold,,,0.0,,,0,0.0,225.779999,98969,0.2068,hold,,,0.0,,,0,0.0,86.700043,255633,0.2051,hold,,,0.0,,,0,0.0
2024-07-19,106463749,692,False,False,,537.67572,59925,0.3026,hold,,,0.0,,,0,0.0,35.00824,864524,0.2843,hold,,,0.0,,,0,0.0,221.729996,98969,0.2061,hold,,,0.0,,,0,0.0,86.189888,255633,0.207,hold,,,0.0,,,0,0.0
2024-07-22,108059168,692,False,False,,543.219116,59925,0.3012,hold,,,0.0,,,0,0.0,36.535477,864524,0.2923,hold,,,0.0,,,0,0.0,221.800003,98969,0.2031,hold,,,0.0,,,0,0.0,85.939407,255633,0.2033,hold,,,0.0,,,0,0.0
2024-07-23,107713749,692,False,False,,542.367004,59925,0.3017,hold,,,0.0,,,0,0.0,36.141354,864524,0.2901,hold,,,0.0,,,0,0.0,222.580002,98969,0.2045,hold,,,0.0,,,0,0.0,85.818832,255633,0.2037,hold,,,0.0,,,0,0.0
2024-07-24,103293886,692,False,False,,530.075562,59925,0.3075,hold,,,0.0,,,0,0.0,32.244431,864524,0.2699,hold,,,0.0,,,0,0.0,221.800003,98969,0.2125,hold,,,0.0,,,0,0.0,84.891258,255633,0.2101,hold,,,0.0,,,0,0.0
2024-07-25,102034315,692,False,False,,527.313782,59925,0.3097,hold,,,0.0,,,0,0.0,31.170437,864524,0.2641,hold,,,0.0,,,0,0.0,218.330002,98969,0.2118,hold,,,0.0,,,0,0.0,85.58696,255633,0.2144,hold,,,0.0,,,0,0.0
2024-07-26,103557463,692,False,False,,533.219421,59925,0.3086,hold,,,0.0,,,0,0.0,32.062141,864524,0.2677,hold,,,0.0,,,0,0.0,220.630005,98969,0.2109,hold,,,0.0,,,0,0.0,86.254807,255633,0.2129,hold,,,0.0,,,0,0.0
2024-07-29,103825979,692,False,False,,533.532898,59925,0.3079,hold,,,0.0,,,0,0.0,32.249355,864524,0.2685,hold,,,0.0,,,0,0.0,220.320007,98969,0.21,hold,,,0.0,,,0,0.0,86.718597,255633,0.2135,hold,,,0.0,,,0,0.0
2024-07-30,102829900,692,False,False,,530.829773,59925,0.3093,hold,,,0.0,,,0,0.0,30.933964,864524,0.2601,hold,,,0.0,,,0,0.0,222.520004,98969,0.2142,hold,,,0.0,,,0,0.0,87.052521,255633,0.2164,hold,,,0.0,,,0,0.0
2024-07-31,106311697,692,False,False,,539.45813,59925,0.3041,hold,,,0.0,,,0,0.0,33.638649,864524,0.2735,hold,,,0.0,,,0,0.0,226.550003,98969,0.2109,hold,,,0.0,,,0,0.0,87.942986,255633,0.2115,hold,,,0.0,,,0,0.0
2024-08-01,103875109,692,True,False,,531.818848,59925,0.3068,hold,REDUCE_TO_TARGET,rebalance 2024-08-01,-706712.0,,,0,0.0,31.214775,864524,0.2598,hold,INCREASE_TO_TARGET,rebalance 2024-08-01,4176611.0,,,0,0.0,225.770004,98969,0.2151,hold,REDUCE_TO_TARGET,rebalance 2024-08-01,-1569210.0,,,0,0.0,88.701454,255633,0.2183,hold,REDUCE_TO_TARGET,rebalance 2024-08-01,-1899997.0,,,0,0.0
2024-08-02,101886146,17,False,True,monthly,521.917358,58575,0.3001,hold,,,0.0,REDUCE_TO_TARGET,sell,1350,523.134472,28.9387,1006200,0.2858,hold,,,0.0,INCREASE_TO_TARGET,buy,141676,29.387018,225.339996,92065,0.2036,hold,,,0.0,REDUCE_TO_TARGET,sell,6904,227.266147,91.465538,234523,0.2105,hold,,,0.0,REDUCE_TO_TARGET,sell,21110,90.003468
2024-08-05,98307934,17,False,False,,506.717133,58575,0.3019,hold,,,0.0,,,0,0.0,26.41629,1006200,0.2704,hold,,,0.0,,,0,0.0,222.479996,92065,0.2084,hold,,,0.0,,,0,0.0,91.949486,234523,0.2194,hold,,,0.0,,,0,0.0
2024-08-06,98599600,17,False,False,,511.388855,58575,0.3038,hold,,,0.0,,,0,0.0,27.07645,1006200,0.2763,hold,,,0.0,,,0,0.0,220.699997,92065,0.2061,hold,,,0.0,,,0,0.0,89.892723,234523,0.2138,hold,,,0.0,,,0,0.0
2024-08-07,97359749,17,False,False,,507.970734,58575,0.3056,hold,,,0.0,,,0,0.0,26.204449,1006200,0.2708,hold,,,0.0,,,0,0.0,220.550003,92065,0.2086,hold,,,0.0,,,0,0.0,89.259872,234523,0.215,hold,,,0.0,,,0,0.0
2024-08-08,100651480,17,False,False,,519.713684,58575,0.3025,hold,,,0.0,,,0,0.0,28.603693,1006200,0.2859,hold,,,0.0,,,0,0.0,224.009995,92065,0.2049,hold,,,0.0,,,0,0.0,88.710777,234523,0.2067,hold,,,0.0,,,0,0.0
2024-08-09,101433129,17,False,False,,522.005371,58575,0.3014,hold,,,0.0,,,0,0.0,28.992891,1006200,0.2876,hold,,,0.0,,,0,0.0,224.559998,92065,0.2038,hold,,,0.0,,,0,0.0,89.585602,234523,0.2071,hold,,,0.0,,,0,0.0
2024-08-12,102078323,17,False,False,,522.279724,58575,0.2997,hold,,,0.0,,,0,0.0,29.189953,1006200,0.2877,hold,,,0.0,,,0,0.0,228.410004,92065,0.206,hold,,,0.0,,,0,0.0,89.911324,234523,0.2066,hold,,,0.0,,,0,0.0
2024-08-13,104831961,17,False,False,,530.868835,58575,0.2966,hold,,,0.0,,,0,0.0,31.313307,1006200,0.3006,hold,,,0.0,,,0,0.0,228.059998,92065,0.2003,hold,,,0.0,,,0,0.0,90.534866,234523,0.2025,hold,,,0.0,,,0,0.0
2024-08-14,104946497,17,False,False,,532.543762,58575,0.2972,hold,,,0.0,,,0,0.0,31.367496,1006200,0.3007,hold,,,0.0,,,0,0.0,226.199997,92065,0.1984,hold,,,0.0,,,0,0.0,91.102585,234523,0.2036,hold,,,0.0,,,0,0.0
2024-08-15,107748553,17,False,False,,541.671631,58575,0.2945,hold,,,0.0,,,0,0.0,33.727325,1006200,0.315,hold,,,0.0,,,0,0.0,226.910004,92065,0.1939,hold,,,0.0,,,0,0.0,90.367325,234523,0.1967,hold,,,0.0,,,0,0.0
2024-08-16,108450833,17,False,False,,542.886108,58575,0.2932,hold,,,0.0,,,0,0.0,33.81601,1006200,0.3137,hold,,,0.0,,,0,0.0,231.990005,92065,0.1969,hold,,,0.0,,,0,0.0,90.683784,234523,0.1961,hold,,,0.0,,,0,0.0
2024-08-19,110136701,17,False,False,,548.076782,58575,0.2915,hold,,,0.0,,,0,0.0,35.126476,1006200,0.3209,hold,,,0.0,,,0,0.0,231.610001,92065,0.1936,hold,,,0.0,,,0,0.0,91.102585,234523,0.194,hold,,,0.0,,,0,0.0
2024-08-20,110114877,17,False,False,,547.185547,58575,0.2911,hold,,,0.0,,,0,0.0,34.909706,1006200,0.319,hold,,,0.0,,,0,0.0,232.460007,92065,0.1944,hold,,,0.0,,,0,0.0,91.828476,234523,0.1956,hold,,,0.0,,,0,0.0
2024-08-21,110690425,17,False,False,,549.065979,58575,0.2906,hold,,,0.0,,,0,0.0,35.387585,1006200,0.3217,hold,,,0.0,,,0,0.0,232.149994,92065,0.1931,hold,,,0.0,,,0,0.0,91.884338,234523,0.1947,hold,,,0.0,,,0,0.0
2024-08-22,108257964,17,False,False,,544.756714,58575,0.2948,hold,,,0.0,,,0,0.0,33.687916,1006200,0.3131,hold,,,0.0,,,0,0.0,229.369995,92065,0.1951,hold,,,0.0,,,0,0.0,90.972282,234523,0.1971,hold,,,0.0,,,0,0.0
2024-08-23,110046451,17,False,False,,550.544922,58575,0.293,hold,,,0.0,,,0,0.0,34.747128,1006200,0.3177,hold,,,0.0,,,0,0.0,232.020004,92065,0.1941,hold,,,0.0,,,0,0.0,91.567917,234523,0.1951,hold,,,0.0,,,0,0.0
2024-08-26,108957003,17,False,False,,549.232483,58575,0.2953,hold,,,0.0,,,0,0.0,33.727325,1006200,0.3115,hold,,,0.0,,,0,0.0,232.759995,92065,0.1967,hold,,,0.0,,,0,0.0,91.33522,234523,0.1966,hold,,,0.0,,,0,0.0
2024-08-27,109309598,17,False,False,,549.986694,58575,0.2947,hold,,,0.0,,,0,0.0,34.013069,1006200,0.3131,hold,,,0.0,,,0,0.0,233.389999,92065,0.1966,hold,,,0.0,,,0,0.0,91.177025,234523,0.1956,hold,,,0.0,,,0,0.0
2024-08-28,107785432,17,False,False,,546.793823,58575,0.2972,hold,,,0.0,,,0,0.0,32.860249,1006200,0.3068,hold,,,0.0,,,0,0.0,231.75,92065,0.1979,hold,,,0.0,,,0,0.0,91.065353,234523,0.1981,hold,,,0.0,,,0,0.0
2024-08-29,107655436,17,False,False,,546.842773,58575,0.2975,hold,,,0.0,,,0,0.0,32.68782,1006200,0.3055,hold,,,0.0,,,0,0.0,232.949997,92065,0.1992,hold,,,0.0,,,0,0.0,90.767548,234523,0.1977,hold,,,0.0,,,0,0.0
2024-08-30,108701688,17,False,False,,552.062927,58575,0.2975,hold,,,0.0,,,0,0.0,33.801224,1006200,0.3129,hold,,,0.0,,,0,0.0,231.289993,92065,0.1959,hold,,,0.0,,,0,0.0,89.799637,234523,0.1937,hold,,,0.0,,,0,0.0
2024-09-03,105185456,17,True,False,,540.702026,58575,0.3011,hold,,,0.0,,,0,0.0,30.717192,1006200,0.2938,hold,,,0.0,,,0,0.0,230.289993,92065,0.2016,hold,,,0.0,,,0,0.0,91.268364,234523,0.2035,hold,,,0.0,,,0,0.0
2024-09-04,105146689,17,False,False,,539.595337,58575,0.3006,hold,,,0.0,,,0,0.0,30.456081,1006200,0.2914,hold,,,0.0,,,0,0.0,230.429993,92065,0.2018,hold,,,0.0,,,0,0.0,92.444786,234523,0.2062,hold,,,0.0,,,0,0.0
2024-09-05,105468353,17,False,False,,538.282898,58575,0.299,hold,,,0.0,,,0,0.0,30.554615,1006200,0.2915,hold,,,0.0,,,0,0.0,232.350006,92065,0.2028,hold,,,0.0,,,0,0.0,92.967674,234523,0.2067,hold,,,0.0,,,0,0.0
2024-09-06,102283721,17,False,False,,529.22345,58575,0.3031,hold,,,0.0,,,0,0.0,28.07655,1006200,0.2762,hold,,,0.0,,,0,0.0,230.630005,92065,0.2076,hold,,,0.0,,,0,0.0,92.958321,234523,0.2131,hold,,,0.0,,,0,0.0
2024-09-09,103865172,17,False,False,,535.148865,58575,0.3018,hold,,,0.0,,,0,0.0,29.120983,1006200,0.2821,hold,,,0.0,,,0,0.0,231.600006,92065,0.2053,hold,,,0.0,,,0,0.0,93.35981,234523,0.2108,hold,,,0.0,,,0,0.0
2024-09-10,105037071,17,False,False,,537.479797,58575,0.2997,hold,,,0.0,,,0,0.0,29.904306,1006200,0.2865,hold,,,0.0,,,0,0.0,232.619995,92065,0.2039,hold,,,0.0,,,0,0.0,94.01339,234523,0.2099,hold,,,0.0,,,0,0.0
2024-09-11,107226884,17,False,False,,542.993774,58575,0.2966,hold,,,0.0,,,0,0.0,31.810894,1006200,0.2985,hold,,,0.0,,,0,0.0,232.25,92065,0.1994,hold,,,0.0,,,0,0.0,93.938713,234523,0.2055,hold,,,0.0,,,0,0.0
2024-09-12,108714309,17,False,False,,547.567627,58575,0.295,hold,,,0.0,,,0,0.0,32.751865,1006200,0.3031,hold,,,0.0,,,0,0.0,236.330002,92065,0.2001,hold,,,0.0,,,0,0.0,93.49987,234523,0.2017,hold,,,0.0,,,0,0.0
2024-09-13,109588567,17,False,False,,550.427307,58575,0.2942,hold,,,0.0,,,0,0.0,33.180481,1006200,0.3047,hold,,,0.0,,,0,0.0,238.679993,92065,0.2005,hold,,,0.0,,,0,0.0,93.751984,234523,0.2006,hold,,,0.0,,,0,0.0
2024-09-16,109389647,17,False,False,,551.240295,58575,0.2952,hold,,,0.0,,,0,0.0,32.737083,1006200,0.3011,hold,,,0.0,,,0,0.0,238.660004,92065,0.2009,hold,,,0.0,,,0,0.0,94.610947,234523,0.2028,hold,,,0.0,,,0,0.0
2024-09-17,109193852,17,False,False,,551.465515,58575,0.2958,hold,,,0.0,,,0,0.0,32.75679,1006200,0.3018,hold,,,0.0,,,0,0.0,237.339996,92065,0.2001,hold,,,0.0,,,0,0.0,94.153465,234523,0.2022,hold,,,0.0,,,0,0.0
2024-09-18,108224593,17,False,False,,549.830017,58575,0.2976,hold,,,0.0,,,0,0.0,32.328186,1006200,0.3006,hold,,,0.0,,,0,0.0,235.509995,92065,0.2003,hold,,,0.0,,,0,0.0,92.986336,234523,0.2015,hold,,,0.0,,,0,0.0
2024-09-19,111497591,17,False,False,,559.212463,58575,0.2938,hold,,,0.0,,,0,0.0,34.771763,1006200,0.3138,hold,,,0.0,,,0,0.0,239.169998,92065,0.1975,hold,,,0.0,,,0,0.0,92.6782,234523,0.1949,hold,,,0.0,,,0,0.0
2024-09-20,111414568,17,False,False,,558.24585,58575,0.2935,hold,,,0.0,,,0,0.0,34.550064,1006200,0.312,hold,,,0.0,,,0,0.0,242.210007,92065,0.2001,hold,,,0.0,,,0,0.0,92.323402,234523,0.1943,hold,,,0.0,,,0,0.0
2024-09-23,111751337,17,False,False,,559.640808,58575,0.2933,hold,,,0.0,,,0,0.0,34.806248,1006200,0.3134,hold,,,0.0,,,0,0.0,242.679993,92065,0.1999,hold,,,0.0,,,0,0.0,92.127335,234523,0.1933,hold,,,0.0,,,0,0.0
2024-09-24,112648575,17,False,False,,561.242188,58575,0.2918,hold,,,0.0,,,0,0.0,35.298908,1006200,0.3153,hold,,,0.0,,,0,0.0,246.070007,92065,0.2011,hold,,,0.0,,,0,0.0,92.108665,234523,0.1918,hold,,,0.0,,,0,0.0
2024-09-25,112489529,17,False,False,,560.004272,58575,0.2916,hold,,,0.0,,,0,0.0,35.422466,1006200,0.3168,hold,,,0.0,,,0,0.0,245.729996,92065,0.2011,hold,,,0.0,,,0,0.0,91.34304,234523,0.1904,hold,,,0.0,,,0,0.0
2024-09-26,113540928,17,False,False,,562.224487,58575,0.29,hold,,,0.0,,,0,0.0,36.173717,1006200,0.3206,hold,,,0.0,,,0,0.0,246.979996,92065,0.2003,hold,,,0.0,,,0,0.0,91.557777,234523,0.1891,hold,,,0.0,,,0,0.0
2024-09-27,112797793,17,False,False,,561.409058,58575,0.2915,hold,,,0.0,,,0,0.0,35.550976,1006200,0.3171,hold,,,0.0,,,0,0.0,245.020004,92065,0.2,hold,,,0.0,,,0,0.0,92.033966,234523,0.1914,hold,,,0.0,,,0,0.0
2024-09-30,112924699,17,False,False,,563.658875,58575,0.2924,hold,,,0.0,,,0,0.0,35.827747,1006200,0.3192,hold,,,0.0,,,0,0.0,243.059998,92065,0.1982,hold,,,0.0,,,0,0.0,91.595131,234523,0.1902,hold,,,0.0,,,0,0.0
2024-10-01,111492054,17,True,False,,558.609375,58575,0.2935,hold,,,0.0,,,0,0.0,34.310421,1006200,0.3096,hold,,,0.0,,,0,0.0,245.610001,92065,0.2028,hold,,,0.0,,,0,0.0,92.256462,234523,0.1941,hold,,,0.0,,,0,0.0
2024-10-02,111457430,17,False,False,,558.845093,58575,0.2937,hold,,,0.0,,,0,0.0,34.438923,1006200,0.3109,hold,,,0.0,,,0,0.0,245.660004,92065,0.2029,hold,,,0.0,,,0,0.0,91.478996,234523,0.1925,hold,,,0.0,,,0,0.0
2024-10-03,111100250,17,False,False,,557.823425,58575,0.2941,hold,,,0.0,,,0,0.0,34.359837,1006200,0.3112,hold,,,0.0,,,0,0.0,245.490005,92065,0.2034,hold,,,0.0,,,0,0.0,90.61721,234523,0.1913,hold,,,0.0,,,0,0.0
2024-10-04,112309052,17,False,False,,562.892578,58575,0.2936,hold,,,0.0,,,0,0.0,35.570736,1006200,0.3187,hold,,,0.0,,,0,0.0,245.0,92065,0.2008,hold,,,0.0,,,0,0.0,89.502533,234523,0.1869,hold,,,0.0,,,0,0.0
2024-10-07,110597777,17,False,False,,557.803772,58575,0.2954,hold,,,0.0,,,0,0.0,34.399384,1006200,0.313,hold,,,0.0,,,0,0.0,244.169998,92065,0.2033,hold,,,0.0,,,0,0.0,88.828102,234523,0.1884,hold,,,0.0,,,0,0.0
2024-10-08,112278092,17,False,False,,563.079224,58575,0.2938,hold,,,0.0,,,0,0.0,35.892006,1006200,0.3217,hold,,,0.0,,,0,0.0,242.369995,92065,0.1987,hold,,,0.0,,,0,0.0,88.977966,234523,0.1859,hold,,,0.0,,,0,0.0
2024-10-09,113136674,17,False,False,,566.979309,58575,0.2935,hold,,,0.0,,,0,0.0,36.756931,1006200,0.3269,hold,,,0.0,,,0,0.0,241.050003,92065,0.1962,hold,,,0.0,,,0,0.0,88.472137,234523,0.1834,hold,,,0.0,,,0,0.0
2024-10-10,113030927,17,False,False,,565.987122,58575,0.2933,hold,,,0.0,,,0,0.0,36.628422,1006200,0.3261,hold,,,0.0,,,0,0.0,242.820007,92065,0.1978,hold,,,0.0,,,0,0.0,88.125565,234523,0.1828,hold,,,0.0,,,0,0.0
2024-10-11,113484442,17,False,False,,569.376404,58575,0.2939,hold,,,0.0,,,0,0.0,36.722332,1006200,0.3256,hold,,,0.0,,,0,0.0,245.470001,92065,0.1991,hold,,,0.0,,,0,0.0,87.769623,234523,0.1814,hold,,,0.0,,,0,0.0
2024-10-14,114680629,17,False,False,,574.032898,58575,0.2932,hold,,,0.0,,,0,0.0,37.661392,1006200,0.3304,hold,,,0.0,,,0,0.0,245.070007,92065,0.1967,hold,,,0.0,,,0,0.0,87.83519,234523,0.1796,hold,,,0.0,,,0,0.0
2024-10-15,113236261,17,False,False,,569.572876,58575,0.2946,hold,,,0.0,,,0,0.0,36.158894,1006200,0.3213,hold,,,0.0,,,0,0.0,245.919998,92065,0.1999,hold,,,0.0,,,0,0.0,88.903046,234523,0.1841,hold,,,0.0,,,0,0.0
2024-10-16,113562489,17,False,False,,572.048401,58575,0.2951,hold,,,0.0,,,0,0.0,36.139126,1006200,0.3202,hold,,,0.0,,,0,0.0,247.149994,92065,0.2004,hold,,,0.0,,,0,0.0,89.27774,234523,0.1844,hold,,,0.0,,,0,0.0
2024-10-17,113479314,17,False,False,,572.097656,58575,0.2953,hold,,,0.0,,,0,0.0,36.247856,1006200,0.3214,hold,,,0.0,,,0,0.0,248.630005,92065,0.2017,hold,,,0.0,,,0,0.0,87.863289,234523,0.1816,hold,,,0.0,,,0,0.0
2024-10-18,114513133,17,False,False,,574.298096,58575,0.2938,hold,,,0.0,,,0,0.0,36.890369,1006200,0.3241,hold,,,0.0,,,0,0.0,251.270004,92065,0.202,hold,,,0.0,,,0,0.0,87.928871,234523,0.1801,hold,,,0.0,,,0,0.0
2024-10-21,114296915,17,False,False,,573.355103,58575,0.2938,hold,,,0.0,,,0,0.0,37.093014,1006200,0.3265,hold,,,0.0,,,0,0.0,251.220001,92065,0.2024,hold,,,0.0,,,0,0.0,86.392647,234523,0.1773,hold,,,0.0,,,0,0.0
2024-10-22,114657752,17,False,False,,573.050598,58575,0.2928,hold,,,0.0,,,0,0.0,37.201744,1006200,0.3265,hold,,,0.0,,,0,0.0,253.929993,92065,0.2039,hold,,,0.0,,,0,0.0,86.476959,234523,0.1769,hold,,,0.0,,,0,0.0
2024-10-23,112283760,17,False,False,,567.81427,58575,0.2962,hold,,,0.0,,,0,0.0,35.481773,1006200,0.318,hold,,,0.0,,,0,0.0,250.869995,92065,0.2057,hold,,,0.0,,,0,0.0,86.242783,234523,0.1801,hold,,,0.0,,,0,0.0
2024-10-24,113513395,17,False,False,,569.042358,58575,0.2936,hold,,,0.0,,,0,0.0,36.326935,1006200,0.322,hold,,,0.0,,,0,0.0,252.800003,92065,0.205,hold,,,0.0,,,0,0.0,86.795441,234523,0.1793,hold,,,0.0,,,0,0.0
2024-10-25,114052184,17,False,False,,568.845825,58575,0.2921,hold,,,0.0,,,0,0.0,36.939796,1006200,0.3259,hold,,,0.0,,,0,0.0,253.320007,92065,0.2045,hold,,,0.0,,,0,0.0,86.30835,234523,0.1775,hold,,,0.0,,,0,0.0
2024-10-28,114135997,17,False,False,,570.60437,58575,0.2928,hold,,,0.0,,,0,0.0,36.974388,1006200,0.326,hold,,,0.0,,,0,0.0,253.330002,92065,0.2043,hold,,,0.0,,,0,0.0,86.074173,234523,0.1769,hold,,,0.0,,,0,0.0
2024-10-29,115504377,17,False,False,,571.527832,58575,0.2898,hold,,,0.0,,,0,0.0,37.997478,1006200,0.331,hold,,,0.0,,,0,0.0,256.089996,92065,0.2041,hold,,,0.0,,,0,0.0,86.205315,234523,0.175,hold,,,0.0,,,0,0.0
2024-10-30,114741835,17,False,False,,569.798828,58575,0.2909,hold,,,0.0,,,0,0.0,37.152321,1006200,0.3258,hold,,,0.0,,,0,0.0,257.5,92065,0.2066,hold,,,0.0,,,0,0.0,86.458252,234523,0.1767,hold,,,0.0,,,0,0.0
2024-10-31,110908566,17,False,False,,558.629028,58575,0.295,hold,,,0.0,,,0,0.0,34.325245,1006200,0.3114,hold,,,0.0,,,0,0.0,253.509995,92065,0.2104,hold,,,0.0,,,0,0.0,86.598732,234523,0.1831,hold,,,0.0,,,0,0.0
2024-11-01,111400605,17,True,False,,560.986694,58575,0.295,hold,INCREASE_TO_TARGET,rebalance 2024-11-01,560386.0,,,0,0.0,35.056725,1006200,0.3166,hold,REDUCE_TO_TARGET,rebalance 2024-11-01,-1853895.0,,,0,0.0,252.470001,92065,0.2086,hold,REDUCE_TO_TARGET,rebalance 2024-11-01,-963530.0,,,0,0.0,85.377831,234523,0.1797,hold,INCREASE_TO_TARGET,rebalance 2024-11-01,2257056.0,,,0,0.0
2024-11-04,111338179,421,False,True,monthly,559.77832,59570,0.2995,hold,,,0.0,INCREASE_TO_TARGET,buy,995,561.124196,34.730526,952941,0.2973,hold,,,0.0,REDUCE_TO_TARGET,sell,53259,34.808658,252.830002,88250,0.2004,hold,,,0.0,REDUCE_TO_TARGET,sell,3815,252.560047,86.703064,260468,0.2028,hold,,,0.0,INCREASE_TO_TARGET,buy,25945,86.731259
2024-11-05,113169179,421,False,False,,566.547119,59570,0.2982,hold,,,0.0,,,0,0.0,36.050159,952941,0.3036,hold,,,0.0,,,0,0.0,253.399994,88250,0.1976,hold,,,0.0,,,0,0.0,87.163574,260468,0.2006,hold,,,0.0,,,0,0.0
2024-11-06,115495274,421,False,False,,580.634583,59570,0.2995,hold,,,0.0,,,0,0.0,38.976082,952941,0.3216,hold,,,0.0,,,0,0.0,245.699997,88250,0.1877,hold,,,0.0,,,0,0.0,84.776321,260468,0.1912,hold,,,0.0,,,0,0.0
2024-11-07,118125865,421,False,False,,585.124084,59570,0.2951,hold,,,0.0,,,0,0.0,40.799843,952941,0.3291,hold,,,0.0,,,0,0.0,249.649994,88250,0.1865,hold,,,0.0,,,0,0.0,85.838364,260468,0.1893,hold,,,0.0,,,0,0.0
2024-11-08,118505889,421,False,False,,587.658752,59570,0.2954,hold,,,0.0,,,0,0.0,40.898693,952941,0.3289,hold,,,0.0,,,0,0.0,247.960007,88250,0.1847,hold,,,0.0,,,0,0.0,86.928619,260468,0.1911,hold,,,0.0,,,0,0.0
2024-11-11,117844811,421,False,False,,588.218628,59570,0.2973,hold,,,0.0,,,0,0.0,40.824551,952941,0.3301,hold,,,0.0,,,0,0.0,242.139999,88250,0.1813,hold,,,0.0,,,0,0.0,86.505684,260468,0.1912,hold,,,0.0,,,0,0.0
2024-11-12,117001747,421,False,False,,586.391418,59570,0.2986,hold,,,0.0,,,0,0.0,40.602142,952941,0.3307,hold,,,0.0,,,0,0.0,240.050003,88250,0.1811,hold,,,0.0,,,0,0.0,85.208664,260468,0.1897,hold,,,0.0,,,0,0.0
2024-11-13,116425067,421,False,False,,586.67627,59570,0.3002,hold,,,0.0,,,0,0.0,40.424217,952941,0.3309,hold,,,0.0,,,0,0.0,237.630005,88250,0.1801,hold,,,0.0,,,0,0.0,84.400383,260468,0.1888,hold,,,0.0,,,0,0.0
2024-11-14,115458127,421,False,False,,582.903931,59570,0.3007,hold,,,0.0,,,0,0.0,39.569176,952941,0.3266,hold,,,0.0,,,0,0.0,237.009995,88250,0.1812,hold,,,0.0,,,0,0.0,84.889107,260468,0.1915,hold,,,0.0,,,0,0.0
2024-11-15,112190539,421,False,False,,575.437683,59570,0.3055,hold,,,0.0,,,0,0.0,36.7075,952941,0.3118,hold,,,0.0,,,0,0.0,236.589996,88250,0.1861,hold,,,0.0,,,0,0.0,84.663551,260468,0.1966,hold,,,0.0,,,0,0.0
2024-11-18,113473759,421,False,False,,577.795471,59570,0.3033,hold,,,0.0,,,0,0.0,37.448864,952941,0.3145,hold,,,0.0,,,0,0.0,241.089996,88250,0.1875,hold,,,0.0,,,0,0.0,84.813919,260468,0.1947,hold,,,0.0,,,0,0.0
2024-11-19,114618712,421,False,False,,579.907593,59570,0.3014,hold,,,0.0,,,0,0.0,38.200119,952941,0.3176,hold,,,0.0,,,0,0.0,243.25,88250,0.1873,hold,,,0.0,,,0,0.0,85.246262,260468,0.1937,hold,,,0.0,,,0,0.0
2024-11-20,114637929,421,False,False,,580.104004,59570,0.3014,hold,,,0.0,,,0,0.0,38.155636,952941,0.3172,hold,,,0.0,,,0,0.0,244.619995,88250,0.1883,hold,,,0.0,,,0,0.0,84.973694,260468,0.1931,hold,,,0.0,,,0,0.0
2024-11-21,115344287,421,False,False,,583.218262,59570,0.3012,hold,,,0.0,,,0,0.0,38.531261,952941,0.3183,hold,,,0.0,,,0,0.0,246.660004,88250,0.1887,hold,,,0.0,,,0,0.0,84.907898,260468,0.1917,hold,,,0.0,,,0,0.0
2024-11-22,115881427,421,False,False,,585.02594,59570,0.3007,hold,,,0.0,,,0,0.0,38.674587,952941,0.318,hold,,,0.0,,,0,0.0,249.839996,88250,0.1903,hold,,,0.0,,,0,0.0,84.954895,260468,0.191,hold,,,0.0,,,0,0.0
2024-11-25,116092532,421,False,False,,587.010376,59570,0.3012,hold,,,0.0,,,0,0.0,38.852524,952941,0.3189,hold,,,0.0,,,0,0.0,242.479996,88250,0.1843,hold,,,0.0,,,0,0.0,87.154198,260468,0.1955,hold,,,0.0,,,0,0.0
2024-11-26,116803070,421,False,False,,590.075439,59570,0.3009,hold,,,0.0,,,0,0.0,39.455505,952941,0.3219,hold,,,0.0,,,0,0.0,242.949997,88250,0.1836,hold,,,0.0,,,0,0.0,86.815842,260468,0.1936,hold,,,0.0,,,0,0.0
2024-11-27,115991885,421,False,False,,588.287476,59570,0.3021,hold,,,0.0,,,0,0.0,38.501606,952941,0.3163,hold,,,0.0,,,0,0.0,243.490005,88250,0.1853,hold,,,0.0,,,0,0.0,87.417366,260468,0.1963,hold,,,0.0,,,0,0.0
2024-11-29,117567177,421,False,False,,591.941895,59570,0.2999,hold,,,0.0,,,0,0.0,39.485153,952941,0.32,hold,,,0.0,,,0,0.0,245.589996,88250,0.1843,hold,,,0.0,,,0,0.0,88.319633,260468,0.1957,hold,,,0.0,,,0,0.0
2024-12-02,118715778,421,True,False,,593.002991,59570,0.2976,hold,,,0.0,,,0,0.0,40.765247,952941,0.3272,hold,,,0.0,,,0,0.0,243.440002,88250,0.181,hold,,,0.0,,,0,0.0,88.531845,260468,0.1942,hold,,,0.0,,,0,0.0
2024-12-03,118920240,421,False,False,,593.278015,59570,0.2972,hold,,,0.0,,,0,0.0,41.126045,952941,0.3296,hold,,,0.0,,,0,0.0,243.929993,88250,0.181,hold,,,0.0,,,0,0.0,87.767906,260468,0.1922,hold,,,0.0,,,0,0.0
2024-12-04,120882444,421,False,False,,596.961914,59570,0.2942,hold,,,0.0,,,0,0.0,42.628544,952941,0.336,hold,,,0.0,,,0,0.0,244.669998,88250,0.1786,hold,,,0.0,,,0,0.0,88.711037,260468,0.1911,hold,,,0.0,,,0,0.0
2024-12-05,120376479,421,False,False,,595.979614,59570,0.2949,hold,,,0.0,,,0,0.0,42.277634,952941,0.3347,hold,,,0.0,,,0,0.0,242.860001,88250,0.178,hold,,,0.0,,,0,0.0,88.890251,260468,0.1923,hold,,,0.0,,,0,0.0
2024-12-06,121522274,421,False,False,,597.109436,59570,0.2927,hold,,,0.0,,,0,0.0,43.364967,952941,0.3401,hold,,,0.0,,,0,0.0,242.949997,88250,0.1764,hold,,,0.0,,,0,0.0,89.022263,260468,0.1908,hold,,,0.0,,,0,0.0
2024-12-09,120372548,421,False,False,,594.034485,59570,0.294,hold,,,0.0,,,0,0.0,42.351772,952941,0.3353,hold,,,0.0,,,0,0.0,245.360001,88250,0.1799,hold,,,0.0,,,0,0.0,88.201744,260468,0.1909,hold,,,0.0,,,0,0.0
2024-12-10,120001464,421,False,False,,592.1875,59570,0.294,hold,,,0.0,,,0,0.0,41.892124,952941,0.3327,hold,,,0.0,,,0,0.0,248.589996,88250,0.1828,hold,,,0.0,,,0,0.0,87.786766,260468,0.1905,hold,,,0.0,,,0,0.0
2024-12-11,122400712,421,False,False,,596.765564,59570,0.2904,hold,,,0.0,,,0,0.0,44.131046,952941,0.3436,hold,,,0.0,,,0,0.0,250.960007,88250,0.1809,hold,,,0.0,,,0,0.0,86.956795,260468,0.185,hold,,,0.0,,,0,0.0
2024-12-12,120784009,421,False,False,,593.690735,59570,0.2928,hold,,,0.0,,,0,0.0,43.256233,952941,0.3413,hold,,,0.0,,,0,0.0,247.279999,88250,0.1807,hold,,,0.0,,,0,0.0,85.900505,260468,0.1852,hold,,,0.0,,,0,0.0
2024-12-13,121170105,421,False,False,,593.572693,59570,0.2918,hold,,,0.0,,,0,0.0,44.185413,952941,0.3475,hold,,,0.0,,,0,0.0,244.289993,88250,0.1779,hold,,,0.0,,,0,0.0,85.023399,260468,0.1828,hold,,,0.0,,,0,0.0
2024-12-16,123271617,421,False,False,,596.1073,59570,0.2881,hold,,,0.0,,,0,0.0,46.108025,952941,0.3564,hold,,,0.0,,,0,0.0,244.880005,88250,0.1753,hold,,,0.0,,,0,0.0,85.278023,260468,0.1802,hold,,,0.0,,,0,0.0
2024-12-17,122507668,421,False,False,,593.651306,59570,0.2887,hold,,,0.0,,,0,0.0,45.490215,952941,0.3539,hold,,,0.0,,,0,0.0,243.940002,88250,0.1757,hold,,,0.0,,,0,0.0,85.485519,260468,0.1818,hold,,,0.0,,,0,0.0
2024-12-18,116075968,421,False,False,,575.958435,59570,0.2956,hold,,,0.0,,,0,0.0,40.572491,952941,0.3331,hold,,,0.0,,,0,0.0,239.259995,88250,0.1819,hold,,,0.0,,,0,0.0,84.41658,260468,0.1894,hold,,,0.0,,,0,0.0
2024-12-19,115216167,421,False,False,,575.781555,59570,0.2977,hold,,,0.0,,,0,0.0,39.999165,952941,0.3308,hold,,,0.0,,,0,0.0,239.600006,88250,0.1835,hold,,,0.0,,,0,0.0,83.138405,260468,0.188,hold,,,0.0,,,0,0.0
2024-12-20,116961146,421,False,False,,582.697327,59570,0.2968,hold,,,0.0,,,0,0.0,41.037083,952941,0.3343,hold,,,0.0,,,0,0.0,242.100006,88250,0.1827,hold,,,0.0,,,0,0.0,83.611809,260468,0.1862,hold,,,0.0,,,0,0.0
2024-12-23,117957872,421,False,False,,586.186646,59570,0.296,hold,,,0.0,,,0,0.0,42.180099,952941,0.3408,hold,,,0.0,,,0,0.0,240.960007,88250,0.1803,hold,,,0.0,,,0,0.0,82.844902,260468,0.1829,hold,,,0.0,,,0,0.0
2024-12-24,120076819,421,False,False,,592.702026,59570,0.294,hold,,,0.0,,,0,0.0,43.856194,952941,0.348,hold,,,0.0,,,0,0.0,241.440002,88250,0.1774,hold,,,0.0,,,0,0.0,83.195221,260468,0.1805,hold,,,0.0,,,0,0.0
2024-12-26,120120908,421,False,False,,592.741638,59570,0.294,hold,,,0.0,,,0,0.0,43.761971,952941,0.3472,hold,,,0.0,,,0,0.0,243.070007,88250,0.1786,hold,,,0.0,,,0,0.0,83.147881,260468,0.1803,hold,,,0.0,,,0,0.0
2024-12-27,117727822,421,False,False,,586.502075,59570,0.2968,hold,,,0.0,,,0,0.0,41.981743,952941,0.3398,hold,,,0.0,,,0,0.0,241.399994,88250,0.181,hold,,,0.0,,,0,0.0,82.466171,260468,0.1825,hold,,,0.0,,,0,0.0
2024-12-30,115827130,421,False,False,,579.809143,59570,0.2982,hold,,,0.0,,,0,0.0,40.295731,952941,0.3315,hold,,,0.0,,,0,0.0,240.630005,88250,0.1833,hold,,,0.0,,,0,0.0,83.128929,260468,0.1869,hold,,,0.0,,,0,0.0
2024-12-31,114711411,421,False,False,,577.699768,59570,0.3,hold,,,0.0,,,0,0.0,39.239491,952941,0.326,hold,,,0.0,,,0,0.0,242.130005,88250,0.1863,hold,,,0.0,,,0,0.0,82.683945,260468,0.1877,hold,,,0.0,,,0,0.0
2025-01-02,114740107,421,True,False,,576.280273,59570,0.2992,hold,,,0.0,,,0,0.0,38.991547,952941,0.3238,hold,,,0.0,,,0,0.0,245.419998,88250,0.1888,hold,,,0.0,,,0,0.0,82.911186,260468,0.1882,hold,,,0.0,,,0,0.0
2025-01-03,116711485,421,False,False,,583.48584,59570,0.2978,hold,,,0.0,,,0,0.0,40.861038,952941,0.3336,hold,,,0.0,,,0,0.0,243.490005,88250,0.1841,hold,,,0.0,,,0,0.0,82.646088,260468,0.1844,hold,,,0.0,,,0,0.0
2025-01-06,118116922,421,False,False,,586.847046,59570,0.296,hold,,,0.0,,,0,0.0,42.254478,952941,0.3409,hold,,,0.0,,,0,0.0,243.190002,88250,0.1817,hold,,,0.0,,,0,0.0,82.276825,260468,0.1814,hold,,,0.0,,,0,0.0
2025-01-07,115431965,421,False,False,,580.213257,59570,0.2994,hold,,,0.0,,,0,0.0,39.978363,952941,0.33,hold,,,0.0,,,0,0.0,244.559998,88250,0.187,hold,,,0.0,,,0,0.0,81.348953,260468,0.1836,hold,,,0.0,,,0,0.0
2025-01-08,115652675,421,False,False,,581.060974,59570,0.2993,hold,,,0.0,,,0,0.0,40.008118,952941,0.3297,hold,,,0.0,,,0,0.0,245.860001,88250,0.1876,hold,,,0.0,,,0,0.0,81.453117,260468,0.1834,hold,,,0.0,,,0,0.0
2025-01-10,113371706,421,False,False,,572.189697,59570,0.3007,hold,,,0.0,,,0,0.0,38.098949,952941,0.3202,hold,,,0.0,,,0,0.0,248.210007,88250,0.1932,hold,,,0.0,,,0,0.0,80.913437,260468,0.1859,hold,,,0.0,,,0,0.0
2025-01-13,112821143,421,False,False,,573.076904,59570,0.3026,hold,,,0.0,,,0,0.0,37.70224,952941,0.3185,hold,,,0.0,,,0,0.0,245.740005,88250,0.1922,hold,,,0.0,,,0,0.0,80.88504,260468,0.1867,hold,,,0.0,,,0,0.0
2025-01-14,112819840,421,False,False,,573.865356,59570,0.303,hold,,,0.0,,,0,0.0,37.568356,952941,0.3173,hold,,,0.0,,,0,0.0,247.029999,88250,0.1932,hold,,,0.0,,,0,0.0,80.752472,260468,0.1864,hold,,,0.0,,,0,0.0
2025-01-15,116386904,421,False,False,,584.303955,59570,0.2991,hold,,,0.0,,,0,0.0,40.107292,952941,0.3284,hold,,,0.0,,,0,0.0,248.880005,88250,0.1887,hold,,,0.0,,,0,0.0,82.144264,260468,0.1838,hold,,,0.0,,,0,0.0
2025-01-16,115761104,421,False,False,,583.180237,59570,0.3001,hold,,,0.0,,,0,0.0,39.289082,952941,0.3234,hold,,,0.0,,,0,0.0,250.600006,88250,0.191,hold,,,0.0,,,0,0.0,82.409386,260468,0.1854,hold,,,0.0,,,0,0.0
2025-01-17,117877177,421,False,False,,589.035339,59570,0.2977,hold,,,0.0,,,0,0.0,41.227993,952941,0.3333,hold,,,0.0,,,0,0.0,249.270004,88250,0.1866,hold,,,0.0,,,0,0.0,82.551399,260468,0.1824,hold,,,0.0,,,0,0.0
2025-01-21,119383489,421,False,False,,594.427124,59570,0.2966,hold,,,0.0,,,0,0.0,41.912319,952941,0.3346,hold,,,0.0,,,0,0.0,253.130005,88250,0.1871,hold,,,0.0,,,0,0.0,83.289902,260468,0.1817,hold,,,0.0,,,0,0.0
2025-01-22,121133795,421,False,False,,597.768616,59570,0.294,hold,,,0.0,,,0,0.0,43.53883,952941,0.3425,hold,,,0.0,,,0,0.0,254.429993,88250,0.1854,hold,,,0.0,,,0,0.0,82.854378,260468,0.1782,hold,,,0.0,,,0,0.0
2025-01-23,121383855,421,False,False,,601.03125,59570,0.295,hold,,,0.0,,,0,0.0,43.806606,952941,0.3439,hold,,,0.0,,,0,0.0,254.070007,88250,0.1847,hold,,,0.0,,,0,0.0,82.210533,260468,0.1764,hold,,,0.0,,,0,0.0
2025-01-24,120763595,421,False,False,,599.276611,59570,0.2956,hold,,,0.0,,,0,0.0,43.018147,952941,0.3395,hold,,,0.0,,,0,0.0,255.649994,88250,0.1868,hold,,,0.0,,,0,0.0,82.579811,260468,0.1781,hold,,,0.0,,,0,0.0
2025-01-27,116681779,421,False,False,,590.799805,59570,0.3016,hold,,,0.0,,,0,0.0,39.244446,952941,0.3205,hold,,,0.0,,,0,0.0,252.990005,88250,0.1913,hold,,,0.0,,,0,0.0,83.555,260468,0.1865,hold,,,0.0,,,0,0.0
2025-01-28,118821298,421,False,False,,595.876099,59570,0.2987,hold,,,0.0,,,0,0.0,40.985012,952941,0.3287,hold,,,0.0,,,0,0.0,255.179993,88250,0.1895,hold,,,0.0,,,0,0.0,83.498184,260468,0.183,hold,,,0.0,,,0,0.0
2025-01-29,118290302,421,False,False,,593.204895,59570,0.2987,hold,,,0.0,,,0,0.0,40.732109,952941,0.3281,hold,,,0.0,,,0,0.0,254.199997,88250,0.1896,hold,,,0.0,,,0,0.0,83.327774,260468,0.1835,hold,,,0.0,,,0,0.0
2025-01-30,119387823,421,False,False,,596.388611,59570,0.2976,hold,,,0.0,,,0,0.0,41.24287,952941,0.3292,hold,,,0.0,,,0,0.0,258.049988,88250,0.1907,hold,,,0.0,,,0,0.0,83.640213,260468,0.1825,hold,,,0.0,,,0,0.0
2025-01-31,118888085,421,False,False,,593.214661,59570,0.2972,hold,,,0.0,,,0,0.0,41.019726,952941,0.3288,hold,,,0.0,,,0,0.0,258.559998,88250,0.1919,hold,,,0.0,,,0,0.0,83.09108,260468,0.182,hold,,,0.0,,,0,0.0
2025-02-03,118003173,421,True,False,,589.222595,59570,0.2974,hold,,,0.0,,,0,0.0,40.02795,952941,0.3232,hold,,,0.0,,,0,0.0,259.940002,88250,0.1944,hold,,,0.0,,,0,0.0,83.767609,260468,0.1849,hold,,,0.0,,,0,0.0
2025-02-04,119915950,421,False,False,,593.175293,59570,0.2947,hold,,,0.0,,,0,0.0,41.4809,952941,0.3296,hold,,,0.0,,,0,0.0,262.5,88250,0.1932,hold,,,0.0,,,0,0.0,84.024147,260468,0.1825,hold,,,0.0,,,0,0.0
2025-02-05,121079477,421,False,False,,595.580322,59570,0.293,hold,,,0.0,,,0,0.0,42.021416,952941,0.3307,hold,,,0.0,,,0,0.0,264.130005,88250,0.1925,hold,,,0.0,,,0,0.0,85.411385,260468,0.1837,hold,,,0.0,,,0,0.0
2025-02-06,121731254,421,False,False,,597.65033,59570,0.2925,hold,,,0.0,,,0,0.0,42.651192,952941,0.3339,hold,,,0.0,,,0,0.0,263.429993,88250,0.191,hold,,,0.0,,,0,0.0,85.37339,260468,0.1827,hold,,,0.0,,,0,0.0
2025-02-07,119753338,421,False,False,,592.179749,59570,0.2946,hold,,,0.0,,,0,0.0,41.024681,952941,0.3265,hold,,,0.0,,,0,0.0,263.899994,88250,0.1945,hold,,,0.0,,,0,0.0,84.822296,260468,0.1845,hold,,,0.0,,,0,0.0
2025-02-10,121695674,421,False,False,,596.201294,59570,0.2918,hold,,,0.0,,,0,0.0,42.467712,952941,0.3325,hold,,,0.0,,,0,0.0,268.369995,88250,0.1946,hold,,,0.0,,,0,0.0,84.565727,260468,0.181,hold,,,0.0,,,0,0.0
2025-02-11,121206882,421,False,False,,596.654785,59570,0.2932,hold,,,0.0,,,0,0.0,42.165218,952941,0.3315,hold,,,0.0,,,0,0.0,267.390015,88250,0.1947,hold,,,0.0,,,0,0.0,84.024147,260468,0.1806,hold,,,0.0,,,0,0.0
2025-02-12,120900436,421,False,False,,594.732666,59570,0.293,hold,,,0.0,,,0,0.0,42.249519,952941,0.333,hold,,,0.0,,,0,0.0,267.670013,88250,0.1954,hold,,,0.0,,,0,0.0,82.883934,260468,0.1786,hold,,,0.0,,,0,0.0
2025-02-13,123562766,421,False,False,,601.011536,59570,0.2897,hold,,,0.0,,,0,0.0,44.029755,952941,0.3396,hold,,,0.0,,,0,0.0,270.309998,88250,0.1931,hold,,,0.0,,,0,0.0,84.261681,260468,0.1776,hold,,,0.0,,,0,0.0
2025-02-14,123814022,421,False,False,,600.982056,59570,0.2891,hold,,,0.0,,,0,0.0,44.545479,952941,0.3428,hold,,,0.0,,,0,0.0,266.290009,88250,0.1898,hold,,,0.0,,,0,0.0,84.708267,260468,0.1782,hold,,,0.0,,,0,0.0
2025-02-18,124313066,421,False,False,,602.746338,59570,0.2888,hold,,,0.0,,,0,0.0,44.823174,952941,0.3436,hold,,,0.0,,,0,0.0,270.700012,88250,0.1922,hold,,,0.0,,,0,0.0,83.710587,260468,0.1754,hold,,,0.0,,,0,0.0
2025-02-19,124442807,421,False,False,,604.165771,59570,0.2892,hold,,,0.0,,,0,0.0,44.828133,952941,0.3433,hold,,,0.0,,,0,0.0,270.850006,88250,0.1921,hold,,,0.0,,,0,0.0,83.815102,260468,0.1754,hold,,,0.0,,,0,0.0
2025-02-20,123867303,421,False,False,,601.652283,59570,0.2893,hold,,,0.0,,,0,0.0,44.282658,952941,0.3407,hold,,,0.0,,,0,0.0,270.98999,88250,0.1931,hold,,,0.0,,,0,0.0,84.128677,260468,0.1769,hold,,,0.0,,,0,0.0
2025-02-21,120855480,421,False,False,,591.361572,59570,0.2915,hold,,,0.0,,,0,0.0,41.510651,952941,0.3273,hold,,,0.0,,,0,0.0,270.73999,88250,0.1977,hold,,,0.0,,,0,0.0,85.14537,260468,0.1835,hold,,,0.0,,,0,0.0
2025-02-24,119466868,421,False,False,,588.670654,59570,0.2935,hold,,,0.0,,,0,0.0,40.018028,952941,0.3192,hold,,,0.0,,,0,0.0,272.209991,88250,0.2011,hold,,,0.0,,,0,0.0,85.392387,260468,0.1862,hold,,,0.0,,,0,0.0
2025-02-25,117903811,421,False,False,,585.742981,59570,0.2959,hold,,,0.0,,,0,0.0,38.490704,952941,0.3111,hold,,,0.0,,,0,0.0,268.619995,88250,0.2011,hold,,,0.0,,,0,0.0,86.865166,260468,0.1919,hold,,,0.0,,,0,0.0
2025-02-26,118327537,421,False,False,,586.038757,59570,0.295,hold,,,0.0,,,0,0.0,38.738647,952941,0.312,hold,,,0.0,,,0,0.0,269.029999,88250,0.2006,hold,,,0.0,,,0,0.0,87.378273,260468,0.1923,hold,,,0.0,,,0,0.0
2025-02-27,114185475,421,False,False,,576.684448,59570,0.3009,hold,,,0.0,,,0,0.0,35.525299,952941,0.2965,hold,,,0.0,,,0,0.0,264.929993,88250,0.2048,hold,,,0.0,,,0,0.0,86.760658,260468,0.1979,hold,,,0.0,,,0,0.0
2025-02-28,116402229,421,False,False,,585.683838,59570,0.2997,hold,,,0.0,,,0,0.0,37.15181,952941,0.3041,hold,,,0.0,,,0,0.0,263.269989,88250,0.1996,hold,,,0.0,,,0,0.0,87.824844,260468,0.1965,hold,,,0.0,,,0,0.0
2025-03-03,113916823,421,True,False,,575.422791,59570,0.3009,hold,,,0.0,,,0,0.0,34.75172,952941,0.2907,hold,,,0.0,,,0,0.0,266.73999,88250,0.2066,hold,,,0.0,,,0,0.0,88.234726,260468,0.2017,hold,,,0.0,,,0,0.0
2025-03-04,113068926,421,False,False,,568.611633,59570,0.2996,hold,,,0.0,,,0,0.0,34.369884,952941,0.2897,hold,,,0.0,,,0,0.0,269.059998,88250,0.21,hold,,,0.0,,,0,0.0,87.148109,260468,0.2008,hold,,,0.0,,,0,0.0
2025-03-05,114577042,421,False,False,,574.722839,59570,0.2988,hold,,,0.0,,,0,0.0,35.708778,952941,0.297,hold,,,0.0,,,0,0.0,269.619995,88250,0.2077,hold,,,0.0,,,0,0.0,86.452301,260468,0.1965,hold,,,0.0,,,0,0.0
2025-03-06,110952800,421,False,False,,564.520996,59570,0.3031,hold,,,0.0,,,0,0.0,32.748333,952941,0.2813,hold,,,0.0,,,0,0.0,268.25,88250,0.2134,hold,,,0.0,,,0,0.0,86.166328,260468,0.2023,hold,,,0.0,,,0,0.0
2025-03-07,111729042,421,False,False,,567.684998,59570,0.3027,hold,,,0.0,,,0,0.0,33.427704,952941,0.2851,hold,,,0.0,,,0,0.0,268.390015,88250,0.212,hold,,,0.0,,,0,0.0,85.889923,260468,0.2002,hold,,,0.0,,,0,0.0
2025-03-10,107262912,421,False,False,,552.564453,59570,0.3069,hold,,,0.0,,,0,0.0,29.658966,952941,0.2635,hold,,,0.0,,,0,0.0,266.040009,88250,0.2189,hold,,,0.0,,,0,0.0,86.785904,260468,0.2107,hold,,,0.0,,,0,0.0
2025-03-11,106772456,421,False,False,,547.971008,59570,0.3057,hold,,,0.0,,,0,0.0,29.311846,952941,0.2616,hold,,,0.0,,,0,0.0,269.160004,88250,0.2225,hold,,,0.0,,,0,0.0,86.166328,260468,0.2102,hold,,,0.0,,,0,0.0
2025-03-12,107869417,421,False,False,,550.878845,59570,0.3042,hold,,,0.0,,,0,0.0,30.313536,952941,0.2678,hold,,,0.0,,,0,0.0,270.329987,88250,0.2212,hold,,,0.0,,,0,0.0,85.651634,260468,0.2068,hold,,,0.0,,,0,0.0
2025-03-13,106473376,421,False,False,,543.535278,59570,0.3041,hold,,,0.0,,,0,0.0,28.657276,952941,0.2565,hold,,,0.0,,,0,0.0,275.130005,88250,0.228,hold,,,0.0,,,0,0.0,86.404633,260468,0.2114,hold,,,0.0,,,0,0.0
2025-03-14,108970173,421,False,False,,554.762451,59570,0.3033,hold,,,0.0,,,0,0.0,30.690411,952941,0.2684,hold,,,0.0,,,0,0.0,275.23999,88250,0.2229,hold,,,0.0,,,0,0.0,85.947113,260468,0.2054,hold,,,0.0,,,0,0.0
2025-03-17,110035286,421,False,False,,559.040405,59570,0.3026,hold,,,0.0,,,0,0.0,31.285473,952941,0.2709,hold,,,0.0,,,0,0.0,276.730011,88250,0.2219,hold,,,0.0,,,0,0.0,86.376038,260468,0.2045,hold,,,0.0,,,0,0.0
2025-03-18,108480026,421,False,False,,552.998108,59570,0.3037,hold,,,0.0,,,0,0.0,29.708553,952941,0.261,hold,,,0.0,,,0,0.0,279.959991,88250,0.2278,hold,,,0.0,,,0,0.0,86.46183,260468,0.2076,hold,,,0.0,,,0,0.0
2025-03-19,110158004,421,False,False,,559.020691,59570,0.3023,hold,,,0.0,,,0,0.0,30.86397,952941,0.267,hold,,,0.0,,,0,0.0,281.109985,88250,0.2252,hold,,,0.0,,,0,0.0,86.909798,260468,0.2055,hold,,,0.0,,,0,0.0
2025-03-20,109742401,421,False,False,,557.404114,59570,0.3026,hold,,,0.0,,,0,0.0,30.546602,952941,0.2652,hold,,,0.0,,,0,0.0,280.75,88250,0.2258,hold,,,0.0,,,0,0.0,86.966995,260468,0.2064,hold,,,0.0,,,0,0.0
2025-03-21,109693928,421,False,False,,557.588013,59570,0.3028,hold,,,0.0,,,0,0.0,30.834217,952941,0.2679,hold,,,0.0,,,0,0.0,278.48999,88250,0.224,hold,,,0.0,,,0,0.0,86.452301,260468,0.2053,hold,,,0.0,,,0,0.0
2025-03-24,111815022,421,False,False,,567.573608,59570,0.3024,hold,,,0.0,,,0,0.0,32.792969,952941,0.2795,hold,,,0.0,,,0,0.0,277.25,88250,0.2188,hold,,,0.0,,,0,0.0,85.565842,260468,0.1993,hold,,,0.0,,,0,0.0
2025-03-25,112559091,421,False,False,,568.937988,59570,0.3011,hold,,,0.0,,,0,0.0,33.378113,952941,0.2826,hold,,,0.0,,,0,0.0,278.470001,88250,0.2183,hold,,,0.0,,,0,0.0,85.55632,260468,0.198,hold,,,0.0,,,0,0.0
2025-03-26,110218941,421,False,False,,562.145874,59570,0.3038,hold,,,0.0,,,0,0.0,31.522005,952941,0.2725,hold,,,0.0,,,0,0.0,278.23999,88250,0.2228,hold,,,0.0,,,0,0.0,84.993935,260468,0.2009,hold,,,0.0,,,0,0.0
2025-03-27,109882776,421,False,False,,560.652954,59570,0.3039,hold,,,0.0,,,0,0.0,30.984867,952941,0.2687,hold,,,0.0,,,0,0.0,281.970001,88250,0.2265,hold,,,0.0,,,0,0.0,84.746132,260468,0.2009,hold,,,0.0,,,0,0.0
2025-03-28,107349243,421,False,False,,549.362366,59570,0.3049,hold,,,0.0,,,0,0.0,28.518015,952941,0.2532,hold,,,0.0,,,0,0.0,284.059998,88250,0.2335,hold,,,0.0,,,0,0.0,85.918518,260468,0.2085,hold,,,0.0,,,0,0.0
2025-03-31,108130983,421,False,False,,553.05011,59570,0.3047,hold,,,0.0,,,0,0.0,28.498121,952941,0.2511,hold,,,0.0,,,0,0.0,288.140015,88250,0.2352,hold,,,0.0,,,0,0.0,86.76683,260468,0.209,hold,,,0.0,,,0,0.0
2025-04-01,108995183,421,True,False,,554.612122,59570,0.3031,hold,REDUCE_TO_TARGET,rebalance 2025-04-01,-339689.0,,,0,0.0,29.154623,952941,0.2549,hold,INCREASE_TO_TARGET,rebalance 2025-04-01,4915919.0,,,0,0.0,287.570007,88250,0.2328,hold,REDUCE_TO_TARGET,rebalance 2025-04-01,-3579017.0,,,0,0.0,87.51873,260468,0.2091,hold,REDUCE_TO_TARGET,rebalance 2025-04-01,-996792.0,,,0,0.0
2025-04-02,110164799,26,False,True,monthly,558.122009,58950,0.2987,hold,,,0.0,REDUCE_TO_TARGET,sell,620,547.113029,29.80615,1128297,0.3053,hold,,,0.0,INCREASE_TO_TARGET,buy,175356,27.946063,288.160004,75798,0.1983,hold,,,0.0,REDUCE_TO_TARGET,sell,12452,287.415159,87.461327,249154,0.1978,hold,,,0.0,REDUCE_TO_TARGET,sell,11314,88.095445
2025-04-03,103107654,26,False,False,,530.617188,58950,0.3034,hold,,,0.0,,,0,0.0,25.016676,1128297,0.2738,sell,EXIT_ALL,signal sell,-28226240.0,,,0,0.0,286.420013,75798,0.2106,hold,,,0.0,,,0,0.0,87.863091,249154,0.2123,hold,,,0.0,,,0,0.0
2025-04-04,98510918,25730252,False,False,,499.553345,58950,0.2989,sell,EXIT_ALL,signal sell,-29448670.0,,,0,0.0,20.436087,0,0.0,hold,,,0.0,EXIT_ALL,sell,1128297,22.80448,279.720001,75798,0.2152,hold,,,0.0,,,0,0.0,88.819687,249154,0.2246,hold,,,0.0,,,0,0.0
2025-04-07,96364734,54155633,False,False,,498.663544,0,0.0,hold,,,0.0,EXIT_ALL,sell,58950,482.194762,20.515665,0,0.0,hold,,,0.0,,,0,0.0,273.709991,75798,0.2153,hold,,,0.0,,,0,0.0,86.141228,249154,0.2227,hold,,,0.0,,,0,0.0
2025-04-08,96072495,54155633,False,False,,490.853119,0,0.0,hold,,,0.0,,,0,0.0,19.346893,0,0.0,hold,,,0.0,,,0,0.0,275.200012,75798,0.2171,hold,,,0.0,,,0,0.0,84.515007,249154,0.2192,hold,,,0.0,,,0,0.0
2025-04-09,96968061,54155633,False,False,,542.402222,0,0.0,hold,,,0.0,,,0,0.0,26.165552,0,0.0,hold,,,0.0,,,0,0.0,285.380005,75798,0.2231,hold,,,0.0,,,0,0.0,85.012459,249154,0.2184,hold,,,0.0,,,0,0.0
2025-04-10,96912437,54155633,False,False,,518.634583,0,0.0,hold,,,0.0,,,0,0.0,22.947702,0,0.0,hold,,,0.0,,,0,0.0,292.350006,75798,0.2287,hold,,,0.0,,,0,0.0,82.668785,249154,0.2125,hold,,,0.0,,,0,0.0
2025-04-11,97447412,54155633,False,False,,527.888489,0,0.0,hold,,,0.0,,,0,0.0,24.161236,0,0.0,hold,,,0.0,,,0,0.0,297.929993,75798,0.2317,hold,,,0.0,,,0,0.0,83.118401,249154,0.2125,hold,,,0.0,,,0,0.0
2025-04-14,97466327,54155633,False,False,,533.009766,0,0.0,hold,,,0.0,,,0,0.0,24.66853,0,0.0,hold,,,0.0,,,0,0.0,296.230011,75798,0.2304,hold,,,0.0,,,0,0.0,83.711487,249154,0.214,hold,,,0.0,,,0,0.0
2025-04-15,97657697,54155633,False,False,,531.516907,0,0.0,hold,,,0.0,,,0,0.0,24.763029,0,0.0,hold,,,0.0,,,0,0.0,297.779999,75798,0.2311,hold,,,0.0,,,0,0.0,84.008026,249154,0.2143,hold,,,0.0,,,0,0.0
2025-04-16,98508965,54155633,False,False,,519.702332,0,0.0,hold,,,0.0,,,0,0.0,22.524956,0,0.0,hold,,,0.0,,,0,0.0,307.470001,75798,0.2366,hold,,,0.0,,,0,0.0,84.476753,249154,0.2137,hold,,,0.0,,,0,0.0
2025-04-17,98220732,54155633,False,False,,520.443848,0,0.0,hold,,,0.0,,,0,0.0,22.460299,0,0.0,hold,,,0.0,,,0,0.0,306.119995,75798,0.2362,hold,,,0.0,,,0,0.0,83.730606,249154,0.2124,hold,,,0.0,,,0,0.0
2025-04-21,98573881,54155633,False,False,,508.055878,0,0.0,hold,,,0.0,,,0,0.0,20.819048,0,0.0,hold,,,0.0,,,0,0.0,315.589996,75798,0.2427,hold,REDUCE_TO_TARGET,rebalance 2025-04-21,-4206314.0,,,0,0.0,82.267021,249154,0.2079,hold,REDUCE_TO_TARGET,rebalance 2025-04-21,-782381.0,,,0,0.0
2025-04-22,98421546,59144099,False,True,daily,521.274353,0,0.0,hold,,,0.0,,,0,0.0,22.410564,0,0.0,hold,,,0.0,,,0,0.0,311.109985,62510,0.1976,hold,,,0.0,REDUCE_TO_TARGET,sell,13288,316.53752,82.726181,239706,0.2015,hold,,,0.0,REDUCE_TO_TARGET,sell,9448,82.802265
2025-04-23,98147834,59144099,False,False,,529.351685,0,0.0,hold,,,0.0,,,0,0.0,23.89764,0,0.0,hold,,,0.0,,,0,0.0,303.649994,62510,0.1934,hold,,,0.0,,,0,0.0,83.529716,239706,0.204,hold,,,0.0,,,0,0.0
2025-04-24,98635086,59144099,False,False,,540.494019,0,0.0,hold,,,0.0,,,0,0.0,25.931799,0,0.0,hold,,,0.0,,,0,0.0,308.070007,62510,0.1952,hold,,,0.0,,,0,0.0,84.409782,239706,0.2051,hold,,,0.0,,,0,0.0
2025-04-25,98575352,59144099,False,False,,544.399292,0,0.0,hold,,,0.0,,,0,0.0,26.787239,0,0.0,hold,,,0.0,,,0,0.0,304.730011,62510,0.1932,hold,,,0.0,,,0,0.0,85.031578,239706,0.2068,hold,,,0.0,,,0,0.0
2025-04-28,98975053,59144099,False,False,,544.606873,0,0.0,hold,,,0.0,,,0,0.0,26.767344,0,0.0,hold,,,0.0,,,0,0.0,309.070007,62510,0.1952,hold,,,0.0,,,0,0.0,85.567268,239706,0.2072,hold,,,0.0,,,0,0.0
2025-04-29,98958871,59144099,False,False,,548.037598,0,0.0,hold,,,0.0,,,0,0.0,27.289562,0,0.0,hold,,,0.0,,,0,0.0,306.059998,62510,0.1933,hold,,,0.0,,,0,0.0,86.284706,239706,0.209,hold,,,0.0,,,0,0.0
2025-04-30,98648339,59144099,False,False,,548.255066,0,0.0,hold,,,0.0,,,0,0.0,27.294537,0,0.0,hold,,,0.0,,,0,0.0,303.769989,62510,0.1925,hold,,,0.0,,,0,0.0,85.586418,239706,0.208,hold,,,0.0,,,0,0.0
2025-05-01,98149875,59144099,True,False,,552.140503,0,0.0,hold,,,0.0,,,0,0.0,28.234526,0,0.0,hold,,,0.0,,,0,0.0,297.459991,62510,0.1894,hold,,,0.0,,,0,0.0,85.152443,239706,0.208,hold,,,0.0,,,0,0.0
2025-05-02,97961437,59144099,False,False,,560.336548,0,0.0,hold,,,0.0,,,0,0.0,29.557476,0,0.0,hold,,,0.0,,,0,0.0,297.980011,62510,0.1901,hold,,,0.0,,,0,0.0,84.230713,239706,0.2061,hold,,,0.0,,,0,0.0
2025-05-05,98405006,59144099,False,False,,557.123352,0,0.0,hold,,,0.0,,,0,0.0,29.045206,0,0.0,hold,,,0.0,,,0,0.0,306.880005,62510,0.1949,hold,,,0.0,,,0,0.0,83.760262,239706,0.204,hold,,,0.0,,,0,0.0
2025-05-06,99009333,59144099,False,False,,552.466736,0,0.0,hold,,,0.0,,,0,0.0,28.219604,0,0.0,hold,,,0.0,,,0,0.0,315.480011,62510,0.1992,hold,,,0.0,,,0,0.0,84.038689,239706,0.2035,hold,,,0.0,,,0,0.0
2025-05-07,98798814,59144099,False,False,,554.790161,0,0.0,hold,,,0.0,,,0,0.0,28.547857,0,0.0,hold,,,0.0,,,0,0.0,310.75,62510,0.1966,hold,,,0.0,,,0,0.0,84.393936,239706,0.2048,hold,,,0.0,,,0,0.0
2025-05-08,98190712,59144099,False,False,,558.655823,0,0.0,hold,,,0.0,,,0,0.0,29.398325,0,0.0,hold,,,0.0,,,0,0.0,304.630005,62510,0.1939,hold,,,0.0,,,0,0.0,83.453026,239706,0.2037,hold,,,0.0,,,0,0.0
2025-05-09,98358781,59144099,False,False,,557.94397,0,0.0,hold,,,0.0,,,0,0.0,29.328695,0,0.0,hold,,,0.0,,,0,0.0,306.839996,62510,0.195,hold,,,0.0,,,0,0.0,83.577858,239706,0.2037,hold,,,0.0,,,0,0.0
2025-05-12,97631650,59144099,False,False,,576.38269,0,0.0,hold,,,0.0,,,0,0.0,32.879768,0,0.0,hold,,,0.0,,,0,0.0,298.190002,62510,0.1909,hold,,,0.0,,,0,0.0,82.800156,239706,0.2033,hold,,,0.0,,,0,0.0
2025-05-13,97630485,59144099,False,False,,580.189026,0,0.0,hold,,,0.0,,,0,0.0,34.386738,0,0.0,hold,,,0.0,,,0,0.0,299.459991,62510,0.1917,hold,,,0.0,,,0,0.0,82.464111,239706,0.2025,hold,,,0.0,,,0,0.0
2025-05-14,97105491,59144099,False,False,,580.930542,0,0.0,hold,,,0.0,,,0,0.0,34.993504,0,0.0,hold,,,0.0,,,0,0.0,293.160004,62510,0.1887,hold,,,0.0,,,0,0.0,81.916847,239706,0.2022,hold,,,0.0,,,0,0.0
2025-05-15,97570646,59144099,False,False,,583.767944,0,0.0,buy,ENTER_TO_TARGET,signal_buy+rebalance,29271194.0,,,0,0.0,35.102921,0,0.0,buy,ENTER_TO_TARGET,signal_buy+rebalance,29271194.0,,,0,0.0,297.839996,62510,0.1908,hold,INCREASE_TO_TARGET,rebalance 2025-05-15,896151.0,,,0,0.0,82.636932,239706,0.203,hold,REDUCE_TO_TARGET,rebalance 2025-05-15,-294439.0,,,0,0.0
2025-05-16,97511907,74,False,True,daily,587.465515,49925,0.3008,hold,,,0.0,ENTER_TO_TARGET,buy,49925,584.548938,35.535614,825177,0.3007,hold,,,0.0,ENTER_TO_TARGET,buy,825177,35.366517,294.23999,65563,0.1978,hold,,,0.0,INCREASE_TO_TARGET,buy,3053,292.619995,82.857773,236166,0.2007,hold,,,0.0,REDUCE_TO_TARGET,sell,3540,83.154822
2025-05-19,97813762,74,False,False,,588.108154,49925,0.3002,hold,,,0.0,,,0,0.0,35.630112,825177,0.3006,hold,,,0.0,,,0,0.0,298.029999,65563,0.1998,hold,,,0.0,,,0,0.0,82.617729,236166,0.1995,hold,,,0.0,,,0,0.0
2025-05-20,97630543,74,False,False,,586.130859,49925,0.2997,hold,,,0.0,,,0,0.0,35.257103,825177,0.298,hold,,,0.0,,,0,0.0,303.579987,65563,0.2039,hold,,,0.0,,,0,0.0,82.022476,236166,0.1984,hold,,,0.0,,,0,0.0
2025-05-21,95742569,74,False,False,,576.254089,49925,0.3005,hold,,,0.0,,,0,0.0,33.789917,825177,0.2912,hold,,,0.0,,,0,0.0,305.820007,65563,0.2094,hold,,,0.0,,,0,0.0,80.620705,236166,0.1989,hold,,,0.0,,,0,0.0
2025-05-22,95819655,74,False,False,,576.481506,49925,0.3004,hold,,,0.0,,,0,0.0,33.963993,825177,0.2925,hold,,,0.0,,,0,0.0,303.109985,65563,0.2074,hold,,,0.0,,,0,0.0,81.043144,236166,0.1997,hold,,,0.0,,,0,0.0
2025-05-23,95281796,74,False,False,,572.54657,49925,0.3,hold,,,0.0,,,0,0.0,32.984211,825177,0.2857,hold,,,0.0,,,0,0.0,309.75,65563,0.2131,hold,,,0.0,,,0,0.0,81.177574,236166,0.2012,hold,,,0.0,,,0,0.0
2025-05-27,97695491,74,False,False,,584.450195,49925,0.2987,hold,,,0.0,,,0,0.0,35.281967,825177,0.298,hold,,,0.0,,,0,0.0,304.5,65563,0.2043,hold,,,0.0,,,0,0.0,82.310493,236166,0.199,hold,,,0.0,,,0,0.0
2025-05-28,97024079,74,False,False,,581.068909,49925,0.299,hold,,,0.0,,,0,0.0,34.82938,825177,0.2962,hold,,,0.0,,,0,0.0,303.809998,65563,0.2053,hold,,,0.0,,,0,0.0,81.955238,236166,0.1995,hold,,,0.0,,,0,0.0
2025-05-29,97575275,74,False,False,,583.36261,49925,0.2985,hold,,,0.0,,,0,0.0,34.998478,825177,0.296,hold,,,0.0,,,0,0.0,305.609985,65563,0.2053,hold,,,0.0,,,0,0.0,82.713753,236166,0.2002,hold,,,0.0,,,0,0.0
2025-05-30,97288548,74,False,False,,582.710144,49925,0.299,hold,,,0.0,,,0,0.0,34.814461,825177,0.2953,hold,,,0.0,,,0,0.0,303.600006,65563,0.2046,hold,,,0.0,,,0,0.0,82.838554,236166,0.2011,hold,,,0.0,,,0,0.0
2025-06-02,98460181,74,True,False,,585.992432,49925,0.2971,hold,,,0.0,,,0,0.0,35.615192,825177,0.2985,hold,,,0.0,,,0,0.0,311.670013,65563,0.2075,hold,,,0.0,,,0,0.0,82.067596,236166,0.1968,hold,,,0.0,,,0,0.0
2025-06-03,99097295,74,False,False,,589.334106,49925,0.2969,hold,,,0.0,,,0,0.0,36.445766,825177,0.3035,hold,,,0.0,,,0,0.0,308.910004,65563,0.2044,hold,,,0.0,,,0,0.0,81.923058,236166,0.1952,hold,,,0.0,,,0,0.0
2025-06-04,99776074,74,False,False,,589.175903,49925,0.2948,hold,,,0.0,,,0,0.0,36.739201,825177,0.3038,hold,,,0.0,,,0,0.0,310.899994,65563,0.2043,hold,,,0.0,,,0,0.0,83.252937,236166,0.1971,hold,,,0.0,,,0,0.0
2025-06-05,98838753,74,False,False,,586.328552,49925,0.2962,hold,,,0.0,,,0,0.0,35.883762,825177,0.2996,hold,,,0.0,,,0,0.0,309.329987,65563,0.2052,hold,,,0.0,,,0,0.0,83.31076,236166,0.1991,hold,,,0.0,,,0,0.0
2025-06-06,99462341,74,False,False,,592.349548,49925,0.2973,hold,,,0.0,,,0,0.0,36.908298,825177,0.3062,hold,,,0.0,,,0,0.0,305.179993,65563,0.2012,hold,,,0.0,,,0,0.0,82.25071,236166,0.1953,hold,,,0.0,,,0,0.0
2025-06-09,99739326,74,False,False,,592.883484,49925,0.2968,hold,,,0.0,,,0,0.0,37.072426,825177,0.3067,hold,,,0.0,,,0,0.0,306.619995,65563,0.2016,hold,,,0.0,,,0,0.0,82.33744,236166,0.195,hold,,,0.0,,,0,0.0
2025-06-10,100604157,74,False,False,,596.244873,49925,0.2959,hold,,,0.0,,,0,0.0,37.788609,825177,0.31,hold,,,0.0,,,0,0.0,306.709991,65563,0.1999,hold,,,0.0,,,0,0.0,82.761444,236166,0.1943,hold,,,0.0,,,0,0.0
2025-06-11,100367155,74,False,False,,594.544434,49925,0.2957,hold,,,0.0,,,0,0.0,37.400669,825177,0.3075,hold,,,0.0,,,0,0.0,308.369995,65563,0.2014,hold,,,0.0,,,0,0.0,83.012016,236166,0.1953,hold,,,0.0,,,0,0.0
2025-06-12,101171751,74,False,False,,596.907349,49925,0.2946,hold,,,0.0,,,0,0.0,37.644375,825177,0.307,hold,,,0.0,,,0,0.0,312.200012,65563,0.2023,hold,,,0.0,,,0,0.0,84.004623,236166,0.1961,hold,,,0.0,,,0,0.0
2025-06-13,99741809,74,False,False,,590.233826,49925,0.2954,hold,,,0.0,,,0,0.0,36.221958,825177,0.2997,hold,,,0.0,,,0,0.0,316.290009,65563,0.2079,hold,,,0.0,,,0,0.0,83.195137,236166,0.197,hold,,,0.0,,,0,0.0
2025-06-16,100747365,74,False,False,,595.849426,49925,0.2953,hold,,,0.0,,,0,0.0,37.699089,825177,0.3088,hold,,,0.0,,,0,0.0,311.779999,65563,0.2029,hold,,,0.0,,,0,0.0,82.356712,236166,0.1931,hold,,,0.0,,,0,0.0
2025-06-17,99821050,74,False,False,,590.757874,49925,0.2955,hold,,,0.0,,,0,0.0,36.585022,825177,0.3024,hold,,,0.0,,,0,0.0,311.940002,65563,0.2049,hold,,,0.0,,,0,0.0,83.35894,236166,0.1972,hold,,,0.0,,,0,0.0
2025-06-18,99699555,74,False,False,,590.668823,49925,0.2958,hold,,,0.0,,,0,0.0,36.535286,825177,0.3024,hold,,,0.0,,,0,0.0,310.26001,65563,0.204,hold,,,0.0,,,0,0.0,83.503487,236166,0.1978,hold,,,0.0,,,0,0.0
2025-06-20,99170859,74,False,False,,589.281616,49925,0.2967,hold,,,0.0,,,0,0.0,36.032963,825177,0.2998,hold,,,0.0,,,0,0.0,310.130005,65563,0.205,hold,,,0.0,,,0,0.0,83.349312,236166,0.1985,hold,,,0.0,,,0,0.0
2025-06-23,100510865,74,False,False,,595.102234,49925,0.2956,hold,,,0.0,,,0,0.0,37.152,825177,0.305,hold,,,0.0,,,0,0.0,311.079987,65563,0.2029,hold,,,0.0,,,0,0.0,83.619141,236166,0.1965,hold,,,0.0,,,0,0.0
2025-06-24,102057226,74,False,False,,601.676453,49925,0.2943,hold,,,0.0,,,0,0.0,38.842987,825177,0.3141,hold,,,0.0,,,0,0.0,306.190002,65563,0.1967,hold,,,0.0,,,0,0.0,84.226265,236166,0.1949,hold,,,0.0,,,0,0.0
2025-06-25,102406173,74,False,False,,602.013611,49925,0.2935,hold,,,0.0,,,0,0.0,39.141235,825177,0.3154,hold,,,0.0,,,0,0.0,307.119995,65563,0.1966,hold,,,0.0,,,0,0.0,84.332268,236166,0.1945,hold,,,0.0,,,0,0.0
2025-06-26,103604004,74,False,False,,606.723694,49925,0.2924,hold,,,0.0,,,0,0.0,40.213531,825177,0.3203,hold,,,0.0,,,0,0.0,306.779999,65563,0.1941,hold,,,0.0,,,0,0.0,84.756279,236166,0.1932,hold,,,0.0,,,0,0.0
2025-06-27,103587647,74,False,False,,609.738098,49925,0.2939,hold,,,0.0,,,0,0.0,40.607536,825177,0.3235,hold,,,0.0,,,0,0.0,301.220001,65563,0.1906,hold,,,0.0,,,0,0.0,84.216637,236166,0.192,hold,,,0.0,,,0,0.0
2025-06-30,104815844,74,False,False,,612.653381,49925,0.2918,hold,,,0.0,,,0,0.0,41.395546,825177,0.3259,hold,,,0.0,,,0,0.0,304.829987,65563,0.1907,hold,,,0.0,,,0,0.0,85.045387,236166,0.1916,hold,,,0.0,,,0,0.0
2025-07-01,104165711,74,True,False,,612.455078,49925,0.2935,hold,,,0.0,,,0,0.0,40.343204,825177,0.3196,hold,,,0.0,,,0,0.0,307.549988,65563,0.1936,hold,,,0.0,,,0,0.0,85.256271,236166,0.1933,hold,,,0.0,,,0,0.0
2025-07-02,104950450,74,False,False,,615.231506,49925,0.2927,hold,,,0.0,,,0,0.0,41.146179,825177,0.3235,hold,,,0.0,,,0,0.0,309.25,65563,0.1932,hold,,,0.0,,,0,0.0,84.714584,236166,0.1906,hold,,,0.0,,,0,0.0
2025-07-03,105865524,74,False,False,,620.080383,49925,0.2924,hold,,,0.0,,,0,0.0,42.298267,825177,0.3297,hold,,,0.0,,,0,0.0,307.140015,65563,0.1902,hold,,,0.0,,,0,0.0,84.12455,236166,0.1877,hold,,,0.0,,,0,0.0
2025-07-07,104682478,74,False,False,,615.459595,49925,0.2935,hold,,,0.0,,,0,0.0,41.355648,825177,0.326,hold,,,0.0,,,0,0.0,307.369995,65563,0.1925,hold,,,0.0,,,0,0.0,83.321709,236166,0.188,hold,,,0.0,,,0,0.0
2025-07-08,104475327,74,False,False,,615.122437,49925,0.2939,hold,,,0.0,,,0,0.0,41.410511,825177,0.3271,hold,,,0.0,,,0,0.0,304.160004,65563,0.1909,hold,,,0.0,,,0,0.0,83.215286,236166,0.1881,hold,,,0.0,,,0,0.0
2025-07-09,105662113,74,False,False,,618.811096,49925,0.2924,hold,,,0.0,,,0,0.0,42.268349,825177,0.3301,hold,,,0.0,,,0,0.0,305.519989,65563,0.1896,hold,,,0.0,,,0,0.0,84.085846,236166,0.1879,hold,,,0.0,,,0,0.0
2025-07-10,105647024,74,False,False,,620.556335,49925,0.2933,hold,,,0.0,,,0,0.0,42.073833,825177,0.3286,hold,,,0.0,,,0,0.0,306.200012,65563,0.19,hold,,,0.0,,,0,0.0,84.143883,236166,0.1881,hold,,,0.0,,,0,0.0
2025-07-11,105193354,74,False,False,,618.374817,49925,0.2935,hold,,,0.0,,,0,0.0,41.754642,825177,0.3275,hold,,,0.0,,,0,0.0,309.140015,65563,0.1927,hold,,,0.0,,,0,0.0,82.983154,236166,0.1863,hold,,,0.0,,,0,0.0
2025-07-14,105503333,74,False,False,,619.554749,49925,0.2932,hold,,,0.0,,,0,0.0,42.198521,825177,0.33,hold,,,0.0,,,0,0.0,308.01001,65563,0.1914,hold,,,0.0,,,0,0.0,82.809036,236166,0.1854,hold,,,0.0,,,0,0.0
2025-07-15,105240717,74,False,False,,616.907288,49925,0.2927,hold,,,0.0,,,0,0.0,42.308247,825177,0.3317,hold,,,0.0,,,0,0.0,306.730011,65563,0.1911,hold,,,0.0,,,0,0.0,82.228661,236166,0.1845,hold,,,0.0,,,0,0.0
2025-07-16,105570179,74,False,False,,618.969727,49925,0.2927,hold,,,0.0,,,0,0.0,42.427944,825177,0.3316,hold,,,0.0,,,0,0.0,308.26001,65563,0.1914,hold,,,0.0,,,0,0.0,82.344734,236166,0.1842,hold,,,0.0,,,0,0.0
2025-07-17,106525661,74,False,False,,622.757568,49925,0.2919,hold,,,0.0,,,0,0.0,43.415451,825177,0.3363,hold,,,0.0,,,0,0.0,307.589996,65563,0.1893,hold,,,0.0,,,0,0.0,82.325401,236166,0.1825,hold,,,0.0,,,0,0.0
2025-07-18,106461579,74,False,False,,622.301514,49925,0.2918,hold,,,0.0,,,0,0.0,43.265831,825177,0.3354,hold,,,0.0,,,0,0.0,308.390015,65563,0.1899,hold,,,0.0,,,0,0.0,82.451149,236166,0.1829,hold,,,0.0,,,0,0.0
2025-07-21,107548117,74,False,False,,623.481506,49925,0.2894,hold,,,0.0,,,0,0.0,43.924168,825177,0.337,hold,,,0.0,,,0,0.0,313.130005,65563,0.1909,hold,,,0.0,,,0,0.0,83.186287,236166,0.1827,hold,,,0.0,,,0,0.0
2025-07-22,107302257,74,False,False,,623.57074,49925,0.2901,hold,,,0.0,,,0,0.0,43.240891,825177,0.3325,hold,,,0.0,,,0,0.0,316.100006,65563,0.1931,hold,,,0.0,,,0,0.0,83.68927,236166,0.1842,hold,,,0.0,,,0,0.0
2025-07-23,107669619,74,False,False,,628.875793,49925,0.2916,hold,,,0.0,,,0,0.0,43.809452,825177,0.3358,hold,,,0.0,,,0,0.0,312.179993,65563,0.1901,hold,,,0.0,,,0,0.0,83.224983,236166,0.1825,hold,,,0.0,,,0,0.0
2025-07-24,107759217,74,False,False,,629.083984,49925,0.2915,hold,,,0.0,,,0,0.0,44.098724,825177,0.3377,hold,,,0.0,,,0,0.0,310.269989,65563,0.1888,hold,,,0.0,,,0,0.0,83.079872,236166,0.1821,hold,,,0.0,,,0,0.0
2025-07-25,108032857,74,False,False,,631.741394,49925,0.2919,hold,,,0.0,,,0,0.0,44.348095,825177,0.3387,hold,,,0.0,,,0,0.0,307.399994,65563,0.1866,hold,,,0.0,,,0,0.0,83.602211,236166,0.1828,hold,,,0.0,,,0,0.0
2025-07-28,108124594,74,False,False,,631.582764,49925,0.2916,hold,,,0.0,,,0,0.0,44.782005,825177,0.3418,hold,,,0.0,,,0,0.0,305.410004,65563,0.1852,hold,,,0.0,,,0,0.0,83.060532,236166,0.1814,hold,,,0.0,,,0,0.0
2025-07-29,108259000,74,False,False,,629.916931,49925,0.2905,hold,,,0.0,,,0,0.0,44.577518,825177,0.3398,hold,,,0.0,,,0,0.0,306.25,65563,0.1855,hold,,,0.0,,,0,0.0,84.463097,236166,0.1843,hold,,,0.0,,,0,0.0
2025-07-30,107897351,74,False,False,,629.123657,49925,0.2911,hold,,,0.0,,,0,0.0,44.732128,825177,0.3421,hold,,,0.0,,,0,0.0,300.959991,65563,0.1829,hold,,,0.0,,,0,0.0,84.027824,236166,0.1839,hold,,,0.0,,,0,0.0
2025-07-31,107312982,74,False,False,,626.763672,49925,0.2916,hold,,,0.0,,,0,0.0,43.993992,825177,0.3383,hold,,,0.0,,,0,0.0,302.959991,65563,0.1851,hold,,,0.0,,,0,0.0,84.07618,236166,0.185,hold,,,0.0,,,0,0.0
2025-08-01,105308502,74,True,False,,616.490784,49925,0.2923,hold,,,0.0,,,0,0.0,41.355648,825177,0.3241,hold,,,0.0,,,0,0.0,309.109985,65563,0.1924,hold,,,0.0,,,0,0.0,85.271454,236166,0.1912,hold,,,0.0,,,0,0.0
2025-08-04,107817813,74,False,False,,625.861267,49925,0.2898,hold,,,0.0,,,0,0.0,43.619934,825177,0.3338,hold,,,0.0,,,0,0.0,310.910004,65563,0.1891,hold,,,0.0,,,0,0.0,85.504501,236166,0.1873,hold,,,0.0,,,0,0.0
2025-08-05,106988680,74,False,False,,622.688232,49925,0.2906,hold,,,0.0,,,0,0.0,42.712223,825177,0.3294,hold,,,0.0,,,0,0.0,311.160004,65563,0.1907,hold,,,0.0,,,0,0.0,85.766655,236166,0.1893,hold,,,0.0,,,0,0.0
2025-08-06,108383535,74,False,False,,627.457764,49925,0.289,hold,,,0.0,,,0,0.0,44.308193,825177,0.3373,hold,,,0.0,,,0,0.0,310.5,65563,0.1878,hold,,,0.0,,,0,0.0,85.271454,236166,0.1858,hold,,,0.0,,,0,0.0
2025-08-07,108865073,74,False,False,,626.93219,49925,0.2875,hold,,,0.0,,,0,0.0,44.757065,825177,0.3393,hold,,,0.0,,,0,0.0,313.119995,65563,0.1886,hold,,,0.0,,,0,0.0,85.125809,236166,0.1847,hold,,,0.0,,,0,0.0
2025-08-08,110013359,74,False,False,,631.820801,49925,0.2867,hold,,,0.0,,,0,0.0,45.96402,825177,0.3448,hold,,,0.0,,,0,0.0,313.049988,65563,0.1866,hold,,,0.0,,,0,0.0,84.756836,236166,0.1819,hold,,,0.0,,,0,0.0
2025-08-11,109345525,74,False,False,,630.57135,49925,0.2879,hold,,,0.0,,,0,0.0,45.56004,825177,0.3438,hold,,,0.0,,,0,0.0,308.549988,65563,0.185,hold,,,0.0,,,0,0.0,84.853943,236166,0.1833,hold,,,0.0,,,0,0.0
2025-08-12,110948349,74,False,False,,637.284485,49925,0.2868,hold,,,0.0,,,0,0.0,47.240803,825177,0.3514,hold,,,0.0,,,0,0.0,308.269989,65563,0.1822,hold,,,0.0,,,0,0.0,84.426704,236166,0.1797,hold,,,0.0,,,0,0.0
2025-08-13,111341606,74,False,False,,639.465942,49925,0.2867,hold,,,0.0,,,0,0.0,47.310623,825177,0.3506,hold,,,0.0,,,0,0.0,309.209991,65563,0.1821,hold,,,0.0,,,0,0.0,85.125809,236166,0.1806,hold,,,0.0,,,0,0.0
2025-08-14,110960015,74,False,False,,639.525452,49925,0.2877,hold,,,0.0,,,0,0.0,47.18095,825177,0.3509,hold,,,0.0,,,0,0.0,307.25,65563,0.1815,hold,,,0.0,,,0,0.0,84.494659,236166,0.1798,hold,,,0.0,,,0,0.0
2025-08-15,110203417,74,False,False,,638.028137,49925,0.289,hold,,,0.0,,,0,0.0,46.512638,825177,0.3483,hold,,,0.0,,,0,0.0,307.429993,65563,0.1829,hold,,,0.0,,,0,0.0,83.89267,236166,0.1798,hold,,,0.0,,,0,0.0
2025-08-18,110058297,74,False,False,,637.889282,49925,0.2894,hold,,,0.0,,,0,0.0,46.452785,825177,0.3483,hold,,,0.0,,,0,0.0,306.950012,65563,0.1829,hold,,,0.0,,,0,0.0,83.649918,236166,0.1795,hold,,,0.0,,,0,0.0
2025-08-19,108326146,74,False,False,,634.42865,49925,0.2924,hold,,,0.0,,,0,0.0,44.557568,825177,0.3394,hold,,,0.0,,,0,0.0,305.269989,65563,0.1848,hold,,,0.0,,,0,0.0,84.135414,236166,0.1834,hold,,,0.0,,,0,0.0
2025-08-20,107817315,74,False,False,,632.74292,49925,0.293,hold,,,0.0,,,0,0.0,43.744621,825177,0.3348,hold,,,0.0,,,0,0.0,308.359985,65563,0.1875,hold,,,0.0,,,0,0.0,84.319885,236166,0.1847,hold,,,0.0,,,0,0.0
2025-08-21,107019739,74,False,False,,630.204468,49925,0.294,hold,,,0.0,,,0,0.0,43.136154,825177,0.3326,hold,,,0.0,,,0,0.0,307.290009,65563,0.1883,hold,,,0.0,,,0,0.0,83.902382,236166,0.1852,hold,,,0.0,,,0,0.0
2025-08-22,109466300,74,False,False,,639.882385,49925,0.2918,hold,,,0.0,,,0,0.0,45.07626,825177,0.3398,hold,,,0.0,,,0,0.0,310.579987,65563,0.186,hold,,,0.0,,,0,0.0,84.523804,236166,0.1824,hold,,,0.0,,,0,0.0
2025-08-25,108894079,74,False,False,,637.066223,49925,0.2921,hold,,,0.0,,,0,0.0,44.682255,825177,0.3386,hold,,,0.0,,,0,0.0,309.829987,65563,0.1865,hold,,,0.0,,,0,0.0,84.281059,236166,0.1828,hold,,,0.0,,,0,0.0
2025-08-26,109591313,74,False,False,,639.733643,49925,0.2914,hold,,,0.0,,,0,0.0,45.200947,825177,0.3403,hold,,,0.0,,,0,0.0,312.079987,65563,0.1867,hold,,,0.0,,,0,0.0,84.232506,236166,0.1815,hold,,,0.0,,,0,0.0
2025-08-27,109851195,74,False,False,,641.191284,49925,0.2914,hold,,,0.0,,,0,0.0,45.40543,825177,0.3411,hold,,,0.0,,,0,0.0,312.709991,65563,0.1866,hold,,,0.0,,,0,0.0,84.135414,236166,0.1809,hold,,,0.0,,,0,0.0
2025-08-28,110930544,74,False,False,,643.461975,49925,0.2896,hold,,,0.0,,,0,0.0,46.233337,825177,0.3439,hold,,,0.0,,,0,0.0,315.029999,65563,0.1862,hold,,,0.0,,,0,0.0,84.688873,236166,0.1803,hold,,,0.0,,,0,0.0
2025-08-29,109421522,74,False,False,,639.624573,49925,0.2918,hold,,,0.0,,,0,0.0,44.567543,825177,0.3361,hold,,,0.0,,,0,0.0,318.070007,65563,0.1906,hold,,,0.0,,,0,0.0,84.086853,236166,0.1815,hold,,,0.0,,,0,0.0
2025-09-02,108591809,74,True,False,,634.884766,49925,0.2919,hold,INCREASE_TO_TARGET,rebalance 2025-09-02,880921.0,,,0,0.0,43.430412,825177,0.33,hold,REDUCE_TO_TARGET,rebalance 2025-09-02,-3260234.0,,,0,0.0,325.589996,65563,0.1966,hold,INCREASE_TO_TARGET,rebalance 2025-09-02,371705.0,,,0,0.0,83.461121,236166,0.1815,hold,INCREASE_TO_TARGET,rebalance 2025-09-02,2007683.0,,,0,0.0
2025-09-03,109965839,381,False,True,monthly,638.325623,51303,0.2978,hold,,,0.0,INCREASE_TO_TARGET,buy,1378,637.264615,44.44286,751284,0.3036,hold,,,0.0,REDUCE_TO_TARGET,sell,73893,44.120579,328.140015,66693,0.199,hold,,,0.0,INCREASE_TO_TARGET,buy,1130,327.76001,84.377319,260065,0.1995,hold,,,0.0,INCREASE_TO_TARGET,buy,23899,83.75353
2025-09-04,111213126,381,False,False,,643.660278,51303,0.2969,hold,,,0.0,,,0,0.0,45.644821,751284,0.3083,hold,,,0.0,,,0,0.0,326.690002,66693,0.1959,hold,,,0.0,,,0,0.0,85.020599,260065,0.1988,hold,,,0.0,,,0,0.0
2025-09-05,111857809,381,False,False,,641.796143,51303,0.2944,hold,,,0.0,,,0,0.0,45.794449,751284,0.3076,hold,,,0.0,,,0,0.0,331.049988,66693,0.1974,hold,,,0.0,,,0,0.0,86.31691,260065,0.2007,hold,,,0.0,,,0,0.0
2025-09-08,112980081,381,False,False,,643.372742,51303,0.2921,hold,,,0.0,,,0,0.0,46.447796,751284,0.3089,hold,,,0.0,,,0,0.0,334.820007,66693,0.1976,hold,,,0.0,,,0,0.0,87.467026,260065,0.2013,hold,,,0.0,,,0,0.0
2025-09-09,113161201,381,False,False,,644.860168,51303,0.2924,hold,,,0.0,,,0,0.0,46.826843,751284,0.3109,hold,,,0.0,,,0,0.0,334.059998,66693,0.1969,hold,,,0.0,,,0,0.0,86.96994,260065,0.1999,hold,,,0.0,,,0,0.0
2025-09-10,113503616,381,False,False,,646.724365,51303,0.2923,hold,,,0.0,,,0,0.0,46.876717,751284,0.3103,hold,,,0.0,,,0,0.0,335.26001,66693,0.197,hold,,,0.0,,,0,0.0,87.467026,260065,0.2004,hold,,,0.0,,,0,0.0
2025-09-11,114490098,381,False,False,,652.098816,51303,0.2922,hold,,,0.0,,,0,0.0,47.664726,751284,0.3128,hold,,,0.0,,,0,0.0,334.76001,66693,0.195,hold,,,0.0,,,0,0.0,88.051819,260065,0.2,hold,,,0.0,,,0,0.0
2025-09-12,114869959,381,False,False,,651.880554,51303,0.2911,hold,,,0.0,,,0,0.0,48.258236,751284,0.3156,hold,,,0.0,,,0,0.0,335.420013,66693,0.1947,hold,,,0.0,,,0,0.0,87.671707,260065,0.1985,hold,,,0.0,,,0,0.0
2025-09-15,116259494,381,False,False,,655.351135,51303,0.2892,hold,,,0.0,,,0,0.0,49.490124,751284,0.3198,hold,,,0.0,,,0,0.0,338.910004,66693,0.1944,hold,,,0.0,,,0,0.0,87.876381,260065,0.1966,hold,,,0.0,,,0,0.0
2025-09-16,116205546,381,False,False,,654.448792,51303,0.2889,hold,,,0.0,,,0,0.0,49.355465,751284,0.3191,hold,,,0.0,,,0,0.0,339.589996,66693,0.1949,hold,,,0.0,,,0,0.0,88.061569,260065,0.1971,hold,,,0.0,,,0,0.0
2025-09-17,115694743,381,False,False,,653.635742,51303,0.2898,hold,,,0.0,,,0,0.0,49.041256,751284,0.3185,hold,,,0.0,,,0,0.0,336.970001,66693,0.1942,hold,,,0.0,,,0,0.0,87.83741,260065,0.1974,hold,,,0.0,,,0,0.0
2025-09-18,116518601,381,False,False,,656.68988,51303,0.2891,hold,,,0.0,,,0,0.0,50.362923,751284,0.3247,hold,,,0.0,,,0,0.0,335.619995,66693,0.1921,hold,,,0.0,,,0,0.0,86.930946,260065,0.194,hold,,,0.0,,,0,0.0
2025-09-19,117629189,381,False,False,,659.942322,51303,0.2878,hold,,,0.0,,,0,0.0,51.360405,751284,0.328,hold,,,0.0,,,0,0.0,339.179993,66693,0.1923,hold,,,0.0,,,0,0.0,86.765251,260065,0.1918,hold,,,0.0,,,0,0.0
2025-09-22,118751717,381,False,False,,663.064575,51303,0.2865,hold,,,0.0,,,0,0.0,52.228214,751284,0.3304,hold,,,0.0,,,0,0.0,345.049988,66693,0.1938,hold,,,0.0,,,0,0.0,86.453362,260065,0.1893,hold,,,0.0,,,0,0.0
2025-09-23,118027125,381,False,False,,659.455139,51303,0.2866,hold,,,0.0,,,0,0.0,51.175869,751284,0.3258,hold,,,0.0,,,0,0.0,346.459991,66693,0.1958,hold,,,0.0,,,0,0.0,87.057655,260065,0.1918,hold,,,0.0,,,0,0.0
2025-09-24,117210579,381,False,False,,657.356995,51303,0.2877,hold,,,0.0,,,0,0.0,50.625732,751284,0.3245,hold,,,0.0,,,0,0.0,343.320007,66693,0.1953,hold,,,0.0,,,0,0.0,86.726273,260065,0.1924,hold,,,0.0,,,0,0.0
2025-09-25,116640286,381,False,False,,654.32428,51303,0.2878,hold,,,0.0,,,0,0.0,49.946793,751284,0.3217,hold,,,0.0,,,0,0.0,344.75,66693,0.1971,hold,,,0.0,,,0,0.0,86.726273,260065,0.1934,hold,,,0.0,,,0,0.0
2025-09-26,117395109,381,False,False,,658.072998,51303,0.2876,hold,,,0.0,,,0,0.0,50.545853,751284,0.3235,hold,,,0.0,,,0,0.0,346.73999,66693,0.197,hold,,,0.0,,,0,0.0,86.648293,260065,0.192,hold,,,0.0,,,0,0.0
2025-09-29,118562840,381,False,False,,659.922424,51303,0.2856,hold,,,0.0,,,0,0.0,51.219799,751284,0.3246,hold,,,0.0,,,0,0.0,352.459991,66693,0.1983,hold,,,0.0,,,0,0.0,87.35981,260065,0.1916,hold,,,0.0,,,0,0.0
2025-09-30,119125259,381,False,False,,662.408264,51303,0.2853,hold,,,0.0,,,0,0.0,51.619175,751284,0.3255,hold,,,0.0,,,0,0.0,355.470001,66693,0.199,hold,,,0.0,,,0,0.0,87.1064,260065,0.1902,hold,,,0.0,,,0,0.0
2025-10-01,119884489,381,True,False,,664.665405,51303,0.2844,hold,,,0.0,,,0,0.0,52.348034,751284,0.3281,hold,,,0.0,,,0,0.0,356.029999,66693,0.1981,hold,,,0.0,,,0,0.0,87.33136,260065,0.1894,hold,,,0.0,,,0,0.0
2025-10-02,120387267,381,False,False,,665.430969,51303,0.2836,hold,,,0.0,,,0,0.0,52.98703,751284,0.3307,hold,,,0.0,,,0,0.0,354.790009,66693,0.1965,hold,,,0.0,,,0,0.0,87.585655,260065,0.1892,hold,,,0.0,,,0,0.0
2025-10-03,119993514,381,False,False,,665.421143,51303,0.2845,hold,,,0.0,,,0,0.0,52.268154,751284,0.3273,hold,,,0.0,,,0,0.0,357.640015,66693,0.1988,hold,,,0.0,,,0,0.0,87.419373,260065,0.1895,hold,,,0.0,,,0,0.0
2025-10-06,121262488,381,False,False,,667.807495,51303,0.2825,hold,,,0.0,,,0,0.0,53.436329,751284,0.3311,hold,,,0.0,,,0,0.0,364.380005,66693,0.2004,hold,,,0.0,,,0,0.0,86.724953,260065,0.186,hold,,,0.0,,,0,0.0
2025-10-07,120741729,381,False,False,,665.331604,51303,0.2827,hold,,,0.0,,,0,0.0,52.572681,751284,0.3271,hold,,,0.0,,,0,0.0,366.26001,66693,0.2023,hold,,,0.0,,,0,0.0,87.223763,260065,0.1879,hold,,,0.0,,,0,0.0
2025-10-08,122704841,381,False,False,,669.299011,51303,0.2798,hold,,,0.0,,,0,0.0,54.354889,751284,0.3328,hold,,,0.0,,,0,0.0,372.299988,66693,0.2024,hold,,,0.0,,,0,0.0,87.292221,260065,0.185,hold,,,0.0,,,0,0.0
2025-10-09,121968108,381,False,False,,667.360046,51303,0.2807,hold,,,0.0,,,0,0.0,54.140224,751284,0.3335,hold,,,0.0,,,0,0.0,365.429993,66693,0.1998,hold,,,0.0,,,0,0.0,87.223763,260065,0.186,hold,,,0.0,,,0,0.0
2025-10-10,117387001,381,False,False,,649.322754,51303,0.2838,hold,,,0.0,,,0,0.0,48.459122,751284,0.3101,hold,,,0.0,,,0,0.0,369.119995,66693,0.2097,hold,,,0.0,,,0,0.0,88.632195,260065,0.1964,hold,,,0.0,,,0,0.0
2025-10-13,120793996,381,False,False,,659.286011,51303,0.28,hold,,,0.0,,,0,0.0,51.534309,751284,0.3205,hold,,,0.0,,,0,0.0,378.089996,66693,0.2088,hold,,,0.0,,,0,0.0,88.583267,260065,0.1907,hold,,,0.0,,,0,0.0
2025-10-14,120218897,381,False,False,,658.480591,51303,0.281,hold,,,0.0,,,0,0.0,50.485947,751284,0.3155,hold,,,0.0,,,0,0.0,380.790009,66693,0.2112,hold,,,0.0,,,0,0.0,88.866913,260065,0.1922,hold,,,0.0,,,0,0.0
2025-10-15,121534537,381,False,False,,661.403931,51303,0.2792,hold,,,0.0,,,0,0.0,51.519329,751284,0.3185,hold,,,0.0,,,0,0.0,387.390015,66693,0.2126,hold,,,0.0,,,0,0.0,88.671295,260065,0.1897,hold,,,0.0,,,0,0.0
2025-10-16,121649345,381,False,False,,656.899597,51303,0.277,hold,,,0.0,,,0,0.0,50.945232,751284,0.3146,hold,,,0.0,,,0,0.0,396.450012,66693,0.2173,hold,,,0.0,,,0,0.0,89.33638,260065,0.191,hold,,,0.0,,,0,0.0
2025-10-17,122035106,381,False,False,,660.628418,51303,0.2777,hold,,,0.0,,,0,0.0,51.913712,751284,0.3196,hold,,,0.0,,,0,0.0,388.98999,66693,0.2126,hold,,,0.0,,,0,0.0,89.199448,260065,0.1901,hold,,,0.0,,,0,0.0
2025-10-20,124883714,381,False,False,,667.499268,51303,0.2742,hold,,,0.0,,,0,0.0,53.860664,751284,0.324,hold,,,0.0,,,0,0.0,403.149994,66693,0.2153,hold,,,0.0,,,0,0.0,89.541771,260065,0.1865,hold,,,0.0,,,0,0.0
2025-10-21,123224642,381,False,False,,667.489319,51303,0.2779,hold,,,0.0,,,0,0.0,53.800755,751284,0.328,hold,,,0.0,,,0,0.0,377.23999,66693,0.2042,hold,,,0.0,,,0,0.0,89.981903,260065,0.1899,hold,,,0.0,,,0,0.0
2025-10-22,121875618,381,False,False,,664.019104,51303,0.2795,hold,,,0.0,,,0,0.0,52.218235,751284,0.3219,hold,,,0.0,,,0,0.0,377.279999,66693,0.2065,hold,,,0.0,,,0,0.0,90.040588,260065,0.1921,hold,,,0.0,,,0,0.0
2025-10-23,123000729,381,False,False,,667.956665,51303,0.2786,hold,,,0.0,,,0,0.0,53.526188,751284,0.3269,hold,,,0.0,,,0,0.0,378.790009,66693,0.2054,hold,,,0.0,,,0,0.0,89.4244,260065,0.1891,hold,,,0.0,,,0,0.0
2025-10-24,124458948,381,False,False,,673.415588,51303,0.2776,hold,,,0.0,,,0,0.0,55.193577,751284,0.3332,hold,,,0.0,,,0,0.0,377.519989,66693,0.2023,hold,,,0.0,,,0,0.0,89.463539,260065,0.1869,hold,,,0.0,,,0,0.0
2025-10-27,126446016,381,False,False,,681.360352,51303,0.2764,hold,,,0.0,,,0,0.0,58.123989,751284,0.3453,hold,,,0.0,,,0,0.0,367.01001,66693,0.1936,hold,,,0.0,,,0,0.0,89.766724,260065,0.1846,hold,,,0.0,,,0,0.0
2025-10-28,127422145,381,False,False,,683.170044,51303,0.2751,hold,,,0.0,,,0,0.0,59.451908,751284,0.3505,hold,,,0.0,,,0,0.0,364.380005,66693,0.1907,hold,,,0.0,,,0,0.0,90.001457,260065,0.1837,hold,,,0.0,,,0,0.0
2025-10-29,127680476,381,False,False,,683.49823,51303,0.2746,hold,,,0.0,,,0,0.0,60.21072,751284,0.3543,hold,,,0.0,,,0,0.0,363.0,66693,0.1896,hold,,,0.0,,,0,0.0,89.091866,260065,0.1815,hold,,,0.0,,,0,0.0
2025-10-30,125565225,381,False,False,,675.981018,51303,0.2762,hold,,,0.0,,,0,0.0,57.455032,751284,0.3438,hold,,,0.0,,,0,0.0,370.130005,66693,0.1966,hold,,,0.0,,,0,0.0,88.573486,260065,0.1834,hold,,,0.0,,,0,0.0
2025-10-31,126087592,381,False,False,,678.198303,51303,0.2759,hold,,,0.0,,,0,0.0,58.268761,751284,0.3472,hold,,,0.0,,,0,0.0,368.119995,66693,0.1947,hold,,,0.0,,,0,0.0,88.309418,260065,0.1821,hold,,,0.0,,,0,0.0
2025-11-03,126739560,381,True,False,,679.47113,51303,0.275,hold,INCREASE_TO_TARGET,rebalance 2025-11-03,3162961.0,,,0,0.0,59.067513,751284,0.3501,hold,REDUCE_TO_TARGET,rebalance 2025-11-03,-6354609.0,,,0,0.0,368.779999,66693,0.1941,hold,INCREASE_TO_TARGET,rebalance 2025-11-03,752868.0,,,0,0.0,88.088554,260065,0.1808,hold,INCREASE_TO_TARGET,rebalance 2025-11-03,2439162.0,,,0,0.0
2025-11-04,123319129,584,False,True,monthly,671.416992,55993,0.3049,hold,,,0.0,INCREASE_TO_TARGET,buy,4690,672.282062,55.453171,638657,0.2872,hold,,,0.0,REDUCE_TO_TARGET,sell,112627,56.421614,362.320007,68758,0.202,hold,,,0.0,INCREASE_TO_TARGET,buy,2065,363.480011,88.284874,287659,0.2059,hold,,,0.0,INCREASE_TO_TARGET,buy,27594,88.127815
2025-11-05,124149458,584,False,False,,673.743713,55993,0.3039,hold,,,0.0,,,0,0.0,56.531483,638657,0.2908,hold,,,0.0,,,0,0.0,366.51001,68758,0.203,hold,,,0.0,,,0,0.0,87.322906,287659,0.2023,hold,,,0.0,,,0,0.0
2025-11-06,121915769,584,False,False,,666.514893,55993,0.3061,hold,,,0.0,,,0,0.0,53.361446,638657,0.2795,hold,,,0.0,,,0,0.0,366.070007,68758,0.2065,hold,,,0.0,,,0,0.0,88.108192,287659,0.2079,hold,,,0.0,,,0,0.0
2025-11-07,121698976,584,False,False,,667.171082,55993,0.307,hold,,,0.0,,,0,0.0,52.807312,638657,0.2771,hold,,,0.0,,,0,0.0,368.309998,68758,0.2081,hold,,,0.0,,,0,0.0,87.921684,287659,0.2078,hold,,,0.0,,,0,0.0
2025-11-10,125178140,584,False,False,,677.581848,55993,0.3031,hold,,,0.0,,,0,0.0,56.266895,638657,0.2871,hold,,,0.0,,,0,0.0,378.380005,68758,0.2078,hold,,,0.0,,,0,0.0,87.902054,287659,0.202,hold,,,0.0,,,0,0.0
2025-11-11,125186700,584,False,False,,679.132996,55993,0.3038,hold,,,0.0,,,0,0.0,55.802624,638657,0.2847,hold,,,0.0,,,0,0.0,379.869995,68758,0.2086,hold,,,0.0,,,0,0.0,88.304504,287659,0.2029,hold,,,0.0,,,0,0.0
2025-11-12,125600512,584,False,False,,679.510925,55993,0.3029,hold,,,0.0,,,0,0.0,55.687805,638657,0.2832,hold,,,0.0,,,0,0.0,385.98999,68758,0.2113,hold,,,0.0,,,0,0.0,88.461571,287659,0.2026,hold,,,0.0,,,0,0.0
2025-11-13,122348934,584,False,False,,668.235107,55993,0.3058,hold,,,0.0,,,0,0.0,52.248192,638657,0.2727,hold,,,0.0,,,0,0.0,382.869995,68758,0.2152,hold,,,0.0,,,0,0.0,87.735176,287659,0.2063,hold,,,0.0,,,0,0.0
2025-11-14,121749186,584,False,False,,668.125671,55993,0.3073,hold,,,0.0,,,0,0.0,52.288124,638657,0.2743,hold,,,0.0,,,0,0.0,375.959991,68758,0.2123,hold,,,0.0,,,0,0.0,87.234566,287659,0.2061,hold,,,0.0,,,0,0.0
2025-11-17,120308781,584,False,False,,661.901123,55993,0.3081,hold,,,0.0,,,0,0.0,50.945232,638657,0.2704,hold,,,0.0,,,0,0.0,371.649994,68758,0.2124,hold,,,0.0,,,0,0.0,87.450516,287659,0.2091,hold,,,0.0,,,0,0.0
2025-11-18,118998247,584,False,False,,656.342773,55993,0.3088,hold,,,0.0,,,0,0.0,49.103115,638657,0.2635,hold,,,0.0,,,0,0.0,374.350006,68758,0.2163,hold,,,0.0,,,0,0.0,87.421066,287659,0.2113,hold,,,0.0,,,0,0.0
2025-11-19,119670160,584,False,False,,658.878357,55993,0.3083,hold,,,0.0,,,0,0.0,49.946793,638657,0.2666,hold,,,0.0,,,0,0.0,374.959991,68758,0.2154,hold,,,0.0,,,0,0.0,87.244385,287659,0.2097,hold,,,0.0,,,0,0.0
2025-11-20,116919467,584,False,False,,648.835571,55993,0.3107,hold,,,0.0,,,0,0.0,46.37738,638657,0.2533,hold,,,0.0,,,0,0.0,374.850006,68758,0.2204,hold,,,0.0,,,0,0.0,87.587936,287659,0.2155,hold,,,0.0,,,0,0.0
2025-11-21,117974508,584,False,False,,655.298767,55993,0.311,hold,,,0.0,,,0,0.0,47.405769,638657,0.2566,hold,,,0.0,,,0,0.0,374.269989,68758,0.2181,hold,,,0.0,,,0,0.0,87.852974,287659,0.2142,hold,,,0.0,,,0,0.0
2025-11-24,121361879,584,False,False,,664.943787,55993,0.3068,hold,,,0.0,,,0,0.0,51.000145,638657,0.2684,hold,,,0.0,,,0,0.0,380.200012,68758,0.2154,hold,,,0.0,,,0,0.0,88.353592,287659,0.2094,hold,,,0.0,,,0,0.0
2025-11-25,122361795,584,False,False,,671.198242,55993,0.3071,hold,,,0.0,,,0,0.0,51.928688,638657,0.271,hold,,,0.0,,,0,0.0,380.079987,68758,0.2136,hold,,,0.0,,,0,0.0,88.579353,287659,0.2082,hold,,,0.0,,,0,0.0
2025-11-26,123810432,584,False,False,,675.831848,55993,0.3056,hold,,,0.0,,,0,0.0,53.28656,638657,0.2749,hold,,,0.0,,,0,0.0,383.119995,68758,0.2128,hold,,,0.0,,,0,0.0,88.972,287659,0.2067,hold,,,0.0,,,0,0.0
2025-11-28,124968921,584,False,False,,679.520813,55993,0.3045,hold,,,0.0,,,0,0.0,54.454735,638657,0.2783,hold,,,0.0,,,0,0.0,387.880005,68758,0.2134,hold,,,0.0,,,0,0.0,88.549904,287659,0.2038,hold,,,0.0,,,0,0.0
2025-12-01,124294238,584,True,False,,676.418457,55993,0.3047,hold,,,0.0,,,0,0.0,53.9655,638657,0.2773,hold,,,0.0,,,0,0.0,389.75,68758,0.2156,hold,,,0.0,,,0,0.0,87.447571,287659,0.2024,hold,,,0.0,,,0,0.0
2025-12-02,125000217,584,False,False,,677.671387,55993,0.3036,hold,,,0.0,,,0,0.0,55.213547,638657,0.2821,hold,,,0.0,,,0,0.0,387.23999,68758,0.213,hold,,,0.0,,,0,0.0,87.486969,287659,0.2013,hold,,,0.0,,,0,0.0
2025-12-03,125426389,584,False,False,,680.018005,55993,0.3036,hold,,,0.0,,,0,0.0,55.602936,638657,0.2831,hold,,,0.0,,,0,0.0,386.880005,68758,0.2121,hold,,,0.0,,,0,0.0,87.733246,287659,0.2012,hold,,,0.0,,,0,0.0
2025-12-04,125220615,584,False,False,,680.515137,55993,0.3043,hold,,,0.0,,,0,0.0,55.423214,638657,0.2827,hold,,,0.0,,,0,0.0,387.130005,68758,0.2126,hold,,,0.0,,,0,0.0,87.260399,287659,0.2005,hold,,,0.0,,,0,0.0
2025-12-05,125537475,584,False,False,,681.8078,55993,0.3041,hold,,,0.0,,,0,0.0,56.062218,638657,0.2852,hold,,,0.0,,,0,0.0,386.440002,68758,0.2117,hold,,,0.0,,,0,0.0,86.856514,287659,0.199,hold,,,0.0,,,0,0.0
2025-12-08,125047288,584,False,False,,679.75946,55993,0.3044,hold,,,0.0,,,0,0.0,55.712765,638657,0.2845,hold,,,0.0,,,0,0.0,385.420013,68758,0.2119,hold,,,0.0,,,0,0.0,86.570824,287659,0.1991,hold,,,0.0,,,0,0.0
2025-12-09,125309993,584,False,False,,679.172791,55993,0.3035,hold,,,0.0,,,0,0.0,55.922436,638657,0.285,hold,,,0.0,,,0,0.0,387.399994,68758,0.2126,hold,,,0.0,,,0,0.0,86.659492,287659,0.1989,hold,,,0.0,,,0,0.0
2025-12-10,126180103,584,False,False,,683.677185,55993,0.3034,hold,,,0.0,,,0,0.0,56.561436,638657,0.2863,hold,,,0.0,,,0,0.0,389.049988,68758,0.212,hold,,,0.0,,,0,0.0,86.994415,287659,0.1983,hold,,,0.0,,,0,0.0
2025-12-11,126178941,584,False,False,,685.268066,55993,0.3041,hold,,,0.0,,,0,0.0,56.022282,638657,0.2836,hold,,,0.0,,,0,0.0,393.23999,68758,0.2143,hold,,,0.0,,,0,0.0,86.876213,287659,0.1981,hold,,,0.0,,,0,0.0
2025-12-12,123578887,584,False,False,,677.900085,55993,0.3072,hold,,,0.0,,,0,0.0,52.737423,638657,0.2725,hold,,,0.0,,,0,0.0,395.440002,68758,0.22,hold,,,0.0,,,0,0.0,86.038872,287659,0.2003,hold,,,0.0,,,0,0.0
2025-12-15,123053167,584,False,False,,676.875854,55993,0.308,hold,,,0.0,,,0,0.0,51.938675,638657,0.2696,hold,,,0.0,,,0,0.0,395.799988,68758,0.2212,hold,,,0.0,,,0,0.0,86.097984,287659,0.2013,hold,,,0.0,,,0,0.0
2025-12-16,123289494,584,False,False,,675.026428,55993,0.3066,hold,,,0.0,,,0,0.0,52.248192,638657,0.2707,hold,,,0.0,,,0,0.0,395.890015,68758,0.2208,hold,,,0.0,,,0,0.0,86.570824,287659,0.202,hold,,,0.0,,,0,0.0
2025-12-17,121216362,584,False,False,,667.598694,55993,0.3084,hold,,,0.0,,,0,0.0,49.322769,638657,0.2599,hold,,,0.0,,,0,0.0,399.290009,68758,0.2265,hold,,,0.0,,,0,0.0,86.492027,287659,0.2053,hold,,,0.0,,,0,0.0
2025-12-18,122913607,584,False,False,,672.639954,55993,0.3064,hold,,,0.0,,,0,0.0,51.42947,638657,0.2672,hold,,,0.0,,,0,0.0,398.570007,68758,0.223,hold,,,0.0,,,0,0.0,86.905769,287659,0.2034,hold,,,0.0,,,0,0.0
2025-12-19,124474293,584,False,False,,678.736389,55993,0.3053,hold,,,0.0,,,0,0.0,53.436329,638657,0.2742,hold,,,0.0,,,0,0.0,399.019989,68758,0.2204,hold,,,0.0,,,0,0.0,86.581406,287659,0.2001,hold,,,0.0,,,0,0.0
2025-12-22,125755758,584,False,False,,682.964844,55993,0.3041,hold,,,0.0,,,0,0.0,54.165188,638657,0.2751,hold,,,0.0,,,0,0.0,408.230011,68758,0.2232,hold,,,0.0,,,0,0.0,86.393501,287659,0.1976,hold,,,0.0,,,0,0.0
2025-12-23,126826961,584,False,False,,686.086304,55993,0.3029,hold,,,0.0,,,0,0.0,54.923996,638657,0.2766,hold,,,0.0,,,0,0.0,413.640015,68758,0.2243,hold,,,0.0,,,0,0.0,86.531944,287659,0.1963,hold,,,0.0,,,0,0.0
2025-12-24,127273748,584,False,False,,688.499695,55993,0.3029,hold,,,0.0,,,0,0.0,55.360001,638657,0.2778,hold,,,0.0,,,0,0.0,411.929993,68758,0.2225,hold,,,0.0,,,0,0.0,87.056084,287659,0.1968,hold,,,0.0,,,0,0.0
2025-12-26,127486134,584,False,False,,688.429871,55993,0.3024,hold,,,0.0,,,0,0.0,55.310001,638657,0.2771,hold,,,0.0,,,0,0.0,416.73999,68758,0.2248,hold,,,0.0,,,0,0.0,86.769295,287659,0.1958,hold,,,0.0,,,0,0.0
2025-12-29,125671675,584,False,False,,685.976562,55993,0.3056,hold,,,0.0,,,0,0.0,54.490002,638657,0.2769,hold,,,0.0,,,0,0.0,398.600006,68758,0.2181,hold,,,0.0,,,0,0.0,87.095642,287659,0.1994,hold,,,0.0,,,0,0.0
2025-12-30,125335896,584,False,False,,685.138916,55993,0.3061,hold,,,0.0,,,0,0.0,54.099998,638657,0.2757,hold,,,0.0,,,0,0.0,398.890015,68758,0.2188,hold,,,0.0,,,0,0.0,86.88797,287659,0.1994,hold,,,0.0,,,0,0.0
2025-12-31,123793791,584,False,False,,680.062744,55993,0.3076,hold,,,0.0,,,0,0.0,52.720001,638657,0.272,hold,,,0.0,,,0,0.0,396.309998,68758,0.2201,hold,,,0.0,,,0,0.0,86.195717,287659,0.2003,hold,,,0.0,,,0,0.0
2026-01-02,123725757,584,True,False,,681.309326,55993,0.3083,hold,REDUCE_TO_TARGET,rebalance 2026-01-02,-1030826.0,,,0,0.0,52.349998,638657,0.2702,hold,INCREASE_TO_TARGET,rebalance 2026-01-02,3684034.0,,,0,0.0,398.279999,68758,0.2213,hold,REDUCE_TO_TARGET,rebalance 2026-01-02,-2639785.0,,,0,0.0,86.067154,287659,0.2001,hold,REDUCE_TO_TARGET,rebalance 2026-01-02,-12840.0,,,0,0.0
2026-01-05,125557873,3,False,True,monthly,685.846924,54483,0.2976,hold,,,0.0,REDUCE_TO_TARGET,sell,1510,682.616135,53.599998,706735,0.3017,hold,,,0.0,INCREASE_TO_TARGET,buy,68078,53.950001,408.76001,62243,0.2026,hold,,,0.0,REDUCE_TO_TARGET,sell,6515,405.170845,86.492393,287510,0.1981,hold,,,0.0,REDUCE_TO_TARGET,sell,149,85.956846
2026-01-06,127000531,3,False,False,,689.925781,54483,0.296,hold,,,0.0,,,0,0.0,55.009998,706735,0.3061,hold,,,0.0,,,0,0.0,413.179993,62243,0.2025,hold,,,0.0,,,0,0.0,86.314384,287510,0.1954,hold,,,0.0,,,0,0.0
2026-01-07,126891594,3,False,False,,687.701904,54483,0.2953,hold,,,0.0,,,0,0.0,55.169998,706735,0.3073,hold,,,0.0,,,0,0.0,409.230011,62243,0.2007,hold,,,0.0,,,0,0.0,86.818741,287510,0.1967,hold,,,0.0,,,0,0.0
2026-01-08,126210755,3,False,False,,687.63208,54483,0.2968,hold,,,0.0,,,0,0.0,54.189999,706735,0.3034,hold,,,0.0,,,0,0.0,411.48999,62243,0.2029,hold,,,0.0,,,0,0.0,86.383614,287510,0.1968,hold,,,0.0,,,0,0.0
2026-01-09,127918488,3,False,False,,692.179626,54483,0.2948,hold,,,0.0,,,0,0.0,55.759998,706735,0.3081,hold,,,0.0,,,0,0.0,414.470001,62243,0.2017,hold,,,0.0,,,0,0.0,86.957199,287510,0.1954,hold,,,0.0,,,0,0.0
2026-01-12,128478668,3,False,False,,693.266663,54483,0.294,hold,,,0.0,,,0,0.0,55.889999,706735,0.3074,hold,,,0.0,,,0,0.0,422.230011,62243,0.2046,hold,,,0.0,,,0,0.0,86.700066,287510,0.194,hold,,,0.0,,,0,0.0
2026-01-13,128203496,3,False,False,,691.880493,54483,0.294,hold,,,0.0,,,0,0.0,55.599998,706735,0.3065,hold,,,0.0,,,0,0.0,421.630005,62243,0.2047,hold,,,0.0,,,0,0.0,86.848412,287510,0.1948,hold,,,0.0,,,0,0.0
2026-01-14,127180571,3,False,False,,688.479736,54483,0.2949,hold,,,0.0,,,0,0.0,53.830002,706735,0.2991,hold,,,0.0,,,0,0.0,425.940002,62243,0.2085,hold,,,0.0,,,0,0.0,87.352776,287510,0.1975,hold,,,0.0,,,0,0.0
2026-01-15,127503281,3,False,False,,690.354614,54483,0.295,hold,,,0.0,,,0,0.0,54.380001,706735,0.3014,hold,,,0.0,,,0,0.0,423.329987,62243,0.2067,hold,,,0.0,,,0,0.0,87.332993,287510,0.1969,hold,,,0.0,,,0,0.0
2026-01-16,127030166,3,False,False,,689.776184,54483,0.2958,hold,,,0.0,,,0,0.0,54.139999,706735,0.3012,hold,,,0.0,,,0,0.0,421.290009,62243,0.2064,hold,,,0.0,,,0,0.0,86.828636,287510,0.1965,hold,,,0.0,,,0,0.0
2026-01-20,124520346,3,False,False,,675.734558,54483,0.2957,hold,,,0.0,,,0,0.0,50.73,706735,0.2879,hold,,,0.0,,,0,0.0,437.230011,62243,0.2186,hold,,,0.0,,,0,0.0,85.69136,287510,0.1979,hold,,,0.0,,,0,0.0
2026-01-21,126942857,3,False,False,,683.533264,54483,0.2934,hold,,,0.0,,,0,0.0,52.73,706735,0.2936,hold,,,0.0,,,0,0.0,443.600006,62243,0.2175,hold,,,0.0,,,0,0.0,86.344055,287510,0.1956,hold,,,0.0,,,0,0.0
2026-01-22,128582071,3,False,False,,687.103516,54483,0.2911,hold,,,0.0,,,0,0.0,53.900002,706735,0.2963,hold,,,0.0,,,0,0.0,451.790009,62243,0.2187,hold,,,0.0,,,0,0.0,86.719849,287510,0.1939,hold,,,0.0,,,0,0.0
2026-01-23,129389653,3,False,False,,687.352783,54483,0.2894,hold,,,0.0,,,0,0.0,54.380001,706735,0.297,hold,,,0.0,,,0,0.0,458.0,62243,0.2203,hold,,,0.0,,,0,0.0,86.957199,287510,0.1932,hold,,,0.0,,,0,0.0
2026-01-26,130610984,3,False,False,,690.843262,54483,0.2882,hold,,,0.0,,,0,0.0,55.080002,706735,0.298,hold,,,0.0,,,0,0.0,464.700012,62243,0.2215,hold,,,0.0,,,0,0.0,87.372543,287510,0.1923,hold,,,0.0,,,0,0.0
2026-01-27,132345973,3,False,False,,693.595764,54483,0.2855,hold,,,0.0,,,0,0.0,56.540001,706735,0.3019,hold,,,0.0,,,0,0.0,476.100006,62243,0.2239,hold,,,0.0,,,0,0.0,86.828636,287510,0.1886,hold,,,0.0,,,0,0.0
2026-01-28,133801809,3,False,False,,693.52594,54483,0.2824,hold,,,0.0,,,0,0.0,57.060001,706735,0.3014,hold,,,0.0,,,0,0.0,494.559998,62243,0.2301,hold,,,0.0,,,0,0.0,86.630844,287510,0.1862,hold,,,0.0,,,0,0.0
2026-01-29,133095049,3,False,False,,692.149719,54483,0.2833,hold,,,0.0,,,0,0.0,56.040001,706735,0.2976,hold,,,0.0,,,0,0.0,495.899994,62243,0.2319,hold,,,0.0,,,0,0.0,86.65062,287510,0.1872,hold,,,0.0,,,0,0.0
2026-01-30,128230233,3,False,False,,690.085327,54483,0.2932,hold,,,0.0,,,0,0.0,54.0,706735,0.2976,hold,,,0.0,,,0,0.0,444.950012,62243,0.216,hold,,,0.0,,,0,0.0,86.166039,287510,0.1932,hold,,,0.0,,,0,0.0
2026-02-02,128014602,3,True,False,,693.515991,54483,0.2952,hold,,,0.0,,,0,0.0,55.099998,706735,0.3042,hold,,,0.0,,,0,0.0,427.130005,62243,0.2077,hold,,,0.0,,,0,0.0,85.919853,287510,0.193,hold,,,0.0,,,0,0.0
2026-02-03,127622199,3,False,False,,687.652039,54483,0.2936,hold,,,0.0,,,0,0.0,52.52,706735,0.2908,hold,,,0.0,,,0,0.0,454.290009,62243,0.2216,hold,,,0.0,,,0,0.0,86.128326,287510,0.194,hold,,,0.0,,,0,0.0
2026-02-04,125407418,3,False,False,,684.321106,54483,0.2973,hold,,,0.0,,,0,0.0,49.759998,706735,0.2804,hold,,,0.0,,,0,0.0,453.970001,62243,0.2253,hold,,,0.0,,,0,0.0,85.90992,287510,0.197,hold,,,0.0,,,0,0.0
2026-02-05,122959269,3,False,False,,675.774475,54483,0.2994,hold,,,0.0,,,0,0.0,47.639999,706735,0.2738,hold,,,0.0,,,0,0.0,441.880005,62243,0.2237,hold,,,0.0,,,0,0.0,86.843079,287510,0.2031,hold,,,0.0,,,0,0.0
2026-02-06,126612869,3,False,False,,688.739014,54483,0.2964,hold,,,0.0,,,0,0.0,50.59,706735,0.2824,hold,,,0.0,,,0,0.0,455.459991,62243,0.2239,hold,,,0.0,,,0,0.0,86.902641,287510,0.1973,hold,,,0.0,,,0,0.0
2026-02-09,128320998,3,False,False,,692.059998,54483,0.2938,hold,,,0.0,,,0,0.0,51.740002,706735,0.285,hold,,,0.0,,,0,0.0,467.029999,62243,0.2265,hold,,,0.0,,,0,0.0,86.88279,287510,0.1947,hold,,,0.0,,,0,0.0
2026-02-10,127712797,3,False,False,,690.234924,54483,0.2945,hold,,,0.0,,,0,0.0,51.02,706735,0.2823,hold,,,0.0,,,0,0.0,462.399994,62243,0.2254,hold,,,0.0,,,0,0.0,87.885437,287510,0.1978,hold,,,0.0,,,0,0.0
2026-02-11,128164053,3,False,False,,690.075439,54483,0.2934,hold,,,0.0,,,0,0.0,51.400002,706735,0.2834,hold,,,0.0,,,0,0.0,467.630005,62243,0.2271,hold,,,0.0,,,0,0.0,87.418854,287510,0.1961,hold,,,0.0,,,0,0.0
2026-02-12,124687180,3,False,False,,679.414551,54483,0.2969,hold,,,0.0,,,0,0.0,48.259998,706735,0.2735,hold,,,0.0,,,0,0.0,451.390015,62243,0.2253,hold,,,0.0,,,0,0.0,88.580345,287510,0.2043,hold,,,0.0,,,0,0.0
2026-02-13,125700514,3,False,False,,679.893188,54483,0.2947,hold,,,0.0,,,0,0.0,48.470001,706735,0.2725,hold,,,0.0,,,0,0.0,462.619995,62243,0.2291,hold,,,0.0,,,0,0.0,89.066772,287510,0.2037,hold,,,0.0,,,0,0.0
2026-02-17,124820741,3,False,False,,680.990173,54483,0.2972,hold,,,0.0,,,0,0.0,48.349998,706735,0.2738,hold,,,0.0,,,0,0.0,448.200012,62243,0.2235,hold,,,0.0,,,0,0.0,89.215683,287510,0.2055,hold,,,0.0,,,0,0.0
2026-02-18,126273026,3,False,False,,684.420837,54483,0.2953,hold,,,0.0,,,0,0.0,49.389999,706735,0.2764,hold,,,0.0,,,0,0.0,458.279999,62243,0.2259,hold,,,0.0,,,0,0.0,88.878159,287510,0.2024,hold,,,0.0,,,0,0.0
2026-02-19,125884268,3,False,False,,682.615723,54483,0.2954,hold,,,0.0,,,0,0.0,48.830002,706735,0.2741,hold,,,0.0,,,0,0.0,459.559998,62243,0.2272,hold,,,0.0,,,0,0.0,88.967506,287510,0.2032,hold,,,0.0,,,0,0.0
2026-02-20,127526494,3,False,False,,687.552307,54483,0.2937,hold,,,0.0,,,0,0.0,50.060001,706735,0.2774,hold,,,0.0,,,0,0.0,468.619995,62243,0.2287,hold,,,0.0,,,0,0.0,88.759033,287510,0.2001,hold,,,0.0,,,0,0.0
2026-02-23,126739905,3,False,False,,680.531494,54483,0.2925,hold,,,0.0,,,0,0.0,48.240002,706735,0.269,hold,,,0.0,,,0,0.0,481.279999,62243,0.2364,hold,,,0.0,,,0,0.0,89.086624,287510,0.2021,hold,,,0.0,,,0,0.0
2026-02-24,127728275,3,False,False,,685.477905,54483,0.2924,hold,,,0.0,,,0,0.0,49.779999,706735,0.2754,hold,,,0.0,,,0,0.0,474.609985,62243,0.2313,hold,,,0.0,,,0,0.0,89.245461,287510,0.2009,hold,,,0.0,,,0,0.0
2026-02-25,129449286,3,False,False,,691.262207,54483,0.2909,hold,,,0.0,,,0,0.0,51.869999,706735,0.2832,hold,,,0.0,,,0,0.0,473.420013,62243,0.2276,hold,,,0.0,,,0,0.0,89.255394,287510,0.1982,hold,,,0.0,,,0,0.0
2026-02-26,128309289,3,False,False,,687.422607,54483,0.2919,hold,,,0.0,,,0,0.0,50.049999,706735,0.2757,hold,,,0.0,,,0,0.0,477.480011,62243,0.2316,hold,,,0.0,,,0,0.0,89.612762,287510,0.2008,hold,,,0.0,,,0,0.0
2026-02-27,128302116,3,False,False,,684.121643,54483,0.2905,hold,,,0.0,,,0,0.0,49.52,706735,0.2728,hold,,,0.0,,,0,0.0,483.75,62243,0.2347,hold,,,0.0,,,0,0.0,90.15876,287510,0.202,hold,,,0.0,,,0,0.0
2026-03-02,128579235,3,True,False,,684.51062,54483,0.29,hold,INCREASE_TO_TARGET,rebalance 2026-03-02,1279578.0,,,0,0.0,49.700001,706735,0.2732,hold,INCREASE_TO_TARGET,rebalance 2026-03-02,3449040.0,,,0,0.0,490.0,62243,0.2372,hold,REDUCE_TO_TARGET,rebalance 2026-03-02,-4783223.0,,,0,0.0,89.25338,287510,0.1996,hold,INCREASE_TO_TARGET,rebalance 2026-03-02,54608.0,,,0,0.0
2026-03-03,125831438,432,False,True,monthly,678.477112,56377,0.304,hold,,,0.0,INCREASE_TO_TARGET,buy,1894,673.221445,48.099998,780196,0.2982,hold,,,0.0,INCREASE_TO_TARGET,buy,73461,46.810001,468.140015,52097,0.1938,hold,,,0.0,REDUCE_TO_TARGET,sell,10146,471.411497,89.074097,288124,0.204,hold,,,0.0,INCREASE_TO_TARGET,buy,614,88.625891
2026-03-04,127896851,432,False,False,,683.263977,56377,0.3012,hold,,,0.0,,,0,0.0,50.259998,780196,0.3066,hold,,,0.0,,,0,0.0,471.799988,52097,0.1922,hold,,,0.0,,,0,0.0,88.795212,288124,0.2,hold,,,0.0,,,0,0.0
2026-03-05,126924489,432,False,False,,679.454407,56377,0.3018,hold,,,0.0,,,0,0.0,49.799999,780196,0.3061,hold,,,0.0,,,0,0.0,466.130005,52097,0.1913,hold,,,0.0,,,0,0.0,88.436646,288124,0.2008,hold,,,0.0,,,0,0.0
2026-03-06,124948943,432,False,False,,670.548706,56377,0.3026,hold,,,0.0,,,0,0.0,47.540001,780196,0.2968,hold,,,0.0,,,0,0.0,473.51001,52097,0.1974,hold,,,0.0,,,0,0.0,88.107956,288124,0.2032,hold,,,0.0,,,0,0.0
2026-03-09,126893381,432,False,False,,676.422729,56377,0.3005,hold,,,0.0,,,0,0.0,49.389999,780196,0.3037,hold,,,0.0,,,0,0.0,472.529999,52097,0.194,hold,,,0.0,,,0,0.0,88.874893,288124,0.2018,hold,,,0.0,,,0,0.0
2026-03-10,126844946,432,False,False,,675.335632,56377,0.3002,hold,,,0.0,,,0,0.0,49.400002,780196,0.3038,hold,,,0.0,,,0,0.0,477.859985,52097,0.1963,hold,,,0.0,,,0,0.0,87.928673,288124,0.1997,hold,,,0.0,,,0,0.0
2026-03-11,126346595,432,False,False,,674.487976,56377,0.301,hold,,,0.0,,,0,0.0,49.349998,780196,0.3047,hold,,,0.0,,,0,0.0,476.23999,52097,0.1964,hold,,,0.0,,,0,0.0,86.793213,288124,0.1979,hold,,,0.0,,,0,0.0
2026-03-12,123266672,432,False,False,,664.245911,56377,0.3038,hold,,,0.0,,,0,0.0,46.830002,780196,0.2964,hold,,,0.0,,,0,0.0,466.880005,52097,0.1973,hold,,,0.0,,,0,0.0,86.623886,288124,0.2025,hold,,,0.0,,,0,0.0
