{
  "strategy": "buffer_zone_tqqq",
  "n_param_combinations": 432,
  "t_observations": 6776,
  "pbo_sharpe": {
    "pbo": 0.45,
    "n_splits": 20,
    "n_blocks": 6,
    "logit_lambdas": [
      -1.279751113213015,
      2.0794415416798353,
      -0.5505330733611035,
      -3.1354942159291497,
      0.403536467201759,
      -3.0252910757955354,
      0.12981161152199072,
      -1.9672442915303046,
      -0.7035820578525247,
      -2.4924538554233835,
      1.9672442915303041,
      -0.1391128024627177,
      1.0139696455140303,
      0.04630456804168637,
      1.037803284072504,
      0.336472236621213,
      -3.1354942159291497,
      -3.195065176174482,
      2.2023792279248835,
      -2.5257286443082556
    ],
    "rank_below_median": 9,
    "metric": "sharpe"
  },
  "dsr": {
    "dsr": 0.6537625825922981,
    "sr_observed": 0.7857919213880383,
    "sr_benchmark": 0.6932032913249251,
    "z_score": 0.3954987623723683,
    "n_trials": 432,
    "t_observations": 6776
  },
  "best_is_sharpe": 0.6527
}