{
  "strategy": "buffer_zone_tqqq",
  "dynamic": {
    "n_windows": 11,
    "oos_cagr_mean": 30.022962238355092,
    "oos_cagr_std": 49.30731743062994,
    "oos_mdd_mean": -42.73963648226229,
    "oos_mdd_worst": -67.22441345302107,
    "oos_calmar_mean": 0.9674843403054155,
    "oos_calmar_std": 1.5319214000237604,
    "oos_trades_total": 18,
    "oos_win_rate_mean": 32.57575757575757,
    "wfe_calmar_mean": -161.65846217414997,
    "wfe_calmar_median": -0.40189401671979863,
    "param_ma_windows": [
      100,
      100,
      100,
      100,
      200,
      200,
      200,
      200,
      150,
      150,
      150
    ],
    "param_buy_buffers": [
      0.03,
      0.01,
      0.01,
      0.01,
      0.01,
      0.01,
      0.01,
      0.01,
      0.03,
      0.03,
      0.03
    ],
    "param_sell_buffers": [
      0.01,
      0.01,
      0.03,
      0.03,
      0.05,
      0.05,
      0.05,
      0.05,
      0.05,
      0.05,
      0.05
    ],
    "param_hold_days": [
      3,
      0,
      5,
      5,
      3,
      3,
      3,
      3,
      3,
      3,
      3
    ],
    "param_recent_months": [
      12,
      4,
      4,
      4,
      8,
      8,
      8,
      8,
      0,
      0,
      0
    ],
    "stitched_cagr": 21.678301744114293,
    "stitched_mdd": -62.08707889693916,
    "stitched_calmar": 0.34915963400531336,
    "stitched_total_return_pct": 6018.120092333143
  },
  "sell_fixed": {
    "n_windows": 11,
    "oos_cagr_mean": 28.30655686111261,
    "oos_cagr_std": 46.56375580735932,
    "oos_mdd_mean": -45.64051910989261,
    "oos_mdd_worst": -67.22441345302107,
    "oos_calmar_mean": 0.9161399690020186,
    "oos_calmar_std": 1.4204930501146222,
    "oos_trades_total": 14,
    "oos_win_rate_mean": 32.57575757575757,
    "wfe_calmar_mean": -10.200747095058667,
    "wfe_calmar_median": -0.40189401671979863,
    "param_ma_windows": [
      150,
      100,
      150,
      100,
      200,
      200,
      200,
      200,
      150,
      150,
      150
    ],
    "param_buy_buffers": [
      0.03,
      0.01,
      0.03,
      0.01,
      0.01,
      0.01,
      0.01,
      0.01,
      0.03,
      0.03,
      0.03
    ],
    "param_sell_buffers": [
      0.05,
      0.05,
      0.05,
      0.05,
      0.05,
      0.05,
      0.05,
      0.05,
      0.05,
      0.05,
      0.05
    ],
    "param_hold_days": [
      5,
      0,
      5,
      0,
      3,
      3,
      3,
      3,
      3,
      3,
      3
    ],
    "param_recent_months": [
      0,
      4,
      0,
      4,
      8,
      8,
      8,
      8,
      0,
      0,
      0
    ],
    "stitched_cagr": 20.766401396553103,
    "stitched_mdd": -70.06237499380272,
    "stitched_calmar": 0.29639876464921394,
    "stitched_total_return_pct": 5125.408752947404
  },
  "fully_fixed": {
    "n_windows": 11,
    "oos_cagr_mean": 15.929797509269571,
    "oos_cagr_std": 41.26425735261438,
    "oos_mdd_mean": -35.955106865162854,
    "oos_mdd_worst": -49.416778466719734,
    "oos_calmar_mean": 0.6231417937323335,
    "oos_calmar_std": 1.4075148366061803,
    "oos_trades_total": 29,
    "oos_win_rate_mean": 40.90909090909091,
    "wfe_calmar_mean": -2.269355600021171,
    "wfe_calmar_median": -2.2156562948004206,
    "param_ma_windows": [
      100,
      100,
      100,
      100,
      100,
      100,
      100,
      100,
      100,
      100,
      100
    ],
    "param_buy_buffers": [
      0.03,
      0.03,
      0.03,
      0.03,
      0.03,
      0.03,
      0.03,
      0.03,
      0.03,
      0.03,
      0.03
    ],
    "param_sell_buffers": [
      0.01,
      0.01,
      0.01,
      0.01,
      0.01,
      0.01,
      0.01,
      0.01,
      0.01,
      0.01,
      0.01
    ],
    "param_hold_days": [
      3,
      3,
      3,
      3,
      3,
      3,
      3,
      3,
      3,
      3,
      3
    ],
    "param_recent_months": [
      12,
      12,
      12,
      12,
      12,
      12,
      12,
      12,
      12,
      12,
      12
    ],
    "stitched_cagr": 6.973806371945668,
    "stitched_mdd": -61.09976888147657,
    "stitched_calmar": 0.11413801557046307,
    "stitched_total_return_pct": 311.0025418990421
  }
}