category,x_var,y_var,lag,n,corr,slope,intercept,max_abs_diff,mean_abs_diff,std_diff
Level,rate_pct,e_m,0,191,0.7211262285204771,0.7724833372373396,-1.6810170029359028,,,
Delta,dr_m_lag0,de_m,0,190,-0.17649885081668173,-0.4113521785760308,0.03102975958467343,,,
Delta,dr_m_lag0,sum_daily_m,0,190,-0.17655053981603538,-0.4114832899420095,0.03103492834241557,,,
Delta,dr_m_lag1,de_m,1,189,0.05051445921466113,0.11811959491078379,0.021736780524256913,,,
Delta,dr_m_lag1,sum_daily_m,1,189,0.05046682659539703,0.11801143838330483,0.021740513131605098,,,
Delta,dr_m_lag2,de_m,2,188,-0.007661812501106128,-0.018030699492553263,0.024373944521226112,,,
Delta,dr_m_lag2,sum_daily_m,2,188,-0.0076994516182863305,-0.01811977605462249,0.024379311486080395,,,
CrossValidation,de_m,sum_daily_m,,190,,,,0.0005188360956130331,0.00015358516701962938,0.00018698210869232625
