Date,equity,cash,is_month_start,rebalanced,rebalance_reason,spy_close,spy_shares,spy_weight,spy_signal_today,spy_pending_intent,spy_pending_reason,spy_pending_delta,spy_executed_intent,spy_exec_side,spy_exec_shares,spy_exec_price,qqq_close,qqq_shares,qqq_weight,qqq_signal_today,qqq_pending_intent,qqq_pending_reason,qqq_pending_delta,qqq_executed_intent,qqq_exec_side,qqq_exec_shares,qqq_exec_price,gld_close,gld_shares,gld_weight,gld_signal_today,gld_pending_intent,gld_pending_reason,gld_pending_delta,gld_executed_intent,gld_exec_side,gld_exec_shares,gld_exec_price,tlt_close,tlt_shares,tlt_weight,tlt_signal_today,tlt_pending_intent,tlt_pending_reason,tlt_pending_delta,tlt_executed_intent,tlt_exec_side,tlt_exec_shares,tlt_exec_price
2010-01-21,10000000,10000000,False,False,,83.576797,0,0.0,hold,,,0.0,,,0,0.0,39.483589,0,0.0,hold,,,0.0,,,0,0.0,107.370003,0,0.0,buy,ENTER_TO_TARGET,signal_buy+rebalance,1500000.0,,,0,0.0,57.604057,0,0.0,buy,ENTER_TO_TARGET,signal_buy+rebalance,1500000.0,,,0,0.0
2010-01-22,9992922,7000138,False,False,,81.713684,0,0.0,hold,,,0.0,,,0,0.0,38.329205,0,0.0,hold,,,0.0,,,0,0.0,107.169998,13985,0.15,hold,,,0.0,ENTER_TO_TARGET,buy,13985,106.93,57.504013,25981,0.1495,hold,,,0.0,ENTER_TO_TARGET,buy,25981,57.560265
2010-01-25,9990437,7000138,False,False,,82.13269,0,0.0,hold,,,0.0,,,0,0.0,38.459389,0,0.0,hold,,,0.0,,,0,0.0,107.480003,13985,0.1505,hold,,,0.0,,,0,0.0,57.241486,25981,0.1489,hold,,,0.0,,,0,0.0
2010-01-26,9992044,7000138,False,False,,81.788528,0,0.0,hold,,,0.0,,,0,0.0,38.494099,0,0.0,hold,,,0.0,,,0,0.0,107.559998,13985,0.1505,hold,,,0.0,,,0,0.0,57.260265,25981,0.1489,hold,,,0.0,,,0,0.0
2010-01-27,9976826,7000138,False,False,,82.177589,0,0.0,hold,,,0.0,,,0,0.0,38.797897,0,0.0,hold,,,0.0,,,0,0.0,106.529999,13985,0.1493,hold,,,0.0,,,0,0.0,57.22897,25981,0.149,hold,,,0.0,,,0,0.0
2010-01-28,9975315,7000138,False,False,,81.234833,0,0.0,hold,,,0.0,,,0,0.0,37.799744,0,0.0,hold,,,0.0,,,0,0.0,106.480003,13985,0.1493,hold,,,0.0,,,0,0.0,57.197735,25981,0.149,hold,,,0.0,,,0,0.0
2010-01-29,9981036,7000138,False,False,,80.351921,0,0.0,hold,,,0.0,,,0,0.0,37.140102,0,0.0,hold,,,0.0,,,0,0.0,105.959999,13985,0.1485,hold,,,0.0,,,0,0.0,57.697819,25981,0.1502,hold,,,0.0,,,0,0.0
2010-02-01,10000851,7000138,True,False,,81.601501,0,0.0,hold,,,0.0,,,0,0.0,37.548023,0,0.0,hold,,,0.0,,,0,0.0,108.349998,13985,0.1515,hold,,,0.0,,,0,0.0,57.17403,25981,0.1485,hold,,,0.0,,,0,0.0
2010-02-02,10015996,7000138,False,False,,82.589127,0,0.0,hold,,,0.0,,,0,0.0,37.886543,0,0.0,hold,,,0.0,,,0,0.0,109.129997,13985,0.1524,hold,,,0.0,,,0,0.0,57.337097,25981,0.1487,hold,,,0.0,,,0,0.0
2010-02-03,9992709,7000138,False,False,,82.177589,0,0.0,hold,,,0.0,,,0,0.0,38.094849,0,0.0,hold,,,0.0,,,0,0.0,108.699997,13985,0.1521,hold,,,0.0,,,0,0.0,56.672249,25981,0.1473,hold,,,0.0,,,0,0.0
2010-02-04,9955459,7000138,False,False,,79.641113,0,0.0,hold,,,0.0,,,0,0.0,36.992527,0,0.0,hold,,,0.0,,,0,0.0,104.370003,13985,0.1466,hold,,,0.0,,,0,0.0,57.569237,25981,0.1502,hold,,,0.0,,,0,0.0
2010-02-05,9963053,7000138,False,False,,79.805702,0,0.0,hold,,,0.0,,,0,0.0,37.304993,0,0.0,hold,,,0.0,,,0,0.0,104.68,13985,0.1469,hold,,,0.0,,,0,0.0,57.694664,25981,0.1505,hold,,,0.0,,,0,0.0
2010-02-08,9956057,7000138,False,False,,79.229591,0,0.0,hold,,,0.0,,,0,0.0,37.035931,0,0.0,hold,,,0.0,,,0,0.0,104.040001,13985,0.1461,hold,,,0.0,,,0,0.0,57.769901,25981,0.1508,hold,,,0.0,,,0,0.0
2010-02-09,9960224,7000138,False,False,,80.224716,0,0.0,hold,,,0.0,,,0,0.0,37.417835,0,0.0,hold,,,0.0,,,0,0.0,105.410004,13985,0.148,hold,,,0.0,,,0,0.0,57.192844,25981,0.1492,hold,,,0.0,,,0,0.0
2010-02-10,9941991,7000138,False,False,,80.067604,0,0.0,hold,,,0.0,,,0,0.0,37.339718,0,0.0,hold,,,0.0,,,0,0.0,105.120003,13985,0.1479,hold,,,0.0,,,0,0.0,56.647148,25981,0.148,hold,,,0.0,,,0,0.0
2010-02-11,9962115,7000138,False,False,,80.905594,0,0.0,hold,,,0.0,,,0,0.0,37.903893,0,0.0,hold,,,0.0,,,0,0.0,107.129997,13985,0.1504,hold,,,0.0,,,0,0.0,56.339798,25981,0.1469,hold,,,0.0,,,0,0.0
2010-02-12,9966886,7000138,False,False,,80.838249,0,0.0,hold,,,0.0,,,0,0.0,37.982002,0,0.0,hold,,,0.0,,,0,0.0,107.040001,13985,0.1502,hold,,,0.0,,,0,0.0,56.571846,25981,0.1475,hold,,,0.0,,,0,0.0
2010-02-16,10005738,7000138,False,False,,82.110252,0,0.0,hold,,,0.0,,,0,0.0,38.468071,0,0.0,hold,,,0.0,,,0,0.0,109.620003,13985,0.1532,hold,,,0.0,,,0,0.0,56.678486,25981,0.1472,hold,,,0.0,,,0,0.0
2010-02-17,9983778,7000138,False,False,,82.499329,0,0.0,buy,ENTER_TO_TARGET,signal_buy+rebalance,3494322.0,,,0,0.0,38.685047,0,0.0,hold,,,0.0,,,0,0.0,109.25,13985,0.153,hold,REDUCE_TO_TARGET,rebalance 2010-02-17,-30295.0,,,0,0.0,56.032448,25981,0.1458,hold,INCREASE_TO_TARGET,rebalance 2010-02-17,41788.0,,,0,0.0
2010-02-18,10003390,3494337,False,True,daily,82.985649,42298,0.3509,hold,,,0.0,ENTER_TO_TARGET,buy,42298,82.364621,38.928089,0,0.0,hold,,,0.0,,,0,0.0,109.980003,13708,0.1507,hold,,,0.0,REDUCE_TO_TARGET,sell,277,109.281171,55.806606,26723,0.1491,hold,,,0.0,INCREASE_TO_TARGET,buy,742,56.113958
2010-02-19,10011725,3494337,False,False,,83.157761,42298,0.3513,hold,,,0.0,,,0,0.0,38.910721,0,0.0,hold,,,0.0,,,0,0.0,109.470001,13708,0.1499,hold,,,0.0,,,0,0.0,56.1077,26723,0.1498,hold,,,0.0,,,0,0.0
2010-02-22,10000674,3494337,False,False,,83.172722,42298,0.3518,hold,,,0.0,,,0,0.0,38.832611,0,0.0,hold,,,0.0,,,0,0.0,109.07,13708,0.1495,hold,,,0.0,,,0,0.0,55.875683,26723,0.1493,hold,,,0.0,,,0,0.0
2010-02-23,9965070,3494337,False,False,,82.162598,42298,0.3487,hold,,,0.0,,,0,0.0,38.329205,0,0.0,hold,,,0.0,,,0,0.0,107.889999,13708,0.1484,hold,,,0.0,,,0,0.0,56.747486,26723,0.1522,hold,,,0.0,,,0,0.0
2010-02-24,9993459,3494337,False,False,,82.918335,42298,0.351,hold,,,0.0,,,0,0.0,38.719772,0,0.0,hold,,,0.0,,,0,0.0,107.360001,13708,0.1473,hold,,,0.0,,,0,0.0,56.885487,26723,0.1521,hold,,,0.0,,,0,0.0
2010-02-25,10010282,3494337,False,False,,82.806099,42298,0.3499,hold,,,0.0,,,0,0.0,38.711102,0,0.0,hold,,,0.0,,,0,0.0,108.309998,13708,0.1483,hold,,,0.0,,,0,0.0,57.205383,26723,0.1527,hold,,,0.0,,,0,0.0
2010-02-26,10035730,3494337,False,False,,82.858467,42298,0.3492,hold,,,0.0,,,0,0.0,38.84996,0,0.0,hold,,,0.0,,,0,0.0,109.43,13708,0.1495,hold,,,0.0,,,0,0.0,57.500244,26723,0.1531,hold,,,0.0,,,0,0.0
2010-03-01,10071453,3494337,True,False,,83.718933,42298,0.3516,hold,,,0.0,,,0,0.0,39.414139,0,0.0,hold,,,0.0,,,0,0.0,109.43,13708,0.1489,hold,,,0.0,,,0,0.0,57.47504,26723,0.1525,hold,,,0.0,,,0,0.0
2010-03-02,10101041,3494337,False,False,,83.950867,42298,0.3515,hold,,,0.0,,,0,0.0,39.535667,0,0.0,hold,,,0.0,,,0,0.0,111.019997,13708,0.1507,hold,,,0.0,,,0,0.0,57.399544,26723,0.1519,hold,,,0.0,,,0,0.0
2010-03-03,10108699,3494337,False,False,,84.025681,42298,0.3516,hold,,,0.0,,,0,0.0,39.579052,0,0.0,hold,,,0.0,,,0,0.0,111.629997,13708,0.1514,hold,,,0.0,,,0,0.0,57.254803,26723,0.1514,hold,,,0.0,,,0,0.0
2010-03-04,10116566,3494337,False,False,,84.280098,42298,0.3524,hold,,,0.0,,,0,0.0,39.709248,0,0.0,hold,,,0.0,,,0,0.0,110.830002,13708,0.1502,hold,,,0.0,,,0,0.0,57.556835,26723,0.152,hold,,,0.0,,,0,0.0
2010-03-05,10147066,3494337,False,False,,85.484741,42298,0.3563,hold,,,0.0,,,0,0.0,40.30814,0,0.0,hold,,,0.0,,,0,0.0,110.809998,13708,0.1497,hold,,,0.0,,,0,0.0,56.801712,26723,0.1496,hold,,,0.0,,,0,0.0
2010-03-08,10127047,3494337,False,False,,85.499702,42298,0.3571,hold,,,0.0,,,0,0.0,40.386265,0,0.0,hold,,,0.0,,,0,0.0,109.879997,13708,0.1487,hold,,,0.0,,,0,0.0,56.505962,26723,0.1491,hold,,,0.0,,,0,0.0
2010-03-09,10131204,3494337,False,False,,85.641846,42298,0.3576,hold,,,0.0,,,0,0.0,40.611931,0,0.0,hold,,,0.0,,,0,0.0,109.720001,13708,0.1485,hold,,,0.0,,,0,0.0,56.518574,26723,0.1491,hold,,,0.0,,,0,0.0
2010-03-10,10126344,3494337,False,False,,86.023491,42298,0.3593,hold,,,0.0,,,0,0.0,40.941757,0,0.0,hold,,,0.0,,,0,0.0,108.470001,13708,0.1468,hold,,,0.0,,,0,0.0,56.373852,26723,0.1488,hold,,,0.0,,,0,0.0
2010-03-11,10148865,3494337,False,False,,86.382599,42298,0.36,hold,,,0.0,,,0,0.0,41.098003,0,0.0,hold,,,0.0,,,0,0.0,108.599998,13708,0.1467,hold,,,0.0,,,0,0.0,56.581512,26723,0.149,hold,,,0.0,,,0,0.0
2010-03-12,10149690,3494337,False,False,,86.390106,42298,0.36,hold,,,0.0,,,0,0.0,41.106674,0,0.0,hold,,,0.0,,,0,0.0,107.949997,13708,0.1458,hold,,,0.0,,,0,0.0,56.933933,26723,0.1499,hold,,,0.0,,,0,0.0
2010-03-15,10154240,3494337,False,False,,86.412529,42298,0.36,hold,,,0.0,,,0,0.0,41.002522,0,0.0,hold,,,0.0,,,0,0.0,108.360001,13708,0.1463,hold,,,0.0,,,0,0.0,56.858376,26723,0.1496,hold,,,0.0,,,0,0.0
2010-03-16,10223429,3494337,False,False,,87.100937,42298,0.3604,hold,,,0.0,,,0,0.0,41.262909,0,0.0,hold,,,0.0,,,0,0.0,110.400002,13708,0.148,hold,,,0.0,,,0,0.0,57.311443,26723,0.1498,hold,,,0.0,,,0,0.0
2010-03-17,10240719,3494337,False,False,,87.617165,42298,0.3619,hold,,,0.0,,,0,0.0,41.375751,0,0.0,hold,,,0.0,,,0,0.0,109.589996,13708,0.1467,hold,,,0.0,,,0,0.0,57.556835,26723,0.1502,hold,,,0.0,,,0,0.0
2010-03-18,10244057,3494337,False,False,,87.572289,42298,0.3616,hold,,,0.0,,,0,0.0,41.514629,0,0.0,hold,,,0.0,,,0,0.0,110.339996,13708,0.1477,hold,,,0.0,,,0,0.0,57.368053,26723,0.1497,hold,,,0.0,,,0,0.0
2010-03-19,10198582,3494337,False,False,,87.129021,42298,0.3614,hold,,,0.0,,,0,0.0,41.2635,0,0.0,hold,,,0.0,,,0,0.0,108.279999,13708,0.1455,hold,,,0.0,,,0,0.0,57.424664,26723,0.1505,hold,,,0.0,,,0,0.0
2010-03-22,10212701,3494337,False,False,,87.594826,42298,0.3628,hold,,,0.0,,,0,0.0,41.637131,0,0.0,hold,,,0.0,,,0,0.0,107.75,13708,0.1446,hold,,,0.0,,,0,0.0,57.487606,26723,0.1504,hold,,,0.0,,,0,0.0
2010-03-23,10239344,3494337,False,False,,88.210892,42298,0.3644,hold,,,0.0,,,0,0.0,41.923866,0,0.0,hold,,,0.0,,,0,0.0,108.32,13708,0.145,hold,,,0.0,,,0,0.0,57.217068,26723,0.1493,hold,,,0.0,,,0,0.0
2010-03-24,10165627,3494337,False,False,,87.782677,42298,0.3653,hold,,,0.0,,,0,0.0,41.724022,0,0.0,hold,,,0.0,,,0,0.0,106.300003,13708,0.1433,hold,,,0.0,,,0,0.0,56.172508,26723,0.1477,hold,,,0.0,,,0,0.0
2010-03-25,10156585,3494337,False,False,,87.639931,42298,0.365,hold,,,0.0,,,0,0.0,41.663189,0,0.0,hold,,,0.0,,,0,0.0,106.779999,13708,0.1441,hold,,,0.0,,,0,0.0,55.813862,26723,0.1469,hold,,,0.0,,,0,0.0
2010-03-26,10183374,3494337,False,False,,87.587303,42298,0.3638,hold,,,0.0,,,0,0.0,41.706665,0,0.0,hold,,,0.0,,,0,0.0,108.589996,13708,0.1462,hold,,,0.0,,,0,0.0,55.971161,26723,0.1469,hold,,,0.0,,,0,0.0
2010-03-29,10203366,3494337,False,False,,88.143257,42298,0.3654,hold,,,0.0,,,0,0.0,41.906487,0,0.0,hold,,,0.0,,,0,0.0,108.75,13708,0.1461,hold,,,0.0,,,0,0.0,55.757229,26723,0.146,hold,,,0.0,,,0,0.0
2010-03-30,10199924,3494337,False,False,,88.2034,42298,0.3658,hold,,,0.0,,,0,0.0,42.045498,0,0.0,hold,,,0.0,,,0,0.0,107.970001,13708,0.1451,hold,,,0.0,,,0,0.0,55.933346,26723,0.1465,hold,,,0.0,,,0,0.0
2010-03-31,10210904,3494337,False,False,,87.902847,42298,0.3641,hold,,,0.0,,,0,0.0,41.845673,0,0.0,hold,,,0.0,,,0,0.0,108.949997,13708,0.1463,hold,,,0.0,,,0,0.0,56.317257,26723,0.1474,hold,,,0.0,,,0,0.0
2010-04-01,10250606,3494337,True,False,,88.503899,42298,0.3652,hold,,,0.0,,,0,0.0,41.845673,0,0.0,hold,,,0.0,,,0,0.0,110.260002,13708,0.1474,hold,,,0.0,,,0,0.0,56.179562,26723,0.1465,hold,,,0.0,,,0,0.0
2010-04-05,10264772,3494337,False,False,,89.225212,42298,0.3677,hold,,,0.0,,,0,0.0,42.236664,0,0.0,hold,,,0.0,,,0,0.0,110.889999,13708,0.1481,hold,,,0.0,,,0,0.0,55.244804,26723,0.1438,hold,,,0.0,,,0,0.0
2010-04-06,10277951,3494337,False,False,,89.435539,42298,0.3681,hold,,,0.0,,,0,0.0,42.358307,0,0.0,hold,,,0.0,,,0,0.0,111.029999,13708,0.1481,hold,,,0.0,,,0,0.0,55.333233,26723,0.1439,hold,,,0.0,,,0,0.0
2010-04-07,10295257,3494337,False,False,,88.924637,42298,0.3653,hold,,,0.0,,,0,0.0,42.25404,0,0.0,hold,,,0.0,,,0,0.0,112.489998,13708,0.1498,hold,,,0.0,,,0,0.0,56.040592,26723,0.1455,hold,,,0.0,,,0,0.0
2010-04-08,10311155,3494337,False,False,,89.232697,42298,0.366,hold,,,0.0,,,0,0.0,42.349613,0,0.0,hold,,,0.0,,,0,0.0,112.650002,13708,0.1498,hold,,,0.0,,,0,0.0,56.065826,26723,0.1453,hold,,,0.0,,,0,0.0
2010-04-09,10353058,3494337,False,False,,89.818695,42298,0.367,hold,,,0.0,,,0,0.0,42.601601,0,0.0,hold,,,0.0,,,0,0.0,113.639999,13708,0.1505,hold,,,0.0,,,0,0.0,56.198517,26723,0.1451,hold,,,0.0,,,0,0.0
2010-04-12,10358391,3494337,False,False,,89.961426,42298,0.3674,hold,,,0.0,,,0,0.0,42.636364,0,0.0,hold,,,0.0,,,0,0.0,113.010002,13708,0.1496,hold,,,0.0,,,0,0.0,56.495331,26723,0.1457,hold,,,0.0,,,0,0.0
2010-04-13,10361760,3494337,False,False,,90.029053,42298,0.3675,hold,,,0.0,,,0,0.0,42.85358,0,0.0,hold,,,0.0,,,0,0.0,112.690002,13708,0.1491,hold,,,0.0,,,0,0.0,56.678501,26723,0.1462,hold,,,0.0,,,0,0.0
2010-04-14,10399007,3494337,False,False,,91.050842,42298,0.3703,hold,,,0.0,,,0,0.0,43.366203,0,0.0,hold,,,0.0,,,0,0.0,113.029999,13708,0.149,hold,,,0.0,,,0,0.0,56.280602,26723,0.1446,hold,,,0.0,,,0,0.0
2010-04-15,10412371,3494337,False,False,,91.125969,42298,0.3702,hold,,,0.0,,,0,0.0,43.557369,0,0.0,hold,,,0.0,,,0,0.0,113.650002,13708,0.1496,hold,,,0.0,,,0,0.0,56.343708,26723,0.1446,hold,,,0.0,,,0,0.0
2010-04-16,10328974,3494337,False,False,,89.675995,42298,0.3672,hold,,,0.0,,,0,0.0,43.03603,0,0.0,hold,,,0.0,,,0,0.0,111.239998,13708,0.1476,hold,,,0.0,,,0,0.0,56.754253,26723,0.1468,hold,,,0.0,,,0,0.0
2010-04-19,10338327,3494337,False,False,,90.014038,42298,0.3683,hold,,,0.0,,,0,0.0,43.009975,0,0.0,hold,,,0.0,,,0,0.0,111.150002,13708,0.1474,hold,,,0.0,,,0,0.0,56.615353,26723,0.1463,hold,,,0.0,,,0,0.0
2010-04-20,10381980,3494337,False,False,,90.817932,42298,0.37,hold,,,0.0,,,0,0.0,43.227196,0,0.0,hold,,,0.0,,,0,0.0,111.459999,13708,0.1472,hold,,,0.0,,,0,0.0,56.817432,26723,0.1462,hold,,,0.0,,,0,0.0
2010-04-21,10399130,3494337,False,False,,90.652649,42298,0.3687,hold,,,0.0,,,0,0.0,43.470482,0,0.0,hold,,,0.0,,,0,0.0,112.309998,13708,0.148,hold,,,0.0,,,0,0.0,57.284798,26723,0.1472,hold,,,0.0,,,0,0.0
2010-04-22,10399572,3494337,False,False,,90.923119,42298,0.3698,hold,,,0.0,,,0,0.0,43.713779,0,0.0,hold,,,0.0,,,0,0.0,111.839996,13708,0.1474,hold,,,0.0,,,0,0.0,57.114307,26723,0.1468,hold,,,0.0,,,0,0.0
2010-04-23,10437781,3494337,False,False,,91.516647,42298,0.3709,hold,,,0.0,,,0,0.0,43.896244,0,0.0,hold,,,0.0,,,0,0.0,113.190002,13708,0.1487,hold,,,0.0,,,0,0.0,56.912182,26723,0.1457,hold,,,0.0,,,0,0.0
2010-04-26,10418820,3494337,False,False,,91.171043,42298,0.3701,hold,,,0.0,,,0,0.0,43.800655,0,0.0,hold,,,0.0,,,0,0.0,112.75,13708,0.1483,hold,,,0.0,,,0,0.0,56.975365,26723,0.1461,hold,,,0.0,,,0,0.0
2010-04-27,10374821,3494337,False,False,,89.014809,42298,0.3629,hold,,,0.0,,,0,0.0,42.870945,0,0.0,hold,,,0.0,,,0,0.0,114.629997,13708,0.1515,hold,,,0.0,,,0,0.0,57.777477,26723,0.1488,hold,,,0.0,,,0,0.0
2010-04-28,10385868,3494337,False,False,,89.690941,42298,0.3653,hold,,,0.0,,,0,0.0,42.897026,0,0.0,hold,,,0.0,,,0,0.0,114.309998,13708,0.1509,hold,,,0.0,,,0,0.0,57.284798,26723,0.1474,hold,,,0.0,,,0,0.0
2010-04-29,10438904,3494337,False,False,,90.802895,42298,0.3679,hold,,,0.0,,,0,0.0,43.644276,0,0.0,hold,,,0.0,,,0,0.0,114.279999,13708,0.1501,hold,,,0.0,,,0,0.0,57.524822,26723,0.1473,hold,,,0.0,,,0,0.0
2010-04-30,10406285,3494337,False,False,,89.262718,42298,0.3628,hold,,,0.0,,,0,0.0,42.784069,0,0.0,hold,,,0.0,,,0,0.0,115.360001,13708,0.152,hold,,,0.0,,,0,0.0,58.188019,26723,0.1494,hold,,,0.0,,,0,0.0
2010-05-03,10458264,3494337,True,False,,90.419762,42298,0.3657,hold,,,0.0,,,0,0.0,43.383587,0,0.0,hold,,,0.0,,,0,0.0,115.730003,13708,0.1517,hold,,,0.0,,,0,0.0,58.111908,26723,0.1485,hold,,,0.0,,,0,0.0
2010-05-04,10384486,3494337,False,False,,88.293556,42298,0.3596,hold,,,0.0,,,0,0.0,42.080257,0,0.0,hold,,,0.0,,,0,0.0,114.870003,13708,0.1516,hold,,,0.0,,,0,0.0,59.15765,26723,0.1522,hold,,,0.0,,,0,0.0
2010-05-05,10374571,3494337,False,False,,87.767624,42298,0.3578,hold,,,0.0,,,0,0.0,41.863045,0,0.0,hold,,,0.0,,,0,0.0,115.089996,13708,0.1521,hold,,,0.0,,,0,0.0,59.506241,26723,0.1533,hold,,,0.0,,,0,0.0
2010-05-06,10346994,3494337,False,False,,84.852562,42298,0.3469,hold,,,0.0,,,0,0.0,40.464127,0,0.0,hold,,,0.0,,,0,0.0,118.489998,13708,0.157,hold,,,0.0,,,0,0.0,61.344246,26723,0.1584,hold,,,0.0,,,0,0.0
2010-05-07,10270096,3494337,False,False,,83.590347,42298,0.3443,hold,,,0.0,,,0,0.0,39.456219,0,0.0,hold,,,0.0,,,0,0.0,118.269997,13708,0.1579,hold,,,0.0,,,0,0.0,60.577366,26723,0.1576,hold,,,0.0,,,0,0.0
2010-05-10,10382680,3494337,False,False,,87.271736,42298,0.3555,hold,,,0.0,,,0,0.0,41.506805,0,0.0,hold,,,0.0,,,0,0.0,117.57,13708,0.1552,hold,,,0.0,,,0,0.0,59.322437,26723,0.1527,hold,,,0.0,,,0,0.0
2010-05-11,10410488,3494337,False,False,,87.023834,42298,0.3536,hold,,,0.0,,,0,0.0,41.463348,0,0.0,hold,,,0.0,,,0,0.0,120.660004,13708,0.1589,hold,,,0.0,,,0,0.0,59.170341,26723,0.1519,hold,,,0.0,,,0,0.0
2010-05-12,10460088,3494337,False,False,,88.240959,42298,0.3568,hold,,,0.0,,,0,0.0,42.245365,0,0.0,hold,,,0.0,,,0,0.0,121.400002,13708,0.1591,hold,,,0.0,,,0,0.0,58.720337,26723,0.15,hold,,,0.0,,,0,0.0
2010-05-13,10412508,3494337,False,False,,87.144035,42298,0.354,hold,REDUCE_TO_TARGET,rebalance 2010-05-13,-41641.0,,,0,0.0,41.576305,0,0.0,buy,ENTER_TO_TARGET,signal_buy+rebalance,3644378.0,,,0,0.0,120.559998,13708,0.1587,hold,REDUCE_TO_TARGET,rebalance 2010-05-13,-90760.0,,,0,0.0,59.106991,26723,0.1517,hold,REDUCE_TO_TARGET,rebalance 2010-05-13,-17640.0,,,0,0.0
2010-05-14,10317841,2,False,True,daily,85.566315,41816,0.3468,hold,,,0.0,REDUCE_TO_TARGET,sell,482,86.230953,40.776936,88050,0.348,hold,,,0.0,ENTER_TO_TARGET,buy,88050,41.263514,120.370003,12962,0.1512,hold,,,0.0,REDUCE_TO_TARGET,sell,746,121.514357,60.133698,26427,0.154,hold,,,0.0,REDUCE_TO_TARGET,sell,296,59.473067
2010-05-17,10312249,2,False,False,,85.611389,41816,0.3472,hold,,,0.0,,,0,0.0,40.907269,88050,0.3493,hold,,,0.0,,,0,0.0,119.360001,12962,0.15,hold,,,0.0,,,0,0.0,59.911884,26427,0.1535,hold,,,0.0,,,0,0.0
2010-05-18,10239794,2,False,False,,84.446831,41816,0.3449,hold,,,0.0,,,0,0.0,40.342484,88050,0.3469,hold,,,0.0,,,0,0.0,119.489998,12962,0.1513,hold,,,0.0,,,0,0.0,60.830898,26427,0.157,hold,,,0.0,,,0,0.0
2010-05-19,10159668,2,False,False,,83.965996,41816,0.3456,hold,,,0.0,,,0,0.0,40.021,88050,0.3468,hold,,,0.0,,,0,0.0,116.629997,12962,0.1488,hold,,,0.0,,,0,0.0,61.033672,26427,0.1588,hold,,,0.0,,,0,0.0
2010-05-20,9920028,2,False,False,,80.795555,41816,0.3406,hold,,,0.0,,,0,0.0,38.535194,88050,0.342,hold,,,0.0,,,0,0.0,115.839996,12962,0.1514,hold,,,0.0,,,0,0.0,62.320255,26427,0.166,hold,,,0.0,,,0,0.0
2010-05-21,10000476,2,False,False,,81.975044,41816,0.3428,hold,,,0.0,,,0,0.0,38.960949,88050,0.343,hold,,,0.0,,,0,0.0,115.220001,12962,0.1493,hold,,,0.0,,,0,0.0,62.383644,26427,0.1649,hold,,,0.0,,,0,0.0
2010-05-24,9958027,2,False,False,,80.92321,41816,0.3398,hold,,,0.0,,,0,0.0,38.804558,88050,0.3431,hold,,,0.0,,,0,0.0,116.839996,12962,0.1521,hold,,,0.0,,,0,0.0,62.168194,26427,0.165,hold,,,0.0,,,0,0.0
2010-05-25,9979323,2,False,False,,81.005867,41816,0.3394,hold,,,0.0,,,0,0.0,38.839302,88050,0.3427,hold,,,0.0,,,0,0.0,117.360001,12962,0.1524,hold,,,0.0,,,0,0.0,62.472412,26427,0.1654,hold,,,0.0,,,0,0.0
2010-05-26,9930348,2,False,False,,80.517525,41816,0.3391,hold,,,0.0,,,0,0.0,38.404869,88050,0.3405,hold,,,0.0,,,0,0.0,118.470001,12962,0.1546,hold,,,0.0,,,0,0.0,62.294918,26427,0.1658,hold,,,0.0,,,0,0.0
2010-05-27,10136398,2,False,False,,83.214699,41816,0.3433,hold,,,0.0,,,0,0.0,39.855904,88050,0.3462,hold,,,0.0,,,0,0.0,118.690002,12962,0.1518,hold,,,0.0,,,0,0.0,60.881611,26427,0.1587,hold,,,0.0,,,0,0.0
2010-05-28,10081904,2,False,False,,82.170403,41816,0.3408,hold,,,0.0,,,0,0.0,39.6213,88050,0.346,hold,,,0.0,,,0,0.0,118.879997,12962,0.1528,hold,,,0.0,,,0,0.0,61.160408,26427,0.1603,hold,,,0.0,,,0,0.0
2010-06-01,10016678,2,True,False,,80.787987,41816,0.3373,hold,,,0.0,,,0,0.0,39.256371,88050,0.3451,hold,,,0.0,,,0,0.0,119.910004,12962,0.1552,hold,,,0.0,,,0,0.0,61.590347,26427,0.1625,hold,,,0.0,,,0,0.0
2010-06-02,10169360,2,False,False,,82.891663,41816,0.3408,hold,,,0.0,,,0,0.0,40.186089,88050,0.3479,hold,,,0.0,,,0,0.0,119.779999,12962,0.1527,hold,,,0.0,,,0,0.0,61.005272,26427,0.1585,hold,,,0.0,,,0,0.0
2010-06-03,10179606,2,False,False,,83.177162,41816,0.3417,hold,,,0.0,,,0,0.0,40.568398,88050,0.3509,hold,,,0.0,,,0,0.0,117.959999,12962,0.1502,hold,,,0.0,,,0,0.0,60.560123,26427,0.1572,hold,,,0.0,,,0,0.0
2010-06-04,9993951,2,False,False,,80.254585,41816,0.3358,hold,,,0.0,,,0,0.0,39.178158,88050,0.3452,hold,,,0.0,,,0,0.0,119.190002,12962,0.1546,hold,,,0.0,,,0,0.0,62.188137,26427,0.1644,hold,,,0.0,,,0,0.0
2010-06-07,9931849,2,False,False,,79.255302,41816,0.3337,hold,,,0.0,,,0,0.0,38.465683,88050,0.341,hold,,,0.0,,,0,0.0,121.489998,12962,0.1586,hold,,,0.0,,,0,0.0,62.665081,26427,0.1667,hold,,,0.0,,,0,0.0
2010-06-08,9946643,2,False,False,,80.104317,41816,0.3368,hold,,,0.0,,,0,0.0,38.396164,88050,0.3399,hold,,,0.0,,,0,0.0,121.0,12962,0.1577,hold,,,0.0,,,0,0.0,62.353466,26427,0.1657,hold,,,0.0,,,0,0.0
2010-06-09,9892879,2,False,False,,79.676056,41816,0.3368,hold,,,0.0,,,0,0.0,38.074696,88050,0.3389,hold,,,0.0,,,0,0.0,120.559998,12962,0.158,hold,,,0.0,,,0,0.0,62.283546,26427,0.1664,hold,,,0.0,,,0,0.0
2010-06-10,10035880,2,False,False,,82.005127,41816,0.3417,hold,,,0.0,,,0,0.0,39.160782,88050,0.3436,hold,,,0.0,,,0,0.0,118.970001,12962,0.1537,hold,,,0.0,,,0,0.0,61.170609,26427,0.1611,hold,,,0.0,,,0,0.0
2010-06-11,10119412,2,False,False,,82.40332,41816,0.3405,hold,,,0.0,,,0,0.0,39.534409,88050,0.344,hold,,,0.0,,,0,0.0,120.010002,12962,0.1537,hold,,,0.0,,,0,0.0,61.94643,26427,0.1618,hold,,,0.0,,,0,0.0
2010-06-14,10099589,2,False,False,,82.275581,41816,0.3407,hold,,,0.0,,,0,0.0,39.52573,88050,0.3446,hold,,,0.0,,,0,0.0,119.599998,12962,0.1535,hold,,,0.0,,,0,0.0,61.628487,26427,0.1613,hold,,,0.0,,,0,0.0
2010-06-15,10282449,2,False,False,,84.146355,41816,0.3422,hold,,,0.0,,,0,0.0,40.585777,88050,0.3475,hold,,,0.0,,,0,0.0,120.989998,12962,0.1525,hold,,,0.0,,,0,0.0,61.374088,26427,0.1577,hold,,,0.0,,,0,0.0
2010-06-16,10296416,2,False,False,,84.116264,41816,0.3416,hold,,,0.0,,,0,0.0,40.750874,88050,0.3485,hold,,,0.0,,,0,0.0,120.330002,12962,0.1515,hold,,,0.0,,,0,0.0,61.723866,26427,0.1584,hold,,,0.0,,,0,0.0
2010-06-17,10347172,2,False,False,,84.251503,41816,0.3405,hold,,,0.0,,,0,0.0,40.881195,88050,0.3479,hold,,,0.0,,,0,0.0,121.900002,12962,0.1527,hold,,,0.0,,,0,0.0,62.226227,26427,0.1589,hold,,,0.0,,,0,0.0
2010-06-18,10363350,2,False,False,,84.342873,41816,0.3403,hold,,,0.0,,,0,0.0,40.915142,88050,0.3476,hold,,,0.0,,,0,0.0,122.830002,12962,0.1536,hold,,,0.0,,,0,0.0,62.124557,26427,0.1584,hold,,,0.0,,,0,0.0
2010-06-21,10286254,2,False,False,,84.101318,41816,0.3419,hold,,,0.0,,,0,0.0,40.566925,88050,0.3473,hold,,,0.0,,,0,0.0,120.389999,12962,0.1517,hold,,,0.0,,,0,0.0,61.94643,26427,0.1592,hold,,,0.0,,,0,0.0
2010-06-22,10233812,2,False,False,,82.712326,41816,0.338,hold,,,0.0,,,0,0.0,40.253517,88050,0.3463,hold,,,0.0,,,0,0.0,121.449997,12962,0.1538,hold,,,0.0,,,0,0.0,62.684166,26427,0.1619,hold,,,0.0,,,0,0.0
2010-06-23,10213295,2,False,False,,82.455673,41816,0.3376,hold,,,0.0,,,0,0.0,40.088135,88050,0.3456,hold,,,0.0,,,0,0.0,120.949997,12962,0.1535,hold,,,0.0,,,0,0.0,63.11018,26427,0.1633,hold,,,0.0,,,0,0.0
2010-06-24,10097126,2,False,False,,81.08931,41816,0.3358,hold,,,0.0,,,0,0.0,39.478752,88050,0.3443,hold,,,0.0,,,0,0.0,121.300003,12962,0.1557,hold,,,0.0,,,0,0.0,62.735012,26427,0.1642,hold,,,0.0,,,0,0.0
2010-06-25,10137667,2,False,False,,81.428993,41816,0.3359,hold,,,0.0,,,0,0.0,39.486607,88050,0.343,hold,,,0.0,,,0,0.0,122.760002,12962,0.157,hold,,,0.0,,,0,0.0,62.989357,26427,0.1642,hold,,,0.0,,,0,0.0
2010-06-28,10108634,2,False,False,,81.172356,41816,0.3358,hold,,,0.0,,,0,0.0,39.347069,88050,0.3427,hold,,,0.0,,,0,0.0,121.089996,12962,0.1553,hold,,,0.0,,,0,0.0,63.580818,26427,0.1662,hold,,,0.0,,,0,0.0
2010-06-29,9890850,2,False,False,,78.666161,41816,0.3326,hold,,,0.0,,,0,0.0,37.829361,88050,0.3368,hold,,,0.0,,,0,0.0,121.269997,12962,0.1589,hold,,,0.0,,,0,0.0,64.273933,26427,0.1717,hold,,,0.0,,,0,0.0
2010-06-30,9825651,2,False,False,,77.9188,41816,0.3316,sell,EXIT_ALL,signal sell,-3258253.0,,,0,0.0,37.253643,88050,0.3338,hold,,,0.0,,,0,0.0,121.68,12962,0.1605,hold,,,0.0,,,0,0.0,64.706421,26427,0.174,hold,,,0.0,,,0,0.0
2010-07-01,9747013,3246278,True,False,,77.571579,0,0.0,hold,,,0.0,EXIT_ALL,sell,41816,77.632384,37.148991,88050,0.3356,hold,INCREASE_TO_TARGET,rebalance 2010-07-01,140486.0,,,0,0.0,117.040001,12962,0.1556,hold,REDUCE_TO_TARGET,rebalance 2010-07-01,-55021.0,,,0,0.0,64.808487,26427,0.1757,hold,REDUCE_TO_TARGET,rebalance 2010-07-01,-250642.0,,,0,0.0
2010-07-02,9741640,3411306,False,True,monthly,77.148842,0,0.0,hold,,,0.0,,,0,0.0,37.044327,91814,0.3491,hold,,,0.0,INCREASE_TO_TARGET,buy,3764,37.210052,118.489998,12496,0.152,hold,,,0.0,REDUCE_TO_TARGET,sell,466,117.855369,64.291817,22530,0.1487,hold,,,0.0,REDUCE_TO_TARGET,sell,3897,64.30245
2010-07-06,9739236,3411306,False,False,,77.654625,0,0.0,hold,,,0.0,,,0,0.0,37.157711,91814,0.3503,hold,,,0.0,,,0,0.0,116.510002,12496,0.1495,hold,,,0.0,,,0,0.0,64.821228,22530,0.15,hold,,,0.0,,,0,0.0
2010-07-07,9846292,3411306,False,False,,80.100418,0,0.0,hold,,,0.0,,,0,0.0,38.343956,91814,0.3575,hold,,,0.0,,,0,0.0,117.730003,12496,0.1494,hold,,,0.0,,,0,0.0,64.062126,22530,0.1466,hold,,,0.0,,,0,0.0
2010-07-08,9849820,3411306,False,False,,80.893036,0,0.0,hold,,,0.0,,,0,0.0,38.553318,91814,0.3594,hold,,,0.0,,,0,0.0,117.209999,12496,0.1487,hold,,,0.0,,,0,0.0,63.653927,22530,0.1456,hold,,,0.0,,,0,0.0
2010-07-09,9889632,3411306,False,False,,81.496971,0,0.0,hold,,,0.0,,,0,0.0,38.919647,91814,0.3613,hold,,,0.0,,,0,0.0,118.360001,12496,0.1496,hold,,,0.0,,,0,0.0,63.290329,22530,0.1442,hold,,,0.0,,,0,0.0
2010-07-12,9886723,3411306,False,False,,81.549797,0,0.0,hold,,,0.0,,,0,0.0,39.033047,91814,0.3625,hold,,,0.0,,,0,0.0,117.339996,12496,0.1483,hold,,,0.0,,,0,0.0,63.26482,22530,0.1442,hold,,,0.0,,,0,0.0
2010-07-13,9933703,3411306,False,False,,82.780251,0,0.0,hold,,,0.0,,,0,0.0,39.538948,91814,0.3654,hold,,,0.0,,,0,0.0,118.360001,12496,0.1489,hold,,,0.0,,,0,0.0,62.722626,22530,0.1423,hold,,,0.0,,,0,0.0
2010-07-14,9965600,3411306,False,False,,82.772682,0,0.0,hold,,,0.0,,,0,0.0,39.739574,91814,0.3661,hold,,,0.0,,,0,0.0,118.300003,12496,0.1483,hold,,,0.0,,,0,0.0,63.354111,22530,0.1432,hold,,,0.0,,,0,0.0
2010-07-15,9982157,3411306,False,False,,82.795357,0,0.0,hold,,,0.0,,,0,0.0,39.77446,91814,0.3658,hold,,,0.0,,,0,0.0,118.230003,12496,0.148,hold,,,0.0,,,0,0.0,63.985638,22530,0.1444,hold,,,0.0,,,0,0.0
2010-07-16,9868799,3411306,False,False,,80.515602,0,0.0,hold,,,0.0,,,0,0.0,38.675446,91814,0.3598,hold,,,0.0,,,0,0.0,116.669998,12496,0.1477,hold,,,0.0,,,0,0.0,64.298141,22530,0.1468,hold,,,0.0,,,0,0.0
2010-07-19,9878574,3411306,False,False,,80.991219,0,0.0,hold,,,0.0,,,0,0.0,39.006882,91814,0.3625,hold,,,0.0,,,0,0.0,115.730003,12496,0.1464,hold,,,0.0,,,0,0.0,63.902706,22530,0.1457,hold,,,0.0,,,0,0.0
2010-07-20,9935472,3411306,False,False,,81.889496,0,0.0,hold,,,0.0,,,0,0.0,39.477901,91814,0.3648,hold,,,0.0,,,0,0.0,116.650002,12496,0.1467,hold,,,0.0,,,0,0.0,63.998352,22530,0.1451,hold,,,0.0,,,0,0.0
2010-07-21,9900252,3411306,False,False,,80.825127,0,0.0,hold,,,0.0,,,0,0.0,38.937088,91814,0.3611,hold,,,0.0,,,0,0.0,115.849998,12496,0.1462,hold,,,0.0,,,0,0.0,65.082748,22530,0.1481,hold,,,0.0,,,0,0.0
2010-07-22,9986412,3411306,False,False,,82.629288,0,0.0,hold,,,0.0,,,0,0.0,39.922741,91814,0.367,hold,,,0.0,,,0,0.0,116.860001,12496,0.1462,hold,,,0.0,,,0,0.0,64.330063,22530,0.1451,hold,,,0.0,,,0,0.0
2010-07-23,9984636,3411306,False,False,,83.346436,0,0.0,hold,,,0.0,,,0,0.0,40.175686,91814,0.3694,hold,,,0.0,,,0,0.0,116.089996,12496,0.1453,hold,,,0.0,,,0,0.0,63.647518,22530,0.1436,hold,,,0.0,,,0,0.0
2010-07-26,10005503,3411306,False,False,,84.214531,0,0.0,hold,,,0.0,,,0,0.0,40.507149,91814,0.3717,hold,,,0.0,,,0,0.0,115.519997,12496,0.1443,hold,,,0.0,,,0,0.0,63.539089,22530,0.1431,hold,,,0.0,,,0,0.0
2010-07-27,9964988,3411306,False,False,,84.207001,0,0.0,hold,,,0.0,,,0,0.0,40.4897,91814,0.3731,hold,,,0.0,,,0,0.0,113.510002,12496,0.1423,hold,,,0.0,,,0,0.0,62.926731,22530,0.1423,hold,,,0.0,,,0,0.0
2010-07-28,9943330,3411306,False,False,,83.663483,0,0.0,hold,,,0.0,,,0,0.0,40.166977,91814,0.3709,hold,,,0.0,,,0,0.0,113.779999,12496,0.143,hold,,,0.0,,,0,0.0,63.13084,22530,0.143,hold,,,0.0,,,0,0.0
2010-07-29,9922042,3411306,False,False,,83.255836,0,0.0,hold,,,0.0,,,0,0.0,39.870399,91814,0.3689,hold,,,0.0,,,0,0.0,114.290001,12496,0.1439,hold,,,0.0,,,0,0.0,63.111732,22530,0.1433,hold,,,0.0,,,0,0.0
2010-07-30,9967178,3411306,False,False,,83.24073,0,0.0,hold,,,0.0,,,0,0.0,39.95763,91814,0.3681,hold,,,0.0,,,0,0.0,115.489998,12496,0.1448,hold,,,0.0,,,0,0.0,64.094048,22530,0.1449,hold,,,0.0,,,0,0.0
2010-08-02,10016404,3411306,True,False,,85.120377,0,0.0,hold,,,0.0,,,0,0.0,40.70776,91814,0.3731,hold,,,0.0,,,0,0.0,115.540001,12496,0.1441,hold,,,0.0,,,0,0.0,63.194321,22530,0.1421,hold,,,0.0,,,0,0.0
2010-08-03,10014228,3411306,False,False,,84.712753,0,0.0,hold,,,0.0,,,0,0.0,40.533314,91814,0.3716,hold,,,0.0,,,0,0.0,115.989998,12496,0.1447,hold,,,0.0,,,0,0.0,63.559029,22530,0.143,hold,,,0.0,,,0,0.0
2010-08-04,10050033,3411306,False,False,,85.278885,0,0.0,hold,,,0.0,,,0,0.0,40.94326,91814,0.374,hold,,,0.0,,,0,0.0,116.720001,12496,0.1451,hold,,,0.0,,,0,0.0,63.072735,22530,0.1414,hold,,,0.0,,,0,0.0
2010-08-05,10051104,3411306,False,False,,85.188316,0,0.0,buy,ENTER_TO_TARGET,signal_buy+rebalance,3517886.0,,,0,0.0,40.847309,91814,0.3731,hold,REDUCE_TO_TARGET,rebalance 2010-08-05,-232469.0,,,0,0.0,116.980003,12496,0.1454,hold,INCREASE_TO_TARGET,rebalance 2010-08-05,45883.0,,,0,0.0,63.367088,22530,0.142,hold,INCREASE_TO_TARGET,rebalance 2010-08-05,80005.0,,,0,0.0
2010-08-06,10078595,159,False,True,daily,84.841072,41580,0.35,hold,,,0.0,ENTER_TO_TARGET,buy,41580,84.350398,40.786259,86043,0.3482,hold,,,0.0,REDUCE_TO_TARGET,sell,5771,40.281264,117.839996,12883,0.1506,hold,,,0.0,INCREASE_TO_TARGET,buy,387,117.989998,64.058212,23779,0.1511,hold,,,0.0,INCREASE_TO_TARGET,buy,1249,63.859832
2010-08-09,10110146,159,False,False,,85.293999,41580,0.3508,hold,,,0.0,,,0,0.0,41.065376,86043,0.3495,hold,,,0.0,,,0,0.0,117.400002,12883,0.1496,hold,,,0.0,,,0,0.0,63.82148,23779,0.1501,hold,,,0.0,,,0,0.0
2010-08-10,10067677,159,False,False,,84.833549,41580,0.3504,hold,,,0.0,,,0,0.0,40.70776,86043,0.3479,hold,,,0.0,,,0,0.0,117.730003,12883,0.1507,hold,,,0.0,,,0,0.0,63.955841,23779,0.1511,hold,,,0.0,,,0,0.0
2010-08-11,9891054,159,False,False,,82.508499,41580,0.3468,hold,,,0.0,,,0,0.0,39.600014,86043,0.3445,hold,,,0.0,,,0,0.0,117.339996,12883,0.1528,hold,,,0.0,,,0,0.0,64.813354,23779,0.1558,hold,,,0.0,,,0,0.0
2010-08-12,9857622,159,False,False,,82.002701,41580,0.3459,hold,,,0.0,,,0,0.0,39.285999,86043,0.3429,hold,,,0.0,,,0,0.0,118.769997,12883,0.1552,hold,,,0.0,,,0,0.0,64.653336,23779,0.156,hold,,,0.0,,,0,0.0
2010-08-13,9842350,159,False,False,,81.761139,41580,0.3454,hold,,,0.0,,,0,0.0,39.006882,86043,0.341,hold,,,0.0,,,0,0.0,118.739998,12883,0.1554,hold,,,0.0,,,0,0.0,65.459717,23779,0.1581,hold,,,0.0,,,0,0.0
2010-08-16,9898494,159,False,False,,81.723396,41580,0.3433,hold,,,0.0,,,0,0.0,39.076649,86043,0.3397,hold,,,0.0,,,0,0.0,119.730003,12883,0.1558,hold,,,0.0,,,0,0.0,67.097969,23779,0.1612,hold,,,0.0,,,0,0.0
2010-08-17,9974147,159,False,False,,82.727417,41580,0.3449,hold,,,0.0,,,0,0.0,39.573826,86043,0.3414,hold,,,0.0,,,0,0.0,119.75,12883,0.1547,hold,,,0.0,,,0,0.0,66.713997,23779,0.1591,hold,,,0.0,,,0,0.0
2010-08-18,10004252,159,False,False,,82.878372,41580,0.3445,hold,,,0.0,,,0,0.0,39.730854,86043,0.3417,hold,,,0.0,,,0,0.0,120.220001,12883,0.1548,hold,,,0.0,,,0,0.0,66.893227,23779,0.159,hold,,,0.0,,,0,0.0
2010-08-19,9919509,159,False,False,,81.436577,41580,0.3414,hold,,,0.0,,,0,0.0,39.129002,86043,0.3394,hold,,,0.0,,,0,0.0,120.389999,12883,0.1564,hold,,,0.0,,,0,0.0,67.936249,23779,0.1629,hold,,,0.0,,,0,0.0
2010-08-20,9905789,159,False,False,,81.172356,41580,0.3407,hold,,,0.0,,,0,0.0,39.181324,86043,0.3403,hold,,,0.0,,,0,0.0,119.970001,12883,0.156,hold,,,0.0,,,0,0.0,67.859505,23779,0.1629,hold,,,0.0,,,0,0.0
2010-08-23,9857753,159,False,False,,80.862854,41580,0.3411,hold,,,0.0,,,0,0.0,38.797546,86043,0.3386,hold,,,0.0,,,0,0.0,119.779999,12883,0.1565,hold,,,0.0,,,0,0.0,67.872246,23779,0.1637,hold,,,0.0,,,0,0.0
2010-08-24,9778897,159,False,False,,79.662636,41580,0.3387,hold,,,0.0,,,0,0.0,38.073578,86043,0.335,hold,,,0.0,,,0,0.0,120.360001,12883,0.1586,hold,,,0.0,,,0,0.0,68.960144,23779,0.1677,hold,,,0.0,,,0,0.0
2010-08-25,9830843,159,False,False,,79.972069,41580,0.3382,hold,,,0.0,,,0,0.0,38.439919,86043,0.3364,hold,,,0.0,,,0,0.0,121.360001,12883,0.159,hold,,,0.0,,,0,0.0,68.736214,23779,0.1663,hold,,,0.0,,,0,0.0
2010-08-26,9778999,159,False,False,,79.436172,41580,0.3378,hold,,,0.0,,,0,0.0,37.977627,86043,0.3342,hold,,,0.0,,,0,0.0,120.959999,12883,0.1594,hold,,,0.0,,,0,0.0,69.382538,23779,0.1687,hold,,,0.0,,,0,0.0
2010-08-27,9823865,159,False,False,,80.666611,41580,0.3414,hold,,,0.0,,,0,0.0,38.439919,86043,0.3367,hold,,,0.0,,,0,0.0,121.010002,12883,0.1587,hold,,,0.0,,,0,0.0,67.417938,23779,0.1632,hold,,,0.0,,,0,0.0
2010-08-30,9770141,159,False,False,,79.496513,41580,0.3383,hold,,,0.0,,,0,0.0,38.038696,86043,0.335,hold,,,0.0,,,0,0.0,120.910004,12883,0.1594,hold,,,0.0,,,0,0.0,68.710617,23779,0.1672,hold,,,0.0,,,0,0.0
2010-08-31,9792064,159,False,False,,79.496513,41580,0.3376,hold,,,0.0,,,0,0.0,37.907856,86043,0.3331,hold,,,0.0,,,0,0.0,122.080002,12883,0.1606,hold,,,0.0,,,0,0.0,69.472145,23779,0.1687,hold,,,0.0,,,0,0.0
2010-09-01,9949318,159,True,False,,81.874367,41580,0.3422,hold,,,0.0,,,0,0.0,39.041763,86043,0.3376,hold,,,0.0,,,0,0.0,121.690002,12883,0.1576,hold,,,0.0,,,0,0.0,68.03566,23779,0.1626,hold,,,0.0,,,0,0.0
2010-09-02,10009183,159,False,False,,82.636795,41580,0.3433,hold,,,0.0,,,0,0.0,39.477901,86043,0.3394,hold,,,0.0,,,0,0.0,122.290001,12883,0.1574,hold,,,0.0,,,0,0.0,67.316849,23779,0.1599,hold,,,0.0,,,0,0.0
2010-09-03,10084662,159,False,False,,83.708786,41580,0.3451,hold,,,0.0,,,0,0.0,40.132076,86043,0.3424,hold,,,0.0,,,0,0.0,121.860001,12883,0.1557,hold,,,0.0,,,0,0.0,66.482399,23779,0.1568,hold,,,0.0,,,0,0.0
2010-09-07,10065339,159,False,False,,82.765175,41580,0.3419,hold,,,0.0,,,0,0.0,39.861691,86043,0.3408,hold,,,0.0,,,0,0.0,122.699997,12883,0.157,hold,,,0.0,,,0,0.0,67.843094,23779,0.1603,hold,,,0.0,,,0,0.0
2010-09-08,10118095,159,False,False,,83.346436,41580,0.3425,hold,,,0.0,,,0,0.0,40.341423,86043,0.3431,hold,,,0.0,,,0,0.0,122.709999,12883,0.1562,hold,,,0.0,,,0,0.0,67.303993,23779,0.1582,hold,,,0.0,,,0,0.0
2010-09-09,10101201,159,False,False,,83.731407,41580,0.3447,hold,,,0.0,,,0,0.0,40.498421,86043,0.345,hold,,,0.0,,,0,0.0,121.559998,12883,0.155,hold,,,0.0,,,0,0.0,65.975342,23779,0.1553,hold,,,0.0,,,0,0.0
2010-09-10,10126555,159,False,False,,84.15416,41580,0.3455,hold,,,0.0,,,0,0.0,40.646698,86043,0.3454,hold,,,0.0,,,0,0.0,121.730003,12883,0.1549,hold,,,0.0,,,0,0.0,65.673698,23779,0.1542,hold,,,0.0,,,0,0.0
2010-09-13,10220474,159,False,False,,85.090202,41580,0.3462,hold,,,0.0,,,0,0.0,41.213673,86043,0.347,hold,,,0.0,,,0,0.0,121.620003,12883,0.1533,hold,,,0.0,,,0,0.0,65.994621,23779,0.1535,hold,,,0.0,,,0,0.0
2010-09-14,10279313,159,False,False,,85.037338,41580,0.344,hold,,,0.0,,,0,0.0,41.388107,86043,0.3464,hold,,,0.0,,,0,0.0,124.019997,12883,0.1554,hold,,,0.0,,,0,0.0,66.630028,23779,0.1541,hold,,,0.0,,,0,0.0
2010-09-15,10290794,159,False,False,,85.361961,41580,0.3449,hold,,,0.0,,,0,0.0,41.649807,86043,0.3482,hold,,,0.0,,,0,0.0,123.940002,12883,0.1552,hold,,,0.0,,,0,0.0,65.641579,23779,0.1517,hold,,,0.0,,,0,0.0
2010-09-16,10297584,159,False,False,,85.339317,41580,0.3446,hold,,,0.0,,,0,0.0,41.815514,86043,0.3494,hold,,,0.0,,,0,0.0,124.629997,12883,0.1559,hold,,,0.0,,,0,0.0,64.993317,23779,0.1501,hold,,,0.0,,,0,0.0
2010-09-17,10316195,159,False,False,,85.37117,41580,0.3441,hold,,,0.0,,,0,0.0,41.95715,86043,0.3499,hold,,,0.0,,,0,0.0,124.540001,12883,0.1555,hold,,,0.0,,,0,0.0,65.256538,23779,0.1504,hold,,,0.0,,,0,0.0
2010-09-20,10446918,159,False,False,,86.676521,41580,0.345,hold,,,0.0,,,0,0.0,42.691559,86043,0.3516,hold,,,0.0,,,0,0.0,124.870003,12883,0.154,hold,,,0.0,,,0,0.0,65.635185,23779,0.1494,hold,,,0.0,,,0,0.0
2010-09-21,10475266,159,False,False,,86.501968,41580,0.3434,hold,,,0.0,,,0,0.0,42.682796,86043,0.3506,hold,,,0.0,,,0,0.0,126.010002,12883,0.155,hold,,,0.0,,,0,0.0,66.546631,23779,0.1511,hold,,,0.0,,,0,0.0
2010-09-22,10464456,159,False,False,,86.076981,41580,0.342,hold,,,0.0,,,0,0.0,42.569149,86043,0.35,hold,,,0.0,,,0,0.0,126.199997,12883,0.1554,hold,,,0.0,,,0,0.0,67.143478,23779,0.1526,hold,,,0.0,,,0,0.0
2010-09-23,10439787,159,False,False,,85.378761,41580,0.34,hold,,,0.0,,,0,0.0,42.55167,86043,0.3507,hold,,,0.0,,,0,0.0,126.300003,12883,0.1559,hold,,,0.0,,,0,0.0,67.336029,23779,0.1534,hold,,,0.0,,,0,0.0
2010-09-24,10570979,159,False,False,,87.139465,41580,0.3428,hold,,,0.0,,,0,0.0,43.417236,86043,0.3534,hold,,,0.0,,,0,0.0,126.690002,12883,0.1544,hold,,,0.0,,,0,0.0,66.431076,23779,0.1494,hold,,,0.0,,,0,0.0
2010-09-27,10561171,159,False,False,,86.722069,41580,0.3414,hold,,,0.0,,,0,0.0,43.18116,86043,0.3518,hold,,,0.0,,,0,0.0,126.720001,12883,0.1546,hold,,,0.0,,,0,0.0,67.586456,23779,0.1522,hold,,,0.0,,,0,0.0
2010-09-28,10597832,159,False,False,,87.02562,41580,0.3414,hold,,,0.0,,,0,0.0,43.163662,86043,0.3504,hold,,,0.0,,,0,0.0,127.849998,12883,0.1554,hold,,,0.0,,,0,0.0,68.048531,23779,0.1527,hold,,,0.0,,,0,0.0
2010-09-29,10580077,159,False,False,,86.873833,41580,0.3414,hold,,,0.0,,,0,0.0,43.093731,86043,0.3505,hold,,,0.0,,,0,0.0,127.949997,12883,0.1558,hold,,,0.0,,,0,0.0,67.766144,23779,0.1523,hold,,,0.0,,,0,0.0
2010-09-30,10551214,159,False,False,,86.615807,41580,0.3413,hold,,,0.0,,,0,0.0,42.90139,86043,0.3499,hold,,,0.0,,,0,0.0,127.910004,12883,0.1562,hold,,,0.0,,,0,0.0,67.721153,23779,0.1526,hold,,,0.0,,,0,0.0
2010-10-01,10566949,159,True,False,,86.980103,41580,0.3423,hold,,,0.0,,,0,0.0,42.848927,86043,0.3489,hold,,,0.0,,,0,0.0,128.910004,12883,0.1572,hold,,,0.0,,,0,0.0,67.393906,23779,0.1517,hold,,,0.0,,,0,0.0
2010-10-04,10498281,159,False,False,,86.327431,41580,0.3419,hold,,,0.0,,,0,0.0,42.385555,86043,0.3474,hold,,,0.0,,,0,0.0,128.460007,12883,0.1576,hold,,,0.0,,,0,0.0,67.567886,23779,0.153,hold,,,0.0,,,0,0.0
2010-10-05,10682254,159,False,False,,88.065346,41580,0.3428,hold,,,0.0,,,0,0.0,43.417236,86043,0.3497,hold,,,0.0,,,0,0.0,130.990005,12883,0.158,hold,,,0.0,,,0,0.0,67.162003,23779,0.1495,hold,,,0.0,,,0,0.0
2010-10-06,10680221,159,False,False,,88.057762,41580,0.3428,hold,,,0.0,,,0,0.0,43.041271,86043,0.3468,hold,,,0.0,,,0,0.0,131.809998,12883,0.159,hold,,,0.0,,,0,0.0,68.00589,23779,0.1514,hold,,,0.0,,,0,0.0
2010-10-07,10657310,159,False,False,,87.951508,41580,0.3431,hold,,,0.0,,,0,0.0,43.19862,86043,0.3488,hold,,,0.0,,,0,0.0,130.369995,12883,0.1576,hold,,,0.0,,,0,0.0,67.438988,23779,0.1505,hold,,,0.0,,,0,0.0
2010-10-08,10712973,159,False,False,,88.444855,41580,0.3433,hold,,,0.0,,,0,0.0,43.495899,86043,0.3493,hold,,,0.0,,,0,0.0,131.660004,12883,0.1583,hold,,,0.0,,,0,0.0,67.142616,23779,0.149,hold,,,0.0,,,0,0.0
2010-10-11,10726371,159,False,False,,88.528297,41580,0.3432,hold,,,0.0,,,0,0.0,43.513393,86043,0.349,hold,,,0.0,,,0,0.0,132.289993,12883,0.1589,hold,,,0.0,,,0,0.0,67.155495,23779,0.1489,hold,,,0.0,,,0,0.0
2010-10-12,10743278,159,False,False,,88.801529,41580,0.3437,hold,,,0.0,,,0,0.0,43.810638,86043,0.3509,hold,,,0.0,,,0,0.0,131.960007,12883,0.1582,hold,,,0.0,,,0,0.0,66.491959,23779,0.1472,hold,,,0.0,,,0,0.0
2010-10-13,10827568,159,False,False,,89.492104,41580,0.3437,hold,,,0.0,,,0,0.0,44.169106,86043,0.351,hold,,,0.0,,,0,0.0,134.070007,12883,0.1595,hold,,,0.0,,,0,0.0,66.388893,23779,0.1458,hold,,,0.0,,,0,0.0
2010-10-14,10790698,159,False,False,,89.143005,41580,0.3435,hold,,,0.0,,,0,0.0,44.081673,86043,0.3515,hold,,,0.0,,,0,0.0,134.75,12883,0.1609,hold,,,0.0,,,0,0.0,65.396774,23779,0.1441,hold,,,0.0,,,0,0.0
2010-10-15,10845983,159,False,False,,89.32518,41580,0.3424,hold,,,0.0,,,0,0.0,45.017155,86043,0.3571,hold,,,0.0,,,0,0.0,133.679993,12883,0.1588,hold,,,0.0,,,0,0.0,64.597878,23779,0.1416,hold,,,0.0,,,0,0.0
2010-10-18,10870132,159,False,False,,89.765335,41580,0.3434,hold,,,0.0,,,0,0.0,44.851055,86043,0.355,hold,,,0.0,,,0,0.0,134.279999,12883,0.1591,hold,,,0.0,,,0,0.0,65.119751,23779,0.1425,hold,,,0.0,,,0,0.0
2010-10-19,10740734,159,False,False,,88.589005,41580,0.3429,hold,,,0.0,,,0,0.0,44.431389,86043,0.3559,hold,,,0.0,,,0,0.0,130.110001,12883,0.1561,hold,,,0.0,,,0,0.0,65.512718,23779,0.145,hold,,,0.0,,,0,0.0
2010-10-20,10823501,159,False,False,,89.454185,41580,0.3437,hold,,,0.0,,,0,0.0,44.754875,86043,0.3558,hold,,,0.0,,,0,0.0,131.320007,12883,0.1563,hold,,,0.0,,,0,0.0,65.654495,23779,0.1442,hold,,,0.0,,,0,0.0
2010-10-21,10796858,159,False,False,,89.651505,41580,0.3453,hold,,,0.0,,,0,0.0,44.842316,86043,0.3574,hold,,,0.0,,,0,0.0,129.470001,12883,0.1545,hold,,,0.0,,,0,0.0,64.874901,23779,0.1429,hold,,,0.0,,,0,0.0
2010-10-22,10843897,159,False,False,,89.818474,41580,0.3444,hold,,,0.0,,,0,0.0,45.148308,86043,0.3582,hold,,,0.0,,,0,0.0,129.729996,12883,0.1541,hold,,,0.0,,,0,0.0,65.313026,23779,0.1432,hold,,,0.0,,,0,0.0
2010-10-25,10892620,159,False,False,,90.084084,41580,0.3439,hold,,,0.0,,,0,0.0,45.366894,86043,0.3584,hold,,,0.0,,,0,0.0,130.850006,12883,0.1548,hold,,,0.0,,,0,0.0,65.499847,23779,0.143,hold,,,0.0,,,0,0.0
2010-10-26,10880118,159,False,False,,90.099266,41580,0.3443,hold,,,0.0,,,0,0.0,45.489292,86043,0.3597,hold,,,0.0,,,0,0.0,130.880005,12883,0.155,hold,,,0.0,,,0,0.0,64.488388,23779,0.1409,hold,,,0.0,,,0,0.0
2010-10-27,10850422,159,False,False,,89.841248,41580,0.3443,hold,,,0.0,,,0,0.0,45.629158,86043,0.3618,hold,,,0.0,,,0,0.0,129.520004,12883,0.1538,hold,,,0.0,,,0,0.0,63.921444,23779,0.1401,hold,,,0.0,,,0,0.0
2010-10-28,10885623,159,False,False,,89.8564,41580,0.3432,hold,,,0.0,,,0,0.0,45.725349,86043,0.3614,hold,,,0.0,,,0,0.0,131.240005,12883,0.1553,hold,,,0.0,,,0,0.0,64.095398,23779,0.14,hold,,,0.0,,,0,0.0
2010-10-29,10911460,159,False,False,,89.924698,41580,0.3427,hold,,,0.0,,,0,0.0,45.62043,86043,0.3597,hold,,,0.0,,,0,0.0,132.619995,12883,0.1566,hold,,,0.0,,,0,0.0,64.694489,23779,0.141,hold,,,0.0,,,0,0.0
2010-11-01,10900090,159,True,False,,89.955055,41580,0.3431,hold,,,0.0,,,0,0.0,45.655399,86043,0.3604,hold,,,0.0,,,0,0.0,131.919998,12883,0.1559,hold,,,0.0,,,0,0.0,64.415955,23779,0.1405,hold,,,0.0,,,0,0.0
2010-11-02,10999355,159,False,False,,90.668457,41580,0.3427,hold,,,0.0,,,0,0.0,46.144997,86043,0.361,hold,,,0.0,,,0,0.0,132.490005,12883,0.1552,hold,,,0.0,,,0,0.0,65.262596,23779,0.1411,hold,,,0.0,,,0,0.0
2010-11-03,10989045,159,False,False,,91.032707,41580,0.3444,hold,,,0.0,,,0,0.0,46.35482,86043,0.363,hold,,,0.0,,,0,0.0,131.570007,12883,0.1542,hold,,,0.0,,,0,0.0,63.931301,23779,0.1383,hold,,,0.0,,,0,0.0
2010-11-04,11180129,159,False,False,,92.785873,41580,0.3451,hold,,,0.0,,,0,0.0,46.923111,86043,0.3611,hold,,,0.0,,,0,0.0,136.029999,12883,0.1567,hold,,,0.0,,,0,0.0,64.428879,23779,0.137,hold,,,0.0,,,0,0.0
2010-11-05,11172874,159,False,False,,93.134941,41580,0.3466,hold,,,0.0,,,0,0.0,46.923111,86043,0.3614,hold,,,0.0,,,0,0.0,136.380005,12883,0.1573,hold,,,0.0,,,0,0.0,63.32375,23779,0.1348,hold,,,0.0,,,0,0.0
2010-11-08,11195679,159,False,False,,92.960411,41580,0.3452,hold,,,0.0,,,0,0.0,46.984299,86043,0.3611,hold,,,0.0,,,0,0.0,137.779999,12883,0.1585,hold,,,0.0,,,0,0.0,63.608089,23779,0.1351,hold,,,0.0,,,0,0.0
2010-11-09,11084533,159,False,False,,92.292549,41580,0.3462,hold,,,0.0,,,0,0.0,46.73077,86043,0.3627,hold,,,0.0,,,0,0.0,135.589996,12883,0.1576,hold,,,0.0,,,0,0.0,62.205673,23779,0.1334,hold,,,0.0,,,0,0.0
2010-11-10,11143561,159,False,False,,92.664421,41580,0.3458,hold,,,0.0,,,0,0.0,46.966824,86043,0.3626,hold,,,0.0,,,0,0.0,137.240005,12883,0.1587,hold,,,0.0,,,0,0.0,62.2897,23779,0.1329,hold,,,0.0,,,0,0.0
2010-11-11,11108112,159,False,False,,92.315323,41580,0.3456,hold,,,0.0,,,0,0.0,46.669571,86043,0.3615,hold,,,0.0,,,0,0.0,137.660004,12883,0.1597,hold,,,0.0,,,0,0.0,62.257385,23779,0.1333,hold,,,0.0,,,0,0.0
2010-11-12,10938086,159,False,False,,91.22245,41580,0.3468,hold,,,0.0,,,0,0.0,45.908943,86043,0.3611,hold,,,0.0,,,0,0.0,133.690002,12883,0.1575,hold,,,0.0,,,0,0.0,61.921272,23779,0.1346,hold,,,0.0,,,0,0.0
2010-11-15,10870579,159,False,False,,91.093445,41580,0.3484,hold,,,0.0,,,0,0.0,45.734089,86043,0.362,hold,,,0.0,,,0,0.0,132.419998,12883,0.1569,hold,,,0.0,,,0,0.0,60.6287,23779,0.1326,hold,,,0.0,,,0,0.0
2010-11-16,10764001,159,False,False,,89.674278,41580,0.3464,hold,,,0.0,,,0,0.0,44.982182,86043,0.3596,hold,,,0.0,,,0,0.0,130.970001,12883,0.1568,hold,,,0.0,,,0,0.0,62.13456,23779,0.1373,hold,,,0.0,,,0,0.0
2010-11-17,10761432,159,False,False,,89.719795,41580,0.3467,hold,,,0.0,,,0,0.0,45.113346,86043,0.3607,hold,,,0.0,,,0,0.0,130.380005,12883,0.1561,hold,,,0.0,,,0,0.0,61.791973,23779,0.1365,hold,,,0.0,,,0,0.0
2010-11-18,10906803,159,False,False,,91.040314,41580,0.3471,hold,,,0.0,,,0,0.0,45.839012,86043,0.3616,hold,,,0.0,,,0,0.0,132.089996,12883,0.156,hold,,,0.0,,,0,0.0,62.044113,23779,0.1353,hold,,,0.0,,,0,0.0
2010-11-19,10930709,159,False,False,,91.290771,41580,0.3473,hold,,,0.0,,,0,0.0,45.873962,86043,0.3611,hold,,,0.0,,,0,0.0,132.199997,12883,0.1558,hold,,,0.0,,,0,0.0,62.425415,23779,0.1358,hold,,,0.0,,,0,0.0
2010-11-22,10983444,159,False,False,,91.21489,41580,0.3453,hold,,,0.0,,,0,0.0,46.258652,86043,0.3624,hold,,,0.0,,,0,0.0,133.479996,12883,0.1566,hold,,,0.0,,,0,0.0,62.690365,23779,0.1357,hold,,,0.0,,,0,0.0
2010-11-23,10884703,159,False,False,,89.894356,41580,0.3434,hold,,,0.0,,,0,0.0,45.524239,86043,0.3599,hold,,,0.0,,,0,0.0,134.410004,12883,0.1591,hold,,,0.0,,,0,0.0,63.000584,23779,0.1376,hold,,,0.0,,,0,0.0
2010-11-24,10989210,159,False,False,,91.22245,41580,0.3452,hold,,,0.0,,,0,0.0,46.442257,86043,0.3636,hold,,,0.0,,,0,0.0,134.179993,12883,0.1573,hold,,,0.0,,,0,0.0,61.876022,23779,0.1339,hold,,,0.0,,,0,0.0
2010-11-26,10925358,159,False,False,,90.159966,41580,0.3431,hold,,,0.0,,,0,0.0,46.136253,86043,0.3633,hold,,,0.0,,,0,0.0,133.110001,12883,0.157,hold,,,0.0,,,0,0.0,62.735619,23779,0.1365,hold,,,0.0,,,0,0.0
2010-11-29,10951619,159,False,False,,90.433197,41580,0.3433,hold,,,0.0,,,0,0.0,46.101273,86043,0.3622,hold,,,0.0,,,0,0.0,133.509995,12883,0.1571,hold,,,0.0,,,0,0.0,63.272072,23779,0.1374,hold,,,0.0,,,0,0.0
2010-11-30,10914775,159,False,False,,89.924698,41580,0.3426,hold,,,0.0,,,0,0.0,45.541744,86043,0.359,hold,,,0.0,,,0,0.0,135.419998,12883,0.1598,hold,,,0.0,,,0,0.0,63.601646,23779,0.1386,hold,,,0.0,,,0,0.0
2010-12-01,11042912,159,True,False,,91.837212,41580,0.3458,hold,INCREASE_TO_TARGET,rebalance 2010-12-01,46428.0,,,0,0.0,46.503452,86043,0.3623,hold,REDUCE_TO_TARGET,rebalance 2010-12-01,-136277.0,,,0,0.0,135.380005,12883,0.1579,hold,REDUCE_TO_TARGET,rebalance 2010-12-01,-87664.0,,,0,0.0,62.187859,23779,0.1339,hold,INCREASE_TO_TARGET,rebalance 2010-12-01,177672.0,,,0,0.0
2010-12-02,11123947,115,False,True,monthly,93.013535,42082,0.3519,hold,,,0.0,INCREASE_TO_TARGET,buy,502,91.9814,46.975563,83109,0.351,hold,,,0.0,REDUCE_TO_TARGET,sell,2934,46.433671,135.199997,12235,0.1487,hold,,,0.0,REDUCE_TO_TARGET,sell,648,135.213135,62.025692,26624,0.1485,hold,,,0.0,INCREASE_TO_TARGET,buy,2845,62.233222
2010-12-03,11166825,115,False,False,,93.263947,42082,0.3515,hold,,,0.0,,,0,0.0,47.097984,83109,0.3505,hold,,,0.0,,,0,0.0,138.070007,12235,0.1513,hold,,,0.0,,,0,0.0,61.539341,26624,0.1467,hold,,,0.0,,,0,0.0
2010-12-06,11197081,115,False,False,,93.165329,42082,0.3501,hold,,,0.0,,,0,0.0,47.080479,83109,0.3494,hold,,,0.0,,,0,0.0,139.110001,12235,0.152,hold,,,0.0,,,0,0.0,62.408344,26624,0.1484,hold,,,0.0,,,0,0.0
2010-12-07,11133995,115,False,False,,93.218414,42082,0.3523,hold,,,0.0,,,0,0.0,47.10672,83109,0.3516,hold,,,0.0,,,0,0.0,136.5,12235,0.15,hold,,,0.0,,,0,0.0,61.072437,26624,0.146,hold,,,0.0,,,0,0.0
2010-12-08,11126264,115,False,False,,93.559959,42082,0.3539,hold,,,0.0,,,0,0.0,47.281574,83109,0.3532,hold,,,0.0,,,0,0.0,134.789993,12235,0.1482,hold,,,0.0,,,0,0.0,60.482235,26624,0.1447,hold,,,0.0,,,0,0.0
2010-12-09,11160265,115,False,False,,93.924232,42082,0.3542,hold,,,0.0,,,0,0.0,47.325287,83109,0.3524,hold,,,0.0,,,0,0.0,135.369995,12235,0.1484,hold,,,0.0,,,0,0.0,60.780529,26624,0.145,hold,,,0.0,,,0,0.0
2010-12-10,11200066,115,False,False,,94.470673,42082,0.355,hold,,,0.0,,,0,0.0,47.640034,83109,0.3535,hold,,,0.0,,,0,0.0,135.410004,12235,0.1479,hold,,,0.0,,,0,0.0,60.410858,26624,0.1436,hold,,,0.0,,,0,0.0
2010-12-13,11202690,115,False,False,,94.53138,42082,0.3551,hold,,,0.0,,,0,0.0,47.473923,83109,0.3522,hold,,,0.0,,,0,0.0,136.050003,12235,0.1486,hold,,,0.0,,,0,0.0,60.637894,26624,0.1441,hold,,,0.0,,,0,0.0
2010-12-14,11191575,115,False,False,,94.614838,42082,0.3558,hold,,,0.0,,,0,0.0,47.561359,83109,0.3532,hold,,,0.0,,,0,0.0,136.179993,12235,0.1489,hold,,,0.0,,,0,0.0,59.755836,26624,0.1422,hold,,,0.0,,,0,0.0
2010-12-15,11117104,115,False,False,,94.182259,42082,0.3565,hold,,,0.0,,,0,0.0,47.351501,83109,0.354,hold,,,0.0,,,0,0.0,134.699997,12235,0.1482,hold,,,0.0,,,0,0.0,58.977619,26624,0.1412,hold,,,0.0,,,0,0.0
2010-12-16,11170607,115,False,False,,94.728706,42082,0.3569,hold,,,0.0,,,0,0.0,47.718716,83109,0.355,hold,,,0.0,,,0,0.0,133.809998,12235,0.1466,hold,,,0.0,,,0,0.0,59.386211,26624,0.1415,hold,,,0.0,,,0,0.0
2010-12-17,11211979,115,False,False,,94.830185,42082,0.3559,hold,,,0.0,,,0,0.0,47.760765,83109,0.354,hold,,,0.0,,,0,0.0,134.199997,12235,0.1464,hold,,,0.0,,,0,0.0,60.46925,26624,0.1436,hold,,,0.0,,,0,0.0
2010-12-20,11233928,115,False,False,,95.059036,42082,0.3561,hold,,,0.0,,,0,0.0,47.795807,83109,0.3536,hold,,,0.0,,,0,0.0,135.110001,12235,0.1471,hold,,,0.0,,,0,0.0,60.404373,26624,0.1432,hold,,,0.0,,,0,0.0
2010-12-21,11297110,115,False,False,,95.661743,42082,0.3563,hold,,,0.0,,,0,0.0,48.084881,83109,0.3537,hold,,,0.0,,,0,0.0,135.320007,12235,0.1466,hold,,,0.0,,,0,0.0,60.825951,26624,0.1433,hold,,,0.0,,,0,0.0
2010-12-22,11294032,115,False,False,,95.959274,42082,0.3575,hold,,,0.0,,,0,0.0,48.076145,83109,0.3538,hold,,,0.0,,,0,0.0,135.050003,12235,0.1463,hold,,,0.0,,,0,0.0,60.391434,26624,0.1424,hold,,,0.0,,,0,0.0
2010-12-23,11270008,115,False,False,,95.821983,42082,0.3578,hold,,,0.0,,,0,0.0,47.953487,83109,0.3536,hold,,,0.0,,,0,0.0,134.660004,12235,0.1462,hold,,,0.0,,,0,0.0,60.268215,26624,0.1424,hold,,,0.0,,,0,0.0
2010-12-27,11292531,115,False,False,,95.860085,42082,0.3572,hold,,,0.0,,,0,0.0,47.979771,83109,0.3531,hold,,,0.0,,,0,0.0,135.020004,12235,0.1463,hold,,,0.0,,,0,0.0,60.806454,26624,0.1434,hold,,,0.0,,,0,0.0
2010-12-28,11286241,115,False,False,,95.997414,42082,0.3579,hold,,,0.0,,,0,0.0,47.892159,83109,0.3527,hold,,,0.0,,,0,0.0,137.220001,12235,0.1488,hold,,,0.0,,,0,0.0,59.615635,26624,0.1406,hold,,,0.0,,,0,0.0
2010-12-29,11330718,115,False,False,,96.066093,42082,0.3568,hold,,,0.0,,,0,0.0,47.997292,83109,0.3521,hold,,,0.0,,,0,0.0,137.710007,12235,0.1487,hold,,,0.0,,,0,0.0,60.624275,26624,0.1424,hold,,,0.0,,,0,0.0
2010-12-30,11305298,115,False,False,,95.91349,42082,0.357,hold,,,0.0,,,0,0.0,47.883404,83109,0.352,hold,,,0.0,,,0,0.0,137.029999,12235,0.1483,hold,,,0.0,,,0,0.0,60.578701,26624,0.1427,hold,,,0.0,,,0,0.0
2010-12-31,11330225,115,False,False,,95.936356,42082,0.3563,hold,,,0.0,,,0,0.0,47.708218,83109,0.3499,hold,,,0.0,,,0,0.0,138.720001,12235,0.1498,hold,,,0.0,,,0,0.0,61.249027,26624,0.1439,hold,,,0.0,,,0,0.0
2011-01-03,11412732,115,True,False,,96.928154,42082,0.3574,hold,,,0.0,,,0,0.0,48.452816,83109,0.3528,hold,,,0.0,,,0,0.0,138.0,12235,0.1479,hold,,,0.0,,,0,0.0,60.786934,26624,0.1418,hold,,,0.0,,,0,0.0
2011-01-04,11369716,115,False,False,,96.874771,42082,0.3586,hold,,,0.0,,,0,0.0,48.417778,83109,0.3539,hold,,,0.0,,,0,0.0,134.75,12235,0.145,hold,,,0.0,,,0,0.0,60.858524,26624,0.1425,hold,,,0.0,,,0,0.0
2011-01-05,11384784,115,False,False,,97.378311,42082,0.3599,hold,,,0.0,,,0,0.0,48.829521,83109,0.3565,hold,,,0.0,,,0,0.0,134.369995,12235,0.1444,hold,,,0.0,,,0,0.0,59.517929,26624,0.1392,hold,,,0.0,,,0,0.0
2011-01-06,11390187,115,False,False,,97.187576,42082,0.3591,hold,,,0.0,,,0,0.0,48.987202,83109,0.3574,hold,,,0.0,,,0,0.0,133.830002,12235,0.1438,hold,,,0.0,,,0,0.0,59.778286,26624,0.1397,hold,,,0.0,,,0,0.0
2011-01-07,11383951,115,False,False,,96.996826,42082,0.3586,hold,,,0.0,,,0,0.0,48.943401,83109,0.3573,hold,,,0.0,,,0,0.0,133.580002,12235,0.1436,hold,,,0.0,,,0,0.0,60.097168,26624,0.1406,hold,,,0.0,,,0,0.0
2011-01-10,11409373,115,False,False,,96.874771,42082,0.3573,hold,,,0.0,,,0,0.0,49.127369,83109,0.3579,hold,,,0.0,,,0,0.0,134.119995,12235,0.1438,hold,,,0.0,,,0,0.0,60.422493,26624,0.141,hold,,,0.0,,,0,0.0
2011-01-11,11430301,115,False,False,,97.218086,42082,0.3579,hold,,,0.0,,,0,0.0,49.197449,83109,0.3577,hold,,,0.0,,,0,0.0,134.910004,12235,0.1444,hold,,,0.0,,,0,0.0,60.084133,26624,0.14,hold,,,0.0,,,0,0.0
2011-01-12,11490600,115,False,False,,98.095421,42082,0.3593,hold,,,0.0,,,0,0.0,49.547859,83109,0.3584,hold,,,0.0,,,0,0.0,135.460007,12235,0.1442,hold,,,0.0,,,0,0.0,59.615635,26624,0.1381,hold,,,0.0,,,0,0.0
2011-01-13,11482268,115,False,False,,97.935234,42082,0.3589,hold,,,0.0,,,0,0.0,49.565372,83109,0.3588,hold,,,0.0,,,0,0.0,134.050003,12235,0.1428,hold,,,0.0,,,0,0.0,60.149181,26624,0.1395,hold,,,0.0,,,0,0.0
2011-01-14,11515844,115,False,False,,98.64473,42082,0.3605,hold,,,0.0,,,0,0.0,49.933315,83109,0.3604,hold,,,0.0,,,0,0.0,132.690002,12235,0.141,hold,,,0.0,,,0,0.0,59.765274,26624,0.1382,hold,,,0.0,,,0,0.0
2011-01-18,11536156,115,False,False,,98.812531,42082,0.3605,hold,,,0.0,,,0,0.0,50.073456,83109,0.3607,hold,,,0.0,,,0,0.0,133.429993,12235,0.1415,hold,,,0.0,,,0,0.0,59.485451,26624,0.1373,hold,,,0.0,,,0,0.0
2011-01-19,11463044,115,False,False,,97.843643,42082,0.3592,hold,,,0.0,,,0,0.0,49.504051,83109,0.3589,hold,,,0.0,,,0,0.0,133.720001,12235,0.1427,hold,,,0.0,,,0,0.0,59.914951,26624,0.1392,hold,,,0.0,,,0,0.0
2011-01-20,11375626,115,False,False,,97.713966,42082,0.3615,hold,,,0.0,,,0,0.0,49.153625,83109,0.3591,hold,,,0.0,,,0,0.0,131.199997,12235,0.1411,hold,,,0.0,,,0,0.0,59.08844,26624,0.1383,hold,,,0.0,,,0,0.0
2011-01-21,11364027,115,False,False,,97.935234,42082,0.3627,hold,,,0.0,,,0,0.0,48.776951,83109,0.3567,hold,,,0.0,,,0,0.0,131.029999,12235,0.1411,hold,,,0.0,,,0,0.0,59.556999,26624,0.1395,hold,,,0.0,,,0,0.0
2011-01-24,11436020,115,False,False,,98.492165,42082,0.3624,hold,,,0.0,,,0,0.0,49.451485,83109,0.3594,hold,,,0.0,,,0,0.0,130.360001,12235,0.1395,hold,,,0.0,,,0,0.0,59.583065,26624,0.1387,hold,,,0.0,,,0,0.0
2011-01-25,11455983,115,False,False,,98.54554,42082,0.362,hold,,,0.0,,,0,0.0,49.521576,83109,0.3593,hold,,,0.0,,,0,0.0,130.100006,12235,0.1389,hold,,,0.0,,,0,0.0,60.149181,26624,0.1398,hold,,,0.0,,,0,0.0
2011-01-26,11482589,115,False,False,,98.92701,42082,0.3626,hold,,,0.0,,,0,0.0,49.78437,83109,0.3603,hold,,,0.0,,,0,0.0,131.160004,12235,0.1398,hold,,,0.0,,,0,0.0,59.238121,26624,0.1374,hold,,,0.0,,,0,0.0
2011-01-27,11485931,115,False,False,,99.171143,42082,0.3633,hold,,,0.0,,,0,0.0,50.090992,83109,0.3624,hold,,,0.0,,,0,0.0,127.93,12235,0.1363,hold,,,0.0,,,0,0.0,59.504944,26624,0.1379,hold,,,0.0,,,0,0.0
2011-01-28,11344552,115,False,False,,97.439323,42082,0.3614,hold,,,0.0,,,0,0.0,48.820751,83109,0.3577,hold,,,0.0,,,0,0.0,130.279999,12235,0.1405,hold,,,0.0,,,0,0.0,59.817307,26624,0.1404,hold,,,0.0,,,0,0.0
2011-01-31,11377888,115,False,False,,98.171722,42082,0.3631,hold,,,0.0,,,0,0.0,49.057278,83109,0.3583,hold,,,0.0,,,0,0.0,129.869995,12235,0.1397,hold,,,0.0,,,0,0.0,59.361828,26624,0.1389,hold,,,0.0,,,0,0.0
2011-02-01,11524022,115,True,False,,99.743309,42082,0.3642,hold,,,0.0,,,0,0.0,49.9771,83109,0.3604,hold,,,0.0,,,0,0.0,130.800003,12235,0.1389,hold,,,0.0,,,0,0.0,59.067924,26624,0.1365,hold,,,0.0,,,0,0.0
2011-02-02,11505509,115,False,False,,99.552597,42082,0.3641,hold,,,0.0,,,0,0.0,49.898251,83109,0.3604,hold,,,0.0,,,0,0.0,130.449997,12235,0.1387,hold,,,0.0,,,0,0.0,59.08099,26624,0.1367,hold,,,0.0,,,0,0.0
2011-02-03,11530471,115,False,False,,99.773811,42082,0.3641,hold,,,0.0,,,0,0.0,49.985859,83109,0.3603,hold,,,0.0,,,0,0.0,132.199997,12235,0.1403,hold,,,0.0,,,0,0.0,58.591198,26624,0.1353,hold,,,0.0,,,0,0.0
2011-02-04,11543220,115,False,False,,100.056122,42082,0.3648,hold,,,0.0,,,0,0.0,50.266182,83109,0.3619,hold,,,0.0,,,0,0.0,131.660004,12235,0.1396,hold,,,0.0,,,0,0.0,57.996956,26624,0.1338,hold,,,0.0,,,0,0.0
2011-02-07,11597445,115,False,False,,100.681686,42082,0.3653,hold,,,0.0,,,0,0.0,50.502716,83109,0.3619,hold,,,0.0,,,0,0.0,131.679993,12235,0.1389,hold,,,0.0,,,0,0.0,58.297329,26624,0.1338,hold,,,0.0,,,0,0.0
2011-02-08,11647984,115,False,False,,101.139465,42082,0.3654,hold,,,0.0,,,0,0.0,50.835621,83109,0.3627,hold,,,0.0,,,0,0.0,133.139999,12235,0.1398,hold,,,0.0,,,0,0.0,57.76186,26624,0.132,hold,,,0.0,,,0,0.0
2011-02-09,11643601,115,False,False,,100.910599,42082,0.3647,hold,,,0.0,,,0,0.0,50.748001,83109,0.3622,hold,,,0.0,,,0,0.0,133.070007,12235,0.1398,hold,,,0.0,,,0,0.0,58.264687,26624,0.1332,hold,,,0.0,,,0,0.0
2011-02-10,11631158,115,False,False,,100.948708,42082,0.3652,hold,,,0.0,,,0,0.0,50.826847,83109,0.3632,hold,,,0.0,,,0,0.0,132.850006,12235,0.1397,hold,,,0.0,,,0,0.0,57.592041,26624,0.1318,hold,,,0.0,,,0,0.0
2011-02-11,11702696,115,False,False,,101.551422,42082,0.3652,hold,,,0.0,,,0,0.0,51.194775,83109,0.3636,hold,,,0.0,,,0,0.0,132.320007,12235,0.1383,hold,,,0.0,,,0,0.0,58.421406,26624,0.1329,hold,,,0.0,,,0,0.0
2011-02-14,11731913,115,False,False,,101.79554,42082,0.3651,hold,,,0.0,,,0,0.0,51.317417,83109,0.3635,hold,,,0.0,,,0,0.0,132.949997,12235,0.1387,hold,,,0.0,,,0,0.0,58.460598,26624,0.1327,hold,,,0.0,,,0,0.0
2011-02-15,11732041,115,False,False,,101.475151,42082,0.364,hold,,,0.0,,,0,0.0,51.247337,83109,0.363,hold,,,0.0,,,0,0.0,133.970001,12235,0.1397,hold,,,0.0,,,0,0.0,58.721851,26624,0.1333,hold,,,0.0,,,0,0.0
2011-02-16,11783223,115,False,False,,102.115982,42082,0.3647,hold,,,0.0,,,0,0.0,51.580238,83109,0.3638,hold,,,0.0,,,0,0.0,134.100006,12235,0.1392,hold,,,0.0,,,0,0.0,58.53241,26624,0.1323,hold,,,0.0,,,0,0.0
2011-02-17,11808543,115,False,False,,102.421173,42082,0.365,hold,,,0.0,,,0,0.0,51.562695,83109,0.3629,hold,,,0.0,,,0,0.0,135.039993,12235,0.1399,hold,,,0.0,,,0,0.0,58.623856,26624,0.1322,hold,,,0.0,,,0,0.0
2011-02-18,11807726,115,False,False,,102.634781,42082,0.3658,hold,,,0.0,,,0,0.0,51.448818,83109,0.3621,hold,,,0.0,,,0,0.0,135.410004,12235,0.1403,hold,,,0.0,,,0,0.0,58.44099,26624,0.1318,hold,,,0.0,,,0,0.0
2011-02-22,11631341,115,False,False,,100.574921,42082,0.3639,hold,,,0.0,,,0,0.0,49.959591,83109,0.357,hold,,,0.0,,,0,0.0,136.289993,12235,0.1434,hold,,,0.0,,,0,0.0,59.316093,26624,0.1358,hold,,,0.0,,,0,0.0
2011-02-23,11591780,115,False,False,,99.95694,42082,0.3629,hold,,,0.0,,,0,0.0,49.547859,83109,0.3552,hold,,,0.0,,,0,0.0,137.509995,12235,0.1451,hold,,,0.0,,,0,0.0,59.531593,26624,0.1367,hold,,,0.0,,,0,0.0
2011-02-24,11608214,115,False,False,,99.888275,42082,0.3621,hold,,,0.0,,,0,0.0,49.810665,83109,0.3566,hold,,,0.0,,,0,0.0,136.479996,12235,0.1438,hold,,,0.0,,,0,0.0,59.910336,26624,0.1374,hold,,,0.0,,,0,0.0
2011-02-25,11731079,115,False,False,,100.956383,42082,0.3622,hold,,,0.0,,,0,0.0,50.502716,83109,0.3578,hold,,,0.0,,,0,0.0,137.380005,12235,0.1433,hold,,,0.0,,,0,0.0,60.263027,26624,0.1368,hold,,,0.0,,,0,0.0
2011-02-28,11771652,115,False,False,,101.581924,42082,0.3631,hold,,,0.0,,,0,0.0,50.607834,83109,0.3573,hold,,,0.0,,,0,0.0,137.660004,12235,0.1431,hold,,,0.0,,,0,0.0,60.341419,26624,0.1365,hold,,,0.0,,,0,0.0
2011-03-01,11666324,115,True,False,,99.888275,42082,0.3603,hold,,,0.0,,,0,0.0,49.79314,83109,0.3547,hold,,,0.0,,,0,0.0,140.029999,12235,0.1469,hold,,,0.0,,,0,0.0,60.516281,26624,0.1381,hold,,,0.0,,,0,0.0
2011-03-02,11671042,115,False,False,,100.101906,42082,0.3609,hold,,,0.0,,,0,0.0,50.055958,83109,0.3564,hold,,,0.0,,,0,0.0,139.919998,12235,0.1467,hold,,,0.0,,,0,0.0,59.585964,26624,0.1359,hold,,,0.0,,,0,0.0
2011-03-03,11787954,115,False,False,,101.826057,42082,0.3635,hold,,,0.0,,,0,0.0,51.045868,83109,0.3599,hold,,,0.0,,,0,0.0,138.089996,12235,0.1433,hold,,,0.0,,,0,0.0,59.002872,26624,0.1333,hold,,,0.0,,,0,0.0
2011-03-04,11762506,115,False,False,,101.063171,42082,0.3616,hold,,,0.0,,,0,0.0,50.783051,83109,0.3588,hold,,,0.0,,,0,0.0,139.350006,12235,0.1449,hold,,,0.0,,,0,0.0,59.49424,26624,0.1347,hold,,,0.0,,,0,0.0
2011-03-07,11666739,115,False,False,,100.269699,42082,0.3617,hold,,,0.0,,,0,0.0,50.099747,83109,0.3569,hold,,,0.0,,,0,0.0,139.720001,12235,0.1465,hold,,,0.0,,,0,0.0,59.114326,26624,0.1349,hold,,,0.0,,,0,0.0
2011-03-08,11706406,115,False,False,,101.147079,42082,0.3636,hold,,,0.0,,,0,0.0,50.301224,83109,0.3571,hold,,,0.0,,,0,0.0,139.360001,12235,0.1457,hold,,,0.0,,,0,0.0,58.753948,26624,0.1336,hold,,,0.0,,,0,0.0
2011-03-09,11687700,115,False,False,,101.002121,42082,0.3637,hold,,,0.0,,,0,0.0,49.959591,83109,0.3553,hold,,,0.0,,,0,0.0,139.410004,12235,0.1459,hold,,,0.0,,,0,0.0,59.32394,26624,0.1351,hold,,,0.0,,,0,0.0
2011-03-10,11550691,115,False,False,,99.132965,42082,0.3612,hold,,,0.0,,,0,0.0,49.179916,83109,0.3539,hold,,,0.0,,,0,0.0,137.770004,12235,0.1459,hold,,,0.0,,,0,0.0,60.319748,26624,0.139,hold,,,0.0,,,0,0.0
2011-03-11,11601504,115,False,False,,99.819611,42082,0.3621,hold,,,0.0,,,0,0.0,49.48653,83109,0.3545,hold,,,0.0,,,0,0.0,138.220001,12235,0.1458,hold,,,0.0,,,0,0.0,59.979042,26624,0.1376,hold,,,0.0,,,0,0.0
2011-03-14,11568714,115,False,False,,99.216919,42082,0.3609,hold,,,0.0,,,0,0.0,49.311337,83109,0.3542,hold,,,0.0,,,0,0.0,138.860001,12235,0.1469,hold,,,0.0,,,0,0.0,59.95282,26624,0.138,hold,,,0.0,,,0,0.0
2011-03-15,11454841,115,False,False,,98.08017,42082,0.3603,hold,,,0.0,,,0,0.0,48.610516,83109,0.3527,hold,,,0.0,,,0,0.0,136.270004,12235,0.1456,hold,,,0.0,,,0,0.0,60.850414,26624,0.1414,hold,,,0.0,,,0,0.0
2011-03-16,11298822,115,False,False,,96.26445,42082,0.3585,hold,,,0.0,,,0,0.0,47.436646,83109,0.3489,hold,,,0.0,,,0,0.0,136.240005,12235,0.1475,hold,,,0.0,,,0,0.0,61.538353,26624,0.145,hold,,,0.0,,,0,0.0
2011-03-17,11385210,115,False,False,,97.538483,42082,0.3605,hold,,,0.0,,,0,0.0,47.87466,83109,0.3495,hold,,,0.0,,,0,0.0,136.970001,12235,0.1472,hold,,,0.0,,,0,0.0,61.066612,26624,0.1428,hold,,,0.0,,,0,0.0
2011-03-18,11412662,115,False,False,,97.893272,42082,0.361,hold,,,0.0,,,0,0.0,47.766739,83109,0.3478,hold,,,0.0,,,0,0.0,138.369995,12235,0.1483,hold,,,0.0,,,0,0.0,61.230427,26624,0.1428,hold,,,0.0,,,0,0.0
2011-03-21,11552888,115,False,False,,99.410416,42082,0.3621,hold,,,0.0,,,0,0.0,48.687878,83109,0.3503,hold,,,0.0,,,0,0.0,139.139999,12235,0.1474,hold,,,0.0,,,0,0.0,60.870075,26624,0.1403,hold,,,0.0,,,0,0.0
2011-03-22,11535390,115,False,False,,99.065582,42082,0.3614,hold,,,0.0,,,0,0.0,48.600136,83109,0.3501,hold,,,0.0,,,0,0.0,139.050003,12235,0.1475,hold,,,0.0,,,0,0.0,61.073139,26624,0.141,hold,,,0.0,,,0,0.0
2011-03-23,11583612,115,False,False,,99.349083,42082,0.3609,hold,,,0.0,,,0,0.0,48.872082,83109,0.3506,hold,,,0.0,,,0,0.0,140.339996,12235,0.1482,hold,,,0.0,,,0,0.0,60.994549,26624,0.1402,hold,,,0.0,,,0,0.0
2011-03-24,11669863,115,False,False,,100.299225,42082,0.3617,hold,,,0.0,,,0,0.0,49.740578,83109,0.3542,hold,,,0.0,,,0,0.0,139.220001,12235,0.146,hold,,,0.0,,,0,0.0,60.535954,26624,0.1381,hold,,,0.0,,,0,0.0
2011-03-25,11689446,115,False,False,,100.605705,42082,0.3622,hold,,,0.0,,,0,0.0,49.863407,83109,0.3545,hold,,,0.0,,,0,0.0,139.259995,12235,0.1458,hold,,,0.0,,,0,0.0,60.385288,26624,0.1375,hold,,,0.0,,,0,0.0
2011-03-28,11649984,115,False,False,,100.360519,42082,0.3625,hold,,,0.0,,,0,0.0,49.59145,83109,0.3538,hold,,,0.0,,,0,0.0,138.539993,12235,0.1455,hold,,,0.0,,,0,0.0,60.470425,26624,0.1382,hold,,,0.0,,,0,0.0
2011-03-29,11702038,115,False,False,,101.034813,42082,0.3633,hold,,,0.0,,,0,0.0,50.073944,83109,0.3556,hold,,,0.0,,,0,0.0,138.210007,12235,0.1445,hold,,,0.0,,,0,0.0,60.005283,26624,0.1365,hold,,,0.0,,,0,0.0
2011-03-30,11769426,115,False,False,,101.732071,42082,0.3637,hold,,,0.0,,,0,0.0,50.310802,83109,0.3553,hold,,,0.0,,,0,0.0,138.669998,12235,0.1442,hold,,,0.0,,,0,0.0,60.483559,26624,0.1368,hold,,,0.0,,,0,0.0
2011-03-31,11780699,115,False,False,,101.594131,42082,0.3629,hold,,,0.0,,,0,0.0,50.380978,83109,0.3554,hold,,,0.0,,,0,0.0,139.860001,12235,0.1453,hold,,,0.0,,,0,0.0,60.35907,26624,0.1364,hold,,,0.0,,,0,0.0
2011-04-01,11800681,115,True,False,,102.023224,42082,0.3638,hold,,,0.0,,,0,0.0,50.407291,83109,0.355,hold,,,0.0,,,0,0.0,139.199997,12235,0.1443,hold,,,0.0,,,0,0.0,60.652512,26624,0.1368,hold,,,0.0,,,0,0.0
2011-04-04,11799957,115,False,False,,102.107529,42082,0.3641,hold,,,0.0,,,0,0.0,50.24062,83109,0.3539,hold,,,0.0,,,0,0.0,139.839996,12235,0.145,hold,,,0.0,,,0,0.0,60.718262,26624,0.137,hold,,,0.0,,,0,0.0
2011-04-05,11808935,115,False,False,,102.092178,42082,0.3638,hold,,,0.0,,,0,0.0,50.109035,83109,0.3527,hold,,,0.0,,,0,0.0,142.050003,12235,0.1472,hold,,,0.0,,,0,0.0,60.474857,26624,0.1363,hold,,,0.0,,,0,0.0
2011-04-06,11812551,115,False,False,,102.414055,42082,0.3648,hold,,,0.0,,,0,0.0,50.231834,83109,0.3534,hold,,,0.0,,,0,0.0,142.380005,12235,0.1475,hold,,,0.0,,,0,0.0,59.566959,26624,0.1343,hold,,,0.0,,,0,0.0
2011-04-07,11797106,115,False,False,,102.153503,42082,0.3644,hold,,,0.0,,,0,0.0,50.196743,83109,0.3536,hold,,,0.0,,,0,0.0,142.509995,12235,0.1478,hold,,,0.0,,,0,0.0,59.448479,26624,0.1342,hold,,,0.0,,,0,0.0
2011-04-08,11768252,115,False,False,,101.80101,42082,0.364,hold,,,0.0,,,0,0.0,49.959904,83109,0.3528,hold,,,0.0,,,0,0.0,143.660004,12235,0.1494,hold,,,0.0,,,0,0.0,59.13271,26624,0.1338,hold,,,0.0,,,0,0.0
2011-04-11,11730426,115,False,False,,101.494537,42082,0.3641,hold,,,0.0,,,0,0.0,49.793224,83109,0.3528,hold,,,0.0,,,0,0.0,142.639999,12235,0.1488,hold,,,0.0,,,0,0.0,59.18539,26624,0.1343,hold,,,0.0,,,0,0.0
2011-04-12,11674455,115,False,False,,100.735962,42082,0.3631,hold,,,0.0,,,0,0.0,49.451084,83109,0.352,hold,,,0.0,,,0,0.0,141.610001,12235,0.1484,hold,,,0.0,,,0,0.0,59.823494,26624,0.1364,hold,,,0.0,,,0,0.0
2011-04-13,11722664,115,False,False,,100.72834,42082,0.3616,hold,,,0.0,,,0,0.0,49.872177,83109,0.3536,hold,,,0.0,,,0,0.0,141.899994,12235,0.1481,hold,,,0.0,,,0,0.0,60.19854,26624,0.1367,hold,,,0.0,,,0,0.0
2011-04-14,11740738,115,False,False,,100.804916,42082,0.3613,hold,,,0.0,,,0,0.0,49.784435,83109,0.3524,hold,,,0.0,,,0,0.0,143.809998,12235,0.1499,hold,,,0.0,,,0,0.0,60.152496,26624,0.1364,hold,,,0.0,,,0,0.0
2011-04-15,11785817,115,False,False,,101.172707,42082,0.3612,hold,,,0.0,,,0,0.0,49.696724,83109,0.3504,hold,,,0.0,,,0,0.0,145.050003,12235,0.1506,hold,,,0.0,,,0,0.0,60.968296,26624,0.1377,hold,,,0.0,,,0,0.0
2011-04-18,11723376,115,False,False,,100.038689,42082,0.3591,hold,,,0.0,,,0,0.0,49.345818,83109,0.3498,hold,,,0.0,,,0,0.0,145.929993,12235,0.1523,hold,,,0.0,,,0,0.0,61.106445,26624,0.1388,hold,,,0.0,,,0,0.0
2011-04-19,11780083,115,False,False,,100.613365,42082,0.3594,hold,,,0.0,,,0,0.0,49.652851,83109,0.3503,hold,,,0.0,,,0,0.0,145.929993,12235,0.1516,hold,,,0.0,,,0,0.0,61.369602,26624,0.1387,hold,,,0.0,,,0,0.0
2011-04-20,11927588,115,False,False,,101.984901,42082,0.3598,hold,,,0.0,,,0,0.0,50.775749,83109,0.3538,hold,,,0.0,,,0,0.0,146.5,12235,0.1503,hold,,,0.0,,,0,0.0,60.97488,26624,0.1361,hold,,,0.0,,,0,0.0
2011-04-21,11984587,115,False,False,,102.505974,42082,0.3599,hold,,,0.0,,,0,0.0,51.179276,83109,0.3549,hold,,,0.0,,,0,0.0,146.740005,12235,0.1498,hold,,,0.0,,,0,0.0,60.922215,26624,0.1353,hold,,,0.0,,,0,0.0
2011-04-25,11998730,115,False,False,,102.398666,42082,0.3591,hold,,,0.0,,,0,0.0,51.310883,83109,0.3554,hold,,,0.0,,,0,0.0,146.869995,12235,0.1498,hold,,,0.0,,,0,0.0,61.15247,26624,0.1357,hold,,,0.0,,,0,0.0
2011-04-26,12069640,115,False,False,,103.279869,42082,0.3601,hold,,,0.0,,,0,0.0,51.600361,83109,0.3553,hold,,,0.0,,,0,0.0,146.380005,12235,0.1484,hold,,,0.0,,,0,0.0,61.744583,26624,0.1362,hold,,,0.0,,,0,0.0
2011-04-27,12144868,115,False,False,,103.954132,42082,0.3602,hold,,,0.0,,,0,0.0,51.951279,83109,0.3555,hold,,,0.0,,,0,0.0,149.199997,12235,0.1503,hold,,,0.0,,,0,0.0,61.113071,26624,0.134,hold,,,0.0,,,0,0.0
2011-04-28,12172515,115,False,False,,104.29129,42082,0.3605,hold,,,0.0,,,0,0.0,51.872311,83109,0.3542,hold,,,0.0,,,0,0.0,149.820007,12235,0.1506,hold,,,0.0,,,0,0.0,61.580143,26624,0.1347,hold,,,0.0,,,0,0.0
2011-04-29,12215466,115,False,False,,104.536438,42082,0.3601,hold,,,0.0,,,0,0.0,51.828461,83109,0.3526,hold,,,0.0,,,0,0.0,152.369995,12235,0.1526,hold,,,0.0,,,0,0.0,61.770947,26624,0.1346,hold,,,0.0,,,0,0.0
2011-05-02,12179332,115,True,False,,104.375534,42082,0.3606,hold,,,0.0,,,0,0.0,51.73196,83109,0.353,hold,,,0.0,,,0,0.0,150.410004,12235,0.1511,hold,,,0.0,,,0,0.0,61.870037,26624,0.1352,hold,,,0.0,,,0,0.0
2011-05-03,12145957,115,False,False,,104.000114,42082,0.3603,hold,,,0.0,,,0,0.0,51.486313,83109,0.3523,hold,,,0.0,,,0,0.0,149.880005,12235,0.151,hold,,,0.0,,,0,0.0,62.220215,26624,0.1364,hold,,,0.0,,,0,0.0
2011-05-04,12091459,115,False,False,,103.310501,42082,0.3596,hold,,,0.0,,,0,0.0,51.40736,83109,0.3533,hold,,,0.0,,,0,0.0,147.729996,12235,0.1495,hold,,,0.0,,,0,0.0,62.49778,26624,0.1376,hold,,,0.0,,,0,0.0
2011-05-05,11992500,115,False,False,,102.375694,42082,0.3592,hold,,,0.0,,,0,0.0,51.126648,83109,0.3543,hold,,,0.0,,,0,0.0,143.470001,12235,0.1464,hold,,,0.0,,,0,0.0,63.092358,26624,0.1401,hold,,,0.0,,,0,0.0
2011-05-06,12040380,115,False,False,,102.827766,42082,0.3594,hold,,,0.0,,,0,0.0,51.293343,83109,0.3541,hold,,,0.0,,,0,0.0,145.300003,12235,0.1476,hold,,,0.0,,,0,0.0,62.814842,26624,0.1389,hold,,,0.0,,,0,0.0
2011-05-09,12096874,115,False,False,,103.226196,42082,0.3591,hold,,,0.0,,,0,0.0,51.486313,83109,0.3537,hold,,,0.0,,,0,0.0,147.380005,12235,0.1491,hold,,,0.0,,,0,0.0,62.748795,26624,0.1381,hold,,,0.0,,,0,0.0
2011-05-10,12164810,115,False,False,,104.107368,42082,0.3601,hold,,,0.0,,,0,0.0,51.924942,83109,0.3547,hold,,,0.0,,,0,0.0,147.899994,12235,0.1488,hold,,,0.0,,,0,0.0,62.299503,26624,0.1363,hold,,,0.0,,,0,0.0
2011-05-11,12080212,115,False,False,,103.011673,42082,0.3588,hold,,,0.0,,,0,0.0,51.547745,83109,0.3546,hold,,,0.0,,,0,0.0,146.539993,12235,0.1484,hold,,,0.0,,,0,0.0,62.656292,26624,0.1381,hold,,,0.0,,,0,0.0
2011-05-12,12116422,115,False,False,,103.502029,42082,0.3595,hold,,,0.0,,,0,0.0,51.854778,83109,0.3557,hold,,,0.0,,,0,0.0,146.589996,12235,0.148,hold,,,0.0,,,0,0.0,62.259861,26624,0.1368,hold,,,0.0,,,0,0.0
2011-05-13,12035058,115,False,False,,102.70517,42082,0.3591,hold,,,0.0,,,0,0.0,51.240704,83109,0.3538,hold,,,0.0,,,0,0.0,145.630005,12235,0.148,hold,,,0.0,,,0,0.0,62.821415,26624,0.139,hold,,,0.0,,,0,0.0
2011-05-16,11940156,115,False,False,,102.053886,42082,0.3597,hold,,,0.0,,,0,0.0,50.354671,83109,0.3505,hold,,,0.0,,,0,0.0,145.369995,12235,0.149,hold,,,0.0,,,0,0.0,63.171616,26624,0.1409,hold,,,0.0,,,0,0.0
2011-05-17,11960709,115,False,False,,102.038567,42082,0.359,hold,,,0.0,,,0,0.0,50.495026,83109,0.3509,hold,,,0.0,,,0,0.0,144.740005,12235,0.1481,hold,,,0.0,,,0,0.0,63.81916,26624,0.1421,hold,,,0.0,,,0,0.0
2011-05-18,12022079,115,False,False,,102.950363,42082,0.3604,hold,,,0.0,,,0,0.0,50.916092,83109,0.352,hold,,,0.0,,,0,0.0,145.600006,12235,0.1482,hold,,,0.0,,,0,0.0,62.973442,26624,0.1395,hold,,,0.0,,,0,0.0
2011-05-19,12044703,115,False,False,,103.195564,42082,0.3605,hold,,,0.0,,,0,0.0,51.065247,83109,0.3524,hold,,,0.0,,,0,0.0,145.649994,12235,0.148,hold,,,0.0,,,0,0.0,62.947048,26624,0.1391,hold,,,0.0,,,0,0.0
2011-05-20,12001512,115,False,False,,102.375694,42082,0.359,hold,,,0.0,,,0,0.0,50.679253,83109,0.3509,hold,,,0.0,,,0,0.0,147.490005,12235,0.1504,hold,,,0.0,,,0,0.0,62.980053,26624,0.1397,hold,,,0.0,,,0,0.0
2011-05-23,11901811,115,False,False,,101.188034,42082,0.3578,hold,,,0.0,,,0,0.0,49.933567,83109,0.3487,hold,,,0.0,,,0,0.0,147.830002,12235,0.152,hold,,,0.0,,,0,0.0,63.283955,26624,0.1416,hold,,,0.0,,,0,0.0
2011-05-24,11888380,115,False,False,,101.10376,42082,0.3579,hold,,,0.0,,,0,0.0,49.626541,83109,0.3469,hold,,,0.0,,,0,0.0,148.589996,12235,0.1529,hold,,,0.0,,,0,0.0,63.521847,26624,0.1423,hold,,,0.0,,,0,0.0
2011-05-25,11910569,115,False,False,,101.440903,42082,0.3584,hold,,,0.0,,,0,0.0,49.819534,83109,0.3476,hold,,,0.0,,,0,0.0,148.580002,12235,0.1526,hold,,,0.0,,,0,0.0,63.224514,26624,0.1413,hold,,,0.0,,,0,0.0
2011-05-26,11965776,115,False,False,,101.908295,42082,0.3584,hold,,,0.0,,,0,0.0,50.126583,83109,0.3482,hold,,,0.0,,,0,0.0,148.220001,12235,0.1516,hold,,,0.0,,,0,0.0,63.766315,26624,0.1419,hold,,,0.0,,,0,0.0
2011-05-27,12020767,115,False,False,,102.299065,42082,0.3581,hold,,,0.0,,,0,0.0,50.380978,83109,0.3483,hold,,,0.0,,,0,0.0,149.699997,12235,0.1524,hold,,,0.0,,,0,0.0,63.739876,26624,0.1412,hold,,,0.0,,,0,0.0
2011-05-31,12136528,115,False,False,,103.364136,42082,0.3584,hold,,,0.0,,,0,0.0,51.196827,83109,0.3506,hold,,,0.0,,,0,0.0,149.639999,12235,0.1509,hold,,,0.0,,,0,0.0,63.885258,26624,0.1401,hold,,,0.0,,,0,0.0
2011-06-01,11972527,115,True,False,,101.042473,42082,0.3552,hold,,,0.0,,,0,0.0,50.082722,83109,0.3477,hold,,,0.0,,,0,0.0,149.910004,12235,0.1532,hold,,,0.0,,,0,0.0,64.748672,26624,0.144,hold,,,0.0,,,0,0.0
2011-06-02,11938905,115,False,False,,100.935196,42082,0.3558,hold,,,0.0,,,0,0.0,50.187981,83109,0.3494,hold,,,0.0,,,0,0.0,149.5,12235,0.1532,hold,,,0.0,,,0,0.0,63.51524,26624,0.1416,hold,,,0.0,,,0,0.0
2011-06-03,11852481,115,False,False,,99.931412,42082,0.3548,hold,,,0.0,,,0,0.0,49.43354,83109,0.3466,hold,,,0.0,,,0,0.0,150.220001,12235,0.1551,hold,,,0.0,,,0,0.0,63.879906,26624,0.1435,hold,,,0.0,,,0,0.0
2011-06-06,11764740,115,False,False,,98.874039,42082,0.3537,hold,,,0.0,,,0,0.0,49.029999,83109,0.3464,hold,,,0.0,,,0,0.0,150.479996,12235,0.1565,hold,,,0.0,,,0,0.0,63.395821,26624,0.1435,hold,,,0.0,,,0,0.0
2011-06-07,11761903,115,False,False,,98.812744,42082,0.3535,hold,,,0.0,,,0,0.0,48.942265,83109,0.3458,hold,,,0.0,,,0,0.0,150.419998,12235,0.1565,hold,,,0.0,,,0,0.0,63.687607,26624,0.1442,hold,,,0.0,,,0,0.0
2011-06-08,11721108,115,False,False,,98.398987,42082,0.3533,hold,,,0.0,,,0,0.0,48.591373,83109,0.3445,hold,,,0.0,,,0,0.0,149.809998,12235,0.1564,hold,,,0.0,,,0,0.0,64.184959,26624,0.1458,hold,,,0.0,,,0,0.0
2011-06-09,11762289,115,False,False,,99.149895,42082,0.3547,hold,,,0.0,,,0,0.0,48.6791,83109,0.344,hold,,,0.0,,,0,0.0,150.559998,12235,0.1566,hold,,,0.0,,,0,0.0,63.926338,26624,0.1447,hold,,,0.0,,,0,0.0
2011-06-10,11639189,115,False,False,,97.770653,42082,0.3535,hold,,,0.0,,,0,0.0,47.933418,83109,0.3423,hold,,,0.0,,,0,0.0,149.240005,12235,0.1569,hold,,,0.0,,,0,0.0,64.417038,26624,0.1474,hold,,,0.0,,,0,0.0
2011-06-13,11615778,115,False,False,,97.847267,42082,0.3545,hold,,,0.0,,,0,0.0,47.933418,83109,0.343,hold,,,0.0,,,0,0.0,147.770004,12235,0.1556,hold,,,0.0,,,0,0.0,64.09214,26624,0.1469,hold,,,0.0,,,0,0.0
2011-06-14,11704283,115,False,False,,99.088547,42082,0.3563,hold,,,0.0,,,0,0.0,48.547504,83109,0.3447,hold,,,0.0,,,0,0.0,148.669998,12235,0.1554,hold,,,0.0,,,0,0.0,63.123943,26624,0.1436,hold,,,0.0,,,0,0.0
2011-06-15,11589621,115,False,False,,97.326263,42082,0.3534,hold,,,0.0,,,0,0.0,47.626392,83109,0.3415,hold,,,0.0,,,0,0.0,149.119995,12235,0.1574,hold,,,0.0,,,0,0.0,64.27121,26624,0.1476,hold,,,0.0,,,0,0.0
2011-06-16,11589272,115,False,False,,97.540802,42082,0.3542,hold,,,0.0,,,0,0.0,47.442173,83109,0.3402,hold,,,0.0,,,0,0.0,148.970001,12235,0.1573,hold,,,0.0,,,0,0.0,64.562988,26624,0.1483,hold,,,0.0,,,0,0.0
2011-06-17,11592915,115,False,False,,97.831863,42082,0.3551,hold,,,0.0,,,0,0.0,47.293564,83109,0.339,hold,,,0.0,,,0,0.0,149.940002,12235,0.1582,hold,,,0.0,,,0,0.0,64.257919,26624,0.1476,hold,,,0.0,,,0,0.0
2011-06-20,11637660,115,False,False,,98.332382,42082,0.3556,hold,,,0.0,,,0,0.0,47.539757,83109,0.3395,hold,,,0.0,,,0,0.0,150.029999,12235,0.1577,hold,,,0.0,,,0,0.0,64.337532,26624,0.1472,hold,,,0.0,,,0,0.0
2011-06-21,11780470,115,False,False,,99.679939,42082,0.3561,hold,,,0.0,,,0,0.0,48.559666,83109,0.3426,hold,,,0.0,,,0,0.0,150.759995,12235,0.1566,hold,,,0.0,,,0,0.0,64.052338,26624,0.1448,hold,,,0.0,,,0,0.0
2011-06-22,11729838,115,False,False,,99.079308,42082,0.3555,hold,,,0.0,,,0,0.0,48.207962,83109,0.3416,hold,,,0.0,,,0,0.0,150.990005,12235,0.1575,hold,,,0.0,,,0,0.0,64.09214,26624,0.1455,hold,,,0.0,,,0,0.0
2011-06-23,11735758,115,False,False,,98.794403,42082,0.3543,hold,,,0.0,,,0,0.0,48.656372,83109,0.3446,hold,,,0.0,,,0,0.0,148.339996,12235,0.1547,hold,,,0.0,,,0,0.0,64.58287,26624,0.1465,hold,,,0.0,,,0,0.0
2011-06-24,11584639,115,False,False,,97.647057,42082,0.3547,hold,,,0.0,,,0,0.0,47.812317,83109,0.343,hold,,,0.0,,,0,0.0,146.259995,12235,0.1545,hold,,,0.0,,,0,0.0,64.310974,26624,0.1478,hold,,,0.0,,,0,0.0
2011-06-27,11654862,115,False,False,,98.517197,42082,0.3557,hold,,,0.0,,,0,0.0,48.577244,83109,0.3464,hold,,,0.0,,,0,0.0,145.729996,12235,0.153,hold,,,0.0,,,0,0.0,63.429005,26624,0.1449,hold,,,0.0,,,0,0.0
2011-06-28,11761541,115,False,False,,99.803131,42082,0.3571,hold,,,0.0,,,0,0.0,49.29821,83109,0.3483,hold,,,0.0,,,0,0.0,146.240005,12235,0.1521,hold,,,0.0,,,0,0.0,62.918385,26624,0.1424,hold,,,0.0,,,0,0.0
2011-06-29,11814695,115,False,False,,100.65786,42082,0.3585,hold,,,0.0,,,0,0.0,49.500435,83109,0.3482,hold,,,0.0,,,0,0.0,147.179993,12235,0.1524,hold,,,0.0,,,0,0.0,62.500645,26624,0.1408,hold,,,0.0,,,0,0.0
2011-06-30,11892917,115,False,False,,101.620399,42082,0.3596,hold,,,0.0,,,0,0.0,50.159851,83109,0.3505,hold,,,0.0,,,0,0.0,146.0,12235,0.1502,hold,,,0.0,,,0,0.0,62.401123,26624,0.1397,hold,,,0.0,,,0,0.0
2011-07-01,12003200,115,True,False,,103.121986,42082,0.3615,hold,,,0.0,,,0,0.0,50.915981,83109,0.3525,hold,,,0.0,,,0,0.0,144.929993,12235,0.1477,hold,,,0.0,,,0,0.0,62.301315,26624,0.1382,hold,,,0.0,,,0,0.0
2011-07-05,12057580,115,False,False,,103.037262,42082,0.3596,hold,,,0.0,,,0,0.0,51.170963,83109,0.3527,hold,,,0.0,,,0,0.0,147.630005,12235,0.1498,hold,,,0.0,,,0,0.0,62.441044,26624,0.1379,hold,,,0.0,,,0,0.0
2011-07-06,12100812,115,False,False,,103.160454,42082,0.3588,hold,,,0.0,,,0,0.0,51.33802,83109,0.3526,hold,,,0.0,,,0,0.0,148.910004,12235,0.1506,hold,,,0.0,,,0,0.0,62.760406,26624,0.1381,hold,,,0.0,,,0,0.0
2011-07-07,12202289,115,False,False,,104.230812,42082,0.3595,hold,,,0.0,,,0,0.0,52.041397,83109,0.3545,hold,,,0.0,,,0,0.0,149.149994,12235,0.1495,hold,,,0.0,,,0,0.0,62.574146,26624,0.1365,hold,,,0.0,,,0,0.0
2011-07-08,12196506,115,False,False,,103.491547,42082,0.3571,hold,,,0.0,,,0,0.0,51.9007,83109,0.3537,hold,,,0.0,,,0,0.0,150.25,12235,0.1507,hold,,,0.0,,,0,0.0,63.45911,26624,0.1385,hold,,,0.0,,,0,0.0
2011-07-11,12081308,115,False,False,,101.620399,42082,0.354,hold,,,0.0,,,0,0.0,50.959949,83109,0.3506,hold,,,0.0,,,0,0.0,151.589996,12235,0.1535,hold,,,0.0,,,0,0.0,64.410645,26624,0.1419,hold,,,0.0,,,0,0.0
2011-07-12,12050969,115,False,False,,101.181488,42082,0.3533,hold,,,0.0,,,0,0.0,50.573086,83109,0.3488,hold,,,0.0,,,0,0.0,152.770004,12235,0.1551,hold,,,0.0,,,0,0.0,64.630211,26624,0.1428,hold,,,0.0,,,0,0.0
2011-07-13,12104307,115,False,False,,101.520256,42082,0.3529,hold,,,0.0,,,0,0.0,50.7841,83109,0.3487,hold,,,0.0,,,0,0.0,154.139999,12235,0.1558,hold,,,0.0,,,0,0.0,64.809875,26624,0.1426,hold,,,0.0,,,0,0.0
2011-07-14,12006134,115,False,False,,100.81958,42082,0.3534,hold,,,0.0,,,0,0.0,50.195026,83109,0.3475,hold,,,0.0,,,0,0.0,154.539993,12235,0.1575,hold,,,0.0,,,0,0.0,63.884991,26624,0.1417,hold,,,0.0,,,0,0.0
2011-07-15,12097202,115,False,False,,101.404785,42082,0.3528,hold,,,0.0,,,0,0.0,50.863213,83109,0.3494,hold,,,0.0,,,0,0.0,155.199997,12235,0.157,hold,,,0.0,,,0,0.0,63.99144,26624,0.1408,hold,,,0.0,,,0,0.0
2011-07-18,12039843,115,False,False,,100.573181,42082,0.3515,hold,,,0.0,,,0,0.0,50.590687,83109,0.3492,hold,,,0.0,,,0,0.0,156.570007,12235,0.1591,hold,,,0.0,,,0,0.0,63.372593,26624,0.1401,hold,,,0.0,,,0,0.0
2011-07-19,12215971,115,False,False,,102.20562,42082,0.3521,hold,,,0.0,,,0,0.0,51.742466,83109,0.352,hold,,,0.0,,,0,0.0,154.660004,12235,0.1549,hold,,,0.0,,,0,0.0,64.690109,26624,0.141,hold,,,0.0,,,0,0.0
2011-07-20,12191378,115,False,False,,102.144028,42082,0.3526,hold,,,0.0,,,0,0.0,51.522655,83109,0.3512,hold,,,0.0,,,0,0.0,156.020004,12235,0.1566,hold,,,0.0,,,0,0.0,63.924915,26624,0.1396,hold,,,0.0,,,0,0.0
2011-07-21,12251830,115,False,False,,103.560867,42082,0.3557,hold,,,0.0,,,0,0.0,51.865551,83109,0.3518,hold,,,0.0,,,0,0.0,154.830002,12235,0.1546,hold,,,0.0,,,0,0.0,63.432518,26624,0.1378,hold,,,0.0,,,0,0.0
2011-07-22,12327859,115,False,False,,103.63018,42082,0.3537,hold,,,0.0,,,0,0.0,52.401882,83109,0.3533,hold,,,0.0,,,0,0.0,156.119995,12235,0.1549,hold,,,0.0,,,0,0.0,63.911598,26624,0.138,hold,,,0.0,,,0,0.0
2011-07-25,12291112,115,False,False,,103.052658,42082,0.3528,hold,,,0.0,,,0,0.0,52.296375,83109,0.3536,hold,,,0.0,,,0,0.0,157.339996,12235,0.1566,hold,,,0.0,,,0,0.0,63.212898,26624,0.1369,hold,,,0.0,,,0,0.0
2011-07-26,12302646,115,False,False,,102.667633,42082,0.3512,hold,,,0.0,,,0,0.0,52.428249,83109,0.3542,hold,,,0.0,,,0,0.0,157.770004,12235,0.1569,hold,,,0.0,,,0,0.0,63.645443,26624,0.1377,hold,,,0.0,,,0,0.0
2011-07-27,12094734,115,False,False,,100.565475,42082,0.3499,hold,,,0.0,,,0,0.0,51.074249,83109,0.351,hold,,,0.0,,,0,0.0,157.190002,12235,0.159,hold,,,0.0,,,0,0.0,63.652061,26624,0.1401,hold,,,0.0,,,0,0.0
2011-07-28,12097695,115,False,False,,100.272858,42082,0.3488,hold,,,0.0,,,0,0.0,51.162167,83109,0.3515,hold,,,0.0,,,0,0.0,157.320007,12235,0.1591,hold,,,0.0,,,0,0.0,63.891628,26624,0.1406,hold,,,0.0,,,0,0.0
2011-07-29,12100498,115,False,False,,99.587517,42082,0.3463,hold,,,0.0,,,0,0.0,50.995117,83109,0.3502,hold,,,0.0,,,0,0.0,158.289993,12235,0.16,hold,,,0.0,,,0,0.0,65.155869,26624,0.1434,hold,,,0.0,,,0,0.0
2011-08-01,12073481,115,True,False,,99.164001,42082,0.3456,hold,,,0.0,,,0,0.0,50.757717,83109,0.3494,hold,,,0.0,,,0,0.0,157.720001,12235,0.1598,hold,,,0.0,,,0,0.0,65.813499,26624,0.1451,hold,,,0.0,,,0,0.0
2011-08-02,11959293,115,False,False,,96.630623,42082,0.34,hold,,,0.0,,,0,0.0,49.474049,83109,0.3438,hold,,,0.0,,,0,0.0,161.520004,12235,0.1652,hold,,,0.0,,,0,0.0,67.789642,26624,0.1509,hold,,,0.0,,,0,0.0
2011-08-03,12023974,115,False,False,,97.154251,42082,0.34,hold,,,0.0,,,0,0.0,49.948841,83109,0.3452,hold,,,0.0,,,0,0.0,161.490005,12235,0.1643,hold,,,0.0,,,0,0.0,67.923119,26624,0.1504,hold,,,0.0,,,0,0.0
2011-08-04,11693500,115,False,False,,92.603394,42082,0.3333,sell,EXIT_ALL,signal sell,-3896936.0,,,0,0.0,47.627674,83109,0.3385,hold,,,0.0,,,0,0.0,160.639999,12235,0.1681,hold,,,0.0,,,0,0.0,70.33992,26624,0.1602,hold,,,0.0,,,0,0.0
2011-08-05,11664972,3933820,False,False,,92.464767,0,0.0,hold,,,0.0,EXIT_ALL,sell,42082,93.477137,47.328743,83109,0.3372,hold,,,0.0,,,0,0.0,161.75,12235,0.1697,hold,,,0.0,,,0,0.0,68.310387,26624,0.1559,hold,,,0.0,,,0,0.0
2011-08-08,11551332,3933820,False,False,,86.443192,0,0.0,hold,,,0.0,,,0,0.0,44.480049,83109,0.32,sell,EXIT_ALL,signal sell,-3696692.0,,,0,0.0,167.119995,12235,0.177,hold,,,0.0,,,0,0.0,70.466743,26624,0.1624,hold,,,0.0,,,0,0.0
2011-08-09,11619530,7674791,False,False,,90.462723,0,0.0,hold,,,0.0,,,0,0.0,46.625366,0,0.0,hold,,,0.0,EXIT_ALL,sell,83109,45.012821,168.610001,12235,0.1775,hold,,,0.0,,,0,0.0,70.680435,26624,0.162,hold,,,0.0,,,0,0.0
2011-08-10,11748563,7674791,False,False,,86.466301,0,0.0,hold,,,0.0,,,0,0.0,44.717442,0,0.0,hold,,,0.0,,,0,0.0,174.580002,12235,0.1818,hold,REDUCE_TO_TARGET,rebalance 2011-08-10,-373702.0,,,0,0.0,72.783432,26624,0.1649,hold,REDUCE_TO_TARGET,rebalance 2011-08-10,-175502.0,,,0,0.0
2011-08-11,11611881,8223849,False,True,daily,90.347183,0,0.0,hold,,,0.0,,,0,0.0,46.686916,0,0.0,hold,,,0.0,,,0,0.0,170.75,10060,0.1479,hold,,,0.0,REDUCE_TO_TARGET,sell,2175,171.763159,69.111504,24168,0.1438,hold,,,0.0,REDUCE_TO_TARGET,sell,2456,71.446808
2011-08-12,11637110,8223849,False,False,,90.955536,0,0.0,hold,,,0.0,,,0,0.0,47.100143,0,0.0,hold,,,0.0,,,0,0.0,169.970001,10060,0.1469,hold,,,0.0,,,0,0.0,70.480072,24168,0.1464,hold,,,0.0,,,0,0.0
2011-08-15,11638256,8223849,False,False,,92.880615,0,0.0,hold,,,0.0,,,0,0.0,47.794727,0,0.0,hold,,,0.0,,,0,0.0,171.800003,10060,0.1485,hold,,,0.0,,,0,0.0,69.765762,24168,0.1449,hold,,,0.0,,,0,0.0
2011-08-16,11687497,8223849,False,False,,92.087471,0,0.0,hold,,,0.0,,,0,0.0,47.390285,0,0.0,hold,,,0.0,,,0,0.0,173.919998,10060,0.1497,hold,,,0.0,,,0,0.0,70.920761,24168,0.1467,hold,,,0.0,,,0,0.0
2011-08-17,11722537,8223849,False,False,,92.149086,0,0.0,hold,,,0.0,,,0,0.0,47.108948,0,0.0,hold,,,0.0,,,0,0.0,174.419998,10060,0.1497,hold,,,0.0,,,0,0.0,72.162498,24168,0.1488,hold,,,0.0,,,0,0.0
2011-08-18,11791556,8223849,False,False,,88.175743,0,0.0,hold,,,0.0,,,0,0.0,44.796566,0,0.0,hold,,,0.0,,,0,0.0,177.720001,10060,0.1516,hold,,,0.0,,,0,0.0,73.644653,24168,0.1509,hold,,,0.0,,,0,0.0
2011-08-19,11828349,8223849,False,False,,86.735794,0,0.0,hold,,,0.0,,,0,0.0,43.987675,0,0.0,hold,,,0.0,,,0,0.0,179.949997,10060,0.153,hold,,,0.0,,,0,0.0,74.2388,24168,0.1517,hold,,,0.0,,,0,0.0
2011-08-22,11870510,8223849,False,False,,86.805084,0,0.0,hold,,,0.0,,,0,0.0,44.145935,0,0.0,hold,,,0.0,,,0,0.0,184.589996,10060,0.1564,hold,,,0.0,,,0,0.0,74.051857,24168,0.1508,hold,,,0.0,,,0,0.0
2011-08-23,11776208,8223849,False,False,,89.66188,0,0.0,hold,,,0.0,,,0,0.0,45.965935,0,0.0,hold,,,0.0,,,0,0.0,177.669998,10060,0.1518,hold,,,0.0,,,0,0.0,73.030426,24168,0.1499,hold,,,0.0,,,0,0.0
2011-08-24,11665468,8223849,False,False,,90.924706,0,0.0,hold,,,0.0,,,0,0.0,46.32642,0,0.0,hold,,,0.0,,,0,0.0,171.649994,10060,0.148,hold,,,0.0,,,0,0.0,70.954163,24168,0.147,hold,,,0.0,,,0,0.0
2011-08-25,11691165,8223849,False,False,,89.538704,0,0.0,hold,,,0.0,,,0,0.0,45.570305,0,0.0,hold,,,0.0,,,0,0.0,172.360001,10060,0.1483,hold,,,0.0,,,0,0.0,71.721893,24168,0.1483,hold,,,0.0,,,0,0.0
2011-08-26,11759673,8223849,False,False,,90.840019,0,0.0,hold,,,0.0,,,0,0.0,46.713295,0,0.0,hold,,,0.0,,,0,0.0,177.470001,10060,0.1518,hold,,,0.0,,,0,0.0,72.429504,24168,0.1489,hold,,,0.0,,,0,0.0
2011-08-29,11699457,8223849,False,False,,93.450424,0,0.0,hold,,,0.0,,,0,0.0,48.014523,0,0.0,hold,,,0.0,,,0,0.0,173.889999,10060,0.1495,hold,,,0.0,,,0,0.0,71.428108,24168,0.1476,hold,,,0.0,,,0,0.0
2011-08-30,11779623,8223849,False,False,,93.696831,0,0.0,hold,,,0.0,,,0,0.0,48.331089,0,0.0,hold,,,0.0,,,0,0.0,179.100006,10060,0.153,hold,,,0.0,,,0,0.0,72.576477,24168,0.1489,hold,,,0.0,,,0,0.0
2011-08-31,11738632,8223849,False,False,,94.112625,0,0.0,hold,,,0.0,,,0,0.0,48.410194,0,0.0,hold,,,0.0,,,0,0.0,177.720001,10060,0.1523,hold,,,0.0,,,0,0.0,71.454826,24168,0.1471,hold,,,0.0,,,0,0.0
2011-09-01,11776750,8223849,True,False,,93.127014,0,0.0,hold,,,0.0,,,0,0.0,47.970589,0,0.0,hold,,,0.0,,,0,0.0,177.869995,10060,0.1519,hold,,,0.0,,,0,0.0,72.969582,24168,0.1497,hold,,,0.0,,,0,0.0
2011-09-02,11888061,8223849,False,False,,90.74762,0,0.0,hold,,,0.0,,,0,0.0,46.845181,0,0.0,hold,,,0.0,,,0,0.0,183.240005,10060,0.1551,hold,,,0.0,,,0,0.0,75.340012,24168,0.1532,hold,,,0.0,,,0,0.0
2011-09-06,11903575,8223849,False,False,,90.085419,0,0.0,hold,,,0.0,,,0,0.0,46.853966,0,0.0,hold,,,0.0,,,0,0.0,182.899994,10060,0.1546,hold,,,0.0,,,0,0.0,76.123474,24168,0.1546,hold,,,0.0,,,0,0.0
2011-09-07,11809908,8223849,False,False,,92.626503,0,0.0,hold,,,0.0,,,0,0.0,48.040909,0,0.0,hold,,,0.0,,,0,0.0,177.080002,10060,0.1508,hold,,,0.0,,,0,0.0,74.67041,24168,0.1528,hold,,,0.0,,,0,0.0
2011-09-08,11873675,8223849,False,False,,91.663933,0,0.0,hold,,,0.0,,,0,0.0,47.821098,0,0.0,hold,,,0.0,,,0,0.0,181.809998,10060,0.154,hold,,,0.0,,,0,0.0,75.340012,24168,0.1533,hold,,,0.0,,,0,0.0
2011-09-09,11881929,8223849,False,False,,89.261467,0,0.0,hold,,,0.0,,,0,0.0,46.757233,0,0.0,hold,,,0.0,,,0,0.0,180.699997,10060,0.153,hold,,,0.0,,,0,0.0,76.143585,24168,0.1549,hold,,,0.0,,,0,0.0
2011-09-12,11843329,8223849,False,False,,89.83902,0,0.0,hold,,,0.0,,,0,0.0,47.355122,0,0.0,hold,,,0.0,,,0,0.0,176.669998,10060,0.1501,hold,,,0.0,,,0,0.0,76.22393,24168,0.1555,hold,,,0.0,,,0,0.0
2011-09-13,11835924,8223849,False,False,,90.662903,0,0.0,hold,,,0.0,,,0,0.0,47.988148,0,0.0,hold,,,0.0,,,0,0.0,178.539993,10060,0.1518,hold,,,0.0,,,0,0.0,75.13913,24168,0.1534,hold,,,0.0,,,0,0.0
2011-09-14,11837919,8223849,False,False,,91.91806,0,0.0,hold,,,0.0,,,0,0.0,48.673965,0,0.0,hold,,,0.0,,,0,0.0,177.210007,10060,0.1506,hold,,,0.0,,,0,0.0,75.775291,24168,0.1547,hold,,,0.0,,,0,0.0
2011-09-15,11781653,8223849,False,False,,93.504318,0,0.0,hold,,,0.0,,,0,0.0,49.394917,0,0.0,hold,,,0.0,,,0,0.0,174.399994,10060,0.1489,hold,,,0.0,,,0,0.0,74.616844,24168,0.1531,hold,,,0.0,,,0,0.0
2011-09-16,11811160,8223849,False,False,,94.057732,0,0.0,hold,,,0.0,,,0,0.0,49.847683,0,0.0,hold,,,0.0,,,0,0.0,176.029999,10060,0.1499,hold,,,0.0,,,0,0.0,75.159256,24168,0.1538,hold,,,0.0,,,0,0.0
2011-09-19,11818428,8223849,False,False,,93.121193,0,0.0,hold,,,0.0,,,0,0.0,49.865307,0,0.0,hold,,,0.0,,,0,0.0,173.309998,10060,0.1475,hold,,,0.0,,,0,0.0,76.592209,24168,0.1566,hold,,,0.0,,,0,0.0
2011-09-20,11851046,8223849,False,False,,93.01284,0,0.0,hold,,,0.0,,,0,0.0,49.645065,0,0.0,hold,,,0.0,,,0,0.0,175.779999,10060,0.1492,hold,,,0.0,,,0,0.0,76.913696,24168,0.1569,hold,,,0.0,,,0,0.0
2011-09-21,11890511,8223849,False,False,,90.27282,0,0.0,hold,,,0.0,,,0,0.0,48.781849,0,0.0,hold,,,0.0,,,0,0.0,173.589996,10060,0.1469,hold,,,0.0,,,0,0.0,79.458237,24168,0.1615,hold,,,0.0,,,0,0.0
2011-09-22,11917018,8223849,False,False,,87.354797,0,0.0,hold,,,0.0,,,0,0.0,47.196301,0,0.0,hold,,,0.0,,,0,0.0,169.050003,10060,0.1427,hold,,,0.0,,,0,0.0,82.444824,24168,0.1672,hold,,,0.0,,,0,0.0
2011-09-23,11786902,8223849,False,False,,87.881104,0,0.0,hold,,,0.0,,,0,0.0,47.698406,0,0.0,hold,,,0.0,,,0,0.0,159.800003,10060,0.1364,hold,,,0.0,,,0,0.0,80.911331,24168,0.1659,hold,,,0.0,,,0,0.0
2011-09-26,11733173,8223849,False,False,,89.970978,0,0.0,hold,,,0.0,,,0,0.0,48.253334,0,0.0,hold,,,0.0,,,0,0.0,157.580002,10060,0.1351,hold,,,0.0,,,0,0.0,79.612259,24168,0.164,hold,,,0.0,,,0,0.0
2011-09-27,11734402,8223849,False,False,,90.97718,0,0.0,hold,,,0.0,,,0,0.0,48.755424,0,0.0,hold,,,0.0,,,0,0.0,160.630005,10060,0.1377,hold,,,0.0,,,0,0.0,78.393532,24168,0.1615,hold,,,0.0,,,0,0.0
2011-09-28,11689390,8223849,False,False,,89.119545,0,0.0,hold,,,0.0,,,0,0.0,48.033127,0,0.0,hold,,,0.0,,,0,0.0,156.220001,10060,0.1344,hold,,,0.0,,,0,0.0,78.36676,24168,0.162,hold,,,0.0,,,0,0.0
2011-09-29,11717387,8223849,False,False,,89.823921,0,0.0,hold,,,0.0,,,0,0.0,47.460552,0,0.0,hold,,,0.0,,,0,0.0,157.699997,10060,0.1354,hold,,,0.0,,,0,0.0,78.909157,24168,0.1628,hold,,,0.0,,,0,0.0
2011-09-30,11768912,8223849,False,False,,87.579269,0,0.0,hold,,,0.0,,,0,0.0,46.236172,0,0.0,hold,,,0.0,,,0,0.0,158.059998,10060,0.1351,hold,,,0.0,,,0,0.0,80.891243,24168,0.1661,hold,,,0.0,,,0,0.0
2011-10-03,11851886,8223849,True,False,,85.08696,0,0.0,hold,,,0.0,,,0,0.0,45.047031,0,0.0,hold,,,0.0,,,0,0.0,160.960007,10060,0.1366,hold,INCREASE_TO_TARGET,rebalance 2011-10-03,158525.0,,,0,0.0,83.117325,24168,0.1695,hold,REDUCE_TO_TARGET,rebalance 2011-10-03,-230997.0,,,0,0.0
2011-10-04,11792566,8296399,False,True,monthly,86.952309,0,0.0,hold,,,0.0,,,0,0.0,45.97192,0,0.0,hold,,,0.0,,,0,0.0,157.639999,11041,0.1476,hold,,,0.0,INCREASE_TO_TARGET,buy,981,160.949997,82.063354,21394,0.1489,hold,,,0.0,REDUCE_TO_TARGET,sell,2774,83.24281
2011-10-05,11800022,8296399,False,False,,88.562256,0,0.0,hold,,,0.0,,,0,0.0,47.152241,0,0.0,hold,,,0.0,,,0,0.0,159.460007,11041,0.1492,hold,,,0.0,,,0,0.0,81.472618,21394,0.1477,hold,,,0.0,,,0,0.0
2011-10-06,11779223,8296399,False,False,,90.164436,0,0.0,hold,,,0.0,,,0,0.0,47.94503,0,0.0,hold,,,0.0,,,0,0.0,160.490005,11041,0.1504,hold,,,0.0,,,0,0.0,79.968857,21394,0.1452,hold,,,0.0,,,0,0.0
2011-10-07,11752120,8296399,False,False,,89.560715,0,0.0,hold,,,0.0,,,0,0.0,47.627918,0,0.0,hold,,,0.0,,,0,0.0,159.179993,11041,0.1495,hold,,,0.0,,,0,0.0,79.378067,21394,0.1445,hold,,,0.0,,,0,0.0
2011-10-10,11773293,8296399,False,False,,92.55616,0,0.0,hold,,,0.0,,,0,0.0,49.275124,0,0.0,hold,,,0.0,,,0,0.0,163.270004,11041,0.1531,hold,,,0.0,,,0,0.0,78.256989,21394,0.1422,hold,,,0.0,,,0,0.0
2011-10-11,11754773,8296399,False,False,,92.649017,0,0.0,hold,,,0.0,,,0,0.0,49.609852,0,0.0,hold,,,0.0,,,0,0.0,162.100006,11041,0.1523,hold,,,0.0,,,0,0.0,77.995132,21394,0.142,hold,,,0.0,,,0,0.0
2011-10-12,11743308,8296399,False,False,,93.461723,0,0.0,hold,,,0.0,,,0,0.0,49.856472,0,0.0,hold,,,0.0,,,0,0.0,163.259995,11041,0.1535,hold,,,0.0,,,0,0.0,76.860603,21394,0.14,hold,,,0.0,,,0,0.0
2011-10-13,11749082,8296399,False,False,,93.276001,0,0.0,hold,,,0.0,,,0,0.0,50.314533,0,0.0,hold,,,0.0,,,0,0.0,162.300003,11041,0.1525,hold,,,0.0,,,0,0.0,77.625916,21394,0.1413,hold,,,0.0,,,0,0.0
2011-10-14,11737098,8296399,False,False,,94.870445,0,0.0,hold,,,0.0,,,0,0.0,51.248241,0,0.0,buy,ENTER_TO_TARGET,signal_buy+rebalance,4107984.0,,,0,0.0,163.399994,11041,0.1537,hold,REDUCE_TO_TARGET,rebalance 2011-10-14,-43535.0,,,0,0.0,76.498085,21394,0.1394,hold,INCREASE_TO_TARGET,rebalance 2011-10-14,123965.0,,,0,0.0
2011-10-17,11701553,4108018,False,True,daily,93.05928,0,0.0,hold,,,0.0,,,0,0.0,50.455467,80291,0.3462,hold,,,0.0,ENTER_TO_TARGET,buy,80291,51.010408,162.619995,10775,0.1497,hold,,,0.0,REDUCE_TO_TARGET,sell,266,163.508,77.820595,23004,0.153,hold,,,0.0,INCREASE_TO_TARGET,buy,1610,76.733043
2011-10-18,11732246,4108018,False,False,,94.878197,0,0.0,hold,,,0.0,,,0,0.0,51.080887,80291,0.3496,hold,,,0.0,,,0,0.0,161.839996,10775,0.1486,hold,,,0.0,,,0,0.0,77.337273,23004,0.1516,hold,,,0.0,,,0,0.0
2011-10-19,11631187,4108018,False,False,,93.755852,0,0.0,hold,,,0.0,,,0,0.0,50.094307,80291,0.3458,hold,,,0.0,,,0,0.0,159.869995,10775,0.1481,hold,,,0.0,,,0,0.0,77.310402,23004,0.1529,hold,,,0.0,,,0,0.0
2011-10-20,11576095,4108018,False,False,,94.166122,0,0.0,hold,,,0.0,,,0,0.0,49.847683,80291,0.3457,hold,,,0.0,,,0,0.0,157.770004,10775,0.1469,hold,,,0.0,,,0,0.0,76.759911,23004,0.1525,hold,,,0.0,,,0,0.0
2011-10-21,11626478,4108018,False,False,,95.954079,0,0.0,hold,,,0.0,,,0,0.0,50.473083,80291,0.3486,hold,,,0.0,,,0,0.0,159.520004,10775,0.1478,hold,,,0.0,,,0,0.0,75.947594,23004,0.1503,hold,,,0.0,,,0,0.0
2011-10-24,11729738,4108018,False,False,,97.130547,0,0.0,hold,,,0.0,,,0,0.0,51.521309,80291,0.3527,hold,,,0.0,,,0,0.0,161.020004,10775,0.1479,hold,,,0.0,,,0,0.0,76.075134,23004,0.1492,hold,,,0.0,,,0,0.0
2011-10-25,11742124,4108018,False,False,,95.241966,0,0.0,hold,,,0.0,,,0,0.0,50.508331,80291,0.3454,hold,,,0.0,,,0,0.0,165.589996,10775,0.152,hold,,,0.0,,,0,0.0,78.008583,23004,0.1528,hold,,,0.0,,,0,0.0
2011-10-26,11725325,4108018,False,False,,96.209473,0,0.0,hold,,,0.0,,,0,0.0,50.446663,80291,0.3454,hold,,,0.0,,,0,0.0,167.399994,10775,0.1538,hold,,,0.0,,,0,0.0,76.645782,23004,0.1504,hold,,,0.0,,,0,0.0
2011-10-27,11800471,4108018,False,False,,99.560959,0,0.0,hold,,,0.0,,,0,0.0,51.838421,80291,0.3527,hold,,,0.0,,,0,0.0,169.550003,10775,0.1548,hold,,,0.0,,,0,0.0,74.047691,23004,0.1443,hold,,,0.0,,,0,0.0
2011-10-28,11825504,4108018,False,False,,99.537727,0,0.0,hold,,,0.0,,,0,0.0,51.917698,80291,0.3525,hold,,,0.0,,,0,0.0,169.619995,10775,0.1546,hold,,,0.0,,,0,0.0,74.826439,23004,0.1456,hold,,,0.0,,,0,0.0
2011-10-31,11799179,4108018,False,False,,97.138268,0,0.0,hold,,,0.0,,,0,0.0,51.045654,80291,0.3474,hold,,,0.0,,,0,0.0,167.339996,10775,0.1528,hold,,,0.0,,,0,0.0,77.793724,23004,0.1517,hold,,,0.0,,,0,0.0
2011-11-01,11752721,4108018,True,False,,94.429253,0,0.0,hold,,,0.0,,,0,0.0,49.715569,80291,0.3396,hold,,,0.0,,,0,0.0,167.380005,10775,0.1535,hold,,,0.0,,,0,0.0,80.397827,23004,0.1574,hold,,,0.0,,,0,0.0
2011-11-02,11781701,4108018,False,False,,95.969536,0,0.0,hold,,,0.0,,,0,0.0,50.138367,80291,0.3417,hold,,,0.0,,,0,0.0,169.059998,10775,0.1546,hold,,,0.0,,,0,0.0,79.394974,23004,0.155,hold,,,0.0,,,0,0.0
2011-11-03,11868735,4108018,False,False,,97.718819,0,0.0,hold,,,0.0,,,0,0.0,51.17778,80291,0.3462,hold,,,0.0,,,0,0.0,171.720001,10775,0.1559,hold,,,0.0,,,0,0.0,78.304596,23004,0.1518,hold,,,0.0,,,0,0.0
2011-11-04,11840312,4108018,False,False,,97.122833,0,0.0,hold,,,0.0,,,0,0.0,50.913532,80291,0.3453,hold,,,0.0,,,0,0.0,170.850006,10775,0.1555,hold,,,0.0,,,0,0.0,78.398842,23004,0.1523,hold,,,0.0,,,0,0.0
2011-11-07,11925266,4108018,False,False,,97.726547,0,0.0,hold,,,0.0,,,0,0.0,51.274662,80291,0.3452,hold,,,0.0,,,0,0.0,174.979996,10775,0.1581,hold,,,0.0,,,0,0.0,78.896919,23004,0.1522,hold,,,0.0,,,0,0.0
2011-11-08,11933804,4108018,False,False,,98.980438,0,0.0,hold,,,0.0,,,0,0.0,51.864864,80291,0.3489,hold,,,0.0,,,0,0.0,173.529999,10775,0.1567,hold,,,0.0,,,0,0.0,77.887276,23004,0.1501,hold,,,0.0,,,0,0.0
2011-11-09,11808830,4108018,False,False,,95.327126,0,0.0,hold,,,0.0,,,0,0.0,50.041466,80291,0.3402,hold,,,0.0,,,0,0.0,172.070007,10775,0.157,hold,,,0.0,,,0,0.0,79.502663,23004,0.1549,hold,,,0.0,,,0,0.0
2011-11-10,11769438,4108018,False,False,,96.224968,0,0.0,hold,,,0.0,,,0,0.0,50.015053,80291,0.3412,hold,,,0.0,,,0,0.0,171.139999,10775,0.1567,hold,,,0.0,,,0,0.0,78.318069,23004,0.1531,hold,,,0.0,,,0,0.0
2011-11-11,11864503,4108018,False,False,,98.036148,0,0.0,hold,,,0.0,,,0,0.0,50.957546,80291,0.3448,hold,,,0.0,,,0,0.0,173.960007,10775,0.158,hold,,,0.0,,,0,0.0,77.840134,23004,0.1509,hold,,,0.0,,,0,0.0
2011-11-14,11859656,4108018,False,False,,97.107353,0,0.0,hold,,,0.0,,,0,0.0,50.640476,80291,0.3428,hold,,,0.0,,,0,0.0,173.199997,10775,0.1574,hold,,,0.0,,,0,0.0,79.092056,23004,0.1534,hold,,,0.0,,,0,0.0
2011-11-15,11904165,4108018,False,False,,97.587242,0,0.0,hold,,,0.0,,,0,0.0,51.204201,80291,0.3454,hold,,,0.0,,,0,0.0,173.360001,10775,0.1569,hold,,,0.0,,,0,0.0,78.984413,23004,0.1526,hold,,,0.0,,,0,0.0
2011-11-16,11832902,4108018,False,False,,96.039207,0,0.0,hold,,,0.0,,,0,0.0,50.35857,80291,0.3417,hold,,,0.0,,,0,0.0,171.509995,10775,0.1562,hold,,,0.0,,,0,0.0,79.704567,23004,0.155,hold,,,0.0,,,0,0.0
2011-11-17,11705323,4108018,False,False,,94.514435,0,0.0,hold,,,0.0,,,0,0.0,49.178226,80291,0.3373,hold,,,0.0,,,0,0.0,167.100006,10775,0.1538,hold,,,0.0,,,0,0.0,80.344009,23004,0.1579,hold,,,0.0,,,0,0.0
2011-11-18,11680050,4108018,False,False,,94.413788,0,0.0,hold,,,0.0,,,0,0.0,48.799473,80291,0.3355,hold,,,0.0,,,0,0.0,167.619995,10775,0.1546,hold,,,0.0,,,0,0.0,80.323807,23004,0.1582,hold,,,0.0,,,0,0.0
2011-11-21,11571682,4108018,False,False,,92.618073,0,0.0,hold,,,0.0,,,0,0.0,47.865765,80291,0.3321,hold,,,0.0,,,0,0.0,163.5,10775,0.1522,hold,,,0.0,,,0,0.0,80.801689,23004,0.1606,hold,,,0.0,,,0,0.0
2011-11-22,11624662,4108018,False,False,,92.254295,0,0.0,hold,,,0.0,,,0,0.0,48.024311,80291,0.3317,hold,,,0.0,,,0,0.0,165.309998,10775,0.1532,hold,,,0.0,,,0,0.0,81.703568,23004,0.1617,hold,,,0.0,,,0,0.0
2011-11-23,11550925,4108018,False,False,,90.218613,0,0.0,hold,,,0.0,,,0,0.0,46.940872,80291,0.3263,hold,,,0.0,,,0,0.0,164.830002,10775,0.1538,hold,,,0.0,,,0,0.0,82.504532,23004,0.1643,hold,,,0.0,,,0,0.0
2011-11-25,11478957,4108018,False,False,,90.04837,0,0.0,hold,,,0.0,,,0,0.0,46.579704,80291,0.3258,hold,,,0.0,,,0,0.0,163.399994,10775,0.1534,hold,,,0.0,,,0,0.0,81.30645,23004,0.1629,hold,,,0.0,,,0,0.0
2011-11-28,11642967,4108018,False,False,,92.656746,0,0.0,hold,,,0.0,,,0,0.0,48.200493,80291,0.3324,hold,,,0.0,,,0,0.0,166.630005,10775,0.1542,hold,,,0.0,,,0,0.0,81.266083,23004,0.1606,hold,,,0.0,,,0,0.0
2011-11-29,11606286,4108018,False,False,,92.919968,0,0.0,hold,,,0.0,,,0,0.0,47.900997,80291,0.3314,hold,,,0.0,,,0,0.0,166.880005,10775,0.1549,hold,,,0.0,,,0,0.0,80.599777,23004,0.1598,hold,,,0.0,,,0,0.0
2011-11-30,11754508,4108018,False,False,,96.743553,0,0.0,hold,,,0.0,,,0,0.0,49.671524,80291,0.3393,hold,,,0.0,,,0,0.0,170.130005,10775,0.156,hold,,,0.0,,,0,0.0,79.341125,23004,0.1553,hold,,,0.0,,,0,0.0
2011-12-01,11767545,4108018,True,False,,96.728065,0,0.0,hold,,,0.0,,,0,0.0,50.015053,80291,0.3413,hold,,,0.0,,,0,0.0,169.630005,10775,0.1553,hold,,,0.0,,,0,0.0,78.943016,23004,0.1543,hold,,,0.0,,,0,0.0
2011-12-02,11783730,4108018,False,False,,96.642952,0,0.0,hold,,,0.0,,,0,0.0,49.874107,80291,0.3398,hold,,,0.0,,,0,0.0,169.820007,10775,0.1553,hold,,,0.0,,,0,0.0,80.049561,23004,0.1563,hold,,,0.0,,,0,0.0
2011-12-05,11796917,4108018,False,False,,97.695564,0,0.0,hold,,,0.0,,,0,0.0,50.420231,80291,0.3432,hold,,,0.0,,,0,0.0,167.320007,10775,0.1528,hold,,,0.0,,,0,0.0,79.887672,23004,0.1558,hold,,,0.0,,,0,0.0
2011-12-06,11777327,4108018,False,False,,97.726547,0,0.0,hold,,,0.0,,,0,0.0,50.279293,80291,0.3428,hold,,,0.0,,,0,0.0,168.179993,10775,0.1539,hold,,,0.0,,,0,0.0,79.125168,23004,0.1546,hold,,,0.0,,,0,0.0
2011-12-07,11796993,4108018,False,False,,98.09034,0,0.0,hold,,,0.0,,,0,0.0,50.279293,80291,0.3422,hold,,,0.0,,,0,0.0,169.399994,10775,0.1547,hold,,,0.0,,,0,0.0,79.4086,23004,0.1548,hold,,,0.0,,,0,0.0
2011-12-08,11715063,4108018,False,False,,95.938568,0,0.0,hold,,,0.0,,,0,0.0,49.433678,80291,0.3388,hold,,,0.0,,,0,0.0,165.979996,10775,0.1527,hold,,,0.0,,,0,0.0,80.400436,23004,0.1579,hold,,,0.0,,,0,0.0
2011-12-09,11745216,4108018,False,False,,97.564003,0,0.0,hold,,,0.0,,,0,0.0,50.226479,80291,0.3434,hold,,,0.0,,,0,0.0,166.399994,10775,0.1527,hold,,,0.0,,,0,0.0,78.747368,23004,0.1542,hold,,,0.0,,,0,0.0
2011-12-12,11672611,4108018,False,False,,96.139809,0,0.0,hold,,,0.0,,,0,0.0,49.662708,80291,0.3416,hold,,,0.0,,,0,0.0,161.990005,10775,0.1495,hold,,,0.0,,,0,0.0,79.624512,23004,0.1569,hold,,,0.0,,,0,0.0
2011-12-13,11607687,4108018,False,False,,95.241966,0,0.0,hold,,,0.0,,,0,0.0,49.11655,80291,0.3397,hold,,,0.0,,,0,0.0,158.449997,10775,0.1471,hold,,,0.0,,,0,0.0,80.366646,23004,0.1593,hold,,,0.0,,,0,0.0
2011-12-14,11521175,4108018,False,False,,94.228004,0,0.0,hold,,,0.0,,,0,0.0,48.350231,80291,0.337,hold,,,0.0,,,0,0.0,152.889999,10775,0.143,hold,,,0.0,,,0,0.0,81.884865,23004,0.1635,hold,,,0.0,,,0,0.0
2011-12-15,11497546,4108018,False,False,,94.568596,0,0.0,hold,,,0.0,,,0,0.0,48.218094,80291,0.3367,hold,,,0.0,,,0,0.0,152.330002,10775,0.1428,hold,,,0.0,,,0,0.0,81.5812,23004,0.1632,hold,,,0.0,,,0,0.0
2011-12-16,11570613,4108018,False,False,,94.708801,0,0.0,hold,,,0.0,,,0,0.0,48.466362,80291,0.3363,hold,,,0.0,,,0,0.0,155.229996,10775,0.1446,hold,,,0.0,,,0,0.0,82.532585,23004,0.1641,hold,,,0.0,,,0,0.0
2011-12-19,11552488,4108018,False,False,,93.696213,0,0.0,hold,,,0.0,,,0,0.0,47.989292,80291,0.3335,hold,,,0.0,,,0,0.0,154.869995,10775,0.1444,hold,,,0.0,,,0,0.0,83.57843,23004,0.1664,hold,,,0.0,,,0,0.0
2011-12-20,11641465,4108018,False,False,,96.531441,0,0.0,hold,,,0.0,,,0,0.0,49.411655,80291,0.3408,hold,,,0.0,,,0,0.0,156.979996,10775,0.1453,hold,,,0.0,,,0,0.0,81.493523,23004,0.161,hold,,,0.0,,,0,0.0
2011-12-21,11560580,4108018,False,False,,96.718414,0,0.0,hold,,,0.0,,,0,0.0,48.704872,80291,0.3383,hold,,,0.0,,,0,0.0,157.160004,10775,0.1465,hold,,,0.0,,,0,0.0,80.359978,23004,0.1599,hold,,,0.0,,,0,0.0
2011-12-22,11589614,4108018,False,False,,97.575218,0,0.0,hold,,,0.0,,,0,0.0,49.12011,80291,0.3403,hold,,,0.0,,,0,0.0,156.039993,10775,0.1451,hold,,,0.0,,,0,0.0,80.697411,23004,0.1602,hold,,,0.0,,,0,0.0
2011-12-23,11605924,4108018,False,False,,98.447586,0,0.0,hold,,,0.0,,,0,0.0,49.544167,80291,0.3428,hold,,,0.0,,,0,0.0,156.309998,10775,0.1451,hold,,,0.0,,,0,0.0,79.79985,23004,0.1582,hold,,,0.0,,,0,0.0
2011-12-27,11614400,4108018,False,False,,98.525497,0,0.0,hold,,,0.0,,,0,0.0,49.728973,80291,0.3438,hold,,,0.0,,,0,0.0,154.910004,10775,0.1437,hold,,,0.0,,,0,0.0,80.179001,23004,0.1588,hold,,,0.0,,,0,0.0
2011-12-28,11560546,4108018,False,False,,97.232498,0,0.0,hold,,,0.0,,,0,0.0,49.154217,80291,0.3414,hold,,,0.0,,,0,0.0,151.029999,10775,0.1408,hold,,,0.0,,,0,0.0,81.661407,23004,0.1625,hold,,,0.0,,,0,0.0
2011-12-29,11584936,4108018,False,False,,98.23732,0,0.0,hold,,,0.0,,,0,0.0,49.507919,80291,0.3431,hold,,,0.0,,,0,0.0,150.339996,10775,0.1398,hold,,,0.0,,,0,0.0,81.810326,23004,0.1624,hold,,,0.0,,,0,0.0
2011-12-30,11597428,4108018,False,False,,97.754333,0,0.0,hold,,,0.0,,,0,0.0,49.366436,80291,0.3418,hold,,,0.0,,,0,0.0,151.990005,10775,0.1412,hold,,,0.0,,,0,0.0,82.074333,23004,0.1628,hold,,,0.0,,,0,0.0
2012-01-03,11687399,4108018,True,False,,99.31221,0,0.0,hold,,,0.0,,,0,0.0,50.312561,80291,0.3456,hold,,,0.0,,,0,0.0,155.919998,10775,0.1437,hold,,,0.0,,,0,0.0,80.842369,23004,0.1591,hold,,,0.0,,,0,0.0
2012-01-04,11690839,4108018,False,False,,99.467964,0,0.0,hold,,,0.0,,,0,0.0,50.524776,80291,0.347,hold,,,0.0,,,0,0.0,156.710007,10775,0.1444,hold,,,0.0,,,0,0.0,79.881165,23004,0.1572,hold,,,0.0,,,0,0.0
2012-01-05,11732468,4108018,False,False,,99.732849,0,0.0,hold,,,0.0,,,0,0.0,50.94038,80291,0.3486,hold,,,0.0,,,0,0.0,157.779999,10775,0.1449,hold,,,0.0,,,0,0.0,79.739052,23004,0.1563,hold,,,0.0,,,0,0.0
2012-01-06,11754897,4108018,False,False,,99.475792,0,0.0,buy,ENTER_TO_TARGET,signal_buy+rebalance,4114214.0,,,0,0.0,51.117203,80291,0.3492,hold,INCREASE_TO_TARGET,rebalance 2012-01-06,9963.0,,,0,0.0,157.199997,10775,0.1441,hold,INCREASE_TO_TARGET,rebalance 2012-01-06,69405.0,,,0,0.0,80.368546,23004,0.1573,hold,REDUCE_TO_TARGET,rebalance 2012-01-06,-85564.0,,,0,0.0
2012-01-09,11717966,225,False,True,daily,99.717247,41141,0.3501,hold,,,0.0,ENTER_TO_TARGET,buy,41141,99.701665,50.949203,80484,0.3499,hold,,,0.0,INCREASE_TO_TARGET,buy,193,51.249841,156.5,11214,0.1498,hold,,,0.0,INCREASE_TO_TARGET,buy,439,157.360001,80.226425,21934,0.1502,hold,,,0.0,REDUCE_TO_TARGET,sell,1070,79.952005
2012-01-10,11804453,225,False,False,,100.581818,41141,0.3505,hold,,,0.0,,,0,0.0,51.32058,80484,0.3499,hold,,,0.0,,,0,0.0,158.639999,11214,0.1507,hold,,,0.0,,,0,0.0,80.091011,21934,0.1488,hold,,,0.0,,,0,0.0
2012-01-11,11849654,225,False,False,,100.636391,41141,0.3494,hold,,,0.0,,,0,0.0,51.426697,80484,0.3493,hold,,,0.0,,,0,0.0,159.669998,11214,0.1511,hold,,,0.0,,,0,0.0,81.133469,21934,0.1502,hold,,,0.0,,,0,0.0
2012-01-12,11881392,225,False,False,,100.877838,41141,0.3493,hold,,,0.0,,,0,0.0,51.630051,80484,0.3497,hold,,,0.0,,,0,0.0,160.380005,11214,0.1514,hold,,,0.0,,,0,0.0,81.018379,21934,0.1496,hold,,,0.0,,,0,0.0
2012-01-13,11850084,225,False,False,,100.355965,41141,0.3484,hold,,,0.0,,,0,0.0,51.444366,80484,0.3494,hold,,,0.0,,,0,0.0,159.259995,11214,0.1507,hold,,,0.0,,,0,0.0,81.823822,21934,0.1515,hold,,,0.0,,,0,0.0
2012-01-17,11926045,225,False,False,,100.745415,41141,0.3475,hold,,,0.0,,,0,0.0,51.913021,80484,0.3503,hold,,,0.0,,,0,0.0,160.5,11214,0.1509,hold,,,0.0,,,0,0.0,82.202904,21934,0.1512,hold,,,0.0,,,0,0.0
2012-01-18,12017891,225,False,False,,101.859283,41141,0.3487,hold,,,0.0,,,0,0.0,52.602707,80484,0.3523,hold,,,0.0,,,0,0.0,161.600006,11214,0.1508,hold,,,0.0,,,0,0.0,81.207909,21934,0.1482,hold,,,0.0,,,0,0.0
2012-01-19,12037574,225,False,False,,102.396744,41141,0.35,hold,,,0.0,,,0,0.0,52.929867,80484,0.3539,hold,,,0.0,,,0,0.0,161.220001,11214,0.1502,hold,,,0.0,,,0,0.0,80.091011,21934,0.1459,hold,,,0.0,,,0,0.0
2012-01-20,12036508,225,False,False,,102.778381,41141,0.3513,hold,,,0.0,,,0,0.0,52.850292,80484,0.3534,hold,,,0.0,,,0,0.0,162.070007,11214,0.151,hold,,,0.0,,,0,0.0,79.183968,21934,0.1443,hold,,,0.0,,,0,0.0
2012-01-23,12028272,225,False,False,,102.51355,41141,0.3506,hold,,,0.0,,,0,0.0,52.867989,80484,0.3538,hold,,,0.0,,,0,0.0,163.160004,11214,0.1521,hold,,,0.0,,,0,0.0,78.683029,21934,0.1435,hold,,,0.0,,,0,0.0
2012-01-24,12005859,225,False,False,,102.396744,41141,0.3509,hold,,,0.0,,,0,0.0,52.77071,80484,0.3538,hold,,,0.0,,,0,0.0,162.009995,11214,0.1513,hold,,,0.0,,,0,0.0,78.825165,21934,0.144,hold,,,0.0,,,0,0.0
2012-01-25,12139779,225,False,False,,103.25354,41141,0.3499,hold,,,0.0,,,0,0.0,53.43388,80484,0.3543,hold,,,0.0,,,0,0.0,166.419998,11214,0.1537,hold,,,0.0,,,0,0.0,78.635628,21934,0.1421,hold,,,0.0,,,0,0.0
2012-01-26,12135440,225,False,False,,102.723846,41141,0.3482,hold,,,0.0,,,0,0.0,53.248192,80484,0.3531,hold,,,0.0,,,0,0.0,167.270004,11214,0.1546,hold,,,0.0,,,0,0.0,79.678116,21934,0.144,hold,,,0.0,,,0,0.0
2012-01-27,12170886,225,False,False,,102.677132,41141,0.3471,hold,,,0.0,,,0,0.0,53.407368,80484,0.3532,hold,,,0.0,,,0,0.0,168.970001,11214,0.1557,hold,,,0.0,,,0,0.0,79.928535,21934,0.144,hold,,,0.0,,,0,0.0
2012-01-30,12170120,225,False,False,,102.326622,41141,0.3459,hold,,,0.0,,,0,0.0,53.451572,80484,0.3535,hold,,,0.0,,,0,0.0,168.029999,11214,0.1548,hold,,,0.0,,,0,0.0,80.869431,21934,0.1457,hold,,,0.0,,,0,0.0
2012-01-31,12209055,225,False,False,,102.287712,41141,0.3447,hold,,,0.0,,,0,0.0,53.522308,80484,0.3528,hold,,,0.0,,,0,0.0,169.309998,11214,0.1555,hold,,,0.0,,,0,0.0,81.803551,21934,0.147,hold,,,0.0,,,0,0.0
2012-02-01,12263026,225,True,False,,103.183411,41141,0.3462,hold,,,0.0,,,0,0.0,53.95557,80484,0.3541,hold,,,0.0,,,0,0.0,169.559998,11214,0.1551,hold,,,0.0,,,0,0.0,80.866531,21934,0.1446,hold,,,0.0,,,0,0.0
2012-02-02,12299243,225,False,False,,103.346992,41141,0.3457,hold,,,0.0,,,0,0.0,54.123581,80484,0.3542,hold,,,0.0,,,0,0.0,171.050003,11214,0.156,hold,,,0.0,,,0,0.0,80.832588,21934,0.1442,hold,,,0.0,,,0,0.0
2012-02-03,12342288,225,False,False,,104.795792,41141,0.3493,hold,,,0.0,,,0,0.0,54.866333,80484,0.3578,hold,,,0.0,,,0,0.0,167.639999,11214,0.1523,hold,,,0.0,,,0,0.0,79.095566,21934,0.1406,hold,,,0.0,,,0,0.0
2012-02-06,12347952,225,False,False,,104.725693,41141,0.3489,hold,,,0.0,,,0,0.0,54.822113,80484,0.3573,hold,,,0.0,,,0,0.0,167.179993,11214,0.1518,hold,,,0.0,,,0,0.0,79.882698,21934,0.1419,hold,,,0.0,,,0,0.0
2012-02-07,12374628,225,False,False,,104.990509,41141,0.3491,hold,,,0.0,,,0,0.0,54.937065,80484,0.3573,hold,,,0.0,,,0,0.0,169.699997,11214,0.1538,hold,,,0.0,,,0,0.0,78.892014,21934,0.1398,hold,,,0.0,,,0,0.0
2012-02-08,12398815,225,False,False,,105.302109,41141,0.3494,hold,,,0.0,,,0,0.0,55.228859,80484,0.3585,hold,,,0.0,,,0,0.0,168.5,11214,0.1524,hold,,,0.0,,,0,0.0,78.953102,21934,0.1397,hold,,,0.0,,,0,0.0
2012-02-09,12417957,225,False,False,,105.434525,41141,0.3493,hold,,,0.0,,,0,0.0,55.626774,80484,0.3605,hold,,,0.0,,,0,0.0,168.020004,11214,0.1517,hold,,,0.0,,,0,0.0,78.362755,21934,0.1384,hold,,,0.0,,,0,0.0
2012-02-10,12367054,225,False,False,,104.655594,41141,0.3482,hold,,,0.0,,,0,0.0,55.237717,80484,0.3595,hold,,,0.0,,,0,0.0,167.139999,11214,0.1516,hold,,,0.0,,,0,0.0,79.380531,21934,0.1408,hold,,,0.0,,,0,0.0
2012-02-13,12446758,225,False,False,,105.434525,41141,0.3485,hold,,,0.0,,,0,0.0,55.750565,80484,0.3605,hold,,,0.0,,,0,0.0,167.509995,11214,0.1509,hold,,,0.0,,,0,0.0,79.482315,21934,0.1401,hold,,,0.0,,,0,0.0
2012-02-14,12457551,225,False,False,,105.302109,41141,0.3478,hold,,,0.0,,,0,0.0,55.892036,80484,0.3611,hold,,,0.0,,,0,0.0,167.119995,11214,0.1504,hold,,,0.0,,,0,0.0,79.903046,21934,0.1407,hold,,,0.0,,,0,0.0
2012-02-15,12414025,225,False,False,,104.811401,41141,0.3474,hold,,,0.0,,,0,0.0,55.502979,80484,0.3598,hold,,,0.0,,,0,0.0,168.110001,11214,0.1519,hold,,,0.0,,,0,0.0,79.760506,21934,0.1409,hold,,,0.0,,,0,0.0
2012-02-16,12507752,225,False,False,,105.97197,41141,0.3486,hold,,,0.0,,,0,0.0,56.263405,80484,0.362,hold,,,0.0,,,0,0.0,168.0,11214,0.1506,hold,,,0.0,,,0,0.0,79.122719,21934,0.1388,hold,,,0.0,,,0,0.0
2012-02-17,12497317,225,False,False,,106.252357,41141,0.3498,hold,,,0.0,,,0,0.0,56.086559,80484,0.3612,hold,,,0.0,,,0,0.0,167.350006,11214,0.1502,hold,,,0.0,,,0,0.0,79.102325,21934,0.1388,hold,,,0.0,,,0,0.0
2012-02-21,12534008,225,False,False,,106.29908,41141,0.3489,hold,,,0.0,,,0,0.0,56.245735,80484,0.3612,hold,,,0.0,,,0,0.0,171.020004,11214,0.153,hold,,,0.0,,,0,0.0,78.227066,21934,0.1369,hold,,,0.0,,,0,0.0
2012-02-22,12542381,225,False,False,,105.956375,41141,0.3476,hold,,,0.0,,,0,0.0,55.9893,80484,0.3593,hold,,,0.0,,,0,0.0,172.940002,11214,0.1546,hold,,,0.0,,,0,0.0,79.210915,21934,0.1385,hold,,,0.0,,,0,0.0
2012-02-23,12592394,225,False,False,,106.423729,41141,0.3477,hold,,,0.0,,,0,0.0,56.360668,80484,0.3602,hold,,,0.0,,,0,0.0,173.020004,11214,0.1541,hold,,,0.0,,,0,0.0,79.210915,21934,0.138,hold,,,0.0,,,0,0.0
2012-02-24,12620117,225,False,False,,106.657425,41141,0.3477,hold,,,0.0,,,0,0.0,56.555191,80484,0.3607,hold,,,0.0,,,0,0.0,172.229996,11214,0.153,hold,,,0.0,,,0,0.0,79.726608,21934,0.1386,hold,,,0.0,,,0,0.0
2012-02-27,12643429,225,False,False,,106.836578,41141,0.3476,hold,,,0.0,,,0,0.0,56.634796,80484,0.3605,hold,,,0.0,,,0,0.0,171.699997,11214,0.1523,hold,,,0.0,,,0,0.0,80.432274,21934,0.1395,hold,,,0.0,,,0,0.0
2012-02-28,12716773,225,False,False,,107.148148,41141,0.3466,hold,,,0.0,,,0,0.0,57.20953,80484,0.3621,hold,,,0.0,,,0,0.0,173.490005,11214,0.153,hold,,,0.0,,,0,0.0,80.167641,21934,0.1383,hold,,,0.0,,,0,0.0
2012-02-29,12564947,225,False,False,,106.727539,41141,0.3495,hold,,,0.0,,,0,0.0,56.953114,80484,0.3648,hold,,,0.0,,,0,0.0,164.289993,11214,0.1466,hold,,,0.0,,,0,0.0,79.679123,21934,0.1391,hold,,,0.0,,,0,0.0
2012-03-01,12633554,225,True,False,,107.280525,41141,0.3494,hold,,,0.0,,,0,0.0,57.404045,80484,0.3657,hold,,,0.0,,,0,0.0,166.610001,11214,0.1479,hold,,,0.0,,,0,0.0,78.929008,21934,0.137,hold,,,0.0,,,0,0.0
2012-03-02,12629772,225,False,False,,106.953384,41141,0.3484,hold,,,0.0,,,0,0.0,57.359879,80484,0.3655,hold,,,0.0,,,0,0.0,166.339996,11214,0.1477,hold,,,0.0,,,0,0.0,79.670288,21934,0.1384,hold,,,0.0,,,0,0.0
2012-03-05,12542532,225,False,False,,106.517204,41141,0.3494,hold,,,0.0,,,0,0.0,56.767418,80484,0.3643,hold,,,0.0,,,0,0.0,165.649994,11214,0.1481,hold,,,0.0,,,0,0.0,79.037788,21934,0.1382,hold,,,0.0,,,0,0.0
2012-03-06,12421559,225,False,False,,104.959351,41141,0.3476,hold,,,0.0,,,0,0.0,56.210358,80484,0.3642,hold,,,0.0,,,0,0.0,162.699997,11214,0.1469,hold,,,0.0,,,0,0.0,79.996735,21934,0.1413,hold,,,0.0,,,0,0.0
2012-03-07,12486241,225,False,False,,105.691544,41141,0.3482,hold,,,0.0,,,0,0.0,56.64362,80484,0.3651,hold,,,0.0,,,0,0.0,163.630005,11214,0.147,hold,,,0.0,,,0,0.0,79.507057,21934,0.1397,hold,,,0.0,,,0,0.0
2012-03-08,12579658,225,False,False,,106.743126,41141,0.3491,hold,,,0.0,,,0,0.0,57.253738,80484,0.3663,hold,,,0.0,,,0,0.0,165.279999,11214,0.1473,hold,,,0.0,,,0,0.0,78.711334,21934,0.1372,hold,,,0.0,,,0,0.0
2012-03-09,12631622,225,False,False,,107.155907,41141,0.349,hold,,,0.0,,,0,0.0,57.492481,80484,0.3663,hold,,,0.0,,,0,0.0,166.380005,11214,0.1477,hold,,,0.0,,,0,0.0,78.86776,21934,0.1369,hold,,,0.0,,,0,0.0
2012-03-12,12619092,225,False,False,,107.163719,41141,0.3494,hold,,,0.0,,,0,0.0,57.519024,80484,0.3669,hold,,,0.0,,,0,0.0,165.070007,11214,0.1467,hold,,,0.0,,,0,0.0,78.854187,21934,0.1371,hold,,,0.0,,,0,0.0
2012-03-13,12723180,225,False,False,,109.095398,41141,0.3528,hold,,,0.0,,,0,0.0,58.58894,80484,0.3706,hold,,,0.0,,,0,0.0,162.300003,11214,0.143,hold,,,0.0,,,0,0.0,77.466789,21934,0.1335,hold,,,0.0,,,0,0.0
2012-03-14,12661317,225,False,False,,108.978592,41141,0.3541,hold,,,0.0,,,0,0.0,58.79229,80484,0.3737,hold,,,0.0,,,0,0.0,159.570007,11214,0.1413,hold,,,0.0,,,0,0.0,75.515045,21934,0.1308,hold,,,0.0,,,0,0.0
2012-03-15,12720266,225,False,False,,109.609535,41141,0.3545,hold,,,0.0,,,0,0.0,58.960312,80484,0.3731,hold,,,0.0,,,0,0.0,161.080002,11214,0.142,hold,,,0.0,,,0,0.0,75.630623,21934,0.1304,hold,,,0.0,,,0,0.0
2012-03-16,12728908,225,False,False,,109.761292,41141,0.3548,hold,,,0.0,,,0,0.0,58.918671,80484,0.3725,hold,,,0.0,,,0,0.0,161.300003,11214,0.1421,hold,,,0.0,,,0,0.0,75.780273,21934,0.1306,hold,,,0.0,,,0,0.0
2012-03-19,12763530,225,False,False,,110.191582,41141,0.3552,hold,,,0.0,,,0,0.0,59.334988,80484,0.3742,hold,,,0.0,,,0,0.0,161.589996,11214,0.142,hold,,,0.0,,,0,0.0,74.875778,21934,0.1287,hold,,,0.0,,,0,0.0
2012-03-20,12749080,225,False,False,,109.87085,41141,0.3546,hold,,,0.0,,,0,0.0,59.441284,80484,0.3752,hold,,,0.0,,,0,0.0,160.130005,11214,0.1408,hold,,,0.0,,,0,0.0,75.174995,21934,0.1293,hold,,,0.0,,,0,0.0
2012-03-21,12761932,225,False,False,,109.690887,41141,0.3536,hold,,,0.0,,,0,0.0,59.450142,80484,0.3749,hold,,,0.0,,,0,0.0,160.210007,11214,0.1408,hold,,,0.0,,,0,0.0,76.025078,21934,0.1307,hold,,,0.0,,,0,0.0
2012-03-22,12717637,225,False,False,,108.900719,41141,0.3523,hold,,,0.0,,,0,0.0,59.32613,80484,0.3754,hold,,,0.0,,,0,0.0,159.570007,11214,0.1407,hold,,,0.0,,,0,0.0,76.269943,21934,0.1315,hold,,,0.0,,,0,0.0
2012-03-23,12767059,225,False,False,,109.252762,41141,0.3521,hold,,,0.0,,,0,0.0,59.290695,80484,0.3738,hold,,,0.0,,,0,0.0,161.529999,11214,0.1419,hold,,,0.0,,,0,0.0,76.990784,21934,0.1323,hold,,,0.0,,,0,0.0
2012-03-26,12937082,225,False,False,,110.786156,41141,0.3523,hold,,,0.0,,,0,0.0,60.326992,80484,0.3753,hold,,,0.0,,,0,0.0,164.399994,11214,0.1425,hold,,,0.0,,,0,0.0,76.596352,21934,0.1299,hold,,,0.0,,,0,0.0
2012-03-27,12929122,225,False,False,,110.441902,41141,0.3514,hold,,,0.0,,,0,0.0,60.415569,80484,0.3761,hold,,,0.0,,,0,0.0,163.240005,11214,0.1416,hold,,,0.0,,,0,0.0,77.147202,21934,0.1309,hold,,,0.0,,,0,0.0
2012-03-28,12865560,225,False,False,,109.89431,41141,0.3514,hold,,,0.0,,,0,0.0,60.176422,80484,0.3764,hold,,,0.0,,,0,0.0,161.509995,11214,0.1408,hold,,,0.0,,,0,0.0,77.038399,21934,0.1313,hold,,,0.0,,,0,0.0
2012-03-29,12849397,225,False,False,,109.70649,41141,0.3513,hold,,,0.0,,,0,0.0,59.946117,80484,0.3755,hold,,,0.0,,,0,0.0,161.279999,11214,0.1408,hold,,,0.0,,,0,0.0,77.616455,21934,0.1325,hold,,,0.0,,,0,0.0
2012-03-30,12839429,225,False,False,,110.160278,41141,0.353,hold,,,0.0,,,0,0.0,59.830971,80484,0.3751,hold,,,0.0,,,0,0.0,162.119995,11214,0.1416,hold,,,0.0,,,0,0.0,76.303917,21934,0.1304,hold,,,0.0,,,0,0.0
2012-04-02,12940951,225,True,False,,110.966087,41141,0.3528,hold,REDUCE_TO_TARGET,rebalance 2012-04-02,-35923.0,,,0,0.0,60.450996,80484,0.376,hold,REDUCE_TO_TARGET,rebalance 2012-04-02,-336005.0,,,0,0.0,162.940002,11214,0.1412,hold,INCREASE_TO_TARGET,rebalance 2012-04-02,113933.0,,,0,0.0,76.726669,21934,0.13,hold,INCREASE_TO_TARGET,rebalance 2012-04-02,258220.0,,,0,0.0
2012-04-03,12847894,133,False,True,monthly,110.512321,40816,0.3511,hold,,,0.0,REDUCE_TO_TARGET,sell,325,110.477183,60.433277,74914,0.3524,hold,,,0.0,REDUCE_TO_TARGET,sell,5570,60.322618,159.889999,11909,0.1482,hold,,,0.0,INCREASE_TO_TARGET,buy,695,163.229996,75.397118,25275,0.1483,hold,,,0.0,INCREASE_TO_TARGET,buy,3341,77.053973
2012-04-04,12735759,133,False,False,,109.417076,40816,0.3507,hold,,,0.0,,,0,0.0,59.60955,74914,0.3506,hold,,,0.0,,,0,0.0,157.210007,11909,0.147,hold,,,0.0,,,0,0.0,76.433449,25275,0.1517,hold,,,0.0,,,0,0.0
2012-04-05,12788451,133,False,False,,109.362312,40816,0.349,hold,,,0.0,,,0,0.0,59.98156,74914,0.3514,hold,,,0.0,,,0,0.0,158.309998,11909,0.1474,hold,,,0.0,,,0,0.0,76.985725,25275,0.1522,hold,,,0.0,,,0,0.0
2012-04-09,12762600,133,False,False,,108.134056,40816,0.3458,hold,,,0.0,,,0,0.0,59.529846,74914,0.3494,hold,,,0.0,,,0,0.0,159.369995,11909,0.1487,hold,,,0.0,,,0,0.0,78.785812,25275,0.156,hold,,,0.0,,,0,0.0
2012-04-10,12660034,133,False,False,,106.319038,40816,0.3428,hold,,,0.0,,,0,0.0,58.573257,74914,0.3466,hold,,,0.0,,,0,0.0,161.100006,11909,0.1515,hold,,,0.0,,,0,0.0,79.678986,25275,0.1591,hold,,,0.0,,,0,0.0
2012-04-11,12691906,133,False,False,,107.179588,40816,0.3447,hold,,,0.0,,,0,0.0,58.85667,74914,0.3474,hold,,,0.0,,,0,0.0,161.070007,11909,0.1511,hold,,,0.0,,,0,0.0,78.724442,25275,0.1568,hold,,,0.0,,,0,0.0
2012-04-12,12810632,133,False,False,,108.579956,40816,0.3459,hold,,,0.0,,,0,0.0,59.529846,74914,0.3481,hold,,,0.0,,,0,0.0,162.699997,11909,0.1512,hold,,,0.0,,,0,0.0,78.397102,25275,0.1547,hold,,,0.0,,,0,0.0
2012-04-13,12700286,133,False,False,,107.289116,40816,0.3448,hold,,,0.0,,,0,0.0,58.626377,74914,0.3458,hold,,,0.0,,,0,0.0,160.850006,11909,0.1508,hold,,,0.0,,,0,0.0,79.665359,25275,0.1585,hold,,,0.0,,,0,0.0
2012-04-16,12640739,133,False,False,,107.218742,40816,0.3462,hold,,,0.0,,,0,0.0,57.970947,74914,0.3436,hold,,,0.0,,,0,0.0,160.460007,11909,0.1512,hold,,,0.0,,,0,0.0,79.549469,25275,0.1591,hold,,,0.0,,,0,0.0
2012-04-17,12790102,133,False,False,,108.806854,40816,0.3472,hold,,,0.0,,,0,0.0,59.14896,74914,0.3464,hold,,,0.0,,,0,0.0,160.25,11909,0.1492,hold,,,0.0,,,0,0.0,79.501724,25275,0.1571,hold,,,0.0,,,0,0.0
2012-04-18,12758478,133,False,False,,108.439163,40816,0.3469,hold,,,0.0,,,0,0.0,58.998394,74914,0.3464,hold,,,0.0,,,0,0.0,159.309998,11909,0.1487,hold,,,0.0,,,0,0.0,79.73349,25275,0.158,hold,,,0.0,,,0,0.0
2012-04-19,12683617,133,False,False,,107.742844,40816,0.3467,hold,,,0.0,,,0,0.0,58.33408,74914,0.3445,hold,,,0.0,,,0,0.0,159.429993,11909,0.1497,hold,,,0.0,,,0,0.0,79.808571,25275,0.159,hold,,,0.0,,,0,0.0
2012-04-20,12680673,133,False,False,,107.922813,40816,0.3474,hold,,,0.0,,,0,0.0,58.174671,74914,0.3437,hold,,,0.0,,,0,0.0,159.539993,11909,0.1498,hold,,,0.0,,,0,0.0,79.822105,25275,0.1591,hold,,,0.0,,,0,0.0
2012-04-23,12612869,133,False,False,,107.015266,40816,0.3463,hold,,,0.0,,,0,0.0,57.643215,74914,0.3424,hold,,,0.0,,,0,0.0,159.070007,11909,0.1502,hold,,,0.0,,,0,0.0,80.401703,25275,0.1611,hold,,,0.0,,,0,0.0
2012-04-24,12594690,133,False,False,,107.422134,40816,0.3481,hold,,,0.0,,,0,0.0,57.333237,74914,0.341,hold,,,0.0,,,0,0.0,159.300003,11909,0.1506,hold,,,0.0,,,0,0.0,79.8358,25275,0.1602,hold,,,0.0,,,0,0.0
2012-04-25,12762320,133,False,False,,108.892906,40816,0.3483,hold,,,0.0,,,0,0.0,58.85667,74914,0.3455,hold,,,0.0,,,0,0.0,159.619995,11909,0.1489,hold,,,0.0,,,0,0.0,79.426758,25275,0.1573,hold,,,0.0,,,0,0.0
2012-04-26,12848026,133,False,False,,109.651756,40816,0.3483,hold,,,0.0,,,0,0.0,59.202122,74914,0.3452,hold,,,0.0,,,0,0.0,161.029999,11909,0.1493,hold,,,0.0,,,0,0.0,79.903984,25275,0.1572,hold,,,0.0,,,0,0.0
2012-04-27,12887802,133,False,False,,109.83168,40816,0.3478,hold,,,0.0,,,0,0.0,59.556393,74914,0.3462,hold,,,0.0,,,0,0.0,161.380005,11909,0.1491,hold,,,0.0,,,0,0.0,79.972206,25275,0.1568,hold,,,0.0,,,0,0.0
2012-04-30,12845821,133,False,False,,109.424889,40816,0.3477,hold,,,0.0,,,0,0.0,59.131264,74914,0.3448,hold,,,0.0,,,0,0.0,161.880005,11909,0.1501,hold,,,0.0,,,0,0.0,79.992622,25275,0.1574,hold,,,0.0,,,0,0.0
2012-05-01,12863746,133,True,False,,110.105507,40816,0.3494,hold,,,0.0,,,0,0.0,59.228695,74914,0.3449,hold,,,0.0,,,0,0.0,161.320007,11909,0.1493,hold,,,0.0,,,0,0.0,79.577774,25275,0.1564,hold,,,0.0,,,0,0.0
2012-05-02,12868412,133,False,False,,109.776939,40816,0.3482,hold,,,0.0,,,0,0.0,59.396969,74914,0.3458,hold,,,0.0,,,0,0.0,160.589996,11909,0.1486,hold,,,0.0,,,0,0.0,80.138214,25275,0.1574,hold,,,0.0,,,0,0.0
2012-05-03,12767324,133,False,False,,108.939857,40816,0.3483,hold,,,0.0,,,0,0.0,58.768097,74914,0.3448,hold,,,0.0,,,0,0.0,158.970001,11909,0.1483,hold,,,0.0,,,0,0.0,80.117722,25275,0.1586,hold,,,0.0,,,0,0.0
2012-05-04,12607843,133,False,False,,107.179588,40816,0.347,hold,,,0.0,,,0,0.0,57.306675,74914,0.3405,hold,,,0.0,,,0,0.0,159.470001,11909,0.1506,hold,,,0.0,,,0,0.0,80.746513,25275,0.1619,hold,,,0.0,,,0,0.0
2012-05-07,12610718,133,False,False,,107.257812,40816,0.3472,hold,,,0.0,,,0,0.0,57.359814,74914,0.3407,hold,,,0.0,,,0,0.0,159.080002,11909,0.1502,hold,,,0.0,,,0,0.0,80.760185,25275,0.1619,hold,,,0.0,,,0,0.0
2012-05-08,12551434,133,False,False,,106.827568,40816,0.3474,hold,,,0.0,,,0,0.0,57.147217,74914,0.3411,hold,,,0.0,,,0,0.0,156.0,11909,0.148,hold,,,0.0,,,0,0.0,81.190765,25275,0.1635,hold,,,0.0,,,0,0.0
2012-05-09,12495459,133,False,False,,106.193863,40816,0.3469,hold,,,0.0,,,0,0.0,56.970074,74914,0.3416,hold,,,0.0,,,0,0.0,154.470001,11909,0.1472,hold,,,0.0,,,0,0.0,81.245438,25275,0.1643,hold,,,0.0,,,0,0.0
2012-05-10,12493300,133,False,False,,106.412895,40816,0.3477,hold,,,0.0,,,0,0.0,56.854939,74914,0.3409,hold,,,0.0,,,0,0.0,154.770004,11909,0.1475,hold,,,0.0,,,0,0.0,81.006218,25275,0.1639,hold,,,0.0,,,0,0.0
2012-05-11,12482065,133,False,False,,106.092178,40816,0.3469,hold,,,0.0,,,0,0.0,56.846066,74914,0.3412,hold,,,0.0,,,0,0.0,153.559998,11909,0.1465,hold,,,0.0,,,0,0.0,81.676041,25275,0.1654,hold,,,0.0,,,0,0.0
2012-05-14,12396648,133,False,False,,104.918663,40816,0.3454,hold,,,0.0,,,0,0.0,56.314636,74914,0.3403,hold,,,0.0,,,0,0.0,151.330002,11909,0.1454,hold,,,0.0,,,0,0.0,82.817482,25275,0.1689,hold,,,0.0,,,0,0.0
2012-05-15,12347654,133,False,False,,104.316231,40816,0.3448,hold,,,0.0,,,0,0.0,56.128624,74914,0.3405,hold,,,0.0,,,0,0.0,149.740005,11909,0.1444,hold,,,0.0,,,0,0.0,83.152382,25275,0.1702,hold,,,0.0,,,0,0.0
2012-05-16,12305549,133,False,False,,103.91729,40816,0.3447,hold,,,0.0,,,0,0.0,55.747761,74914,0.3394,hold,,,0.0,,,0,0.0,149.460007,11909,0.1446,hold,,,0.0,,,0,0.0,83.391563,25275,0.1713,hold,,,0.0,,,0,0.0
2012-05-17,12231484,133,False,False,,102.376076,40816,0.3416,hold,,,0.0,,,0,0.0,54.569736,74914,0.3342,hold,,,0.0,,,0,0.0,152.800003,11909,0.1488,hold,,,0.0,,,0,0.0,84.867928,25275,0.1754,hold,,,0.0,,,0,0.0
2012-05-18,12163998,133,False,False,,101.499863,40816,0.3406,hold,,,0.0,,,0,0.0,53.861176,74914,0.3317,hold,,,0.0,,,0,0.0,154.550003,11909,0.1513,hold,,,0.0,,,0,0.0,84.888443,25275,0.1764,hold,,,0.0,,,0,0.0
2012-05-21,12344705,133,False,False,,103.244469,40816,0.3414,hold,,,0.0,,,0,0.0,55.366905,74914,0.336,hold,,,0.0,,,0,0.0,154.649994,11909,0.1492,hold,,,0.0,,,0,0.0,84.710724,25275,0.1734,hold,,,0.0,,,0,0.0
2012-05-22,12292958,133,False,False,,103.4244,40816,0.3434,hold,,,0.0,,,0,0.0,55.304893,74914,0.337,hold,,,0.0,,,0,0.0,152.080002,11909,0.1473,hold,,,0.0,,,0,0.0,83.767517,25275,0.1722,hold,,,0.0,,,0,0.0
2012-05-23,12312363,133,False,False,,103.479172,40816,0.343,hold,,,0.0,,,0,0.0,55.41119,74914,0.3371,hold,,,0.0,,,0,0.0,151.619995,11909,0.1467,hold,,,0.0,,,0,0.0,84.34848,25275,0.1732,hold,,,0.0,,,0,0.0
2012-05-24,12282838,133,False,False,,103.682564,40816,0.3445,hold,,,0.0,,,0,0.0,55.048035,74914,0.3357,hold,,,0.0,,,0,0.0,151.410004,11909,0.1468,hold,,,0.0,,,0,0.0,84.027222,25275,0.1729,hold,,,0.0,,,0,0.0
2012-05-25,12286873,133,False,False,,103.346184,40816,0.3433,hold,,,0.0,,,0,0.0,54.977196,74914,0.3352,hold,,,0.0,,,0,0.0,152.679993,11909,0.148,hold,,,0.0,,,0,0.0,84.341637,25275,0.1735,hold,,,0.0,,,0,0.0
2012-05-29,12364048,133,False,False,,104.597908,40816,0.3453,hold,,,0.0,,,0,0.0,55.67691,74914,0.3373,hold,,,0.0,,,0,0.0,151.020004,11909,0.1455,hold,,,0.0,,,0,0.0,84.081902,25275,0.1719,hold,,,0.0,,,0,0.0
2012-05-30,12331428,133,False,False,,103.080139,40816,0.3412,hold,,,0.0,,,0,0.0,55.20747,74914,0.3354,hold,,,0.0,,,0,0.0,151.910004,11909,0.1467,hold,,,0.0,,,0,0.0,86.214363,25275,0.1767,hold,,,0.0,,,0,0.0
2012-05-31,12326020,133,False,False,,102.853294,40816,0.3406,hold,,,0.0,,,0,0.0,54.968319,74914,0.3341,hold,,,0.0,,,0,0.0,151.619995,11909,0.1465,hold,,,0.0,,,0,0.0,87.212196,25275,0.1788,hold,,,0.0,,,0,0.0
2012-06-01,12233200,133,True,False,,100.263756,40816,0.3345,hold,INCREASE_TO_TARGET,rebalance 2012-06-01,189255.0,,,0,0.0,53.506878,74914,0.3277,hold,INCREASE_TO_TARGET,rebalance 2012-06-01,273206.0,,,0,0.0,157.5,11909,0.1533,hold,REDUCE_TO_TARGET,rebalance 2012-06-01,-40687.0,,,0,0.0,89.282715,25275,0.1845,hold,REDUCE_TO_TARGET,rebalance 2012-06-01,-421641.0,,,0,0.0
2012-06-04,12239856,136,False,True,monthly,100.216843,42693,0.3496,hold,,,0.0,INCREASE_TO_TARGET,buy,1877,100.443714,53.914314,79989,0.3523,hold,,,0.0,INCREASE_TO_TARGET,buy,5075,53.657455,157.320007,11650,0.1497,hold,,,0.0,REDUCE_TO_TARGET,sell,259,156.788215,88.577209,20500,0.1484,hold,,,0.0,REDUCE_TO_TARGET,sell,4775,88.297818
2012-06-05,12263579,136,False,False,,100.975662,42693,0.3515,hold,,,0.0,,,0,0.0,54.135754,79989,0.3531,hold,,,0.0,,,0,0.0,157.139999,11650,0.1493,hold,,,0.0,,,0,0.0,87.39238,20500,0.1461,hold,,,0.0,,,0,0.0
2012-06-06,12424642,136,False,False,,103.244469,42693,0.3548,hold,,,0.0,,,0,0.0,55.375759,79989,0.3565,hold,,,0.0,,,0,0.0,157.210007,11650,0.1474,hold,,,0.0,,,0,0.0,85.645935,20500,0.1413,hold,,,0.0,,,0,0.0
2012-06-07,12380698,136,False,False,,103.307053,42693,0.3562,hold,,,0.0,,,0,0.0,55.154339,79989,0.3563,hold,,,0.0,,,0,0.0,154.5,11650,0.1454,hold,,,0.0,,,0,0.0,85.776054,20500,0.142,hold,,,0.0,,,0,0.0
2012-06-08,12460536,136,False,False,,104.128502,42693,0.3568,hold,,,0.0,,,0,0.0,55.685776,79989,0.3575,hold,,,0.0,,,0,0.0,154.729996,11650,0.1447,hold,,,0.0,,,0,0.0,85.755501,20500,0.1411,hold,,,0.0,,,0,0.0
2012-06-11,12344332,136,False,False,,102.806381,42693,0.3556,hold,,,0.0,,,0,0.0,54.746891,79989,0.3547,hold,,,0.0,,,0,0.0,155.360001,11650,0.1466,hold,,,0.0,,,0,0.0,86.145851,20500,0.1431,hold,,,0.0,,,0,0.0
2012-06-12,12444572,136,False,False,,103.987694,42693,0.3567,hold,,,0.0,,,0,0.0,55.41119,79989,0.3562,hold,,,0.0,,,0,0.0,156.460007,11650,0.1465,hold,,,0.0,,,0,0.0,85.358276,20500,0.1406,hold,,,0.0,,,0,0.0
2012-06-13,12410675,136,False,False,,103.322716,42693,0.3554,hold,,,0.0,,,0,0.0,55.030331,79989,0.3547,hold,,,0.0,,,0,0.0,157.119995,11650,0.1475,hold,,,0.0,,,0,0.0,86.200668,20500,0.1424,hold,,,0.0,,,0,0.0
2012-06-14,12478823,136,False,False,,104.417984,42693,0.3572,hold,,,0.0,,,0,0.0,55.234047,79989,0.354,hold,,,0.0,,,0,0.0,157.75,11650,0.1473,hold,,,0.0,,,0,0.0,86.091072,20500,0.1414,hold,,,0.0,,,0,0.0
2012-06-15,12590184,136,False,False,,105.485893,42693,0.3577,hold,,,0.0,,,0,0.0,55.920292,79989,0.3553,hold,,,0.0,,,0,0.0,157.839996,11650,0.1461,hold,,,0.0,,,0,0.0,86.57048,20500,0.141,hold,,,0.0,,,0,0.0
2012-06-18,12651404,136,False,False,,105.690323,42693,0.3567,hold,,,0.0,,,0,0.0,56.444069,79989,0.3569,hold,,,0.0,,,0,0.0,157.929993,11650,0.1454,hold,,,0.0,,,0,0.0,87.036224,20500,0.141,hold,,,0.0,,,0,0.0
2012-06-19,12709640,136,False,False,,106.712616,42693,0.3585,hold,,,0.0,,,0,0.0,57.029987,79989,0.3589,hold,,,0.0,,,0,0.0,157.160004,11650,0.1441,hold,,,0.0,,,0,0.0,85.899345,20500,0.1386,hold,,,0.0,,,0,0.0
2012-06-20,12700646,136,False,False,,106.539597,42693,0.3581,hold,,,0.0,,,0,0.0,57.074394,79989,0.3595,hold,,,0.0,,,0,0.0,155.970001,11650,0.1431,hold,,,0.0,,,0,0.0,86.323936,20500,0.1393,hold,,,0.0,,,0,0.0
2012-06-21,12448354,136,False,False,,104.14901,42693,0.3572,hold,,,0.0,,,0,0.0,55.653961,79989,0.3576,hold,,,0.0,,,0,0.0,152.020004,11650,0.1423,hold,,,0.0,,,0,0.0,86.782791,20500,0.1429,hold,,,0.0,,,0,0.0
2012-06-22,12512963,136,False,False,,104.951141,42693,0.3581,hold,,,0.0,,,0,0.0,56.239891,79989,0.3595,hold,,,0.0,,,0,0.0,152.639999,11650,0.1421,hold,,,0.0,,,0,0.0,85.625351,20500,0.1403,hold,,,0.0,,,0,0.0
2012-06-25,12393084,136,False,False,,103.268303,42693,0.3557,hold,,,0.0,,,0,0.0,55.156815,79989,0.356,hold,,,0.0,,,0,0.0,153.759995,11650,0.1445,hold,,,0.0,,,0,0.0,86.871811,20500,0.1437,hold,,,0.0,,,0,0.0
2012-06-26,12422634,136,False,False,,103.787262,42693,0.3567,hold,,,0.0,,,0,0.0,55.503036,79989,0.3574,hold,,,0.0,,,0,0.0,152.619995,11650,0.1431,hold,,,0.0,,,0,0.0,86.529411,20500,0.1428,hold,,,0.0,,,0,0.0
2012-06-27,12494825,136,False,False,,104.723053,42693,0.3578,hold,,,0.0,,,0,0.0,55.840393,79989,0.3575,hold,,,0.0,,,0,0.0,152.830002,11650,0.1425,hold,,,0.0,,,0,0.0,86.666397,20500,0.1422,hold,,,0.0,,,0,0.0
2012-06-28,12415975,136,False,False,,104.424248,42693,0.3591,hold,,,0.0,,,0,0.0,55.218956,79989,0.3557,hold,,,0.0,,,0,0.0,151.050003,11650,0.1417,hold,,,0.0,,,0,0.0,86.878677,20500,0.1434,hold,,,0.0,,,0,0.0
2012-06-29,12691349,136,False,False,,107.027161,42693,0.36,hold,,,0.0,,,0,0.0,56.958988,79989,0.359,hold,,,0.0,,,0,0.0,155.190002,11650,0.1425,hold,,,0.0,,,0,0.0,85.748619,20500,0.1385,hold,,,0.0,,,0,0.0
2012-07-02,12735578,136,True,False,,107.349579,42693,0.3599,hold,,,0.0,,,0,0.0,57.127647,79989,0.3588,hold,,,0.0,,,0,0.0,155.089996,11650,0.1419,hold,,,0.0,,,0,0.0,86.633385,20500,0.1395,hold,,,0.0,,,0,0.0
2012-07-03,12818104,136,False,False,,108.057358,42693,0.3599,hold,,,0.0,,,0,0.0,57.607056,79989,0.3595,hold,,,0.0,,,0,0.0,157.460007,11650,0.1431,hold,,,0.0,,,0,0.0,85.96759,20500,0.1375,hold,,,0.0,,,0,0.0
2012-07-05,12788396,136,False,False,,107.569778,42693,0.3591,hold,,,0.0,,,0,0.0,57.642563,79989,0.3605,hold,,,0.0,,,0,0.0,155.679993,11650,0.1418,hold,,,0.0,,,0,0.0,86.406868,20500,0.1385,hold,,,0.0,,,0,0.0
2012-07-06,12680743,136,False,False,,106.54747,42693,0.3587,hold,,,0.0,,,0,0.0,56.92347,79989,0.3591,hold,,,0.0,,,0,0.0,153.710007,11650,0.1412,hold,,,0.0,,,0,0.0,87.2099,20500,0.141,hold,,,0.0,,,0,0.0
2012-07-09,12686116,136,False,False,,106.413773,42693,0.3581,hold,,,0.0,,,0,0.0,56.816921,79989,0.3582,hold,,,0.0,,,0,0.0,154.039993,11650,0.1415,hold,,,0.0,,,0,0.0,87.97863,20500,0.1422,hold,,,0.0,,,0,0.0
2012-07-10,12583406,136,False,False,,105.485893,42693,0.3579,hold,,,0.0,,,0,0.0,56.257652,79989,0.3576,hold,,,0.0,,,0,0.0,152.149994,11650,0.1409,hold,,,0.0,,,0,0.0,88.157066,20500,0.1436,hold,,,0.0,,,0,0.0
2012-07-11,12571260,136,False,False,,105.50161,42693,0.3583,hold,,,0.0,,,0,0.0,55.946922,79989,0.356,hold,,,0.0,,,0,0.0,152.990005,11650,0.1418,hold,,,0.0,,,0,0.0,88.266945,20500,0.1439,hold,,,0.0,,,0,0.0
2012-07-12,12515683,136,False,False,,104.990433,42693,0.3581,hold,,,0.0,,,0,0.0,55.423141,79989,0.3542,hold,,,0.0,,,0,0.0,152.589996,11650,0.142,hold,,,0.0,,,0,0.0,88.891502,20500,0.1456,hold,,,0.0,,,0,0.0
2012-07-13,12671623,136,False,False,,106.751961,42693,0.3597,hold,,,0.0,,,0,0.0,56.266518,79989,0.3552,hold,,,0.0,,,0,0.0,154.139999,11650,0.1417,hold,,,0.0,,,0,0.0,88.658157,20500,0.1434,hold,,,0.0,,,0,0.0
2012-07-16,12657355,136,False,False,,106.500298,42693,0.3592,hold,,,0.0,,,0,0.0,56.106716,79989,0.3546,hold,,,0.0,,,0,0.0,154.210007,11650,0.1419,hold,,,0.0,,,0,0.0,89.069992,20500,0.1443,hold,,,0.0,,,0,0.0
2012-07-17,12689037,136,False,False,,107.231644,42693,0.3608,hold,,,0.0,,,0,0.0,56.39967,79989,0.3555,hold,,,0.0,,,0,0.0,153.470001,11650,0.1409,hold,,,0.0,,,0,0.0,88.369865,20500,0.1428,hold,,,0.0,,,0,0.0
2012-07-18,12780110,136,False,False,,108.025902,42693,0.3609,hold,,,0.0,,,0,0.0,57.16317,79989,0.3578,hold,,,0.0,,,0,0.0,153.050003,11650,0.1395,hold,,,0.0,,,0,0.0,88.4179,20500,0.1418,hold,,,0.0,,,0,0.0
2012-07-19,12841815,136,False,False,,108.308983,42693,0.3601,hold,,,0.0,,,0,0.0,57.793468,79989,0.36,hold,,,0.0,,,0,0.0,153.380005,11650,0.1391,hold,,,0.0,,,0,0.0,88.191444,20500,0.1408,hold,,,0.0,,,0,0.0
2012-07-20,12763911,136,False,False,,107.318146,42693,0.359,hold,,,0.0,,,0,0.0,57.029987,79989,0.3574,hold,,,0.0,,,0,0.0,153.669998,11650,0.1403,hold,,,0.0,,,0,0.0,89.26902,20500,0.1434,hold,,,0.0,,,0,0.0
2012-07-23,12665008,136,False,False,,106.232956,42693,0.3581,hold,,,0.0,,,0,0.0,56.337532,79989,0.3558,hold,,,0.0,,,0,0.0,153.029999,11650,0.1408,hold,,,0.0,,,0,0.0,89.770042,20500,0.1453,hold,,,0.0,,,0,0.0
2012-07-24,12610760,136,False,False,,105.320755,42693,0.3566,hold,,,0.0,,,0,0.0,55.893658,79989,0.3545,hold,,,0.0,,,0,0.0,153.520004,11650,0.1418,hold,,,0.0,,,0,0.0,90.47702,20500,0.1471,hold,,,0.0,,,0,0.0
2012-07-25,12611771,136,False,False,,105.344337,42693,0.3566,hold,,,0.0,,,0,0.0,55.520786,79989,0.3521,hold,,,0.0,,,0,0.0,155.669998,11650,0.1438,hold,,,0.0,,,0,0.0,90.710335,20500,0.1474,hold,,,0.0,,,0,0.0
2012-07-26,12740701,136,False,False,,107.08226,42693,0.3588,hold,,,0.0,,,0,0.0,56.257652,79989,0.3532,hold,,,0.0,,,0,0.0,156.770004,11650,0.1433,hold,,,0.0,,,0,0.0,89.879913,20500,0.1446,hold,,,0.0,,,0,0.0
2012-07-27,12905700,136,False,False,,109.056061,42693,0.3608,hold,,,0.0,,,0,0.0,57.589287,79989,0.3569,hold,,,0.0,,,0,0.0,157.539993,11650,0.1422,hold,,,0.0,,,0,0.0,88.184547,20500,0.1401,hold,,,0.0,,,0,0.0
2012-07-30,12914375,136,False,False,,109.056061,42693,0.3605,hold,,,0.0,,,0,0.0,57.544888,79989,0.3564,hold,,,0.0,,,0,0.0,157.429993,11650,0.142,hold,,,0.0,,,0,0.0,88.843468,20500,0.141,hold,,,0.0,,,0,0.0
2012-07-31,12873096,136,False,False,,108.293266,42693,0.3591,hold,,,0.0,,,0,0.0,57.527138,79989,0.3575,hold,,,0.0,,,0,0.0,156.490005,11650,0.1416,hold,,,0.0,,,0,0.0,89.021919,20500,0.1418,hold,,,0.0,,,0,0.0
2012-08-01,12830724,136,True,False,,108.198891,42693,0.36,hold,,,0.0,,,0,0.0,57.358467,79989,0.3576,hold,,,0.0,,,0,0.0,155.139999,11650,0.1409,hold,,,0.0,,,0,0.0,88.576859,20500,0.1415,hold,,,0.0,,,0,0.0
2012-08-02,12781023,136,False,False,,107.45182,42693,0.3589,hold,,,0.0,,,0,0.0,57.154259,79989,0.3577,hold,,,0.0,,,0,0.0,154.130005,11650,0.1405,hold,,,0.0,,,0,0.0,89.079041,20500,0.1429,hold,,,0.0,,,0,0.0
2012-08-03,12945716,136,False,False,,109.582939,42693,0.3614,hold,,,0.0,,,0,0.0,58.237358,79989,0.3598,hold,,,0.0,,,0,0.0,155.550003,11650,0.14,hold,,,0.0,,,0,0.0,87.641457,20500,0.1388,hold,,,0.0,,,0,0.0
2012-08-06,12999729,136,False,False,,109.795258,42693,0.3606,hold,,,0.0,,,0,0.0,58.681236,79989,0.3611,hold,,,0.0,,,0,0.0,156.300003,11650,0.1401,hold,,,0.0,,,0,0.0,87.675888,20500,0.1383,hold,,,0.0,,,0,0.0
2012-08-07,13038928,136,False,False,,110.345741,42693,0.3613,hold,,,0.0,,,0,0.0,59.169502,79989,0.363,hold,,,0.0,,,0,0.0,156.279999,11650,0.1396,hold,,,0.0,,,0,0.0,86.547821,20500,0.1361,hold,,,0.0,,,0,0.0
2012-08-08,13035388,136,False,False,,110.479431,42693,0.3618,hold,,,0.0,,,0,0.0,59.142857,79989,0.3629,hold,,,0.0,,,0,0.0,156.479996,11650,0.1398,hold,,,0.0,,,0,0.0,86.087006,20500,0.1354,hold,,,0.0,,,0,0.0
2012-08-09,13058292,136,False,False,,110.573784,42693,0.3615,hold,,,0.0,,,0,0.0,59.320415,79989,0.3634,hold,,,0.0,,,0,0.0,156.990005,11650,0.1401,hold,,,0.0,,,0,0.0,86.025131,20500,0.135,hold,,,0.0,,,0,0.0
2012-08-10,13079952,136,False,False,,110.754677,42693,0.3615,hold,,,0.0,,,0,0.0,59.355946,79989,0.363,hold,,,0.0,,,0,0.0,157.179993,11650,0.14,hold,,,0.0,,,0,0.0,86.458412,20500,0.1355,hold,,,0.0,,,0,0.0
2012-08-13,13072140,136,False,False,,110.699623,42693,0.3615,hold,,,0.0,,,0,0.0,59.497986,79989,0.3641,hold,,,0.0,,,0,0.0,155.990005,11650,0.139,hold,,,0.0,,,0,0.0,86.313995,20500,0.1354,hold,,,0.0,,,0,0.0
2012-08-14,13040951,136,False,False,,110.715332,42693,0.3625,hold,,,0.0,,,0,0.0,59.52462,79989,0.3651,hold,,,0.0,,,0,0.0,155.130005,11650,0.1386,hold,,,0.0,,,0,0.0,85.144676,20500,0.1338,hold,,,0.0,,,0,0.0
2012-08-15,13039684,136,False,False,,110.841125,42693,0.3629,hold,,,0.0,,,0,0.0,59.675545,79989,0.3661,hold,,,0.0,,,0,0.0,155.630005,11650,0.139,hold,,,0.0,,,0,0.0,83.947884,20500,0.132,hold,,,0.0,,,0,0.0
2012-08-16,13127582,136,False,False,,111.65905,42693,0.3631,hold,,,0.0,,,0,0.0,60.385738,79989,0.3679,hold,,,0.0,,,0,0.0,156.559998,11650,0.1389,hold,,,0.0,,,0,0.0,83.232574,20500,0.13,hold,,,0.0,,,0,0.0
2012-08-17,13165446,136,False,False,,111.808418,42693,0.3626,hold,,,0.0,,,0,0.0,60.652073,79989,0.3685,hold,,,0.0,,,0,0.0,156.720001,11650,0.1387,hold,,,0.0,,,0,0.0,83.638382,20500,0.1302,hold,,,0.0,,,0,0.0
2012-08-20,13182699,136,False,False,,111.816269,42693,0.3621,hold,,,0.0,,,0,0.0,60.740849,79989,0.3686,hold,,,0.0,,,0,0.0,157.259995,11650,0.139,hold,,,0.0,,,0,0.0,83.810364,20500,0.1303,hold,,,0.0,,,0,0.0
2012-08-21,13174996,136,False,False,,111.478149,42693,0.3612,hold,,,0.0,,,0,0.0,60.50116,79989,0.3673,hold,,,0.0,,,0,0.0,158.830002,11650,0.1404,hold,,,0.0,,,0,0.0,84.181778,20500,0.131,hold,,,0.0,,,0,0.0
2012-08-22,13245297,136,False,False,,111.525337,42693,0.3595,hold,,,0.0,,,0,0.0,60.749725,79989,0.3669,hold,,,0.0,,,0,0.0,160.539993,11650,0.1412,hold,,,0.0,,,0,0.0,85.571167,20500,0.1324,hold,,,0.0,,,0,0.0
2012-08-23,13189645,136,False,False,,110.613121,42693,0.358,hold,,,0.0,,,0,0.0,60.252579,79989,0.3654,hold,,,0.0,,,0,0.0,161.889999,11650,0.143,hold,,,0.0,,,0,0.0,85.928833,20500,0.1336,hold,,,0.0,,,0,0.0
2012-08-24,13247244,136,False,False,,111.281509,42693,0.3586,hold,,,0.0,,,0,0.0,60.625423,79989,0.3661,hold,,,0.0,,,0,0.0,161.970001,11650,0.1424,hold,,,0.0,,,0,0.0,85.846283,20500,0.1328,hold,,,0.0,,,0,0.0
2012-08-27,13259252,136,False,False,,111.305161,42693,0.3584,hold,,,0.0,,,0,0.0,60.723087,79989,0.3663,hold,,,0.0,,,0,0.0,161.360001,11650,0.1418,hold,,,0.0,,,0,0.0,86.348366,20500,0.1335,hold,,,0.0,,,0,0.0
2012-08-28,13262042,136,False,False,,111.195015,42693,0.358,hold,,,0.0,,,0,0.0,60.723087,79989,0.3662,hold,,,0.0,,,0,0.0,161.639999,11650,0.142,hold,,,0.0,,,0,0.0,86.554733,20500,0.1338,hold,,,0.0,,,0,0.0
2012-08-29,13245746,136,False,False,,111.281509,42693,0.3587,hold,,,0.0,,,0,0.0,60.723087,79989,0.3667,hold,,,0.0,,,0,0.0,160.589996,11650,0.1412,hold,,,0.0,,,0,0.0,86.176414,20500,0.1334,hold,,,0.0,,,0,0.0
2012-08-30,13170857,136,False,False,,110.479431,42693,0.3581,hold,,,0.0,,,0,0.0,60.11055,79989,0.3651,hold,,,0.0,,,0,0.0,160.520004,11650,0.142,hold,,,0.0,,,0,0.0,86.623528,20500,0.1348,hold,,,0.0,,,0,0.0
2012-08-31,13293509,136,False,False,,111.006302,42693,0.3565,hold,,,0.0,,,0,0.0,60.510044,79989,0.3641,hold,,,0.0,,,0,0.0,164.220001,11650,0.1439,hold,,,0.0,,,0,0.0,87.847809,20500,0.1355,hold,,,0.0,,,0,0.0
2012-09-04,13285393,136,True,False,,110.904114,42693,0.3564,hold,,,0.0,,,0,0.0,60.447868,79989,0.3639,hold,,,0.0,,,0,0.0,164.479996,11650,0.1442,hold,,,0.0,,,0,0.0,87.75959,20500,0.1354,hold,,,0.0,,,0,0.0
2012-09-05,13265934,136,False,False,,110.809708,42693,0.3566,hold,,,0.0,,,0,0.0,60.385738,79989,0.3641,hold,,,0.0,,,0,0.0,164.309998,11650,0.1443,hold,,,0.0,,,0,0.0,87.346024,20500,0.135,hold,,,0.0,,,0,0.0
2012-09-06,13446122,136,False,False,,113.0588,42693,0.359,hold,,,0.0,,,0,0.0,61.726246,79989,0.3672,hold,,,0.0,,,0,0.0,164.889999,11650,0.1429,hold,,,0.0,,,0,0.0,85.891594,20500,0.131,hold,,,0.0,,,0,0.0
2012-09-07,13490986,136,False,False,,113.499191,42693,0.3592,hold,,,0.0,,,0,0.0,61.637474,79989,0.3655,hold,,,0.0,,,0,0.0,168.440002,11650,0.1455,hold,,,0.0,,,0,0.0,85.491867,20500,0.1299,hold,,,0.0,,,0,0.0
2012-09-10,13391097,136,False,False,,112.854324,42693,0.3598,hold,,,0.0,,,0,0.0,60.847366,79989,0.3635,hold,,,0.0,,,0,0.0,167.289993,11650,0.1455,hold,,,0.0,,,0,0.0,85.698669,20500,0.1312,hold,,,0.0,,,0,0.0
2012-09-11,13392800,136,False,False,,113.168892,42693,0.3608,hold,,,0.0,,,0,0.0,60.749725,79989,0.3628,hold,,,0.0,,,0,0.0,167.899994,11650,0.1461,hold,,,0.0,,,0,0.0,85.16098,20500,0.1304,hold,,,0.0,,,0,0.0
2012-09-12,13401588,136,False,False,,113.546318,42693,0.3617,hold,,,0.0,,,0,0.0,60.927269,79989,0.3637,hold,,,0.0,,,0,0.0,167.919998,11650,0.146,hold,,,0.0,,,0,0.0,84.099487,20500,0.1286,hold,,,0.0,,,0,0.0
2012-09-13,13574201,136,False,False,,115.276382,42693,0.3626,hold,,,0.0,,,0,0.0,61.752895,79989,0.3639,hold,,,0.0,,,0,0.0,171.309998,11650,0.147,hold,,,0.0,,,0,0.0,83.768639,20500,0.1265,hold,,,0.0,,,0,0.0
2012-09-14,13600120,136,False,False,,115.78756,42693,0.3635,hold,,,0.0,,,0,0.0,62.303303,79989,0.3664,hold,,,0.0,,,0,0.0,171.800003,11650,0.1472,hold,,,0.0,,,0,0.0,81.542274,20500,0.1229,hold,,,0.0,,,0,0.0
2012-09-17,13589216,136,False,False,,115.394348,42693,0.3625,hold,,,0.0,,,0,0.0,62.329926,79989,0.3669,hold,,,0.0,,,0,0.0,170.399994,11650,0.1461,hold,,,0.0,,,0,0.0,82.521011,20500,0.1245,hold,,,0.0,,,0,0.0
2012-09-18,13613305,136,False,False,,115.299988,42693,0.3616,hold,,,0.0,,,0,0.0,62.383198,79989,0.3666,hold,,,0.0,,,0,0.0,171.720001,11650,0.147,hold,,,0.0,,,0,0.0,82.93457,20500,0.1249,hold,,,0.0,,,0,0.0
2012-09-19,13636619,136,False,False,,115.362907,42693,0.3612,hold,,,0.0,,,0,0.0,62.498611,79989,0.3666,hold,,,0.0,,,0,0.0,171.740005,11650,0.1467,hold,,,0.0,,,0,0.0,83.479141,20500,0.1255,hold,,,0.0,,,0,0.0
2012-09-20,13633077,136,False,False,,115.370728,42693,0.3613,hold,,,0.0,,,0,0.0,62.436485,79989,0.3663,hold,,,0.0,,,0,0.0,171.470001,11650,0.1465,hold,,,0.0,,,0,0.0,83.685913,20500,0.1258,hold,,,0.0,,,0,0.0
2012-09-21,13640127,136,False,False,,115.322487,42693,0.361,hold,,,0.0,,,0,0.0,62.454269,79989,0.3662,hold,,,0.0,,,0,0.0,171.960007,11650,0.1469,hold,,,0.0,,,0,0.0,83.78244,20500,0.1259,hold,,,0.0,,,0,0.0
2012-09-24,13606331,136,False,False,,115.148643,42693,0.3613,hold,,,0.0,,,0,0.0,62.089275,79989,0.365,hold,,,0.0,,,0,0.0,171.050003,11650,0.1465,hold,,,0.0,,,0,0.0,84.43721,20500,0.1272,hold,,,0.0,,,0,0.0
2012-09-25,13498061,136,False,False,,113.923195,42693,0.3603,hold,,,0.0,,,0,0.0,61.216789,79989,0.3628,hold,,,0.0,,,0,0.0,170.770004,11650,0.1474,hold,,,0.0,,,0,0.0,85.271317,20500,0.1295,hold,,,0.0,,,0,0.0
2012-09-26,13438448,136,False,False,,113.282806,42693,0.3599,hold,,,0.0,,,0,0.0,60.718204,79989,0.3614,hold,,,0.0,,,0,0.0,169.809998,11650,0.1472,hold,,,0.0,,,0,0.0,86.188019,20500,0.1315,hold,,,0.0,,,0,0.0
2012-09-27,13567855,136,False,False,,114.350105,42693,0.3598,hold,,,0.0,,,0,0.0,61.555099,79989,0.3629,hold,,,0.0,,,0,0.0,172.339996,11650,0.148,hold,,,0.0,,,0,0.0,85.57457,20500,0.1293,hold,,,0.0,,,0,0.0
2012-09-28,13500393,136,False,False,,113.820404,42693,0.3599,hold,,,0.0,,,0,0.0,61.047596,79989,0.3617,hold,,,0.0,,,0,0.0,171.889999,11650,0.1483,hold,,,0.0,,,0,0.0,85.622849,20500,0.13,hold,,,0.0,,,0,0.0
2012-10-01,13517271,136,True,False,,114.120811,42693,0.3604,hold,REDUCE_TO_TARGET,rebalance 2012-10-01,-141115.0,,,0,0.0,60.958584,79989,0.3607,hold,REDUCE_TO_TARGET,rebalance 2012-10-01,-144971.0,,,0,0.0,172.289993,11650,0.1485,hold,INCREASE_TO_TARGET,rebalance 2012-10-01,20412.0,,,0,0.0,85.940536,20500,0.1303,hold,INCREASE_TO_TARGET,rebalance 2012-10-01,265810.0,,,0,0.0
2012-10-02,13531546,105,False,True,monthly,114.239426,41458,0.35,hold,,,0.0,REDUCE_TO_TARGET,sell,1235,114.227756,61.136642,77615,0.3507,hold,,,0.0,REDUCE_TO_TARGET,sell,2374,61.041994,172.100006,11767,0.1497,hold,,,0.0,INCREASE_TO_TARGET,buy,117,172.470001,85.823097,23596,0.1497,hold,,,0.0,INCREASE_TO_TARGET,buy,3096,85.588252
2012-10-03,13585589,105,False,False,,114.705879,41458,0.35,hold,,,0.0,,,0,0.0,61.528374,77615,0.3515,hold,,,0.0,,,0,0.0,172.410004,11767,0.1493,hold,,,0.0,,,0,0.0,85.850761,23596,0.1491,hold,,,0.0,,,0,0.0
2012-10-04,13625117,105,False,False,,115.528084,41458,0.3515,hold,,,0.0,,,0,0.0,61.742031,77615,0.3517,hold,,,0.0,,,0,0.0,173.610001,11767,0.1499,hold,,,0.0,,,0,0.0,84.780113,23596,0.1468,hold,,,0.0,,,0,0.0
2012-10-05,13562315,105,False,False,,115.535973,41458,0.3532,hold,,,0.0,,,0,0.0,61.412647,77615,0.3515,hold,,,0.0,,,0,0.0,172.619995,11767,0.1498,hold,,,0.0,,,0,0.0,83.681854,23596,0.1456,hold,,,0.0,,,0,0.0
2012-10-08,13512311,105,False,False,,115.140701,41458,0.3533,hold,,,0.0,,,0,0.0,60.851753,77615,0.3495,hold,,,0.0,,,0,0.0,172.050003,11767,0.1498,hold,,,0.0,,,0,0.0,84.386406,23596,0.1474,hold,,,0.0,,,0,0.0
2012-10-09,13373735,105,False,False,,114.002274,41458,0.3534,hold,,,0.0,,,0,0.0,59.881317,77615,0.3475,hold,,,0.0,,,0,0.0,170.990005,11767,0.1504,hold,,,0.0,,,0,0.0,84.234444,23596,0.1486,hold,,,0.0,,,0,0.0
2012-10-10,13332337,105,False,False,,113.27491,41458,0.3522,hold,,,0.0,,,0,0.0,59.578606,77615,0.3468,hold,,,0.0,,,0,0.0,170.839996,11767,0.1508,hold,,,0.0,,,0,0.0,84.828491,23596,0.1501,hold,,,0.0,,,0,0.0
2012-10-11,13339951,105,False,False,,113.338165,41458,0.3522,hold,,,0.0,,,0,0.0,59.391663,77615,0.3456,hold,,,0.0,,,0,0.0,171.320007,11767,0.1511,hold,,,0.0,,,0,0.0,85.415565,23596,0.1511,hold,,,0.0,,,0,0.0
2012-10-12,13312701,105,False,False,,112.966599,41458,0.3518,hold,,,0.0,,,0,0.0,59.36496,77615,0.3461,hold,,,0.0,,,0,0.0,170.059998,11767,0.1503,hold,,,0.0,,,0,0.0,85.629745,23596,0.1518,hold,,,0.0,,,0,0.0
2012-10-15,13360877,105,False,False,,113.907402,41458,0.3534,hold,,,0.0,,,0,0.0,59.801186,77615,0.3474,hold,,,0.0,,,0,0.0,168.350006,11767,0.1483,hold,,,0.0,,,0,0.0,85.436317,23596,0.1509,hold,,,0.0,,,0,0.0
2012-10-16,13459094,105,False,False,,115.0616,41458,0.3544,hold,,,0.0,,,0,0.0,60.646976,77615,0.3497,hold,,,0.0,,,0,0.0,169.419998,11767,0.1481,hold,,,0.0,,,0,0.0,84.25518,23596,0.1477,hold,,,0.0,,,0,0.0
2012-10-17,13460959,105,False,False,,115.583405,41458,0.356,hold,,,0.0,,,0,0.0,60.611374,77615,0.3495,hold,,,0.0,,,0,0.0,169.539993,11767,0.1482,hold,,,0.0,,,0,0.0,83.47467,23596,0.1463,hold,,,0.0,,,0,0.0
2012-10-18,13373028,105,False,False,,115.282997,41458,0.3574,hold,,,0.0,,,0,0.0,59.908039,77615,0.3477,hold,,,0.0,,,0,0.0,168.789993,11767,0.1485,hold,,,0.0,,,0,0.0,82.963478,23596,0.1464,hold,,,0.0,,,0,0.0
2012-10-19,13187284,105,False,False,,113.3619,41458,0.3564,hold,,,0.0,,,0,0.0,58.474667,77615,0.3442,hold,,,0.0,,,0,0.0,166.970001,11767,0.149,hold,,,0.0,,,0,0.0,84.089432,23596,0.1505,hold,,,0.0,,,0,0.0
2012-10-22,13205895,105,False,False,,113.377686,41458,0.3559,hold,,,0.0,,,0,0.0,58.77734,77615,0.3455,hold,,,0.0,,,0,0.0,167.580002,11767,0.1493,hold,,,0.0,,,0,0.0,83.550629,23596,0.1493,hold,,,0.0,,,0,0.0
2012-10-23,13100037,105,False,False,,111.804405,41458,0.3538,hold,,,0.0,,,0,0.0,58.216484,77615,0.3449,hold,,,0.0,,,0,0.0,165.429993,11767,0.1486,hold,,,0.0,,,0,0.0,84.745636,23596,0.1526,hold,,,0.0,,,0,0.0
2012-10-24,13044605,105,False,False,,111.48819,41458,0.3543,hold,,,0.0,,,0,0.0,58.011715,77615,0.3452,hold,,,0.0,,,0,0.0,164.860001,11767,0.1487,hold,,,0.0,,,0,0.0,83.909805,23596,0.1518,hold,,,0.0,,,0,0.0
2012-10-25,13061588,105,False,False,,111.812332,41458,0.3549,hold,,,0.0,,,0,0.0,58.011715,77615,0.3447,hold,,,0.0,,,0,0.0,166.020004,11767,0.1496,hold,,,0.0,,,0,0.0,83.481567,23596,0.1508,hold,,,0.0,,,0,0.0
2012-10-26,13100047,105,False,False,,111.749092,41458,0.3537,hold,,,0.0,,,0,0.0,58.180859,77615,0.3447,hold,,,0.0,,,0,0.0,165.929993,11767,0.149,hold,,,0.0,,,0,0.0,84.711075,23596,0.1526,hold,,,0.0,,,0,0.0
2012-10-31,13094731,105,False,False,,111.749092,41458,0.3538,hold,,,0.0,,,0,0.0,57.824741,77615,0.3427,hold,,,0.0,,,0,0.0,166.830002,11767,0.1499,hold,,,0.0,,,0,0.0,85.208366,23596,0.1535,hold,,,0.0,,,0,0.0
2012-11-01,13181409,105,True,False,,112.919136,41458,0.3552,hold,,,0.0,,,0,0.0,58.643826,77615,0.3453,hold,,,0.0,,,0,0.0,166.070007,11767,0.1483,hold,,,0.0,,,0,0.0,84.510765,23596,0.1513,hold,,,0.0,,,0,0.0
2012-11-02,13049113,105,False,False,,111.915092,41458,0.3556,hold,,,0.0,,,0,0.0,58.020607,77615,0.3451,hold,,,0.0,,,0,0.0,162.600006,11767,0.1466,hold,,,0.0,,,0,0.0,84.448586,23596,0.1527,hold,,,0.0,,,0,0.0
2012-11-05,13106991,105,False,False,,112.144394,41458,0.3547,hold,,,0.0,,,0,0.0,58.403442,77615,0.3458,hold,,,0.0,,,0,0.0,163.229996,11767,0.1465,hold,,,0.0,,,0,0.0,84.925133,23596,0.1529,hold,,,0.0,,,0,0.0
2012-11-06,13168884,105,False,False,,113.021912,41458,0.3558,hold,,,0.0,,,0,0.0,58.510281,77615,0.3448,hold,,,0.0,,,0,0.0,166.300003,11767,0.1486,hold,,,0.0,,,0,0.0,84.123962,23596,0.1507,hold,,,0.0,,,0,0.0
2012-11-07,12993840,105,False,False,,110.460442,41458,0.3524,hold,,,0.0,,,0,0.0,57.130318,77615,0.3413,hold,,,0.0,,,0,0.0,166.490005,11767,0.1508,hold,,,0.0,,,0,0.0,85.650452,23596,0.1555,hold,,,0.0,,,0,0.0
2012-11-08,12916624,105,False,False,,109.132271,41458,0.3503,hold,,,0.0,,,0,0.0,56.231106,77615,0.3379,hold,,,0.0,,,0,0.0,167.990005,11767,0.153,hold,,,0.0,,,0,0.0,86.921394,23596,0.1588,hold,,,0.0,,,0,0.0
2012-11-09,12939497,105,False,False,,109.227135,41458,0.35,hold,,,0.0,,,0,0.0,56.4715,77615,0.3387,hold,,,0.0,,,0,0.0,167.820007,11767,0.1526,hold,,,0.0,,,0,0.0,87.018127,23596,0.1587,hold,,,0.0,,,0,0.0
2012-11-12,12941476,105,False,False,,109.314064,41458,0.3502,hold,,,0.0,,,0,0.0,56.462582,77615,0.3386,hold,,,0.0,,,0,0.0,167.449997,11767,0.1523,hold,,,0.0,,,0,0.0,87.163109,23596,0.1589,hold,,,0.0,,,0,0.0
2012-11-13,12898070,105,False,False,,108.934616,41458,0.3501,hold,,,0.0,,,0,0.0,56.070869,77615,0.3374,hold,,,0.0,,,0,0.0,167.100006,11767,0.1524,hold,,,0.0,,,0,0.0,87.453262,23596,0.16,hold,,,0.0,,,0,0.0
2012-11-14,12788397,105,False,False,,107.464088,41458,0.3484,hold,,,0.0,,,0,0.0,55.412048,77615,0.3363,hold,,,0.0,,,0,0.0,167.139999,11767,0.1538,hold,,,0.0,,,0,0.0,87.536171,23596,0.1615,hold,,,0.0,,,0,0.0
2012-11-15,12749917,105,False,False,,107.282257,41458,0.3488,hold,,,0.0,,,0,0.0,55.225082,77615,0.3362,hold,,,0.0,,,0,0.0,166.089996,11767,0.1533,hold,,,0.0,,,0,0.0,87.363487,23596,0.1617,hold,,,0.0,,,0,0.0
2012-11-16,12786270,105,False,False,,107.811951,41458,0.3496,hold,,,0.0,,,0,0.0,55.465473,77615,0.3367,hold,,,0.0,,,0,0.0,165.880005,11767,0.1527,hold,,,0.0,,,0,0.0,87.287453,23596,0.1611,hold,,,0.0,,,0,0.0
2012-11-19,12990847,105,False,False,,109.993996,41458,0.351,hold,,,0.0,,,0,0.0,56.783104,77615,0.3393,hold,,,0.0,,,0,0.0,167.869995,11767,0.1521,hold,,,0.0,,,0,0.0,86.797066,23596,0.1577,hold,,,0.0,,,0,0.0
2012-11-20,12968010,105,False,False,,110.041443,41458,0.3518,hold,,,0.0,,,0,0.0,56.800903,77615,0.34,hold,,,0.0,,,0,0.0,167.389999,11767,0.1519,hold,,,0.0,,,0,0.0,85.926712,23596,0.1563,hold,,,0.0,,,0,0.0
2012-11-21,12986374,105,False,False,,110.246979,41458,0.352,hold,,,0.0,,,0,0.0,56.916641,77615,0.3402,hold,,,0.0,,,0,0.0,167.559998,11767,0.1518,hold,,,0.0,,,0,0.0,85.878372,23596,0.156,hold,,,0.0,,,0,0.0
2012-11-23,13137843,105,False,False,,111.749092,41458,0.3526,hold,,,0.0,,,0,0.0,57.780235,77615,0.3414,hold,,,0.0,,,0,0.0,169.610001,11767,0.1519,hold,,,0.0,,,0,0.0,85.795502,23596,0.1541,hold,,,0.0,,,0,0.0
2012-11-26,13154854,105,False,False,,111.511902,41458,0.3514,hold,,,0.0,,,0,0.0,58.029507,77615,0.3424,hold,,,0.0,,,0,0.0,169.429993,11767,0.1516,hold,,,0.0,,,0,0.0,86.203003,23596,0.1546,hold,,,0.0,,,0,0.0
2012-11-27,13115569,105,False,False,,110.942696,41458,0.3507,hold,,,0.0,,,0,0.0,57.833637,77615,0.3422,hold,,,0.0,,,0,0.0,168.710007,11767,0.1514,hold,,,0.0,,,0,0.0,86.541512,23596,0.1557,hold,,,0.0,,,0,0.0
2012-11-28,13162949,105,False,False,,111.836014,41458,0.3522,hold,,,0.0,,,0,0.0,58.332199,77615,0.344,hold,,,0.0,,,0,0.0,166.550003,11767,0.1489,hold,,,0.0,,,0,0.0,86.417152,23596,0.1549,hold,,,0.0,,,0,0.0
2012-11-29,13219273,105,False,False,,112.357811,41458,0.3524,hold,,,0.0,,,0,0.0,58.679436,77615,0.3445,hold,,,0.0,,,0,0.0,167.179993,11767,0.1488,hold,,,0.0,,,0,0.0,86.431015,23596,0.1543,hold,,,0.0,,,0,0.0
2012-11-30,13193816,105,False,False,,112.381538,41458,0.3531,hold,,,0.0,,,0,0.0,58.581509,77615,0.3446,hold,,,0.0,,,0,0.0,166.050003,11767,0.1481,hold,,,0.0,,,0,0.0,86.196106,23596,0.1542,hold,,,0.0,,,0,0.0
2012-12-03,13164709,105,True,False,,111.82811,41458,0.3522,hold,,,0.0,,,0,0.0,58.465759,77615,0.3447,hold,,,0.0,,,0,0.0,166.130005,11767,0.1485,hold,,,0.0,,,0,0.0,86.275734,23596,0.1546,hold,,,0.0,,,0,0.0
2012-12-04,13147028,105,False,False,,111.670036,41458,0.3521,hold,,,0.0,,,0,0.0,58.430157,77615,0.3449,hold,,,0.0,,,0,0.0,164.419998,11767,0.1472,hold,,,0.0,,,0,0.0,86.774002,23596,0.1557,hold,,,0.0,,,0,0.0
2012-12-05,13100268,105,False,False,,111.867683,41458,0.354,hold,,,0.0,,,0,0.0,57.780235,77615,0.3423,hold,,,0.0,,,0,0.0,164.119995,11767,0.1474,hold,,,0.0,,,0,0.0,86.732498,23596,0.1562,hold,,,0.0,,,0,0.0
2012-12-06,13153904,105,False,False,,112.247162,41458,0.3538,hold,,,0.0,,,0,0.0,58.154156,77615,0.3431,hold,,,0.0,,,0,0.0,164.5,11767,0.1472,hold,,,0.0,,,0,0.0,86.919365,23596,0.1559,hold,,,0.0,,,0,0.0
2012-12-07,13129873,105,False,False,,112.587143,41458,0.3555,hold,,,0.0,,,0,0.0,57.80695,77615,0.3417,hold,,,0.0,,,0,0.0,165.160004,11767,0.148,hold,,,0.0,,,0,0.0,86.116531,23596,0.1548,hold,,,0.0,,,0,0.0
2012-12-10,13161480,105,False,False,,112.634544,41458,0.3548,hold,,,0.0,,,0,0.0,57.976105,77615,0.3419,hold,,,0.0,,,0,0.0,165.800003,11767,0.1482,hold,,,0.0,,,0,0.0,86.497185,23596,0.1551,hold,,,0.0,,,0,0.0
2012-12-11,13234725,105,False,False,,113.401367,41458,0.3552,hold,,,0.0,,,0,0.0,58.732838,77615,0.3444,hold,,,0.0,,,0,0.0,165.649994,11767,0.1473,hold,,,0.0,,,0,0.0,85.839706,23596,0.153,hold,,,0.0,,,0,0.0
2012-12-12,13205247,105,False,False,,113.456749,41458,0.3562,hold,,,0.0,,,0,0.0,58.608231,77615,0.3445,hold,,,0.0,,,0,0.0,165.770004,11767,0.1477,hold,,,0.0,,,0,0.0,84.84314,23596,0.1516,hold,,,0.0,,,0,0.0
2012-12-13,13125464,105,False,False,,112.761024,41458,0.3562,hold,,,0.0,,,0,0.0,58.145237,77615,0.3438,hold,,,0.0,,,0,0.0,164.369995,11767,0.1474,hold,,,0.0,,,0,0.0,84.905426,23596,0.1526,hold,,,0.0,,,0,0.0
2012-12-14,13077454,105,False,False,,112.342079,41458,0.3561,hold,,,0.0,,,0,0.0,57.593269,77615,0.3418,hold,,,0.0,,,0,0.0,164.130005,11767,0.1477,hold,,,0.0,,,0,0.0,85.542091,23596,0.1543,hold,,,0.0,,,0,0.0
2012-12-17,13165053,105,False,False,,113.662338,41458,0.3579,hold,,,0.0,,,0,0.0,58.358929,77615,0.3441,hold,,,0.0,,,0,0.0,164.440002,11767,0.147,hold,,,0.0,,,0,0.0,84.26178,23596,0.151,hold,,,0.0,,,0,0.0
2012-12-18,13238571,105,False,False,,114.927193,41458,0.3599,hold,,,0.0,,,0,0.0,59.249237,77615,0.3474,hold,,,0.0,,,0,0.0,162.080002,11767,0.1441,hold,,,0.0,,,0,0.0,83.403526,23596,0.1487,hold,,,0.0,,,0,0.0
2012-12-19,13185076,105,False,False,,114.073372,41458,0.3587,hold,,,0.0,,,0,0.0,58.991039,77615,0.3473,hold,,,0.0,,,0,0.0,161.690002,11767,0.1443,hold,,,0.0,,,0,0.0,83.680359,23596,0.1498,hold,,,0.0,,,0,0.0
2012-12-20,13189543,105,False,False,,114.729538,41458,0.3606,hold,,,0.0,,,0,0.0,58.991039,77615,0.3471,hold,,,0.0,,,0,0.0,159.729996,11767,0.1425,hold,,,0.0,,,0,0.0,83.694221,23596,0.1497,hold,,,0.0,,,0,0.0
2012-12-21,13126834,105,False,False,,113.688141,41458,0.3591,hold,,,0.0,,,0,0.0,58.370628,77615,0.3451,hold,,,0.0,,,0,0.0,160.330002,11767,0.1437,hold,,,0.0,,,0,0.0,84.607819,23596,0.1521,hold,,,0.0,,,0,0.0
2012-12-24,13103095,105,False,False,,113.337822,41458,0.3586,hold,,,0.0,,,0,0.0,58.254234,77615,0.3451,hold,,,0.0,,,0,0.0,160.619995,11767,0.1442,hold,,,0.0,,,0,0.0,84.455536,23596,0.1521,hold,,,0.0,,,0,0.0
2012-12-26,13052737,105,False,False,,112.860138,41458,0.3585,hold,,,0.0,,,0,0.0,57.74395,77615,0.3434,hold,,,0.0,,,0,0.0,160.779999,11767,0.1449,hold,,,0.0,,,0,0.0,84.759346,23596,0.1532,hold,,,0.0,,,0,0.0
2012-12-27,13050696,105,False,False,,112.708847,41458,0.358,hold,,,0.0,,,0,0.0,57.654408,77615,0.3429,hold,,,0.0,,,0,0.0,161.160004,11767,0.1453,hold,,,0.0,,,0,0.0,85.043686,23596,0.1538,hold,,,0.0,,,0,0.0
2012-12-28,12961275,105,False,False,,111.490685,41458,0.3566,hold,,,0.0,,,0,0.0,57.099365,77615,0.3419,hold,,,0.0,,,0,0.0,160.539993,11767,0.1457,hold,,,0.0,,,0,0.0,85.529213,23596,0.1557,hold,,,0.0,,,0,0.0
2012-12-31,13116195,105,False,False,,113.385635,41458,0.3584,hold,,,0.0,,,0,0.0,58.307957,77615,0.345,hold,,,0.0,,,0,0.0,162.020004,11767,0.1454,hold,,,0.0,,,0,0.0,84.051834,23596,0.1512,hold,,,0.0,,,0,0.0
2013-01-02,13367527,105,True,False,,116.29171,41458,0.3607,hold,,,0.0,,,0,0.0,60.161121,77615,0.3493,hold,,,0.0,,,0,0.0,163.169998,11767,0.1436,hold,,,0.0,,,0,0.0,82.928185,23596,0.1464,hold,,,0.0,,,0,0.0
2013-01-03,13282621,105,False,False,,116.028961,41458,0.3622,hold,,,0.0,,,0,0.0,59.84779,77615,0.3497,hold,,,0.0,,,0,0.0,161.199997,11767,0.1428,hold,,,0.0,,,0,0.0,81.804558,23596,0.1453,hold,,,0.0,,,0,0.0
2013-01-04,13287047,105,False,False,,116.538536,41458,0.3636,hold,,,0.0,,,0,0.0,59.650845,77615,0.3484,hold,,,0.0,,,0,0.0,160.440002,11767,0.1421,hold,,,0.0,,,0,0.0,82.12365,23596,0.1458,hold,,,0.0,,,0,0.0
2013-01-07,13264166,105,False,False,,116.220078,41458,0.3633,hold,,,0.0,,,0,0.0,59.668747,77615,0.3492,hold,,,0.0,,,0,0.0,159.429993,11767,0.1414,hold,,,0.0,,,0,0.0,82.158279,23596,0.1462,hold,,,0.0,,,0,0.0
2013-01-08,13267331,105,False,False,,115.885681,41458,0.3621,hold,,,0.0,,,0,0.0,59.552341,77615,0.3484,hold,,,0.0,,,0,0.0,160.559998,11767,0.1424,hold,,,0.0,,,0,0.0,82.69931,23596,0.1471,hold,,,0.0,,,0,0.0
2013-01-09,13294293,105,False,False,,116.180267,41458,0.3623,hold,,,0.0,,,0,0.0,59.776188,77615,0.349,hold,,,0.0,,,0,0.0,160.490005,11767,0.1421,hold,,,0.0,,,0,0.0,82.622978,23596,0.1466,hold,,,0.0,,,0,0.0
2013-01-10,13372506,105,False,False,,117.103813,41458,0.3631,hold,,,0.0,,,0,0.0,60.134285,77615,0.349,hold,,,0.0,,,0,0.0,161.979996,11767,0.1425,hold,,,0.0,,,0,0.0,82.394058,23596,0.1454,hold,,,0.0,,,0,0.0
2013-01-11,13384955,105,False,False,,117.095894,41458,0.3627,hold,,,0.0,,,0,0.0,60.214848,77615,0.3492,hold,,,0.0,,,0,0.0,161.059998,11767,0.1416,hold,,,0.0,,,0,0.0,83.129349,23596,0.1465,hold,,,0.0,,,0,0.0
2013-01-14,13361054,105,False,False,,117.016243,41458,0.3631,hold,,,0.0,,,0,0.0,59.946278,77615,0.3482,hold,,,0.0,,,0,0.0,161.539993,11767,0.1423,hold,,,0.0,,,0,0.0,82.900398,23596,0.1464,hold,,,0.0,,,0,0.0
2013-01-15,13362430,105,False,False,,117.095894,41458,0.3633,hold,,,0.0,,,0,0.0,59.650845,77615,0.3465,hold,,,0.0,,,0,0.0,162.559998,11767,0.1432,hold,,,0.0,,,0,0.0,83.281906,23596,0.1471,hold,,,0.0,,,0,0.0
2013-01-16,13385683,105,False,False,,117.079979,41458,0.3626,hold,,,0.0,,,0,0.0,59.892559,77615,0.3473,hold,,,0.0,,,0,0.0,162.649994,11767,0.143,hold,,,0.0,,,0,0.0,83.455345,23596,0.1471,hold,,,0.0,,,0,0.0
2013-01-17,13427872,105,False,False,,117.836334,41458,0.3638,hold,,,0.0,,,0,0.0,60.179054,77615,0.3478,hold,,,0.0,,,0,0.0,163.350006,11767,0.1431,hold,,,0.0,,,0,0.0,82.622978,23596,0.1452,hold,,,0.0,,,0,0.0
2013-01-18,13440339,105,False,False,,118.099075,41458,0.3643,hold,,,0.0,,,0,0.0,60.044743,77615,0.3467,hold,,,0.0,,,0,0.0,163.089996,11767,0.1428,hold,,,0.0,,,0,0.0,83.261154,23596,0.1462,hold,,,0.0,,,0,0.0
2013-01-22,13484976,105,False,False,,118.736,41458,0.365,hold,,,0.0,,,0,0.0,60.143215,77615,0.3462,hold,,,0.0,,,0,0.0,163.669998,11767,0.1428,hold,,,0.0,,,0,0.0,83.420639,23596,0.146,hold,,,0.0,,,0,0.0
2013-01-23,13513027,105,False,False,,118.927063,41458,0.3649,hold,,,0.0,,,0,0.0,60.510254,77615,0.3476,hold,,,0.0,,,0,0.0,163.210007,11767,0.1421,hold,,,0.0,,,0,0.0,83.295807,23596,0.1454,hold,,,0.0,,,0,0.0
2013-01-24,13421792,105,False,False,,118.958954,41458,0.3674,hold,,,0.0,,,0,0.0,59.6777,77615,0.3451,hold,,,0.0,,,0,0.0,161.419998,11767,0.1415,hold,,,0.0,,,0,0.0,83.00444,23596,0.1459,hold,,,0.0,,,0,0.0
2013-01-25,13437242,105,False,False,,119.627731,41458,0.3691,hold,,,0.0,,,0,0.0,59.98209,77615,0.3465,hold,,,0.0,,,0,0.0,160.649994,11767,0.1407,hold,,,0.0,,,0,0.0,81.866943,23596,0.1438,hold,,,0.0,,,0,0.0
2013-01-28,13430450,105,False,False,,119.484436,41458,0.3688,hold,,,0.0,,,0,0.0,60.116364,77615,0.3474,hold,,,0.0,,,0,0.0,160.289993,11767,0.1404,hold,,,0.0,,,0,0.0,81.568687,23596,0.1433,hold,,,0.0,,,0,0.0
2013-01-29,13448219,105,False,False,,119.954178,41458,0.3698,hold,,,0.0,,,0,0.0,60.125328,77615,0.347,hold,,,0.0,,,0,0.0,160.990005,11767,0.1409,hold,,,0.0,,,0,0.0,81.117867,23596,0.1423,hold,,,0.0,,,0,0.0
2013-01-30,13429863,105,False,False,,119.484436,41458,0.3688,hold,,,0.0,,,0,0.0,59.999981,77615,0.3468,hold,,,0.0,,,0,0.0,162.190002,11767,0.1421,hold,,,0.0,,,0,0.0,80.979164,23596,0.1423,hold,,,0.0,,,0,0.0
2013-01-31,13404907,105,False,False,,119.18985,41458,0.3686,hold,,,0.0,,,0,0.0,59.865696,77615,0.3466,hold,,,0.0,,,0,0.0,161.199997,11767,0.1415,hold,,,0.0,,,0,0.0,81.374504,23596,0.1432,hold,,,0.0,,,0,0.0
2013-02-01,13488644,105,True,False,,120.416,41458,0.3701,hold,,,0.0,,,0,0.0,60.572941,77615,0.3485,hold,,,0.0,,,0,0.0,161.449997,11767,0.1408,hold,,,0.0,,,0,0.0,80.317902,23596,0.1405,hold,,,0.0,,,0,0.0
2013-02-04,13381282,105,False,False,,119.062447,41458,0.3689,hold,,,0.0,,,0,0.0,59.516541,77615,0.3452,hold,,,0.0,,,0,0.0,162.0,11767,0.1425,hold,,,0.0,,,0,0.0,81.346672,23596,0.1434,hold,,,0.0,,,0,0.0
2013-02-05,13481694,105,False,False,,120.264763,41458,0.3698,hold,,,0.0,,,0,0.0,60.393883,77615,0.3477,hold,,,0.0,,,0,0.0,161.960007,11767,0.1414,hold,,,0.0,,,0,0.0,80.623749,23596,0.1411,hold,,,0.0,,,0,0.0
2013-02-06,13490678,105,False,False,,120.352287,41458,0.3699,hold,,,0.0,,,0,0.0,60.196918,77615,0.3463,hold,,,0.0,,,0,0.0,162.389999,11767,0.1416,hold,,,0.0,,,0,0.0,81.284142,23596,0.1422,hold,,,0.0,,,0,0.0
2013-02-07,13477512,105,False,False,,120.193077,41458,0.3697,hold,,,0.0,,,0,0.0,60.250671,77615,0.347,hold,,,0.0,,,0,0.0,161.839996,11767,0.1413,hold,,,0.0,,,0,0.0,81.103386,23596,0.142,hold,,,0.0,,,0,0.0
2013-02-08,13557388,105,False,False,,120.861877,41458,0.3696,hold,,,0.0,,,0,0.0,60.868393,77615,0.3485,hold,,,0.0,,,0,0.0,161.570007,11767,0.1402,hold,,,0.0,,,0,0.0,81.416214,23596,0.1417,hold,,,0.0,,,0,0.0
2013-02-11,13534308,105,False,False,,120.837982,41458,0.3701,hold,,,0.0,,,0,0.0,60.886311,77615,0.3492,hold,,,0.0,,,0,0.0,159.699997,11767,0.1388,hold,,,0.0,,,0,0.0,81.353653,23596,0.1418,hold,,,0.0,,,0,0.0
2013-02-12,13520581,105,False,False,,121.03701,41458,0.3711,hold,,,0.0,,,0,0.0,60.63562,77615,0.3481,hold,,,0.0,,,0,0.0,159.889999,11767,0.1392,hold,,,0.0,,,0,0.0,81.152092,23596,0.1416,hold,,,0.0,,,0,0.0
2013-02-13,13516083,105,False,False,,121.140533,41458,0.3716,hold,,,0.0,,,0,0.0,60.850491,77615,0.3494,hold,,,0.0,,,0,0.0,159.050003,11767,0.1385,hold,,,0.0,,,0,0.0,80.491684,23596,0.1405,hold,,,0.0,,,0,0.0
2013-02-14,13528300,105,False,False,,121.251976,41458,0.3716,hold,,,0.0,,,0,0.0,60.832573,77615,0.349,hold,,,0.0,,,0,0.0,158.350006,11767,0.1377,hold,,,0.0,,,0,0.0,81.221626,23596,0.1417,hold,,,0.0,,,0,0.0
2013-02-15,13472406,105,False,False,,121.108665,41458,0.3727,hold,,,0.0,,,0,0.0,60.653515,77615,0.3494,hold,,,0.0,,,0,0.0,155.759995,11767,0.136,hold,,,0.0,,,0,0.0,80.985222,23596,0.1418,hold,,,0.0,,,0,0.0
2013-02-19,13529514,105,False,False,,122.016396,41458,0.3739,hold,,,0.0,,,0,0.0,61.092201,77615,0.3505,hold,,,0.0,,,0,0.0,155.330002,11767,0.1351,hold,,,0.0,,,0,0.0,80.582054,23596,0.1405,hold,,,0.0,,,0,0.0
2013-02-20,13353473,105,False,False,,120.495613,41458,0.3741,hold,,,0.0,,,0,0.0,60.152184,77615,0.3496,hold,,,0.0,,,0,0.0,151.440002,11767,0.1334,hold,,,0.0,,,0,0.0,80.825325,23596,0.1428,hold,,,0.0,,,0,0.0
2013-02-21,13298117,105,False,False,,119.763161,41458,0.3734,hold,,,0.0,,,0,0.0,59.507591,77615,0.3473,hold,,,0.0,,,0,0.0,152.619995,11767,0.135,hold,,,0.0,,,0,0.0,81.298065,23596,0.1443,hold,,,0.0,,,0,0.0
2013-02-22,13398624,105,False,False,,120.933548,41458,0.3742,hold,,,0.0,,,0,0.0,60.10741,77615,0.3482,hold,,,0.0,,,0,0.0,152.970001,11767,0.1343,hold,,,0.0,,,0,0.0,81.353653,23596,0.1433,hold,,,0.0,,,0,0.0
2013-02-25,13299400,105,False,False,,118.632507,41458,0.3698,hold,,,0.0,,,0,0.0,59.364338,77615,0.3464,hold,,,0.0,,,0,0.0,154.339996,11767,0.1366,hold,,,0.0,,,0,0.0,82.952477,23596,0.1472,hold,,,0.0,,,0,0.0
2013-02-26,13361245,105,False,False,,119.444618,41458,0.3706,hold,,,0.0,,,0,0.0,59.588154,77615,0.3461,hold,,,0.0,,,0,0.0,156.220001,11767,0.1376,hold,,,0.0,,,0,0.0,82.472855,23596,0.1456,hold,,,0.0,,,0,0.0
2013-02-27,13445724,105,False,False,,120.949425,41458,0.3729,hold,,,0.0,,,0,0.0,60.196918,77615,0.3475,hold,,,0.0,,,0,0.0,154.570007,11767,0.1353,hold,,,0.0,,,0,0.0,82.229568,23596,0.1443,hold,,,0.0,,,0,0.0
2013-02-28,13411230,105,False,False,,120.710564,41458,0.3732,hold,,,0.0,,,0,0.0,60.071617,77615,0.3477,hold,,,0.0,,,0,0.0,153.0,11767,0.1342,hold,,,0.0,,,0,0.0,82.382454,23596,0.1449,hold,,,0.0,,,0,0.0
2013-03-01,13451185,105,True,False,,121.108665,41458,0.3733,hold,REDUCE_TO_TARGET,rebalance 2013-03-01,-313008.0,,,0,0.0,60.322258,77615,0.3481,hold,INCREASE_TO_TARGET,rebalance 2013-03-01,26003.0,,,0,0.0,152.440002,11767,0.1334,hold,INCREASE_TO_TARGET,rebalance 2013-03-01,223916.0,,,0,0.0,82.831116,23596,0.1453,hold,INCREASE_TO_TARGET,rebalance 2013-03-01,63195.0,,,0,0.0
2013-03-04,13482196,67,False,True,monthly,121.753609,38860,0.3509,hold,,,0.0,REDUCE_TO_TARGET,sell,2598,120.467534,60.59087,78046,0.3507,hold,,,0.0,INCREASE_TO_TARGET,buy,431,60.12534,152.300003,13231,0.1495,hold,,,0.0,INCREASE_TO_TARGET,buy,1464,152.449997,82.392235,24357,0.1489,hold,,,0.0,INCREASE_TO_TARGET,buy,761,82.754493
2013-03-05,13589741,67,False,False,,122.844398,38860,0.3513,hold,,,0.0,,,0,0.0,61.486076,78046,0.3531,hold,,,0.0,,,0,0.0,152.380005,13231,0.1484,hold,,,0.0,,,0,0.0,82.155396,24357,0.1472,hold,,,0.0,,,0,0.0
2013-03-06,13577449,67,False,False,,123.011566,38860,0.3521,hold,,,0.0,,,0,0.0,61.333904,78046,0.3526,hold,,,0.0,,,0,0.0,153.229996,13231,0.1493,hold,,,0.0,,,0,0.0,81.409912,24357,0.146,hold,,,0.0,,,0,0.0
2013-03-07,13576277,67,False,False,,123.23455,38860,0.3527,hold,,,0.0,,,0,0.0,61.495056,78046,0.3535,hold,,,0.0,,,0,0.0,152.690002,13231,0.1488,hold,,,0.0,,,0,0.0,80.78299,24357,0.1449,hold,,,0.0,,,0,0.0
2013-03-08,13582019,67,False,False,,123.760017,38860,0.3541,hold,,,0.0,,,0,0.0,61.566681,78046,0.3538,hold,,,0.0,,,0,0.0,152.710007,13231,0.1488,hold,,,0.0,,,0,0.0,79.940033,24357,0.1434,hold,,,0.0,,,0,0.0
2013-03-11,13619822,67,False,False,,124.229744,38860,0.3545,hold,,,0.0,,,0,0.0,61.745762,78046,0.3538,hold,,,0.0,,,0,0.0,152.990005,13231,0.1486,hold,,,0.0,,,0,0.0,80.016716,24357,0.1431,hold,,,0.0,,,0,0.0
2013-03-12,13621483,67,False,False,,123.951073,38860,0.3536,hold,,,0.0,,,0,0.0,61.521927,78046,0.3525,hold,,,0.0,,,0,0.0,154.190002,13231,0.1498,hold,,,0.0,,,0,0.0,80.594902,24357,0.1441,hold,,,0.0,,,0,0.0
2013-03-13,13612952,67,False,False,,124.126259,38860,0.3543,hold,,,0.0,,,0,0.0,61.441326,78046,0.3523,hold,,,0.0,,,0,0.0,153.660004,13231,0.1493,hold,,,0.0,,,0,0.0,80.511307,24357,0.1441,hold,,,0.0,,,0,0.0
2013-03-14,13649030,67,False,False,,124.787048,38860,0.3553,hold,,,0.0,,,0,0.0,61.647289,78046,0.3525,hold,,,0.0,,,0,0.0,153.679993,13231,0.149,hold,,,0.0,,,0,0.0,80.267471,24357,0.1432,hold,,,0.0,,,0,0.0
2013-03-15,13642647,67,False,False,,124.62233,38860,0.355,hold,,,0.0,,,0,0.0,61.475857,78046,0.3517,hold,,,0.0,,,0,0.0,154.0,13231,0.1494,hold,,,0.0,,,0,0.0,80.643669,24357,0.144,hold,,,0.0,,,0,0.0
2013-03-18,13638606,67,False,False,,123.934578,38860,0.3531,hold,,,0.0,,,0,0.0,61.341251,78046,0.351,hold,,,0.0,,,0,0.0,155.380005,13231,0.1507,hold,,,0.0,,,0,0.0,81.256691,24357,0.1451,hold,,,0.0,,,0,0.0
2013-03-19,13640980,67,False,False,,123.646667,38860,0.3522,hold,,,0.0,,,0,0.0,61.224594,78046,0.3503,hold,,,0.0,,,0,0.0,156.080002,13231,0.1514,hold,,,0.0,,,0,0.0,81.807083,24357,0.1461,hold,,,0.0,,,0,0.0
2013-03-20,13676537,67,False,False,,124.510353,38860,0.3538,hold,,,0.0,,,0,0.0,61.655331,78046,0.3518,hold,,,0.0,,,0,0.0,155.369995,13231,0.1503,hold,,,0.0,,,0,0.0,80.894432,24357,0.1441,hold,,,0.0,,,0,0.0
2013-03-21,13611226,67,False,False,,123.446701,38860,0.3524,hold,,,0.0,,,0,0.0,60.955418,78046,0.3495,hold,,,0.0,,,0,0.0,156.25,13231,0.1519,hold,,,0.0,,,0,0.0,81.674706,24357,0.1462,hold,,,0.0,,,0,0.0
2013-03-22,13688249,67,False,False,,124.438377,38860,0.3533,hold,,,0.0,,,0,0.0,61.547638,78046,0.3509,hold,,,0.0,,,0,0.0,155.550003,13231,0.1504,hold,,,0.0,,,0,0.0,81.737419,24357,0.1454,hold,,,0.0,,,0,0.0
2013-03-25,13644571,67,False,False,,123.918564,38860,0.3529,hold,,,0.0,,,0,0.0,61.323303,78046,0.3508,hold,,,0.0,,,0,0.0,155.240005,13231,0.1505,hold,,,0.0,,,0,0.0,81.660728,24357,0.1458,hold,,,0.0,,,0,0.0
2013-03-26,13704517,67,False,False,,124.91024,38860,0.3542,hold,,,0.0,,,0,0.0,61.655331,78046,0.3511,hold,,,0.0,,,0,0.0,154.720001,13231,0.1494,hold,,,0.0,,,0,0.0,81.758293,24357,0.1453,hold,,,0.0,,,0,0.0
2013-03-27,13736256,67,False,False,,124.91024,38860,0.3534,hold,,,0.0,,,0,0.0,61.736084,78046,0.3508,hold,,,0.0,,,0,0.0,155.360001,13231,0.1496,hold,,,0.0,,,0,0.0,82.454948,24357,0.1462,hold,,,0.0,,,0,0.0
2013-03-28,13740860,67,False,False,,125.294098,38860,0.3543,hold,,,0.0,,,0,0.0,61.88866,78046,0.3515,hold,,,0.0,,,0,0.0,154.449997,13231,0.1487,hold,,,0.0,,,0,0.0,82.036964,24357,0.1454,hold,,,0.0,,,0,0.0
2013-04-01,13706633,67,True,False,,124.798225,38860,0.3538,hold,,,0.0,,,0,0.0,61.4669,78046,0.35,hold,,,0.0,,,0,0.0,154.669998,13231,0.1493,hold,,,0.0,,,0,0.0,82.6548,24357,0.1469,hold,,,0.0,,,0,0.0
2013-04-02,13730582,67,False,False,,125.414101,38860,0.3549,hold,,,0.0,,,0,0.0,61.951435,78046,0.3521,hold,,,0.0,,,0,0.0,152.429993,13231,0.1469,hold,,,0.0,,,0,0.0,82.319672,24357,0.146,hold,,,0.0,,,0,0.0
2013-04-03,13632581,67,False,False,,124.142517,38860,0.3539,hold,,,0.0,,,0,0.0,61.386124,78046,0.3514,hold,,,0.0,,,0,0.0,150.729996,13231,0.1463,hold,,,0.0,,,0,0.0,83.059738,24357,0.1484,hold,,,0.0,,,0,0.0
2013-04-04,13671885,67,False,False,,124.646309,38860,0.3543,hold,,,0.0,,,0,0.0,61.404076,78046,0.3505,hold,,,0.0,,,0,0.0,150.289993,13231,0.1454,hold,,,0.0,,,0,0.0,84.051155,24357,0.1497,hold,,,0.0,,,0,0.0
2013-04-05,13684878,67,False,False,,124.08651,38860,0.3524,hold,,,0.0,,,0,0.0,60.892612,78046,0.3473,hold,,,0.0,,,0,0.0,152.809998,13231,0.1477,hold,,,0.0,,,0,0.0,85.74765,24357,0.1526,hold,,,0.0,,,0,0.0
2013-04-08,13718134,67,False,False,,124.926216,38860,0.3539,hold,,,0.0,,,0,0.0,61.215637,78046,0.3483,hold,,,0.0,,,0,0.0,152.160004,13231,0.1468,hold,,,0.0,,,0,0.0,85.09137,24357,0.1511,hold,,,0.0,,,0,0.0
2013-04-09,13777641,67,False,False,,125.358093,38860,0.3536,hold,,,0.0,,,0,0.0,61.62838,78046,0.3491,hold,,,0.0,,,0,0.0,153.339996,13231,0.1473,hold,,,0.0,,,0,0.0,84.881912,24357,0.1501,hold,,,0.0,,,0,0.0
2013-04-10,13868488,67,False,False,,126.893539,38860,0.3556,hold,,,0.0,,,0,0.0,62.830826,78046,0.3536,hold,,,0.0,,,0,0.0,150.75,13231,0.1438,hold,,,0.0,,,0,0.0,83.716011,24357,0.147,hold,,,0.0,,,0,0.0
2013-04-11,13890428,67,False,False,,127.309425,38860,0.3562,hold,,,0.0,,,0,0.0,62.80389,78046,0.3529,hold,,,0.0,,,0,0.0,151.050003,13231,0.1439,hold,,,0.0,,,0,0.0,83.876595,24357,0.1471,hold,,,0.0,,,0,0.0
2013-04-12,13811305,67,False,False,,126.99752,38860,0.3573,hold,,,0.0,,,0,0.0,62.759037,78046,0.3546,hold,,,0.0,,,0,0.0,143.949997,13231,0.1379,hold,,,0.0,,,0,0.0,85.126289,24357,0.1501,hold,,,0.0,,,0,0.0
2013-04-15,13451079,67,False,False,,124.054489,38860,0.3584,hold,,,0.0,,,0,0.0,61.520718,78046,0.357,hold,,,0.0,,,0,0.0,131.309998,13231,0.1292,hold,,,0.0,,,0,0.0,85.866333,24357,0.1555,hold,,,0.0,,,0,0.0
2013-04-16,13588515,67,False,False,,125.885902,38860,0.36,hold,,,0.0,,,0,0.0,62.337284,78046,0.358,hold,,,0.0,,,0,0.0,132.800003,13231,0.1293,hold,,,0.0,,,0,0.0,85.161156,24357,0.1526,hold,,,0.0,,,0,0.0
2013-04-17,13436493,67,False,False,,124.046516,38860,0.3588,hold,,,0.0,,,0,0.0,61.116924,78046,0.355,hold,,,0.0,,,0,0.0,132.869995,13231,0.1308,hold,,,0.0,,,0,0.0,85.726677,24357,0.1554,hold,,,0.0,,,0,0.0
2013-04-18,13364540,67,False,False,,123.270767,38860,0.3584,hold,,,0.0,,,0,0.0,60.273457,78046,0.352,hold,,,0.0,,,0,0.0,134.300003,13231,0.133,hold,,,0.0,,,0,0.0,85.936104,24357,0.1566,hold,,,0.0,,,0,0.0
2013-04-19,13481672,67,False,False,,124.342384,38860,0.3584,hold,,,0.0,,,0,0.0,61.098988,78046,0.3537,hold,,,0.0,,,0,0.0,135.470001,13231,0.133,hold,,,0.0,,,0,0.0,85.754623,24357,0.1549,hold,,,0.0,,,0,0.0
2013-04-22,13585822,67,False,False,,124.894249,38860,0.3572,hold,,,0.0,,,0,0.0,61.727127,78046,0.3546,hold,,,0.0,,,0,0.0,137.899994,13231,0.1343,hold,,,0.0,,,0,0.0,85.817429,24357,0.1539,hold,,,0.0,,,0,0.0
2013-04-23,13661270,67,False,False,,126.181801,38860,0.3589,hold,,,0.0,,,0,0.0,62.319355,78046,0.356,hold,,,0.0,,,0,0.0,136.880005,13231,0.1326,hold,,,0.0,,,0,0.0,85.517235,24357,0.1525,hold,,,0.0,,,0,0.0
2013-04-24,13687263,67,False,False,,126.26181,38860,0.3585,hold,,,0.0,,,0,0.0,62.292412,78046,0.3552,hold,,,0.0,,,0,0.0,138.369995,13231,0.1338,hold,,,0.0,,,0,0.0,85.733673,24357,0.1526,hold,,,0.0,,,0,0.0
2013-04-25,13767183,67,False,False,,126.773598,38860,0.3578,hold,,,0.0,,,0,0.0,62.624435,78046,0.355,hold,,,0.0,,,0,0.0,141.630005,13231,0.1361,hold,,,0.0,,,0,0.0,85.363602,24357,0.151,hold,,,0.0,,,0,0.0
2013-04-26,13752594,67,False,False,,126.549698,38860,0.3576,hold,,,0.0,,,0,0.0,62.427013,78046,0.3543,hold,,,0.0,,,0,0.0,140.910004,13231,0.1356,hold,,,0.0,,,0,0.0,86.145576,24357,0.1526,hold,,,0.0,,,0,0.0
2013-04-29,13841097,67,False,False,,127.39743,38860,0.3577,hold,,,0.0,,,0,0.0,63.001301,78046,0.3552,hold,,,0.0,,,0,0.0,142.300003,13231,0.136,hold,,,0.0,,,0,0.0,85.831413,24357,0.151,hold,,,0.0,,,0,0.0
2013-04-30,13896033,67,False,False,,127.701332,38860,0.3571,hold,,,0.0,,,0,0.0,63.458946,78046,0.3564,hold,,,0.0,,,0,0.0,142.770004,13231,0.1359,hold,,,0.0,,,0,0.0,85.880257,24357,0.1505,hold,,,0.0,,,0,0.0
2013-05-01,13828939,67,True,False,,126.581711,38860,0.3557,hold,,,0.0,,,0,0.0,63.162811,78046,0.3565,hold,,,0.0,,,0,0.0,141.110001,13231,0.135,hold,,,0.0,,,0,0.0,86.762558,24357,0.1528,hold,,,0.0,,,0,0.0
2013-05-02,13944943,67,False,False,,127.757271,38860,0.356,hold,,,0.0,,,0,0.0,63.961472,78046,0.358,hold,,,0.0,,,0,0.0,141.919998,13231,0.1347,hold,,,0.0,,,0,0.0,86.650597,24357,0.1513,hold,,,0.0,,,0,0.0
2013-05-03,14006605,67,False,False,,129.052856,38860,0.358,hold,,,0.0,,,0,0.0,64.71521,78046,0.3606,hold,,,0.0,,,0,0.0,142.089996,13231,0.1342,hold,,,0.0,,,0,0.0,84.607643,24357,0.1471,hold,,,0.0,,,0,0.0
2013-05-06,14034637,67,False,False,,129.380737,38860,0.3582,hold,,,0.0,,,0,0.0,64.966461,78046,0.3613,hold,,,0.0,,,0,0.0,142.149994,13231,0.134,hold,,,0.0,,,0,0.0,84.397743,24357,0.1465,hold,,,0.0,,,0,0.0
2013-05-07,14025891,67,False,False,,130.036514,38860,0.3603,hold,,,0.0,,,0,0.0,64.93055,78046,0.3613,hold,,,0.0,,,0,0.0,140.380005,13231,0.1324,hold,,,0.0,,,0,0.0,84.068954,24357,0.146,hold,,,0.0,,,0,0.0
2013-05-08,14104160,67,False,False,,130.628372,38860,0.3599,hold,,,0.0,,,0,0.0,65.244621,78046,0.361,hold,,,0.0,,,0,0.0,142.460007,13231,0.1336,hold,,,0.0,,,0,0.0,84.201859,24357,0.1454,hold,,,0.0,,,0,0.0
2013-05-09,14055746,67,False,False,,130.260437,38860,0.3601,hold,,,0.0,,,0,0.0,65.1549,78046,0.3618,hold,,,0.0,,,0,0.0,140.809998,13231,0.1325,hold,,,0.0,,,0,0.0,83.984993,24357,0.1455,hold,,,0.0,,,0,0.0
2013-05-10,14065042,67,False,False,,130.684326,38860,0.3611,hold,,,0.0,,,0,0.0,65.549744,78046,0.3637,hold,,,0.0,,,0,0.0,139.600006,13231,0.1313,hold,,,0.0,,,0,0.0,83.082451,24357,0.1439,hold,,,0.0,,,0,0.0
2013-05-13,14044394,67,False,False,,130.788269,38860,0.3619,hold,,,0.0,,,0,0.0,65.630493,78046,0.3647,hold,,,0.0,,,0,0.0,138.429993,13231,0.1304,hold,,,0.0,,,0,0.0,82.445732,24357,0.143,hold,,,0.0,,,0,0.0
2013-05-14,14093514,67,False,False,,132.139862,38860,0.3643,hold,,,0.0,,,0,0.0,65.971474,78046,0.3653,hold,,,0.0,,,0,0.0,137.809998,13231,0.1294,hold,,,0.0,,,0,0.0,81.550232,24357,0.1409,hold,,,0.0,,,0,0.0
2013-05-15,14102894,67,False,False,,132.851593,38860,0.3661,hold,,,0.0,,,0,0.0,66.106064,78046,0.3658,hold,,,0.0,,,0,0.0,134.630005,13231,0.1263,hold,,,0.0,,,0,0.0,82.095932,24357,0.1418,hold,,,0.0,,,0,0.0
2013-05-16,14086697,67,False,False,,132.227768,38860,0.3648,hold,,,0.0,,,0,0.0,66.034302,78046,0.3659,hold,,,0.0,,,0,0.0,134.089996,13231,0.1259,hold,,,0.0,,,0,0.0,82.949524,24357,0.1434,hold,,,0.0,,,0,0.0
2013-05-17,14120624,67,False,False,,133.507294,38860,0.3674,hold,,,0.0,,,0,0.0,66.671417,78046,0.3685,hold,,,0.0,,,0,0.0,131.070007,13231,0.1228,hold,,,0.0,,,0,0.0,81.900047,24357,0.1413,hold,,,0.0,,,0,0.0
2013-05-20,14163808,67,False,False,,133.499329,38860,0.3663,hold,,,0.0,,,0,0.0,66.572685,78046,0.3668,hold,,,0.0,,,0,0.0,135.119995,13231,0.1262,hold,,,0.0,,,0,0.0,81.802071,24357,0.1407,hold,,,0.0,,,0,0.0
2013-05-21,14162911,67,False,False,,133.691315,38860,0.3668,hold,,,0.0,,,0,0.0,66.64447,78046,0.3673,hold,,,0.0,,,0,0.0,132.880005,13231,0.1241,hold,,,0.0,,,0,0.0,82.445732,24357,0.1418,hold,,,0.0,,,0,0.0
2013-05-22,14036596,67,False,False,,132.699661,38860,0.3674,hold,,,0.0,,,0,0.0,66.061211,78046,0.3673,hold,,,0.0,,,0,0.0,131.940002,13231,0.1244,hold,,,0.0,,,0,0.0,81.221375,24357,0.1409,hold,,,0.0,,,0,0.0
2013-05-23,14054469,67,False,False,,132.31572,38860,0.3658,hold,,,0.0,,,0,0.0,65.908653,78046,0.366,hold,,,0.0,,,0,0.0,134.610001,13231,0.1267,hold,,,0.0,,,0,0.0,81.606186,24357,0.1414,hold,,,0.0,,,0,0.0
2013-05-24,14038799,67,False,False,,132.203812,38860,0.3659,hold,,,0.0,,,0,0.0,65.872765,78046,0.3662,hold,,,0.0,,,0,0.0,133.759995,13231,0.1261,hold,,,0.0,,,0,0.0,81.718117,24357,0.1418,hold,,,0.0,,,0,0.0
2013-05-28,14049168,67,False,False,,132.99556,38860,0.3679,hold,,,0.0,,,0,0.0,66.303474,78046,0.3683,hold,,,0.0,,,0,0.0,133.490005,13231,0.1257,hold,,,0.0,,,0,0.0,79.647194,24357,0.1381,hold,,,0.0,,,0,0.0
2013-05-29,14030631,67,False,False,,132.131775,38860,0.366,hold,,,0.0,,,0,0.0,65.98941,78046,0.3671,hold,,,0.0,,,0,0.0,134.830002,13231,0.1271,hold,,,0.0,,,0,0.0,80.542709,24357,0.1398,hold,,,0.0,,,0,0.0
2013-05-30,14096875,67,False,False,,132.619659,38860,0.3656,hold,,,0.0,,,0,0.0,66.339378,78046,0.3673,hold,,,0.0,,,0,0.0,136.699997,13231,0.1283,hold,,,0.0,,,0,0.0,80.346817,24357,0.1388,hold,,,0.0,,,0,0.0
2013-05-31,13931860,67,False,False,,130.716293,38860,0.3646,hold,,,0.0,,,0,0.0,65.729195,78046,0.3682,hold,,,0.0,,,0,0.0,133.919998,13231,0.1272,hold,,,0.0,,,0,0.0,80.073982,24357,0.14,hold,,,0.0,,,0,0.0
2013-06-03,14013534,67,True,False,,131.43605,38860,0.3645,hold,REDUCE_TO_TARGET,rebalance 2013-06-03,-202868.0,,,0,0.0,65.845818,78046,0.3667,hold,REDUCE_TO_TARGET,rebalance 2013-06-03,-234266.0,,,0,0.0,136.509995,13231,0.1289,hold,INCREASE_TO_TARGET,rebalance 2013-06-03,295866.0,,,0,0.0,80.498245,24357,0.1399,hold,INCREASE_TO_TARGET,rebalance 2013-06-03,141334.0,,,0,0.0
2013-06-04,13927235,46,False,True,monthly,130.804214,37313,0.3504,hold,,,0.0,REDUCE_TO_TARGET,sell,1547,131.113459,65.504868,74485,0.3503,hold,,,0.0,REDUCE_TO_TARGET,sell,3561,65.782509,135.229996,15412,0.1496,hold,,,0.0,INCREASE_TO_TARGET,buy,2181,135.210007,79.754852,26120,0.1496,hold,,,0.0,INCREASE_TO_TARGET,buy,1763,79.923169
2013-06-05,13828637,46,False,False,,128.972885,37313,0.348,hold,,,0.0,,,0,0.0,64.652397,74485,0.3482,hold,,,0.0,,,0,0.0,135.520004,15412,0.151,hold,,,0.0,,,0,0.0,80.855972,26120,0.1527,hold,,,0.0,,,0,0.0
2013-06-06,13909879,46,False,False,,130.140488,37313,0.3491,hold,,,0.0,,,0,0.0,64.966461,74485,0.3479,hold,,,0.0,,,0,0.0,136.529999,15412,0.1513,hold,,,0.0,,,0,0.0,80.806839,26120,0.1517,hold,,,0.0,,,0,0.0
2013-06-07,13949993,46,False,False,,131.795898,37313,0.3525,hold,,,0.0,,,0,0.0,65.854851,74485,0.3516,hold,,,0.0,,,0,0.0,133.279999,15412,0.1472,hold,,,0.0,,,0,0.0,79.362083,26120,0.1486,hold,,,0.0,,,0,0.0
2013-06-10,13952277,46,False,False,,131.795898,37313,0.3525,hold,,,0.0,,,0,0.0,65.881737,74485,0.3517,hold,,,0.0,,,0,0.0,133.940002,15412,0.148,hold,,,0.0,,,0,0.0,78.983421,26120,0.1479,hold,,,0.0,,,0,0.0
2013-06-11,13866672,46,False,False,,130.436386,37313,0.351,hold,,,0.0,,,0,0.0,65.2267,74485,0.3504,hold,,,0.0,,,0,0.0,133.25,15412,0.1481,hold,,,0.0,,,0,0.0,79.923195,26120,0.1505,hold,,,0.0,,,0,0.0
2013-06-12,13755798,46,False,False,,129.356812,37313,0.3509,hold,,,0.0,,,0,0.0,64.472939,74485,0.3491,hold,,,0.0,,,0,0.0,134.25,15412,0.1504,hold,,,0.0,,,0,0.0,78.780014,26120,0.1496,hold,,,0.0,,,0,0.0
2013-06-13,13914405,46,False,False,,131.324127,37313,0.3522,hold,,,0.0,,,0,0.0,65.289467,74485,0.3495,hold,,,0.0,,,0,0.0,133.740005,15412,0.1481,hold,,,0.0,,,0,0.0,80.014366,26120,0.1502,hold,,,0.0,,,0,0.0
2013-06-14,13857276,46,False,False,,130.500381,37313,0.3514,hold,,,0.0,,,0,0.0,64.858772,74485,0.3486,hold,,,0.0,,,0,0.0,134.429993,15412,0.1495,hold,,,0.0,,,0,0.0,79.824997,26120,0.1505,hold,,,0.0,,,0,0.0
2013-06-17,13920499,46,False,False,,131.508011,37313,0.3525,hold,,,0.0,,,0,0.0,65.486923,74485,0.3504,hold,,,0.0,,,0,0.0,133.770004,15412,0.1481,hold,,,0.0,,,0,0.0,79.404221,26120,0.149,hold,,,0.0,,,0,0.0
2013-06-18,13975217,46,False,False,,132.547699,37313,0.3539,hold,,,0.0,,,0,0.0,66.025314,74485,0.3519,hold,,,0.0,,,0,0.0,132.130005,15412,0.1457,hold,,,0.0,,,0,0.0,79.446266,26120,0.1485,hold,,,0.0,,,0,0.0
2013-06-19,13806907,46,False,False,,130.716293,37313,0.3533,hold,,,0.0,,,0,0.0,65.289467,74485,0.3522,hold,,,0.0,,,0,0.0,130.589996,15412,0.1458,hold,,,0.0,,,0,0.0,78.625771,26120,0.1487,hold,,,0.0,,,0,0.0
2013-06-20,13428989,46,False,False,,127.477386,37313,0.3542,hold,,,0.0,,,0,0.0,63.737125,74485,0.3535,hold,,,0.0,,,0,0.0,123.599998,15412,0.1419,hold,,,0.0,,,0,0.0,77.335266,26120,0.1504,hold,,,0.0,,,0,0.0
2013-06-21,13407141,46,False,False,,127.88662,37313,0.3559,hold,,,0.0,,,0,0.0,63.398659,74485,0.3522,hold,,,0.0,,,0,0.0,125.050003,15412,0.1437,hold,,,0.0,,,0,0.0,76.023804,26120,0.1481,hold,,,0.0,,,0,0.0
2013-06-24,13290891,46,False,False,,126.270599,37313,0.3545,hold,,,0.0,,,0,0.0,62.768566,74485,0.3518,hold,,,0.0,,,0,0.0,123.93,15412,0.1437,hold,,,0.0,,,0,0.0,76.339386,26120,0.15,hold,,,0.0,,,0,0.0
2013-06-25,13345526,46,False,False,,127.484634,37313,0.3564,hold,,,0.0,,,0,0.0,63.227642,74485,0.3529,hold,,,0.0,,,0,0.0,123.470001,15412,0.1426,hold,,,0.0,,,0,0.0,75.659096,26120,0.1481,hold,,,0.0,,,0,0.0
2013-06-26,13367697,46,False,False,,128.746796,37313,0.3594,hold,,,0.0,,,0,0.0,63.794743,74485,0.3555,hold,,,0.0,,,0,0.0,118.279999,15412,0.1364,hold,,,0.0,,,0,0.0,76.15004,26120,0.1488,hold,,,0.0,,,0,0.0
2013-06-27,13400282,46,False,False,,129.502579,37313,0.3606,hold,,,0.0,,,0,0.0,64.064796,74485,0.3561,hold,,,0.0,,,0,0.0,115.940002,15412,0.1333,hold,,,0.0,,,0,0.0,76.928528,26120,0.15,hold,,,0.0,,,0,0.0
2013-06-28,13449781,46,False,False,,128.971939,37313,0.3578,hold,,,0.0,,,0,0.0,64.154808,74485,0.3553,hold,,,0.0,,,0,0.0,119.110001,15412,0.1365,hold,,,0.0,,,0,0.0,77.454506,26120,0.1504,hold,,,0.0,,,0,0.0
2013-07-01,13542693,46,True,False,,129.727707,37313,0.3574,hold,,,0.0,,,0,0.0,64.550919,74485,0.355,hold,,,0.0,,,0,0.0,121.129997,15412,0.1378,hold,,,0.0,,,0,0.0,77.610527,26120,0.1497,hold,,,0.0,,,0,0.0
2013-07-02,13522269,46,False,False,,129.607025,37313,0.3576,hold,,,0.0,,,0,0.0,64.577873,74485,0.3557,hold,,,0.0,,,0,0.0,120.050003,15412,0.1368,hold,,,0.0,,,0,0.0,77.561371,26120,0.1498,hold,,,0.0,,,0,0.0
2013-07-03,13548390,46,False,False,,129.6633,37313,0.3571,hold,,,0.0,,,0,0.0,64.838928,74485,0.3565,hold,,,0.0,,,0,0.0,120.739998,15412,0.1373,hold,,,0.0,,,0,0.0,77.329437,26120,0.1491,hold,,,0.0,,,0,0.0
2013-07-05,13527769,46,False,False,,131.062241,37313,0.3615,hold,,,0.0,,,0,0.0,65.334007,74485,0.3597,hold,,,0.0,,,0,0.0,118.089996,15412,0.1345,hold,,,0.0,,,0,0.0,74.693382,26120,0.1442,hold,,,0.0,,,0,0.0
2013-07-08,13601160,46,False,False,,131.809967,37313,0.3616,hold,,,0.0,,,0,0.0,65.397034,74485,0.3581,hold,,,0.0,,,0,0.0,119.510002,15412,0.1354,hold,,,0.0,,,0,0.0,75.417404,26120,0.1448,hold,,,0.0,,,0,0.0
2013-07-09,13685187,46,False,False,,132.758621,37313,0.362,hold,,,0.0,,,0,0.0,65.793114,74485,0.3581,hold,,,0.0,,,0,0.0,120.620003,15412,0.1358,hold,,,0.0,,,0,0.0,75.494774,26120,0.1441,hold,,,0.0,,,0,0.0
2013-07-10,13704805,46,False,False,,132.806793,37313,0.3616,hold,,,0.0,,,0,0.0,66.171158,74485,0.3596,hold,,,0.0,,,0,0.0,120.949997,15412,0.136,hold,,,0.0,,,0,0.0,74.904274,26120,0.1428,hold,,,0.0,,,0,0.0
2013-07-11,13943854,46,False,False,,134.615814,37313,0.3602,hold,,,0.0,,,0,0.0,67.485428,74485,0.3605,hold,,,0.0,,,0,0.0,124.239998,15412,0.1373,hold,,,0.0,,,0,0.0,75.782928,26120,0.142,hold,,,0.0,,,0,0.0
2013-07-12,13964733,46,False,False,,134.672028,37313,0.3598,hold,,,0.0,,,0,0.0,67.782509,74485,0.3615,hold,,,0.0,,,0,0.0,124.129997,15412,0.137,hold,,,0.0,,,0,0.0,75.719673,26120,0.1416,hold,,,0.0,,,0,0.0
2013-07-15,14006568,46,False,False,,135.186584,37313,0.3601,hold,,,0.0,,,0,0.0,67.935555,74485,0.3613,hold,,,0.0,,,0,0.0,124.18,15412,0.1366,hold,,,0.0,,,0,0.0,76.120354,26120,0.142,hold,,,0.0,,,0,0.0
2013-07-16,13998699,46,False,False,,134.680115,37313,0.359,hold,,,0.0,,,0,0.0,67.845512,74485,0.361,hold,,,0.0,,,0,0.0,124.889999,15412,0.1375,hold,,,0.0,,,0,0.0,76.380417,26120,0.1425,hold,,,0.0,,,0,0.0
2013-07-17,14003810,46,False,False,,135.025803,37313,0.3598,hold,,,0.0,,,0,0.0,68.016518,74485,0.3618,hold,,,0.0,,,0,0.0,123.32,15412,0.1357,hold,,,0.0,,,0,0.0,76.521011,26120,0.1427,hold,,,0.0,,,0,0.0
2013-07-18,14004336,46,False,False,,135.765442,37313,0.3617,hold,,,0.0,,,0,0.0,67.845512,74485,0.3609,hold,,,0.0,,,0,0.0,124.010002,15412,0.1365,hold,,,0.0,,,0,0.0,75.565048,26120,0.1409,hold,,,0.0,,,0,0.0
2013-07-19,14009200,46,False,False,,136.006607,37313,0.3622,hold,,,0.0,,,0,0.0,67.143341,74485,0.357,hold,,,0.0,,,0,0.0,125.110001,15412,0.1376,hold,,,0.0,,,0,0.0,76.760048,26120,0.1431,hold,,,0.0,,,0,0.0
2013-07-22,14094274,46,False,False,,136.271973,37313,0.3608,hold,,,0.0,,,0,0.0,67.341354,74485,0.3559,hold,,,0.0,,,0,0.0,128.839996,15412,0.1409,hold,,,0.0,,,0,0.0,76.872498,26120,0.1425,hold,,,0.0,,,0,0.0
2013-07-23,14051563,46,False,False,,135.982513,37313,0.3611,hold,,,0.0,,,0,0.0,66.846313,74485,0.3543,hold,,,0.0,,,0,0.0,129.710007,15412,0.1423,hold,,,0.0,,,0,0.0,76.549149,26120,0.1423,hold,,,0.0,,,0,0.0
2013-07-24,13989347,46,False,False,,135.484024,37313,0.3614,hold,,,0.0,,,0,0.0,67.062332,74485,0.3571,hold,,,0.0,,,0,0.0,127.480003,15412,0.1404,hold,,,0.0,,,0,0.0,75.579102,26120,0.1411,hold,,,0.0,,,0,0.0
2013-07-25,14050766,46,False,False,,135.813629,37313,0.3607,hold,,,0.0,,,0,0.0,67.485428,74485,0.3577,hold,,,0.0,,,0,0.0,128.669998,15412,0.1411,hold,,,0.0,,,0,0.0,75.551025,26120,0.1404,hold,,,0.0,,,0,0.0
2013-07-26,14096802,46,False,False,,135.958435,37313,0.3599,hold,,,0.0,,,0,0.0,67.845512,74485,0.3585,hold,,,0.0,,,0,0.0,128.779999,15412,0.1408,hold,,,0.0,,,0,0.0,76.014893,26120,0.1408,hold,,,0.0,,,0,0.0
2013-07-29,14052530,46,False,False,,135.540314,37313,0.3599,hold,,,0.0,,,0,0.0,67.719475,74485,0.3589,hold,,,0.0,,,0,0.0,128.470001,15412,0.1409,hold,,,0.0,,,0,0.0,75.459587,26120,0.1403,hold,,,0.0,,,0,0.0
2013-07-30,14073221,46,False,False,,135.540314,37313,0.3594,hold,,,0.0,,,0,0.0,68.079521,74485,0.3603,hold,,,0.0,,,0,0.0,128.119995,15412,0.1403,hold,,,0.0,,,0,0.0,75.431511,26120,0.14,hold,,,0.0,,,0,0.0
2013-07-31,14090905,46,False,False,,135.636826,37313,0.3592,hold,,,0.0,,,0,0.0,68.205551,74485,0.3605,hold,,,0.0,,,0,0.0,127.959999,15412,0.14,hold,,,0.0,,,0,0.0,75.705688,26120,0.1403,hold,,,0.0,,,0,0.0
2013-08-01,14142118,46,True,False,,137.204559,37313,0.362,hold,,,0.0,,,0,0.0,68.898643,74485,0.3629,hold,,,0.0,,,0,0.0,126.610001,15412,0.138,hold,,,0.0,,,0,0.0,74.246918,26120,0.1371,hold,,,0.0,,,0,0.0
2013-08-02,14197148,46,False,False,,137.437683,37313,0.3612,hold,,,0.0,,,0,0.0,69.285751,74485,0.3635,hold,,,0.0,,,0,0.0,126.360001,15412,0.1372,hold,,,0.0,,,0,0.0,75.064331,26120,0.1381,hold,,,0.0,,,0,0.0
2013-08-05,14167736,46,False,False,,137.236725,37313,0.3614,hold,,,0.0,,,0,0.0,69.330742,74485,0.3645,hold,,,0.0,,,0,0.0,125.699997,15412,0.1367,hold,,,0.0,,,0,0.0,74.486511,26120,0.1373,hold,,,0.0,,,0,0.0
2013-08-06,14086835,46,False,False,,136.456802,37313,0.3614,hold,,,0.0,,,0,0.0,68.916664,74485,0.3644,hold,,,0.0,,,0,0.0,123.970001,15412,0.1356,hold,,,0.0,,,0,0.0,74.704948,26120,0.1385,hold,,,0.0,,,0,0.0
2013-08-07,14078268,46,False,False,,136.014664,37313,0.3605,hold,,,0.0,,,0,0.0,68.790665,74485,0.364,hold,,,0.0,,,0,0.0,124.150002,15412,0.1359,hold,,,0.0,,,0,0.0,75.261673,26120,0.1396,hold,,,0.0,,,0,0.0
2013-08-08,14169446,46,False,False,,136.513138,37313,0.3595,hold,,,0.0,,,0,0.0,69.132675,74485,0.3634,hold,,,0.0,,,0,0.0,126.860001,15412,0.138,hold,,,0.0,,,0,0.0,75.466003,26120,0.1391,hold,,,0.0,,,0,0.0
2013-08-09,14137094,46,False,False,,136.119202,37313,0.3593,hold,,,0.0,,,0,0.0,68.853676,74485,0.3628,hold,,,0.0,,,0,0.0,126.860001,15412,0.1383,hold,,,0.0,,,0,0.0,75.585785,26120,0.1397,hold,,,0.0,,,0,0.0
2013-08-12,14164714,46,False,False,,135.958435,37313,0.3581,hold,,,0.0,,,0,0.0,69.015709,74485,0.3629,hold,,,0.0,,,0,0.0,129.130005,15412,0.1405,hold,,,0.0,,,0,0.0,75.071381,26120,0.1384,hold,,,0.0,,,0,0.0
2013-08-13,14158771,46,False,False,,136.360382,37313,0.3594,hold,,,0.0,,,0,0.0,69.40274,74485,0.3651,hold,,,0.0,,,0,0.0,127.739998,15412,0.139,hold,,,0.0,,,0,0.0,73.98616,26120,0.1365,hold,,,0.0,,,0,0.0
2013-08-14,14135594,46,False,False,,135.660934,37313,0.3581,hold,,,0.0,,,0,0.0,69.141708,74485,0.3643,hold,,,0.0,,,0,0.0,129.0,15412,0.1406,hold,,,0.0,,,0,0.0,74.098907,26120,0.1369,hold,,,0.0,,,0,0.0
2013-08-15,13992957,46,False,False,,133.763626,37313,0.3567,hold,,,0.0,,,0,0.0,67.971497,74485,0.3618,hold,,,0.0,,,0,0.0,131.690002,15412,0.145,hold,,,0.0,,,0,0.0,73.098244,26120,0.1364,hold,,,0.0,,,0,0.0
2013-08-16,13981534,46,False,False,,133.321396,37313,0.3558,hold,,,0.0,,,0,0.0,67.944504,74485,0.362,hold,,,0.0,,,0,0.0,132.580002,15412,0.1461,hold,,,0.0,,,0,0.0,72.844498,26120,0.1361,hold,,,0.0,,,0,0.0
2013-08-19,13915671,46,False,False,,132.469223,37313,0.3552,hold,,,0.0,,,0,0.0,67.827477,74485,0.3631,hold,,,0.0,,,0,0.0,132.009995,15412,0.1462,hold,,,0.0,,,0,0.0,72.210312,26120,0.1355,hold,,,0.0,,,0,0.0
2013-08-20,13983416,46,False,False,,133.120377,37313,0.3552,hold,,,0.0,,,0,0.0,68.124527,74485,0.3629,hold,,,0.0,,,0,0.0,132.449997,15412,0.146,hold,,,0.0,,,0,0.0,72.767029,26120,0.1359,hold,,,0.0,,,0,0.0
2013-08-21,13908731,46,False,False,,132.300354,37313,0.3549,hold,,,0.0,,,0,0.0,67.890503,74485,0.3636,hold,,,0.0,,,0,0.0,132.070007,15412,0.1463,hold,,,0.0,,,0,0.0,71.970734,26120,0.1352,hold,,,0.0,,,0,0.0
2013-08-22,14033892,46,False,False,,133.506332,37313,0.355,hold,,,0.0,,,0,0.0,68.55661,74485,0.3639,hold,,,0.0,,,0,0.0,132.809998,15412,0.1459,hold,,,0.0,,,0,0.0,72.703598,26120,0.1353,hold,,,0.0,,,0,0.0
2013-08-23,14137715,46,False,False,,133.956543,37313,0.3535,hold,,,0.0,,,0,0.0,69.015709,74485,0.3636,hold,,,0.0,,,0,0.0,134.899994,15412,0.1471,hold,,,0.0,,,0,0.0,73.49292,26120,0.1358,hold,,,0.0,,,0,0.0
2013-08-26,14139845,46,False,False,,133.458069,37313,0.3522,hold,,,0.0,,,0,0.0,69.051727,74485,0.3637,hold,,,0.0,,,0,0.0,135.449997,15412,0.1476,hold,,,0.0,,,0,0.0,73.859306,26120,0.1364,hold,,,0.0,,,0,0.0
2013-08-27,13998814,46,False,False,,131.311478,37313,0.35,hold,,,0.0,,,0,0.0,67.638458,74485,0.3599,hold,,,0.0,,,0,0.0,136.75,15412,0.1506,hold,,,0.0,,,0,0.0,74.789497,26120,0.1395,hold,,,0.0,,,0,0.0
2013-08-28,14019213,46,False,False,,131.777802,37313,0.3507,hold,,,0.0,,,0,0.0,67.899506,74485,0.3608,hold,,,0.0,,,0,0.0,136.710007,15412,0.1503,hold,,,0.0,,,0,0.0,74.183479,26120,0.1382,hold,,,0.0,,,0,0.0
2013-08-29,14065063,46,False,False,,131.986816,37313,0.3501,hold,,,0.0,,,0,0.0,68.376602,74485,0.3621,hold,,,0.0,,,0,0.0,135.869995,15412,0.1489,hold,,,0.0,,,0,0.0,74.775406,26120,0.1389,hold,,,0.0,,,0,0.0
2013-08-30,13995141,46,False,False,,131.568802,37313,0.3508,hold,,,0.0,,,0,0.0,67.935555,74485,0.3616,hold,,,0.0,,,0,0.0,134.619995,15412,0.1482,hold,,,0.0,,,0,0.0,74.690865,26120,0.1394,hold,,,0.0,,,0,0.0
2013-09-03,14046387,46,True,False,,132.163696,37313,0.3511,hold,,,0.0,,,0,0.0,68.322556,74485,0.3623,hold,,,0.0,,,0,0.0,136.419998,15412,0.1497,hold,,,0.0,,,0,0.0,73.637337,26120,0.1369,hold,,,0.0,,,0,0.0
2013-09-04,14110128,46,False,False,,133.25708,37313,0.3524,hold,,,0.0,,,0,0.0,69.051727,74485,0.3645,hold,,,0.0,,,0,0.0,134.660004,15412,0.1471,hold,,,0.0,,,0,0.0,73.474869,26120,0.136,hold,,,0.0,,,0,0.0
2013-09-05,14060473,46,False,False,,133.425934,37313,0.3541,hold,,,0.0,,,0,0.0,69.168755,74485,0.3664,hold,,,0.0,,,0,0.0,132.199997,15412,0.1449,hold,,,0.0,,,0,0.0,72.450386,26120,0.1346,hold,,,0.0,,,0,0.0
2013-09-06,14108370,46,False,False,,133.490219,37313,0.353,hold,,,0.0,,,0,0.0,69.249771,74485,0.3656,hold,,,0.0,,,0,0.0,134.149994,15412,0.1465,hold,,,0.0,,,0,0.0,72.810669,26120,0.1348,hold,,,0.0,,,0,0.0
2013-09-09,14213632,46,False,False,,134.768524,37313,0.3538,hold,,,0.0,,,0,0.0,70.059868,74485,0.3671,hold,,,0.0,,,0,0.0,133.910004,15412,0.1452,hold,,,0.0,,,0,0.0,72.846039,26120,0.1339,hold,,,0.0,,,0,0.0
2013-09-10,14229579,46,False,False,,135.765442,37313,0.356,hold,,,0.0,,,0,0.0,70.401947,74485,0.3685,hold,,,0.0,,,0,0.0,131.740005,15412,0.1427,hold,,,0.0,,,0,0.0,72.337341,26120,0.1328,hold,,,0.0,,,0,0.0
2013-09-11,14251599,46,False,False,,136.191528,37313,0.3566,hold,,,0.0,,,0,0.0,70.266937,74485,0.3672,hold,,,0.0,,,0,0.0,131.699997,15412,0.1424,hold,,,0.0,,,0,0.0,72.980316,26120,0.1338,hold,,,0.0,,,0,0.0
2013-09-12,14170053,46,False,False,,135.829788,37313,0.3577,hold,,,0.0,,,0,0.0,70.221931,74485,0.3691,hold,,,0.0,,,0,0.0,127.669998,15412,0.1389,hold,,,0.0,,,0,0.0,72.881332,26120,0.1343,hold,,,0.0,,,0,0.0
2013-09-13,14194496,46,False,False,,136.135223,37313,0.3579,hold,,,0.0,,,0,0.0,70.266937,74485,0.3687,hold,,,0.0,,,0,0.0,127.82,15412,0.1388,hold,,,0.0,,,0,0.0,73.16394,26120,0.1346,hold,,,0.0,,,0,0.0
2013-09-16,14175968,46,False,False,,136.923187,37313,0.3604,hold,,,0.0,,,0,0.0,70.077873,74485,0.3682,hold,,,0.0,,,0,0.0,126.449997,15412,0.1375,hold,,,0.0,,,0,0.0,72.676483,26120,0.1339,hold,,,0.0,,,0,0.0
2013-09-17,14250091,46,False,False,,137.534195,37313,0.3601,hold,,,0.0,,,0,0.0,70.545982,74485,0.3687,hold,,,0.0,,,0,0.0,126.5,15412,0.1368,hold,,,0.0,,,0,0.0,73.277046,26120,0.1343,hold,,,0.0,,,0,0.0
2013-09-18,14481056,46,False,False,,139.126038,37313,0.3585,hold,,,0.0,,,0,0.0,71.392136,74485,0.3672,hold,,,0.0,,,0,0.0,132.009995,15412,0.1405,hold,,,0.0,,,0,0.0,74.181458,26120,0.1338,hold,,,0.0,,,0,0.0
2013-09-19,14469646,46,False,False,,138.892822,37313,0.3582,hold,,,0.0,,,0,0.0,71.563187,74485,0.3684,hold,,,0.0,,,0,0.0,131.75,15412,0.1403,hold,,,0.0,,,0,0.0,73.743385,26120,0.1331,hold,,,0.0,,,0,0.0
2013-09-20,14366859,46,False,False,,137.921799,37313,0.3582,hold,,,0.0,,,0,0.0,71.317581,74485,0.3697,hold,,,0.0,,,0,0.0,127.959999,15412,0.1373,hold,,,0.0,,,0,0.0,74.132004,26120,0.1348,hold,,,0.0,,,0,0.0
2013-09-23,14340178,46,False,False,,137.283585,37313,0.3572,hold,,,0.0,,,0,0.0,71.173134,74485,0.3697,hold,,,0.0,,,0,0.0,127.550003,15412,0.1371,hold,,,0.0,,,0,0.0,74.676041,26120,0.136,hold,,,0.0,,,0,0.0
2013-09-24,14350854,46,False,False,,136.960419,37313,0.3561,hold,,,0.0,,,0,0.0,71.173134,74485,0.3694,hold,,,0.0,,,0,0.0,127.660004,15412,0.1371,hold,,,0.0,,,0,0.0,75.481506,26120,0.1374,hold,,,0.0,,,0,0.0
2013-09-25,14339398,46,False,False,,136.564545,37313,0.3554,hold,,,0.0,,,0,0.0,70.929344,74485,0.3684,hold,,,0.0,,,0,0.0,128.789993,15412,0.1384,hold,,,0.0,,,0,0.0,75.636925,26120,0.1378,hold,,,0.0,,,0,0.0
2013-09-26,14370762,46,False,False,,137.089691,37313,0.3559,hold,,,0.0,,,0,0.0,71.480087,74485,0.3705,hold,,,0.0,,,0,0.0,127.790001,15412,0.137,hold,,,0.0,,,0,0.0,75.107025,26120,0.1365,hold,,,0.0,,,0,0.0
2013-09-27,14363512,46,False,False,,136.459549,37313,0.3545,hold,,,0.0,,,0,0.0,71.389832,74485,0.3702,hold,,,0.0,,,0,0.0,128.970001,15412,0.1384,hold,,,0.0,,,0,0.0,75.290741,26120,0.1369,hold,,,0.0,,,0,0.0
2013-09-30,14308476,46,False,False,,135.732452,37313,0.354,hold,,,0.0,,,0,0.0,71.2183,74485,0.3707,hold,,,0.0,,,0,0.0,128.179993,15412,0.1381,hold,,,0.0,,,0,0.0,75.177658,26120,0.1372,hold,,,0.0,,,0,0.0
2013-10-01,14341081,46,True,False,,136.806931,37313,0.3559,hold,REDUCE_TO_TARGET,rebalance 2013-10-01,-85299.0,,,0,0.0,71.940582,74485,0.3736,hold,REDUCE_TO_TARGET,rebalance 2013-10-01,-339116.0,,,0,0.0,124.589996,15412,0.1339,hold,INCREASE_TO_TARGET,rebalance 2013-10-01,230981.0,,,0,0.0,74.949577,26120,0.1365,hold,INCREASE_TO_TARGET,rebalance 2013-10-01,193479.0,,,0,0.0
2013-10-02,14373265,128,False,True,monthly,136.677643,36684,0.3488,hold,,,0.0,REDUCE_TO_TARGET,sell,629,135.59909,71.913513,69725,0.3489,hold,,,0.0,REDUCE_TO_TARGET,sell,4760,71.238689,127.059998,17248,0.1525,hold,,,0.0,INCREASE_TO_TARGET,buy,1836,125.370003,75.062859,28690,0.1498,hold,,,0.0,INCREASE_TO_TARGET,buy,2570,75.041607
2013-10-03,14267100,128,False,False,,135.417313,36684,0.3482,hold,,,0.0,,,0,0.0,71.073814,69725,0.3473,hold,,,0.0,,,0,0.0,127.18,17248,0.1538,hold,,,0.0,,,0,0.0,74.942513,28690,0.1507,hold,,,0.0,,,0,0.0
2013-10-04,14334711,128,False,False,,136.443375,36684,0.3492,hold,,,0.0,,,0,0.0,71.687767,69725,0.3487,hold,,,0.0,,,0,0.0,126.529999,17248,0.1522,hold,,,0.0,,,0,0.0,74.885841,28690,0.1499,hold,,,0.0,,,0,0.0
2013-10-07,14277772,128,False,False,,135.263794,36684,0.3475,hold,,,0.0,,,0,0.0,71.091858,69725,0.3472,hold,,,0.0,,,0,0.0,127.639999,17248,0.1542,hold,,,0.0,,,0,0.0,75.190392,28690,0.1511,hold,,,0.0,,,0,0.0
2013-10-08,14120769,128,False,False,,133.688507,36684,0.3473,hold,,,0.0,,,0,0.0,69.719513,69725,0.3443,hold,,,0.0,,,0,0.0,127.400002,17248,0.1556,hold,,,0.0,,,0,0.0,75.211693,28690,0.1528,hold,,,0.0,,,0,0.0
2013-10-09,14069691,128,False,False,,133.785431,36684,0.3488,hold,,,0.0,,,0,0.0,69.502831,69725,0.3444,hold,,,0.0,,,0,0.0,126.110001,17248,0.1546,hold,,,0.0,,,0,0.0,74.609528,28690,0.1521,hold,,,0.0,,,0,0.0
2013-10-10,14249821,128,False,False,,136.66954,36684,0.3518,hold,,,0.0,,,0,0.0,70.974495,69725,0.3473,hold,,,0.0,,,0,0.0,124.269997,17248,0.1504,hold,,,0.0,,,0,0.0,74.729919,28690,0.1505,hold,,,0.0,,,0,0.0
2013-10-11,14291744,128,False,False,,137.55014,36684,0.3531,hold,,,0.0,,,0,0.0,71.534294,69725,0.349,hold,,,0.0,,,0,0.0,122.599998,17248,0.148,hold,,,0.0,,,0,0.0,74.70871,28690,0.15,hold,,,0.0,,,0,0.0
2013-10-14,14333843,128,False,False,,138.099564,36684,0.3534,hold,,,0.0,,,0,0.0,72.039871,69725,0.3504,hold,,,0.0,,,0,0.0,122.830002,17248,0.1478,hold,,,0.0,,,0,0.0,74.106606,28690,0.1483,hold,,,0.0,,,0,0.0
2013-10-15,14291679,128,False,False,,137.097748,36684,0.3519,hold,,,0.0,,,0,0.0,71.760017,69725,0.3501,hold,,,0.0,,,0,0.0,123.730003,17248,0.1493,hold,,,0.0,,,0,0.0,74.056984,28690,0.1487,hold,,,0.0,,,0,0.0
2013-10-16,14441920,128,False,False,,139.012436,36684,0.3531,hold,,,0.0,,,0,0.0,72.572578,69725,0.3504,hold,,,0.0,,,0,0.0,123.540001,17248,0.1475,hold,,,0.0,,,0,0.0,74.984962,28690,0.149,hold,,,0.0,,,0,0.0
2013-10-17,14591392,128,False,False,,139.941513,36684,0.3518,hold,,,0.0,,,0,0.0,72.987862,69725,0.3488,hold,,,0.0,,,0,0.0,127.419998,17248,0.1506,hold,,,0.0,,,0,0.0,75.665062,28690,0.1488,hold,,,0.0,,,0,0.0
2013-10-18,14703378,128,False,False,,140.886719,36684,0.3515,hold,,,0.0,,,0,0.0,74.170647,69725,0.3517,hold,,,0.0,,,0,0.0,126.849998,17248,0.1488,hold,,,0.0,,,0,0.0,75.827972,28690,0.148,hold,,,0.0,,,0,0.0
2013-10-21,14710342,128,False,False,,140.894836,36684,0.3514,hold,,,0.0,,,0,0.0,74.333183,69725,0.3523,hold,,,0.0,,,0,0.0,126.980003,17248,0.1489,hold,,,0.0,,,0,0.0,75.587166,28690,0.1474,hold,,,0.0,,,0,0.0
2013-10-22,14812716,128,False,False,,141.710785,36684,0.3509,hold,,,0.0,,,0,0.0,74.44149,69725,0.3504,hold,,,0.0,,,0,0.0,129.339996,17248,0.1506,hold,,,0.0,,,0,0.0,76.43013,28690,0.148,hold,,,0.0,,,0,0.0
2013-10-23,14753672,128,False,False,,141.032181,36684,0.3507,hold,,,0.0,,,0,0.0,73.990082,69725,0.3497,hold,,,0.0,,,0,0.0,128.690002,17248,0.1504,hold,,,0.0,,,0,0.0,76.727631,28690,0.1492,hold,,,0.0,,,0,0.0
2013-10-24,14805859,128,False,False,,141.500763,36684,0.3506,hold,,,0.0,,,0,0.0,74.315117,69725,0.35,hold,,,0.0,,,0,0.0,129.899994,17248,0.1513,hold,,,0.0,,,0,0.0,76.43013,28690,0.1481,hold,,,0.0,,,0,0.0
2013-10-25,14884499,128,False,False,,142.147049,36684,0.3503,hold,,,0.0,,,0,0.0,74.847801,69725,0.3506,hold,,,0.0,,,0,0.0,130.460007,17248,0.1512,hold,,,0.0,,,0,0.0,76.713524,28690,0.1479,hold,,,0.0,,,0,0.0
2013-10-28,14888259,128,False,False,,142.373215,36684,0.3508,hold,,,0.0,,,0,0.0,74.865868,69725,0.3506,hold,,,0.0,,,0,0.0,130.559998,17248,0.1513,hold,,,0.0,,,0,0.0,76.45137,28690,0.1473,hold,,,0.0,,,0,0.0
2013-10-29,14914151,128,False,False,,143.132675,36684,0.3521,hold,,,0.0,,,0,0.0,74.992264,69725,0.3506,hold,,,0.0,,,0,0.0,129.770004,17248,0.1501,hold,,,0.0,,,0,0.0,76.55056,28690,0.1473,hold,,,0.0,,,0,0.0
2013-10-30,14866891,128,False,False,,142.421661,36684,0.3514,hold,,,0.0,,,0,0.0,74.920044,69725,0.3514,hold,,,0.0,,,0,0.0,129.600006,17248,0.1504,hold,,,0.0,,,0,0.0,76.090111,28690,0.1468,hold,,,0.0,,,0,0.0
2013-10-31,14812706,128,False,False,,142.0177,36684,0.3517,hold,,,0.0,,,0,0.0,74.748512,69725,0.3518,hold,,,0.0,,,0,0.0,127.739998,17248,0.1487,hold,,,0.0,,,0,0.0,76.253075,28690,0.1477,hold,,,0.0,,,0,0.0
2013-11-01,14789106,128,True,False,,142.357086,36684,0.3531,hold,,,0.0,,,0,0.0,74.766541,69725,0.3525,hold,,,0.0,,,0,0.0,126.949997,17248,0.1481,hold,,,0.0,,,0,0.0,75.427681,28690,0.1463,hold,,,0.0,,,0,0.0
2013-11-04,14814657,128,False,False,,142.857971,36684,0.3537,hold,,,0.0,,,0,0.0,74.874886,69725,0.3524,hold,,,0.0,,,0,0.0,126.809998,17248,0.1476,hold,,,0.0,,,0,0.0,75.498665,28690,0.1462,hold,,,0.0,,,0,0.0
2013-11-05,14773531,128,False,False,,142.405563,36684,0.3536,hold,,,0.0,,,0,0.0,74.956123,69725,0.3538,hold,,,0.0,,,0,0.0,126.559998,17248,0.1478,hold,,,0.0,,,0,0.0,74.59655,28690,0.1449,hold,,,0.0,,,0,0.0
2013-11-06,14811007,128,False,False,,143.132675,36684,0.3545,hold,,,0.0,,,0,0.0,74.938095,69725,0.3528,hold,,,0.0,,,0,0.0,127.199997,17248,0.1481,hold,,,0.0,,,0,0.0,74.632126,28690,0.1446,hold,,,0.0,,,0,0.0
2013-11-07,14646612,128,False,False,,141.322937,36684,0.354,hold,,,0.0,,,0,0.0,73.529625,69725,0.35,hold,,,0.0,,,0,0.0,126.160004,17248,0.1486,hold,,,0.0,,,0,0.0,75.26429,28690,0.1474,hold,,,0.0,,,0,0.0
2013-11-08,14701413,128,False,False,,143.229599,36684,0.3574,hold,,,0.0,,,0,0.0,74.522781,69725,0.3534,hold,,,0.0,,,0,0.0,124.279999,17248,0.1458,hold,,,0.0,,,0,0.0,73.453049,28690,0.1433,hold,,,0.0,,,0,0.0
2013-11-11,14679100,128,False,False,,143.253815,36684,0.358,hold,,,0.0,,,0,0.0,74.405441,69725,0.3534,hold,,,0.0,,,0,0.0,123.870003,17248,0.1455,hold,,,0.0,,,0,0.0,73.176003,28690,0.143,hold,,,0.0,,,0,0.0
2013-11-12,14661902,128,False,False,,142.962997,36684,0.3577,hold,,,0.0,,,0,0.0,74.522781,69725,0.3544,hold,,,0.0,,,0,0.0,122.449997,17248,0.144,hold,,,0.0,,,0,0.0,73.51693,28690,0.1439,hold,,,0.0,,,0,0.0
2013-11-13,14781583,128,False,False,,144.110199,36684,0.3576,hold,,,0.0,,,0,0.0,75.425652,69725,0.3558,hold,,,0.0,,,0,0.0,122.849998,17248,0.1433,hold,,,0.0,,,0,0.0,73.78688,28690,0.1432,hold,,,0.0,,,0,0.0
2013-11-14,14861857,128,False,False,,144.829208,36684,0.3575,hold,,,0.0,,,0,0.0,75.660385,69725,0.355,hold,,,0.0,,,0,0.0,124.269997,17248,0.1442,hold,,,0.0,,,0,0.0,74.241386,28690,0.1433,hold,,,0.0,,,0,0.0
2013-11-15,14900191,128,False,False,,145.459396,36684,0.3581,hold,,,0.0,,,0,0.0,75.80484,69725,0.3547,hold,,,0.0,,,0,0.0,124.32,17248,0.1439,hold,,,0.0,,,0,0.0,74.390617,28690,0.1432,hold,,,0.0,,,0,0.0
2013-11-18,14818245,128,False,False,,144.950394,36684,0.3588,hold,,,0.0,,,0,0.0,75.064491,69725,0.3532,hold,,,0.0,,,0,0.0,122.900002,17248,0.1431,hold,,,0.0,,,0,0.0,74.838127,28690,0.1449,hold,,,0.0,,,0,0.0
2013-11-19,14776135,128,False,False,,144.635284,36684,0.3591,hold,,,0.0,,,0,0.0,74.847801,69725,0.3532,hold,,,0.0,,,0,0.0,122.949997,17248,0.1435,hold,,,0.0,,,0,0.0,74.269844,28690,0.1442,hold,,,0.0,,,0,0.0
2013-11-20,14661864,128,False,False,,144.182907,36684,0.3607,hold,,,0.0,,,0,0.0,74.667229,69725,0.3551,hold,,,0.0,,,0,0.0,120.120003,17248,0.1413,hold,,,0.0,,,0,0.0,73.005486,28690,0.1429,hold,,,0.0,,,0,0.0
2013-11-21,14757781,128,False,False,,145.346268,36684,0.3613,hold,,,0.0,,,0,0.0,75.425652,69725,0.3564,hold,,,0.0,,,0,0.0,119.940002,17248,0.1402,hold,,,0.0,,,0,0.0,73.126244,28690,0.1422,hold,,,0.0,,,0,0.0
2013-11-22,14832000,128,False,False,,146.073349,36684,0.3613,hold,,,0.0,,,0,0.0,75.831924,69725,0.3565,hold,,,0.0,,,0,0.0,119.919998,17248,0.1395,hold,,,0.0,,,0,0.0,73.808167,28690,0.1428,hold,,,0.0,,,0,0.0
2013-11-25,14854685,128,False,False,,145.927963,36684,0.3604,hold,,,0.0,,,0,0.0,76.012505,69725,0.3568,hold,,,0.0,,,0,0.0,120.459999,17248,0.1399,hold,,,0.0,,,0,0.0,74.021225,28690,0.143,hold,,,0.0,,,0,0.0
2013-11-26,14880774,128,False,False,,145.968292,36684,0.3598,hold,,,0.0,,,0,0.0,76.409782,69725,0.358,hold,,,0.0,,,0,0.0,119.82,17248,0.1389,hold,,,0.0,,,0,0.0,74.298279,28690,0.1432,hold,,,0.0,,,0,0.0
2013-11-27,14921077,128,False,False,,146.323761,36684,0.3597,hold,,,0.0,,,0,0.0,76.942467,69725,0.3595,hold,,,0.0,,,0,0.0,119.459999,17248,0.1381,hold,,,0.0,,,0,0.0,74.170403,28690,0.1426,hold,,,0.0,,,0,0.0
2013-11-29,14971627,128,False,False,,146.226837,36684,0.3583,hold,,,0.0,,,0,0.0,77.402908,69725,0.3605,hold,,,0.0,,,0,0.0,120.699997,17248,0.1391,hold,,,0.0,,,0,0.0,74.191795,28690,0.1422,hold,,,0.0,,,0,0.0
2013-12-02,14871590,128,True,False,,145.847153,36684,0.3598,hold,,,0.0,,,0,0.0,77.177193,69725,0.3618,hold,,,0.0,,,0,0.0,117.580002,17248,0.1364,hold,,,0.0,,,0,0.0,73.614677,28690,0.142,hold,,,0.0,,,0,0.0
2013-12-03,14858389,128,False,False,,145.217026,36684,0.3585,hold,,,0.0,,,0,0.0,77.113998,69725,0.3619,hold,,,0.0,,,0,0.0,117.959999,17248,0.1369,hold,,,0.0,,,0,0.0,73.885399,28690,0.1427,hold,,,0.0,,,0,0.0
2013-12-04,14877090,128,False,False,,145.200821,36684,0.358,hold,,,0.0,,,0,0.0,77.186211,69725,0.3618,hold,,,0.0,,,0,0.0,119.959999,17248,0.1391,hold,,,0.0,,,0,0.0,73.180061,28690,0.1411,hold,,,0.0,,,0,0.0
2013-12-05,14812196,128,False,False,,144.562607,36684,0.358,hold,,,0.0,,,0,0.0,77.086922,69725,0.3629,hold,,,0.0,,,0,0.0,118.300003,17248,0.1378,hold,,,0.0,,,0,0.0,72.973473,28690,0.1413,hold,,,0.0,,,0,0.0
2013-12-06,14924826,128,False,False,,146.178345,36684,0.3593,hold,,,0.0,,,0,0.0,77.646706,69725,0.3627,hold,,,0.0,,,0,0.0,118.550003,17248,0.137,hold,,,0.0,,,0,0.0,73.322556,28690,0.1409,hold,,,0.0,,,0,0.0
2013-12-09,14985577,128,False,False,,146.549957,36684,0.3587,hold,,,0.0,,,0,0.0,77.9627,69725,0.3627,hold,,,0.0,,,0,0.0,119.720001,17248,0.1378,hold,,,0.0,,,0,0.0,73.493576,28690,0.1407,hold,,,0.0,,,0,0.0
2013-12-10,15013883,128,False,False,,146.024872,36684,0.3568,hold,,,0.0,,,0,0.0,77.908516,69725,0.3618,hold,,,0.0,,,0,0.0,121.82,17248,0.1399,hold,,,0.0,,,0,0.0,74.020767,28690,0.1414,hold,,,0.0,,,0,0.0
2013-12-11,14850934,128,False,False,,144.384888,36684,0.3567,hold,,,0.0,,,0,0.0,76.906334,69725,0.3611,hold,,,0.0,,,0,0.0,120.860001,17248,0.1404,hold,,,0.0,,,0,0.0,73.450783,28690,0.1419,hold,,,0.0,,,0,0.0
2013-12-12,14767297,128,False,False,,143.908188,36684,0.3575,hold,,,0.0,,,0,0.0,76.707695,69725,0.3622,hold,,,0.0,,,0,0.0,118.290001,17248,0.1382,hold,,,0.0,,,0,0.0,73.17292,28690,0.1422,hold,,,0.0,,,0,0.0
2013-12-13,14788801,128,False,False,,143.892029,36684,0.3569,hold,,,0.0,,,0,0.0,76.608376,69725,0.3612,hold,,,0.0,,,0,0.0,119.379997,17248,0.1392,hold,,,0.0,,,0,0.0,73.529182,28690,0.1426,hold,,,0.0,,,0,0.0
2013-12-16,14848864,128,False,False,,144.788757,36684,0.3577,hold,,,0.0,,,0,0.0,77.032738,69725,0.3617,hold,,,0.0,,,0,0.0,119.690002,17248,0.139,hold,,,0.0,,,0,0.0,73.258438,28690,0.1415,hold,,,0.0,,,0,0.0
2013-12-17,14812736,128,False,False,,144.328278,36684,0.3574,hold,,,0.0,,,0,0.0,76.879272,69725,0.3619,hold,,,0.0,,,0,0.0,118.650002,17248,0.1382,hold,,,0.0,,,0,0.0,73.586151,28690,0.1425,hold,,,0.0,,,0,0.0
2013-12-18,14936885,128,False,False,,146.792389,36684,0.3605,hold,,,0.0,,,0,0.0,77.773094,69725,0.363,hold,,,0.0,,,0,0.0,117.610001,17248,0.1358,hold,,,0.0,,,0,0.0,73.215714,28690,0.1406,hold,,,0.0,,,0,0.0
2013-12-19,14865389,128,False,False,,146.622757,36684,0.3618,hold,,,0.0,,,0,0.0,77.556404,69725,0.3638,hold,,,0.0,,,0,0.0,114.82,17248,0.1332,hold,,,0.0,,,0,0.0,73.144501,28690,0.1412,hold,,,0.0,,,0,0.0
2013-12-20,15003352,128,False,False,,147.47554,36684,0.3606,hold,,,0.0,,,0,0.0,78.346207,69725,0.3641,hold,,,0.0,,,0,0.0,115.940002,17248,0.1333,hold,,,0.0,,,0,0.0,74.270073,28690,0.142,hold,,,0.0,,,0,0.0
2013-12-23,15071285,128,False,False,,148.263458,36684,0.3609,hold,,,0.0,,,0,0.0,79.170448,69725,0.3663,hold,,,0.0,,,0,0.0,115.57,17248,0.1323,hold,,,0.0,,,0,0.0,73.849747,28690,0.1406,hold,,,0.0,,,0,0.0
2013-12-24,15077905,128,False,False,,148.588364,36684,0.3615,hold,,,0.0,,,0,0.0,79.206657,69725,0.3663,hold,,,0.0,,,0,0.0,116.099998,17248,0.1328,hold,,,0.0,,,0,0.0,73.258438,28690,0.1394,hold,,,0.0,,,0,0.0
2013-12-26,15126872,128,False,False,,149.343826,36684,0.3622,hold,,,0.0,,,0,0.0,79.46933,69725,0.3663,hold,,,0.0,,,0,0.0,116.739998,17248,0.1331,hold,,,0.0,,,0,0.0,72.976112,28690,0.1384,hold,,,0.0,,,0,0.0
2013-12-27,15113286,128,False,False,,149.335632,36684,0.3625,hold,,,0.0,,,0,0.0,79.270065,69725,0.3657,hold,,,0.0,,,0,0.0,117.120003,17248,0.1337,hold,,,0.0,,,0,0.0,72.768837,28690,0.1381,hold,,,0.0,,,0,0.0
2013-12-30,15088697,128,False,False,,149.311295,36684,0.363,hold,,,0.0,,,0,0.0,79.152313,69725,0.3658,hold,,,0.0,,,0,0.0,115.389999,17248,0.1319,hold,,,0.0,,,0,0.0,73.26915,28690,0.1393,hold,,,0.0,,,0,0.0
2013-12-31,15149883,128,False,False,,150.018005,36684,0.3633,hold,,,0.0,,,0,0.0,79.668594,69725,0.3667,hold,,,0.0,,,0,0.0,116.120003,17248,0.1322,hold,,,0.0,,,0,0.0,72.804581,28690,0.1379,hold,,,0.0,,,0,0.0
2014-01-02,15092351,128,True,False,,148.580307,36684,0.3611,hold,REDUCE_TO_TARGET,rebalance 2014-01-02,-168197.0,,,0,0.0,79.04364,69725,0.3652,hold,REDUCE_TO_TARGET,rebalance 2014-01-02,-228995.0,,,0,0.0,118.0,17248,0.1349,hold,INCREASE_TO_TARGET,rebalance 2014-01-02,228589.0,,,0,0.0,73.026192,28690,0.1388,hold,INCREASE_TO_TARGET,rebalance 2014-01-02,168731.0,,,0,0.0
2014-01-03,15075352,36,False,True,monthly,148.555923,35551,0.3503,hold,,,0.0,REDUCE_TO_TARGET,sell,1133,148.385596,78.473038,66820,0.3478,hold,,,0.0,REDUCE_TO_TARGET,sell,2905,78.806518,119.290001,19168,0.1517,hold,,,0.0,INCREASE_TO_TARGET,buy,1920,118.639999,73.026192,31001,0.1502,hold,,,0.0,INCREASE_TO_TARGET,buy,2311,72.768881
2014-01-06,15054231,36,False,False,,148.125427,35551,0.3498,hold,,,0.0,,,0,0.0,78.183167,66820,0.347,hold,,,0.0,,,0,0.0,119.5,19168,0.1522,hold,,,0.0,,,0,0.0,73.333504,31001,0.151,hold,,,0.0,,,0,0.0
2014-01-07,15127719,36,False,False,,149.035202,35551,0.3502,hold,,,0.0,,,0,0.0,78.907784,66820,0.3485,hold,,,0.0,,,0,0.0,118.82,19168,0.1506,hold,,,0.0,,,0,0.0,73.519325,31001,0.1507,hold,,,0.0,,,0,0.0
2014-01-08,15120749,36,False,False,,149.067642,35551,0.3505,hold,,,0.0,,,0,0.0,79.079849,66820,0.3495,hold,,,0.0,,,0,0.0,118.120003,19168,0.1497,hold,,,0.0,,,0,0.0,73.319221,31001,0.1503,hold,,,0.0,,,0,0.0
2014-01-09,15126474,36,False,False,,149.16507,35551,0.3506,hold,,,0.0,,,0,0.0,78.8172,66820,0.3482,hold,,,0.0,,,0,0.0,118.459999,19168,0.1501,hold,,,0.0,,,0,0.0,73.74807,31001,0.1511,hold,,,0.0,,,0,0.0
2014-01-10,15219616,36,False,False,,149.571243,35551,0.3494,hold,,,0.0,,,0,0.0,79.070793,66820,0.3472,hold,,,0.0,,,0,0.0,120.260002,19168,0.1515,hold,,,0.0,,,0,0.0,74.627213,31001,0.152,hold,,,0.0,,,0,0.0
2014-01-13,15096884,36,False,False,,147.581177,35551,0.3475,hold,,,0.0,,,0,0.0,77.902397,66820,0.3448,hold,,,0.0,,,0,0.0,121.019997,19168,0.1537,hold,,,0.0,,,0,0.0,74.998863,31001,0.154,hold,,,0.0,,,0,0.0
2014-01-14,15221020,36,False,False,,149.189438,35551,0.3485,hold,,,0.0,,,0,0.0,79.387817,66820,0.3485,hold,,,0.0,,,0,0.0,119.889999,19168,0.151,hold,,,0.0,,,0,0.0,74.655807,31001,0.1521,hold,,,0.0,,,0,0.0
2014-01-15,15286339,36,False,False,,149.993607,35551,0.3488,hold,,,0.0,,,0,0.0,80.039955,66820,0.3499,hold,,,0.0,,,0,0.0,119.660004,19168,0.15,hold,,,0.0,,,0,0.0,74.577164,31001,0.1512,hold,,,0.0,,,0,0.0
2014-01-16,15298013,36,False,False,,149.798615,35551,0.3481,hold,,,0.0,,,0,0.0,80.048988,66820,0.3496,hold,,,0.0,,,0,0.0,119.790001,19168,0.1501,hold,,,0.0,,,0,0.0,75.077499,31001,0.1521,hold,,,0.0,,,0,0.0
2014-01-17,15276832,36,False,False,,149.16507,35551,0.3471,hold,,,0.0,,,0,0.0,79.596138,66820,0.3481,hold,,,0.0,,,0,0.0,120.93,19168,0.1517,hold,,,0.0,,,0,0.0,75.392006,31001,0.153,hold,,,0.0,,,0,0.0
2014-01-21,15311170,36,False,False,,149.603745,35551,0.3474,hold,,,0.0,,,0,0.0,80.202972,66820,0.35,hold,,,0.0,,,0,0.0,119.699997,19168,0.1499,hold,,,0.0,,,0,0.0,75.449135,31001,0.1528,hold,,,0.0,,,0,0.0
2014-01-22,15313020,36,False,False,,149.701202,35551,0.3475,hold,,,0.0,,,0,0.0,80.411324,66820,0.3509,hold,,,0.0,,,0,0.0,119.190002,19168,0.1492,hold,,,0.0,,,0,0.0,75.263306,31001,0.1524,hold,,,0.0,,,0,0.0
2014-01-23,15334112,36,False,False,,148.47467,35551,0.3442,hold,,,0.0,,,0,0.0,80.139595,66820,0.3492,hold,,,0.0,,,0,0.0,121.790001,19168,0.1522,hold,,,0.0,,,0,0.0,76.328308,31001,0.1543,hold,,,0.0,,,0,0.0
2014-01-24,15141057,36,False,False,,145.306824,35551,0.3412,hold,,,0.0,,,0,0.0,78.563591,66820,0.3467,hold,,,0.0,,,0,0.0,122.290001,19168,0.1548,hold,,,0.0,,,0,0.0,76.82151,31001,0.1573,hold,,,0.0,,,0,0.0
2014-01-27,15022694,36,False,False,,144.59201,35551,0.3422,hold,,,0.0,,,0,0.0,77.802757,66820,0.3461,hold,,,0.0,,,0,0.0,120.959999,19168,0.1543,hold,,,0.0,,,0,0.0,76.285446,31001,0.1574,hold,,,0.0,,,0,0.0
2014-01-28,15055848,36,False,False,,145.453033,35551,0.3435,hold,,,0.0,,,0,0.0,77.7575,66820,0.3451,hold,,,0.0,,,0,0.0,120.949997,19168,0.154,hold,,,0.0,,,0,0.0,76.471252,31001,0.1575,hold,,,0.0,,,0,0.0
2014-01-29,14999136,36,False,False,,144.055969,35551,0.3414,hold,,,0.0,,,0,0.0,76.92421,66820,0.3427,hold,,,0.0,,,0,0.0,122.470001,19168,0.1565,hold,,,0.0,,,0,0.0,77.100266,31001,0.1594,hold,,,0.0,,,0,0.0
2014-01-30,15089817,36,False,False,,145.582977,35551,0.343,hold,,,0.0,,,0,0.0,78.346207,66820,0.3469,hold,,,0.0,,,0,0.0,119.769997,19168,0.1521,hold,,,0.0,,,0,0.0,76.878654,31001,0.1579,hold,,,0.0,,,0,0.0
2014-01-31,15067664,36,False,False,,144.730133,35551,0.3415,hold,,,0.0,,,0,0.0,78.137878,66820,0.3465,hold,,,0.0,,,0,0.0,120.089996,19168,0.1528,hold,,,0.0,,,0,0.0,77.393257,31001,0.1592,hold,,,0.0,,,0,0.0
2014-02-03,14884848,36,True,False,,141.4729,35551,0.3379,hold,,,0.0,,,0,0.0,76.344551,66820,0.3427,hold,,,0.0,,,0,0.0,121.32,19168,0.1562,hold,,,0.0,,,0,0.0,78.336311,31001,0.1632,hold,,,0.0,,,0,0.0
2014-02-04,14925502,36,False,False,,142.463852,35551,0.3393,hold,,,0.0,,,0,0.0,76.906075,66820,0.3443,hold,,,0.0,,,0,0.0,120.989998,19168,0.1554,hold,,,0.0,,,0,0.0,77.505028,31001,0.161,hold,,,0.0,,,0,0.0
2014-02-05,14889375,36,False,False,,142.285172,35551,0.3397,hold,,,0.0,,,0,0.0,76.706841,66820,0.3442,hold,,,0.0,,,0,0.0,121.290001,19168,0.1561,hold,,,0.0,,,0,0.0,76.788498,31001,0.1599,hold,,,0.0,,,0,0.0
2014-02-06,15010265,36,False,False,,144.16153,35551,0.3414,hold,,,0.0,,,0,0.0,77.68502,66820,0.3458,hold,,,0.0,,,0,0.0,121.239998,19168,0.1548,hold,,,0.0,,,0,0.0,76.458847,31001,0.1579,hold,,,0.0,,,0,0.0
2014-02-07,15186217,36,False,False,,145.948486,35551,0.3417,hold,,,0.0,,,0,0.0,79.070793,66820,0.3479,hold,,,0.0,,,0,0.0,122.169998,19168,0.1542,hold,,,0.0,,,0,0.0,76.523384,31001,0.1562,hold,,,0.0,,,0,0.0
2014-02-10,15247048,36,False,False,,146.216522,35551,0.3409,hold,,,0.0,,,0,0.0,79.523689,66820,0.3485,hold,,,0.0,,,0,0.0,122.919998,19168,0.1545,hold,,,0.0,,,0,0.0,76.738327,31001,0.156,hold,,,0.0,,,0,0.0
2014-02-11,15378286,36,False,False,,147.816727,35551,0.3417,hold,,,0.0,,,0,0.0,80.429405,66820,0.3495,hold,,,0.0,,,0,0.0,124.360001,19168,0.155,hold,,,0.0,,,0,0.0,76.294037,31001,0.1538,hold,,,0.0,,,0,0.0
2014-02-12,15380298,36,False,False,,147.889816,35551,0.3418,hold,,,0.0,,,0,0.0,80.583397,66820,0.3501,hold,,,0.0,,,0,0.0,124.43,19168,0.1551,hold,,,0.0,,,0,0.0,75.899933,31001,0.153,hold,,,0.0,,,0,0.0
2014-02-13,15481032,36,False,False,,148.653351,35551,0.3414,hold,,,0.0,,,0,0.0,81.18116,66820,0.3504,hold,,,0.0,,,0,0.0,125.489998,19168,0.1554,hold,,,0.0,,,0,0.0,76.329872,31001,0.1529,hold,,,0.0,,,0,0.0
2014-02-14,15554248,36,False,False,,149.473785,35551,0.3416,hold,,,0.0,,,0,0.0,81.344223,66820,0.3494,hold,,,0.0,,,0,0.0,127.150002,19168,0.1567,hold,,,0.0,,,0,0.0,76.37291,31001,0.1522,hold,,,0.0,,,0,0.0
2014-02-18,15597349,36,False,False,,149.652466,35551,0.3411,hold,,,0.0,,,0,0.0,81.742699,66820,0.3502,hold,,,0.0,,,0,0.0,127.400002,19168,0.1566,hold,,,0.0,,,0,0.0,76.544868,31001,0.1521,hold,,,0.0,,,0,0.0
2014-02-19,15492941,36,False,False,,148.661484,35551,0.3411,hold,,,0.0,,,0,0.0,81.18116,66820,0.3501,hold,,,0.0,,,0,0.0,126.269997,19168,0.1562,hold,,,0.0,,,0,0.0,76.222443,31001,0.1525,hold,,,0.0,,,0,0.0
2014-02-20,15569267,36,False,False,,149.538788,35551,0.3415,hold,,,0.0,,,0,0.0,81.561569,66820,0.35,hold,,,0.0,,,0,0.0,127.599998,19168,0.1571,hold,,,0.0,,,0,0.0,76.036125,31001,0.1514,hold,,,0.0,,,0,0.0
2014-02-21,15567996,36,False,False,,149.368149,35551,0.3411,hold,,,0.0,,,0,0.0,81.452919,66820,0.3496,hold,,,0.0,,,0,0.0,127.580002,19168,0.1571,hold,,,0.0,,,0,0.0,76.43737,31001,0.1522,hold,,,0.0,,,0,0.0
2014-02-24,15647530,36,False,False,,150.196686,35551,0.3412,hold,,,0.0,,,0,0.0,81.887665,66820,0.3497,hold,,,0.0,,,0,0.0,128.990005,19168,0.158,hold,,,0.0,,,0,0.0,76.243896,31001,0.1511,hold,,,0.0,,,0,0.0
2014-02-25,15664777,36,False,False,,150.139832,35551,0.3407,hold,,,0.0,,,0,0.0,81.797073,66820,0.3489,hold,,,0.0,,,0,0.0,129.210007,19168,0.1581,hold,,,0.0,,,0,0.0,76.924667,31001,0.1522,hold,,,0.0,,,0,0.0
2014-02-26,15651802,36,False,False,,150.14798,35551,0.341,hold,,,0.0,,,0,0.0,81.724609,66820,0.3489,hold,,,0.0,,,0,0.0,128.110001,19168,0.1569,hold,,,0.0,,,0,0.0,77.333122,31001,0.1532,hold,,,0.0,,,0,0.0
2014-02-27,15730071,36,False,False,,150.935822,35551,0.3411,hold,,,0.0,,,0,0.0,82.254845,66820,0.3494,hold,,,0.0,,,0,0.0,128.199997,19168,0.1562,hold,,,0.0,,,0,0.0,77.755829,31001,0.1532,hold,,,0.0,,,0,0.0
2014-02-28,15727784,36,False,False,,151.317612,35551,0.342,hold,,,0.0,,,0,0.0,82.163902,66820,0.3491,hold,,,0.0,,,0,0.0,127.620003,19168,0.1555,hold,,,0.0,,,0,0.0,77.798866,31001,0.1533,hold,,,0.0,,,0,0.0
2014-03-03,15716519,36,True,False,,150.253586,35551,0.3399,hold,,,0.0,,,0,0.0,81.554543,66820,0.3467,hold,,,0.0,,,0,0.0,130.289993,19168,0.1589,hold,,,0.0,,,0,0.0,78.318237,31001,0.1545,hold,,,0.0,,,0,0.0
2014-03-04,15793497,36,False,False,,152.365433,35551,0.343,hold,,,0.0,,,0,0.0,82.59137,66820,0.3494,hold,,,0.0,,,0,0.0,128.679993,19168,0.1562,hold,,,0.0,,,0,0.0,77.140221,31001,0.1514,hold,,,0.0,,,0,0.0
2014-03-05,15822747,36,False,False,,152.503571,35551,0.3426,hold,,,0.0,,,0,0.0,82.818748,66820,0.3497,hold,,,0.0,,,0,0.0,128.889999,19168,0.1561,hold,,,0.0,,,0,0.0,77.305382,31001,0.1515,hold,,,0.0,,,0,0.0
2014-03-06,15831230,36,False,False,,152.852798,35551,0.3433,hold,,,0.0,,,0,0.0,82.745995,66820,0.3493,hold,,,0.0,,,0,0.0,130.169998,19168,0.1576,hold,,,0.0,,,0,0.0,76.543922,31001,0.1499,hold,,,0.0,,,0,0.0
2014-03-07,15770567,36,False,False,,152.91774,35551,0.3447,hold,,,0.0,,,0,0.0,82.33667,66820,0.3489,hold,,,0.0,,,0,0.0,129.089996,19168,0.1569,hold,,,0.0,,,0,0.0,76.06266,31001,0.1495,hold,,,0.0,,,0,0.0
2014-03-10,15776652,36,False,False,,152.836533,35551,0.3444,hold,,,0.0,,,0,0.0,82.409462,66820,0.349,hold,,,0.0,,,0,0.0,129.130005,19168,0.1569,hold,,,0.0,,,0,0.0,76.170433,31001,0.1497,hold,,,0.0,,,0,0.0
2014-03-11,15746324,36,False,False,,152.081161,35551,0.3434,hold,,,0.0,,,0,0.0,82.054764,66820,0.3482,hold,,,0.0,,,0,0.0,129.860001,19168,0.1581,hold,,,0.0,,,0,0.0,76.371559,31001,0.1504,hold,,,0.0,,,0,0.0
2014-03-12,15821325,36,False,False,,152.121735,35551,0.3418,hold,,,0.0,,,0,0.0,82.363976,66820,0.3479,hold,,,0.0,,,0,0.0,131.759995,19168,0.1596,hold,,,0.0,,,0,0.0,76.903069,31001,0.1507,hold,,,0.0,,,0,0.0
2014-03-13,15723592,36,False,False,,150.416031,35551,0.3401,hold,,,0.0,,,0,0.0,81.199837,66820,0.3451,hold,,,0.0,,,0,0.0,132.210007,19168,0.1612,hold,,,0.0,,,0,0.0,77.937515,31001,0.1537,hold,,,0.0,,,0,0.0
2014-03-14,15689009,36,False,False,,149.993607,35551,0.3399,hold,,,0.0,,,0,0.0,80.645058,66820,0.3435,hold,,,0.0,,,0,0.0,133.100006,19168,0.1626,hold,,,0.0,,,0,0.0,77.951866,31001,0.154,hold,,,0.0,,,0,0.0
2014-03-17,15738611,36,False,False,,151.350098,35551,0.3419,hold,,,0.0,,,0,0.0,81.354424,66820,0.3454,hold,,,0.0,,,0,0.0,131.639999,19168,0.1603,hold,,,0.0,,,0,0.0,77.370049,31001,0.1524,hold,,,0.0,,,0,0.0
2014-03-18,15831786,36,False,False,,152.430466,35551,0.3423,hold,,,0.0,,,0,0.0,82.33667,66820,0.3475,hold,,,0.0,,,0,0.0,130.619995,19168,0.1581,hold,,,0.0,,,0,0.0,77.650185,31001,0.1521,hold,,,0.0,,,0,0.0
2014-03-19,15705929,36,False,False,,151.618149,35551,0.3432,hold,,,0.0,,,0,0.0,81.891037,66820,0.3484,hold,,,0.0,,,0,0.0,128.089996,19168,0.1563,hold,,,0.0,,,0,0.0,77.046799,31001,0.1521,hold,,,0.0,,,0,0.0
2014-03-20,15743959,36,False,False,,152.503571,35551,0.3444,hold,,,0.0,,,0,0.0,82.118408,66820,0.3485,hold,,,0.0,,,0,0.0,127.860001,19168,0.1557,hold,,,0.0,,,0,0.0,76.910286,31001,0.1514,hold,,,0.0,,,0,0.0
2014-03-21,15694429,36,False,False,,151.912033,35551,0.3441,hold,,,0.0,,,0,0.0,81.13028,66820,0.3454,hold,,,0.0,,,0,0.0,128.470001,19168,0.1569,hold,,,0.0,,,0,0.0,77.743591,31001,0.1536,hold,,,0.0,,,0,0.0
2014-03-24,15597835,36,False,False,,151.283859,35551,0.3448,hold,,,0.0,,,0,0.0,80.41925,66820,0.3445,hold,,,0.0,,,0,0.0,126.18,19168,0.1551,hold,,,0.0,,,0,0.0,78.296631,31001,0.1556,hold,,,0.0,,,0,0.0
2014-03-25,15636301,36,False,False,,152.00177,35551,0.3456,hold,,,0.0,,,0,0.0,80.683594,66820,0.3448,hold,,,0.0,,,0,0.0,126.410004,19168,0.155,hold,,,0.0,,,0,0.0,78.002174,31001,0.1546,hold,,,0.0,,,0,0.0
2014-03-26,15527758,36,False,False,,150.908524,35551,0.3455,hold,,,0.0,,,0,0.0,79.644432,66820,0.3427,hold,,,0.0,,,0,0.0,125.410004,19168,0.1548,hold,,,0.0,,,0,0.0,78.612709,31001,0.1569,hold,,,0.0,,,0,0.0
2014-03-27,15483129,36,False,False,,150.590332,35551,0.3458,hold,,,0.0,,,0,0.0,79.197754,66820,0.3418,hold,,,0.0,,,0,0.0,124.589996,19168,0.1542,hold,,,0.0,,,0,0.0,79.007782,31001,0.1582,hold,,,0.0,,,0,0.0
2014-03-28,15505498,36,False,False,,151.332809,35551,0.347,hold,,,0.0,,,0,0.0,79.35273,66820,0.342,hold,,,0.0,,,0,0.0,124.559998,19168,0.154,hold,,,0.0,,,0,0.0,78.562424,31001,0.1571,hold,,,0.0,,,0,0.0
2014-03-31,15563127,36,False,False,,152.572906,35551,0.3485,hold,,,0.0,,,0,0.0,79.91787,66820,0.3431,hold,,,0.0,,,0,0.0,123.610001,19168,0.1522,hold,,,0.0,,,0,0.0,78.368538,31001,0.1561,hold,,,0.0,,,0,0.0
2014-04-01,15667915,36,True,False,,153.584503,35551,0.3485,hold,,,0.0,,,0,0.0,81.321724,66820,0.3468,hold,,,0.0,,,0,0.0,123.389999,19168,0.151,hold,,,0.0,,,0,0.0,77.698738,31001,0.1537,hold,,,0.0,,,0,0.0
2014-04-02,15704181,36,False,False,,154.098541,35551,0.3488,hold,,,0.0,,,0,0.0,81.531357,66820,0.3469,hold,,,0.0,,,0,0.0,124.32,19168,0.1517,hold,,,0.0,,,0,0.0,77.252235,31001,0.1525,hold,,,0.0,,,0,0.0
2014-04-03,15656511,36,False,False,,153.894562,35551,0.3494,hold,,,0.0,,,0,0.0,80.884163,66820,0.3452,hold,,,0.0,,,0,0.0,123.919998,19168,0.1517,hold,,,0.0,,,0,0.0,77.590736,31001,0.1536,hold,,,0.0,,,0,0.0
2014-04-04,15495781,36,False,False,,152.07518,35551,0.3489,hold,,,0.0,,,0,0.0,78.732849,66820,0.3395,hold,,,0.0,,,0,0.0,125.57,19168,0.1553,hold,,,0.0,,,0,0.0,78.109245,31001,0.1563,hold,,,0.0,,,0,0.0
2014-04-07,15387945,36,False,False,,150.394547,35551,0.3475,hold,,,0.0,,,0,0.0,77.985336,66820,0.3386,hold,,,0.0,,,0,0.0,124.910004,19168,0.1556,hold,,,0.0,,,0,0.0,78.577354,31001,0.1583,hold,,,0.0,,,0,0.0
2014-04-08,15486531,36,False,False,,151.014587,35551,0.3467,hold,,,0.0,,,0,0.0,78.70549,66820,0.3396,hold,,,0.0,,,0,0.0,126.089996,19168,0.1561,hold,,,0.0,,,0,0.0,78.764603,31001,0.1577,hold,,,0.0,,,0,0.0
2014-04-09,15626752,36,False,False,,152.638107,35551,0.3473,hold,,,0.0,,,0,0.0,80.054642,66820,0.3423,hold,,,0.0,,,0,0.0,126.32,19168,0.1549,hold,,,0.0,,,0,0.0,78.375702,31001,0.1555,hold,,,0.0,,,0,0.0
2014-04-10,15382861,36,False,False,,149.431808,35551,0.3453,hold,,,0.0,,,0,0.0,77.57515,66820,0.337,hold,,,0.0,,,0,0.0,127.010002,19168,0.1583,hold,,,0.0,,,0,0.0,79.103111,31001,0.1594,hold,,,0.0,,,0,0.0
2014-04-11,15293036,36,False,False,,148.085678,35551,0.3442,hold,,,0.0,,,0,0.0,76.672653,66820,0.335,hold,,,0.0,,,0,0.0,126.93,19168,0.1591,hold,,,0.0,,,0,0.0,79.744026,31001,0.1617,hold,,,0.0,,,0,0.0
2014-04-14,15385873,36,False,False,,149.252319,35551,0.3449,hold,,,0.0,,,0,0.0,77.2743,66820,0.3356,hold,,,0.0,,,0,0.0,127.849998,19168,0.1593,hold,,,0.0,,,0,0.0,79.535187,31001,0.1603,hold,,,0.0,,,0,0.0
2014-04-15,15409645,36,False,False,,150.28035,35551,0.3467,hold,,,0.0,,,0,0.0,77.529556,66820,0.3362,hold,,,0.0,,,0,0.0,125.489998,19168,0.1561,hold,,,0.0,,,0,0.0,80.032097,31001,0.161,hold,,,0.0,,,0,0.0
2014-04-16,15538535,36,False,False,,151.854889,35551,0.3474,hold,,,0.0,,,0,0.0,78.559631,66820,0.3378,hold,,,0.0,,,0,0.0,125.540001,19168,0.1549,hold,,,0.0,,,0,0.0,80.132896,31001,0.1599,hold,,,0.0,,,0,0.0
2014-04-17,15504918,36,False,False,,152.067093,35551,0.3487,hold,,,0.0,,,0,0.0,78.577873,66820,0.3386,hold,,,0.0,,,0,0.0,124.75,19168,0.1542,hold,,,0.0,,,0,0.0,79.254303,31001,0.1585,hold,,,0.0,,,0,0.0
2014-04-21,15550967,36,False,False,,152.597351,35551,0.3489,hold,,,0.0,,,0,0.0,79.16127,66820,0.3401,hold,,,0.0,,,0,0.0,124.239998,19168,0.1531,hold,,,0.0,,,0,0.0,79.189491,31001,0.1579,hold,,,0.0,,,0,0.0
2014-04-22,15617093,36,False,False,,153.290817,35551,0.349,hold,,,0.0,,,0,0.0,79.790268,66820,0.3414,hold,,,0.0,,,0,0.0,123.779999,19168,0.1519,hold,,,0.0,,,0,0.0,79.455963,31001,0.1577,hold,,,0.0,,,0,0.0
2014-04-23,15571112,36,False,False,,152.931854,35551,0.3492,hold,,,0.0,,,0,0.0,79.088364,66820,0.3394,hold,,,0.0,,,0,0.0,123.760002,19168,0.1523,hold,,,0.0,,,0,0.0,79.909653,31001,0.1591,hold,,,0.0,,,0,0.0
2014-04-24,15652710,36,False,False,,153.241852,35551,0.348,hold,,,0.0,,,0,0.0,79.844948,66820,0.3409,hold,,,0.0,,,0,0.0,124.559998,19168,0.1525,hold,,,0.0,,,0,0.0,80.060883,31001,0.1586,hold,,,0.0,,,0,0.0
2014-04-25,15543016,36,False,False,,151.985458,35551,0.3476,hold,,,0.0,,,0,0.0,78.568741,66820,0.3378,hold,,,0.0,,,0,0.0,125.43,19168,0.1547,hold,,,0.0,,,0,0.0,80.176086,31001,0.1599,hold,,,0.0,,,0,0.0
2014-04-28,15554586,36,False,False,,152.466812,35551,0.3485,hold,,,0.0,,,0,0.0,78.823982,66820,0.3386,hold,,,0.0,,,0,0.0,124.879997,19168,0.1539,hold,,,0.0,,,0,0.0,79.787209,31001,0.159,hold,,,0.0,,,0,0.0
2014-04-29,15618117,36,False,False,,153.17662,35551,0.3487,hold,,,0.0,,,0,0.0,79.452972,66820,0.3399,hold,,,0.0,,,0,0.0,124.860001,19168,0.1532,hold,,,0.0,,,0,0.0,79.679184,31001,0.1582,hold,,,0.0,,,0,0.0
2014-04-30,15646374,36,False,False,,153.633484,35551,0.3491,hold,,,0.0,,,0,0.0,79.662659,66820,0.3402,hold,,,0.0,,,0,0.0,124.220001,19168,0.1522,hold,,,0.0,,,0,0.0,80.010513,31001,0.1585,hold,,,0.0,,,0,0.0
2014-05-01,15681347,36,True,False,,153.649796,35551,0.3483,hold,,,0.0,,,0,0.0,79.899628,66820,0.3405,hold,,,0.0,,,0,0.0,123.800003,19168,0.1513,hold,,,0.0,,,0,0.0,80.868858,31001,0.1599,hold,,,0.0,,,0,0.0
2014-05-02,15703362,36,False,False,,153.429474,35551,0.3474,hold,,,0.0,,,0,0.0,79.753807,66820,0.3394,hold,,,0.0,,,0,0.0,125.059998,19168,0.1527,hold,,,0.0,,,0,0.0,81.366898,31001,0.1606,hold,,,0.0,,,0,0.0
2014-05-05,15748843,36,False,False,,153.723236,35551,0.347,hold,,,0.0,,,0,0.0,80.173126,66820,0.3402,hold,,,0.0,,,0,0.0,126.220001,19168,0.1536,hold,,,0.0,,,0,0.0,80.876053,31001,0.1592,hold,,,0.0,,,0,0.0
2014-05-06,15637306,36,False,False,,152.385223,35551,0.3464,hold,,,0.0,,,0,0.0,79.133926,66820,0.3381,hold,,,0.0,,,0,0.0,125.980003,19168,0.1544,hold,,,0.0,,,0,0.0,81.200905,31001,0.161,hold,,,0.0,,,0,0.0
2014-05-07,15610340,36,False,False,,153.28273,35551,0.3491,hold,,,0.0,,,0,0.0,78.906013,66820,0.3378,hold,,,0.0,,,0,0.0,124.169998,19168,0.1525,hold,,,0.0,,,0,0.0,80.912178,31001,0.1607,hold,,,0.0,,,0,0.0
2014-05-08,15588920,36,False,False,,153.119476,35551,0.3492,hold,,,0.0,,,0,0.0,78.833115,66820,0.3379,hold,,,0.0,,,0,0.0,124.169998,19168,0.1527,hold,,,0.0,,,0,0.0,80.565598,31001,0.1602,hold,,,0.0,,,0,0.0
2014-05-09,15607134,36,False,False,,153.3479,35551,0.3493,hold,,,0.0,,,0,0.0,79.124809,66820,0.3388,hold,,,0.0,,,0,0.0,124.099998,19168,0.1524,hold,,,0.0,,,0,0.0,80.305725,31001,0.1595,hold,,,0.0,,,0,0.0
2014-05-12,15753349,36,False,False,,154.840988,35551,0.3494,hold,,,0.0,,,0,0.0,80.42836,66820,0.3411,hold,,,0.0,,,0,0.0,124.940002,19168,0.152,hold,,,0.0,,,0,0.0,79.980881,31001,0.1574,hold,,,0.0,,,0,0.0
2014-05-13,15776902,36,False,False,,154.979675,35551,0.3492,hold,,,0.0,,,0,0.0,80.483047,66820,0.3409,hold,,,0.0,,,0,0.0,124.599998,19168,0.1514,hold,,,0.0,,,0,0.0,80.673958,31001,0.1585,hold,,,0.0,,,0,0.0
2014-05-14,15773049,36,False,False,,154.245316,35551,0.3477,hold,,,0.0,,,0,0.0,80.063751,66820,0.3392,hold,,,0.0,,,0,0.0,125.809998,19168,0.1529,hold,,,0.0,,,0,0.0,81.547401,31001,0.1603,hold,,,0.0,,,0,0.0
2014-05-15,15683079,36,False,False,,152.891022,35551,0.3466,hold,,,0.0,,,0,0.0,79.434738,66820,0.3384,hold,,,0.0,,,0,0.0,124.769997,19168,0.1525,hold,,,0.0,,,0,0.0,82.197136,31001,0.1625,hold,,,0.0,,,0,0.0
2014-05-16,15724316,36,False,False,,153.421341,35551,0.3469,hold,,,0.0,,,0,0.0,79.95433,66820,0.3398,hold,,,0.0,,,0,0.0,124.5,19168,0.1518,hold,,,0.0,,,0,0.0,81.966156,31001,0.1616,hold,,,0.0,,,0,0.0
2014-05-19,15764222,36,False,False,,153.984283,35551,0.3473,hold,,,0.0,,,0,0.0,80.510437,66820,0.3413,hold,,,0.0,,,0,0.0,124.580002,19168,0.1515,hold,,,0.0,,,0,0.0,81.359734,31001,0.16,hold,,,0.0,,,0,0.0
2014-05-20,15717915,36,False,False,,153.013443,35551,0.3461,hold,,,0.0,,,0,0.0,80.218689,66820,0.341,hold,,,0.0,,,0,0.0,124.690002,19168,0.1521,hold,,,0.0,,,0,0.0,81.540169,31001,0.1608,hold,,,0.0,,,0,0.0
2014-05-21,15793715,36,False,False,,154.30246,35551,0.3473,hold,,,0.0,,,0,0.0,80.984406,66820,0.3426,hold,,,0.0,,,0,0.0,124.389999,19168,0.151,hold,,,0.0,,,0,0.0,81.042091,31001,0.1591,hold,,,0.0,,,0,0.0
2014-05-22,15832599,36,False,False,,154.677719,35551,0.3473,hold,,,0.0,,,0,0.0,81.339951,66820,0.3433,hold,,,0.0,,,0,0.0,124.669998,19168,0.1509,hold,,,0.0,,,0,0.0,80.926575,31001,0.1585,hold,,,0.0,,,0,0.0
2014-05-23,15904597,36,False,False,,155.297806,35551,0.3471,hold,,,0.0,,,0,0.0,81.932465,66820,0.3442,hold,,,0.0,,,0,0.0,124.510002,19168,0.1501,hold,,,0.0,,,0,0.0,81.359734,31001,0.1586,hold,,,0.0,,,0,0.0
2014-05-27,15970538,36,False,False,,156.252396,35551,0.3478,hold,,,0.0,,,0,0.0,82.95343,66820,0.3471,hold,,,0.0,,,0,0.0,121.849998,19168,0.1462,hold,,,0.0,,,0,0.0,81.836189,31001,0.1589,hold,,,0.0,,,0,0.0
2014-05-28,15968295,36,False,False,,156.138168,35551,0.3476,hold,,,0.0,,,0,0.0,82.698196,66820,0.3461,hold,,,0.0,,,0,0.0,121.199997,19168,0.1455,hold,,,0.0,,,0,0.0,82.846848,31001,0.1608,hold,,,0.0,,,0,0.0
2014-05-29,16013704,36,False,False,,156.945862,35551,0.3484,hold,,,0.0,,,0,0.0,83.226906,66820,0.3473,hold,,,0.0,,,0,0.0,120.940002,19168,0.1448,hold,,,0.0,,,0,0.0,82.406548,31001,0.1595,hold,,,0.0,,,0,0.0
2014-05-30,16012406,36,False,False,,157.198746,35551,0.349,hold,,,0.0,,,0,0.0,83.236008,66820,0.3473,hold,,,0.0,,,0,0.0,120.43,19168,0.1442,hold,,,0.0,,,0,0.0,82.370407,31001,0.1595,hold,,,0.0,,,0,0.0
2014-06-02,15980331,36,True,False,,157.378265,35551,0.3501,hold,,,0.0,,,0,0.0,83.153969,66820,0.3477,hold,,,0.0,,,0,0.0,119.699997,19168,0.1436,hold,,,0.0,,,0,0.0,81.758087,31001,0.1586,hold,,,0.0,,,0,0.0
2014-06-03,15949749,36,False,False,,157.296677,35551,0.3506,hold,,,0.0,,,0,0.0,83.1175,66820,0.3482,hold,,,0.0,,,0,0.0,120.010002,19168,0.1442,hold,,,0.0,,,0,0.0,80.752068,31001,0.157,hold,,,0.0,,,0,0.0
2014-06-04,15976304,36,False,False,,157.614822,35551,0.3507,hold,,,0.0,,,0,0.0,83.427452,66820,0.3489,hold,,,0.0,,,0,0.0,119.760002,19168,0.1437,hold,,,0.0,,,0,0.0,80.730316,31001,0.1567,hold,,,0.0,,,0,0.0
2014-06-05,16078126,36,False,False,,158.642853,35551,0.3508,hold,,,0.0,,,0,0.0,84.129364,66820,0.3496,hold,,,0.0,,,0,0.0,120.660004,19168,0.1438,hold,,,0.0,,,0,0.0,80.766518,31001,0.1557,hold,,,0.0,,,0,0.0
2014-06-06,16136424,36,False,False,,159.401581,35551,0.3512,hold,,,0.0,,,0,0.0,84.612495,66820,0.3504,hold,,,0.0,,,0,0.0,120.610001,19168,0.1433,hold,,,0.0,,,0,0.0,80.766518,31001,0.1552,hold,,,0.0,,,0,0.0
2014-06-09,16135136,36,False,False,,159.564713,35551,0.3516,hold,,,0.0,,,0,0.0,84.548691,66820,0.3501,hold,,,0.0,,,0,0.0,120.650002,19168,0.1433,hold,,,0.0,,,0,0.0,80.650673,31001,0.155,hold,,,0.0,,,0,0.0
2014-06-10,16150450,36,False,False,,159.581039,35551,0.3513,hold,,,0.0,,,0,0.0,84.69455,66820,0.3504,hold,,,0.0,,,0,0.0,121.389999,19168,0.1441,hold,,,0.0,,,0,0.0,80.354004,31001,0.1542,hold,,,0.0,,,0,0.0
2014-06-11,16134378,36,False,False,,159.026276,35551,0.3504,hold,,,0.0,,,0,0.0,84.676292,66820,0.3507,hold,,,0.0,,,0,0.0,121.410004,19168,0.1442,hold,,,0.0,,,0,0.0,80.498741,31001,0.1547,hold,,,0.0,,,0,0.0
2014-06-12,16088974,36,False,False,,157.900345,35551,0.3489,hold,,,0.0,,,0,0.0,83.910568,66820,0.3485,hold,,,0.0,,,0,0.0,122.639999,19168,0.1461,hold,,,0.0,,,0,0.0,81.215263,31001,0.1565,hold,,,0.0,,,0,0.0
2014-06-13,16127324,36,False,False,,158.381775,35551,0.3491,hold,,,0.0,,,0,0.0,84.156715,66820,0.3487,hold,,,0.0,,,0,0.0,122.959999,19168,0.1461,hold,,,0.0,,,0,0.0,81.171822,31001,0.156,hold,,,0.0,,,0,0.0
2014-06-16,16132770,36,False,False,,158.512314,35551,0.3493,hold,,,0.0,,,0,0.0,84.229637,66820,0.3489,hold,,,0.0,,,0,0.0,122.419998,19168,0.1455,hold,,,0.0,,,0,0.0,81.374519,31001,0.1564,hold,,,0.0,,,0,0.0
2014-06-17,16128820,36,False,False,,158.952774,35551,0.3504,hold,,,0.0,,,0,0.0,84.275215,66820,0.3491,hold,,,0.0,,,0,0.0,122.279999,19168,0.1453,hold,,,0.0,,,0,0.0,80.730316,31001,0.1552,hold,,,0.0,,,0,0.0
2014-06-18,16228742,36,False,False,,160.119492,35551,0.3508,hold,,,0.0,,,0,0.0,84.749199,66820,0.3489,hold,,,0.0,,,0,0.0,122.669998,19168,0.1449,hold,,,0.0,,,0,0.0,81.352791,31001,0.1554,hold,,,0.0,,,0,0.0
2014-06-19,16281010,36,False,False,,160.299011,35551,0.35,hold,,,0.0,,,0,0.0,84.69455,66820,0.3476,hold,,,0.0,,,0,0.0,126.940002,19168,0.1494,hold,,,0.0,,,0,0.0,80.310562,31001,0.1529,hold,,,0.0,,,0,0.0
2014-06-20,16309649,36,False,False,,160.624466,35551,0.3501,hold,,,0.0,,,0,0.0,84.794151,66820,0.3474,hold,,,0.0,,,0,0.0,126.5,19168,0.1487,hold,,,0.0,,,0,0.0,80.918503,31001,0.1538,hold,,,0.0,,,0,0.0
2014-06-23,16307979,36,False,False,,160.575287,35551,0.3501,hold,,,0.0,,,0,0.0,84.812462,66820,0.3475,hold,,,0.0,,,0,0.0,126.849998,19168,0.1491,hold,,,0.0,,,0,0.0,80.665161,31001,0.1533,hold,,,0.0,,,0,0.0
2014-06-24,16295941,36,False,False,,159.607956,35551,0.3482,hold,,,0.0,,,0,0.0,84.730209,66820,0.3474,hold,,,0.0,,,0,0.0,126.980003,19168,0.1494,hold,,,0.0,,,0,0.0,81.483078,31001,0.155,hold,,,0.0,,,0,0.0
2014-06-25,16364318,36,False,False,,160.329346,35551,0.3483,hold,,,0.0,,,0,0.0,85.269463,66820,0.3482,hold,,,0.0,,,0,0.0,126.989998,19168,0.1487,hold,,,0.0,,,0,0.0,81.692955,31001,0.1548,hold,,,0.0,,,0,0.0
2014-06-26,16370426,36,False,False,,160.214584,35551,0.3479,hold,,,0.0,,,0,0.0,85.315178,66820,0.3482,hold,,,0.0,,,0,0.0,126.730003,19168,0.1484,hold,,,0.0,,,0,0.0,82.083809,31001,0.1554,hold,,,0.0,,,0,0.0
2014-06-27,16401383,36,False,False,,160.526108,35551,0.348,hold,,,0.0,,,0,0.0,85.689903,66820,0.3491,hold,,,0.0,,,0,0.0,126.660004,19168,0.148,hold,,,0.0,,,0,0.0,81.960732,31001,0.1549,hold,,,0.0,,,0,0.0
2014-06-30,16440975,36,False,False,,160.444092,35551,0.3469,hold,,,0.0,,,0,0.0,85.836166,66820,0.3489,hold,,,0.0,,,0,0.0,128.039993,19168,0.1493,hold,,,0.0,,,0,0.0,82.163406,31001,0.1549,hold,,,0.0,,,0,0.0
2014-07-01,16514218,36,True,False,,161.518005,35551,0.3477,hold,,,0.0,,,0,0.0,86.777611,66820,0.3511,hold,,,0.0,,,0,0.0,127.699997,19168,0.1482,hold,,,0.0,,,0,0.0,81.475479,31001,0.1529,hold,,,0.0,,,0,0.0
2014-07-02,16502822,36,False,False,,161.6819,35551,0.3483,hold,,,0.0,,,0,0.0,86.923843,66820,0.352,hold,,,0.0,,,0,0.0,127.699997,19168,0.1483,hold,,,0.0,,,0,0.0,80.604736,31001,0.1514,hold,,,0.0,,,0,0.0
2014-07-03,16548389,36,False,False,,162.477158,35551,0.3491,hold,,,0.0,,,0,0.0,87.47226,66820,0.3532,hold,,,0.0,,,0,0.0,127.160004,19168,0.1473,hold,,,0.0,,,0,0.0,80.31443,31001,0.1505,hold,,,0.0,,,0,0.0
2014-07-07,16526106,36,False,False,,161.911484,35551,0.3483,hold,,,0.0,,,0,0.0,87.207184,66820,0.3526,hold,,,0.0,,,0,0.0,127.019997,19168,0.1473,hold,,,0.0,,,0,0.0,80.902252,31001,0.1518,hold,,,0.0,,,0,0.0
2014-07-08,16447937,36,False,False,,160.870438,35551,0.3477,hold,,,0.0,,,0,0.0,86.156052,66820,0.35,hold,,,0.0,,,0,0.0,127.07,19168,0.1481,hold,,,0.0,,,0,0.0,81.809319,31001,0.1542,hold,,,0.0,,,0,0.0
2014-07-09,16533119,36,False,False,,161.591766,35551,0.3475,hold,,,0.0,,,0,0.0,86.795898,66820,0.3508,hold,,,0.0,,,0,0.0,127.839996,19168,0.1482,hold,,,0.0,,,0,0.0,81.874603,31001,0.1535,hold,,,0.0,,,0,0.0
2014-07-10,16506156,36,False,False,,160.952393,35551,0.3467,hold,,,0.0,,,0,0.0,86.521667,66820,0.3503,hold,,,0.0,,,0,0.0,128.539993,19168,0.1493,hold,,,0.0,,,0,0.0,81.896332,31001,0.1538,hold,,,0.0,,,0,0.0
2014-07-11,16572080,36,False,False,,161.173737,35551,0.3458,hold,,,0.0,,,0,0.0,87.079239,66820,0.3511,hold,,,0.0,,,0,0.0,128.779999,19168,0.149,hold,,,0.0,,,0,0.0,82.418831,31001,0.1542,hold,,,0.0,,,0,0.0
2014-07-14,16566064,36,False,False,,161.98526,35551,0.3476,hold,,,0.0,,,0,0.0,87.60022,66820,0.3533,hold,,,0.0,,,0,0.0,125.720001,19168,0.1455,hold,,,0.0,,,0,0.0,82.063225,31001,0.1536,hold,,,0.0,,,0,0.0
2014-07-15,16507141,36,False,False,,161.6819,35551,0.3482,hold,,,0.0,,,0,0.0,87.298592,66820,0.3534,hold,,,0.0,,,0,0.0,124.529999,19168,0.1446,hold,,,0.0,,,0,0.0,81.896332,31001,0.1538,hold,,,0.0,,,0,0.0
2014-07-16,16573557,36,False,False,,162.28035,35551,0.3481,hold,,,0.0,,,0,0.0,87.645912,66820,0.3534,hold,,,0.0,,,0,0.0,124.970001,19168,0.1445,hold,,,0.0,,,0,0.0,82.331779,31001,0.154,hold,,,0.0,,,0,0.0
2014-07-17,16503230,36,False,False,,160.436005,35551,0.3456,hold,,,0.0,,,0,0.0,86.485138,66820,0.3502,hold,,,0.0,,,0,0.0,127.089996,19168,0.1476,hold,,,0.0,,,0,0.0,83.3694,31001,0.1566,hold,,,0.0,,,0,0.0
2014-07-18,16626401,36,False,False,,162.075455,35551,0.3466,hold,,,0.0,,,0,0.0,87.85614,66820,0.3531,hold,,,0.0,,,0,0.0,126.129997,19168,0.1454,hold,,,0.0,,,0,0.0,83.100952,31001,0.1549,hold,,,0.0,,,0,0.0
2014-07-21,16625137,36,False,False,,161.772171,35551,0.3459,hold,,,0.0,,,0,0.0,87.74646,66820,0.3527,hold,,,0.0,,,0,0.0,126.339996,19168,0.1457,hold,,,0.0,,,0,0.0,83.514565,31001,0.1557,hold,,,0.0,,,0,0.0
2014-07-22,16681356,36,False,False,,162.477158,35551,0.3463,hold,,,0.0,,,0,0.0,88.304024,66820,0.3537,hold,,,0.0,,,0,0.0,125.739998,19168,0.1445,hold,,,0.0,,,0,0.0,83.688744,31001,0.1555,hold,,,0.0,,,0,0.0
2014-07-23,16726369,36,False,False,,162.837814,35551,0.3461,hold,,,0.0,,,0,0.0,88.87072,66820,0.355,hold,,,0.0,,,0,0.0,125.620003,19168,0.144,hold,,,0.0,,,0,0.0,83.579887,31001,0.1549,hold,,,0.0,,,0,0.0
2014-07-24,16676251,36,False,False,,162.846008,35551,0.3472,hold,,,0.0,,,0,0.0,88.77018,66820,0.3557,hold,,,0.0,,,0,0.0,124.349998,19168,0.1429,hold,,,0.0,,,0,0.0,82.955788,31001,0.1542,hold,,,0.0,,,0,0.0
2014-07-25,16683911,36,False,False,,162.083649,35551,0.3454,hold,,,0.0,,,0,0.0,88.422836,66820,0.3541,hold,,,0.0,,,0,0.0,125.790001,19168,0.1445,hold,,,0.0,,,0,0.0,83.935417,31001,0.156,hold,,,0.0,,,0,0.0
2014-07-28,16680451,36,False,False,,162.149231,35551,0.3456,hold,,,0.0,,,0,0.0,88.450256,66820,0.3543,hold,,,0.0,,,0,0.0,125.580002,19168,0.1443,hold,,,0.0,,,0,0.0,83.819359,31001,0.1558,hold,,,0.0,,,0,0.0
2014-07-29,16647462,36,False,False,,161.452423,35551,0.3448,hold,,,0.0,,,0,0.0,88.294884,66820,0.3544,hold,,,0.0,,,0,0.0,125.199997,19168,0.1442,hold,,,0.0,,,0,0.0,84.124138,31001,0.1567,hold,,,0.0,,,0,0.0
2014-07-30,16628231,36,False,False,,161.47699,35551,0.3452,hold,,,0.0,,,0,0.0,88.642212,66820,0.3562,hold,,,0.0,,,0,0.0,124.830002,19168,0.1439,hold,,,0.0,,,0,0.0,82.955788,31001,0.1547,hold,,,0.0,,,0,0.0
2014-07-31,16359909,36,False,False,,158.288132,35551,0.344,hold,,,0.0,,,0,0.0,86.850754,66820,0.3547,hold,,,0.0,,,0,0.0,123.389999,19168,0.1446,hold,,,0.0,,,0,0.0,82.709091,31001,0.1567,hold,,,0.0,,,0,0.0
2014-08-01,16360164,36,True,False,,157.80452,35551,0.3429,hold,,,0.0,,,0,0.0,86.530823,66820,0.3534,hold,,,0.0,,,0,0.0,124.379997,19168,0.1457,hold,,,0.0,,,0,0.0,83.349365,31001,0.1579,hold,,,0.0,,,0,0.0
2014-08-04,16426127,36,False,False,,158.943909,35551,0.344,hold,,,0.0,,,0,0.0,87.124931,66820,0.3544,hold,,,0.0,,,0,0.0,123.989998,19168,0.1447,hold,,,0.0,,,0,0.0,83.131096,31001,0.1569,hold,,,0.0,,,0,0.0
2014-08-05,16332799,36,False,False,,157.402786,35551,0.3426,hold,,,0.0,,,0,0.0,86.457695,66820,0.3537,hold,,,0.0,,,0,0.0,123.870003,19168,0.1454,hold,,,0.0,,,0,0.0,83.400291,31001,0.1583,hold,,,0.0,,,0,0.0
2014-08-06,16366353,36,False,False,,157.452011,35551,0.342,hold,,,0.0,,,0,0.0,86.3937,66820,0.3527,hold,,,0.0,,,0,0.0,125.669998,19168,0.1472,hold,,,0.0,,,0,0.0,83.451202,31001,0.1581,hold,,,0.0,,,0,0.0
2014-08-07,16351633,36,False,False,,156.599457,35551,0.3405,hold,,,0.0,,,0,0.0,86.119514,66820,0.3519,hold,,,0.0,,,0,0.0,126.18,19168,0.1479,hold,,,0.0,,,0,0.0,84.229691,31001,0.1597,hold,,,0.0,,,0,0.0
2014-08-08,16452120,36,False,False,,158.411057,35551,0.3423,hold,,,0.0,,,0,0.0,86.741043,66820,0.3523,hold,,,0.0,,,0,0.0,126.190002,19168,0.147,hold,,,0.0,,,0,0.0,84.047791,31001,0.1584,hold,,,0.0,,,0,0.0
2014-08-11,16498011,36,False,False,,158.870163,35551,0.3423,hold,,,0.0,,,0,0.0,87.252899,66820,0.3534,hold,,,0.0,,,0,0.0,125.959999,19168,0.1463,hold,,,0.0,,,0,0.0,84.040565,31001,0.1579,hold,,,0.0,,,0,0.0
2014-08-12,16471354,36,False,False,,158.648788,35551,0.3424,hold,,,0.0,,,0,0.0,87.216301,66820,0.3538,hold,,,0.0,,,0,0.0,125.989998,19168,0.1466,hold,,,0.0,,,0,0.0,83.494896,31001,0.1571,hold,,,0.0,,,0,0.0
2014-08-13,16592163,36,False,False,,159.722748,35551,0.3422,hold,,,0.0,,,0,0.0,88.139481,66820,0.355,hold,,,0.0,,,0,0.0,126.199997,19168,0.1458,hold,,,0.0,,,0,0.0,84.040565,31001,0.157,hold,,,0.0,,,0,0.0
2014-08-14,16672598,36,False,False,,160.476898,35551,0.3422,hold,,,0.0,,,0,0.0,88.596512,66820,0.3551,hold,,,0.0,,,0,0.0,126.309998,19168,0.1452,hold,,,0.0,,,0,0.0,84.717216,31001,0.1575,hold,,,0.0,,,0,0.0
2014-08-15,16712871,36,False,False,,160.444092,35551,0.3413,hold,,,0.0,,,0,0.0,89.026093,66820,0.3559,hold,,,0.0,,,0,0.0,125.480003,19168,0.1439,hold,,,0.0,,,0,0.0,85.641197,31001,0.1589,hold,,,0.0,,,0,0.0
2014-08-18,16770116,36,False,False,,161.788498,35551,0.343,hold,,,0.0,,,0,0.0,89.711624,66820,0.3575,hold,,,0.0,,,0,0.0,124.959999,19168,0.1428,hold,,,0.0,,,0,0.0,84.78994,31001,0.1567,hold,,,0.0,,,0,0.0
2014-08-19,16820239,36,False,False,,162.632874,35551,0.3437,hold,,,0.0,,,0,0.0,90.214348,66820,0.3584,hold,,,0.0,,,0,0.0,124.68,19168,0.1421,hold,,,0.0,,,0,0.0,84.527985,31001,0.1558,hold,,,0.0,,,0,0.0
2014-08-20,16822582,36,False,False,,163.067337,35551,0.3446,hold,,,0.0,,,0,0.0,90.214348,66820,0.3583,hold,,,0.0,,,0,0.0,124.220001,19168,0.1415,hold,,,0.0,,,0,0.0,84.389763,31001,0.1555,hold,,,0.0,,,0,0.0
2014-08-21,16840675,36,False,False,,163.54277,35551,0.3452,hold,,,0.0,,,0,0.0,90.397148,66820,0.3587,hold,,,0.0,,,0,0.0,122.879997,19168,0.1399,hold,,,0.0,,,0,0.0,84.862679,31001,0.1562,hold,,,0.0,,,0,0.0
2014-08-22,16861406,36,False,False,,163.288712,35551,0.3443,hold,,,0.0,,,0,0.0,90.534256,66820,0.3588,hold,,,0.0,,,0,0.0,123.190002,19168,0.14,hold,,,0.0,,,0,0.0,85.335564,31001,0.1569,hold,,,0.0,,,0,0.0
2014-08-25,16913515,36,False,False,,164.116638,35551,0.345,hold,,,0.0,,,0,0.0,90.854141,66820,0.3589,hold,,,0.0,,,0,0.0,122.739998,19168,0.1391,hold,,,0.0,,,0,0.0,85.655746,31001,0.157,hold,,,0.0,,,0,0.0
2014-08-26,16926534,36,False,False,,164.223175,35551,0.3449,hold,,,0.0,,,0,0.0,90.945618,66820,0.359,hold,,,0.0,,,0,0.0,123.349998,19168,0.1397,hold,,,0.0,,,0,0.0,85.379211,31001,0.1564,hold,,,0.0,,,0,0.0
2014-08-27,16947403,36,False,False,,164.157654,35551,0.3444,hold,,,0.0,,,0,0.0,90.963829,66820,0.3587,hold,,,0.0,,,0,0.0,123.32,19168,0.1395,hold,,,0.0,,,0,0.0,86.106812,31001,0.1575,hold,,,0.0,,,0,0.0
2014-08-28,16964497,36,False,False,,164.067459,35551,0.3438,hold,,,0.0,,,0,0.0,90.863281,66820,0.3579,hold,,,0.0,,,0,0.0,124.0,19168,0.1401,hold,,,0.0,,,0,0.0,86.557907,31001,0.1582,hold,,,0.0,,,0,0.0
2014-08-29,17002827,36,False,False,,164.534714,35551,0.344,hold,,,0.0,,,0,0.0,91.201462,66820,0.3584,hold,,,0.0,,,0,0.0,123.860001,19168,0.1396,hold,,,0.0,,,0,0.0,86.616119,31001,0.1579,hold,,,0.0,,,0,0.0
2014-09-02,16928944,36,True,False,,164.452744,35551,0.3454,hold,,,0.0,,,0,0.0,91.466583,66820,0.361,hold,,,0.0,,,0,0.0,121.650002,19168,0.1377,hold,,,0.0,,,0,0.0,85.121895,31001,0.1559,hold,,,0.0,,,0,0.0
2014-09-03,16913983,36,False,False,,164.36261,35551,0.3455,hold,,,0.0,,,0,0.0,90.927299,66820,0.3592,hold,,,0.0,,,0,0.0,122.150002,19168,0.1384,hold,,,0.0,,,0,0.0,85.595886,31001,0.1569,hold,,,0.0,,,0,0.0
2014-09-04,16854862,36,False,False,,164.124847,35551,0.3462,hold,,,0.0,,,0,0.0,90.844994,66820,0.3601,hold,,,0.0,,,0,0.0,121.480003,19168,0.1382,hold,,,0.0,,,0,0.0,84.553154,31001,0.1555,hold,,,0.0,,,0,0.0
2014-09-05,16917771,36,False,False,,164.862625,35551,0.3464,hold,,,0.0,,,0,0.0,91.302002,66820,0.3606,hold,,,0.0,,,0,0.0,122.059998,19168,0.1383,hold,,,0.0,,,0,0.0,84.392677,31001,0.1546,hold,,,0.0,,,0,0.0
2014-09-08,16889858,36,False,False,,164.43631,35551,0.3461,hold,,,0.0,,,0,0.0,91.475685,66820,0.3619,hold,,,0.0,,,0,0.0,120.730003,19168,0.137,hold,,,0.0,,,0,0.0,84.429153,31001,0.155,hold,,,0.0,,,0,0.0
2014-09-09,16802806,36,False,False,,163.395279,35551,0.3457,hold,,,0.0,,,0,0.0,90.717049,66820,0.3608,hold,,,0.0,,,0,0.0,120.870003,19168,0.1379,hold,,,0.0,,,0,0.0,84.363541,31001,0.1556,hold,,,0.0,,,0,0.0
2014-09-10,16846551,36,False,False,,164.010071,35551,0.3461,hold,,,0.0,,,0,0.0,91.466583,66820,0.3628,hold,,,0.0,,,0,0.0,120.260002,19168,0.1368,hold,,,0.0,,,0,0.0,83.831223,31001,0.1543,hold,,,0.0,,,0,0.0
2014-09-11,16824633,36,False,False,,164.198639,35551,0.347,hold,,,0.0,,,0,0.0,91.393433,66820,0.363,hold,,,0.0,,,0,0.0,119.470001,19168,0.1361,hold,,,0.0,,,0,0.0,83.554085,31001,0.154,hold,,,0.0,,,0,0.0
2014-09-12,16711367,36,False,False,,163.239487,35551,0.3473,hold,,,0.0,,,0,0.0,90.927299,66820,0.3636,hold,,,0.0,,,0,0.0,118.379997,19168,0.1358,hold,,,0.0,,,0,0.0,82.67907,31001,0.1534,hold,,,0.0,,,0,0.0
2014-09-15,16657190,36,False,False,,163.116577,35551,0.3481,hold,,,0.0,,,0,0.0,90.049828,66820,0.3612,hold,,,0.0,,,0,0.0,118.639999,19168,0.1365,hold,,,0.0,,,0,0.0,82.802979,31001,0.1541,hold,,,0.0,,,0,0.0
2014-09-16,16746670,36,False,False,,164.346161,35551,0.3489,hold,,,0.0,,,0,0.0,90.835876,66820,0.3624,hold,,,0.0,,,0,0.0,118.830002,19168,0.136,hold,,,0.0,,,0,0.0,82.467537,31001,0.1527,hold,,,0.0,,,0,0.0
2014-09-17,16732418,36,False,False,,164.56749,35551,0.3497,hold,,,0.0,,,0,0.0,90.972977,66820,0.3633,hold,,,0.0,,,0,0.0,117.540001,19168,0.1346,hold,,,0.0,,,0,0.0,82.256119,31001,0.1524,hold,,,0.0,,,0,0.0
2014-09-18,16822147,36,False,False,,165.444702,35551,0.3496,hold,,,0.0,,,0,0.0,91.658493,66820,0.3641,hold,,,0.0,,,0,0.0,117.779999,19168,0.1342,hold,,,0.0,,,0,0.0,82.518578,31001,0.1521,hold,,,0.0,,,0,0.0
2014-09-19,16832378,36,False,False,,165.295563,35551,0.3491,hold,,,0.0,,,0,0.0,91.6017,66820,0.3636,hold,,,0.0,,,0,0.0,117.089996,19168,0.1333,hold,,,0.0,,,0,0.0,83.568657,31001,0.1539,hold,,,0.0,,,0,0.0
2014-09-22,16728625,36,False,False,,164.019012,35551,0.3486,hold,,,0.0,,,0,0.0,90.749626,66820,0.3625,hold,,,0.0,,,0,0.0,116.849998,19168,0.1339,hold,,,0.0,,,0,0.0,83.670769,31001,0.1551,hold,,,0.0,,,0,0.0
2014-09-23,16709144,36,False,False,,163.080093,35551,0.347,hold,,,0.0,,,0,0.0,90.502281,66820,0.3619,hold,,,0.0,,,0,0.0,117.599998,19168,0.1349,hold,,,0.0,,,0,0.0,84.188515,31001,0.1562,hold,,,0.0,,,0,0.0
2014-09-24,16794412,36,False,False,,164.356705,35551,0.3479,hold,,,0.0,,,0,0.0,91.473427,66820,0.3639,hold,,,0.0,,,0,0.0,117.050003,19168,0.1336,hold,,,0.0,,,0,0.0,83.721855,31001,0.1545,hold,,,0.0,,,0,0.0
2014-09-25,16608829,36,False,False,,161.704697,35551,0.3461,hold,,,0.0,,,0,0.0,89.549416,66820,0.3603,hold,,,0.0,,,0,0.0,117.389999,19168,0.1355,hold,,,0.0,,,0,0.0,84.713562,31001,0.1581,hold,,,0.0,,,0,0.0
2014-09-26,16708009,36,False,False,,162.989548,35551,0.3468,hold,,,0.0,,,0,0.0,90.502281,66820,0.3619,hold,,,0.0,,,0,0.0,117.059998,19168,0.1343,hold,,,0.0,,,0,0.0,84.589615,31001,0.157,hold,,,0.0,,,0,0.0
2014-09-29,16709956,36,False,False,,162.693039,35551,0.3461,hold,,,0.0,,,0,0.0,90.383133,66820,0.3614,hold,,,0.0,,,0,0.0,117.029999,19168,0.1342,hold,,,0.0,,,0,0.0,85.267807,31001,0.1582,hold,,,0.0,,,0,0.0
2014-09-30,16672662,36,False,False,,162.264771,35551,0.346,hold,,,0.0,,,0,0.0,90.511406,66820,0.3627,hold,,,0.0,,,0,0.0,116.209999,19168,0.1336,hold,,,0.0,,,0,0.0,84.786476,31001,0.1577,hold,,,0.0,,,0,0.0
2014-10-01,16559459,36,True,False,,160.065735,35551,0.3436,hold,,,0.0,,,0,0.0,89.063797,66820,0.3594,hold,,,0.0,,,0,0.0,116.769997,19168,0.1352,hold,,,0.0,,,0,0.0,86.430611,31001,0.1618,hold,,,0.0,,,0,0.0
2014-10-02,16536421,36,False,False,,160.0905,35551,0.3442,hold,,,0.0,,,0,0.0,89.063797,66820,0.3599,hold,,,0.0,,,0,0.0,116.739998,19168,0.1353,hold,,,0.0,,,0,0.0,85.67762,31001,0.1606,hold,,,0.0,,,0,0.0
2014-10-03,16628354,36,False,False,,161.852997,35551,0.346,hold,,,0.0,,,0,0.0,89.943352,66820,0.3614,hold,,,0.0,,,0,0.0,114.610001,19168,0.1321,hold,,,0.0,,,0,0.0,86.043106,31001,0.1604,hold,,,0.0,,,0,0.0
2014-10-06,16637571,36,False,False,,161.663528,35551,0.3454,hold,,,0.0,,,0,0.0,89.750984,66820,0.3605,hold,,,0.0,,,0,0.0,116.029999,19168,0.1337,hold,,,0.0,,,0,0.0,86.09433,31001,0.1604,hold,,,0.0,,,0,0.0
2014-10-07,16506114,36,False,False,,159.167999,35551,0.3428,hold,,,0.0,,,0,0.0,88.477463,66820,0.3582,hold,,,0.0,,,0,0.0,116.360001,19168,0.1351,hold,,,0.0,,,0,0.0,87.256645,31001,0.1639,hold,,,0.0,,,0,0.0
2014-10-08,16742133,36,False,False,,161.951843,35551,0.3439,hold,,,0.0,,,0,0.0,90.199905,66820,0.36,hold,,,0.0,,,0,0.0,117.470001,19168,0.1345,hold,,,0.0,,,0,0.0,87.278587,31001,0.1616,hold,,,0.0,,,0,0.0
2014-10-09,16522071,36,False,False,,158.739716,35551,0.3416,hold,,,0.0,,,0,0.0,88.743141,66820,0.3589,hold,,,0.0,,,0,0.0,117.639999,19168,0.1365,hold,,,0.0,,,0,0.0,86.898453,31001,0.1631,hold,,,0.0,,,0,0.0
2014-10-10,16335290,36,False,False,,156.927887,35551,0.3415,hold,,,0.0,,,0,0.0,86.525948,66820,0.3539,hold,,,0.0,,,0,0.0,117.589996,19168,0.138,hold,,,0.0,,,0,0.0,87.761086,31001,0.1666,hold,,,0.0,,,0,0.0
2014-10-13,16187410,36,False,False,,154.350037,35551,0.339,hold,,,0.0,,,0,0.0,85.169975,66820,0.3516,hold,,,0.0,,,0,0.0,118.519997,19168,0.1403,hold,,,0.0,,,0,0.0,88.294785,31001,0.1691,hold,,,0.0,,,0,0.0
2014-10-14,16215754,36,False,False,,154.588821,35551,0.3389,hold,,,0.0,,,0,0.0,85.179115,66820,0.351,hold,,,0.0,,,0,0.0,118.589996,19168,0.1402,hold,,,0.0,,,0,0.0,88.872246,31001,0.1699,hold,,,0.0,,,0,0.0
2014-10-15,16171264,36,False,False,,153.542892,35551,0.3375,hold,,,0.0,,,0,0.0,84.62944,66820,0.3497,hold,,,0.0,,,0,0.0,118.989998,19168,0.141,hold,,,0.0,,,0,0.0,89.574051,31001,0.1717,hold,,,0.0,,,0,0.0
2014-10-16,16117804,36,False,False,,153.411148,35551,0.3384,hold,,,0.0,,,0,0.0,84.098022,66820,0.3486,hold,,,0.0,,,0,0.0,119.220001,19168,0.1418,hold,,,0.0,,,0,0.0,89.003876,31001,0.1712,hold,,,0.0,,,0,0.0
2014-10-17,16236472,36,False,False,,155.222992,35551,0.3399,hold,,,0.0,,,0,0.0,85.206612,66820,0.3507,hold,,,0.0,,,0,0.0,118.989998,19168,0.1405,hold,,,0.0,,,0,0.0,88.506721,31001,0.169,hold,,,0.0,,,0,0.0
2014-10-20,16400648,36,False,False,,156.730209,35551,0.3397,hold,,,0.0,,,0,0.0,86.48011,66820,0.3523,hold,,,0.0,,,0,0.0,119.800003,19168,0.14,hold,,,0.0,,,0,0.0,88.828362,31001,0.1679,hold,,,0.0,,,0,0.0
2014-10-21,16645094,36,False,False,,159.835144,35551,0.3414,hold,,,0.0,,,0,0.0,88.752296,66820,0.3563,hold,,,0.0,,,0,0.0,120.019997,19168,0.1382,hold,,,0.0,,,0,0.0,88.119293,31001,0.1641,hold,,,0.0,,,0,0.0
2014-10-22,16563989,36,False,False,,158.698608,35551,0.3406,hold,,,0.0,,,0,0.0,88.294197,66820,0.3562,hold,,,0.0,,,0,0.0,119.339996,19168,0.1381,hold,,,0.0,,,0,0.0,88.214294,31001,0.1651,hold,,,0.0,,,0,0.0
2014-10-23,16678381,36,False,False,,160.543427,35551,0.3422,hold,,,0.0,,,0,0.0,89.622704,66820,0.3591,hold,,,0.0,,,0,0.0,118.519997,19168,0.1362,hold,,,0.0,,,0,0.0,87.432175,31001,0.1625,hold,,,0.0,,,0,0.0
2014-10-24,16770734,36,False,False,,161.778824,35551,0.3429,hold,,,0.0,,,0,0.0,90.355644,66820,0.36,hold,,,0.0,,,0,0.0,118.349998,19168,0.1353,hold,,,0.0,,,0,0.0,87.519806,31001,0.1618,hold,,,0.0,,,0,0.0
2014-10-27,16766545,36,False,False,,161.556458,35551,0.3426,hold,,,0.0,,,0,0.0,90.41983,66820,0.3604,hold,,,0.0,,,0,0.0,118.059998,19168,0.135,hold,,,0.0,,,0,0.0,87.680656,31001,0.1621,hold,,,0.0,,,0,0.0
2014-10-28,16907412,36,False,False,,163.409607,35551,0.3436,hold,,,0.0,,,0,0.0,91.784927,66820,0.3627,hold,,,0.0,,,0,0.0,118.099998,19168,0.1339,hold,,,0.0,,,0,0.0,87.132378,31001,0.1598,hold,,,0.0,,,0,0.0
2014-10-29,16849701,36,False,False,,163.162476,35551,0.3443,hold,,,0.0,,,0,0.0,91.445953,66820,0.3626,hold,,,0.0,,,0,0.0,116.410004,19168,0.1324,hold,,,0.0,,,0,0.0,87.329758,31001,0.1607,hold,,,0.0,,,0,0.0
2014-10-30,16878621,36,False,False,,164.20842,35551,0.3459,hold,,,0.0,,,0,0.0,91.638329,66820,0.3628,hold,,,0.0,,,0,0.0,115.190002,19168,0.1308,hold,,,0.0,,,0,0.0,87.402863,31001,0.1605,hold,,,0.0,,,0,0.0
2014-10-31,16974345,36,False,False,,166.086243,35551,0.3479,hold,,,0.0,,,0,0.0,92.90271,66820,0.3657,hold,,,0.0,,,0,0.0,112.660004,19168,0.1272,hold,,,0.0,,,0,0.0,87.176224,31001,0.1592,hold,,,0.0,,,0,0.0
2014-11-03,16986155,36,True,False,,166.176865,35551,0.3478,hold,INCREASE_TO_TARGET,rebalance 2014-11-03,37401.0,,,0,0.0,93.177544,66820,0.3665,hold,REDUCE_TO_TARGET,rebalance 2014-11-03,-280969.0,,,0,0.0,112.150002,19168,0.1266,hold,INCREASE_TO_TARGET,rebalance 2014-11-03,398232.0,,,0,0.0,87.176231,31001,0.1591,hold,REDUCE_TO_TARGET,rebalance 2014-11-03,-154627.0,,,0,0.0
2014-11-04,16952477,167,False,True,monthly,165.600327,35775,0.3495,hold,,,0.0,INCREASE_TO_TARGET,buy,224,165.732092,92.866051,63786,0.3494,hold,,,0.0,REDUCE_TO_TARGET,sell,3034,92.605719,112.220001,22709,0.1503,hold,,,0.0,INCREASE_TO_TARGET,buy,3541,112.120003,87.447395,29229,0.1508,hold,,,0.0,REDUCE_TO_TARGET,sell,1772,87.250806
2014-11-05,16931659,167,False,False,,166.646317,35775,0.3521,hold,,,0.0,,,0,0.0,92.875229,63786,0.3499,hold,,,0.0,,,0,0.0,109.790001,22709,0.1473,hold,,,0.0,,,0,0.0,87.322838,29229,0.1507,hold,,,0.0,,,0,0.0
2014-11-06,16959773,167,False,False,,167.3134,35775,0.3529,hold,,,0.0,,,0,0.0,93.168381,63786,0.3504,hold,,,0.0,,,0,0.0,109.879997,22709,0.1471,hold,,,0.0,,,0,0.0,86.758545,29229,0.1495,hold,,,0.0,,,0,0.0
2014-11-07,17059416,167,False,False,,167.46991,35775,0.3512,hold,,,0.0,,,0,0.0,93.085968,63786,0.3481,hold,,,0.0,,,0,0.0,112.970001,22709,0.1504,hold,,,0.0,,,0,0.0,87.755165,29229,0.1504,hold,,,0.0,,,0,0.0
2014-11-10,17018749,167,False,False,,167.997009,35775,0.3531,hold,,,0.0,,,0,0.0,93.415764,63786,0.3501,hold,,,0.0,,,0,0.0,110.459999,22709,0.1474,hold,,,0.0,,,0,0.0,86.949081,29229,0.1493,hold,,,0.0,,,0,0.0
2014-11-11,17080935,167,False,False,,168.161682,35775,0.3522,hold,,,0.0,,,0,0.0,93.708954,63786,0.3499,hold,,,0.0,,,0,0.0,112.040001,22709,0.149,hold,,,0.0,,,0,0.0,87.007698,29229,0.1489,hold,,,0.0,,,0,0.0
2014-11-12,17070568,167,False,False,,167.980515,35775,0.352,hold,,,0.0,,,0,0.0,93.873856,63786,0.3508,hold,,,0.0,,,0,0.0,111.5,22709,0.1483,hold,,,0.0,,,0,0.0,86.934433,29229,0.1489,hold,,,0.0,,,0,0.0
2014-11-13,17112917,167,False,False,,168.169922,35775,0.3516,hold,,,0.0,,,0,0.0,94.277,63786,0.3514,hold,,,0.0,,,0,0.0,111.669998,22709,0.1482,hold,,,0.0,,,0,0.0,87.13961,29229,0.1488,hold,,,0.0,,,0,0.0
2014-11-14,17209103,167,False,False,,168.211136,35775,0.3497,hold,,,0.0,,,0,0.0,94.570213,63786,0.3505,hold,,,0.0,,,0,0.0,114.470001,22709,0.1511,hold,,,0.0,,,0,0.0,87.564667,29229,0.1487,hold,,,0.0,,,0,0.0
2014-11-17,17178846,167,False,False,,168.3181,35775,0.3505,hold,,,0.0,,,0,0.0,94.286148,63786,0.3501,hold,,,0.0,,,0,0.0,114.050003,22709,0.1508,hold,,,0.0,,,0,0.0,87.344788,29229,0.1486,hold,,,0.0,,,0,0.0
2014-11-18,17288395,167,False,False,,169.290054,35775,0.3503,hold,,,0.0,,,0,0.0,94.991638,63786,0.3505,hold,,,0.0,,,0,0.0,115.050003,22709,0.1511,hold,,,0.0,,,0,0.0,87.586601,29229,0.1481,hold,,,0.0,,,0,0.0
2014-11-19,17203815,167,False,False,,169.018265,35775,0.3515,hold,,,0.0,,,0,0.0,94.561028,63786,0.3506,hold,,,0.0,,,0,0.0,113.68,22709,0.1501,hold,,,0.0,,,0,0.0,87.029686,29229,0.1479,hold,,,0.0,,,0,0.0
2014-11-20,17281379,167,False,False,,169.314728,35775,0.3505,hold,,,0.0,,,0,0.0,94.982445,63786,0.3506,hold,,,0.0,,,0,0.0,114.860001,22709,0.1509,hold,,,0.0,,,0,0.0,87.484055,29229,0.148,hold,,,0.0,,,0,0.0
2014-11-21,17352935,167,False,False,,170.220627,35775,0.3509,hold,,,0.0,,,0,0.0,95.165703,63786,0.3498,hold,,,0.0,,,0,0.0,115.389999,22709,0.151,hold,,,0.0,,,0,0.0,88.011688,29229,0.1482,hold,,,0.0,,,0,0.0
2014-11-24,17413144,167,False,False,,170.698349,35775,0.3507,hold,,,0.0,,,0,0.0,95.907837,63786,0.3513,hold,,,0.0,,,0,0.0,115.110001,22709,0.1501,hold,,,0.0,,,0,0.0,88.084885,29229,0.1479,hold,,,0.0,,,0,0.0
2014-11-25,17445630,167,False,False,,170.57486,35775,0.3498,hold,,,0.0,,,0,0.0,96.054436,63786,0.3512,hold,,,0.0,,,0,0.0,115.379997,22709,0.1502,hold,,,0.0,,,0,0.0,88.817757,29229,0.1488,hold,,,0.0,,,0,0.0
2014-11-26,17503055,167,False,False,,171.011322,35775,0.3495,hold,,,0.0,,,0,0.0,96.677429,63786,0.3523,hold,,,0.0,,,0,0.0,115.160004,22709,0.1494,hold,,,0.0,,,0,0.0,89.059593,29229,0.1487,hold,,,0.0,,,0,0.0
2014-11-28,17470027,167,False,False,,170.648911,35775,0.3495,hold,,,0.0,,,0,0.0,97.126373,63786,0.3546,hold,,,0.0,,,0,0.0,112.110001,22709,0.1457,hold,,,0.0,,,0,0.0,89.763115,29229,0.1502,hold,,,0.0,,,0,0.0
2014-12-01,17443672,167,True,False,,169.462982,35775,0.3475,hold,,,0.0,,,0,0.0,96.026917,63786,0.3511,hold,,,0.0,,,0,0.0,116.580002,22709,0.1518,hold,,,0.0,,,0,0.0,89.239403,29229,0.1495,hold,,,0.0,,,0,0.0
2014-12-02,17449372,167,False,False,,170.558365,35775,0.3497,hold,,,0.0,,,0,0.0,96.411728,63786,0.3524,hold,,,0.0,,,0,0.0,115.139999,22709,0.1498,hold,,,0.0,,,0,0.0,88.372734,29229,0.148,hold,,,0.0,,,0,0.0
2014-12-03,17521164,167,False,False,,171.2173,35775,0.3496,hold,,,0.0,,,0,0.0,96.585831,63786,0.3516,hold,,,0.0,,,0,0.0,116.330002,22709,0.1508,hold,,,0.0,,,0,0.0,88.717911,29229,0.148,hold,,,0.0,,,0,0.0
2014-12-04,17522926,167,False,False,,171.027832,35775,0.3492,hold,,,0.0,,,0,0.0,96.540001,63786,0.3514,hold,,,0.0,,,0,0.0,115.879997,22709,0.1502,hold,,,0.0,,,0,0.0,89.45974,29229,0.1492,hold,,,0.0,,,0,0.0
2014-12-05,17485360,167,False,False,,171.307846,35775,0.3505,hold,,,0.0,,,0,0.0,96.549187,63786,0.3522,hold,,,0.0,,,0,0.0,114.43,22709,0.1486,hold,,,0.0,,,0,0.0,88.938293,29229,0.1487,hold,,,0.0,,,0,0.0
2014-12-08,17463004,167,False,False,,170.163071,35775,0.3486,hold,,,0.0,,,0,0.0,95.862022,63786,0.3501,hold,,,0.0,,,0,0.0,115.779999,22709,0.1506,hold,,,0.0,,,0,0.0,90.025314,29229,0.1507,hold,,,0.0,,,0,0.0
2014-12-09,17546417,167,False,False,,170.047729,35775,0.3467,hold,,,0.0,,,0,0.0,96.164383,63786,0.3496,hold,,,0.0,,,0,0.0,118.190002,22709,0.153,hold,,,0.0,,,0,0.0,90.488029,29229,0.1507,hold,,,0.0,,,0,0.0
2014-12-10,17366564,167,False,False,,167.321671,35775,0.3447,hold,,,0.0,,,0,0.0,94.652641,63786,0.3477,hold,,,0.0,,,0,0.0,117.959999,22709,0.1542,hold,,,0.0,,,0,0.0,91.149094,29229,0.1534,hold,,,0.0,,,0,0.0
2014-12-11,17430362,167,False,False,,168.169922,35775,0.3452,hold,,,0.0,,,0,0.0,95.10157,63786,0.348,hold,,,0.0,,,0,0.0,117.690002,22709,0.1533,hold,,,0.0,,,0,0.0,91.523636,29229,0.1535,hold,,,0.0,,,0,0.0
2014-12-12,17297014,167,False,False,,165.452026,35775,0.3422,hold,,,0.0,,,0,0.0,94.066277,63786,0.3469,hold,,,0.0,,,0,0.0,117.410004,22709,0.1541,hold,,,0.0,,,0,0.0,92.764893,29229,0.1568,hold,,,0.0,,,0,0.0
2014-12-15,17120246,167,False,False,,164.315506,35775,0.3434,hold,,,0.0,,,0,0.0,93.095123,63786,0.3469,hold,,,0.0,,,0,0.0,114.389999,22709,0.1517,hold,,,0.0,,,0,0.0,92.573944,29229,0.158,hold,,,0.0,,,0,0.0
2014-12-16,17024052,167,False,False,,162.997726,35775,0.3425,hold,,,0.0,,,0,0.0,91.6017,63786,0.3432,hold,,,0.0,,,0,0.0,114.949997,22709,0.1533,hold,,,0.0,,,0,0.0,93.719772,29229,0.1609,hold,,,0.0,,,0,0.0
2014-12-17,17204603,167,False,False,,166.193298,35775,0.3456,hold,,,0.0,,,0,0.0,93.269188,63786,0.3458,hold,,,0.0,,,0,0.0,114.269997,22709,0.1508,hold,,,0.0,,,0,0.0,92.875061,29229,0.1578,hold,,,0.0,,,0,0.0
2014-12-18,17466492,167,False,False,,170.303055,35775,0.3488,hold,,,0.0,,,0,0.0,95.513885,63786,0.3488,hold,,,0.0,,,0,0.0,115.150002,22709,0.1497,hold,,,0.0,,,0,0.0,91.222519,29229,0.1527,hold,,,0.0,,,0,0.0
2014-12-19,17546444,167,False,False,,171.027679,35775,0.3487,hold,,,0.0,,,0,0.0,95.934143,63786,0.3487,hold,,,0.0,,,0,0.0,114.769997,22709,0.1485,hold,,,0.0,,,0,0.0,92.449104,29229,0.154,hold,,,0.0,,,0,0.0
2014-12-22,17543075,167,False,False,,171.814423,35775,0.3504,hold,,,0.0,,,0,0.0,96.173218,63786,0.3497,hold,,,0.0,,,0,0.0,112.550003,22709,0.1457,hold,,,0.0,,,0,0.0,92.573944,29229,0.1542,hold,,,0.0,,,0,0.0
2014-12-23,17480312,167,False,False,,172.04631,35775,0.3521,hold,,,0.0,,,0,0.0,95.832962,63786,0.3497,hold,,,0.0,,,0,0.0,112.739998,22709,0.1465,hold,,,0.0,,,0,0.0,90.737747,29229,0.1517,hold,,,0.0,,,0,0.0
2014-12-24,17501301,167,False,False,,172.062851,35775,0.3517,hold,,,0.0,,,0,0.0,95.915741,63786,0.3496,hold,,,0.0,,,0,0.0,112.769997,22709,0.1463,hold,,,0.0,,,0,0.0,91.231644,29229,0.1524,hold,,,0.0,,,0,0.0
2014-12-26,17621236,167,False,False,,172.617706,35775,0.3505,hold,,,0.0,,,0,0.0,96.596275,63786,0.3497,hold,,,0.0,,,0,0.0,114.830002,22709,0.148,hold,,,0.0,,,0,0.0,91.570221,29229,0.1519,hold,,,0.0,,,0,0.0
2014-12-29,17622023,167,False,False,,172.849594,35775,0.3509,hold,,,0.0,,,0,0.0,96.577873,63786,0.3496,hold,,,0.0,,,0,0.0,113.669998,22709,0.1465,hold,,,0.0,,,0,0.0,92.254715,29229,0.153,hold,,,0.0,,,0,0.0
2014-12-30,17589840,167,False,False,,171.922058,35775,0.3497,hold,,,0.0,,,0,0.0,95.934143,63786,0.3479,hold,,,0.0,,,0,0.0,115.199997,22709,0.1487,hold,,,0.0,,,0,0.0,92.50502,29229,0.1537,hold,,,0.0,,,0,0.0
2014-12-31,17434415,167,False,False,,170.216064,35775,0.3493,hold,,,0.0,,,0,0.0,94.950111,63786,0.3474,hold,,,0.0,,,0,0.0,113.580002,22709,0.1479,hold,,,0.0,,,0,0.0,92.681641,29229,0.1554,hold,,,0.0,,,0,0.0
2015-01-02,17454448,167,True,False,,170.124939,35775,0.3487,hold,,,0.0,,,0,0.0,94.665085,63786,0.3459,hold,,,0.0,,,0,0.0,114.080002,22709,0.1484,hold,,,0.0,,,0,0.0,93.712097,29229,0.1569,hold,,,0.0,,,0,0.0
2015-01-05,17338044,167,False,False,,167.052582,35775,0.3447,hold,,,0.0,,,0,0.0,93.276428,63786,0.3432,hold,,,0.0,,,0,0.0,115.800003,22709,0.1517,hold,,,0.0,,,0,0.0,95.184166,29229,0.1605,hold,,,0.0,,,0,0.0
2015-01-06,17282085,167,False,False,,165.479187,35775,0.3426,hold,,,0.0,,,0,0.0,92.025795,63786,0.3397,hold,,,0.0,,,0,0.0,117.120003,22709,0.1539,hold,,,0.0,,,0,0.0,96.899124,29229,0.1639,hold,,,0.0,,,0,0.0
2015-01-07,17410257,167,False,False,,167.541168,35775,0.3443,hold,,,0.0,,,0,0.0,93.212074,63786,0.3415,hold,,,0.0,,,0,0.0,116.43,22709,0.1519,hold,,,0.0,,,0,0.0,96.707741,29229,0.1624,hold,,,0.0,,,0,0.0
2015-01-08,17581856,167,False,False,,170.514252,35775,0.347,hold,,,0.0,,,0,0.0,94.996124,63786,0.3446,hold,,,0.0,,,0,0.0,115.940002,22709,0.1497,hold,,,0.0,,,0,0.0,95.427032,29229,0.1586,hold,,,0.0,,,0,0.0
2015-01-09,17553607,167,False,False,,169.147797,35775,0.3447,hold,,,0.0,,,0,0.0,94.370766,63786,0.3429,hold,,,0.0,,,0,0.0,117.260002,22709,0.1517,hold,,,0.0,,,0,0.0,96.472198,29229,0.1606,hold,,,0.0,,,0,0.0
2015-01-12,17489101,167,False,False,,167.822784,35775,0.3433,hold,,,0.0,,,0,0.0,93.386833,63786,0.3406,hold,,,0.0,,,0,0.0,118.559998,22709,0.1539,hold,,,0.0,,,0,0.0,97.024246,29229,0.1622,hold,,,0.0,,,0,0.0
2015-01-13,17461367,167,False,False,,167.350723,35775,0.3429,hold,,,0.0,,,0,0.0,93.359207,63786,0.341,hold,,,0.0,,,0,0.0,118.160004,22709,0.1537,hold,,,0.0,,,0,0.0,97.024246,29229,0.1624,hold,,,0.0,,,0,0.0
2015-01-14,17409574,167,False,False,,166.340408,35775,0.3418,hold,,,0.0,,,0,0.0,92.844238,63786,0.3402,hold,,,0.0,,,0,0.0,117.970001,22709,0.1539,hold,,,0.0,,,0,0.0,97.760269,29229,0.1641,hold,,,0.0,,,0,0.0
2015-01-15,17390630,167,False,False,,164.816666,35775,0.3391,hold,,,0.0,,,0,0.0,91.639557,63786,0.3361,hold,,,0.0,,,0,0.0,120.940002,22709,0.1579,hold,,,0.0,,,0,0.0,99.298615,29229,0.1669,hold,,,0.0,,,0,0.0
2015-01-16,17535456,167,False,False,,166.977997,35775,0.3407,hold,,,0.0,,,0,0.0,92.715485,63786,0.3373,hold,,,0.0,,,0,0.0,122.519997,22709,0.1587,hold,,,0.0,,,0,0.0,98.032585,29229,0.1634,hold,,,0.0,,,0,0.0
2015-01-20,17671355,167,False,False,,167.334152,35775,0.3388,hold,,,0.0,,,0,0.0,93.45118,63786,0.3373,hold,,,0.0,,,0,0.0,124.199997,22709,0.1596,hold,,,0.0,,,0,0.0,99.335373,29229,0.1643,hold,,,0.0,,,0,0.0
2015-01-21,17699200,167,False,False,,168.17894,35775,0.3399,hold,,,0.0,,,0,0.0,93.929375,63786,0.3385,hold,,,0.0,,,0,0.0,124.230003,22709,0.1594,hold,,,0.0,,,0,0.0,98.187164,29229,0.1621,hold,,,0.0,,,0,0.0
2015-01-22,17911916,167,False,False,,170.67984,35775,0.3409,hold,,,0.0,,,0,0.0,95.667442,63786,0.3407,hold,,,0.0,,,0,0.0,125.230003,22709,0.1588,hold,,,0.0,,,0,0.0,97.83387,29229,0.1596,hold,,,0.0,,,0,0.0
2015-01-23,17909025,167,False,False,,169.74408,35775,0.3391,hold,,,0.0,,,0,0.0,95.878983,63786,0.3415,hold,,,0.0,,,0,0.0,124.230003,22709,0.1575,hold,,,0.0,,,0,0.0,99.195564,29229,0.1619,hold,,,0.0,,,0,0.0
2015-01-26,17879227,167,False,False,,170.141602,35775,0.3404,hold,,,0.0,,,0,0.0,95.768631,63786,0.3417,hold,,,0.0,,,0,0.0,122.989998,22709,0.1562,hold,,,0.0,,,0,0.0,98.893761,29229,0.1617,hold,,,0.0,,,0,0.0
2015-01-27,17677096,167,False,False,,167.897308,35775,0.3398,hold,,,0.0,,,0,0.0,93.285637,63786,0.3366,hold,,,0.0,,,0,0.0,124.400002,22709,0.1598,hold,,,0.0,,,0,0.0,99.048386,29229,0.1638,hold,,,0.0,,,0,0.0
2015-01-28,17594637,167,False,False,,165.744125,35775,0.337,hold,,,0.0,,,0,0.0,92.807442,63786,0.3365,hold,,,0.0,,,0,0.0,123.419998,22709,0.1593,hold,,,0.0,,,0,0.0,100.66761,29229,0.1672,hold,,,0.0,,,0,0.0
2015-01-29,17626581,167,False,False,,167.276215,35775,0.3395,hold,,,0.0,,,0,0.0,93.699501,63786,0.3391,hold,,,0.0,,,0,0.0,120.760002,22709,0.1556,hold,,,0.0,,,0,0.0,100.005203,29229,0.1658,hold,,,0.0,,,0,0.0
2015-01-30,17617920,167,False,False,,165.172699,35775,0.3354,hold,,,0.0,,,0,0.0,92.972961,63786,0.3366,hold,,,0.0,,,0,0.0,123.449997,22709,0.1591,hold,,,0.0,,,0,0.0,101.779045,29229,0.1689,hold,,,0.0,,,0,0.0
2015-02-02,17708097,167,True,False,,167.218201,35775,0.3378,hold,INCREASE_TO_TARGET,rebalance 2015-02-02,215603.0,,,0,0.0,93.782242,63786,0.3378,hold,INCREASE_TO_TARGET,rebalance 2015-02-02,215840.0,,,0,0.0,122.419998,22709,0.157,hold,REDUCE_TO_TARGET,rebalance 2015-02-02,-123821.0,,,0,0.0,101.394791,29229,0.1674,hold,REDUCE_TO_TARGET,rebalance 2015-02-02,-307454.0,,,0,0.0
2015-02-03,17762051,81,False,True,monthly,169.636353,37053,0.3539,hold,,,0.0,INCREASE_TO_TARGET,buy,1278,168.112577,94.683495,66072,0.3522,hold,,,0.0,INCREASE_TO_TARGET,buy,2286,94.122529,121.050003,21689,0.1478,hold,,,0.0,REDUCE_TO_TARGET,sell,1020,121.374778,99.248566,26147,0.1461,hold,,,0.0,REDUCE_TO_TARGET,sell,3082,99.744946
2015-02-04,17748577,81,False,False,,168.990463,37053,0.3528,hold,,,0.0,,,0,0.0,94.600685,66072,0.3522,hold,,,0.0,,,0,0.0,121.580002,21689,0.1486,hold,,,0.0,,,0,0.0,99.418182,26147,0.1465,hold,,,0.0,,,0,0.0
2015-02-05,17841880,81,False,False,,170.696442,37053,0.3545,hold,,,0.0,,,0,0.0,95.419128,66072,0.3534,hold,,,0.0,,,0,0.0,121.790001,21689,0.1481,hold,,,0.0,,,0,0.0,98.326668,26147,0.1441,hold,,,0.0,,,0,0.0
2015-02-06,17672281,81,False,False,,170.224396,37053,0.3569,hold,,,0.0,,,0,0.0,94.839775,66072,0.3546,hold,,,0.0,,,0,0.0,118.639999,21689,0.1456,hold,,,0.0,,,0,0.0,96.586159,26147,0.1429,hold,,,0.0,,,0,0.0
2015-02-09,17631450,81,False,False,,169.462555,37053,0.3561,hold,,,0.0,,,0,0.0,94.536362,66072,0.3543,hold,,,0.0,,,0,0.0,119.169998,21689,0.1466,hold,,,0.0,,,0,0.0,96.431252,26147,0.143,hold,,,0.0,,,0,0.0
2015-02-10,17760317,81,False,False,,171.267807,37053,0.3573,hold,,,0.0,,,0,0.0,96.007721,66072,0.3572,hold,,,0.0,,,0,0.0,118.470001,21689,0.1447,hold,,,0.0,,,0,0.0,95.6642,26147,0.1408,hold,,,0.0,,,0,0.0
2015-02-11,17761352,81,False,False,,171.367218,37053,0.3575,hold,,,0.0,,,0,0.0,96.357155,66072,0.3584,hold,,,0.0,,,0,0.0,117.07,21689,0.143,hold,,,0.0,,,0,0.0,95.841187,26147,0.1411,hold,,,0.0,,,0,0.0
2015-02-12,17894106,81,False,False,,173.015198,37053,0.3583,hold,,,0.0,,,0,0.0,97.479073,66072,0.3599,hold,,,0.0,,,0,0.0,117.339996,21689,0.1422,hold,,,0.0,,,0,0.0,95.524078,26147,0.1396,hold,,,0.0,,,0,0.0
2015-02-13,17964023,81,False,False,,173.727417,37053,0.3583,hold,,,0.0,,,0,0.0,98.315948,66072,0.3616,hold,,,0.0,,,0,0.0,117.980003,21689,0.1424,hold,,,0.0,,,0,0.0,94.543159,26147,0.1376,hold,,,0.0,,,0,0.0
2015-02-17,17900281,81,False,False,,174.000702,37053,0.3602,hold,,,0.0,,,0,0.0,98.407921,66072,0.3632,hold,,,0.0,,,0,0.0,116.010002,21689,0.1406,hold,,,0.0,,,0,0.0,93.119766,26147,0.136,hold,,,0.0,,,0,0.0
2015-02-18,17931632,81,False,False,,174.017334,37053,0.3596,hold,,,0.0,,,0,0.0,98.545845,66072,0.3631,hold,,,0.0,,,0,0.0,116.339996,21689,0.1407,hold,,,0.0,,,0,0.0,93.672958,26147,0.1366,hold,,,0.0,,,0,0.0
2015-02-19,17934355,81,False,False,,173.893051,37053,0.3593,hold,,,0.0,,,0,0.0,99.033241,66072,0.3648,hold,,,0.0,,,0,0.0,115.940002,21689,0.1402,hold,,,0.0,,,0,0.0,93.053391,26147,0.1357,hold,,,0.0,,,0,0.0
2015-02-20,18009585,81,False,False,,174.936478,37053,0.3599,hold,,,0.0,,,0,0.0,99.695358,66072,0.3658,hold,,,0.0,,,0,0.0,115.279999,21689,0.1388,hold,,,0.0,,,0,0.0,93.326279,26147,0.1355,hold,,,0.0,,,0,0.0
2015-02-23,18046566,81,False,False,,174.911682,37053,0.3591,hold,,,0.0,,,0,0.0,99.796532,66072,0.3654,hold,,,0.0,,,0,0.0,115.43,21689,0.1387,hold,,,0.0,,,0,0.0,94.395699,26147,0.1368,hold,,,0.0,,,0,0.0
2015-02-24,18098545,81,False,False,,175.408554,37053,0.3591,hold,,,0.0,,,0,0.0,99.870071,66072,0.3646,hold,,,0.0,,,0,0.0,115.260002,21689,0.1381,hold,,,0.0,,,0,0.0,95.63472,26147,0.1382,hold,,,0.0,,,0,0.0
2015-02-25,18096958,81,False,False,,175.25946,37053,0.3588,hold,,,0.0,,,0,0.0,99.621788,66072,0.3637,hold,,,0.0,,,0,0.0,115.699997,21689,0.1387,hold,,,0.0,,,0,0.0,96.047722,26147,0.1388,hold,,,0.0,,,0,0.0
2015-02-26,18096403,81,False,False,,175.052399,37053,0.3584,hold,,,0.0,,,0,0.0,100.127563,66072,0.3656,hold,,,0.0,,,0,0.0,116.07,21689,0.1391,hold,,,0.0,,,0,0.0,94.734932,26147,0.1369,hold,,,0.0,,,0,0.0
2015-02-27,18067926,81,False,False,,174.456192,37053,0.3578,hold,,,0.0,,,0,0.0,99.686172,66072,0.3645,hold,,,0.0,,,0,0.0,116.160004,21689,0.1394,hold,,,0.0,,,0,0.0,95.531433,26147,0.1382,hold,,,0.0,,,0,0.0
2015-03-02,18111344,81,True,False,,175.557617,37053,0.3592,hold,,,0.0,,,0,0.0,100.587364,66072,0.367,hold,,,0.0,,,0,0.0,115.68,21689,0.1385,hold,,,0.0,,,0,0.0,93.752037,26147,0.1353,hold,,,0.0,,,0,0.0
2015-03-03,18040219,81,False,False,,174.837128,37053,0.3591,hold,,,0.0,,,0,0.0,100.118385,66072,0.3667,hold,,,0.0,,,0,0.0,115.470001,21689,0.1388,hold,,,0.0,,,0,0.0,93.412117,26147,0.1354,hold,,,0.0,,,0,0.0
2015-03-04,17980355,81,False,False,,174.100143,37053,0.3588,hold,,,0.0,,,0,0.0,99.732117,66072,0.3665,hold,,,0.0,,,0,0.0,115.110001,21689,0.1389,hold,,,0.0,,,0,0.0,93.441689,26147,0.1359,hold,,,0.0,,,0,0.0
2015-03-05,17993479,81,False,False,,174.290527,37053,0.3589,hold,,,0.0,,,0,0.0,99.906891,66072,0.3669,hold,,,0.0,,,0,0.0,115.0,21689,0.1386,hold,,,0.0,,,0,0.0,93.323433,26147,0.1356,hold,,,0.0,,,0,0.0
2015-03-06,17705905,81,False,False,,171.839218,37053,0.3596,hold,,,0.0,,,0,0.0,98.775757,66072,0.3686,hold,,,0.0,,,0,0.0,111.860001,21689,0.137,hold,,,0.0,,,0,0.0,91.261757,26147,0.1348,hold,,,0.0,,,0,0.0
2015-03-09,17775540,81,False,False,,172.551437,37053,0.3597,hold,,,0.0,,,0,0.0,99.060806,66072,0.3682,hold,,,0.0,,,0,0.0,111.970001,21689,0.1366,hold,,,0.0,,,0,0.0,92.104164,26147,0.1355,hold,,,0.0,,,0,0.0
2015-03-10,17570063,81,False,False,,169.75235,37053,0.358,hold,,,0.0,,,0,0.0,97.221573,66072,0.3656,hold,,,0.0,,,0,0.0,111.419998,21689,0.1375,hold,,,0.0,,,0,0.0,93.316063,26147,0.1389,hold,,,0.0,,,0,0.0
2015-03-11,17521517,81,False,False,,169.354828,37053,0.3581,hold,,,0.0,,,0,0.0,96.660652,66072,0.3645,hold,,,0.0,,,0,0.0,110.75,21689,0.1371,hold,,,0.0,,,0,0.0,93.995926,26147,0.1403,hold,,,0.0,,,0,0.0
2015-03-12,17640831,81,False,False,,171.50798,37053,0.3602,hold,,,0.0,,,0,0.0,97.295181,66072,0.3644,hold,,,0.0,,,0,0.0,110.720001,21689,0.1361,hold,,,0.0,,,0,0.0,93.929375,26147,0.1392,hold,,,0.0,,,0,0.0
2015-03-13,17569849,81,False,False,,170.456299,37053,0.3595,hold,,,0.0,,,0,0.0,96.872154,66072,0.3643,hold,,,0.0,,,0,0.0,110.879997,21689,0.1369,hold,,,0.0,,,0,0.0,93.64122,26147,0.1394,hold,,,0.0,,,0,0.0
2015-03-16,17758916,81,False,False,,172.733612,37053,0.3604,hold,,,0.0,,,0,0.0,98.122795,66072,0.3651,hold,,,0.0,,,0,0.0,110.809998,21689,0.1353,hold,,,0.0,,,0,0.0,94.54274,26147,0.1392,hold,,,0.0,,,0,0.0
2015-03-17,17757691,81,False,False,,172.2202,37053,0.3594,hold,,,0.0,,,0,0.0,98.27916,66072,0.3657,hold,,,0.0,,,0,0.0,110.209999,21689,0.1346,hold,,,0.0,,,0,0.0,95.326012,26147,0.1404,hold,,,0.0,,,0,0.0
2015-03-18,17993162,81,False,False,,174.290527,37053,0.3589,hold,,,0.0,,,0,0.0,99.244751,66072,0.3644,hold,,,0.0,,,0,0.0,112.370003,21689,0.1355,hold,,,0.0,,,0,0.0,97.166061,26147,0.1412,hold,,,0.0,,,0,0.0
2015-03-19,17958749,81,False,False,,173.495544,37053,0.358,hold,,,0.0,,,0,0.0,99.391922,66072,0.3657,hold,,,0.0,,,0,0.0,112.290001,21689,0.1356,hold,,,0.0,,,0,0.0,96.670967,26147,0.1407,hold,,,0.0,,,0,0.0
2015-03-20,18099089,81,False,False,,175.026901,37053,0.3583,hold,,,0.0,,,0,0.0,100.035255,66072,0.3652,hold,,,0.0,,,0,0.0,113.57,21689,0.1361,hold,,,0.0,,,0,0.0,97.180801,26147,0.1404,hold,,,0.0,,,0,0.0
2015-03-23,18086189,81,False,False,,174.685913,37053,0.3579,hold,,,0.0,,,0,0.0,99.841675,66072,0.3647,hold,,,0.0,,,0,0.0,114.290001,21689,0.1371,hold,,,0.0,,,0,0.0,97.062599,26147,0.1403,hold,,,0.0,,,0,0.0
2015-03-24,18056678,81,False,False,,173.704346,37053,0.3564,hold,,,0.0,,,0,0.0,99.482208,66072,0.364,hold,,,0.0,,,0,0.0,114.57,21689,0.1376,hold,,,0.0,,,0,0.0,98.001015,26147,0.1419,hold,,,0.0,,,0,0.0
2015-03-25,17793769,81,False,False,,171.158875,37053,0.3564,hold,,,0.0,,,0,0.0,97.205536,66072,0.3609,hold,,,0.0,,,0,0.0,114.730003,21689,0.1398,hold,,,0.0,,,0,0.0,97.173454,26147,0.1428,hold,,,0.0,,,0,0.0
2015-03-26,17733399,81,False,False,,170.751297,37053,0.3568,hold,,,0.0,,,0,0.0,96.873703,66072,0.3609,hold,,,0.0,,,0,0.0,115.480003,21689,0.1412,hold,,,0.0,,,0,0.0,95.658577,26147,0.141,hold,,,0.0,,,0,0.0
2015-03-27,17795463,81,False,False,,171.142288,37053,0.3563,hold,,,0.0,,,0,0.0,97.260834,66072,0.3611,hold,,,0.0,,,0,0.0,115.059998,21689,0.1402,hold,,,0.0,,,0,0.0,96.848297,26147,0.1423,hold,,,0.0,,,0,0.0
2015-03-30,17905545,81,False,False,,173.230194,37053,0.3585,hold,,,0.0,,,0,0.0,98.376144,66072,0.363,hold,,,0.0,,,0,0.0,113.75,21689,0.1378,hold,,,0.0,,,0,0.0,96.367958,26147,0.1407,hold,,,0.0,,,0,0.0
2015-03-31,17784087,81,False,False,,171.716232,37053,0.3578,hold,,,0.0,,,0,0.0,97.334579,66072,0.3616,hold,,,0.0,,,0,0.0,113.660004,21689,0.1386,hold,,,0.0,,,0,0.0,96.574837,26147,0.142,hold,,,0.0,,,0,0.0
2015-04-01,17803337,81,True,False,,171.108994,37053,0.3561,hold,,,0.0,,,0,0.0,96.827637,66072,0.3593,hold,,,0.0,,,0,0.0,115.599998,21689,0.1408,hold,,,0.0,,,0,0.0,97.843353,26147,0.1437,hold,,,0.0,,,0,0.0
2015-04-02,17796361,81,False,False,,171.724533,37053,0.3575,hold,,,0.0,,,0,0.0,96.892143,66072,0.3597,hold,,,0.0,,,0,0.0,115.279999,21689,0.1405,hold,,,0.0,,,0,0.0,96.806686,26147,0.1422,hold,,,0.0,,,0,0.0
2015-04-06,17908025,81,False,False,,172.880783,37053,0.3577,hold,,,0.0,,,0,0.0,97.684845,66072,0.3604,hold,,,0.0,,,0,0.0,116.690002,21689,0.1413,hold,,,0.0,,,0,0.0,96.266075,26147,0.1406,hold,,,0.0,,,0,0.0
2015-04-07,17888635,81,False,False,,172.423309,37053,0.3571,hold,,,0.0,,,0,0.0,97.518921,66072,0.3602,hold,,,0.0,,,0,0.0,116.110001,21689,0.1408,hold,,,0.0,,,0,0.0,97.073204,26147,0.1419,hold,,,0.0,,,0,0.0
2015-04-08,17948263,81,False,False,,173.005585,37053,0.3572,hold,,,0.0,,,0,0.0,98.29319,66072,0.3618,hold,,,0.0,,,0,0.0,115.470001,21689,0.1395,hold,,,0.0,,,0,0.0,97.102882,26147,0.1415,hold,,,0.0,,,0,0.0
2015-04-09,17967156,81,False,False,,173.770905,37053,0.3584,hold,,,0.0,,,0,0.0,98.910736,66072,0.3637,hold,,,0.0,,,0,0.0,114.669998,21689,0.1384,hold,,,0.0,,,0,0.0,95.844009,26147,0.1395,hold,,,0.0,,,0,0.0
2015-04-10,18060963,81,False,False,,174.719193,37053,0.3584,hold,,,0.0,,,0,0.0,99.316299,66072,0.3633,hold,,,0.0,,,0,0.0,115.970001,21689,0.1393,hold,,,0.0,,,0,0.0,95.984695,26147,0.139,hold,,,0.0,,,0,0.0
2015-04-13,18000720,81,False,False,,173.928879,37053,0.358,hold,,,0.0,,,0,0.0,99.067444,66072,0.3636,hold,,,0.0,,,0,0.0,115.139999,21689,0.1387,hold,,,0.0,,,0,0.0,96.117966,26147,0.1396,hold,,,0.0,,,0,0.0
2015-04-14,17996803,81,False,False,,174.261688,37053,0.3588,hold,,,0.0,,,0,0.0,98.7817,66072,0.3627,hold,,,0.0,,,0,0.0,114.440002,21689,0.1379,hold,,,0.0,,,0,0.0,96.799232,26147,0.1406,hold,,,0.0,,,0,0.0
2015-04-15,18085921,81,False,False,,175.043579,37053,0.3586,hold,,,0.0,,,0,0.0,99.399254,66072,0.3631,hold,,,0.0,,,0,0.0,115.43,21689,0.1384,hold,,,0.0,,,0,0.0,96.717812,26147,0.1398,hold,,,0.0,,,0,0.0
2015-04-16,18053676,81,False,False,,174.993668,37053,0.3592,hold,,,0.0,,,0,0.0,99.261009,66072,0.3633,hold,,,0.0,,,0,0.0,115.029999,21689,0.1382,hold,,,0.0,,,0,0.0,96.236481,26147,0.1394,hold,,,0.0,,,0,0.0
2015-04-17,17917985,81,False,False,,172.980621,37053,0.3577,hold,,,0.0,,,0,0.0,97.712502,66072,0.3603,hold,,,0.0,,,0,0.0,115.599998,21689,0.1399,hold,,,0.0,,,0,0.0,97.339813,26147,0.142,hold,,,0.0,,,0,0.0
2015-04-20,18031832,81,False,False,,174.561142,37053,0.3587,hold,,,0.0,,,0,0.0,99.178017,66072,0.3634,hold,,,0.0,,,0,0.0,114.720001,21689,0.138,hold,,,0.0,,,0,0.0,96.48082,26147,0.1399,hold,,,0.0,,,0,0.0
2015-04-21,18055031,81,False,False,,174.353165,37053,0.3578,hold,,,0.0,,,0,0.0,99.60202,66072,0.3645,hold,,,0.0,,,0,0.0,115.379997,21689,0.1386,hold,,,0.0,,,0,0.0,96.043922,26147,0.1391,hold,,,0.0,,,0,0.0
2015-04-22,18050757,81,False,False,,175.209991,37053,0.3597,hold,,,0.0,,,0,0.0,100.145859,66072,0.3666,hold,,,0.0,,,0,0.0,113.830002,21689,0.1368,hold,,,0.0,,,0,0.0,94.577728,26147,0.137,hold,,,0.0,,,0,0.0
2015-04-23,18120713,81,False,False,,175.650864,37053,0.3592,hold,,,0.0,,,0,0.0,100.523758,66072,0.3665,hold,,,0.0,,,0,0.0,114.660004,21689,0.1372,hold,,,0.0,,,0,0.0,94.985008,26147,0.1371,hold,,,0.0,,,0,0.0
2015-04-24,18206517,81,False,False,,176.058426,37053,0.3583,hold,,,0.0,,,0,0.0,101.887924,66072,0.3698,hold,,,0.0,,,0,0.0,113.050003,21689,0.1347,hold,,,0.0,,,0,0.0,95.577408,26147,0.1373,hold,,,0.0,,,0,0.0
2015-04-27,18211791,81,False,False,,175.326416,37053,0.3567,hold,,,0.0,,,0,0.0,101.629807,66072,0.3687,hold,,,0.0,,,0,0.0,115.330002,21689,0.1374,hold,,,0.0,,,0,0.0,95.577408,26147,0.1372,hold,,,0.0,,,0,0.0
2015-04-28,18206271,81,False,False,,175.883789,37053,0.358,hold,,,0.0,,,0,0.0,101.427063,66072,0.3681,hold,,,0.0,,,0,0.0,116.330002,21689,0.1386,hold,,,0.0,,,0,0.0,94.259285,26147,0.1354,hold,,,0.0,,,0,0.0
2015-04-29,18089445,81,False,False,,175.16008,37053,0.3588,hold,,,0.0,,,0,0.0,100.791069,66072,0.3681,hold,,,0.0,,,0,0.0,115.510002,21689,0.1385,hold,,,0.0,,,0,0.0,93.104095,26147,0.1346,hold,,,0.0,,,0,0.0
2015-04-30,17879674,81,False,False,,173.404892,37053,0.3594,hold,,,0.0,,,0,0.0,99.205681,66072,0.3666,hold,,,0.0,,,0,0.0,113.470001,21689,0.1376,hold,,,0.0,,,0,0.0,93.267006,26147,0.1364,hold,,,0.0,,,0,0.0
2015-05-01,17994524,81,True,False,,175.284851,37053,0.3609,hold,REDUCE_TO_TARGET,rebalance 2015-05-01,-196746.0,,,0,0.0,100.514534,66072,0.3691,hold,REDUCE_TO_TARGET,rebalance 2015-05-01,-343113.0,,,0,0.0,113.080002,21689,0.1363,hold,INCREASE_TO_TARGET,rebalance 2015-05-01,246586.0,,,0,0.0,92.011497,26147,0.1337,hold,INCREASE_TO_TARGET,rebalance 2015-05-01,293354.0,,,0,0.0
2015-05-04,18016984,123,False,True,monthly,175.78392,35930,0.3506,hold,,,0.0,REDUCE_TO_TARGET,sell,1123,175.181918,100.680466,62660,0.3501,hold,,,0.0,REDUCE_TO_TARGET,sell,3412,100.534647,114.099998,23841,0.151,hold,,,0.0,INCREASE_TO_TARGET,buy,2152,114.18,91.143326,29317,0.1483,hold,,,0.0,INCREASE_TO_TARGET,buy,3170,92.234108
2015-05-05,17845783,123,False,False,,173.770905,35930,0.3499,hold,,,0.0,,,0,0.0,99.03978,62660,0.3477,hold,,,0.0,,,0,0.0,114.419998,23841,0.1529,hold,,,0.0,,,0,0.0,91.01722,29317,0.1495,hold,,,0.0,,,0,0.0
2015-05-06,17730225,123,False,False,,173.055466,35930,0.3507,hold,,,0.0,,,0,0.0,98.357712,62660,0.3476,hold,,,0.0,,,0,0.0,114.360001,23841,0.1538,hold,,,0.0,,,0,0.0,89.458931,29317,0.1479,hold,,,0.0,,,0,0.0
2015-05-07,17804826,123,False,False,,173.745926,35930,0.3506,hold,,,0.0,,,0,0.0,98.947594,62660,0.3482,hold,,,0.0,,,0,0.0,113.419998,23841,0.1519,hold,,,0.0,,,0,0.0,90.661041,29317,0.1493,hold,,,0.0,,,0,0.0
2015-05-08,17984702,123,False,False,,176.033493,35930,0.3517,hold,,,0.0,,,0,0.0,100.182709,62660,0.349,hold,,,0.0,,,0,0.0,113.970001,23841,0.1511,hold,,,0.0,,,0,0.0,90.905899,29317,0.1482,hold,,,0.0,,,0,0.0
2015-05-11,17854942,123,False,False,,175.193344,35930,0.3525,hold,,,0.0,,,0,0.0,99.795609,62660,0.3502,hold,,,0.0,,,0,0.0,113.529999,23841,0.1516,hold,,,0.0,,,0,0.0,88.694626,29317,0.1456,hold,,,0.0,,,0,0.0
2015-05-12,17837680,123,False,False,,174.669281,35930,0.3518,hold,,,0.0,,,0,0.0,99.343948,62660,0.349,hold,,,0.0,,,0,0.0,114.5,23841,0.153,hold,,,0.0,,,0,0.0,88.924637,29317,0.1462,hold,,,0.0,,,0,0.0
2015-05-13,17879573,123,False,False,,174.702499,35930,0.3511,hold,,,0.0,,,0,0.0,99.546753,62660,0.3489,hold,,,0.0,,,0,0.0,116.550003,23841,0.1554,hold,,,0.0,,,0,0.0,88.212341,29317,0.1446,hold,,,0.0,,,0,0.0
2015-05-14,18058263,123,False,False,,176.524277,35930,0.3512,hold,,,0.0,,,0,0.0,101.003059,62660,0.3505,hold,,,0.0,,,0,0.0,117.18,23841,0.1547,hold,,,0.0,,,0,0.0,88.449799,29317,0.1436,hold,,,0.0,,,0,0.0
2015-05-15,18125474,123,False,False,,176.715607,35930,0.3503,hold,,,0.0,,,0,0.0,101.003059,62660,0.3492,hold,,,0.0,,,0,0.0,117.529999,23841,0.1546,hold,,,0.0,,,0,0.0,90.223251,29317,0.1459,hold,,,0.0,,,0,0.0
2015-05-18,18128304,123,False,False,,177.264572,35930,0.3513,hold,,,0.0,,,0,0.0,101.445488,62660,0.3506,hold,,,0.0,,,0,0.0,117.519997,23841,0.1546,hold,,,0.0,,,0,0.0,88.70948,29317,0.1435,hold,,,0.0,,,0,0.0
2015-05-19,18057365,123,False,False,,177.206421,35930,0.3526,hold,,,0.0,,,0,0.0,101.334892,62660,0.3516,hold,,,0.0,,,0,0.0,115.889999,23841,0.153,hold,,,0.0,,,0,0.0,87.922943,29317,0.1427,hold,,,0.0,,,0,0.0
2015-05-20,18065802,123,False,False,,177.081528,35930,0.3522,hold,,,0.0,,,0,0.0,101.399414,62660,0.3517,hold,,,0.0,,,0,0.0,116.080002,23841,0.1532,hold,,,0.0,,,0,0.0,88.071381,29317,0.1429,hold,,,0.0,,,0,0.0
2015-05-21,18144068,123,False,False,,177.597321,35930,0.3517,hold,,,0.0,,,0,0.0,101.924782,62660,0.352,hold,,,0.0,,,0,0.0,115.690002,23841,0.152,hold,,,0.0,,,0,0.0,89.303154,29317,0.1443,hold,,,0.0,,,0,0.0
2015-05-22,18121413,123,False,False,,177.17308,35930,0.3513,hold,,,0.0,,,0,0.0,101.82341,62660,0.3521,hold,,,0.0,,,0,0.0,115.599998,23841,0.1521,hold,,,0.0,,,0,0.0,89.34021,29317,0.1445,hold,,,0.0,,,0,0.0
2015-05-26,17984141,123,False,False,,175.268143,35930,0.3502,hold,,,0.0,,,0,0.0,100.652802,62660,0.3507,hold,,,0.0,,,0,0.0,113.910004,23841,0.151,hold,,,0.0,,,0,0.0,90.868805,29317,0.1481,hold,,,0.0,,,0,0.0
2015-05-27,18151182,123,False,False,,176.931854,35930,0.3502,hold,,,0.0,,,0,0.0,102.27504,62660,0.3531,hold,,,0.0,,,0,0.0,113.889999,23841,0.1496,hold,,,0.0,,,0,0.0,91.076561,29317,0.1471,hold,,,0.0,,,0,0.0
2015-05-28,18126146,123,False,False,,176.732254,35930,0.3503,hold,,,0.0,,,0,0.0,102.044632,62660,0.3528,hold,,,0.0,,,0,0.0,114.019997,23841,0.15,hold,,,0.0,,,0,0.0,90.853958,29317,0.1469,hold,,,0.0,,,0,0.0
2015-05-29,18056356,123,False,False,,175.634247,35930,0.3495,hold,,,0.0,,,0,0.0,101.436279,62660,0.352,hold,,,0.0,,,0,0.0,114.099998,23841,0.1507,hold,,,0.0,,,0,0.0,91.054314,29317,0.1478,hold,,,0.0,,,0,0.0
2015-06-01,18059502,123,True,False,,175.991898,35930,0.3501,hold,,,0.0,,,0,0.0,101.777328,62660,0.3531,hold,,,0.0,,,0,0.0,114.0,23841,0.1505,hold,,,0.0,,,0,0.0,90.075676,29317,0.1462,hold,,,0.0,,,0,0.0
2015-06-02,18007135,123,False,False,,175.81723,35930,0.3508,hold,,,0.0,,,0,0.0,101.45472,62660,0.353,hold,,,0.0,,,0,0.0,114.459999,23841,0.1515,hold,,,0.0,,,0,0.0,88.818962,29317,0.1446,hold,,,0.0,,,0,0.0
2015-06-03,17981523,123,False,False,,176.28302,35930,0.3522,hold,,,0.0,,,0,0.0,101.758888,62660,0.3546,hold,,,0.0,,,0,0.0,113.639999,23841,0.1507,hold,,,0.0,,,0,0.0,87.39119,29317,0.1425,hold,,,0.0,,,0,0.0
2015-06-04,17893795,123,False,False,,174.794098,35930,0.351,hold,,,0.0,,,0,0.0,100.984627,62660,0.3536,hold,,,0.0,,,0,0.0,112.839996,23841,0.1503,hold,,,0.0,,,0,0.0,88.528999,29317,0.145,hold,,,0.0,,,0,0.0
2015-06-05,17822103,123,False,False,,174.494629,35930,0.3518,hold,,,0.0,,,0,0.0,100.745003,62660,0.3542,hold,,,0.0,,,0,0.0,112.239998,23841,0.1501,hold,,,0.0,,,0,0.0,87.450684,29317,0.1439,hold,,,0.0,,,0,0.0
2015-06-08,17724468,123,False,False,,173.421494,35930,0.3515,hold,,,0.0,,,0,0.0,99.721863,62660,0.3525,hold,,,0.0,,,0,0.0,112.57,23841,0.1514,hold,,,0.0,,,0,0.0,87.353989,29317,0.1445,hold,,,0.0,,,0,0.0
2015-06-09,17698859,123,False,False,,173.396515,35930,0.352,hold,,,0.0,,,0,0.0,99.555931,62660,0.3525,hold,,,0.0,,,0,0.0,112.82,23841,0.152,hold,,,0.0,,,0,0.0,86.662453,29317,0.1436,hold,,,0.0,,,0,0.0
2015-06-10,17859709,123,False,False,,175.476151,35930,0.353,hold,,,0.0,,,0,0.0,100.920082,62660,0.3541,hold,,,0.0,,,0,0.0,113.779999,23841,0.1519,hold,,,0.0,,,0,0.0,85.903946,29317,0.141,hold,,,0.0,,,0,0.0
2015-06-11,17929854,123,False,False,,176.041794,35930,0.3528,hold,,,0.0,,,0,0.0,101.067612,62660,0.3532,hold,,,0.0,,,0,0.0,113.260002,23841,0.1506,hold,,,0.0,,,0,0.0,87.710915,29317,0.1434,hold,,,0.0,,,0,0.0
2015-06-12,17828738,123,False,False,,174.694214,35930,0.3521,hold,,,0.0,,,0,0.0,100.238022,62660,0.3523,hold,,,0.0,,,0,0.0,113.230003,23841,0.1514,hold,,,0.0,,,0,0.0,87.710915,29317,0.1442,hold,,,0.0,,,0,0.0
2015-06-15,17786712,123,False,False,,173.945511,35930,0.3514,hold,,,0.0,,,0,0.0,99.74028,62660,0.3514,hold,,,0.0,,,0,0.0,113.730003,23841,0.1524,hold,,,0.0,,,0,0.0,87.852226,29317,0.1448,hold,,,0.0,,,0,0.0
2015-06-16,17865367,123,False,False,,174.893921,35930,0.3517,hold,,,0.0,,,0,0.0,100.284126,62660,0.3517,hold,,,0.0,,,0,0.0,113.32,23841,0.1512,hold,,,0.0,,,0,0.0,88.543831,29317,0.1453,hold,,,0.0,,,0,0.0
2015-06-17,17885433,123,False,False,,175.176727,35930,0.3519,hold,,,0.0,,,0,0.0,100.560646,62660,0.3523,hold,,,0.0,,,0,0.0,113.849998,23841,0.1518,hold,,,0.0,,,0,0.0,87.85968,29317,0.144,hold,,,0.0,,,0,0.0
2015-06-18,18065119,123,False,False,,176.998413,35930,0.352,hold,,,0.0,,,0,0.0,102.026176,62660,0.3539,hold,,,0.0,,,0,0.0,115.32,23841,0.1522,hold,,,0.0,,,0,0.0,87.428406,29317,0.1419,hold,,,0.0,,,0,0.0
2015-06-19,18033431,123,False,False,,176.212692,35930,0.3511,hold,,,0.0,,,0,0.0,101.521751,62660,0.3528,hold,,,0.0,,,0,0.0,115.120003,23841,0.1522,hold,,,0.0,,,0,0.0,88.551247,29317,0.144,hold,,,0.0,,,0,0.0
2015-06-22,18024495,123,False,False,,177.115402,35930,0.3531,hold,,,0.0,,,0,0.0,102.270065,62660,0.3555,hold,,,0.0,,,0,0.0,113.639999,23841,0.1503,hold,,,0.0,,,0,0.0,86.744263,29317,0.1411,hold,,,0.0,,,0,0.0
2015-06-23,18001069,123,False,False,,177.240784,35930,0.3538,hold,,,0.0,,,0,0.0,102.353249,62660,0.3563,hold,,,0.0,,,0,0.0,112.889999,23841,0.1495,hold,,,0.0,,,0,0.0,86.223679,29317,0.1404,hold,,,0.0,,,0,0.0
2015-06-24,17936470,123,False,False,,175.953522,35930,0.3525,hold,,,0.0,,,0,0.0,101.826645,62660,0.3557,hold,,,0.0,,,0,0.0,112.589996,23841,0.1497,hold,,,0.0,,,0,0.0,86.967316,29317,0.1421,hold,,,0.0,,,0,0.0
2015-06-25,17892001,123,False,False,,175.41864,35930,0.3523,hold,,,0.0,,,0,0.0,101.623383,62660,0.3559,hold,,,0.0,,,0,0.0,112.440002,23841,0.1498,hold,,,0.0,,,0,0.0,86.662453,29317,0.142,hold,,,0.0,,,0,0.0
2015-06-26,17822841,123,False,False,,175.385162,35930,0.3536,hold,,,0.0,,,0,0.0,100.948967,62660,0.3549,hold,,,0.0,,,0,0.0,112.559998,23841,0.1506,hold,,,0.0,,,0,0.0,85.688309,29317,0.1409,hold,,,0.0,,,0,0.0
2015-06-29,17619992,123,False,False,,171.70726,35930,0.3501,hold,,,0.0,,,0,0.0,98.56543,62660,0.3505,hold,,,0.0,,,0,0.0,113.07,23841,0.153,hold,,,0.0,,,0,0.0,87.956322,29317,0.1463,hold,,,0.0,,,0,0.0
2015-06-30,17620340,123,False,False,,172.066727,35930,0.3509,hold,,,0.0,,,0,0.0,98.916496,62660,0.3518,hold,,,0.0,,,0,0.0,112.370003,23841,0.152,hold,,,0.0,,,0,0.0,87.34655,29317,0.1453,hold,,,0.0,,,0,0.0
2015-07-01,17675237,123,True,False,,173.445892,35930,0.3526,hold,,,0.0,,,0,0.0,99.701759,62660,0.3534,hold,,,0.0,,,0,0.0,111.980003,23841,0.151,hold,,,0.0,,,0,0.0,86.167587,29317,0.1429,hold,,,0.0,,,0,0.0
2015-07-02,17674325,123,False,False,,173.287094,35930,0.3523,hold,,,0.0,,,0,0.0,99.7295,62660,0.3536,hold,,,0.0,,,0,0.0,111.760002,23841,0.1508,hold,,,0.0,,,0,0.0,86.450737,29317,0.1434,hold,,,0.0,,,0,0.0
2015-07-06,17696263,123,False,False,,172.79393,35930,0.3508,hold,,,0.0,,,0,0.0,99.49855,62660,0.3523,hold,,,0.0,,,0,0.0,112.059998,23841,0.151,hold,,,0.0,,,0,0.0,88.053093,29317,0.1459,hold,,,0.0,,,0,0.0
2015-07-07,17744193,123,False,False,,173.880524,35930,0.3521,hold,,,0.0,,,0,0.0,99.747978,62660,0.3522,hold,,,0.0,,,0,0.0,110.760002,23841,0.1488,hold,,,0.0,,,0,0.0,88.880348,29317,0.1468,hold,,,0.0,,,0,0.0
2015-07-08,17560918,123,False,False,,170.963348,35930,0.3498,hold,,,0.0,,,0,0.0,98.011116,62660,0.3497,hold,,,0.0,,,0,0.0,111.089996,23841,0.1508,hold,,,0.0,,,0,0.0,89.647942,29317,0.1497,hold,,,0.0,,,0,0.0
2015-07-09,17523212,123,False,False,,171.272598,35930,0.3512,hold,,,0.0,,,0,0.0,97.955704,62660,0.3503,hold,,,0.0,,,0,0.0,111.360001,23841,0.1515,hold,,,0.0,,,0,0.0,87.881653,29317,0.147,hold,,,0.0,,,0,0.0
2015-07-10,17656720,123,False,False,,173.429169,35930,0.3529,hold,,,0.0,,,0,0.0,99.452354,62660,0.3529,hold,,,0.0,,,0,0.0,111.489998,23841,0.1505,hold,,,0.0,,,0,0.0,86.488014,29317,0.1436,hold,,,0.0,,,0,0.0
2015-07-13,17815121,123,False,False,,175.343414,35930,0.3536,hold,,,0.0,,,0,0.0,101.198425,62660,0.3559,hold,,,0.0,,,0,0.0,110.989998,23841,0.1485,hold,,,0.0,,,0,0.0,86.219704,29317,0.1419,hold,,,0.0,,,0,0.0
2015-07-14,17886467,123,False,False,,176.103943,35930,0.3538,hold,,,0.0,,,0,0.0,101.863556,62660,0.3568,hold,,,0.0,,,0,0.0,110.739998,23841,0.1476,hold,,,0.0,,,0,0.0,86.502937,29317,0.1418,hold,,,0.0,,,0,0.0
2015-07-15,17904366,123,False,False,,176.045532,35930,0.3533,hold,,,0.0,,,0,0.0,101.97448,62660,0.3569,hold,,,0.0,,,0,0.0,110.160004,23841,0.1467,hold,,,0.0,,,0,0.0,87.419632,29317,0.1431,hold,,,0.0,,,0,0.0
2015-07-16,18053589,123,False,False,,177.45816,35930,0.3532,hold,,,0.0,,,0,0.0,103.415703,62660,0.3589,hold,,,0.0,,,0,0.0,109.760002,23841,0.1449,hold,,,0.0,,,0,0.0,88.023247,29317,0.1429,hold,,,0.0,,,0,0.0
2015-07-17,18141369,123,False,False,,177.608566,35930,0.3518,hold,,,0.0,,,0,0.0,104.939987,62660,0.3625,hold,,,0.0,,,0,0.0,108.650002,23841,0.1428,hold,,,0.0,,,0,0.0,88.477867,29317,0.143,hold,,,0.0,,,0,0.0
2015-07-20,18085996,123,False,False,,177.7005,35930,0.353,hold,,,0.0,,,0,0.0,105.300323,62660,0.3648,hold,,,0.0,,,0,0.0,105.699997,23841,0.1393,hold,,,0.0,,,0,0.0,88.105263,29317,0.1428,hold,,,0.0,,,0,0.0
2015-07-21,18062835,123,False,False,,176.998413,35930,0.3521,hold,,,0.0,,,0,0.0,105.235664,62660,0.3651,hold,,,0.0,,,0,0.0,105.370003,23841,0.1391,hold,,,0.0,,,0,0.0,88.582245,29317,0.1438,hold,,,0.0,,,0,0.0
2015-07-22,17979325,123,False,False,,176.680801,35930,0.3531,hold,,,0.0,,,0,0.0,104.043877,62660,0.3626,hold,,,0.0,,,0,0.0,104.800003,23841,0.139,hold,,,0.0,,,0,0.0,89.133751,29317,0.1453,hold,,,0.0,,,0,0.0
2015-07-23,17940618,123,False,False,,175.686066,35930,0.3518,hold,,,0.0,,,0,0.0,103.655838,62660,0.362,hold,,,0.0,,,0,0.0,104.330002,23841,0.1386,hold,,,0.0,,,0,0.0,90.244156,29317,0.1475,hold,,,0.0,,,0,0.0
2015-07-24,17842343,123,False,False,,173.863846,35930,0.3501,hold,,,0.0,,,0,0.0,102.639641,62660,0.3605,hold,,,0.0,,,0,0.0,105.349998,23841,0.1408,hold,,,0.0,,,0,0.0,90.467751,29317,0.1486,hold,,,0.0,,,0,0.0
2015-07-27,17755265,123,False,False,,172.852417,35930,0.3498,hold,,,0.0,,,0,0.0,101.789696,62660,0.3592,hold,,,0.0,,,0,0.0,104.860001,23841,0.1408,hold,,,0.0,,,0,0.0,90.952171,29317,0.1502,hold,,,0.0,,,0,0.0
2015-07-28,17870912,123,False,False,,174.975555,35930,0.3518,hold,,,0.0,,,0,0.0,102.667351,62660,0.36,hold,,,0.0,,,0,0.0,105.019997,23841,0.1401,hold,,,0.0,,,0,0.0,90.288887,29317,0.1481,hold,,,0.0,,,0,0.0
2015-07-29,17932218,123,False,False,,176.179245,35930,0.353,hold,,,0.0,,,0,0.0,103.055367,62660,0.3601,hold,,,0.0,,,0,0.0,105.169998,23841,0.1398,hold,,,0.0,,,0,0.0,89.953506,29317,0.1471,hold,,,0.0,,,0,0.0
2015-07-30,17963260,123,False,False,,176.220993,35930,0.3525,hold,,,0.0,,,0,0.0,103.544983,62660,0.3612,hold,,,0.0,,,0,0.0,104.269997,23841,0.1384,hold,,,0.0,,,0,0.0,90.646606,29317,0.1479,hold,,,0.0,,,0,0.0
2015-07-31,17981522,123,False,False,,175.953522,35930,0.3516,hold,,,0.0,,,0,0.0,103.424881,62660,0.3604,hold,,,0.0,,,0,0.0,104.93,23841,0.1391,hold,,,0.0,,,0,0.0,91.317314,29317,0.1489,hold,,,0.0,,,0,0.0
2015-08-03,17948333,123,True,False,,175.360062,35930,0.351,hold,,,0.0,,,0,0.0,103.101547,62660,0.3599,hold,,,0.0,,,0,0.0,104.099998,23841,0.1383,hold,,,0.0,,,0,0.0,92.278618,29317,0.1507,hold,,,0.0,,,0,0.0
2015-08-04,17907411,123,False,False,,175.017395,35930,0.3512,hold,,,0.0,,,0,0.0,102.907524,62660,0.3601,hold,,,0.0,,,0,0.0,104.309998,23841,0.1389,hold,,,0.0,,,0,0.0,91.546631,29317,0.1499,hold,,,0.0,,,0,0.0
2015-08-05,17948713,123,False,False,,175.594131,35930,0.3515,hold,,,0.0,,,0,0.0,103.702034,62660,0.362,hold,,,0.0,,,0,0.0,103.93,23841,0.138,hold,,,0.0,,,0,0.0,90.85952,29317,0.1484,hold,,,0.0,,,0,0.0
2015-08-06,17827473,123,False,False,,174.156418,35930,0.351,hold,,,0.0,,,0,0.0,102.039124,62660,0.3586,hold,,,0.0,,,0,0.0,104.389999,23841,0.1396,hold,,,0.0,,,0,0.0,91.666145,29317,0.1507,hold,,,0.0,,,0,0.0
2015-08-07,17848805,123,False,False,,173.822052,35930,0.3499,hold,,,0.0,,,0,0.0,101.909767,62660,0.3578,hold,,,0.0,,,0,0.0,104.650002,23841,0.1398,hold,,,0.0,,,0,0.0,92.868607,29317,0.1525,hold,,,0.0,,,0,0.0
2015-08-10,17992223,123,False,False,,176.01207,35930,0.3515,hold,,,0.0,,,0,0.0,103.07383,62660,0.359,hold,,,0.0,,,0,0.0,105.720001,23841,0.1401,hold,,,0.0,,,0,0.0,91.718452,29317,0.1494,hold,,,0.0,,,0,0.0
2015-08-11,17907954,123,False,False,,174.423935,35930,0.35,hold,,,0.0,,,0,0.0,101.752724,62660,0.356,hold,,,0.0,,,0,0.0,106.260002,23841,0.1415,hold,,,0.0,,,0,0.0,93.174881,29317,0.1525,hold,,,0.0,,,0,0.0
2015-08-12,17958090,123,False,False,,174.632812,35930,0.3494,hold,,,0.0,,,0,0.0,102.10379,62660,0.3563,hold,,,0.0,,,0,0.0,107.75,23841,0.143,hold,,,0.0,,,0,0.0,92.666992,29317,0.1513,hold,,,0.0,,,0,0.0
2015-08-13,17909887,123,False,False,,174.415558,35930,0.3499,hold,,,0.0,,,0,0.0,101.937508,62660,0.3566,hold,,,0.0,,,0,0.0,106.860001,23841,0.1422,hold,,,0.0,,,0,0.0,92.368233,29317,0.1512,hold,,,0.0,,,0,0.0
2015-08-14,17948663,123,False,False,,175.050797,35930,0.3504,hold,,,0.0,,,0,0.0,102.094559,62660,0.3564,hold,,,0.0,,,0,0.0,106.849998,23841,0.1419,hold,,,0.0,,,0,0.0,92.584793,29317,0.1512,hold,,,0.0,,,0,0.0
2015-08-17,18055996,123,False,False,,176.028793,35930,0.3503,hold,,,0.0,,,0,0.0,102.944481,62660,0.3572,hold,,,0.0,,,0,0.0,107.129997,23841,0.1415,hold,,,0.0,,,0,0.0,93.003067,29317,0.151,hold,,,0.0,,,0,0.0
2015-08-18,17982744,123,False,False,,175.518936,35930,0.3507,hold,,,0.0,,,0,0.0,102.41787,62660,0.3569,hold,,,0.0,,,0,0.0,107.110001,23841,0.142,hold,,,0.0,,,0,0.0,92.271103,29317,0.1504,hold,,,0.0,,,0,0.0
2015-08-19,17951675,123,False,False,,174.131332,35930,0.3485,hold,,,0.0,,,0,0.0,101.743484,62660,0.3551,hold,,,0.0,,,0,0.0,108.550003,23841,0.1442,hold,,,0.0,,,0,0.0,93.182312,29317,0.1522,hold,,,0.0,,,0,0.0
2015-08-20,17717120,123,False,False,,170.495285,35930,0.3458,hold,,,0.0,,,0,0.0,98.925713,62660,0.3499,hold,,,0.0,,,0,0.0,110.440002,23841,0.1486,hold,,,0.0,,,0,0.0,94.123413,29317,0.1557,hold,,,0.0,,,0,0.0
2015-08-21,17286573,123,False,False,,165.362915,35930,0.3437,hold,,,0.0,,,0,0.0,94.60215,62660,0.3429,hold,,,0.0,,,0,0.0,111.129997,23841,0.1533,hold,,,0.0,,,0,0.0,94.407303,29317,0.1601,hold,,,0.0,,,0,0.0
2015-08-24,16793131,123,False,False,,158.399963,35930,0.3389,sell,EXIT_ALL,signal sell,-5691311.0,,,0,0.0,90.962173,62660,0.3394,sell,EXIT_ALL,signal sell,-5699690.0,,,0,0.0,110.529999,23841,0.1569,hold,,,0.0,,,0,0.0,94.37738,29317,0.1648,hold,,,0.0,,,0,0.0
2015-08-25,17067758,11742862,False,False,,156.53595,0,0.0,hold,,,0.0,EXIT_ALL,sell,35930,162.866681,90.620323,0,0.0,hold,,,0.0,EXIT_ALL,sell,62660,94.014352,109.160004,23841,0.1525,hold,,,0.0,,,0,0.0,92.861206,29317,0.1595,hold,,,0.0,,,0,0.0
2015-08-26,16979683,11742862,False,False,,162.54599,0,0.0,hold,,,0.0,,,0,0.0,95.184151,0,0.0,hold,,,0.0,,,0,0.0,107.669998,23841,0.1512,hold,,,0.0,,,0,0.0,91.068665,29317,0.1572,hold,,,0.0,,,0,0.0
2015-08-27,16982646,11742862,False,False,,166.566559,0,0.0,hold,,,0.0,,,0,0.0,97.595383,0,0.0,hold,,,0.0,,,0,0.0,107.730003,23841,0.1512,hold,,,0.0,,,0,0.0,91.120926,29317,0.1573,hold,,,0.0,,,0,0.0
2015-08-28,17013653,11742862,False,False,,166.574966,0,0.0,hold,,,0.0,,,0,0.0,97.576942,0,0.0,hold,,,0.0,,,0,0.0,108.699997,23841,0.1523,hold,,,0.0,,,0,0.0,91.389771,29317,0.1575,hold,,,0.0,,,0,0.0
2015-08-31,16995931,11742862,False,False,,165.229172,0,0.0,hold,,,0.0,,,0,0.0,96.366684,0,0.0,hold,,,0.0,,,0,0.0,108.82,23841,0.1526,hold,,,0.0,,,0,0.0,90.687683,29317,0.1564,hold,,,0.0,,,0,0.0
2015-09-01,17024148,11742862,True,False,,160.297455,0,0.0,hold,,,0.0,,,0,0.0,93.354927,0,0.0,hold,,,0.0,,,0,0.0,109.199997,23841,0.1529,hold,,,0.0,,,0,0.0,91.341164,29317,0.1573,hold,,,0.0,,,0,0.0
2015-09-02,16987279,11742862,False,False,,163.340088,0,0.0,hold,,,0.0,,,0,0.0,95.987923,0,0.0,hold,,,0.0,,,0,0.0,108.620003,23841,0.1524,hold,,,0.0,,,0,0.0,90.555199,29317,0.1563,hold,,,0.0,,,0,0.0
2015-09-03,16981631,11742862,False,False,,163.457123,0,0.0,hold,,,0.0,,,0,0.0,95.516747,0,0.0,hold,,,0.0,,,0,0.0,107.839996,23841,0.1514,hold,,,0.0,,,0,0.0,90.996857,29317,0.1571,hold,,,0.0,,,0,0.0
2015-09-04,16997644,11742862,False,False,,160.982849,0,0.0,hold,,,0.0,,,0,0.0,94.380402,0,0.0,hold,,,0.0,,,0,0.0,107.489998,23841,0.1508,hold,,,0.0,,,0,0.0,91.82769,29317,0.1584,hold,,,0.0,,,0,0.0
2015-09-08,16958640,11742862,False,False,,165.028534,0,0.0,hold,,,0.0,,,0,0.0,97.041084,0,0.0,hold,,,0.0,,,0,0.0,107.519997,23841,0.1512,hold,,,0.0,,,0,0.0,90.472893,29317,0.1564,hold,,,0.0,,,0,0.0
2015-09-09,16938229,11742862,False,False,,162.821808,0,0.0,hold,,,0.0,,,0,0.0,95.950943,0,0.0,hold,,,0.0,,,0,0.0,106.129997,23841,0.1494,hold,,,0.0,,,0,0.0,90.907021,29317,0.1573,hold,,,0.0,,,0,0.0
2015-09-10,16926196,11742862,False,False,,163.707809,0,0.0,hold,,,0.0,,,0,0.0,96.994888,0,0.0,hold,,,0.0,,,0,0.0,106.379997,23841,0.1498,hold,,,0.0,,,0,0.0,90.293274,29317,0.1564,hold,,,0.0,,,0,0.0
2015-09-11,16937628,11742862,False,False,,164.451813,0,0.0,hold,,,0.0,,,0,0.0,97.530739,0,0.0,hold,,,0.0,,,0,0.0,106.160004,23841,0.1494,hold,,,0.0,,,0,0.0,90.862122,29317,0.1573,hold,,,0.0,,,0,0.0
2015-09-14,16943228,11742862,False,False,,163.841583,0,0.0,hold,,,0.0,,,0,0.0,97.235107,0,0.0,hold,,,0.0,,,0,0.0,106.220001,23841,0.1495,hold,,,0.0,,,0,0.0,91.004349,29317,0.1575,hold,,,0.0,,,0,0.0
2015-09-15,16884468,11742862,False,False,,165.889481,0,0.0,hold,,,0.0,,,0,0.0,98.380684,0,0.0,hold,,,0.0,,,0,0.0,105.900002,23841,0.1495,hold,,,0.0,,,0,0.0,89.260269,29317,0.155,hold,,,0.0,,,0,0.0
2015-09-16,16908210,11742862,False,False,,167.327209,0,0.0,hold,,,0.0,,,0,0.0,98.934967,0,0.0,hold,,,0.0,,,0,0.0,107.309998,23841,0.1513,hold,,,0.0,,,0,0.0,88.923492,29317,0.1542,hold,,,0.0,,,0,0.0
2015-09-17,16966253,11742862,False,False,,166.951065,0,0.0,hold,,,0.0,,,0,0.0,98.971939,0,0.0,hold,,,0.0,,,0,0.0,108.410004,23841,0.1523,hold,,,0.0,,,0,0.0,90.008804,29317,0.1555,hold,,,0.0,,,0,0.0
2015-09-18,17025923,11742862,False,False,,164.22287,0,0.0,hold,,,0.0,,,0,0.0,97.564301,0,0.0,hold,,,0.0,,,0,0.0,109.209999,23841,0.1529,hold,,,0.0,,,0,0.0,91.393562,29317,0.1574,hold,,,0.0,,,0,0.0
2015-09-21,16966042,11742862,False,False,,165.071533,0,0.0,hold,,,0.0,,,0,0.0,97.869858,0,0.0,hold,,,0.0,,,0,0.0,108.529999,23841,0.1525,hold,,,0.0,,,0,0.0,89.904022,29317,0.1554,hold,,,0.0,,,0,0.0
2015-09-22,16985046,11742862,False,False,,162.928909,0,0.0,hold,,,0.0,,,0,0.0,96.406624,0,0.0,hold,,,0.0,,,0,0.0,107.790001,23841,0.1513,hold,,,0.0,,,0,0.0,91.154022,29317,0.1573,hold,,,0.0,,,0,0.0
2015-09-23,16995078,11742862,False,False,,162.668396,0,0.0,hold,,,0.0,,,0,0.0,96.480713,0,0.0,hold,,,0.0,,,0,0.0,108.220001,23841,0.1518,hold,,,0.0,,,0,0.0,91.146523,29317,0.1572,hold,,,0.0,,,0,0.0
2015-09-24,17067411,11742862,False,False,,162.080276,0,0.0,hold,,,0.0,,,0,0.0,96.128845,0,0.0,hold,,,0.0,,,0,0.0,110.489998,23841,0.1543,hold,,,0.0,,,0,0.0,91.767815,29317,0.1576,hold,,,0.0,,,0,0.0
2015-09-25,17027938,11742862,False,False,,162.038239,0,0.0,hold,,,0.0,,,0,0.0,95.313858,0,0.0,hold,,,0.0,,,0,0.0,109.809998,23841,0.1537,hold,,,0.0,,,0,0.0,90.974365,29317,0.1566,hold,,,0.0,,,0,0.0
2015-09-28,17040444,11742862,False,False,,157.971527,0,0.0,hold,,,0.0,,,0,0.0,92.60038,0,0.0,hold,,,0.0,,,0,0.0,108.419998,23841,0.1517,hold,,,0.0,,,0,0.0,92.531303,29317,0.1592,hold,,,0.0,,,0,0.0
2015-09-29,17037634,11742862,False,False,,158.063995,0,0.0,hold,,,0.0,,,0,0.0,92.118813,0,0.0,hold,,,0.0,,,0,0.0,107.980003,23841,0.1511,hold,,,0.0,,,0,0.0,92.793266,29317,0.1597,hold,,,0.0,,,0,0.0
2015-09-30,17001496,11742862,False,False,,161.013168,0,0.0,hold,,,0.0,,,0,0.0,94.239601,0,0.0,hold,,,0.0,,,0,0.0,106.860001,23841,0.1498,hold,,,0.0,,,0,0.0,92.471405,29317,0.1595,hold,,,0.0,,,0,0.0
2015-10-01,17009964,11742862,True,False,,161.433304,0,0.0,hold,,,0.0,,,0,0.0,94.665588,0,0.0,hold,,,0.0,,,0,0.0,106.730003,23841,0.1496,hold,,,0.0,,,0,0.0,92.865959,29317,0.1601,hold,,,0.0,,,0,0.0
2015-10-02,17080338,11742862,False,False,,163.844727,0,0.0,hold,,,0.0,,,0,0.0,96.323341,0,0.0,hold,,,0.0,,,0,0.0,108.989998,23841,0.1521,hold,,,0.0,,,0,0.0,93.428558,29317,0.1604,hold,,,0.0,,,0,0.0
2015-10-05,17037928,11742862,False,False,,166.760361,0,0.0,hold,,,0.0,,,0,0.0,97.703186,0,0.0,hold,,,0.0,,,0,0.0,108.769997,23841,0.1522,hold,,,0.0,,,0,0.0,92.160881,29317,0.1586,hold,,,0.0,,,0,0.0
2015-10-06,17075571,11742862,False,False,,166.18898,0,0.0,hold,,,0.0,,,0,0.0,97.240143,0,0.0,hold,,,0.0,,,0,0.0,109.860001,23841,0.1534,hold,,,0.0,,,0,0.0,92.558456,29317,0.1589,hold,,,0.0,,,0,0.0
2015-10-07,17062740,11742862,False,False,,167.550171,0,0.0,hold,,,0.0,,,0,0.0,97.823586,0,0.0,hold,,,0.0,,,0,0.0,109.699997,23841,0.1533,hold,,,0.0,,,0,0.0,92.2509,29317,0.1585,hold,,,0.0,,,0,0.0
2015-10-08,17026740,11742862,False,False,,169.062576,0,0.0,hold,,,0.0,,,0,0.0,98.212524,0,0.0,hold,,,0.0,,,0,0.0,109.139999,23841,0.1528,hold,,,0.0,,,0,0.0,91.47834,29317,0.1575,hold,,,0.0,,,0,0.0
2015-10-09,17075021,11742862,False,False,,169.163391,0,0.0,hold,,,0.0,,,0,0.0,98.657066,0,0.0,hold,,,0.0,,,0,0.0,110.870003,23841,0.1548,hold,,,0.0,,,0,0.0,91.718361,29317,0.1575,hold,,,0.0,,,0,0.0
2015-10-12,17105962,11742862,False,False,,169.32309,0,0.0,hold,,,0.0,,,0,0.0,98.897865,0,0.0,hold,,,0.0,,,0,0.0,111.309998,23841,0.1551,hold,,,0.0,,,0,0.0,92.415939,29317,0.1584,hold,,,0.0,,,0,0.0
2015-10-13,17123692,11742862,False,False,,168.255981,0,0.0,hold,,,0.0,,,0,0.0,98.258858,0,0.0,hold,,,0.0,,,0,0.0,111.860001,23841,0.1557,hold,,,0.0,,,0,0.0,92.573425,29317,0.1585,hold,,,0.0,,,0,0.0
2015-10-14,17193930,11742862,False,False,,167.449295,0,0.0,hold,,,0.0,,,0,0.0,98.101425,0,0.0,hold,,,0.0,,,0,0.0,113.809998,23841,0.1578,hold,,,0.0,,,0,0.0,93.383476,29317,0.1592,hold,,,0.0,,,0,0.0
2015-10-15,17168120,11742862,False,False,,170.020462,0,0.0,hold,,,0.0,,,0,0.0,99.712814,0,0.0,hold,,,0.0,,,0,0.0,113.290001,23841,0.1573,hold,,,0.0,,,0,0.0,92.925972,29317,0.1587,hold,,,0.0,,,0,0.0
2015-10-16,17149926,11742862,False,False,,170.793427,0,0.0,hold,,,0.0,,,0,0.0,100.129578,0,0.0,hold,,,0.0,,,0,0.0,112.489998,23841,0.1564,hold,,,0.0,,,0,0.0,92.955933,29317,0.1589,hold,,,0.0,,,0,0.0
2015-10-19,17131246,11742862,False,False,,170.877411,0,0.0,hold,,,0.0,,,0,0.0,100.703743,0,0.0,hold,,,0.0,,,0,0.0,112.019997,23841,0.1559,hold,,,0.0,,,0,0.0,92.700974,29317,0.1586,hold,,,0.0,,,0,0.0
2015-10-20,17131459,11742862,False,False,,170.658997,0,0.0,hold,,,0.0,,,0,0.0,100.185143,0,0.0,hold,,,0.0,,,0,0.0,112.730003,23841,0.1569,hold,,,0.0,,,0,0.0,92.130875,29317,0.1577,hold,,,0.0,,,0,0.0
2015-10-21,17134447,11742862,False,False,,169.600311,0,0.0,hold,,,0.0,,,0,0.0,99.573914,0,0.0,hold,,,0.0,,,0,0.0,111.730003,23841,0.1555,hold,,,0.0,,,0,0.0,93.045998,29317,0.1592,hold,,,0.0,,,0,0.0
2015-10-22,17138111,11742862,False,False,,172.4655,0,0.0,hold,,,0.0,,,0,0.0,101.602036,0,0.0,hold,,,0.0,,,0,0.0,111.690002,23841,0.1554,hold,,,0.0,,,0,0.0,93.203514,29317,0.1594,hold,,,0.0,,,0,0.0
2015-10-23,17110271,11742862,False,False,,174.356018,0,0.0,hold,,,0.0,,,0,0.0,104.44516,0,0.0,hold,,,0.0,,,0,0.0,111.5,23841,0.1554,hold,,,0.0,,,0,0.0,92.408409,29317,0.1583,hold,,,0.0,,,0,0.0
2015-10-26,17126633,11742862,False,False,,173.927521,0,0.0,hold,,,0.0,,,0,0.0,104.510002,0,0.0,hold,,,0.0,,,0,0.0,111.43,23841,0.1551,hold,,,0.0,,,0,0.0,93.023445,29317,0.1592,hold,,,0.0,,,0,0.0
2015-10-27,17139411,11742862,False,False,,173.591461,0,0.0,hold,,,0.0,,,0,0.0,104.723,0,0.0,buy,ENTER_TO_TARGET,signal_buy+rebalance,5998794.0,,,0,0.0,111.68,23841,0.1553,hold,REDUCE_TO_TARGET,rebalance 2015-10-27,-91651.0,,,0,0.0,93.255989,29317,0.1595,hold,REDUCE_TO_TARGET,rebalance 2015-10-27,-163074.0,,,0,0.0
2015-10-28,17131043,5998674,False,True,daily,175.56601,0,0.0,hold,,,0.0,,,0,0.0,105.593521,57025,0.3515,hold,,,0.0,ENTER_TO_TARGET,buy,57025,104.88043,110.779999,23026,0.1489,hold,,,0.0,REDUCE_TO_TARGET,sell,815,112.34196,92.880974,27563,0.1494,hold,,,0.0,REDUCE_TO_TARGET,sell,1754,92.931367
2015-10-29,17056401,5998674,False,False,,175.465103,0,0.0,hold,,,0.0,,,0,0.0,105.426834,57025,0.3525,hold,,,0.0,,,0,0.0,109.720001,23026,0.1481,hold,,,0.0,,,0,0.0,91.403313,27563,0.1477,hold,,,0.0,,,0,0.0
2015-10-30,17038816,5998674,False,False,,174.708954,0,0.0,hold,,,0.0,,,0,0.0,104.954514,57025,0.3513,hold,,,0.0,,,0,0.0,109.300003,23026,0.1477,hold,,,0.0,,,0,0.0,92.093353,27563,0.149,hold,,,0.0,,,0,0.0
2015-11-02,17078403,5998674,True,False,,176.775879,0,0.0,buy,ENTER_TO_TARGET,signal_buy+rebalance,5977441.0,,,0,0.0,106.139938,57025,0.3544,hold,REDUCE_TO_TARGET,rebalance 2015-11-02,-75189.0,,,0,0.0,108.589996,23026,0.1464,hold,INCREASE_TO_TARGET,rebalance 2015-11-02,61367.0,,,0,0.0,91.670204,27563,0.1479,hold,INCREASE_TO_TARGET,rebalance 2015-11-02,35055.0,,,0,0.0
2015-11-03,17051500,155,False,True,monthly,177.288406,33779,0.3512,hold,,,0.0,ENTER_TO_TARGET,buy,33779,176.422971,106.510376,56314,0.3518,hold,,,0.0,REDUCE_TO_TARGET,sell,711,105.60915,106.980003,23593,0.148,hold,,,0.0,INCREASE_TO_TARGET,buy,567,107.790001,90.918434,27945,0.149,hold,,,0.0,INCREASE_TO_TARGET,buy,382,91.444629
2015-11-04,17012970,155,False,False,,176.750717,33779,0.3509,hold,,,0.0,,,0,0.0,106.519608,56314,0.3526,hold,,,0.0,,,0,0.0,105.970001,23593,0.147,hold,,,0.0,,,0,0.0,91.023689,27945,0.1495,hold,,,0.0,,,0,0.0
2015-11-05,16976334,155,False,False,,176.574203,33779,0.3513,hold,,,0.0,,,0,0.0,106.232536,56314,0.3524,hold,,,0.0,,,0,0.0,105.639999,23593,0.1468,hold,,,0.0,,,0,0.0,90.783165,27945,0.1494,hold,,,0.0,,,0,0.0
2015-11-06,16903870,155,False,False,,176.481812,33779,0.3527,hold,,,0.0,,,0,0.0,106.306602,56314,0.3542,hold,,,0.0,,,0,0.0,104.099998,23593,0.1453,hold,,,0.0,,,0,0.0,89.452667,27945,0.1479,hold,,,0.0,,,0,0.0
2015-11-09,16777621,155,False,False,,174.834961,33779,0.352,hold,,,0.0,,,0,0.0,105.176804,56314,0.353,hold,,,0.0,,,0,0.0,104.400002,23593,0.1468,hold,,,0.0,,,0,0.0,88.949013,27945,0.1482,hold,,,0.0,,,0,0.0
2015-11-10,16778281,155,False,False,,175.238266,33779,0.3528,hold,,,0.0,,,0,0.0,104.908218,56314,0.3521,hold,,,0.0,,,0,0.0,104.18,23593,0.1465,hold,,,0.0,,,0,0.0,89.21212,27945,0.1486,hold,,,0.0,,,0,0.0
2015-11-11,16734198,155,False,False,,174.549316,33779,0.3523,hold,,,0.0,,,0,0.0,104.778564,56314,0.3526,hold,,,0.0,,,0,0.0,103.830002,23593,0.1464,hold,,,0.0,,,0,0.0,89.02417,27945,0.1487,hold,,,0.0,,,0,0.0
2015-11-12,16606968,155,False,False,,172.11261,33779,0.3501,hold,,,0.0,,,0,0.0,103.759872,56314,0.3518,hold,,,0.0,,,0,0.0,103.849998,23593,0.1475,hold,,,0.0,,,0,0.0,89.452667,27945,0.1505,hold,,,0.0,,,0,0.0
2015-11-13,16434396,155,False,False,,170.180084,33779,0.3498,hold,,,0.0,,,0,0.0,101.722443,56314,0.3486,hold,,,0.0,,,0,0.0,103.559998,23593,0.1487,hold,,,0.0,,,0,0.0,89.963821,27945,0.153,hold,,,0.0,,,0,0.0
2015-11-16,16605441,155,False,False,,172.767975,33779,0.3514,hold,,,0.0,,,0,0.0,103.185661,56314,0.3499,hold,,,0.0,,,0,0.0,103.709999,23593,0.1474,hold,,,0.0,,,0,0.0,89.881149,27945,0.1513,hold,,,0.0,,,0,0.0
2015-11-17,16576715,155,False,False,,172.641998,33779,0.3518,hold,,,0.0,,,0,0.0,103.250496,56314,0.3508,hold,,,0.0,,,0,0.0,102.339996,23593,0.1457,hold,,,0.0,,,0,0.0,90.031479,27945,0.1518,hold,,,0.0,,,0,0.0
2015-11-18,16788221,155,False,False,,175.381104,33779,0.3529,hold,,,0.0,,,0,0.0,105.232376,56314,0.353,hold,,,0.0,,,0,0.0,102.43,23593,0.1439,hold,,,0.0,,,0,0.0,90.21936,27945,0.1502,hold,,,0.0,,,0,0.0
2015-11-19,16830748,155,False,False,,175.229813,33779,0.3517,hold,,,0.0,,,0,0.0,105.30645,56314,0.3523,hold,,,0.0,,,0,0.0,103.559998,23593,0.1452,hold,,,0.0,,,0,0.0,90.820755,27945,0.1508,hold,,,0.0,,,0,0.0
2015-11-20,16873616,155,False,False,,175.868454,33779,0.3521,hold,,,0.0,,,0,0.0,106.019531,56314,0.3538,hold,,,0.0,,,0,0.0,103.089996,23593,0.1441,hold,,,0.0,,,0,0.0,90.542656,27945,0.15,hold,,,0.0,,,0,0.0
2015-11-23,16837784,155,False,False,,175.666779,33779,0.3524,hold,,,0.0,,,0,0.0,105.713936,56314,0.3536,hold,,,0.0,,,0,0.0,102.260002,23593,0.1433,hold,,,0.0,,,0,0.0,90.820755,27945,0.1507,hold,,,0.0,,,0,0.0
2015-11-24,16856349,155,False,False,,175.902084,33779,0.3525,hold,,,0.0,,,0,0.0,105.621315,56314,0.3529,hold,,,0.0,,,0,0.0,102.940002,23593,0.1441,hold,,,0.0,,,0,0.0,90.813217,27945,0.1506,hold,,,0.0,,,0,0.0
2015-11-25,16855272,155,False,False,,175.876907,33779,0.3525,hold,,,0.0,,,0,0.0,105.713936,56314,0.3532,hold,,,0.0,,,0,0.0,102.459999,23593,0.1434,hold,,,0.0,,,0,0.0,91.023689,27945,0.1509,hold,,,0.0,,,0,0.0
2015-11-27,16839357,155,False,False,,176.078522,33779,0.3532,hold,,,0.0,,,0,0.0,105.862099,56314,0.354,hold,,,0.0,,,0,0.0,101.25,23593,0.1419,hold,,,0.0,,,0,0.0,90.933487,27945,0.1509,hold,,,0.0,,,0,0.0
2015-11-30,16825429,155,False,False,,175.347473,33779,0.352,hold,,,0.0,,,0,0.0,105.593521,56314,0.3534,hold,,,0.0,,,0,0.0,101.919998,23593,0.1429,hold,,,0.0,,,0,0.0,91.294304,27945,0.1516,hold,,,0.0,,,0,0.0
2015-12-01,16984316,155,True,False,,177.019501,33779,0.3521,hold,,,0.0,,,0,0.0,106.649277,56314,0.3536,hold,,,0.0,,,0,0.0,102.279999,23593,0.1421,hold,,,0.0,,,0,0.0,92.527443,27945,0.1522,hold,,,0.0,,,0,0.0
2015-12-02,16849599,155,False,False,,175.213074,33779,0.3513,hold,,,0.0,,,0,0.0,105.991753,56314,0.3542,hold,,,0.0,,,0,0.0,100.690002,23593,0.141,hold,,,0.0,,,0,0.0,92.557602,27945,0.1535,hold,,,0.0,,,0,0.0
2015-12-03,16620481,155,False,False,,172.759598,33779,0.3511,hold,,,0.0,,,0,0.0,104.195114,56314,0.353,hold,,,0.0,,,0,0.0,101.760002,23593,0.1444,hold,,,0.0,,,0,0.0,90.041595,27945,0.1514,hold,,,0.0,,,0,0.0
2015-12-04,16946878,155,False,False,,176.128906,33779,0.3511,hold,,,0.0,,,0,0.0,106.63076,56314,0.3543,hold,,,0.0,,,0,0.0,104.019997,23593,0.1448,hold,,,0.0,,,0,0.0,90.832565,27945,0.1498,hold,,,0.0,,,0,0.0
2015-12-07,16876492,155,False,False,,175.061783,33779,0.3504,hold,,,0.0,,,0,0.0,106.1492,56314,0.3542,hold,,,0.0,,,0,0.0,102.669998,23593,0.1435,hold,,,0.0,,,0,0.0,91.713921,27945,0.1519,hold,,,0.0,,,0,0.0
2015-12-08,16842552,155,False,False,,173.885483,33779,0.3487,hold,,,0.0,,,0,0.0,106.158447,56314,0.3549,hold,,,0.0,,,0,0.0,102.839996,23593,0.1441,hold,,,0.0,,,0,0.0,91.759117,27945,0.1522,hold,,,0.0,,,0,0.0
2015-12-09,16698657,155,False,False,,172.532715,33779,0.349,hold,,,0.0,,,0,0.0,104.547028,56314,0.3526,hold,,,0.0,,,0,0.0,102.639999,23593,0.145,hold,,,0.0,,,0,0.0,91.661209,27945,0.1534,hold,,,0.0,,,0,0.0
2015-12-10,16741543,155,False,False,,172.978043,33779,0.349,hold,,,0.0,,,0,0.0,105.019363,56314,0.3533,hold,,,0.0,,,0,0.0,102.550003,23593,0.1445,hold,,,0.0,,,0,0.0,91.781708,27945,0.1532,hold,,,0.0,,,0,0.0
2015-12-11,16545811,155,False,False,,169.625549,33779,0.3463,hold,,,0.0,,,0,0.0,102.602249,56314,0.3492,hold,,,0.0,,,0,0.0,103.110001,23593,0.147,hold,,,0.0,,,0,0.0,93.228035,27945,0.1575,hold,,,0.0,,,0,0.0
2015-12-14,16553744,155,False,False,,170.482559,33779,0.3479,hold,,,0.0,,,0,0.0,103.380165,56314,0.3517,hold,,,0.0,,,0,0.0,101.790001,23593,0.1451,hold,,,0.0,,,0,0.0,92.022766,27945,0.1553,hold,,,0.0,,,0,0.0
2015-12-15,16628134,155,False,False,,172.272232,33779,0.35,hold,,,0.0,,,0,0.0,104.009903,56314,0.3522,hold,,,0.0,,,0,0.0,101.519997,23593,0.144,hold,,,0.0,,,0,0.0,91.480415,27945,0.1537,hold,,,0.0,,,0,0.0
2015-12-16,16823922,155,False,False,,174.792923,33779,0.3509,hold,,,0.0,,,0,0.0,105.556526,56314,0.3533,hold,,,0.0,,,0,0.0,102.75,23593,0.1441,hold,,,0.0,,,0,0.0,91.2845,27945,0.1516,hold,,,0.0,,,0,0.0
2015-12-17,16623132,155,False,False,,172.129395,33779,0.3498,hold,,,0.0,,,0,0.0,104.019165,56314,0.3524,hold,,,0.0,,,0,0.0,100.5,23593,0.1426,hold,,,0.0,,,0,0.0,92.316574,27945,0.1552,hold,,,0.0,,,0,0.0
2015-12-18,16457833,155,False,False,,169.062958,33779,0.347,hold,,,0.0,,,0,0.0,102.023834,56314,0.3491,hold,,,0.0,,,0,0.0,102.040001,23593,0.1463,hold,,,0.0,,,0,0.0,92.828781,27945,0.1576,hold,,,0.0,,,0,0.0
2015-12-21,16594318,155,False,False,,170.457565,33779,0.347,hold,,,0.0,,,0,0.0,103.157112,56314,0.3501,hold,,,0.0,,,0,0.0,103.150002,23593,0.1467,hold,,,0.0,,,0,0.0,92.80619,27945,0.1563,hold,,,0.0,,,0,0.0
2015-12-22,16653277,155,False,False,,172.004288,33779,0.3489,hold,,,0.0,,,0,0.0,103.835228,56314,0.3511,hold,,,0.0,,,0,0.0,102.610001,23593,0.1454,hold,,,0.0,,,0,0.0,92.135757,27945,0.1546,hold,,,0.0,,,0,0.0
2015-12-23,16742201,155,False,False,,174.134308,33779,0.3513,hold,,,0.0,,,0,0.0,104.606255,56314,0.3519,hold,,,0.0,,,0,0.0,102.309998,23593,0.1442,hold,,,0.0,,,0,0.0,91.442696,27945,0.1526,hold,,,0.0,,,0,0.0
2015-12-24,16763546,155,False,False,,173.846924,33779,0.3503,hold,,,0.0,,,0,0.0,104.587669,56314,0.3513,hold,,,0.0,,,0,0.0,103.050003,23593,0.145,hold,,,0.0,,,0,0.0,91.966621,27945,0.1533,hold,,,0.0,,,0,0.0
2015-12-28,16736181,155,False,False,,173.449646,33779,0.3501,hold,,,0.0,,,0,0.0,104.531937,56314,0.3517,hold,,,0.0,,,0,0.0,102.269997,23593,0.1442,hold,,,0.0,,,0,0.0,92.238403,27945,0.154,hold,,,0.0,,,0,0.0
2015-12-29,16846823,155,False,False,,175.300674,33779,0.3515,hold,,,0.0,,,0,0.0,106.176132,56314,0.3549,hold,,,0.0,,,0,0.0,102.199997,23593,0.1431,hold,,,0.0,,,0,0.0,90.705986,27945,0.1505,hold,,,0.0,,,0,0.0
2015-12-30,16730040,155,False,False,,174.058243,33779,0.3514,hold,,,0.0,,,0,0.0,105.219337,56314,0.3542,hold,,,0.0,,,0,0.0,101.419998,23593,0.143,hold,,,0.0,,,0,0.0,90.615395,27945,0.1514,hold,,,0.0,,,0,0.0
2015-12-31,16609799,155,False,False,,172.317078,33779,0.3504,hold,,,0.0,,,0,0.0,103.909531,56314,0.3523,hold,,,0.0,,,0,0.0,101.459999,23593,0.1441,hold,,,0.0,,,0,0.0,91.02301,27945,0.1531,hold,,,0.0,,,0,0.0
2016-01-04,16457065,155,True,False,,169.908188,33779,0.3487,hold,,,0.0,,,0,0.0,101.717293,56314,0.3481,hold,,,0.0,,,0,0.0,102.889999,23593,0.1475,hold,,,0.0,,,0,0.0,91.679726,27945,0.1557,hold,,,0.0,,,0,0.0
2016-01-05,16453337,155,False,False,,170.195496,33779,0.3494,hold,,,0.0,,,0,0.0,101.540794,56314,0.3475,hold,,,0.0,,,0,0.0,103.18,23593,0.148,hold,,,0.0,,,0,0.0,91.309868,27945,0.1551,hold,,,0.0,,,0,0.0
2016-01-06,16395430,155,False,False,,168.04866,33779,0.3462,hold,,,0.0,,,0,0.0,100.565414,56314,0.3454,hold,,,0.0,,,0,0.0,104.669998,23593,0.1506,hold,,,0.0,,,0,0.0,92.540314,27945,0.1577,hold,,,0.0,,,0,0.0
2016-01-07,16121464,155,False,False,,164.016937,33779,0.3437,hold,,,0.0,,,0,0.0,97.416344,56314,0.3403,hold,,,0.0,,,0,0.0,106.150002,23593,0.1553,hold,,,0.0,,,0,0.0,92.70636,27945,0.1607,hold,,,0.0,,,0,0.0
2016-01-08,16016176,155,False,False,,162.216583,33779,0.3421,sell,EXIT_ALL,signal sell,-5479514.0,,,0,0.0,96.617485,56314,0.3397,hold,,,0.0,,,0,0.0,105.68,23593,0.1557,hold,,,0.0,,,0,0.0,93.121552,27945,0.1625,hold,,,0.0,,,0,0.0
2016-01-11,15996851,5494258,False,False,,162.377182,0,0.0,hold,,,0.0,EXIT_ALL,sell,33779,162.64847,96.914764,56314,0.3412,hold,,,0.0,,,0,0.0,104.739998,23593,0.1545,hold,,,0.0,,,0,0.0,92.102493,27945,0.1609,hold,,,0.0,,,0,0.0
2016-01-12,16084769,5494258,False,False,,163.687241,0,0.0,hold,,,0.0,,,0,0.0,98.038727,56314,0.3432,hold,,,0.0,,,0,0.0,104.209999,23593,0.1529,hold,,,0.0,,,0,0.0,93.431076,27945,0.1623,hold,,,0.0,,,0,0.0
2016-01-13,15932124,5494258,False,False,,159.604828,0,0.0,hold,,,0.0,,,0,0.0,94.657471,56314,0.3346,sell,EXIT_ALL,signal sell,-5330541.0,,,0,0.0,104.720001,23593,0.1551,hold,,,0.0,,,0,0.0,94.352005,27945,0.1655,hold,,,0.0,,,0,0.0
2016-01-14,15872205,10829668,False,False,,162.225006,0,0.0,hold,,,0.0,,,0,0.0,96.673225,0,0.0,hold,,,0.0,EXIT_ALL,sell,56314,94.743944,103.019997,23593,0.1531,hold,,,0.0,,,0,0.0,93.468819,27945,0.1646,hold,,,0.0,,,0,0.0
2016-01-15,15937928,10829668,False,False,,158.74263,0,0.0,hold,,,0.0,,,0,0.0,93.672813,0,0.0,hold,,,0.0,,,0,0.0,104.080002,23593,0.1541,hold,,,0.0,,,0,0.0,94.925735,27945,0.1664,hold,,,0.0,,,0,0.0
2016-01-19,15927340,10829668,False,False,,158.953964,0,0.0,hold,,,0.0,,,0,0.0,93.87719,0,0.0,hold,,,0.0,,,0,0.0,103.980003,23593,0.154,hold,,,0.0,,,0,0.0,94.631294,27945,0.166,hold,,,0.0,,,0,0.0
2016-01-20,15987980,10829668,False,False,,156.916962,0,0.0,hold,,,0.0,,,0,0.0,93.58918,0,0.0,hold,,,0.0,,,0,0.0,105.370003,23593,0.1555,hold,,,0.0,,,0,0.0,95.627754,27945,0.1671,hold,,,0.0,,,0,0.0
2016-01-21,15972670,10829668,False,False,,157.796036,0,0.0,hold,,,0.0,,,0,0.0,93.682076,0,0.0,hold,,,0.0,,,0,0.0,105.489998,23593,0.1558,hold,,,0.0,,,0,0.0,94.978561,27945,0.1662,hold,,,0.0,,,0,0.0
2016-01-22,15950984,10829668,False,False,,161.033295,0,0.0,hold,,,0.0,,,0,0.0,96.394516,0,0.0,hold,,,0.0,,,0,0.0,105.0,23593,0.1553,hold,,,0.0,,,0,0.0,94.616226,27945,0.1658,hold,,,0.0,,,0,0.0
2016-01-25,15990809,10829668,False,False,,158.598938,0,0.0,hold,,,0.0,,,0,0.0,94.964027,0,0.0,hold,,,0.0,,,0,0.0,106.080002,23593,0.1565,hold,,,0.0,,,0,0.0,95.129547,27945,0.1662,hold,,,0.0,,,0,0.0
2016-01-26,16020623,10829668,False,False,,160.762848,0,0.0,hold,,,0.0,,,0,0.0,95.818626,0,0.0,hold,,,0.0,,,0,0.0,107.290001,23593,0.158,hold,,,0.0,,,0,0.0,95.17485,27945,0.166,hold,,,0.0,,,0,0.0
2016-01-27,16029427,10829668,False,False,,159.013123,0,0.0,hold,,,0.0,,,0,0.0,93.431274,0,0.0,hold,,,0.0,,,0,0.0,107.690002,23593,0.1585,hold,,,0.0,,,0,0.0,95.152191,27945,0.1659,hold,,,0.0,,,0,0.0
2016-01-28,16006092,10829668,False,False,,159.841446,0,0.0,hold,,,0.0,,,0,0.0,94.750366,0,0.0,hold,,,0.0,,,0,0.0,106.540001,23593,0.157,hold,,,0.0,,,0,0.0,95.288071,27945,0.1664,hold,,,0.0,,,0,0.0
2016-01-29,16038337,10829668,False,False,,163.737991,0,0.0,hold,,,0.0,,,0,0.0,96.728973,0,0.0,hold,,,0.0,,,0,0.0,106.949997,23593,0.1573,hold,,,0.0,,,0,0.0,96.095802,27945,0.1674,hold,,,0.0,,,0,0.0
2016-02-01,16056067,10829668,True,False,,163.678787,0,0.0,hold,,,0.0,,,0,0.0,96.989059,0,0.0,hold,,,0.0,,,0,0.0,108.050003,23593,0.1588,hold,REDUCE_TO_TARGET,rebalance 2016-02-01,-140814.0,,,0,0.0,95.801582,27945,0.1667,hold,REDUCE_TO_TARGET,rebalance 2016-02-01,-268765.0,,,0,0.0
2016-02-02,16103288,11239124,False,True,monthly,160.728943,0,0.0,hold,,,0.0,,,0,0.0,94.889687,0,0.0,hold,,,0.0,,,0,0.0,108.089996,22285,0.1496,hold,,,0.0,REDUCE_TO_TARGET,sell,1308,107.596238,97.578888,25163,0.1525,hold,,,0.0,REDUCE_TO_TARGET,sell,2782,96.592437
2016-02-03,16108776,11239124,False,False,,161.69252,0,0.0,hold,,,0.0,,,0,0.0,94.434532,0,0.0,hold,,,0.0,,,0,0.0,109.25,22285,0.1511,hold,,,0.0,,,0,0.0,96.769684,25163,0.1512,hold,,,0.0,,,0,0.0
2016-02-04,16149991,11239124,False,False,,161.946075,0,0.0,hold,,,0.0,,,0,0.0,94.425224,0,0.0,hold,,,0.0,,,0,0.0,110.57,22285,0.1526,hold,,,0.0,,,0,0.0,97.238586,25163,0.1515,hold,,,0.0,,,0,0.0
2016-02-05,16191845,11239124,False,False,,158.860962,0,0.0,hold,,,0.0,,,0,0.0,91.146141,0,0.0,hold,,,0.0,,,0,0.0,112.32,22285,0.1546,hold,,,0.0,,,0,0.0,97.352028,25163,0.1513,hold,,,0.0,,,0,0.0
2016-02-08,16278209,11239124,False,False,,156.722549,0,0.0,hold,,,0.0,,,0,0.0,89.752739,0,0.0,hold,,,0.0,,,0,0.0,113.830002,22285,0.1558,hold,,,0.0,,,0,0.0,99.446938,25163,0.1537,hold,,,0.0,,,0,0.0
2016-02-09,16275304,11239124,False,False,,156.731018,0,0.0,hold,,,0.0,,,0,0.0,89.474052,0,0.0,hold,,,0.0,,,0,0.0,113.580002,22285,0.1555,hold,,,0.0,,,0,0.0,99.552895,25163,0.1539,hold,,,0.0,,,0,0.0
2016-02-10,16316990,11239124,False,False,,156.59581,0,0.0,hold,,,0.0,,,0,0.0,89.817757,0,0.0,hold,,,0.0,,,0,0.0,114.459999,22285,0.1563,hold,,,0.0,,,0,0.0,100.430168,25163,0.1549,hold,,,0.0,,,0,0.0
2016-02-11,16437201,11239124,False,False,,154.558777,0,0.0,hold,,,0.0,,,0,0.0,89.687698,0,0.0,hold,,,0.0,,,0,0.0,119.059998,22285,0.1614,hold,,,0.0,,,0,0.0,101.133575,25163,0.1548,hold,,,0.0,,,0,0.0
2016-02-12,16379352,11239124,False,False,,157.74527,0,0.0,hold,,,0.0,,,0,0.0,91.053246,0,0.0,hold,,,0.0,,,0,0.0,118.360001,22285,0.161,hold,,,0.0,,,0,0.0,99.454536,25163,0.1528,hold,,,0.0,,,0,0.0
2016-02-16,16272895,11239124,False,False,,160.407791,0,0.0,hold,,,0.0,,,0,0.0,93.106155,0,0.0,hold,,,0.0,,,0,0.0,114.769997,22285,0.1572,hold,,,0.0,,,0,0.0,98.403259,25163,0.1522,hold,,,0.0,,,0,0.0
2016-02-17,16273493,11239124,False,False,,163.028015,0,0.0,hold,,,0.0,,,0,0.0,95.214813,0,0.0,hold,,,0.0,,,0,0.0,115.480003,22285,0.1581,hold,,,0.0,,,0,0.0,97.798225,25163,0.1512,hold,,,0.0,,,0,0.0
2016-02-18,16366373,11239124,False,False,,162.360245,0,0.0,hold,,,0.0,,,0,0.0,94.127968,0,0.0,hold,,,0.0,,,0,0.0,118.290001,22285,0.1611,hold,,,0.0,,,0,0.0,99.000755,25163,0.1522,hold,,,0.0,,,0,0.0
2016-02-19,16352644,11239124,False,False,,162.284195,0,0.0,hold,,,0.0,,,0,0.0,94.406654,0,0.0,hold,,,0.0,,,0,0.0,117.580002,22285,0.1602,hold,,,0.0,,,0,0.0,99.083954,25163,0.1525,hold,,,0.0,,,0,0.0
2016-02-22,16304737,11239124,False,False,,164.633911,0,0.0,hold,,,0.0,,,0,0.0,95.939377,0,0.0,hold,,,0.0,,,0,0.0,115.489998,22285,0.1578,hold,,,0.0,,,0,0.0,99.031036,25163,0.1528,hold,,,0.0,,,0,0.0
2016-02-23,16353376,11239124,False,False,,162.554672,0,0.0,hold,,,0.0,,,0,0.0,94.360191,0,0.0,hold,,,0.0,,,0,0.0,117.220001,22285,0.1597,hold,,,0.0,,,0,0.0,99.431862,25163,0.153,hold,,,0.0,,,0,0.0
2016-02-24,16357119,11239124,False,False,,163.298462,0,0.0,hold,,,0.0,,,0,0.0,95.261292,0,0.0,hold,,,0.0,,,0,0.0,117.610001,22285,0.1602,hold,,,0.0,,,0,0.0,99.235222,25163,0.1527,hold,,,0.0,,,0,0.0
2016-02-25,16372972,11239124,False,False,,165.276291,0,0.0,hold,,,0.0,,,0,0.0,96.199478,0,0.0,hold,,,0.0,,,0,0.0,117.919998,22285,0.1605,hold,,,0.0,,,0,0.0,99.590691,25163,0.1531,hold,,,0.0,,,0,0.0
2016-02-26,16330752,11239124,False,False,,164.895889,0,0.0,hold,,,0.0,,,0,0.0,96.078728,0,0.0,hold,,,0.0,,,0,0.0,117.110001,22285,0.1598,hold,,,0.0,,,0,0.0,98.630188,25163,0.152,hold,,,0.0,,,0,0.0
2016-02-29,16375696,11239124,False,False,,163.602753,0,0.0,hold,,,0.0,,,0,0.0,95.214813,0,0.0,hold,,,0.0,,,0,0.0,118.639999,22285,0.1615,hold,,,0.0,,,0,0.0,99.061295,25163,0.1522,hold,,,0.0,,,0,0.0
2016-03-01,16312415,11239124,True,False,,167.448517,0,0.0,hold,,,0.0,,,0,0.0,98.270981,0,0.0,hold,,,0.0,,,0,0.0,117.769997,22285,0.1609,hold,,,0.0,,,0,0.0,97.316948,25163,0.1501,hold,,,0.0,,,0,0.0
2016-03-02,16342800,11239124,False,False,,168.200745,0,0.0,hold,,,0.0,,,0,0.0,98.308174,0,0.0,hold,,,0.0,,,0,0.0,118.68,22285,0.1618,hold,,,0.0,,,0,0.0,97.718559,25163,0.1505,hold,,,0.0,,,0,0.0
2016-03-03,16397447,11239124,False,False,,168.860092,0,0.0,hold,,,0.0,,,0,0.0,98.122345,0,0.0,hold,,,0.0,,,0,0.0,120.730003,22285,0.1641,hold,,,0.0,,,0,0.0,98.074715,25163,0.1505,hold,,,0.0,,,0,0.0
2016-03-04,16377386,11239124,False,False,,169.409485,0,0.0,hold,,,0.0,,,0,0.0,98.159515,0,0.0,hold,,,0.0,,,0,0.0,120.540001,22285,0.164,hold,,,0.0,,,0,0.0,97.445778,25163,0.1497,hold,,,0.0,,,0,0.0
2016-03-07,16389994,11239124,False,False,,169.544708,0,0.0,hold,,,0.0,,,0,0.0,97.555725,0,0.0,hold,,,0.0,,,0,0.0,121.139999,22285,0.1647,hold,,,0.0,,,0,0.0,97.415451,25163,0.1496,hold,,,0.0,,,0,0.0
2016-03-08,16404590,11239124,False,False,,167.693695,0,0.0,hold,,,0.0,,,0,0.0,96.747536,0,0.0,hold,,,0.0,,,0,0.0,120.580002,22285,0.1638,hold,,,0.0,,,0,0.0,98.49144,25163,0.1511,hold,,,0.0,,,0,0.0
2016-03-09,16367243,11239124,False,False,,168.522003,0,0.0,hold,,,0.0,,,0,0.0,97.369919,0,0.0,hold,,,0.0,,,0,0.0,119.580002,22285,0.1628,hold,,,0.0,,,0,0.0,97.89286,25163,0.1505,hold,,,0.0,,,0,0.0
2016-03-10,16399924,11239124,False,False,,168.657227,0,0.0,hold,,,0.0,,,0,0.0,97.221306,0,0.0,hold,,,0.0,,,0,0.0,121.5,22285,0.1651,hold,,,0.0,,,0,0.0,97.491234,25163,0.1496,hold,,,0.0,,,0,0.0
2016-03-11,16328561,11239124,False,False,,171.37883,0,0.0,hold,,,0.0,,,0,0.0,98.921204,0,0.0,hold,,,0.0,,,0,0.0,119.410004,22285,0.163,hold,,,0.0,,,0,0.0,96.506157,25163,0.1487,hold,,,0.0,,,0,0.0
2016-03-14,16301869,11239124,False,False,,171.159073,0,0.0,hold,,,0.0,,,0,0.0,99.08844,0,0.0,hold,,,0.0,,,0,0.0,117.870003,22285,0.1611,hold,,,0.0,,,0,0.0,96.809265,25163,0.1494,hold,,,0.0,,,0,0.0
2016-03-15,16306162,11239124,False,False,,170.880173,0,0.0,hold,,,0.0,,,0,0.0,99.051254,0,0.0,hold,,,0.0,,,0,0.0,117.959999,22285,0.1612,hold,,,0.0,,,0,0.0,96.900185,25163,0.1495,hold,,,0.0,,,0,0.0
2016-03-16,16372018,11239124,False,False,,171.86911,0,0.0,hold,,,0.0,,,0,0.0,99.933754,0,0.0,hold,,,0.0,,,0,0.0,120.589996,22285,0.1641,hold,,,0.0,,,0,0.0,97.188141,25163,0.1494,hold,,,0.0,,,0,0.0
2016-03-17,16371872,11239124,False,False,,172.959473,0,0.0,hold,,,0.0,,,0,0.0,99.878006,0,0.0,hold,,,0.0,,,0,0.0,120.129997,22285,0.1635,hold,,,0.0,,,0,0.0,97.589729,25163,0.15,hold,,,0.0,,,0,0.0
2016-03-18,16369666,11239124,False,False,,173.639099,0,0.0,hold,,,0.0,,,0,0.0,100.034561,0,0.0,hold,,,0.0,,,0,0.0,119.800003,22285,0.1631,hold,,,0.0,,,0,0.0,97.794327,25163,0.1503,hold,,,0.0,,,0,0.0
2016-03-21,16332070,11239124,False,False,,173.885483,0,0.0,hold,,,0.0,,,0,0.0,100.425873,0,0.0,hold,,,0.0,,,0,0.0,118.959999,22285,0.1623,hold,,,0.0,,,0,0.0,97.044151,25163,0.1495,hold,,,0.0,,,0,0.0
2016-03-22,16339298,11239124,False,False,,173.791992,0,0.0,hold,,,0.0,,,0,0.0,100.733284,0,0.0,hold,,,0.0,,,0,0.0,119.309998,22285,0.1627,hold,,,0.0,,,0,0.0,97.021431,25163,0.1494,hold,,,0.0,,,0,0.0
2016-03-23,16306775,11239124,False,False,,172.645065,0,0.0,hold,,,0.0,,,0,0.0,99.904083,0,0.0,hold,,,0.0,,,0,0.0,116.610001,22285,0.1594,hold,,,0.0,,,0,0.0,98.12014,25163,0.1514,hold,,,0.0,,,0,0.0
2016-03-24,16301489,11239124,False,False,,172.568665,0,0.0,hold,,,0.0,,,0,0.0,99.932053,0,0.0,hold,,,0.0,,,0,0.0,116.330002,22285,0.159,hold,,,0.0,,,0,0.0,98.158035,25163,0.1515,hold,,,0.0,,,0,0.0
2016-03-28,16310747,11239124,False,False,,172.670563,0,0.0,hold,,,0.0,,,0,0.0,99.792313,0,0.0,hold,,,0.0,,,0,0.0,116.599998,22285,0.1593,hold,,,0.0,,,0,0.0,98.286835,25163,0.1516,hold,,,0.0,,,0,0.0
2016-03-29,16384815,11239124,False,False,,174.267776,0,0.0,hold,,,0.0,,,0,0.0,101.394806,0,0.0,hold,,,0.0,,,0,0.0,118.760002,22285,0.1615,hold,,,0.0,,,0,0.0,99.317398,25163,0.1525,hold,,,0.0,,,0,0.0
2016-03-30,16321509,11239124,False,False,,175.032455,0,0.0,hold,,,0.0,,,0,0.0,101.888588,0,0.0,hold,,,0.0,,,0,0.0,117.099998,22285,0.1599,hold,,,0.0,,,0,0.0,98.271729,25163,0.1515,hold,,,0.0,,,0,0.0
2016-03-31,16351084,11239124,False,False,,174.607651,0,0.0,hold,,,0.0,,,0,0.0,101.739502,0,0.0,hold,,,0.0,,,0,0.0,117.639999,22285,0.1603,hold,,,0.0,,,0,0.0,98.968819,25163,0.1523,hold,,,0.0,,,0,0.0
2016-04-01,16341757,11239124,True,False,,175.797058,0,0.0,buy,ENTER_TO_TARGET,signal_buy+rebalance,5719615.0,,,0,0.0,102.820259,0,0.0,hold,,,0.0,,,0,0.0,116.93,22285,0.1595,hold,REDUCE_TO_TARGET,rebalance 2016-04-01,-154521.0,,,0,0.0,99.226952,25163,0.1528,hold,REDUCE_TO_TARGET,rebalance 2016-04-01,-45584.0,,,0,0.0
2016-04-04,16292905,5719551,False,True,monthly,175.227829,32452,0.349,hold,INCREASE_TO_TARGET,rebalance 2016-04-04,16023.0,ENTER_TO_TARGET,buy,32452,175.720592,102.428978,0,0.0,buy,ENTER_TO_TARGET,signal_buy+rebalance,5702517.0,,,0,0.0,116.150002,20957,0.1494,hold,INCREASE_TO_TARGET,rebalance 2016-04-04,9780.0,REDUCE_TO_TARGET,sell,1328,116.319988,99.28772,24703,0.1505,hold,REDUCE_TO_TARGET,rebalance 2016-04-04,-8769.0,REDUCE_TO_TARGET,sell,460,99.012567
2016-04-05,16266417,261,False,True,daily,173.477661,32543,0.3471,hold,,,0.0,INCREASE_TO_TARGET,buy,91,173.88546,101.441383,55938,0.3488,hold,,,0.0,ENTER_TO_TARGET,buy,55938,101.637035,117.660004,21039,0.1522,hold,,,0.0,INCREASE_TO_TARGET,buy,82,117.760002,100.373581,24616,0.1519,hold,,,0.0,REDUCE_TO_TARGET,sell,87,99.936188
2016-04-06,16388269,261,False,False,,175.372269,32543,0.3482,hold,,,0.0,,,0,0.0,103.109093,55938,0.3519,hold,,,0.0,,,0,0.0,116.940002,21039,0.1501,hold,,,0.0,,,0,0.0,99.644585,24616,0.1497,hold,,,0.0,,,0,0.0
2016-04-07,16302527,261,False,False,,173.273758,32543,0.3459,hold,,,0.0,,,0,0.0,101.627708,55938,0.3487,hold,,,0.0,,,0,0.0,118.610001,21039,0.1531,hold,,,0.0,,,0,0.0,100.874733,24616,0.1523,hold,,,0.0,,,0,0.0
2016-04-08,16294077,261,False,False,,173.741058,32543,0.347,hold,,,0.0,,,0,0.0,101.553185,55938,0.3486,hold,,,0.0,,,0,0.0,118.43,21039,0.1529,hold,,,0.0,,,0,0.0,100.23687,24616,0.1514,hold,,,0.0,,,0,0.0
2016-04-11,16290441,261,False,False,,173.333191,32543,0.3463,hold,,,0.0,,,0,0.0,101.180489,55938,0.3474,hold,,,0.0,,,0,0.0,120.029999,21039,0.155,hold,,,0.0,,,0,0.0,100.107773,24616,0.1513,hold,,,0.0,,,0,0.0
2016-04-12,16373814,261,False,False,,174.94751,32543,0.3477,hold,,,0.0,,,0,0.0,102.028343,55938,0.3486,hold,,,0.0,,,0,0.0,120.050003,21039,0.1543,hold,,,0.0,,,0,0.0,99.416779,24616,0.1495,hold,,,0.0,,,0,0.0
2016-04-13,16485950,261,False,False,,176.714569,32543,0.3488,hold,,,0.0,,,0,0.0,103.33268,55938,0.3506,hold,,,0.0,,,0,0.0,118.769997,21039,0.1516,hold,,,0.0,,,0,0.0,99.76609,24616,0.149,hold,,,0.0,,,0,0.0
2016-04-14,16440049,261,False,False,,176.723099,32543,0.3498,hold,,,0.0,,,0,0.0,103.342003,55938,0.3516,hold,,,0.0,,,0,0.0,117.110001,21039,0.1499,hold,,,0.0,,,0,0.0,99.28772,24616,0.1487,hold,,,0.0,,,0,0.0
2016-04-15,16457074,261,False,False,,176.527695,32543,0.3491,hold,,,0.0,,,0,0.0,103.081139,55938,0.3504,hold,,,0.0,,,0,0.0,117.919998,21039,0.1508,hold,,,0.0,,,0,0.0,100.138161,24616,0.1498,hold,,,0.0,,,0,0.0
2016-04-18,16513750,261,False,False,,177.768112,32543,0.3503,hold,,,0.0,,,0,0.0,103.630859,55938,0.351,hold,,,0.0,,,0,0.0,117.739998,21039,0.15,hold,,,0.0,,,0,0.0,99.705368,24616,0.1486,hold,,,0.0,,,0,0.0
2016-04-19,16527605,261,False,False,,178.328827,32543,0.3511,hold,,,0.0,,,0,0.0,102.997284,55938,0.3486,hold,,,0.0,,,0,0.0,119.580002,21039,0.1522,hold,,,0.0,,,0,0.0,99.394051,24616,0.148,hold,,,0.0,,,0,0.0
2016-04-20,16498076,261,False,False,,178.498779,32543,0.3521,hold,,,0.0,,,0,0.0,103.081139,55938,0.3495,hold,,,0.0,,,0,0.0,118.970001,21039,0.1517,hold,,,0.0,,,0,0.0,98.300591,24616,0.1467,hold,,,0.0,,,0,0.0
2016-04-21,16462430,261,False,False,,177.538712,32543,0.351,hold,,,0.0,,,0,0.0,103.090477,55938,0.3503,hold,,,0.0,,,0,0.0,119.419998,21039,0.1526,hold,,,0.0,,,0,0.0,97.715919,24616,0.1461,hold,,,0.0,,,0,0.0
2016-04-22,16337039,261,False,False,,177.538712,32543,0.3537,hold,,,0.0,,,0,0.0,101.534576,55938,0.3477,hold,,,0.0,,,0,0.0,117.889999,21039,0.1518,hold,,,0.0,,,0,0.0,97.46537,24616,0.1469,hold,,,0.0,,,0,0.0
2016-04-25,16324334,261,False,False,,177.232849,32543,0.3533,hold,,,0.0,,,0,0.0,101.534576,55938,0.3479,hold,,,0.0,,,0,0.0,118.230003,21039,0.1524,hold,,,0.0,,,0,0.0,97.063004,24616,0.1464,hold,,,0.0,,,0,0.0
2016-04-26,16304328,261,False,False,,177.496246,32543,0.3543,hold,,,0.0,,,0,0.0,101.040741,55938,0.3467,hold,,,0.0,,,0,0.0,118.699997,21039,0.1532,hold,,,0.0,,,0,0.0,96.622559,24616,0.1459,hold,,,0.0,,,0,0.0
2016-04-27,16301767,261,False,False,,177.861557,32543,0.3551,hold,,,0.0,,,0,0.0,100.230202,55938,0.3439,hold,,,0.0,,,0,0.0,119.040001,21039,0.1536,hold,,,0.0,,,0,0.0,97.586876,24616,0.1474,hold,,,0.0,,,0,0.0
2016-04-28,16238726,261,False,False,,176.247299,32543,0.3532,hold,,,0.0,,,0,0.0,99.019012,55938,0.3411,hold,,,0.0,,,0,0.0,121.290001,21039,0.1571,hold,,,0.0,,,0,0.0,97.989281,24616,0.1485,hold,,,0.0,,,0,0.0
2016-04-29,16234398,261,False,False,,175.295792,32543,0.3514,hold,,,0.0,,,0,0.0,98.497269,55938,0.3394,hold,,,0.0,,,0,0.0,123.650002,21039,0.1602,hold,,,0.0,,,0,0.0,98.239906,24616,0.149,hold,,,0.0,,,0,0.0
2016-05-02,16298882,261,True,False,,176.689087,32543,0.3528,hold,,,0.0,,,0,0.0,99.428955,55938,0.3412,hold,,,0.0,,,0,0.0,123.239998,21039,0.1591,hold,,,0.0,,,0,0.0,97.250793,24616,0.1469,hold,,,0.0,,,0,0.0
2016-05-03,16221508,261,False,False,,175.151428,32543,0.3514,hold,,,0.0,,,0,0.0,98.506569,55938,0.3397,hold,,,0.0,,,0,0.0,122.959999,21039,0.1595,hold,,,0.0,,,0,0.0,98.475754,24616,0.1494,hold,,,0.0,,,0,0.0
2016-05-04,16151790,261,False,False,,174.174332,32543,0.3509,hold,,,0.0,,,0,0.0,97.873047,55938,0.339,hold,,,0.0,,,0,0.0,122.209999,21039,0.1592,hold,,,0.0,,,0,0.0,99.015907,24616,0.1509,hold,,,0.0,,,0,0.0
2016-05-05,16162469,261,False,False,,174.140335,32543,0.3506,hold,,,0.0,,,0,0.0,97.845085,55938,0.3386,hold,,,0.0,,,0,0.0,122.07,21039,0.1589,hold,,,0.0,,,0,0.0,99.677864,24616,0.1518,hold,,,0.0,,,0,0.0
2016-05-06,16225256,261,False,False,,174.777557,32543,0.3506,hold,,,0.0,,,0,0.0,98.366829,55938,0.3391,hold,,,0.0,,,0,0.0,123.18,21039,0.1597,hold,,,0.0,,,0,0.0,99.251778,24616,0.1506,hold,,,0.0,,,0,0.0
2016-05-09,16200043,261,False,False,,174.921997,32543,0.3514,hold,,,0.0,,,0,0.0,98.646339,55938,0.3406,hold,,,0.0,,,0,0.0,120.650002,21039,0.1567,hold,,,0.0,,,0,0.0,99.563759,24616,0.1513,hold,,,0.0,,,0,0.0
2016-05-10,16353522,261,False,False,,177.096924,32543,0.3524,hold,,,0.0,,,0,0.0,99.997299,55938,0.342,hold,,,0.0,,,0,0.0,120.980003,21039,0.1556,hold,,,0.0,,,0,0.0,99.571381,24616,0.1499,hold,,,0.0,,,0,0.0
2016-05-11,16286896,261,False,False,,175.440231,32543,0.3505,hold,,,0.0,,,0,0.0,99.093529,55938,0.3403,hold,,,0.0,,,0,0.0,122.120003,21039,0.1578,hold,,,0.0,,,0,0.0,100.134361,24616,0.1513,hold,,,0.0,,,0,0.0
2016-05-12,16232628,261,False,False,,175.49118,32543,0.3518,hold,,,0.0,,,0,0.0,98.655693,55938,0.34,hold,,,0.0,,,0,0.0,121.160004,21039,0.157,hold,,,0.0,,,0,0.0,99.677864,24616,0.1512,hold,,,0.0,,,0,0.0
2016-05-13,16197892,261,False,False,,173.961929,32543,0.3495,hold,,,0.0,,,0,0.0,98.29232,55938,0.3394,hold,,,0.0,,,0,0.0,121.709999,21039,0.1581,hold,,,0.0,,,0,0.0,100.644142,24616,0.1529,hold,,,0.0,,,0,0.0
2016-05-16,16303076,261,False,False,,175.678101,32543,0.3507,hold,,,0.0,,,0,0.0,99.522118,55938,0.3415,hold,,,0.0,,,0,0.0,121.800003,21039,0.1572,hold,,,0.0,,,0,0.0,99.776733,24616,0.1507,hold,,,0.0,,,0,0.0
2016-05-17,16192835,261,False,False,,174.038361,32543,0.3498,hold,,,0.0,,,0,0.0,98.273682,55938,0.3395,hold,,,0.0,,,0,0.0,122.220001,21039,0.1588,hold,,,0.0,,,0,0.0,99.944115,24616,0.1519,hold,,,0.0,,,0,0.0
2016-05-18,16134675,261,False,False,,174.089401,32543,0.3511,hold,,,0.0,,,0,0.0,98.627716,55938,0.3419,hold,,,0.0,,,0,0.0,120.099998,21039,0.1566,hold,,,0.0,,,0,0.0,98.521362,24616,0.1503,hold,,,0.0,,,0,0.0
2016-05-19,16092028,261,False,False,,173.48616,32543,0.3508,hold,,,0.0,,,0,0.0,98.115257,55938,0.3411,hold,,,0.0,,,0,0.0,119.870003,21039,0.1567,hold,,,0.0,,,0,0.0,98.947464,24616,0.1514,hold,,,0.0,,,0,0.0
2016-05-20,16186656,261,False,False,,174.582123,32543,0.351,hold,,,0.0,,,0,0.0,99.196014,55938,0.3428,hold,,,0.0,,,0,0.0,119.709999,21039,0.1556,hold,,,0.0,,,0,0.0,99.023552,24616,0.1506,hold,,,0.0,,,0,0.0
2016-05-23,16169899,261,False,False,,174.344284,32543,0.3509,hold,,,0.0,,,0,0.0,99.065605,55938,0.3427,hold,,,0.0,,,0,0.0,119.370003,21039,0.1553,hold,,,0.0,,,0,0.0,99.244179,24616,0.1511,hold,,,0.0,,,0,0.0
2016-05-24,16300035,261,False,False,,176.604172,32543,0.3526,hold,,,0.0,,,0,0.0,101.050072,55938,0.3468,hold,,,0.0,,,0,0.0,117.300003,21039,0.1514,hold,,,0.0,,,0,0.0,98.802864,24616,0.1492,hold,,,0.0,,,0,0.0
2016-05-25,16363760,261,False,False,,177.802094,32543,0.3536,hold,,,0.0,,,0,0.0,101.776779,55938,0.3479,hold,,,0.0,,,0,0.0,116.980003,21039,0.1504,hold,,,0.0,,,0,0.0,98.430061,24616,0.1481,hold,,,0.0,,,0,0.0
2016-05-26,16386230,261,False,False,,177.853073,32543,0.3532,hold,,,0.0,,,0,0.0,102.074936,55938,0.3485,hold,,,0.0,,,0,0.0,116.580002,21039,0.1497,hold,,,0.0,,,0,0.0,98.939827,24616,0.1486,hold,,,0.0,,,0,0.0
2016-05-27,16417063,261,False,False,,178.617691,32543,0.3541,hold,,,0.0,,,0,0.0,102.605965,55938,0.3496,hold,,,0.0,,,0,0.0,115.620003,21039,0.1482,hold,,,0.0,,,0,0.0,98.795296,24616,0.1481,hold,,,0.0,,,0,0.0
2016-05-31,16432010,261,False,False,,178.277847,32543,0.3531,hold,,,0.0,,,0,0.0,102.801605,55938,0.35,hold,,,0.0,,,0,0.0,116.059998,21039,0.1486,hold,,,0.0,,,0,0.0,99.031174,24616,0.1484,hold,,,0.0,,,0,0.0
2016-06-01,16451787,261,True,False,,178.643173,32543,0.3534,hold,,,0.0,,,0,0.0,102.810936,55938,0.3496,hold,,,0.0,,,0,0.0,115.940002,21039,0.1483,hold,,,0.0,,,0,0.0,99.432945,24616,0.1488,hold,,,0.0,,,0,0.0
2016-06-02,16493427,261,False,False,,179.186874,32543,0.3536,hold,,,0.0,,,0,0.0,103.025215,55938,0.3494,hold,,,0.0,,,0,0.0,115.669998,21039,0.1475,hold,,,0.0,,,0,0.0,100.149597,24616,0.1495,hold,,,0.0,,,0,0.0
2016-06-03,16551539,261,False,False,,178.651657,32543,0.3513,hold,,,0.0,,,0,0.0,102.540756,55938,0.3465,hold,,,0.0,,,0,0.0,118.879997,21039,0.1511,hold,,,0.0,,,0,0.0,101.575241,24616,0.1511,hold,,,0.0,,,0,0.0
2016-06-06,16584232,261,False,False,,179.560699,32543,0.3523,hold,,,0.0,,,0,0.0,102.913437,55938,0.3471,hold,,,0.0,,,0,0.0,118.919998,21039,0.1509,hold,,,0.0,,,0,0.0,100.820518,24616,0.1496,hold,,,0.0,,,0,0.0
2016-06-07,16582667,261,False,False,,179.841095,32543,0.3529,hold,,,0.0,,,0,0.0,102.65258,55938,0.3463,hold,,,0.0,,,0,0.0,118.82,21039,0.1508,hold,,,0.0,,,0,0.0,101.064507,24616,0.15,hold,,,0.0,,,0,0.0
2016-06-08,16661999,261,False,False,,180.427338,32543,0.3524,hold,,,0.0,,,0,0.0,102.829567,55938,0.3452,hold,,,0.0,,,0,0.0,120.580002,21039,0.1523,hold,,,0.0,,,0,0.0,101.605804,24616,0.1501,hold,,,0.0,,,0,0.0
2016-06-09,16674837,261,False,False,,180.180969,32543,0.3516,hold,,,0.0,,,0,0.0,102.661865,55938,0.3444,hold,,,0.0,,,0,0.0,121.25,21039,0.153,hold,,,0.0,,,0,0.0,102.261505,24616,0.151,hold,,,0.0,,,0,0.0
2016-06-10,16576625,261,False,False,,178.473267,32543,0.3504,hold,,,0.0,,,0,0.0,101.497269,55938,0.3425,hold,,,0.0,,,0,0.0,121.739998,21039,0.1545,hold,,,0.0,,,0,0.0,102.757027,24616,0.1526,hold,,,0.0,,,0,0.0
2016-06-13,16514605,261,False,False,,177.096924,32543,0.349,hold,,,0.0,,,0,0.0,100.649452,55938,0.3409,hold,,,0.0,,,0,0.0,122.639999,21039,0.1562,hold,,,0.0,,,0,0.0,103.21447,24616,0.1538,hold,,,0.0,,,0,0.0
2016-06-14,16504127,261,False,False,,176.748581,32543,0.3485,hold,,,0.0,,,0,0.0,100.649452,55938,0.3411,hold,,,0.0,,,0,0.0,122.769997,21039,0.1565,hold,,,0.0,,,0,0.0,103.138214,24616,0.1538,hold,,,0.0,,,0,0.0
2016-06-15,16508858,261,False,False,,176.502258,32543,0.3479,hold,,,0.0,,,0,0.0,100.360611,55938,0.3401,hold,,,0.0,,,0,0.0,123.68,21039,0.1576,hold,,,0.0,,,0,0.0,103.534645,24616,0.1544,hold,,,0.0,,,0,0.0
2016-06-16,16527714,261,False,False,,177.028946,32543,0.3486,hold,,,0.0,,,0,0.0,100.658768,55938,0.3407,hold,,,0.0,,,0,0.0,122.379997,21039,0.1558,hold,,,0.0,,,0,0.0,104.037926,24616,0.155,hold,,,0.0,,,0,0.0
2016-06-17,16457341,261,False,False,,176.36972,32543,0.3488,hold,,,0.0,,,0,0.0,99.478935,55938,0.3381,hold,,,0.0,,,0,0.0,123.949997,21039,0.1585,hold,,,0.0,,,0,0.0,103.389839,24616,0.1546,hold,,,0.0,,,0,0.0
2016-06-20,16486533,261,False,False,,177.505493,32543,0.3504,hold,,,0.0,,,0,0.0,100.104836,55938,0.3397,hold,,,0.0,,,0,0.0,123.209999,21039,0.1572,hold,,,0.0,,,0,0.0,102.284348,24616,0.1527,hold,,,0.0,,,0,0.0
2016-06-21,16459196,261,False,False,,178.009354,32543,0.352,hold,,,0.0,,,0,0.0,100.422417,55938,0.3413,hold,,,0.0,,,0,0.0,120.839996,21039,0.1545,hold,,,0.0,,,0,0.0,101.811653,24616,0.1523,hold,,,0.0,,,0,0.0
2016-06-22,16441551,261,False,False,,177.718994,32543,0.3518,hold,,,0.0,,,0,0.0,100.179527,55938,0.3408,hold,,,0.0,,,0,0.0,120.900002,21039,0.1547,hold,,,0.0,,,0,0.0,101.979362,24616,0.1527,hold,,,0.0,,,0,0.0
2016-06-23,16551483,261,False,False,,180.033356,32543,0.354,hold,,,0.0,,,0,0.0,101.608803,55938,0.3434,hold,,,0.0,,,0,0.0,120.110001,21039,0.1527,hold,,,0.0,,,0,0.0,100.812874,24616,0.1499,hold,,,0.0,,,0,0.0
2016-06-24,16297538,261,False,False,,173.568481,32543,0.3466,hold,,,0.0,,,0,0.0,97.423759,55938,0.3344,hold,,,0.0,,,0,0.0,126.0,21039,0.1627,hold,,,0.0,,,0,0.0,103.519409,24616,0.1564,hold,,,0.0,,,0,0.0
2016-06-27,16166139,261,False,False,,170.459976,32543,0.3431,hold,,,0.0,,,0,0.0,95.490044,55938,0.3304,hold,,,0.0,,,0,0.0,126.68,21039,0.1649,hold,,,0.0,,,0,0.0,106.104012,24616,0.1616,hold,,,0.0,,,0,0.0
2016-06-28,16360068,261,False,False,,173.534348,32543,0.3452,hold,,,0.0,,,0,0.0,97.582573,55938,0.3337,hold,,,0.0,,,0,0.0,125.32,21039,0.1612,hold,,,0.0,,,0,0.0,106.325066,24616,0.16,hold,,,0.0,,,0,0.0
2016-06-29,16543761,261,False,False,,176.489243,32543,0.3472,hold,,,0.0,,,0,0.0,99.310776,55938,0.3358,hold,,,0.0,,,0,0.0,125.839996,21039,0.16,hold,,,0.0,,,0,0.0,105.509323,24616,0.157,hold,,,0.0,,,0,0.0
2016-06-30,16709234,261,False,False,,178.897537,32543,0.3484,hold,,,0.0,,,0,0.0,100.45977,55938,0.3363,hold,,,0.0,,,0,0.0,126.470001,21039,0.1592,hold,,,0.0,,,0,0.0,105.898201,24616,0.156,hold,,,0.0,,,0,0.0
2016-07-01,16826691,261,True,False,,179.2733,32543,0.3467,hold,,,0.0,,,0,0.0,100.964256,55938,0.3356,hold,,,0.0,,,0,0.0,128.410004,21039,0.1606,hold,,,0.0,,,0,0.0,107.368492,24616,0.1571,hold,,,0.0,,,0,0.0
2016-07-05,16805630,261,False,False,,177.983795,32543,0.3447,hold,,,0.0,,,0,0.0,100.347694,55938,0.334,hold,,,0.0,,,0,0.0,129.470001,21039,0.1621,hold,,,0.0,,,0,0.0,108.712776,24616,0.1592,hold,,,0.0,,,0,0.0
2016-07-06,16906666,261,False,False,,179.051224,32543,0.3446,hold,,,0.0,,,0,0.0,101.169746,55938,0.3347,hold,,,0.0,,,0,0.0,130.229996,21039,0.1621,hold,,,0.0,,,0,0.0,108.888489,24616,0.1585,hold,,,0.0,,,0,0.0
2016-07-07,16909276,261,False,False,,178.940247,32543,0.3444,hold,,,0.0,,,0,0.0,101.468666,55938,0.3357,hold,,,0.0,,,0,0.0,129.740005,21039,0.1614,hold,,,0.0,,,0,0.0,108.880775,24616,0.1585,hold,,,0.0,,,0,0.0
2016-07-08,17119930,261,False,False,,181.604721,32543,0.3452,hold,,,0.0,,,0,0.0,103.038078,55938,0.3367,hold,,,0.0,,,0,0.0,130.520004,21039,0.1604,hold,,,0.0,,,0,0.0,109.682816,24616,0.1577,hold,,,0.0,,,0,0.0
2016-07-11,17124127,261,False,False,,182.245224,32543,0.3463,hold,,,0.0,,,0,0.0,103.626602,55938,0.3385,hold,,,0.0,,,0,0.0,129.289993,21039,0.1588,hold,,,0.0,,,0,0.0,108.720474,24616,0.1563,hold,,,0.0,,,0,0.0
2016-07-12,17107445,261,False,False,,183.568924,32543,0.3492,hold,,,0.0,,,0,0.0,104.149712,55938,0.3405,hold,,,0.0,,,0,0.0,127.150002,21039,0.1564,hold,,,0.0,,,0,0.0,106.933113,24616,0.1539,hold,,,0.0,,,0,0.0
2016-07-13,17148143,261,False,False,,183.543365,32543,0.3483,hold,,,0.0,,,0,0.0,103.897514,55938,0.3389,hold,,,0.0,,,0,0.0,128.320007,21039,0.1574,hold,,,0.0,,,0,0.0,108.193336,24616,0.1553,hold,,,0.0,,,0,0.0
2016-07-14,17161645,261,False,False,,184.568161,32543,0.35,hold,,,0.0,,,0,0.0,104.60746,55938,0.341,hold,,,0.0,,,0,0.0,127.330002,21039,0.1561,hold,,,0.0,,,0,0.0,106.619881,24616,0.1529,hold,,,0.0,,,0,0.0
2016-07-15,17111309,261,False,False,,184.320465,32543,0.3505,hold,,,0.0,,,0,0.0,104.439301,55938,0.3414,hold,,,0.0,,,0,0.0,126.839996,21039,0.156,hold,,,0.0,,,0,0.0,105.703407,24616,0.1521,hold,,,0.0,,,0,0.0
2016-07-18,17167863,261,False,False,,184.815796,32543,0.3503,hold,,,0.0,,,0,0.0,105.130615,55938,0.3425,hold,,,0.0,,,0,0.0,127.040001,21039,0.1557,hold,,,0.0,,,0,0.0,105.604126,24616,0.1514,hold,,,0.0,,,0,0.0
2016-07-19,17158564,261,False,False,,184.627945,32543,0.3502,hold,,,0.0,,,0,0.0,104.747574,55938,0.3415,hold,,,0.0,,,0,0.0,127.209999,21039,0.156,hold,,,0.0,,,0,0.0,106.199829,24616,0.1524,hold,,,0.0,,,0,0.0
2016-07-20,17199449,261,False,False,,185.396454,32543,0.3508,hold,,,0.0,,,0,0.0,105.971352,55938,0.3447,hold,,,0.0,,,0,0.0,125.389999,21039,0.1534,hold,,,0.0,,,0,0.0,105.61937,24616,0.1512,hold,,,0.0,,,0,0.0
2016-07-21,17208525,261,False,False,,184.696289,32543,0.3493,hold,,,0.0,,,0,0.0,105.728455,55938,0.3437,hold,,,0.0,,,0,0.0,127.300003,21039,0.1556,hold,,,0.0,,,0,0.0,105.833199,24616,0.1514,hold,,,0.0,,,0,0.0
2016-07-22,17244568,261,False,False,,185.524612,32543,0.3501,hold,,,0.0,,,0,0.0,106.167534,55938,0.3444,hold,,,0.0,,,0,0.0,126.349998,21039,0.1542,hold,,,0.0,,,0,0.0,106.016518,24616,0.1513,hold,,,0.0,,,0,0.0
2016-07-25,17208299,261,False,False,,185.020782,32543,0.3499,hold,,,0.0,,,0,0.0,106.176849,55938,0.3451,hold,,,0.0,,,0,0.0,125.470001,21039,0.1534,hold,,,0.0,,,0,0.0,105.94017,24616,0.1515,hold,,,0.0,,,0,0.0
2016-07-26,17233157,261,False,False,,185.106155,32543,0.3496,hold,,,0.0,,,0,0.0,106.298294,55938,0.345,hold,,,0.0,,,0,0.0,126.0,21039,0.1538,hold,,,0.0,,,0,0.0,106.108162,24616,0.1516,hold,,,0.0,,,0,0.0
2016-07-27,17343286,261,False,False,,184.90976,32543,0.347,hold,,,0.0,,,0,0.0,107.036308,55938,0.3452,hold,,,0.0,,,0,0.0,128.029999,21039,0.1553,hold,,,0.0,,,0,0.0,107.429604,24616,0.1525,hold,,,0.0,,,0,0.0
2016-07-28,17358461,261,False,False,,185.123245,32543,0.3471,hold,,,0.0,,,0,0.0,107.409943,55938,0.3461,hold,,,0.0,,,0,0.0,127.660004,21039,0.1547,hold,,,0.0,,,0,0.0,107.23101,24616,0.1521,hold,,,0.0,,,0,0.0
2016-07-29,17431022,261,False,False,,185.422134,32543,0.3462,hold,,,0.0,,,0,0.0,107.643501,55938,0.3454,hold,,,0.0,,,0,0.0,128.979996,21039,0.1557,hold,,,0.0,,,0,0.0,108.12468,24616,0.1527,hold,,,0.0,,,0,0.0
2016-08-01,17434086,261,True,False,,185.268448,32543,0.3458,hold,,,0.0,,,0,0.0,108.213333,55938,0.3472,hold,,,0.0,,,0,0.0,129.220001,21039,0.1559,hold,,,0.0,,,0,0.0,106.952278,24616,0.151,hold,,,0.0,,,0,0.0
2016-08-02,17344438,261,False,False,,184.08136,32543,0.3454,hold,,,0.0,,,0,0.0,107.391258,55938,0.3464,hold,,,0.0,,,0,0.0,130.270004,21039,0.158,hold,,,0.0,,,0,0.0,105.850479,24616,0.1502,hold,,,0.0,,,0,0.0
2016-08-03,17370268,261,False,False,,184.6194,32543,0.3459,hold,,,0.0,,,0,0.0,107.746269,55938,0.347,hold,,,0.0,,,0,0.0,129.649994,21039,0.157,hold,,,0.0,,,0,0.0,105.911644,24616,0.1501,hold,,,0.0,,,0,0.0
2016-08-04,17418122,261,False,False,,184.815796,32543,0.3453,hold,,,0.0,,,0,0.0,108.054543,55938,0.347,hold,,,0.0,,,0,0.0,129.869995,21039,0.1569,hold,,,0.0,,,0,0.0,106.707481,24616,0.1508,hold,,,0.0,,,0,0.0
2016-08-05,17449193,261,False,False,,186.327377,32543,0.3475,hold,,,0.0,,,0,0.0,109.091446,55938,0.3497,hold,,,0.0,,,0,0.0,127.550003,21039,0.1538,hold,,,0.0,,,0,0.0,105.597946,24616,0.149,hold,,,0.0,,,0,0.0
2016-08-08,17441372,261,False,False,,186.216385,32543,0.3475,hold,,,0.0,,,0,0.0,108.970001,55938,0.3495,hold,,,0.0,,,0,0.0,127.440002,21039,0.1537,hold,,,0.0,,,0,0.0,105.796944,24616,0.1493,hold,,,0.0,,,0,0.0
2016-08-09,17495650,261,False,False,,186.327377,32543,0.3466,hold,,,0.0,,,0,0.0,109.222221,55938,0.3492,hold,,,0.0,,,0,0.0,127.959999,21039,0.1539,hold,,,0.0,,,0,0.0,106.837593,24616,0.1503,hold,,,0.0,,,0,0.0
2016-08-10,17487759,261,False,False,,185.866211,32543,0.3459,hold,,,0.0,,,0,0.0,108.941971,55938,0.3485,hold,,,0.0,,,0,0.0,128.559998,21039,0.1547,hold,,,0.0,,,0,0.0,107.250748,24616,0.151,hold,,,0.0,,,0,0.0
2016-08-11,17499689,261,False,False,,186.72876,32543,0.3472,hold,,,0.0,,,0,0.0,109.409088,55938,0.3497,hold,,,0.0,,,0,0.0,127.669998,21039,0.1535,hold,,,0.0,,,0,0.0,106.294281,24616,0.1495,hold,,,0.0,,,0,0.0
2016-08-12,17514945,261,False,False,,186.566513,32543,0.3466,hold,,,0.0,,,0,0.0,109.483795,55938,0.3497,hold,,,0.0,,,0,0.0,127.400002,21039,0.153,hold,,,0.0,,,0,0.0,107.189514,24616,0.1506,hold,,,0.0,,,0,0.0
2016-08-15,17542976,261,False,False,,187.104523,32543,0.3471,hold,,,0.0,,,0,0.0,109.950882,55938,0.3506,hold,,,0.0,,,0,0.0,127.839996,21039,0.1533,hold,,,0.0,,,0,0.0,106.179512,24616,0.149,hold,,,0.0,,,0,0.0
2016-08-16,17483890,261,False,False,,186.139465,32543,0.3465,hold,,,0.0,,,0,0.0,109.343681,55938,0.3498,hold,,,0.0,,,0,0.0,128.470001,21039,0.1546,hold,,,0.0,,,0,0.0,105.896393,24616,0.1491,hold,,,0.0,,,0,0.0
2016-08-17,17522523,261,False,False,,186.489639,32543,0.3464,hold,,,0.0,,,0,0.0,109.539848,55938,0.3497,hold,,,0.0,,,0,0.0,128.5,21039,0.1543,hold,,,0.0,,,0,0.0,106.531487,24616,0.1497,hold,,,0.0,,,0,0.0
2016-08-18,17554689,261,False,False,,186.908142,32543,0.3465,hold,,,0.0,,,0,0.0,109.567879,55938,0.3491,hold,,,0.0,,,0,0.0,129.110001,21039,0.1547,hold,,,0.0,,,0,0.0,106.69986,24616,0.1496,hold,,,0.0,,,0,0.0
2016-08-19,17506492,261,False,False,,186.634842,32543,0.3469,hold,,,0.0,,,0,0.0,109.539848,55938,0.35,hold,,,0.0,,,0,0.0,127.970001,21039,0.1538,hold,,,0.0,,,0,0.0,106.141243,24616,0.1492,hold,,,0.0,,,0,0.0
2016-08-22,17528956,261,False,False,,186.626266,32543,0.3465,hold,,,0.0,,,0,0.0,109.623909,55938,0.3498,hold,,,0.0,,,0,0.0,127.779999,21039,0.1534,hold,,,0.0,,,0,0.0,107.036522,24616,0.1503,hold,,,0.0,,,0,0.0
2016-08-23,17554564,261,False,False,,187.00209,32543,0.3467,hold,,,0.0,,,0,0.0,109.820084,55938,0.3499,hold,,,0.0,,,0,0.0,127.760002,21039,0.1531,hold,,,0.0,,,0,0.0,107.151299,24616,0.1503,hold,,,0.0,,,0,0.0
2016-08-24,17447631,261,False,False,,186.045532,32543,0.347,hold,,,0.0,,,0,0.0,109.110146,55938,0.3498,hold,,,0.0,,,0,0.0,126.339996,21039,0.1523,hold,,,0.0,,,0,0.0,106.898773,24616,0.1508,hold,,,0.0,,,0,0.0
2016-08-25,17421238,261,False,False,,185.917496,32543,0.3473,hold,,,0.0,,,0,0.0,108.932632,55938,0.3498,hold,,,0.0,,,0,0.0,126.230003,21039,0.1524,hold,,,0.0,,,0,0.0,106.493263,24616,0.1505,hold,,,0.0,,,0,0.0
2016-08-26,17399681,261,False,False,,185.567322,32543,0.3471,hold,,,0.0,,,0,0.0,109.091446,55938,0.3507,hold,,,0.0,,,0,0.0,126.050003,21039,0.1524,hold,,,0.0,,,0,0.0,105.873398,24616,0.1498,hold,,,0.0,,,0,0.0
2016-08-29,17477886,261,False,False,,186.48111,32543,0.3472,hold,,,0.0,,,0,0.0,109.240898,55938,0.3496,hold,,,0.0,,,0,0.0,126.300003,21039,0.152,hold,,,0.0,,,0,0.0,107.289078,24616,0.1511,hold,,,0.0,,,0,0.0
2016-08-30,17411134,261,False,False,,186.173676,32543,0.348,hold,,,0.0,,,0,0.0,108.885925,55938,0.3498,hold,,,0.0,,,0,0.0,125.029999,21039,0.1511,hold,,,0.0,,,0,0.0,106.87587,24616,0.1511,hold,,,0.0,,,0,0.0
2016-08-31,17386139,261,False,False,,185.644196,32543,0.3475,hold,,,0.0,,,0,0.0,108.773819,55938,0.35,hold,,,0.0,,,0,0.0,124.779999,21039,0.151,hold,,,0.0,,,0,0.0,107.028877,24616,0.1515,hold,,,0.0,,,0,0.0
2016-09-01,17415726,261,True,False,,185.65271,32543,0.3469,hold,,,0.0,,,0,0.0,109.054054,55938,0.3503,hold,,,0.0,,,0,0.0,125.290001,21039,0.1514,hold,,,0.0,,,0,0.0,107.146866,24616,0.1514,hold,,,0.0,,,0,0.0
2016-09-02,17468241,261,False,False,,186.489639,32543,0.3474,hold,,,0.0,,,0,0.0,109.409088,55938,0.3504,hold,,,0.0,,,0,0.0,126.57,21039,0.1524,hold,,,0.0,,,0,0.0,106.273026,24616,0.1498,hold,,,0.0,,,0,0.0
2016-09-06,17588813,261,False,False,,187.053299,32543,0.3461,hold,,,0.0,,,0,0.0,110.091003,55938,0.3501,hold,,,0.0,,,0,0.0,128.710007,21039,0.154,hold,,,0.0,,,0,0.0,107.047295,24616,0.1498,hold,,,0.0,,,0,0.0
2016-09-07,17580771,261,False,False,,187.036194,32543,0.3462,hold,,,0.0,,,0,0.0,110.15641,55938,0.3505,hold,,,0.0,,,0,0.0,128.270004,21039,0.1535,hold,,,0.0,,,0,0.0,106.970665,24616,0.1498,hold,,,0.0,,,0,0.0
2016-09-08,17483488,261,False,False,,186.609268,32543,0.3473,hold,,,0.0,,,0,0.0,109.51181,55938,0.3504,hold,,,0.0,,,0,0.0,127.589996,21039,0.1535,hold,,,0.0,,,0,0.0,105.629044,24616,0.1487,hold,,,0.0,,,0,0.0
2016-09-09,17123473,261,False,False,,182.142761,32543,0.3462,hold,,,0.0,,,0,0.0,106.756027,55938,0.3487,hold,,,0.0,,,0,0.0,126.75,21039,0.1557,hold,,,0.0,,,0,0.0,103.888878,24616,0.1493,hold,,,0.0,,,0,0.0
2016-09-12,17313595,261,False,False,,184.756042,32543,0.3473,hold,,,0.0,,,0,0.0,108.671074,55938,0.3511,hold,,,0.0,,,0,0.0,126.589996,21039,0.1538,hold,,,0.0,,,0,0.0,103.942528,24616,0.1478,hold,,,0.0,,,0,0.0
2016-09-13,17126084,261,False,False,,182.100052,32543,0.346,hold,,,0.0,,,0,0.0,107.699554,55938,0.3518,hold,,,0.0,,,0,0.0,125.75,21039,0.1545,hold,,,0.0,,,0,0.0,102.761993,24616,0.1477,hold,,,0.0,,,0,0.0
2016-09-14,17165423,261,False,False,,182.031769,32543,0.3451,hold,,,0.0,,,0,0.0,108.213333,55938,0.3526,hold,,,0.0,,,0,0.0,126.18,21039,0.1547,hold,,,0.0,,,0,0.0,102.915329,24616,0.1476,hold,,,0.0,,,0,0.0
2016-09-15,17290692,261,False,False,,183.850784,32543,0.346,hold,,,0.0,,,0,0.0,109.894836,55938,0.3555,hold,,,0.0,,,0,0.0,125.370003,21039,0.1525,hold,,,0.0,,,0,0.0,102.470673,24616,0.1459,hold,,,0.0,,,0,0.0
2016-09-16,17278487,261,False,False,,183.140045,32543,0.3449,hold,,,0.0,,,0,0.0,109.842392,55938,0.3556,hold,,,0.0,,,0,0.0,125.059998,21039,0.1523,hold,,,0.0,,,0,0.0,103.298607,24616,0.1472,hold,,,0.0,,,0,0.0
2016-09-19,17250054,261,False,False,,183.174377,32543,0.3456,hold,,,0.0,,,0,0.0,109.364769,55938,0.3546,hold,,,0.0,,,0,0.0,125.32,21039,0.1528,hold,,,0.0,,,0,0.0,102.961304,24616,0.1469,hold,,,0.0,,,0,0.0
2016-09-20,17273254,261,False,False,,183.183014,32543,0.3451,hold,,,0.0,,,0,0.0,109.570808,55938,0.3548,hold,,,0.0,,,0,0.0,125.440002,21039,0.1528,hold,,,0.0,,,0,0.0,103.321617,24616,0.1472,hold,,,0.0,,,0,0.0
2016-09-21,17459606,261,False,False,,185.242981,32543,0.3453,hold,,,0.0,,,0,0.0,110.647781,55938,0.3545,hold,,,0.0,,,0,0.0,127.269997,21039,0.1534,hold,,,0.0,,,0,0.0,104.157227,24616,0.1468,hold,,,0.0,,,0,0.0
2016-09-22,17573527,261,False,False,,186.410294,32543,0.3452,hold,,,0.0,,,0,0.0,111.528076,55938,0.355,hold,,,0.0,,,0,0.0,127.57,21039,0.1527,hold,,,0.0,,,0,0.0,104.98513,24616,0.1471,hold,,,0.0,,,0,0.0
2016-09-23,17499704,261,False,False,,185.388901,32543,0.3448,hold,,,0.0,,,0,0.0,110.81633,55938,0.3542,hold,,,0.0,,,0,0.0,127.650002,21039,0.1535,hold,,,0.0,,,0,0.0,104.885468,24616,0.1475,hold,,,0.0,,,0,0.0
2016-09-26,17413274,261,False,False,,183.886826,32543,0.3437,hold,,,0.0,,,0,0.0,109.889198,55938,0.353,hold,,,0.0,,,0,0.0,127.550003,21039,0.1541,hold,,,0.0,,,0,0.0,105.552391,24616,0.1492,hold,,,0.0,,,0,0.0
2016-09-27,17510684,261,False,False,,185.028336,32543,0.3439,hold,,,0.0,,,0,0.0,110.975548,55938,0.3545,hold,,,0.0,,,0,0.0,126.620003,21039,0.1521,hold,,,0.0,,,0,0.0,106.326683,24616,0.1495,hold,,,0.0,,,0,0.0
2016-09-28,17536972,261,False,False,,185.946762,32543,0.3451,hold,,,0.0,,,0,0.0,111.162842,55938,0.3546,hold,,,0.0,,,0,0.0,126.220001,21039,0.1514,hold,,,0.0,,,0,0.0,106.09671,24616,0.1489,hold,,,0.0,,,0,0.0
2016-09-29,17440624,261,False,False,,184.264496,32543,0.3438,hold,,,0.0,,,0,0.0,110.357452,55938,0.354,hold,,,0.0,,,0,0.0,126.07,21039,0.1521,hold,,,0.0,,,0,0.0,106.365036,24616,0.1501,hold,,,0.0,,,0,0.0
2016-09-30,17499527,261,False,False,,185.654968,32543,0.3453,hold,,,0.0,,,0,0.0,111.181587,55938,0.3554,hold,,,0.0,,,0,0.0,125.639999,21039,0.1511,hold,,,0.0,,,0,0.0,105.414413,24616,0.1483,hold,,,0.0,,,0,0.0
2016-10-03,17460800,261,True,False,,185.208679,32543,0.3452,hold,,,0.0,,,0,0.0,111.022369,55938,0.3557,hold,,,0.0,,,0,0.0,125.32,21039,0.151,hold,,,0.0,,,0,0.0,105.06649,24616,0.1481,hold,,,0.0,,,0,0.0
2016-10-04,17298879,261,False,False,,184.264496,32543,0.3466,hold,,,0.0,,,0,0.0,110.853783,55938,0.3585,hold,,,0.0,,,0,0.0,120.970001,21039,0.1471,hold,,,0.0,,,0,0.0,103.837837,24616,0.1478,hold,,,0.0,,,0,0.0
2016-10-05,17331509,261,False,False,,185.079895,32543,0.3475,hold,,,0.0,,,0,0.0,111.247139,55938,0.3591,hold,,,0.0,,,0,0.0,120.779999,21039,0.1466,hold,,,0.0,,,0,0.0,103.353958,24616,0.1468,hold,,,0.0,,,0,0.0
2016-10-06,17294815,261,False,False,,185.208679,32543,0.3485,hold,,,0.0,,,0,0.0,111.190948,55938,0.3596,hold,,,0.0,,,0,0.0,119.660004,21039,0.1456,hold,,,0.0,,,0,0.0,102.777962,24616,0.1463,hold,,,0.0,,,0,0.0
2016-10-07,17263907,261,False,False,,184.573471,32543,0.3479,hold,,,0.0,,,0,0.0,110.947441,55938,0.3595,hold,,,0.0,,,0,0.0,119.739998,21039,0.1459,hold,,,0.0,,,0,0.0,102.847084,24616,0.1466,hold,,,0.0,,,0,0.0
2016-10-10,17328383,261,False,False,,185.534805,32543,0.3484,hold,,,0.0,,,0,0.0,111.649818,55938,0.3604,hold,,,0.0,,,0,0.0,120.160004,21039,0.1459,hold,,,0.0,,,0,0.0,102.24041,24616,0.1452,hold,,,0.0,,,0,0.0
2016-10-11,17144566,261,False,False,,183.191574,32543,0.3477,hold,,,0.0,,,0,0.0,110.057777,55938,0.3591,hold,,,0.0,,,0,0.0,119.550003,21039,0.1467,hold,,,0.0,,,0,0.0,102.009987,24616,0.1465,hold,,,0.0,,,0,0.0
2016-10-12,17153603,261,False,False,,183.431915,32543,0.348,hold,,,0.0,,,0,0.0,109.964111,55938,0.3586,hold,,,0.0,,,0,0.0,119.739998,21039,0.1469,hold,,,0.0,,,0,0.0,102.109825,24616,0.1465,hold,,,0.0,,,0,0.0
2016-10-13,17127603,261,False,False,,182.831085,32543,0.3474,hold,,,0.0,,,0,0.0,109.570808,55938,0.3579,hold,,,0.0,,,0,0.0,120.029999,21039,0.1474,hold,,,0.0,,,0,0.0,102.493797,24616,0.1473,hold,,,0.0,,,0,0.0
2016-10-14,17088560,261,False,False,,182.925491,32543,0.3484,hold,,,0.0,,,0,0.0,109.701897,55938,0.3591,hold,,,0.0,,,0,0.0,119.360001,21039,0.147,hold,,,0.0,,,0,0.0,101.057671,24616,0.1456,hold,,,0.0,,,0,0.0
2016-10-17,17073740,261,False,False,,182.290344,32543,0.3475,hold,,,0.0,,,0,0.0,109.402222,55938,0.3584,hold,,,0.0,,,0,0.0,119.68,21039,0.1475,hold,,,0.0,,,0,0.0,101.702782,24616,0.1466,hold,,,0.0,,,0,0.0
2016-10-18,17189070,261,False,False,,183.431915,32543,0.3473,hold,,,0.0,,,0,0.0,110.376183,55938,0.3592,hold,,,0.0,,,0,0.0,120.419998,21039,0.1474,hold,,,0.0,,,0,0.0,102.033058,24616,0.1461,hold,,,0.0,,,0,0.0
2016-10-19,17221064,261,False,False,,183.921158,32543,0.3476,hold,,,0.0,,,0,0.0,110.366821,55938,0.3585,hold,,,0.0,,,0,0.0,121.110001,21039,0.148,hold,,,0.0,,,0,0.0,102.1175,24616,0.146,hold,,,0.0,,,0,0.0
2016-10-20,17197419,261,False,False,,183.57785,32543,0.3474,hold,,,0.0,,,0,0.0,110.23571,55938,0.3586,hold,,,0.0,,,0,0.0,120.739998,21039,0.1477,hold,,,0.0,,,0,0.0,102.224998,24616,0.1463,hold,,,0.0,,,0,0.0
2016-10-21,17228936,261,False,False,,183.66362,32543,0.3469,hold,,,0.0,,,0,0.0,110.647781,55938,0.3592,hold,,,0.0,,,0,0.0,120.830002,21039,0.1476,hold,,,0.0,,,0,0.0,102.378639,24616,0.1463,hold,,,0.0,,,0,0.0
2016-10-24,17312097,261,False,False,,184.444733,32543,0.3467,hold,,,0.0,,,0,0.0,111.977585,55938,0.3618,hold,,,0.0,,,0,0.0,120.559998,21039,0.1465,hold,,,0.0,,,0,0.0,101.933212,24616,0.1449,hold,,,0.0,,,0,0.0
2016-10-25,17297845,261,False,False,,183.826767,32543,0.3458,hold,,,0.0,,,0,0.0,111.621758,55938,0.361,hold,,,0.0,,,0,0.0,121.470001,21039,0.1477,hold,,,0.0,,,0,0.0,102.202003,24616,0.1454,hold,,,0.0,,,0,0.0
2016-10-26,17212077,261,False,False,,183.457642,32543,0.3469,hold,,,0.0,,,0,0.0,110.863174,55938,0.3603,hold,,,0.0,,,0,0.0,120.790001,21039,0.1476,hold,,,0.0,,,0,0.0,101.510788,24616,0.1452,hold,,,0.0,,,0,0.0
2016-10-27,17145275,261,False,False,,182.96843,32543,0.3473,hold,,,0.0,,,0,0.0,110.357452,55938,0.3601,hold,,,0.0,,,0,0.0,121.010002,21039,0.1485,hold,,,0.0,,,0,0.0,100.404961,24616,0.1442,hold,,,0.0,,,0,0.0
2016-10-28,17095421,261,False,False,,182.427673,32543,0.3473,hold,,,0.0,,,0,0.0,109.664444,55938,0.3588,hold,,,0.0,,,0,0.0,121.580002,21039,0.1496,hold,,,0.0,,,0,0.0,100.182198,24616,0.1443,hold,,,0.0,,,0,0.0
2016-10-31,17112638,261,False,False,,182.436295,32543,0.3469,hold,,,0.0,,,0,0.0,109.561432,55938,0.3581,hold,,,0.0,,,0,0.0,121.940002,21039,0.1499,hold,,,0.0,,,0,0.0,100.796631,24616,0.145,hold,,,0.0,,,0,0.0
2016-11-01,17040328,261,True,False,,181.114395,32543,0.3459,hold,,,0.0,,,0,0.0,108.737297,55938,0.357,hold,,,0.0,,,0,0.0,122.730003,21039,0.1515,hold,,,0.0,,,0,0.0,100.804268,24616,0.1456,hold,,,0.0,,,0,0.0
2016-11-02,16986080,261,False,False,,180.024368,32543,0.3449,hold,,,0.0,,,0,0.0,107.866371,55938,0.3552,hold,,,0.0,,,0,0.0,123.639999,21039,0.1531,hold,,,0.0,,,0,0.0,101.242889,24616,0.1467,hold,,,0.0,,,0,0.0
2016-11-03,16894822,261,False,False,,179.200378,32543,0.3452,hold,,,0.0,,,0,0.0,106.808105,55938,0.3536,hold,,,0.0,,,0,0.0,124.300003,21039,0.1548,hold,,,0.0,,,0,0.0,100.465698,24616,0.1464,hold,,,0.0,,,0,0.0
2016-11-04,16891499,261,False,False,,179.002975,32543,0.3449,hold,,,0.0,,,0,0.0,106.43351,55938,0.3525,hold,,,0.0,,,0,0.0,124.389999,21039,0.1549,hold,,,0.0,,,0,0.0,101.366005,24616,0.1477,hold,,,0.0,,,0,0.0
2016-11-07,17093091,261,False,False,,182.951279,32543,0.3483,hold,,,0.0,,,0,0.0,108.962082,55938,0.3566,hold,,,0.0,,,0,0.0,122.150002,21039,0.1503,hold,,,0.0,,,0,0.0,100.504219,24616,0.1447,hold,,,0.0,,,0,0.0
2016-11-08,17138948,261,False,False,,183.775253,32543,0.3489,hold,,,0.0,,,0,0.0,109.67379,55938,0.358,hold,,,0.0,,,0,0.0,121.639999,21039,0.1493,hold,,,0.0,,,0,0.0,100.096397,24616,0.1438,hold,,,0.0,,,0,0.0
2016-11-09,17124411,261,False,False,,185.723679,32543,0.3529,hold,,,0.0,,,0,0.0,110.179535,55938,0.3599,hold,,,0.0,,,0,0.0,121.559998,21039,0.1493,hold,,,0.0,,,0,0.0,95.849091,24616,0.1378,hold,,,0.0,,,0,0.0
2016-11-10,16967030,261,False,False,,186.187149,32543,0.3571,hold,,,0.0,,,0,0.0,108.400177,55938,0.3574,hold,,,0.0,,,0,0.0,119.75,21039,0.1485,hold,,,0.0,,,0,0.0,94.43335,24616,0.137,hold,,,0.0,,,0,0.0
2016-11-11,16886859,261,False,False,,185.75798,32543,0.358,hold,,,0.0,,,0,0.0,108.447014,55938,0.3592,hold,,,0.0,,,0,0.0,117.099998,21039,0.1459,hold,,,0.0,,,0,0.0,93.902374,24616,0.1369,hold,,,0.0,,,0,0.0
2016-11-14,16795660,261,False,False,,185.903915,32543,0.3602,hold,,,0.0,,,0,0.0,107.351273,55938,0.3575,hold,,,0.0,,,0,0.0,116.110001,21039,0.1454,hold,,,0.0,,,0,0.0,93.340698,24616,0.1368,hold,,,0.0,,,0,0.0
2016-11-15,16958773,261,False,False,,187.354446,32543,0.3595,hold,,,0.0,,,0,0.0,108.840324,55938,0.359,hold,,,0.0,,,0,0.0,117.120003,21039,0.1453,hold,,,0.0,,,0,0.0,93.802368,24616,0.1362,hold,,,0.0,,,0,0.0
2016-11-16,16996939,261,False,False,,187.002533,32543,0.358,hold,,,0.0,,,0,0.0,109.486511,55938,0.3603,hold,,,0.0,,,0,0.0,116.769997,21039,0.1445,hold,,,0.0,,,0,0.0,94.648804,24616,0.1371,hold,,,0.0,,,0,0.0
2016-11-17,17025844,261,False,False,,187.963882,32543,0.3593,hold,,,0.0,,,0,0.0,110.282501,55938,0.3623,hold,,,0.0,,,0,0.0,116.169998,21039,0.1436,hold,,,0.0,,,0,0.0,93.256081,24616,0.1348,hold,,,0.0,,,0,0.0
2016-11-18,16961018,261,False,False,,187.543274,32543,0.3598,hold,,,0.0,,,0,0.0,109.870468,55938,0.3624,hold,,,0.0,,,0,0.0,115.150002,21039,0.1428,hold,,,0.0,,,0,0.0,92.986755,24616,0.135,hold,,,0.0,,,0,0.0
2016-11-21,17085746,261,False,False,,188.959488,32543,0.3599,hold,,,0.0,,,0,0.0,111.012985,55938,0.3635,hold,,,0.0,,,0,0.0,115.580002,21039,0.1423,hold,,,0.0,,,0,0.0,93.217621,24616,0.1343,hold,,,0.0,,,0,0.0
2016-11-22,17115018,261,False,False,,189.328552,32543,0.36,hold,,,0.0,,,0,0.0,111.350159,55938,0.3639,hold,,,0.0,,,0,0.0,115.540001,21039,0.142,hold,,,0.0,,,0,0.0,93.186844,24616,0.134,hold,,,0.0,,,0,0.0
2016-11-23,17036142,261,False,False,,189.431534,32543,0.3619,hold,,,0.0,,,0,0.0,110.900627,55938,0.3641,hold,,,0.0,,,0,0.0,113.25,21039,0.1399,hold,,,0.0,,,0,0.0,92.825195,24616,0.1341,hold,,,0.0,,,0,0.0
2016-11-25,17068899,261,False,False,,190.135391,32543,0.3625,hold,,,0.0,,,0,0.0,111.2565,55938,0.3646,hold,,,0.0,,,0,0.0,112.610001,21039,0.1388,hold,,,0.0,,,0,0.0,92.963707,24616,0.1341,hold,,,0.0,,,0,0.0
2016-11-28,17067599,261,False,False,,189.242767,32543,0.3608,hold,,,0.0,,,0,0.0,111.003632,55938,0.3638,hold,,,0.0,,,0,0.0,113.800003,21039,0.1403,hold,,,0.0,,,0,0.0,93.648521,24616,0.1351,hold,,,0.0,,,0,0.0
2016-11-29,17099600,261,False,False,,189.611862,32543,0.3609,hold,,,0.0,,,0,0.0,111.387634,55938,0.3644,hold,,,0.0,,,0,0.0,113.269997,21039,0.1394,hold,,,0.0,,,0,0.0,94.040932,24616,0.1354,hold,,,0.0,,,0,0.0
2016-11-30,16939875,261,False,False,,189.156906,32543,0.3634,hold,,,0.0,,,0,0.0,110.039055,55938,0.3634,hold,,,0.0,,,0,0.0,111.75,21039,0.1388,hold,,,0.0,,,0,0.0,92.517418,24616,0.1344,hold,,,0.0,,,0,0.0
2016-12-01,16782444,261,True,False,,188.46167,32543,0.3654,hold,REDUCE_TO_TARGET,rebalance 2016-12-01,-259253.0,,,0,0.0,108.137962,55938,0.3604,hold,REDUCE_TO_TARGET,rebalance 2016-12-01,-175166.0,,,0,0.0,111.540001,21039,0.1398,hold,INCREASE_TO_TARGET,rebalance 2016-12-01,170676.0,,,0,0.0,91.540611,24616,0.1343,hold,INCREASE_TO_TARGET,rebalance 2016-12-01,264003.0,,,0,0.0
2016-12-02,16825167,59,False,True,monthly,188.556061,31164,0.3492,hold,,,0.0,REDUCE_TO_TARGET,sell,1379,187.98184,108.353363,54315,0.3498,hold,,,0.0,REDUCE_TO_TARGET,sell,1623,107.878915,112.139999,22559,0.1504,hold,,,0.0,INCREASE_TO_TARGET,buy,1520,111.889999,92.211342,27480,0.1506,hold,,,0.0,INCREASE_TO_TARGET,buy,2864,91.879813
2016-12-05,16889966,59,False,False,,189.689087,31164,0.35,hold,,,0.0,,,0,0.0,109.196228,54315,0.3512,hold,,,0.0,,,0,0.0,111.540001,22559,0.149,hold,,,0.0,,,0,0.0,92.111099,27480,0.1499,hold,,,0.0,,,0,0.0
2016-12-06,16918543,59,False,False,,190.289886,31164,0.3505,hold,,,0.0,,,0,0.0,109.45842,54315,0.3514,hold,,,0.0,,,0,0.0,111.43,22559,0.1486,hold,,,0.0,,,0,0.0,92.04174,27480,0.1495,hold,,,0.0,,,0,0.0
2016-12-07,17102029,59,False,False,,192.779007,31164,0.3513,hold,,,0.0,,,0,0.0,110.844437,54315,0.352,hold,,,0.0,,,0,0.0,111.830002,22559,0.1475,hold,,,0.0,,,0,0.0,92.828133,27480,0.1492,hold,,,0.0,,,0,0.0
2016-12-08,17091474,59,False,False,,193.251144,31164,0.3524,hold,,,0.0,,,0,0.0,111.041092,54315,0.3529,hold,,,0.0,,,0,0.0,111.57,22559,0.1473,hold,,,0.0,,,0,0.0,91.733353,27480,0.1475,hold,,,0.0,,,0,0.0
2016-12-09,17117403,59,False,False,,194.418411,31164,0.354,hold,,,0.0,,,0,0.0,111.912025,54315,0.3551,hold,,,0.0,,,0,0.0,110.400002,22559,0.1455,hold,,,0.0,,,0,0.0,90.592216,27480,0.1454,hold,,,0.0,,,0,0.0
2016-12-12,17097120,59,False,False,,194.195221,31164,0.354,hold,,,0.0,,,0,0.0,111.406372,54315,0.3539,hold,,,0.0,,,0,0.0,110.82,22559,0.1462,hold,,,0.0,,,0,0.0,90.761871,27480,0.1459,hold,,,0.0,,,0,0.0
2016-12-13,17214363,59,False,False,,195.491364,31164,0.3539,hold,,,0.0,,,0,0.0,112.811104,54315,0.3559,hold,,,0.0,,,0,0.0,110.449997,22559,0.1447,hold,,,0.0,,,0,0.0,91.085678,27480,0.1454,hold,,,0.0,,,0,0.0
2016-12-14,17086844,59,False,False,,193.877716,31164,0.3536,hold,,,0.0,,,0,0.0,112.576958,54315,0.3579,hold,,,0.0,,,0,0.0,108.830002,22559,0.1437,hold,,,0.0,,,0,0.0,90.067924,27480,0.1449,hold,,,0.0,,,0,0.0
2016-12-15,17100272,59,False,False,,194.675949,31164,0.3548,hold,,,0.0,,,0,0.0,112.75489,54315,0.3581,hold,,,0.0,,,0,0.0,107.339996,22559,0.1416,hold,,,0.0,,,0,0.0,90.522827,27480,0.1455,hold,,,0.0,,,0,0.0
2016-12-16,17076000,59,False,False,,194.295166,31164,0.3546,hold,,,0.0,,,0,0.0,112.336922,54315,0.3573,hold,,,0.0,,,0,0.0,108.050003,22559,0.1427,hold,,,0.0,,,0,0.0,90.314651,27480,0.1453,hold,,,0.0,,,0,0.0
2016-12-19,17153064,59,False,False,,194.718246,31164,0.3538,hold,,,0.0,,,0,0.0,112.797195,54315,0.3572,hold,,,0.0,,,0,0.0,108.589996,22559,0.1428,hold,,,0.0,,,0,0.0,91.286171,27480,0.1462,hold,,,0.0,,,0,0.0
2016-12-20,17169389,59,False,False,,195.469315,31164,0.3548,hold,,,0.0,,,0,0.0,113.22924,54315,0.3582,hold,,,0.0,,,0,0.0,107.790001,22559,0.1416,hold,,,0.0,,,0,0.0,90.831284,27480,0.1454,hold,,,0.0,,,0,0.0
2016-12-21,17160218,59,False,False,,194.925446,31164,0.354,hold,,,0.0,,,0,0.0,113.144699,54315,0.3581,hold,,,0.0,,,0,0.0,107.849998,22559,0.1418,hold,,,0.0,,,0,0.0,91.23217,27480,0.1461,hold,,,0.0,,,0,0.0
2016-12-22,17122032,59,False,False,,194.588745,31164,0.3542,hold,,,0.0,,,0,0.0,112.825348,54315,0.3579,hold,,,0.0,,,0,0.0,107.589996,22559,0.1418,hold,,,0.0,,,0,0.0,91.069069,27480,0.1462,hold,,,0.0,,,0,0.0
2016-12-23,17147760,59,False,False,,194.873627,31164,0.3542,hold,,,0.0,,,0,0.0,112.90049,54315,0.3576,hold,,,0.0,,,0,0.0,107.93,22559,0.142,hold,,,0.0,,,0,0.0,91.254601,27480,0.1462,hold,,,0.0,,,0,0.0
2016-12-27,17200598,59,False,False,,195.357147,31164,0.3539,hold,,,0.0,,,0,0.0,113.482834,54315,0.3583,hold,,,0.0,,,0,0.0,108.559998,22559,0.1424,hold,,,0.0,,,0,0.0,90.960831,27480,0.1453,hold,,,0.0,,,0,0.0
2016-12-28,17127365,59,False,False,,193.74263,31164,0.3525,hold,,,0.0,,,0,0.0,112.599937,54315,0.3571,hold,,,0.0,,,0,0.0,108.860001,22559,0.1434,hold,,,0.0,,,0,0.0,91.625633,27480,0.147,hold,,,0.0,,,0,0.0
2016-12-29,17158525,59,False,False,,193.699387,31164,0.3518,hold,,,0.0,,,0,0.0,112.440254,54315,0.3559,hold,,,0.0,,,0,0.0,110.290001,22559,0.145,hold,,,0.0,,,0,0.0,91.950294,27480,0.1473,hold,,,0.0,,,0,0.0
2016-12-30,17062198,59,False,False,,192.991455,31164,0.3525,hold,,,0.0,,,0,0.0,111.284966,54315,0.3543,hold,,,0.0,,,0,0.0,109.610001,22559,0.1449,hold,,,0.0,,,0,0.0,92.089455,27480,0.1483,hold,,,0.0,,,0,0.0
2017-01-03,17192519,59,True,False,,194.467865,31164,0.3525,hold,,,0.0,,,0,0.0,112.280556,54315,0.3547,hold,,,0.0,,,0,0.0,110.470001,22559,0.145,hold,,,0.0,,,0,0.0,92.483711,27480,0.1478,hold,,,0.0,,,0,0.0
2017-01-04,17280305,59,False,False,,195.624802,31164,0.3528,hold,,,0.0,,,0,0.0,112.891121,54315,0.3548,hold,,,0.0,,,0,0.0,110.860001,22559,0.1447,hold,,,0.0,,,0,0.0,92.839279,27480,0.1476,hold,,,0.0,,,0,0.0
2017-01-05,17388888,59,False,False,,195.469315,31164,0.3503,hold,,,0.0,,,0,0.0,113.529816,54315,0.3546,hold,,,0.0,,,0,0.0,112.580002,22559,0.1461,hold,,,0.0,,,0,0.0,94.292564,27480,0.149,hold,,,0.0,,,0,0.0
2017-01-06,17422246,59,False,False,,196.168716,31164,0.3509,hold,,,0.0,,,0,0.0,114.525444,54315,0.357,hold,,,0.0,,,0,0.0,111.75,22559,0.1447,hold,,,0.0,,,0,0.0,93.426773,27480,0.1474,hold,,,0.0,,,0,0.0
2017-01-09,17463832,59,False,False,,195.521164,31164,0.3489,hold,,,0.0,,,0,0.0,114.901146,54315,0.3574,hold,,,0.0,,,0,0.0,112.669998,22559,0.1455,hold,,,0.0,,,0,0.0,94.176628,27480,0.1482,hold,,,0.0,,,0,0.0
2017-01-10,17486736,59,False,False,,195.521164,31164,0.3484,hold,,,0.0,,,0,0.0,115.154762,54315,0.3577,hold,,,0.0,,,0,0.0,113.150002,22559,0.146,hold,,,0.0,,,0,0.0,94.114777,27480,0.1479,hold,,,0.0,,,0,0.0
2017-01-11,17537396,59,False,False,,196.073761,31164,0.3484,hold,,,0.0,,,0,0.0,115.464706,54315,0.3576,hold,,,0.0,,,0,0.0,113.5,22559,0.146,hold,,,0.0,,,0,0.0,94.431694,27480,0.148,hold,,,0.0,,,0,0.0
2017-01-12,17515881,59,False,False,,195.581619,31164,0.348,hold,,,0.0,,,0,0.0,115.28627,54315,0.3575,hold,,,0.0,,,0,0.0,113.910004,22559,0.1467,hold,,,0.0,,,0,0.0,94.222977,27480,0.1478,hold,,,0.0,,,0,0.0
2017-01-13,17545746,59,False,False,,196.030594,31164,0.3482,hold,,,0.0,,,0,0.0,115.680748,54315,0.3581,hold,,,0.0,,,0,0.0,114.209999,22559,0.1468,hold,,,0.0,,,0,0.0,93.774628,27480,0.1469,hold,,,0.0,,,0,0.0
2017-01-17,17569319,59,False,False,,195.339828,31164,0.3465,hold,,,0.0,,,0,0.0,115.333229,54315,0.3565,hold,,,0.0,,,0,0.0,115.849998,22559,0.1488,hold,,,0.0,,,0,0.0,94.756378,27480,0.1482,hold,,,0.0,,,0,0.0
2017-01-18,17540067,59,False,False,,195.771545,31164,0.3478,hold,,,0.0,,,0,0.0,115.568031,54315,0.3579,hold,,,0.0,,,0,0.0,114.870003,22559,0.1477,hold,,,0.0,,,0,0.0,93.542717,27480,0.1466,hold,,,0.0,,,0,0.0
2017-01-19,17494517,59,False,False,,195.04631,31164,0.3474,hold,,,0.0,,,0,0.0,115.511673,54315,0.3586,hold,,,0.0,,,0,0.0,114.769997,22559,0.148,hold,,,0.0,,,0,0.0,92.901085,27480,0.1459,hold,,,0.0,,,0,0.0
2017-01-20,17531843,59,False,False,,195.762909,31164,0.348,hold,,,0.0,,,0,0.0,115.765289,54315,0.3586,hold,,,0.0,,,0,0.0,115.050003,22559,0.148,hold,,,0.0,,,0,0.0,92.715591,27480,0.1453,hold,,,0.0,,,0,0.0
2017-01-23,17563254,59,False,False,,195.253525,31164,0.3465,hold,,,0.0,,,0,0.0,115.8592,54315,0.3583,hold,,,0.0,,,0,0.0,115.790001,22559,0.1487,hold,,,0.0,,,0,0.0,93.643219,27480,0.1465,hold,,,0.0,,,0,0.0
2017-01-24,17615249,59,False,False,,196.505402,31164,0.3476,hold,,,0.0,,,0,0.0,116.638794,54315,0.3596,hold,,,0.0,,,0,0.0,115.269997,22559,0.1476,hold,,,0.0,,,0,0.0,93.001595,27480,0.1451,hold,,,0.0,,,0,0.0
2017-01-25,17678521,59,False,False,,198.20636,31164,0.3494,hold,,,0.0,,,0,0.0,117.812881,54315,0.362,hold,,,0.0,,,0,0.0,114.32,22559,0.1459,hold,,,0.0,,,0,0.0,91.834328,27480,0.1427,hold,,,0.0,,,0,0.0
2017-01-26,17663278,59,False,False,,197.9991,31164,0.3493,hold,,,0.0,,,0,0.0,117.93499,54315,0.3627,hold,,,0.0,,,0,0.0,113.260002,22559,0.1447,hold,,,0.0,,,0,0.0,92.143524,27480,0.1434,hold,,,0.0,,,0,0.0
2017-01-27,17680159,59,False,False,,197.688263,31164,0.3485,hold,,,0.0,,,0,0.0,118.160423,54315,0.363,hold,,,0.0,,,0,0.0,113.489998,22559,0.1448,hold,,,0.0,,,0,0.0,92.47596,27480,0.1437,hold,,,0.0,,,0,0.0
2017-01-30,17595136,59,False,False,,196.46225,31164,0.348,hold,,,0.0,,,0,0.0,117.239929,54315,0.3619,hold,,,0.0,,,0,0.0,113.970001,22559,0.1461,hold,,,0.0,,,0,0.0,92.197678,27480,0.144,hold,,,0.0,,,0,0.0
2017-01-31,17635120,59,False,False,,196.445023,31164,0.3471,hold,,,0.0,,,0,0.0,117.005112,54315,0.3604,hold,,,0.0,,,0,0.0,115.550003,22559,0.1478,hold,,,0.0,,,0,0.0,92.839279,27480,0.1447,hold,,,0.0,,,0,0.0
2017-02-01,17657745,59,True,False,,196.52272,31164,0.3468,hold,,,0.0,,,0,0.0,117.812881,54315,0.3624,hold,,,0.0,,,0,0.0,115.199997,22559,0.1472,hold,,,0.0,,,0,0.0,92.265228,27480,0.1436,hold,,,0.0,,,0,0.0
2017-02-02,17669543,59,False,False,,196.652222,31164,0.3468,hold,,,0.0,,,0,0.0,117.709564,54315,0.3618,hold,,,0.0,,,0,0.0,115.839996,22559,0.1479,hold,,,0.0,,,0,0.0,92.226517,27480,0.1434,hold,,,0.0,,,0,0.0
2017-02-03,17735629,59,False,False,,198.007706,31164,0.3479,hold,,,0.0,,,0,0.0,118.047699,54315,0.3615,hold,,,0.0,,,0,0.0,116.129997,22559,0.1477,hold,,,0.0,,,0,0.0,92.187782,27480,0.1428,hold,,,0.0,,,0,0.0
2017-02-06,17782995,59,False,False,,197.653732,31164,0.3464,hold,,,0.0,,,0,0.0,118.188599,54315,0.361,hold,,,0.0,,,0,0.0,117.699997,22559,0.1493,hold,,,0.0,,,0,0.0,92.745544,27480,0.1433,hold,,,0.0,,,0,0.0
2017-02-07,17820051,59,False,False,,197.662384,31164,0.3457,hold,,,0.0,,,0,0.0,118.620651,54315,0.3616,hold,,,0.0,,,0,0.0,117.459999,22559,0.1487,hold,,,0.0,,,0,0.0,93.427254,27480,0.1441,hold,,,0.0,,,0,0.0
2017-02-08,17890217,59,False,False,,197.921387,31164,0.3448,hold,,,0.0,,,0,0.0,118.817909,54315,0.3607,hold,,,0.0,,,0,0.0,118.190002,22559,0.149,hold,,,0.0,,,0,0.0,94.697723,27480,0.1455,hold,,,0.0,,,0,0.0
2017-02-09,17899959,59,False,False,,199.095627,31164,0.3466,hold,,,0.0,,,0,0.0,119.249954,54315,0.3618,hold,,,0.0,,,0,0.0,117.290001,22559,0.1478,hold,,,0.0,,,0,0.0,93.605438,27480,0.1437,hold,,,0.0,,,0,0.0
2017-02-10,17951373,59,False,False,,199.881241,31164,0.347,hold,,,0.0,,,0,0.0,119.644447,54315,0.362,hold,,,0.0,,,0,0.0,117.599998,22559,0.1478,hold,,,0.0,,,0,0.0,93.551254,27480,0.1432,hold,,,0.0,,,0,0.0
2017-02-13,17995872,59,False,False,,200.969086,31164,0.348,hold,,,0.0,,,0,0.0,120.32077,54315,0.3632,hold,,,0.0,,,0,0.0,116.800003,22559,0.1464,hold,,,0.0,,,0,0.0,93.256882,27480,0.1424,hold,,,0.0,,,0,0.0
2017-02-14,18027240,59,False,False,,201.771973,31164,0.3488,hold,,,0.0,,,0,0.0,120.724625,54315,0.3637,hold,,,0.0,,,0,0.0,116.93,22559,0.1463,hold,,,0.0,,,0,0.0,92.58287,27480,0.1411,hold,,,0.0,,,0,0.0
2017-02-15,18098863,59,False,False,,202.825394,31164,0.3492,hold,,,0.0,,,0,0.0,121.438469,54315,0.3644,hold,,,0.0,,,0,0.0,117.449997,22559,0.1464,hold,,,0.0,,,0,0.0,92.156784,27480,0.1399,hold,,,0.0,,,0,0.0
2017-02-16,18119489,59,False,False,,202.652664,31164,0.3485,hold,,,0.0,,,0,0.0,121.400902,54315,0.3639,hold,,,0.0,,,0,0.0,118.080002,22559,0.147,hold,,,0.0,,,0,0.0,92.660324,27480,0.1405,hold,,,0.0,,,0,0.0
2017-02-17,18164105,59,False,False,,202.972137,31164,0.3482,hold,,,0.0,,,0,0.0,121.926888,54315,0.3646,hold,,,0.0,,,0,0.0,117.68,22559,0.1462,hold,,,0.0,,,0,0.0,93.210342,27480,0.141,hold,,,0.0,,,0,0.0
2017-02-21,18231533,59,False,False,,204.180893,31164,0.349,hold,,,0.0,,,0,0.0,122.528008,54315,0.365,hold,,,0.0,,,0,0.0,117.75,22559,0.1457,hold,,,0.0,,,0,0.0,93.047661,27480,0.1402,hold,,,0.0,,,0,0.0
2017-02-22,18236300,59,False,False,,203.999527,31164,0.3486,hold,,,0.0,,,0,0.0,122.574997,54315,0.3651,hold,,,0.0,,,0,0.0,117.910004,22559,0.1459,hold,,,0.0,,,0,0.0,93.202576,27480,0.1404,hold,,,0.0,,,0,0.0
2017-02-23,18246507,59,False,False,,204.137711,31164,0.3487,hold,,,0.0,,,0,0.0,122.114731,54315,0.3635,hold,,,0.0,,,0,0.0,118.940002,22559,0.1471,hold,,,0.0,,,0,0.0,93.481491,27480,0.1408,hold,,,0.0,,,0,0.0
2017-02-24,18313003,59,False,False,,204.396744,31164,0.3478,hold,,,0.0,,,0,0.0,122.349518,54315,0.3629,hold,,,0.0,,,0,0.0,119.699997,22559,0.1475,hold,,,0.0,,,0,0.0,94.519554,27480,0.1418,hold,,,0.0,,,0,0.0
2017-02-27,18302713,59,False,False,,204.716217,31164,0.3486,hold,,,0.0,,,0,0.0,122.499847,54315,0.3635,hold,,,0.0,,,0,0.0,119.120003,22559,0.1468,hold,,,0.0,,,0,0.0,93.961807,27480,0.1411,hold,,,0.0,,,0,0.0
2017-02-28,18277145,59,False,False,,204.163605,31164,0.3481,hold,,,0.0,,,0,0.0,122.12413,54315,0.3629,hold,,,0.0,,,0,0.0,119.230003,22559,0.1472,hold,,,0.0,,,0,0.0,94.310394,27480,0.1418,hold,,,0.0,,,0,0.0
2017-03-01,18391389,59,True,False,,207.021393,31164,0.3508,hold,,,0.0,,,0,0.0,123.457939,54315,0.3646,hold,,,0.0,,,0,0.0,119.059998,22559,0.146,hold,,,0.0,,,0,0.0,92.730087,27480,0.1386,hold,,,0.0,,,0,0.0
2017-03-02,18274531,59,False,False,,205.717728,31164,0.3508,hold,,,0.0,,,0,0.0,122.837997,54315,0.3651,hold,,,0.0,,,0,0.0,117.580002,22559,0.1451,hold,,,0.0,,,0,0.0,92.39637,27480,0.1389,hold,,,0.0,,,0,0.0
2017-03-03,18295845,59,False,False,,205.847229,31164,0.3506,hold,,,0.0,,,0,0.0,123.063454,54315,0.3653,hold,,,0.0,,,0,0.0,117.510002,22559,0.1449,hold,,,0.0,,,0,0.0,92.63694,27480,0.1391,hold,,,0.0,,,0,0.0
2017-03-06,18231963,59,False,False,,205.234207,31164,0.3508,hold,,,0.0,,,0,0.0,122.791,54315,0.3658,hold,,,0.0,,,0,0.0,116.720001,22559,0.1444,hold,,,0.0,,,0,0.0,92.19455,27480,0.139,hold,,,0.0,,,0,0.0
2017-03-07,18172751,59,False,False,,204.62117,31164,0.3509,hold,,,0.0,,,0,0.0,122.584373,54315,0.3664,hold,,,0.0,,,0,0.0,115.779999,22559,0.1437,hold,,,0.0,,,0,0.0,91.915092,27480,0.139,hold,,,0.0,,,0,0.0
2017-03-08,18142757,59,False,False,,204.241348,31164,0.3508,hold,,,0.0,,,0,0.0,122.800423,54315,0.3676,hold,,,0.0,,,0,0.0,115.059998,22559,0.1431,hold,,,0.0,,,0,0.0,91.418396,27480,0.1385,hold,,,0.0,,,0,0.0
2017-03-09,18122570,59,False,False,,204.500336,31164,0.3517,hold,,,0.0,,,0,0.0,122.894348,54315,0.3683,hold,,,0.0,,,0,0.0,114.470001,22559,0.1425,hold,,,0.0,,,0,0.0,90.688766,27480,0.1375,hold,,,0.0,,,0,0.0
2017-03-10,18187344,59,False,False,,205.216873,31164,0.3516,hold,,,0.0,,,0,0.0,123.41095,54315,0.3686,hold,,,0.0,,,0,0.0,114.720001,22559,0.1423,hold,,,0.0,,,0,0.0,91.007004,27480,0.1375,hold,,,0.0,,,0,0.0
2017-03-13,18186465,59,False,False,,205.320526,31164,0.3518,hold,,,0.0,,,0,0.0,123.617592,54315,0.3692,hold,,,0.0,,,0,0.0,114.739998,22559,0.1423,hold,,,0.0,,,0,0.0,90.432625,27480,0.1366,hold,,,0.0,,,0,0.0
2017-03-14,18143610,59,False,False,,204.534821,31164,0.3513,hold,,,0.0,,,0,0.0,123.316986,54315,0.3692,hold,,,0.0,,,0,0.0,114.120003,22559,0.1419,hold,,,0.0,,,0,0.0,90.867264,27480,0.1376,hold,,,0.0,,,0,0.0
2017-03-15,18318649,59,False,False,,206.30484,31164,0.351,hold,,,0.0,,,0,0.0,124.077858,54315,0.3679,hold,,,0.0,,,0,0.0,116.25,22559,0.1432,hold,,,0.0,,,0,0.0,91.977203,27480,0.138,hold,,,0.0,,,0,0.0
2017-03-16,18299437,59,False,False,,205.899002,31164,0.3506,hold,,,0.0,,,0,0.0,123.993248,54315,0.368,hold,,,0.0,,,0,0.0,116.730003,22559,0.1439,hold,,,0.0,,,0,0.0,91.511497,27480,0.1374,hold,,,0.0,,,0,0.0
2017-03-17,18307469,59,False,False,,205.537415,31164,0.3499,hold,,,0.0,,,0,0.0,123.950005,54315,0.3677,hold,,,0.0,,,0,0.0,116.989998,22559,0.1442,hold,,,0.0,,,0,0.0,92.085884,27480,0.1382,hold,,,0.0,,,0,0.0
2017-03-20,18329186,59,False,False,,205.311951,31164,0.3491,hold,,,0.0,,,0,0.0,124.06295,54315,0.3676,hold,,,0.0,,,0,0.0,117.510002,22559,0.1446,hold,,,0.0,,,0,0.0,92.481743,27480,0.1387,hold,,,0.0,,,0,0.0
2017-03-21,18189141,59,False,False,,202.675842,31164,0.3473,hold,,,0.0,,,0,0.0,122.180481,54315,0.3648,hold,,,0.0,,,0,0.0,118.540001,22559,0.147,hold,,,0.0,,,0,0.0,93.250191,27480,0.1409,hold,,,0.0,,,0,0.0
2017-03-22,18265773,59,False,False,,203.152802,31164,0.3466,hold,,,0.0,,,0,0.0,123.008781,54315,0.3658,hold,,,0.0,,,0,0.0,118.830002,22559,0.1468,hold,,,0.0,,,0,0.0,93.622719,27480,0.1409,hold,,,0.0,,,0,0.0
2017-03-23,18234909,59,False,False,,202.93602,31164,0.3468,hold,,,0.0,,,0,0.0,122.698135,54315,0.3655,hold,,,0.0,,,0,0.0,118.669998,22559,0.1468,hold,,,0.0,,,0,0.0,93.490761,27480,0.1409,hold,,,0.0,,,0,0.0
2017-03-24,18257578,59,False,False,,202.78862,31164,0.3461,hold,,,0.0,,,0,0.0,122.952309,54315,0.3658,hold,,,0.0,,,0,0.0,118.860001,22559,0.1469,hold,,,0.0,,,0,0.0,93.824501,27480,0.1412,hold,,,0.0,,,0,0.0
2017-03-27,18288672,59,False,False,,202.580429,31164,0.3452,hold,,,0.0,,,0,0.0,123.149956,54315,0.3657,hold,,,0.0,,,0,0.0,119.529999,22559,0.1474,hold,,,0.0,,,0,0.0,94.251434,27480,0.1416,hold,,,0.0,,,0,0.0
2017-03-28,18347180,59,False,False,,204.054596,31164,0.3466,hold,,,0.0,,,0,0.0,123.902939,54315,0.3668,hold,,,0.0,,,0,0.0,119.040001,22559,0.1464,hold,,,0.0,,,0,0.0,93.622719,27480,0.1402,hold,,,0.0,,,0,0.0
2017-03-29,18406209,59,False,False,,204.245377,31164,0.3458,hold,,,0.0,,,0,0.0,124.477081,54315,0.3673,hold,,,0.0,,,0,0.0,119.330002,22559,0.1463,hold,,,0.0,,,0,0.0,94.181557,27480,0.1406,hold,,,0.0,,,0,0.0
2017-03-30,18397424,59,False,False,,204.895737,31164,0.3471,hold,,,0.0,,,0,0.0,124.684204,54315,0.3681,hold,,,0.0,,,0,0.0,118.470001,22559,0.1453,hold,,,0.0,,,0,0.0,93.420921,27480,0.1395,hold,,,0.0,,,0,0.0
2017-03-31,18391062,59,False,False,,204.418839,31164,0.3464,hold,,,0.0,,,0,0.0,124.599449,54315,0.368,hold,,,0.0,,,0,0.0,118.720001,22559,0.1456,hold,,,0.0,,,0,0.0,93.692535,27480,0.14,hold,,,0.0,,,0,0.0
2017-04-03,18416076,59,True,False,,204.063293,31164,0.3453,hold,,,0.0,,,0,0.0,124.524162,54315,0.3673,hold,,,0.0,,,0,0.0,119.349998,22559,0.1462,hold,,,0.0,,,0,0.0,94.637642,27480,0.1412,hold,,,0.0,,,0,0.0
2017-04-04,18422846,59,False,False,,204.193344,31164,0.3454,hold,,,0.0,,,0,0.0,124.721779,54315,0.3677,hold,,,0.0,,,0,0.0,119.620003,22559,0.1465,hold,,,0.0,,,0,0.0,94.12426,27480,0.1404,hold,,,0.0,,,0,0.0
2017-04-05,18384231,59,False,False,,203.58638,31164,0.3451,hold,,,0.0,,,0,0.0,124.213486,54315,0.367,hold,,,0.0,,,0,0.0,119.620003,22559,0.1468,hold,,,0.0,,,0,0.0,94.412041,27480,0.1411,hold,,,0.0,,,0,0.0
2017-04-06,18391872,59,False,False,,204.15863,31164,0.3459,hold,,,0.0,,,0,0.0,124.279411,54315,0.367,hold,,,0.0,,,0,0.0,119.18,22559,0.1462,hold,,,0.0,,,0,0.0,94.272041,27480,0.1409,hold,,,0.0,,,0,0.0
2017-04-07,18377649,59,False,False,,203.950577,31164,0.3459,hold,,,0.0,,,0,0.0,124.213486,54315,0.3671,hold,,,0.0,,,0,0.0,119.459999,22559,0.1466,hold,,,0.0,,,0,0.0,93.890877,27480,0.1404,hold,,,0.0,,,0,0.0
2017-04-10,18395962,59,False,False,,204.07196,31164,0.3457,hold,,,0.0,,,0,0.0,124.26059,54315,0.3669,hold,,,0.0,,,0,0.0,119.459999,22559,0.1465,hold,,,0.0,,,0,0.0,94.3265,27480,0.1409,hold,,,0.0,,,0,0.0
2017-04-11,18422862,59,False,False,,203.829163,31164,0.3448,hold,,,0.0,,,0,0.0,123.724098,54315,0.3648,hold,,,0.0,,,0,0.0,121.190002,22559,0.1484,hold,,,0.0,,,0,0.0,95.220963,27480,0.142,hold,,,0.0,,,0,0.0
2017-04-12,18400979,59,False,False,,202.93602,31164,0.3437,hold,,,0.0,,,0,0.0,123.225258,54315,0.3637,hold,,,0.0,,,0,0.0,122.019997,22559,0.1496,hold,,,0.0,,,0,0.0,95.742104,27480,0.143,hold,,,0.0,,,0,0.0
2017-04-13,18354526,59,False,False,,201.617935,31164,0.3423,hold,,,0.0,,,0,0.0,122.735832,54315,0.3632,hold,,,0.0,,,0,0.0,122.599998,22559,0.1507,hold,,,0.0,,,0,0.0,96.037704,27480,0.1438,hold,,,0.0,,,0,0.0
2017-04-17,18449161,59,False,False,,203.404221,31164,0.3436,hold,,,0.0,,,0,0.0,123.752342,54315,0.3643,hold,,,0.0,,,0,0.0,122.239998,22559,0.1495,hold,,,0.0,,,0,0.0,95.742104,27480,0.1426,hold,,,0.0,,,0,0.0
2017-04-18,18467519,59,False,False,,202.797256,31164,0.3422,hold,,,0.0,,,0,0.0,123.564102,54315,0.3634,hold,,,0.0,,,0,0.0,122.82,22559,0.15,hold,,,0.0,,,0,0.0,96.9944,27480,0.1443,hold,,,0.0,,,0,0.0
2017-04-19,18427512,59,False,False,,202.424393,31164,0.3423,hold,,,0.0,,,0,0.0,123.761765,54315,0.3648,hold,,,0.0,,,0,0.0,121.730003,22559,0.149,hold,,,0.0,,,0,0.0,96.465492,27480,0.1439,hold,,,0.0,,,0,0.0
2017-04-20,18530020,59,False,False,,204.07196,31164,0.3432,hold,,,0.0,,,0,0.0,124.797119,54315,0.3658,hold,,,0.0,,,0,0.0,121.959999,22559,0.1485,hold,,,0.0,,,0,0.0,96.092125,27480,0.1425,hold,,,0.0,,,0,0.0
2017-04-21,18516114,59,False,False,,203.421585,31164,0.3424,hold,,,0.0,,,0,0.0,124.768883,54315,0.366,hold,,,0.0,,,0,0.0,122.309998,22559,0.149,hold,,,0.0,,,0,0.0,96.092125,27480,0.1426,hold,,,0.0,,,0,0.0
2017-04-24,18635869,59,False,False,,205.658844,31164,0.3439,hold,,,0.0,,,0,0.0,126.274811,54315,0.368,hold,,,0.0,,,0,0.0,121.480003,22559,0.1471,hold,,,0.0,,,0,0.0,95.617691,27480,0.141,hold,,,0.0,,,0,0.0
2017-04-25,18663369,59,False,False,,206.855469,31164,0.3454,hold,,,0.0,,,0,0.0,127.18782,54315,0.3701,hold,,,0.0,,,0,0.0,120.25,22559,0.1453,hold,,,0.0,,,0,0.0,94.466515,27480,0.1391,hold,,,0.0,,,0,0.0
2017-04-26,18677229,59,False,False,,206.725357,31164,0.3449,hold,,,0.0,,,0,0.0,127.008965,54315,0.3694,hold,,,0.0,,,0,0.0,120.839996,22559,0.146,hold,,,0.0,,,0,0.0,94.987625,27480,0.1398,hold,,,0.0,,,0,0.0
2017-04-27,18713039,59,False,False,,206.898819,31164,0.3446,hold,,,0.0,,,0,0.0,127.771385,54315,0.3709,hold,,,0.0,,,0,0.0,120.389999,22559,0.1451,hold,,,0.0,,,0,0.0,94.95652,27480,0.1394,hold,,,0.0,,,0,0.0
2017-04-28,18725602,59,False,False,,206.447891,31164,0.3436,hold,,,0.0,,,0,0.0,127.997307,54315,0.3713,hold,,,0.0,,,0,0.0,120.769997,22559,0.1455,hold,,,0.0,,,0,0.0,95.166573,27480,0.1397,hold,,,0.0,,,0,0.0
2017-05-01,18757117,59,True,False,,206.96817,31164,0.3439,hold,,,0.0,,,0,0.0,129.136169,54315,0.3739,hold,,,0.0,,,0,0.0,119.669998,22559,0.1439,hold,,,0.0,,,0,0.0,94.375397,27480,0.1383,hold,,,0.0,,,0,0.0
2017-05-02,18784137,59,False,False,,207.04628,31164,0.3435,hold,,,0.0,,,0,0.0,129.352631,54315,0.374,hold,,,0.0,,,0,0.0,119.650002,22559,0.1437,hold,,,0.0,,,0,0.0,94.858658,27480,0.1388,hold,,,0.0,,,0,0.0
2017-05-03,18717847,59,False,False,,206.794754,31164,0.3443,hold,,,0.0,,,0,0.0,128.938522,54315,0.3742,hold,,,0.0,,,0,0.0,117.980003,22559,0.1422,hold,,,0.0,,,0,0.0,94.921013,27480,0.1394,hold,,,0.0,,,0,0.0
2017-05-04,18688274,59,False,False,,207.037598,31164,0.3452,hold,,,0.0,,,0,0.0,128.985596,54315,0.3749,hold,,,0.0,,,0,0.0,116.790001,22559,0.141,hold,,,0.0,,,0,0.0,94.453331,27480,0.1389,hold,,,0.0,,,0,0.0
2017-05-05,18746554,59,False,False,,207.852661,31164,0.3455,hold,,,0.0,,,0,0.0,129.456177,54315,0.3751,hold,,,0.0,,,0,0.0,117.010002,22559,0.1408,hold,,,0.0,,,0,0.0,94.539093,27480,0.1386,hold,,,0.0,,,0,0.0
2017-05-08,18740807,59,False,False,,207.817963,31164,0.3456,hold,,,0.0,,,0,0.0,129.738541,54315,0.376,hold,,,0.0,,,0,0.0,116.75,22559,0.1405,hold,,,0.0,,,0,0.0,94.024635,27480,0.1379,hold,,,0.0,,,0,0.0
2017-05-09,18743395,59,False,False,,207.627182,31164,0.3452,hold,,,0.0,,,0,0.0,130.190323,54315,0.3773,hold,,,0.0,,,0,0.0,116.050003,22559,0.1397,hold,,,0.0,,,0,0.0,94.016853,27480,0.1378,hold,,,0.0,,,0,0.0
2017-05-10,18755882,59,False,False,,208.000061,31164,0.3456,hold,,,0.0,,,0,0.0,130.26564,54315,0.3772,hold,,,0.0,,,0,0.0,116.040001,22559,0.1396,hold,,,0.0,,,0,0.0,93.907738,27480,0.1376,hold,,,0.0,,,0,0.0
2017-05-11,18747396,59,False,False,,207.57518,31164,0.3451,hold,,,0.0,,,0,0.0,130.162125,54315,0.3771,hold,,,0.0,,,0,0.0,116.5,22559,0.1402,hold,,,0.0,,,0,0.0,93.907738,27480,0.1377,hold,,,0.0,,,0,0.0
2017-05-12,18779368,59,False,False,,207.228317,31164,0.3439,hold,,,0.0,,,0,0.0,130.453873,54315,0.3773,hold,,,0.0,,,0,0.0,116.830002,22559,0.1403,hold,,,0.0,,,0,0.0,94.61702,27480,0.1385,hold,,,0.0,,,0,0.0
2017-05-15,18837458,59,False,False,,208.372971,31164,0.3447,hold,,,0.0,,,0,0.0,130.867966,54315,0.3773,hold,,,0.0,,,0,0.0,117.139999,22559,0.1403,hold,,,0.0,,,0,0.0,94.359863,27480,0.1377,hold,,,0.0,,,0,0.0
2017-05-16,18882307,59,False,False,,208.18219,31164,0.3436,hold,,,0.0,,,0,0.0,131.413895,54315,0.378,hold,,,0.0,,,0,0.0,117.650002,22559,0.1406,hold,,,0.0,,,0,0.0,94.710571,27480,0.1378,hold,,,0.0,,,0,0.0
2017-05-17,18671895,59,False,False,,204.48822,31164,0.3413,hold,,,0.0,,,0,0.0,128.072617,54315,0.3726,hold,,,0.0,,,0,0.0,119.790001,22559,0.1447,hold,,,0.0,,,0,0.0,96.090179,27480,0.1414,hold,,,0.0,,,0,0.0
2017-05-18,18739287,59,False,False,,205.311951,31164,0.3414,hold,,,0.0,,,0,0.0,129.192581,54315,0.3745,hold,,,0.0,,,0,0.0,118.809998,22559,0.143,hold,,,0.0,,,0,0.0,96.199295,27480,0.1411,hold,,,0.0,,,0,0.0
2017-05-19,18830079,59,False,False,,206.647339,31164,0.342,hold,,,0.0,,,0,0.0,129.738541,54315,0.3742,hold,,,0.0,,,0,0.0,119.400002,22559,0.143,hold,,,0.0,,,0,0.0,96.425362,27480,0.1407,hold,,,0.0,,,0,0.0
2017-05-22,18926077,59,False,False,,207.696625,31164,0.342,hold,,,0.0,,,0,0.0,130.830353,54315,0.3755,hold,,,0.0,,,0,0.0,119.900002,22559,0.1429,hold,,,0.0,,,0,0.0,96.160324,27480,0.1396,hold,,,0.0,,,0,0.0
2017-05-23,18912639,59,False,False,,208.156219,31164,0.343,hold,,,0.0,,,0,0.0,130.962189,54315,0.3761,hold,,,0.0,,,0,0.0,119.139999,22559,0.1421,hold,,,0.0,,,0,0.0,95.513443,27480,0.1388,hold,,,0.0,,,0,0.0
2017-05-24,18985866,59,False,False,,208.641739,31164,0.3425,hold,,,0.0,,,0,0.0,131.564499,54315,0.3764,hold,,,0.0,,,0,0.0,119.610001,22559,0.1421,hold,,,0.0,,,0,0.0,96.051247,27480,0.139,hold,,,0.0,,,0,0.0
2017-05-25,19075704,59,False,False,,209.639008,31164,0.3425,hold,,,0.0,,,0,0.0,132.684555,54315,0.3778,hold,,,0.0,,,0,0.0,119.480003,22559,0.1413,hold,,,0.0,,,0,0.0,96.08239,27480,0.1384,hold,,,0.0,,,0,0.0
2017-05-26,19115543,59,False,False,,209.595612,31164,0.3417,hold,,,0.0,,,0,0.0,132.919876,54315,0.3777,hold,,,0.0,,,0,0.0,120.540001,22559,0.1423,hold,,,0.0,,,0,0.0,96.246056,27480,0.1384,hold,,,0.0,,,0,0.0
2017-05-30,19120043,59,False,False,,209.413513,31164,0.3413,hold,,,0.0,,,0,0.0,133.032776,54315,0.3779,hold,,,0.0,,,0,0.0,120.139999,22559,0.1417,hold,,,0.0,,,0,0.0,96.721542,27480,0.139,hold,,,0.0,,,0,0.0
2017-05-31,19133336,59,False,False,,209.361465,31164,0.341,hold,,,0.0,,,0,0.0,132.985779,54315,0.3775,hold,,,0.0,,,0,0.0,120.620003,22559,0.1422,hold,,,0.0,,,0,0.0,96.963165,27480,0.1393,hold,,,0.0,,,0,0.0
2017-06-01,19215872,59,True,False,,211.026443,31164,0.3422,hold,,,0.0,,,0,0.0,133.503387,54315,0.3774,hold,,,0.0,,,0,0.0,120.720001,22559,0.1417,hold,,,0.0,,,0,0.0,96.973312,27480,0.1387,hold,,,0.0,,,0,0.0
2017-06-02,19372210,59,False,False,,211.72876,31164,0.3406,hold,,,0.0,,,0,0.0,135.028198,54315,0.3786,hold,,,0.0,,,0,0.0,121.610001,22559,0.1416,hold,,,0.0,,,0,0.0,98.121513,27480,0.1392,hold,,,0.0,,,0,0.0
2017-06-05,19351780,59,False,False,,211.572708,31164,0.3407,hold,,,0.0,,,0,0.0,135.0,54315,0.3789,hold,,,0.0,,,0,0.0,121.730003,22559,0.1419,hold,,,0.0,,,0,0.0,97.512283,27480,0.1385,hold,,,0.0,,,0,0.0
2017-06-06,19347064,59,False,False,,210.896332,31164,0.3397,hold,,,0.0,,,0,0.0,134.463516,54315,0.3775,hold,,,0.0,,,0,0.0,123.099998,22559,0.1435,hold,,,0.0,,,0,0.0,98.043419,27480,0.1393,hold,,,0.0,,,0,0.0
2017-06-07,19360310,59,False,False,,211.286575,31164,0.3401,hold,,,0.0,,,0,0.0,134.990555,54315,0.3787,hold,,,0.0,,,0,0.0,122.449997,22559,0.1427,hold,,,0.0,,,0,0.0,97.574768,27480,0.1385,hold,,,0.0,,,0,0.0
2017-06-08,19346091,59,False,False,,211.390594,31164,0.3405,hold,,,0.0,,,0,0.0,135.131775,54315,0.3794,hold,,,0.0,,,0,0.0,121.650002,22559,0.1419,hold,,,0.0,,,0,0.0,97.317001,27480,0.1382,hold,,,0.0,,,0,0.0
2017-06-09,19123441,59,False,False,,211.069748,31164,0.344,hold,,,0.0,,,0,0.0,131.752731,54315,0.3742,hold,,,0.0,,,0,0.0,120.540001,22559,0.1422,hold,,,0.0,,,0,0.0,97.168617,27480,0.1396,hold,,,0.0,,,0,0.0
2017-06-12,19078829,59,False,False,,211.026443,31164,0.3447,hold,,,0.0,,,0,0.0,131.046799,54315,0.3731,hold,,,0.0,,,0,0.0,120.360001,22559,0.1423,hold,,,0.0,,,0,0.0,97.137337,27480,0.1399,hold,,,0.0,,,0,0.0
2017-06-13,19171892,59,False,False,,212.058273,31164,0.3447,hold,,,0.0,,,0,0.0,132.110428,54315,0.3743,hold,,,0.0,,,0,0.0,120.480003,22559,0.1418,hold,,,0.0,,,0,0.0,97.152946,27480,0.1393,hold,,,0.0,,,0,0.0
2017-06-14,19158653,59,False,False,,211.789474,31164,0.3445,hold,,,0.0,,,0,0.0,131.536255,54315,0.3729,hold,,,0.0,,,0,0.0,119.82,22559,0.1411,hold,,,0.0,,,0,0.0,98.652679,27480,0.1415,hold,,,0.0,,,0,0.0
2017-06-15,19098685,59,False,False,,211.381973,31164,0.3449,hold,,,0.0,,,0,0.0,130.952682,54315,0.3724,hold,,,0.0,,,0,0.0,119.32,22559,0.1409,hold,,,0.0,,,0,0.0,98.496483,27480,0.1417,hold,,,0.0,,,0,0.0
2017-06-16,19075080,59,False,False,,211.428101,31164,0.3454,hold,,,0.0,,,0,0.0,130.384537,54315,0.3713,hold,,,0.0,,,0,0.0,119.339996,22559,0.1411,hold,,,0.0,,,0,0.0,98.691742,27480,0.1422,hold,,,0.0,,,0,0.0
2017-06-19,19223958,59,False,False,,213.188263,31164,0.3456,hold,,,0.0,,,0,0.0,132.564728,54315,0.3745,hold,,,0.0,,,0,0.0,118.43,22559,0.139,hold,,,0.0,,,0,0.0,98.551132,27480,0.1409,hold,,,0.0,,,0,0.0
2017-06-20,19141377,59,False,False,,211.750488,31164,0.3448,hold,,,0.0,,,0,0.0,131.52652,54315,0.3732,hold,,,0.0,,,0,0.0,118.18,22559,0.1393,hold,,,0.0,,,0,0.0,99.4338,27480,0.1428,hold,,,0.0,,,0,0.0
2017-06-21,19223744,59,False,False,,211.698196,31164,0.3432,hold,,,0.0,,,0,0.0,132.829025,54315,0.3753,hold,,,0.0,,,0,0.0,118.519997,22559,0.1391,hold,,,0.0,,,0,0.0,99.636871,27480,0.1424,hold,,,0.0,,,0,0.0
2017-06-22,19233739,59,False,False,,211.602371,31164,0.3429,hold,,,0.0,,,0,0.0,132.791245,54315,0.375,hold,,,0.0,,,0,0.0,118.919998,22559,0.1395,hold,,,0.0,,,0,0.0,99.855591,27480,0.1427,hold,,,0.0,,,0,0.0
2017-06-23,19279513,59,False,False,,211.855087,31164,0.3424,hold,,,0.0,,,0,0.0,133.300888,54315,0.3755,hold,,,0.0,,,0,0.0,119.43,22559,0.1397,hold,,,0.0,,,0,0.0,99.808693,27480,0.1423,hold,,,0.0,,,0,0.0
2017-06-26,19236189,59,False,False,,211.994492,31164,0.3434,hold,,,0.0,,,0,0.0,132.677979,54315,0.3746,hold,,,0.0,,,0,0.0,118.360001,22559,0.1388,hold,,,0.0,,,0,0.0,100.183632,27480,0.1431,hold,,,0.0,,,0,0.0
2017-06-27,19032990,59,False,False,,210.286575,31164,0.3443,hold,,,0.0,,,0,0.0,130.271301,54315,0.3718,hold,,,0.0,,,0,0.0,118.809998,22559,0.1408,hold,,,0.0,,,0,0.0,99.113548,27480,0.1431,hold,,,0.0,,,0,0.0
2017-06-28,19186673,59,False,False,,212.168777,31164,0.3446,hold,,,0.0,,,0,0.0,132.149429,54315,0.3741,hold,,,0.0,,,0,0.0,118.900002,22559,0.1398,hold,,,0.0,,,0,0.0,98.785484,27480,0.1415,hold,,,0.0,,,0,0.0
2017-06-29,18968158,59,False,False,,210.304047,31164,0.3455,hold,,,0.0,,,0,0.0,129.856033,54315,0.3718,hold,,,0.0,,,0,0.0,118.32,22559,0.1407,hold,,,0.0,,,0,0.0,97.957527,27480,0.1419,hold,,,0.0,,,0,0.0
2017-06-30,18969949,59,False,False,,210.696152,31164,0.3461,hold,,,0.0,,,0,0.0,129.903244,54315,0.3719,hold,,,0.0,,,0,0.0,118.019997,22559,0.1403,hold,,,0.0,,,0,0.0,97.73098,27480,0.1416,hold,,,0.0,,,0,0.0
2017-07-03,18854565,59,True,False,,211.053436,31164,0.3488,hold,,,0.0,,,0,0.0,128.534714,54315,0.3703,hold,,,0.0,,,0,0.0,116.089996,22559,0.1389,hold,,,0.0,,,0,0.0,97.416306,27480,0.142,hold,,,0.0,,,0,0.0
2017-07-05,18948810,59,False,False,,211.541351,31164,0.3479,hold,,,0.0,,,0,0.0,129.799408,54315,0.3721,hold,,,0.0,,,0,0.0,116.519997,22559,0.1387,hold,,,0.0,,,0,0.0,97.43985,27480,0.1413,hold,,,0.0,,,0,0.0
2017-07-06,18801677,59,False,False,,209.606949,31164,0.3474,hold,,,0.0,,,0,0.0,128.629074,54315,0.3716,hold,,,0.0,,,0,0.0,116.470001,22559,0.1397,hold,,,0.0,,,0,0.0,96.633644,27480,0.1412,hold,,,0.0,,,0,0.0
2017-07-07,18876635,59,False,False,,210.966248,31164,0.3483,hold,,,0.0,,,0,0.0,130.01651,54315,0.3741,hold,,,0.0,,,0,0.0,115.279999,22559,0.1378,hold,,,0.0,,,0,0.0,96.054428,27480,0.1398,hold,,,0.0,,,0,0.0
2017-07-10,18937988,59,False,False,,211.192795,31164,0.3475,hold,,,0.0,,,0,0.0,130.865921,54315,0.3753,hold,,,0.0,,,0,0.0,115.470001,22559,0.1375,hold,,,0.0,,,0,0.0,96.195312,27480,0.1396,hold,,,0.0,,,0,0.0
2017-07-11,18960992,59,False,False,,211.036011,31164,0.3469,hold,,,0.0,,,0,0.0,131.233948,54315,0.3759,hold,,,0.0,,,0,0.0,115.620003,22559,0.1376,hold,,,0.0,,,0,0.0,96.359673,27480,0.1397,hold,,,0.0,,,0,0.0
2017-07-12,19122531,59,False,False,,212.621902,31164,0.3465,hold,,,0.0,,,0,0.0,132.791245,54315,0.3772,hold,,,0.0,,,0,0.0,116.029999,22559,0.1369,hold,,,0.0,,,0,0.0,97.024979,27480,0.1394,hold,,,0.0,,,0,0.0
2017-07-13,19128039,59,False,False,,212.979095,31164,0.347,hold,,,0.0,,,0,0.0,133.083801,54315,0.3779,hold,,,0.0,,,0,0.0,115.82,22559,0.1366,hold,,,0.0,,,0,0.0,96.414467,27480,0.1385,hold,,,0.0,,,0,0.0
2017-07-14,19240554,59,False,False,,213.972504,31164,0.3466,hold,,,0.0,,,0,0.0,134.131393,54315,0.3786,hold,,,0.0,,,0,0.0,116.769997,22559,0.1369,hold,,,0.0,,,0,0.0,96.531845,27480,0.1379,hold,,,0.0,,,0,0.0
2017-07-17,19262373,59,False,False,,213.94635,31164,0.3461,hold,,,0.0,,,0,0.0,134.197479,54315,0.3784,hold,,,0.0,,,0,0.0,117.290001,22559,0.1374,hold,,,0.0,,,0,0.0,96.797989,27480,0.1381,hold,,,0.0,,,0,0.0
2017-07-18,19356329,59,False,False,,214.059616,31164,0.3446,hold,,,0.0,,,0,0.0,135.094086,54315,0.3791,hold,,,0.0,,,0,0.0,118.110001,22559,0.1377,hold,,,0.0,,,0,0.0,97.643295,27480,0.1386,hold,,,0.0,,,0,0.0
2017-07-19,19435905,59,False,False,,215.218521,31164,0.3451,hold,,,0.0,,,0,0.0,135.886856,54315,0.3797,hold,,,0.0,,,0,0.0,118.080002,22559,0.1371,hold,,,0.0,,,0,0.0,97.682495,27480,0.1381,hold,,,0.0,,,0,0.0
2017-07-20,19459985,59,False,False,,215.314331,31164,0.3448,hold,,,0.0,,,0,0.0,136.066223,54315,0.3798,hold,,,0.0,,,0,0.0,118.239998,22559,0.1371,hold,,,0.0,,,0,0.0,97.964233,27480,0.1383,hold,,,0.0,,,0,0.0
2017-07-21,19485345,59,False,False,,215.122696,31164,0.3441,hold,,,0.0,,,0,0.0,136.009552,54315,0.3791,hold,,,0.0,,,0,0.0,119.260002,22559,0.1381,hold,,,0.0,,,0,0.0,98.379074,27480,0.1387,hold,,,0.0,,,0,0.0
2017-07-24,19508141,59,False,False,,215.070465,31164,0.3436,hold,,,0.0,,,0,0.0,136.632492,54315,0.3804,hold,,,0.0,,,0,0.0,119.309998,22559,0.138,hold,,,0.0,,,0,0.0,97.995552,27480,0.138,hold,,,0.0,,,0,0.0
2017-07-25,19461607,59,False,False,,215.593246,31164,0.3452,hold,,,0.0,,,0,0.0,136.283264,54315,0.3804,hold,,,0.0,,,0,0.0,118.919998,22559,0.1378,hold,,,0.0,,,0,0.0,96.719742,27480,0.1366,hold,,,0.0,,,0,0.0
2017-07-26,19511927,59,False,False,,215.601913,31164,0.3444,hold,,,0.0,,,0,0.0,136.726837,54315,0.3806,hold,,,0.0,,,0,0.0,119.879997,22559,0.1386,hold,,,0.0,,,0,0.0,96.876244,27480,0.1364,hold,,,0.0,,,0,0.0
2017-07-27,19443883,59,False,False,,215.40155,31164,0.3452,hold,,,0.0,,,0,0.0,135.867966,54315,0.3795,hold,,,0.0,,,0,0.0,119.790001,22559,0.139,hold,,,0.0,,,0,0.0,96.398819,27480,0.1362,hold,,,0.0,,,0,0.0
2017-07-28,19465860,59,False,False,,215.148819,31164,0.3444,hold,,,0.0,,,0,0.0,135.754715,54315,0.3788,hold,,,0.0,,,0,0.0,120.690002,22559,0.1399,hold,,,0.0,,,0,0.0,96.970184,27480,0.1369,hold,,,0.0,,,0,0.0
2017-07-31,19435368,59,False,False,,215.02684,31164,0.3448,hold,,,0.0,,,0,0.0,135.179016,54315,0.3778,hold,,,0.0,,,0,0.0,120.75,22559,0.1402,hold,,,0.0,,,0,0.0,97.087547,27480,0.1373,hold,,,0.0,,,0,0.0
2017-08-01,19483700,59,True,False,,215.506119,31164,0.3447,hold,,,0.0,,,0,0.0,135.490479,54315,0.3777,hold,,,0.0,,,0,0.0,120.650002,22559,0.1397,hold,,,0.0,,,0,0.0,97.769287,27480,0.1379,hold,,,0.0,,,0,0.0
2017-08-02,19502817,59,False,False,,215.610626,31164,0.3445,hold,,,0.0,,,0,0.0,135.858536,54315,0.3784,hold,,,0.0,,,0,0.0,120.400002,22559,0.1393,hold,,,0.0,,,0,0.0,97.824181,27480,0.1378,hold,,,0.0,,,0,0.0
2017-08-03,19493170,59,False,False,,215.192444,31164,0.344,hold,,,0.0,,,0,0.0,135.330017,54315,0.3771,hold,,,0.0,,,0,0.0,120.589996,22559,0.1396,hold,,,0.0,,,0,0.0,98.836044,27480,0.1393,hold,,,0.0,,,0,0.0
2017-08-04,19474451,59,False,False,,215.584579,31164,0.345,hold,,,0.0,,,0,0.0,135.575439,54315,0.3781,hold,,,0.0,,,0,0.0,119.650002,22559,0.1386,hold,,,0.0,,,0,0.0,97.996727,27480,0.1383,hold,,,0.0,,,0,0.0
2017-08-07,19533446,59,False,False,,215.985321,31164,0.3446,hold,,,0.0,,,0,0.0,136.434235,54315,0.3794,hold,,,0.0,,,0,0.0,119.510002,22559,0.138,hold,,,0.0,,,0,0.0,98.106575,27480,0.138,hold,,,0.0,,,0,0.0
2017-08-08,19502261,59,False,False,,215.453812,31164,0.3443,hold,,,0.0,,,0,0.0,136.198288,54315,0.3793,hold,,,0.0,,,0,0.0,119.860001,22559,0.1386,hold,,,0.0,,,0,0.0,97.753578,27480,0.1377,hold,,,0.0,,,0,0.0
2017-08-09,19539621,59,False,False,,215.445129,31164,0.3436,hold,,,0.0,,,0,0.0,136.018997,54315,0.3781,hold,,,0.0,,,0,0.0,121.309998,22559,0.1401,hold,,,0.0,,,0,0.0,98.286987,27480,0.1382,hold,,,0.0,,,0,0.0
2017-08-10,19329816,59,False,False,,212.404022,31164,0.3424,hold,,,0.0,,,0,0.0,133.102676,54315,0.374,hold,,,0.0,,,0,0.0,122.209999,22559,0.1426,hold,,,0.0,,,0,0.0,99.126312,27480,0.1409,hold,,,0.0,,,0,0.0
2017-08-11,19408820,59,False,False,,212.717682,31164,0.3416,hold,,,0.0,,,0,0.0,134.112564,54315,0.3753,hold,,,0.0,,,0,0.0,122.790001,22559,0.1427,hold,,,0.0,,,0,0.0,99.173355,27480,0.1404,hold,,,0.0,,,0,0.0
2017-08-14,19534706,59,False,False,,214.826462,31164,0.3427,hold,,,0.0,,,0,0.0,135.839645,54315,0.3777,hold,,,0.0,,,0,0.0,121.919998,22559,0.1408,hold,,,0.0,,,0,0.0,98.663467,27480,0.1388,hold,,,0.0,,,0,0.0
2017-08-15,19506389,59,False,False,,214.800278,31164,0.3432,hold,,,0.0,,,0,0.0,135.934052,54315,0.3785,hold,,,0.0,,,0,0.0,120.980003,22559,0.1399,hold,,,0.0,,,0,0.0,98.247765,27480,0.1384,hold,,,0.0,,,0,0.0
2017-08-16,19560868,59,False,False,,215.174973,31164,0.3428,hold,,,0.0,,,0,0.0,136.169891,54315,0.3781,hold,,,0.0,,,0,0.0,121.870003,22559,0.1405,hold,,,0.0,,,0,0.0,98.608574,27480,0.1385,hold,,,0.0,,,0,0.0
2017-08-17,19339352,59,False,False,,211.820221,31164,0.3413,hold,,,0.0,,,0,0.0,133.385803,54315,0.3746,hold,,,0.0,,,0,0.0,122.489998,22559,0.1429,hold,,,0.0,,,0,0.0,99.345932,27480,0.1412,hold,,,0.0,,,0,0.0
2017-08-18,19318973,59,False,False,,211.489075,31164,0.3412,hold,,,0.0,,,0,0.0,133.291428,54315,0.3747,hold,,,0.0,,,0,0.0,122.300003,22559,0.1428,hold,,,0.0,,,0,0.0,99.32238,27480,0.1413,hold,,,0.0,,,0,0.0
2017-08-21,19331964,59,False,False,,211.654648,31164,0.3412,hold,,,0.0,,,0,0.0,133.121536,54315,0.374,hold,,,0.0,,,0,0.0,122.760002,22559,0.1433,hold,,,0.0,,,0,0.0,99.565521,27480,0.1415,hold,,,0.0,,,0,0.0
2017-08-22,19488185,59,False,False,,213.86792,31164,0.342,hold,,,0.0,,,0,0.0,135.150711,54315,0.3767,hold,,,0.0,,,0,0.0,122.209999,22559,0.1415,hold,,,0.0,,,0,0.0,99.181213,27480,0.1399,hold,,,0.0,,,0,0.0
2017-08-23,19467057,59,False,False,,213.101151,31164,0.3411,hold,,,0.0,,,0,0.0,134.669342,54315,0.3757,hold,,,0.0,,,0,0.0,122.669998,22559,0.1422,hold,,,0.0,,,0,0.0,99.855766,27480,0.141,hold,,,0.0,,,0,0.0
2017-08-24,19411349,59,False,False,,212.604507,31164,0.3413,hold,,,0.0,,,0,0.0,134.27298,54315,0.3757,hold,,,0.0,,,0,0.0,122.290001,22559,0.1421,hold,,,0.0,,,0,0.0,99.487122,27480,0.1408,hold,,,0.0,,,0,0.0
2017-08-25,19432161,59,False,False,,213.101151,31164,0.3418,hold,,,0.0,,,0,0.0,133.989822,54315,0.3745,hold,,,0.0,,,0,0.0,122.739998,22559,0.1425,hold,,,0.0,,,0,0.0,99.871498,27480,0.1412,hold,,,0.0,,,0,0.0
2017-08-28,19497253,59,False,False,,213.109833,31164,0.3406,hold,,,0.0,,,0,0.0,134.405106,54315,0.3744,hold,,,0.0,,,0,0.0,124.690002,22559,0.1443,hold,,,0.0,,,0,0.0,99.808739,27480,0.1407,hold,,,0.0,,,0,0.0
2017-08-29,19536309,59,False,False,,213.353821,31164,0.3403,hold,,,0.0,,,0,0.0,134.933624,54315,0.3751,hold,,,0.0,,,0,0.0,124.419998,22559,0.1437,hold,,,0.0,,,0,0.0,100.130325,27480,0.1408,hold,,,0.0,,,0,0.0
2017-08-30,19651717,59,False,False,,214.364624,31164,0.3399,hold,,,0.0,,,0,0.0,136.519226,54315,0.3773,hold,,,0.0,,,0,0.0,124.360001,22559,0.1428,hold,,,0.0,,,0,0.0,100.098976,27480,0.14,hold,,,0.0,,,0,0.0
2017-08-31,19812489,59,False,False,,215.654266,31164,0.3392,hold,,,0.0,,,0,0.0,137.982086,54315,0.3783,hold,,,0.0,,,0,0.0,125.82,22559,0.1433,hold,,,0.0,,,0,0.0,100.397026,27480,0.1393,hold,,,0.0,,,0,0.0
2017-09-01,19796048,59,True,False,,215.959137,31164,0.34,hold,,,0.0,,,0,0.0,137.793304,54315,0.3781,hold,,,0.0,,,0,0.0,126.059998,22559,0.1437,hold,,,0.0,,,0,0.0,99.629112,27480,0.1383,hold,,,0.0,,,0,0.0
2017-09-05,19755559,59,False,False,,214.408173,31164,0.3382,hold,,,0.0,,,0,0.0,136.556946,54315,0.3754,hold,,,0.0,,,0,0.0,127.459999,22559,0.1455,hold,,,0.0,,,0,0.0,101.208992,27480,0.1408,hold,,,0.0,,,0,0.0
2017-09-06,19769196,59,False,False,,215.14006,31164,0.3391,hold,,,0.0,,,0,0.0,136.972229,54315,0.3763,hold,,,0.0,,,0,0.0,126.809998,22559,0.1447,hold,,,0.0,,,0,0.0,100.58802,27480,0.1398,hold,,,0.0,,,0,0.0
2017-09-07,19843886,59,False,False,,215.113983,31164,0.3378,hold,,,0.0,,,0,0.0,137.293091,54315,0.3758,hold,,,0.0,,,0,0.0,128.130005,22559,0.1457,hold,,,0.0,,,0,0.0,101.617744,27480,0.1407,hold,,,0.0,,,0,0.0
2017-09-08,19761761,59,False,False,,214.861267,31164,0.3388,hold,,,0.0,,,0,0.0,136.103897,54315,0.3741,hold,,,0.0,,,0,0.0,127.970001,22559,0.1461,hold,,,0.0,,,0,0.0,101.397652,27480,0.141,hold,,,0.0,,,0,0.0
2017-09-11,19844857,59,False,False,,217.153,31164,0.341,hold,,,0.0,,,0,0.0,137.670593,54315,0.3768,hold,,,0.0,,,0,0.0,126.190002,22559,0.1434,hold,,,0.0,,,0,0.0,100.187195,27480,0.1387,hold,,,0.0,,,0,0.0
2017-09-12,19879486,59,False,False,,217.884918,31164,0.3416,hold,,,0.0,,,0,0.0,138.000961,54315,0.377,hold,,,0.0,,,0,0.0,126.559998,22559,0.1436,hold,,,0.0,,,0,0.0,99.660576,27480,0.1378,hold,,,0.0,,,0,0.0
2017-09-13,19860765,59,False,False,,217.989487,31164,0.3421,hold,,,0.0,,,0,0.0,138.189728,54315,0.3779,hold,,,0.0,,,0,0.0,125.610001,22559,0.1427,hold,,,0.0,,,0,0.0,99.267494,27480,0.1373,hold,,,0.0,,,0,0.0
2017-09-14,19838143,59,False,False,,217.919754,31164,0.3423,hold,,,0.0,,,0,0.0,137.377991,54315,0.3761,hold,,,0.0,,,0,0.0,126.160004,22559,0.1435,hold,,,0.0,,,0,0.0,99.676254,27480,0.1381,hold,,,0.0,,,0,0.0
2017-09-15,19859785,59,False,False,,218.213135,31164,0.3424,hold,,,0.0,,,0,0.0,137.849915,54315,0.377,hold,,,0.0,,,0,0.0,125.529999,22559,0.1426,hold,,,0.0,,,0,0.0,99.715546,27480,0.138,hold,,,0.0,,,0,0.0
2017-09-18,19822277,59,False,False,,218.677246,31164,0.3438,hold,,,0.0,,,0,0.0,137.669281,54315,0.3772,hold,,,0.0,,,0,0.0,124.360001,22559,0.1415,hold,,,0.0,,,0,0.0,99.1418,27480,0.1374,hold,,,0.0,,,0,0.0
2017-09-19,19841112,59,False,False,,218.896164,31164,0.3438,hold,,,0.0,,,0,0.0,137.905762,54315,0.3775,hold,,,0.0,,,0,0.0,124.620003,22559,0.1417,hold,,,0.0,,,0,0.0,98.898071,27480,0.137,hold,,,0.0,,,0,0.0
2017-09-20,19799832,59,False,False,,218.974945,31164,0.3447,hold,,,0.0,,,0,0.0,137.480103,54315,0.3771,hold,,,0.0,,,0,0.0,123.620003,22559,0.1408,hold,,,0.0,,,0,0.0,98.968796,27480,0.1374,hold,,,0.0,,,0,0.0
2017-09-21,19713108,59,False,False,,218.38826,31164,0.3452,hold,,,0.0,,,0,0.0,136.638275,54315,0.3765,hold,,,0.0,,,0,0.0,122.68,22559,0.1404,hold,,,0.0,,,0,0.0,98.913818,27480,0.1379,hold,,,0.0,,,0,0.0
2017-09-22,19727689,59,False,False,,218.432068,31164,0.3451,hold,,,0.0,,,0,0.0,136.505844,54315,0.3758,hold,,,0.0,,,0,0.0,123.239998,22559,0.1409,hold,,,0.0,,,0,0.0,99.19677,27480,0.1382,hold,,,0.0,,,0,0.0
2017-09-25,19681846,59,False,False,,217.985413,31164,0.3452,hold,,,0.0,,,0,0.0,135.068161,54315,0.3727,hold,,,0.0,,,0,0.0,124.529999,22559,0.1427,hold,,,0.0,,,0,0.0,99.817719,27480,0.1394,hold,,,0.0,,,0,0.0
2017-09-26,19668627,59,False,False,,218.116791,31164,0.3456,hold,,,0.0,,,0,0.0,135.418152,54315,0.374,hold,,,0.0,,,0,0.0,123.139999,22559,0.1412,hold,,,0.0,,,0,0.0,99.636971,27480,0.1392,hold,,,0.0,,,0,0.0
2017-09-27,19693944,59,False,False,,218.966248,31164,0.3465,hold,,,0.0,,,0,0.0,136.638275,54315,0.3768,hold,,,0.0,,,0,0.0,121.980003,22559,0.1397,hold,,,0.0,,,0,0.0,98.135612,27480,0.1369,hold,,,0.0,,,0,0.0
2017-09-28,19696763,59,False,False,,219.228943,31164,0.3469,hold,,,0.0,,,0,0.0,136.591019,54315,0.3767,hold,,,0.0,,,0,0.0,122.209999,22559,0.14,hold,,,0.0,,,0,0.0,97.844849,27480,0.1365,hold,,,0.0,,,0,0.0
2017-09-29,19766042,59,False,False,,219.999573,31164,0.3469,hold,,,0.0,,,0,0.0,137.574677,54315,0.378,hold,,,0.0,,,0,0.0,121.580002,22559,0.1388,hold,,,0.0,,,0,0.0,98.064941,27480,0.1363,hold,,,0.0,,,0,0.0
2017-10-02,19779258,59,True,False,,220.95401,31164,0.3481,hold,,,0.0,,,0,0.0,137.697662,54315,0.3781,hold,,,0.0,,,0,0.0,120.769997,22559,0.1377,hold,,,0.0,,,0,0.0,97.885345,27480,0.136,hold,,,0.0,,,0,0.0
2017-10-03,19813871,59,False,False,,221.426895,31164,0.3483,hold,,,0.0,,,0,0.0,137.990891,54315,0.3783,hold,,,0.0,,,0,0.0,120.830002,22559,0.1376,hold,,,0.0,,,0,0.0,97.979813,27480,0.1359,hold,,,0.0,,,0,0.0
2017-10-04,19837135,59,False,False,,221.689606,31164,0.3483,hold,,,0.0,,,0,0.0,138.12326,54315,0.3782,hold,,,0.0,,,0,0.0,121.169998,22559,0.1378,hold,,,0.0,,,0,0.0,97.987709,27480,0.1357,hold,,,0.0,,,0,0.0
2017-10-05,19926704,59,False,False,,223.00322,31164,0.3488,hold,,,0.0,,,0,0.0,139.475876,54315,0.3802,hold,,,0.0,,,0,0.0,120.519997,22559,0.1364,hold,,,0.0,,,0,0.0,97.617546,27480,0.1346,hold,,,0.0,,,0,0.0
2017-10-06,19934346,59,False,False,,222.749191,31164,0.3482,hold,,,0.0,,,0,0.0,139.665085,54315,0.3805,hold,,,0.0,,,0,0.0,121.089996,22559,0.137,hold,,,0.0,,,0,0.0,97.341835,27480,0.1342,hold,,,0.0,,,0,0.0
2017-10-09,19944925,59,False,False,,222.381439,31164,0.3475,hold,,,0.0,,,0,0.0,139.504242,54315,0.3799,hold,,,0.0,,,0,0.0,122.080002,22559,0.1381,hold,,,0.0,,,0,0.0,97.649025,27480,0.1345,hold,,,0.0,,,0,0.0
2017-10-10,19980409,59,False,False,,222.968124,31164,0.3478,hold,,,0.0,,,0,0.0,139.608307,54315,0.3795,hold,,,0.0,,,0,0.0,122.400002,22559,0.1382,hold,,,0.0,,,0,0.0,97.806564,27480,0.1345,hold,,,0.0,,,0,0.0
2017-10-11,20027919,59,False,False,,223.318405,31164,0.3475,hold,,,0.0,,,0,0.0,140.024414,54315,0.3797,hold,,,0.0,,,0,0.0,122.790001,22559,0.1383,hold,,,0.0,,,0,0.0,97.995613,27480,0.1345,hold,,,0.0,,,0,0.0
2017-10-12,20017407,59,False,False,,222.985626,31164,0.3472,hold,,,0.0,,,0,0.0,139.769104,54315,0.3792,hold,,,0.0,,,0,0.0,122.889999,22559,0.1385,hold,,,0.0,,,0,0.0,98.413025,27480,0.1351,hold,,,0.0,,,0,0.0
2017-10-13,20095610,59,False,False,,223.257141,31164,0.3462,hold,,,0.0,,,0,0.0,140.308212,54315,0.3792,hold,,,0.0,,,0,0.0,123.82,22559,0.139,hold,,,0.0,,,0,0.0,99.12191,27480,0.1355,hold,,,0.0,,,0,0.0
2017-10-16,20109963,59,False,False,,223.55481,31164,0.3464,hold,,,0.0,,,0,0.0,140.790573,54315,0.3803,hold,,,0.0,,,0,0.0,122.970001,22559,0.1379,hold,,,0.0,,,0,0.0,99.05101,27480,0.1354,hold,,,0.0,,,0,0.0
2017-10-17,20109150,59,False,False,,223.712433,31164,0.3467,hold,,,0.0,,,0,0.0,140.970291,54315,0.3808,hold,,,0.0,,,0,0.0,122.129997,22559,0.137,hold,,,0.0,,,0,0.0,99.17704,27480,0.1355,hold,,,0.0,,,0,0.0
2017-10-18,20078384,59,False,False,,223.931396,31164,0.3476,hold,,,0.0,,,0,0.0,140.800049,54315,0.3809,hold,,,0.0,,,0,0.0,121.669998,22559,0.1367,hold,,,0.0,,,0,0.0,98.523262,27480,0.1348,hold,,,0.0,,,0,0.0
2017-10-19,20073045,59,False,False,,223.992722,31164,0.3478,hold,,,0.0,,,0,0.0,140.279831,54315,0.3796,hold,,,0.0,,,0,0.0,122.389999,22559,0.1375,hold,,,0.0,,,0,0.0,98.696587,27480,0.1351,hold,,,0.0,,,0,0.0
2017-10-20,20083236,59,False,False,,225.14859,31164,0.3494,hold,,,0.0,,,0,0.0,140.658218,54315,0.3804,hold,,,0.0,,,0,0.0,121.610001,22559,0.1366,hold,,,0.0,,,0,0.0,97.649025,27480,0.1336,hold,,,0.0,,,0,0.0
2017-10-23,20015159,59,False,False,,224.272888,31164,0.3492,hold,,,0.0,,,0,0.0,139.740707,54315,0.3792,hold,,,0.0,,,0,0.0,121.800003,22559,0.1373,hold,,,0.0,,,0,0.0,97.822327,27480,0.1343,hold,,,0.0,,,0,0.0
2017-10-24,20013014,59,False,False,,224.666977,31164,0.3498,hold,,,0.0,,,0,0.0,139.977142,54315,0.3799,hold,,,0.0,,,0,0.0,121.330002,22559,0.1368,hold,,,0.0,,,0,0.0,97.215851,27480,0.1335,hold,,,0.0,,,0,0.0
2017-10-25,19937264,59,False,False,,223.55481,31164,0.3494,hold,,,0.0,,,0,0.0,139.447449,54315,0.3799,hold,,,0.0,,,0,0.0,121.349998,22559,0.1373,hold,,,0.0,,,0,0.0,96.751114,27480,0.1334,hold,,,0.0,,,0,0.0
2017-10-26,19890243,59,False,False,,223.843857,31164,0.3507,hold,,,0.0,,,0,0.0,139.002914,54315,0.3796,hold,,,0.0,,,0,0.0,120.330002,22559,0.1365,hold,,,0.0,,,0,0.0,96.4282,27480,0.1332,hold,,,0.0,,,0,0.0
2017-10-27,20197551,59,False,False,,225.673965,31164,0.3482,hold,,,0.0,,,0,0.0,143.051208,54315,0.3847,hold,,,0.0,,,0,0.0,120.900002,22559,0.135,hold,,,0.0,,,0,0.0,97.066193,27480,0.1321,hold,,,0.0,,,0,0.0
2017-10-30,20219552,59,False,False,,224.833359,31164,0.3465,hold,,,0.0,,,0,0.0,143.372833,54315,0.3851,hold,,,0.0,,,0,0.0,121.129997,22559,0.1351,hold,,,0.0,,,0,0.0,97.995613,27480,0.1332,hold,,,0.0,,,0,0.0
2017-10-31,20250237,59,False,False,,225.183624,31164,0.3465,hold,,,0.0,,,0,0.0,143.911942,54315,0.386,hold,,,0.0,,,0,0.0,120.669998,22559,0.1344,hold,,,0.0,,,0,0.0,98.027092,27480,0.133,hold,,,0.0,,,0,0.0
2017-11-01,20278867,59,True,False,,225.481339,31164,0.3465,hold,INCREASE_TO_TARGET,rebalance 2017-11-01,70703.0,,,0,0.0,143.864655,54315,0.3853,hold,REDUCE_TO_TARGET,rebalance 2017-11-01,-716405.0,,,0,0.0,121.110001,22559,0.1347,hold,INCREASE_TO_TARGET,rebalance 2017-11-01,309710.0,,,0,0.0,98.46357,27480,0.1334,hold,INCREASE_TO_TARGET,rebalance 2017-11-01,336051.0,,,0,0.0
2017-11-02,20277300,316,False,True,monthly,225.568909,31476,0.3501,hold,,,0.0,INCREASE_TO_TARGET,buy,312,225.411291,143.590363,49315,0.3492,hold,,,0.0,REDUCE_TO_TARGET,sell,5000,143.272749,121.190002,25104,0.15,hold,,,0.0,INCREASE_TO_TARGET,buy,2545,121.290001,98.897636,30875,0.1506,hold,,,0.0,INCREASE_TO_TARGET,buy,3395,98.660848
2017-11-03,20363083,316,False,False,,226.322021,31476,0.3498,hold,,,0.0,,,0,0.0,144.971283,49315,0.3511,hold,,,0.0,,,0,0.0,120.620003,25104,0.1487,hold,,,0.0,,,0,0.0,99.166046,30875,0.1504,hold,,,0.0,,,0,0.0
2017-11-06,20435671,316,False,False,,226.672302,31476,0.3491,hold,,,0.0,,,0,0.0,145.463089,49315,0.351,hold,,,0.0,,,0,0.0,121.650002,25104,0.1494,hold,,,0.0,,,0,0.0,99.53698,30875,0.1504,hold,,,0.0,,,0,0.0
2017-11-07,20436782,316,False,False,,226.514694,31476,0.3489,hold,,,0.0,,,0,0.0,145.548279,49315,0.3512,hold,,,0.0,,,0,0.0,121.209999,25104,0.1489,hold,,,0.0,,,0,0.0,99.955338,30875,0.151,hold,,,0.0,,,0,0.0
2017-11-08,20481547,316,False,False,,226.899963,31476,0.3487,hold,,,0.0,,,0,0.0,146.134674,49315,0.3519,hold,,,0.0,,,0,0.0,121.629997,25104,0.1491,hold,,,0.0,,,0,0.0,99.734329,30875,0.1503,hold,,,0.0,,,0,0.0
2017-11-09,20421636,316,False,False,,226.076843,31476,0.3485,hold,,,0.0,,,0,0.0,145.368546,49315,0.351,hold,,,0.0,,,0,0.0,122.129997,25104,0.1501,hold,,,0.0,,,0,0.0,99.450172,30875,0.1504,hold,,,0.0,,,0,0.0
2017-11-10,20347560,316,False,False,,226.006775,31476,0.3496,hold,,,0.0,,,0,0.0,145.359116,49315,0.3523,hold,,,0.0,,,0,0.0,121.129997,25104,0.1494,hold,,,0.0,,,0,0.0,97.950546,30875,0.1486,hold,,,0.0,,,0,0.0
2017-11-13,20373888,316,False,False,,226.216934,31476,0.3495,hold,,,0.0,,,0,0.0,145.538757,49315,0.3523,hold,,,0.0,,,0,0.0,121.309998,25104,0.1495,hold,,,0.0,,,0,0.0,98.155724,30875,0.1487,hold,,,0.0,,,0,0.0
2017-11-14,20357981,316,False,False,,225.691544,31476,0.3489,hold,,,0.0,,,0,0.0,145.009155,49315,0.3513,hold,,,0.0,,,0,0.0,121.559998,25104,0.1499,hold,,,0.0,,,0,0.0,98.818787,30875,0.1499,hold,,,0.0,,,0,0.0
2017-11-15,20318215,316,False,False,,224.56192,31476,0.3479,hold,,,0.0,,,0,0.0,144.328125,49315,0.3503,hold,,,0.0,,,0,0.0,121.410004,25104,0.15,hold,,,0.0,,,0,0.0,99.892143,30875,0.1518,hold,,,0.0,,,0,0.0
2017-11-16,20442200,316,False,False,,226.470886,31476,0.3487,hold,,,0.0,,,0,0.0,146.172501,49315,0.3526,hold,,,0.0,,,0,0.0,121.400002,25104,0.1491,hold,,,0.0,,,0,0.0,99.023933,30875,0.1496,hold,,,0.0,,,0,0.0
2017-11-17,20453050,316,False,False,,225.805344,31476,0.3475,hold,,,0.0,,,0,0.0,145.614502,49315,0.3511,hold,,,0.0,,,0,0.0,122.860001,25104,0.1508,hold,,,0.0,,,0,0.0,99.758011,30875,0.1506,hold,,,0.0,,,0,0.0
2017-11-20,20419448,316,False,False,,226.190689,31476,0.3487,hold,,,0.0,,,0,0.0,145.500961,49315,0.3514,hold,,,0.0,,,0,0.0,121.309998,25104,0.1491,hold,,,0.0,,,0,0.0,99.718498,30875,0.1508,hold,,,0.0,,,0,0.0
2017-11-21,20558696,316,False,False,,227.670609,31476,0.3486,hold,,,0.0,,,0,0.0,147.080536,49315,0.3528,hold,,,0.0,,,0,0.0,121.510002,25104,0.1484,hold,,,0.0,,,0,0.0,100.034233,30875,0.1502,hold,,,0.0,,,0,0.0
2017-11-22,20599326,316,False,False,,227.469177,31476,0.3476,hold,,,0.0,,,0,0.0,147.260223,49315,0.3525,hold,,,0.0,,,0,0.0,122.629997,25104,0.1494,hold,,,0.0,,,0,0.0,100.357857,30875,0.1504,hold,,,0.0,,,0,0.0
2017-11-24,20626140,316,False,False,,227.994522,31476,0.3479,hold,,,0.0,,,0,0.0,147.799408,49315,0.3534,hold,,,0.0,,,0,0.0,122.32,25104,0.1489,hold,,,0.0,,,0,0.0,100.081612,30875,0.1498,hold,,,0.0,,,0,0.0
2017-11-27,20627710,316,False,False,,227.880798,31476,0.3477,hold,,,0.0,,,0,0.0,147.733185,49315,0.3532,hold,,,0.0,,,0,0.0,122.830002,25104,0.1495,hold,,,0.0,,,0,0.0,99.939507,30875,0.1496,hold,,,0.0,,,0,0.0
2017-11-28,20722774,316,False,False,,230.192566,31476,0.3496,hold,,,0.0,,,0,0.0,148.111496,49315,0.3525,hold,,,0.0,,,0,0.0,122.809998,25104,0.1488,hold,,,0.0,,,0,0.0,100.07373,30875,0.1491,hold,,,0.0,,,0,0.0
2017-11-29,20541233,316,False,False,,230.052444,31476,0.3525,hold,,,0.0,,,0,0.0,145.529343,49315,0.3494,hold,,,0.0,,,0,0.0,122.040001,25104,0.1491,hold,,,0.0,,,0,0.0,99.08712,30875,0.1489,hold,,,0.0,,,0,0.0
2017-11-30,20630966,316,False,False,,232.066559,31476,0.3541,hold,,,0.0,,,0,0.0,146.749481,49315,0.3508,hold,,,0.0,,,0,0.0,121.099998,25104,0.1474,hold,,,0.0,,,0,0.0,98.755569,30875,0.1478,hold,,,0.0,,,0,0.0
2017-12-01,20638468,316,True,False,,231.584885,31476,0.3532,hold,,,0.0,,,0,0.0,146.125229,49315,0.3492,hold,,,0.0,,,0,0.0,121.589996,25104,0.1479,hold,,,0.0,,,0,0.0,100.08828,30875,0.1497,hold,,,0.0,,,0,0.0
2017-12-04,20537791,316,False,False,,231.304718,31476,0.3545,hold,,,0.0,,,0,0.0,144.441559,49315,0.3468,hold,,,0.0,,,0,0.0,121.18,25104,0.1481,hold,,,0.0,,,0,0.0,100.135696,30875,0.1505,hold,,,0.0,,,0,0.0
2017-12-05,20510065,316,False,False,,230.472763,31476,0.3537,hold,,,0.0,,,0,0.0,144.536163,49315,0.3475,hold,,,0.0,,,0,0.0,120.32,25104,0.1473,hold,,,0.0,,,0,0.0,100.63398,30875,0.1515,hold,,,0.0,,,0,0.0
2017-12-06,20548099,316,False,False,,230.516556,31476,0.3531,hold,,,0.0,,,0,0.0,145.188828,49315,0.3485,hold,,,0.0,,,0,0.0,120.07,25104,0.1467,hold,,,0.0,,,0,0.0,100.982025,30875,0.1517,hold,,,0.0,,,0,0.0
2017-12-07,20531151,316,False,False,,231.243439,31476,0.3545,hold,,,0.0,,,0,0.0,145.680695,49315,0.3499,hold,,,0.0,,,0,0.0,118.489998,25104,0.1449,hold,,,0.0,,,0,0.0,100.191101,30875,0.1507,hold,,,0.0,,,0,0.0
2017-12-08,20602552,316,False,False,,232.504395,31476,0.3552,hold,,,0.0,,,0,0.0,146.323883,49315,0.3502,hold,,,0.0,,,0,0.0,118.480003,25104,0.1444,hold,,,0.0,,,0,0.0,100.19899,30875,0.1502,hold,,,0.0,,,0,0.0
2017-12-11,20662424,316,False,False,,233.20488,31476,0.3553,hold,,,0.0,,,0,0.0,147.458862,49315,0.3519,hold,,,0.0,,,0,0.0,118.010002,25104,0.1434,hold,,,0.0,,,0,0.0,99.993347,30875,0.1494,hold,,,0.0,,,0,0.0
2017-12-12,20667879,316,False,False,,233.616531,31476,0.3558,hold,,,0.0,,,0,0.0,147.260223,49315,0.3514,hold,,,0.0,,,0,0.0,118.150002,25104,0.1435,hold,,,0.0,,,0,0.0,99.953812,30875,0.1493,hold,,,0.0,,,0,0.0
2017-12-13,20729850,316,False,False,,233.59021,31476,0.3547,hold,,,0.0,,,0,0.0,147.544022,49315,0.351,hold,,,0.0,,,0,0.0,119.169998,25104,0.1443,hold,,,0.0,,,0,0.0,100.705154,30875,0.15,hold,,,0.0,,,0,0.0
2017-12-14,20701837,316,False,False,,232.635681,31476,0.3537,hold,,,0.0,,,0,0.0,147.439987,49315,0.3512,hold,,,0.0,,,0,0.0,118.93,25104,0.1442,hold,,,0.0,,,0,0.0,101.132263,30875,0.1508,hold,,,0.0,,,0,0.0
2017-12-15,20863374,316,False,False,,234.572968,31476,0.3539,hold,,,0.0,,,0,0.0,149.114151,49315,0.3525,hold,,,0.0,,,0,0.0,119.18,25104,0.1434,hold,,,0.0,,,0,0.0,101.511909,30875,0.1502,hold,,,0.0,,,0,0.0
2017-12-18,20957083,316,False,False,,236.060455,31476,0.3545,hold,,,0.0,,,0,0.0,150.364334,49315,0.3538,hold,,,0.0,,,0,0.0,119.730003,25104,0.1434,hold,,,0.0,,,0,0.0,100.586525,30875,0.1482,hold,,,0.0,,,0,0.0
2017-12-19,20846576,316,False,False,,235.153885,31476,0.3551,hold,,,0.0,,,0,0.0,149.473358,49315,0.3536,hold,,,0.0,,,0,0.0,119.82,25104,0.1443,hold,,,0.0,,,0,0.0,99.281525,30875,0.147,hold,,,0.0,,,0,0.0
2017-12-20,20808842,316,False,False,,235.03067,31476,0.3555,hold,,,0.0,,,0,0.0,149.31221,49315,0.3539,hold,,,0.0,,,0,0.0,120.139999,25104,0.1449,hold,,,0.0,,,0,0.0,98.182167,30875,0.1457,hold,,,0.0,,,0,0.0
2017-12-21,20846953,316,False,False,,235.514801,31476,0.3556,hold,,,0.0,,,0,0.0,149.331192,49315,0.3533,hold,,,0.0,,,0,0.0,120.309998,25104,0.1449,hold,,,0.0,,,0,0.0,98.754463,30875,0.1463,hold,,,0.0,,,0,0.0
2017-12-22,20856578,316,False,False,,235.453156,31476,0.3553,hold,,,0.0,,,0,0.0,149.160629,49315,0.3527,hold,,,0.0,,,0,0.0,120.940002,25104,0.1456,hold,,,0.0,,,0,0.0,98.889221,30875,0.1464,hold,,,0.0,,,0,0.0
2017-12-26,20837867,316,False,False,,235.171539,31476,0.3552,hold,,,0.0,,,0,0.0,148.354889,49315,0.3511,hold,,,0.0,,,0,0.0,121.769997,25104,0.1467,hold,,,0.0,,,0,0.0,99.182411,30875,0.147,hold,,,0.0,,,0,0.0
2017-12-27,20893840,316,False,False,,235.285904,31476,0.3545,hold,,,0.0,,,0,0.0,148.373886,49315,0.3502,hold,,,0.0,,,0,0.0,122.230003,25104,0.1469,hold,,,0.0,,,0,0.0,100.474327,30875,0.1485,hold,,,0.0,,,0,0.0
2017-12-28,20930833,316,False,False,,235.77002,31476,0.3546,hold,,,0.0,,,0,0.0,148.554001,49315,0.35,hold,,,0.0,,,0,0.0,122.849998,25104,0.1473,hold,,,0.0,,,0,0.0,100.387138,30875,0.1481,hold,,,0.0,,,0,0.0
2017-12-29,20882487,316,False,False,,234.881088,31476,0.354,hold,,,0.0,,,0,0.0,147.634552,49315,0.3486,hold,,,0.0,,,0,0.0,123.650002,25104,0.1486,hold,,,0.0,,,0,0.0,100.545647,30875,0.1487,hold,,,0.0,,,0,0.0
2018-01-02,21067144,316,True,False,,236.56221,31476,0.3534,hold,,,0.0,,,0,0.0,150.222214,49315,0.3516,hold,,,0.0,,,0,0.0,125.150002,25104,0.1491,hold,,,0.0,,,0,0.0,99.459831,30875,0.1458,hold,,,0.0,,,0,0.0
2018-01-03,21192615,316,False,False,,238.058456,31476,0.3536,hold,,,0.0,,,0,0.0,151.681763,49315,0.353,hold,,,0.0,,,0,0.0,124.82,25104,0.1479,hold,,,0.0,,,0,0.0,99.935349,30875,0.1456,hold,,,0.0,,,0,0.0
2018-01-04,21252866,316,False,False,,239.06189,31476,0.3541,hold,,,0.0,,,0,0.0,151.947189,49315,0.3526,hold,,,0.0,,,0,0.0,125.459999,25104,0.1482,hold,,,0.0,,,0,0.0,99.919495,30875,0.1452,hold,,,0.0,,,0,0.0
2018-01-05,21366192,316,False,False,,240.654877,31476,0.3545,hold,,,0.0,,,0,0.0,153.473236,49315,0.3542,hold,,,0.0,,,0,0.0,125.330002,25104,0.1473,hold,,,0.0,,,0,0.0,99.634209,30875,0.144,hold,,,0.0,,,0,0.0
2018-01-08,21407033,316,False,False,,241.095047,31476,0.3545,hold,,,0.0,,,0,0.0,154.070358,49315,0.3549,hold,,,0.0,,,0,0.0,125.309998,25104,0.147,hold,,,0.0,,,0,0.0,99.57077,30875,0.1436,hold,,,0.0,,,0,0.0
2018-01-09,21369002,316,False,False,,241.640671,31476,0.3559,hold,,,0.0,,,0,0.0,154.079803,49315,0.3556,hold,,,0.0,,,0,0.0,124.730003,25104,0.1465,hold,,,0.0,,,0,0.0,98.239258,30875,0.1419,hold,,,0.0,,,0,0.0
2018-01-10,21343468,316,False,False,,241.271088,31476,0.3558,hold,,,0.0,,,0,0.0,153.719635,49315,0.3552,hold,,,0.0,,,0,0.0,125.029999,25104,0.1471,hold,,,0.0,,,0,0.0,98.120384,30875,0.1419,hold,,,0.0,,,0,0.0
2018-01-11,21473535,316,False,False,,243.031448,31476,0.3562,hold,,,0.0,,,0,0.0,154.771744,49315,0.3554,hold,,,0.0,,,0,0.0,125.440002,25104,0.1466,hold,,,0.0,,,0,0.0,98.524597,30875,0.1417,hold,,,0.0,,,0,0.0
2018-01-12,21622789,316,False,False,,244.615738,31476,0.3561,hold,,,0.0,,,0,0.0,155.909134,49315,0.3556,hold,,,0.0,,,0,0.0,126.959999,25104,0.1474,hold,,,0.0,,,0,0.0,98.691032,30875,0.1409,hold,,,0.0,,,0,0.0
2018-01-16,21592494,316,False,False,,243.77948,31476,0.3554,hold,,,0.0,,,0,0.0,155.463654,49315,0.3551,hold,,,0.0,,,0,0.0,127.169998,25104,0.1479,hold,,,0.0,,,0,0.0,99.103157,30875,0.1417,hold,,,0.0,,,0,0.0
2018-01-17,21718355,316,False,False,,246.103226,31476,0.3567,hold,,,0.0,,,0,0.0,157.141327,49315,0.3568,hold,,,0.0,,,0,0.0,126.139999,25104,0.1458,hold,,,0.0,,,0,0.0,98.968445,30875,0.1407,hold,,,0.0,,,0,0.0
2018-01-18,21671317,316,False,False,,245.689453,31476,0.3568,hold,,,0.0,,,0,0.0,157.169754,49315,0.3577,hold,,,0.0,,,0,0.0,125.860001,25104,0.1458,hold,,,0.0,,,0,0.0,98.049034,30875,0.1397,hold,,,0.0,,,0,0.0
2018-01-19,21728962,316,False,False,,246.807297,31476,0.3575,hold,,,0.0,,,0,0.0,157.662659,49315,0.3578,hold,,,0.0,,,0,0.0,126.419998,25104,0.1461,hold,,,0.0,,,0,0.0,97.533882,30875,0.1386,hold,,,0.0,,,0,0.0
2018-01-22,21884038,316,False,False,,248.814102,31476,0.3579,hold,,,0.0,,,0,0.0,159.349731,49315,0.3591,hold,,,0.0,,,0,0.0,126.650002,25104,0.1453,hold,,,0.0,,,0,0.0,97.629021,30875,0.1377,hold,,,0.0,,,0,0.0
2018-01-23,21994413,316,False,False,,249.342102,31476,0.3568,hold,,,0.0,,,0,0.0,160.667236,49315,0.3602,hold,,,0.0,,,0,0.0,127.279999,25104,0.1453,hold,,,0.0,,,0,0.0,98.049034,30875,0.1376,hold,,,0.0,,,0,0.0
2018-01-24,21962471,316,False,False,,249.245377,31476,0.3572,hold,,,0.0,,,0,0.0,159.624664,49315,0.3584,hold,,,0.0,,,0,0.0,128.830002,25104,0.1473,hold,,,0.0,,,0,0.0,97.518028,30875,0.1371,hold,,,0.0,,,0,0.0
2018-01-25,21966117,316,False,False,,249.351044,31476,0.3573,hold,,,0.0,,,0,0.0,159.567764,49315,0.3582,hold,,,0.0,,,0,0.0,127.970001,25104,0.1463,hold,,,0.0,,,0,0.0,98.318535,30875,0.1382,hold,,,0.0,,,0,0.0
2018-01-26,22168835,316,False,False,,252.23793,31476,0.3581,hold,,,0.0,,,0,0.0,162.013199,49315,0.3604,hold,,,0.0,,,0,0.0,128.070007,25104,0.145,hold,,,0.0,,,0,0.0,97.953926,30875,0.1364,hold,,,0.0,,,0,0.0
2018-01-29,22038278,316,False,False,,250.565567,31476,0.3579,hold,,,0.0,,,0,0.0,161.226471,49315,0.3608,hold,,,0.0,,,0,0.0,127.349998,25104,0.1451,hold,,,0.0,,,0,0.0,97.272316,30875,0.1363,hold,,,0.0,,,0,0.0
2018-01-30,21860519,316,False,False,,247.995529,31476,0.3571,hold,,,0.0,,,0,0.0,159.899506,49315,0.3607,hold,,,0.0,,,0,0.0,126.800003,25104,0.1456,hold,,,0.0,,,0,0.0,96.701675,30875,0.1366,hold,,,0.0,,,0,0.0
2018-01-31,21936076,316,False,False,,248.118805,31476,0.356,hold,,,0.0,,,0,0.0,160.563004,49315,0.361,hold,,,0.0,,,0,0.0,127.650002,25104,0.1461,hold,,,0.0,,,0,0.0,97.272316,30875,0.1369,hold,,,0.0,,,0,0.0
2018-02-01,21826918,316,True,False,,247.83699,31476,0.3574,hold,,,0.0,,,0,0.0,159.198196,49315,0.3597,hold,,,0.0,,,0,0.0,128.070007,25104,0.1473,hold,,,0.0,,,0,0.0,95.862564,30875,0.1356,hold,,,0.0,,,0,0.0
2018-02-02,21430868,316,False,False,,242.441681,31476,0.3561,hold,,,0.0,,,0,0.0,156.022919,49315,0.359,hold,,,0.0,,,0,0.0,126.389999,25104,0.1481,hold,,,0.0,,,0,0.0,94.973061,30875,0.1368,hold,,,0.0,,,0,0.0
2018-02-05,20844098,316,False,False,,232.302155,31476,0.3508,hold,,,0.0,,,0,0.0,149.871445,49315,0.3546,hold,,,0.0,,,0,0.0,126.709999,25104,0.1526,hold,,,0.0,,,0,0.0,95.870506,30875,0.142,hold,,,0.0,,,0,0.0
2018-02-06,21132235,316,False,False,,236.879044,31476,0.3528,hold,,,0.0,,,0,0.0,153.842896,49315,0.359,hold,,,0.0,,,0,0.0,125.379997,25104,0.1489,hold,,,0.0,,,0,0.0,95.274895,30875,0.1392,hold,,,0.0,,,0,0.0
2018-02-07,20950860,316,False,False,,235.594025,31476,0.354,hold,,,0.0,,,0,0.0,151.852417,49315,0.3574,hold,,,0.0,,,0,0.0,124.790001,25104,0.1495,hold,,,0.0,,,0,0.0,94.369438,30875,0.1391,hold,,,0.0,,,0,0.0
2018-02-08,20358313,316,False,False,,226.757111,31476,0.3506,hold,,,0.0,,,0,0.0,145.445068,49315,0.3523,hold,,,0.0,,,0,0.0,124.980003,25104,0.1541,hold,,,0.0,,,0,0.0,94.26619,30875,0.143,hold,,,0.0,,,0,0.0
2018-02-09,20565730,316,False,False,,230.163376,31476,0.3523,hold,,,0.0,,,0,0.0,147.956787,49315,0.3548,hold,,,0.0,,,0,0.0,124.769997,25104,0.1523,hold,,,0.0,,,0,0.0,93.670509,30875,0.1406,hold,,,0.0,,,0,0.0
2018-02-12,20829408,316,False,False,,233.543228,31476,0.3529,hold,,,0.0,,,0,0.0,150.582321,49315,0.3565,hold,,,0.0,,,0,0.0,125.370003,25104,0.1511,hold,,,0.0,,,0,0.0,94.083549,30875,0.1395,hold,,,0.0,,,0,0.0
2018-02-13,20916836,316,False,False,,234.124039,31476,0.3523,hold,,,0.0,,,0,0.0,151.359512,49315,0.3569,hold,,,0.0,,,0,0.0,126.080002,25104,0.1513,hold,,,0.0,,,0,0.0,94.504456,30875,0.1395,hold,,,0.0,,,0,0.0
2018-02-14,21177665,316,False,False,,237.283981,31476,0.3527,hold,,,0.0,,,0,0.0,154.193558,49315,0.3591,hold,,,0.0,,,0,0.0,128.229996,25104,0.152,hold,,,0.0,,,0,0.0,93.456116,30875,0.1363,hold,,,0.0,,,0,0.0
2018-02-15,21427703,316,False,False,,240.311737,31476,0.353,hold,,,0.0,,,0,0.0,157.056015,49315,0.3615,hold,,,0.0,,,0,0.0,128.380005,25104,0.1504,hold,,,0.0,,,0,0.0,93.773796,30875,0.1351,hold,,,0.0,,,0,0.0
2018-02-16,21400476,316,False,False,,240.38205,31476,0.3536,hold,,,0.0,,,0,0.0,156.354614,49315,0.3603,hold,,,0.0,,,0,0.0,127.959999,25104,0.1501,hold,,,0.0,,,0,0.0,94.282089,30875,0.136,hold,,,0.0,,,0,0.0
2018-02-20,21312599,316,False,False,,238.877045,31476,0.3528,hold,,,0.0,,,0,0.0,156.667404,49315,0.3625,hold,,,0.0,,,0,0.0,126.239998,25104,0.1487,hold,,,0.0,,,0,0.0,93.869072,30875,0.136,hold,,,0.0,,,0,0.0
2018-02-21,21203113,316,False,False,,237.688766,31476,0.3528,hold,,,0.0,,,0,0.0,156.221939,49315,0.3633,hold,,,0.0,,,0,0.0,125.660004,25104,0.1488,hold,,,0.0,,,0,0.0,92.717461,30875,0.135,hold,,,0.0,,,0,0.0
2018-02-22,21236524,316,False,False,,237.996857,31476,0.3528,hold,,,0.0,,,0,0.0,156.202972,49315,0.3627,hold,,,0.0,,,0,0.0,126.300003,25104,0.1493,hold,,,0.0,,,0,0.0,92.995461,30875,0.1352,hold,,,0.0,,,0,0.0
2018-02-23,21534933,316,False,False,,241.790314,31476,0.3534,hold,,,0.0,,,0,0.0,159.397141,49315,0.365,hold,,,0.0,,,0,0.0,126.139999,25104,0.147,hold,,,0.0,,,0,0.0,93.821434,30875,0.1345,hold,,,0.0,,,0,0.0
2018-02-26,21736313,316,False,False,,244.598114,31476,0.3542,hold,,,0.0,,,0,0.0,161.510864,49315,0.3664,hold,,,0.0,,,0,0.0,126.449997,25104,0.146,hold,,,0.0,,,0,0.0,93.85321,30875,0.1333,hold,,,0.0,,,0,0.0
2018-02-27,21504243,316,False,False,,241.543915,31476,0.3536,hold,,,0.0,,,0,0.0,159.51088,49315,0.3658,hold,,,0.0,,,0,0.0,125.129997,25104,0.1461,hold,,,0.0,,,0,0.0,93.718185,30875,0.1346,hold,,,0.0,,,0,0.0
2018-02-28,21391873,316,False,False,,239.097031,31476,0.3518,hold,,,0.0,,,0,0.0,158.487259,49315,0.3654,hold,,,0.0,,,0,0.0,125.0,25104,0.1467,hold,,,0.0,,,0,0.0,94.313858,30875,0.1361,hold,,,0.0,,,0,0.0
2018-03-01,21167685,316,True,False,,235.620407,31476,0.3504,hold,,,0.0,,,0,0.0,155.899658,49315,0.3632,hold,,,0.0,,,0,0.0,124.720001,25104,0.1479,hold,,,0.0,,,0,0.0,94.957695,30875,0.1385,hold,,,0.0,,,0,0.0
2018-03-02,21269484,316,False,False,,236.835068,31476,0.3505,hold,,,0.0,,,0,0.0,157.330917,49315,0.3648,hold,,,0.0,,,0,0.0,125.389999,25104,0.148,hold,,,0.0,,,0,0.0,94.185692,30875,0.1367,hold,,,0.0,,,0,0.0
2018-03-05,21428515,316,False,False,,239.572403,31476,0.3519,hold,,,0.0,,,0,0.0,159.074936,49315,0.3661,hold,,,0.0,,,0,0.0,125.18,25104,0.1467,hold,,,0.0,,,0,0.0,93.931,30875,0.1353,hold,,,0.0,,,0,0.0
2018-03-06,21517409,316,False,False,,240.179642,31476,0.3513,hold,,,0.0,,,0,0.0,159.747849,49315,0.3661,hold,,,0.0,,,0,0.0,126.529999,25104,0.1476,hold,,,0.0,,,0,0.0,94.018608,30875,0.1349,hold,,,0.0,,,0,0.0
2018-03-07,21509341,316,False,False,,240.09169,31476,0.3513,hold,,,0.0,,,0,0.0,160.117477,49315,0.3671,hold,,,0.0,,,0,0.0,125.720001,25104,0.1467,hold,,,0.0,,,0,0.0,93.915161,30875,0.1348,hold,,,0.0,,,0,0.0
2018-03-08,21598558,316,False,False,,241.253403,31476,0.3516,hold,,,0.0,,,0,0.0,160.999054,49315,0.3676,hold,,,0.0,,,0,0.0,125.419998,25104,0.1458,hold,,,0.0,,,0,0.0,94.456299,30875,0.135,hold,,,0.0,,,0,0.0
2018-03-09,21868805,316,False,False,,245.451843,31476,0.3533,hold,,,0.0,,,0,0.0,164.126892,49315,0.3701,hold,,,0.0,,,0,0.0,125.540001,25104,0.1441,hold,,,0.0,,,0,0.0,93.835571,30875,0.1325,hold,,,0.0,,,0,0.0
2018-03-12,21918818,316,False,False,,245.143753,31476,0.352,hold,,,0.0,,,0,0.0,164.998886,49315,0.3712,hold,,,0.0,,,0,0.0,125.540001,25104,0.1438,hold,,,0.0,,,0,0.0,94.376717,30875,0.1329,hold,,,0.0,,,0,0.0
2018-03-13,21778938,316,False,False,,243.559479,31476,0.352,hold,,,0.0,,,0,0.0,162.752502,49315,0.3685,hold,,,0.0,,,0,0.0,125.779999,25104,0.145,hold,,,0.0,,,0,0.0,94.85421,30875,0.1345,hold,,,0.0,,,0,0.0
2018-03-14,21761990,316,False,False,,242.309708,31476,0.3505,hold,,,0.0,,,0,0.0,162.72406,49315,0.3688,hold,,,0.0,,,0,0.0,125.699997,25104,0.145,hold,,,0.0,,,0,0.0,95.689842,30875,0.1358,hold,,,0.0,,,0,0.0
2018-03-15,21726584,316,False,False,,242.045563,31476,0.3507,hold,,,0.0,,,0,0.0,162.581955,49315,0.369,hold,,,0.0,,,0,0.0,124.900002,25104,0.1443,hold,,,0.0,,,0,0.0,95.689842,30875,0.136,hold,,,0.0,,,0,0.0
2018-03-16,21692908,316,False,False,,242.308105,31476,0.3516,hold,,,0.0,,,0,0.0,162.09848,49315,0.3685,hold,,,0.0,,,0,0.0,124.599998,25104,0.1442,hold,,,0.0,,,0,0.0,95.347603,30875,0.1357,hold,,,0.0,,,0,0.0
2018-03-19,21416597,316,False,False,,239.029556,31476,0.3513,hold,,,0.0,,,0,0.0,158.639954,49315,0.3653,hold,,,0.0,,,0,0.0,124.870003,25104,0.1464,hold,,,0.0,,,0,0.0,95.045204,30875,0.137,hold,,,0.0,,,0,0.0
2018-03-20,21429293,316,False,False,,239.436111,31476,0.3517,hold,,,0.0,,,0,0.0,159.16214,49315,0.3663,hold,,,0.0,,,0,0.0,124.309998,25104,0.1456,hold,,,0.0,,,0,0.0,94.663223,30875,0.1364,hold,,,0.0,,,0,0.0
2018-03-21,21438320,316,False,False,,238.976608,31476,0.3509,hold,,,0.0,,,0,0.0,158.469055,49315,0.3645,hold,,,0.0,,,0,0.0,126.480003,25104,0.1481,hold,,,0.0,,,0,0.0,94.766663,30875,0.1365,hold,,,0.0,,,0,0.0
2018-03-22,21073839,316,False,False,,233.002792,31476,0.348,hold,,,0.0,,,0,0.0,154.557663,49315,0.3617,hold,,,0.0,,,0,0.0,125.980003,25104,0.1501,hold,,,0.0,,,0,0.0,95.705734,30875,0.1402,hold,,,0.0,,,0,0.0
2018-03-23,20755377,316,False,False,,228.036469,31476,0.3458,hold,,,0.0,,,0,0.0,150.484863,49315,0.3576,hold,,,0.0,,,0,0.0,127.610001,25104,0.1543,hold,,,0.0,,,0,0.0,95.634102,30875,0.1423,hold,,,0.0,,,0,0.0
2018-03-26,21233027,316,False,False,,234.275284,31476,0.3473,hold,,,0.0,,,0,0.0,156.076645,49315,0.3625,hold,,,0.0,,,0,0.0,128.279999,25104,0.1517,hold,,,0.0,,,0,0.0,95.268059,30875,0.1385,hold,,,0.0,,,0,0.0
2018-03-27,20870126,316,False,False,,230.289886,31476,0.3473,hold,,,0.0,,,0,0.0,151.025955,49315,0.3569,hold,,,0.0,,,0,0.0,127.489998,25104,0.1534,hold,,,0.0,,,0,0.0,96.286713,30875,0.1424,hold,,,0.0,,,0,0.0
2018-03-28,20726713,316,False,False,,229.609451,31476,0.3487,hold,,,0.0,,,0,0.0,149.28862,49315,0.3552,hold,,,0.0,,,0,0.0,125.730003,25104,0.1523,hold,,,0.0,,,0,0.0,96.541397,30875,0.1438,hold,,,0.0,,,0,0.0
2018-03-29,20969896,316,False,False,,232.543228,31476,0.349,hold,,,0.0,,,0,0.0,152.022812,49315,0.3575,hold,,,0.0,,,0,0.0,125.790001,25104,0.1506,hold,,,0.0,,,0,0.0,97.010948,30875,0.1428,hold,,,0.0,,,0,0.0
2018-04-02,20638419,316,True,False,,227.523911,31476,0.347,hold,,,0.0,,,0,0.0,147.636688,49315,0.3528,hold,,,0.0,,,0,0.0,127.260002,25104,0.1548,hold,,,0.0,,,0,0.0,97.202332,30875,0.1454,hold,,,0.0,,,0,0.0
2018-04-03,20764894,316,False,False,,230.440094,31476,0.3493,hold,,,0.0,,,0,0.0,149.29808,49315,0.3546,hold,,,0.0,,,0,0.0,126.300003,25104,0.1527,hold,,,0.0,,,0,0.0,96.452644,30875,0.1434,hold,,,0.0,,,0,0.0
2018-04-04,20956216,316,False,False,,232.905563,31476,0.3498,hold,,,0.0,,,0,0.0,151.652542,49315,0.3569,hold,,,0.0,,,0,0.0,126.449997,25104,0.1515,hold,,,0.0,,,0,0.0,96.253258,30875,0.1418,hold,,,0.0,,,0,0.0
2018-04-05,21018201,316,False,False,,234.743698,31476,0.3515,hold,,,0.0,,,0,0.0,152.516525,49315,0.3578,hold,,,0.0,,,0,0.0,125.800003,25104,0.1503,hold,,,0.0,,,0,0.0,95.535439,30875,0.1403,hold,,,0.0,,,0,0.0
2018-04-06,20712394,316,False,False,,229.512207,31476,0.3488,hold,,,0.0,,,0,0.0,148.700043,49315,0.354,hold,,,0.0,,,0,0.0,126.389999,25104,0.1532,hold,,,0.0,,,0,0.0,96.580254,30875,0.144,hold,,,0.0,,,0,0.0
2018-04-09,20815217,316,False,False,,230.643326,31476,0.3488,hold,,,0.0,,,0,0.0,149.744354,49315,0.3548,hold,,,0.0,,,0,0.0,126.82,25104,0.153,hold,,,0.0,,,0,0.0,96.739754,30875,0.1435,hold,,,0.0,,,0,0.0
2018-04-10,21095690,316,False,False,,234.310608,31476,0.3496,hold,,,0.0,,,0,0.0,153.048172,49315,0.3578,hold,,,0.0,,,0,0.0,127.120003,25104,0.1513,hold,,,0.0,,,0,0.0,96.564285,30875,0.1413,hold,,,0.0,,,0,0.0
2018-04-11,21048928,316,False,False,,233.082306,31476,0.3485,hold,,,0.0,,,0,0.0,152.165253,49315,0.3565,hold,,,0.0,,,0,0.0,128.110001,25104,0.1528,hold,,,0.0,,,0,0.0,96.907227,30875,0.1421,hold,,,0.0,,,0,0.0
2018-04-12,21140326,316,False,False,,234.999924,31476,0.3499,hold,,,0.0,,,0,0.0,153.997559,49315,0.3592,hold,,,0.0,,,0,0.0,126.620003,25104,0.1504,hold,,,0.0,,,0,0.0,96.197395,30875,0.1405,hold,,,0.0,,,0,0.0
2018-04-13,21107032,316,False,False,,234.310608,31476,0.3494,hold,,,0.0,,,0,0.0,153.200043,49315,0.3579,hold,,,0.0,,,0,0.0,127.449997,25104,0.1516,hold,,,0.0,,,0,0.0,96.420746,30875,0.141,hold,,,0.0,,,0,0.0
2018-04-16,21230760,316,False,False,,236.237167,31476,0.3502,hold,,,0.0,,,0,0.0,154.367737,49315,0.3586,hold,,,0.0,,,0,0.0,127.629997,25104,0.1509,hold,,,0.0,,,0,0.0,96.452644,30875,0.1403,hold,,,0.0,,,0,0.0
2018-04-17,21485314,316,False,False,,238.764496,31476,0.3498,hold,,,0.0,,,0,0.0,157.690567,49315,0.3619,hold,,,0.0,,,0,0.0,127.75,25104,0.1493,hold,,,0.0,,,0,0.0,96.715828,30875,0.139,hold,,,0.0,,,0,0.0
2018-04-18,21485420,316,False,False,,238.941193,31476,0.35,hold,,,0.0,,,0,0.0,158.013382,49315,0.3627,hold,,,0.0,,,0,0.0,127.849998,25104,0.1494,hold,,,0.0,,,0,0.0,95.9422,30875,0.1379,hold,,,0.0,,,0,0.0
2018-04-19,21341660,316,False,False,,237.615707,31476,0.3505,hold,,,0.0,,,0,0.0,156.560822,49315,0.3618,hold,,,0.0,,,0,0.0,127.599998,25104,0.1501,hold,,,0.0,,,0,0.0,95.16066,30875,0.1377,hold,,,0.0,,,0,0.0
2018-04-20,21110519,316,False,False,,235.600815,31476,0.3513,hold,,,0.0,,,0,0.0,154.083008,49315,0.3599,hold,,,0.0,,,0,0.0,126.629997,25104,0.1506,hold,,,0.0,,,0,0.0,94.474792,30875,0.1382,hold,,,0.0,,,0,0.0
2018-04-23,21065594,316,False,False,,235.565521,31476,0.352,hold,,,0.0,,,0,0.0,153.693741,49315,0.3598,hold,,,0.0,,,0,0.0,125.620003,25104,0.1497,hold,,,0.0,,,0,0.0,94.498672,30875,0.1385,hold,,,0.0,,,0,0.0
2018-04-24,20807168,316,False,False,,232.393066,31476,0.3516,hold,,,0.0,,,0,0.0,150.437393,49315,0.3566,hold,,,0.0,,,0,0.0,126.230003,25104,0.1523,hold,,,0.0,,,0,0.0,94.068016,30875,0.1396,hold,,,0.0,,,0,0.0
2018-04-25,20794107,316,False,False,,232.967484,31476,0.3526,hold,,,0.0,,,0,0.0,150.617783,49315,0.3572,hold,,,0.0,,,0,0.0,125.410004,25104,0.1514,hold,,,0.0,,,0,0.0,93.437988,30875,0.1387,hold,,,0.0,,,0,0.0
2018-04-26,21034168,316,False,False,,235.335754,31476,0.3522,hold,,,0.0,,,0,0.0,153.788681,49315,0.3606,hold,,,0.0,,,0,0.0,124.970001,25104,0.1492,hold,,,0.0,,,0,0.0,94.091949,30875,0.1381,hold,,,0.0,,,0,0.0
2018-04-27,21081515,316,False,False,,235.556625,31476,0.3517,hold,,,0.0,,,0,0.0,153.883591,49315,0.36,hold,,,0.0,,,0,0.0,125.5,25104,0.1494,hold,,,0.0,,,0,0.0,94.817726,30875,0.1389,hold,,,0.0,,,0,0.0
2018-04-30,20952980,316,False,False,,233.745117,31476,0.3511,hold,,,0.0,,,0,0.0,152.791824,49315,0.3596,hold,,,0.0,,,0,0.0,124.589996,25104,0.1493,hold,,,0.0,,,0,0.0,94.985168,30875,0.14,hold,,,0.0,,,0,0.0
2018-05-01,21019549,316,True,False,,234.160446,31476,0.3506,hold,,,0.0,,,0,0.0,154.538712,49315,0.3626,hold,,,0.0,,,0,0.0,123.709999,25104,0.1477,hold,,,0.0,,,0,0.0,94.64312,30875,0.139,hold,,,0.0,,,0,0.0
2018-05-02,20920374,316,False,False,,232.587463,31476,0.3499,hold,,,0.0,,,0,0.0,153.627274,49315,0.3621,hold,,,0.0,,,0,0.0,123.650002,25104,0.1484,hold,,,0.0,,,0,0.0,94.539169,30875,0.1395,hold,,,0.0,,,0,0.0
2018-05-03,20932201,316,False,False,,232.074921,31476,0.349,hold,,,0.0,,,0,0.0,153.608307,49315,0.3619,hold,,,0.0,,,0,0.0,124.279999,25104,0.149,hold,,,0.0,,,0,0.0,94.962799,30875,0.1401,hold,,,0.0,,,0,0.0
2018-05-04,21181473,316,False,False,,235.079498,31476,0.3493,hold,,,0.0,,,0,0.0,156.522858,49315,0.3644,hold,,,0.0,,,0,0.0,124.540001,25104,0.1476,hold,,,0.0,,,0,0.0,95.106651,30875,0.1386,hold,,,0.0,,,0,0.0
2018-05-07,21266711,316,False,False,,235.874771,31476,0.3491,hold,,,0.0,,,0,0.0,157.823502,49315,0.366,hold,,,0.0,,,0,0.0,124.57,25104,0.147,hold,,,0.0,,,0,0.0,94.954796,30875,0.1379,hold,,,0.0,,,0,0.0
2018-05-08,21256540,316,False,False,,235.874771,31476,0.3493,hold,,,0.0,,,0,0.0,157.66214,49315,0.3658,hold,,,0.0,,,0,0.0,124.589996,25104,0.1471,hold,,,0.0,,,0,0.0,94.866867,30875,0.1378,hold,,,0.0,,,0,0.0
2018-05-09,21388993,316,False,False,,238.154633,31476,0.3505,hold,,,0.0,,,0,0.0,159.380463,49315,0.3675,hold,,,0.0,,,0,0.0,124.330002,25104,0.1459,hold,,,0.0,,,0,0.0,94.2994,30875,0.1361,hold,,,0.0,,,0,0.0
2018-05-10,21585334,316,False,False,,240.381592,31476,0.3505,hold,,,0.0,,,0,0.0,161.032364,49315,0.3679,hold,,,0.0,,,0,0.0,125.18,25104,0.1456,hold,,,0.0,,,0,0.0,95.058723,30875,0.136,hold,,,0.0,,,0,0.0
2018-05-11,21603816,316,False,False,,241.115128,31476,0.3513,hold,,,0.0,,,0,0.0,160.880447,49315,0.3672,hold,,,0.0,,,0,0.0,125.0,25104,0.1453,hold,,,0.0,,,0,0.0,95.298492,30875,0.1362,hold,,,0.0,,,0,0.0
2018-05-14,21592660,316,False,False,,241.229965,31476,0.3516,hold,,,0.0,,,0,0.0,161.155807,49315,0.3681,hold,,,0.0,,,0,0.0,124.489998,25104,0.1447,hold,,,0.0,,,0,0.0,94.79496,30875,0.1355,hold,,,0.0,,,0,0.0
2018-05-15,21368574,316,False,False,,239.568588,31476,0.3529,hold,,,0.0,,,0,0.0,159.370972,49315,0.3678,hold,,,0.0,,,0,0.0,122.480003,25104,0.1439,hold,,,0.0,,,0,0.0,93.715942,30875,0.1354,hold,,,0.0,,,0,0.0
2018-05-16,21436376,316,False,False,,240.576035,31476,0.3532,hold,,,0.0,,,0,0.0,160.424759,49315,0.3691,hold,,,0.0,,,0,0.0,122.290001,25104,0.1432,hold,,,0.0,,,0,0.0,93.356247,30875,0.1345,hold,,,0.0,,,0,0.0
2018-05-17,21386741,316,False,False,,240.372742,31476,0.3538,hold,,,0.0,,,0,0.0,159.807648,49315,0.3685,hold,,,0.0,,,0,0.0,122.360001,25104,0.1436,hold,,,0.0,,,0,0.0,92.884628,30875,0.1341,hold,,,0.0,,,0,0.0
2018-05-18,21353031,316,False,False,,239.771881,31476,0.3534,hold,,,0.0,,,0,0.0,158.981705,49315,0.3672,hold,,,0.0,,,0,0.0,122.410004,25104,0.1439,hold,,,0.0,,,0,0.0,93.683945,30875,0.1355,hold,,,0.0,,,0,0.0
2018-05-21,21457019,316,False,False,,241.574554,31476,0.3544,hold,,,0.0,,,0,0.0,159.874115,49315,0.3674,hold,,,0.0,,,0,0.0,122.480003,25104,0.1433,hold,,,0.0,,,0,0.0,93.731911,30875,0.1349,hold,,,0.0,,,0,0.0
2018-05-22,21419378,316,False,False,,240.902939,31476,0.354,hold,,,0.0,,,0,0.0,159.665207,49315,0.3676,hold,,,0.0,,,0,0.0,122.410004,25104,0.1435,hold,,,0.0,,,0,0.0,93.588051,30875,0.1349,hold,,,0.0,,,0,0.0
2018-05-23,21530968,316,False,False,,241.565826,31476,0.3531,hold,,,0.0,,,0,0.0,161.013382,49315,0.3688,hold,,,0.0,,,0,0.0,122.540001,25104,0.1429,hold,,,0.0,,,0,0.0,94.267433,30875,0.1352,hold,,,0.0,,,0,0.0
2018-05-24,21562600,316,False,False,,241.070801,31476,0.3519,hold,,,0.0,,,0,0.0,160.965927,49315,0.3681,hold,,,0.0,,,0,0.0,123.589996,25104,0.1439,hold,,,0.0,,,0,0.0,95.0187,30875,0.1361,hold,,,0.0,,,0,0.0
2018-05-25,21561203,316,False,False,,240.49646,31476,0.3511,hold,,,0.0,,,0,0.0,161.127274,49315,0.3685,hold,,,0.0,,,0,0.0,123.209999,25104,0.1435,hold,,,0.0,,,0,0.0,95.610207,30875,0.1369,hold,,,0.0,,,0,0.0
2018-05-29,21503185,316,False,False,,237.730576,31476,0.348,hold,,,0.0,,,0,0.0,160.415253,49315,0.3679,hold,,,0.0,,,0,0.0,123.190002,25104,0.1438,hold,,,0.0,,,0,0.0,97.704346,30875,0.1403,hold,,,0.0,,,0,0.0
2018-05-30,21643971,316,False,False,,240.902939,31476,0.3503,hold,,,0.0,,,0,0.0,161.56398,49315,0.3681,hold,,,0.0,,,0,0.0,123.370003,25104,0.1431,hold,,,0.0,,,0,0.0,97.04895,30875,0.1384,hold,,,0.0,,,0,0.0
2018-05-31,21580659,316,False,False,,239.427185,31476,0.3492,hold,,,0.0,,,0,0.0,161.459625,49315,0.369,hold,,,0.0,,,0,0.0,123.099998,25104,0.1432,hold,,,0.0,,,0,0.0,96.889069,30875,0.1386,hold,,,0.0,,,0,0.0
2018-06-01,21748532,316,True,False,,241.777863,31476,0.3499,hold,,,0.0,,,0,0.0,163.994385,49315,0.3719,hold,,,0.0,,,0,0.0,122.489998,25104,0.1414,hold,,,0.0,,,0,0.0,96.377144,30875,0.1368,hold,,,0.0,,,0,0.0
2018-06-04,21833195,316,False,False,,242.926636,31476,0.3502,hold,,,0.0,,,0,0.0,165.475418,49315,0.3738,hold,,,0.0,,,0,0.0,122.370003,25104,0.1407,hold,,,0.0,,,0,0.0,95.68013,30875,0.1353,hold,,,0.0,,,0,0.0
2018-06-05,21883017,316,False,False,,243.103378,31476,0.3497,hold,,,0.0,,,0,0.0,165.988083,49315,0.3741,hold,,,0.0,,,0,0.0,122.849998,25104,0.1409,hold,,,0.0,,,0,0.0,95.90448,30875,0.1353,hold,,,0.0,,,0,0.0
2018-06-06,21972510,316,False,False,,245.135818,31476,0.3512,hold,,,0.0,,,0,0.0,166.956451,49315,0.3747,hold,,,0.0,,,0,0.0,122.919998,25104,0.1404,hold,,,0.0,,,0,0.0,95.127388,30875,0.1337,hold,,,0.0,,,0,0.0
2018-06-07,21931665,316,False,False,,245.109375,31476,0.3518,hold,,,0.0,,,0,0.0,165.598816,49315,0.3724,hold,,,0.0,,,0,0.0,122.860001,25104,0.1406,hold,,,0.0,,,0,0.0,96.048691,30875,0.1352,hold,,,0.0,,,0,0.0
2018-06-08,21949802,316,False,False,,245.834015,31476,0.3525,hold,,,0.0,,,0,0.0,165.608307,49315,0.3721,hold,,,0.0,,,0,0.0,123.010002,25104,0.1407,hold,,,0.0,,,0,0.0,95.760262,30875,0.1347,hold,,,0.0,,,0,0.0
2018-06-11,21982179,316,False,False,,246.160934,31476,0.3525,hold,,,0.0,,,0,0.0,166.054535,49315,0.3725,hold,,,0.0,,,0,0.0,123.230003,25104,0.1407,hold,,,0.0,,,0,0.0,95.584007,30875,0.1343,hold,,,0.0,,,0,0.0
2018-06-12,22025715,316,False,False,,246.47908,31476,0.3522,hold,,,0.0,,,0,0.0,166.927979,49315,0.3737,hold,,,0.0,,,0,0.0,122.82,25104,0.14,hold,,,0.0,,,0,0.0,95.608002,30875,0.134,hold,,,0.0,,,0,0.0
2018-06-13,22008298,316,False,False,,245.692581,31476,0.3514,hold,,,0.0,,,0,0.0,166.918503,49315,0.374,hold,,,0.0,,,0,0.0,123.190002,25104,0.1405,hold,,,0.0,,,0,0.0,95.559982,30875,0.1341,hold,,,0.0,,,0,0.0
2018-06-14,22140361,316,False,False,,246.311249,31476,0.3502,hold,,,0.0,,,0,0.0,168.608337,49315,0.3756,hold,,,0.0,,,0,0.0,123.379997,25104,0.1399,hold,,,0.0,,,0,0.0,96.353081,30875,0.1344,hold,,,0.0,,,0,0.0
2018-06-15,22052953,316,False,False,,245.996902,31476,0.3511,hold,,,0.0,,,0,0.0,168.019791,49315,0.3757,hold,,,0.0,,,0,0.0,121.339996,25104,0.1381,hold,,,0.0,,,0,0.0,96.441254,30875,0.135,hold,,,0.0,,,0,0.0
2018-06-18,22023741,316,False,False,,245.490967,31476,0.3509,hold,,,0.0,,,0,0.0,167.922638,49315,0.376,hold,,,0.0,,,0,0.0,121.110001,25104,0.138,hold,,,0.0,,,0,0.0,96.353081,30875,0.1351,hold,,,0.0,,,0,0.0
2018-06-19,21980204,316,False,False,,244.550079,31476,0.3502,hold,,,0.0,,,0,0.0,167.447021,49315,0.3757,hold,,,0.0,,,0,0.0,120.800003,25104,0.138,hold,,,0.0,,,0,0.0,96.913925,30875,0.1361,hold,,,0.0,,,0,0.0
2018-06-20,22012203,316,False,False,,244.967239,31476,0.3503,hold,,,0.0,,,0,0.0,168.6362,49315,0.3778,hold,,,0.0,,,0,0.0,120.260002,25104,0.1372,hold,,,0.0,,,0,0.0,96.064682,30875,0.1347,hold,,,0.0,,,0,0.0
2018-06-21,21901926,316,False,False,,243.431564,31476,0.3498,hold,,,0.0,,,0,0.0,167.171082,49315,0.3764,hold,,,0.0,,,0,0.0,120.050003,25104,0.1376,hold,,,0.0,,,0,0.0,96.569443,30875,0.1361,hold,,,0.0,,,0,0.0
2018-06-22,21904634,316,False,False,,243.875458,31476,0.3504,hold,,,0.0,,,0,0.0,166.800049,49315,0.3755,hold,,,0.0,,,0,0.0,120.339996,25104,0.1379,hold,,,0.0,,,0,0.0,96.56144,30875,0.1361,hold,,,0.0,,,0,0.0
2018-06-25,21610192,316,False,False,,240.555618,31476,0.3504,hold,,,0.0,,,0,0.0,163.042007,49315,0.3721,hold,,,0.0,,,0,0.0,119.889999,25104,0.1393,hold,,,0.0,,,0,0.0,96.777725,30875,0.1383,hold,,,0.0,,,0,0.0
2018-06-26,21648187,316,False,False,,241.088181,31476,0.3505,hold,,,0.0,,,0,0.0,163.707977,49315,0.3729,hold,,,0.0,,,0,0.0,119.260002,25104,0.1383,hold,,,0.0,,,0,0.0,96.913925,30875,0.1382,hold,,,0.0,,,0,0.0
2018-06-27,21486659,316,False,False,,239.090973,31476,0.3502,hold,,,0.0,,,0,0.0,161.481674,49315,0.3706,hold,,,0.0,,,0,0.0,118.580002,25104,0.1385,hold,,,0.0,,,0,0.0,97.827194,30875,0.1406,hold,,,0.0,,,0,0.0
2018-06-28,21589890,316,False,False,,240.457932,31476,0.3506,hold,,,0.0,,,0,0.0,162.870697,49315,0.372,hold,,,0.0,,,0,0.0,118.220001,25104,0.1375,hold,,,0.0,,,0,0.0,97.851257,30875,0.1399,hold,,,0.0,,,0,0.0
2018-06-29,21622779,316,False,False,,240.804153,31476,0.3505,hold,,,0.0,,,0,0.0,163.308395,49315,0.3725,hold,,,0.0,,,0,0.0,118.650002,25104,0.1378,hold,,,0.0,,,0,0.0,97.514763,30875,0.1392,hold,,,0.0,,,0,0.0
2018-07-02,21660709,316,True,False,,241.31897,31476,0.3507,hold,,,0.0,,,0,0.0,164.402481,49315,0.3743,hold,,,0.0,,,0,0.0,117.459999,25104,0.1361,hold,,,0.0,,,0,0.0,97.438499,30875,0.1389,hold,,,0.0,,,0,0.0
2018-07-03,21586038,316,False,False,,240.466797,31476,0.3506,hold,,,0.0,,,0,0.0,162.499695,49315,0.3712,hold,,,0.0,,,0,0.0,118.650002,25104,0.138,hold,,,0.0,,,0,0.0,97.960403,30875,0.1401,hold,,,0.0,,,0,0.0
2018-07-05,21765967,316,False,False,,242.428482,31476,0.3506,hold,,,0.0,,,0,0.0,164.516617,49315,0.3727,hold,,,0.0,,,0,0.0,119.050003,25104,0.1373,hold,,,0.0,,,0,0.0,98.241425,30875,0.1394,hold,,,0.0,,,0,0.0
2018-07-06,21961869,316,False,False,,244.479034,31476,0.3504,hold,,,0.0,,,0,0.0,167.075912,49315,0.3752,hold,,,0.0,,,0,0.0,118.860001,25104,0.1359,hold,,,0.0,,,0,0.0,98.562637,30875,0.1386,hold,,,0.0,,,0,0.0
2018-07-09,22092986,316,False,False,,246.680405,31476,0.3514,hold,,,0.0,,,0,0.0,168.579147,49315,0.3763,hold,,,0.0,,,0,0.0,119.150002,25104,0.1354,hold,,,0.0,,,0,0.0,97.928284,30875,0.1369,hold,,,0.0,,,0,0.0
2018-07-10,22121254,316,False,False,,247.568069,31476,0.3523,hold,,,0.0,,,0,0.0,168.70282,49315,0.3761,hold,,,0.0,,,0,0.0,118.93,25104,0.135,hold,,,0.0,,,0,0.0,97.920258,30875,0.1367,hold,,,0.0,,,0,0.0
2018-07-11,22001300,316,False,False,,245.757263,31476,0.3516,hold,,,0.0,,,0,0.0,167.846588,49315,0.3762,hold,,,0.0,,,0,0.0,117.639999,25104,0.1342,hold,,,0.0,,,0,0.0,98.29763,30875,0.1379,hold,,,0.0,,,0,0.0
2018-07-12,22226114,316,False,False,,247.98526,31476,0.3512,hold,,,0.0,,,0,0.0,170.738861,49315,0.3788,hold,,,0.0,,,0,0.0,118.129997,25104,0.1334,hold,,,0.0,,,0,0.0,98.289604,30875,0.1365,hold,,,0.0,,,0,0.0
2018-07-13,22233930,316,False,False,,248.180603,31476,0.3513,hold,,,0.0,,,0,0.0,170.881531,49315,0.379,hold,,,0.0,,,0,0.0,117.610001,25104,0.1328,hold,,,0.0,,,0,0.0,98.538528,30875,0.1368,hold,,,0.0,,,0,0.0
2018-07-16,22192617,316,False,False,,247.958649,31476,0.3517,hold,,,0.0,,,0,0.0,170.472397,49315,0.3788,hold,,,0.0,,,0,0.0,117.550003,25104,0.133,hold,,,0.0,,,0,0.0,98.129005,30875,0.1365,hold,,,0.0,,,0,0.0
2018-07-17,22237751,316,False,False,,248.961777,31476,0.3524,hold,,,0.0,,,0,0.0,171.509491,49315,0.3803,hold,,,0.0,,,0,0.0,116.279999,25104,0.1313,hold,,,0.0,,,0,0.0,97.944328,30875,0.136,hold,,,0.0,,,0,0.0
2018-07-18,22226885,316,False,False,,249.485413,31476,0.3533,hold,,,0.0,,,0,0.0,171.185959,49315,0.3798,hold,,,0.0,,,0,0.0,116.309998,25104,0.1314,hold,,,0.0,,,0,0.0,97.550919,30875,0.1355,hold,,,0.0,,,0,0.0
2018-07-19,22161580,316,False,False,,248.544495,31476,0.353,hold,,,0.0,,,0,0.0,170.329727,49315,0.379,hold,,,0.0,,,0,0.0,115.809998,25104,0.1312,hold,,,0.0,,,0,0.0,98.169174,30875,0.1368,hold,,,0.0,,,0,0.0
2018-07-20,22132406,316,False,False,,248.260422,31476,0.3531,hold,,,0.0,,,0,0.0,170.291733,49315,0.3794,hold,,,0.0,,,0,0.0,116.559998,25104,0.1322,hold,,,0.0,,,0,0.0,96.964752,30875,0.1353,hold,,,0.0,,,0,0.0
2018-07-23,22122680,316,False,False,,248.722092,31476,0.3539,hold,,,0.0,,,0,0.0,170.833954,49315,0.3808,hold,,,0.0,,,0,0.0,116.0,25104,0.1316,hold,,,0.0,,,0,0.0,95.768349,30875,0.1337,hold,,,0.0,,,0,0.0
2018-07-24,22207965,316,False,False,,249.973694,31476,0.3543,hold,,,0.0,,,0,0.0,171.538025,49315,0.3809,hold,,,0.0,,,0,0.0,116.040001,25104,0.1312,hold,,,0.0,,,0,0.0,96.097542,30875,0.1336,hold,,,0.0,,,0,0.0
2018-07-25,22404610,316,False,False,,252.104034,31476,0.3542,hold,,,0.0,,,0,0.0,173.935547,49315,0.3829,hold,,,0.0,,,0,0.0,116.68,25104,0.1307,hold,,,0.0,,,0,0.0,95.944977,30875,0.1322,hold,,,0.0,,,0,0.0
2018-07-26,22227380,316,False,False,,251.509354,31476,0.3562,hold,,,0.0,,,0,0.0,171.30014,49315,0.3801,hold,,,0.0,,,0,0.0,115.769997,25104,0.1308,hold,,,0.0,,,0,0.0,95.760315,30875,0.133,hold,,,0.0,,,0,0.0
2018-07-27,22066189,316,False,False,,249.804993,31476,0.3563,hold,,,0.0,,,0,0.0,168.988281,49315,0.3777,hold,,,0.0,,,0,0.0,115.830002,25104,0.1318,hold,,,0.0,,,0,0.0,95.920898,30875,0.1342,hold,,,0.0,,,0,0.0
2018-07-30,21892670,316,False,False,,248.500153,31476,0.3573,hold,,,0.0,,,0,0.0,166.600281,49315,0.3753,hold,,,0.0,,,0,0.0,115.650002,25104,0.1326,hold,,,0.0,,,0,0.0,95.591675,30875,0.1348,hold,,,0.0,,,0,0.0
2018-07-31,22018746,316,False,False,,249.725128,31476,0.357,hold,,,0.0,,,0,0.0,167.875122,49315,0.376,hold,,,0.0,,,0,0.0,115.989998,25104,0.1322,hold,,,0.0,,,0,0.0,96.113617,30875,0.1348,hold,,,0.0,,,0,0.0
2018-08-01,21991535,316,True,False,,249.307907,31476,0.3568,hold,REDUCE_TO_TARGET,rebalance 2018-08-01,-150178.0,,,0,0.0,168.512573,49315,0.3779,hold,REDUCE_TO_TARGET,rebalance 2018-08-01,-613160.0,,,0,0.0,115.139999,25104,0.1314,hold,INCREASE_TO_TARGET,rebalance 2018-08-01,408256.0,,,0,0.0,95.330589,30875,0.1338,hold,INCREASE_TO_TARGET,rebalance 2018-08-01,355398.0,,,0,0.0
2018-08-02,22114760,138,False,True,monthly,250.666153,30869,0.3499,hold,,,0.0,REDUCE_TO_TARGET,sell,607,247.259165,170.80545,45640,0.3525,hold,,,0.0,REDUCE_TO_TARGET,sell,3675,166.821341,114.519997,28637,0.1483,hold,,,0.0,INCREASE_TO_TARGET,buy,3533,115.169998,95.467377,34585,0.1493,hold,,,0.0,INCREASE_TO_TARGET,buy,3710,95.459334
2018-08-03,22199670,138,False,False,,251.740143,30869,0.35,hold,,,0.0,,,0,0.0,171.32869,45640,0.3522,hold,,,0.0,,,0,0.0,114.919998,28637,0.1482,hold,,,0.0,,,0,0.0,95.9422,34585,0.1495,hold,,,0.0,,,0,0.0
2018-08-06,22259250,138,False,False,,252.66333,30869,0.3504,hold,,,0.0,,,0,0.0,172.337204,45640,0.3534,hold,,,0.0,,,0,0.0,114.330002,28637,0.1471,hold,,,0.0,,,0,0.0,95.99855,34585,0.1492,hold,,,0.0,,,0,0.0
2018-08-07,22303852,138,False,False,,253.497665,30869,0.3508,hold,,,0.0,,,0,0.0,172.965134,45640,0.3539,hold,,,0.0,,,0,0.0,114.589996,28637,0.1471,hold,,,0.0,,,0,0.0,95.49958,34585,0.1481,hold,,,0.0,,,0,0.0
2018-08-08,22322619,138,False,False,,253.391129,30869,0.3504,hold,,,0.0,,,0,0.0,173.174408,45640,0.3541,hold,,,0.0,,,0,0.0,114.910004,28637,0.1474,hold,,,0.0,,,0,0.0,95.596146,34585,0.1481,hold,,,0.0,,,0,0.0
2018-08-09,22330122,138,False,False,,253.044952,30869,0.3498,hold,,,0.0,,,0,0.0,173.069794,45640,0.3537,hold,,,0.0,,,0,0.0,114.739998,28637,0.1471,hold,,,0.0,,,0,0.0,96.400894,34585,0.1493,hold,,,0.0,,,0,0.0
2018-08-10,22240212,138,False,False,,251.349579,30869,0.3489,hold,,,0.0,,,0,0.0,171.747314,45640,0.3524,hold,,,0.0,,,0,0.0,114.690002,28637,0.1477,hold,,,0.0,,,0,0.0,97.101044,34585,0.151,hold,,,0.0,,,0,0.0
2018-08-13,22145980,138,False,False,,250.40863,30869,0.349,hold,,,0.0,,,0,0.0,171.557022,45640,0.3536,hold,,,0.0,,,0,0.0,112.959999,28637,0.1461,hold,,,0.0,,,0,0.0,96.899841,34585,0.1513,hold,,,0.0,,,0,0.0
2018-08-14,22240005,138,False,False,,252.006332,30869,0.3498,hold,,,0.0,,,0,0.0,172.632156,45640,0.3543,hold,,,0.0,,,0,0.0,113.07,28637,0.1456,hold,,,0.0,,,0,0.0,96.682571,34585,0.1503,hold,,,0.0,,,0,0.0
2018-08-15,22051161,138,False,False,,250.124527,30869,0.3501,hold,,,0.0,,,0,0.0,170.519974,45640,0.3529,hold,,,0.0,,,0,0.0,111.190002,28637,0.1444,hold,,,0.0,,,0,0.0,97.245903,34585,0.1525,hold,,,0.0,,,0,0.0
2018-08-16,22136402,138,False,False,,252.148392,30869,0.3516,hold,,,0.0,,,0,0.0,171.081375,45640,0.3527,hold,,,0.0,,,0,0.0,111.099998,28637,0.1437,hold,,,0.0,,,0,0.0,97.237854,34585,0.1519,hold,,,0.0,,,0,0.0
2018-08-17,22199210,138,False,False,,253.036072,30869,0.3519,hold,,,0.0,,,0,0.0,171.1194,45640,0.3518,hold,,,0.0,,,0,0.0,112.129997,28637,0.1446,hold,,,0.0,,,0,0.0,97.358566,34585,0.1517,hold,,,0.0,,,0,0.0
2018-08-20,22247560,138,False,False,,253.577576,30869,0.3518,hold,,,0.0,,,0,0.0,170.967209,45640,0.3507,hold,,,0.0,,,0,0.0,112.690002,28637,0.1451,hold,,,0.0,,,0,0.0,98.010399,34585,0.1524,hold,,,0.0,,,0,0.0
2018-08-21,22292615,138,False,False,,254.172287,30869,0.352,hold,,,0.0,,,0,0.0,171.595108,45640,0.3513,hold,,,0.0,,,0,0.0,113.019997,28637,0.1452,hold,,,0.0,,,0,0.0,97.680473,34585,0.1515,hold,,,0.0,,,0,0.0
2018-08-22,22338870,138,False,False,,254.021362,30869,0.351,hold,,,0.0,,,0,0.0,172.261093,45640,0.3519,hold,,,0.0,,,0,0.0,113.269997,28637,0.1452,hold,,,0.0,,,0,0.0,98.066719,34585,0.1518,hold,,,0.0,,,0,0.0
2018-08-23,22291813,138,False,False,,253.684021,30869,0.3513,hold,,,0.0,,,0,0.0,172.013718,45640,0.3522,hold,,,0.0,,,0,0.0,112.199997,28637,0.1441,hold,,,0.0,,,0,0.0,98.219627,34585,0.1524,hold,,,0.0,,,0,0.0
2018-08-24,22474707,138,False,False,,255.210953,30869,0.3505,hold,,,0.0,,,0,0.0,173.612076,45640,0.3526,hold,,,0.0,,,0,0.0,114.160004,28637,0.1455,hold,,,0.0,,,0,0.0,98.412811,34585,0.1514,hold,,,0.0,,,0,0.0
2018-08-27,22610500,138,False,False,,257.225891,30869,0.3512,hold,,,0.0,,,0,0.0,175.381668,45640,0.354,hold,,,0.0,,,0,0.0,114.589996,28637,0.1451,hold,,,0.0,,,0,0.0,97.849442,34585,0.1497,hold,,,0.0,,,0,0.0
2018-08-28,22579683,138,False,False,,257.350067,30869,0.3518,hold,,,0.0,,,0,0.0,175.638611,45640,0.355,hold,,,0.0,,,0,0.0,113.68,28637,0.1442,hold,,,0.0,,,0,0.0,97.261993,34585,0.149,hold,,,0.0,,,0,0.0
2018-08-29,22734260,138,False,False,,258.734833,30869,0.3513,hold,,,0.0,,,0,0.0,177.665039,45640,0.3567,hold,,,0.0,,,0,0.0,114.199997,28637,0.1439,hold,,,0.0,,,0,0.0,97.390755,34585,0.1482,hold,,,0.0,,,0,0.0
2018-08-30,22678798,138,False,False,,257.687439,30869,0.3507,hold,,,0.0,,,0,0.0,177.351089,45640,0.3569,hold,,,0.0,,,0,0.0,113.639999,28637,0.1435,hold,,,0.0,,,0,0.0,97.599968,34585,0.1488,hold,,,0.0,,,0,0.0
2018-08-31,22677975,138,False,False,,257.696259,30869,0.3508,hold,,,0.0,,,0,0.0,177.579407,45640,0.3574,hold,,,0.0,,,0,0.0,113.510002,28637,0.1433,hold,,,0.0,,,0,0.0,97.374626,34585,0.1485,hold,,,0.0,,,0,0.0
2018-09-04,22593458,138,True,False,,257.252411,30869,0.3515,hold,,,0.0,,,0,0.0,176.818314,45640,0.3572,hold,,,0.0,,,0,0.0,112.93,28637,0.1431,hold,,,0.0,,,0,0.0,96.811668,34585,0.1482,hold,,,0.0,,,0,0.0
2018-09-05,22470117,138,False,False,,256.560089,30869,0.3525,hold,,,0.0,,,0,0.0,174.534958,45640,0.3545,hold,,,0.0,,,0,0.0,113.32,28637,0.1444,hold,,,0.0,,,0,0.0,96.553589,34585,0.1486,hold,,,0.0,,,0,0.0
2018-09-06,22393641,138,False,False,,255.787933,30869,0.3526,hold,,,0.0,,,0,0.0,172.974625,45640,0.3525,hold,,,0.0,,,0,0.0,113.540001,28637,0.1452,hold,,,0.0,,,0,0.0,96.908463,34585,0.1497,hold,,,0.0,,,0,0.0
2018-09-07,22310568,138,False,False,,255.290756,30869,0.3532,hold,,,0.0,,,0,0.0,172.308624,45640,0.3525,hold,,,0.0,,,0,0.0,113.230003,28637,0.1453,hold,,,0.0,,,0,0.0,96.085785,34585,0.1489,hold,,,0.0,,,0,0.0
2018-09-10,22360741,138,False,False,,255.734619,30869,0.353,hold,,,0.0,,,0,0.0,172.889023,45640,0.3529,hold,,,0.0,,,0,0.0,113.150002,28637,0.1449,hold,,,0.0,,,0,0.0,96.440659,34585,0.1492,hold,,,0.0,,,0,0.0
2018-09-11,22424183,138,False,False,,256.577881,30869,0.3532,hold,,,0.0,,,0,0.0,174.220978,45640,0.3546,hold,,,0.0,,,0,0.0,113.220001,28637,0.1446,hold,,,0.0,,,0,0.0,95.706696,34585,0.1476,hold,,,0.0,,,0,0.0
2018-09-12,22437671,138,False,False,,256.640045,30869,0.3531,hold,,,0.0,,,0,0.0,173.70723,45640,0.3533,hold,,,0.0,,,0,0.0,114.169998,28637,0.1457,hold,,,0.0,,,0,0.0,95.932556,34585,0.1479,hold,,,0.0,,,0,0.0
2018-09-13,22562472,138,False,False,,258.157776,30869,0.3532,hold,,,0.0,,,0,0.0,175.562454,45640,0.3551,hold,,,0.0,,,0,0.0,113.760002,28637,0.1444,hold,,,0.0,,,0,0.0,96.077682,34585,0.1473,hold,,,0.0,,,0,0.0
2018-09-14,22503307,138,False,False,,258.20224,30869,0.3542,hold,,,0.0,,,0,0.0,175.048706,45640,0.355,hold,,,0.0,,,0,0.0,113.019997,28637,0.1438,hold,,,0.0,,,0,0.0,95.617981,34585,0.147,hold,,,0.0,,,0,0.0
2018-09-17,22362937,138,False,False,,256.835297,30869,0.3545,hold,,,0.0,,,0,0.0,172.527466,45640,0.3521,hold,,,0.0,,,0,0.0,113.610001,28637,0.1455,hold,,,0.0,,,0,0.0,95.617981,34585,0.1479,hold,,,0.0,,,0,0.0
2018-09-18,22431631,138,False,False,,258.228851,30869,0.3554,hold,,,0.0,,,0,0.0,173.954605,45640,0.3539,hold,,,0.0,,,0,0.0,113.440002,28637,0.1448,hold,,,0.0,,,0,0.0,94.617828,34585,0.1459,hold,,,0.0,,,0,0.0
2018-09-19,22427121,138,False,False,,258.504028,30869,0.3558,hold,,,0.0,,,0,0.0,173.821411,45640,0.3537,hold,,,0.0,,,0,0.0,113.879997,28637,0.1454,hold,,,0.0,,,0,0.0,94.053253,34585,0.145,hold,,,0.0,,,0,0.0
2018-09-20,22605732,138,False,False,,260.598938,30869,0.3559,hold,,,0.0,,,0,0.0,175.743225,45640,0.3548,hold,,,0.0,,,0,0.0,114.269997,28637,0.1448,hold,,,0.0,,,0,0.0,94.488792,34585,0.1446,hold,,,0.0,,,0,0.0
2018-09-21,22530794,138,False,False,,260.36087,30869,0.3567,hold,,,0.0,,,0,0.0,174.782303,45640,0.3541,hold,,,0.0,,,0,0.0,113.489998,28637,0.1442,hold,,,0.0,,,0,0.0,94.448433,34585,0.145,hold,,,0.0,,,0,0.0
2018-09-24,22517336,138,False,False,,259.49585,30869,0.3557,hold,,,0.0,,,0,0.0,175.268387,45640,0.3552,hold,,,0.0,,,0,0.0,113.470001,28637,0.1443,hold,,,0.0,,,0,0.0,94.206482,34585,0.1447,hold,,,0.0,,,0,0.0
2018-09-25,22522587,138,False,False,,259.255127,30869,0.3553,hold,,,0.0,,,0,0.0,175.506668,45640,0.3556,hold,,,0.0,,,0,0.0,113.650002,28637,0.1445,hold,,,0.0,,,0,0.0,94.109688,34585,0.1445,hold,,,0.0,,,0,0.0
2018-09-26,22509989,138,False,False,,258.479431,30869,0.3545,hold,,,0.0,,,0,0.0,175.630554,45640,0.3561,hold,,,0.0,,,0,0.0,113.050003,28637,0.1438,hold,,,0.0,,,0,0.0,94.771088,34585,0.1456,hold,,,0.0,,,0,0.0
2018-09-27,22573741,138,False,False,,259.201721,30869,0.3545,hold,,,0.0,,,0,0.0,177.117462,45640,0.3581,hold,,,0.0,,,0,0.0,112.050003,28637,0.1421,hold,,,0.0,,,0,0.0,94.835571,34585,0.1453,hold,,,0.0,,,0,0.0
2018-09-28,22584512,138,False,False,,259.228485,30869,0.3543,hold,,,0.0,,,0,0.0,177.07933,45640,0.3579,hold,,,0.0,,,0,0.0,112.760002,28637,0.143,hold,,,0.0,,,0,0.0,94.585571,34585,0.1448,hold,,,0.0,,,0,0.0
2018-10-01,22599382,138,True,False,,260.129028,30869,0.3553,hold,,,0.0,,,0,0.0,177.441437,45640,0.3583,hold,,,0.0,,,0,0.0,112.57,28637,0.1426,hold,,,0.0,,,0,0.0,93.89119,34585,0.1437,hold,,,0.0,,,0,0.0
2018-10-02,22633510,138,False,False,,259.977417,30869,0.3546,hold,,,0.0,,,0,0.0,177.041183,45640,0.357,hold,,,0.0,,,0,0.0,113.870003,28637,0.1441,hold,,,0.0,,,0,0.0,94.465088,34585,0.1443,hold,,,0.0,,,0,0.0
2018-10-03,22576977,138,False,False,,260.120117,30869,0.3557,hold,,,0.0,,,0,0.0,177.231812,45640,0.3583,hold,,,0.0,,,0,0.0,113.419998,28637,0.1439,hold,,,0.0,,,0,0.0,92.824142,34585,0.1422,hold,,,0.0,,,0,0.0
2018-10-04,22337998,138,False,False,,258.087128,30869,0.3567,hold,,,0.0,,,0,0.0,173.829208,45640,0.3552,hold,,,0.0,,,0,0.0,113.480003,28637,0.1455,hold,,,0.0,,,0,0.0,92.169357,34585,0.1427,hold,,,0.0,,,0,0.0
2018-10-05,22178167,138,False,False,,256.642639,30869,0.3572,hold,,,0.0,,,0,0.0,171.70372,45640,0.3533,hold,,,0.0,,,0,0.0,113.800003,28637,0.1469,hold,,,0.0,,,0,0.0,91.377182,34585,0.1425,hold,,,0.0,,,0,0.0
2018-10-08,22083611,138,False,False,,256.642639,30869,0.3587,hold,,,0.0,,,0,0.0,170.655319,45640,0.3527,hold,,,0.0,,,0,0.0,112.540001,28637,0.1459,hold,,,0.0,,,0,0.0,91.069969,34585,0.1426,hold,,,0.0,,,0,0.0
2018-10-09,22130869,138,False,False,,256.268036,30869,0.3575,hold,,,0.0,,,0,0.0,171.20813,45640,0.3531,hold,,,0.0,,,0,0.0,112.599998,28637,0.1457,hold,,,0.0,,,0,0.0,91.991554,34585,0.1438,hold,,,0.0,,,0,0.0
2018-10-10,21536088,138,False,False,,248.153748,30869,0.3557,hold,,,0.0,,,0,0.0,163.678513,45640,0.3469,hold,,,0.0,,,0,0.0,112.879997,28637,0.1501,hold,,,0.0,,,0,0.0,91.740944,34585,0.1473,hold,,,0.0,,,0,0.0
2018-10-11,21396335,138,False,False,,242.687927,30869,0.3501,hold,,,0.0,,,0,0.0,161.648346,45640,0.3448,hold,,,0.0,,,0,0.0,115.779999,28637,0.155,hold,,,0.0,,,0,0.0,92.856499,34585,0.1501,hold,,,0.0,,,0,0.0
2018-10-12,21678763,138,False,False,,246.058319,30869,0.3504,hold,,,0.0,,,0,0.0,166.147079,45640,0.3498,hold,,,0.0,,,0,0.0,115.230003,28637,0.1522,hold,,,0.0,,,0,0.0,92.533104,34585,0.1476,hold,,,0.0,,,0,0.0
2018-10-15,21564970,138,False,False,,244.676285,30869,0.3502,hold,,,0.0,,,0,0.0,164.136032,45640,0.3474,hold,,,0.0,,,0,0.0,116.0,28637,0.154,hold,,,0.0,,,0,0.0,92.492706,34585,0.1483,hold,,,0.0,,,0,0.0
2018-10-16,21949596,138,False,False,,250.026321,30869,0.3516,hold,,,0.0,,,0,0.0,168.911087,45640,0.3512,hold,,,0.0,,,0,0.0,115.800003,28637,0.1511,hold,,,0.0,,,0,0.0,92.702881,34585,0.1461,hold,,,0.0,,,0,0.0
2018-10-17,21934723,138,False,False,,250.070984,30869,0.3519,hold,,,0.0,,,0,0.0,168.977814,45640,0.3516,hold,,,0.0,,,0,0.0,115.790001,28637,0.1512,hold,,,0.0,,,0,0.0,92.153191,34585,0.1453,hold,,,0.0,,,0,0.0
2018-10-18,21647060,138,False,False,,246.45961,30869,0.3515,hold,,,0.0,,,0,0.0,165.060501,45640,0.348,hold,,,0.0,,,0,0.0,115.919998,28637,0.1534,hold,,,0.0,,,0,0.0,92.120827,34585,0.1472,hold,,,0.0,,,0,0.0
2018-10-19,21631562,138,False,False,,246.325882,30869,0.3515,hold,,,0.0,,,0,0.0,164.90802,45640,0.3479,hold,,,0.0,,,0,0.0,116.010002,28637,0.1536,hold,,,0.0,,,0,0.0,91.91877,34585,0.147,hold,,,0.0,,,0,0.0
2018-10-22,21623362,138,False,False,,245.220184,30869,0.3501,hold,,,0.0,,,0,0.0,165.756287,45640,0.3499,hold,,,0.0,,,0,0.0,115.709999,28637,0.1532,hold,,,0.0,,,0,0.0,91.797554,34585,0.1468,hold,,,0.0,,,0,0.0
2018-10-23,21586525,138,False,False,,243.971863,30869,0.3489,hold,,,0.0,,,0,0.0,165.146301,45640,0.3492,hold,,,0.0,,,0,0.0,116.389999,28637,0.1544,hold,,,0.0,,,0,0.0,92.088554,34585,0.1475,hold,,,0.0,,,0,0.0
2018-10-24,21045161,138,False,False,,236.579849,30869,0.347,hold,,,0.0,,,0,0.0,157.588135,45640,0.3418,hold,,,0.0,,,0,0.0,116.660004,28637,0.1587,hold,,,0.0,,,0,0.0,92.783722,34585,0.1525,hold,,,0.0,,,0,0.0
2018-10-25,21404133,138,False,False,,240.824203,30869,0.3473,hold,,,0.0,,,0,0.0,163.039902,45640,0.3476,hold,,,0.0,,,0,0.0,116.400002,28637,0.1557,hold,,,0.0,,,0,0.0,92.395691,34585,0.1493,hold,,,0.0,,,0,0.0
2018-10-26,21111874,138,False,False,,236.588791,30869,0.3459,hold,,,0.0,,,0,0.0,158.846191,45640,0.3434,hold,,,0.0,,,0,0.0,116.769997,28637,0.1584,hold,,,0.0,,,0,0.0,92.95343,34585,0.1523,hold,,,0.0,,,0,0.0
2018-10-29,20901766,138,False,False,,235.277985,30869,0.3475,hold,,,0.0,,,0,0.0,155.577026,45640,0.3397,hold,,,0.0,,,0,0.0,116.309998,28637,0.1594,hold,,,0.0,,,0,0.0,92.743301,34585,0.1535,hold,,,0.0,,,0,0.0
2018-10-30,21095864,138,False,False,,238.764374,30869,0.3494,hold,,,0.0,,,0,0.0,158.14093,45640,0.3421,hold,,,0.0,,,0,0.0,115.800003,28637,0.1572,hold,,,0.0,,,0,0.0,92.28257,34585,0.1513,hold,,,0.0,,,0,0.0
2018-10-31,21309409,138,False,False,,241.314636,30869,0.3496,hold,,,0.0,,,0,0.0,161.858063,45640,0.3467,hold,,,0.0,,,0,0.0,115.150002,28637,0.1547,hold,,,0.0,,,0,0.0,91.813713,34585,0.149,hold,,,0.0,,,0,0.0
2018-11-01,21531448,138,True,False,,243.882706,30869,0.3496,hold,,,0.0,,,0,0.0,163.993027,45640,0.3476,hold,,,0.0,,,0,0.0,116.629997,28637,0.1551,hold,,,0.0,,,0,0.0,91.898819,34585,0.1476,hold,,,0.0,,,0,0.0
2018-11-02,21331331,138,False,False,,242.438187,30869,0.3508,hold,,,0.0,,,0,0.0,161.438644,45640,0.3454,hold,,,0.0,,,0,0.0,116.650002,28637,0.1566,hold,,,0.0,,,0,0.0,90.75621,34585,0.1471,hold,,,0.0,,,0,0.0
2018-11-05,21358664,138,False,False,,243.775726,30869,0.3523,hold,,,0.0,,,0,0.0,161.038391,45640,0.3441,hold,,,0.0,,,0,0.0,116.370003,28637,0.156,hold,,,0.0,,,0,0.0,91.11274,34585,0.1475,hold,,,0.0,,,0,0.0
2018-11-06,21450550,138,False,False,,245.318192,30869,0.353,hold,,,0.0,,,0,0.0,162.258423,45640,0.3452,hold,,,0.0,,,0,0.0,116.040001,28637,0.1549,hold,,,0.0,,,0,0.0,91.056053,34585,0.1468,hold,,,0.0,,,0,0.0
2018-11-07,21848878,138,False,False,,250.570251,30869,0.354,hold,,,0.0,,,0,0.0,167.347961,45640,0.3496,hold,,,0.0,,,0,0.0,116.029999,28637,0.1521,hold,,,0.0,,,0,0.0,91.177551,34585,0.1443,hold,,,0.0,,,0,0.0
2018-11-08,21778682,138,False,False,,250.115433,30869,0.3545,hold,,,0.0,,,0,0.0,166.280518,45640,0.3485,hold,,,0.0,,,0,0.0,115.779999,28637,0.1522,hold,,,0.0,,,0,0.0,91.169479,34585,0.1448,hold,,,0.0,,,0,0.0
2018-11-09,21561684,138,False,False,,247.672241,30869,0.3546,hold,,,0.0,,,0,0.0,163.478363,45640,0.346,hold,,,0.0,,,0,0.0,114.480003,28637,0.152,hold,,,0.0,,,0,0.0,91.850105,34585,0.1473,hold,,,0.0,,,0,0.0
2018-11-12,21190321,138,False,False,,243.044495,30869,0.3541,hold,,,0.0,,,0,0.0,158.531677,45640,0.3414,hold,,,0.0,,,0,0.0,113.660004,28637,0.1536,hold,,,0.0,,,0,0.0,92.449768,34585,0.1509,hold,,,0.0,,,0,0.0
2018-11-13,21181556,138,False,False,,242.589722,30869,0.3535,hold,,,0.0,,,0,0.0,158.665115,45640,0.3419,hold,,,0.0,,,0,0.0,113.699997,28637,0.1537,hold,,,0.0,,,0,0.0,92.393051,34585,0.1509,hold,,,0.0,,,0,0.0
2018-11-14,21103992,138,False,False,,240.931152,30869,0.3524,hold,,,0.0,,,0,0.0,157.454651,45640,0.3405,hold,,,0.0,,,0,0.0,114.639999,28637,0.1556,hold,,,0.0,,,0,0.0,92.449768,34585,0.1515,hold,,,0.0,,,0,0.0
2018-11-15,21309654,138,False,False,,243.44577,30869,0.3527,hold,,,0.0,,,0,0.0,160.209137,45640,0.3431,hold,,,0.0,,,0,0.0,114.769997,28637,0.1542,hold,,,0.0,,,0,0.0,92.409302,34585,0.15,hold,,,0.0,,,0,0.0
2018-11-16,21346371,138,False,False,,244.078857,30869,0.353,hold,,,0.0,,,0,0.0,159.64682,45640,0.3413,hold,,,0.0,,,0,0.0,115.620003,28637,0.1551,hold,,,0.0,,,0,0.0,92.944107,34585,0.1506,hold,,,0.0,,,0,0.0
2018-11-19,20992686,138,False,False,,239.950348,30869,0.3528,hold,,,0.0,,,0,0.0,154.461868,45640,0.3358,hold,,,0.0,,,0,0.0,115.669998,28637,0.1578,hold,,,0.0,,,0,0.0,93.2034,34585,0.1536,hold,,,0.0,,,0,0.0
2018-11-20,20730580,138,False,False,,235.509796,30869,0.3507,hold,,,0.0,,,0,0.0,151.697815,45640,0.334,sell,EXIT_ALL,signal sell,-6923488.0,,,0,0.0,115.669998,28637,0.1598,hold,,,0.0,,,0,0.0,93.235802,34585,0.1555,hold,,,0.0,,,0,0.0
2018-11-21,20833881,6997835,False,False,,236.312286,30869,0.3501,hold,,,0.0,,,0,0.0,152.851074,0,0.0,hold,,,0.0,EXIT_ALL,sell,45640,153.323783,115.860001,28637,0.1593,hold,,,0.0,,,0,0.0,93.2034,34585,0.1547,hold,,,0.0,,,0,0.0
2018-11-23,20785950,6997835,False,False,,234.734085,30869,0.3486,hold,,,0.0,,,0,0.0,151.745483,0,0.0,hold,,,0.0,,,0,0.0,115.769997,28637,0.1595,hold,,,0.0,,,0,0.0,93.300644,34585,0.1552,hold,,,0.0,,,0,0.0
2018-11-26,20891920,6997835,False,False,,238.523682,30869,0.3524,hold,,,0.0,,,0,0.0,155.252945,0,0.0,hold,,,0.0,,,0,0.0,115.639999,28637,0.1585,hold,,,0.0,,,0,0.0,93.089928,34585,0.1541,hold,,,0.0,,,0,0.0
2018-11-27,20900577,6997835,False,False,,239.326187,30869,0.3535,hold,,,0.0,,,0,0.0,155.777191,0,0.0,hold,,,0.0,,,0,0.0,114.949997,28637,0.1575,hold,,,0.0,,,0,0.0,93.195282,34585,0.1542,hold,,,0.0,,,0,0.0
2018-11-28,21067304,6997835,False,False,,244.836746,30869,0.3587,hold,,,0.0,,,0,0.0,160.790527,0,0.0,hold,,,0.0,,,0,0.0,115.379997,28637,0.1568,hold,,,0.0,,,0,0.0,92.741539,34585,0.1522,hold,,,0.0,,,0,0.0
2018-11-29,21073707,6997835,False,False,,244.301712,30869,0.3579,hold,,,0.0,,,0,0.0,160.266357,0,0.0,hold,,,0.0,,,0,0.0,115.739998,28637,0.1573,hold,,,0.0,,,0,0.0,93.106148,34585,0.1528,hold,,,0.0,,,0,0.0
2018-11-30,21126001,6997835,False,False,,245.790894,30869,0.3591,hold,,,0.0,,,0,0.0,161.429138,0,0.0,hold,,,0.0,,,0,0.0,115.540001,28637,0.1566,hold,,,0.0,,,0,0.0,93.454605,34585,0.153,hold,,,0.0,,,0,0.0
2018-12-03,21274333,6997835,True,False,,249.045547,30869,0.3614,hold,,,0.0,,,0,0.0,164.250412,0,0.0,hold,,,0.0,,,0,0.0,116.410004,28637,0.1567,hold,,,0.0,,,0,0.0,94.118195,34585,0.153,hold,,,0.0,,,0,0.0
2018-12-04,21100052,6997835,False,False,,240.975769,30869,0.3525,hold,,,0.0,,,0,0.0,157.950287,0,0.0,hold,,,0.0,,,0,0.0,117.120003,28637,0.159,hold,,,0.0,,,0,0.0,95.69381,34585,0.1569,hold,,,0.0,,,0,0.0
2018-12-06,21099735,6997835,False,False,,240.610229,30869,0.352,hold,,,0.0,,,0,0.0,159.065399,0,0.0,hold,,,0.0,,,0,0.0,117.139999,28637,0.159,hold,,,0.0,,,0,0.0,95.994354,34585,0.1573,hold,,,0.0,,,0,0.0
2018-12-07,20960540,6997835,False,False,,235.019455,30869,0.3461,hold,,,0.0,,,0,0.0,153.813766,0,0.0,hold,,,0.0,,,0,0.0,118.089996,28637,0.1613,hold,,,0.0,,,0,0.0,96.17308,34585,0.1587,hold,,,0.0,,,0,0.0
2018-12-10,20976322,6997835,False,False,,235.465225,30869,0.3465,hold,,,0.0,,,0,0.0,155.424545,0,0.0,hold,,,0.0,,,0,0.0,117.68,28637,0.1607,hold,,,0.0,,,0,0.0,96.571037,34585,0.1592,hold,,,0.0,,,0,0.0
2018-12-11,20973400,6997835,False,False,,235.518677,30869,0.3466,hold,,,0.0,,,0,0.0,155.939194,0,0.0,hold,,,0.0,,,0,0.0,117.540001,28637,0.1605,hold,,,0.0,,,0,0.0,96.554741,34585,0.1592,hold,,,0.0,,,0,0.0
2018-12-12,21002283,6997835,False,False,,236.704666,30869,0.3479,hold,,,0.0,,,0,0.0,157.311707,0,0.0,hold,,,0.0,,,0,0.0,117.790001,28637,0.1606,hold,,,0.0,,,0,0.0,96.124306,34585,0.1583,hold,,,0.0,,,0,0.0
2018-12-13,20984496,6997835,False,False,,236.62442,30869,0.3481,hold,,,0.0,,,0,0.0,157.35936,0,0.0,hold,,,0.0,,,0,0.0,117.529999,28637,0.1604,hold,,,0.0,,,0,0.0,95.896919,34585,0.158,hold,,,0.0,,,0,0.0
2018-12-14,20847678,6997835,False,False,,232.255188,30869,0.3439,hold,,,0.0,,,0,0.0,153.527863,0,0.0,hold,,,0.0,,,0,0.0,117.059998,28637,0.1608,hold,,,0.0,,,0,0.0,96.229889,34585,0.1596,hold,,,0.0,,,0,0.0
2018-12-17,20749603,6997835,False,False,,227.69873,30869,0.3387,sell,EXIT_ALL,signal sell,-7028832.0,,,0,0.0,150.04895,0,0.0,hold,,,0.0,,,0,0.0,117.870003,28637,0.1627,hold,,,0.0,,,0,0.0,96.790314,34585,0.1613,hold,,,0.0,,,0,0.0
2018-12-18,20807078,14056075,False,False,,227.449051,0,0.0,hold,,,0.0,EXIT_ALL,sell,30869,228.651398,150.992538,0,0.0,hold,,,0.0,,,0,0.0,118.150002,28637,0.1626,hold,,,0.0,,,0,0.0,97.369995,34585,0.1618,hold,,,0.0,,,0,0.0
2018-12-19,20830946,14056075,False,False,,224.042862,0,0.0,hold,,,0.0,,,0,0.0,147.284958,0,0.0,hold,,,0.0,,,0,0.0,117.43,28637,0.1614,hold,,,0.0,,,0,0.0,98.656303,34585,0.1638,hold,,,0.0,,,0,0.0
2018-12-20,20870390,14056075,False,False,,220.395905,0,0.0,hold,,,0.0,,,0,0.0,145.149963,0,0.0,hold,,,0.0,,,0,0.0,119.239998,28637,0.1636,hold,,,0.0,,,0,0.0,98.298073,34585,0.1629,hold,,,0.0,,,0,0.0
2018-12-21,20854936,14056075,False,False,,215.880066,0,0.0,hold,,,0.0,,,0,0.0,140.65123,0,0.0,hold,,,0.0,,,0,0.0,118.720001,28637,0.163,hold,,,0.0,,,0,0.0,98.281807,34585,0.163,hold,,,0.0,,,0,0.0
2018-12-24,20909057,14056075,False,False,,210.175888,0,0.0,hold,,,0.0,,,0,0.0,137.163345,0,0.0,hold,,,0.0,,,0,0.0,120.019997,28637,0.1644,hold,,,0.0,,,0,0.0,98.770256,34585,0.1634,hold,,,0.0,,,0,0.0
2018-12-26,20862145,14056075,False,False,,220.794998,0,0.0,hold,,,0.0,,,0,0.0,145.727753,0,0.0,hold,,,0.0,,,0,0.0,119.660004,28637,0.1643,hold,,,0.0,,,0,0.0,97.711899,34585,0.162,hold,,,0.0,,,0,0.0
2018-12-27,20888768,14056075,False,False,,222.490097,0,0.0,hold,,,0.0,,,0,0.0,146.291672,0,0.0,hold,,,0.0,,,0,0.0,120.57,28637,0.1653,hold,,,0.0,,,0,0.0,97.728218,34585,0.1618,hold,,,0.0,,,0,0.0
2018-12-28,20931238,14056075,False,False,,222.20314,0,0.0,hold,,,0.0,,,0,0.0,146.215195,0,0.0,hold,,,0.0,,,0,0.0,121.059998,28637,0.1656,hold,,,0.0,,,0,0.0,98.550468,34585,0.1628,hold,,,0.0,,,0,0.0
2018-12-31,20949632,14056075,False,False,,224.149353,0,0.0,hold,,,0.0,,,0,0.0,147.448227,0,0.0,hold,,,0.0,,,0,0.0,121.25,28637,0.1657,hold,,,0.0,,,0,0.0,98.925003,34585,0.1633,hold,,,0.0,,,0,0.0
2019-01-02,20969942,14056075,True,False,,224.382538,0,0.0,hold,,,0.0,,,0,0.0,148.040909,0,0.0,hold,,,0.0,,,0,0.0,121.330002,28637,0.1657,hold,REDUCE_TO_TARGET,rebalance 2019-01-02,-329036.0,,,0,0.0,99.445992,34585,0.164,hold,REDUCE_TO_TARGET,rebalance 2019-01-02,-293848.0,,,0,0.0
2019-01-03,21033934,14678922,False,True,monthly,219.028152,0,0.0,hold,,,0.0,,,0,0.0,143.204315,0,0.0,hold,,,0.0,,,0,0.0,122.43,25927,0.1509,hold,,,0.0,REDUCE_TO_TARGET,sell,2710,121.414659,100.577682,31625,0.1512,hold,,,0.0,REDUCE_TO_TARGET,sell,2960,99.261339
2019-01-04,20971447,14678922,False,False,,226.364655,0,0.0,hold,,,0.0,,,0,0.0,149.331238,0,0.0,hold,,,0.0,,,0,0.0,121.440002,25927,0.1501,hold,,,0.0,,,0,0.0,99.413429,31625,0.1499,hold,,,0.0,,,0,0.0
2019-01-07,20973068,14678922,False,False,,228.149445,0,0.0,hold,,,0.0,,,0,0.0,151.1091,0,0.0,hold,,,0.0,,,0,0.0,121.860001,25927,0.1506,hold,,,0.0,,,0,0.0,99.120369,31625,0.1495,hold,,,0.0,,,0,0.0
2019-01-08,20956273,14678922,False,False,,230.293015,0,0.0,hold,,,0.0,,,0,0.0,152.475983,0,0.0,hold,,,0.0,,,0,0.0,121.529999,25927,0.1504,hold,,,0.0,,,0,0.0,98.859833,31625,0.1492,hold,,,0.0,,,0,0.0
2019-01-09,20971604,14678922,False,False,,231.369278,0,0.0,hold,,,0.0,,,0,0.0,153.718567,0,0.0,hold,,,0.0,,,0,0.0,122.309998,25927,0.1512,hold,,,0.0,,,0,0.0,98.705147,31625,0.1488,hold,,,0.0,,,0,0.0
2019-01-10,20932855,14678922,False,False,,232.185486,0,0.0,hold,,,0.0,,,0,0.0,154.158218,0,0.0,hold,,,0.0,,,0,0.0,121.589996,25927,0.1506,hold,,,0.0,,,0,0.0,98.07016,31625,0.1482,hold,,,0.0,,,0,0.0
2019-01-11,20950400,14678922,False,False,,232.275101,0,0.0,hold,,,0.0,,,0,0.0,153.594284,0,0.0,hold,,,0.0,,,0,0.0,121.800003,25927,0.1507,hold,,,0.0,,,0,0.0,98.452766,31625,0.1486,hold,,,0.0,,,0,0.0
2019-01-14,20946333,14678922,False,False,,230.858047,0,0.0,hold,,,0.0,,,0,0.0,152.237015,0,0.0,hold,,,0.0,,,0,0.0,122.089996,25927,0.1511,hold,,,0.0,,,0,0.0,98.086433,31625,0.1481,hold,,,0.0,,,0,0.0
2019-01-15,20929560,14678922,False,False,,233.503815,0,0.0,hold,,,0.0,,,0,0.0,155.209702,0,0.0,hold,,,0.0,,,0,0.0,121.879997,25927,0.151,hold,,,0.0,,,0,0.0,97.728218,31625,0.1477,hold,,,0.0,,,0,0.0
2019-01-16,20942760,14678922,False,False,,234.068863,0,0.0,hold,,,0.0,,,0,0.0,155.181015,0,0.0,hold,,,0.0,,,0,0.0,122.269997,25927,0.1514,hold,,,0.0,,,0,0.0,97.825874,31625,0.1477,hold,,,0.0,,,0,0.0
2019-01-17,20939385,14678922,False,False,,235.844696,0,0.0,hold,,,0.0,,,0,0.0,156.40448,0,0.0,hold,,,0.0,,,0,0.0,122.110001,25927,0.1512,hold,,,0.0,,,0,0.0,97.850319,31625,0.1478,hold,,,0.0,,,0,0.0
2019-01-18,20894903,14678922,False,False,,238.983826,0,0.0,hold,,,0.0,,,0,0.0,157.952942,0,0.0,hold,,,0.0,,,0,0.0,121.019997,25927,0.1502,hold,,,0.0,,,0,0.0,97.33741,31625,0.1473,hold,,,0.0,,,0,0.0
2019-01-22,20926907,14678922,False,False,,235.754959,0,0.0,hold,,,0.0,,,0,0.0,154.789093,0,0.0,hold,,,0.0,,,0,0.0,121.449997,25927,0.1505,hold,,,0.0,,,0,0.0,97.996864,31625,0.1481,hold,,,0.0,,,0,0.0
2019-01-23,20921212,14678922,False,False,,236.248306,0,0.0,hold,,,0.0,,,0,0.0,154.989792,0,0.0,hold,,,0.0,,,0,0.0,121.279999,25927,0.1503,hold,,,0.0,,,0,0.0,97.956154,31625,0.1481,hold,,,0.0,,,0,0.0
2019-01-24,20936627,14678922,False,False,,236.373856,0,0.0,hold,,,0.0,,,0,0.0,155.993469,0,0.0,hold,,,0.0,,,0,0.0,121.089996,25927,0.15,hold,,,0.0,,,0,0.0,98.599335,31625,0.1489,hold,,,0.0,,,0,0.0
2019-01-25,20967585,14678922,False,False,,238.373901,0,0.0,hold,,,0.0,,,0,0.0,157.85733,0,0.0,hold,,,0.0,,,0,0.0,122.860001,25927,0.1519,hold,,,0.0,,,0,0.0,98.127151,31625,0.148,hold,,,0.0,,,0,0.0
2019-01-28,20975643,14678922,False,False,,236.562164,0,0.0,hold,,,0.0,,,0,0.0,155.907425,0,0.0,hold,,,0.0,,,0,0.0,123.290001,25927,0.1524,hold,,,0.0,,,0,0.0,98.029442,31625,0.1478,hold,,,0.0,,,0,0.0
2019-01-29,21009238,14678922,False,False,,236.248306,0,0.0,hold,,,0.0,,,0,0.0,154.435425,0,0.0,hold,,,0.0,,,0,0.0,123.980003,25927,0.153,hold,,,0.0,,,0,0.0,98.526047,31625,0.1483,hold,,,0.0,,,0,0.0
2019-01-30,21025329,14678922,False,False,,239.988235,0,0.0,hold,,,0.0,,,0,0.0,158.363876,0,0.0,hold,,,0.0,,,0,0.0,124.690002,25927,0.1538,hold,,,0.0,,,0,0.0,98.452766,31625,0.1481,hold,,,0.0,,,0,0.0
2019-01-31,21053660,14678922,False,False,,242.095978,0,0.0,hold,,,0.0,,,0,0.0,160.734421,0,0.0,hold,,,0.0,,,0,0.0,124.75,25927,0.1536,hold,,,0.0,,,0,0.0,99.299446,31625,0.1492,hold,,,0.0,,,0,0.0
2019-02-01,21028213,14678922,True,False,,242.212555,0,0.0,hold,,,0.0,,,0,0.0,160.055786,0,0.0,hold,,,0.0,,,0,0.0,124.5,25927,0.1535,hold,,,0.0,,,0,0.0,98.69973,31625,0.1484,hold,,,0.0,,,0,0.0
2019-02-04,21000278,14678922,False,False,,243.916641,0,0.0,hold,,,0.0,,,0,0.0,162.043945,0,0.0,hold,,,0.0,,,0,0.0,123.959999,25927,0.153,hold,,,0.0,,,0,0.0,98.259132,31625,0.148,hold,,,0.0,,,0,0.0
2019-02-05,21022767,14678922,False,False,,244.939087,0,0.0,hold,,,0.0,,,0,0.0,163.477676,0,0.0,hold,,,0.0,,,0,0.0,124.279999,25927,0.1533,hold,,,0.0,,,0,0.0,98.707886,31625,0.1485,hold,,,0.0,,,0,0.0
2019-02-06,21002536,14678922,False,False,,244.616257,0,0.0,hold,,,0.0,,,0,0.0,162.990234,0,0.0,hold,,,0.0,,,0,0.0,123.440002,25927,0.1524,hold,,,0.0,,,0,0.0,98.756828,31625,0.1487,hold,,,0.0,,,0,0.0
2019-02-07,21030958,14678922,False,False,,242.284378,0,0.0,hold,,,0.0,,,0,0.0,160.801346,0,0.0,hold,,,0.0,,,0,0.0,123.739998,25927,0.1525,hold,,,0.0,,,0,0.0,99.409607,31625,0.1495,hold,,,0.0,,,0,0.0
2019-02-08,21056563,14678922,False,False,,242.580276,0,0.0,hold,,,0.0,,,0,0.0,161.116791,0,0.0,hold,,,0.0,,,0,0.0,124.209999,25927,0.1529,hold,,,0.0,,,0,0.0,99.833939,31625,0.1499,hold,,,0.0,,,0,0.0
2019-02-11,21028361,14678922,False,False,,242.71489,0,0.0,hold,,,0.0,,,0,0.0,160.963852,0,0.0,hold,,,0.0,,,0,0.0,123.599998,25927,0.1524,hold,,,0.0,,,0,0.0,99.442253,31625,0.1496,hold,,,0.0,,,0,0.0
2019-02-12,21027102,14678922,False,False,,245.83606,0,0.0,hold,,,0.0,,,0,0.0,163.343918,0,0.0,hold,,,0.0,,,0,0.0,123.860001,25927,0.1527,hold,,,0.0,,,0,0.0,99.189301,31625,0.1492,hold,,,0.0,,,0,0.0
2019-02-13,21002529,14678922,False,False,,246.634186,0,0.0,hold,,,0.0,,,0,0.0,163.458618,0,0.0,hold,,,0.0,,,0,0.0,123.370003,25927,0.1523,hold,,,0.0,,,0,0.0,98.813995,31625,0.1488,hold,,,0.0,,,0,0.0
2019-02-14,21038224,14678922,False,False,,246.087143,0,0.0,hold,,,0.0,,,0,0.0,163.659302,0,0.0,hold,,,0.0,,,0,0.0,124.059998,25927,0.1529,hold,,,0.0,,,0,0.0,99.377022,31625,0.1494,hold,,,0.0,,,0,0.0
2019-02-15,21062313,14678922,False,False,,248.76886,0,0.0,hold,,,0.0,,,0,0.0,164.347534,0,0.0,hold,,,0.0,,,0,0.0,124.800003,25927,0.1536,hold,,,0.0,,,0,0.0,99.532043,31625,0.1494,hold,,,0.0,,,0,0.0
2019-02-19,21119573,14678922,False,False,,249.199265,0,0.0,hold,,,0.0,,,0,0.0,164.672531,0,0.0,hold,,,0.0,,,0,0.0,126.699997,25927,0.1555,hold,,,0.0,,,0,0.0,99.784981,31625,0.1494,hold,,,0.0,,,0,0.0
2019-02-20,21104837,14678922,False,False,,249.70163,0,0.0,hold,,,0.0,,,0,0.0,164.643845,0,0.0,hold,,,0.0,,,0,0.0,126.480003,25927,0.1554,hold,,,0.0,,,0,0.0,99.49939,31625,0.1491,hold,,,0.0,,,0,0.0
2019-02-21,21039635,14678922,False,False,,248.813705,0,0.0,buy,ENTER_TO_TARGET,signal_buy+rebalance,7363872.0,,,0,0.0,164.041672,0,0.0,hold,,,0.0,,,0,0.0,125.050003,25927,0.1541,hold,REDUCE_TO_TARGET,rebalance 2019-02-21,-86226.0,,,0,0.0,98.610016,31625,0.1482,hold,INCREASE_TO_TARGET,rebalance 2019-02-21,37404.0,,,0,0.0
2019-02-22,21074728,7363825,False,True,daily,250.356384,29434,0.3497,hold,,,0.0,ENTER_TO_TARGET,buy,29434,249.432567,165.255554,0,0.0,hold,,,0.0,,,0,0.0,125.5,25239,0.1503,hold,,,0.0,REDUCE_TO_TARGET,sell,688,125.153409,99.197479,32001,0.1506,hold,,,0.0,INCREASE_TO_TARGET,buy,376,99.115883
2019-02-25,21072077,7363825,False,False,,250.697159,29434,0.3502,hold,,,0.0,,,0,0.0,165.857697,0,0.0,hold,,,0.0,,,0,0.0,125.370003,25239,0.1502,hold,,,0.0,,,0,0.0,98.903732,32001,0.1502,hold,,,0.0,,,0,0.0
2019-02-26,21087765,7363825,False,False,,250.517822,29434,0.3497,hold,,,0.0,,,0,0.0,166.0298,0,0.0,hold,,,0.0,,,0,0.0,125.580002,25239,0.1503,hold,,,0.0,,,0,0.0,99.393295,32001,0.1508,hold,,,0.0,,,0,0.0
2019-02-27,21026096,7363825,False,False,,250.410095,29434,0.3505,hold,REDUCE_TO_TARGET,rebalance 2019-02-27,-11437.0,,,0,0.0,165.924667,0,0.0,buy,ENTER_TO_TARGET,signal_buy+rebalance,7359134.0,,,0,0.0,124.690002,25239,0.1497,hold,INCREASE_TO_TARGET,rebalance 2019-02-27,6863.0,,,0,0.0,98.267235,32001,0.1496,hold,INCREASE_TO_TARGET,rebalance 2019-02-27,9265.0,,,0,0.0
2019-02-28,20967771,84,False,True,daily,249.943695,29389,0.3503,hold,,,0.0,REDUCE_TO_TARGET,sell,45,249.444238,165.542297,44357,0.3502,hold,,,0.0,ENTER_TO_TARGET,buy,44357,165.40848,123.989998,25293,0.1496,hold,,,0.0,INCREASE_TO_TARGET,buy,54,124.709999,97.932716,32094,0.1499,hold,,,0.0,INCREASE_TO_TARGET,buy,93,98.373341
2019-03-01,20982096,84,True,False,,251.504318,29389,0.3523,hold,,,0.0,,,0,0.0,166.689331,44357,0.3524,hold,,,0.0,,,0,0.0,121.879997,25293,0.1469,hold,,,0.0,,,0,0.0,97.02755,32094,0.1484,hold,,,0.0,,,0,0.0
2019-03-04,20972793,84,False,False,,250.589493,29389,0.3511,hold,,,0.0,,,0,0.0,166.717987,44357,0.3526,hold,,,0.0,,,0,0.0,121.559998,25293,0.1466,hold,,,0.0,,,0,0.0,97.787971,32094,0.1496,hold,,,0.0,,,0,0.0
2019-03-05,20978895,84,False,False,,250.248642,29389,0.3506,hold,,,0.0,,,0,0.0,166.842255,44357,0.3528,hold,,,0.0,,,0,0.0,121.720001,25293,0.1468,hold,,,0.0,,,0,0.0,97.992401,32094,0.1499,hold,,,0.0,,,0,0.0
2019-03-06,20901141,84,False,False,,248.732941,29389,0.3497,hold,,,0.0,,,0,0.0,165.895966,44357,0.3521,hold,,,0.0,,,0,0.0,121.610001,25293,0.1472,hold,,,0.0,,,0,0.0,98.352188,32094,0.151,hold,,,0.0,,,0,0.0
2019-03-07,20767623,84,False,False,,246.652206,29389,0.349,hold,,,0.0,,,0,0.0,163.860031,44357,0.35,hold,,,0.0,,,0,0.0,121.510002,25293,0.148,hold,,,0.0,,,0,0.0,98.990013,32094,0.153,hold,,,0.0,,,0,0.0
2019-03-08,20789127,84,False,False,,246.15892,29389,0.348,hold,,,0.0,,,0,0.0,163.611542,44357,0.3491,hold,,,0.0,,,0,0.0,122.839996,25293,0.1495,hold,,,0.0,,,0,0.0,99.407028,32094,0.1535,hold,,,0.0,,,0,0.0
2019-03-11,21020346,84,False,False,,249.728455,29389,0.3492,hold,,,0.0,,,0,0.0,167.014328,44357,0.3524,hold,,,0.0,,,0,0.0,122.239998,25293,0.1471,hold,,,0.0,,,0,0.0,99.112663,32094,0.1513,hold,,,0.0,,,0,0.0
2019-03-12,21129745,84,False,False,,250.670105,29389,0.3487,hold,,,0.0,,,0,0.0,167.931915,44357,0.3525,hold,,,0.0,,,0,0.0,122.980003,25293,0.1472,hold,,,0.0,,,0,0.0,99.807693,32094,0.1516,hold,,,0.0,,,0,0.0
2019-03-13,21250193,84,False,False,,252.329468,29389,0.349,hold,,,0.0,,,0,0.0,169.193619,44357,0.3532,hold,,,0.0,,,0,0.0,123.839996,25293,0.1474,hold,,,0.0,,,0,0.0,99.619606,32094,0.1505,hold,,,0.0,,,0,0.0
2019-03-14,21173468,84,False,False,,252.167984,29389,0.35,hold,,,0.0,,,0,0.0,168.906921,44357,0.3538,hold,,,0.0,,,0,0.0,122.410004,25293,0.1462,hold,,,0.0,,,0,0.0,98.900063,32094,0.1499,hold,,,0.0,,,0,0.0
2019-03-15,21314775,84,False,False,,253.41391,29389,0.3494,hold,,,0.0,,,0,0.0,170.474487,44357,0.3548,hold,,,0.0,,,0,0.0,122.970001,25293,0.1459,hold,,,0.0,,,0,0.0,99.554214,32094,0.1499,hold,,,0.0,,,0,0.0
2019-03-18,21359721,84,False,False,,254.332748,29389,0.3499,hold,,,0.0,,,0,0.0,170.880478,44357,0.3549,hold,,,0.0,,,0,0.0,123.040001,25293,0.1457,hold,,,0.0,,,0,0.0,99.496979,32094,0.1495,hold,,,0.0,,,0,0.0
2019-03-19,21388573,84,False,False,,254.395767,29389,0.3496,hold,,,0.0,,,0,0.0,171.455048,44357,0.3556,hold,,,0.0,,,0,0.0,123.379997,25293,0.1459,hold,,,0.0,,,0,0.0,99.276192,32094,0.149,hold,,,0.0,,,0,0.0
2019-03-20,21449786,84,False,False,,253.630035,29389,0.3475,hold,,,0.0,,,0,0.0,172.134857,44357,0.356,hold,,,0.0,,,0,0.0,124.18,25293,0.1464,hold,,,0.0,,,0,0.0,100.314651,32094,0.1501,hold,,,0.0,,,0,0.0
2019-03-21,21647775,84,False,False,,256.49472,29389,0.3482,hold,,,0.0,,,0,0.0,174.825729,44357,0.3582,hold,,,0.0,,,0,0.0,123.68,25293,0.1445,hold,,,0.0,,,0,0.0,100.535431,32094,0.149,hold,,,0.0,,,0,0.0
2019-03-22,21389825,84,False,False,,251.558182,29389,0.3456,hold,,,0.0,,,0,0.0,170.985779,44357,0.3546,hold,,,0.0,,,0,0.0,123.970001,25293,0.1466,hold,,,0.0,,,0,0.0,102.097221,32094,0.1532,hold,,,0.0,,,0,0.0
2019-03-25,21399100,84,False,False,,251.368927,29389,0.3452,hold,,,0.0,,,0,0.0,170.660233,44357,0.3538,hold,,,0.0,,,0,0.0,124.919998,25293,0.1477,hold,,,0.0,,,0,0.0,102.260757,32094,0.1534,hold,,,0.0,,,0,0.0
2019-03-26,21471378,84,False,False,,253.24263,29389,0.3466,hold,,,0.0,,,0,0.0,171.455048,44357,0.3542,hold,,,0.0,,,0,0.0,124.300003,25293,0.1464,hold,,,0.0,,,0,0.0,102.187149,32094,0.1527,hold,,,0.0,,,0,0.0
2019-03-27,21397353,84,False,False,,251.918457,29389,0.346,hold,,,0.0,,,0,0.0,170.353775,44357,0.3531,hold,,,0.0,,,0,0.0,123.650002,25293,0.1462,hold,,,0.0,,,0,0.0,103.127541,32094,0.1547,hold,,,0.0,,,0,0.0
2019-03-28,21410116,84,False,False,,252.873337,29389,0.3471,hold,,,0.0,,,0,0.0,170.746429,44357,0.3537,hold,,,0.0,,,0,0.0,121.900002,25293,0.144,hold,,,0.0,,,0,0.0,103.487305,32094,0.1551,hold,,,0.0,,,0,0.0
2019-03-29,21513953,84,False,False,,254.46788,29389,0.3476,hold,,,0.0,,,0,0.0,172.039154,44357,0.3547,hold,,,0.0,,,0,0.0,122.010002,25293,0.1434,hold,,,0.0,,,0,0.0,103.389191,32094,0.1542,hold,,,0.0,,,0,0.0
2019-04-01,21644460,84,True,False,,257.485596,29389,0.3496,hold,,,0.0,,,0,0.0,174.318192,44357,0.3572,hold,,,0.0,,,0,0.0,121.529999,25293,0.142,hold,,,0.0,,,0,0.0,101.920639,32094,0.1511,hold,,,0.0,,,0,0.0
2019-04-02,21694906,84,False,False,,257.611786,29389,0.349,hold,,,0.0,,,0,0.0,174.978912,44357,0.3578,hold,,,0.0,,,0,0.0,121.980003,25293,0.1422,hold,,,0.0,,,0,0.0,102.109093,32094,0.1511,hold,,,0.0,,,0,0.0
2019-04-03,21718461,84,False,False,,258.01712,29389,0.3491,hold,,,0.0,,,0,0.0,175.984344,44357,0.3594,hold,,,0.0,,,0,0.0,121.800003,25293,0.1418,hold,,,0.0,,,0,0.0,101.224113,32094,0.1496,hold,,,0.0,,,0,0.0
2019-04-04,21752653,84,False,False,,258.701721,29389,0.3495,hold,,,0.0,,,0,0.0,175.917328,44357,0.3587,hold,,,0.0,,,0,0.0,122.110001,25293,0.142,hold,,,0.0,,,0,0.0,101.510895,32094,0.1498,hold,,,0.0,,,0,0.0
2019-04-05,21830726,84,False,False,,259.953857,29389,0.35,hold,,,0.0,,,0,0.0,176.827072,44357,0.3593,hold,,,0.0,,,0,0.0,121.980003,25293,0.1413,hold,,,0.0,,,0,0.0,101.642044,32094,0.1494,hold,,,0.0,,,0,0.0
2019-04-08,21858351,84,False,False,,260.152161,29389,0.3498,hold,,,0.0,,,0,0.0,177.277145,44357,0.3597,hold,,,0.0,,,0,0.0,122.510002,25293,0.1418,hold,,,0.0,,,0,0.0,101.281456,32094,0.1487,hold,,,0.0,,,0,0.0
2019-04-09,21818002,84,False,False,,258.818848,29389,0.3486,hold,,,0.0,,,0,0.0,176.654709,44357,0.3591,hold,,,0.0,,,0,0.0,123.150002,25293,0.1428,hold,,,0.0,,,0,0.0,101.601059,32094,0.1495,hold,,,0.0,,,0,0.0
2019-04-10,21903502,84,False,False,,259.701782,29389,0.3485,hold,,,0.0,,,0,0.0,177.602692,44357,0.3597,hold,,,0.0,,,0,0.0,123.529999,25293,0.1426,hold,,,0.0,,,0,0.0,101.846931,32094,0.1492,hold,,,0.0,,,0,0.0
2019-04-11,21823529,84,False,False,,259.629639,29389,0.3496,hold,,,0.0,,,0,0.0,177.181366,44357,0.3601,hold,,,0.0,,,0,0.0,121.949997,25293,0.1413,hold,,,0.0,,,0,0.0,101.248665,32094,0.1489,hold,,,0.0,,,0,0.0
2019-04-12,21882955,84,False,False,,261.386261,29389,0.351,hold,,,0.0,,,0,0.0,177.947433,44357,0.3607,hold,,,0.0,,,0,0.0,121.830002,25293,0.1408,hold,,,0.0,,,0,0.0,100.527489,32094,0.1474,hold,,,0.0,,,0,0.0
2019-04-15,21881537,84,False,False,,261.215149,29389,0.3508,hold,,,0.0,,,0,0.0,177.976196,44357,0.3608,hold,,,0.0,,,0,0.0,121.599998,25293,0.1406,hold,,,0.0,,,0,0.0,100.781532,32094,0.1478,hold,,,0.0,,,0,0.0
2019-04-16,21865927,84,False,False,,261.386261,29389,0.3513,hold,,,0.0,,,0,0.0,178.589005,44357,0.3623,hold,,,0.0,,,0,0.0,120.510002,25293,0.1394,hold,,,0.0,,,0,0.0,100.150513,32094,0.147,hold,,,0.0,,,0,0.0
2019-04-17,21870239,84,False,False,,260.746674,29389,0.3504,hold,,,0.0,,,0,0.0,179.211456,44357,0.3635,hold,,,0.0,,,0,0.0,120.279999,25293,0.1391,hold,,,0.0,,,0,0.0,100.191498,32094,0.147,hold,,,0.0,,,0,0.0
2019-04-18,21914633,84,False,False,,261.260162,29389,0.3504,hold,,,0.0,,,0,0.0,179.441254,44357,0.3632,hold,,,0.0,,,0,0.0,120.370003,25293,0.1389,hold,,,0.0,,,0,0.0,100.716011,32094,0.1475,hold,,,0.0,,,0,0.0
2019-04-22,21928244,84,False,False,,261.485321,29389,0.3505,hold,,,0.0,,,0,0.0,179.948792,44357,0.364,hold,,,0.0,,,0,0.0,120.370003,25293,0.1388,hold,,,0.0,,,0,0.0,100.232475,32094,0.1467,hold,,,0.0,,,0,0.0
2019-04-23,22099378,84,False,False,,263.836609,29389,0.3509,hold,,,0.0,,,0,0.0,182.237396,44357,0.3658,hold,,,0.0,,,0,0.0,120.120003,25293,0.1375,hold,,,0.0,,,0,0.0,100.445572,32094,0.1459,hold,,,0.0,,,0,0.0
2019-04-24,22091837,84,False,False,,263.251007,29389,0.3502,hold,,,0.0,,,0,0.0,181.662872,44357,0.3648,hold,,,0.0,,,0,0.0,120.470001,25293,0.1379,hold,,,0.0,,,0,0.0,101.26506,32094,0.1471,hold,,,0.0,,,0,0.0
2019-04-25,22117571,84,False,False,,263.088806,29389,0.3496,hold,,,0.0,,,0,0.0,182.400208,44357,0.3658,hold,,,0.0,,,0,0.0,120.57,25293,0.1379,hold,,,0.0,,,0,0.0,101.117561,32094,0.1467,hold,,,0.0,,,0,0.0
2019-04-26,22192075,84,False,False,,264.313904,29389,0.35,hold,,,0.0,,,0,0.0,182.562973,44357,0.3649,hold,,,0.0,,,0,0.0,121.370003,25293,0.1383,hold,,,0.0,,,0,0.0,101.461723,32094,0.1467,hold,,,0.0,,,0,0.0
2019-04-29,22185539,84,False,False,,264.728394,29389,0.3507,hold,,,0.0,,,0,0.0,182.917313,44357,0.3657,hold,,,0.0,,,0,0.0,120.830002,25293,0.1378,hold,,,0.0,,,0,0.0,100.814346,32094,0.1458,hold,,,0.0,,,0,0.0
2019-04-30,22152571,84,False,False,,264.863495,29389,0.3514,hold,,,0.0,,,0,0.0,181.500046,44357,0.3634,hold,,,0.0,,,0,0.0,121.199997,25293,0.1384,hold,,,0.0,,,0,0.0,101.330597,32094,0.1468,hold,,,0.0,,,0,0.0
2019-05-01,22061334,84,True,False,,262.872681,29389,0.3502,hold,,,0.0,,,0,0.0,180.915909,44357,0.3638,hold,,,0.0,,,0,0.0,120.400002,25293,0.138,hold,,,0.0,,,0,0.0,101.748619,32094,0.148,hold,,,0.0,,,0,0.0
2019-05-02,21982635,84,False,False,,262.305115,29389,0.3507,hold,,,0.0,,,0,0.0,180.13063,44357,0.3635,hold,,,0.0,,,0,0.0,119.940002,25293,0.138,hold,,,0.0,,,0,0.0,101.264069,32094,0.1478,hold,,,0.0,,,0,0.0
2019-05-03,22212701,84,False,False,,264.872467,29389,0.3504,hold,,,0.0,,,0,0.0,183.003464,44357,0.3654,hold,,,0.0,,,0,0.0,120.650002,25293,0.1374,hold,,,0.0,,,0,0.0,101.551529,32094,0.1467,hold,,,0.0,,,0,0.0
2019-05-06,22143978,84,False,False,,263.782501,29389,0.3501,hold,,,0.0,,,0,0.0,181.883072,44357,0.3643,hold,,,0.0,,,0,0.0,120.809998,25293,0.138,hold,,,0.0,,,0,0.0,101.830719,32094,0.1476,hold,,,0.0,,,0,0.0
2019-05-07,21892513,84,False,False,,259.37738,29389,0.3482,hold,,,0.0,,,0,0.0,178.340057,44357,0.3613,hold,,,0.0,,,0,0.0,121.209999,25293,0.14,hold,,,0.0,,,0,0.0,102.610863,32094,0.1504,hold,,,0.0,,,0,0.0
2019-05-08,21840139,84,False,False,,259.017029,29389,0.3485,hold,,,0.0,,,0,0.0,177.889984,44357,0.3613,hold,,,0.0,,,0,0.0,120.910004,25293,0.14,hold,,,0.0,,,0,0.0,102.167419,32094,0.1501,hold,,,0.0,,,0,0.0
2019-05-09,21795409,84,False,False,,258.233307,29389,0.3482,hold,,,0.0,,,0,0.0,176.932404,44357,0.3601,hold,,,0.0,,,0,0.0,121.199997,25293,0.1406,hold,,,0.0,,,0,0.0,102.586266,32094,0.1511,hold,,,0.0,,,0,0.0
2019-05-10,21844639,84,False,False,,259.530548,29389,0.3492,hold,,,0.0,,,0,0.0,177.152649,44357,0.3597,hold,,,0.0,,,0,0.0,121.43,25293,0.1406,hold,,,0.0,,,0,0.0,102.446648,32094,0.1505,hold,,,0.0,,,0,0.0
2019-05-13,21437464,84,False,False,,253.008484,29389,0.3469,hold,,,0.0,,,0,0.0,171.00502,44357,0.3538,hold,,,0.0,,,0,0.0,122.669998,25293,0.1447,hold,,,0.0,,,0,0.0,103.251427,32094,0.1546,hold,,,0.0,,,0,0.0
2019-05-14,21572897,84,False,False,,255.296631,29389,0.3478,hold,,,0.0,,,0,0.0,172.881821,44357,0.3555,hold,,,0.0,,,0,0.0,122.459999,25293,0.1436,hold,,,0.0,,,0,0.0,102.947594,32094,0.1532,hold,,,0.0,,,0,0.0
2019-05-15,21743681,84,False,False,,256.791962,29389,0.3471,hold,,,0.0,,,0,0.0,175.3237,44357,0.3577,hold,,,0.0,,,0,0.0,122.389999,25293,0.1424,hold,,,0.0,,,0,0.0,103.579926,32094,0.1529,hold,,,0.0,,,0,0.0
2019-05-16,21858399,84,False,False,,259.170135,29389,0.3485,hold,,,0.0,,,0,0.0,177.085602,44357,0.3594,hold,,,0.0,,,0,0.0,121.510002,25293,0.1406,hold,,,0.0,,,0,0.0,103.235023,32094,0.1516,hold,,,0.0,,,0,0.0
2019-05-17,21714507,84,False,False,,257.494659,29389,0.3485,hold,,,0.0,,,0,0.0,175.275772,44357,0.358,hold,,,0.0,,,0,0.0,120.650002,25293,0.1405,hold,,,0.0,,,0,0.0,103.464966,32094,0.1529,hold,,,0.0,,,0,0.0
2019-05-20,21526115,84,False,False,,255.792068,29389,0.3492,hold,,,0.0,,,0,0.0,172.316864,44357,0.3551,hold,,,0.0,,,0,0.0,120.639999,25293,0.1418,hold,,,0.0,,,0,0.0,103.251427,32094,0.1539,hold,,,0.0,,,0,0.0
2019-05-21,21661394,84,False,False,,258.098236,29389,0.3502,hold,,,0.0,,,0,0.0,174.117126,44357,0.3565,hold,,,0.0,,,0,0.0,120.360001,25293,0.1405,hold,,,0.0,,,0,0.0,103.087234,32094,0.1527,hold,,,0.0,,,0,0.0
2019-05-22,21619628,84,False,False,,257.30542,29389,0.3498,hold,,,0.0,,,0,0.0,173.341461,44357,0.3556,hold,,,0.0,,,0,0.0,120.239998,25293,0.1407,hold,,,0.0,,,0,0.0,103.67849,32094,0.1539,hold,,,0.0,,,0,0.0
2019-05-23,21470524,84,False,False,,254.161545,29389,0.3479,hold,,,0.0,,,0,0.0,170.68898,44357,0.3526,hold,,,0.0,,,0,0.0,121.169998,25293,0.1427,hold,,,0.0,,,0,0.0,104.844604,32094,0.1567,hold,,,0.0,,,0,0.0
2019-05-24,21489833,84,False,False,,254.738083,29389,0.3484,hold,,,0.0,,,0,0.0,170.602798,44357,0.3521,hold,,,0.0,,,0,0.0,121.300003,25293,0.1428,hold,,,0.0,,,0,0.0,104.934937,32094,0.1567,hold,,,0.0,,,0,0.0
2019-05-28,21404105,84,False,False,,252.368912,29389,0.3465,hold,,,0.0,,,0,0.0,169.961182,44357,0.3522,hold,,,0.0,,,0,0.0,120.830002,25293,0.1428,hold,,,0.0,,,0,0.0,105.690445,32094,0.1585,hold,,,0.0,,,0,0.0
2019-05-29,21303613,84,False,False,,250.675385,29389,0.3458,hold,,,0.0,,,0,0.0,168.563171,44357,0.351,hold,,,0.0,,,0,0.0,120.870003,25293,0.1435,hold,,,0.0,,,0,0.0,106.010727,32094,0.1597,hold,,,0.0,,,0,0.0
2019-05-30,21405160,84,False,False,,251.359909,29389,0.3451,hold,,,0.0,,,0,0.0,169.27179,44357,0.3508,hold,,,0.0,,,0,0.0,121.690002,25293,0.1438,hold,,,0.0,,,0,0.0,106.922325,32094,0.1603,hold,,,0.0,,,0,0.0
2019-05-31,21270273,84,False,False,,247.972794,29389,0.3426,hold,,,0.0,,,0,0.0,166.571381,44357,0.3474,hold,,,0.0,,,0,0.0,123.330002,25293,0.1467,hold,,,0.0,,,0,0.0,108.260872,32094,0.1634,hold,,,0.0,,,0,0.0
2019-06-03,21157323,84,True,False,,247.342239,29389,0.3436,hold,INCREASE_TO_TARGET,rebalance 2019-06-03,135922.0,,,0,0.0,162.903839,44357,0.3415,hold,INCREASE_TO_TARGET,rebalance 2019-06-03,179138.0,,,0,0.0,125.110001,25293,0.1496,hold,INCREASE_TO_TARGET,rebalance 2019-06-03,9191.0,,,0,0.0,108.985023,32094,0.1653,hold,REDUCE_TO_TARGET,rebalance 2019-06-03,-324167.0,,,0,0.0
2019-06-04,21483568,268,False,True,monthly,252.711182,29931,0.3521,hold,,,0.0,INCREASE_TO_TARGET,buy,542,249.639332,167.490646,45441,0.3543,hold,,,0.0,INCREASE_TO_TARGET,buy,1084,164.732806,125.150002,25366,0.1478,hold,,,0.0,INCREASE_TO_TARGET,buy,73,124.879997,107.742416,29087,0.1459,hold,,,0.0,REDUCE_TO_TARGET,sell,3007,107.796593
2019-06-05,21596059,268,False,False,,254.900192,29931,0.3533,hold,,,0.0,,,0,0.0,168.735504,45441,0.355,hold,,,0.0,,,0,0.0,125.470001,25366,0.1474,hold,,,0.0,,,0,0.0,107.133476,29087,0.1443,hold,,,0.0,,,0,0.0
2019-06-06,21727047,268,False,False,,256.557831,29931,0.3534,hold,,,0.0,,,0,0.0,170.076126,45441,0.3557,hold,,,0.0,,,0,0.0,125.879997,25366,0.147,hold,,,0.0,,,0,0.0,107.479118,29087,0.1439,hold,,,0.0,,,0,0.0
2019-06-07,21998198,268,False,False,,259.125214,29931,0.3526,hold,,,0.0,,,0,0.0,173.360626,45441,0.3581,hold,,,0.0,,,0,0.0,126.589996,25366,0.146,hold,,,0.0,,,0,0.0,108.408936,29087,0.1433,hold,,,0.0,,,0,0.0
2019-06-10,22063963,268,False,False,,260.314331,29931,0.3531,hold,,,0.0,,,0,0.0,175.381119,45441,0.3612,hold,,,0.0,,,0,0.0,125.330002,25366,0.1441,hold,,,0.0,,,0,0.0,107.388588,29087,0.1416,hold,,,0.0,,,0,0.0
2019-06-11,22071060,268,False,False,,260.25116,29931,0.3529,hold,,,0.0,,,0,0.0,175.620499,45441,0.3616,hold,,,0.0,,,0,0.0,125.18,25366,0.1439,hold,,,0.0,,,0,0.0,107.454422,29087,0.1416,hold,,,0.0,,,0,0.0
2019-06-12,22030069,268,False,False,,259.79184,29931,0.353,hold,,,0.0,,,0,0.0,174.605484,45441,0.3602,hold,,,0.0,,,0,0.0,125.830002,25366,0.1449,hold,,,0.0,,,0,0.0,107.536682,29087,0.142,hold,,,0.0,,,0,0.0
2019-06-13,22139449,268,False,False,,260.863739,29931,0.3527,hold,,,0.0,,,0,0.0,175.639648,45441,0.3605,hold,,,0.0,,,0,0.0,126.599998,25366,0.1451,hold,,,0.0,,,0,0.0,107.907028,29087,0.1418,hold,,,0.0,,,0,0.0
2019-06-14,22103766,268,False,False,,260.5755,29931,0.3528,hold,,,0.0,,,0,0.0,174.892761,45441,0.3595,hold,,,0.0,,,0,0.0,126.559998,25366,0.1452,hold,,,0.0,,,0,0.0,108.178566,29087,0.1424,hold,,,0.0,,,0,0.0
2019-06-17,22158072,268,False,False,,260.674591,29931,0.3521,hold,,,0.0,,,0,0.0,175.946075,45441,0.3608,hold,,,0.0,,,0,0.0,126.480003,25366,0.1448,hold,,,0.0,,,0,0.0,108.367821,29087,0.1423,hold,,,0.0,,,0,0.0
2019-06-18,22387982,268,False,False,,263.404083,29931,0.3522,hold,,,0.0,,,0,0.0,178.502838,45441,0.3623,hold,,,0.0,,,0,0.0,127.120003,25366,0.144,hold,,,0.0,,,0,0.0,108.910942,29087,0.1415,hold,,,0.0,,,0,0.0
2019-06-19,22460319,268,False,False,,263.998718,29931,0.3518,hold,,,0.0,,,0,0.0,179.173157,45441,0.3625,hold,,,0.0,,,0,0.0,127.889999,25366,0.1444,hold,,,0.0,,,0,0.0,109.067276,29087,0.1412,hold,,,0.0,,,0,0.0
2019-06-20,22701584,268,False,False,,266.521057,29931,0.3514,hold,,,0.0,,,0,0.0,180.839325,45441,0.362,hold,,,0.0,,,0,0.0,131.110001,25366,0.1465,hold,,,0.0,,,0,0.0,109.355309,29087,0.1401,hold,,,0.0,,,0,0.0
2019-06-21,22664926,268,False,False,,266.133636,29931,0.3515,hold,,,0.0,,,0,0.0,180.571198,45441,0.362,hold,,,0.0,,,0,0.0,131.979996,25366,0.1477,hold,,,0.0,,,0,0.0,108.153862,29087,0.1388,hold,,,0.0,,,0,0.0
2019-06-24,22728607,268,False,False,,265.807709,29931,0.35,hold,,,0.0,,,0,0.0,180.576965,45441,0.361,hold,,,0.0,,,0,0.0,133.940002,25366,0.1495,hold,,,0.0,,,0,0.0,108.960289,29087,0.1394,hold,,,0.0,,,0,0.0
2019-06-25,22526128,268,False,False,,263.200775,29931,0.3497,hold,,,0.0,,,0,0.0,177.477127,45441,0.358,hold,,,0.0,,,0,0.0,134.199997,25366,0.1511,hold,,,0.0,,,0,0.0,109.297707,29087,0.1411,hold,,,0.0,,,0,0.0
2019-06-26,22504228,268,False,False,,262.938171,29931,0.3497,hold,,,0.0,,,0,0.0,178.302475,45441,0.36,hold,,,0.0,,,0,0.0,132.970001,25366,0.1499,hold,,,0.0,,,0,0.0,108.598251,29087,0.1404,hold,,,0.0,,,0,0.0
2019-06-27,22582056,268,False,False,,263.870483,29931,0.3497,hold,,,0.0,,,0,0.0,178.983841,45441,0.3602,hold,,,0.0,,,0,0.0,132.839996,25366,0.1492,hold,,,0.0,,,0,0.0,109.36351,29087,0.1409,hold,,,0.0,,,0,0.0
2019-06-28,22640146,268,False,False,,265.228394,29931,0.3506,hold,,,0.0,,,0,0.0,179.214203,45441,0.3597,hold,,,0.0,,,0,0.0,133.199997,25366,0.1492,hold,,,0.0,,,0,0.0,109.289474,29087,0.1404,hold,,,0.0,,,0,0.0
2019-07-01,22749234,268,True,False,,267.636292,29931,0.3521,hold,,,0.0,,,0,0.0,181.632614,45441,0.3628,hold,,,0.0,,,0,0.0,130.619995,25366,0.1456,hold,,,0.0,,,0,0.0,109.03392,29087,0.1394,hold,,,0.0,,,0,0.0
2019-07-02,22898033,268,False,False,,268.333191,29931,0.3507,hold,,,0.0,,,0,0.0,182.352417,45441,0.3619,hold,,,0.0,,,0,0.0,133.410004,25366,0.1478,hold,,,0.0,,,0,0.0,109.874847,29087,0.1396,hold,,,0.0,,,0,0.0
2019-07-03,23052977,268,False,False,,270.478668,29931,0.3512,hold,,,0.0,,,0,0.0,183.724808,45441,0.3622,hold,,,0.0,,,0,0.0,133.630005,25366,0.147,hold,,,0.0,,,0,0.0,110.658173,29087,0.1396,hold,,,0.0,,,0,0.0
2019-07-05,22946269,268,False,False,,270.170868,29931,0.3524,hold,,,0.0,,,0,0.0,183.350464,45441,0.3631,hold,,,0.0,,,0,0.0,132.139999,25366,0.1461,hold,,,0.0,,,0,0.0,109.190529,29087,0.1384,hold,,,0.0,,,0,0.0
2019-07-08,22826156,268,False,False,,268.68631,29931,0.3523,hold,,,0.0,,,0,0.0,182.064514,45441,0.3624,hold,,,0.0,,,0,0.0,131.289993,25366,0.1459,hold,,,0.0,,,0,0.0,109.338943,29087,0.1393,hold,,,0.0,,,0,0.0
2019-07-09,22888078,268,False,False,,269.02124,29931,0.3518,hold,,,0.0,,,0,0.0,182.976227,45441,0.3633,hold,,,0.0,,,0,0.0,131.75,25366,0.146,hold,,,0.0,,,0,0.0,109.297691,29087,0.1389,hold,,,0.0,,,0,0.0
2019-07-10,23044662,268,False,False,,270.30658,29931,0.3511,hold,,,0.0,,,0,0.0,184.799652,45441,0.3644,hold,,,0.0,,,0,0.0,133.830002,25366,0.1473,hold,,,0.0,,,0,0.0,108.695793,29087,0.1372,hold,,,0.0,,,0,0.0
2019-07-11,22986653,268,False,False,,270.940369,29931,0.3528,hold,,,0.0,,,0,0.0,184.665268,45441,0.3651,hold,,,0.0,,,0,0.0,132.699997,25366,0.1464,hold,,,0.0,,,0,0.0,107.24469,29087,0.1357,hold,,,0.0,,,0,0.0
2019-07-12,23096015,268,False,False,,272.15329,29931,0.3527,hold,,,0.0,,,0,0.0,185.730545,45441,0.3654,hold,,,0.0,,,0,0.0,133.529999,25366,0.1467,hold,,,0.0,,,0,0.0,107.368355,29087,0.1352,hold,,,0.0,,,0,0.0
2019-07-15,23143747,268,False,False,,272.243774,29931,0.3521,hold,,,0.0,,,0,0.0,186.325516,45441,0.3658,hold,,,0.0,,,0,0.0,133.529999,25366,0.1464,hold,,,0.0,,,0,0.0,107.986763,29087,0.1357,hold,,,0.0,,,0,0.0
2019-07-16,23035840,268,False,False,,271.365692,29931,0.3526,hold,,,0.0,,,0,0.0,185.365845,45441,0.3657,hold,,,0.0,,,0,0.0,132.399994,25366,0.1458,hold,,,0.0,,,0,0.0,107.665192,29087,0.1359,hold,,,0.0,,,0,0.0
2019-07-17,23028252,268,False,False,,269.519043,29931,0.3503,hold,,,0.0,,,0,0.0,184.454147,45441,0.364,hold,,,0.0,,,0,0.0,134.580002,25366,0.1482,hold,,,0.0,,,0,0.0,108.827728,29087,0.1375,hold,,,0.0,,,0,0.0
2019-07-18,23115818,268,False,False,,270.505859,29931,0.3503,hold,,,0.0,,,0,0.0,184.665268,45441,0.363,hold,,,0.0,,,0,0.0,136.479996,25366,0.1498,hold,,,0.0,,,0,0.0,108.835999,29087,0.137,hold,,,0.0,,,0,0.0
2019-07-19,22950930,268,False,False,,269.003143,29931,0.3508,hold,,,0.0,,,0,0.0,183.312088,45441,0.3629,hold,,,0.0,,,0,0.0,134.470001,25366,0.1486,hold,,,0.0,,,0,0.0,108.580391,29087,0.1376,hold,,,0.0,,,0,0.0
2019-07-22,23042485,268,False,False,,269.66391,29931,0.3503,hold,,,0.0,,,0,0.0,184.770874,45441,0.3644,hold,,,0.0,,,0,0.0,134.449997,25366,0.148,hold,,,0.0,,,0,0.0,108.786545,29087,0.1373,hold,,,0.0,,,0,0.0
2019-07-23,23118598,268,False,False,,271.592041,29931,0.3516,hold,,,0.0,,,0,0.0,185.980072,45441,0.3656,hold,,,0.0,,,0,0.0,133.690002,25366,0.1467,hold,,,0.0,,,0,0.0,108.192902,29087,0.1361,hold,,,0.0,,,0,0.0
2019-07-24,23247025,268,False,False,,272.868378,29931,0.3513,hold,,,0.0,,,0,0.0,187.285248,45441,0.3661,hold,,,0.0,,,0,0.0,134.369995,25366,0.1466,hold,,,0.0,,,0,0.0,108.662804,29087,0.136,hold,,,0.0,,,0,0.0
2019-07-25,23088128,268,False,False,,271.56485,29931,0.3521,hold,,,0.0,,,0,0.0,185.509872,45441,0.3651,hold,,,0.0,,,0,0.0,133.419998,25366,0.1466,hold,,,0.0,,,0,0.0,108.143379,29087,0.1362,hold,,,0.0,,,0,0.0
2019-07-26,23242384,268,False,False,,273.384399,29931,0.3521,hold,,,0.0,,,0,0.0,187.419586,45441,0.3664,hold,,,0.0,,,0,0.0,133.639999,25366,0.1459,hold,,,0.0,,,0,0.0,108.39901,29087,0.1357,hold,,,0.0,,,0,0.0
2019-07-29,23221802,268,False,False,,272.886566,29931,0.3517,hold,,,0.0,,,0,0.0,186.776627,45441,0.3655,hold,,,0.0,,,0,0.0,134.529999,25366,0.147,hold,,,0.0,,,0,0.0,108.431976,29087,0.1358,hold,,,0.0,,,0,0.0
2019-07-30,23184206,268,False,False,,272.216644,29931,0.3514,hold,,,0.0,,,0,0.0,185.970474,45441,0.3645,hold,,,0.0,,,0,0.0,134.979996,25366,0.1477,hold,,,0.0,,,0,0.0,108.695793,29087,0.1364,hold,,,0.0,,,0,0.0
2019-07-31,22958716,268,False,False,,269.238434,29931,0.351,hold,,,0.0,,,0,0.0,183.398483,45441,0.363,hold,,,0.0,,,0,0.0,133.210007,25366,0.1472,hold,,,0.0,,,0,0.0,109.569801,29087,0.1388,hold,,,0.0,,,0,0.0
2019-08-01,22991583,268,True,False,,266.893951,29931,0.3474,hold,,,0.0,,,0,0.0,182.486786,45441,0.3607,hold,,,0.0,,,0,0.0,136.410004,25366,0.1505,hold,,,0.0,,,0,0.0,111.745911,29087,0.1414,hold,,,0.0,,,0,0.0
2019-08-02,22826178,268,False,False,,264.88446,29931,0.3473,hold,,,0.0,,,0,0.0,179.799606,45441,0.3579,hold,,,0.0,,,0,0.0,135.889999,25366,0.151,hold,,,0.0,,,0,0.0,112.778656,29087,0.1437,hold,,,0.0,,,0,0.0
2019-08-05,22403956,268,False,False,,256.918457,29931,0.3432,hold,,,0.0,,,0,0.0,173.446396,45441,0.3518,hold,,,0.0,,,0,0.0,137.789993,25366,0.156,hold,,,0.0,,,0,0.0,114.72831,29087,0.149,hold,,,0.0,,,0,0.0
2019-08-06,22677207,268,False,False,,260.521271,29931,0.3439,hold,,,0.0,,,0,0.0,175.874435,45441,0.3524,hold,,,0.0,,,0,0.0,138.910004,25366,0.1554,hold,,,0.0,,,0,0.0,115.645302,29087,0.1483,hold,,,0.0,,,0,0.0
2019-08-07,22779713,268,False,False,,260.67514,29931,0.3425,hold,,,0.0,,,0,0.0,176.824554,45441,0.3527,hold,,,0.0,,,0,0.0,141.020004,25366,0.157,hold,,,0.0,,,0,0.0,115.686714,29087,0.1477,hold,,,0.0,,,0,0.0
2019-08-08,23132886,268,False,False,,265.789551,29931,0.3439,hold,,,0.0,,,0,0.0,180.672943,45441,0.3549,hold,,,0.0,,,0,0.0,141.729996,25366,0.1554,hold,,,0.0,,,0,0.0,115.93454,29087,0.1458,hold,,,0.0,,,0,0.0
2019-08-09,22982859,268,False,False,,263.979156,29931,0.3438,hold,,,0.0,,,0,0.0,178.974274,45441,0.3539,hold,,,0.0,,,0,0.0,141.259995,25366,0.1559,hold,,,0.0,,,0,0.0,115.703217,29087,0.1464,hold,,,0.0,,,0,0.0
2019-08-12,22898270,268,False,False,,260.765717,29931,0.3409,hold,,,0.0,,,0,0.0,176.920456,45441,0.3511,hold,,,0.0,,,0,0.0,142.630005,25366,0.158,hold,,,0.0,,,0,0.0,118.115562,29087,0.15,hold,,,0.0,,,0,0.0
2019-08-13,23162498,268,False,False,,264.821014,29931,0.3422,hold,,,0.0,,,0,0.0,180.797684,45441,0.3547,hold,,,0.0,,,0,0.0,141.779999,25366,0.1553,hold,,,0.0,,,0,0.0,117.710754,29087,0.1478,hold,,,0.0,,,0,0.0
2019-08-14,22784355,268,False,False,,256.990875,29931,0.3376,hold,,,0.0,,,0,0.0,175.394577,45441,0.3498,hold,,,0.0,,,0,0.0,142.75,25366,0.1589,hold,,,0.0,,,0,0.0,120.362755,29087,0.1537,hold,,,0.0,,,0,0.0
2019-08-15,22858545,268,False,False,,257.66983,29931,0.3374,hold,,,0.0,,,0,0.0,175.193069,45441,0.3483,hold,,,0.0,,,0,0.0,143.699997,25366,0.1595,hold,,,0.0,,,0,0.0,121.701057,29087,0.1549,hold,,,0.0,,,0,0.0
2019-08-16,23048424,268,False,False,,261.471741,29931,0.3396,hold,,,0.0,,,0,0.0,178.004959,45441,0.3509,hold,,,0.0,,,0,0.0,142.779999,25366,0.1571,hold,,,0.0,,,0,0.0,120.726227,29087,0.1524,hold,,,0.0,,,0,0.0
2019-08-19,23178775,268,False,False,,264.621948,29931,0.3417,hold,,,0.0,,,0,0.0,180.836075,45441,0.3545,hold,,,0.0,,,0,0.0,141.110001,25366,0.1544,hold,,,0.0,,,0,0.0,118.999519,29087,0.1493,hold,,,0.0,,,0,0.0
2019-08-20,23118122,268,False,False,,262.594147,29931,0.34,hold,,,0.0,,,0,0.0,179.434952,45441,0.3527,hold,,,0.0,,,0,0.0,142.210007,25366,0.156,hold,,,0.0,,,0,0.0,120.230537,29087,0.1513,hold,,,0.0,,,0,0.0
2019-08-21,23219734,268,False,False,,264.73056,29931,0.3412,hold,,,0.0,,,0,0.0,181.028046,45441,0.3543,hold,,,0.0,,,0,0.0,141.759995,25366,0.1549,hold,,,0.0,,,0,0.0,119.429153,29087,0.1496,hold,,,0.0,,,0,0.0
2019-08-22,23158491,268,False,False,,264.649017,29931,0.342,hold,,,0.0,,,0,0.0,180.442612,45441,0.3541,hold,,,0.0,,,0,0.0,141.399994,25366,0.1549,hold,,,0.0,,,0,0.0,118.636101,29087,0.149,hold,,,0.0,,,0,0.0
2019-08-23,22822513,268,False,False,,257.850861,29931,0.3382,hold,,,0.0,,,0,0.0,174.732391,45441,0.3479,hold,,,0.0,,,0,0.0,144.169998,25366,0.1602,hold,,,0.0,,,0,0.0,120.585815,29087,0.1537,hold,,,0.0,,,0,0.0
2019-08-26,23014115,268,False,False,,260.702301,29931,0.3391,hold,,,0.0,,,0,0.0,177.371567,45441,0.3502,hold,,,0.0,,,0,0.0,144.190002,25366,0.1589,hold,,,0.0,,,0,0.0,120.098373,29087,0.1518,hold,,,0.0,,,0,0.0
2019-08-27,23055322,268,False,False,,259.679321,29931,0.3371,hold,,,0.0,,,0,0.0,176.997284,45441,0.3489,hold,,,0.0,,,0,0.0,145.570007,25366,0.1602,hold,,,0.0,,,0,0.0,121.948952,29087,0.1539,hold,,,0.0,,,0,0.0
2019-08-28,23133001,268,False,False,,261.507935,29931,0.3384,hold,,,0.0,,,0,0.0,177.630661,45441,0.3489,hold,,,0.0,,,0,0.0,145.160004,25366,0.1592,hold,,,0.0,,,0,0.0,122.105911,29087,0.1535,hold,,,0.0,,,0,0.0
2019-08-29,23316558,268,False,False,,264.848206,29931,0.34,hold,,,0.0,,,0,0.0,180.346634,45441,0.3515,hold,,,0.0,,,0,0.0,144.119995,25366,0.1568,hold,,,0.0,,,0,0.0,121.643288,29087,0.1517,hold,,,0.0,,,0,0.0
2019-08-30,23284988,268,False,False,,264.73056,29931,0.3403,hold,,,0.0,,,0,0.0,179.914795,45441,0.3511,hold,,,0.0,,,0,0.0,143.75,25366,0.1566,hold,,,0.0,,,0,0.0,121.676308,29087,0.152,hold,,,0.0,,,0,0.0
2019-09-03,23214590,268,True,False,,263.182556,29931,0.3393,hold,,,0.0,,,0,0.0,178.168137,45441,0.3488,hold,,,0.0,,,0,0.0,145.75,25366,0.1593,hold,,,0.0,,,0,0.0,121.833534,29087,0.1527,hold,,,0.0,,,0,0.0
2019-09-04,23449254,268,False,False,,266.169739,29931,0.3397,hold,,,0.0,,,0,0.0,180.740128,45441,0.3502,hold,,,0.0,,,0,0.0,146.660004,25366,0.1586,hold,,,0.0,,,0,0.0,122.015656,29087,0.1514,hold,,,0.0,,,0,0.0
2019-09-05,23548564,268,False,False,,269.591583,29931,0.3427,hold,,,0.0,,,0,0.0,184.051102,45441,0.3552,hold,,,0.0,,,0,0.0,143.139999,25366,0.1542,hold,,,0.0,,,0,0.0,119.805923,29087,0.148,hold,,,0.0,,,0,0.0
2019-09-06,23540355,268,False,False,,269.799774,29931,0.343,hold,,,0.0,,,0,0.0,183.868729,45441,0.3549,hold,,,0.0,,,0,0.0,141.919998,25366,0.1529,hold,,,0.0,,,0,0.0,120.65831,29087,0.1491,hold,,,0.0,,,0,0.0
2019-09-09,23451185,268,False,False,,269.935577,29931,0.3445,hold,,,0.0,,,0,0.0,183.484863,45441,0.3555,hold,,,0.0,,,0,0.0,141.389999,25366,0.1529,hold,,,0.0,,,0,0.0,118.514809,29087,0.147,hold,,,0.0,,,0,0.0
2019-09-10,23334187,268,False,False,,269.872192,29931,0.3462,hold,,,0.0,,,0,0.0,182.957047,45441,0.3563,hold,,,0.0,,,0,0.0,140.179993,25366,0.1524,hold,,,0.0,,,0,0.0,116.437492,29087,0.1451,hold,,,0.0,,,0,0.0
2019-09-11,23485228,268,False,False,,271.791229,29931,0.3464,hold,,,0.0,,,0,0.0,184.674866,45441,0.3573,hold,,,0.0,,,0,0.0,141.029999,25366,0.1523,hold,,,0.0,,,0,0.0,116.230583,29087,0.144,hold,,,0.0,,,0,0.0
2019-09-12,23533501,268,False,False,,272.732574,29931,0.3469,hold,,,0.0,,,0,0.0,185.442627,45441,0.3581,hold,,,0.0,,,0,0.0,141.320007,25366,0.1523,hold,,,0.0,,,0,0.0,115.469185,29087,0.1427,hold,,,0.0,,,0,0.0
2019-09-13,23396577,268,False,False,,272.551575,29931,0.3487,hold,,,0.0,,,0,0.0,184.780441,45441,0.3589,hold,,,0.0,,,0,0.0,140.149994,25366,0.1519,hold,,,0.0,,,0,0.0,113.002861,29087,0.1405,hold,,,0.0,,,0,0.0
2019-09-16,23405442,268,False,False,,271.709747,29931,0.3475,hold,,,0.0,,,0,0.0,183.955093,45441,0.3571,hold,,,0.0,,,0,0.0,141.320007,25366,0.1532,hold,,,0.0,,,0,0.0,114.44297,29087,0.1422,hold,,,0.0,,,0,0.0
2019-09-17,23491309,268,False,False,,272.397675,29931,0.3471,hold,,,0.0,,,0,0.0,184.838028,45441,0.3575,hold,,,0.0,,,0,0.0,141.600006,25366,0.1529,hold,,,0.0,,,0,0.0,115.063622,29087,0.1425,hold,,,0.0,,,0,0.0
2019-09-18,23484324,268,False,False,,272.560608,29931,0.3474,hold,,,0.0,,,0,0.0,184.76123,45441,0.3575,hold,,,0.0,,,0,0.0,140.710007,25366,0.152,hold,,,0.0,,,0,0.0,115.551926,29087,0.1431,hold,,,0.0,,,0,0.0
2019-09-19,23522310,268,False,False,,272.542572,29931,0.3468,hold,,,0.0,,,0,0.0,185.068359,45441,0.3575,hold,,,0.0,,,0,0.0,141.279999,25366,0.1524,hold,,,0.0,,,0,0.0,115.899536,29087,0.1433,hold,,,0.0,,,0,0.0
2019-09-20,23481696,268,False,False,,271.254791,29931,0.3458,hold,,,0.0,,,0,0.0,183.11055,45441,0.3543,hold,,,0.0,,,0,0.0,142.949997,25366,0.1544,hold,,,0.0,,,0,0.0,117.430634,29087,0.1455,hold,,,0.0,,,0,0.0
2019-09-23,23503036,268,False,False,,271.191162,29931,0.3454,hold,,,0.0,,,0,0.0,183.191376,45441,0.3542,hold,,,0.0,,,0,0.0,143.75,25366,0.1551,hold,,,0.0,,,0,0.0,117.405823,29087,0.1453,hold,,,0.0,,,0,0.0
2019-09-24,23389226,268,False,False,,269.063171,29931,0.3443,hold,,,0.0,,,0,0.0,180.758377,45441,0.3512,hold,,,0.0,,,0,0.0,144.509995,25366,0.1567,hold,,,0.0,,,0,0.0,118.820999,29087,0.1478,hold,,,0.0,,,0,0.0
2019-09-25,23410529,268,False,False,,270.654572,29931,0.346,hold,,,0.0,,,0,0.0,182.78746,45441,0.3548,hold,,,0.0,,,0,0.0,141.830002,25366,0.1537,hold,,,0.0,,,0,0.0,117.083038,29087,0.1455,hold,,,0.0,,,0,0.0
2019-09-26,23383959,268,False,False,,270.09082,29931,0.3457,hold,,,0.0,,,0,0.0,182.114319,45441,0.3539,hold,,,0.0,,,0,0.0,141.789993,25366,0.1538,hold,,,0.0,,,0,0.0,117.836151,29087,0.1466,hold,,,0.0,,,0,0.0
2019-09-27,23227625,268,False,False,,268.635712,29931,0.3462,hold,,,0.0,,,0,0.0,179.854462,45441,0.3519,hold,,,0.0,,,0,0.0,141.059998,25366,0.154,hold,,,0.0,,,0,0.0,118.125847,29087,0.1479,hold,,,0.0,,,0,0.0
2019-09-30,23295570,268,False,False,,269.881622,29931,0.3468,hold,,,0.0,,,0,0.0,181.566162,45441,0.3542,hold,,,0.0,,,0,0.0,138.869995,25366,0.1512,hold,,,0.0,,,0,0.0,118.415459,29087,0.1479,hold,,,0.0,,,0,0.0
2019-10-01,23161842,268,True,False,,266.671448,29931,0.3446,hold,,,0.0,,,0,0.0,180.085266,45441,0.3533,hold,,,0.0,,,0,0.0,139.630005,25366,0.1529,hold,,,0.0,,,0,0.0,118.772003,29087,0.1492,hold,,,0.0,,,0,0.0
2019-10-02,22929929,268,False,False,,261.960815,29931,0.3419,hold,,,0.0,,,0,0.0,176.9888,45441,0.3507,hold,,,0.0,,,0,0.0,141.259995,25366,0.1563,hold,,,0.0,,,0,0.0,119.062195,29087,0.151,hold,,,0.0,,,0,0.0
2019-10-03,23130258,268,False,False,,264.106995,29931,0.3418,hold,,,0.0,,,0,0.0,178.931305,45441,0.3515,hold,,,0.0,,,0,0.0,141.899994,25366,0.1556,hold,,,0.0,,,0,0.0,120.148209,29087,0.1511,hold,,,0.0,,,0,0.0
2019-10-04,23382764,268,False,False,,267.680939,29931,0.3426,hold,,,0.0,,,0,0.0,181.566162,45441,0.3528,hold,,,0.0,,,0,0.0,141.899994,25366,0.1539,hold,,,0.0,,,0,0.0,121.035316,29087,0.1506,hold,,,0.0,,,0,0.0
2019-10-07,23263417,268,False,False,,266.52597,29931,0.3429,hold,,,0.0,,,0,0.0,181.018051,45441,0.3536,hold,,,0.0,,,0,0.0,140.690002,25366,0.1534,hold,,,0.0,,,0,0.0,120.032196,29087,0.1501,hold,,,0.0,,,0,0.0
2019-10-08,23056948,268,False,False,,262.388245,29931,0.3406,hold,,,0.0,,,0,0.0,178.306244,45441,0.3514,hold,,,0.0,,,0,0.0,141.919998,25366,0.1561,hold,,,0.0,,,0,0.0,120.355492,29087,0.1518,hold,,,0.0,,,0,0.0
2019-10-09,23194145,268,False,False,,264.879974,29931,0.3418,hold,,,0.0,,,0,0.0,180.046829,45441,0.3527,hold,,,0.0,,,0,0.0,142.050003,25366,0.1554,hold,,,0.0,,,0,0.0,119.675644,29087,0.1501,hold,,,0.0,,,0,0.0
2019-10-10,23227825,268,False,False,,266.671448,29931,0.3436,hold,,,0.0,,,0,0.0,181.441162,45441,0.355,hold,,,0.0,,,0,0.0,140.809998,25366,0.1538,hold,,,0.0,,,0,0.0,117.893188,29087,0.1476,hold,,,0.0,,,0,0.0
2019-10-11,23354527,268,False,False,,269.436005,29931,0.3453,hold,,,0.0,,,0,0.0,183.777924,45441,0.3576,hold,,,0.0,,,0,0.0,140.029999,25366,0.1521,hold,,,0.0,,,0,0.0,116.434021,29087,0.145,hold,,,0.0,,,0,0.0
2019-10-14,23383476,268,False,False,,269.135986,29931,0.3445,hold,,,0.0,,,0,0.0,183.758682,45441,0.3571,hold,,,0.0,,,0,0.0,140.589996,25366,0.1525,hold,,,0.0,,,0,0.0,117.279694,29087,0.1459,hold,,,0.0,,,0,0.0
2019-10-15,23503318,268,False,False,,271.800507,29931,0.3461,hold,,,0.0,,,0,0.0,186.095459,45441,0.3598,hold,,,0.0,,,0,0.0,139.610001,25366,0.1507,hold,,,0.0,,,0,0.0,115.861977,29087,0.1434,hold,,,0.0,,,0,0.0
2019-10-16,23493669,268,False,False,,271.363953,29931,0.3457,hold,,,0.0,,,0,0.0,185.633881,45441,0.359,hold,,,0.0,,,0,0.0,140.410004,25366,0.1516,hold,,,0.0,,,0,0.0,116.002907,29087,0.1436,hold,,,0.0,,,0,0.0
2019-10-17,23536782,268,False,False,,272.164185,29931,0.3461,hold,,,0.0,,,0,0.0,186.124329,45441,0.3593,hold,,,0.0,,,0,0.0,140.610001,25366,0.1515,hold,,,0.0,,,0,0.0,115.721054,29087,0.143,hold,,,0.0,,,0,0.0
2019-10-18,23416040,268,False,False,,270.972839,29931,0.3464,hold,,,0.0,,,0,0.0,184.335663,45441,0.3577,hold,,,0.0,,,0,0.0,140.460007,25366,0.1522,hold,,,0.0,,,0,0.0,115.721054,29087,0.1437,hold,,,0.0,,,0,0.0
2019-10-21,23502993,268,False,False,,272.809845,29931,0.3474,hold,,,0.0,,,0,0.0,185.970444,45441,0.3596,hold,,,0.0,,,0,0.0,139.789993,25366,0.1509,hold,,,0.0,,,0,0.0,114.850525,29087,0.1421,hold,,,0.0,,,0,0.0
2019-10-22,23438958,268,False,False,,271.91864,29931,0.3472,hold,,,0.0,,,0,0.0,184.489563,45441,0.3577,hold,,,0.0,,,0,0.0,140.199997,25366,0.1517,hold,,,0.0,,,0,0.0,115.522049,29087,0.1434,hold,,,0.0,,,0,0.0
2019-10-23,23490557,268,False,False,,272.7099,29931,0.3475,hold,,,0.0,,,0,0.0,184.845352,45441,0.3576,hold,,,0.0,,,0,0.0,140.529999,25366,0.1517,hold,,,0.0,,,0,0.0,115.638145,29087,0.1432,hold,,,0.0,,,0,0.0
2019-10-24,23604221,268,False,False,,273.155426,29931,0.3464,hold,,,0.0,,,0,0.0,186.643631,45441,0.3593,hold,,,0.0,,,0,0.0,141.529999,25366,0.1521,hold,,,0.0,,,0,0.0,115.405991,29087,0.1422,hold,,,0.0,,,0,0.0
2019-10-25,23697403,268,False,False,,274.274017,29931,0.3464,hold,,,0.0,,,0,0.0,188.134155,45441,0.3608,hold,,,0.0,,,0,0.0,141.860001,25366,0.1518,hold,,,0.0,,,0,0.0,114.842171,29087,0.141,hold,,,0.0,,,0,0.0
2019-10-28,23766681,268,False,False,,275.819946,29931,0.3474,hold,,,0.0,,,0,0.0,189.990097,45441,0.3633,hold,,,0.0,,,0,0.0,140.639999,25366,0.1501,hold,,,0.0,,,0,0.0,113.797615,29087,0.1393,hold,,,0.0,,,0,0.0
2019-10-29,23689652,268,False,False,,275.738129,29931,0.3484,hold,,,0.0,,,0,0.0,188.518799,45441,0.3616,hold,,,0.0,,,0,0.0,140.25,25366,0.1502,hold,,,0.0,,,0,0.0,113.872231,29087,0.1398,hold,,,0.0,,,0,0.0
2019-10-30,23824479,268,False,False,,276.583801,29931,0.3475,hold,,,0.0,,,0,0.0,189.432327,45441,0.3613,hold,,,0.0,,,0,0.0,141.020004,25366,0.1501,hold,,,0.0,,,0,0.0,115.538666,29087,0.1411,hold,,,0.0,,,0,0.0
2019-10-31,23887470,268,False,False,,275.847229,29931,0.3456,hold,,,0.0,,,0,0.0,189.518921,45441,0.3605,hold,,,0.0,,,0,0.0,142.429993,25366,0.1512,hold,,,0.0,,,0,0.0,117.097313,29087,0.1426,hold,,,0.0,,,0,0.0
2019-11-01,24034988,268,True,False,,278.40271,29931,0.3467,hold,,,0.0,,,0,0.0,191.240219,45441,0.3616,hold,,,0.0,,,0,0.0,142.559998,25366,0.1505,hold,,,0.0,,,0,0.0,116.736839,29087,0.1413,hold,,,0.0,,,0,0.0
2019-11-04,24067124,268,False,False,,279.52121,29931,0.3476,hold,,,0.0,,,0,0.0,192.423065,45441,0.3633,hold,,,0.0,,,0,0.0,142.149994,25366,0.1498,hold,,,0.0,,,0,0.0,115.200356,29087,0.1392,hold,,,0.0,,,0,0.0
2019-11-05,23966651,268,False,False,,279.212067,29931,0.3487,hold,,,0.0,,,0,0.0,192.528824,45441,0.365,hold,,,0.0,,,0,0.0,139.850006,25366,0.148,hold,,,0.0,,,0,0.0,113.904785,29087,0.1382,hold,,,0.0,,,0,0.0
2019-11-06,23984159,268,False,False,,279.275665,29931,0.3485,hold,,,0.0,,,0,0.0,192.096054,45441,0.364,hold,,,0.0,,,0,0.0,140.449997,25366,0.1485,hold,,,0.0,,,0,0.0,114.594124,29087,0.139,hold,,,0.0,,,0,0.0
2019-11-07,23927143,268,False,False,,280.257874,29931,0.3506,hold,,,0.0,,,0,0.0,192.740356,45441,0.366,hold,,,0.0,,,0,0.0,138.270004,25366,0.1466,hold,,,0.0,,,0,0.0,112.517776,29087,0.1368,hold,,,0.0,,,0,0.0
2019-11-08,23946697,268,False,False,,280.949005,29931,0.3512,hold,,,0.0,,,0,0.0,193.509674,45441,0.3672,hold,,,0.0,,,0,0.0,137.389999,25366,0.1455,hold,,,0.0,,,0,0.0,112.044426,29087,0.1361,hold,,,0.0,,,0,0.0
2019-11-11,23912644,268,False,False,,280.412506,29931,0.351,hold,,,0.0,,,0,0.0,193.250015,45441,0.3672,hold,,,0.0,,,0,0.0,137.059998,25366,0.1454,hold,,,0.0,,,0,0.0,112.119186,29087,0.1364,hold,,,0.0,,,0,0.0
2019-11-12,23980042,268,False,False,,281.00354,29931,0.3507,hold,,,0.0,,,0,0.0,193.80777,45441,0.3673,hold,,,0.0,,,0,0.0,137.429993,25366,0.1454,hold,,,0.0,,,0,0.0,112.634109,29087,0.1366,hold,,,0.0,,,0,0.0
2019-11-13,24020159,268,False,False,,281.094452,29931,0.3503,hold,,,0.0,,,0,0.0,193.855881,45441,0.3667,hold,,,0.0,,,0,0.0,137.979996,25366,0.1457,hold,,,0.0,,,0,0.0,113.36496,29087,0.1373,hold,,,0.0,,,0,0.0
2019-11-14,24074188,268,False,False,,281.503723,29931,0.35,hold,,,0.0,,,0,0.0,193.701965,45441,0.3656,hold,,,0.0,,,0,0.0,138.559998,25366,0.146,hold,,,0.0,,,0,0.0,114.53598,29087,0.1384,hold,,,0.0,,,0,0.0
2019-11-15,24187328,268,False,False,,283.54071,29931,0.3509,hold,,,0.0,,,0,0.0,195.125198,45441,0.3666,hold,,,0.0,,,0,0.0,138.210007,25366,0.1449,hold,,,0.0,,,0,0.0,114.411385,29087,0.1376,hold,,,0.0,,,0,0.0
2019-11-18,24217024,268,False,False,,283.749939,29931,0.3507,hold,,,0.0,,,0,0.0,195.279099,45441,0.3664,hold,,,0.0,,,0,0.0,138.619995,25366,0.1452,hold,,,0.0,,,0,0.0,114.619026,29087,0.1377,hold,,,0.0,,,0,0.0
2019-11-19,24257241,268,False,False,,283.668091,29931,0.35,hold,,,0.0,,,0,0.0,195.567612,45441,0.3664,hold,,,0.0,,,0,0.0,138.690002,25366,0.145,hold,,,0.0,,,0,0.0,115.57412,29087,0.1386,hold,,,0.0,,,0,0.0
2019-11-20,24208914,268,False,False,,282.61319,29931,0.3494,hold,,,0.0,,,0,0.0,194.394363,45441,0.3649,hold,,,0.0,,,0,0.0,138.759995,25366,0.1454,hold,,,0.0,,,0,0.0,116.770042,29087,0.1403,hold,,,0.0,,,0,0.0
2019-11-21,24135107,268,False,False,,282.158508,29931,0.3499,hold,,,0.0,,,0,0.0,193.96167,45441,0.3652,hold,,,0.0,,,0,0.0,138.0,25366,0.145,hold,,,0.0,,,0,0.0,116.039192,29087,0.1398,hold,,,0.0,,,0,0.0
2019-11-22,24157320,268,False,False,,282.78595,29931,0.3504,hold,,,0.0,,,0,0.0,194.086655,45441,0.3651,hold,,,0.0,,,0,0.0,137.740005,25366,0.1446,hold,,,0.0,,,0,0.0,116.188698,29087,0.1399,hold,,,0.0,,,0,0.0
2019-11-25,24320518,268,False,False,,284.9776,29931,0.3507,hold,,,0.0,,,0,0.0,196.384933,45441,0.3669,hold,,,0.0,,,0,0.0,137.080002,25366,0.143,hold,,,0.0,,,0,0.0,116.529243,29087,0.1394,hold,,,0.0,,,0,0.0
2019-11-26,24393436,268,False,False,,285.62323,29931,0.3505,hold,,,0.0,,,0,0.0,196.76001,45441,0.3665,hold,,,0.0,,,0,0.0,137.740005,25366,0.1432,hold,,,0.0,,,0,0.0,117.210236,29087,0.1398,hold,,,0.0,,,0,0.0
2019-11-27,24465608,268,False,False,,286.896393,29931,0.351,hold,,,0.0,,,0,0.0,198.135147,45441,0.368,hold,,,0.0,,,0,0.0,137.009995,25366,0.1421,hold,,,0.0,,,0,0.0,116.869705,29087,0.1389,hold,,,0.0,,,0,0.0
2019-11-29,24407003,268,False,False,,285.832458,29931,0.3505,hold,,,0.0,,,0,0.0,197.231201,45441,0.3672,hold,,,0.0,,,0,0.0,137.860001,25366,0.1433,hold,,,0.0,,,0,0.0,116.620598,29087,0.139,hold,,,0.0,,,0,0.0
2019-12-02,24195558,268,True,False,,283.404358,29931,0.3506,hold,,,0.0,,,0,0.0,195.211761,45441,0.3666,hold,,,0.0,,,0,0.0,137.789993,25366,0.1445,hold,,,0.0,,,0,0.0,115.065681,29087,0.1383,hold,,,0.0,,,0,0.0
2019-12-03,24172852,268,False,False,,281.503723,29931,0.3486,hold,,,0.0,,,0,0.0,193.682816,45441,0.3641,hold,,,0.0,,,0,0.0,139.110001,25366,0.146,hold,,,0.0,,,0,0.0,117.478279,29087,0.1414,hold,,,0.0,,,0,0.0
2019-12-04,24230473,268,False,False,,283.240662,29931,0.3499,hold,,,0.0,,,0,0.0,194.663666,45441,0.3651,hold,,,0.0,,,0,0.0,138.919998,25366,0.1454,hold,,,0.0,,,0,0.0,116.305283,29087,0.1396,hold,,,0.0,,,0,0.0
2019-12-05,24248769,268,False,False,,283.749939,29931,0.3502,hold,,,0.0,,,0,0.0,195.04834,45441,0.3655,hold,,,0.0,,,0,0.0,139.0,25366,0.1454,hold,,,0.0,,,0,0.0,115.73954,29087,0.1388,hold,,,0.0,,,0,0.0
2019-12-06,24367526,268,False,False,,286.341644,29931,0.3517,hold,,,0.0,,,0,0.0,197.13504,45441,0.3676,hold,,,0.0,,,0,0.0,137.619995,25366,0.1433,hold,,,0.0,,,0,0.0,115.098976,29087,0.1374,hold,,,0.0,,,0,0.0
2019-12-09,24306189,268,False,False,,285.441406,29931,0.3515,hold,,,0.0,,,0,0.0,196.240768,45441,0.3669,hold,,,0.0,,,0,0.0,137.580002,25366,0.1436,hold,,,0.0,,,0,0.0,115.348541,29087,0.138,hold,,,0.0,,,0,0.0
2019-12-10,24299361,268,False,False,,285.123016,29931,0.3512,hold,,,0.0,,,0,0.0,196.077209,45441,0.3667,hold,,,0.0,,,0,0.0,137.970001,25366,0.144,hold,,,0.0,,,0,0.0,115.356827,29087,0.1381,hold,,,0.0,,,0,0.0
2019-12-11,24421256,268,False,False,,285.932434,29931,0.3504,hold,,,0.0,,,0,0.0,197.115799,45441,0.3668,hold,,,0.0,,,0,0.0,138.919998,25366,0.1443,hold,,,0.0,,,0,0.0,116.263641,29087,0.1385,hold,,,0.0,,,0,0.0
2019-12-12,24493792,268,False,False,,288.396973,29931,0.3524,hold,,,0.0,,,0,0.0,198.587051,45441,0.3684,hold,,,0.0,,,0,0.0,138.429993,25366,0.1434,hold,,,0.0,,,0,0.0,114.35022,29087,0.1358,hold,,,0.0,,,0,0.0
2019-12-13,24582880,268,False,False,,288.569672,29931,0.3513,hold,,,0.0,,,0,0.0,199.241028,45441,0.3683,hold,,,0.0,,,0,0.0,139.050003,25366,0.1435,hold,,,0.0,,,0,0.0,115.672958,29087,0.1369,hold,,,0.0,,,0,0.0
2019-12-16,24702607,268,False,False,,290.552185,29931,0.352,hold,,,0.0,,,0,0.0,201.241196,45441,0.3702,hold,,,0.0,,,0,0.0,139.039993,25366,0.1428,hold,,,0.0,,,0,0.0,114.633034,29087,0.135,hold,,,0.0,,,0,0.0
2019-12-17,24704401,268,False,False,,290.615845,29931,0.3521,hold,,,0.0,,,0,0.0,201.356674,45441,0.3704,hold,,,0.0,,,0,0.0,139.009995,25366,0.1427,hold,,,0.0,,,0,0.0,114.474976,29087,0.1348,hold,,,0.0,,,0,0.0
2019-12-18,24684844,268,False,False,,290.634064,29931,0.3524,hold,,,0.0,,,0,0.0,201.510452,45441,0.3709,hold,,,0.0,,,0,0.0,139.020004,25366,0.1429,hold,,,0.0,,,0,0.0,113.534897,29087,0.1338,hold,,,0.0,,,0,0.0
2019-12-19,24792164,268,False,False,,291.825409,29931,0.3523,hold,,,0.0,,,0,0.0,202.770248,45441,0.3717,hold,,,0.0,,,0,0.0,139.380005,25366,0.1426,hold,,,0.0,,,0,0.0,113.716545,29087,0.1334,hold,,,0.0,,,0,0.0
2019-12-20,24875514,268,False,False,,293.104828,29931,0.3527,hold,,,0.0,,,0,0.0,203.587631,45441,0.3719,hold,,,0.0,,,0,0.0,139.520004,25366,0.1423,hold,,,0.0,,,0,0.0,113.866501,29087,0.1331,hold,,,0.0,,,0,0.0
2019-12-23,24919411,268,False,False,,293.552582,29931,0.3526,hold,,,0.0,,,0,0.0,204.125351,45441,0.3722,hold,,,0.0,,,0,0.0,139.949997,25366,0.1425,hold,,,0.0,,,0,0.0,113.699875,29087,0.1327,hold,,,0.0,,,0,0.0
2019-12-24,24967438,268,False,False,,293.561707,29931,0.3519,hold,,,0.0,,,0,0.0,204.231354,45441,0.3717,hold,,,0.0,,,0,0.0,141.270004,25366,0.1435,hold,,,0.0,,,0,0.0,114.024902,29087,0.1328,hold,,,0.0,,,0,0.0
2019-12-26,25132257,268,False,False,,295.12442,29931,0.3515,hold,,,0.0,,,0,0.0,206.033508,45441,0.3725,hold,,,0.0,,,0,0.0,142.380005,25366,0.1437,hold,,,0.0,,,0,0.0,114.299835,29087,0.1323,hold,,,0.0,,,0,0.0
2019-12-27,25124555,268,False,False,,295.0513,29931,0.3515,hold,,,0.0,,,0,0.0,205.860062,45441,0.3723,hold,,,0.0,,,0,0.0,142.330002,25366,0.1437,hold,,,0.0,,,0,0.0,114.424881,29087,0.1325,hold,,,0.0,,,0,0.0
2019-12-30,25010047,268,False,False,,293.424622,29931,0.3512,hold,,,0.0,,,0,0.0,204.510849,45441,0.3716,hold,,,0.0,,,0,0.0,142.630005,25366,0.1447,hold,,,0.0,,,0,0.0,114.008202,29087,0.1326,hold,,,0.0,,,0,0.0
2019-12-31,25023269,268,False,False,,294.13739,29931,0.3518,hold,,,0.0,,,0,0.0,204.896347,45441,0.3721,hold,,,0.0,,,0,0.0,142.899994,25366,0.1449,hold,,,0.0,,,0,0.0,112.891617,29087,0.1312,hold,,,0.0,,,0,0.0
2020-01-02,25324782,268,True,False,,296.888123,29931,0.3509,hold,REDUCE_TO_TARGET,rebalance 2020-01-02,-22485.0,,,0,0.0,208.317566,45441,0.3738,hold,REDUCE_TO_TARGET,rebalance 2020-01-02,-602485.0,,,0,0.0,143.949997,25366,0.1442,hold,INCREASE_TO_TARGET,rebalance 2020-01-02,147282.0,,,0,0.0,114.166496,29087,0.1311,hold,INCREASE_TO_TARGET,rebalance 2020-01-02,477956.0,,,0,0.0
2020-01-03,25267085,157,False,True,monthly,294.640076,29855,0.3481,hold,,,0.0,REDUCE_TO_TARGET,sell,76,292.617248,206.409363,42502,0.3472,hold,,,0.0,REDUCE_TO_TARGET,sell,2939,204.944616,145.860001,26372,0.1522,hold,,,0.0,INCREASE_TO_TARGET,buy,1006,145.75,115.92469,33220,0.1524,hold,,,0.0,INCREASE_TO_TARGET,buy,4133,115.216417
2020-01-06,25375651,157,False,False,,295.764099,29855,0.348,hold,,,0.0,,,0,0.0,207.739304,42502,0.3479,hold,,,0.0,,,0,0.0,147.389999,26372,0.1532,hold,,,0.0,,,0,0.0,115.266449,33220,0.1509,hold,,,0.0,,,0,0.0
2020-01-07,25346066,157,False,False,,294.932434,29855,0.3474,hold,,,0.0,,,0,0.0,207.710419,42502,0.3483,hold,,,0.0,,,0,0.0,147.970001,26372,0.154,hold,,,0.0,,,0,0.0,114.699821,33220,0.1503,hold,,,0.0,,,0,0.0
2020-01-08,25404890,157,False,False,,296.504425,29855,0.3484,hold,,,0.0,,,0,0.0,209.271652,42502,0.3501,hold,,,0.0,,,0,0.0,146.860001,26372,0.1525,hold,,,0.0,,,0,0.0,113.941536,33220,0.149,hold,,,0.0,,,0,0.0
2020-01-09,25531675,157,False,False,,298.514832,29855,0.3491,hold,,,0.0,,,0,0.0,211.044891,42502,0.3513,hold,,,0.0,,,0,0.0,146.029999,26372,0.1508,hold,,,0.0,,,0,0.0,114.341507,33220,0.1488,hold,,,0.0,,,0,0.0
2020-01-10,25540069,157,False,False,,297.655792,29855,0.3479,hold,,,0.0,,,0,0.0,210.505173,42502,0.3503,hold,,,0.0,,,0,0.0,146.910004,26372,0.1517,hold,,,0.0,,,0,0.0,115.358116,33220,0.15,hold,,,0.0,,,0,0.0
2020-01-13,25664033,157,False,False,,299.702881,29855,0.3486,hold,,,0.0,,,0,0.0,212.933746,42502,0.3526,hold,,,0.0,,,0,0.0,145.820007,26372,0.1498,hold,,,0.0,,,0,0.0,115.008163,33220,0.1489,hold,,,0.0,,,0,0.0
2020-01-14,25630980,157,False,False,,299.245941,29855,0.3486,hold,,,0.0,,,0,0.0,212.095322,42502,0.3517,hold,,,0.0,,,0,0.0,145.690002,26372,0.1499,hold,,,0.0,,,0,0.0,115.599739,33220,0.1498,hold,,,0.0,,,0,0.0
2020-01-15,25702740,157,False,False,,299.922241,29855,0.3484,hold,,,0.0,,,0,0.0,212.182053,42502,0.3509,hold,,,0.0,,,0,0.0,146.539993,26372,0.1504,hold,,,0.0,,,0,0.0,116.366348,33220,0.1504,hold,,,0.0,,,0,0.0
2020-01-16,25845405,157,False,False,,302.417053,29855,0.3493,hold,,,0.0,,,0,0.0,214.215515,42502,0.3523,hold,,,0.0,,,0,0.0,146.309998,26372,0.1493,hold,,,0.0,,,0,0.0,115.999763,33220,0.1491,hold,,,0.0,,,0,0.0
2020-01-17,25892744,157,False,False,,303.358429,29855,0.3498,hold,,,0.0,,,0,0.0,215.275574,42502,0.3534,hold,,,0.0,,,0,0.0,146.580002,26372,0.1493,hold,,,0.0,,,0,0.0,115.008163,33220,0.1476,hold,,,0.0,,,0,0.0
2020-01-21,25915269,157,False,False,,302.764313,29855,0.3488,hold,,,0.0,,,0,0.0,215.17923,42502,0.3529,hold,,,0.0,,,0,0.0,146.740005,26372,0.1493,hold,,,0.0,,,0,0.0,116.21637,33220,0.149,hold,,,0.0,,,0,0.0
2020-01-22,25955411,157,False,False,,302.800873,29855,0.3483,hold,,,0.0,,,0,0.0,215.747849,42502,0.3533,hold,,,0.0,,,0,0.0,146.789993,26372,0.1491,hold,,,0.0,,,0,0.0,116.624718,33220,0.1493,hold,,,0.0,,,0,0.0
2020-01-23,26031098,157,False,False,,303.148193,29855,0.3477,hold,,,0.0,,,0,0.0,216.441696,42502,0.3534,hold,,,0.0,,,0,0.0,147.119995,26372,0.149,hold,,,0.0,,,0,0.0,117.441238,33220,0.1499,hold,,,0.0,,,0,0.0
2020-01-24,25927438,157,False,False,,300.452301,29855,0.346,hold,,,0.0,,,0,0.0,214.620285,42502,0.3518,hold,,,0.0,,,0,0.0,147.979996,26372,0.1505,hold,,,0.0,,,0,0.0,118.391258,33220,0.1517,hold,,,0.0,,,0,0.0
2020-01-27,25683049,157,False,False,,295.636292,29855,0.3437,hold,,,0.0,,,0,0.0,210.18718,42502,0.3478,hold,,,0.0,,,0,0.0,148.990005,26372,0.153,hold,,,0.0,,,0,0.0,120.232719,33220,0.1555,hold,,,0.0,,,0,0.0
2020-01-28,25846400,157,False,False,,298.734222,29855,0.3451,hold,,,0.0,,,0,0.0,213.415649,42502,0.3509,hold,,,0.0,,,0,0.0,147.660004,26372,0.1507,hold,,,0.0,,,0,0.0,119.291138,33220,0.1533,hold,,,0.0,,,0,0.0
2020-01-29,25913631,157,False,False,,298.487457,29855,0.3439,hold,,,0.0,,,0,0.0,213.762589,42502,0.3506,hold,,,0.0,,,0,0.0,148.460007,26372,0.1511,hold,,,0.0,,,0,0.0,120.457733,33220,0.1544,hold,,,0.0,,,0,0.0
2020-01-30,25975722,157,False,False,,299.456116,29855,0.3442,hold,,,0.0,,,0,0.0,214.523865,42502,0.351,hold,,,0.0,,,0,0.0,148.470001,26372,0.1507,hold,,,0.0,,,0,0.0,120.474358,33220,0.1541,hold,,,0.0,,,0,0.0
2020-01-31,25728018,157,False,False,,294.018646,29855,0.3412,hold,,,0.0,,,0,0.0,211.121964,42502,0.3488,hold,,,0.0,,,0,0.0,149.330002,26372,0.1531,hold,,,0.0,,,0,0.0,121.57428,33220,0.157,hold,,,0.0,,,0,0.0
2020-02-03,25899951,157,True,False,,296.202759,29855,0.3414,hold,,,0.0,,,0,0.0,214.31189,42502,0.3517,hold,,,0.0,,,0,0.0,148.360001,26372,0.1511,hold,,,0.0,,,0,0.0,121.475822,33220,0.1558,hold,,,0.0,,,0,0.0
2020-02-04,26137972,157,False,False,,300.717255,29855,0.3435,hold,,,0.0,,,0,0.0,219.217209,42502,0.3565,hold,,,0.0,,,0,0.0,146.429993,26372,0.1477,hold,,,0.0,,,0,0.0,119.839851,33220,0.1523,hold,,,0.0,,,0,0.0
2020-02-05,26233586,157,False,False,,304.189972,29855,0.3462,hold,,,0.0,,,0,0.0,219.939987,42502,0.3563,hold,,,0.0,,,0,0.0,146.610001,26372,0.1474,hold,,,0.0,,,0,0.0,118.529457,33220,0.1501,hold,,,0.0,,,0,0.0
2020-02-06,26383414,157,False,False,,305.213501,29855,0.3454,hold,,,0.0,,,0,0.0,221.838516,42502,0.3574,hold,,,0.0,,,0,0.0,147.399994,26372,0.1473,hold,,,0.0,,,0,0.0,119.063652,33220,0.1499,hold,,,0.0,,,0,0.0
2020-02-07,26353939,157,False,False,,303.586853,29855,0.3439,hold,,,0.0,,,0,0.0,220.88446,42502,0.3562,hold,,,0.0,,,0,0.0,147.789993,26372,0.1479,hold,,,0.0,,,0,0.0,120.549286,33220,0.152,hold,,,0.0,,,0,0.0
2020-02-10,26556175,157,False,False,,305.853241,29855,0.3438,hold,,,0.0,,,0,0.0,223.553955,42502,0.3578,hold,,,0.0,,,0,0.0,148.169998,26372,0.1471,hold,,,0.0,,,0,0.0,120.883202,33220,0.1512,hold,,,0.0,,,0,0.0
2020-02-11,26539945,157,False,False,,306.38327,29855,0.3447,hold,,,0.0,,,0,0.0,223.592484,42502,0.3581,hold,,,0.0,,,0,0.0,147.660004,26372,0.1467,hold,,,0.0,,,0,0.0,120.273872,33220,0.1505,hold,,,0.0,,,0,0.0
2020-02-12,26668047,157,False,False,,308.357269,29855,0.3452,hold,,,0.0,,,0,0.0,225.770554,42502,0.3598,hold,,,0.0,,,0,0.0,147.539993,26372,0.1459,hold,,,0.0,,,0,0.0,119.664627,33220,0.1491,hold,,,0.0,,,0,0.0
2020-02-13,26683335,157,False,False,,308.028259,29855,0.3446,hold,,,0.0,,,0,0.0,225.4814,42502,0.3592,hold,,,0.0,,,0,0.0,148.380005,26372,0.1466,hold,,,0.0,,,0,0.0,120.123619,33220,0.1496,hold,,,0.0,,,0,0.0
2020-02-14,26759330,157,False,False,,308.521667,29855,0.3442,hold,,,0.0,,,0,0.0,226.127106,42502,0.3592,hold,,,0.0,,,0,0.0,149.0,26372,0.1468,hold,,,0.0,,,0,0.0,120.649498,33220,0.1498,hold,,,0.0,,,0,0.0
2020-02-18,26817100,157,False,False,,307.726593,29855,0.3426,hold,,,0.0,,,0,0.0,226.213837,42502,0.3585,hold,,,0.0,,,0,0.0,150.910004,26372,0.1484,hold,,,0.0,,,0,0.0,121.475822,33220,0.1505,hold,,,0.0,,,0,0.0
2020-02-19,26976117,157,False,False,,309.198029,29855,0.3422,hold,,,0.0,,,0,0.0,228.382141,42502,0.3598,hold,,,0.0,,,0,0.0,151.789993,26372,0.1484,hold,,,0.0,,,0,0.0,121.467468,33220,0.1496,hold,,,0.0,,,0,0.0
2020-02-20,26896040,157,False,False,,307.927673,29855,0.3418,hold,,,0.0,,,0,0.0,226.261993,42502,0.3575,hold,,,0.0,,,0,0.0,152.410004,26372,0.1494,hold,,,0.0,,,0,0.0,122.418983,33220,0.1512,hold,,,0.0,,,0,0.0
2020-02-21,26715018,157,False,False,,304.756592,29855,0.3406,hold,,,0.0,,,0,0.0,221.915619,42502,0.3531,hold,,,0.0,,,0,0.0,154.699997,26372,0.1527,hold,,,0.0,,,0,0.0,123.562508,33220,0.1536,hold,,,0.0,,,0,0.0
2020-02-24,26147471,157,False,False,,294.6492,29855,0.3364,hold,,,0.0,,,0,0.0,213.357834,42502,0.3468,hold,,,0.0,,,0,0.0,156.089996,26372,0.1574,hold,,,0.0,,,0,0.0,125.407059,33220,0.1593,hold,,,0.0,,,0,0.0
2020-02-25,25582932,157,False,False,,285.720642,29855,0.3334,hold,,,0.0,,,0,0.0,207.556183,42502,0.3448,hold,,,0.0,,,0,0.0,153.300003,26372,0.158,hold,,,0.0,,,0,0.0,126.074791,33220,0.1637,hold,,,0.0,,,0,0.0
2020-02-26,25592513,157,False,False,,284.6698,29855,0.3321,hold,,,0.0,,,0,0.0,208.625931,42502,0.3465,hold,,,0.0,,,0,0.0,153.970001,26372,0.1587,hold,,,0.0,,,0,0.0,125.407059,33220,0.1628,hold,,,0.0,,,0,0.0
2020-02-27,24812794,157,False,False,,271.884735,29855,0.3271,hold,,,0.0,,,0,0.0,198.179214,42502,0.3395,hold,,,0.0,,,0,0.0,154.0,26372,0.1637,hold,,,0.0,,,0,0.0,126.767532,33220,0.1697,hold,,,0.0,,,0,0.0
2020-02-28,24732139,157,False,False,,270.742493,29855,0.3268,hold,,,0.0,,,0,0.0,198.333405,42502,0.3408,hold,,,0.0,,,0,0.0,148.380005,26372,0.1582,hold,,,0.0,,,0,0.0,129.630371,33220,0.1741,hold,,,0.0,,,0,0.0
2020-03-02,25507125,157,True,False,,282.467407,29855,0.3306,hold,INCREASE_TO_TARGET,rebalance 2020-03-02,494429.0,,,0,0.0,208.568115,42502,0.3475,hold,INCREASE_TO_TARGET,rebalance 2020-03-02,62932.0,,,0,0.0,149.199997,26372,0.1543,hold,REDUCE_TO_TARGET,rebalance 2020-03-02,-108634.0,,,0,0.0,128.676666,33220,0.1676,hold,REDUCE_TO_TARGET,rebalance 2020-03-02,-448570.0,,,0,0.0
2020-03-03,25141596,310,False,True,monthly,274.379578,31597,0.3448,hold,,,0.0,INCREASE_TO_TARGET,buy,1742,282.842,201.879883,42801,0.3437,hold,,,0.0,INCREASE_TO_TARGET,buy,299,209.233065,153.889999,25650,0.157,hold,,,0.0,REDUCE_TO_TARGET,sell,722,150.387476,130.674469,29721,0.1545,hold,,,0.0,REDUCE_TO_TARGET,sell,3499,128.182322
2020-03-04,25832198,310,False,False,,285.912506,31597,0.3497,hold,,,0.0,,,0,0.0,210.302826,42801,0.3484,hold,,,0.0,,,0,0.0,154.160004,25650,0.1531,hold,,,0.0,,,0,0.0,129.28688,29721,0.1487,hold,,,0.0,,,0,0.0
2020-03-05,25439481,310,False,False,,276.408447,31597,0.3433,hold,,,0.0,,,0,0.0,203.91333,42801,0.3431,hold,,,0.0,,,0,0.0,157.490005,25650,0.1588,hold,,,0.0,,,0,0.0,132.50499,29721,0.1548,hold,,,0.0,,,0,0.0
2020-03-06,25354342,310,False,False,,271.838959,31597,0.3388,hold,,,0.0,,,0,0.0,200.47287,42801,0.3384,hold,,,0.0,,,0,0.0,157.550003,25650,0.1594,hold,,,0.0,,,0,0.0,139.401093,29721,0.1634,hold,,,0.0,,,0,0.0
2020-03-09,24206498,310,False,False,,250.60997,31597,0.3271,sell,EXIT_ALL,signal sell,-7918523.0,,,0,0.0,186.54718,42801,0.3298,hold,,,0.0,,,0,0.0,157.809998,25650,0.1672,hold,,,0.0,,,0,0.0,143.179321,29721,0.1758,hold,,,0.0,,,0,0.0
2020-03-10,24613647,8194770,False,False,,263.577789,0,0.0,hold,,,0.0,EXIT_ALL,sell,31597,259.343,196.704712,42801,0.3421,hold,,,0.0,,,0,0.0,154.479996,25650,0.161,hold,,,0.0,,,0,0.0,135.84021,29721,0.164,hold,,,0.0,,,0,0.0
2020-03-11,24084280,8194770,False,False,,250.728714,0,0.0,hold,,,0.0,,,0,0.0,188.137268,42801,0.3343,hold,,,0.0,,,0,0.0,153.929993,25650,0.1639,hold,,,0.0,,,0,0.0,130.841553,29721,0.1615,hold,,,0.0,,,0,0.0
2020-03-12,23212545,8194770,False,False,,226.739731,0,0.0,hold,,,0.0,,,0,0.0,170.886703,42801,0.3151,sell,EXIT_ALL,signal sell,-7314122.0,,,0,0.0,147.789993,25650,0.1633,hold,,,0.0,,,0,0.0,131.652344,29721,0.1686,hold,,,0.0,,,0,0.0
2020-03-13,23387444,15887913,False,False,,246.122818,0,0.0,hold,,,0.0,,,0,0.0,185.361771,0,0.0,hold,,,0.0,EXIT_ALL,sell,42801,179.742131,143.279999,25650,0.1571,hold,,,0.0,,,0,0.0,128.676666,29721,0.1635,hold,,,0.0,,,0,0.0
2020-03-16,23593067,15887913,False,False,,219.191101,0,0.0,hold,,,0.0,,,0,0.0,163.157639,0,0.0,hold,,,0.0,,,0,0.0,141.639999,25650,0.154,hold,,,0.0,,,0,0.0,137.010468,29721,0.1726,hold,,,0.0,,,0,0.0
2020-03-17,23370776,15887913,False,False,,231.025772,0,0.0,hold,,,0.0,,,0,0.0,175.53183,0,0.0,hold,,,0.0,,,0,0.0,143.559998,25650,0.1576,hold,,,0.0,,,0,0.0,127.874191,29721,0.1626,hold,,,0.0,,,0,0.0
2020-03-18,23083019,15887913,False,False,,219.328232,0,0.0,hold,,,0.0,,,0,0.0,170.192825,0,0.0,hold,,,0.0,,,0,0.0,140.699997,25650,0.1563,hold,,,0.0,,,0,0.0,120.660507,29721,0.1554,hold,,,0.0,,,0,0.0
2020-03-19,23112424,15887913,False,False,,219.794281,0,0.0,hold,,,0.0,,,0,0.0,171.214401,0,0.0,hold,,,0.0,,,0,0.0,138.039993,25650,0.1532,hold,,,0.0,,,0,0.0,123.945526,29721,0.1594,hold,,,0.0,,,0,0.0
2020-03-20,23442523,15887913,False,False,,210.322433,0,0.0,hold,,,0.0,,,0,0.0,164.506882,0,0.0,hold,,,0.0,,,0,0.0,140.110001,25650,0.1533,hold,,,0.0,,,0,0.0,133.26564,29721,0.169,hold,,,0.0,,,0,0.0
2020-03-23,23764519,15887913,False,False,,204.944855,0,0.0,hold,,,0.0,,,0,0.0,164.625671,0,0.0,hold,,,0.0,,,0,0.0,146.300003,25650,0.1579,hold,,,0.0,,,0,0.0,138.757477,29721,0.1735,hold,,,0.0,,,0,0.0
2020-03-24,23869867,15887913,False,False,,223.513519,0,0.0,hold,,,0.0,,,0,0.0,177.373886,0,0.0,hold,,,0.0,,,0,0.0,153.399994,25650,0.1648,hold,,,0.0,,,0,0.0,136.174561,29721,0.1696,hold,,,0.0,,,0,0.0
2020-03-25,23806811,15887913,False,False,,226.859604,0,0.0,hold,,,0.0,,,0,0.0,176.060425,0,0.0,hold,,,0.0,,,0,0.0,151.300003,25650,0.163,hold,,,0.0,,,0,0.0,135.865295,29721,0.1696,hold,,,0.0,,,0,0.0
2020-03-26,23876444,15887913,False,False,,240.105881,0,0.0,hold,,,0.0,,,0,0.0,185.331802,0,0.0,hold,,,0.0,,,0,0.0,153.240005,25650,0.1646,hold,,,0.0,,,0,0.0,136.533936,29721,0.17,hold,,,0.0,,,0,0.0
2020-03-27,23959370,15887913,False,False,,232.954147,0,0.0,hold,,,0.0,,,0,0.0,178.957748,0,0.0,hold,,,0.0,,,0,0.0,152.25,25650,0.163,hold,,,0.0,,,0,0.0,140.178467,29721,0.1739,hold,,,0.0,,,0,0.0
2020-03-30,23942269,15887913,False,False,,240.519516,0,0.0,hold,,,0.0,,,0,0.0,185.467026,0,0.0,hold,,,0.0,,,0,0.0,152.919998,25650,0.1638,hold,,,0.0,,,0,0.0,139.024872,29721,0.1726,hold,,,0.0,,,0,0.0
2020-03-31,23783815,15887913,False,False,,236.93454,0,0.0,hold,,,0.0,,,0,0.0,183.883179,0,0.0,hold,,,0.0,,,0,0.0,148.050003,25650,0.1597,hold,,,0.0,,,0,0.0,137.896423,29721,0.1723,hold,,,0.0,,,0,0.0
2020-04-01,23877151,15887913,True,False,,226.271271,0,0.0,hold,,,0.0,,,0,0.0,176.070084,0,0.0,hold,,,0.0,,,0,0.0,149.449997,25650,0.1605,hold,REDUCE_TO_TARGET,rebalance 2020-04-01,-251820.0,,,0,0.0,139.828598,29721,0.1741,hold,REDUCE_TO_TARGET,rebalance 2020-04-01,-574273.0,,,0,0.0
2020-04-02,23965200,16713839,False,True,monthly,231.492554,0,0.0,hold,,,0.0,,,0,0.0,179.643402,0,0.0,hold,,,0.0,,,0,0.0,151.899994,23980,0.152,hold,,,0.0,REDUCE_TO_TARGET,sell,1670,150.746397,140.715866,25646,0.1506,hold,,,0.0,REDUCE_TO_TARGET,sell,4075,140.902962
2020-04-03,23991771,16713839,False,False,,228.14653,0,0.0,hold,,,0.0,,,0,0.0,177.093796,0,0.0,hold,,,0.0,,,0,0.0,152.649994,23980,0.1526,hold,,,0.0,,,0,0.0,141.050644,25646,0.1508,hold,,,0.0,,,0,0.0
2020-04-06,24083761,16713839,False,False,,243.470306,0,0.0,hold,,,0.0,,,0,0.0,189.755035,0,0.0,hold,,,0.0,,,0,0.0,156.880005,23980,0.1562,hold,,,0.0,,,0,0.0,140.682327,25646,0.1498,hold,,,0.0,,,0,0.0
2020-04-07,24025834,16713839,False,False,,243.71846,0,0.0,hold,,,0.0,,,0,0.0,189.677811,0,0.0,hold,,,0.0,,,0,0.0,156.039993,23980,0.1557,hold,,,0.0,,,0,0.0,139.209045,25646,0.1486,hold,,,0.0,,,0,0.0
2020-04-08,23966525,16713839,False,False,,251.89975,0,0.0,hold,,,0.0,,,0,0.0,193.705109,0,0.0,hold,,,0.0,,,0,0.0,154.649994,23980,0.1547,hold,,,0.0,,,0,0.0,138.196182,25646,0.1479,hold,,,0.0,,,0,0.0
2020-04-09,24069846,16713839,False,False,,255.733047,0,0.0,hold,,,0.0,,,0,0.0,193.985153,0,0.0,hold,,,0.0,,,0,0.0,158.690002,23980,0.1581,hold,,,0.0,,,0,0.0,138.447327,25646,0.1475,hold,,,0.0,,,0,0.0
2020-04-13,24102654,16713839,False,False,,253.398041,0,0.0,hold,,,0.0,,,0,0.0,196.080917,0,0.0,hold,,,0.0,,,0,0.0,161.410004,23980,0.1606,hold,,,0.0,,,0,0.0,137.183289,25646,0.146,hold,,,0.0,,,0,0.0
2020-04-14,24132250,16713839,False,False,,260.87149,0,0.0,hold,,,0.0,,,0,0.0,204.608688,0,0.0,hold,,,0.0,,,0,0.0,162.679993,23980,0.1617,hold,,,0.0,,,0,0.0,137.149841,25646,0.1458,hold,,,0.0,,,0,0.0
2020-04-15,24205519,16713839,False,False,,255.328461,0,0.0,hold,,,0.0,,,0,0.0,202.26181,0,0.0,hold,,,0.0,,,0,0.0,161.850006,23980,0.1603,hold,,,0.0,,,0,0.0,140.782852,25646,0.1492,hold,,,0.0,,,0,0.0
2020-04-16,24243165,16713839,False,False,,256.560272,0,0.0,hold,,,0.0,,,0,0.0,205.951065,0,0.0,hold,,,0.0,,,0,0.0,161.710007,23980,0.16,hold,,,0.0,,,0,0.0,142.381638,25646,0.1506,hold,,,0.0,,,0,0.0
2020-04-17,24118921,16713839,False,False,,263.491364,0,0.0,hold,,,0.0,,,0,0.0,207.921295,0,0.0,buy,ENTER_TO_TARGET,signal_buy+rebalance,8441622.0,,,0,0.0,158.570007,23980,0.1577,hold,REDUCE_TO_TARGET,rebalance 2020-04-17,-184671.0,,,0,0.0,140.473083,25646,0.1494,hold,INCREASE_TO_TARGET,rebalance 2020-04-17,15265.0,,,0,0.0
2020-04-20,24123499,8441808,False,True,daily,258.849213,0,0.0,hold,,,0.0,,,0,0.0,205.458527,40844,0.3479,hold,,,0.0,ENTER_TO_TARGET,buy,40844,206.057301,159.699997,22813,0.151,hold,,,0.0,REDUCE_TO_TARGET,sell,1167,158.144135,141.60318,25753,0.1512,hold,,,0.0,INCREASE_TO_TARGET,buy,107,141.00047
2020-04-21,23834901,8441808,False,False,,250.9897,0,0.0,hold,,,0.0,,,0,0.0,197.877213,40844,0.3391,hold,,,0.0,,,0,0.0,158.610001,22813,0.1518,hold,,,0.0,,,0,0.0,143.38623,25753,0.1549,hold,,,0.0,,,0,0.0
2020-04-22,24108181,8441808,False,False,,256.560272,0,0.0,hold,,,0.0,,,0,0.0,203.7491,40844,0.3452,hold,,,0.0,,,0,0.0,161.729996,22813,0.153,hold,,,0.0,,,0,0.0,141.921249,25753,0.1516,hold,,,0.0,,,0,0.0
2020-04-23,24146563,8441808,False,False,,256.541901,0,0.0,hold,,,0.0,,,0,0.0,203.314529,40844,0.3439,hold,,,0.0,,,0,0.0,163.339996,22813,0.1543,hold,,,0.0,,,0,0.0,142.674667,25753,0.1522,hold,,,0.0,,,0,0.0
2020-04-24,24270178,8441808,False,False,,260.117706,0,0.0,hold,,,0.0,,,0,0.0,206.520889,40844,0.3476,hold,,,0.0,,,0,0.0,162.639999,22813,0.1529,hold,,,0.0,,,0,0.0,143.009521,25753,0.1517,hold,,,0.0,,,0,0.0
2020-04-27,24244830,8441808,False,False,,263.868347,0,0.0,hold,,,0.0,,,0,0.0,208.182007,40844,0.3507,hold,,,0.0,,,0,0.0,161.559998,22813,0.152,hold,,,0.0,,,0,0.0,140.347443,25753,0.1491,hold,,,0.0,,,0,0.0
2020-04-28,24109864,8441808,False,False,,262.654846,0,0.0,hold,,,0.0,,,0,0.0,204.261002,40844,0.346,hold,,,0.0,,,0,0.0,160.839996,22813,0.1522,hold,,,0.0,,,0,0.0,141.96312,25753,0.1516,hold,,,0.0,,,0,0.0
2020-04-29,24407040,8441808,False,False,,269.530762,0,0.0,hold,,,0.0,,,0,0.0,211.504272,40844,0.3539,hold,,,0.0,,,0,0.0,161.729996,22813,0.1512,hold,,,0.0,,,0,0.0,141.226456,25753,0.149,hold,,,0.0,,,0,0.0
2020-04-30,24294179,8441808,False,False,,267.021332,0,0.0,hold,,,0.0,,,0,0.0,211.417358,40844,0.3554,hold,,,0.0,,,0,0.0,158.800003,22813,0.1491,hold,,,0.0,,,0,0.0,139.577377,25753,0.148,hold,,,0.0,,,0,0.0
2020-05-01,24103935,8441808,True,False,,259.952332,0,0.0,hold,,,0.0,,,0,0.0,205.458527,40844,0.3481,hold,,,0.0,,,0,0.0,159.779999,22813,0.1512,hold,,,0.0,,,0,0.0,140.772644,25753,0.1504,hold,,,0.0,,,0,0.0
2020-05-04,24197484,8441808,False,False,,260.669281,0,0.0,hold,,,0.0,,,0,0.0,207.853653,40844,0.3508,hold,,,0.0,,,0,0.0,160.339996,22813,0.1512,hold,,,0.0,,,0,0.0,140.110458,25753,0.1491,hold,,,0.0,,,0,0.0
2020-05-05,24286150,8441808,False,False,,263.077698,0,0.0,hold,,,0.0,,,0,0.0,210.21019,40844,0.3535,hold,,,0.0,,,0,0.0,161.020004,22813,0.1513,hold,,,0.0,,,0,0.0,139.213593,25753,0.1476,hold,,,0.0,,,0,0.0
2020-05-06,24233933,8441808,False,False,,261.294403,0,0.0,hold,,,0.0,,,0,0.0,211.504272,40844,0.3565,hold,,,0.0,,,0,0.0,158.949997,22813,0.1496,hold,,,0.0,,,0,0.0,136.967285,25753,0.1456,hold,,,0.0,,,0,0.0
2020-05-07,24459763,8441808,False,False,,264.447327,0,0.0,hold,,,0.0,,,0,0.0,214.227737,40844,0.3577,hold,,,0.0,,,0,0.0,161.389999,22813,0.1505,hold,,,0.0,,,0,0.0,139.255493,25753,0.1466,hold,,,0.0,,,0,0.0
2020-05-08,24510930,8441808,False,False,,268.822968,0,0.0,hold,,,0.0,,,0,0.0,217.163757,40844,0.3619,hold,,,0.0,,,0,0.0,160.419998,22813,0.1493,hold,,,0.0,,,0,0.0,137.445129,25753,0.1444,hold,,,0.0,,,0,0.0
2020-05-11,24539769,8441808,False,False,,268.878113,0,0.0,hold,,,0.0,,,0,0.0,219.104904,40844,0.3647,hold,,,0.0,,,0,0.0,159.419998,22813,0.1482,hold,,,0.0,,,0,0.0,136.372147,25753,0.1431,hold,,,0.0,,,0,0.0
2020-05-12,24402593,8441808,False,False,,263.51889,0,0.0,hold,,,0.0,,,0,0.0,214.517471,40844,0.3591,hold,,,0.0,,,0,0.0,160.039993,22813,0.1496,hold,,,0.0,,,0,0.0,137.771927,25753,0.1454,hold,,,0.0,,,0,0.0
2020-05-13,24352890,8441808,False,False,,258.858429,0,0.0,hold,,,0.0,,,0,0.0,211.832642,40844,0.3553,hold,,,0.0,,,0,0.0,161.580002,22813,0.1514,hold,,,0.0,,,0,0.0,138.73587,25753,0.1467,hold,,,0.0,,,0,0.0
2020-05-14,24518702,8441808,False,False,,261.956207,0,0.0,hold,,,0.0,,,0,0.0,214.237427,40844,0.3569,hold,,,0.0,,,0,0.0,163.009995,22813,0.1517,hold,,,0.0,,,0,0.0,140.093704,25753,0.1471,hold,,,0.0,,,0,0.0
2020-05-15,24587212,8441808,False,False,,263.160461,0,0.0,hold,,,0.0,,,0,0.0,215.628189,40844,0.3582,hold,,,0.0,,,0,0.0,163.929993,22813,0.1521,hold,,,0.0,,,0,0.0,139.733276,25753,0.1464,hold,,,0.0,,,0,0.0
2020-05-18,24644017,8441808,False,False,,271.176178,0,0.0,hold,,,0.0,,,0,0.0,219.645767,40844,0.364,hold,,,0.0,,,0,0.0,162.690002,22813,0.1506,hold,,,0.0,,,0,0.0,136.665619,25753,0.1428,hold,,,0.0,,,0,0.0
2020-05-19,24670514,8441808,False,False,,268.390961,0,0.0,hold,,,0.0,,,0,0.0,219.095276,40844,0.3627,hold,,,0.0,,,0,0.0,164.259995,22813,0.1519,hold,,,0.0,,,0,0.0,137.176834,25753,0.1432,hold,,,0.0,,,0,0.0
2020-05-20,24868679,8441808,False,False,,272.950348,0,0.0,hold,,,0.0,,,0,0.0,223.470215,40844,0.367,hold,,,0.0,,,0,0.0,164.649994,22813,0.151,hold,,,0.0,,,0,0.0,137.587601,25753,0.1425,hold,,,0.0,,,0,0.0
2020-05-21,24723373,8441808,False,False,,271.065918,0,0.0,hold,,,0.0,,,0,0.0,221.036469,40844,0.3652,hold,,,0.0,,,0,0.0,162.25,22813,0.1497,hold,,,0.0,,,0,0.0,137.931183,25753,0.1437,hold,,,0.0,,,0,0.0
2020-05-22,24797804,8441808,False,False,,271.58075,0,0.0,hold,,,0.0,,,0,0.0,221.799393,40844,0.3653,hold,,,0.0,,,0,0.0,163.210007,22813,0.1501,hold,,,0.0,,,0,0.0,138.760986,25753,0.1441,hold,,,0.0,,,0,0.0
2020-05-26,24672502,8441808,False,False,,274.926697,0,0.0,hold,,,0.0,,,0,0.0,221.200607,40844,0.3662,hold,,,0.0,,,0,0.0,160.889999,22813,0.1488,hold,,,0.0,,,0,0.0,136.900253,25753,0.1429,hold,,,0.0,,,0,0.0
2020-05-27,24721950,8441808,False,False,,279.017365,0,0.0,hold,,,0.0,,,0,0.0,222.407822,40844,0.3674,hold,,,0.0,,,0,0.0,161.179993,22813,0.1487,hold,,,0.0,,,0,0.0,136.648849,25753,0.1423,hold,,,0.0,,,0,0.0
2020-05-28,24709484,8441808,False,False,,278.502625,0,0.0,hold,,,0.0,,,0,0.0,222.118118,40844,0.3672,hold,,,0.0,,,0,0.0,161.720001,22813,0.1493,hold,,,0.0,,,0,0.0,136.145889,25753,0.1419,hold,,,0.0,,,0,0.0
2020-05-29,24894606,8441808,False,False,,279.743622,0,0.0,hold,,,0.0,,,0,0.0,225.372803,40844,0.3698,hold,,,0.0,,,0,0.0,162.910004,22813,0.1493,hold,,,0.0,,,0,0.0,137.11821,25753,0.1418,hold,,,0.0,,,0,0.0
2020-06-01,24915550,8441808,True,False,,280.874146,0,0.0,buy,ENTER_TO_TARGET,signal_buy+rebalance,8720443.0,,,0,0.0,226.048843,40844,0.3706,hold,REDUCE_TO_TARGET,rebalance 2020-06-01,-512296.0,,,0,0.0,163.660004,22813,0.1498,hold,INCREASE_TO_TARGET,rebalance 2020-06-01,3757.0,,,0,0.0,136.194901,25753,0.1408,hold,INCREASE_TO_TARGET,rebalance 2020-06-01,229905.0,,,0,0.0
2020-06-02,24953146,181,False,True,monthly,283.19989,30853,0.3502,hold,,,0.0,ENTER_TO_TARGET,buy,30853,281.793452,227.565094,38576,0.3518,hold,,,0.0,REDUCE_TO_TARGET,sell,2268,225.794345,162.600006,22835,0.1488,hold,,,0.0,INCREASE_TO_TARGET,buy,22,163.889999,135.699875,27442,0.1492,hold,,,0.0,INCREASE_TO_TARGET,buy,1689,135.683086
2020-06-03,24990897,181,False,False,,286.968811,30853,0.3543,hold,,,0.0,,,0,0.0,228.588821,38576,0.3529,hold,,,0.0,,,0,0.0,159.600006,22835,0.1458,hold,,,0.0,,,0,0.0,133.895447,27442,0.147,hold,,,0.0,,,0,0.0
2020-06-04,24890954,181,False,False,,286.214996,30853,0.3548,hold,,,0.0,,,0,0.0,226.985611,38576,0.3518,hold,,,0.0,,,0,0.0,161.279999,22835,0.148,hold,,,0.0,,,0,0.0,131.956696,27442,0.1455,hold,,,0.0,,,0,0.0
2020-06-05,25190424,181,False,False,,293.550568,30853,0.3595,hold,,,0.0,,,0,0.0,231.486084,38576,0.3545,hold,,,0.0,,,0,0.0,158.009995,22835,0.1432,hold,,,0.0,,,0,0.0,131.016769,27442,0.1427,hold,,,0.0,,,0,0.0
2020-06-08,25422062,181,False,False,,297.098816,30853,0.3606,hold,,,0.0,,,0,0.0,233.282501,38576,0.354,hold,,,0.0,,,0,0.0,159.720001,22835,0.1435,hold,,,0.0,,,0,0.0,131.520279,27442,0.142,hold,,,0.0,,,0,0.0
2020-06-09,25495068,181,False,False,,294.883453,30853,0.3569,hold,,,0.0,,,0,0.0,234.972534,38576,0.3555,hold,,,0.0,,,0,0.0,161.259995,22835,0.1444,hold,,,0.0,,,0,0.0,133.014175,27442,0.1432,hold,,,0.0,,,0,0.0
2020-06-10,25659962,181,False,False,,293.238007,30853,0.3526,hold,,,0.0,,,0,0.0,237.792618,38576,0.3575,hold,,,0.0,,,0,0.0,163.570007,22835,0.1456,hold,,,0.0,,,0,0.0,134.986481,27442,0.1444,hold,,,0.0,,,0,0.0
2020-06-11,24726944,181,False,False,,276.33313,30853,0.3448,hold,,,0.0,,,0,0.0,226.010193,38576,0.3526,hold,,,0.0,,,0,0.0,162.389999,22835,0.15,hold,,,0.0,,,0,0.0,137.537796,27442,0.1526,hold,,,0.0,,,0,0.0
2020-06-12,24867205,181,False,False,,279.642456,30853,0.347,hold,,,0.0,,,0,0.0,227.806519,38576,0.3534,hold,,,0.0,,,0,0.0,162.619995,22835,0.1493,hold,,,0.0,,,0,0.0,136.211746,27442,0.1503,hold,,,0.0,,,0,0.0
2020-06-15,25050125,181,False,False,,282.253052,30853,0.3476,hold,,,0.0,,,0,0.0,230.578308,38576,0.3551,hold,,,0.0,,,0,0.0,162.330002,22835,0.148,hold,,,0.0,,,0,0.0,136.287277,27442,0.1493,hold,,,0.0,,,0,0.0
2020-06-16,25311316,181,False,False,,287.685791,30853,0.3507,hold,,,0.0,,,0,0.0,234.537964,38576,0.3575,hold,,,0.0,,,0,0.0,162.25,22835,0.1464,hold,,,0.0,,,0,0.0,134.197556,27442,0.1455,hold,,,0.0,,,0,0.0
2020-06-17,25325413,181,False,False,,286.490845,30853,0.349,hold,,,0.0,,,0,0.0,235.281601,38576,0.3584,hold,,,0.0,,,0,0.0,162.559998,22835,0.1466,hold,,,0.0,,,0,0.0,134.751434,27442,0.146,hold,,,0.0,,,0,0.0
2020-06-18,25385247,181,False,False,,286.601074,30853,0.3483,hold,,,0.0,,,0,0.0,235.919006,38576,0.3585,hold,,,0.0,,,0,0.0,162.240005,22835,0.1459,hold,,,0.0,,,0,0.0,136.178146,27442,0.1472,hold,,,0.0,,,0,0.0
2020-06-19,25377091,181,False,False,,284.963135,30853,0.3465,hold,,,0.0,,,0,0.0,235.880371,38576,0.3586,hold,,,0.0,,,0,0.0,164.029999,22835,0.1476,hold,,,0.0,,,0,0.0,136.287277,27442,0.1474,hold,,,0.0,,,0,0.0
2020-06-22,25567288,181,False,False,,286.791351,30853,0.3461,hold,,,0.0,,,0,0.0,238.709229,38576,0.3602,hold,,,0.0,,,0,0.0,165.089996,22835,0.1474,hold,,,0.0,,,0,0.0,136.304047,27442,0.1463,hold,,,0.0,,,0,0.0
2020-06-23,25692568,181,False,False,,288.111572,30853,0.346,hold,,,0.0,,,0,0.0,240.74086,38576,0.3615,hold,,,0.0,,,0,0.0,166.479996,22835,0.148,hold,,,0.0,,,0,0.0,135.372437,27442,0.1446,hold,,,0.0,,,0,0.0
2020-06-24,25300968,181,False,False,,280.762238,30853,0.3424,hold,,,0.0,,,0,0.0,235.777847,38576,0.3595,hold,,,0.0,,,0,0.0,165.899994,22835,0.1497,hold,,,0.0,,,0,0.0,136.824463,27442,0.1484,hold,,,0.0,,,0,0.0
2020-06-25,25488959,181,False,False,,283.772156,30853,0.3435,hold,,,0.0,,,0,0.0,238.022339,38576,0.3602,hold,,,0.0,,,0,0.0,165.800003,22835,0.1485,hold,,,0.0,,,0,0.0,137.218948,27442,0.1477,hold,,,0.0,,,0,0.0
2020-06-26,25121380,181,False,False,,277.032227,30853,0.3402,hold,,,0.0,,,0,0.0,232.401428,38576,0.3569,hold,,,0.0,,,0,0.0,166.539993,22835,0.1514,hold,,,0.0,,,0,0.0,138.687592,27442,0.1515,hold,,,0.0,,,0,0.0
2020-06-29,25334859,181,False,False,,281.103882,30853,0.3423,hold,,,0.0,,,0,0.0,234.936157,38576,0.3577,hold,,,0.0,,,0,0.0,166.630005,22835,0.1502,hold,,,0.0,,,0,0.0,138.251083,27442,0.1497,hold,,,0.0,,,0,0.0
2020-06-30,25622075,181,False,False,,284.704651,30853,0.3428,hold,,,0.0,,,0,0.0,239.541245,38576,0.3606,hold,,,0.0,,,0,0.0,167.369995,22835,0.1492,hold,,,0.0,,,0,0.0,137.579773,27442,0.1474,hold,,,0.0,,,0,0.0
2020-07-01,25767000,181,True,False,,286.698944,30853,0.3433,hold,,,0.0,,,0,0.0,242.337158,38576,0.3628,hold,,,0.0,,,0,0.0,166.619995,22835,0.1477,hold,,,0.0,,,0,0.0,137.312531,27442,0.1462,hold,,,0.0,,,0,0.0
2020-07-02,25891299,181,False,False,,288.277832,30853,0.3435,hold,,,0.0,,,0,0.0,243.981842,38576,0.3635,hold,,,0.0,,,0,0.0,166.979996,22835,0.1473,hold,,,0.0,,,0,0.0,137.455353,27442,0.1457,hold,,,0.0,,,0,0.0
2020-07-06,26267376,181,False,False,,292.727997,30853,0.3438,hold,,,0.0,,,0,0.0,249.980057,38576,0.3671,hold,,,0.0,,,0,0.0,167.979996,22835,0.146,hold,,,0.0,,,0,0.0,136.892502,27442,0.143,hold,,,0.0,,,0,0.0
2020-07-07,26184801,181,False,False,,289.708832,30853,0.3414,hold,,,0.0,,,0,0.0,248.25795,38576,0.3657,hold,,,0.0,,,0,0.0,169.039993,22835,0.1474,hold,,,0.0,,,0,0.0,138.816635,27442,0.1455,hold,,,0.0,,,0,0.0
2020-07-08,26388070,181,False,False,,291.924774,30853,0.3413,hold,,,0.0,,,0,0.0,251.527924,38576,0.3677,hold,,,0.0,,,0,0.0,170.089996,22835,0.1472,hold,,,0.0,,,0,0.0,138.262054,27442,0.1438,hold,,,0.0,,,0,0.0
2020-07-09,26468433,181,False,False,,290.262848,30853,0.3383,hold,,,0.0,,,0,0.0,253.646637,38576,0.3697,hold,,,0.0,,,0,0.0,169.630005,22835,0.1463,hold,,,0.0,,,0,0.0,140.46347,27442,0.1456,hold,,,0.0,,,0,0.0
2020-07-10,26597261,181,False,False,,293.226654,30853,0.3401,hold,,,0.0,,,0,0.0,255.378372,38576,0.3704,hold,,,0.0,,,0,0.0,169.190002,22835,0.1453,hold,,,0.0,,,0,0.0,139.757599,27442,0.1442,hold,,,0.0,,,0,0.0
2020-07-13,26333755,181,False,False,,290.687592,30853,0.3406,hold,,,0.0,,,0,0.0,250.125153,38576,0.3664,hold,,,0.0,,,0,0.0,169.399994,22835,0.1469,hold,,,0.0,,,0,0.0,140.219818,27442,0.1461,hold,,,0.0,,,0,0.0
2020-07-14,26541848,181,False,False,,294.45462,30853,0.3423,hold,,,0.0,,,0,0.0,251.895584,38576,0.3661,hold,,,0.0,,,0,0.0,170.190002,22835,0.1464,hold,,,0.0,,,0,0.0,140.421448,27442,0.1452,hold,,,0.0,,,0,0.0
2020-07-15,26630530,181,False,False,,297.15976,30853,0.3443,hold,,,0.0,,,0,0.0,252.408325,38576,0.3656,hold,,,0.0,,,0,0.0,170.339996,22835,0.1461,hold,,,0.0,,,0,0.0,139.766083,27442,0.144,hold,,,0.0,,,0,0.0
2020-07-16,26515356,181,False,False,,296.181152,30853,0.3446,hold,,,0.0,,,0,0.0,250.686234,38576,0.3647,hold,,,0.0,,,0,0.0,168.729996,22835,0.1453,hold,,,0.0,,,0,0.0,140.429855,27442,0.1453,hold,,,0.0,,,0,0.0
2020-07-17,26576715,181,False,False,,297.039764,30853,0.3448,hold,,,0.0,,,0,0.0,250.976547,38576,0.3643,hold,,,0.0,,,0,0.0,170.119995,22835,0.1462,hold,,,0.0,,,0,0.0,140.135727,27442,0.1447,hold,,,0.0,,,0,0.0
2020-07-20,26953638,181,False,False,,299.440369,30853,0.3428,hold,,,0.0,,,0,0.0,258.096954,38576,0.3694,hold,,,0.0,,,0,0.0,170.940002,22835,0.1448,hold,,,0.0,,,0,0.0,140.480286,27442,0.143,hold,,,0.0,,,0,0.0
2020-07-21,26918892,181,False,False,,300.077454,30853,0.3439,hold,,,0.0,,,0,0.0,255.407501,38576,0.366,hold,,,0.0,,,0,0.0,173.0,22835,0.1468,hold,,,0.0,,,0,0.0,140.564331,27442,0.1433,hold,,,0.0,,,0,0.0
2020-07-22,27077876,181,False,False,,301.7854,30853,0.3439,hold,,,0.0,,,0,0.0,256.307129,38576,0.3651,hold,,,0.0,,,0,0.0,175.630005,22835,0.1481,hold,,,0.0,,,0,0.0,140.984451,27442,0.1429,hold,,,0.0,,,0,0.0
2020-07-23,26789115,181,False,False,,298.184692,30853,0.3434,hold,,,0.0,,,0,0.0,249.612427,38576,0.3594,hold,,,0.0,,,0,0.0,177.179993,22835,0.151,hold,,,0.0,,,0,0.0,142.631287,27442,0.1461,hold,,,0.0,,,0,0.0
2020-07-24,26672910,181,False,False,,296.264313,30853,0.3427,hold,,,0.0,,,0,0.0,247.242188,38576,0.3576,hold,,,0.0,,,0,0.0,178.699997,22835,0.153,hold,,,0.0,,,0,0.0,142.622879,27442,0.1467,hold,,,0.0,,,0,0.0
2020-07-27,26975823,181,False,False,,298.424683,30853,0.3413,hold,,,0.0,,,0,0.0,251.653717,38576,0.3599,hold,,,0.0,,,0,0.0,182.229996,22835,0.1543,hold,,,0.0,,,0,0.0,142.093475,27442,0.1445,hold,,,0.0,,,0,0.0
2020-07-28,26855588,181,False,False,,296.532043,30853,0.3407,hold,,,0.0,,,0,0.0,248.451462,38576,0.3569,hold,,,0.0,,,0,0.0,183.75,22835,0.1562,hold,,,0.0,,,0,0.0,143.076645,27442,0.1462,hold,,,0.0,,,0,0.0
2020-07-29,27103402,181,False,False,,300.178986,30853,0.3417,hold,,,0.0,,,0,0.0,251.315125,38576,0.3577,hold,,,0.0,,,0,0.0,185.130005,22835,0.156,hold,,,0.0,,,0,0.0,142.832993,27442,0.1446,hold,,,0.0,,,0,0.0
2020-07-30,27115655,181,False,False,,299.10791,30853,0.3403,hold,,,0.0,,,0,0.0,252.63089,38576,0.3594,hold,,,0.0,,,0,0.0,183.759995,22835,0.1548,hold,,,0.0,,,0,0.0,143.774078,27442,0.1455,hold,,,0.0,,,0,0.0
2020-07-31,27398086,181,False,False,,301.471558,30853,0.3395,hold,,,0.0,,,0,0.0,257.13913,38576,0.362,hold,,,0.0,,,0,0.0,185.429993,22835,0.1545,hold,,,0.0,,,0,0.0,143.681564,27442,0.1439,hold,,,0.0,,,0,0.0
2020-08-03,27581675,181,True,False,,303.567352,30853,0.3396,hold,,,0.0,,,0,0.0,260.612366,38576,0.3645,hold,,,0.0,,,0,0.0,185.639999,22835,0.1537,hold,,,0.0,,,0,0.0,142.95816,27442,0.1422,hold,,,0.0,,,0,0.0
2020-08-04,27782772,181,False,False,,304.740021,30853,0.3384,hold,,,0.0,,,0,0.0,261.579803,38576,0.3632,hold,,,0.0,,,0,0.0,189.589996,22835,0.1558,hold,,,0.0,,,0,0.0,144.320984,27442,0.1426,hold,,,0.0,,,0,0.0
2020-08-05,27871728,181,False,False,,306.63266,30853,0.3394,hold,,,0.0,,,0,0.0,262.227875,38576,0.3629,hold,,,0.0,,,0,0.0,191.350006,22835,0.1568,hold,,,0.0,,,0,0.0,143.059158,27442,0.1409,hold,,,0.0,,,0,0.0
2020-08-06,28148883,181,False,False,,308.682465,30853,0.3383,hold,,,0.0,,,0,0.0,265.701111,38576,0.3641,hold,,,0.0,,,0,0.0,193.889999,22835,0.1573,hold,,,0.0,,,0,0.0,143.858246,27442,0.1402,hold,,,0.0,,,0,0.0
2020-08-07,27940768,181,False,False,,308.904053,30853,0.3411,hold,,,0.0,,,0,0.0,262.634308,38576,0.3626,hold,,,0.0,,,0,0.0,190.809998,22835,0.1559,hold,,,0.0,,,0,0.0,142.899307,27442,0.1403,hold,,,0.0,,,0,0.0
2020-08-10,27893348,181,False,False,,309.827332,30853,0.3427,hold,,,0.0,,,0,0.0,261.512054,38576,0.3617,hold,,,0.0,,,0,0.0,190.149994,22835,0.1557,hold,,,0.0,,,0,0.0,142.26004,27442,0.14,hold,,,0.0,,,0,0.0
2020-08-11,27343816,181,False,False,,307.269806,30853,0.3467,hold,,,0.0,,,0,0.0,256.558685,38576,0.3619,hold,,,0.0,,,0,0.0,179.940002,22835,0.1503,hold,,,0.0,,,0,0.0,140.569244,27442,0.1411,hold,,,0.0,,,0,0.0
2020-08-12,27670653,181,False,False,,311.553894,30853,0.3474,hold,,,0.0,,,0,0.0,263.011627,38576,0.3667,hold,,,0.0,,,0,0.0,179.100006,22835,0.1478,hold,,,0.0,,,0,0.0,139.290649,27442,0.1381,hold,,,0.0,,,0,0.0
2020-08-13,27732147,181,False,False,,310.990662,30853,0.346,hold,,,0.0,,,0,0.0,263.61142,38576,0.3667,hold,,,0.0,,,0,0.0,183.330002,22835,0.151,hold,,,0.0,,,0,0.0,137.801758,27442,0.1364,hold,,,0.0,,,0,0.0
2020-08-14,27687679,181,False,False,,310.999908,30853,0.3466,hold,,,0.0,,,0,0.0,263.30191,38576,0.3668,hold,,,0.0,,,0,0.0,182.539993,22835,0.1505,hold,,,0.0,,,0,0.0,137.263397,27442,0.136,hold,,,0.0,,,0,0.0
2020-08-17,27935980,181,False,False,,311.987762,30853,0.3446,hold,,,0.0,,,0,0.0,266.359039,38576,0.3678,hold,,,0.0,,,0,0.0,186.5,22835,0.1524,hold,,,0.0,,,0,0.0,137.608276,27442,0.1352,hold,,,0.0,,,0,0.0
2020-08-18,28121044,181,False,False,,312.661804,30853,0.343,hold,,,0.0,,,0,0.0,268.922729,38576,0.3689,hold,,,0.0,,,0,0.0,188.179993,22835,0.1528,hold,,,0.0,,,0,0.0,138.592468,27442,0.1352,hold,,,0.0,,,0,0.0
2020-08-19,27851677,181,False,False,,311.359955,30853,0.3449,hold,,,0.0,,,0,0.0,267.113678,38576,0.37,hold,,,0.0,,,0,0.0,182.240005,22835,0.1494,hold,,,0.0,,,0,0.0,137.726074,27442,0.1357,hold,,,0.0,,,0,0.0
2020-08-20,28087460,181,False,False,,312.329498,30853,0.3431,hold,,,0.0,,,0,0.0,270.818939,38576,0.3719,hold,,,0.0,,,0,0.0,183.5,22835,0.1492,hold,,,0.0,,,0,0.0,138.971008,27442,0.1358,hold,,,0.0,,,0,0.0
2020-08-21,28183329,181,False,False,,313.437317,30853,0.3431,hold,,,0.0,,,0,0.0,272.695862,38576,0.3733,hold,,,0.0,,,0,0.0,182.029999,22835,0.1475,hold,,,0.0,,,0,0.0,139.803787,27442,0.1361,hold,,,0.0,,,0,0.0
2020-08-24,28317252,181,False,False,,316.613495,30853,0.345,hold,,,0.0,,,0,0.0,274.398499,38576,0.3738,hold,,,0.0,,,0,0.0,181.0,22835,0.146,hold,,,0.0,,,0,0.0,139.57666,27442,0.1353,hold,,,0.0,,,0,0.0
2020-08-25,28410365,181,False,False,,317.721344,30853,0.345,hold,,,0.0,,,0,0.0,276.555939,38576,0.3755,hold,,,0.0,,,0,0.0,181.220001,22835,0.1457,hold,,,0.0,,,0,0.0,138.508377,27442,0.1338,hold,,,0.0,,,0,0.0
2020-08-26,28770619,181,False,False,,320.906677,30853,0.3441,hold,,,0.0,,,0,0.0,282.457336,38576,0.3787,hold,,,0.0,,,0,0.0,183.360001,22835,0.1455,hold,,,0.0,,,0,0.0,137.978424,27442,0.1316,hold,,,0.0,,,0,0.0
2020-08-27,28645497,181,False,False,,321.60849,30853,0.3464,hold,,,0.0,,,0,0.0,281.576965,38576,0.3792,hold,,,0.0,,,0,0.0,181.240005,22835,0.1445,hold,,,0.0,,,0,0.0,135.631546,27442,0.1299,hold,,,0.0,,,0,0.0
2020-08-28,28833992,181,False,False,,323.685852,30853,0.3464,hold,,,0.0,,,0,0.0,283.008942,38576,0.3786,hold,,,0.0,,,0,0.0,184.389999,22835,0.146,hold,,,0.0,,,0,0.0,135.53067,27442,0.129,hold,,,0.0,,,0,0.0
2020-08-31,28920263,181,False,False,,322.513275,30853,0.3441,hold,,,0.0,,,0,0.0,285.282471,38576,0.3805,hold,,,0.0,,,0,0.0,184.830002,22835,0.1459,hold,,,0.0,,,0,0.0,136.430649,27442,0.1295,hold,,,0.0,,,0,0.0
2020-09-01,29249920,181,True,False,,325.550873,30853,0.3434,hold,INCREASE_TO_TARGET,rebalance 2020-09-01,193251.0,,,0,0.0,290.158386,38576,0.3827,hold,REDUCE_TO_TARGET,rebalance 2020-09-01,-955678.0,,,0,0.0,185.050003,22835,0.1445,hold,INCREASE_TO_TARGET,rebalance 2020-09-01,161871.0,,,0,0.0,137.991074,27442,0.1295,hold,INCREASE_TO_TARGET,rebalance 2020-09-01,600737.0,,,0,0.0
2020-09-02,29485308,1,False,True,monthly,330.259583,31441,0.3522,hold,,,0.0,INCREASE_TO_TARGET,buy,588,327.462026,292.905975,35310,0.3508,hold,,,0.0,REDUCE_TO_TARGET,sell,3266,292.528813,182.619995,23713,0.1469,hold,,,0.0,INCREASE_TO_TARGET,buy,878,183.75,139.304764,31791,0.1502,hold,,,0.0,INCREASE_TO_TARGET,buy,4349,137.696297
2020-09-03,28581084,1,False,False,,318.894012,31441,0.3508,hold,,,0.0,,,0,0.0,278.055511,35310,0.3435,hold,,,0.0,,,0,0.0,181.139999,23713,0.1503,hold,,,0.0,,,0,0.0,139.700653,31791,0.1554,hold,,,0.0,,,0,0.0
2020-09-04,28295908,1,False,False,,316.290283,31441,0.3514,hold,,,0.0,,,0,0.0,274.350189,35310,0.3424,hold,,,0.0,,,0,0.0,181.639999,23713,0.1522,hold,,,0.0,,,0,0.0,137.047913,31791,0.154,hold,,,0.0,,,0,0.0
2020-09-08,27577057,1,False,False,,307.648346,31441,0.3508,hold,,,0.0,,,0,0.0,261.163727,35310,0.3344,hold,,,0.0,,,0,0.0,181.289993,23713,0.1559,hold,,,0.0,,,0,0.0,137.890091,31791,0.159,hold,,,0.0,,,0,0.0
2020-09-09,28068922,1,False,False,,313.723633,31441,0.3514,hold,,,0.0,,,0,0.0,268.835663,35310,0.3382,hold,,,0.0,,,0,0.0,183.050003,23713,0.1546,hold,,,0.0,,,0,0.0,137.519562,31791,0.1558,hold,,,0.0,,,0,0.0
2020-09-10,27716625,1,False,False,,308.276215,31441,0.3497,hold,,,0.0,,,0,0.0,263.475952,35310,0.3357,hold,,,0.0,,,0,0.0,182.460007,23713,0.1561,hold,,,0.0,,,0,0.0,138.21843,31791,0.1585,hold,,,0.0,,,0,0.0
2020-09-11,27666135,1,False,False,,308.433167,31441,0.3505,hold,,,0.0,,,0,0.0,261.647583,35310,0.3339,hold,,,0.0,,,0,0.0,182.449997,23713,0.1564,hold,,,0.0,,,0,0.0,138.513214,31791,0.1592,hold,,,0.0,,,0,0.0
2020-09-14,27988637,1,False,False,,312.495636,31441,0.351,hold,,,0.0,,,0,0.0,266.204224,35310,0.3358,hold,,,0.0,,,0,0.0,183.889999,23713,0.1558,hold,,,0.0,,,0,0.0,138.504791,31791,0.1573,hold,,,0.0,,,0,0.0
2020-09-15,28150363,1,False,False,,314.074463,31441,0.3508,hold,,,0.0,,,0,0.0,269.977295,35310,0.3386,hold,,,0.0,,,0,0.0,183.449997,23713,0.1545,hold,,,0.0,,,0,0.0,138.167999,31791,0.156,hold,,,0.0,,,0,0.0
2020-09-16,27958365,1,False,False,,312.827881,31441,0.3518,hold,,,0.0,,,0,0.0,265.672119,35310,0.3355,hold,,,0.0,,,0,0.0,183.970001,23713,0.156,hold,,,0.0,,,0,0.0,137.755341,31791,0.1566,hold,,,0.0,,,0,0.0
2020-09-17,27714749,1,False,False,,310.076599,31441,0.3518,hold,,,0.0,,,0,0.0,261.521759,35310,0.3332,hold,,,0.0,,,0,0.0,182.960007,23713,0.1565,hold,,,0.0,,,0,0.0,138.176407,31791,0.1585,hold,,,0.0,,,0,0.0
2020-09-18,27476690,1,False,False,,306.506775,31441,0.3507,hold,,,0.0,,,0,0.0,258.184021,35310,0.3318,hold,,,0.0,,,0,0.0,183.199997,23713,0.1581,hold,,,0.0,,,0,0.0,137.746872,31791,0.1594,hold,,,0.0,,,0,0.0
2020-09-21,27326257,1,False,False,,303.095459,31441,0.3487,hold,,,0.0,,,0,0.0,258.803192,35310,0.3344,hold,,,0.0,,,0,0.0,179.520004,23713,0.1558,hold,,,0.0,,,0,0.0,138.445877,31791,0.1611,hold,,,0.0,,,0,0.0
2020-09-22,27568980,1,False,False,,306.182312,31441,0.3492,hold,,,0.0,,,0,0.0,263.61142,35310,0.3376,hold,,,0.0,,,0,0.0,178.649994,23713,0.1537,hold,,,0.0,,,0,0.0,138.336456,31791,0.1595,hold,,,0.0,,,0,0.0
2020-09-23,26975864,1,False,False,,299.081665,31441,0.3486,hold,,,0.0,,,0,0.0,255.562164,35310,0.3345,hold,,,0.0,,,0,0.0,174.789993,23713,0.1536,hold,,,0.0,,,0,0.0,138.521652,31791,0.1632,hold,,,0.0,,,0,0.0
2020-09-24,27075232,1,False,False,,299.878845,31441,0.3482,hold,,,0.0,,,0,0.0,256.752289,35310,0.3348,hold,,,0.0,,,0,0.0,175.440002,23713,0.1537,hold,,,0.0,,,0,0.0,139.052185,31791,0.1633,hold,,,0.0,,,0,0.0
2020-09-25,27426574,1,False,False,,304.72699,31441,0.3493,hold,,,0.0,,,0,0.0,262.721375,35310,0.3382,hold,,,0.0,,,0,0.0,174.940002,23713,0.1513,hold,,,0.0,,,0,0.0,139.052185,31791,0.1612,hold,,,0.0,,,0,0.0
2020-09-28,27807529,1,False,False,,309.78833,31441,0.3503,hold,,,0.0,,,0,0.0,268.177856,35310,0.3405,hold,,,0.0,,,0,0.0,176.699997,23713,0.1507,hold,,,0.0,,,0,0.0,138.656403,31791,0.1585,hold,,,0.0,,,0,0.0
2020-09-29,27752200,1,False,False,,308.101227,31441,0.3491,hold,,,0.0,,,0,0.0,266.968445,35310,0.3397,hold,,,0.0,,,0,0.0,178.190002,23713,0.1523,hold,,,0.0,,,0,0.0,138.816422,31791,0.159,hold,,,0.0,,,0,0.0
2020-09-30,27822535,1,False,False,,310.437134,31441,0.3508,hold,,,0.0,,,0,0.0,268.797028,35310,0.3411,hold,,,0.0,,,0,0.0,177.119995,23713,0.151,hold,,,0.0,,,0,0.0,137.485779,31791,0.1571,hold,,,0.0,,,0,0.0
2020-10-01,28080523,1,True,False,,312.430145,31441,0.3498,hold,,,0.0,,,0,0.0,273.063446,35310,0.3434,hold,,,0.0,,,0,0.0,178.699997,23713,0.1509,hold,,,0.0,,,0,0.0,137.712631,31791,0.1559,hold,,,0.0,,,0,0.0
2020-10-02,27695875,1,False,False,,309.463776,31441,0.3513,hold,,,0.0,,,0,0.0,265.381805,35310,0.3383,hold,,,0.0,,,0,0.0,178.539993,23713,0.1529,hold,,,0.0,,,0,0.0,137.198364,31791,0.1575,hold,,,0.0,,,0,0.0
2020-10-05,28003668,1,False,False,,314.951569,31441,0.3536,hold,,,0.0,,,0,0.0,271.041473,35310,0.3418,hold,,,0.0,,,0,0.0,179.410004,23713,0.1519,hold,,,0.0,,,0,0.0,134.51767,31791,0.1527,hold,,,0.0,,,0,0.0
2020-10-06,27665107,1,False,False,,310.474274,31441,0.3528,hold,,,0.0,,,0,0.0,266.204224,35310,0.3398,hold,,,0.0,,,0,0.0,177.300003,23713,0.152,hold,,,0.0,,,0,0.0,135.242615,31791,0.1554,hold,,,0.0,,,0,0.0
2020-10-07,27964378,1,False,False,,315.878571,31441,0.3551,hold,,,0.0,,,0,0.0,270.809357,35310,0.3419,hold,,,0.0,,,0,0.0,177.220001,23713,0.1503,hold,,,0.0,,,0,0.0,134.256317,31791,0.1526,hold,,,0.0,,,0,0.0
2020-10-08,28141280,1,False,False,,318.678131,31441,0.356,hold,,,0.0,,,0,0.0,272.250763,35310,0.3416,hold,,,0.0,,,0,0.0,177.850006,23713,0.1499,hold,,,0.0,,,0,0.0,134.981247,31791,0.1525,hold,,,0.0,,,0,0.0
2020-10-09,28453437,1,False,False,,321.523926,31441,0.3553,hold,,,0.0,,,0,0.0,276.410828,35310,0.343,hold,,,0.0,,,0,0.0,181.080002,23713,0.1509,hold,,,0.0,,,0,0.0,134.955994,31791,0.1508,hold,,,0.0,,,0,0.0
2020-10-12,28918702,1,False,False,,326.696442,31441,0.3552,hold,,,0.0,,,0,0.0,284.943756,35310,0.3479,hold,,,0.0,,,0,0.0,180.559998,23713,0.1481,hold,,,0.0,,,0,0.0,135.385956,31791,0.1488,hold,,,0.0,,,0,0.0
2020-10-13,28814803,1,False,False,,324.564453,31441,0.3541,hold,,,0.0,,,0,0.0,284.934113,35310,0.3492,hold,,,0.0,,,0,0.0,177.720001,23713,0.1463,hold,,,0.0,,,0,0.0,136.355377,31791,0.1504,hold,,,0.0,,,0,0.0
2020-10-14,28689606,1,False,False,,322.525024,31441,0.3535,hold,,,0.0,,,0,0.0,282.55423,35310,0.3478,hold,,,0.0,,,0,0.0,178.270004,23713,0.1473,hold,,,0.0,,,0,0.0,136.667282,31791,0.1514,hold,,,0.0,,,0,0.0
2020-10-15,28618018,1,False,False,,322.126343,31441,0.3539,hold,,,0.0,,,0,0.0,280.657837,35310,0.3463,hold,,,0.0,,,0,0.0,178.919998,23713,0.1483,hold,,,0.0,,,0,0.0,136.431213,31791,0.1516,hold,,,0.0,,,0,0.0
2020-10-16,28530830,1,False,False,,321.931763,31441,0.3548,hold,,,0.0,,,0,0.0,279.119781,35310,0.3454,hold,,,0.0,,,0,0.0,178.300003,23713,0.1482,hold,,,0.0,,,0,0.0,136.05188,31791,0.1516,hold,,,0.0,,,0,0.0
2020-10-19,28201830,1,False,False,,317.037354,31441,0.3535,hold,,,0.0,,,0,0.0,274.562958,35310,0.3438,hold,,,0.0,,,0,0.0,178.389999,23713,0.15,hold,,,0.0,,,0,0.0,135.537659,31791,0.1528,hold,,,0.0,,,0,0.0
2020-10-20,28241986,1,False,False,,318.307312,31441,0.3544,hold,,,0.0,,,0,0.0,275.153168,35310,0.344,hold,,,0.0,,,0,0.0,179.25,23713,0.1505,hold,,,0.0,,,0,0.0,134.247787,31791,0.1511,hold,,,0.0,,,0,0.0
2020-10-21,28232804,1,False,False,,317.704742,31441,0.3538,hold,,,0.0,,,0,0.0,274.940369,35310,0.3439,hold,,,0.0,,,0,0.0,180.600006,23713,0.1517,hold,,,0.0,,,0,0.0,133.784271,31791,0.1506,hold,,,0.0,,,0,0.0
2020-10-22,28201056,1,False,False,,319.447449,31441,0.3561,hold,,,0.0,,,0,0.0,274.930573,35310,0.3442,hold,,,0.0,,,0,0.0,178.830002,23713,0.1504,hold,,,0.0,,,0,0.0,132.39325,31791,0.1492,hold,,,0.0,,,0,0.0
2020-10-23,28275513,1,False,False,,320.532013,31441,0.3564,hold,,,0.0,,,0,0.0,275.472443,35310,0.344,hold,,,0.0,,,0,0.0,178.639999,23713,0.1498,hold,,,0.0,,,0,0.0,133.202576,31791,0.1498,hold,,,0.0,,,0,0.0
2020-10-26,27980669,1,False,False,,314.608643,31441,0.3535,hold,,,0.0,,,0,0.0,271.34137,35310,0.3424,hold,,,0.0,,,0,0.0,178.550003,23713,0.1513,hold,,,0.0,,,0,0.0,134.441757,31791,0.1527,hold,,,0.0,,,0,0.0
2020-10-27,28061204,1,False,False,,313.523987,31441,0.3513,hold,,,0.0,,,0,0.0,273.460175,35310,0.3441,hold,,,0.0,,,0,0.0,179.020004,23713,0.1513,hold,,,0.0,,,0,0.0,135.343811,31791,0.1533,hold,,,0.0,,,0,0.0
2020-10-28,27283319,1,False,False,,302.808105,31441,0.349,hold,,,0.0,,,0,0.0,262.798767,35310,0.3401,hold,,,0.0,,,0,0.0,176.130005,23713,0.1531,hold,,,0.0,,,0,0.0,135.470215,31791,0.1579,hold,,,0.0,,,0,0.0
2020-10-29,27483225,1,False,False,,305.88562,31441,0.3499,hold,,,0.0,,,0,0.0,267.394196,35310,0.3435,hold,,,0.0,,,0,0.0,175.399994,23713,0.1513,hold,,,0.0,,,0,0.0,134.155106,31791,0.1552,hold,,,0.0,,,0,0.0
2020-10-30,27120395,1,False,False,,302.696808,31441,0.3509,hold,,,0.0,,,0,0.0,260.612366,35310,0.3393,hold,,,0.0,,,0,0.0,176.199997,23713,0.1541,hold,,,0.0,,,0,0.0,132.831635,31791,0.1557,hold,,,0.0,,,0,0.0
2020-11-02,27319744,1,True,False,,306.08963,31441,0.3523,hold,,,0.0,,,0,0.0,261.19278,35310,0.3376,hold,,,0.0,,,0,0.0,177.910004,23713,0.1544,hold,,,0.0,,,0,0.0,133.826614,31791,0.1557,hold,,,0.0,,,0,0.0
2020-11-03,27648459,1,False,False,,311.493896,31441,0.3542,hold,,,0.0,,,0,0.0,265.710846,35310,0.3393,hold,,,0.0,,,0,0.0,178.919998,23713,0.1535,hold,,,0.0,,,0,0.0,133.050186,31791,0.153,hold,,,0.0,,,0,0.0
2020-11-04,28375532,1,False,False,,318.455597,31441,0.3529,hold,,,0.0,,,0,0.0,277.571777,35310,0.3454,hold,,,0.0,,,0,0.0,178.820007,23713,0.1494,hold,,,0.0,,,0,0.0,135.936295,31791,0.1523,hold,,,0.0,,,0,0.0
2020-11-05,28931301,1,False,False,,324.666321,31441,0.3528,hold,,,0.0,,,0,0.0,284.808319,35310,0.3476,hold,,,0.0,,,0,0.0,182.929993,23713,0.1499,hold,,,0.0,,,0,0.0,136.172668,31791,0.1496,hold,,,0.0,,,0,0.0
2020-11-06,28890334,1,False,False,,324.592194,31441,0.3532,hold,,,0.0,,,0,0.0,285.021118,35310,0.3484,hold,,,0.0,,,0,0.0,183.190002,23713,0.1504,hold,,,0.0,,,0,0.0,134.527069,31791,0.148,hold,,,0.0,,,0,0.0
2020-11-09,28530740,1,False,False,,328.670929,31441,0.3622,hold,,,0.0,,,0,0.0,279.197144,35310,0.3455,hold,,,0.0,,,0,0.0,175.080002,23713,0.1455,hold,,,0.0,,,0,0.0,131.699951,31791,0.1467,hold,,,0.0,,,0,0.0
2020-11-10,28328581,1,False,False,,328.188934,31441,0.3642,hold,,,0.0,,,0,0.0,274.195343,35310,0.3418,hold,,,0.0,,,0,0.0,175.660004,23713,0.147,hold,,,0.0,,,0,0.0,130.940475,31791,0.1469,hold,,,0.0,,,0,0.0
2020-11-11,28618815,1,False,False,,330.626831,31441,0.3632,hold,,,0.0,,,0,0.0,280.329102,35310,0.3459,hold,,,0.0,,,0,0.0,174.899994,23713,0.1449,hold,,,0.0,,,0,0.0,131.41304,31791,0.146,hold,,,0.0,,,0,0.0
2020-11-12,28567740,1,False,False,,327.419495,31441,0.3604,hold,,,0.0,,,0,0.0,279.013214,35310,0.3449,hold,,,0.0,,,0,0.0,175.960007,23713,0.1461,hold,,,0.0,,,0,0.0,133.649353,31791,0.1487,hold,,,0.0,,,0,0.0
2020-11-13,28819511,1,False,False,,331.952454,31441,0.3621,hold,,,0.0,,,0,0.0,281.460876,35310,0.3448,hold,,,0.0,,,0,0.0,177.160004,23713,0.1458,hold,,,0.0,,,0,0.0,133.472183,31791,0.1472,hold,,,0.0,,,0,0.0
2020-11-16,29016904,1,False,False,,336.0961,31441,0.3642,hold,,,0.0,,,0,0.0,283.657043,35310,0.3452,hold,,,0.0,,,0,0.0,177.149994,23713,0.1448,hold,,,0.0,,,0,0.0,133.151459,31791,0.1459,hold,,,0.0,,,0,0.0
2020-11-17,28940519,1,False,False,,334.288391,31441,0.3632,hold,,,0.0,,,0,0.0,282.757294,35310,0.345,hold,,,0.0,,,0,0.0,176.5,23713,0.1446,hold,,,0.0,,,0,0.0,134.020706,31791,0.1472,hold,,,0.0,,,0,0.0
2020-11-18,28728640,1,False,False,,330.265442,31441,0.3614,hold,,,0.0,,,0,0.0,280.667633,35310,0.345,hold,,,0.0,,,0,0.0,175.490005,23713,0.1449,hold,,,0.0,,,0,0.0,134.408936,31791,0.1487,hold,,,0.0,,,0,0.0
2020-11-19,28864072,1,False,False,,331.655853,31441,0.3613,hold,,,0.0,,,0,0.0,282.86377,35310,0.346,hold,,,0.0,,,0,0.0,175.160004,23713,0.1439,hold,,,0.0,,,0,0.0,135.100845,31791,0.1488,hold,,,0.0,,,0,0.0
2020-11-20,28775005,1,False,False,,329.384613,31441,0.3599,hold,,,0.0,,,0,0.0,280.928833,35310,0.3447,hold,,,0.0,,,0,0.0,175.690002,23713,0.1448,hold,,,0.0,,,0,0.0,136.29921,31791,0.1506,hold,,,0.0,,,0,0.0
2020-11-23,28735531,1,False,False,,331.359192,31441,0.3626,hold,,,0.0,,,0,0.0,280.938538,35310,0.3452,hold,,,0.0,,,0,0.0,172.229996,23713,0.1421,hold,,,0.0,,,0,0.0,135.674744,31791,0.1501,hold,,,0.0,,,0,0.0
2020-11-24,28937256,1,False,False,,336.698608,31441,0.3658,hold,,,0.0,,,0,0.0,284.885773,35310,0.3476,hold,,,0.0,,,0,0.0,169.589996,23713,0.139,hold,,,0.0,,,0,0.0,134.324509,31791,0.1476,hold,,,0.0,,,0,0.0
2020-11-25,28967720,1,False,False,,336.179535,31441,0.3649,hold,,,0.0,,,0,0.0,286.63678,35310,0.3494,hold,,,0.0,,,0,0.0,169.509995,23713,0.1388,hold,,,0.0,,,0,0.0,133.91095,31791,0.147,hold,,,0.0,,,0,0.0
2020-11-27,29090947,1,False,False,,337.115784,31441,0.3643,hold,,,0.0,,,0,0.0,289.277954,35310,0.3511,hold,,,0.0,,,0,0.0,167.789993,23713,0.1368,hold,,,0.0,,,0,0.0,135.210602,31791,0.1478,hold,,,0.0,,,0,0.0
2020-11-30,29032936,1,False,False,,335.62326,31441,0.3635,hold,,,0.0,,,0,0.0,289.868134,35310,0.3525,hold,,,0.0,,,0,0.0,166.669998,23713,0.1361,hold,,,0.0,,,0,0.0,135.041824,31791,0.1479,hold,,,0.0,,,0,0.0
2020-12-01,29299458,1,True,False,,339.294098,31441,0.3641,hold,,,0.0,,,0,0.0,293.583069,35310,0.3538,hold,,,0.0,,,0,0.0,170.179993,23713,0.1377,hold,,,0.0,,,0,0.0,133.05072,31791,0.1444,hold,,,0.0,,,0,0.0
2020-12-02,29332010,1,False,False,,340.007904,31441,0.3645,hold,,,0.0,,,0,0.0,293.96048,35310,0.3539,hold,,,0.0,,,0,0.0,171.460007,23713,0.1386,hold,,,0.0,,,0,0.0,131.994736,31791,0.1431,hold,,,0.0,,,0,0.0
2020-12-03,29409639,1,False,False,,339.915283,31441,0.3634,hold,,,0.0,,,0,0.0,294.376465,35310,0.3534,hold,,,0.0,,,0,0.0,172.809998,23713,0.1393,hold,,,0.0,,,0,0.0,133.059204,31791,0.1438,hold,,,0.0,,,0,0.0
2020-12-04,29470435,1,False,False,,342.844513,31441,0.3658,hold,,,0.0,,,0,0.0,295.576019,35310,0.3541,hold,,,0.0,,,0,0.0,172.320007,23713,0.1387,hold,,,0.0,,,0,0.0,131.107742,31791,0.1414,hold,,,0.0,,,0,0.0
2020-12-07,29605926,1,False,False,,342.139984,31441,0.3633,hold,,,0.0,,,0,0.0,297.249786,35310,0.3545,hold,,,0.0,,,0,0.0,174.889999,23713,0.1401,hold,,,0.0,,,0,0.0,132.290451,31791,0.1421,hold,,,0.0,,,0,0.0
2020-12-08,29707263,1,False,False,,343.141083,31441,0.3632,hold,,,0.0,,,0,0.0,298.255859,35310,0.3545,hold,,,0.0,,,0,0.0,175.5,23713,0.1401,hold,,,0.0,,,0,0.0,132.915512,31791,0.1422,hold,,,0.0,,,0,0.0
2020-12-09,29286957,1,False,False,,340.063538,31441,0.3651,hold,,,0.0,,,0,0.0,291.503052,35310,0.3515,hold,,,0.0,,,0,0.0,172.5,23713,0.1397,hold,,,0.0,,,0,0.0,132.476273,31791,0.1438,hold,,,0.0,,,0,0.0
2020-12-10,29354301,1,False,False,,339.952301,31441,0.3641,hold,,,0.0,,,0,0.0,292.673706,35310,0.3521,hold,,,0.0,,,0,0.0,172.169998,23713,0.1391,hold,,,0.0,,,0,0.0,133.650528,31791,0.1447,hold,,,0.0,,,0,0.0
2020-12-11,29341506,1,False,False,,339.553711,31441,0.3639,hold,,,0.0,,,0,0.0,292.025543,35310,0.3514,hold,,,0.0,,,0,0.0,172.490005,23713,0.1394,hold,,,0.0,,,0,0.0,134.123474,31791,0.1453,hold,,,0.0,,,0,0.0
2020-12-14,29334178,1,False,False,,338.033478,31441,0.3623,hold,,,0.0,,,0,0.0,294.144257,35310,0.3541,hold,,,0.0,,,0,0.0,171.539993,23713,0.1387,hold,,,0.0,,,0,0.0,133.751846,31791,0.145,hold,,,0.0,,,0,0.0
2020-12-15,29631560,1,False,False,,342.603424,31441,0.3635,hold,,,0.0,,,0,0.0,297.288483,35310,0.3543,hold,,,0.0,,,0,0.0,173.940002,23713,0.1392,hold,,,0.0,,,0,0.0,133.304062,31791,0.143,hold,,,0.0,,,0,0.0
2020-12-16,29717680,1,False,False,,343.141083,31441,0.363,hold,,,0.0,,,0,0.0,298.923431,35310,0.3552,hold,,,0.0,,,0,0.0,174.899994,23713,0.1396,hold,,,0.0,,,0,0.0,132.94928,31791,0.1422,hold,,,0.0,,,0,0.0
2020-12-17,29879472,1,False,False,,345.060028,31441,0.3631,hold,,,0.0,,,0,0.0,300.877808,35310,0.3556,hold,,,0.0,,,0,0.0,176.740005,23713,0.1403,hold,,,0.0,,,0,0.0,132.597534,31791,0.1411,hold,,,0.0,,,0,0.0
2020-12-18,29784284,1,False,False,,343.682129,31441,0.3628,hold,,,0.0,,,0,0.0,299.968231,35310,0.3556,hold,,,0.0,,,0,0.0,176.440002,23713,0.1405,hold,,,0.0,,,0,0.0,132.200089,31791,0.1411,hold,,,0.0,,,0,0.0
2020-12-21,29729229,1,False,False,,342.453369,31441,0.3622,hold,,,0.0,,,0,0.0,299.407196,35310,0.3556,hold,,,0.0,,,0,0.0,175.880005,23713,0.1403,hold,,,0.0,,,0,0.0,132.724396,31791,0.1419,hold,,,0.0,,,0,0.0
2020-12-22,29728644,1,False,False,,341.87619,31441,0.3616,hold,,,0.0,,,0,0.0,300.221344,35310,0.3566,hold,,,0.0,,,0,0.0,174.490005,23713,0.1392,hold,,,0.0,,,0,0.0,133.409363,31791,0.1427,hold,,,0.0,,,0,0.0
2020-12-23,29683118,1,False,False,,342.18338,31441,0.3624,hold,,,0.0,,,0,0.0,298.709381,35310,0.3553,hold,,,0.0,,,0,0.0,175.649994,23713,0.1403,hold,,,0.0,,,0,0.0,132.487595,31791,0.1419,hold,,,0.0,,,0,0.0
2020-12-24,29804781,1,False,False,,343.514557,31441,0.3624,hold,,,0.0,,,0,0.0,300.027466,35310,0.3554,hold,,,0.0,,,0,0.0,176.350006,23713,0.1403,hold,,,0.0,,,0,0.0,133.011917,31791,0.1419,hold,,,0.0,,,0,0.0
2020-12-28,29991045,1,False,False,,346.465637,31441,0.3632,hold,,,0.0,,,0,0.0,303.051392,35310,0.3568,hold,,,0.0,,,0,0.0,175.710007,23713,0.1389,hold,,,0.0,,,0,0.0,133.071075,31791,0.1411,hold,,,0.0,,,0,0.0
2020-12-29,29989643,1,False,False,,345.804657,31441,0.3625,hold,,,0.0,,,0,0.0,303.322693,35310,0.3571,hold,,,0.0,,,0,0.0,176.350006,23713,0.1394,hold,,,0.0,,,0,0.0,132.901947,31791,0.1409,hold,,,0.0,,,0,0.0
2020-12-30,30046655,1,False,False,,346.298096,31441,0.3624,hold,,,0.0,,,0,0.0,303.332397,35310,0.3565,hold,,,0.0,,,0,0.0,177.699997,23713,0.1402,hold,,,0.0,,,0,0.0,133.189545,31791,0.1409,hold,,,0.0,,,0,0.0
2020-12-31,30150163,1,False,False,,348.057617,31441,0.363,hold,,,0.0,,,0,0.0,304.078766,35310,0.3561,hold,,,0.0,,,0,0.0,178.360001,23713,0.1403,hold,,,0.0,,,0,0.0,133.383987,31791,0.1406,hold,,,0.0,,,0,0.0
2021-01-04,29938605,1,True,False,,343.319183,31441,0.3605,hold,,,0.0,,,0,0.0,299.785126,35310,0.3536,hold,,,0.0,,,0,0.0,182.330002,23713,0.1444,hold,,,0.0,,,0,0.0,133.223297,31791,0.1415,hold,,,0.0,,,0,0.0
2021-01-05,30081566,1,False,False,,345.683716,31441,0.3613,hold,,,0.0,,,0,0.0,302.256561,35310,0.3548,hold,,,0.0,,,0,0.0,182.869995,23713,0.1442,hold,,,0.0,,,0,0.0,132.233917,31791,0.1397,hold,,,0.0,,,0,0.0
2021-01-06,29841980,1,False,False,,347.750366,31441,0.3664,hold,,,0.0,,,0,0.0,298.069672,35310,0.3527,hold,,,0.0,,,0,0.0,179.899994,23713,0.143,hold,,,0.0,,,0,0.0,129.519409,31791,0.138,hold,,,0.0,,,0,0.0
2021-01-07,30212789,1,False,False,,352.917084,31441,0.3673,hold,,,0.0,,,0,0.0,305.280548,35310,0.3568,hold,,,0.0,,,0,0.0,179.479996,23713,0.1409,hold,,,0.0,,,0,0.0,128.377747,31791,0.1351,hold,,,0.0,,,0,0.0
2021-01-08,30255837,1,False,False,,354.927856,31441,0.3688,hold,,,0.0,,,0,0.0,309.20575,35310,0.3609,hold,,,0.0,,,0,0.0,173.339996,23713,0.1359,hold,,,0.0,,,0,0.0,127.963356,31791,0.1345,hold,,,0.0,,,0,0.0
2021-01-11,30008070,1,False,False,,352.53537,31441,0.3694,hold,,,0.0,,,0,0.0,304.737823,35310,0.3586,hold,,,0.0,,,0,0.0,173.0,23713,0.1367,hold,,,0.0,,,0,0.0,127.751991,31791,0.1353,hold,,,0.0,,,0,0.0
2021-01-12,30016629,1,False,False,,352.609802,31441,0.3693,hold,,,0.0,,,0,0.0,304.253174,35310,0.3579,hold,,,0.0,,,0,0.0,174.119995,23713,0.1376,hold,,,0.0,,,0,0.0,127.650467,31791,0.1352,hold,,,0.0,,,0,0.0
2021-01-13,30146955,1,False,False,,353.559418,31441,0.3687,hold,,,0.0,,,0,0.0,306.307831,35310,0.3588,hold,,,0.0,,,0,0.0,173.369995,23713,0.1364,hold,,,0.0,,,0,0.0,129.08812,31791,0.1361,hold,,,0.0,,,0,0.0
2021-01-14,30009614,1,False,False,,352.321228,31441,0.3691,hold,,,0.0,,,0,0.0,304.669952,35310,0.3585,hold,,,0.0,,,0,0.0,173.279999,23713,0.1369,hold,,,0.0,,,0,0.0,127.878868,31791,0.1355,hold,,,0.0,,,0,0.0
2021-01-15,29808759,1,False,False,,349.751831,31441,0.3689,hold,,,0.0,,,0,0.0,302.256561,35310,0.358,hold,,,0.0,,,0,0.0,171.130005,23713,0.1361,hold,,,0.0,,,0,0.0,128.3862,31791,0.1369,hold,,,0.0,,,0,0.0
2021-01-19,30098379,1,False,False,,352.498169,31441,0.3682,hold,,,0.0,,,0,0.0,306.666473,35310,0.3598,hold,,,0.0,,,0,0.0,172.580002,23713,0.136,hold,,,0.0,,,0,0.0,128.800613,31791,0.136,hold,,,0.0,,,0,0.0
2021-01-20,30574292,1,False,False,,357.376251,31441,0.3675,hold,,,0.0,,,0,0.0,313.799774,35310,0.3624,hold,,,0.0,,,0,0.0,175.389999,23713,0.136,hold,,,0.0,,,0,0.0,128.927429,31791,0.1341,hold,,,0.0,,,0,0.0
2021-01-21,30641799,1,False,False,,357.702087,31441,0.367,hold,,,0.0,,,0,0.0,316.310089,35310,0.3645,hold,,,0.0,,,0,0.0,175.279999,23713,0.1356,hold,,,0.0,,,0,0.0,128.022507,31791,0.1328,hold,,,0.0,,,0,0.0
2021-01-22,30550277,1,False,False,,356.436035,31441,0.3668,hold,,,0.0,,,0,0.0,315.399048,35310,0.3645,hold,,,0.0,,,0,0.0,173.899994,23713,0.135,hold,,,0.0,,,0,0.0,128.436966,31791,0.1337,hold,,,0.0,,,0,0.0
2021-01-25,30738211,1,False,False,,357.841736,31441,0.366,hold,,,0.0,,,0,0.0,318.006165,35310,0.3653,hold,,,0.0,,,0,0.0,174.050003,23713,0.1343,hold,,,0.0,,,0,0.0,129.950699,31791,0.1344,hold,,,0.0,,,0,0.0
2021-01-26,30719088,1,False,False,,357.283264,31441,0.3657,hold,,,0.0,,,0,0.0,318.471436,35310,0.3661,hold,,,0.0,,,0,0.0,173.619995,23713,0.134,hold,,,0.0,,,0,0.0,129.70546,31791,0.1342,hold,,,0.0,,,0,0.0
2021-01-27,30115455,1,False,False,,348.550995,31441,0.3639,hold,,,0.0,,,0,0.0,309.593475,35310,0.363,hold,,,0.0,,,0,0.0,172.520004,23713,0.1358,hold,,,0.0,,,0,0.0,130.035233,31791,0.1373,hold,,,0.0,,,0,0.0
2021-01-28,30255329,1,False,False,,351.548645,31441,0.3653,hold,,,0.0,,,0,0.0,311.425323,35310,0.3635,hold,,,0.0,,,0,0.0,172.679993,23713,0.1353,hold,,,0.0,,,0,0.0,129.316437,31791,0.1359,hold,,,0.0,,,0,0.0
2021-01-29,29776312,1,False,False,,344.510712,31441,0.3638,hold,,,0.0,,,0,0.0,304.873474,35310,0.3615,hold,,,0.0,,,0,0.0,172.610001,23713,0.1375,hold,,,0.0,,,0,0.0,128.538467,31791,0.1372,hold,,,0.0,,,0,0.0
2021-02-01,30268755,1,True,False,,350.2453,31441,0.3638,hold,,,0.0,,,0,0.0,312.491455,35310,0.3645,hold,,,0.0,,,0,0.0,174.229996,23713,0.1365,hold,,,0.0,,,0,0.0,128.687439,31791,0.1352,hold,,,0.0,,,0,0.0
2021-02-02,30527830,1,False,False,,355.197906,31441,0.3658,hold,,,0.0,,,0,0.0,317.589355,35310,0.3673,hold,,,0.0,,,0,0.0,172.110001,23713,0.1337,hold,,,0.0,,,0,0.0,127.857803,31791,0.1331,hold,,,0.0,,,0,0.0
2021-02-03,30449888,1,False,False,,355.477142,31441,0.367,hold,,,0.0,,,0,0.0,316.329407,35310,0.3668,hold,,,0.0,,,0,0.0,171.850006,23713,0.1338,hold,,,0.0,,,0,0.0,126.723267,31791,0.1323,hold,,,0.0,,,0,0.0
2021-02-04,30610515,1,False,False,,359.517395,31441,0.3693,hold,,,0.0,,,0,0.0,320.070618,35310,0.3692,hold,,,0.0,,,0,0.0,168.149994,23713,0.1303,hold,,,0.0,,,0,0.0,126.384628,31791,0.1313,hold,,,0.0,,,0,0.0
2021-02-05,30699050,1,False,False,,360.932373,31441,0.3697,hold,,,0.0,,,0,0.0,321.156036,35310,0.3694,hold,,,0.0,,,0,0.0,169.809998,23713,0.1312,hold,,,0.0,,,0,0.0,125.326347,31791,0.1298,hold,,,0.0,,,0,0.0
2021-02-08,30915025,1,False,False,,363.539032,31441,0.3697,hold,,,0.0,,,0,0.0,323.30777,35310,0.3693,hold,,,0.0,,,0,0.0,171.520004,23713,0.1316,hold,,,0.0,,,0,0.0,125.876579,31791,0.1294,hold,,,0.0,,,0,0.0
2021-02-09,30921259,1,False,False,,363.296936,31441,0.3694,hold,,,0.0,,,0,0.0,323.239868,35310,0.3691,hold,,,0.0,,,0,0.0,172.080002,23713,0.132,hold,,,0.0,,,0,0.0,125.96981,31791,0.1295,hold,,,0.0,,,0,0.0
2021-02-10,30931862,1,False,False,,363.138733,31441,0.3691,hold,,,0.0,,,0,0.0,322.503326,35310,0.3682,hold,,,0.0,,,0,0.0,172.710007,23713,0.1324,hold,,,0.0,,,0,0.0,126.807961,31791,0.1303,hold,,,0.0,,,0,0.0
2021-02-11,30955285,1,False,False,,363.725128,31441,0.3694,hold,,,0.0,,,0,0.0,324.276947,35310,0.3699,hold,,,0.0,,,0,0.0,171.210007,23713,0.1312,hold,,,0.0,,,0,0.0,126.113701,31791,0.1295,hold,,,0.0,,,0,0.0
2021-02-12,31013651,1,False,False,,365.521973,31441,0.3706,hold,,,0.0,,,0,0.0,326.089355,35310,0.3713,hold,,,0.0,,,0,0.0,170.690002,23713,0.1305,hold,,,0.0,,,0,0.0,124.547424,31791,0.1277,hold,,,0.0,,,0,0.0
2021-02-16,30854169,1,False,False,,365.205383,31441,0.3722,hold,,,0.0,,,0,0.0,325.207397,35310,0.3722,hold,,,0.0,,,0,0.0,168.240005,23713,0.1293,hold,,,0.0,,,0,0.0,122.650986,31791,0.1264,hold,,,0.0,,,0,0.0
2021-02-17,30781173,1,False,False,,365.289185,31441,0.3731,hold,,,0.0,,,0,0.0,323.646912,35310,0.3713,hold,,,0.0,,,0,0.0,166.330002,23713,0.1281,hold,,,0.0,,,0,0.0,123.429871,31791,0.1275,hold,,,0.0,,,0,0.0
2021-02-18,30666213,1,False,False,,363.734467,31441,0.3729,hold,,,0.0,,,0,0.0,322.231964,35310,0.371,hold,,,0.0,,,0,0.0,166.320007,23713,0.1286,hold,,,0.0,,,0,0.0,122.930374,31791,0.1274,hold,,,0.0,,,0,0.0
2021-02-19,30560810,1,False,False,,363.092163,31441,0.3735,hold,,,0.0,,,0,0.0,320.82663,35310,0.3707,hold,,,0.0,,,0,0.0,167.009995,23713,0.1296,hold,,,0.0,,,0,0.0,121.296333,31791,0.1262,hold,,,0.0,,,0,0.0
2021-02-22,30209312,1,False,False,,360.299347,31441,0.375,hold,,,0.0,,,0,0.0,312.510742,35310,0.3653,hold,,,0.0,,,0,0.0,169.509995,23713,0.1331,hold,,,0.0,,,0,0.0,120.373512,31791,0.1267,hold,,,0.0,,,0,0.0
2021-02-23,30169935,1,False,False,,360.736908,31441,0.3759,hold,,,0.0,,,0,0.0,311.580383,35310,0.3647,hold,,,0.0,,,0,0.0,169.119995,23713,0.1329,hold,,,0.0,,,0,0.0,120.026405,31791,0.1265,hold,,,0.0,,,0,0.0
2021-02-24,30357728,1,False,False,,364.711975,31441,0.3777,hold,,,0.0,,,0,0.0,314.148743,35310,0.3654,hold,,,0.0,,,0,0.0,169.0,23713,0.132,hold,,,0.0,,,0,0.0,119.239044,31791,0.1249,hold,,,0.0,,,0,0.0
2021-02-25,29557392,1,False,False,,355.92395,31441,0.3786,hold,,,0.0,,,0,0.0,303.196655,35310,0.3622,hold,,,0.0,,,0,0.0,165.820007,23713,0.133,hold,,,0.0,,,0,0.0,117.291771,31791,0.1262,hold,,,0.0,,,0,0.0
2021-02-26,29572749,1,False,False,,354.090027,31441,0.3765,hold,,,0.0,,,0,0.0,304.4664,35310,0.3635,hold,,,0.0,,,0,0.0,161.809998,23713,0.1297,hold,,,0.0,,,0,0.0,121.169357,31791,0.1303,hold,,,0.0,,,0,0.0
2021-03-01,30108501,1,True,False,,362.673218,31441,0.3787,hold,REDUCE_TO_TARGET,rebalance 2021-03-01,-864833.0,,,0,0.0,313.625366,35310,0.3678,hold,REDUCE_TO_TARGET,rebalance 2021-03-01,-536136.0,,,0,0.0,161.529999,23713,0.1272,hold,INCREASE_TO_TARGET,rebalance 2021-03-01,685914.0,,,0,0.0,119.569023,31791,0.1263,hold,INCREASE_TO_TARGET,rebalance 2021-03-01,715056.0,,,0,0.0
2021-03-02,29877068,210,False,True,monthly,359.843201,29051,0.3499,hold,,,0.0,REDUCE_TO_TARGET,sell,2390,361.807973,308.595215,33599,0.347,hold,,,0.0,REDUCE_TO_TARGET,sell,1711,313.322281,162.410004,27935,0.1519,hold,,,0.0,INCREASE_TO_TARGET,buy,4222,161.929993,119.57753,37780,0.1512,hold,,,0.0,INCREASE_TO_TARGET,buy,5989,119.009595
2021-03-03,29338706,210,False,False,,355.076904,29051,0.3516,hold,,,0.0,,,0,0.0,299.63974,33599,0.3432,hold,,,0.0,,,0,0.0,160.619995,27935,0.1529,hold,,,0.0,,,0,0.0,118.280609,37780,0.1523,hold,,,0.0,,,0,0.0
2021-03-04,28973318,210,False,False,,350.6828,29051,0.3516,hold,,,0.0,,,0,0.0,294.735565,33599,0.3418,hold,,,0.0,,,0,0.0,159.039993,27935,0.1533,hold,,,0.0,,,0,0.0,117.517708,37780,0.1532,hold,,,0.0,,,0,0.0
2021-03-05,29321323,210,False,False,,357.134125,29051,0.3538,hold,,,0.0,,,0,0.0,299.17453,33599,0.3428,hold,,,0.0,,,0,0.0,159.139999,27935,0.1516,hold,,,0.0,,,0,0.0,117.746651,37780,0.1517,hold,,,0.0,,,0,0.0
2021-03-08,28904378,210,False,False,,355.35611,29051,0.3572,hold,,,0.0,,,0,0.0,290.703735,33599,0.3379,hold,,,0.0,,,0,0.0,157.490005,27935,0.1522,hold,,,0.0,,,0,0.0,116.831123,37780,0.1527,hold,,,0.0,,,0,0.0
2021-03-09,29591752,210,False,False,,360.429718,29051,0.3538,hold,,,0.0,,,0,0.0,302.169312,33599,0.3431,hold,,,0.0,,,0,0.0,160.839996,27935,0.1518,hold,,,0.0,,,0,0.0,118.450142,37780,0.1512,hold,,,0.0,,,0,0.0
2021-03-10,29659820,210,False,False,,362.673218,29051,0.3552,hold,,,0.0,,,0,0.0,301.306763,33599,0.3413,hold,,,0.0,,,0,0.0,161.660004,27935,0.1523,hold,,,0.0,,,0,0.0,118.687447,37780,0.1512,hold,,,0.0,,,0,0.0
2021-03-11,29963554,210,False,False,,366.350433,29051,0.3552,hold,,,0.0,,,0,0.0,308.246338,33599,0.3456,hold,,,0.0,,,0,0.0,161.520004,27935,0.1506,hold,,,0.0,,,0,0.0,117.831329,37780,0.1486,hold,,,0.0,,,0,0.0
2021-03-12,29798563,210,False,False,,366.843781,29051,0.3576,hold,,,0.0,,,0,0.0,305.745789,33599,0.3447,hold,,,0.0,,,0,0.0,161.490005,27935,0.1514,hold,,,0.0,,,0,0.0,115.330811,37780,0.1462,hold,,,0.0,,,0,0.0
2021-03-15,30017310,210,False,False,,369.031525,29051,0.3572,hold,,,0.0,,,0,0.0,309.011932,33599,0.3459,hold,,,0.0,,,0,0.0,162.199997,27935,0.1509,hold,,,0.0,,,0,0.0,116.008911,37780,0.146,hold,,,0.0,,,0,0.0
2021-03-16,30047357,210,False,False,,368.566132,29051,0.3563,hold,,,0.0,,,0,0.0,310.708069,33599,0.3474,hold,,,0.0,,,0,0.0,162.350006,27935,0.1509,hold,,,0.0,,,0,0.0,115.542717,37780,0.1453,hold,,,0.0,,,0,0.0
2021-03-17,30126588,210,False,False,,369.822784,29051,0.3566,hold,,,0.0,,,0,0.0,311.987427,33599,0.3479,hold,,,0.0,,,0,0.0,163.509995,27935,0.1516,hold,,,0.0,,,0,0.0,114.678108,37780,0.1438,hold,,,0.0,,,0,0.0
2021-03-18,29578774,210,False,False,,364.441956,29051,0.3579,hold,,,0.0,,,0,0.0,302.431091,33599,0.3435,hold,,,0.0,,,0,0.0,162.559998,27935,0.1535,hold,,,0.0,,,0,0.0,113.516792,37780,0.145,hold,,,0.0,,,0,0.0
2021-03-19,29640579,210,False,False,,363.767639,29051,0.3565,hold,,,0.0,,,0,0.0,303.497101,33599,0.344,hold,,,0.0,,,0,0.0,163.240005,27935,0.1538,hold,,,0.0,,,0,0.0,114.220383,37780,0.1456,hold,,,0.0,,,0,0.0
2021-03-22,29957848,210,False,False,,366.672333,29051,0.3556,hold,,,0.0,,,0,0.0,309.188721,33599,0.3468,hold,,,0.0,,,0,0.0,163.0,27935,0.152,hold,,,0.0,,,0,0.0,115.500336,37780,0.1457,hold,,,0.0,,,0,0.0
2021-03-23,29834833,210,False,False,,363.786407,29051,0.3542,hold,,,0.0,,,0,0.0,307.839874,33599,0.3467,hold,,,0.0,,,0,0.0,161.809998,27935,0.1515,hold,,,0.0,,,0,0.0,116.542885,37780,0.1476,hold,,,0.0,,,0,0.0
2021-03-24,29646015,210,False,False,,361.937164,29051,0.3547,hold,,,0.0,,,0,0.0,302.648132,33599,0.343,hold,,,0.0,,,0,0.0,162.369995,27935,0.153,hold,,,0.0,,,0,0.0,117.170151,37780,0.1493,hold,,,0.0,,,0,0.0
2021-03-25,29636166,210,False,False,,363.973175,29051,0.3568,hold,,,0.0,,,0,0.0,302.124023,33599,0.3425,hold,,,0.0,,,0,0.0,161.779999,27935,0.1525,hold,,,0.0,,,0,0.0,116.246216,37780,0.1482,hold,,,0.0,,,0,0.0
2021-03-26,29956310,210,False,False,,369.838593,29051,0.3587,hold,,,0.0,,,0,0.0,306.655945,33599,0.3439,hold,,,0.0,,,0,0.0,162.240005,27935,0.1513,hold,,,0.0,,,0,0.0,115.839378,37780,0.1461,hold,,,0.0,,,0,0.0
2021-03-29,29856882,210,False,False,,369.651733,29051,0.3597,hold,,,0.0,,,0,0.0,306.568573,33599,0.345,hold,,,0.0,,,0,0.0,160.309998,27935,0.15,hold,,,0.0,,,0,0.0,114.856056,37780,0.1453,hold,,,0.0,,,0,0.0
2021-03-30,29722747,210,False,False,,368.671112,29051,0.3603,hold,,,0.0,,,0,0.0,305.025574,33599,0.3448,hold,,,0.0,,,0,0.0,157.570007,27935,0.1481,hold,,,0.0,,,0,0.0,115.457924,37780,0.1468,hold,,,0.0,,,0,0.0
2021-03-31,29965420,210,False,False,,370.165497,29051,0.3589,hold,,,0.0,,,0,0.0,309.69339,33599,0.3472,hold,,,0.0,,,0,0.0,159.960007,27935,0.1491,hold,,,0.0,,,0,0.0,114.813683,37780,0.1448,hold,,,0.0,,,0,0.0
2021-04-01,30387347,210,True,False,,374.162903,29051,0.3577,hold,,,0.0,,,0,0.0,314.972565,33599,0.3483,hold,,,0.0,,,0,0.0,161.979996,27935,0.1489,hold,,,0.0,,,0,0.0,116.71933,37780,0.1451,hold,,,0.0,,,0,0.0
2021-04-05,30733725,210,False,False,,379.533264,29051,0.3588,hold,,,0.0,,,0,0.0,321.260895,33599,0.3512,hold,,,0.0,,,0,0.0,161.919998,27935,0.1472,hold,,,0.0,,,0,0.0,116.210014,37780,0.1429,hold,,,0.0,,,0,0.0
2021-04-06,30785855,210,False,False,,379.309143,29051,0.3579,hold,,,0.0,,,0,0.0,321.03775,33599,0.3504,hold,,,0.0,,,0,0.0,163.220001,27935,0.1481,hold,,,0.0,,,0,0.0,116.999397,37780,0.1436,hold,,,0.0,,,0,0.0
2021-04-07,30781057,210,False,False,,379.748108,29051,0.3584,hold,,,0.0,,,0,0.0,321.814087,33599,0.3513,hold,,,0.0,,,0,0.0,162.759995,27935,0.1477,hold,,,0.0,,,0,0.0,116.184555,37780,0.1426,hold,,,0.0,,,0,0.0
2021-04-08,31031360,210,False,False,,381.55072,29051,0.3572,hold,,,0.0,,,0,0.0,325.171722,33599,0.3521,hold,,,0.0,,,0,0.0,164.509995,27935,0.1481,hold,,,0.0,,,0,0.0,117.143692,37780,0.1426,hold,,,0.0,,,0,0.0
2021-04-09,31127461,210,False,False,,384.324615,29051,0.3587,hold,,,0.0,,,0,0.0,327.141663,33599,0.3531,hold,,,0.0,,,0,0.0,163.270004,27935,0.1465,hold,,,0.0,,,0,0.0,116.71933,37780,0.1417,hold,,,0.0,,,0,0.0
2021-04-12,31087606,210,False,False,,384.464722,29051,0.3593,hold,,,0.0,,,0,0.0,326.714752,33599,0.3531,hold,,,0.0,,,0,0.0,162.279999,27935,0.1458,hold,,,0.0,,,0,0.0,116.66835,37780,0.1418,hold,,,0.0,,,0,0.0
2021-04-13,31314002,210,False,False,,385.604156,29051,0.3577,hold,,,0.0,,,0,0.0,330.528473,33599,0.3546,hold,,,0.0,,,0,0.0,163.429993,27935,0.1458,hold,,,0.0,,,0,0.0,117.542671,37780,0.1418,hold,,,0.0,,,0,0.0
2021-04-14,31108447,210,False,False,,384.287354,29051,0.3589,hold,,,0.0,,,0,0.0,326.559418,33599,0.3527,hold,,,0.0,,,0,0.0,162.720001,27935,0.1461,hold,,,0.0,,,0,0.0,117.169174,37780,0.1423,hold,,,0.0,,,0,0.0
2021-04-15,31542203,210,False,False,,388.415436,29051,0.3577,hold,,,0.0,,,0,0.0,331.508514,33599,0.3531,hold,,,0.0,,,0,0.0,165.350006,27935,0.1464,hold,,,0.0,,,0,0.0,119.129936,37780,0.1427,hold,,,0.0,,,0,0.0
2021-04-16,31585944,210,False,False,,389.713745,29051,0.3584,hold,,,0.0,,,0,0.0,331.896759,33599,0.353,hold,,,0.0,,,0,0.0,166.350006,27935,0.1471,hold,,,0.0,,,0,0.0,118.204697,37780,0.1414,hold,,,0.0,,,0,0.0
2021-04-19,31402590,210,False,False,,387.798981,29051,0.3588,hold,,,0.0,,,0,0.0,328.859406,33599,0.3519,hold,,,0.0,,,0,0.0,165.889999,27935,0.1476,hold,,,0.0,,,0,0.0,117.865196,37780,0.1418,hold,,,0.0,,,0,0.0
2021-04-20,31276579,210,False,False,,384.959747,29051,0.3576,hold,,,0.0,,,0,0.0,326.462463,33599,0.3507,hold,,,0.0,,,0,0.0,166.479996,27935,0.1487,hold,,,0.0,,,0,0.0,118.408485,37780,0.143,hold,,,0.0,,,0,0.0
2021-04-21,31531369,210,False,False,,388.602264,29051,0.358,hold,,,0.0,,,0,0.0,329.257263,33599,0.3508,hold,,,0.0,,,0,0.0,168.130005,27935,0.149,hold,,,0.0,,,0,0.0,118.646065,37780,0.1422,hold,,,0.0,,,0,0.0
2021-04-22,31284022,210,False,False,,385.053192,29051,0.3576,hold,,,0.0,,,0,0.0,325.288177,33599,0.3494,hold,,,0.0,,,0,0.0,167.039993,27935,0.1492,hold,,,0.0,,,0,0.0,119.163887,37780,0.1439,hold,,,0.0,,,0,0.0
2021-04-23,31514439,210,False,False,,389.228088,29051,0.3588,hold,,,0.0,,,0,0.0,329.383392,33599,0.3512,hold,,,0.0,,,0,0.0,166.399994,27935,0.1475,hold,,,0.0,,,0,0.0,118.883736,37780,0.1425,hold,,,0.0,,,0,0.0
2021-04-26,31615980,210,False,False,,390.04068,29051,0.3584,hold,,,0.0,,,0,0.0,331.527985,33599,0.3523,hold,,,0.0,,,0,0.0,166.839996,27935,0.1474,hold,,,0.0,,,0,0.0,118.713974,37780,0.1419,hold,,,0.0,,,0,0.0
2021-04-27,31514427,210,False,False,,389.956604,29051,0.3595,hold,,,0.0,,,0,0.0,330.091797,33599,0.3519,hold,,,0.0,,,0,0.0,166.419998,27935,0.1475,hold,,,0.0,,,0,0.0,117.678429,37780,0.1411,hold,,,0.0,,,0,0.0
2021-04-28,31490246,210,False,False,,389.844482,29051,0.3596,hold,,,0.0,,,0,0.0,328.975769,33599,0.351,hold,,,0.0,,,0,0.0,166.910004,27935,0.1481,hold,,,0.0,,,0,0.0,117.754791,37780,0.1413,hold,,,0.0,,,0,0.0
2021-04-29,31569780,210,False,False,,392.328857,29051,0.361,hold,,,0.0,,,0,0.0,330.15976,33599,0.3514,hold,,,0.0,,,0,0.0,166.220001,27935,0.1471,hold,,,0.0,,,0,0.0,117.406845,37780,0.1405,hold,,,0.0,,,0,0.0
2021-04-30,31416799,210,False,False,,389.751099,29051,0.3604,hold,,,0.0,,,0,0.0,327.995667,33599,0.3508,hold,,,0.0,,,0,0.0,165.660004,27935,0.1473,hold,,,0.0,,,0,0.0,117.678429,37780,0.1415,hold,,,0.0,,,0,0.0
2021-05-03,31445255,210,True,False,,390.591675,29051,0.3609,hold,,,0.0,,,0,0.0,326.248932,33599,0.3486,hold,,,0.0,,,0,0.0,167.809998,27935,0.1491,hold,,,0.0,,,0,0.0,117.748978,37780,0.1415,hold,,,0.0,,,0,0.0
2021-05-04,31173818,210,False,False,,388.182007,29051,0.3617,hold,,,0.0,,,0,0.0,320.377808,33599,0.3453,hold,,,0.0,,,0,0.0,166.580002,27935,0.1493,hold,,,0.0,,,0,0.0,118.548073,37780,0.1437,hold,,,0.0,,,0,0.0
2021-05-05,31167815,210,False,False,,388.303406,29051,0.3619,hold,,,0.0,,,0,0.0,319.300659,33599,0.3442,hold,,,0.0,,,0,0.0,167.270004,27935,0.1499,hold,,,0.0,,,0,0.0,118.743584,37780,0.1439,hold,,,0.0,,,0,0.0
2021-05-06,31424080,210,False,False,,391.404144,29051,0.3618,hold,,,0.0,,,0,0.0,321.707306,33599,0.344,hold,,,0.0,,,0,0.0,170.059998,27935,0.1512,hold,,,0.0,,,0,0.0,118.939079,37780,0.143,hold,,,0.0,,,0,0.0
2021-05-07,31615131,210,False,False,,394.252899,29051,0.3623,hold,,,0.0,,,0,0.0,324.317749,33599,0.3447,hold,,,0.0,,,0,0.0,171.589996,27935,0.1516,hold,,,0.0,,,0,0.0,118.352608,37780,0.1414,hold,,,0.0,,,0,0.0
2021-05-10,31195767,210,False,False,,390.348846,29051,0.3635,hold,,,0.0,,,0,0.0,316.127289,33599,0.3405,hold,,,0.0,,,0,0.0,172.110001,27935,0.1541,hold,,,0.0,,,0,0.0,117.154022,37780,0.1419,hold,,,0.0,,,0,0.0
2021-05-11,31055676,210,False,False,,386.865051,29051,0.3619,hold,,,0.0,,,0,0.0,315.690674,33599,0.3415,hold,,,0.0,,,0,0.0,172.139999,27935,0.1548,hold,,,0.0,,,0,0.0,116.490936,37780,0.1417,hold,,,0.0,,,0,0.0
2021-05-12,30448353,210,False,False,,378.646057,29051,0.3613,hold,,,0.0,,,0,0.0,307.519592,33599,0.3393,hold,,,0.0,,,0,0.0,170.429993,27935,0.1564,hold,,,0.0,,,0,0.0,115.266907,37780,0.143,hold,,,0.0,,,0,0.0
2021-05-13,30686672,210,False,False,,383.19455,29051,0.3628,hold,,,0.0,,,0,0.0,309.897156,33599,0.3393,hold,,,0.0,,,0,0.0,171.130005,27935,0.1558,hold,,,0.0,,,0,0.0,115.445358,37780,0.1421,hold,,,0.0,,,0,0.0
2021-05-14,31171844,210,False,False,,389.078613,29051,0.3626,hold,,,0.0,,,0,0.0,316.738708,33599,0.3414,hold,,,0.0,,,0,0.0,172.690002,27935,0.1548,hold,,,0.0,,,0,0.0,116.52494,37780,0.1412,hold,,,0.0,,,0,0.0
2021-05-17,31125356,210,False,False,,388.088562,29051,0.3622,hold,,,0.0,,,0,0.0,314.8172,33599,0.3398,hold,,,0.0,,,0,0.0,174.699997,27935,0.1568,hold,,,0.0,,,0,0.0,116.278389,37780,0.1411,hold,,,0.0,,,0,0.0
2021-05-18,30955077,210,False,False,,384.745026,29051,0.3611,hold,,,0.0,,,0,0.0,312.691986,33599,0.3394,hold,,,0.0,,,0,0.0,175.039993,27935,0.158,hold,,,0.0,,,0,0.0,115.980904,37780,0.1416,hold,,,0.0,,,0,0.0
2021-05-19,30930591,210,False,False,,383.736237,29051,0.3604,hold,,,0.0,,,0,0.0,313.051086,33599,0.3401,hold,,,0.0,,,0,0.0,175.160004,27935,0.1582,hold,,,0.0,,,0,0.0,115.700394,37780,0.1413,hold,,,0.0,,,0,0.0
2021-05-20,31312293,210,False,False,,387.86438,29051,0.3599,hold,,,0.0,,,0,0.0,319.106567,33599,0.3424,hold,,,0.0,,,0,0.0,175.960007,27935,0.157,hold,,,0.0,,,0,0.0,116.652466,37780,0.1407,hold,,,0.0,,,0,0.0
2021-05-21,31260089,210,False,False,,387.546844,29051,0.3602,hold,,,0.0,,,0,0.0,317.340363,33599,0.3411,hold,,,0.0,,,0,0.0,176.039993,27935,0.1573,hold,,,0.0,,,0,0.0,117.026466,37780,0.1414,hold,,,0.0,,,0,0.0
2021-05-24,31579232,210,False,False,,391.497681,29051,0.3602,hold,,,0.0,,,0,0.0,322.677704,33599,0.3433,hold,,,0.0,,,0,0.0,176.350006,27935,0.156,hold,,,0.0,,,0,0.0,117.459953,37780,0.1405,hold,,,0.0,,,0,0.0
2021-05-25,31654802,210,False,False,,390.629059,29051,0.3585,hold,,,0.0,,,0,0.0,323.124146,33599,0.343,hold,,,0.0,,,0,0.0,177.949997,27935,0.157,hold,,,0.0,,,0,0.0,118.548073,37780,0.1415,hold,,,0.0,,,0,0.0
2021-05-26,31698772,210,False,False,,391.404144,29051,0.3587,hold,,,0.0,,,0,0.0,324.249817,33599,0.3437,hold,,,0.0,,,0,0.0,177.639999,27935,0.1565,hold,,,0.0,,,0,0.0,118.344032,37780,0.141,hold,,,0.0,,,0,0.0
2021-05-27,31647955,210,False,False,,391.60968,29051,0.3595,hold,,,0.0,,,0,0.0,323.036713,33599,0.343,hold,,,0.0,,,0,0.0,177.710007,27935,0.1569,hold,,,0.0,,,0,0.0,117.867996,37780,0.1407,hold,,,0.0,,,0,0.0
2021-05-28,31714194,210,False,False,,392.310181,29051,0.3594,hold,,,0.0,,,0,0.0,324.055725,33599,0.3433,hold,,,0.0,,,0,0.0,178.380005,27935,0.1571,hold,,,0.0,,,0,0.0,117.680977,37780,0.1402,hold,,,0.0,,,0,0.0
2021-06-01,31653558,210,True,False,,391.96463,29051,0.3597,hold,,,0.0,,,0,0.0,322.978546,33599,0.3428,hold,,,0.0,,,0,0.0,177.899994,27935,0.157,hold,,,0.0,,,0,0.0,117.654602,37780,0.1404,hold,,,0.0,,,0,0.0
2021-06-02,31727255,210,False,False,,392.580994,29051,0.3595,hold,,,0.0,,,0,0.0,323.609344,33599,0.3427,hold,,,0.0,,,0,0.0,178.770004,27935,0.1574,hold,,,0.0,,,0,0.0,117.927048,37780,0.1404,hold,,,0.0,,,0,0.0
2021-06-03,31457290,210,False,False,,391.123962,29051,0.3612,hold,,,0.0,,,0,0.0,320.241974,33599,0.342,hold,,,0.0,,,0,0.0,175.270004,27935,0.1556,hold,,,0.0,,,0,0.0,117.484375,37780,0.1411,hold,,,0.0,,,0,0.0
2021-06-04,31857385,210,False,False,,394.701294,29051,0.3599,hold,,,0.0,,,0,0.0,325.676361,33599,0.3435,hold,,,0.0,,,0,0.0,177.160004,27935,0.1553,hold,,,0.0,,,0,0.0,119.093254,37780,0.1412,hold,,,0.0,,,0,0.0
2021-06-07,31884870,210,False,False,,394.318329,29051,0.3593,hold,,,0.0,,,0,0.0,326.64679,33599,0.3442,hold,,,0.0,,,0,0.0,177.869995,27935,0.1558,hold,,,0.0,,,0,0.0,118.727226,37780,0.1407,hold,,,0.0,,,0,0.0
2021-06-08,31908682,210,False,False,,394.402313,29051,0.3591,hold,,,0.0,,,0,0.0,326.802063,33599,0.3441,hold,,,0.0,,,0,0.0,177.320007,27935,0.1552,hold,,,0.0,,,0,0.0,119.561493,37780,0.1416,hold,,,0.0,,,0,0.0
2021-06-09,31924578,210,False,False,,393.813934,29051,0.3584,hold,,,0.0,,,0,0.0,326.87973,33599,0.344,hold,,,0.0,,,0,0.0,176.979996,27935,0.1549,hold,,,0.0,,,0,0.0,120.617027,37780,0.1427,hold,,,0.0,,,0,0.0
2021-06-10,32140770,210,False,False,,395.64447,29051,0.3576,hold,,,0.0,,,0,0.0,330.285889,33599,0.3453,hold,,,0.0,,,0,0.0,177.740005,27935,0.1545,hold,,,0.0,,,0,0.0,121.340645,37780,0.1426,hold,,,0.0,,,0,0.0
2021-06-11,32125514,210,False,False,,396.29834,29051,0.3584,hold,,,0.0,,,0,0.0,331.149536,33599,0.3463,hold,,,0.0,,,0,0.0,175.740005,27935,0.1528,hold,,,0.0,,,0,0.0,121.144798,37780,0.1425,hold,,,0.0,,,0,0.0
2021-06-14,32194084,210,False,False,,397.185577,29051,0.3584,hold,,,0.0,,,0,0.0,334.322906,33599,0.3489,hold,,,0.0,,,0,0.0,174.710007,27935,0.1516,hold,,,0.0,,,0,0.0,120.216949,37780,0.1411,hold,,,0.0,,,0,0.0
2021-06-15,32075656,210,False,False,,396.457153,29051,0.3591,hold,,,0.0,,,0,0.0,332.139404,33599,0.3479,hold,,,0.0,,,0,0.0,174.050003,27935,0.1516,hold,,,0.0,,,0,0.0,120.072266,37780,0.1414,hold,,,0.0,,,0,0.0
2021-06-16,31884606,210,False,False,,394.24353,29051,0.3592,hold,,,0.0,,,0,0.0,330.926422,33599,0.3487,hold,,,0.0,,,0,0.0,171.110001,27935,0.1499,hold,,,0.0,,,0,0.0,119.970146,37780,0.1422,hold,,,0.0,,,0,0.0
2021-06-17,31942909,210,False,False,,394.112793,29051,0.3584,hold,,,0.0,,,0,0.0,335.128357,33599,0.3525,hold,,,0.0,,,0,0.0,165.850006,27935,0.145,hold,,,0.0,,,0,0.0,121.766304,37780,0.144,hold,,,0.0,,,0,0.0
2021-06-18,31760903,210,False,False,,388.79599,29051,0.3556,hold,,,0.0,,,0,0.0,332.498505,33599,0.3517,hold,,,0.0,,,0,0.0,164.929993,27935,0.1451,hold,,,0.0,,,0,0.0,124.056206,37780,0.1476,hold,,,0.0,,,0,0.0
2021-06-21,31969989,210,False,False,,394.362061,29051,0.3584,hold,,,0.0,,,0,0.0,334.564972,33599,0.3516,hold,,,0.0,,,0,0.0,166.949997,27935,0.1459,hold,,,0.0,,,0,0.0,121.979088,37780,0.1441,hold,,,0.0,,,0,0.0
2021-06-22,32127723,210,False,False,,396.470367,29051,0.3585,hold,,,0.0,,,0,0.0,337.683594,33599,0.3531,hold,,,0.0,,,0,0.0,166.25,27935,0.1446,hold,,,0.0,,,0,0.0,122.277061,37780,0.1438,hold,,,0.0,,,0,0.0
2021-06-23,32104415,210,False,False,,395.992462,29051,0.3583,hold,,,0.0,,,0,0.0,337.848724,33599,0.3536,hold,,,0.0,,,0,0.0,166.139999,27935,0.1446,hold,,,0.0,,,0,0.0,121.962082,37780,0.1435,hold,,,0.0,,,0,0.0
2021-06-24,32247260,210,False,False,,398.335052,29051,0.3589,hold,,,0.0,,,0,0.0,339.937683,33599,0.3542,hold,,,0.0,,,0,0.0,166.039993,27935,0.1438,hold,,,0.0,,,0,0.0,122.157875,37780,0.1431,hold,,,0.0,,,0,0.0
2021-06-25,32241768,210,False,False,,399.749969,29051,0.3602,hold,,,0.0,,,0,0.0,339.519836,33599,0.3538,hold,,,0.0,,,0,0.0,166.589996,27935,0.1443,hold,,,0.0,,,0,0.0,120.889435,37780,0.1417,hold,,,0.0,,,0,0.0
2021-06-28,32450591,210,False,False,,400.555786,29051,0.3586,hold,,,0.0,,,0,0.0,343.649017,33599,0.3558,hold,,,0.0,,,0,0.0,166.580002,27935,0.1434,hold,,,0.0,,,0,0.0,122.132317,37780,0.1422,hold,,,0.0,,,0,0.0
2021-06-29,32457469,210,False,False,,400.771362,29051,0.3587,hold,,,0.0,,,0,0.0,344.892609,33599,0.357,hold,,,0.0,,,0,0.0,164.830002,27935,0.1419,hold,,,0.0,,,0,0.0,122.336601,37780,0.1424,hold,,,0.0,,,0,0.0
2021-06-30,32491922,210,False,False,,401.108704,29051,0.3586,hold,,,0.0,,,0,0.0,344.348541,33599,0.3561,hold,,,0.0,,,0,0.0,165.630005,27935,0.1424,hold,,,0.0,,,0,0.0,122.881462,37780,0.1429,hold,,,0.0,,,0,0.0
2021-07-01,32577188,210,True,False,,403.329498,29051,0.3597,hold,,,0.0,,,0,0.0,344.484589,33599,0.3553,hold,,,0.0,,,0,0.0,166.199997,27935,0.1425,hold,,,0.0,,,0,0.0,122.888245,37780,0.1425,hold,,,0.0,,,0,0.0
2021-07-02,32858074,210,False,False,,406.412384,29051,0.3593,hold,,,0.0,,,0,0.0,348.438904,33599,0.3563,hold,,,0.0,,,0,0.0,167.289993,27935,0.1422,hold,,,0.0,,,0,0.0,123.629791,37780,0.1421,hold,,,0.0,,,0,0.0
2021-07-06,32965094,210,False,False,,405.672119,29051,0.3575,hold,,,0.0,,,0,0.0,349.944702,33599,0.3567,hold,,,0.0,,,0,0.0,168.119995,27935,0.1425,hold,,,0.0,,,0,0.0,125.078865,37780,0.1433,hold,,,0.0,,,0,0.0
2021-07-07,33091298,210,False,False,,407.105713,29051,0.3574,hold,,,0.0,,,0,0.0,350.683167,33599,0.3561,hold,,,0.0,,,0,0.0,168.759995,27935,0.1425,hold,,,0.0,,,0,0.0,126.187012,37780,0.1441,hold,,,0.0,,,0,0.0
2021-07-08,32939370,210,False,False,,403.788635,29051,0.3561,hold,,,0.0,,,0,0.0,348.565033,33599,0.3555,hold,,,0.0,,,0,0.0,168.649994,27935,0.143,hold,,,0.0,,,0,0.0,126.681366,37780,0.1453,hold,,,0.0,,,0,0.0
2021-07-09,33086052,210,False,False,,408.09903,29051,0.3583,hold,,,0.0,,,0,0.0,350.741333,33599,0.3562,hold,,,0.0,,,0,0.0,169.210007,27935,0.1429,hold,,,0.0,,,0,0.0,124.899872,37780,0.1426,hold,,,0.0,,,0,0.0
2021-07-12,33162560,210,False,False,,409.56076,29051,0.3588,hold,,,0.0,,,0,0.0,352.111267,33599,0.3567,hold,,,0.0,,,0,0.0,169.0,27935,0.1424,hold,,,0.0,,,0,0.0,124.73793,37780,0.1421,hold,,,0.0,,,0,0.0
2021-07-13,33092080,210,False,False,,408.164612,29051,0.3583,hold,,,0.0,,,0,0.0,352.111267,33599,0.3575,hold,,,0.0,,,0,0.0,169.220001,27935,0.1428,hold,,,0.0,,,0,0.0,123.783279,37780,0.1413,hold,,,0.0,,,0,0.0
2021-07-14,33234973,210,False,False,,408.773804,29051,0.3573,hold,,,0.0,,,0,0.0,352.742828,33599,0.3566,hold,,,0.0,,,0,0.0,171.039993,27935,0.1438,hold,,,0.0,,,0,0.0,125.18969,37780,0.1423,hold,,,0.0,,,0,0.0
2021-07-15,33164178,210,False,False,,407.377563,29051,0.3569,hold,,,0.0,,,0,0.0,350.26532,33599,0.3549,hold,,,0.0,,,0,0.0,171.070007,27935,0.1441,hold,,,0.0,,,0,0.0,126.570595,37780,0.1442,hold,,,0.0,,,0,0.0
2021-07-16,32920640,210,False,False,,404.182251,29051,0.3567,hold,,,0.0,,,0,0.0,347.428345,33599,0.3546,hold,,,0.0,,,0,0.0,169.410004,27935,0.1438,hold,,,0.0,,,0,0.0,126.331871,37780,0.145,hold,,,0.0,,,0,0.0
2021-07-19,32761841,210,False,False,,398.213348,29051,0.3531,hold,,,0.0,,,0,0.0,344.581696,33599,0.3534,hold,,,0.0,,,0,0.0,169.610001,27935,0.1446,hold,,,0.0,,,0,0.0,129.102142,37780,0.1489,hold,,,0.0,,,0,0.0
2021-07-20,33008945,210,False,False,,403.91983,29051,0.3555,hold,,,0.0,,,0,0.0,348.584503,33599,0.3548,hold,,,0.0,,,0,0.0,169.389999,27935,0.1434,hold,,,0.0,,,0,0.0,127.85759,37780,0.1463,hold,,,0.0,,,0,0.0
2021-07-21,33115589,210,False,False,,407.190033,29051,0.3572,hold,,,0.0,,,0,0.0,351.275787,33599,0.3564,hold,,,0.0,,,0,0.0,168.759995,27935,0.1424,hold,,,0.0,,,0,0.0,126.238113,37780,0.144,hold,,,0.0,,,0,0.0
2021-07-22,33272683,210,False,False,,408.042816,29051,0.3563,hold,,,0.0,,,0,0.0,353.597748,33599,0.3571,hold,,,0.0,,,0,0.0,169.089996,27935,0.142,hold,,,0.0,,,0,0.0,127.431488,37780,0.1447,hold,,,0.0,,,0,0.0
2021-07-23,33486363,210,False,False,,412.240814,29051,0.3576,hold,,,0.0,,,0,0.0,357.726807,33599,0.3589,hold,,,0.0,,,0,0.0,168.559998,27935,0.1406,hold,,,0.0,,,0,0.0,126.579094,37780,0.1428,hold,,,0.0,,,0,0.0
2021-07-26,33499887,210,False,False,,413.252808,29051,0.3584,hold,,,0.0,,,0,0.0,358.008636,33599,0.3591,hold,,,0.0,,,0,0.0,168.160004,27935,0.1402,hold,,,0.0,,,0,0.0,126.204018,37780,0.1423,hold,,,0.0,,,0,0.0
2021-07-27,33371338,210,False,False,,411.369293,29051,0.3581,hold,,,0.0,,,0,0.0,354.064056,33599,0.3565,hold,,,0.0,,,0,0.0,168.440002,27935,0.141,hold,,,0.0,,,0,0.0,127.550797,37780,0.1444,hold,,,0.0,,,0,0.0
2021-07-28,33436207,210,False,False,,411.200623,29051,0.3573,hold,,,0.0,,,0,0.0,355.424286,33599,0.3572,hold,,,0.0,,,0,0.0,169.289993,27935,0.1414,hold,,,0.0,,,0,0.0,127.559311,37780,0.1441,hold,,,0.0,,,0,0.0
2021-07-29,33532760,210,False,False,,412.906067,29051,0.3577,hold,,,0.0,,,0,0.0,356.055786,33599,0.3568,hold,,,0.0,,,0,0.0,171.169998,27935,0.1426,hold,,,0.0,,,0,0.0,126.851875,37780,0.1429,hold,,,0.0,,,0,0.0
2021-07-30,33396982,210,False,False,,410.900726,29051,0.3574,hold,,,0.0,,,0,0.0,354.200073,33599,0.3563,hold,,,0.0,,,0,0.0,169.820007,27935,0.142,hold,,,0.0,,,0,0.0,127.448509,37780,0.1442,hold,,,0.0,,,0,0.0
2021-08-02,33410000,210,True,False,,410.038727,29051,0.3565,hold,,,0.0,,,0,0.0,354.229248,33599,0.3562,hold,,,0.0,,,0,0.0,169.610001,27935,0.1418,hold,,,0.0,,,0,0.0,128.585251,37780,0.1454,hold,,,0.0,,,0,0.0
2021-08-03,33578280,210,False,False,,413.374603,29051,0.3576,hold,,,0.0,,,0,0.0,356.376373,33599,0.3566,hold,,,0.0,,,0,0.0,169.490005,27935,0.141,hold,,,0.0,,,0,0.0,128.653549,37780,0.1448,hold,,,0.0,,,0,0.0
2021-08-04,33547617,210,False,False,,411.341156,29051,0.3562,hold,,,0.0,,,0,0.0,356.891266,33599,0.3574,hold,,,0.0,,,0,0.0,169.529999,27935,0.1412,hold,,,0.0,,,0,0.0,128.918076,37780,0.1452,hold,,,0.0,,,0,0.0
2021-08-05,33655814,210,False,False,,413.946106,29051,0.3573,hold,,,0.0,,,0,0.0,359.15506,33599,0.3585,hold,,,0.0,,,0,0.0,168.860001,27935,0.1402,hold,,,0.0,,,0,0.0,128.261002,37780,0.144,hold,,,0.0,,,0,0.0
2021-08-06,33423987,210,False,False,,414.630127,29051,0.3604,hold,,,0.0,,,0,0.0,357.581085,33599,0.3595,hold,,,0.0,,,0,0.0,164.639999,27935,0.1376,hold,,,0.0,,,0,0.0,126.118896,37780,0.1426,hold,,,0.0,,,0,0.0
2021-08-09,33337726,210,False,False,,414.292755,29051,0.361,hold,,,0.0,,,0,0.0,358.241791,33599,0.361,hold,,,0.0,,,0,0.0,161.720001,27935,0.1355,hold,,,0.0,,,0,0.0,125.666573,37780,0.1424,hold,,,0.0,,,0,0.0
2021-08-10,33270475,210,False,False,,414.808167,29051,0.3622,hold,,,0.0,,,0,0.0,356.405579,33599,0.3599,hold,,,0.0,,,0,0.0,161.770004,27935,0.1358,hold,,,0.0,,,0,0.0,125.086205,37780,0.142,hold,,,0.0,,,0,0.0
2021-08-11,33339249,210,False,False,,415.83902,29051,0.3624,hold,,,0.0,,,0,0.0,355.793457,33599,0.3586,hold,,,0.0,,,0,0.0,164.0,27935,0.1374,hold,,,0.0,,,0,0.0,125.009399,37780,0.1417,hold,,,0.0,,,0,0.0
2021-08-12,33411923,210,False,False,,417.085205,29051,0.3626,hold,,,0.0,,,0,0.0,357.075928,33599,0.3591,hold,,,0.0,,,0,0.0,164.039993,27935,0.1372,hold,,,0.0,,,0,0.0,124.804642,37780,0.1411,hold,,,0.0,,,0,0.0
2021-08-13,33616207,210,False,False,,417.844269,29051,0.3611,hold,,,0.0,,,0,0.0,358.329193,33599,0.3581,hold,,,0.0,,,0,0.0,166.389999,27935,0.1383,hold,,,0.0,,,0,0.0,126.77597,37780,0.1425,hold,,,0.0,,,0,0.0
2021-08-16,33684805,210,False,False,,418.828033,29051,0.3612,hold,,,0.0,,,0,0.0,358.48468,33599,0.3576,hold,,,0.0,,,0,0.0,167.220001,27935,0.1387,hold,,,0.0,,,0,0.0,127.083214,37780,0.1425,hold,,,0.0,,,0,0.0
2021-08-17,33490042,210,False,False,,416.082642,29051,0.3609,hold,,,0.0,,,0,0.0,355.327209,33599,0.3565,hold,,,0.0,,,0,0.0,166.970001,27935,0.1393,hold,,,0.0,,,0,0.0,127.031998,37780,0.1433,hold,,,0.0,,,0,0.0
2021-08-18,33262588,210,False,False,,411.528564,29051,0.3594,hold,,,0.0,,,0,0.0,351.907227,33599,0.3555,hold,,,0.0,,,0,0.0,167.100006,27935,0.1403,hold,,,0.0,,,0,0.0,127.458748,37780,0.1448,hold,,,0.0,,,0,0.0
2021-08-19,33360003,210,False,False,,412.165771,29051,0.3589,hold,,,0.0,,,0,0.0,353.607483,33599,0.3561,hold,,,0.0,,,0,0.0,166.610001,27935,0.1395,hold,,,0.0,,,0,0.0,128.397476,37780,0.1454,hold,,,0.0,,,0,0.0
2021-08-20,33584083,210,False,False,,415.445343,29051,0.3594,hold,,,0.0,,,0,0.0,357.270233,33599,0.3574,hold,,,0.0,,,0,0.0,166.699997,27935,0.1387,hold,,,0.0,,,0,0.0,128.48288,37780,0.1445,hold,,,0.0,,,0,0.0
2021-08-23,33923269,210,False,False,,419.099854,29051,0.3589,hold,,,0.0,,,0,0.0,362.61377,33599,0.3591,hold,,,0.0,,,0,0.0,168.729996,27935,0.1389,hold,,,0.0,,,0,0.0,128.397476,37780,0.143,hold,,,0.0,,,0,0.0
2021-08-24,33939855,210,False,False,,419.765198,29051,0.3593,hold,,,0.0,,,0,0.0,363.721344,33599,0.3601,hold,,,0.0,,,0,0.0,168.649994,27935,0.1388,hold,,,0.0,,,0,0.0,127.399017,37780,0.1418,hold,,,0.0,,,0,0.0
2021-08-25,33906816,210,False,False,,420.645966,29051,0.3604,hold,,,0.0,,,0,0.0,364.139099,33599,0.3608,hold,,,0.0,,,0,0.0,167.479996,27935,0.138,hold,,,0.0,,,0,0.0,126.34082,37780,0.1408,hold,,,0.0,,,0,0.0
2021-08-26,33775516,210,False,False,,418.162842,29051,0.3597,hold,,,0.0,,,0,0.0,361.826874,33599,0.3599,hold,,,0.0,,,0,0.0,167.669998,27935,0.1387,hold,,,0.0,,,0,0.0,126.690689,37780,0.1417,hold,,,0.0,,,0,0.0
2021-08-27,34105256,210,False,False,,421.90155,29051,0.3594,hold,,,0.0,,,0,0.0,365.343872,33599,0.3599,hold,,,0.0,,,0,0.0,170.190002,27935,0.1394,hold,,,0.0,,,0,0.0,127.552605,37780,0.1413,hold,,,0.0,,,0,0.0
2021-08-30,34286022,210,False,False,,423.756958,29051,0.3591,hold,,,0.0,,,0,0.0,369.443848,33599,0.362,hold,,,0.0,,,0,0.0,169.350006,27935,0.138,hold,,,0.0,,,0,0.0,127.885452,37780,0.1409,hold,,,0.0,,,0,0.0
2021-08-31,34234280,210,False,False,,423.129181,29051,0.3591,hold,,,0.0,,,0,0.0,369.1427,33599,0.3623,hold,,,0.0,,,0,0.0,169.690002,27935,0.1385,hold,,,0.0,,,0,0.0,127.015038,37780,0.1402,hold,,,0.0,,,0,0.0
2021-09-01,34269692,210,True,False,,423.354065,29051,0.3589,hold,,,0.0,,,0,0.0,369.754669,33599,0.3625,hold,,,0.0,,,0,0.0,169.699997,27935,0.1383,hold,,,0.0,,,0,0.0,127.227798,37780,0.1403,hold,,,0.0,,,0,0.0
2021-09-02,34310064,210,False,False,,424.656494,29051,0.3596,hold,,,0.0,,,0,0.0,369.579803,33599,0.3619,hold,,,0.0,,,0,0.0,169.25,27935,0.1378,hold,,,0.0,,,0,0.0,127.78315,37780,0.1407,hold,,,0.0,,,0,0.0
2021-09-03,34351922,210,False,False,,424.553406,29051,0.359,hold,,,0.0,,,0,0.0,370.716614,33599,0.3626,hold,,,0.0,,,0,0.0,171.059998,27935,0.1391,hold,,,0.0,,,0,0.0,126.621017,37780,0.1393,hold,,,0.0,,,0,0.0
2021-09-07,34191513,210,False,False,,423.035431,29051,0.3594,hold,,,0.0,,,0,0.0,371.24118,33599,0.3648,hold,,,0.0,,,0,0.0,167.710007,27935,0.137,hold,,,0.0,,,0,0.0,125.55291,37780,0.1387,hold,,,0.0,,,0,0.0
2021-09-08,34153673,210,False,False,,422.519989,29051,0.3594,hold,,,0.0,,,0,0.0,369.949036,33599,0.3639,hold,,,0.0,,,0,0.0,167.289993,27935,0.1368,hold,,,0.0,,,0,0.0,126.407387,37780,0.1398,hold,,,0.0,,,0,0.0
2021-09-09,34136834,210,False,False,,420.711639,29051,0.358,hold,,,0.0,,,0,0.0,368.676239,33599,0.3629,hold,,,0.0,,,0,0.0,168.029999,27935,0.1375,hold,,,0.0,,,0,0.0,127.936966,37780,0.1416,hold,,,0.0,,,0,0.0
2021-09-10,33880097,210,False,False,,417.394409,29051,0.3579,hold,,,0.0,,,0,0.0,365.878235,33599,0.3628,hold,,,0.0,,,0,0.0,167.179993,27935,0.1378,hold,,,0.0,,,0,0.0,126.809052,37780,0.1414,hold,,,0.0,,,0,0.0
2021-09-13,33947341,210,False,False,,418.462708,29051,0.3581,hold,,,0.0,,,0,0.0,365.62558,33599,0.3619,hold,,,0.0,,,0,0.0,167.740005,27935,0.138,hold,,,0.0,,,0,0.0,127.578079,37780,0.142,hold,,,0.0,,,0,0.0
2021-09-14,33935413,210,False,False,,416.204407,29051,0.3563,hold,,,0.0,,,0,0.0,364.58609,33599,0.361,hold,,,0.0,,,0,0.0,168.820007,27935,0.139,hold,,,0.0,,,0,0.0,129.124771,37780,0.1438,hold,,,0.0,,,0,0.0
2021-09-15,34082711,210,False,False,,419.680847,29051,0.3577,hold,,,0.0,,,0,0.0,367.296631,33599,0.3621,hold,,,0.0,,,0,0.0,167.830002,27935,0.1376,hold,,,0.0,,,0,0.0,128.671829,37780,0.1426,hold,,,0.0,,,0,0.0
2021-09-16,33943443,210,False,False,,419.015564,29051,0.3586,hold,,,0.0,,,0,0.0,367.549225,33599,0.3638,hold,,,0.0,,,0,0.0,164.029999,27935,0.135,hold,,,0.0,,,0,0.0,128.08226,37780,0.1426,hold,,,0.0,,,0,0.0
2021-09-17,33648121,210,False,False,,414.933899,29051,0.3582,hold,,,0.0,,,0,0.0,363.196716,33599,0.3627,hold,,,0.0,,,0,0.0,163.770004,27935,0.136,hold,,,0.0,,,0,0.0,127.467033,37780,0.1431,hold,,,0.0,,,0,0.0
2021-09-20,33287380,210,False,False,,408.015228,29051,0.3561,hold,,,0.0,,,0,0.0,355.691925,33599,0.359,hold,,,0.0,,,0,0.0,164.940002,27935,0.1384,hold,,,0.0,,,0,0.0,129.047836,37780,0.1465,hold,,,0.0,,,0,0.0
2021-09-21,33317419,210,False,False,,407.629791,29051,0.3554,hold,,,0.0,,,0,0.0,356.129547,33599,0.3591,hold,,,0.0,,,0,0.0,166.039993,27935,0.1392,hold,,,0.0,,,0,0.0,128.936783,37780,0.1462,hold,,,0.0,,,0,0.0
2021-09-22,33556435,210,False,False,,411.60611,29051,0.3563,hold,,,0.0,,,0,0.0,359.455994,33599,0.3599,hold,,,0.0,,,0,0.0,165.419998,27935,0.1377,hold,,,0.0,,,0,0.0,129.705841,37780,0.146,hold,,,0.0,,,0,0.0
2021-09-23,33649068,210,False,False,,416.607208,29051,0.3597,hold,,,0.0,,,0,0.0,362.772583,33599,0.3622,hold,,,0.0,,,0,0.0,163.509995,27935,0.1357,hold,,,0.0,,,0,0.0,126.774857,37780,0.1423,hold,,,0.0,,,0,0.0
2021-09-24,33627764,210,False,False,,417.293457,29051,0.3605,hold,,,0.0,,,0,0.0,363.113007,33599,0.3628,hold,,,0.0,,,0,0.0,163.300003,27935,0.1357,hold,,,0.0,,,0,0.0,125.535782,37780,0.141,hold,,,0.0,,,0,0.0
2021-09-27,33487763,210,False,False,,416.099548,29051,0.361,hold,,,0.0,,,0,0.0,360.214661,33599,0.3614,hold,,,0.0,,,0,0.0,163.639999,27935,0.1365,hold,,,0.0,,,0,0.0,125.074348,37780,0.1411,hold,,,0.0,,,0,0.0
2021-09-28,32783662,210,False,False,,407.714417,29051,0.3613,hold,,,0.0,,,0,0.0,350.021393,33599,0.3587,hold,,,0.0,,,0,0.0,162.050003,27935,0.1381,hold,,,0.0,,,0,0.0,123.126114,37780,0.1419,hold,,,0.0,,,0,0.0
2021-09-29,32771997,210,False,False,,408.400635,29051,0.362,hold,,,0.0,,,0,0.0,349.447601,33599,0.3583,hold,,,0.0,,,0,0.0,161.320007,27935,0.1375,hold,,,0.0,,,0,0.0,123.339752,37780,0.1422,hold,,,0.0,,,0,0.0
2021-09-30,32664212,210,False,False,,403.408966,29051,0.3588,hold,,,0.0,,,0,0.0,348.163666,33599,0.3581,hold,,,0.0,,,0,0.0,164.220001,27935,0.1404,hold,,,0.0,,,0,0.0,123.322693,37780,0.1426,hold,,,0.0,,,0,0.0
2021-10-01,32925578,210,True,False,,408.203156,29051,0.3602,hold,,,0.0,,,0,0.0,350.322906,33599,0.3575,hold,,,0.0,,,0,0.0,164.589996,27935,0.1396,hold,,,0.0,,,0,0.0,124.36042,37780,0.1427,hold,,,0.0,,,0,0.0
2021-10-04,32535145,210,False,False,,402.938995,29051,0.3598,hold,,,0.0,,,0,0.0,342.969849,33599,0.3542,hold,,,0.0,,,0,0.0,165.360001,27935,0.142,hold,,,0.0,,,0,0.0,124.0439,37780,0.144,hold,,,0.0,,,0,0.0
2021-10-05,32745734,210,False,False,,407.131531,29051,0.3612,hold,,,0.0,,,0,0.0,347.599609,33599,0.3567,hold,,,0.0,,,0,0.0,164.589996,27935,0.1404,hold,,,0.0,,,0,0.0,122.846085,37780,0.1417,hold,,,0.0,,,0,0.0
2021-10-06,32908202,210,False,False,,408.823669,29051,0.3609,hold,,,0.0,,,0,0.0,349.826965,33599,0.3572,hold,,,0.0,,,0,0.0,165.029999,27935,0.1401,hold,,,0.0,,,0,0.0,123.539078,37780,0.1418,hold,,,0.0,,,0,0.0
2021-10-07,33045614,210,False,False,,412.358215,29051,0.3625,hold,,,0.0,,,0,0.0,353.036591,33599,0.3589,hold,,,0.0,,,0,0.0,164.160004,27935,0.1388,hold,,,0.0,,,0,0.0,122.247192,37780,0.1398,hold,,,0.0,,,0,0.0
2021-10-08,32934247,210,False,False,,411.60611,29051,0.3631,hold,,,0.0,,,0,0.0,351.276184,33599,0.3584,hold,,,0.0,,,0,0.0,164.229996,27935,0.1393,hold,,,0.0,,,0,0.0,121.391602,37780,0.1393,hold,,,0.0,,,0,0.0
2021-10-11,32736853,210,False,False,,408.62619,29051,0.3626,hold,,,0.0,,,0,0.0,348.581848,33599,0.3578,hold,,,0.0,,,0,0.0,163.919998,27935,0.1399,hold,,,0.0,,,0,0.0,121.083565,37780,0.1397,hold,,,0.0,,,0,0.0
2021-10-12,32765682,210,False,False,,407.620422,29051,0.3614,hold,,,0.0,,,0,0.0,347.366089,33599,0.3562,hold,,,0.0,,,0,0.0,164.660004,27935,0.1404,hold,,,0.0,,,0,0.0,123.154053,37780,0.142,hold,,,0.0,,,0,0.0
2021-10-13,33028847,210,False,False,,409.086792,29051,0.3598,hold,,,0.0,,,0,0.0,350.147827,33599,0.3562,hold,,,0.0,,,0,0.0,167.589996,27935,0.1417,hold,,,0.0,,,0,0.0,124.351868,37780,0.1422,hold,,,0.0,,,0,0.0
2021-10-14,33474325,210,False,False,,415.967896,29051,0.361,hold,,,0.0,,,0,0.0,356.596344,33599,0.3579,hold,,,0.0,,,0,0.0,168.0,27935,0.1402,hold,,,0.0,,,0,0.0,124.813957,37780,0.1409,hold,,,0.0,,,0,0.0
2021-10-15,33539787,210,False,False,,419.135834,29051,0.363,hold,,,0.0,,,0,0.0,358.843231,33599,0.3595,hold,,,0.0,,,0,0.0,165.330002,27935,0.1377,hold,,,0.0,,,0,0.0,124.08667,37780,0.1398,hold,,,0.0,,,0,0.0
2021-10-18,33707600,210,False,False,,420.376709,29051,0.3623,hold,,,0.0,,,0,0.0,362.451599,33599,0.3613,hold,,,0.0,,,0,0.0,164.919998,27935,0.1367,hold,,,0.0,,,0,0.0,124.668472,37780,0.1397,hold,,,0.0,,,0,0.0
2021-10-19,33843809,210,False,False,,423.619873,29051,0.3636,hold,,,0.0,,,0,0.0,365.194489,33599,0.3626,hold,,,0.0,,,0,0.0,165.449997,27935,0.1366,hold,,,0.0,,,0,0.0,122.948723,37780,0.1372,hold,,,0.0,,,0,0.0
2021-10-20,33885285,210,False,False,,425.283783,29051,0.3646,hold,,,0.0,,,0,0.0,364.717896,33599,0.3616,hold,,,0.0,,,0,0.0,166.899994,27935,0.1376,hold,,,0.0,,,0,0.0,122.118797,37780,0.1362,hold,,,0.0,,,0,0.0
2021-10-21,33982660,210,False,False,,426.392944,29051,0.3645,hold,,,0.0,,,0,0.0,366.945251,33599,0.3628,hold,,,0.0,,,0,0.0,166.75,27935,0.1371,hold,,,0.0,,,0,0.0,121.973358,37780,0.1356,hold,,,0.0,,,0,0.0
2021-10-22,33945475,210,False,False,,425.951111,29051,0.3645,hold,,,0.0,,,0,0.0,363.86203,33599,0.3601,hold,,,0.0,,,0,0.0,167.770004,27935,0.1381,hold,,,0.0,,,0,0.0,123.316658,37780,0.1372,hold,,,0.0,,,0,0.0
2021-10-25,34162294,210,False,False,,428.235474,29051,0.3642,hold,,,0.0,,,0,0.0,367.587189,33599,0.3615,hold,,,0.0,,,0,0.0,168.929993,27935,0.1381,hold,,,0.0,,,0,0.0,123.128464,37780,0.1362,hold,,,0.0,,,0,0.0
2021-10-26,34215922,210,False,False,,428.620819,29051,0.3639,hold,,,0.0,,,0,0.0,368.744598,33599,0.3621,hold,,,0.0,,,0,0.0,167.679993,27935,0.1369,hold,,,0.0,,,0,0.0,124.146576,37780,0.1371,hold,,,0.0,,,0,0.0
2021-10-27,34287146,210,False,False,,426.721985,29051,0.3616,hold,,,0.0,,,0,0.0,369.600525,33599,0.3622,hold,,,0.0,,,0,0.0,168.119995,27935,0.137,hold,,,0.0,,,0,0.0,126.405373,37780,0.1393,hold,,,0.0,,,0,0.0
2021-10-28,34527387,210,False,False,,430.839386,29051,0.3625,hold,,,0.0,,,0,0.0,373.704987,33599,0.3637,hold,,,0.0,,,0,0.0,168.080002,27935,0.136,hold,,,0.0,,,0,0.0,125.977585,37780,0.1378,hold,,,0.0,,,0,0.0
2021-10-29,34589145,210,False,False,,431.713593,29051,0.3626,hold,,,0.0,,,0,0.0,375.543274,33599,0.3648,hold,,,0.0,,,0,0.0,166.649994,27935,0.1346,hold,,,0.0,,,0,0.0,126.362564,37780,0.138,hold,,,0.0,,,0,0.0
2021-11-01,34643788,210,True,False,,432.456238,29051,0.3626,hold,,,0.0,,,0,0.0,376.827179,33599,0.3655,hold,,,0.0,,,0,0.0,167.520004,27935,0.1351,hold,,,0.0,,,0,0.0,125.452721,37780,0.1368,hold,,,0.0,,,0,0.0
2021-11-02,34758505,210,False,False,,434.204651,29051,0.3629,hold,,,0.0,,,0,0.0,378.402863,33599,0.3658,hold,,,0.0,,,0,0.0,167.160004,27935,0.1343,hold,,,0.0,,,0,0.0,126.009613,37780,0.137,hold,,,0.0,,,0,0.0
2021-11-03,34882459,210,False,False,,436.855591,29051,0.3638,hold,,,0.0,,,0,0.0,382.4198,33599,0.3683,hold,,,0.0,,,0,0.0,165.770004,27935,0.1328,hold,,,0.0,,,0,0.0,124.707489,37780,0.1351,hold,,,0.0,,,0,0.0
2021-11-04,35209007,210,False,False,,438.914307,29051,0.3621,hold,,,0.0,,,0,0.0,387.321869,33599,0.3696,hold,,,0.0,,,0,0.0,167.649994,27935,0.133,hold,,,0.0,,,0,0.0,126.018204,37780,0.1352,hold,,,0.0,,,0,0.0
2021-11-05,35398050,210,False,False,,440.437195,29051,0.3615,hold,,,0.0,,,0,0.0,387.691528,33599,0.368,hold,,,0.0,,,0,0.0,169.839996,27935,0.134,hold,,,0.0,,,0,0.0,127.902885,37780,0.1365,hold,,,0.0,,,0,0.0
2021-11-08,35399303,210,False,False,,440.813141,29051,0.3618,hold,,,0.0,,,0,0.0,387.16629,33599,0.3675,hold,,,0.0,,,0,0.0,170.449997,27935,0.1345,hold,,,0.0,,,0,0.0,127.66304,37780,0.1362,hold,,,0.0,,,0,0.0
2021-11-09,35353690,210,False,False,,439.356171,29051,0.361,hold,,,0.0,,,0,0.0,384.501282,33599,0.3654,hold,,,0.0,,,0,0.0,171.289993,27935,0.1353,hold,,,0.0,,,0,0.0,129.325012,37780,0.1382,hold,,,0.0,,,0,0.0
2021-11-10,35023765,210,False,False,,435.821594,29051,0.3615,hold,,,0.0,,,0,0.0,378.850189,33599,0.3634,hold,,,0.0,,,0,0.0,173.149994,27935,0.1381,hold,,,0.0,,,0,0.0,126.960548,37780,0.137,hold,,,0.0,,,0,0.0
2021-11-11,35083130,210,False,False,,435.962555,29051,0.361,hold,,,0.0,,,0,0.0,379.900635,33599,0.3638,hold,,,0.0,,,0,0.0,174.119995,27935,0.1386,hold,,,0.0,,,0,0.0,126.772064,37780,0.1365,hold,,,0.0,,,0,0.0
2021-11-12,35301210,210,False,False,,439.252747,29051,0.3615,hold,,,0.0,,,0,0.0,383.898224,33599,0.3654,hold,,,0.0,,,0,0.0,174.449997,27935,0.138,hold,,,0.0,,,0,0.0,126.215225,37780,0.1351,hold,,,0.0,,,0,0.0
2021-11-15,35235217,210,False,False,,439.403107,29051,0.3623,hold,,,0.0,,,0,0.0,383.810669,33599,0.366,hold,,,0.0,,,0,0.0,174.179993,27935,0.1381,hold,,,0.0,,,0,0.0,124.630341,37780,0.1336,hold,,,0.0,,,0,0.0
2021-11-16,35330395,210,False,False,,441.142242,29051,0.3627,hold,,,0.0,,,0,0.0,386.543762,33599,0.3676,hold,,,0.0,,,0,0.0,172.919998,27935,0.1367,hold,,,0.0,,,0,0.0,124.313324,37780,0.1329,hold,,,0.0,,,0,0.0
2021-11-17,35387489,210,False,False,,440.070648,29051,0.3613,hold,,,0.0,,,0,0.0,386.748077,33599,0.3672,hold,,,0.0,,,0,0.0,174.5,27935,0.1378,hold,,,0.0,,,0,0.0,125.298576,37780,0.1338,hold,,,0.0,,,0,0.0
2021-11-18,35567705,210,False,False,,441.565247,29051,0.3607,hold,,,0.0,,,0,0.0,390.75528,33599,0.3691,hold,,,0.0,,,0,0.0,173.940002,27935,0.1366,hold,,,0.0,,,0,0.0,125.769768,37780,0.1336,hold,,,0.0,,,0,0.0
2021-11-19,35630980,210,False,False,,440.775604,29051,0.3594,hold,,,0.0,,,0,0.0,392.93399,33599,0.3705,hold,,,0.0,,,0,0.0,172.610001,27935,0.1353,hold,,,0.0,,,0,0.0,127.097618,37780,0.1348,hold,,,0.0,,,0,0.0
2021-11-22,35277241,210,False,False,,439.534821,29051,0.362,hold,,,0.0,,,0,0.0,388.372345,33599,0.3699,hold,,,0.0,,,0,0.0,168.740005,27935,0.1336,hold,,,0.0,,,0,0.0,125.606941,37780,0.1345,hold,,,0.0,,,0,0.0
2021-11-23,35125290,210,False,False,,440.117554,29051,0.364,hold,,,0.0,,,0,0.0,386.602081,33599,0.3698,hold,,,0.0,,,0,0.0,167.279999,27935,0.133,hold,,,0.0,,,0,0.0,123.790749,37780,0.1331,hold,,,0.0,,,0,0.0
2021-11-24,35271882,210,False,False,,441.292664,29051,0.3635,hold,,,0.0,,,0,0.0,387.847168,33599,0.3695,hold,,,0.0,,,0,0.0,167.119995,27935,0.1324,hold,,,0.0,,,0,0.0,125.778305,37780,0.1347,hold,,,0.0,,,0,0.0
2021-11-26,34851430,210,False,False,,431.450439,29051,0.3596,hold,,,0.0,,,0,0.0,380.494049,33599,0.3668,hold,,,0.0,,,0,0.0,166.850006,27935,0.1337,hold,,,0.0,,,0,0.0,128.956558,37780,0.1398,hold,,,0.0,,,0,0.0
2021-11-29,35237045,210,False,False,,436.742889,29051,0.3601,hold,,,0.0,,,0,0.0,388.751709,33599,0.3707,hold,,,0.0,,,0,0.0,166.619995,27935,0.1321,hold,,,0.0,,,0,0.0,127.920036,37780,0.1372,hold,,,0.0,,,0,0.0
2021-11-30,34840524,210,False,False,,428.244934,29051,0.3571,hold,,,0.0,,,0,0.0,383.042328,33599,0.3694,hold,,,0.0,,,0,0.0,165.5,27935,0.1327,hold,,,0.0,,,0,0.0,129.8647,37780,0.1408,hold,,,0.0,,,0,0.0
2021-12-01,34532087,210,True,False,,423.488281,29051,0.3563,hold,REDUCE_TO_TARGET,rebalance 2021-12-01,-216528.0,,,0,0.0,376.525665,33599,0.3664,hold,REDUCE_TO_TARGET,rebalance 2021-12-01,-564656.0,,,0,0.0,166.160004,27935,0.1344,hold,INCREASE_TO_TARGET,rebalance 2021-12-01,538133.0,,,0,0.0,130.665771,37780,0.143,hold,INCREASE_TO_TARGET,rebalance 2021-12-01,243260.0,,,0,0.0
2021-12-02,34775488,105,False,True,monthly,429.974548,28539,0.3529,hold,,,0.0,REDUCE_TO_TARGET,sell,512,422.433381,379.239288,32090,0.35,hold,,,0.0,REDUCE_TO_TARGET,sell,1509,374.116027,165.240005,31168,0.1481,hold,,,0.0,INCREASE_TO_TARGET,buy,3233,165.889999,130.828751,39627,0.1491,hold,,,0.0,INCREASE_TO_TARGET,buy,1847,131.171835
2021-12-03,34562283,105,False,False,,426.233185,28539,0.352,hold,,,0.0,,,0,0.0,372.644836,32090,0.346,hold,,,0.0,,,0,0.0,166.630005,31168,0.1503,hold,,,0.0,,,0,0.0,132.389862,39627,0.1518,hold,,,0.0,,,0,0.0
2021-12-06,34717335,105,False,False,,431.281219,28539,0.3545,hold,,,0.0,,,0,0.0,375.630951,32090,0.3472,hold,,,0.0,,,0,0.0,166.220001,31168,0.1492,hold,,,0.0,,,0,0.0,130.571426,39627,0.149,hold,,,0.0,,,0,0.0
2021-12-07,35311505,105,False,False,,440.202209,28539,0.3558,hold,,,0.0,,,0,0.0,386.942566,32090,0.3516,hold,,,0.0,,,0,0.0,166.809998,31168,0.1472,hold,,,0.0,,,0,0.0,129.516464,39627,0.1453,hold,,,0.0,,,0,0.0
2021-12-08,35314421,105,False,False,,441.367859,28539,0.3567,hold,,,0.0,,,0,0.0,388.673859,32090,0.3532,hold,,,0.0,,,0,0.0,166.899994,31168,0.1473,hold,,,0.0,,,0,0.0,127.277756,39627,0.1428,hold,,,0.0,,,0,0.0
2021-12-09,35042271,105,False,False,,438.387909,28539,0.357,hold,,,0.0,,,0,0.0,382.954742,32090,0.3507,hold,,,0.0,,,0,0.0,165.880005,31168,0.1475,hold,,,0.0,,,0,0.0,127.989716,39627,0.1447,hold,,,0.0,,,0,0.0
2021-12-10,35303213,105,False,False,,442.514648,28539,0.3577,hold,,,0.0,,,0,0.0,387.117676,32090,0.3519,hold,,,0.0,,,0,0.0,166.580002,31168,0.1471,hold,,,0.0,,,0,0.0,127.680901,39627,0.1433,hold,,,0.0,,,0,0.0
2021-12-13,35099744,105,False,False,,438.594757,28539,0.3566,hold,,,0.0,,,0,0.0,381.525085,32090,0.3488,hold,,,0.0,,,0,0.0,167.0,31168,0.1483,hold,,,0.0,,,0,0.0,129.567902,39627,0.1463,hold,,,0.0,,,0,0.0
2021-12-14,34826046,105,False,False,,435.577209,28539,0.3569,hold,,,0.0,,,0,0.0,377.576141,32090,0.3479,hold,,,0.0,,,0,0.0,165.440002,31168,0.1481,hold,,,0.0,,,0,0.0,129.259109,39627,0.1471,hold,,,0.0,,,0,0.0
2021-12-15,35269346,105,False,False,,442.383057,28539,0.358,hold,,,0.0,,,0,0.0,386.183899,32090,0.3514,hold,,,0.0,,,0,0.0,166.149994,31168,0.1468,hold,,,0.0,,,0,0.0,128.015411,39627,0.1438,hold,,,0.0,,,0,0.0
2021-12-16,34903963,105,False,False,,438.481903,28539,0.3585,hold,,,0.0,,,0,0.0,376.253326,32090,0.3459,hold,,,0.0,,,0,0.0,168.160004,31168,0.1502,hold,,,0.0,,,0,0.0,128.065292,39627,0.1454,hold,,,0.0,,,0,0.0
2021-12-17,34756827,105,False,False,,433.815277,28539,0.3562,hold,,,0.0,,,0,0.0,374.37616,32090,0.3457,hold,,,0.0,,,0,0.0,167.800003,31168,0.1505,hold,,,0.0,,,0,0.0,129.516403,39627,0.1477,hold,,,0.0,,,0,0.0
2021-12-20,34448058,105,False,False,,429.202209,28539,0.3556,hold,,,0.0,,,0,0.0,370.744598,32090,0.3454,hold,,,0.0,,,0,0.0,167.089996,31168,0.1512,hold,,,0.0,,,0,0.0,128.546097,39627,0.1479,hold,,,0.0,,,0,0.0
2021-12-21,34910275,105,False,False,,436.824432,28539,0.3571,hold,,,0.0,,,0,0.0,379.041962,32090,0.3484,hold,,,0.0,,,0,0.0,167.020004,31168,0.1491,hold,,,0.0,,,0,0.0,128.056686,39627,0.1454,hold,,,0.0,,,0,0.0
2021-12-22,35255468,105,False,False,,441.192108,28539,0.3571,hold,,,0.0,,,0,0.0,383.658142,32090,0.3492,hold,,,0.0,,,0,0.0,168.589996,31168,0.149,hold,,,0.0,,,0,0.0,128.649139,39627,0.1446,hold,,,0.0,,,0,0.0
2021-12-23,35394240,105,False,False,,443.937256,28539,0.358,hold,,,0.0,,,0,0.0,386.550598,32090,0.3505,hold,,,0.0,,,0,0.0,168.970001,31168,0.1488,hold,,,0.0,,,0,0.0,127.53286,39627,0.1428,hold,,,0.0,,,0,0.0
2021-12-27,35803271,105,False,False,,450.219971,28539,0.3589,hold,,,0.0,,,0,0.0,392.939209,32090,0.3522,hold,,,0.0,,,0,0.0,169.369995,31168,0.1474,hold,,,0.0,,,0,0.0,127.84201,39627,0.1415,hold,,,0.0,,,0,0.0
2021-12-28,35691498,105,False,False,,449.85199,28539,0.3597,hold,,,0.0,,,0,0.0,391.118042,32090,0.3517,hold,,,0.0,,,0,0.0,168.639999,31168,0.1473,hold,,,0.0,,,0,0.0,127.33535,39627,0.1414,hold,,,0.0,,,0,0.0
2021-12-29,35649361,105,False,False,,450.42746,28539,0.3606,hold,,,0.0,,,0,0.0,391.05957,32090,0.352,hold,,,0.0,,,0,0.0,168.589996,31168,0.1474,hold,,,0.0,,,0,0.0,125.944244,39627,0.14,hold,,,0.0,,,0,0.0
2021-12-30,35655893,105,False,False,,449.182312,28539,0.3595,hold,,,0.0,,,0,0.0,389.890991,32090,0.3509,hold,,,0.0,,,0,0.0,169.800003,31168,0.1484,hold,,,0.0,,,0,0.0,127.00042,39627,0.1411,hold,,,0.0,,,0,0.0
2021-12-31,35591479,105,False,False,,448.050262,28539,0.3593,hold,,,0.0,,,0,0.0,387.456268,32090,0.3493,hold,,,0.0,,,0,0.0,170.960007,31168,0.1497,hold,,,0.0,,,0,0.0,127.249466,39627,0.1417,hold,,,0.0,,,0,0.0
2022-01-03,35570871,105,True,False,,450.64444,28539,0.3616,hold,,,0.0,,,0,0.0,391.186218,32090,0.3529,hold,,,0.0,,,0,0.0,168.330002,31168,0.1475,hold,,,0.0,,,0,0.0,123.90918,39627,0.138,hold,,,0.0,,,0,0.0
2022-01-04,35421972,105,False,False,,450.4935,28539,0.363,hold,,,0.0,,,0,0.0,386.112335,32090,0.3498,hold,,,0.0,,,0,0.0,169.570007,31168,0.1492,hold,,,0.0,,,0,0.0,123.393921,39627,0.138,hold,,,0.0,,,0,0.0
2022-01-05,34752017,105,False,False,,441.843109,28539,0.3628,hold,,,0.0,,,0,0.0,374.250549,32090,0.3456,hold,,,0.0,,,0,0.0,169.059998,31168,0.1516,hold,,,0.0,,,0,0.0,122.724159,39627,0.1399,hold,,,0.0,,,0,0.0
2022-01-06,34679802,105,False,False,,441.427948,28539,0.3633,hold,,,0.0,,,0,0.0,373.987518,32090,0.3461,hold,,,0.0,,,0,0.0,166.990005,31168,0.1501,hold,,,0.0,,,0,0.0,123.041901,39627,0.1406,hold,,,0.0,,,0,0.0
2022-01-07,34488632,105,False,False,,439.6828,28539,0.3638,hold,,,0.0,,,0,0.0,369.936218,32090,0.3442,hold,,,0.0,,,0,0.0,167.75,31168,0.1516,hold,,,0.0,,,0,0.0,122.157486,39627,0.1404,hold,,,0.0,,,0,0.0
2022-01-10,34508636,105,False,False,,439.135681,28539,0.3632,hold,,,0.0,,,0,0.0,370.179718,32090,0.3442,hold,,,0.0,,,0,0.0,168.259995,31168,0.152,hold,,,0.0,,,0,0.0,122.458008,39627,0.1406,hold,,,0.0,,,0,0.0
2022-01-11,34896829,105,False,False,,443.135437,28539,0.3624,hold,,,0.0,,,0,0.0,375.74057,32090,0.3455,hold,,,0.0,,,0,0.0,170.289993,31168,0.1521,hold,,,0.0,,,0,0.0,123.273758,39627,0.14,hold,,,0.0,,,0,0.0
2022-01-12,34974145,105,False,False,,444.333496,28539,0.3626,hold,,,0.0,,,0,0.0,377.230621,32090,0.3461,hold,,,0.0,,,0,0.0,170.740005,31168,0.1522,hold,,,0.0,,,0,0.0,122.801422,39627,0.1391,hold,,,0.0,,,0,0.0
2022-01-13,34521731,105,False,False,,438.211182,28539,0.3623,hold,,,0.0,,,0,0.0,367.793701,32090,0.3419,hold,,,0.0,,,0,0.0,170.160004,31168,0.1536,hold,,,0.0,,,0,0.0,123.892059,39627,0.1422,hold,,,0.0,,,0,0.0
2022-01-14,34510838,105,False,False,,438.390381,28539,0.3625,hold,,,0.0,,,0,0.0,370.082428,32090,0.3441,hold,,,0.0,,,0,0.0,169.669998,31168,0.1532,hold,,,0.0,,,0,0.0,122.020103,39627,0.1401,hold,,,0.0,,,0,0.0
2022-01-18,33916844,105,False,False,,430.626678,28539,0.3623,hold,,,0.0,,,0,0.0,360.869476,32090,0.3414,hold,,,0.0,,,0,0.0,169.389999,31168,0.1557,hold,,,0.0,,,0,0.0,120.302704,39627,0.1406,hold,,,0.0,,,0,0.0
2022-01-19,33778890,105,False,False,,426.155334,28539,0.36,hold,,,0.0,,,0,0.0,356.905853,32090,0.3391,hold,,,0.0,,,0,0.0,172.080002,31168,0.1588,hold,,,0.0,,,0,0.0,121.13559,39627,0.1421,hold,,,0.0,,,0,0.0
2022-01-20,33511719,105,False,False,,421.438568,28539,0.3589,hold,,,0.0,,,0,0.0,352.270081,32090,0.3373,hold,,,0.0,,,0,0.0,171.649994,31168,0.1596,hold,,,0.0,,,0,0.0,121.882683,39627,0.1441,hold,,,0.0,,,0,0.0
2022-01-21,33002212,105,False,False,,413.165436,28539,0.3573,hold,,,0.0,,,0,0.0,342.502228,32090,0.333,hold,,,0.0,,,0,0.0,171.089996,31168,0.1616,hold,,,0.0,,,0,0.0,123.333839,39627,0.1481,hold,,,0.0,,,0,0.0
2022-01-24,33091747,105,False,False,,414.920044,28539,0.3578,hold,,,0.0,,,0,0.0,344.070129,32090,0.3337,hold,,,0.0,,,0,0.0,172.029999,31168,0.162,hold,,,0.0,,,0,0.0,122.320595,39627,0.1465,hold,,,0.0,,,0,0.0
2022-01-25,32700537,105,False,False,,409.854248,28539,0.3577,hold,,,0.0,,,0,0.0,336.094055,32090,0.3298,sell,EXIT_ALL,signal sell,-10785258.0,,,0,0.0,172.580002,31168,0.1645,hold,,,0.0,,,0,0.0,122.123055,39627,0.148,hold,,,0.0,,,0,0.0
2022-01-26,32736386,10996042,False,False,,408.825989,28539,0.3564,hold,,,0.0,,,0,0.0,335.568268,0,0.0,hold,,,0.0,EXIT_ALL,sell,32090,342.659314,169.789993,31168,0.1617,hold,,,0.0,,,0,0.0,120.646133,39627,0.146,hold,,,0.0,,,0,0.0
2022-01-27,32698311,10996042,False,False,,406.807343,28539,0.3551,hold,,,0.0,,,0,0.0,332.188873,0,0.0,hold,,,0.0,,,0,0.0,167.600006,31168,0.1598,hold,,,0.0,,,0,0.0,122.86161,39627,0.1489,hold,,,0.0,,,0,0.0
2022-01-28,32972759,10996042,False,False,,416.910461,28539,0.3608,hold,,,0.0,,,0,0.0,342.609344,0,0.0,hold,,,0.0,,,0,0.0,167.100006,31168,0.158,hold,,,0.0,,,0,0.0,122.904495,39627,0.1477,hold,,,0.0,,,0,0.0
2022-01-31,33192737,10996042,False,False,,424.419556,28539,0.3649,hold,,,0.0,,,0,0.0,353.56543,0,0.0,hold,,,0.0,,,0,0.0,168.089996,31168,0.1578,hold,,,0.0,,,0,0.0,122.269073,39627,0.146,hold,,,0.0,,,0,0.0
2022-02-01,33262859,10996042,True,False,,427.287292,28539,0.3666,hold,,,0.0,,,0,0.0,355.970825,0,0.0,hold,,,0.0,,,0,0.0,168.229996,31168,0.1576,hold,,,0.0,,,0,0.0,121.86319,39627,0.1452,hold,,,0.0,,,0,0.0
2022-02-02,33416685,10996042,False,False,,431.437988,28539,0.3685,hold,,,0.0,,,0,0.0,358.863281,0,0.0,hold,,,0.0,,,0,0.0,168.839996,31168,0.1575,hold,,,0.0,,,0,0.0,122.275955,39627,0.145,hold,,,0.0,,,0,0.0
2022-02-03,33081969,10996042,False,False,,421.297028,28539,0.3634,hold,,,0.0,,,0,0.0,344.313568,0,0.0,hold,,,0.0,,,0,0.0,168.600006,31168,0.1588,hold,,,0.0,,,0,0.0,121.321487,39627,0.1453,hold,,,0.0,,,0,0.0
2022-02-04,33075732,10996042,False,False,,423.278046,28539,0.3652,hold,,,0.0,,,0,0.0,348.657074,0,0.0,hold,,,0.0,,,0,0.0,168.860001,31168,0.1591,hold,,,0.0,,,0,0.0,119.53289,39627,0.1432,hold,,,0.0,,,0,0.0
2022-02-07,33078996,10996042,False,False,,421.919708,28539,0.364,hold,,,0.0,,,0,0.0,345.852386,0,0.0,hold,,,0.0,,,0,0.0,170.110001,31168,0.1603,hold,,,0.0,,,0,0.0,119.610329,39627,0.1433,hold,,,0.0,,,0,0.0
2022-02-08,33162586,10996042,False,False,,425.391174,28539,0.3661,hold,,,0.0,,,0,0.0,349.738037,0,0.0,hold,,,0.0,,,0,0.0,170.630005,31168,0.1604,hold,,,0.0,,,0,0.0,118.810631,39627,0.142,hold,,,0.0,,,0,0.0
2022-02-09,33367205,10996042,False,False,,431.617218,28539,0.3692,hold,,,0.0,,,0,0.0,357.149384,0,0.0,hold,,,0.0,,,0,0.0,171.210007,31168,0.1599,hold,,,0.0,,,0,0.0,119.034134,39627,0.1414,hold,,,0.0,,,0,0.0
2022-02-10,33050681,10996042,False,False,,423.862885,28539,0.366,hold,,,0.0,,,0,0.0,349.066132,0,0.0,hold,,,0.0,,,0,0.0,170.559998,31168,0.1608,hold,,,0.0,,,0,0.0,117.142403,39627,0.1405,hold,,,0.0,,,0,0.0
2022-02-11,32982280,10996042,False,False,,415.504883,28539,0.3595,hold,,,0.0,,,0,0.0,337.993164,0,0.0,hold,,,0.0,,,0,0.0,173.809998,31168,0.1642,hold,,,0.0,,,0,0.0,118.879402,39627,0.1428,hold,,,0.0,,,0,0.0
2022-02-14,32913890,10996042,False,False,,414.146484,28539,0.3591,hold,,,0.0,,,0,0.0,338.411926,0,0.0,hold,,,0.0,,,0,0.0,174.740005,31168,0.1655,hold,,,0.0,,,0,0.0,117.400391,39627,0.1413,hold,,,0.0,,,0,0.0
2022-02-15,32999941,10996042,False,False,,420.825317,28539,0.3639,hold,,,0.0,,,0,0.0,346.826233,0,0.0,hold,,,0.0,,,0,0.0,173.080002,31168,0.1635,hold,,,0.0,,,0,0.0,116.067535,39627,0.1394,hold,,,0.0,,,0,0.0
2022-02-16,33096143,10996042,False,False,,421.297028,28539,0.3633,hold,,,0.0,,,0,0.0,346.738525,0,0.0,hold,,,0.0,,,0,0.0,174.860001,31168,0.1647,hold,,,0.0,,,0,0.0,116.75547,39627,0.1398,hold,,,0.0,,,0,0.0
2022-02-17,32948213,10996042,False,False,,412.297577,28539,0.3571,hold,,,0.0,,,0,0.0,336.425232,0,0.0,hold,,,0.0,,,0,0.0,177.25,31168,0.1677,hold,,,0.0,,,0,0.0,117.623909,39627,0.1415,hold,,,0.0,,,0,0.0
2022-02-18,32917038,10996042,False,False,,409.627869,28539,0.3551,hold,,,0.0,,,0,0.0,332.588074,0,0.0,hold,,,0.0,,,0,0.0,177.119995,31168,0.1677,hold,,,0.0,,,0,0.0,118.862152,39627,0.1431,hold,,,0.0,,,0,0.0
2022-02-22,32815382,10996042,False,False,,405.231903,28539,0.3524,hold,,,0.0,,,0,0.0,329.247742,0,0.0,hold,,,0.0,,,0,0.0,177.490005,31168,0.1686,hold,,,0.0,,,0,0.0,119.171745,39627,0.1439,hold,,,0.0,,,0,0.0
2022-02-23,32570089,10996042,False,False,,398.043671,28539,0.3488,hold,,,0.0,,,0,0.0,320.813995,0,0.0,hold,,,0.0,,,0,0.0,178.289993,31168,0.1706,hold,,,0.0,,,0,0.0,117.529358,39627,0.143,hold,,,0.0,,,0,0.0
2022-02-24,32708268,10996042,False,False,,404.033875,28539,0.3525,hold,,,0.0,,,0,0.0,331.594818,0,0.0,hold,,,0.0,,,0,0.0,177.139999,31168,0.1688,hold,,,0.0,,,0,0.0,117.606789,39627,0.1425,hold,,,0.0,,,0,0.0
2022-02-25,32947698,10996042,False,False,,412.948456,28539,0.3577,hold,,,0.0,,,0,0.0,336.736847,0,0.0,hold,,,0.0,,,0,0.0,176.550003,31168,0.167,hold,,,0.0,,,0,0.0,117.692726,39627,0.1416,hold,,,0.0,,,0,0.0
2022-02-28,33076810,10996042,False,False,,411.891937,28539,0.3554,hold,,,0.0,,,0,0.0,337.739929,0,0.0,hold,,,0.0,,,0,0.0,178.380005,31168,0.1681,hold,,,0.0,,,0,0.0,120.27243,39627,0.1441,hold,,,0.0,,,0,0.0
2022-03-01,33053864,10996042,True,False,,405.618683,28539,0.3502,hold,REDUCE_TO_TARGET,rebalance 2022-03-01,-7099.0,,,0,0.0,332.568604,0,0.0,hold,,,0.0,,,0,0.0,181.619995,31168,0.1713,hold,REDUCE_TO_TARGET,rebalance 2022-03-01,-702652.0,,,0,0.0,121.662956,39627,0.1459,hold,INCREASE_TO_TARGET,rebalance 2022-03-01,136942.0,,,0,0.0
2022-03-02,33038754,11568680,False,True,monthly,413.080505,28522,0.3566,hold,,,0.0,REDUCE_TO_TARGET,sell,17,406.649613,338.148956,0,0.0,hold,,,0.0,,,0,0.0,179.729996,27256,0.1483,hold,,,0.0,REDUCE_TO_TARGET,sell,3912,179.589615,117.504189,40760,0.145,hold,,,0.0,INCREASE_TO_TARGET,buy,1133,120.405841
2022-03-03,33058046,11568680,False,False,,411.024017,28522,0.3546,hold,,,0.0,,,0,0.0,333.318542,0,0.0,hold,,,0.0,,,0,0.0,180.800003,27256,0.1491,hold,,,0.0,,,0,0.0,118.701012,40760,0.1464,hold,,,0.0,,,0,0.0
2022-03-04,33124823,11568680,False,False,,407.68457,28522,0.351,hold,,,0.0,,,0,0.0,328.488068,0,0.0,hold,,,0.0,,,0,0.0,183.679993,27256,0.1511,hold,,,0.0,,,0,0.0,120.750275,40760,0.1486,hold,,,0.0,,,0,0.0
2022-03-07,32818896,11568680,False,False,,395.666412,28522,0.3439,hold,,,0.0,,,0,0.0,316.373077,0,0.0,hold,,,0.0,,,0,0.0,186.410004,27256,0.1548,hold,,,0.0,,,0,0.0,119.828926,40760,0.1488,hold,,,0.0,,,0,0.0
2022-03-08,32823210,11568680,False,False,,392.666565,28522,0.3412,hold,,,0.0,,,0,0.0,314.902557,0,0.0,hold,,,0.0,,,0,0.0,191.509995,27256,0.159,hold,,,0.0,,,0,0.0,118.623581,40760,0.1473,hold,,,0.0,,,0,0.0
2022-03-09,32921016,11568680,False,False,,403.194305,28522,0.3493,hold,,,0.0,,,0,0.0,326.238464,0,0.0,hold,,,0.0,,,0,0.0,185.820007,27256,0.1538,hold,,,0.0,,,0,0.0,117.461174,40760,0.1454,hold,,,0.0,,,0,0.0
2022-03-10,32816110,11568680,False,False,,401.373688,28522,0.3489,hold,,,0.0,,,0,0.0,322.615601,0,0.0,hold,,,0.0,,,0,0.0,186.399994,27256,0.1548,hold,,,0.0,,,0,0.0,115.773567,40760,0.1438,hold,,,0.0,,,0,0.0
2022-03-11,32650634,11568680,False,False,,396.270142,28522,0.3462,hold,,,0.0,,,0,0.0,315.92511,0,0.0,hold,,,0.0,,,0,0.0,185.089996,27256,0.1545,hold,,,0.0,,,0,0.0,116.161018,40760,0.145,hold,,,0.0,,,0,0.0
2022-03-14,32381436,11568680,False,False,,393.374084,28522,0.3465,hold,,,0.0,,,0,0.0,309.85788,0,0.0,hold,,,0.0,,,0,0.0,182.300003,27256,0.1534,hold,,,0.0,,,0,0.0,113.448761,40760,0.1428,hold,,,0.0,,,0,0.0
2022-03-15,32527149,11568680,False,False,,402.024506,28522,0.3525,hold,,,0.0,,,0,0.0,319.577148,0,0.0,hold,,,0.0,,,0,0.0,178.889999,27256,0.1499,hold,,,0.0,,,0,0.0,113.250725,40760,0.1419,hold,,,0.0,,,0,0.0
2022-03-16,32857211,11568680,False,False,,410.939117,28522,0.3567,hold,,,0.0,,,0,0.0,331.42926,0,0.0,hold,,,0.0,,,0,0.0,180.009995,27256,0.1493,hold,,,0.0,,,0,0.0,114.361458,40760,0.1419,hold,,,0.0,,,0,0.0
2022-03-17,32993092,11568680,False,False,,416.080383,28522,0.3597,hold,,,0.0,,,0,0.0,335.441559,0,0.0,hold,,,0.0,,,0,0.0,180.889999,27256,0.1494,hold,,,0.0,,,0,0.0,113.509056,40760,0.1402,hold,,,0.0,,,0,0.0
2022-03-18,33136240,11568680,False,False,,420.637604,28522,0.3621,hold,,,0.0,,,0,0.0,342.307343,0,0.0,hold,,,0.0,,,0,0.0,179.300003,27256,0.1475,hold,,,0.0,,,0,0.0,114.895317,40760,0.1413,hold,,,0.0,,,0,0.0
2022-03-21,33061627,11568680,False,False,,420.514587,28522,0.3628,hold,,,0.0,,,0,0.0,341.355743,0,0.0,hold,,,0.0,,,0,0.0,180.669998,27256,0.1489,hold,,,0.0,,,0,0.0,112.234741,40760,0.1384,hold,,,0.0,,,0,0.0
2022-03-22,33107657,11568680,False,False,,425.435211,28522,0.3665,hold,,,0.0,,,0,0.0,348.064331,0,0.0,hold,,,0.0,,,0,0.0,179.360001,27256,0.1477,hold,,,0.0,,,0,0.0,110.796791,40760,0.1364,hold,,,0.0,,,0,0.0
2022-03-23,33117134,11568680,False,False,,419.956238,28522,0.3617,hold,,,0.0,,,0,0.0,343.062134,0,0.0,hold,,,0.0,,,0,0.0,181.809998,27256,0.1496,hold,,,0.0,,,0,0.0,113.22493,40760,0.1394,hold,,,0.0,,,0,0.0
2022-03-24,33297525,11568680,False,False,,426.286865,28522,0.3651,hold,,,0.0,,,0,0.0,350.687286,0,0.0,hold,,,0.0,,,0,0.0,183.130005,27256,0.1499,hold,,,0.0,,,0,0.0,112.338058,40760,0.1375,hold,,,0.0,,,0,0.0
2022-03-25,33272937,11568680,False,False,,428.368652,28522,0.3672,hold,,,0.0,,,0,0.0,350.394806,0,0.0,hold,,,0.0,,,0,0.0,182.380005,27256,0.1494,hold,,,0.0,,,0,0.0,110.779594,40760,0.1357,hold,,,0.0,,,0,0.0
2022-03-28,33307958,11568680,False,False,,431.41568,28522,0.3694,hold,,,0.0,,,0,0.0,355.816223,0,0.0,hold,,,0.0,,,0,0.0,179.059998,27256,0.1465,hold,,,0.0,,,0,0.0,111.7267,40760,0.1367,hold,,,0.0,,,0,0.0
2022-03-29,33496752,11568680,False,False,,436.752563,28522,0.3719,hold,,,0.0,,,0,0.0,361.939697,0,0.0,hold,,,0.0,,,0,0.0,179.139999,27256,0.1458,hold,,,0.0,,,0,0.0,112.570549,40760,0.137,hold,,,0.0,,,0,0.0
2022-03-30,33494879,11568680,False,False,,434.055756,28522,0.3696,hold,,,0.0,,,0,0.0,357.941833,0,0.0,hold,,,0.0,,,0,0.0,180.580002,27256,0.1469,hold,,,0.0,,,0,0.0,113.448761,40760,0.1381,hold,,,0.0,,,0,0.0
2022-03-31,33317469,11568680,False,False,,427.375031,28522,0.3659,hold,,,0.0,,,0,0.0,353.505219,0,0.0,hold,,,0.0,,,0,0.0,180.649994,27256,0.1478,hold,,,0.0,,,0,0.0,113.724281,40760,0.1391,hold,,,0.0,,,0,0.0
2022-04-01,33338319,11568680,True,False,,428.586304,28522,0.3667,hold,,,0.0,,,0,0.0,352.832458,0,0.0,hold,,,0.0,,,0,0.0,179.5,27256,0.1468,hold,,,0.0,,,0,0.0,114.157211,40760,0.1396,hold,,,0.0,,,0,0.0
2022-04-04,33434412,11568680,False,False,,432.257812,28522,0.3687,hold,,,0.0,,,0,0.0,360.096771,0,0.0,hold,,,0.0,,,0,0.0,180.369995,27256,0.147,hold,,,0.0,,,0,0.0,113.363831,40760,0.1382,hold,,,0.0,,,0,0.0
2022-04-05,33143493,11568680,False,False,,426.797882,28522,0.3673,hold,,,0.0,,,0,0.0,352.101074,0,0.0,hold,,,0.0,,,0,0.0,179.240005,27256,0.1474,hold,,,0.0,,,0,0.0,110.802704,40760,0.1363,hold,,,0.0,,,0,0.0
2022-04-06,32996659,11568680,False,False,,422.53009,28522,0.3652,hold,,,0.0,,,0,0.0,344.456512,0,0.0,hold,,,0.0,,,0,0.0,179.660004,27256,0.1484,hold,,,0.0,,,0,0.0,109.905838,40760,0.1358,hold,,,0.0,,,0,0.0
2022-04-07,33042179,11568680,False,False,,424.659302,28522,0.3666,hold,,,0.0,,,0,0.0,345.275574,0,0.0,hold,,,0.0,,,0,0.0,180.339996,27256,0.1488,hold,,,0.0,,,0,0.0,109.078003,40760,0.1346,hold,,,0.0,,,0,0.0
2022-04-08,32992436,11568680,False,False,,423.523712,28522,0.3661,hold,,,0.0,,,0,0.0,340.448883,0,0.0,hold,,,0.0,,,0,0.0,181.470001,27256,0.1499,hold,,,0.0,,,0,0.0,107.896606,40760,0.1333,hold,,,0.0,,,0,0.0
2022-04-11,32740899,11568680,False,False,,416.284729,28522,0.3626,hold,,,0.0,,,0,0.0,332.394867,0,0.0,hold,,,0.0,,,0,0.0,182.369995,27256,0.1518,hold,,,0.0,,,0,0.0,106.18914,40760,0.1322,hold,,,0.0,,,0,0.0
2022-04-12,32729088,11568680,False,False,,414.742249,28522,0.3614,hold,,,0.0,,,0,0.0,330.990662,0,0.0,hold,,,0.0,,,0,0.0,183.770004,27256,0.153,hold,,,0.0,,,0,0.0,106.042534,40760,0.1321,hold,,,0.0,,,0,0.0
2022-04-13,32897349,11568680,False,False,,419.492584,28522,0.3637,hold,,,0.0,,,0,0.0,337.718719,0,0.0,hold,,,0.0,,,0,0.0,184.649994,27256,0.153,hold,,,0.0,,,0,0.0,106.258118,40760,0.1317,hold,,,0.0,,,0,0.0
2022-04-14,32644921,11568680,False,False,,414.269135,28522,0.3619,hold,,,0.0,,,0,0.0,329.996124,0,0.0,hold,,,0.0,,,0,0.0,184.039993,27256,0.1537,hold,,,0.0,,,0,0.0,104.12812,40760,0.13,hold,,,0.0,,,0,0.0
2022-04-18,32644226,11568680,False,False,,414.439453,28522,0.3621,hold,,,0.0,,,0,0.0,330.249603,0,0.0,hold,,,0.0,,,0,0.0,184.610001,27256,0.1541,hold,,,0.0,,,0,0.0,103.610725,40760,0.1294,hold,,,0.0,,,0,0.0
2022-04-19,32727367,11568680,False,False,,421.129669,28522,0.367,hold,,,0.0,,,0,0.0,337.63089,0,0.0,hold,,,0.0,,,0,0.0,181.820007,27256,0.1514,hold,,,0.0,,,0,0.0,102.834641,40760,0.1281,hold,,,0.0,,,0,0.0
2022-04-20,32827075,11568680,False,False,,420.817383,28522,0.3656,hold,,,0.0,,,0,0.0,332.706818,0,0.0,hold,,,0.0,,,0,0.0,182.710007,27256,0.1517,hold,,,0.0,,,0,0.0,104.904236,40760,0.1303,hold,,,0.0,,,0,0.0
2022-04-21,32598242,11568680,False,False,,414.524658,28522,0.3627,hold,,,0.0,,,0,0.0,325.822723,0,0.0,hold,,,0.0,,,0,0.0,182.059998,27256,0.1522,hold,,,0.0,,,0,0.0,104.12812,40760,0.1302,hold,,,0.0,,,0,0.0
2022-04-22,32198873,11568680,False,False,,403.150513,28522,0.3571,hold,,,0.0,,,0,0.0,317.290741,0,0.0,hold,,,0.0,,,0,0.0,180.289993,27256,0.1526,hold,,,0.0,,,0,0.0,103.472748,40760,0.131,hold,,,0.0,,,0,0.0
2022-04-25,32219404,11568680,False,False,,405.487732,28522,0.359,hold,,,0.0,,,0,0.0,321.366577,0,0.0,hold,,,0.0,,,0,0.0,177.050003,27256,0.1498,hold,,,0.0,,,0,0.0,104.507553,40760,0.1322,hold,,,0.0,,,0,0.0
2022-04-26,31934704,11568680,False,False,,393.744476,28522,0.3517,hold,,,0.0,,,0,0.0,309.236603,0,0.0,hold,,,0.0,,,0,0.0,177.320007,27256,0.1513,hold,,,0.0,,,0,0.0,105.559616,40760,0.1347,hold,,,0.0,,,0,0.0
2022-04-27,31874576,11568680,False,False,,394.851654,28522,0.3533,hold,,,0.0,,,0,0.0,308.866119,0,0.0,hold,,,0.0,,,0,0.0,175.979996,27256,0.1505,hold,,,0.0,,,0,0.0,104.205742,40760,0.1333,hold,,,0.0,,,0,0.0
2022-04-28,32191267,11568680,False,False,,404.825378,28522,0.3587,hold,,,0.0,,,0,0.0,319.835754,0,0.0,hold,,,0.0,,,0,0.0,176.929993,27256,0.1498,hold,,,0.0,,,0,0.0,104.360977,40760,0.1321,hold,,,0.0,,,0,0.0
2022-04-29,31708830,11568680,False,False,,389.864716,28522,0.3507,sell,EXIT_ALL,signal sell,-11119721.0,,,0,0.0,305.443604,0,0.0,hold,,,0.0,,,0,0.0,176.910004,27256,0.1521,hold,,,0.0,,,0,0.0,103.00708,40760,0.1324,hold,,,0.0,,,0,0.0
2022-05-02,31515179,22656928,True,False,,392.211548,0,0.0,hold,,,0.0,EXIT_ALL,sell,28522,388.761232,310.543274,0,0.0,hold,,,0.0,,,0,0.0,173.630005,27256,0.1502,hold,REDUCE_TO_TARGET,rebalance 2022-05-02,-5183.0,,,0,0.0,101.221581,40760,0.1309,hold,INCREASE_TO_TARGET,rebalance 2022-05-02,601485.0,,,0,0.0
2022-05-03,31548324,22060565,False,True,monthly,394.009491,0,0.0,hold,,,0.0,,,0,0.0,310.874786,0,0.0,hold,,,0.0,,,0,0.0,174.089996,27227,0.1502,hold,,,0.0,REDUCE_TO_TARGET,sell,29,173.368329,101.904015,46591,0.1505,hold,,,0.0,INCREASE_TO_TARGET,buy,5831,102.828294
2022-05-04,31621041,22060565,False,False,,406.008209,0,0.0,hold,,,0.0,,,0,0.0,321.386108,0,0.0,hold,,,0.0,,,0,0.0,175.800003,27227,0.1514,hold,,,0.0,,,0,0.0,102.465469,46591,0.151,hold,,,0.0,,,0,0.0
2022-05-05,31471999,22060565,False,False,,391.577545,0,0.0,hold,,,0.0,,,0,0.0,305.199829,0,0.0,hold,,,0.0,,,0,0.0,175.130005,27227,0.1515,hold,,,0.0,,,0,0.0,99.658073,46591,0.1475,hold,,,0.0,,,0,0.0
2022-05-06,31411478,22060565,False,False,,389.240234,0,0.0,hold,,,0.0,,,0,0.0,301.543243,0,0.0,hold,,,0.0,,,0,0.0,175.419998,27227,0.1521,hold,,,0.0,,,0,0.0,98.189613,46591,0.1456,hold,,,0.0,,,0,0.0
2022-05-09,31382568,22060565,False,False,,376.777832,0,0.0,hold,,,0.0,,,0,0.0,289.74472,0,0.0,hold,,,0.0,,,0,0.0,172.880005,27227,0.15,hold,,,0.0,,,0,0.0,99.053444,46591,0.1471,hold,,,0.0,,,0,0.0
2022-05-10,31384671,22060565,False,False,,377.648376,0,0.0,hold,,,0.0,,,0,0.0,293.264771,0,0.0,hold,,,0.0,,,0,0.0,171.419998,27227,0.1487,hold,,,0.0,,,0,0.0,99.951767,46591,0.1484,hold,,,0.0,,,0,0.0
2022-05-11,31512538,22060565,False,False,,371.649017,0,0.0,hold,,,0.0,,,0,0.0,284.567139,0,0.0,hold,,,0.0,,,0,0.0,172.820007,27227,0.1493,hold,,,0.0,,,0,0.0,101.87809,46591,0.1506,hold,,,0.0,,,0,0.0
2022-05-12,31431532,22060565,False,False,,371.260986,0,0.0,hold,,,0.0,,,0,0.0,283.894287,0,0.0,hold,,,0.0,,,0,0.0,170.169998,27227,0.1474,hold,,,0.0,,,0,0.0,101.688049,46591,0.1507,hold,,,0.0,,,0,0.0
2022-05-13,31323931,22060565,False,False,,380.137085,0,0.0,hold,,,0.0,,,0,0.0,294.415466,0,0.0,hold,,,0.0,,,0,0.0,168.789993,27227,0.1467,hold,,,0.0,,,0,0.0,100.185013,46591,0.149,hold,,,0.0,,,0,0.0
2022-05-16,31362935,22060565,False,False,,378.594635,0,0.0,hold,,,0.0,,,0,0.0,291.002655,0,0.0,hold,,,0.0,,,0,0.0,170.399994,27227,0.1479,hold,,,0.0,,,0,0.0,100.081322,46591,0.1487,hold,,,0.0,,,0,0.0
2022-05-17,31277460,22060565,False,False,,386.382538,0,0.0,hold,,,0.0,,,0,0.0,298.54007,0,0.0,hold,,,0.0,,,0,0.0,169.330002,27227,0.1474,hold,,,0.0,,,0,0.0,98.872017,46591,0.1473,hold,,,0.0,,,0,0.0
2022-05-18,31378109,22060565,False,False,,370.806854,0,0.0,hold,,,0.0,,,0,0.0,283.884583,0,0.0,hold,,,0.0,,,0,0.0,169.419998,27227,0.147,hold,,,0.0,,,0,0.0,100.979706,46591,0.1499,hold,,,0.0,,,0,0.0
2022-05-19,31457174,22060565,False,False,,368.535767,0,0.0,hold,,,0.0,,,0,0.0,282.363373,0,0.0,hold,,,0.0,,,0,0.0,171.910004,27227,0.1488,hold,,,0.0,,,0,0.0,101.221581,46591,0.1499,hold,,,0.0,,,0,0.0
2022-05-20,31513968,22060565,False,False,,368.696655,0,0.0,hold,,,0.0,,,0,0.0,281.485931,0,0.0,hold,,,0.0,,,0,0.0,172.029999,27227,0.1486,hold,,,0.0,,,0,0.0,102.370445,46591,0.1513,hold,,,0.0,,,0,0.0
2022-05-23,31457270,22060565,False,False,,375.594971,0,0.0,hold,,,0.0,,,0,0.0,286.16626,0,0.0,hold,,,0.0,,,0,0.0,172.830002,27227,0.1496,hold,,,0.0,,,0,0.0,100.686012,46591,0.1491,hold,,,0.0,,,0,0.0
2022-05-24,31585232,22060565,False,False,,372.727783,0,0.0,hold,,,0.0,,,0,0.0,280.081757,0,0.0,hold,,,0.0,,,0,0.0,174.130005,27227,0.1501,hold,,,0.0,,,0,0.0,102.672806,46591,0.1515,hold,,,0.0,,,0,0.0
2022-05-25,31575559,22060565,False,False,,376.020752,0,0.0,hold,,,0.0,,,0,0.0,284.001678,0,0.0,hold,,,0.0,,,0,0.0,173.080002,27227,0.1492,hold,,,0.0,,,0,0.0,103.078789,46591,0.1521,hold,,,0.0,,,0,0.0
2022-05-26,31545113,22060565,False,False,,383.534241,0,0.0,hold,,,0.0,,,0,0.0,291.870483,0,0.0,hold,,,0.0,,,0,0.0,172.759995,27227,0.1491,hold,,,0.0,,,0,0.0,102.612328,46591,0.1516,hold,,,0.0,,,0,0.0
2022-05-27,31559234,22060565,False,False,,392.949615,0,0.0,hold,,,0.0,,,0,0.0,301.397003,0,0.0,hold,,,0.0,,,0,0.0,172.850006,27227,0.1491,hold,,,0.0,,,0,0.0,102.862823,46591,0.1519,hold,,,0.0,,,0,0.0
2022-05-31,31411256,22060565,False,False,,390.744812,0,0.0,hold,,,0.0,,,0,0.0,300.597412,0,0.0,hold,,,0.0,,,0,0.0,171.139999,27227,0.1483,hold,,,0.0,,,0,0.0,100.686012,46591,0.1493,hold,,,0.0,,,0,0.0
2022-06-01,31435571,22060565,True,False,,387.584259,0,0.0,hold,,,0.0,,,0,0.0,298.374298,0,0.0,hold,,,0.0,,,0,0.0,172.229996,27227,0.1492,hold,,,0.0,,,0,0.0,100.570923,46591,0.1491,hold,,,0.0,,,0,0.0
2022-06-02,31495712,22060565,False,False,,394.96524,0,0.0,hold,,,0.0,,,0,0.0,306.545441,0,0.0,hold,,,0.0,,,0,0.0,174.350006,27227,0.1507,hold,,,0.0,,,0,0.0,100.622841,46591,0.1488,hold,,,0.0,,,0,0.0
2022-06-03,31437441,22060565,False,False,,388.483276,0,0.0,hold,,,0.0,,,0,0.0,298.569275,0,0.0,hold,,,0.0,,,0,0.0,172.580002,27227,0.1495,hold,,,0.0,,,0,0.0,100.406509,46591,0.1488,hold,,,0.0,,,0,0.0
2022-06-06,31330470,22060565,False,False,,389.666016,0,0.0,hold,,,0.0,,,0,0.0,299.563812,0,0.0,hold,,,0.0,,,0,0.0,171.820007,27227,0.1493,hold,,,0.0,,,0,0.0,98.554672,46591,0.1466,hold,,,0.0,,,0,0.0
2022-06-07,31410554,22060565,False,False,,393.403839,0,0.0,hold,,,0.0,,,0,0.0,302.147858,0,0.0,hold,,,0.0,,,0,0.0,172.940002,27227,0.1499,hold,,,0.0,,,0,0.0,99.619041,46591,0.1478,hold,,,0.0,,,0,0.0
2022-06-08,31365074,22060565,False,False,,389.126617,0,0.0,hold,,,0.0,,,0,0.0,299.973358,0,0.0,hold,,,0.0,,,0,0.0,172.779999,27227,0.15,hold,,,0.0,,,0,0.0,98.736397,46591,0.1467,hold,,,0.0,,,0,0.0
2022-06-09,31365420,22060565,False,False,,379.872131,0,0.0,hold,,,0.0,,,0,0.0,291.938721,0,0.0,hold,,,0.0,,,0,0.0,172.229996,27227,0.1495,hold,,,0.0,,,0,0.0,99.065231,46591,0.1472,hold,,,0.0,,,0,0.0
2022-06-10,31399689,22060565,False,False,,368.857513,0,0.0,hold,,,0.0,,,0,0.0,281.641876,0,0.0,hold,,,0.0,,,0,0.0,174.539993,27227,0.1513,hold,,,0.0,,,0,0.0,98.450844,46591,0.1461,hold,,,0.0,,,0,0.0
2022-06-13,31130238,22060565,False,False,,354.852631,0,0.0,hold,,,0.0,,,0,0.0,268.54657,0,0.0,hold,,,0.0,,,0,0.0,169.929993,27227,0.1486,hold,,,0.0,,,0,0.0,95.361526,46591,0.1427,hold,,,0.0,,,0,0.0
2022-06-14,31037168,22060565,False,False,,353.783386,0,0.0,hold,,,0.0,,,0,0.0,269.034149,0,0.0,hold,,,0.0,,,0,0.0,168.570007,27227,0.1479,hold,,,0.0,,,0,0.0,94.158684,46591,0.1413,hold,,,0.0,,,0,0.0
2022-06-15,31178913,22060565,False,False,,358.826965,0,0.0,hold,,,0.0,,,0,0.0,275.752441,0,0.0,hold,,,0.0,,,0,0.0,170.770004,27227,0.1491,hold,,,0.0,,,0,0.0,95.915359,46591,0.1433,hold,,,0.0,,,0,0.0
2022-06-16,31266668,22060565,False,False,,346.951233,0,0.0,hold,,,0.0,,,0,0.0,264.62674,0,0.0,hold,,,0.0,,,0,0.0,172.690002,27227,0.1504,hold,,,0.0,,,0,0.0,96.676865,46591,0.1441,hold,,,0.0,,,0,0.0
2022-06-17,31242519,22060565,False,False,,347.699188,0,0.0,hold,,,0.0,,,0,0.0,267.844513,0,0.0,hold,,,0.0,,,0,0.0,171.270004,27227,0.1493,hold,,,0.0,,,0,0.0,96.98838,46591,0.1446,hold,,,0.0,,,0,0.0
2022-06-21,31148491,22060565,False,False,,356.452057,0,0.0,hold,,,0.0,,,0,0.0,274.602081,0,0.0,hold,,,0.0,,,0,0.0,170.630005,27227,0.1491,hold,,,0.0,,,0,0.0,95.344215,46591,0.1426,hold,,,0.0,,,0,0.0
2022-06-22,31289167,22060565,False,False,,355.805847,0,0.0,hold,,,0.0,,,0,0.0,274.201569,0,0.0,hold,,,0.0,,,0,0.0,171.309998,27227,0.1491,hold,,,0.0,,,0,0.0,97.966225,46591,0.1459,hold,,,0.0,,,0,0.0
2022-06-23,31298074,22060565,False,False,,359.29364,0,0.0,hold,,,0.0,,,0,0.0,278.285309,0,0.0,hold,,,0.0,,,0,0.0,170.259995,27227,0.1481,hold,,,0.0,,,0,0.0,98.770996,46591,0.147,hold,,,0.0,,,0,0.0
2022-06-24,31229744,22060565,False,False,,370.716888,0,0.0,hold,,,0.0,,,0,0.0,287.820282,0,0.0,hold,,,0.0,,,0,0.0,170.089996,27227,0.1483,hold,,,0.0,,,0,0.0,97.403748,46591,0.1453,hold,,,0.0,,,0,0.0
2022-06-27,31185866,22060565,False,False,,369.300903,0,0.0,hold,,,0.0,,,0,0.0,285.710052,0,0.0,hold,,,0.0,,,0,0.0,169.899994,27227,0.1483,hold,,,0.0,,,0,0.0,96.573006,46591,0.1443,hold,,,0.0,,,0,0.0
2022-06-28,31199207,22060565,False,False,,361.755096,0,0.0,hold,,,0.0,,,0,0.0,277.005432,0,0.0,hold,,,0.0,,,0,0.0,169.619995,27227,0.148,hold,,,0.0,,,0,0.0,97.02298,46591,0.1449,hold,,,0.0,,,0,0.0
2022-06-29,31266224,22060565,False,False,,361.460419,0,0.0,hold,,,0.0,,,0,0.0,277.259399,0,0.0,hold,,,0.0,,,0,0.0,169.490005,27227,0.1476,hold,,,0.0,,,0,0.0,98.537354,46591,0.1468,hold,,,0.0,,,0,0.0
2022-06-30,31278498,22060565,False,False,,358.523834,0,0.0,hold,,,0.0,,,0,0.0,273.820557,0,0.0,hold,,,0.0,,,0,0.0,168.460007,27227,0.1466,hold,,,0.0,,,0,0.0,99.40271,46591,0.1481,hold,,,0.0,,,0,0.0
2022-07-01,31322233,22060565,True,False,,362.315796,0,0.0,hold,,,0.0,,,0,0.0,275.627838,0,0.0,hold,,,0.0,,,0,0.0,168.320007,27227,0.1463,hold,,,0.0,,,0,0.0,100.423233,46591,0.1494,hold,,,0.0,,,0,0.0
2022-07-05,31261794,22060565,False,False,,363.000092,0,0.0,hold,,,0.0,,,0,0.0,280.346649,0,0.0,hold,,,0.0,,,0,0.0,164.75,27227,0.1435,hold,,,0.0,,,0,0.0,101.212257,46591,0.1508,hold,,,0.0,,,0,0.0
2022-07-06,31111553,22060565,False,False,,364.225952,0,0.0,hold,,,0.0,,,0,0.0,282.144165,0,0.0,hold,,,0.0,,,0,0.0,162.139999,27227,0.1419,hold,,,0.0,,,0,0.0,99.512817,46591,0.149,hold,,,0.0,,,0,0.0
2022-07-07,31073202,22060565,False,False,,369.681122,0,0.0,hold,,,0.0,,,0,0.0,288.181824,0,0.0,hold,,,0.0,,,0,0.0,162.229996,27227,0.1421,hold,,,0.0,,,0,0.0,98.637093,46591,0.1479,hold,,,0.0,,,0,0.0
2022-07-08,31024207,22060565,False,False,,369.377014,0,0.0,hold,,,0.0,,,0,0.0,288.543213,0,0.0,hold,,,0.0,,,0,0.0,162.300003,27227,0.1424,hold,,,0.0,,,0,0.0,97.544571,46591,0.1465,hold,,,0.0,,,0,0.0
2022-07-11,31078892,22060565,False,False,,365.157349,0,0.0,hold,,,0.0,,,0,0.0,282.378662,0,0.0,hold,,,0.0,,,0,0.0,161.429993,27227,0.1414,hold,,,0.0,,,0,0.0,99.226723,46591,0.1488,hold,,,0.0,,,0,0.0
2022-07-12,31090024,22060565,False,False,,361.926086,0,0.0,hold,,,0.0,,,0,0.0,279.643219,0,0.0,hold,,,0.0,,,0,0.0,160.830002,27227,0.1408,hold,,,0.0,,,0,0.0,99.816284,46591,0.1496,hold,,,0.0,,,0,0.0
2022-07-13,31164315,22060565,False,False,,360.025391,0,0.0,hold,,,0.0,,,0,0.0,279.066772,0,0.0,hold,,,0.0,,,0,0.0,161.600006,27227,0.1412,hold,,,0.0,,,0,0.0,100.960823,46591,0.1509,hold,,,0.0,,,0,0.0
2022-07-14,31064131,22060565,False,False,,359.151001,0,0.0,hold,,,0.0,,,0,0.0,280.063354,0,0.0,hold,,,0.0,,,0,0.0,159.330002,27227,0.1396,hold,,,0.0,,,0,0.0,100.1371,46591,0.1502,hold,,,0.0,,,0,0.0
2022-07-15,31081678,22060565,False,False,,366.012726,0,0.0,hold,,,0.0,,,0,0.0,285.143494,0,0.0,hold,,,0.0,,,0,0.0,159.009995,27227,0.1393,hold,,,0.0,,,0,0.0,100.700714,46591,0.1509,hold,,,0.0,,,0,0.0
2022-07-18,31036881,22060565,False,False,,362.99057,0,0.0,hold,,,0.0,,,0,0.0,282.730408,0,0.0,hold,,,0.0,,,0,0.0,159.160004,27227,0.1396,hold,,,0.0,,,0,0.0,99.651566,46591,0.1496,hold,,,0.0,,,0,0.0
2022-07-19,31022180,22060565,False,False,,372.798187,0,0.0,hold,,,0.0,,,0,0.0,291.425201,0,0.0,hold,,,0.0,,,0,0.0,159.539993,27227,0.14,hold,,,0.0,,,0,0.0,99.113983,46591,0.1489,hold,,,0.0,,,0,0.0
2022-07-20,30993459,22060565,False,False,,375.174194,0,0.0,hold,,,0.0,,,0,0.0,296.046204,0,0.0,hold,,,0.0,,,0,0.0,158.039993,27227,0.1388,hold,,,0.0,,,0,0.0,99.374092,46591,0.1494,hold,,,0.0,,,0,0.0
2022-07-21,31134162,22060565,False,False,,378.994568,0,0.0,hold,,,0.0,,,0,0.0,300.295959,0,0.0,hold,,,0.0,,,0,0.0,160.270004,27227,0.1402,hold,,,0.0,,,0,0.0,101.090874,46591,0.1513,hold,,,0.0,,,0,0.0
2022-07-22,31224231,22060565,False,False,,375.478333,0,0.0,hold,,,0.0,,,0,0.0,295.030243,0,0.0,hold,,,0.0,,,0,0.0,160.669998,27227,0.1401,hold,,,0.0,,,0,0.0,102.790321,46591,0.1534,hold,,,0.0,,,0,0.0
2022-07-25,31165391,22060565,False,False,,375.934448,0,0.0,hold,,,0.0,,,0,0.0,293.349854,0,0.0,hold,,,0.0,,,0,0.0,160.229996,27227,0.14,hold,,,0.0,,,0,0.0,101.784546,46591,0.1522,hold,,,0.0,,,0,0.0
2022-07-26,31163855,22060565,False,False,,371.486755,0,0.0,hold,,,0.0,,,0,0.0,287.585846,0,0.0,hold,,,0.0,,,0,0.0,160.039993,27227,0.1398,hold,,,0.0,,,0,0.0,101.862595,46591,0.1523,hold,,,0.0,,,0,0.0
2022-07-27,31181572,22060565,False,False,,381.132935,0,0.0,hold,,,0.0,,,0,0.0,299.739136,0,0.0,hold,,,0.0,,,0,0.0,161.669998,27227,0.1412,hold,,,0.0,,,0,0.0,101.290321,46591,0.1513,hold,,,0.0,,,0,0.0
2022-07-28,31272778,22060565,False,False,,385.913269,0,0.0,hold,,,0.0,,,0,0.0,302.670013,0,0.0,hold,,,0.0,,,0,0.0,163.639999,27227,0.1425,hold,,,0.0,,,0,0.0,102.096672,46591,0.1521,hold,,,0.0,,,0,0.0
2022-07-29,31272375,22060565,False,False,,391.539337,0,0.0,hold,,,0.0,,,0,0.0,308.189758,0,0.0,hold,,,0.0,,,0,0.0,164.100006,27227,0.1429,hold,,,0.0,,,0,0.0,101.819214,46591,0.1517,hold,,,0.0,,,0,0.0
2022-08-01,31411945,22060565,True,False,,390.379944,0,0.0,hold,,,0.0,,,0,0.0,308.004059,0,0.0,hold,,,0.0,,,0,0.0,165.029999,27227,0.143,hold,,,0.0,,,0,0.0,104.271385,46591,0.1547,hold,,,0.0,,,0,0.0
2022-08-02,31282467,22060565,False,False,,387.804443,0,0.0,hold,,,0.0,,,0,0.0,307.085815,0,0.0,hold,,,0.0,,,0,0.0,164.050003,27227,0.1428,hold,,,0.0,,,0,0.0,102.065033,46591,0.152,hold,,,0.0,,,0,0.0
2022-08-03,31368229,22060565,False,False,,393.877319,0,0.0,hold,,,0.0,,,0,0.0,315.448517,0,0.0,hold,,,0.0,,,0,0.0,164.449997,27227,0.1427,hold,,,0.0,,,0,0.0,103.672035,46591,0.154,hold,,,0.0,,,0,0.0
2022-08-04,31440666,22060565,False,False,,393.611267,0,0.0,hold,,,0.0,,,0,0.0,316.923737,0,0.0,hold,,,0.0,,,0,0.0,167.169998,27227,0.1448,hold,,,0.0,,,0,0.0,103.637253,46591,0.1536,hold,,,0.0,,,0,0.0
2022-08-05,31274543,22060565,False,False,,392.945892,0,0.0,hold,,,0.0,,,0,0.0,314.334839,0,0.0,hold,,,0.0,,,0,0.0,165.289993,27227,0.1439,hold,,,0.0,,,0,0.0,101.170341,46591,0.1507,hold,,,0.0,,,0,0.0
2022-08-08,31388746,22060565,False,False,,392.489685,0,0.0,hold,,,0.0,,,0,0.0,313.318787,0,0.0,hold,,,0.0,,,0,0.0,166.690002,27227,0.1446,hold,,,0.0,,,0,0.0,102.803368,46591,0.1526,hold,,,0.0,,,0,0.0
2022-08-09,31384015,22060565,False,False,,390.931183,0,0.0,hold,,,0.0,,,0,0.0,309.772461,0,0.0,hold,,,0.0,,,0,0.0,167.199997,27227,0.1451,hold,,,0.0,,,0,0.0,102.403801,46591,0.152,hold,,,0.0,,,0,0.0
2022-08-10,31341418,22060565,False,False,,399.142242,0,0.0,hold,,,0.0,,,0,0.0,318.418518,0,0.0,hold,,,0.0,,,0,0.0,166.779999,27227,0.1449,hold,,,0.0,,,0,0.0,101.734962,46591,0.1512,hold,,,0.0,,,0,0.0
2022-08-11,31218952,22060565,False,False,,399.142242,0,0.0,hold,,,0.0,,,0,0.0,316.611115,0,0.0,hold,,,0.0,,,0,0.0,166.339996,27227,0.1451,hold,,,0.0,,,0,0.0,99.363564,46591,0.1483,hold,,,0.0,,,0,0.0
2022-08-12,31307555,22060565,False,False,,405.899323,0,0.0,hold,,,0.0,,,0,0.0,322.775665,0,0.0,hold,,,0.0,,,0,0.0,167.869995,27227,0.146,hold,,,0.0,,,0,0.0,100.371178,46591,0.1494,hold,,,0.0,,,0,0.0
2022-08-15,31244699,22060565,False,False,,407.57196,0,0.0,hold,,,0.0,,,0,0.0,325.384125,0,0.0,hold,,,0.0,,,0,0.0,165.710007,27227,0.1444,hold,,,0.0,,,0,0.0,100.284325,46591,0.1495,hold,,,0.0,,,0,0.0
2022-08-16,31256229,22060565,False,False,,408.370331,0,0.0,hold,,,0.0,,,0,0.0,324.62207,0,0.0,hold,,,0.0,,,0,0.0,165.419998,27227,0.1441,hold,,,0.0,,,0,0.0,100.701286,46591,0.1501,hold,,,0.0,,,0,0.0
2022-08-17,31178127,22060565,False,False,,405.47171,0,0.0,hold,,,0.0,,,0,0.0,320.919464,0,0.0,hold,,,0.0,,,0,0.0,164.350006,27227,0.1435,hold,,,0.0,,,0,0.0,99.65023,46591,0.1489,hold,,,0.0,,,0,0.0
2022-08-18,31173297,22060565,False,False,,406.650146,0,0.0,hold,,,0.0,,,0,0.0,321.691284,0,0.0,hold,,,0.0,,,0,0.0,163.919998,27227,0.1432,hold,,,0.0,,,0,0.0,99.797859,46591,0.1492,hold,,,0.0,,,0,0.0
2022-08-19,31065754,22060565,False,False,,401.185516,0,0.0,hold,,,0.0,,,0,0.0,315.41925,0,0.0,hold,,,0.0,,,0,0.0,162.720001,27227,0.1426,hold,,,0.0,,,0,0.0,98.19088,46591,0.1473,hold,,,0.0,,,0,0.0
2022-08-22,31020972,22060565,False,False,,392.831909,0,0.0,hold,,,0.0,,,0,0.0,307.115051,0,0.0,hold,,,0.0,,,0,0.0,161.639999,27227,0.1419,hold,,,0.0,,,0,0.0,97.86084,46591,0.147,hold,,,0.0,,,0,0.0
2022-08-23,31026647,22060565,False,False,,391.881531,0,0.0,hold,,,0.0,,,0,0.0,306.861145,0,0.0,hold,,,0.0,,,0,0.0,162.770004,27227,0.1428,hold,,,0.0,,,0,0.0,97.322289,46591,0.1461,hold,,,0.0,,,0,0.0
2022-08-24,31006528,22060565,False,False,,393.136017,0,0.0,hold,,,0.0,,,0,0.0,307.750183,0,0.0,hold,,,0.0,,,0,0.0,163.25,27227,0.1434,hold,,,0.0,,,0,0.0,96.60997,46591,0.1452,hold,,,0.0,,,0,0.0
2022-08-25,31082870,22060565,False,False,,398.686096,0,0.0,hold,,,0.0,,,0,0.0,313.191742,0,0.0,hold,,,0.0,,,0,0.0,163.75,27227,0.1434,hold,,,0.0,,,0,0.0,97.956337,46591,0.1468,hold,,,0.0,,,0,0.0
2022-08-26,31063090,22060565,False,False,,385.190979,0,0.0,hold,,,0.0,,,0,0.0,300.354614,0,0.0,hold,,,0.0,,,0,0.0,161.759995,27227,0.1418,hold,,,0.0,,,0,0.0,98.694717,46591,0.148,hold,,,0.0,,,0,0.0
2022-08-29,31027771,22060565,False,False,,382.644012,0,0.0,hold,,,0.0,,,0,0.0,297.39447,0,0.0,hold,,,0.0,,,0,0.0,161.860001,27227,0.142,hold,,,0.0,,,0,0.0,97.878204,46591,0.147,hold,,,0.0,,,0,0.0
2022-08-30,31002345,22060565,False,False,,378.443359,0,0.0,hold,,,0.0,,,0,0.0,294.08255,0,0.0,hold,,,0.0,,,0,0.0,160.509995,27227,0.141,hold,,,0.0,,,0,0.0,98.121399,46591,0.1475,hold,,,0.0,,,0,0.0
2022-08-31,30924876,22060565,False,False,,375.563843,0,0.0,hold,,,0.0,,,0,0.0,292.372894,0,0.0,hold,,,0.0,,,0,0.0,159.270004,27227,0.1402,hold,,,0.0,,,0,0.0,97.183289,46591,0.1464,hold,,,0.0,,,0,0.0
2022-09-01,30803861,22060565,True,False,,376.742279,0,0.0,hold,,,0.0,,,0,0.0,292.499908,0,0.0,hold,,,0.0,,,0,0.0,157.869995,27227,0.1395,hold,,,0.0,,,0,0.0,95.404037,46591,0.1443,hold,,,0.0,,,0,0.0
2022-09-02,30866853,22060565,False,False,,372.769684,0,0.0,hold,,,0.0,,,0,0.0,288.367432,0,0.0,hold,,,0.0,,,0,0.0,159.259995,27227,0.1405,hold,,,0.0,,,0,0.0,95.943748,46591,0.1448,hold,,,0.0,,,0,0.0
2022-09-06,30730813,22060565,False,False,,371.363159,0,0.0,hold,,,0.0,,,0,0.0,286.296204,0,0.0,hold,,,0.0,,,0,0.0,158.330002,27227,0.1403,hold,,,0.0,,,0,0.0,93.56736,46591,0.1419,hold,,,0.0,,,0,0.0
2022-09-07,30843594,22060565,False,False,,378.03479,0,0.0,hold,,,0.0,,,0,0.0,292.079865,0,0.0,hold,,,0.0,,,0,0.0,159.940002,27227,0.1412,hold,,,0.0,,,0,0.0,95.047165,46591,0.1436,hold,,,0.0,,,0,0.0
2022-09-08,30772032,22060565,False,False,,380.505707,0,0.0,hold,,,0.0,,,0,0.0,293.594086,0,0.0,hold,,,0.0,,,0,0.0,158.979996,27227,0.1407,hold,,,0.0,,,0,0.0,94.072205,46591,0.1424,hold,,,0.0,,,0,0.0
2022-09-09,30804636,22060565,False,False,,386.41687,0,0.0,hold,,,0.0,,,0,0.0,300.012665,0,0.0,hold,,,0.0,,,0,0.0,159.820007,27227,0.1413,hold,,,0.0,,,0,0.0,94.281105,46591,0.1426,hold,,,0.0,,,0,0.0
2022-09-12,30790595,22060565,False,False,,390.570007,0,0.0,hold,,,0.0,,,0,0.0,303.578522,0,0.0,hold,,,0.0,,,0,0.0,160.630005,27227,0.142,hold,,,0.0,,,0,0.0,93.506386,46591,0.1415,hold,,,0.0,,,0,0.0
2022-09-13,30743830,22060565,False,False,,373.587036,0,0.0,hold,,,0.0,,,0,0.0,286.931274,0,0.0,hold,,,0.0,,,0,0.0,158.539993,27227,0.1404,hold,,,0.0,,,0,0.0,93.72403,46591,0.142,hold,,,0.0,,,0,0.0
2022-09-14,30742227,22060565,False,False,,375.012634,0,0.0,hold,,,0.0,,,0,0.0,289.207581,0,0.0,hold,,,0.0,,,0,0.0,157.929993,27227,0.1399,hold,,,0.0,,,0,0.0,94.046097,46591,0.1425,hold,,,0.0,,,0,0.0
2022-09-15,30659070,22060565,False,False,,370.755005,0,0.0,hold,,,0.0,,,0,0.0,284.391205,0,0.0,hold,,,0.0,,,0,0.0,154.979996,27227,0.1376,hold,,,0.0,,,0,0.0,93.985184,46591,0.1428,hold,,,0.0,,,0,0.0
2022-09-16,30645984,22060565,False,False,,367.926514,0,0.0,hold,,,0.0,,,0,0.0,282.652191,0,0.0,hold,,,0.0,,,0,0.0,155.839996,27227,0.1385,hold,,,0.0,,,0,0.0,93.201752,46591,0.1417,hold,,,0.0,,,0,0.0
2022-09-19,30659390,22060565,False,False,,370.779724,0,0.0,hold,,,0.0,,,0,0.0,284.853333,0,0.0,hold,,,0.0,,,0,0.0,155.960007,27227,0.1385,hold,,,0.0,,,0,0.0,93.41935,46591,0.142,hold,,,0.0,,,0,0.0
2022-09-20,30591764,22060565,False,False,,366.523712,0,0.0,hold,,,0.0,,,0,0.0,282.582733,0,0.0,hold,,,0.0,,,0,0.0,155.070007,27227,0.138,hold,,,0.0,,,0,0.0,92.487976,46591,0.1409,hold,,,0.0,,,0,0.0
2022-09-21,30683555,22060565,False,False,,360.130219,0,0.0,hold,,,0.0,,,0,0.0,277.522827,0,0.0,hold,,,0.0,,,0,0.0,155.789993,27227,0.1382,hold,,,0.0,,,0,0.0,94.037384,46591,0.1428,hold,,,0.0,,,0,0.0
2022-09-22,30569169,22060565,False,False,,357.105133,0,0.0,hold,,,0.0,,,0,0.0,274.107025,0,0.0,hold,,,0.0,,,0,0.0,155.699997,27227,0.1387,hold,,,0.0,,,0,0.0,91.634865,46591,0.1397,hold,,,0.0,,,0,0.0
2022-09-23,30513369,22060565,False,False,,351.121918,0,0.0,hold,,,0.0,,,0,0.0,269.644196,0,0.0,hold,,,0.0,,,0,0.0,153.009995,27227,0.1365,hold,,,0.0,,,0,0.0,92.009201,46591,0.1405,hold,,,0.0,,,0,0.0
2022-09-26,30382980,22060565,False,False,,347.648376,0,0.0,hold,,,0.0,,,0,0.0,268.528412,0,0.0,hold,,,0.0,,,0,0.0,151.229996,27227,0.1355,hold,,,0.0,,,0,0.0,90.250801,46591,0.1384,hold,,,0.0,,,0,0.0
2022-09-27,30280701,22060565,False,False,,346.760895,0,0.0,hold,,,0.0,,,0,0.0,268.636108,0,0.0,hold,,,0.0,,,0,0.0,151.539993,27227,0.1363,hold,,,0.0,,,0,0.0,87.874397,46591,0.1352,hold,,,0.0,,,0,0.0
2022-09-28,30503548,22060565,False,False,,353.583862,0,0.0,hold,,,0.0,,,0,0.0,273.979889,0,0.0,hold,,,0.0,,,0,0.0,154.690002,27227,0.1381,hold,,,0.0,,,0,0.0,90.816635,46591,0.1387,hold,,,0.0,,,0,0.0
2022-09-29,30480831,22060565,False,False,,346.197906,0,0.0,hold,,,0.0,,,0,0.0,266.081696,0,0.0,hold,,,0.0,,,0,0.0,154.660004,27227,0.1382,hold,,,0.0,,,0,0.0,90.346581,46591,0.1381,hold,,,0.0,,,0,0.0
2022-09-30,30426757,22060565,False,False,,340.844452,0,0.0,hold,,,0.0,,,0,0.0,261.569885,0,0.0,hold,,,0.0,,,0,0.0,154.669998,27227,0.1384,hold,,,0.0,,,0,0.0,89.18013,46591,0.1366,hold,,,0.0,,,0,0.0
2022-10-03,30595152,22060565,True,False,,349.84314,0,0.0,hold,,,0.0,,,0,0.0,267.706329,0,0.0,hold,,,0.0,,,0,0.0,158.429993,27227,0.141,hold,,,0.0,,,0,0.0,90.597176,46591,0.138,hold,,,0.0,,,0,0.0
2022-10-04,30645168,22060565,False,False,,360.683685,0,0.0,hold,,,0.0,,,0,0.0,276.123199,0,0.0,hold,,,0.0,,,0,0.0,160.699997,27227,0.1428,hold,,,0.0,,,0,0.0,90.344131,46591,0.1374,hold,,,0.0,,,0,0.0
2022-10-05,30580690,22060565,False,False,,359.843842,0,0.0,hold,,,0.0,,,0,0.0,275.976471,0,0.0,hold,,,0.0,,,0,0.0,159.809998,27227,0.1423,hold,,,0.0,,,0,0.0,89.480324,46591,0.1363,hold,,,0.0,,,0,0.0
2022-10-06,30552617,22060565,False,False,,356.131836,0,0.0,hold,,,0.0,,,0,0.0,273.803741,0,0.0,hold,,,0.0,,,0,0.0,159.630005,27227,0.1423,hold,,,0.0,,,0,0.0,88.982956,46591,0.1357,hold,,,0.0,,,0,0.0
2022-10-07,30464722,22060565,False,False,,346.197906,0,0.0,hold,,,0.0,,,0,0.0,263.370667,0,0.0,hold,,,0.0,,,0,0.0,157.880005,27227,0.1411,hold,,,0.0,,,0,0.0,88.11911,46591,0.1348,hold,,,0.0,,,0,0.0
2022-10-10,30335551,22060565,False,False,,343.554626,0,0.0,hold,,,0.0,,,0,0.0,260.737946,0,0.0,hold,,,0.0,,,0,0.0,155.479996,27227,0.1395,hold,,,0.0,,,0,0.0,86.749191,46591,0.1332,hold,,,0.0,,,0,0.0
2022-10-11,30344726,22060565,False,False,,341.378876,0,0.0,hold,,,0.0,,,0,0.0,257.155884,0,0.0,hold,,,0.0,,,0,0.0,155.160004,27227,0.1392,hold,,,0.0,,,0,0.0,87.133118,46591,0.1338,hold,,,0.0,,,0,0.0
2022-10-12,30387246,22060565,False,False,,340.252808,0,0.0,hold,,,0.0,,,0,0.0,257.06778,0,0.0,hold,,,0.0,,,0,0.0,155.990005,27227,0.1398,hold,,,0.0,,,0,0.0,87.560699,46591,0.1343,hold,,,0.0,,,0,0.0
2022-10-13,30318814,22060565,False,False,,349.232422,0,0.0,hold,,,0.0,,,0,0.0,263.096649,0,0.0,hold,,,0.0,,,0,0.0,154.910004,27227,0.1391,hold,,,0.0,,,0,0.0,86.723045,46591,0.1333,hold,,,0.0,,,0,0.0
2022-10-14,30232930,22060565,False,False,,341.273895,0,0.0,hold,,,0.0,,,0,0.0,255.188644,0,0.0,hold,,,0.0,,,0,0.0,152.979996,27227,0.1378,hold,,,0.0,,,0,0.0,86.007553,46591,0.1325,hold,,,0.0,,,0,0.0
2022-10-17,30225395,22060565,False,False,,350.04361,0,0.0,hold,,,0.0,,,0,0.0,263.615356,0,0.0,hold,,,0.0,,,0,0.0,153.419998,27227,0.1382,hold,,,0.0,,,0,0.0,85.588707,46591,0.1319,hold,,,0.0,,,0,0.0
2022-10-18,30243731,22060565,False,False,,354.156494,0,0.0,hold,,,0.0,,,0,0.0,265.699921,0,0.0,hold,,,0.0,,,0,0.0,153.75,27227,0.1384,hold,,,0.0,,,0,0.0,85.789413,46591,0.1322,hold,,,0.0,,,0,0.0
2022-10-19,30114875,22060565,False,False,,351.646729,0,0.0,hold,,,0.0,,,0,0.0,264.731049,0,0.0,hold,,,0.0,,,0,0.0,151.690002,27227,0.1371,hold,,,0.0,,,0,0.0,84.227554,46591,0.1303,hold,,,0.0,,,0,0.0
2022-10-20,30041263,22060565,False,False,,348.69812,0,0.0,hold,,,0.0,,,0,0.0,263.380432,0,0.0,hold,,,0.0,,,0,0.0,151.449997,27227,0.1373,hold,,,0.0,,,0,0.0,82.787834,46591,0.1284,hold,,,0.0,,,0,0.0
2022-10-21,30045257,22060565,False,False,,357.171967,0,0.0,hold,,,0.0,,,0,0.0,269.556091,0,0.0,hold,,,0.0,,,0,0.0,154.149994,27227,0.1397,hold,,,0.0,,,0,0.0,81.295746,46591,0.1261,hold,,,0.0,,,0,0.0
2022-10-24,30000341,22060565,False,False,,361.54245,0,0.0,hold,,,0.0,,,0,0.0,272.521576,0,0.0,hold,,,0.0,,,0,0.0,153.649994,27227,0.1394,hold,,,0.0,,,0,0.0,80.623886,46591,0.1252,hold,,,0.0,,,0,0.0
2022-10-25,30119227,22060565,False,False,,367.315796,0,0.0,hold,,,0.0,,,0,0.0,278.158997,0,0.0,hold,,,0.0,,,0,0.0,154.0,27227,0.1392,hold,,,0.0,,,0,0.0,82.971039,46591,0.1283,hold,,,0.0,,,0,0.0
2022-10-26,30201605,22060565,False,False,,364.548401,0,0.0,hold,,,0.0,,,0,0.0,272.012695,0,0.0,hold,,,0.0,,,0,0.0,154.979996,27227,0.1397,hold,,,0.0,,,0,0.0,84.166451,46591,0.1298,hold,,,0.0,,,0,0.0
2022-10-27,30236131,22060565,False,False,,362.601685,0,0.0,hold,,,0.0,,,0,0.0,267.060364,0,0.0,hold,,,0.0,,,0,0.0,154.740005,27227,0.1393,hold,,,0.0,,,0,0.0,85.047737,46591,0.1311,hold,,,0.0,,,0,0.0
2022-10-28,30165875,22060565,False,False,,371.228333,0,0.0,hold,,,0.0,,,0,0.0,275.232635,0,0.0,hold,,,0.0,,,0,0.0,153.160004,27227,0.1382,hold,,,0.0,,,0,0.0,84.463135,46591,0.1305,hold,,,0.0,,,0,0.0
2022-10-31,30103789,22060565,False,False,,368.546814,0,0.0,hold,,,0.0,,,0,0.0,272.032257,0,0.0,hold,,,0.0,,,0,0.0,151.910004,27227,0.1374,hold,,,0.0,,,0,0.0,83.861046,46591,0.1298,hold,,,0.0,,,0,0.0
2022-11-01,30182507,22060565,True,False,,366.934052,0,0.0,hold,,,0.0,,,0,0.0,269.252686,0,0.0,hold,,,0.0,,,0,0.0,153.460007,27227,0.1384,hold,INCREASE_TO_TARGET,rebalance 2022-11-01,349120.0,,,0,0.0,84.644806,46591,0.1307,hold,INCREASE_TO_TARGET,rebalance 2022-11-01,583690.0,,,0,0.0
2022-11-02,30126110,21127910,False,True,monthly,357.725403,0,0.0,hold,,,0.0,,,0,0.0,260.023438,0,0.0,hold,,,0.0,,,0,0.0,152.389999,29484,0.1491,hold,,,0.0,INCREASE_TO_TARGET,buy,2257,154.160004,84.277412,53456,0.1495,hold,,,0.0,INCREASE_TO_TARGET,buy,6865,84.767249
2022-11-03,30084696,21127910,False,False,,354.041992,0,0.0,hold,,,0.0,,,0,0.0,254.943939,0,0.0,hold,,,0.0,,,0,0.0,151.809998,29484,0.1488,hold,,,0.0,,,0,0.0,83.822586,53456,0.1489,hold,,,0.0,,,0,0.0
2022-11-04,30146809,21127910,False,False,,359.137787,0,0.0,hold,,,0.0,,,0,0.0,259.044769,0,0.0,hold,,,0.0,,,0,0.0,156.470001,29484,0.153,hold,,,0.0,,,0,0.0,82.414284,53456,0.1461,hold,,,0.0,,,0,0.0
2022-11-07,30084577,21127910,False,False,,362.573059,0,0.0,hold,,,0.0,,,0,0.0,261.892792,0,0.0,hold,,,0.0,,,0,0.0,155.850006,29484,0.1527,hold,,,0.0,,,0,0.0,81.592072,53456,0.145,hold,,,0.0,,,0,0.0
2022-11-08,30238414,21127910,False,False,,364.529327,0,0.0,hold,,,0.0,,,0,0.0,263.801331,0,0.0,hold,,,0.0,,,0,0.0,159.449997,29484,0.1555,hold,,,0.0,,,0,0.0,82.484291,53456,0.1458,hold,,,0.0,,,0,0.0
2022-11-09,30229319,21127910,False,False,,357.019226,0,0.0,hold,,,0.0,,,0,0.0,257.713745,0,0.0,hold,,,0.0,,,0,0.0,158.649994,29484,0.1547,hold,,,0.0,,,0,0.0,82.755409,53456,0.1463,hold,,,0.0,,,0,0.0
2022-11-10,30541926,21127910,False,False,,376.639038,0,0.0,hold,,,0.0,,,0,0.0,276.730072,0,0.0,hold,,,0.0,,,0,0.0,163.479996,29484,0.1578,hold,,,0.0,,,0,0.0,85.939323,53456,0.1504,hold,,,0.0,,,0,0.0
2022-11-11,30556938,21127910,False,False,,380.284271,0,0.0,hold,,,0.0,,,0,0.0,281.829132,0,0.0,hold,,,0.0,,,0,0.0,164.559998,29484,0.1588,hold,,,0.0,,,0,0.0,85.624466,53456,0.1498,hold,,,0.0,,,0,0.0
2022-11-14,30556331,21127910,False,False,,377.049316,0,0.0,hold,,,0.0,,,0,0.0,279.362793,0,0.0,hold,,,0.0,,,0,0.0,164.919998,29484,0.1591,hold,,,0.0,,,0,0.0,85.414543,53456,0.1494,hold,,,0.0,,,0,0.0
2022-11-15,30647307,21127910,False,False,,380.265198,0,0.0,hold,,,0.0,,,0,0.0,283.228607,0,0.0,hold,,,0.0,,,0,0.0,165.5,29484,0.1592,hold,,,0.0,,,0,0.0,86.796539,53456,0.1514,hold,,,0.0,,,0,0.0
2022-11-16,30737568,21127910,False,False,,377.364197,0,0.0,hold,,,0.0,,,0,0.0,279.362793,0,0.0,hold,,,0.0,,,0,0.0,165.119995,29484,0.1584,hold,,,0.0,,,0,0.0,88.694641,53456,0.1542,hold,,,0.0,,,0,0.0
2022-11-17,30652157,21127910,False,False,,376.209503,0,0.0,hold,,,0.0,,,0,0.0,278.746124,0,0.0,hold,,,0.0,,,0,0.0,163.919998,29484,0.1577,hold,,,0.0,,,0,0.0,87.758713,53456,0.153,hold,,,0.0,,,0,0.0
2022-11-18,30586575,21127910,False,False,,377.917664,0,0.0,hold,,,0.0,,,0,0.0,278.755981,0,0.0,hold,,,0.0,,,0,0.0,162.789993,29484,0.1569,hold,,,0.0,,,0,0.0,87.155151,53456,0.1523,hold,,,0.0,,,0,0.0
2022-11-21,30579385,21127910,False,False,,376.543518,0,0.0,hold,,,0.0,,,0,0.0,275.888367,0,0.0,hold,,,0.0,,,0,0.0,161.880005,29484,0.1561,hold,,,0.0,,,0,0.0,87.522545,53456,0.153,hold,,,0.0,,,0,0.0
2022-11-22,30651384,21127910,False,False,,381.610657,0,0.0,hold,,,0.0,,,0,0.0,279.861969,0,0.0,hold,,,0.0,,,0,0.0,162.070007,29484,0.1559,hold,,,0.0,,,0,0.0,88.764633,53456,0.1548,hold,,,0.0,,,0,0.0
2022-11-23,30763924,21127910,False,False,,384.015442,0,0.0,hold,,,0.0,,,0,0.0,282.670837,0,0.0,hold,,,0.0,,,0,0.0,163.080002,29484,0.1563,hold,,,0.0,,,0,0.0,90.312843,53456,0.1569,hold,,,0.0,,,0,0.0
2022-11-25,30751687,21127910,False,False,,383.929565,0,0.0,hold,,,0.0,,,0,0.0,280.811218,0,0.0,hold,,,0.0,,,0,0.0,163.220001,29484,0.1565,hold,,,0.0,,,0,0.0,90.006706,53456,0.1565,hold,,,0.0,,,0,0.0
2022-11-28,30727211,21127910,False,False,,377.803192,0,0.0,hold,,,0.0,,,0,0.0,276.690826,0,0.0,hold,,,0.0,,,0,0.0,161.929993,29484,0.1554,hold,,,0.0,,,0,0.0,90.260353,53456,0.157,hold,,,0.0,,,0,0.0
2022-11-29,30694222,21127910,False,False,,377.154297,0,0.0,hold,,,0.0,,,0,0.0,274.596405,0,0.0,hold,,,0.0,,,0,0.0,162.729996,29484,0.1563,hold,,,0.0,,,0,0.0,89.201981,53456,0.1554,hold,,,0.0,,,0,0.0
2022-11-30,30790617,21127910,False,False,,389.034882,0,0.0,hold,,,0.0,,,0,0.0,287.114105,0,0.0,hold,,,0.0,,,0,0.0,164.809998,29484,0.1578,hold,,,0.0,,,0,0.0,89.858009,53456,0.156,hold,,,0.0,,,0,0.0
2022-12-01,31033405,21127910,True,False,,388.748566,0,0.0,hold,,,0.0,,,0,0.0,287.466431,0,0.0,hold,,,0.0,,,0,0.0,167.839996,29484,0.1595,hold,,,0.0,,,0,0.0,92.728615,53456,0.1597,hold,,,0.0,,,0,0.0
2022-12-02,31078639,21127910,False,False,,388.300079,0,0.0,hold,,,0.0,,,0,0.0,286.321381,0,0.0,hold,,,0.0,,,0,0.0,167.259995,29484,0.1587,hold,,,0.0,,,0,0.0,93.894714,53456,0.1615,hold,,,0.0,,,0,0.0
2022-12-05,30923716,21127910,False,False,,381.31485,0,0.0,hold,,,0.0,,,0,0.0,281.51593,0,0.0,hold,,,0.0,,,0,0.0,164.389999,29484,0.1567,hold,,,0.0,,,0,0.0,92.579544,53456,0.16,hold,,,0.0,,,0,0.0
2022-12-06,31000727,21127910,False,False,,375.818268,0,0.0,hold,,,0.0,,,0,0.0,275.682831,0,0.0,hold,,,0.0,,,0,0.0,164.839996,29484,0.1568,hold,,,0.0,,,0,0.0,93.77198,53456,0.1617,hold,,,0.0,,,0,0.0
2022-12-07,31162768,21127910,False,False,,375.178894,0,0.0,hold,,,0.0,,,0,0.0,274.557312,0,0.0,hold,,,0.0,,,0,0.0,166.330002,29484,0.1574,hold,,,0.0,,,0,0.0,95.981453,53456,0.1646,hold,,,0.0,,,0,0.0
2022-12-08,31152835,21127910,False,False,,378.118073,0,0.0,hold,,,0.0,,,0,0.0,277.80661,0,0.0,hold,,,0.0,,,0,0.0,166.470001,29484,0.1576,hold,,,0.0,,,0,0.0,95.718422,53456,0.1642,hold,,,0.0,,,0,0.0
2022-12-09,31037123,21127910,False,False,,375.293457,0,0.0,hold,,,0.0,,,0,0.0,276.035217,0,0.0,hold,,,0.0,,,0,0.0,167.059998,29484,0.1587,hold,,,0.0,,,0,0.0,93.228386,53456,0.1606,hold,,,0.0,,,0,0.0
2022-12-12,31012369,21127910,False,False,,380.704132,0,0.0,hold,,,0.0,,,0,0.0,279.499756,0,0.0,hold,,,0.0,,,0,0.0,165.679993,29484,0.1575,hold,,,0.0,,,0,0.0,93.526459,53456,0.1612,hold,,,0.0,,,0,0.0
2022-12-13,31144084,21127910,False,False,,383.585999,0,0.0,hold,,,0.0,,,0,0.0,282.504456,0,0.0,hold,,,0.0,,,0,0.0,168.509995,29484,0.1595,hold,,,0.0,,,0,0.0,94.429543,53456,0.1621,hold,,,0.0,,,0,0.0
2022-12-14,31153555,21127910,False,False,,381.133575,0,0.0,hold,,,0.0,,,0,0.0,280.409973,0,0.0,hold,,,0.0,,,0,0.0,168.100006,29484,0.1591,hold,,,0.0,,,0,0.0,94.832848,53456,0.1627,hold,,,0.0,,,0,0.0
2022-12-15,31092254,21127910,False,False,,371.810425,0,0.0,hold,,,0.0,,,0,0.0,270.994812,0,0.0,hold,,,0.0,,,0,0.0,165.350006,29484,0.1568,hold,,,0.0,,,0,0.0,95.202881,53456,0.1637,hold,,,0.0,,,0,0.0
2022-12-16,31077862,21127910,False,False,,367.420746,0,0.0,hold,,,0.0,,,0,0.0,268.410919,0,0.0,hold,,,0.0,,,0,0.0,166.789993,29484,0.1582,hold,,,0.0,,,0,0.0,94.139412,53456,0.1619,hold,,,0.0,,,0,0.0
2022-12-19,30979437,21127910,False,False,,364.305084,0,0.0,hold,,,0.0,,,0,0.0,264.638916,0,0.0,hold,,,0.0,,,0,0.0,166.320007,29484,0.1583,hold,,,0.0,,,0,0.0,92.557396,53456,0.1597,hold,,,0.0,,,0,0.0
2022-12-20,30972953,21127910,False,False,,364.803619,0,0.0,hold,,,0.0,,,0,0.0,264.432892,0,0.0,hold,,,0.0,,,0,0.0,169.080002,29484,0.161,hold,,,0.0,,,0,0.0,90.913818,53456,0.1569,hold,,,0.0,,,0,0.0
2022-12-21,30976914,21127910,False,False,,370.258331,0,0.0,hold,,,0.0,,,0,0.0,268.268799,0,0.0,hold,,,0.0,,,0,0.0,168.800003,29484,0.1607,hold,,,0.0,,,0,0.0,91.142342,53456,0.1573,hold,,,0.0,,,0,0.0
2022-12-22,30915827,21127910,False,False,,364.976135,0,0.0,hold,,,0.0,,,0,0.0,261.705536,0,0.0,hold,,,0.0,,,0,0.0,166.759995,29484,0.159,hold,,,0.0,,,0,0.0,91.124771,53456,0.1576,hold,,,0.0,,,0,0.0
2022-12-23,30859156,21127910,False,False,,367.075653,0,0.0,hold,,,0.0,,,0,0.0,262.294189,0,0.0,hold,,,0.0,,,0,0.0,167.259995,29484,0.1598,hold,,,0.0,,,0,0.0,89.788849,53456,0.1555,hold,,,0.0,,,0,0.0
2022-12-27,30805824,21127910,False,False,,365.628052,0,0.0,hold,,,0.0,,,0,0.0,258.585846,0,0.0,hold,,,0.0,,,0,0.0,168.669998,29484,0.1614,hold,,,0.0,,,0,0.0,88.013466,53456,0.1527,hold,,,0.0,,,0,0.0
2022-12-28,30755696,21127910,False,False,,361.084076,0,0.0,hold,,,0.0,,,0,0.0,255.171722,0,0.0,hold,,,0.0,,,0,0.0,167.910004,29484,0.161,hold,,,0.0,,,0,0.0,87.494911,53456,0.1521,hold,,,0.0,,,0,0.0
2022-12-29,30836500,21127910,False,False,,367.58371,0,0.0,hold,,,0.0,,,0,0.0,261.391602,0,0.0,hold,,,0.0,,,0,0.0,168.850006,29484,0.1614,hold,,,0.0,,,0,0.0,88.488052,53456,0.1534,hold,,,0.0,,,0,0.0
2022-12-30,30807173,21127910,False,False,,366.615387,0,0.0,hold,,,0.0,,,0,0.0,261.234619,0,0.0,hold,,,0.0,,,0,0.0,169.639999,29484,0.1624,hold,,,0.0,,,0,0.0,87.5037,53456,0.1518,hold,,,0.0,,,0,0.0
2023-01-03,30938307,21127910,True,False,,365.072083,0,0.0,hold,,,0.0,,,0,0.0,259.46875,0,0.0,hold,,,0.0,,,0,0.0,171.059998,29484,0.163,hold,,,0.0,,,0,0.0,89.173607,53456,0.1541,hold,,,0.0,,,0,0.0
2023-01-04,31051081,21127910,False,False,,367.890442,0,0.0,hold,,,0.0,,,0,0.0,260.704865,0,0.0,hold,,,0.0,,,0,0.0,172.669998,29484,0.164,hold,,,0.0,,,0,0.0,90.395256,53456,0.1556,hold,,,0.0,,,0,0.0
2023-01-05,31007895,21127910,False,False,,363.69162,0,0.0,hold,,,0.0,,,0,0.0,256.623688,0,0.0,hold,,,0.0,,,0,0.0,170.520004,29484,0.1621,hold,,,0.0,,,0,0.0,90.773224,53456,0.1565,hold,,,0.0,,,0,0.0
2023-01-06,31191216,21127910,False,False,,372.03183,0,0.0,hold,,,0.0,,,0,0.0,263.706879,0,0.0,hold,,,0.0,,,0,0.0,173.710007,29484,0.1642,hold,,,0.0,,,0,0.0,92.443138,53456,0.1584,hold,,,0.0,,,0,0.0
2023-01-09,31229025,21127910,False,False,,371.820862,0,0.0,hold,,,0.0,,,0,0.0,265.41394,0,0.0,hold,,,0.0,,,0,0.0,174.100006,29484,0.1644,hold,,,0.0,,,0,0.0,92.935326,53456,0.1591,hold,,,0.0,,,0,0.0
2023-01-10,31165676,21127910,False,False,,374.428436,0,0.0,hold,,,0.0,,,0,0.0,267.660461,0,0.0,hold,,,0.0,,,0,0.0,174.740005,29484,0.1653,hold,,,0.0,,,0,0.0,91.397263,53456,0.1568,hold,,,0.0,,,0,0.0
2023-01-11,31241536,21127910,False,False,,379.164154,0,0.0,hold,,,0.0,,,0,0.0,272.291046,0,0.0,hold,,,0.0,,,0,0.0,174.619995,29484,0.1648,hold,,,0.0,,,0,0.0,92.882576,53456,0.1589,hold,,,0.0,,,0,0.0
2023-01-12,31398819,21127910,False,False,,380.544647,0,0.0,hold,,,0.0,,,0,0.0,273.762695,0,0.0,hold,,,0.0,,,0,0.0,176.639999,29484,0.1659,hold,,,0.0,,,0,0.0,94.710716,53456,0.1612,hold,,,0.0,,,0,0.0
2023-01-13,31413872,21127910,False,False,,382.020966,0,0.0,hold,,,0.0,,,0,0.0,275.646271,0,0.0,hold,,,0.0,,,0,0.0,178.759995,29484,0.1678,hold,,,0.0,,,0,0.0,93.823013,53456,0.1597,hold,,,0.0,,,0,0.0
2023-01-17,31346958,21127910,False,False,,381.321106,0,0.0,hold,,,0.0,,,0,0.0,276.205505,0,0.0,hold,,,0.0,,,0,0.0,177.589996,29484,0.167,hold,,,0.0,,,0,0.0,93.216576,53456,0.159,hold,,,0.0,,,0,0.0
2023-01-18,31452667,21127910,False,False,,375.300812,0,0.0,hold,,,0.0,,,0,0.0,272.614838,0,0.0,hold,,,0.0,,,0,0.0,177.080002,29484,0.166,hold,,,0.0,,,0,0.0,95.475349,53456,0.1623,hold,,,0.0,,,0,0.0
2023-01-19,31503569,21127910,False,False,,372.568695,0,0.0,hold,,,0.0,,,0,0.0,269.936584,0,0.0,hold,,,0.0,,,0,0.0,179.889999,29484,0.1684,hold,,,0.0,,,0,0.0,94.877701,53456,0.161,hold,,,0.0,,,0,0.0
2023-01-20,31403657,21127910,False,False,,379.509277,0,0.0,hold,,,0.0,,,0,0.0,277.323822,0,0.0,hold,,,0.0,,,0,0.0,179.289993,29484,0.1683,hold,,,0.0,,,0,0.0,93.339584,53456,0.1589,hold,,,0.0,,,0,0.0
2023-01-23,31390192,21127910,False,False,,384.062805,0,0.0,hold,,,0.0,,,0,0.0,283.484833,0,0.0,hold,,,0.0,,,0,0.0,179.630005,29484,0.1687,hold,,,0.0,,,0,0.0,92.900169,53456,0.1582,hold,,,0.0,,,0,0.0
2023-01-24,31480771,21127910,False,False,,383.650665,0,0.0,hold,,,0.0,,,0,0.0,282.906097,0,0.0,hold,,,0.0,,,0,0.0,180.279999,29484,0.1688,hold,,,0.0,,,0,0.0,94.236115,53456,0.16,hold,,,0.0,,,0,0.0
2023-01-25,31517458,21127910,False,False,,383.794434,0,0.0,hold,,,0.0,,,0,0.0,282.278229,0,0.0,hold,,,0.0,,,0,0.0,181.110001,29484,0.1694,hold,,,0.0,,,0,0.0,94.46463,53456,0.1602,hold,,,0.0,,,0,0.0
2023-01-26,31445613,21127910,False,False,,388.012512,0,0.0,hold,,,0.0,,,0,0.0,287.781891,0,0.0,hold,,,0.0,,,0,0.0,179.470001,29484,0.1683,hold,,,0.0,,,0,0.0,94.025169,53456,0.1598,hold,,,0.0,,,0,0.0
2023-01-27,31425556,21127910,False,False,,388.903992,0,0.0,hold,,,0.0,,,0,0.0,290.646576,0,0.0,hold,,,0.0,,,0,0.0,179.220001,29484,0.1681,hold,,,0.0,,,0,0.0,93.787865,53456,0.1595,hold,,,0.0,,,0,0.0
2023-01-30,31393670,21127910,False,False,,384.024536,0,0.0,hold,,,0.0,,,0,0.0,284.770081,0,0.0,hold,,,0.0,,,0,0.0,178.759995,29484,0.1679,hold,,,0.0,,,0,0.0,93.445091,53456,0.1591,hold,,,0.0,,,0,0.0
2023-01-31,31452769,21127910,False,False,,389.670959,0,0.0,hold,,,0.0,,,0,0.0,289.037689,0,0.0,hold,,,0.0,,,0,0.0,179.410004,29484,0.1682,hold,,,0.0,,,0,0.0,94.192146,53456,0.1601,hold,,,0.0,,,0,0.0
2023-02-01,31579932,21127910,True,False,,393.812317,0,0.0,hold,,,0.0,,,0,0.0,295.218323,0,0.0,hold,,,0.0,,,0,0.0,181.669998,29484,0.1696,hold,REDUCE_TO_TARGET,rebalance 2023-02-01,-619368.0,,,0,0.0,95.324463,53456,0.1614,hold,REDUCE_TO_TARGET,rebalance 2023-02-01,-358675.0,,,0,0.0
2023-02-02,31485318,22105792,False,True,monthly,399.545044,0,0.0,hold,,,0.0,,,0,0.0,305.813629,0,0.0,hold,,,0.0,,,0,0.0,177.899994,26054,0.1472,hold,,,0.0,REDUCE_TO_TARGET,sell,3430,180.536762,95.447823,49708,0.1507,hold,,,0.0,REDUCE_TO_TARGET,sell,3748,95.68859
2023-02-03,31298681,22105792,False,False,,395.298248,0,0.0,hold,,,0.0,,,0,0.0,300.378571,0,0.0,hold,,,0.0,,,0,0.0,173.460007,26054,0.1444,hold,,,0.0,,,0,0.0,94.020325,49708,0.1493,hold,,,0.0,,,0,0.0
2023-02-06,31273458,22105792,False,False,,392.882385,0,0.0,buy,ENTER_TO_TARGET,signal_buy+rebalance,10945710.0,,,0,0.0,297.837708,0,0.0,hold,,,0.0,,,0,0.0,173.820007,26054,0.1448,hold,INCREASE_TO_TARGET,rebalance 2023-02-06,162312.0,,,0,0.0,93.324219,49708,0.1483,hold,INCREASE_TO_TARGET,rebalance 2023-02-06,52058.0,,,0,0.0
2023-02-07,31375805,10946181,False,True,daily,398.020721,27841,0.3532,hold,,,0.0,ENTER_TO_TARGET,buy,27841,391.962064,304.008545,0,0.0,hold,,,0.0,,,0,0.0,173.979996,26985,0.1496,hold,,,0.0,INCREASE_TO_TARGET,buy,931,173.720001,92.575226,50267,0.1483,hold,,,0.0,INCREASE_TO_TARGET,buy,559,92.813144
2023-02-08,31288388,10946181,False,False,,393.668579,27841,0.3503,hold,,,0.0,,,0,0.0,298.602905,0,0.0,hold,,,0.0,,,0,0.0,174.410004,26985,0.1504,hold,,,0.0,,,0,0.0,93.015808,50267,0.1494,hold,,,0.0,,,0,0.0
2023-02-09,31111839,10946181,False,False,,390.255768,27841,0.3492,hold,,,0.0,,,0,0.0,295.963928,0,0.0,hold,,,0.0,,,0,0.0,173.029999,26985,0.1501,hold,,,0.0,,,0,0.0,92.134644,50267,0.1489,hold,,,0.0,,,0,0.0
2023-02-10,31094273,10946181,False,False,,391.166443,27841,0.3502,hold,,,0.0,,,0,0.0,294.021423,0,0.0,hold,,,0.0,,,0,0.0,173.360001,26985,0.1504,hold,,,0.0,,,0,0.0,91.103661,50267,0.1473,hold,,,0.0,,,0,0.0
2023-02-13,31236906,10946181,False,False,,395.758362,27841,0.3527,hold,,,0.0,,,0,0.0,298.730469,0,0.0,hold,,,0.0,,,0,0.0,172.479996,26985,0.149,hold,,,0.0,,,0,0.0,91.870293,50267,0.1478,hold,,,0.0,,,0,0.0
2023-02-14,31224713,10946181,False,False,,395.576233,27841,0.3527,hold,,,0.0,,,0,0.0,300.937836,0,0.0,hold,,,0.0,,,0,0.0,172.610001,26985,0.1492,hold,,,0.0,,,0,0.0,91.658798,50267,0.1476,hold,,,0.0,,,0,0.0
2023-02-15,31171098,10946181,False,False,,396.860809,27841,0.3545,hold,,,0.0,,,0,0.0,303.243317,0,0.0,hold,,,0.0,,,0,0.0,170.889999,26985,0.1479,hold,,,0.0,,,0,0.0,90.80407,50267,0.1464,hold,,,0.0,,,0,0.0
2023-02-16,30950520,10946181,False,False,,391.396515,27841,0.3521,hold,,,0.0,,,0,0.0,297.553192,0,0.0,hold,,,0.0,,,0,0.0,170.75,26985,0.1489,hold,,,0.0,,,0,0.0,89.517563,50267,0.1454,hold,,,0.0,,,0,0.0
2023-02-17,30972052,10946181,False,False,,390.418701,27841,0.351,hold,,,0.0,,,0,0.0,295.453766,0,0.0,hold,,,0.0,,,0,0.0,171.259995,26985,0.1492,hold,,,0.0,,,0,0.0,90.213722,50267,0.1464,hold,,,0.0,,,0,0.0
2023-02-21,30648580,10946181,False,False,,382.586517,27841,0.3475,hold,,,0.0,,,0,0.0,288.458801,0,0.0,hold,,,0.0,,,0,0.0,170.619995,26985,0.1502,hold,,,0.0,,,0,0.0,88.460167,50267,0.1451,hold,,,0.0,,,0,0.0
2023-02-22,30648748,10946181,False,False,,382.059326,27841,0.3471,hold,,,0.0,,,0,0.0,288.674652,0,0.0,hold,,,0.0,,,0,0.0,169.660004,26985,0.1494,hold,,,0.0,,,0,0.0,89.270859,50267,0.1464,hold,,,0.0,,,0,0.0
2023-02-23,30746750,10946181,False,False,,384.091553,27841,0.3478,hold,,,0.0,,,0,0.0,291.196014,0,0.0,hold,,,0.0,,,0,0.0,169.570007,26985,0.1488,hold,,,0.0,,,0,0.0,90.143219,50267,0.1474,hold,,,0.0,,,0,0.0
2023-02-24,30540686,10946181,False,False,,379.988586,27841,0.3464,hold,,,0.0,,,0,0.0,286.320129,0,0.0,hold,,,0.0,,,0,0.0,168.350006,26985,0.1487,hold,,,0.0,,,0,0.0,88.971252,50267,0.1464,hold,,,0.0,,,0,0.0
2023-02-27,30606931,10946181,False,False,,381.282806,27841,0.3468,hold,,,0.0,,,0,0.0,288.370575,0,0.0,hold,,,0.0,,,0,0.0,169.009995,26985,0.149,hold,,,0.0,,,0,0.0,89.217979,50267,0.1465,hold,,,0.0,,,0,0.0
2023-02-28,30608852,10946181,False,False,,379.873627,27841,0.3455,hold,,,0.0,,,0,0.0,287.997711,0,0.0,hold,,,0.0,,,0,0.0,169.779999,26985,0.1497,hold,,,0.0,,,0,0.0,89.623322,50267,0.1472,hold,,,0.0,,,0,0.0
2023-03-01,30546328,10946181,True,False,,378.416473,27841,0.3449,hold,,,0.0,,,0,0.0,285.682495,0,0.0,hold,,,0.0,,,0,0.0,170.759995,26985,0.1509,hold,,,0.0,,,0,0.0,88.660461,50267,0.1459,hold,,,0.0,,,0,0.0
2023-03-02,30586049,10946181,False,False,,381.359497,27841,0.3471,hold,,,0.0,,,0,0.0,288.046814,0,0.0,hold,,,0.0,,,0,0.0,170.660004,26985,0.1506,hold,,,0.0,,,0,0.0,87.874306,50267,0.1444,hold,,,0.0,,,0,0.0
2023-03-03,30912720,10946181,False,False,,387.475616,27841,0.349,hold,,,0.0,,,0,0.0,294.00177,0,0.0,hold,,,0.0,,,0,0.0,172.490005,26985,0.1506,hold,,,0.0,,,0,0.0,90.003136,50267,0.1464,hold,,,0.0,,,0,0.0
2023-03-06,30861640,10946181,False,False,,387.744049,27841,0.3498,hold,,,0.0,,,0,0.0,294.335297,0,0.0,hold,,,0.0,,,0,0.0,171.619995,26985,0.1501,hold,,,0.0,,,0,0.0,89.305328,50267,0.1455,hold,,,0.0,,,0,0.0
2023-03-07,30642737,10946181,False,False,,381.800385,27841,0.3469,hold,,,0.0,,,0,0.0,290.725006,0,0.0,hold,,,0.0,,,0,0.0,168.619995,26985,0.1485,hold,,,0.0,,,0,0.0,89.852997,50267,0.1474,hold,,,0.0,,,0,0.0
2023-03-08,30662368,10946181,False,False,,382.423615,27841,0.3472,hold,,,0.0,,,0,0.0,292.176971,0,0.0,hold,,,0.0,,,0,0.0,168.539993,26985,0.1483,hold,,,0.0,,,0,0.0,89.941307,50267,0.1474,hold,,,0.0,,,0,0.0
2023-03-09,30521824,10946181,False,False,,375.367828,27841,0.3424,hold,,,0.0,,,0,0.0,287.114777,0,0.0,hold,,,0.0,,,0,0.0,170.199997,26985,0.1505,hold,,,0.0,,,0,0.0,90.162148,50267,0.1485,hold,,,0.0,,,0,0.0
2023-03-10,30626363,10946181,False,False,,369.951599,27841,0.3363,hold,,,0.0,,,0,0.0,283.082642,0,0.0,hold,,,0.0,,,0,0.0,173.869995,26985,0.1532,hold,,,0.0,,,0,0.0,93.271477,50267,0.1531,hold,,,0.0,,,0,0.0
2023-03-13,30730008,10946181,False,False,,369.424255,27841,0.3347,hold,,,0.0,,,0,0.0,285.182129,0,0.0,hold,,,0.0,,,0,0.0,177.860001,26985,0.1562,hold,,,0.0,,,0,0.0,93.483482,50267,0.1529,hold,,,0.0,,,0,0.0
2023-03-14,30794969,10946181,False,False,,375.530914,27841,0.3395,hold,,,0.0,,,0,0.0,291.735565,0,0.0,hold,,,0.0,,,0,0.0,176.830002,26985,0.155,hold,,,0.0,,,0,0.0,91.946495,50267,0.1501,hold,,,0.0,,,0,0.0
2023-03-15,30856068,10946181,False,False,,373.18219,27841,0.3367,hold,,,0.0,,,0,0.0,293.265991,0,0.0,hold,,,0.0,,,0,0.0,178.210007,26985,0.1559,hold,,,0.0,,,0,0.0,93.722008,50267,0.1527,hold,,,0.0,,,0,0.0
2023-03-16,31011216,10946181,False,False,,379.729706,27841,0.3409,hold,,,0.0,,,0,0.0,300.996704,0,0.0,hold,,,0.0,,,0,0.0,178.570007,26985,0.1554,hold,,,0.0,,,0,0.0,92.988815,50267,0.1507,hold,,,0.0,,,0,0.0
2023-03-17,31098082,10946181,False,False,,375.289734,27841,0.336,hold,,,0.0,,,0,0.0,299.574097,0,0.0,hold,,,0.0,,,0,0.0,183.770004,26985,0.1595,hold,,,0.0,,,0,0.0,94.384499,50267,0.1526,hold,,,0.0,,,0,0.0
2023-03-20,31158700,10946181,False,False,,378.898346,27841,0.3386,hold,,,0.0,,,0,0.0,300.637299,0,0.0,hold,,,0.0,,,0,0.0,183.839996,26985,0.1592,hold,,,0.0,,,0,0.0,93.554176,50267,0.1509,hold,,,0.0,,,0,0.0
2023-03-21,31163168,10946181,False,False,,383.873474,27841,0.343,hold,INCREASE_TO_TARGET,rebalance 2023-03-21,219687.0,,,0,0.0,304.931152,0,0.0,buy,ENTER_TO_TARGET,signal_buy+rebalance,10907109.0,,,0,0.0,180.369995,26985,0.1562,hold,REDUCE_TO_TARGET,rebalance 2023-03-21,-192809.0,,,0,0.0,92.750328,50267,0.1496,hold,INCREASE_TO_TARGET,rebalance 2023-03-21,12194.0,,,0,0.0
2023-03-22,30939957,412,False,True,daily,377.329742,28411,0.3465,hold,,,0.0,INCREASE_TO_TARGET,buy,570,383.700232,300.784729,35670,0.3468,hold,,,0.0,ENTER_TO_TARGET,buy,35670,304.862394,183.440002,25913,0.1536,hold,,,0.0,REDUCE_TO_TARGET,sell,1072,179.858794,93.987015,50398,0.1531,hold,,,0.0,INCREASE_TO_TARGET,buy,131,92.450011
2023-03-23,31155761,412,False,False,,378.349792,28411,0.345,hold,,,0.0,,,0,0.0,304.35141,35670,0.3484,hold,,,0.0,,,0,0.0,185.740005,25913,0.1545,hold,,,0.0,,,0,0.0,93.987015,50398,0.152,hold,,,0.0,,,0,0.0
2023-03-24,31232128,412,False,False,,380.832581,28411,0.3464,hold,,,0.0,,,0,0.0,305.471527,35670,0.3489,hold,,,0.0,,,0,0.0,183.649994,25913,0.1524,hold,,,0.0,,,0,0.0,94.384499,50398,0.1523,hold,,,0.0,,,0,0.0
2023-03-27,31021917,412,False,False,,381.544739,28411,0.3494,hold,,,0.0,,,0,0.0,303.378693,35670,0.3488,hold,,,0.0,,,0,0.0,181.949997,25913,0.152,hold,,,0.0,,,0,0.0,92.167328,50398,0.1497,hold,,,0.0,,,0,0.0
2023-03-28,30987169,412,False,False,,380.688202,28411,0.349,hold,,,0.0,,,0,0.0,301.767212,35670,0.3474,hold,,,0.0,,,0,0.0,183.440002,25913,0.1534,hold,,,0.0,,,0,0.0,92.335159,50398,0.1502,hold,,,0.0,,,0,0.0
2023-03-29,31307717,412,False,False,,386.221497,28411,0.3505,hold,,,0.0,,,0,0.0,307.269623,35670,0.3501,hold,,,0.0,,,0,0.0,182.529999,25913,0.1511,hold,,,0.0,,,0,0.0,92.149658,50398,0.1483,hold,,,0.0,,,0,0.0
2023-03-30,31539836,412,False,False,,388.48291,28411,0.3499,hold,,,0.0,,,0,0.0,310.17804,35670,0.3508,hold,,,0.0,,,0,0.0,184.179993,25913,0.1513,hold,,,0.0,,,0,0.0,92.573685,50398,0.1479,hold,,,0.0,,,0,0.0
2023-03-31,31924422,412,False,False,,393.958435,28411,0.3506,hold,,,0.0,,,0,0.0,315.336578,35670,0.3523,hold,,,0.0,,,0,0.0,183.220001,25913,0.1487,hold,,,0.0,,,0,0.0,93.960495,50398,0.1483,hold,,,0.0,,,0,0.0
2023-04-03,31996209,412,True,False,,395.459625,28411,0.3511,hold,,,0.0,,,0,0.0,314.570129,35670,0.3507,hold,,,0.0,,,0,0.0,184.539993,25913,0.1495,hold,,,0.0,,,0,0.0,94.40239,50398,0.1487,hold,,,0.0,,,0,0.0
2023-04-04,32008819,412,False,False,,393.265594,28411,0.3491,hold,,,0.0,,,0,0.0,313.508972,35670,0.3494,hold,,,0.0,,,0,0.0,187.979996,25913,0.1522,hold,,,0.0,,,0,0.0,94.871765,50398,0.1494,hold,,,0.0,,,0,0.0
2023-04-05,31915263,412,False,False,,392.235962,28411,0.3492,hold,,,0.0,,,0,0.0,310.413849,35670,0.3469,hold,,,0.0,,,0,0.0,187.830002,25913,0.1525,hold,,,0.0,,,0,0.0,95.863602,50398,0.1514,hold,,,0.0,,,0,0.0
2023-04-06,32011157,412,False,False,,393.765961,28411,0.3495,hold,,,0.0,,,0,0.0,312.506714,35670,0.3482,hold,,,0.0,,,0,0.0,186.490005,25913,0.151,hold,,,0.0,,,0,0.0,96.111557,50398,0.1513,hold,,,0.0,,,0,0.0
2023-04-10,31902467,412,False,False,,394.170135,28411,0.351,hold,,,0.0,,,0,0.0,312.329865,35670,0.3492,hold,,,0.0,,,0,0.0,185.110001,25913,0.1504,hold,,,0.0,,,0,0.0,94.561798,50398,0.1494,hold,,,0.0,,,0,0.0
2023-04-11,31874112,412,False,False,,394.27597,28411,0.3514,hold,,,0.0,,,0,0.0,310.325439,35670,0.3473,hold,,,0.0,,,0,0.0,186.279999,25913,0.1514,hold,,,0.0,,,0,0.0,94.756607,50398,0.1498,hold,,,0.0,,,0,0.0
2023-04-12,31749345,412,False,False,,392.668945,28411,0.3514,hold,,,0.0,,,0,0.0,307.584106,35670,0.3456,hold,,,0.0,,,0,0.0,187.190002,25913,0.1528,hold,,,0.0,,,0,0.0,94.659225,50398,0.1503,hold,,,0.0,,,0,0.0
2023-04-13,32140444,412,False,False,,397.884674,28411,0.3517,hold,,,0.0,,,0,0.0,313.607239,35670,0.348,hold,,,0.0,,,0,0.0,189.720001,25913,0.153,hold,,,0.0,,,0,0.0,93.915337,50398,0.1473,hold,,,0.0,,,0,0.0
2023-04-14,31961437,412,False,False,,396.912689,28411,0.3528,hold,,,0.0,,,0,0.0,313.017639,35670,0.3493,hold,,,0.0,,,0,0.0,186.360001,25913,0.1511,hold,,,0.0,,,0,0.0,93.05632,50398,0.1467,hold,,,0.0,,,0,0.0
2023-04-17,31934071,412,False,False,,398.336945,28411,0.3544,hold,,,0.0,,,0,0.0,313.28299,35670,0.3499,hold,,,0.0,,,0,0.0,185.529999,25913,0.1505,hold,,,0.0,,,0,0.0,91.949379,50398,0.1451,hold,,,0.0,,,0,0.0
2023-04-18,31977320,412,False,False,,398.596741,28411,0.3541,hold,,,0.0,,,0,0.0,313.302582,35670,0.3495,hold,,,0.0,,,0,0.0,186.25,25913,0.1509,hold,,,0.0,,,0,0.0,92.277008,50398,0.1454,hold,,,0.0,,,0,0.0
2023-04-19,31942627,412,False,False,,398.529419,28411,0.3545,hold,,,0.0,,,0,0.0,313.155243,35670,0.3497,hold,,,0.0,,,0,0.0,185.360001,25913,0.1504,hold,,,0.0,,,0,0.0,92.188461,50398,0.1455,hold,,,0.0,,,0,0.0
2023-04-20,31854307,412,False,False,,396.354584,28411,0.3535,hold,,,0.0,,,0,0.0,310.767578,35670,0.348,hold,,,0.0,,,0,0.0,186.089996,25913,0.1514,hold,,,0.0,,,0,0.0,92.976616,50398,0.1471,hold,,,0.0,,,0,0.0
2023-04-21,31800611,412,False,False,,396.662506,28411,0.3544,hold,,,0.0,,,0,0.0,311.091827,35670,0.3489,hold,,,0.0,,,0,0.0,184.25,25913,0.1501,hold,,,0.0,,,0,0.0,92.454147,50398,0.1465,hold,,,0.0,,,0,0.0
2023-04-24,31848825,412,False,False,,397.076294,28411,0.3542,hold,,,0.0,,,0,0.0,310.44339,35670,0.3477,hold,,,0.0,,,0,0.0,184.809998,25913,0.1504,hold,,,0.0,,,0,0.0,93.348572,50398,0.1477,hold,,,0.0,,,0,0.0
2023-04-25,31554395,412,False,False,,390.773193,28411,0.3518,hold,,,0.0,,,0,0.0,304.587219,35670,0.3443,hold,,,0.0,,,0,0.0,185.75,25913,0.1525,hold,,,0.0,,,0,0.0,94.721207,50398,0.1513,hold,,,0.0,,,0,0.0
2023-04-26,31496209,412,False,False,,389.118011,28411,0.351,hold,,,0.0,,,0,0.0,306.434448,35670,0.347,hold,,,0.0,,,0,0.0,184.740005,25913,0.152,hold,,,0.0,,,0,0.0,93.711662,50398,0.15,hold,,,0.0,,,0,0.0
2023-04-27,31966904,412,False,False,,396.864594,28411,0.3527,hold,,,0.0,,,0,0.0,314.766693,35670,0.3512,hold,,,0.0,,,0,0.0,184.75,25913,0.1498,hold,,,0.0,,,0,0.0,92.781807,50398,0.1463,hold,,,0.0,,,0,0.0
2023-04-28,32217319,412,False,False,,400.251892,28411,0.353,hold,,,0.0,,,0,0.0,316.938141,35670,0.3509,hold,,,0.0,,,0,0.0,184.800003,25913,0.1486,hold,,,0.0,,,0,0.0,94.278419,50398,0.1475,hold,,,0.0,,,0,0.0
2023-05-01,32034357,412,True,False,,399.847748,28411,0.3546,hold,,,0.0,,,0,0.0,316.574646,35670,0.3525,hold,,,0.0,,,0,0.0,183.970001,25913,0.1488,hold,,,0.0,,,0,0.0,91.559937,50398,0.144,hold,,,0.0,,,0,0.0
2023-05-02,32015172,412,False,False,,395.35379,28411,0.3508,hold,,,0.0,,,0,0.0,313.813507,35670,0.3496,hold,,,0.0,,,0,0.0,187.520004,25913,0.1518,hold,,,0.0,,,0,0.0,93.841621,50398,0.1477,hold,,,0.0,,,0,0.0
2023-05-03,31932424,412,False,False,,392.640045,28411,0.3493,hold,,,0.0,,,0,0.0,311.759979,35670,0.3483,hold,,,0.0,,,0,0.0,189.110001,25913,0.1535,hold,,,0.0,,,0,0.0,94.365433,50398,0.1489,hold,,,0.0,,,0,0.0
2023-05-04,31801646,412,False,False,,389.85907,28411,0.3483,hold,,,0.0,,,0,0.0,310.659607,35670,0.3484,hold,,,0.0,,,0,0.0,190.440002,25913,0.1552,hold,,,0.0,,,0,0.0,93.433235,50398,0.1481,hold,,,0.0,,,0,0.0
2023-05-05,32149335,412,False,False,,397.076294,28411,0.3509,hold,,,0.0,,,0,0.0,317.26239,35670,0.352,hold,,,0.0,,,0,0.0,187.460007,25913,0.1511,hold,,,0.0,,,0,0.0,93.122498,50398,0.146,hold,,,0.0,,,0,0.0
2023-05-08,32120565,412,False,False,,397.182068,28411,0.3513,hold,,,0.0,,,0,0.0,318.048462,35670,0.3532,hold,,,0.0,,,0,0.0,187.690002,25913,0.1514,hold,,,0.0,,,0,0.0,91.817406,50398,0.1441,hold,,,0.0,,,0,0.0
2023-05-09,32017141,412,False,False,,395.440338,28411,0.3509,hold,,,0.0,,,0,0.0,316.03418,35670,0.3521,hold,,,0.0,,,0,0.0,189.020004,25913,0.153,hold,,,0.0,,,0,0.0,91.488914,50398,0.144,hold,,,0.0,,,0,0.0
2023-05-10,32230052,412,False,False,,397.288055,28411,0.3502,hold,,,0.0,,,0,0.0,319.473175,35670,0.3536,hold,,,0.0,,,0,0.0,188.75,25913,0.1518,hold,,,0.0,,,0,0.0,92.376724,50398,0.1444,hold,,,0.0,,,0,0.0
2023-05-11,32254759,412,False,False,,396.595154,28411,0.3493,hold,,,0.0,,,0,0.0,320.51474,35670,0.3545,hold,,,0.0,,,0,0.0,187.130005,25913,0.1503,hold,,,0.0,,,0,0.0,93.35334,50398,0.1459,hold,,,0.0,,,0,0.0
2023-05-12,32151321,412,False,False,,396.0755,28411,0.35,hold,,,0.0,,,0,0.0,319.365143,35670,0.3543,hold,,,0.0,,,0,0.0,186.809998,25913,0.1506,hold,,,0.0,,,0,0.0,92.572044,50398,0.1451,hold,,,0.0,,,0,0.0
2023-05-15,32213874,412,False,False,,397.441986,28411,0.3505,hold,,,0.0,,,0,0.0,321.094482,35670,0.3555,hold,,,0.0,,,0,0.0,187.210007,25913,0.1506,hold,,,0.0,,,0,0.0,91.613243,50398,0.1433,hold,,,0.0,,,0,0.0
2023-05-16,32076873,412,False,False,,394.786011,28411,0.3497,hold,,,0.0,,,0,0.0,321.458008,35670,0.3575,hold,,,0.0,,,0,0.0,184.869995,25913,0.1493,hold,,,0.0,,,0,0.0,91.337982,50398,0.1435,hold,,,0.0,,,0,0.0
2023-05-17,32321807,412,False,False,,399.578308,28411,0.3512,hold,,,0.0,,,0,0.0,325.348907,35670,0.3591,hold,,,0.0,,,0,0.0,184.229996,25913,0.1477,hold,,,0.0,,,0,0.0,91.071625,50398,0.142,hold,,,0.0,,,0,0.0
2023-05-18,32550779,412,False,False,,403.42749,28411,0.3521,hold,,,0.0,,,0,0.0,331.391785,35670,0.3631,hold,,,0.0,,,0,0.0,181.839996,25913,0.1448,hold,,,0.0,,,0,0.0,90.396912,50398,0.14,hold,,,0.0,,,0,0.0
2023-05-19,32521896,412,False,False,,402.840485,28411,0.3519,hold,,,0.0,,,0,0.0,330.645081,35670,0.3627,hold,,,0.0,,,0,0.0,183.639999,25913,0.1463,hold,,,0.0,,,0,0.0,89.757721,50398,0.1391,hold,,,0.0,,,0,0.0
2023-05-22,32538893,412,False,False,,403.004089,28411,0.3519,hold,,,0.0,,,0,0.0,331.75531,35670,0.3637,hold,,,0.0,,,0,0.0,183.210007,25913,0.1459,hold,,,0.0,,,0,0.0,89.438049,50398,0.1385,hold,,,0.0,,,0,0.0
2023-05-23,32279068,412,False,False,,398.481323,28411,0.3507,hold,,,0.0,,,0,0.0,327.549896,35670,0.362,hold,,,0.0,,,0,0.0,183.429993,25913,0.1473,hold,,,0.0,,,0,0.0,89.695557,50398,0.14,hold,,,0.0,,,0,0.0
2023-05-24,32076387,412,False,False,,395.59433,28411,0.3504,hold,,,0.0,,,0,0.0,325.869659,35670,0.3624,hold,,,0.0,,,0,0.0,181.949997,25913,0.147,hold,,,0.0,,,0,0.0,89.251625,50398,0.1402,hold,,,0.0,,,0,0.0
2023-05-25,32400024,412,False,False,,399.020142,28411,0.3499,hold,,,0.0,,,0,0.0,333.799011,35670,0.3675,hold,,,0.0,,,0,0.0,180.199997,25913,0.1441,hold,,,0.0,,,0,0.0,89.029671,50398,0.1385,hold,,,0.0,,,0,0.0
2023-05-26,32905962,412,False,False,,404.187714,28411,0.349,hold,,,0.0,,,0,0.0,342.32782,35670,0.3711,hold,,,0.0,,,0,0.0,180.919998,25913,0.1425,hold,,,0.0,,,0,0.0,89.748787,50398,0.1375,hold,,,0.0,,,0,0.0
2023-05-30,33039926,412,False,False,,404.341675,28411,0.3477,hold,,,0.0,,,0,0.0,343.880219,35670,0.3713,hold,,,0.0,,,0,0.0,182.039993,25913,0.1428,hold,,,0.0,,,0,0.0,90.645515,50398,0.1383,hold,,,0.0,,,0,0.0
2023-05-31,32953555,412,False,False,,402.099548,28411,0.3467,hold,,,0.0,,,0,0.0,341.924866,35670,0.3701,hold,,,0.0,,,0,0.0,182.320007,25913,0.1434,hold,,,0.0,,,0,0.0,91.435654,50398,0.1398,hold,,,0.0,,,0,0.0
2023-06-01,33258386,412,True,False,,405.919891,28411,0.3468,hold,,,0.0,,,0,0.0,345.874878,35670,0.371,hold,,,0.0,,,0,0.0,183.759995,25913,0.1432,hold,,,0.0,,,0,0.0,91.794395,50398,0.1391,hold,,,0.0,,,0,0.0
2023-06-02,33396770,412,False,False,,411.790009,28411,0.3503,hold,,,0.0,,,0,0.0,348.468872,35670,0.3722,hold,,,0.0,,,0,0.0,181.050003,25913,0.1405,hold,,,0.0,,,0,0.0,90.78849,50398,0.137,hold,,,0.0,,,0,0.0
2023-06-05,33402832,412,False,False,,411.000916,28411,0.3496,hold,,,0.0,,,0,0.0,348.714447,35670,0.3724,hold,,,0.0,,,0,0.0,182.139999,25913,0.1413,hold,,,0.0,,,0,0.0,90.61937,50398,0.1367,hold,,,0.0,,,0,0.0
2023-06-06,33458255,412,False,False,,411.895782,28411,0.3498,hold,,,0.0,,,0,0.0,348.655518,35670,0.3717,hold,,,0.0,,,0,0.0,182.339996,25913,0.1412,hold,,,0.0,,,0,0.0,91.153473,50398,0.1373,hold,,,0.0,,,0,0.0
2023-06-07,33081861,412,False,False,,410.471588,28411,0.3525,hold,,,0.0,,,0,0.0,342.740479,35670,0.3696,hold,,,0.0,,,0,0.0,180.149994,25913,0.1411,hold,,,0.0,,,0,0.0,89.800407,50398,0.1368,hold,,,0.0,,,0,0.0
2023-06-08,33418767,412,False,False,,412.954346,28411,0.3511,hold,,,0.0,,,0,0.0,346.994965,35670,0.3704,hold,,,0.0,,,0,0.0,182.529999,25913,0.1415,hold,,,0.0,,,0,0.0,90.850807,50398,0.137,hold,,,0.0,,,0,0.0
2023-06-09,33468156,412,False,False,,413.695312,28411,0.3512,hold,,,0.0,,,0,0.0,348.321442,35670,0.3712,hold,,,0.0,,,0,0.0,182.039993,25913,0.1409,hold,,,0.0,,,0,0.0,90.726173,50398,0.1366,hold,,,0.0,,,0,0.0
2023-06-12,33794037,412,False,False,,417.448334,28411,0.351,hold,,,0.0,,,0,0.0,354.207062,35670,0.3739,hold,,,0.0,,,0,0.0,181.880005,25913,0.1395,hold,,,0.0,,,0,0.0,90.993248,50398,0.1357,hold,,,0.0,,,0,0.0
2023-06-13,33889278,412,False,False,,420.200562,28411,0.3523,hold,,,0.0,,,0,0.0,356.928772,35670,0.3757,hold,,,0.0,,,0,0.0,180.539993,25913,0.138,hold,,,0.0,,,0,0.0,90.094162,50398,0.134,hold,,,0.0,,,0,0.0
2023-06-14,34034953,412,False,False,,420.700958,28411,0.3512,hold,,,0.0,,,0,0.0,359.522766,35670,0.3768,hold,,,0.0,,,0,0.0,180.639999,25913,0.1375,hold,,,0.0,,,0,0.0,90.815193,50398,0.1345,hold,,,0.0,,,0,0.0
2023-06-15,34412821,412,False,False,,425.916656,28411,0.3516,hold,,,0.0,,,0,0.0,363.806763,35670,0.3771,hold,,,0.0,,,0,0.0,181.910004,25913,0.137,hold,,,0.0,,,0,0.0,91.687561,50398,0.1343,hold,,,0.0,,,0,0.0
2023-06-16,34264742,412,False,False,,424.465881,28411,0.352,hold,,,0.0,,,0,0.0,361.517365,35670,0.3763,hold,,,0.0,,,0,0.0,181.630005,25913,0.1374,hold,,,0.0,,,0,0.0,91.331535,50398,0.1343,hold,,,0.0,,,0,0.0
2023-06-20,34166851,412,False,False,,422.263672,28411,0.3511,hold,,,0.0,,,0,0.0,360.999878,35670,0.3769,hold,,,0.0,,,0,0.0,179.75,25913,0.1363,hold,,,0.0,,,0,0.0,91.963539,50398,0.1357,hold,,,0.0,,,0,0.0
2023-06-21,33934377,412,False,False,,420.100098,28411,0.3517,hold,,,0.0,,,0,0.0,356.080261,35670,0.3743,hold,,,0.0,,,0,0.0,179.490005,25913,0.1371,hold,,,0.0,,,0,0.0,92.186058,50398,0.1369,hold,,,0.0,,,0,0.0
2023-06-22,34025119,412,False,False,,421.616547,28411,0.3521,hold,,,0.0,,,0,0.0,360.281586,35670,0.3777,hold,,,0.0,,,0,0.0,177.710007,25913,0.1353,hold,,,0.0,,,0,0.0,91.073364,50398,0.1349,hold,,,0.0,,,0,0.0
2023-06-23,33865620,412,False,False,,418.429108,28411,0.351,hold,,,0.0,,,0,0.0,356.709991,35670,0.3757,hold,,,0.0,,,0,0.0,178.199997,25913,0.1364,hold,,,0.0,,,0,0.0,91.981361,50398,0.1369,hold,,,0.0,,,0,0.0
2023-06-26,33659445,412,False,False,,416.719513,28411,0.3517,hold,,,0.0,,,0,0.0,351.928101,35670,0.3729,hold,,,0.0,,,0,0.0,178.509995,25913,0.1374,hold,,,0.0,,,0,0.0,92.079254,50398,0.1379,hold,,,0.0,,,0,0.0
2023-06-27,33971727,412,False,False,,421.288147,28411,0.3523,hold,,,0.0,,,0,0.0,357.979248,35670,0.3759,hold,,,0.0,,,0,0.0,177.690002,25913,0.1355,hold,,,0.0,,,0,0.0,91.838898,50398,0.1362,hold,,,0.0,,,0,0.0
2023-06-28,34011799,412,False,False,,421.50061,28411,0.3521,hold,,,0.0,,,0,0.0,358.677856,35670,0.3762,hold,,,0.0,,,0,0.0,177.279999,25913,0.1351,hold,,,0.0,,,0,0.0,92.230591,50398,0.1367,hold,,,0.0,,,0,0.0
2023-06-29,33944556,412,False,False,,423.161865,28411,0.3542,hold,,,0.0,,,0,0.0,357.959534,35670,0.3762,hold,,,0.0,,,0,0.0,177.089996,25913,0.1352,hold,,,0.0,,,0,0.0,90.565948,50398,0.1345,hold,,,0.0,,,0,0.0
2023-06-30,34367735,412,False,False,,428.155487,28411,0.3539,hold,,,0.0,,,0,0.0,363.479309,35670,0.3773,hold,,,0.0,,,0,0.0,178.270004,25913,0.1344,hold,,,0.0,,,0,0.0,91.634186,50398,0.1344,hold,,,0.0,,,0,0.0
2023-07-03,34391266,412,True,False,,428.648132,28411,0.3541,hold,REDUCE_TO_TARGET,rebalance 2023-07-03,-141379.0,,,0,0.0,364.335358,35670,0.3779,hold,REDUCE_TO_TARGET,rebalance 2023-07-03,-958899.0,,,0,0.0,178.470001,25913,0.1345,hold,INCREASE_TO_TARGET,rebalance 2023-07-03,533997.0,,,0,0.0,91.114662,50398,0.1335,hold,INCREASE_TO_TARGET,rebalance 2023-07-03,566693.0,,,0,0.0
2023-07-05,34292748,235,False,True,monthly,428.010681,28079,0.3505,hold,,,0.0,REDUCE_TO_TARGET,sell,332,425.551809,364.32547,33019,0.3508,hold,,,0.0,REDUCE_TO_TARGET,sell,2651,361.682578,177.839996,28879,0.1498,hold,,,0.0,INCREASE_TO_TARGET,buy,2966,179.410004,90.248856,56609,0.149,hold,,,0.0,INCREASE_TO_TARGET,buy,6211,90.945068
2023-07-06,34019462,235,False,False,,424.659058,28079,0.3505,hold,,,0.0,,,0,0.0,361.550812,33019,0.3509,hold,,,0.0,,,0,0.0,177.309998,28879,0.1505,hold,,,0.0,,,0,0.0,88.972481,56609,0.1481,hold,,,0.0,,,0,0.0
2023-07-07,33957816,235,False,False,,423.586884,28079,0.3503,hold,,,0.0,,,0,0.0,360.350464,33019,0.3504,hold,,,0.0,,,0,0.0,178.639999,28879,0.1519,hold,,,0.0,,,0,0.0,88.436958,56609,0.1474,hold,,,0.0,,,0,0.0
2023-07-10,34002429,235,False,False,,424.659058,28079,0.3507,hold,,,0.0,,,0,0.0,360.468536,33019,0.35,hold,,,0.0,,,0,0.0,178.779999,28879,0.1518,hold,,,0.0,,,0,0.0,88.552956,56609,0.1474,hold,,,0.0,,,0,0.0
2023-07-11,34182291,235,False,False,,427.363525,28079,0.3511,hold,,,0.0,,,0,0.0,362.249451,33019,0.3499,hold,,,0.0,,,0,0.0,179.449997,28879,0.1516,hold,,,0.0,,,0,0.0,89.008186,56609,0.1474,hold,,,0.0,,,0,0.0
2023-07-12,34556173,235,False,False,,430.802032,28079,0.3501,hold,,,0.0,,,0,0.0,366.824646,33019,0.3505,hold,,,0.0,,,0,0.0,181.880005,28879,0.152,hold,,,0.0,,,0,0.0,89.998978,56609,0.1474,hold,,,0.0,,,0,0.0
2023-07-13,34915143,235,False,False,,434.221222,28079,0.3492,hold,,,0.0,,,0,0.0,373.052887,33019,0.3528,hold,,,0.0,,,0,0.0,182.009995,28879,0.1505,hold,,,0.0,,,0,0.0,90.945084,56609,0.1475,hold,,,0.0,,,0,0.0
2023-07-14,34857882,235,False,False,,433.950775,28079,0.3496,hold,,,0.0,,,0,0.0,372.974121,33019,0.3533,hold,,,0.0,,,0,0.0,181.429993,28879,0.1503,hold,,,0.0,,,0,0.0,90.409538,56609,0.1468,hold,,,0.0,,,0,0.0
2023-07-17,35021481,235,False,False,,435.457581,28079,0.3491,hold,,,0.0,,,0,0.0,376.457214,33019,0.3549,hold,,,0.0,,,0,0.0,181.559998,28879,0.1497,hold,,,0.0,,,0,0.0,90.45417,56609,0.1462,hold,,,0.0,,,0,0.0
2023-07-18,35297332,235,False,False,,438.693268,28079,0.349,hold,,,0.0,,,0,0.0,379.536865,33019,0.355,hold,,,0.0,,,0,0.0,183.639999,28879,0.1502,hold,,,0.0,,,0,0.0,90.864731,56609,0.1457,hold,,,0.0,,,0,0.0
2023-07-19,35380775,235,False,False,,439.668793,28079,0.3489,hold,,,0.0,,,0,0.0,379.448303,33019,0.3541,hold,,,0.0,,,0,0.0,183.669998,28879,0.1499,hold,,,0.0,,,0,0.0,91.891228,56609,0.147,hold,,,0.0,,,0,0.0
2023-07-20,34920038,235,False,False,,436.751892,28079,0.3512,hold,,,0.0,,,0,0.0,370.701355,33019,0.3505,hold,,,0.0,,,0,0.0,182.740005,28879,0.1511,hold,,,0.0,,,0,0.0,90.77549,56609,0.1472,hold,,,0.0,,,0,0.0
2023-07-21,34868668,235,False,False,,436.751892,28079,0.3517,hold,,,0.0,,,0,0.0,369.589447,33019,0.35,hold,,,0.0,,,0,0.0,182.179993,28879,0.1509,hold,,,0.0,,,0,0.0,90.802284,56609,0.1474,hold,,,0.0,,,0,0.0
2023-07-24,34901725,235,False,False,,438.702942,28079,0.3529,hold,,,0.0,,,0,0.0,370.17984,33019,0.3502,hold,,,0.0,,,0,0.0,181.399994,28879,0.1501,hold,,,0.0,,,0,0.0,90.472038,56609,0.1467,hold,,,0.0,,,0,0.0
2023-07-25,35037766,235,False,False,,439.900635,28079,0.3525,hold,,,0.0,,,0,0.0,372.688812,33019,0.3512,hold,,,0.0,,,0,0.0,182.410004,28879,0.1503,hold,,,0.0,,,0,0.0,90.302437,56609,0.1459,hold,,,0.0,,,0,0.0
2023-07-26,35029487,235,False,False,,439.968262,28079,0.3527,hold,,,0.0,,,0,0.0,371.449097,33019,0.3501,hold,,,0.0,,,0,0.0,183.300003,28879,0.1511,hold,,,0.0,,,0,0.0,90.391708,56609,0.1461,hold,,,0.0,,,0,0.0
2023-07-27,34735629,235,False,False,,437.05127,28079,0.3533,hold,,,0.0,,,0,0.0,370.563599,33019,0.3523,hold,,,0.0,,,0,0.0,180.419998,28879,0.15,hold,,,0.0,,,0,0.0,88.633301,56609,0.1444,hold,,,0.0,,,0,0.0
2023-07-28,35145996,235,False,False,,441.33017,28079,0.3526,hold,,,0.0,,,0,0.0,377.313202,33019,0.3545,hold,,,0.0,,,0,0.0,181.860001,28879,0.1494,hold,,,0.0,,,0,0.0,89.088509,56609,0.1435,hold,,,0.0,,,0,0.0
2023-07-31,35202367,235,False,False,,442.170441,28079,0.3527,hold,,,0.0,,,0,0.0,377.51004,33019,0.3541,hold,,,0.0,,,0,0.0,182.350006,28879,0.1496,hold,,,0.0,,,0,0.0,89.302734,56609,0.1436,hold,,,0.0,,,0,0.0
2023-08-01,35000499,235,True,False,,440.90509,28079,0.3537,hold,,,0.0,,,0,0.0,376.634338,33019,0.3553,hold,,,0.0,,,0,0.0,180.460007,28879,0.1489,hold,,,0.0,,,0,0.0,87.839317,56609,0.1421,hold,,,0.0,,,0,0.0
2023-08-02,34477347,235,False,False,,434.77179,28079,0.3541,hold,,,0.0,,,0,0.0,368.369446,33019,0.3528,hold,,,0.0,,,0,0.0,179.600006,28879,0.1504,hold,,,0.0,,,0,0.0,86.899536,56609,0.1427,hold,,,0.0,,,0,0.0
2023-08-03,34307642,235,False,False,,433.525818,28079,0.3548,hold,,,0.0,,,0,0.0,367.779083,33019,0.354,hold,,,0.0,,,0,0.0,179.539993,28879,0.1511,hold,,,0.0,,,0,0.0,84.894669,56609,0.1401,hold,,,0.0,,,0,0.0
2023-08-04,34299624,235,False,False,,431.565063,28079,0.3533,hold,,,0.0,,,0,0.0,366.05722,33019,0.3524,hold,,,0.0,,,0,0.0,180.190002,28879,0.1517,hold,,,0.0,,,0,0.0,86.398331,56609,0.1426,hold,,,0.0,,,0,0.0
2023-08-07,34447760,235,False,False,,435.332062,28079,0.3548,hold,,,0.0,,,0,0.0,369.156555,33019,0.3538,hold,,,0.0,,,0,0.0,179.779999,28879,0.1507,hold,,,0.0,,,0,0.0,85.548042,56609,0.1406,hold,,,0.0,,,0,0.0
2023-08-08,34314283,235,False,False,,433.438904,28079,0.3547,hold,,,0.0,,,0,0.0,366.017853,33019,0.3522,hold,,,0.0,,,0,0.0,178.639999,28879,0.1503,hold,,,0.0,,,0,0.0,86.541519,56609,0.1428,hold,,,0.0,,,0,0.0
2023-08-09,34100833,235,False,False,,430.541199,28079,0.3545,hold,,,0.0,,,0,0.0,361.993683,33019,0.3505,hold,,,0.0,,,0,0.0,177.789993,28879,0.1506,hold,,,0.0,,,0,0.0,86.989075,56609,0.1444,hold,,,0.0,,,0,0.0
2023-08-10,34040706,235,False,False,,430.69574,28079,0.3553,hold,,,0.0,,,0,0.0,362.662689,33019,0.3518,hold,,,0.0,,,0,0.0,177.600006,28879,0.1507,hold,,,0.0,,,0,0.0,85.556976,56609,0.1423,hold,,,0.0,,,0,0.0
2023-08-11,33946162,235,False,False,,430.444641,28079,0.356,hold,,,0.0,,,0,0.0,360.350464,33019,0.3505,hold,,,0.0,,,0,0.0,177.600006,28879,0.1511,hold,,,0.0,,,0,0.0,85.360085,56609,0.1423,hold,,,0.0,,,0,0.0
2023-08-14,34120170,235,False,False,,432.820709,28079,0.3562,hold,,,0.0,,,0,0.0,364.394379,33019,0.3526,hold,,,0.0,,,0,0.0,177.059998,28879,0.1499,hold,,,0.0,,,0,0.0,85.172112,56609,0.1413,hold,,,0.0,,,0,0.0
2023-08-15,33807963,235,False,False,,427.77887,28079,0.3553,hold,,,0.0,,,0,0.0,360.527588,33019,0.3521,hold,,,0.0,,,0,0.0,176.589996,28879,0.1508,hold,,,0.0,,,0,0.0,84.653,56609,0.1417,hold,,,0.0,,,0,0.0
2023-08-16,33526817,235,False,False,,424.639771,28079,0.3556,hold,,,0.0,,,0,0.0,356.709991,33019,0.3513,hold,,,0.0,,,0,0.0,175.570007,28879,0.1512,hold,,,0.0,,,0,0.0,83.990677,56609,0.1418,hold,,,0.0,,,0,0.0
2023-08-17,33279241,235,False,False,,421.404022,28079,0.3556,hold,,,0.0,,,0,0.0,352.813629,33019,0.3501,hold,,,0.0,,,0,0.0,175.300003,28879,0.1521,hold,,,0.0,,,0,0.0,83.632645,56609,0.1423,hold,,,0.0,,,0,0.0
2023-08-18,33287905,235,False,False,,421.606873,28079,0.3556,hold,,,0.0,,,0,0.0,352.370911,33019,0.3495,hold,,,0.0,,,0,0.0,175.330002,28879,0.1521,hold,,,0.0,,,0,0.0,83.928001,56609,0.1427,hold,,,0.0,,,0,0.0
2023-08-21,33502913,235,False,False,,424.349976,28079,0.3557,hold,,,0.0,,,0,0.0,358.048126,33019,0.3529,hold,,,0.0,,,0,0.0,175.809998,28879,0.1515,hold,,,0.0,,,0,0.0,82.809212,56609,0.1399,hold,,,0.0,,,0,0.0
2023-08-22,33498093,235,False,False,,423.200592,28079,0.3547,hold,,,0.0,,,0,0.0,357.536469,33019,0.3524,hold,,,0.0,,,0,0.0,176.100006,28879,0.1518,hold,,,0.0,,,0,0.0,83.444679,56609,0.141,hold,,,0.0,,,0,0.0
2023-08-23,33985332,235,False,False,,427.914062,28079,0.3535,hold,,,0.0,,,0,0.0,363.174225,33019,0.3528,hold,,,0.0,,,0,0.0,177.889999,28879,0.1512,hold,,,0.0,,,0,0.0,85.512245,56609,0.1424,hold,,,0.0,,,0,0.0
2023-08-24,33529405,235,False,False,,421.983551,28079,0.3534,hold,,,0.0,,,0,0.0,355.411194,33019,0.35,hold,,,0.0,,,0,0.0,177.850006,28879,0.1532,hold,,,0.0,,,0,0.0,84.948349,56609,0.1434,hold,,,0.0,,,0,0.0
2023-08-25,33712971,235,False,False,,424.958527,28079,0.3539,hold,,,0.0,,,0,0.0,358.166138,33019,0.3508,hold,,,0.0,,,0,0.0,177.619995,28879,0.1522,hold,,,0.0,,,0,0.0,85.225845,56609,0.1431,hold,,,0.0,,,0,0.0
2023-08-28,33897450,235,False,False,,427.653229,28079,0.3542,hold,,,0.0,,,0,0.0,360.862152,33019,0.3515,hold,,,0.0,,,0,0.0,178.130005,28879,0.1518,hold,,,0.0,,,0,0.0,85.315338,56609,0.1425,hold,,,0.0,,,0,0.0
2023-08-29,34431664,235,False,False,,433.834961,28079,0.3538,hold,,,0.0,,,0,0.0,368.743286,33019,0.3536,hold,,,0.0,,,0,0.0,179.869995,28879,0.1509,hold,,,0.0,,,0,0.0,86.201431,56609,0.1417,hold,,,0.0,,,0,0.0
2023-08-30,34557665,235,False,False,,435.621826,28079,0.354,hold,,,0.0,,,0,0.0,370.799683,33019,0.3543,hold,,,0.0,,,0,0.0,180.320007,28879,0.1507,hold,,,0.0,,,0,0.0,86.111893,56609,0.1411,hold,,,0.0,,,0,0.0
2023-08-31,34589600,235,False,False,,434.984283,28079,0.3531,hold,,,0.0,,,0,0.0,371.91153,33019,0.355,hold,,,0.0,,,0,0.0,180.020004,28879,0.1503,hold,,,0.0,,,0,0.0,86.49678,56609,0.1416,hold,,,0.0,,,0,0.0
2023-09-01,34525704,235,True,False,,435.795624,28079,0.3544,hold,,,0.0,,,0,0.0,371.517914,33019,0.3553,hold,,,0.0,,,0,0.0,180.110001,28879,0.1507,hold,,,0.0,,,0,0.0,85.149307,56609,0.1396,hold,,,0.0,,,0,0.0
2023-09-05,34378374,235,False,False,,433.91217,28079,0.3544,hold,,,0.0,,,0,0.0,371.990265,33019,0.3573,hold,,,0.0,,,0,0.0,178.639999,28879,0.1501,hold,,,0.0,,,0,0.0,83.955338,56609,0.1382,hold,,,0.0,,,0,0.0
2023-09-06,34176578,235,False,False,,430.995209,28079,0.3541,hold,,,0.0,,,0,0.0,368.713776,33019,0.3562,hold,,,0.0,,,0,0.0,177.830002,28879,0.1503,hold,,,0.0,,,0,0.0,84.161804,56609,0.1394,hold,,,0.0,,,0,0.0
2023-09-07,34071056,235,False,False,,429.672028,28079,0.3541,hold,,,0.0,,,0,0.0,366.076874,33019,0.3548,hold,,,0.0,,,0,0.0,178.020004,28879,0.1509,hold,,,0.0,,,0,0.0,84.395195,56609,0.1402,hold,,,0.0,,,0,0.0
2023-09-08,34126147,235,False,False,,430.319092,28079,0.3541,hold,,,0.0,,,0,0.0,366.588501,33019,0.3547,hold,,,0.0,,,0,0.0,178.080002,28879,0.1507,hold,,,0.0,,,0,0.0,84.718407,56609,0.1405,hold,,,0.0,,,0,0.0
2023-09-11,34323208,235,False,False,,433.149109,28079,0.3543,hold,,,0.0,,,0,0.0,370.907959,33019,0.3568,hold,,,0.0,,,0,0.0,178.410004,28879,0.1501,hold,,,0.0,,,0,0.0,84.107941,56609,0.1387,hold,,,0.0,,,0,0.0
2023-09-12,34121566,235,False,False,,430.773102,28079,0.3545,hold,,,0.0,,,0,0.0,366.795166,33019,0.3549,hold,,,0.0,,,0,0.0,177.490005,28879,0.1502,hold,,,0.0,,,0,0.0,84.59272,56609,0.1403,hold,,,0.0,,,0,0.0
2023-09-13,34168944,235,False,False,,431.275299,28079,0.3544,hold,,,0.0,,,0,0.0,368.192352,33019,0.3558,hold,,,0.0,,,0,0.0,177.080002,28879,0.1497,hold,,,0.0,,,0,0.0,84.57476,56609,0.1401,hold,,,0.0,,,0,0.0
2023-09-14,34340810,235,False,False,,434.993927,28079,0.3557,hold,,,0.0,,,0,0.0,371.203064,33019,0.3569,hold,,,0.0,,,0,0.0,177.169998,28879,0.149,hold,,,0.0,,,0,0.0,83.964287,56609,0.1384,hold,,,0.0,,,0,0.0
2023-09-15,33988601,235,False,False,,429.752991,28079,0.355,hold,,,0.0,,,0,0.0,364.846985,33019,0.3544,hold,,,0.0,,,0,0.0,178.339996,28879,0.1515,hold,,,0.0,,,0,0.0,83.452599,56609,0.139,hold,,,0.0,,,0,0.0
2023-09-18,34065491,235,False,False,,430.004974,28079,0.3544,hold,,,0.0,,,0,0.0,365.227295,33019,0.354,hold,,,0.0,,,0,0.0,179.389999,28879,0.1521,hold,,,0.0,,,0,0.0,83.928391,56609,0.1395,hold,,,0.0,,,0,0.0
2023-09-19,33974777,235,False,False,,429.113312,28079,0.3546,hold,,,0.0,,,0,0.0,364.448883,33019,0.3542,hold,,,0.0,,,0,0.0,179.220001,28879,0.1523,hold,,,0.0,,,0,0.0,83.30896,56609,0.1388,hold,,,0.0,,,0,0.0
2023-09-20,33709086,235,False,False,,425.168304,28079,0.3542,hold,,,0.0,,,0,0.0,359.197021,33019,0.3518,hold,,,0.0,,,0,0.0,179.350006,28879,0.1537,hold,,,0.0,,,0,0.0,83.569305,56609,0.1403,hold,,,0.0,,,0,0.0
2023-09-21,33135429,235,False,False,,418.14093,28079,0.3543,hold,,,0.0,,,0,0.0,352.614929,33019,0.3514,hold,,,0.0,,,0,0.0,178.050003,28879,0.1552,hold,,,0.0,,,0,0.0,81.423737,56609,0.1391,hold,,,0.0,,,0,0.0
2023-09-22,33164216,235,False,False,,417.200714,28079,0.3532,hold,,,0.0,,,0,0.0,352.664246,33019,0.3511,hold,,,0.0,,,0,0.0,178.619995,28879,0.1555,hold,,,0.0,,,0,0.0,82.079071,56609,0.1401,hold,,,0.0,,,0,0.0
2023-09-25,33127875,235,False,False,,418.955139,28079,0.3551,hold,,,0.0,,,0,0.0,354.339264,33019,0.3532,hold,,,0.0,,,0,0.0,177.699997,28879,0.1549,hold,,,0.0,,,0,0.0,80.059212,56609,0.1368,hold,,,0.0,,,0,0.0
2023-09-26,32722597,235,False,False,,412.800171,28079,0.3542,hold,,,0.0,,,0,0.0,349.018402,33019,0.3522,hold,,,0.0,,,0,0.0,176.279999,28879,0.1556,hold,,,0.0,,,0,0.0,79.780899,56609,0.138,hold,,,0.0,,,0,0.0
2023-09-27,32667895,235,False,False,,412.964935,28079,0.355,hold,,,0.0,,,0,0.0,349.836273,33019,0.3536,hold,,,0.0,,,0,0.0,174.100006,28879,0.1539,hold,,,0.0,,,0,0.0,79.367935,56609,0.1375,hold,,,0.0,,,0,0.0
2023-09-28,32820347,235,False,False,,415.3591,28079,0.3554,hold,,,0.0,,,0,0.0,352.762787,33019,0.3549,hold,,,0.0,,,0,0.0,173.229996,28879,0.1524,hold,,,0.0,,,0,0.0,79.610313,56609,0.1373,hold,,,0.0,,,0,0.0
2023-09-29,32749602,235,False,False,,414.351013,28079,0.3553,hold,,,0.0,,,0,0.0,353.018921,33019,0.3559,hold,,,0.0,,,0,0.0,171.449997,28879,0.1512,hold,,,0.0,,,0,0.0,79.619293,56609,0.1376,hold,,,0.0,,,0,0.0
2023-10-02,32714823,235,True,False,,414.186279,28079,0.3555,hold,,,0.0,,,0,0.0,355.965088,33019,0.3593,hold,,,0.0,,,0,0.0,169.649994,28879,0.1498,hold,,,0.0,,,0,0.0,78.286461,56609,0.1355,hold,,,0.0,,,0,0.0
2023-10-03,32243390,235,False,False,,408.641937,28079,0.3559,hold,,,0.0,,,0,0.0,349.718079,33019,0.3581,hold,,,0.0,,,0,0.0,169.160004,28879,0.1515,hold,,,0.0,,,0,0.0,76.602394,56609,0.1345,hold,,,0.0,,,0,0.0
2023-10-04,32544688,235,False,False,,411.617676,28079,0.3551,hold,,,0.0,,,0,0.0,354.477234,33019,0.3596,hold,,,0.0,,,0,0.0,169.139999,28879,0.1501,hold,,,0.0,,,0,0.0,77.68309,56609,0.1351,hold,,,0.0,,,0,0.0
2023-10-05,32474970,235,False,False,,411.462555,28079,0.3558,hold,,,0.0,,,0,0.0,353.43277,33019,0.3594,hold,,,0.0,,,0,0.0,168.830002,28879,0.1501,hold,,,0.0,,,0,0.0,77.29583,56609,0.1347,hold,,,0.0,,,0,0.0
2023-10-06,32779782,235,False,False,,416.347809,28079,0.3566,hold,,,0.0,,,0,0.0,359.354645,33019,0.362,hold,,,0.0,,,0,0.0,169.699997,28879,0.1495,hold,,,0.0,,,0,0.0,76.35923,56609,0.1319,hold,,,0.0,,,0,0.0
2023-10-09,33106697,235,False,False,,419.013306,28079,0.3554,hold,,,0.0,,,0,0.0,361.187408,33019,0.3602,hold,,,0.0,,,0,0.0,172.820007,28879,0.1508,hold,,,0.0,,,0,0.0,78.151375,56609,0.1336,hold,,,0.0,,,0,0.0
2023-10-10,33219489,235,False,False,,421.194183,28079,0.356,hold,,,0.0,,,0,0.0,363.187714,33019,0.361,hold,,,0.0,,,0,0.0,172.529999,28879,0.15,hold,,,0.0,,,0,0.0,78.043312,56609,0.133,hold,,,0.0,,,0,0.0
2023-10-11,33482164,235,False,False,,422.919586,28079,0.3547,hold,,,0.0,,,0,0.0,365.779114,33019,0.3607,hold,,,0.0,,,0,0.0,173.789993,28879,0.1499,hold,,,0.0,,,0,0.0,79.67334,56609,0.1347,hold,,,0.0,,,0,0.0
2023-10-12,33230139,235,False,False,,420.341217,28079,0.3552,hold,,,0.0,,,0,0.0,364.508087,33019,0.3622,hold,,,0.0,,,0,0.0,173.259995,28879,0.1506,hold,,,0.0,,,0,0.0,77.511963,56609,0.132,hold,,,0.0,,,0,0.0
2023-10-13,33259430,235,False,False,,418.247589,28079,0.3531,hold,,,0.0,,,0,0.0,359.926208,33019,0.3573,hold,,,0.0,,,0,0.0,178.830002,28879,0.1553,hold,,,0.0,,,0,0.0,78.898865,56609,0.1343,hold,,,0.0,,,0,0.0
2023-10-16,33420352,235,False,False,,422.648102,28079,0.3551,hold,,,0.0,,,0,0.0,363.995605,33019,0.3596,hold,,,0.0,,,0,0.0,177.960007,28879,0.1538,hold,,,0.0,,,0,0.0,77.629044,56609,0.1315,hold,,,0.0,,,0,0.0
2023-10-17,33341541,235,False,False,,422.628693,28079,0.3559,hold,,,0.0,,,0,0.0,362.803436,33019,0.3593,hold,,,0.0,,,0,0.0,178.289993,28879,0.1544,hold,,,0.0,,,0,0.0,76.773514,56609,0.1304,hold,,,0.0,,,0,0.0
2023-10-18,33062540,235,False,False,,416.997192,28079,0.3541,hold,,,0.0,,,0,0.0,358.044189,33019,0.3576,hold,,,0.0,,,0,0.0,180.869995,28879,0.158,hold,,,0.0,,,0,0.0,76.098061,56609,0.1303,hold,,,0.0,,,0,0.0
2023-10-19,32824958,235,False,False,,413.333282,28079,0.3536,hold,,,0.0,,,0,0.0,354.694031,33019,0.3568,hold,,,0.0,,,0,0.0,183.089996,28879,0.1611,hold,,,0.0,,,0,0.0,74.540077,56609,0.1285,hold,,,0.0,,,0,0.0
2023-10-20,32546028,235,False,False,,408.254211,28079,0.3522,hold,,,0.0,,,0,0.0,349.402679,33019,0.3545,hold,,,0.0,,,0,0.0,183.589996,28879,0.1629,hold,,,0.0,,,0,0.0,74.963356,56609,0.1304,hold,,,0.0,,,0,0.0
2023-10-23,32594052,235,False,False,,407.546661,28079,0.3511,hold,,,0.0,,,0,0.0,350.457092,33019,0.355,hold,,,0.0,,,0,0.0,182.970001,28879,0.1621,hold,,,0.0,,,0,0.0,75.86393,56609,0.1318,hold,,,0.0,,,0,0.0
2023-10-24,32848909,235,False,False,,410.619263,28079,0.351,hold,,,0.0,,,0,0.0,353.866364,33019,0.3557,hold,,,0.0,,,0,0.0,182.949997,28879,0.1608,hold,,,0.0,,,0,0.0,76.863564,56609,0.1325,hold,,,0.0,,,0,0.0
2023-10-25,32322825,235,False,False,,404.725983,28079,0.3516,hold,,,0.0,,,0,0.0,345.205231,33019,0.3526,hold,,,0.0,,,0,0.0,183.720001,28879,0.1641,hold,,,0.0,,,0,0.0,75.152496,56609,0.1316,hold,,,0.0,,,0,0.0
2023-10-26,32043036,235,False,False,,399.879547,28079,0.3504,hold,,,0.0,,,0,0.0,338.623108,33019,0.3489,hold,,,0.0,,,0,0.0,184.009995,28879,0.1658,hold,,,0.0,,,0,0.0,76.305214,56609,0.1348,hold,,,0.0,,,0,0.0
2023-10-27,32089272,235,False,False,,398.066986,28079,0.3483,hold,,,0.0,,,0,0.0,340.248901,33019,0.3501,hold,,,0.0,,,0,0.0,186.149994,28879,0.1675,hold,,,0.0,,,0,0.0,75.981018,56609,0.134,hold,,,0.0,,,0,0.0
2023-10-30,32299770,235,False,False,,402.826202,28079,0.3502,hold,,,0.0,,,0,0.0,344.081848,33019,0.3517,hold,,,0.0,,,0,0.0,185.100006,28879,0.1655,hold,,,0.0,,,0,0.0,75.638786,56609,0.1326,hold,,,0.0,,,0,0.0
2023-10-31,32375071,235,False,False,,405.35611,28079,0.3516,hold,,,0.0,,,0,0.0,345.727356,33019,0.3526,hold,,,0.0,,,0,0.0,184.089996,28879,0.1642,hold,,,0.0,,,0,0.0,75.269562,56609,0.1316,hold,,,0.0,,,0,0.0
2023-11-01,32770231,235,True,False,,409.679047,28079,0.351,hold,REDUCE_TO_TARGET,rebalance 2023-11-01,-33797.0,,,0,0.0,351.728149,33019,0.3544,hold,REDUCE_TO_TARGET,rebalance 2023-11-01,-144131.0,,,0,0.0,183.509995,28879,0.1617,hold,REDUCE_TO_TARGET,rebalance 2023-11-01,-384050.0,,,0,0.0,76.901573,56609,0.1328,hold,INCREASE_TO_TARGET,rebalance 2023-11-01,562214.0,,,0,0.0
2023-11-02,33316261,16,False,True,monthly,417.530273,27998,0.3509,hold,,,0.0,REDUCE_TO_TARGET,sell,81,412.238193,358.113159,32614,0.3506,hold,,,0.0,REDUCE_TO_TARGET,sell,405,355.17229,184.119995,26787,0.148,hold,,,0.0,REDUCE_TO_TARGET,sell,2092,183.577615,78.654671,63756,0.1505,hold,,,0.0,INCREASE_TO_TARGET,buy,7147,78.329352
2023-11-03,33612075,16,False,False,,421.33963,27998,0.351,hold,,,0.0,,,0,0.0,362.320587,32614,0.3516,hold,,,0.0,,,0,0.0,184.789993,26787,0.1473,hold,,,0.0,,,0,0.0,79.18782,63756,0.1502,hold,,,0.0,,,0,0.0
2023-11-06,33599870,16,False,False,,422.308868,27998,0.3519,hold,,,0.0,,,0,0.0,363.798553,32614,0.3531,hold,,,0.0,,,0,0.0,183.350006,26787,0.1462,hold,,,0.0,,,0,0.0,78.419716,63756,0.1488,hold,,,0.0,,,0,0.0
2023-11-07,33799067,16,False,False,,423.510834,27998,0.3508,hold,,,0.0,,,0,0.0,367.237427,32614,0.3544,hold,,,0.0,,,0,0.0,182.589996,26787,0.1447,hold,,,0.0,,,0,0.0,79.576424,63756,0.1501,hold,,,0.0,,,0,0.0
2023-11-08,33853130,16,False,False,,423.820984,27998,0.3505,hold,,,0.0,,,0,0.0,367.473877,32614,0.354,hold,,,0.0,,,0,0.0,180.770004,26787,0.143,hold,,,0.0,,,0,0.0,80.931908,63756,0.1524,hold,,,0.0,,,0,0.0
2023-11-09,33568958,16,False,False,,420.515656,27998,0.3507,hold,,,0.0,,,0,0.0,364.645966,32614,0.3543,hold,,,0.0,,,0,0.0,181.490005,26787,0.1448,hold,,,0.0,,,0,0.0,79.070335,63756,0.1502,hold,,,0.0,,,0,0.0
2023-11-10,33995250,16,False,False,,427.077789,27998,0.3517,hold,,,0.0,,,0,0.0,372.843994,32614,0.3577,hold,,,0.0,,,0,0.0,179.509995,26787,0.1414,hold,,,0.0,,,0,0.0,79.513168,63756,0.1491,hold,,,0.0,,,0,0.0
2023-11-13,33961198,16,False,False,,426.670715,27998,0.3518,hold,,,0.0,,,0,0.0,371.681366,32614,0.3569,hold,,,0.0,,,0,0.0,180.509995,26787,0.1424,hold,,,0.0,,,0,0.0,79.332413,63756,0.1489,hold,,,0.0,,,0,0.0
2023-11-14,34611677,16,False,False,,434.948425,27998,0.3518,hold,,,0.0,,,0,0.0,379.682312,32614,0.3578,hold,,,0.0,,,0,0.0,182.119995,26787,0.1409,hold,,,0.0,,,0,0.0,81.130684,63756,0.1494,hold,,,0.0,,,0,0.0
2023-11-15,34561324,16,False,False,,435.869171,27998,0.3531,hold,,,0.0,,,0,0.0,379.968018,32614,0.3586,hold,,,0.0,,,0,0.0,181.639999,26787,0.1408,hold,,,0.0,,,0,0.0,79.992081,63756,0.1476,hold,,,0.0,,,0,0.0
2023-11-16,34705149,16,False,False,,436.402313,27998,0.3521,hold,,,0.0,,,0,0.0,380.293274,32614,0.3574,hold,,,0.0,,,0,0.0,183.690002,26787,0.1418,hold,,,0.0,,,0,0.0,80.986137,63756,0.1488,hold,,,0.0,,,0,0.0
2023-11-17,34746897,16,False,False,,436.945129,27998,0.3521,hold,,,0.0,,,0,0.0,380.381897,32614,0.357,hold,,,0.0,,,0,0.0,183.669998,26787,0.1416,hold,,,0.0,,,0,0.0,81.365631,63756,0.1493,hold,,,0.0,,,0,0.0
2023-11-20,35015757,16,False,False,,440.308563,27998,0.3521,hold,,,0.0,,,0,0.0,385.013,32614,0.3586,hold,,,0.0,,,0,0.0,183.369995,26787,0.1403,hold,,,0.0,,,0,0.0,81.862663,63756,0.1491,hold,,,0.0,,,0,0.0
2023-11-21,34966674,16,False,False,,439.348907,27998,0.3518,hold,,,0.0,,,0,0.0,382.776245,32614,0.357,hold,,,0.0,,,0,0.0,185.350006,26787,0.142,hold,,,0.0,,,0,0.0,81.826523,63756,0.1492,hold,,,0.0,,,0,0.0
2023-11-22,35062538,16,False,False,,441.045227,27998,0.3522,hold,,,0.0,,,0,0.0,384.342987,32614,0.3575,hold,,,0.0,,,0,0.0,184.559998,26787,0.141,hold,,,0.0,,,0,0.0,82.115677,63756,0.1493,hold,,,0.0,,,0,0.0
2023-11-24,35016531,16,False,False,,441.31662,27998,0.3529,hold,,,0.0,,,0,0.0,383.801025,32614,0.3575,hold,,,0.0,,,0,0.0,185.520004,26787,0.1419,hold,,,0.0,,,0,0.0,81.148773,63756,0.1478,hold,,,0.0,,,0,0.0
2023-11-27,35103258,16,False,False,,440.52182,27998,0.3514,hold,,,0.0,,,0,0.0,383.466034,32614,0.3563,hold,,,0.0,,,0,0.0,186.770004,26787,0.1425,hold,,,0.0,,,0,0.0,82.504272,63756,0.1498,hold,,,0.0,,,0,0.0
2023-11-28,35225316,16,False,False,,440.957947,27998,0.3505,hold,,,0.0,,,0,0.0,384.471069,32614,0.356,hold,,,0.0,,,0,0.0,189.259995,26787,0.1439,hold,,,0.0,,,0,0.0,82.666924,63756,0.1496,hold,,,0.0,,,0,0.0
2023-11-29,35278177,16,False,False,,440.647797,27998,0.3497,hold,,,0.0,,,0,0.0,384.096619,32614,0.3551,hold,,,0.0,,,0,0.0,189.539993,26787,0.1439,hold,,,0.0,,,0,0.0,83.706139,63756,0.1513,hold,,,0.0,,,0,0.0
2023-11-30,35212454,16,False,False,,442.382843,27998,0.3517,hold,,,0.0,,,0,0.0,383.131042,32614,0.3549,hold,,,0.0,,,0,0.0,188.75,26787,0.1436,hold,,,0.0,,,0,0.0,82.739212,63756,0.1498,hold,,,0.0,,,0,0.0
2023-12-01,35508075,16,True,False,,444.999908,27998,0.3509,hold,,,0.0,,,0,0.0,384.224762,32614,0.3529,hold,,,0.0,,,0,0.0,192.009995,26787,0.1449,hold,,,0.0,,,0,0.0,84.297523,63756,0.1514,hold,,,0.0,,,0,0.0
2023-12-04,35193790,16,False,False,,442.66391,27998,0.3522,hold,,,0.0,,,0,0.0,380.657837,32614,0.3528,hold,,,0.0,,,0,0.0,187.860001,26787,0.143,hold,,,0.0,,,0,0.0,83.962128,63756,0.1521,hold,,,0.0,,,0,0.0
2023-12-05,35318516,16,False,False,,442.576721,27998,0.3508,hold,,,0.0,,,0,0.0,381.613586,32614,0.3524,hold,,,0.0,,,0,0.0,187.149994,26787,0.1419,hold,,,0.0,,,0,0.0,85.766121,63756,0.1548,hold,,,0.0,,,0,0.0
2023-12-06,35287901,16,False,False,,440.793213,27998,0.3497,hold,,,0.0,,,0,0.0,379.406403,32614,0.3507,hold,,,0.0,,,0,0.0,187.839996,26787,0.1426,hold,,,0.0,,,0,0.0,86.90831,63756,0.157,hold,,,0.0,,,0,0.0
2023-12-07,35531480,16,False,False,,444.156677,27998,0.35,hold,,,0.0,,,0,0.0,384.70755,32614,0.3531,hold,,,0.0,,,0,0.0,188.149994,26787,0.1418,hold,,,0.0,,,0,0.0,86.409737,63756,0.155,hold,,,0.0,,,0,0.0
2023-12-08,35528538,16,False,False,,446.066132,27998,0.3515,hold,,,0.0,,,0,0.0,386.422028,32614,0.3547,hold,,,0.0,,,0,0.0,185.639999,26787,0.14,hold,,,0.0,,,0,0.0,85.702614,63756,0.1538,hold,,,0.0,,,0,0.0
2023-12-11,35618300,16,False,False,,447.801117,27998,0.352,hold,,,0.0,,,0,0.0,389.722961,32614,0.3569,hold,,,0.0,,,0,0.0,183.589996,26787,0.1381,hold,,,0.0,,,0,0.0,85.521339,63756,0.1531,hold,,,0.0,,,0,0.0
2023-12-12,35790296,16,False,False,,449.846375,27998,0.3519,hold,,,0.0,,,0,0.0,392.826782,32614,0.358,hold,,,0.0,,,0,0.0,183.490005,26787,0.1373,hold,,,0.0,,,0,0.0,85.775162,63756,0.1528,hold,,,0.0,,,0,0.0
2023-12-13,36366116,16,False,False,,456.049774,27998,0.3511,hold,,,0.0,,,0,0.0,397.822479,32614,0.3568,hold,,,0.0,,,0,0.0,187.630005,26787,0.1382,hold,,,0.0,,,0,0.0,87.787666,63756,0.1539,hold,,,0.0,,,0,0.0
2023-12-14,36570907,16,False,False,,457.513458,27998,0.3503,hold,,,0.0,,,0,0.0,397.4776,32614,0.3545,hold,,,0.0,,,0,0.0,188.729996,26787,0.1382,hold,,,0.0,,,0,0.0,90.071281,63756,0.157,hold,,,0.0,,,0,0.0
2023-12-15,36572517,16,False,False,,456.760162,27998,0.3497,hold,,,0.0,,,0,0.0,399.399017,32614,0.3562,hold,,,0.0,,,0,0.0,187.0,26787,0.137,hold,,,0.0,,,0,0.0,90.171295,63756,0.1572,hold,,,0.0,,,0,0.0
2023-12-18,36703461,16,False,False,,459.329437,27998,0.3504,hold,,,0.0,,,0,0.0,401.914673,32614,0.3571,hold,,,0.0,,,0,0.0,187.850006,26787,0.1371,hold,,,0.0,,,0,0.0,89.452843,63756,0.1554,hold,,,0.0,,,0,0.0
2023-12-19,36913657,16,False,False,,462.122589,27998,0.3505,hold,,,0.0,,,0,0.0,403.968292,32614,0.3569,hold,,,0.0,,,0,0.0,189.130005,26787,0.1372,hold,,,0.0,,,0,0.0,89.93483,63756,0.1553,hold,,,0.0,,,0,0.0
2023-12-20,36549843,16,False,False,,455.718781,27998,0.3491,hold,,,0.0,,,0,0.0,397.965424,32614,0.3551,hold,,,0.0,,,0,0.0,188.100006,26787,0.1379,hold,,,0.0,,,0,0.0,90.544159,63756,0.1579,hold,,,0.0,,,0,0.0
2023-12-21,36820945,16,False,False,,460.039886,27998,0.3498,hold,,,0.0,,,0,0.0,402.595947,32614,0.3566,hold,,,0.0,,,0,0.0,189.429993,26787,0.1378,hold,,,0.0,,,0,0.0,89.971237,63756,0.1558,hold,,,0.0,,,0,0.0
2023-12-22,36862883,16,False,False,,460.964447,27998,0.3501,hold,,,0.0,,,0,0.0,403.198242,32614,0.3567,hold,,,0.0,,,0,0.0,190.270004,26787,0.1383,hold,,,0.0,,,0,0.0,89.561981,63756,0.1549,hold,,,0.0,,,0,0.0
2023-12-26,37052954,16,False,False,,462.910889,27998,0.3498,hold,,,0.0,,,0,0.0,405.666504,32614,0.3571,hold,,,0.0,,,0,0.0,191.720001,26787,0.1386,hold,,,0.0,,,0,0.0,89.816605,63756,0.1545,hold,,,0.0,,,0,0.0
2023-12-27,37228093,16,False,False,,463.747833,27998,0.3488,hold,,,0.0,,,0,0.0,406.49231,32614,0.3561,hold,,,0.0,,,0,0.0,192.589996,26787,0.1386,hold,,,0.0,,,0,0.0,91.408134,63756,0.1565,hold,,,0.0,,,0,0.0
2023-12-28,37154226,16,False,False,,463.923035,27998,0.3496,hold,,,0.0,,,0,0.0,406.294739,32614,0.3566,hold,,,0.0,,,0,0.0,191.470001,26787,0.138,hold,,,0.0,,,0,0.0,90.744232,63756,0.1557,hold,,,0.0,,,0,0.0
2023-12-29,36999055,16,False,False,,462.579926,27998,0.35,hold,,,0.0,,,0,0.0,404.536407,32614,0.3566,hold,,,0.0,,,0,0.0,191.169998,26787,0.1384,hold,,,0.0,,,0,0.0,89.925735,63756,0.155,hold,,,0.0,,,0,0.0
2024-01-02,36658206,16,True,False,,459.99118,27998,0.3513,hold,,,0.0,,,0,0.0,397.690704,32614,0.3538,hold,,,0.0,,,0,0.0,190.720001,26787,0.1394,hold,,,0.0,,,0,0.0,89.407356,63756,0.1555,hold,,,0.0,,,0,0.0
2024-01-03,36396967,16,False,False,,456.234589,27998,0.351,hold,,,0.0,,,0,0.0,393.482574,32614,0.3526,hold,,,0.0,,,0,0.0,189.130005,26787,0.1392,hold,,,0.0,,,0,0.0,89.780235,63756,0.1573,hold,,,0.0,,,0,0.0
2024-01-04,36207895,16,False,False,,454.765045,27998,0.3517,hold,,,0.0,,,0,0.0,391.457581,32614,0.3526,hold,,,0.0,,,0,0.0,189.320007,26787,0.1401,hold,,,0.0,,,0,0.0,88.416069,63756,0.1557,hold,,,0.0,,,0,0.0
2024-01-05,36187356,16,False,False,,455.387909,27998,0.3523,hold,,,0.0,,,0,0.0,391.921844,32614,0.3532,hold,,,0.0,,,0,0.0,189.350006,26787,0.1402,hold,,,0.0,,,0,0.0,87.570297,63756,0.1543,hold,,,0.0,,,0,0.0
2024-01-08,36648994,16,False,False,,461.889038,27998,0.3529,hold,,,0.0,,,0,0.0,400.022064,32614,0.356,hold,,,0.0,,,0,0.0,187.869995,26787,0.1373,hold,,,0.0,,,0,0.0,88.434265,63756,0.1538,hold,,,0.0,,,0,0.0
2024-01-09,36620802,16,False,False,,461.188293,27998,0.3526,hold,,,0.0,,,0,0.0,400.812225,32614,0.357,hold,,,0.0,,,0,0.0,187.929993,26787,0.1375,hold,,,0.0,,,0,0.0,87.870399,63756,0.153,hold,,,0.0,,,0,0.0
2024-01-10,36744813,16,False,False,,463.796448,27998,0.3534,hold,,,0.0,,,0,0.0,403.528809,32614,0.3582,hold,,,0.0,,,0,0.0,187.5,26787,0.1367,hold,,,0.0,,,0,0.0,87.461151,63756,0.1518,hold,,,0.0,,,0,0.0
2024-01-11,36807701,16,False,False,,463.592133,27998,0.3526,hold,,,0.0,,,0,0.0,404.36853,32614,0.3583,hold,,,0.0,,,0,0.0,187.869995,26787,0.1367,hold,,,0.0,,,0,0.0,87.95224,63756,0.1523,hold,,,0.0,,,0,0.0
2024-01-12,36861729,16,False,False,,463.913269,27998,0.3524,hold,,,0.0,,,0,0.0,404.575958,32614,0.358,hold,,,0.0,,,0,0.0,189.710007,26787,0.1379,hold,,,0.0,,,0,0.0,87.779457,63756,0.1518,hold,,,0.0,,,0,0.0
2024-01-16,36665970,16,False,False,,462.210144,27998,0.3529,hold,,,0.0,,,0,0.0,404.536407,32614,0.3598,hold,,,0.0,,,0,0.0,187.910004,26787,0.1373,hold,,,0.0,,,0,0.0,86.233421,63756,0.1499,hold,,,0.0,,,0,0.0
2024-01-17,36455467,16,False,False,,459.640869,27998,0.353,hold,,,0.0,,,0,0.0,402.254547,32614,0.3599,hold,,,0.0,,,0,0.0,185.839996,26787,0.1366,hold,,,0.0,,,0,0.0,86.097,63756,0.1506,hold,,,0.0,,,0,0.0
2024-01-18,36746084,16,False,False,,463.728363,27998,0.3533,hold,,,0.0,,,0,0.0,407.964203,32614,0.3621,hold,,,0.0,,,0,0.0,187.369995,26787,0.1366,hold,,,0.0,,,0,0.0,85.2967,63756,0.148,hold,,,0.0,,,0,0.0
2024-01-19,37204189,16,False,False,,469.509277,27998,0.3533,hold,,,0.0,,,0,0.0,416.054504,32614,0.3647,hold,,,0.0,,,0,0.0,187.929993,26787,0.1353,hold,,,0.0,,,0,0.0,85.569511,63756,0.1466,hold,,,0.0,,,0,0.0
2024-01-22,37263154,16,False,False,,470.501953,27998,0.3535,hold,,,0.0,,,0,0.0,416.597778,32614,0.3646,hold,,,0.0,,,0,0.0,187.220001,26787,0.1346,hold,,,0.0,,,0,0.0,86.078835,63756,0.1473,hold,,,0.0,,,0,0.0
2024-01-23,37334021,16,False,False,,471.874207,27998,0.3539,hold,,,0.0,,,0,0.0,418.326508,32614,0.3654,hold,,,0.0,,,0,0.0,187.949997,26787,0.1349,hold,,,0.0,,,0,0.0,85.396721,63756,0.1458,hold,,,0.0,,,0,0.0
2024-01-24,37350765,16,False,False,,472.390045,27998,0.3541,hold,,,0.0,,,0,0.0,420.647949,32614,0.3673,hold,,,0.0,,,0,0.0,186.399994,26787,0.1337,hold,,,0.0,,,0,0.0,84.89653,63756,0.1449,hold,,,0.0,,,0,0.0
2024-01-25,37494643,16,False,False,,474.95929,27998,0.3547,hold,,,0.0,,,0,0.0,421.161621,32614,0.3663,hold,,,0.0,,,0,0.0,187.139999,26787,0.1337,hold,,,0.0,,,0,0.0,85.451286,63756,0.1453,hold,,,0.0,,,0,0.0
2024-01-26,37381996,16,False,False,,474.355896,27998,0.3553,hold,,,0.0,,,0,0.0,418.652496,32614,0.3653,hold,,,0.0,,,0,0.0,187.009995,26787,0.134,hold,,,0.0,,,0,0.0,85.287567,63756,0.1455,hold,,,0.0,,,0,0.0
2024-01-29,37724978,16,False,False,,478.112549,27998,0.3548,hold,,,0.0,,,0,0.0,422.939697,32614,0.3656,hold,,,0.0,,,0,0.0,188.330002,26787,0.1337,hold,,,0.0,,,0,0.0,86.269768,63756,0.1458,hold,,,0.0,,,0,0.0
2024-01-30,37679634,16,False,False,,477.742676,27998,0.355,hold,,,0.0,,,0,0.0,420.12439,32614,0.3636,hold,,,0.0,,,0,0.0,188.589996,26787,0.1341,hold,,,0.0,,,0,0.0,87.05191,63756,0.1473,hold,,,0.0,,,0,0.0
2024-01-31,37243761,16,False,False,,469.947235,27998,0.3533,hold,,,0.0,,,0,0.0,411.895721,32614,0.3607,hold,,,0.0,,,0,0.0,188.449997,26787,0.1355,hold,,,0.0,,,0,0.0,87.906792,63756,0.1505,hold,,,0.0,,,0,0.0
2024-02-01,37736600,16,True,False,,476.097992,27998,0.3532,hold,,,0.0,,,0,0.0,416.746002,32614,0.3602,hold,,,0.0,,,0,0.0,190.410004,26787,0.1352,hold,,,0.0,,,0,0.0,89.631172,63756,0.1514,hold,,,0.0,,,0,0.0
2024-02-02,37932190,16,False,False,,481.110046,27998,0.3551,hold,,,0.0,,,0,0.0,423.789215,32614,0.3644,hold,,,0.0,,,0,0.0,188.610001,26787,0.1332,hold,,,0.0,,,0,0.0,87.651306,63756,0.1473,hold,,,0.0,,,0,0.0
2024-02-05,37724398,16,False,False,,479.358276,27998,0.3558,hold,,,0.0,,,0,0.0,423.236084,32614,0.3659,hold,,,0.0,,,0,0.0,187.570007,26787,0.1332,hold,,,0.0,,,0,0.0,85.881317,63756,0.1451,hold,,,0.0,,,0,0.0
2024-02-06,37815423,16,False,False,,480.749969,27998,0.3559,hold,,,0.0,,,0,0.0,422.386536,32614,0.3643,hold,,,0.0,,,0,0.0,188.550003,26787,0.1336,hold,,,0.0,,,0,0.0,86.720711,63756,0.1462,hold,,,0.0,,,0,0.0
2024-02-07,38041344,16,False,False,,484.759644,27998,0.3568,hold,,,0.0,,,0,0.0,426.732971,32614,0.3659,hold,,,0.0,,,0,0.0,188.5,26787,0.1327,hold,,,0.0,,,0,0.0,86.301025,63756,0.1446,hold,,,0.0,,,0,0.0
2024-02-08,38036564,16,False,False,,484.973755,27998,0.357,hold,,,0.0,,,0,0.0,427.523193,32614,0.3666,hold,,,0.0,,,0,0.0,188.330002,26787,0.1326,hold,,,0.0,,,0,0.0,85.799225,63756,0.1438,hold,,,0.0,,,0,0.0
2024-02-09,38221675,16,False,False,,487.77655,27998,0.3573,hold,,,0.0,,,0,0.0,431.731415,32614,0.3684,hold,,,0.0,,,0,0.0,187.600006,26787,0.1315,hold,,,0.0,,,0,0.0,85.625847,63756,0.1428,hold,,,0.0,,,0,0.0
2024-02-12,38153864,16,False,False,,487.562469,27998,0.3578,hold,,,0.0,,,0,0.0,430.042206,32614,0.3676,hold,,,0.0,,,0,0.0,187.110001,26787,0.1314,hold,,,0.0,,,0,0.0,85.726227,63756,0.1433,hold,,,0.0,,,0,0.0
2024-02-13,37584331,16,False,False,,480.847229,27998,0.3582,hold,,,0.0,,,0,0.0,423.334778,32614,0.3674,hold,,,0.0,,,0,0.0,184.529999,26787,0.1315,hold,,,0.0,,,0,0.0,84.257309,63756,0.1429,hold,,,0.0,,,0,0.0
2024-02-14,37881526,16,False,False,,485.21698,27998,0.3586,hold,,,0.0,,,0,0.0,427.948029,32614,0.3684,hold,,,0.0,,,0,0.0,184.419998,26787,0.1304,hold,,,0.0,,,0,0.0,84.686134,63756,0.1425,hold,,,0.0,,,0,0.0
2024-02-15,38077958,16,False,False,,488.564911,27998,0.3592,hold,,,0.0,,,0,0.0,429.222321,32614,0.3676,hold,,,0.0,,,0,0.0,185.660004,26787,0.1306,hold,,,0.0,,,0,0.0,85.124062,63756,0.1425,hold,,,0.0,,,0,0.0
2024-02-16,37869706,16,False,False,,486.131897,27998,0.3594,hold,,,0.0,,,0,0.0,425.330261,32614,0.3663,hold,,,0.0,,,0,0.0,186.339996,26787,0.1318,hold,,,0.0,,,0,0.0,84.631386,63756,0.1425,hold,,,0.0,,,0,0.0
2024-02-20,37724991,16,False,False,,483.455505,27998,0.3588,hold,,,0.0,,,0,0.0,422.119843,32614,0.3649,hold,,,0.0,,,0,0.0,187.470001,26787,0.1331,hold,,,0.0,,,0,0.0,84.704376,63756,0.1432,hold,,,0.0,,,0,0.0
2024-02-21,37644034,16,False,False,,483.893372,27998,0.3599,hold,,,0.0,,,0,0.0,420.430634,32614,0.3643,hold,,,0.0,,,0,0.0,187.479996,26787,0.1334,hold,,,0.0,,,0,0.0,84.102196,63756,0.1424,hold,,,0.0,,,0,0.0
2024-02-22,38354165,16,False,False,,493.907806,27998,0.3605,hold,,,0.0,,,0,0.0,432.739044,32614,0.368,hold,,,0.0,,,0,0.0,187.559998,26787,0.131,hold,,,0.0,,,0,0.0,84.512779,63756,0.1405,hold,,,0.0,,,0,0.0
2024-02-23,38422665,16,False,False,,494.248474,27998,0.3602,hold,,,0.0,,,0,0.0,431.464691,32614,0.3662,hold,,,0.0,,,0,0.0,188.619995,26787,0.1315,hold,,,0.0,,,0,0.0,85.644127,63756,0.1421,hold,,,0.0,,,0,0.0
2024-02-26,38337032,16,False,False,,492.438263,27998,0.3596,hold,,,0.0,,,0,0.0,431.237457,32614,0.3669,hold,,,0.0,,,0,0.0,188.199997,26787,0.1315,hold,,,0.0,,,0,0.0,85.388634,63756,0.142,hold,,,0.0,,,0,0.0
2024-02-27,38352728,16,False,False,,493.353088,27998,0.3602,hold,,,0.0,,,0,0.0,432.274719,32614,0.3676,hold,,,0.0,,,0,0.0,188.0,26787,0.1313,hold,,,0.0,,,0,0.0,84.786507,63756,0.1409,hold,,,0.0,,,0,0.0
2024-02-28,38302832,16,False,False,,492.70105,27998,0.3601,hold,,,0.0,,,0,0.0,429.973053,32614,0.3661,hold,,,0.0,,,0,0.0,188.339996,26787,0.1317,hold,,,0.0,,,0,0.0,85.324783,63756,0.142,hold,,,0.0,,,0,0.0
2024-02-29,38536969,16,False,False,,494.47226,27998,0.3592,hold,,,0.0,,,0,0.0,433.657715,32614,0.367,hold,,,0.0,,,0,0.0,189.309998,26787,0.1316,hold,,,0.0,,,0,0.0,85.926956,63756,0.1422,hold,,,0.0,,,0,0.0
2024-03-01,39009930,16,True,False,,499.114471,27998,0.3582,hold,REDUCE_TO_TARGET,rebalance 2024-03-01,-320732.0,,,0,0.0,440.187256,32614,0.368,hold,REDUCE_TO_TARGET,rebalance 2024-03-01,-702792.0,,,0,0.0,192.889999,26787,0.1325,hold,INCREASE_TO_TARGET,rebalance 2024-03-01,684545.0,,,0,0.0,86.462372,63756,0.1413,hold,INCREASE_TO_TARGET,rebalance 2024-03-01,338994.0,,,0,0.0
2024-03-04,39009267,184,False,True,monthly,498.579254,27353,0.3496,hold,,,0.0,REDUCE_TO_TARGET,sell,645,496.821576,438.616577,31013,0.3487,hold,,,0.0,REDUCE_TO_TARGET,sell,1601,438.866662,196.009995,30300,0.1522,hold,,,0.0,INCREASE_TO_TARGET,buy,3513,194.149994,86.114571,67695,0.1494,hold,,,0.0,INCREASE_TO_TARGET,buy,3939,85.757629
2024-03-05,38747581,184,False,False,,493.596436,27353,0.3484,hold,,,0.0,,,0,0.0,430.74353,31013,0.3448,hold,,,0.0,,,0,0.0,197.190002,30300,0.1542,hold,,,0.0,,,0,0.0,87.340981,67695,0.1526,hold,,,0.0,,,0,0.0
2024-03-06,38983721,184,False,False,,496.097595,27353,0.3481,hold,,,0.0,,,0,0.0,433.450226,31013,0.3448,hold,,,0.0,,,0,0.0,198.809998,30300,0.1545,hold,,,0.0,,,0,0.0,87.853531,67695,0.1526,hold,,,0.0,,,0,0.0
2024-03-07,39351113,184,False,False,,501.022003,27353,0.3483,hold,,,0.0,,,0,0.0,440.029144,31013,0.3468,hold,,,0.0,,,0,0.0,199.940002,30300,0.154,hold,,,0.0,,,0,0.0,87.771149,67695,0.151,hold,,,0.0,,,0,0.0
2024-03-08,39112546,184,False,False,,498.014832,27353,0.3483,hold,,,0.0,,,0,0.0,433.677429,31013,0.3439,hold,,,0.0,,,0,0.0,201.630005,30300,0.1562,hold,,,0.0,,,0,0.0,87.615562,67695,0.1516,hold,,,0.0,,,0,0.0
2024-03-11,39059009,184,False,False,,497.586578,27353,0.3485,hold,,,0.0,,,0,0.0,432.067291,31013,0.3431,hold,,,0.0,,,0,0.0,202.0,30300,0.1567,hold,,,0.0,,,0,0.0,87.569786,67695,0.1518,hold,,,0.0,,,0,0.0
2024-03-12,39280978,184,False,False,,502.939301,27353,0.3502,hold,,,0.0,,,0,0.0,438.260956,31013,0.346,hold,,,0.0,,,0,0.0,199.789993,30300,0.1541,hold,,,0.0,,,0,0.0,86.837601,67695,0.1497,hold,,,0.0,,,0,0.0
2024-03-13,39168866,184,False,False,,502.15094,27353,0.3507,hold,,,0.0,,,0,0.0,434.892426,31013,0.3443,hold,,,0.0,,,0,0.0,201.190002,30300,0.1556,hold,,,0.0,,,0,0.0,86.416595,67695,0.1494,hold,,,0.0,,,0,0.0
2024-03-14,38992421,184,False,False,,501.158295,27353,0.3516,hold,,,0.0,,,0,0.0,433.796021,31013,0.345,hold,,,0.0,,,0,0.0,200.350006,30300,0.1557,hold,,,0.0,,,0,0.0,85.089493,67695,0.1477,hold,,,0.0,,,0,0.0
2024-03-15,38717125,184,False,False,,497.717072,27353,0.3516,hold,,,0.0,,,0,0.0,428.639526,31013,0.3433,hold,,,0.0,,,0,0.0,199.710007,30300,0.1563,hold,,,0.0,,,0,0.0,85.06205,67695,0.1487,hold,,,0.0,,,0,0.0
2024-03-18,38917167,184,False,False,,500.675049,27353,0.3519,hold,,,0.0,,,0,0.0,432.727631,31013,0.3448,hold,,,0.0,,,0,0.0,200.029999,30300,0.1557,hold,,,0.0,,,0,0.0,84.805779,67695,0.1475,hold,,,0.0,,,0,0.0
2024-03-19,39035848,184,False,False,,503.457397,27353,0.3528,hold,,,0.0,,,0,0.0,433.805756,31013,0.3446,hold,,,0.0,,,0,0.0,199.800003,30300,0.1551,hold,,,0.0,,,0,0.0,85.043739,67695,0.1475,hold,,,0.0,,,0,0.0
2024-03-20,39392989,184,False,False,,508.113983,27353,0.3528,hold,,,0.0,,,0,0.0,438.949188,31013,0.3456,hold,,,0.0,,,0,0.0,202.179993,30300,0.1555,hold,,,0.0,,,0,0.0,85.016296,67695,0.1461,hold,,,0.0,,,0,0.0
2024-03-21,39509372,184,False,False,,509.793243,27353,0.3529,hold,,,0.0,,,0,0.0,441.026459,31013,0.3462,hold,,,0.0,,,0,0.0,201.970001,30300,0.1549,hold,,,0.0,,,0,0.0,85.199333,67695,0.146,hold,,,0.0,,,0,0.0
2024-03-22,39504636,184,False,False,,508.826721,27353,0.3523,hold,,,0.0,,,0,0.0,441.530945,31013,0.3466,hold,,,0.0,,,0,0.0,200.350006,30300,0.1537,hold,,,0.0,,,0,0.0,86.013885,67695,0.1474,hold,,,0.0,,,0,0.0
2024-03-25,39406759,184,False,False,,507.420837,27353,0.3522,hold,,,0.0,,,0,0.0,439.928528,31013,0.3462,hold,,,0.0,,,0,0.0,200.990005,30300,0.1545,hold,,,0.0,,,0,0.0,85.583755,67695,0.147,hold,,,0.0,,,0,0.0
2024-03-26,39372756,184,False,False,,506.483795,27353,0.3519,hold,,,0.0,,,0,0.0,438.504181,31013,0.3454,hold,,,0.0,,,0,0.0,201.639999,30300,0.1552,hold,,,0.0,,,0,0.0,85.821686,67695,0.1476,hold,,,0.0,,,0,0.0
2024-03-27,39637360,184,False,False,,510.740143,27353,0.3525,hold,,,0.0,,,0,0.0,439.997803,31013,0.3443,hold,,,0.0,,,0,0.0,203.100006,30300,0.1553,hold,,,0.0,,,0,0.0,86.672852,67695,0.148,hold,,,0.0,,,0,0.0
2024-03-28,39683963,184,False,False,,510.642456,27353,0.352,hold,,,0.0,,,0,0.0,439.186707,31013,0.3432,hold,,,0.0,,,0,0.0,205.720001,30300,0.1571,hold,,,0.0,,,0,0.0,86.59964,67695,0.1477,hold,,,0.0,,,0,0.0
2024-04-01,39642849,184,True,False,,509.754089,27353,0.3517,hold,,,0.0,,,0,0.0,440.116486,31013,0.3443,hold,,,0.0,,,0,0.0,207.820007,30300,0.1588,hold,,,0.0,,,0,0.0,84.985344,67695,0.1451,hold,,,0.0,,,0,0.0
2024-04-02,39497716,184,False,False,,506.51297,27353,0.3508,hold,,,0.0,,,0,0.0,436.318176,31013,0.3426,hold,,,0.0,,,0,0.0,210.889999,30300,0.1618,hold,,,0.0,,,0,0.0,84.517029,67695,0.1449,hold,,,0.0,,,0,0.0
2024-04-03,39598119,184,False,False,,507.069427,27353,0.3503,hold,,,0.0,,,0,0.0,437.297455,31013,0.3425,hold,,,0.0,,,0,0.0,212.740005,30300,0.1628,hold,,,0.0,,,0,0.0,84.498665,67695,0.1445,hold,,,0.0,,,0,0.0
2024-04-04,39225511,184,False,False,,500.880096,27353,0.3493,hold,,,0.0,,,0,0.0,430.61084,31013,0.3405,hold,,,0.0,,,0,0.0,211.520004,30300,0.1634,hold,,,0.0,,,0,0.0,85.104713,67695,0.1469,hold,,,0.0,,,0,0.0
2024-04-05,39555506,184,False,False,,506.112793,27353,0.35,hold,,,0.0,,,0,0.0,435.68512,31013,0.3416,hold,,,0.0,,,0,0.0,215.139999,30300,0.1648,hold,,,0.0,,,0,0.0,83.920151,67695,0.1436,hold,,,0.0,,,0,0.0
2024-04-08,39607218,184,False,False,,506.395874,27353,0.3497,hold,,,0.0,,,0,0.0,435.813721,31013,0.3412,hold,,,0.0,,,0,0.0,216.479996,30300,0.1656,hold,,,0.0,,,0,0.0,83.910973,67695,0.1434,hold,,,0.0,,,0,0.0
2024-04-09,39762138,184,False,False,,506.981628,27353,0.3488,hold,,,0.0,,,0,0.0,437.426025,31013,0.3412,hold,,,0.0,,,0,0.0,217.669998,30300,0.1659,hold,,,0.0,,,0,0.0,84.691505,67695,0.1442,hold,,,0.0,,,0,0.0
2024-04-10,39317506,184,False,False,,501.905151,27353,0.3492,hold,,,0.0,,,0,0.0,433.60791,31013,0.342,hold,,,0.0,,,0,0.0,215.610001,30300,0.1662,hold,,,0.0,,,0,0.0,82.845787,67695,0.1426,hold,,,0.0,,,0,0.0
2024-04-11,39737318,184,False,False,,505.692963,27353,0.3481,hold,,,0.0,,,0,0.0,440.531891,31013,0.3438,hold,,,0.0,,,0,0.0,219.800003,30300,0.1676,hold,,,0.0,,,0,0.0,82.469299,67695,0.1405,hold,,,0.0,,,0,0.0
2024-04-12,39270256,184,False,False,,498.71283,27353,0.3474,hold,,,0.0,,,0,0.0,433.509033,31013,0.3424,hold,,,0.0,,,0,0.0,216.889999,30300,0.1673,hold,,,0.0,,,0,0.0,82.910072,67695,0.1429,hold,,,0.0,,,0,0.0
2024-04-15,38914173,184,False,False,,492.464905,27353,0.3462,hold,,,0.0,,,0,0.0,426.37738,31013,0.3398,hold,,,0.0,,,0,0.0,220.949997,30300,0.172,hold,,,0.0,,,0,0.0,81.624489,67695,0.142,hold,,,0.0,,,0,0.0
2024-04-16,38862339,184,False,False,,491.566772,27353,0.346,hold,,,0.0,,,0,0.0,426.416931,31013,0.3403,hold,,,0.0,,,0,0.0,221.220001,30300,0.1725,hold,,,0.0,,,0,0.0,81.082726,67695,0.1412,hold,,,0.0,,,0,0.0
2024-04-17,38632932,184,False,False,,488.657532,27353,0.346,hold,,,0.0,,,0,0.0,421.213989,31013,0.3381,hold,,,0.0,,,0,0.0,219.589996,30300,0.1722,hold,,,0.0,,,0,0.0,81.982605,67695,0.1437,hold,,,0.0,,,0,0.0
2024-04-18,38525639,184,False,False,,487.652039,27353,0.3462,hold,,,0.0,,,0,0.0,418.810394,31013,0.3371,hold,,,0.0,,,0,0.0,220.339996,30300,0.1733,hold,,,0.0,,,0,0.0,81.569389,67695,0.1433,hold,,,0.0,,,0,0.0
2024-04-19,38181289,184,False,False,,483.395599,27353,0.3463,hold,,,0.0,,,0,0.0,410.145569,31013,0.3331,hold,,,0.0,,,0,0.0,221.029999,30300,0.1754,hold,,,0.0,,,0,0.0,81.863235,67695,0.1451,hold,,,0.0,,,0,0.0
2024-04-22,38256214,184,False,False,,487.84729,27353,0.3488,hold,,,0.0,,,0,0.0,414.270325,31013,0.3358,hold,,,0.0,,,0,0.0,215.570007,30300,0.1707,hold,,,0.0,,,0,0.0,81.725487,67695,0.1446,hold,,,0.0,,,0,0.0
2024-04-23,38592094,184,False,False,,493.636383,27353,0.3499,hold,,,0.0,,,0,0.0,420.452423,31013,0.3379,hold,,,0.0,,,0,0.0,215.039993,30300,0.1688,hold,,,0.0,,,0,0.0,81.753036,67695,0.1434,hold,,,0.0,,,0,0.0
2024-04-24,38578577,184,False,False,,493.402039,27353,0.3498,hold,,,0.0,,,0,0.0,421.87677,31013,0.3391,hold,,,0.0,,,0,0.0,214.639999,30300,0.1686,hold,,,0.0,,,0,0.0,81.174545,67695,0.1424,hold,,,0.0,,,0,0.0
2024-04-25,38464359,184,False,False,,491.527679,27353,0.3495,hold,,,0.0,,,0,0.0,419.839172,31013,0.3385,hold,,,0.0,,,0,0.0,215.919998,30300,0.1701,hold,,,0.0,,,0,0.0,80.605217,67695,0.1419,hold,,,0.0,,,0,0.0
2024-04-26,38842464,184,False,False,,496.184357,27353,0.3494,hold,,,0.0,,,0,0.0,426.317963,31013,0.3404,hold,,,0.0,,,0,0.0,216.619995,30300,0.169,hold,,,0.0,,,0,0.0,81.027611,67695,0.1412,hold,,,0.0,,,0,0.0
2024-04-29,38976879,184,False,False,,497.941559,27353,0.3494,hold,,,0.0,,,0,0.0,428.04895,31013,0.3406,hold,,,0.0,,,0,0.0,216.179993,30300,0.1681,hold,,,0.0,,,0,0.0,81.70713,67695,0.1419,hold,,,0.0,,,0,0.0
2024-04-30,38332969,184,False,False,,490.053589,27353,0.3497,hold,,,0.0,,,0,0.0,419.977661,31013,0.3398,hold,,,0.0,,,0,0.0,211.869995,30300,0.1675,hold,,,0.0,,,0,0.0,81.009247,67695,0.1431,hold,,,0.0,,,0,0.0
2024-05-01,38293865,184,True,False,,488.462341,27353,0.3489,hold,INCREASE_TO_TARGET,rebalance 2024-05-01,41942.0,,,0,0.0,416.940979,31013,0.3377,hold,INCREASE_TO_TARGET,rebalance 2024-05-01,472262.0,,,0,0.0,213.789993,30300,0.1692,hold,REDUCE_TO_TARGET,rebalance 2024-05-01,-733757.0,,,0,0.0,81.606377,67695,0.1443,hold,INCREASE_TO_TARGET,rebalance 2024-05-01,219736.0,,,0,0.0
2024-05-02,38582561,568,False,True,monthly,493.031128,27437,0.3506,hold,,,0.0,INCREASE_TO_TARGET,buy,84,492.172031,422.262512,32132,0.3517,hold,,,0.0,INCREASE_TO_TARGET,buy,1119,420.679887,213.130005,26827,0.1482,hold,,,0.0,REDUCE_TO_TARGET,sell,3473,211.264294,81.956528,70390,0.1495,hold,,,0.0,INCREASE_TO_TARGET,buy,2695,81.283843
2024-05-03,39076750,568,False,False,,499.142395,27437,0.3505,hold,,,0.0,,,0,0.0,430.749298,32132,0.3542,hold,,,0.0,,,0,0.0,212.960007,26827,0.1462,hold,,,0.0,,,0,0.0,82.785866,70390,0.1491,hold,,,0.0,,,0,0.0
2024-05-06,39452576,568,False,False,,504.297028,27437,0.3507,hold,,,0.0,,,0,0.0,435.467468,32132,0.3547,hold,,,0.0,,,0,0.0,215.199997,26827,0.1463,hold,,,0.0,,,0,0.0,83.108383,70390,0.1483,hold,,,0.0,,,0,0.0
2024-05-07,39479184,568,False,False,,504.853424,27437,0.3509,hold,,,0.0,,,0,0.0,435.536743,32132,0.3545,hold,,,0.0,,,0,0.0,214.210007,26827,0.1456,hold,,,0.0,,,0,0.0,83.615196,70390,0.1491,hold,,,0.0,,,0,0.0
2024-05-08,39419683,568,False,False,,504.902191,27437,0.3514,hold,,,0.0,,,0,0.0,435.279572,32132,0.3548,hold,,,0.0,,,0,0.0,213.580002,26827,0.1454,hold,,,0.0,,,0,0.0,83.108383,70390,0.1484,hold,,,0.0,,,0,0.0
2024-05-09,39648960,568,False,False,,507.811401,27437,0.3514,hold,,,0.0,,,0,0.0,436.229126,32132,0.3535,hold,,,0.0,,,0,0.0,216.949997,26827,0.1468,hold,,,0.0,,,0,0.0,83.513832,70390,0.1483,hold,,,0.0,,,0,0.0
2024-05-10,39714101,568,False,False,,508.465576,27437,0.3513,hold,,,0.0,,,0,0.0,437.257874,32132,0.3538,hold,,,0.0,,,0,0.0,218.710007,26827,0.1477,hold,,,0.0,,,0,0.0,83.043884,70390,0.1472,hold,,,0.0,,,0,0.0
2024-05-13,39697580,568,False,False,,508.533813,27437,0.3515,hold,,,0.0,,,0,0.0,438.266754,32132,0.3547,hold,,,0.0,,,0,0.0,216.259995,26827,0.1461,hold,,,0.0,,,0,0.0,83.255798,70390,0.1476,hold,,,0.0,,,0,0.0
2024-05-14,39934355,568,False,False,,510.867035,27437,0.351,hold,,,0.0,,,0,0.0,441.085815,32132,0.3549,hold,,,0.0,,,0,0.0,218.089996,26827,0.1465,hold,,,0.0,,,0,0.0,83.725784,70390,0.1476,hold,,,0.0,,,0,0.0
2024-05-15,40484994,568,False,False,,517.193176,27437,0.3505,hold,,,0.0,,,0,0.0,447.980042,32132,0.3556,hold,,,0.0,,,0,0.0,220.889999,26827,0.1464,hold,,,0.0,,,0,0.0,84.868385,70390,0.1476,hold,,,0.0,,,0,0.0
2024-05-16,40397653,568,False,False,,516.129028,27437,0.3505,hold,,,0.0,,,0,0.0,447.070099,32132,0.3556,hold,,,0.0,,,0,0.0,220.029999,26827,0.1461,hold,,,0.0,,,0,0.0,84.7855,70390,0.1477,hold,,,0.0,,,0,0.0
2024-05-17,40468184,568,False,False,,516.870972,27437,0.3504,hold,,,0.0,,,0,0.0,446.852509,32132,0.3548,hold,,,0.0,,,0,0.0,223.660004,26827,0.1483,hold,,,0.0,,,0,0.0,84.214165,70390,0.1465,hold,,,0.0,,,0,0.0
2024-05-20,40591272,568,False,False,,517.466492,27437,0.3498,hold,,,0.0,,,0,0.0,449.968292,32132,0.3562,hold,,,0.0,,,0,0.0,224.559998,26827,0.1484,hold,,,0.0,,,0,0.0,83.965378,70390,0.1456,hold,,,0.0,,,0,0.0
2024-05-21,40676007,568,False,False,,518.735535,27437,0.3499,hold,,,0.0,,,0,0.0,450.848572,32132,0.3561,hold,,,0.0,,,0,0.0,224.229996,26827,0.1479,hold,,,0.0,,,0,0.0,84.39846,70390,0.1461,hold,,,0.0,,,0,0.0
2024-05-22,40528776,568,False,False,,517.242004,27437,0.3502,hold,,,0.0,,,0,0.0,450.759521,32132,0.3574,hold,,,0.0,,,0,0.0,220.110001,26827,0.1457,hold,,,0.0,,,0,0.0,84.499825,70390,0.1468,hold,,,0.0,,,0,0.0
2024-05-23,40203920,568,False,False,,513.463867,27437,0.3504,hold,,,0.0,,,0,0.0,448.731812,32132,0.3586,hold,,,0.0,,,0,0.0,215.720001,26827,0.1439,hold,,,0.0,,,0,0.0,83.956139,70390,0.147,hold,,,0.0,,,0,0.0
2024-05-24,40456361,568,False,False,,516.861145,27437,0.3505,hold,,,0.0,,,0,0.0,452.97525,32132,0.3598,hold,,,0.0,,,0,0.0,215.919998,26827,0.1432,hold,,,0.0,,,0,0.0,84.204964,70390,0.1465,hold,,,0.0,,,0,0.0
2024-05-28,40497185,568,False,False,,517.222473,27437,0.3504,hold,,,0.0,,,0,0.0,454.686432,32132,0.3608,hold,,,0.0,,,0,0.0,218.190002,26827,0.1445,hold,,,0.0,,,0,0.0,82.997818,70390,0.1443,hold,,,0.0,,,0,0.0
2024-05-29,40169678,568,False,False,,513.600586,27437,0.3508,hold,,,0.0,,,0,0.0,451.481689,32132,0.3611,hold,,,0.0,,,0,0.0,216.160004,26827,0.1444,hold,,,0.0,,,0,0.0,81.993408,70390,0.1437,hold,,,0.0,,,0,0.0
2024-05-30,39987555,568,False,False,,510.19342,27437,0.3501,hold,,,0.0,,,0,0.0,446.644745,32132,0.3589,hold,,,0.0,,,0,0.0,216.570007,26827,0.1453,hold,,,0.0,,,0,0.0,82.785866,70390,0.1457,hold,,,0.0,,,0,0.0
2024-05-31,40093851,568,False,False,,514.840332,27437,0.3523,hold,,,0.0,,,0,0.0,445.813904,32132,0.3573,hold,,,0.0,,,0,0.0,215.300003,26827,0.1441,hold,,,0.0,,,0,0.0,83.347969,70390,0.1463,hold,,,0.0,,,0,0.0
2024-06-03,40328685,568,True,False,,515.260132,27437,0.3505,hold,,,0.0,,,0,0.0,448.207642,32132,0.3571,hold,,,0.0,,,0,0.0,217.220001,26827,0.1445,hold,,,0.0,,,0,0.0,84.69606,70390,0.1478,hold,,,0.0,,,0,0.0
2024-06-04,40401228,568,False,False,,515.836121,27437,0.3503,hold,,,0.0,,,0,0.0,449.434143,32132,0.3574,hold,,,0.0,,,0,0.0,215.270004,26827,0.1429,hold,,,0.0,,,0,0.0,85.685432,70390,0.1493,hold,,,0.0,,,0,0.0
2024-06-05,40973233,568,False,False,,521.966858,27437,0.3495,hold,,,0.0,,,0,0.0,458.494598,32132,0.3596,hold,,,0.0,,,0,0.0,217.820007,26827,0.1426,hold,,,0.0,,,0,0.0,86.314171,70390,0.1483,hold,,,0.0,,,0,0.0
2024-06-06,41001963,568,False,False,,521.957153,27437,0.3493,hold,,,0.0,,,0,0.0,458.336365,32132,0.3592,hold,,,0.0,,,0,0.0,219.429993,26827,0.1436,hold,,,0.0,,,0,0.0,86.184746,70390,0.148,hold,,,0.0,,,0,0.0
2024-06-07,40650170,568,False,False,,521.322571,27437,0.3519,hold,,,0.0,,,0,0.0,457.930786,32132,0.362,hold,,,0.0,,,0,0.0,211.600006,26827,0.1396,hold,,,0.0,,,0,0.0,84.603622,70390,0.1465,hold,,,0.0,,,0,0.0
2024-06-10,40766142,568,False,False,,522.93335,27437,0.352,hold,,,0.0,,,0,0.0,459.780518,32132,0.3624,hold,,,0.0,,,0,0.0,213.539993,26827,0.1405,hold,,,0.0,,,0,0.0,84.039581,70390,0.1451,hold,,,0.0,,,0,0.0
2024-06-11,40979627,568,False,False,,524.192688,27437,0.351,hold,,,0.0,,,0,0.0,462.935852,32132,0.363,hold,,,0.0,,,0,0.0,214.149994,26827,0.1402,hold,,,0.0,,,0,0.0,84.90876,70390,0.1458,hold,,,0.0,,,0,0.0
2024-06-12,41352780,568,False,False,,528.497925,27437,0.3507,hold,,,0.0,,,0,0.0,468.999268,32132,0.3644,hold,,,0.0,,,0,0.0,214.720001,26827,0.1393,hold,,,0.0,,,0,0.0,85.546753,70390,0.1456,hold,,,0.0,,,0,0.0
2024-06-13,41505226,568,False,False,,529.562073,27437,0.3501,hold,,,0.0,,,0,0.0,471.541321,32132,0.3651,hold,,,0.0,,,0,0.0,212.970001,26827,0.1377,hold,,,0.0,,,0,0.0,86.804245,70390,0.1472,hold,,,0.0,,,0,0.0
2024-06-14,41718030,568,False,False,,529.884277,27437,0.3485,hold,,,0.0,,,0,0.0,473.984528,32132,0.3651,hold,,,0.0,,,0,0.0,215.729996,26827,0.1387,hold,,,0.0,,,0,0.0,87.534698,70390,0.1477,hold,,,0.0,,,0,0.0
2024-06-17,41929076,568,False,False,,534.101501,27437,0.3495,hold,,,0.0,,,0,0.0,479.79071,32132,0.3677,hold,,,0.0,,,0,0.0,214.610001,26827,0.1373,hold,,,0.0,,,0,0.0,86.665543,70390,0.1455,hold,,,0.0,,,0,0.0
2024-06-18,42050123,568,False,False,,535.458557,27437,0.3494,hold,,,0.0,,,0,0.0,479.939148,32132,0.3667,hold,,,0.0,,,0,0.0,215.470001,26827,0.1375,hold,,,0.0,,,0,0.0,87.460724,70390,0.1464,hold,,,0.0,,,0,0.0
2024-06-20,41922505,568,False,False,,534.003967,27437,0.3495,hold,,,0.0,,,0,0.0,476.239746,32132,0.365,hold,,,0.0,,,0,0.0,218.160004,26827,0.1396,hold,,,0.0,,,0,0.0,86.878197,70390,0.1459,hold,,,0.0,,,0,0.0
2024-06-21,41771186,568,False,False,,533.288025,27437,0.3503,hold,,,0.0,,,0,0.0,474.963745,32132,0.3654,hold,,,0.0,,,0,0.0,214.779999,26827,0.1379,hold,,,0.0,,,0,0.0,86.878197,70390,0.1464,hold,,,0.0,,,0,0.0
2024-06-24,41597413,568,False,False,,531.554504,27437,0.3506,hold,,,0.0,,,0,0.0,469.556458,32132,0.3627,hold,,,0.0,,,0,0.0,215.630005,26827,0.1391,hold,,,0.0,,,0,0.0,87.229568,70390,0.1476,hold,,,0.0,,,0,0.0
2024-06-25,41807819,568,False,False,,533.60144,27437,0.3502,hold,,,0.0,,,0,0.0,474.926117,32132,0.365,hold,,,0.0,,,0,0.0,214.559998,26827,0.1377,hold,,,0.0,,,0,0.0,87.377487,70390,0.1471,hold,,,0.0,,,0,0.0
2024-06-26,41716627,568,False,False,,534.267456,27437,0.3514,hold,,,0.0,,,0,0.0,475.906891,32132,0.3666,hold,,,0.0,,,0,0.0,212.580002,26827,0.1367,hold,,,0.0,,,0,0.0,86.129265,70390,0.1453,hold,,,0.0,,,0,0.0
2024-06-27,41867942,568,False,False,,535.10968,27437,0.3507,hold,,,0.0,,,0,0.0,477.135376,32132,0.3662,hold,,,0.0,,,0,0.0,214.990005,26827,0.1378,hold,,,0.0,,,0,0.0,86.471352,70390,0.1454,hold,,,0.0,,,0,0.0
2024-06-28,41617875,568,False,False,,533.004028,27437,0.3514,hold,,,0.0,,,0,0.0,474.65863,32132,0.3665,hold,,,0.0,,,0,0.0,215.009995,26827,0.1386,hold,,,0.0,,,0,0.0,84.862495,70390,0.1435,hold,,,0.0,,,0,0.0
2024-07-01,41649350,568,True,False,,534.100891,27437,0.3518,hold,,,0.0,,,0,0.0,477.442474,32132,0.3683,hold,,,0.0,,,0,0.0,215.570007,26827,0.1389,hold,,,0.0,,,0,0.0,83.397888,70390,0.1409,hold,,,0.0,,,0,0.0
2024-07-02,41954484,568,False,False,,537.695312,27437,0.3516,hold,,,0.0,,,0,0.0,482.455505,32132,0.3695,hold,,,0.0,,,0,0.0,215.559998,26827,0.1378,hold,,,0.0,,,0,0.0,84.047188,70390,0.141,hold,,,0.0,,,0,0.0
2024-07-03,42292449,568,False,False,,540.094788,27437,0.3504,hold,,,0.0,,,0,0.0,486.477783,32132,0.3696,hold,,,0.0,,,0,0.0,217.990005,26827,0.1383,hold,,,0.0,,,0,0.0,85.150993,70390,0.1417,hold,,,0.0,,,0,0.0
2024-07-05,42669382,568,False,False,,543.20929,27437,0.3493,hold,,,0.0,,,0,0.0,491.550201,32132,0.3702,hold,,,0.0,,,0,0.0,220.929993,26827,0.1389,hold,,,0.0,,,0,0.0,85.855949,70390,0.1416,hold,,,0.0,,,0,0.0
2024-07-08,42663696,568,False,False,,543.836121,27437,0.3497,hold,,,0.0,,,0,0.0,492.719238,32132,0.3711,hold,,,0.0,,,0,0.0,218.190002,26827,0.1372,hold,,,0.0,,,0,0.0,86.041458,70390,0.142,hold,,,0.0,,,0,0.0
2024-07-09,42675051,568,False,False,,544.36499,27437,0.35,hold,,,0.0,,,0,0.0,493.145233,32132,0.3713,hold,,,0.0,,,0,0.0,218.559998,26827,0.1374,hold,,,0.0,,,0,0.0,85.661156,70390,0.1413,hold,,,0.0,,,0,0.0
2024-07-10,43028457,568,False,False,,549.751648,27437,0.3505,hold,,,0.0,,,0,0.0,498.287048,32132,0.3721,hold,,,0.0,,,0,0.0,219.360001,26827,0.1368,hold,,,0.0,,,0,0.0,85.930138,70390,0.1406,hold,,,0.0,,,0,0.0
2024-07-11,42710392,568,False,False,,545.011292,27437,0.3501,hold,,,0.0,,,0,0.0,487.359497,32132,0.3667,hold,,,0.0,,,0,0.0,223.25,26827,0.1402,hold,,,0.0,,,0,0.0,86.764969,70390,0.143,hold,,,0.0,,,0,0.0
2024-07-12,42919074,568,False,False,,548.449036,27437,0.3506,hold,,,0.0,,,0,0.0,490.222656,32132,0.367,hold,,,0.0,,,0,0.0,223.110001,26827,0.1395,hold,,,0.0,,,0,0.0,87.136009,70390,0.1429,hold,,,0.0,,,0,0.0
2024-07-15,42951592,568,False,False,,549.957214,27437,0.3513,hold,,,0.0,,,0,0.0,491.540283,32132,0.3677,hold,,,0.0,,,0,0.0,223.830002,26827,0.1398,hold,,,0.0,,,0,0.0,86.134224,70390,0.1412,hold,,,0.0,,,0,0.0
2024-07-16,43252304,568,False,False,,553.218628,27437,0.3509,hold,,,0.0,,,0,0.0,491.728546,32132,0.3653,hold,,,0.0,,,0,0.0,228.289993,26827,0.1416,hold,,,0.0,,,0,0.0,87.349319,70390,0.1422,hold,,,0.0,,,0,0.0
2024-07-17,42548536,568,False,False,,545.461853,27437,0.3517,hold,,,0.0,,,0,0.0,477.293884,32132,0.3604,hold,,,0.0,,,0,0.0,227.229996,26827,0.1433,hold,,,0.0,,,0,0.0,87.367874,70390,0.1445,hold,,,0.0,,,0,0.0
2024-07-18,42275035,568,False,False,,541.27002,27437,0.3513,hold,,,0.0,,,0,0.0,475.035065,32132,0.3611,hold,,,0.0,,,0,0.0,225.779999,26827,0.1433,hold,,,0.0,,,0,0.0,86.700027,70390,0.1444,hold,,,0.0,,,0,0.0
2024-07-19,41896568,568,False,False,,537.675781,27437,0.3521,hold,,,0.0,,,0,0.0,470.824554,32132,0.3611,hold,,,0.0,,,0,0.0,221.729996,26827,0.142,hold,,,0.0,,,0,0.0,86.189857,70390,0.1448,hold,,,0.0,,,0,0.0
2024-07-22,42258292,568,False,False,,543.219116,27437,0.3527,hold,,,0.0,,,0,0.0,477.838776,32132,0.3633,hold,,,0.0,,,0,0.0,221.800003,26827,0.1408,hold,,,0.0,,,0,0.0,85.93943,70390,0.1432,hold,,,0.0,,,0,0.0
2024-07-23,42193233,568,False,False,,542.367004,27437,0.3527,hold,,,0.0,,,0,0.0,476.154572,32132,0.3626,hold,,,0.0,,,0,0.0,222.580002,26827,0.1415,hold,,,0.0,,,0,0.0,85.818848,70390,0.1432,hold,,,0.0,,,0,0.0
2024-07-24,41220965,568,False,False,,530.075562,27437,0.3528,hold,,,0.0,,,0,0.0,459.074738,32132,0.3579,hold,,,0.0,,,0,0.0,221.800003,26827,0.1443,hold,,,0.0,,,0,0.0,84.891258,70390,0.145,hold,,,0.0,,,0,0.0
2024-07-25,40938402,568,False,False,,527.313782,27437,0.3534,hold,,,0.0,,,0,0.0,454.012238,32132,0.3563,hold,,,0.0,,,0,0.0,218.330002,26827,0.1431,hold,,,0.0,,,0,0.0,85.586945,70390,0.1472,hold,,,0.0,,,0,0.0
2024-07-26,41358764,568,False,False,,533.219482,27437,0.3537,hold,,,0.0,,,0,0.0,458.668518,32132,0.3563,hold,,,0.0,,,0,0.0,220.630005,26827,0.1431,hold,,,0.0,,,0,0.0,86.254799,70390,0.1468,hold,,,0.0,,,0,0.0
2024-07-29,41421298,568,False,False,,533.532837,27437,0.3534,hold,,,0.0,,,0,0.0,459.589905,32132,0.3565,hold,,,0.0,,,0,0.0,220.320007,26827,0.1427,hold,,,0.0,,,0,0.0,86.71859,70390,0.1474,hold,,,0.0,,,0,0.0
2024-07-30,41226880,568,False,False,,530.829773,27437,0.3533,hold,,,0.0,,,0,0.0,453.279144,32132,0.3533,hold,,,0.0,,,0,0.0,222.520004,26827,0.1448,hold,,,0.0,,,0,0.0,87.052505,70390,0.1486,hold,,,0.0,,,0,0.0
2024-07-31,42065436,568,False,False,,539.458191,27437,0.3519,hold,,,0.0,,,0,0.0,466.693298,32132,0.3565,hold,,,0.0,,,0,0.0,226.550003,26827,0.1445,hold,,,0.0,,,0,0.0,87.942993,70390,0.1472,hold,,,0.0,,,0,0.0
2024-08-01,41525084,568,True,False,,531.81897,27437,0.3514,hold,,,0.0,,,0,0.0,455.389313,32132,0.3524,hold,,,0.0,,,0,0.0,225.770004,26827,0.1459,hold,,,0.0,,,0,0.0,88.701477,70390,0.1504,hold,,,0.0,,,0,0.0
2024-08-02,41089137,568,False,False,,521.917358,27437,0.3485,hold,,,0.0,,,0,0.0,444.580719,32132,0.3477,hold,,,0.0,,,0,0.0,225.339996,26827,0.1471,hold,,,0.0,,,0,0.0,91.46553,70390,0.1567,hold,,,0.0,,,0,0.0
2024-08-05,40203497,568,False,False,,506.717133,27437,0.3458,hold,,,0.0,,,0,0.0,431.325012,32132,0.3447,hold,,,0.0,,,0,0.0,222.479996,26827,0.1485,hold,,,0.0,,,0,0.0,91.949493,70390,0.161,hold,,,0.0,,,0,0.0
2024-08-06,40271573,568,False,False,,511.388855,27437,0.3484,hold,,,0.0,,,0,0.0,435.44635,32132,0.3474,hold,,,0.0,,,0,0.0,220.699997,26827,0.147,hold,,,0.0,,,0,0.0,89.892715,70390,0.1571,hold,,,0.0,,,0,0.0
2024-08-07,39977694,568,False,False,,507.970764,27437,0.3486,hold,,,0.0,,,0,0.0,430.73056,32132,0.3462,hold,,,0.0,,,0,0.0,220.550003,26827,0.148,hold,,,0.0,,,0,0.0,89.259872,70390,0.1572,hold,,,0.0,,,0,0.0
2024-08-08,40777438,568,False,False,,519.713623,27437,0.3497,hold,,,0.0,,,0,0.0,443.907013,32132,0.3498,hold,,,0.0,,,0,0.0,224.009995,26827,0.1474,hold,,,0.0,,,0,0.0,88.710762,70390,0.1531,hold,,,0.0,,,0,0.0
2024-08-09,40991142,568,False,False,,522.005371,27437,0.3494,hold,,,0.0,,,0,0.0,446.225281,32132,0.3498,hold,,,0.0,,,0,0.0,224.559998,26827,0.147,hold,,,0.0,,,0,0.0,89.585602,70390,0.1538,hold,,,0.0,,,0,0.0
2024-08-12,41155760,568,False,False,,522.279785,27437,0.3482,hold,,,0.0,,,0,0.0,447.186249,32132,0.3491,hold,,,0.0,,,0,0.0,228.410004,26827,0.1489,hold,,,0.0,,,0,0.0,89.911316,70390,0.1538,hold,,,0.0,,,0,0.0
2024-08-13,41782455,568,False,False,,530.868896,27437,0.3486,hold,,,0.0,,,0,0.0,458.282166,32132,0.3524,hold,,,0.0,,,0,0.0,228.059998,26827,0.1464,hold,,,0.0,,,0,0.0,90.534866,70390,0.1525,hold,,,0.0,,,0,0.0
2024-08-14,41823247,568,False,False,,532.543762,27437,0.3494,hold,,,0.0,,,0,0.0,458.430786,32132,0.3522,hold,,,0.0,,,0,0.0,226.199997,26827,0.1451,hold,,,0.0,,,0,0.0,91.10257,70390,0.1533,hold,,,0.0,,,0,0.0
2024-08-15,42413116,568,False,False,,541.671631,27437,0.3504,hold,,,0.0,,,0,0.0,470.012177,32132,0.3561,hold,,,0.0,,,0,0.0,226.910004,26827,0.1435,hold,,,0.0,,,0,0.0,90.36734,70390,0.15,hold,,,0.0,,,0,0.0
2024-08-16,42624413,568,False,False,,542.886108,27437,0.3495,hold,,,0.0,,,0,0.0,470.616547,32132,0.3548,hold,,,0.0,,,0,0.0,231.990005,26827,0.146,hold,,,0.0,,,0,0.0,90.683784,70390,0.1498,hold,,,0.0,,,0,0.0
2024-08-19,42984754,568,False,False,,548.076843,27437,0.3498,hold,,,0.0,,,0,0.0,476.798523,32132,0.3564,hold,,,0.0,,,0,0.0,231.610001,26827,0.1445,hold,,,0.0,,,0,0.0,91.10257,70390,0.1492,hold,,,0.0,,,0,0.0
2024-08-20,43002051,568,False,False,,547.185608,27437,0.3491,hold,,,0.0,,,0,0.0,475.797943,32132,0.3555,hold,,,0.0,,,0,0.0,232.460007,26827,0.145,hold,,,0.0,,,0,0.0,91.828484,70390,0.1503,hold,,,0.0,,,0,0.0
2024-08-21,43120563,568,False,False,,549.065979,27437,0.3494,hold,,,0.0,,,0,0.0,478.01712,32132,0.3562,hold,,,0.0,,,0,0.0,232.149994,26827,0.1444,hold,,,0.0,,,0,0.0,91.884331,70390,0.15,hold,,,0.0,,,0,0.0
2024-08-22,42620026,568,False,False,,544.756714,27437,0.3507,hold,,,0.0,,,0,0.0,470.438171,32132,0.3547,hold,,,0.0,,,0,0.0,229.369995,26827,0.1444,hold,,,0.0,,,0,0.0,90.97229,70390,0.1502,hold,,,0.0,,,0,0.0
2024-08-23,43055794,568,False,False,,550.544861,27437,0.3508,hold,,,0.0,,,0,0.0,475.540314,32132,0.3549,hold,,,0.0,,,0,0.0,232.020004,26827,0.1446,hold,,,0.0,,,0,0.0,91.567902,70390,0.1497,hold,,,0.0,,,0,0.0
2024-08-26,42874919,568,False,False,,549.232483,27437,0.3515,hold,,,0.0,,,0,0.0,470.923676,32132,0.3529,hold,,,0.0,,,0,0.0,232.759995,26827,0.1456,hold,,,0.0,,,0,0.0,91.335236,70390,0.1499,hold,,,0.0,,,0,0.0
2024-08-27,42946580,568,False,False,,549.986694,27437,0.3514,hold,,,0.0,,,0,0.0,472.330444,32132,0.3534,hold,,,0.0,,,0,0.0,233.389999,26827,0.1458,hold,,,0.0,,,0,0.0,91.17704,70390,0.1494,hold,,,0.0,,,0,0.0
2024-08-28,42634903,568,False,False,,546.793823,27437,0.3519,hold,,,0.0,,,0,0.0,466.970734,32132,0.3519,hold,,,0.0,,,0,0.0,231.75,26827,0.1458,hold,,,0.0,,,0,0.0,91.065376,70390,0.1503,hold,,,0.0,,,0,0.0
2024-08-29,42625508,568,False,False,,546.842773,27437,0.352,hold,,,0.0,,,0,0.0,466.28714,32132,0.3515,hold,,,0.0,,,0,0.0,232.949997,26827,0.1466,hold,,,0.0,,,0,0.0,90.76754,70390,0.1499,hold,,,0.0,,,0,0.0
2024-08-30,42834656,568,False,False,,552.062927,27437,0.3536,hold,,,0.0,,,0,0.0,471.845001,32132,0.3539,hold,,,0.0,,,0,0.0,231.289993,26827,0.1449,hold,,,0.0,,,0,0.0,89.799644,70390,0.1476,hold,,,0.0,,,0,0.0
2024-09-03,42139190,568,True,False,,540.702026,27437,0.3521,hold,,,0.0,,,0,0.0,457.519348,32132,0.3489,hold,,,0.0,,,0,0.0,230.289993,26827,0.1466,hold,,,0.0,,,0,0.0,91.268349,70390,0.1525,hold,,,0.0,,,0,0.0
2024-09-04,42157189,568,False,False,,539.595276,27437,0.3512,hold,,,0.0,,,0,0.0,456.330444,32132,0.3478,hold,,,0.0,,,0,0.0,230.429993,26827,0.1466,hold,,,0.0,,,0,0.0,92.444801,70390,0.1544,hold,,,0.0,,,0,0.0
2024-09-05,42223186,568,False,False,,538.282959,27437,0.3498,hold,,,0.0,,,0,0.0,456.756531,32132,0.3476,hold,,,0.0,,,0,0.0,232.350006,26827,0.1476,hold,,,0.0,,,0,0.0,92.967659,70390,0.155,hold,,,0.0,,,0,0.0
2024-09-06,41534675,568,False,False,,529.22345,27437,0.3496,hold,,,0.0,,,0,0.0,444.52121,32132,0.3439,hold,,,0.0,,,0,0.0,230.630005,26827,0.149,hold,,,0.0,,,0,0.0,92.958321,70390,0.1575,hold,,,0.0,,,0,0.0
2024-09-09,41935212,568,False,False,,535.148865,27437,0.3501,hold,,,0.0,,,0,0.0,450.23761,32132,0.345,hold,,,0.0,,,0,0.0,231.600006,26827,0.1482,hold,,,0.0,,,0,0.0,93.359795,70390,0.1567,hold,,,0.0,,,0,0.0
2024-09-10,42206236,568,False,False,,537.479736,27437,0.3494,hold,,,0.0,,,0,0.0,454.398621,32132,0.3459,hold,,,0.0,,,0,0.0,232.619995,26827,0.1479,hold,,,0.0,,,0,0.0,94.013397,70390,0.1568,hold,,,0.0,,,0,0.0
2024-09-11,42659401,568,False,False,,542.993774,27437,0.3492,hold,,,0.0,,,0,0.0,464.266052,32132,0.3497,hold,,,0.0,,,0,0.0,232.25,26827,0.1461,hold,,,0.0,,,0,0.0,93.938698,70390,0.155,hold,,,0.0,,,0,0.0
2024-09-12,43009893,568,False,False,,547.567627,27437,0.3493,hold,,,0.0,,,0,0.0,468.823334,32132,0.3503,hold,,,0.0,,,0,0.0,236.330002,26827,0.1474,hold,,,0.0,,,0,0.0,93.499863,70390,0.153,hold,,,0.0,,,0,0.0
2024-09-13,43236631,568,False,False,,550.427307,27437,0.3493,hold,,,0.0,,,0,0.0,470.923676,32132,0.35,hold,,,0.0,,,0,0.0,238.679993,26827,0.1481,hold,,,0.0,,,0,0.0,93.751968,70390,0.1526,hold,,,0.0,,,0,0.0
2024-09-16,43252013,568,False,False,,551.240295,27437,0.3497,hold,,,0.0,,,0,0.0,468.84314,32132,0.3483,hold,,,0.0,,,0,0.0,238.660004,26827,0.148,hold,,,0.0,,,0,0.0,94.610962,70390,0.154,hold,,,0.0,,,0,0.0
2024-09-17,43198538,568,False,False,,551.465576,27437,0.3503,hold,,,0.0,,,0,0.0,469.090851,32132,0.3489,hold,,,0.0,,,0,0.0,237.339996,26827,0.1474,hold,,,0.0,,,0,0.0,94.15345,70390,0.1534,hold,,,0.0,,,0,0.0
2024-09-18,42957158,568,False,False,,549.830017,27437,0.3512,hold,,,0.0,,,0,0.0,467.059875,32132,0.3494,hold,,,0.0,,,0,0.0,235.509995,26827,0.1471,hold,,,0.0,,,0,0.0,92.986343,70390,0.1524,hold,,,0.0,,,0,0.0
2024-09-19,43670538,568,False,False,,559.212524,27437,0.3513,hold,,,0.0,,,0,0.0,478.86911,32132,0.3523,hold,,,0.0,,,0,0.0,239.169998,26827,0.1469,hold,,,0.0,,,0,0.0,92.678215,70390,0.1494,hold,,,0.0,,,0,0.0
2024-09-20,43671309,568,False,False,,558.245911,27437,0.3507,hold,,,0.0,,,0,0.0,477.957672,32132,0.3517,hold,,,0.0,,,0,0.0,242.210007,26827,0.1488,hold,,,0.0,,,0,0.0,92.323402,70390,0.1488,hold,,,0.0,,,0,0.0
2024-09-23,43749097,568,False,False,,559.640808,27437,0.351,hold,,,0.0,,,0,0.0,479.224579,32132,0.352,hold,,,0.0,,,0,0.0,242.679993,26827,0.1488,hold,,,0.0,,,0,0.0,92.127342,70390,0.1482,hold,,,0.0,,,0,0.0
2024-09-24,43956937,568,False,False,,561.242126,27437,0.3503,hold,,,0.0,,,0,0.0,481.536163,32132,0.352,hold,,,0.0,,,0,0.0,246.070007,26827,0.1502,hold,,,0.0,,,0,0.0,92.108665,70390,0.1475,hold,,,0.0,,,0,0.0
2024-09-25,43874307,568,False,False,,560.004272,27437,0.3502,hold,,,0.0,,,0,0.0,481.982635,32132,0.353,hold,,,0.0,,,0,0.0,245.729996,26827,0.1503,hold,,,0.0,,,0,0.0,91.343048,70390,0.1465,hold,,,0.0,,,0,0.0
2024-09-26,44100228,568,False,False,,562.224487,27437,0.3498,hold,,,0.0,,,0,0.0,485.60379,32132,0.3538,hold,,,0.0,,,0,0.0,246.979996,26827,0.1502,hold,,,0.0,,,0,0.0,91.5578,70390,0.1461,hold,,,0.0,,,0,0.0
2024-09-27,43972086,568,False,False,,561.409119,27437,0.3503,hold,,,0.0,,,0,0.0,482.905304,32132,0.3529,hold,,,0.0,,,0,0.0,245.020004,26827,0.1495,hold,,,0.0,,,0,0.0,92.033974,70390,0.1473,hold,,,0.0,,,0,0.0
2024-09-30,43992419,568,False,False,,563.658813,27437,0.3515,hold,,,0.0,,,0,0.0,484.214874,32132,0.3537,hold,,,0.0,,,0,0.0,243.059998,26827,0.1482,hold,,,0.0,,,0,0.0,91.595131,70390,0.1466,hold,,,0.0,,,0,0.0
2024-10-01,43752064,568,True,False,,558.609375,27437,0.3503,hold,,,0.0,,,0,0.0,477.468536,32132,0.3507,hold,,,0.0,,,0,0.0,245.610001,26827,0.1506,hold,,,0.0,,,0,0.0,92.256454,70390,0.1484,hold,,,0.0,,,0,0.0
2024-10-02,43726823,568,False,False,,558.845093,27437,0.3507,hold,,,0.0,,,0,0.0,478.143158,32132,0.3514,hold,,,0.0,,,0,0.0,245.660004,26827,0.1507,hold,,,0.0,,,0,0.0,91.478981,70390,0.1473,hold,,,0.0,,,0,0.0
2024-10-03,43622097,568,False,False,,557.823425,27437,0.3509,hold,,,0.0,,,0,0.0,477.786041,32132,0.3519,hold,,,0.0,,,0,0.0,245.490005,26827,0.151,hold,,,0.0,,,0,0.0,90.617218,70390,0.1462,hold,,,0.0,,,0,0.0
2024-10-04,43852232,568,False,False,,562.892578,27437,0.3522,hold,,,0.0,,,0,0.0,483.470764,32132,0.3543,hold,,,0.0,,,0,0.0,245.0,26827,0.1499,hold,,,0.0,,,0,0.0,89.502525,70390,0.1437,hold,,,0.0,,,0,0.0
2024-10-07,43476467,568,False,False,,557.803711,27437,0.352,hold,,,0.0,,,0,0.0,478.292023,32132,0.3535,hold,,,0.0,,,0,0.0,244.169998,26827,0.1507,hold,,,0.0,,,0,0.0,88.828102,70390,0.1438,hold,,,0.0,,,0,0.0
2024-10-08,43812994,568,False,False,,563.079224,27437,0.3526,hold,,,0.0,,,0,0.0,485.43512,32132,0.356,hold,,,0.0,,,0,0.0,242.369995,26827,0.1484,hold,,,0.0,,,0,0.0,88.977982,70390,0.143,hold,,,0.0,,,0,0.0
2024-10-09,43971715,568,False,False,,566.979309,27437,0.3538,hold,,,0.0,,,0,0.0,489.25473,32132,0.3575,hold,,,0.0,,,0,0.0,241.050003,26827,0.1471,hold,,,0.0,,,0,0.0,88.472145,70390,0.1416,hold,,,0.0,,,0,0.0
2024-10-10,43949727,568,False,False,,565.987061,27437,0.3533,hold,,,0.0,,,0,0.0,488.699127,32132,0.3573,hold,,,0.0,,,0,0.0,242.820007,26827,0.1482,hold,,,0.0,,,0,0.0,88.12558,70390,0.1411,hold,,,0.0,,,0,0.0
2024-10-11,44113302,568,False,False,,569.376404,27437,0.3541,hold,,,0.0,,,0,0.0,489.463013,32132,0.3565,hold,,,0.0,,,0,0.0,245.470001,26827,0.1493,hold,,,0.0,,,0,0.0,87.76963,70390,0.1401,hold,,,0.0,,,0,0.0
2024-10-14,44366924,568,False,False,,574.032898,27437,0.355,hold,,,0.0,,,0,0.0,493.570374,32132,0.3575,hold,,,0.0,,,0,0.0,245.070007,26827,0.1482,hold,,,0.0,,,0,0.0,87.835182,70390,0.1394,hold,,,0.0,,,0,0.0
2024-10-15,44130533,568,False,False,,569.572876,27437,0.3541,hold,,,0.0,,,0,0.0,486.972931,32132,0.3546,hold,,,0.0,,,0,0.0,245.919998,26827,0.1495,hold,,,0.0,,,0,0.0,88.903023,70390,0.1418,hold,,,0.0,,,0,0.0
2024-10-16,44259736,568,False,False,,572.04834,27437,0.3546,hold,,,0.0,,,0,0.0,487.03244,32132,0.3536,hold,,,0.0,,,0,0.0,247.149994,26827,0.1498,hold,,,0.0,,,0,0.0,89.27771,70390,0.142,hold,,,0.0,,,0,0.0
2024-10-17,44212068,568,False,False,,572.097595,27437,0.355,hold,,,0.0,,,0,0.0,487.36972,32132,0.3542,hold,,,0.0,,,0,0.0,248.630005,26827,0.1509,hold,,,0.0,,,0,0.0,87.863297,70390,0.1399,hold,,,0.0,,,0,0.0
2024-10-18,44450532,568,False,False,,574.298157,27437,0.3545,hold,,,0.0,,,0,0.0,490.564301,32132,0.3546,hold,,,0.0,,,0,0.0,251.270004,26827,0.1516,hold,,,0.0,,,0,0.0,87.928864,70390,0.1392,hold,,,0.0,,,0,0.0
2024-10-21,44345467,568,False,False,,573.355103,27437,0.3547,hold,,,0.0,,,0,0.0,491.506775,32132,0.3561,hold,,,0.0,,,0,0.0,251.220001,26827,0.152,hold,,,0.0,,,0,0.0,86.392677,70390,0.1371,hold,,,0.0,,,0,0.0
2024-10-22,44432960,568,False,False,,573.050537,27437,0.3539,hold,,,0.0,,,0,0.0,492.042542,32132,0.3558,hold,,,0.0,,,0,0.0,253.929993,26827,0.1533,hold,,,0.0,,,0,0.0,86.476959,70390,0.137,hold,,,0.0,,,0,0.0
2024-10-23,43948444,568,False,False,,567.814331,27437,0.3545,hold,,,0.0,,,0,0.0,484.502533,32132,0.3542,hold,,,0.0,,,0,0.0,250.869995,26827,0.1531,hold,,,0.0,,,0,0.0,86.242783,70390,0.1381,hold,,,0.0,,,0,0.0
2024-10-24,44199055,568,False,False,,569.042358,27437,0.3532,hold,,,0.0,,,0,0.0,488.431305,32132,0.3551,hold,,,0.0,,,0,0.0,252.800003,26827,0.1534,hold,,,0.0,,,0,0.0,86.795441,70390,0.1382,hold,,,0.0,,,0,0.0
2024-10-25,44268962,568,False,False,,568.845825,27437,0.3526,hold,,,0.0,,,0,0.0,491.407654,32132,0.3567,hold,,,0.0,,,0,0.0,253.320007,26827,0.1535,hold,,,0.0,,,0,0.0,86.308342,70390,0.1372,hold,,,0.0,,,0,0.0
2024-10-28,44303544,568,False,False,,570.60437,27437,0.3534,hold,,,0.0,,,0,0.0,491.486938,32132,0.3565,hold,,,0.0,,,0,0.0,253.330002,26827,0.1534,hold,,,0.0,,,0,0.0,86.074173,70390,0.1368,hold,,,0.0,,,0,0.0
2024-10-29,44563896,568,False,False,,571.527832,27437,0.3519,hold,,,0.0,,,0,0.0,496.209381,32132,0.3578,hold,,,0.0,,,0,0.0,256.089996,26827,0.1542,hold,,,0.0,,,0,0.0,86.205315,70390,0.1362,hold,,,0.0,,,0,0.0
2024-10-30,44451586,568,False,False,,569.798828,27437,0.3517,hold,,,0.0,,,0,0.0,492.459229,32132,0.356,hold,,,0.0,,,0,0.0,257.5,26827,0.1554,hold,,,0.0,,,0,0.0,86.458229,70390,0.1369,hold,,,0.0,,,0,0.0
2024-10-31,43648536,568,False,False,,558.629028,27437,0.3511,hold,,,0.0,,,0,0.0,480.028198,32132,0.3534,hold,,,0.0,,,0,0.0,253.509995,26827,0.1558,hold,,,0.0,,,0,0.0,86.598732,70390,0.1397,hold,,,0.0,,,0,0.0
2024-11-01,43713506,568,True,False,,560.986694,27437,0.3521,hold,,,0.0,,,0,0.0,483.579865,32132,0.3555,hold,,,0.0,,,0,0.0,252.470001,26827,0.1549,hold,,,0.0,,,0,0.0,85.377823,70390,0.1375,hold,,,0.0,,,0,0.0
2024-11-04,43738028,568,False,False,,559.77832,27437,0.3512,hold,,,0.0,,,0,0.0,482.171143,32132,0.3542,hold,,,0.0,,,0,0.0,252.830002,26827,0.1551,hold,,,0.0,,,0,0.0,86.703064,70390,0.1395,hold,,,0.0,,,0,0.0
2024-11-05,44169092,568,False,False,,566.547058,27437,0.3519,hold,,,0.0,,,0,0.0,488.322113,32132,0.3552,hold,,,0.0,,,0,0.0,253.399994,26827,0.1539,hold,,,0.0,,,0,0.0,87.163582,70390,0.1389,hold,,,0.0,,,0,0.0
2024-11-06,44607217,568,False,False,,580.634583,27437,0.3571,hold,,,0.0,,,0,0.0,501.586548,32132,0.3613,hold,,,0.0,,,0,0.0,245.699997,26827,0.1478,hold,,,0.0,,,0,0.0,84.776314,70390,0.1338,hold,,,0.0,,,0,0.0
2024-11-07,45164868,568,False,False,,585.124084,27437,0.3555,hold,,,0.0,,,0,0.0,509.483612,32132,0.3625,hold,,,0.0,,,0,0.0,249.649994,26827,0.1483,hold,,,0.0,,,0,0.0,85.838364,70390,0.1338,hold,,,0.0,,,0,0.0
2024-11-08,45284948,568,False,False,,587.658813,27437,0.356,hold,,,0.0,,,0,0.0,510.078949,32132,0.3619,hold,,,0.0,,,0,0.0,247.960007,26827,0.1469,hold,,,0.0,,,0,0.0,86.928612,70390,0.1351,hold,,,0.0,,,0,0.0
2024-11-11,45104845,568,False,False,,588.218689,27437,0.3578,hold,,,0.0,,,0,0.0,509.781372,32132,0.3632,hold,,,0.0,,,0,0.0,242.139999,26827,0.144,hold,,,0.0,,,0,0.0,86.505692,70390,0.135,hold,,,0.0,,,0,0.0
2024-11-12,44877694,568,False,False,,586.391418,27437,0.3585,hold,,,0.0,,,0,0.0,508.858612,32132,0.3643,hold,,,0.0,,,0,0.0,240.050003,26827,0.1435,hold,,,0.0,,,0,0.0,85.208664,70390,0.1336,hold,,,0.0,,,0,0.0
2024-11-13,44742655,568,False,False,,586.67627,27437,0.3598,hold,,,0.0,,,0,0.0,508.203888,32132,0.365,hold,,,0.0,,,0,0.0,237.630005,26827,0.1425,hold,,,0.0,,,0,0.0,84.400383,70390,0.1328,hold,,,0.0,,,0,0.0
2024-11-14,44543435,568,False,False,,582.903931,27437,0.359,hold,,,0.0,,,0,0.0,504.671997,32132,0.3641,hold,,,0.0,,,0,0.0,237.009995,26827,0.1427,hold,,,0.0,,,0,0.0,84.889099,70390,0.1341,hold,,,0.0,,,0,0.0
2024-11-15,43925077,568,False,False,,575.437744,27437,0.3594,hold,,,0.0,,,0,0.0,492.647705,32132,0.3604,hold,,,0.0,,,0,0.0,236.589996,26827,0.1445,hold,,,0.0,,,0,0.0,84.663551,70390,0.1357,hold,,,0.0,,,0,0.0
2024-11-18,44231051,568,False,False,,577.795471,27437,0.3584,hold,,,0.0,,,0,0.0,496.070465,32132,0.3604,hold,,,0.0,,,0,0.0,241.089996,26827,0.1462,hold,,,0.0,,,0,0.0,84.813911,70390,0.135,hold,,,0.0,,,0,0.0
2024-11-19,44487043,568,False,False,,579.907654,27437,0.3577,hold,,,0.0,,,0,0.0,499.483276,32132,0.3608,hold,,,0.0,,,0,0.0,243.25,26827,0.1467,hold,,,0.0,,,0,0.0,85.246262,70390,0.1349,hold,,,0.0,,,0,0.0
2024-11-20,44500756,568,False,False,,580.104065,27437,0.3577,hold,,,0.0,,,0,0.0,499.195557,32132,0.3604,hold,,,0.0,,,0,0.0,244.619995,26827,0.1475,hold,,,0.0,,,0,0.0,84.973717,70390,0.1344,hold,,,0.0,,,0,0.0
2024-11-21,44693994,568,False,False,,583.218262,27437,0.358,hold,,,0.0,,,0,0.0,500.991272,32132,0.3602,hold,,,0.0,,,0,0.0,246.660004,26827,0.1481,hold,,,0.0,,,0,0.0,84.907898,70390,0.1337,hold,,,0.0,,,0,0.0
2024-11-22,44858031,568,False,False,,585.025879,27437,0.3578,hold,,,0.0,,,0,0.0,501.794922,32132,0.3594,hold,,,0.0,,,0,0.0,249.839996,26827,0.1494,hold,,,0.0,,,0,0.0,84.954903,70390,0.1333,hold,,,0.0,,,0,0.0
2024-11-25,44895344,568,False,False,,587.010437,27437,0.3587,hold,,,0.0,,,0,0.0,502.588562,32132,0.3597,hold,,,0.0,,,0,0.0,242.479996,26827,0.1449,hold,,,0.0,,,0,0.0,87.154198,70390,0.1366,hold,,,0.0,,,0,0.0
2024-11-26,45054940,568,False,False,,590.0755,27437,0.3593,hold,,,0.0,,,0,0.0,505.287079,32132,0.3604,hold,,,0.0,,,0,0.0,242.949997,26827,0.1447,hold,,,0.0,,,0,0.0,86.815834,70390,0.1356,hold,,,0.0,,,0,0.0
2024-11-27,44934878,568,False,False,,588.287537,27437,0.3592,hold,,,0.0,,,0,0.0,501.308716,32132,0.3585,hold,,,0.0,,,0,0.0,243.490005,26827,0.1454,hold,,,0.0,,,0,0.0,87.417343,70390,0.1369,hold,,,0.0,,,0,0.0
2024-11-29,45296535,568,False,False,,591.941956,27437,0.3586,hold,,,0.0,,,0,0.0,505.713684,32132,0.3587,hold,,,0.0,,,0,0.0,245.589996,26827,0.1455,hold,,,0.0,,,0,0.0,88.319649,70390,0.1372,hold,,,0.0,,,0,0.0
2024-12-02,45459827,568,True,False,,593.002991,27437,0.3579,hold,,,0.0,,,0,0.0,511.219788,32132,0.3613,hold,,,0.0,,,0,0.0,243.440002,26827,0.1437,hold,,,0.0,,,0,0.0,88.531845,70390,0.1371,hold,,,0.0,,,0,0.0
2024-12-03,45477109,568,False,False,,593.277954,27437,0.3579,hold,,,0.0,,,0,0.0,512.787292,32132,0.3623,hold,,,0.0,,,0,0.0,243.929993,26827,0.1439,hold,,,0.0,,,0,0.0,87.767899,70390,0.1358,hold,,,0.0,,,0,0.0
2024-12-04,45868131,568,False,False,,596.961975,27437,0.3571,hold,,,0.0,,,0,0.0,519.126892,32132,0.3637,hold,,,0.0,,,0,0.0,244.669998,26827,0.1431,hold,,,0.0,,,0,0.0,88.711037,70390,0.1361,hold,,,0.0,,,0,0.0
2024-12-05,45759009,568,False,False,,595.979553,27437,0.3573,hold,,,0.0,,,0,0.0,517.688293,32132,0.3635,hold,,,0.0,,,0,0.0,242.860001,26827,0.1424,hold,,,0.0,,,0,0.0,88.890244,70390,0.1367,hold,,,0.0,,,0,0.0
2024-12-06,45950590,568,False,False,,597.109314,27437,0.3565,hold,,,0.0,,,0,0.0,522.321533,32132,0.3652,hold,,,0.0,,,0,0.0,242.949997,26827,0.1418,hold,,,0.0,,,0,0.0,89.022278,70390,0.1364,hold,,,0.0,,,0,0.0
2024-12-09,45742418,568,False,False,,594.034485,27437,0.3563,hold,,,0.0,,,0,0.0,518.253845,32132,0.3641,hold,,,0.0,,,0,0.0,245.360001,26827,0.1439,hold,,,0.0,,,0,0.0,88.201736,70390,0.1357,hold,,,0.0,,,0,0.0
2024-12-10,45692441,568,False,False,,592.1875,27437,0.3556,hold,,,0.0,,,0,0.0,516.487915,32132,0.3632,hold,,,0.0,,,0,0.0,248.589996,26827,0.146,hold,,,0.0,,,0,0.0,87.786766,70390,0.1352,hold,,,0.0,,,0,0.0
2024-12-11,46120316,568,False,False,,596.765625,27437,0.355,hold,,,0.0,,,0,0.0,525.734314,32132,0.3663,hold,,,0.0,,,0,0.0,250.960007,26827,0.146,hold,,,0.0,,,0,0.0,86.95681,70390,0.1327,hold,,,0.0,,,0,0.0
2024-12-12,45753847,568,False,False,,593.690674,27437,0.356,hold,,,0.0,,,0,0.0,522.341309,32132,0.3668,hold,,,0.0,,,0,0.0,247.279999,26827,0.145,hold,,,0.0,,,0,0.0,85.900505,70390,0.1322,hold,,,0.0,,,0,0.0
2024-12-13,45737128,568,False,False,,593.572754,27437,0.3561,hold,,,0.0,,,0,0.0,526.339478,32132,0.3698,hold,,,0.0,,,0,0.0,244.289993,26827,0.1433,hold,,,0.0,,,0,0.0,85.023392,70390,0.1309,hold,,,0.0,,,0,0.0
2024-12-16,46083970,568,False,False,,596.1073,27437,0.3549,hold,,,0.0,,,0,0.0,533.919128,32132,0.3723,hold,,,0.0,,,0,0.0,244.880005,26827,0.1426,hold,,,0.0,,,0,0.0,85.278023,70390,0.1303,hold,,,0.0,,,0,0.0
2024-12-17,45930418,568,False,False,,593.651245,27437,0.3546,hold,,,0.0,,,0,0.0,531.56781,32132,0.3719,hold,,,0.0,,,0,0.0,243.940002,26827,0.1425,hold,,,0.0,,,0,0.0,85.485512,70390,0.131,hold,,,0.0,,,0,0.0
2024-12-18,44627987,568,False,False,,575.958435,27437,0.3541,hold,,,0.0,,,0,0.0,512.390625,32132,0.3689,hold,,,0.0,,,0,0.0,239.259995,26827,0.1438,hold,,,0.0,,,0,0.0,84.416588,70390,0.1331,hold,,,0.0,,,0,0.0
2024-12-19,44468960,568,False,False,,575.781555,27437,0.3553,hold,,,0.0,,,0,0.0,510.108673,32132,0.3686,hold,,,0.0,,,0,0.0,239.600006,26827,0.1445,hold,,,0.0,,,0,0.0,83.138405,70390,0.1316,hold,,,0.0,,,0,0.0
2024-12-20,44902233,568,False,False,,582.697327,27437,0.3561,hold,,,0.0,,,0,0.0,514.563232,32132,0.3682,hold,,,0.0,,,0,0.0,242.100006,26827,0.1446,hold,,,0.0,,,0,0.0,83.611809,70390,0.1311,hold,,,0.0,,,0,0.0
2024-12-23,45074489,568,False,False,,586.186646,27437,0.3568,hold,,,0.0,,,0,0.0,519.576477,32132,0.3704,hold,,,0.0,,,0,0.0,240.960007,26827,0.1434,hold,,,0.0,,,0,0.0,82.844902,70390,0.1294,hold,,,0.0,,,0,0.0
2024-12-24,45517169,568,False,False,,592.702026,27437,0.3573,hold,,,0.0,,,0,0.0,526.621826,32132,0.3718,hold,,,0.0,,,0,0.0,241.440002,26827,0.1423,hold,,,0.0,,,0,0.0,83.195229,70390,0.1287,hold,,,0.0,,,0,0.0
2024-12-26,45547155,568,False,False,,592.741638,27437,0.3571,hold,,,0.0,,,0,0.0,526.264038,32132,0.3713,hold,,,0.0,,,0,0.0,243.070007,26827,0.1432,hold,,,0.0,,,0,0.0,83.147888,70390,0.1285,hold,,,0.0,,,0,0.0
2024-12-27,45058388,568,False,False,,586.502075,27437,0.3571,hold,,,0.0,,,0,0.0,519.268372,32132,0.3703,hold,,,0.0,,,0,0.0,241.399994,26827,0.1437,hold,,,0.0,,,0,0.0,82.466171,70390,0.1288,hold,,,0.0,,,0,0.0
2024-12-30,44678839,568,False,False,,579.809143,27437,0.3561,hold,,,0.0,,,0,0.0,512.362122,32132,0.3685,hold,,,0.0,,,0,0.0,240.630005,26827,0.1445,hold,,,0.0,,,0,0.0,83.128952,70390,0.131,hold,,,0.0,,,0,0.0
2024-12-31,44490029,568,False,False,,577.699707,27437,0.3563,hold,,,0.0,,,0,0.0,508.009766,32132,0.3669,hold,,,0.0,,,0,0.0,242.130005,26827,0.146,hold,,,0.0,,,0,0.0,82.683945,70390,0.1308,hold,,,0.0,,,0,0.0
2025-01-02,44523411,568,True,False,,576.280273,27437,0.3551,hold,REDUCE_TO_TARGET,rebalance 2025-01-02,-228208.0,,,0,0.0,507.016083,32132,0.3659,hold,REDUCE_TO_TARGET,rebalance 2025-01-02,-708247.0,,,0,0.0,245.419998,26827,0.1479,hold,INCREASE_TO_TARGET,rebalance 2025-01-02,94629.0,,,0,0.0,82.911186,70390,0.1311,hold,INCREASE_TO_TARGET,rebalance 2025-01-02,842393.0,,,0,0.0
2025-01-03,44898188,293,False,True,monthly,583.48584,27042,0.3514,hold,,,0.0,REDUCE_TO_TARGET,sell,395,577.39167,515.313477,30740,0.3528,hold,,,0.0,REDUCE_TO_TARGET,sell,1392,508.58603,243.490005,27211,0.1476,hold,,,0.0,INCREASE_TO_TARGET,buy,384,244.559998,82.646088,80499,0.1482,hold,,,0.0,INCREASE_TO_TARGET,buy,10109,83.053212
2025-01-06,45133249,293,False,False,,586.847046,27042,0.3516,hold,,,0.0,,,0,0.0,521.235962,30740,0.355,hold,,,0.0,,,0,0.0,243.190002,27211,0.1466,hold,,,0.0,,,0,0.0,82.276817,80499,0.1467,hold,,,0.0,,,0,0.0
2025-01-07,44630530,293,False,False,,580.213257,27042,0.3516,hold,,,0.0,,,0,0.0,511.934875,30740,0.3526,hold,,,0.0,,,0,0.0,244.559998,27211,0.1491,hold,,,0.0,,,0,0.0,81.348961,80499,0.1467,hold,,,0.0,,,0,0.0
2025-01-08,44699962,293,False,False,,581.061035,27042,0.3515,hold,,,0.0,,,0,0.0,512.024292,30740,0.3521,hold,,,0.0,,,0,0.0,245.860001,27211,0.1497,hold,,,0.0,,,0,0.0,81.453102,80499,0.1467,hold,,,0.0,,,0,0.0
2025-01-10,44233752,293,False,False,,572.189636,27042,0.3498,hold,,,0.0,,,0,0.0,503.995209,30740,0.3502,hold,,,0.0,,,0,0.0,248.210007,27211,0.1527,hold,,,0.0,,,0,0.0,80.913445,80499,0.1473,hold,,,0.0,,,0,0.0
2025-01-13,44138455,293,False,False,,573.076843,27042,0.3511,hold,,,0.0,,,0,0.0,502.375488,30740,0.3499,hold,,,0.0,,,0,0.0,245.740005,27211,0.1515,hold,,,0.0,,,0,0.0,80.885025,80499,0.1475,hold,,,0.0,,,0,0.0
2025-01-14,44169545,293,False,False,,573.865295,27042,0.3513,hold,,,0.0,,,0,0.0,501.898499,30740,0.3493,hold,,,0.0,,,0,0.0,247.029999,27211,0.1522,hold,,,0.0,,,0,0.0,80.752472,80499,0.1472,hold,,,0.0,,,0,0.0
2025-01-15,44969155,293,False,False,,584.303955,27042,0.3514,hold,,,0.0,,,0,0.0,513.445312,30740,0.351,hold,,,0.0,,,0,0.0,248.880005,27211,0.1506,hold,,,0.0,,,0,0.0,82.144272,80499,0.147,hold,,,0.0,,,0,0.0
2025-01-16,44896334,293,False,False,,583.180237,27042,0.3513,hold,,,0.0,,,0,0.0,509.848145,30740,0.3491,hold,,,0.0,,,0,0.0,250.600006,27211,0.1519,hold,,,0.0,,,0,0.0,82.409378,80499,0.1478,hold,,,0.0,,,0,0.0
2025-01-17,45294440,293,False,False,,589.035339,27042,0.3517,hold,,,0.0,,,0,0.0,518.453552,30740,0.3519,hold,,,0.0,,,0,0.0,249.270004,27211,0.1498,hold,,,0.0,,,0,0.0,82.551392,80499,0.1467,hold,,,0.0,,,0,0.0
2025-01-21,45698198,293,False,False,,594.427063,27042,0.3518,hold,,,0.0,,,0,0.0,521.494263,30740,0.3508,hold,,,0.0,,,0,0.0,253.130005,27211,0.1507,hold,,,0.0,,,0,0.0,83.289909,80499,0.1467,hold,,,0.0,,,0,0.0
2025-01-22,45993842,293,False,False,,597.768616,27042,0.3515,hold,,,0.0,,,0,0.0,528.162048,30740,0.353,hold,,,0.0,,,0,0.0,254.429993,27211,0.1505,hold,,,0.0,,,0,0.0,82.85437,80499,0.145,hold,,,0.0,,,0,0.0
2025-01-23,46054966,293,False,False,,601.03125,27042,0.3529,hold,,,0.0,,,0,0.0,529.284973,30740,0.3533,hold,,,0.0,,,0,0.0,254.070007,27211,0.1501,hold,,,0.0,,,0,0.0,82.210541,80499,0.1437,hold,,,0.0,,,0,0.0
2025-01-24,45988287,293,False,False,,599.276611,27042,0.3524,hold,,,0.0,,,0,0.0,526.293884,30740,0.3518,hold,,,0.0,,,0,0.0,255.649994,27211,0.1513,hold,,,0.0,,,0,0.0,82.579781,80499,0.1445,hold,,,0.0,,,0,0.0
2025-01-27,45294157,293,False,False,,590.799805,27042,0.3527,hold,,,0.0,,,0,0.0,510.971069,30740,0.3468,hold,,,0.0,,,0,0.0,252.990005,27211,0.152,hold,,,0.0,,,0,0.0,83.555,80499,0.1485,hold,,,0.0,,,0,0.0
2025-01-28,45718599,293,False,False,,595.87616,27042,0.3525,hold,,,0.0,,,0,0.0,518.523071,30740,0.3486,hold,,,0.0,,,0,0.0,255.179993,27211,0.1519,hold,,,0.0,,,0,0.0,83.498184,80499,0.147,hold,,,0.0,,,0,0.0
2025-01-29,45576043,293,False,False,,593.204895,27042,0.352,hold,,,0.0,,,0,0.0,517.549316,30740,0.3491,hold,,,0.0,,,0,0.0,254.199997,27211,0.1518,hold,,,0.0,,,0,0.0,83.327759,80499,0.1472,hold,,,0.0,,,0,0.0
2025-01-30,45859862,293,False,False,,596.388611,27042,0.3517,hold,,,0.0,,,0,0.0,519.755249,30740,0.3484,hold,,,0.0,,,0,0.0,258.049988,27211,0.1531,hold,,,0.0,,,0,0.0,83.640213,80499,0.1468,hold,,,0.0,,,0,0.0
2025-01-31,45720489,293,False,False,,593.214661,27042,0.3509,hold,,,0.0,,,0,0.0,519.000061,30740,0.3489,hold,,,0.0,,,0,0.0,258.559998,27211,0.1539,hold,,,0.0,,,0,0.0,83.091057,80499,0.1463,hold,,,0.0,,,0,0.0
2025-02-03,45576867,293,True,False,,589.222595,27042,0.3496,hold,,,0.0,,,0,0.0,514.846497,30740,0.3472,hold,,,0.0,,,0,0.0,259.940002,27211,0.1552,hold,,,0.0,,,0,0.0,83.767601,80499,0.148,hold,,,0.0,,,0,0.0
2025-02-04,45968338,293,False,False,,593.175293,27042,0.3489,hold,,,0.0,,,0,0.0,521.166321,30740,0.3485,hold,,,0.0,,,0,0.0,262.5,27211,0.1554,hold,,,0.0,,,0,0.0,84.024132,80499,0.1471,hold,,,0.0,,,0,0.0
2025-02-05,46262103,293,False,False,,595.580261,27042,0.3481,hold,,,0.0,,,0,0.0,523.531372,30740,0.3479,hold,,,0.0,,,0,0.0,264.130005,27211,0.1554,hold,,,0.0,,,0,0.0,85.4114,80499,0.1486,hold,,,0.0,,,0,0.0
2025-02-06,46379978,293,False,False,,597.650391,27042,0.3485,hold,,,0.0,,,0,0.0,526.264038,30740,0.3488,hold,,,0.0,,,0,0.0,263.429993,27211,0.1546,hold,,,0.0,,,0,0.0,85.37339,80499,0.1482,hold,,,0.0,,,0,0.0
2025-02-07,45996417,293,False,False,,592.179749,27042,0.3482,hold,,,0.0,,,0,0.0,519.626099,30740,0.3473,hold,,,0.0,,,0,0.0,263.899994,27211,0.1561,hold,,,0.0,,,0,0.0,84.822296,80499,0.1484,hold,,,0.0,,,0,0.0
2025-02-10,46399507,293,False,False,,596.201294,27042,0.3475,hold,,,0.0,,,0,0.0,525.91626,30740,0.3484,hold,,,0.0,,,0,0.0,268.369995,27211,0.1574,hold,,,0.0,,,0,0.0,84.565735,80499,0.1467,hold,,,0.0,,,0,0.0
2025-02-11,46303017,293,False,False,,596.654785,27042,0.3485,hold,,,0.0,,,0,0.0,524.664185,30740,0.3483,hold,,,0.0,,,0,0.0,267.390015,27211,0.1571,hold,,,0.0,,,0,0.0,84.024132,80499,0.1461,hold,,,0.0,,,0,0.0
2025-02-12,46176343,293,False,False,,594.732666,27042,0.3483,hold,,,0.0,,,0,0.0,524.972229,30740,0.3495,hold,,,0.0,,,0,0.0,267.670013,27211,0.1577,hold,,,0.0,,,0,0.0,82.883942,80499,0.1445,hold,,,0.0,,,0,0.0
2025-02-13,46761032,293,False,False,,601.011536,27042,0.3476,hold,,,0.0,,,0,0.0,532.524353,30740,0.3501,hold,,,0.0,,,0,0.0,270.309998,27211,0.1573,hold,,,0.0,,,0,0.0,84.261673,80499,0.1451,hold,,,0.0,,,0,0.0
2025-02-14,46755528,293,False,False,,600.982056,27042,0.3476,hold,,,0.0,,,0,0.0,534.760193,30740,0.3516,hold,,,0.0,,,0,0.0,266.290009,27211,0.155,hold,,,0.0,,,0,0.0,84.708282,80499,0.1458,hold,,,0.0,,,0,0.0
2025-02-18,46880195,293,False,False,,602.746399,27042,0.3477,hold,,,0.0,,,0,0.0,535.972534,30740,0.3514,hold,,,0.0,,,0,0.0,270.700012,27211,0.1571,hold,,,0.0,,,0,0.0,83.710609,80499,0.1437,hold,,,0.0,,,0,0.0
2025-02-19,46935654,293,False,False,,604.165833,27042,0.3481,hold,,,0.0,,,0,0.0,536.121582,30740,0.3511,hold,,,0.0,,,0,0.0,270.850006,27211,0.157,hold,,,0.0,,,0,0.0,83.815094,80499,0.1438,hold,,,0.0,,,0,0.0
2025-02-20,46826783,293,False,False,,601.652283,27042,0.3474,hold,,,0.0,,,0,0.0,533.846008,30740,0.3504,hold,,,0.0,,,0,0.0,270.98999,27211,0.1575,hold,,,0.0,,,0,0.0,84.12867,80499,0.1446,hold,,,0.0,,,0,0.0
2025-02-21,46282948,293,False,False,,591.361572,27042,0.3455,hold,,,0.0,,,0,0.0,522.766235,30740,0.3472,hold,,,0.0,,,0,0.0,270.73999,27211,0.1592,hold,,,0.0,,,0,0.0,85.145348,80499,0.1481,hold,,,0.0,,,0,0.0
2025-02-24,46080375,293,False,False,,588.670654,27042,0.3455,hold,,,0.0,,,0,0.0,516.595337,30740,0.3446,hold,,,0.0,,,0,0.0,272.209991,27211,0.1607,hold,,,0.0,,,0,0.0,85.39241,80499,0.1492,hold,,,0.0,,,0,0.0
2025-02-25,45821995,293,False,False,,585.742981,27042,0.3457,hold,,,0.0,,,0,0.0,510.086609,30740,0.3422,hold,,,0.0,,,0,0.0,268.619995,27211,0.1595,hold,,,0.0,,,0,0.0,86.865166,80499,0.1526,hold,,,0.0,,,0,0.0
2025-02-26,45920332,293,False,False,,586.038757,27042,0.3451,hold,,,0.0,,,0,0.0,511.318817,30740,0.3423,hold,,,0.0,,,0,0.0,269.029999,27211,0.1594,hold,,,0.0,,,0,0.0,87.378265,80499,0.1532,hold,,,0.0,,,0,0.0
2025-02-27,45069582,293,False,False,,576.684448,27042,0.346,hold,,,0.0,,,0,0.0,497.118805,30740,0.3391,hold,,,0.0,,,0,0.0,264.929993,27211,0.16,hold,,,0.0,,,0,0.0,86.760651,80499,0.155,hold,,,0.0,,,0,0.0
2025-02-28,45594756,293,False,False,,585.683838,27042,0.3474,hold,,,0.0,,,0,0.0,504.969055,30740,0.3405,hold,,,0.0,,,0,0.0,263.269989,27211,0.1571,hold,,,0.0,,,0,0.0,87.824837,80499,0.1551,hold,,,0.0,,,0,0.0
2025-03-03,45105018,293,True,False,,575.422791,27042,0.345,hold,,,0.0,,,0,0.0,493.919098,30740,0.3366,hold,,,0.0,,,0,0.0,266.73999,27211,0.1609,hold,,,0.0,,,0,0.0,88.234718,80499,0.1575,hold,,,0.0,,,0,0.0
2025-03-04,44850667,293,False,False,,568.611572,27042,0.3428,hold,,,0.0,,,0,0.0,492.428528,30740,0.3375,hold,,,0.0,,,0,0.0,269.059998,27211,0.1632,hold,,,0.0,,,0,0.0,87.148102,80499,0.1564,hold,,,0.0,,,0,0.0
2025-03-05,45172486,293,False,False,,574.7229,27042,0.3441,hold,,,0.0,,,0,0.0,498.84787,30740,0.3395,hold,,,0.0,,,0,0.0,269.619995,27211,0.1624,hold,,,0.0,,,0,0.0,86.452293,80499,0.1541,hold,,,0.0,,,0,0.0
2025-03-06,44414461,293,False,False,,564.520935,27042,0.3437,hold,,,0.0,,,0,0.0,485.124847,30740,0.3358,hold,,,0.0,,,0,0.0,268.25,27211,0.1643,hold,,,0.0,,,0,0.0,86.166344,80499,0.1562,hold,,,0.0,,,0,0.0
2025-03-07,44591245,293,False,False,,567.684998,27042,0.3443,hold,,,0.0,,,0,0.0,488.692261,30740,0.3369,hold,,,0.0,,,0,0.0,268.390015,27211,0.1638,hold,,,0.0,,,0,0.0,85.889923,80499,0.1551,hold,,,0.0,,,0,0.0
2025-03-10,43608321,293,False,False,,552.564453,27042,0.3427,hold,,,0.0,,,0,0.0,469.752319,30740,0.3311,hold,,,0.0,,,0,0.0,266.040009,27211,0.166,hold,,,0.0,,,0,0.0,86.785904,80499,0.1602,hold,,,0.0,,,0,0.0
2025-03-11,43484611,293,False,False,,547.971008,27042,0.3408,hold,,,0.0,,,0,0.0,468.629425,30740,0.3313,hold,,,0.0,,,0,0.0,269.160004,27211,0.1684,hold,,,0.0,,,0,0.0,86.166344,80499,0.1595,hold,,,0.0,,,0,0.0
2025-03-12,43716154,293,False,False,,550.878845,27042,0.3408,hold,,,0.0,,,0,0.0,473.915894,30740,0.3332,hold,,,0.0,,,0,0.0,270.329987,27211,0.1683,hold,,,0.0,,,0,0.0,85.651634,80499,0.1577,hold,,,0.0,,,0,0.0
2025-03-13,43446711,293,False,False,,543.535278,27042,0.3383,hold,,,0.0,,,0,0.0,465.389954,30740,0.3293,hold,,,0.0,,,0,0.0,275.130005,27211,0.1723,hold,,,0.0,,,0,0.0,86.40464,80499,0.1601,hold,,,0.0,,,0,0.0
2025-03-14,44062263,293,False,False,,554.762451,27042,0.3405,hold,,,0.0,,,0,0.0,476.638611,30740,0.3325,hold,,,0.0,,,0,0.0,275.23999,27211,0.17,hold,,,0.0,,,0,0.0,85.947121,80499,0.157,hold,,,0.0,,,0,0.0
2025-03-17,44348020,293,False,False,,559.040466,27042,0.3409,hold,,,0.0,,,0,0.0,479.728973,30740,0.3325,hold,,,0.0,,,0,0.0,276.730011,27211,0.1698,hold,,,0.0,,,0,0.0,86.376045,80499,0.1568,hold,,,0.0,,,0,0.0
2025-03-18,44028023,293,False,False,,552.998108,27042,0.3397,hold,,,0.0,,,0,0.0,471.550873,30740,0.3292,hold,,,0.0,,,0,0.0,279.959991,27211,0.173,hold,,,0.0,,,0,0.0,86.461815,80499,0.1581,hold,,,0.0,,,0,0.0
2025-03-19,44452212,293,False,False,,559.020752,27042,0.3401,hold,,,0.0,,,0,0.0,477.86087,30740,0.3305,hold,,,0.0,,,0,0.0,281.109985,27211,0.1721,hold,,,0.0,,,0,0.0,86.909813,80499,0.1574,hold,,,0.0,,,0,0.0
2025-03-20,44353515,293,False,False,,557.404114,27042,0.3398,hold,,,0.0,,,0,0.0,476.24118,30740,0.3301,hold,,,0.0,,,0,0.0,280.75,27211,0.1722,hold,,,0.0,,,0,0.0,86.967018,80499,0.1578,hold,,,0.0,,,0,0.0
2025-03-21,44303820,293,False,False,,557.588074,27042,0.3403,hold,,,0.0,,,0,0.0,477.811188,30740,0.3315,hold,,,0.0,,,0,0.0,278.48999,27211,0.171,hold,,,0.0,,,0,0.0,86.452293,80499,0.1571,hold,,,0.0,,,0,0.0
2025-03-24,44791066,293,False,False,,567.573608,27042,0.3427,hold,,,0.0,,,0,0.0,488.296448,30740,0.3351,hold,,,0.0,,,0,0.0,277.25,27211,0.1684,hold,,,0.0,,,0,0.0,85.565842,80499,0.1538,hold,,,0.0,,,0,0.0
2025-03-25,44946049,293,False,False,,568.937988,27042,0.3423,hold,,,0.0,,,0,0.0,491.082947,30740,0.3359,hold,,,0.0,,,0,0.0,278.470001,27211,0.1686,hold,,,0.0,,,0,0.0,85.55632,80499,0.1532,hold,,,0.0,,,0,0.0
2025-03-26,44433073,293,False,False,,562.145874,27042,0.3421,hold,,,0.0,,,0,0.0,482.046692,30740,0.3335,hold,,,0.0,,,0,0.0,278.23999,27211,0.1704,hold,,,0.0,,,0,0.0,84.993942,80499,0.154,hold,,,0.0,,,0,0.0
2025-03-27,44389815,293,False,False,,560.652954,27042,0.3415,hold,,,0.0,,,0,0.0,479.299957,30740,0.3319,hold,,,0.0,,,0,0.0,281.970001,27211,0.1728,hold,,,0.0,,,0,0.0,84.746124,80499,0.1537,hold,,,0.0,,,0,0.0
2025-03-28,43847837,293,False,False,,549.362366,27042,0.3388,hold,,,0.0,,,0,0.0,466.681061,30740,0.3272,hold,,,0.0,,,0,0.0,284.059998,27211,0.1763,hold,,,0.0,,,0,0.0,85.918518,80499,0.1577,hold,,,0.0,,,0,0.0
2025-03-31,44126258,293,False,False,,553.050049,27042,0.3389,hold,,,0.0,,,0,0.0,466.661163,30740,0.3251,hold,,,0.0,,,0,0.0,288.140015,27211,0.1777,hold,,,0.0,,,0,0.0,86.76683,80499,0.1583,hold,,,0.0,,,0,0.0
2025-04-01,44329152,293,True,False,,554.612122,27042,0.3383,hold,INCREASE_TO_TARGET,rebalance 2025-04-01,517382.0,,,0,0.0,470.422943,30740,0.3262,hold,INCREASE_TO_TARGET,rebalance 2025-04-01,1054402.0,,,0,0.0,287.570007,27211,0.1765,hold,REDUCE_TO_TARGET,rebalance 2025-04-01,-1175695.0,,,0,0.0,87.518715,80499,0.1589,hold,REDUCE_TO_TARGET,rebalance 2025-04-01,-395796.0,,,0,0.0
2025-04-02,44567547,887,False,True,monthly,558.122009,27981,0.3504,hold,,,0.0,INCREASE_TO_TARGET,buy,939,548.759307,473.856323,33005,0.3509,hold,,,0.0,INCREASE_TO_TARGET,buy,2265,463.87464,288.160004,23121,0.1495,hold,,,0.0,REDUCE_TO_TARGET,sell,4090,287.415159,87.461319,76007,0.1492,hold,,,0.0,REDUCE_TO_TARGET,sell,4492,88.095437
2025-04-03,42950997,887,False,False,,530.617188,27981,0.3457,hold,,,0.0,,,0,0.0,448.489105,33005,0.3446,sell,EXIT_ALL,signal sell,-14802383.0,,,0,0.0,286.420013,23121,0.1542,hold,,,0.0,,,0,0.0,87.863098,76007,0.1555,hold,,,0.0,,,0,0.0
2025-04-04,41545191,14348865,False,False,,499.553345,27981,0.3365,sell,EXIT_ALL,signal sell,-13978002.0,,,0,0.0,420.633942,0,0.0,hold,,,0.0,EXIT_ALL,sell,33005,434.721333,279.720001,23121,0.1557,hold,,,0.0,,,0,0.0,88.819695,76007,0.1625,hold,,,0.0,,,0,0.0
2025-04-07,40716941,27841156,False,False,,498.663544,0,0.0,hold,,,0.0,EXIT_ALL,sell,27981,482.194762,421.649048,0,0.0,hold,,,0.0,,,0,0.0,273.709991,23121,0.1554,hold,,,0.0,,,0,0.0,86.14122,76007,0.1608,hold,,,0.0,,,0,0.0
2025-04-08,40627790,27841156,False,False,,490.853119,0,0.0,hold,,,0.0,,,0,0.0,414.055786,0,0.0,hold,,,0.0,,,0,0.0,275.200012,23121,0.1566,hold,,,0.0,,,0,0.0,84.51503,76007,0.1581,hold,,,0.0,,,0,0.0
2025-04-09,40900968,27841156,False,False,,542.402161,0,0.0,hold,,,0.0,,,0,0.0,463.755188,0,0.0,hold,,,0.0,,,0,0.0,285.380005,23121,0.1613,hold,,,0.0,,,0,0.0,85.012436,76007,0.158,hold,,,0.0,,,0,0.0
2025-04-10,40883988,27841156,False,False,,518.634583,0,0.0,hold,,,0.0,,,0,0.0,444.03067,0,0.0,hold,,,0.0,,,0,0.0,292.350006,23121,0.1653,hold,,,0.0,,,0,0.0,82.668793,76007,0.1537,hold,,,0.0,,,0,0.0
2025-04-11,41047175,27841156,False,False,,527.888489,0,0.0,hold,,,0.0,,,0,0.0,452.211121,0,0.0,hold,,,0.0,,,0,0.0,297.929993,23121,0.1678,hold,,,0.0,,,0,0.0,83.118385,76007,0.1539,hold,,,0.0,,,0,0.0
2025-04-14,41052948,27841156,False,False,,533.009766,0,0.0,hold,,,0.0,,,0,0.0,455.276276,0,0.0,hold,,,0.0,,,0,0.0,296.230011,23121,0.1668,hold,,,0.0,,,0,0.0,83.711472,76007,0.155,hold,,,0.0,,,0,0.0
2025-04-15,41111326,27841156,False,False,,531.516907,0,0.0,hold,,,0.0,,,0,0.0,455.783813,0,0.0,hold,,,0.0,,,0,0.0,297.779999,23121,0.1675,hold,,,0.0,,,0,0.0,84.008026,76007,0.1553,hold,,,0.0,,,0,0.0
2025-04-16,41370995,27841156,False,False,,519.702393,0,0.0,hold,,,0.0,,,0,0.0,442.040283,0,0.0,hold,,,0.0,,,0,0.0,307.470001,23121,0.1718,hold,,,0.0,,,0,0.0,84.476761,76007,0.1552,hold,,,0.0,,,0,0.0
2025-04-17,41283069,27841156,False,False,,520.443848,0,0.0,hold,,,0.0,,,0,0.0,441.960724,0,0.0,hold,,,0.0,,,0,0.0,306.119995,23121,0.1714,hold,,,0.0,,,0,0.0,83.730614,76007,0.1542,hold,,,0.0,,,0,0.0
2025-04-21,41390782,27841156,False,False,,508.055847,0,0.0,hold,,,0.0,,,0,0.0,431.023621,0,0.0,hold,,,0.0,,,0,0.0,315.589996,23121,0.1763,hold,,,0.0,,,0,0.0,82.267021,76007,0.1511,hold,,,0.0,,,0,0.0
2025-04-22,41322101,27841156,False,False,,521.274353,0,0.0,hold,,,0.0,,,0,0.0,442.338898,0,0.0,hold,,,0.0,,,0,0.0,311.109985,23121,0.1741,hold,,,0.0,,,0,0.0,82.726212,76007,0.1522,hold,,,0.0,,,0,0.0
2025-04-23,41210691,27841156,False,False,,529.351685,0,0.0,hold,,,0.0,,,0,0.0,452.3703,0,0.0,hold,,,0.0,,,0,0.0,303.649994,23121,0.1704,hold,,,0.0,,,0,0.0,83.529724,76007,0.1541,hold,,,0.0,,,0,0.0
2025-04-24,41379778,27841156,False,False,,540.494019,0,0.0,hold,,,0.0,,,0,0.0,465.098724,0,0.0,hold,,,0.0,,,0,0.0,308.070007,23121,0.1721,hold,,,0.0,,,0,0.0,84.40979,76007,0.155,hold,,,0.0,,,0,0.0
2025-04-25,41349814,27841156,False,False,,544.399231,0,0.0,hold,,,0.0,,,0,0.0,470.2836,0,0.0,hold,,,0.0,,,0,0.0,304.730011,23121,0.1704,hold,,,0.0,,,0,0.0,85.031578,76007,0.1563,hold,,,0.0,,,0,0.0
2025-04-28,41490875,27841156,False,False,,544.606873,0,0.0,hold,,,0.0,,,0,0.0,470.134338,0,0.0,hold,,,0.0,,,0,0.0,309.070007,23121,0.1722,hold,,,0.0,,,0,0.0,85.567268,76007,0.1568,hold,,,0.0,,,0,0.0
2025-04-29,41475812,27841156,False,False,,548.037537,0,0.0,hold,,,0.0,,,0,0.0,473.239319,0,0.0,hold,,,0.0,,,0,0.0,306.059998,23121,0.1706,hold,,,0.0,,,0,0.0,86.284714,76007,0.1581,hold,,,0.0,,,0,0.0
2025-04-30,41369788,27841156,False,False,,548.255066,0,0.0,hold,,,0.0,,,0,0.0,473.179565,0,0.0,hold,,,0.0,,,0,0.0,303.769989,23121,0.1698,hold,,,0.0,,,0,0.0,85.586403,76007,0.1572,hold,,,0.0,,,0,0.0
2025-05-01,41190910,27841156,True,False,,552.140503,0,0.0,hold,,,0.0,,,0,0.0,479.35968,0,0.0,hold,,,0.0,,,0,0.0,297.459991,23121,0.167,hold,REDUCE_TO_TARGET,rebalance 2025-05-01,-698936.0,,,0,0.0,85.152443,76007,0.1571,hold,REDUCE_TO_TARGET,rebalance 2025-05-01,-293545.0,,,0,0.0
2025-05-02,41134937,28833471,False,True,monthly,560.336487,0,0.0,hold,,,0.0,,,0,0.0,486.47522,0,0.0,hold,,,0.0,,,0,0.0,297.980011,20786,0.1506,hold,,,0.0,REDUCE_TO_TARGET,sell,2335,299.269503,84.230721,72511,0.1485,hold,,,0.0,REDUCE_TO_TARGET,sell,3496,83.958879
2025-05-05,41285819,28833471,False,False,,557.123413,0,0.0,hold,,,0.0,,,0,0.0,483.589203,0,0.0,hold,,,0.0,,,0,0.0,306.880005,20786,0.1545,hold,,,0.0,,,0,0.0,83.760269,72511,0.1471,hold,,,0.0,,,0,0.0
2025-05-06,41484769,28833471,False,False,,552.466736,0,0.0,hold,,,0.0,,,0,0.0,479.091003,0,0.0,hold,,,0.0,,,0,0.0,315.480011,20786,0.1581,hold,,,0.0,,,0,0.0,84.038704,72511,0.1469,hold,,,0.0,,,0,0.0
2025-05-07,41412209,28833471,False,False,,554.790161,0,0.0,hold,,,0.0,,,0,0.0,480.971893,0,0.0,hold,,,0.0,,,0,0.0,310.75,20786,0.156,hold,,,0.0,,,0,0.0,84.393944,72511,0.1478,hold,,,0.0,,,0,0.0
2025-05-08,41216773,28833471,False,False,,558.655884,0,0.0,hold,,,0.0,,,0,0.0,485.937897,0,0.0,hold,,,0.0,,,0,0.0,304.630005,20786,0.1536,hold,,,0.0,,,0,0.0,83.453041,72511,0.1468,hold,,,0.0,,,0,0.0
2025-05-09,41271760,28833471,False,False,,557.94397,0,0.0,hold,,,0.0,,,0,0.0,485.619415,0,0.0,hold,,,0.0,,,0,0.0,306.839996,20786,0.1545,hold,,,0.0,,,0,0.0,83.57785,72511,0.1468,hold,,,0.0,,,0,0.0
2025-05-12,41035570,28833471,False,False,,576.382629,0,0.0,hold,,,0.0,,,0,0.0,505.403625,0,0.0,hold,,,0.0,,,0,0.0,298.190002,20786,0.151,hold,,,0.0,,,0,0.0,82.800156,72511,0.1463,hold,,,0.0,,,0,0.0
2025-05-13,41037601,28833471,False,False,,580.189026,0,0.0,hold,,,0.0,,,0,0.0,513.106384,0,0.0,hold,,,0.0,,,0,0.0,299.459991,20786,0.1517,hold,,,0.0,,,0,0.0,82.464104,72511,0.1457,hold,,,0.0,,,0,0.0
2025-05-14,40866967,28833471,False,False,,580.930481,0,0.0,hold,,,0.0,,,0,0.0,516.181458,0,0.0,hold,,,0.0,,,0,0.0,293.160004,20786,0.1491,hold,,,0.0,,,0,0.0,81.916847,72511,0.1453,hold,,,0.0,,,0,0.0
2025-05-15,41016460,28833471,False,False,,583.768005,0,0.0,buy,ENTER_TO_TARGET,signal_buy+rebalance,14355761.0,,,0,0.0,516.748779,0,0.0,buy,ENTER_TO_TARGET,signal_buy+rebalance,14355761.0,,,0,0.0,297.839996,20786,0.1509,hold,REDUCE_TO_TARGET,rebalance 2025-05-15,-38433.0,,,0,0.0,82.63694,72511,0.1461,hold,INCREASE_TO_TARGET,rebalance 2025-05-15,160382.0,,,0,0.0
2025-05-16,40964690,375,False,True,daily,587.465515,24485,0.3511,hold,,,0.0,ENTER_TO_TARGET,buy,24485,584.548938,518.997803,27622,0.35,hold,,,0.0,ENTER_TO_TARGET,buy,27622,518.151861,294.23999,20655,0.1484,hold,,,0.0,REDUCE_TO_TARGET,sell,131,291.742135,82.857765,74428,0.1505,hold,,,0.0,INCREASE_TO_TARGET,buy,1917,83.405029
2025-05-19,41054590,375,False,False,,588.108154,24485,0.3507,hold,,,0.0,,,0,0.0,519.495483,27622,0.3495,hold,,,0.0,,,0,0.0,298.029999,20655,0.1499,hold,,,0.0,,,0,0.0,82.617729,74428,0.1498,hold,,,0.0,,,0,0.0
2025-05-20,41028675,375,False,False,,586.130859,24485,0.3498,hold,,,0.0,,,0,0.0,517.763855,27622,0.3486,hold,,,0.0,,,0,0.0,303.579987,20655,0.1528,hold,,,0.0,,,0,0.0,82.022461,74428,0.1488,hold,,,0.0,,,0,0.0
2025-05-21,40530033,375,False,False,,576.254089,24485,0.3481,hold,,,0.0,,,0,0.0,510.568634,27622,0.348,hold,,,0.0,,,0,0.0,305.820007,20655,0.1559,hold,,,0.0,,,0,0.0,80.620705,74428,0.148,hold,,,0.0,,,0,0.0
2025-05-22,40537458,375,False,False,,576.481506,24485,0.3482,hold,,,0.0,,,0,0.0,511.524017,27622,0.3485,hold,,,0.0,,,0,0.0,303.109985,20655,0.1544,hold,,,0.0,,,0,0.0,81.043152,74428,0.1488,hold,,,0.0,,,0,0.0
2025-05-23,40457417,375,False,False,,572.54657,24485,0.3465,hold,,,0.0,,,0,0.0,506.786926,27622,0.346,hold,,,0.0,,,0,0.0,309.75,20655,0.1581,hold,,,0.0,,,0,0.0,81.177567,74428,0.1493,hold,,,0.0,,,0,0.0
2025-05-27,41054076,375,False,False,,584.450195,24485,0.3486,hold,,,0.0,,,0,0.0,518.709167,27622,0.349,hold,,,0.0,,,0,0.0,304.5,20655,0.1532,hold,,,0.0,,,0,0.0,82.310493,74428,0.1492,hold,,,0.0,,,0,0.0
2025-05-28,40867095,375,False,False,,581.068909,24485,0.3481,hold,,,0.0,,,0,0.0,516.410339,27622,0.349,hold,,,0.0,,,0,0.0,303.809998,20655,0.1536,hold,,,0.0,,,0,0.0,81.955254,74428,0.1493,hold,,,0.0,,,0,0.0
2025-05-29,41044928,375,False,False,,583.36261,24485,0.348,hold,,,0.0,,,0,0.0,517.425476,27622,0.3482,hold,,,0.0,,,0,0.0,305.609985,20655,0.1538,hold,,,0.0,,,0,0.0,82.713745,74428,0.15,hold,,,0.0,,,0,0.0
2025-05-30,40974182,375,False,False,,582.710083,24485,0.3482,hold,,,0.0,,,0,0.0,516.609375,27622,0.3483,hold,,,0.0,,,0,0.0,303.600006,20655,0.153,hold,,,0.0,,,0,0.0,82.838562,74428,0.1505,hold,,,0.0,,,0,0.0
2025-06-02,41276561,375,True,False,,585.992432,24485,0.3476,hold,,,0.0,,,0,0.0,520.689636,27622,0.3484,hold,,,0.0,,,0,0.0,311.670013,20655,0.156,hold,,,0.0,,,0,0.0,82.067612,74428,0.148,hold,,,0.0,,,0,0.0
2025-06-03,41403044,375,False,False,,589.334106,24485,0.3485,hold,,,0.0,,,0,0.0,524.759888,27622,0.3501,hold,,,0.0,,,0,0.0,308.910004,20655,0.1541,hold,,,0.0,,,0,0.0,81.923058,74428,0.1473,hold,,,0.0,,,0,0.0
2025-06-04,41579664,375,False,False,,589.175964,24485,0.3469,hold,,,0.0,,,0,0.0,526.222839,27622,0.3496,hold,,,0.0,,,0,0.0,310.899994,20655,0.1544,hold,,,0.0,,,0,0.0,83.25293,74428,0.149,hold,,,0.0,,,0,0.0
2025-06-05,41372415,375,False,False,,586.328552,24485,0.347,hold,,,0.0,,,0,0.0,522.262024,27622,0.3487,hold,,,0.0,,,0,0.0,309.329987,20655,0.1544,hold,,,0.0,,,0,0.0,83.310753,74428,0.1499,hold,,,0.0,,,0,0.0
2025-06-06,41496242,375,False,False,,592.349548,24485,0.3495,hold,,,0.0,,,0,0.0,527.36731,27622,0.351,hold,,,0.0,,,0,0.0,305.179993,20655,0.1519,hold,,,0.0,,,0,0.0,82.250702,74428,0.1475,hold,,,0.0,,,0,0.0
2025-06-09,41566957,375,False,False,,592.883484,24485,0.3492,hold,,,0.0,,,0,0.0,528.143616,27622,0.351,hold,,,0.0,,,0,0.0,306.619995,20655,0.1524,hold,,,0.0,,,0,0.0,82.33744,74428,0.1474,hold,,,0.0,,,0,0.0
2025-06-10,41779165,375,False,False,,596.244873,24485,0.3494,hold,,,0.0,,,0,0.0,531.636719,27622,0.3515,hold,,,0.0,,,0,0.0,306.709991,20655,0.1516,hold,,,0.0,,,0,0.0,82.761459,74428,0.1474,hold,,,0.0,,,0,0.0
2025-06-11,41740984,375,False,False,,594.544434,24485,0.3488,hold,,,0.0,,,0,0.0,529.845337,27622,0.3506,hold,,,0.0,,,0,0.0,308.369995,20655,0.1526,hold,,,0.0,,,0,0.0,83.012016,74428,0.148,hold,,,0.0,,,0,0.0
2025-06-12,41986185,375,False,False,,596.907288,24485,0.3481,hold,,,0.0,,,0,0.0,531.089294,27622,0.3494,hold,,,0.0,,,0,0.0,312.200012,20655,0.1536,hold,,,0.0,,,0,0.0,84.004616,74428,0.1489,hold,,,0.0,,,0,0.0
2025-06-13,41662839,375,False,False,,590.233826,24485,0.3469,hold,,,0.0,,,0,0.0,524.42157,27622,0.3477,hold,,,0.0,,,0,0.0,316.290009,20655,0.1568,hold,,,0.0,,,0,0.0,83.195114,74428,0.1486,hold,,,0.0,,,0,0.0
2025-06-16,41846276,375,False,False,,595.849426,24485,0.3486,hold,,,0.0,,,0,0.0,531.716248,27622,0.351,hold,,,0.0,,,0,0.0,311.779999,20655,0.1539,hold,,,0.0,,,0,0.0,82.35672,74428,0.1465,hold,,,0.0,,,0,0.0
2025-06-17,41656291,375,False,False,,590.757874,24485,0.3472,hold,,,0.0,,,0,0.0,526.531372,27622,0.3491,hold,,,0.0,,,0,0.0,311.940002,20655,0.1547,hold,,,0.0,,,0,0.0,83.35894,74428,0.1489,hold,,,0.0,,,0,0.0
2025-06-18,41627697,375,False,False,,590.668884,24485,0.3474,hold,,,0.0,,,0,0.0,526.441772,27622,0.3493,hold,,,0.0,,,0,0.0,310.26001,20655,0.1539,hold,,,0.0,,,0,0.0,83.503502,74428,0.1493,hold,,,0.0,,,0,0.0
2025-06-20,41520194,375,False,False,,589.281616,24485,0.3475,hold,,,0.0,,,0,0.0,524.292236,27622,0.3488,hold,,,0.0,,,0,0.0,310.130005,20655,0.1543,hold,,,0.0,,,0,0.0,83.349312,74428,0.1494,hold,,,0.0,,,0,0.0
2025-06-23,41851325,375,False,False,,595.102234,24485,0.3482,hold,,,0.0,,,0,0.0,529.683228,27622,0.3496,hold,,,0.0,,,0,0.0,311.079987,20655,0.1535,hold,,,0.0,,,0,0.0,83.619125,74428,0.1487,hold,,,0.0,,,0,0.0
2025-06-24,42180218,375,False,False,,601.676514,24485,0.3493,hold,,,0.0,,,0,0.0,537.783142,27622,0.3522,hold,,,0.0,,,0,0.0,306.190002,20655,0.1499,hold,,,0.0,,,0,0.0,84.226273,74428,0.1486,hold,,,0.0,,,0,0.0
2025-06-25,42253545,375,False,False,,602.013611,24485,0.3489,hold,,,0.0,,,0,0.0,539.157959,27622,0.3525,hold,,,0.0,,,0,0.0,307.119995,20655,0.1501,hold,,,0.0,,,0,0.0,84.33226,74428,0.1485,hold,,,0.0,,,0,0.0
2025-06-26,42532656,375,False,False,,606.723633,24485,0.3493,hold,,,0.0,,,0,0.0,544.199219,27622,0.3534,hold,,,0.0,,,0,0.0,306.779999,20655,0.149,hold,,,0.0,,,0,0.0,84.756287,74428,0.1483,hold,,,0.0,,,0,0.0
2025-06-27,42502924,375,False,False,,609.738098,24485,0.3513,hold,,,0.0,,,0,0.0,546.062439,27622,0.3549,hold,,,0.0,,,0,0.0,301.220001,20655,0.1464,hold,,,0.0,,,0,0.0,84.216629,74428,0.1475,hold,,,0.0,,,0,0.0
2025-06-30,42808247,375,False,False,,612.653381,24485,0.3504,hold,,,0.0,,,0,0.0,549.599243,27622,0.3546,hold,,,0.0,,,0,0.0,304.829987,20655,0.1471,hold,,,0.0,,,0,0.0,85.04541,74428,0.1479,hold,,,0.0,,,0,0.0
2025-07-01,42747300,375,True,False,,612.455078,24485,0.3508,hold,,,0.0,,,0,0.0,544.966492,27622,0.3521,hold,,,0.0,,,0,0.0,307.549988,20655,0.1486,hold,,,0.0,,,0,0.0,85.256264,74428,0.1484,hold,,,0.0,,,0,0.0
2025-07-02,42914927,375,False,False,,615.231506,24485,0.351,hold,,,0.0,,,0,0.0,548.762268,27622,0.3532,hold,,,0.0,,,0,0.0,309.25,20655,0.1488,hold,,,0.0,,,0,0.0,84.7146,74428,0.1469,hold,,,0.0,,,0,0.0
2025-07-03,43095313,375,False,False,,620.080383,24485,0.3523,hold,,,0.0,,,0,0.0,554.162292,27622,0.3552,hold,,,0.0,,,0,0.0,307.140015,20655,0.1472,hold,,,0.0,,,0,0.0,84.124542,74428,0.1453,hold,,,0.0,,,0,0.0
2025-07-07,42811861,375,False,False,,615.459534,24485,0.352,hold,,,0.0,,,0,0.0,549.987854,27622,0.3548,hold,,,0.0,,,0,0.0,307.369995,20655,0.1483,hold,,,0.0,,,0,0.0,83.321693,74428,0.1449,hold,,,0.0,,,0,0.0
2025-07-08,42737916,375,False,False,,615.122437,24485,0.3524,hold,,,0.0,,,0,0.0,550.296692,27622,0.3557,hold,,,0.0,,,0,0.0,304.160004,20655,0.147,hold,,,0.0,,,0,0.0,83.215294,74428,0.1449,hold,,,0.0,,,0,0.0
2025-07-09,43028719,375,False,False,,618.811096,24485,0.3521,hold,,,0.0,,,0,0.0,554.1922,27622,0.3558,hold,,,0.0,,,0,0.0,305.519989,20655,0.1467,hold,,,0.0,,,0,0.0,84.085854,74428,0.1454,hold,,,0.0,,,0,0.0
2025-07-10,43067802,375,False,False,,620.556335,24485,0.3528,hold,,,0.0,,,0,0.0,553.395203,27622,0.3549,hold,,,0.0,,,0,0.0,306.200012,20655,0.1469,hold,,,0.0,,,0,0.0,84.143883,74428,0.1454,hold,,,0.0,,,0,0.0
2025-07-11,42954322,375,False,False,,618.374817,24485,0.3525,hold,,,0.0,,,0,0.0,552.14978,27622,0.3551,hold,,,0.0,,,0,0.0,309.140015,20655,0.1487,hold,,,0.0,,,0,0.0,82.983162,74428,0.1438,hold,,,0.0,,,0,0.0
2025-07-14,43002231,375,False,False,,619.55481,24485,0.3528,hold,,,0.0,,,0,0.0,554.152405,27622,0.356,hold,,,0.0,,,0,0.0,308.01001,20655,0.1479,hold,,,0.0,,,0,0.0,82.809044,74428,0.1433,hold,,,0.0,,,0,0.0
2025-07-15,42881804,375,False,False,,616.907288,24485,0.3522,hold,,,0.0,,,0,0.0,554.6604,27622,0.3573,hold,,,0.0,,,0,0.0,306.730011,20655,0.1477,hold,,,0.0,,,0,0.0,82.228683,74428,0.1427,hold,,,0.0,,,0,0.0
2025-07-16,42988231,375,False,False,,618.969727,24485,0.3525,hold,,,0.0,,,0,0.0,555.228333,27622,0.3568,hold,,,0.0,,,0,0.0,308.26001,20655,0.1481,hold,,,0.0,,,0,0.0,82.344749,74428,0.1426,hold,,,0.0,,,0,0.0
2025-07-17,43189814,375,False,False,,622.757629,24485,0.3531,hold,,,0.0,,,0,0.0,559.72168,27622,0.358,hold,,,0.0,,,0,0.0,307.589996,20655,0.1471,hold,,,0.0,,,0,0.0,82.325401,74428,0.1419,hold,,,0.0,,,0,0.0
2025-07-18,43189666,375,False,False,,622.301453,24485,0.3528,hold,,,0.0,,,0,0.0,559.183655,27622,0.3576,hold,,,0.0,,,0,0.0,308.390015,20655,0.1475,hold,,,0.0,,,0,0.0,82.451141,74428,0.1421,hold,,,0.0,,,0,0.0
2025-07-21,43451261,375,False,False,,623.481506,24485,0.3513,hold,,,0.0,,,0,0.0,562.082886,27622,0.3573,hold,,,0.0,,,0,0.0,313.130005,20655,0.1488,hold,,,0.0,,,0,0.0,83.186272,74428,0.1425,hold,,,0.0,,,0,0.0
2025-07-22,43471870,375,False,False,,623.57074,24485,0.3512,hold,,,0.0,,,0,0.0,559.173645,27622,0.3553,hold,,,0.0,,,0,0.0,316.100006,20655,0.1502,hold,,,0.0,,,0,0.0,83.68927,74428,0.1433,hold,,,0.0,,,0,0.0
2025-07-23,43556692,375,False,False,,628.875793,24485,0.3535,hold,,,0.0,,,0,0.0,561.724243,27622,0.3562,hold,,,0.0,,,0,0.0,312.179993,20655,0.148,hold,,,0.0,,,0,0.0,83.224968,74428,0.1422,hold,,,0.0,,,0,0.0
2025-07-24,43544563,375,False,False,,629.083923,24485,0.3537,hold,,,0.0,,,0,0.0,562.9198,27622,0.3571,hold,,,0.0,,,0,0.0,310.269989,20655,0.1472,hold,,,0.0,,,0,0.0,83.079895,74428,0.142,hold,,,0.0,,,0,0.0
2025-07-25,43626655,375,False,False,,631.741394,24485,0.3546,hold,,,0.0,,,0,0.0,564.27478,27622,0.3573,hold,,,0.0,,,0,0.0,307.399994,20655,0.1455,hold,,,0.0,,,0,0.0,83.602226,74428,0.1426,hold,,,0.0,,,0,0.0
2025-07-28,43590060,375,False,False,,631.582825,24485,0.3548,hold,,,0.0,,,0,0.0,566.038147,27622,0.3587,hold,,,0.0,,,0,0.0,305.410004,20655,0.1447,hold,,,0.0,,,0,0.0,83.060539,74428,0.1418,hold,,,0.0,,,0,0.0
2025-07-29,43646794,375,False,False,,629.916931,24485,0.3534,hold,,,0.0,,,0,0.0,565.161438,27622,0.3577,hold,,,0.0,,,0,0.0,306.25,20655,0.1449,hold,,,0.0,,,0,0.0,84.463104,74428,0.144,hold,,,0.0,,,0,0.0
2025-07-30,43506626,375,False,False,,629.123657,24485,0.3541,hold,,,0.0,,,0,0.0,565.918701,27622,0.3593,hold,,,0.0,,,0,0.0,300.959991,20655,0.1429,hold,,,0.0,,,0,0.0,84.027824,74428,0.1437,hold,,,0.0,,,0,0.0
2025-07-31,43410915,375,False,False,,626.763672,24485,0.3535,hold,,,0.0,,,0,0.0,562.9198,27622,0.3582,hold,,,0.0,,,0,0.0,302.959991,20655,0.1441,hold,,,0.0,,,0,0.0,84.076187,74428,0.1441,hold,,,0.0,,,0,0.0
2025-08-01,43069078,375,True,False,,616.490784,24485,0.3505,hold,,,0.0,,,0,0.0,551.830994,27622,0.3539,hold,,,0.0,,,0,0.0,309.109985,20655,0.1482,hold,,,0.0,,,0,0.0,85.271454,74428,0.1474,hold,,,0.0,,,0,0.0
2025-08-04,43634287,375,False,False,,625.861267,24485,0.3512,hold,,,0.0,,,0,0.0,562.013062,27622,0.3558,hold,,,0.0,,,0,0.0,310.910004,20655,0.1472,hold,,,0.0,,,0,0.0,85.504486,74428,0.1458,hold,,,0.0,,,0,0.0
2025-08-05,43475874,375,False,False,,622.688232,24485,0.3507,hold,,,0.0,,,0,0.0,558.197327,27622,0.3546,hold,,,0.0,,,0,0.0,311.160004,20655,0.1478,hold,,,0.0,,,0,0.0,85.766663,74428,0.1468,hold,,,0.0,,,0,0.0
2025-08-06,43736181,375,False,False,,627.457764,24485,0.3513,hold,,,0.0,,,0,0.0,565.221252,27622,0.357,hold,,,0.0,,,0,0.0,310.5,20655,0.1466,hold,,,0.0,,,0,0.0,85.271454,74428,0.1451,hold,,,0.0,,,0,0.0
2025-08-07,43819427,375,False,False,,626.93219,24485,0.3503,hold,,,0.0,,,0,0.0,567.134155,27622,0.3575,hold,,,0.0,,,0,0.0,313.119995,20655,0.1476,hold,,,0.0,,,0,0.0,85.125809,74428,0.1446,hold,,,0.0,,,0,0.0
2025-08-08,44056345,375,False,False,,631.820801,24485,0.3511,hold,,,0.0,,,0,0.0,572.424438,27622,0.3589,hold,,,0.0,,,0,0.0,313.049988,20655,0.1468,hold,,,0.0,,,0,0.0,84.756836,74428,0.1432,hold,,,0.0,,,0,0.0
2025-08-11,43893247,375,False,False,,630.57135,24485,0.3518,hold,,,0.0,,,0,0.0,570.730713,27622,0.3592,hold,,,0.0,,,0,0.0,308.549988,20655,0.1452,hold,,,0.0,,,0,0.0,84.853935,74428,0.1439,hold,,,0.0,,,0,0.0
2025-08-12,44218180,375,False,False,,637.284424,24485,0.3529,hold,,,0.0,,,0,0.0,577.904114,27622,0.361,hold,,,0.0,,,0,0.0,308.269989,20655,0.144,hold,,,0.0,,,0,0.0,84.426712,74428,0.1421,hold,,,0.0,,,0,0.0
2025-08-13,44351022,375,False,False,,639.465881,24485,0.353,hold,,,0.0,,,0,0.0,578.193054,27622,0.3601,hold,,,0.0,,,0,0.0,309.209991,20655,0.144,hold,,,0.0,,,0,0.0,85.125809,74428,0.1429,hold,,,0.0,,,0,0.0
2025-08-14,44252639,375,False,False,,639.525452,24485,0.3538,hold,,,0.0,,,0,0.0,577.744751,27622,0.3606,hold,,,0.0,,,0,0.0,307.25,20655,0.1434,hold,,,0.0,,,0,0.0,84.494667,74428,0.1421,hold,,,0.0,,,0,0.0
2025-08-15,44104715,375,False,False,,638.028137,24485,0.3542,hold,,,0.0,,,0,0.0,575.204224,27622,0.3602,hold,,,0.0,,,0,0.0,307.429993,20655,0.144,hold,,,0.0,,,0,0.0,83.892662,74428,0.1416,hold,,,0.0,,,0,0.0
2025-08-18,44067002,375,False,False,,637.889282,24485,0.3544,hold,,,0.0,,,0,0.0,574.974976,27622,0.3604,hold,,,0.0,,,0,0.0,306.950012,20655,0.1439,hold,,,0.0,,,0,0.0,83.649925,74428,0.1413,hold,,,0.0,,,0,0.0
2025-08-19,43768223,375,False,False,,634.42865,24485,0.3549,hold,,,0.0,,,0,0.0,567.174011,27622,0.3579,hold,,,0.0,,,0,0.0,305.269989,20655,0.1441,hold,,,0.0,,,0,0.0,84.135406,74428,0.1431,hold,,,0.0,,,0,0.0
2025-08-20,43711486,375,False,False,,632.742981,24485,0.3544,hold,,,0.0,,,0,0.0,563.806458,27622,0.3563,hold,,,0.0,,,0,0.0,308.359985,20655,0.1457,hold,,,0.0,,,0,0.0,84.319901,74428,0.1436,hold,,,0.0,,,0,0.0
2025-08-21,43524054,375,False,False,,630.204468,24485,0.3545,hold,,,0.0,,,0,0.0,561.196228,27622,0.3562,hold,,,0.0,,,0,0.0,307.290009,20655,0.1458,hold,,,0.0,,,0,0.0,83.902367,74428,0.1435,hold,,,0.0,,,0,0.0
2025-08-22,44114369,375,False,False,,639.882324,24485,0.3552,hold,,,0.0,,,0,0.0,569.854004,27622,0.3568,hold,,,0.0,,,0,0.0,310.579987,20655,0.1454,hold,,,0.0,,,0,0.0,84.523811,74428,0.1426,hold,,,0.0,,,0,0.0
2025-08-25,43966452,375,False,False,,637.066284,24485,0.3548,hold,,,0.0,,,0,0.0,568.210083,27622,0.357,hold,,,0.0,,,0,0.0,309.829987,20655,0.1456,hold,,,0.0,,,0,0.0,84.281067,74428,0.1427,hold,,,0.0,,,0,0.0
2025-08-26,44137642,375,False,False,,639.733582,24485,0.3549,hold,,,0.0,,,0,0.0,570.491638,27622,0.357,hold,,,0.0,,,0,0.0,312.079987,20655,0.146,hold,,,0.0,,,0,0.0,84.232513,74428,0.142,hold,,,0.0,,,0,0.0
2025-08-27,44203337,375,False,False,,641.191284,24485,0.3552,hold,,,0.0,,,0,0.0,571.368408,27622,0.357,hold,,,0.0,,,0,0.0,312.709991,20655,0.1461,hold,,,0.0,,,0,0.0,84.135406,74428,0.1417,hold,,,0.0,,,0,0.0
2025-08-28,44446844,375,False,False,,643.461975,24485,0.3545,hold,,,0.0,,,0,0.0,574.945129,27622,0.3573,hold,,,0.0,,,0,0.0,315.029999,20655,0.1464,hold,,,0.0,,,0,0.0,84.688873,74428,0.1418,hold,,,0.0,,,0,0.0
2025-08-29,44187039,375,False,False,,639.624573,24485,0.3544,hold,,,0.0,,,0,0.0,568.289917,27622,0.3552,hold,,,0.0,,,0,0.0,318.070007,20655,0.1487,hold,,,0.0,,,0,0.0,84.086853,74428,0.1416,hold,,,0.0,,,0,0.0
2025-09-02,44048190,375,True,False,,634.884766,24485,0.3529,hold,,,0.0,,,0,0.0,563.527466,27622,0.3534,hold,,,0.0,,,0,0.0,325.589996,20655,0.1527,hold,,,0.0,,,0,0.0,83.461121,74428,0.141,hold,,,0.0,,,0,0.0
2025-09-03,44375765,375,False,False,,638.325562,24485,0.3522,hold,,,0.0,,,0,0.0,567.961121,27622,0.3535,hold,,,0.0,,,0,0.0,328.140015,20655,0.1527,hold,,,0.0,,,0,0.0,84.377312,74428,0.1415,hold,,,0.0,,,0,0.0
2025-09-04,44666314,375,False,False,,643.660278,24485,0.3528,hold,,,0.0,,,0,0.0,573.101929,27622,0.3544,hold,,,0.0,,,0,0.0,326.690002,20655,0.1511,hold,,,0.0,,,0,0.0,85.020599,74428,0.1417,hold,,,0.0,,,0,0.0
2025-09-05,44830050,375,False,False,,641.796143,24485,0.3505,hold,,,0.0,,,0,0.0,573.928894,27622,0.3536,hold,,,0.0,,,0,0.0,331.049988,20655,0.1525,hold,,,0.0,,,0,0.0,86.31691,74428,0.1433,hold,,,0.0,,,0,0.0
2025-09-08,45109453,375,False,False,,643.372742,24485,0.3492,hold,,,0.0,,,0,0.0,576.728455,27622,0.3531,hold,,,0.0,,,0,0.0,334.820007,20655,0.1533,hold,,,0.0,,,0,0.0,87.467018,74428,0.1443,hold,,,0.0,,,0,0.0
2025-09-09,45138313,375,False,False,,644.860168,24485,0.3498,hold,,,0.0,,,0,0.0,578.362488,27622,0.3539,hold,,,0.0,,,0,0.0,334.059998,20655,0.1529,hold,,,0.0,,,0,0.0,86.96994,74428,0.1434,hold,,,0.0,,,0,0.0
2025-09-10,45250969,375,False,False,,646.724365,24485,0.3499,hold,,,0.0,,,0,0.0,578.551758,27622,0.3532,hold,,,0.0,,,0,0.0,335.26001,20655,0.153,hold,,,0.0,,,0,0.0,87.467018,74428,0.1439,hold,,,0.0,,,0,0.0
2025-09-11,45508777,375,False,False,,652.098816,24485,0.3508,hold,,,0.0,,,0,0.0,581.91925,27622,0.3532,hold,,,0.0,,,0,0.0,334.76001,20655,0.1519,hold,,,0.0,,,0,0.0,88.051819,74428,0.144,hold,,,0.0,,,0,0.0
2025-09-12,45559772,375,False,False,,651.880554,24485,0.3503,hold,,,0.0,,,0,0.0,584.489624,27622,0.3544,hold,,,0.0,,,0,0.0,335.420013,20655,0.1521,hold,,,0.0,,,0,0.0,87.671692,74428,0.1432,hold,,,0.0,,,0,0.0
2025-09-15,45870222,375,False,False,,655.351135,24485,0.3498,hold,,,0.0,,,0,0.0,589.49115,27622,0.355,hold,,,0.0,,,0,0.0,338.910004,20655,0.1526,hold,,,0.0,,,0,0.0,87.876389,74428,0.1426,hold,,,0.0,,,0,0.0
2025-09-16,45862196,375,False,False,,654.448853,24485,0.3494,hold,,,0.0,,,0,0.0,588.99292,27622,0.3547,hold,,,0.0,,,0,0.0,339.589996,20655,0.1529,hold,,,0.0,,,0,0.0,88.061577,74428,0.1429,hold,,,0.0,,,0,0.0
2025-09-17,45739012,375,False,False,,653.635681,24485,0.3499,hold,,,0.0,,,0,0.0,587.817322,27622,0.355,hold,,,0.0,,,0,0.0,336.970001,20655,0.1522,hold,,,0.0,,,0,0.0,87.837395,74428,0.1429,hold,,,0.0,,,0,0.0
2025-09-18,45864851,375,False,False,,656.68988,24485,0.3506,hold,,,0.0,,,0,0.0,593.117676,27622,0.3572,hold,,,0.0,,,0,0.0,335.619995,20655,0.1511,hold,,,0.0,,,0,0.0,86.930954,74428,0.1411,hold,,,0.0,,,0,0.0
2025-09-19,46116589,375,False,False,,659.942322,24485,0.3504,hold,,,0.0,,,0,0.0,597.13269,27622,0.3577,hold,,,0.0,,,0,0.0,339.179993,20655,0.1519,hold,,,0.0,,,0,0.0,86.765251,74428,0.14,hold,,,0.0,,,0,0.0
2025-09-22,46388714,375,False,False,,663.064575,24485,0.35,hold,,,0.0,,,0,0.0,600.667725,27622,0.3577,hold,,,0.0,,,0,0.0,345.049988,20655,0.1536,hold,,,0.0,,,0,0.0,86.453362,74428,0.1387,hold,,,0.0,,,0,0.0
2025-09-23,46264230,375,False,False,,659.455139,24485,0.349,hold,,,0.0,,,0,0.0,596.677917,27622,0.3562,hold,,,0.0,,,0,0.0,346.459991,20655,0.1547,hold,,,0.0,,,0,0.0,87.057655,74428,0.1401,hold,,,0.0,,,0,0.0
2025-09-24,46065478,375,False,False,,657.356995,24485,0.3494,hold,,,0.0,,,0,0.0,594.583252,27622,0.3565,hold,,,0.0,,,0,0.0,343.320007,20655,0.1539,hold,,,0.0,,,0,0.0,86.72628,74428,0.1401,hold,,,0.0,,,0,0.0
2025-09-25,45949952,375,False,False,,654.32428,24485,0.3487,hold,,,0.0,,,0,0.0,592.019836,27622,0.3559,hold,,,0.0,,,0,0.0,344.75,20655,0.155,hold,,,0.0,,,0,0.0,86.72628,74428,0.1405,hold,,,0.0,,,0,0.0
2025-09-26,46144263,375,False,False,,658.072998,24485,0.3492,hold,,,0.0,,,0,0.0,594.453552,27622,0.3558,hold,,,0.0,,,0,0.0,346.73999,20655,0.1552,hold,,,0.0,,,0,0.0,86.6483,74428,0.1398,hold,,,0.0,,,0,0.0
2025-09-29,46436692,375,False,False,,659.922424,24485,0.348,hold,,,0.0,,,0,0.0,597.206543,27622,0.3552,hold,,,0.0,,,0,0.0,352.459991,20655,0.1568,hold,,,0.0,,,0,0.0,87.35981,74428,0.14,hold,,,0.0,,,0,0.0
2025-09-30,46586054,375,False,False,,662.408264,24485,0.3482,hold,,,0.0,,,0,0.0,598.842407,27622,0.3551,hold,,,0.0,,,0,0.0,355.470001,20655,0.1576,hold,,,0.0,,,0,0.0,87.106392,74428,0.1392,hold,,,0.0,,,0,0.0
2025-10-01,46748978,375,True,False,,664.665405,24485,0.3481,hold,,,0.0,,,0,0.0,601.715027,27622,0.3555,hold,,,0.0,,,0,0.0,356.029999,20655,0.1573,hold,,,0.0,,,0,0.0,87.331352,74428,0.139,hold,,,0.0,,,0,0.0
2025-10-02,46829365,375,False,False,,665.430969,24485,0.3479,hold,,,0.0,,,0,0.0,604.188721,27622,0.3564,hold,,,0.0,,,0,0.0,354.790009,20655,0.1565,hold,,,0.0,,,0,0.0,87.58564,74428,0.1392,hold,,,0.0,,,0,0.0
2025-10-03,46805361,375,False,False,,665.421143,24485,0.3481,hold,,,0.0,,,0,0.0,601.645264,27622,0.3551,hold,,,0.0,,,0,0.0,357.640015,20655,0.1578,hold,,,0.0,,,0,0.0,87.419373,74428,0.139,hold,,,0.0,,,0,0.0
2025-10-06,47076129,375,False,False,,667.807495,24485,0.3473,hold,,,0.0,,,0,0.0,606.163696,27622,0.3557,hold,,,0.0,,,0,0.0,364.380005,20655,0.1599,hold,,,0.0,,,0,0.0,86.724945,74428,0.1371,hold,,,0.0,,,0,0.0
2025-10-07,47003298,375,False,False,,665.331604,24485,0.3466,hold,,,0.0,,,0,0.0,602.971863,27622,0.3543,hold,,,0.0,,,0,0.0,366.26001,20655,0.1609,hold,,,0.0,,,0,0.0,87.223755,74428,0.1381,hold,,,0.0,,,0,0.0
2025-10-08,47421227,375,False,False,,669.299011,24485,0.3456,hold,,,0.0,,,0,0.0,609.884277,27622,0.3552,hold,,,0.0,,,0,0.0,372.299988,20655,0.1622,hold,,,0.0,,,0,0.0,87.292229,74428,0.137,hold,,,0.0,,,0,0.0
2025-10-09,47206366,375,False,False,,667.360046,24485,0.3461,hold,,,0.0,,,0,0.0,609.146118,27622,0.3564,hold,,,0.0,,,0,0.0,365.429993,20655,0.1599,hold,,,0.0,,,0,0.0,87.223755,74428,0.1375,hold,,,0.0,,,0,0.0
2025-10-10,46361670,375,False,False,,649.322754,24485,0.3429,hold,,,0.0,,,0,0.0,588.000061,27622,0.3503,hold,,,0.0,,,0,0.0,369.119995,20655,0.1644,hold,,,0.0,,,0,0.0,88.632179,74428,0.1423,hold,,,0.0,,,0,0.0
2025-10-13,47131926,375,False,False,,659.286011,24485,0.3425,hold,,,0.0,,,0,0.0,600.47821,27622,0.3519,hold,,,0.0,,,0,0.0,378.089996,20655,0.1657,hold,,,0.0,,,0,0.0,88.58326,74428,0.1399,hold,,,0.0,,,0,0.0
2025-10-14,47078603,375,False,False,,658.480591,24485,0.3425,hold,,,0.0,,,0,0.0,596.478394,27622,0.35,hold,,,0.0,,,0,0.0,380.790009,20655,0.1671,hold,,,0.0,,,0,0.0,88.866913,74428,0.1405,hold,,,0.0,,,0,0.0
2025-10-15,47388212,375,False,False,,661.403931,24485,0.3417,hold,,,0.0,,,0,0.0,600.687622,27622,0.3501,hold,,,0.0,,,0,0.0,387.390015,20655,0.1689,hold,,,0.0,,,0,0.0,88.671303,74428,0.1393,hold,,,0.0,,,0,0.0
2025-10-16,47453119,375,False,False,,656.899597,24485,0.3389,hold,,,0.0,,,0,0.0,598.463318,27622,0.3484,hold,,,0.0,,,0,0.0,396.450012,20655,0.1726,hold,,,0.0,,,0,0.0,89.33638,74428,0.1401,hold,,,0.0,,,0,0.0
2025-10-17,47488695,375,False,False,,660.628418,24485,0.3406,hold,,,0.0,,,0,0.0,602.393311,27622,0.3504,hold,,,0.0,,,0,0.0,388.98999,20655,0.1692,hold,,,0.0,,,0,0.0,89.199448,74428,0.1398,hold,,,0.0,,,0,0.0
2025-10-20,48184548,375,False,False,,667.499268,24485,0.3392,hold,,,0.0,,,0,0.0,609.983887,27622,0.3497,hold,,,0.0,,,0,0.0,403.149994,20655,0.1728,hold,,,0.0,,,0,0.0,89.541779,74428,0.1383,hold,,,0.0,,,0,0.0
2025-10-21,47677485,375,False,False,,667.489319,24485,0.3428,hold,,,0.0,,,0,0.0,609.824402,27622,0.3533,hold,,,0.0,,,0,0.0,377.23999,20655,0.1634,hold,,,0.0,,,0,0.0,89.981895,74428,0.1405,hold,,,0.0,,,0,0.0
2025-10-22,47435430,375,False,False,,664.019104,24485,0.3428,hold,,,0.0,,,0,0.0,603.949341,27622,0.3517,hold,,,0.0,,,0,0.0,377.279999,20655,0.1643,hold,,,0.0,,,0,0.0,90.040581,74428,0.1413,hold,,,0.0,,,0,0.0
2025-10-23,47657410,375,False,False,,667.956665,24485,0.3432,hold,,,0.0,,,0,0.0,609.026428,27622,0.353,hold,,,0.0,,,0,0.0,378.790009,20655,0.1642,hold,,,0.0,,,0,0.0,89.424408,74428,0.1397,hold,,,0.0,,,0,0.0
2025-10-24,47947386,375,False,False,,673.415588,24485,0.3439,hold,,,0.0,,,0,0.0,615.529785,27622,0.3546,hold,,,0.0,,,0,0.0,377.519989,20655,0.1626,hold,,,0.0,,,0,0.0,89.463524,74428,0.1389,hold,,,0.0,,,0,0.0
2025-10-27,48250192,375,False,False,,681.360352,24485,0.3458,hold,,,0.0,,,0,0.0,626.491882,27622,0.3587,hold,,,0.0,,,0,0.0,367.01001,20655,0.1571,hold,,,0.0,,,0,0.0,89.766724,74428,0.1385,hold,,,0.0,,,0,0.0
2025-10-28,48390725,375,False,False,,683.170044,24485,0.3457,hold,,,0.0,,,0,0.0,631.30957,27622,0.3604,hold,,,0.0,,,0,0.0,364.380005,20655,0.1555,hold,,,0.0,,,0,0.0,90.001465,74428,0.1384,hold,,,0.0,,,0,0.0
2025-10-29,48381080,375,False,False,,683.49823,24485,0.3459,hold,,,0.0,,,0,0.0,634.152344,27622,0.3621,hold,,,0.0,,,0,0.0,363.0,20655,0.155,hold,,,0.0,,,0,0.0,89.091866,74428,0.1371,hold,,,0.0,,,0,0.0
2025-10-30,48037905,375,False,False,,675.981018,24485,0.3445,hold,,,0.0,,,0,0.0,624.457031,27622,0.3591,hold,,,0.0,,,0,0.0,370.130005,20655,0.1591,hold,,,0.0,,,0,0.0,88.573486,74428,0.1372,hold,,,0.0,,,0,0.0
2025-10-31,48114231,375,False,False,,678.198303,24485,0.3451,hold,,,0.0,,,0,0.0,627.46936,27622,0.3602,hold,,,0.0,,,0,0.0,368.119995,20655,0.158,hold,,,0.0,,,0,0.0,88.30941,74428,0.1366,hold,,,0.0,,,0,0.0
2025-11-03,48225520,375,True,False,,679.47113,24485,0.345,hold,,,0.0,,,0,0.0,630.47168,27622,0.3611,hold,,,0.0,,,0,0.0,368.779999,20655,0.1579,hold,,,0.0,,,0,0.0,88.088554,74428,0.1359,hold,,,0.0,,,0,0.0
2025-11-04,47556008,375,False,False,,671.416992,24485,0.3457,hold,,,0.0,,,0,0.0,617.674377,27622,0.3588,hold,,,0.0,,,0,0.0,362.320007,20655,0.1574,hold,,,0.0,,,0,0.0,88.284874,74428,0.1382,hold,,,0.0,,,0,0.0
2025-11-05,47738959,375,False,False,,673.743713,24485,0.3456,hold,,,0.0,,,0,0.0,621.694153,27622,0.3597,hold,,,0.0,,,0,0.0,366.51001,20655,0.1586,hold,,,0.0,,,0,0.0,87.322899,74428,0.1361,hold,,,0.0,,,0,0.0
2025-11-06,47291444,375,False,False,,666.514893,24485,0.3451,hold,,,0.0,,,0,0.0,610.113647,27622,0.3564,hold,,,0.0,,,0,0.0,366.070007,20655,0.1599,hold,,,0.0,,,0,0.0,88.108192,74428,0.1387,hold,,,0.0,,,0,0.0
2025-11-07,47286721,375,False,False,,667.171082,24485,0.3455,hold,,,0.0,,,0,0.0,608.188538,27622,0.3553,hold,,,0.0,,,0,0.0,368.309998,20655,0.1609,hold,,,0.0,,,0,0.0,87.921684,74428,0.1384,hold,,,0.0,,,0,0.0
2025-11-10,48119837,375,False,False,,677.581848,24485,0.3448,hold,,,0.0,,,0,0.0,621.644226,27622,0.3568,hold,,,0.0,,,0,0.0,378.380005,20655,0.1624,hold,,,0.0,,,0,0.0,87.902054,74428,0.136,hold,,,0.0,,,0,0.0
2025-11-11,48172811,375,False,False,,679.132996,24485,0.3452,hold,,,0.0,,,0,0.0,619.988464,27622,0.3555,hold,,,0.0,,,0,0.0,379.869995,20655,0.1629,hold,,,0.0,,,0,0.0,88.304512,74428,0.1364,hold,,,0.0,,,0,0.0
2025-11-12,48306661,375,False,False,,679.510925,24485,0.3444,hold,,,0.0,,,0,0.0,619.499695,27622,0.3542,hold,,,0.0,,,0,0.0,385.98999,20655,0.165,hold,,,0.0,,,0,0.0,88.461563,74428,0.1363,hold,,,0.0,,,0,0.0
2025-11-13,47562711,375,False,False,,668.235107,24485,0.344,hold,,,0.0,,,0,0.0,606.85199,27622,0.3524,hold,,,0.0,,,0,0.0,382.869995,20655,0.1663,hold,,,0.0,,,0,0.0,87.735176,74428,0.1373,hold,,,0.0,,,0,0.0
2025-11-14,47392719,375,False,False,,668.125671,24485,0.3452,hold,,,0.0,,,0,0.0,607.310791,27622,0.354,hold,,,0.0,,,0,0.0,375.959991,20655,0.1639,hold,,,0.0,,,0,0.0,87.234566,74428,0.137,hold,,,0.0,,,0,0.0
2025-11-17,47024091,375,False,False,,661.901123,24485,0.3446,hold,,,0.0,,,0,0.0,602.124023,27622,0.3537,hold,,,0.0,,,0,0.0,371.649994,20655,0.1632,hold,,,0.0,,,0,0.0,87.450508,74428,0.1384,hold,,,0.0,,,0,0.0
2025-11-18,46739067,375,False,False,,656.342773,24485,0.3438,hold,,,0.0,,,0,0.0,594.792725,27622,0.3515,hold,,,0.0,,,0,0.0,374.350006,20655,0.1654,hold,,,0.0,,,0,0.0,87.421066,74428,0.1392,hold,,,0.0,,,0,0.0
2025-11-19,46898684,375,False,False,,658.878357,24485,0.344,hold,,,0.0,,,0,0.0,598.343689,27622,0.3524,hold,,,0.0,,,0,0.0,374.959991,20655,0.1651,hold,,,0.0,,,0,0.0,87.24437,74428,0.1385,hold,,,0.0,,,0,0.0
2025-11-20,46284851,375,False,False,,648.835571,24485,0.3432,hold,,,0.0,,,0,0.0,584.17981,27622,0.3486,hold,,,0.0,,,0,0.0,374.850006,20655,0.1673,hold,,,0.0,,,0,0.0,87.587944,74428,0.1408,hold,,,0.0,,,0,0.0
2025-11-21,46572075,375,False,False,,655.298767,24485,0.3445,hold,,,0.0,,,0,0.0,588.568604,27622,0.3491,hold,,,0.0,,,0,0.0,374.269989,20655,0.166,hold,,,0.0,,,0,0.0,87.852974,74428,0.1404,hold,,,0.0,,,0,0.0
2025-11-24,47383733,375,False,False,,664.943787,24485,0.3436,hold,,,0.0,,,0,0.0,603.620178,27622,0.3519,hold,,,0.0,,,0,0.0,380.200012,20655,0.1657,hold,,,0.0,,,0,0.0,88.3536,74428,0.1388,hold,,,0.0,,,0,0.0
2025-11-25,47653965,375,False,False,,671.198242,24485,0.3449,hold,,,0.0,,,0,0.0,607.340698,27622,0.352,hold,,,0.0,,,0,0.0,380.079987,20655,0.1647,hold,,,0.0,,,0,0.0,88.579353,74428,0.1383,hold,,,0.0,,,0,0.0
2025-11-26,48007662,375,False,False,,675.831848,24485,0.3447,hold,,,0.0,,,0,0.0,612.707031,27622,0.3525,hold,,,0.0,,,0,0.0,383.119995,20655,0.1648,hold,,,0.0,,,0,0.0,88.971992,74428,0.1379,hold,,,0.0,,,0,0.0
2025-11-28,48302098,375,False,False,,679.520813,24485,0.3445,hold,,,0.0,,,0,0.0,617.674377,27622,0.3532,hold,,,0.0,,,0,0.0,387.880005,20655,0.1659,hold,,,0.0,,,0,0.0,88.549904,74428,0.1364,hold,,,0.0,,,0,0.0
2025-12-01,48125408,375,True,False,,676.418457,24485,0.3441,hold,INCREASE_TO_TARGET,rebalance 2025-12-01,281787.0,,,0,0.0,615.599609,27622,0.3533,hold,REDUCE_TO_TARGET,rebalance 2025-12-01,-160200.0,,,0,0.0,389.75,20655,0.1673,hold,REDUCE_TO_TARGET,rebalance 2025-12-01,-831475.0,,,0,0.0,87.447571,74428,0.1352,hold,INCREASE_TO_TARGET,rebalance 2025-12-01,710263.0,,,0,0.0
2025-12-02,48238817,746,False,True,monthly,677.671387,24898,0.3498,hold,,,0.0,INCREASE_TO_TARGET,buy,413,678.059133,620.417358,27362,0.3519,hold,,,0.0,REDUCE_TO_TARGET,sell,260,616.030191,387.23999,18511,0.1486,hold,,,0.0,REDUCE_TO_TARGET,sell,2144,387.703385,87.486977,82542,0.1497,hold,,,0.0,INCREASE_TO_TARGET,buy,8114,87.260407
2025-12-03,48352393,746,False,False,,680.018005,24898,0.3502,hold,,,0.0,,,0,0.0,621.933533,27362,0.3519,hold,,,0.0,,,0,0.0,386.880005,18511,0.1481,hold,,,0.0,,,0,0.0,87.733253,82542,0.1498,hold,,,0.0,,,0,0.0
2025-12-04,48314538,746,False,False,,680.515137,24898,0.3507,hold,,,0.0,,,0,0.0,621.35498,27362,0.3519,hold,,,0.0,,,0,0.0,387.130005,18511,0.1483,hold,,,0.0,,,0,0.0,87.260399,82542,0.1491,hold,,,0.0,,,0,0.0
2025-12-05,48369934,746,False,False,,681.8078,24898,0.351,hold,,,0.0,,,0,0.0,623.888489,27362,0.3529,hold,,,0.0,,,0,0.0,386.440002,18511,0.1479,hold,,,0.0,,,0,0.0,86.856506,82542,0.1482,hold,,,0.0,,,0,0.0
2025-12-08,48243723,746,False,False,,679.75946,24898,0.3508,hold,,,0.0,,,0,0.0,622.691589,27362,0.3532,hold,,,0.0,,,0,0.0,385.420013,18511,0.1479,hold,,,0.0,,,0,0.0,86.570831,82542,0.1481,hold,,,0.0,,,0,0.0
2025-12-09,48294100,746,False,False,,679.172791,24898,0.3501,hold,,,0.0,,,0,0.0,623.459595,27362,0.3532,hold,,,0.0,,,0,0.0,387.399994,18511,0.1485,hold,,,0.0,,,0,0.0,86.659492,82542,0.1481,hold,,,0.0,,,0,0.0
2025-12-10,48534307,746,False,False,,683.677185,24898,0.3507,hold,,,0.0,,,0,0.0,626.013062,27362,0.3529,hold,,,0.0,,,0,0.0,389.049988,18511,0.1484,hold,,,0.0,,,0,0.0,86.994423,82542,0.148,hold,,,0.0,,,0,0.0
2025-12-11,48586319,746,False,False,,685.268066,24898,0.3512,hold,,,0.0,,,0,0.0,623.988281,27362,0.3514,hold,,,0.0,,,0,0.0,393.23999,18511,0.1498,hold,,,0.0,,,0,0.0,86.876213,82542,0.1476,hold,,,0.0,,,0,0.0
2025-12-12,48048063,746,False,False,,677.900085,24898,0.3513,hold,,,0.0,,,0,0.0,612.058716,27362,0.3485,hold,,,0.0,,,0,0.0,395.440002,18511,0.1523,hold,,,0.0,,,0,0.0,86.038872,82542,0.1478,hold,,,0.0,,,0,0.0
2025-12-15,47950043,746,False,False,,676.875854,24898,0.3515,hold,,,0.0,,,0,0.0,608.986511,27362,0.3475,hold,,,0.0,,,0,0.0,395.799988,18511,0.1528,hold,,,0.0,,,0,0.0,86.097984,82542,0.1482,hold,,,0.0,,,0,0.0
2025-12-16,47977715,746,False,False,,675.026428,24898,0.3503,hold,,,0.0,,,0,0.0,610.19342,27362,0.348,hold,,,0.0,,,0,0.0,395.890015,18511,0.1527,hold,,,0.0,,,0,0.0,86.570831,82542,0.1489,hold,,,0.0,,,0,0.0
2025-12-17,47539717,746,False,False,,667.598694,24898,0.3496,hold,,,0.0,,,0,0.0,598.882263,27362,0.3447,hold,,,0.0,,,0,0.0,399.290009,18511,0.1555,hold,,,0.0,,,0,0.0,86.492027,82542,0.1502,hold,,,0.0,,,0,0.0
2025-12-18,47923502,746,False,False,,672.639954,24898,0.3495,hold,,,0.0,,,0,0.0,607.560181,27362,0.3469,hold,,,0.0,,,0,0.0,398.570007,18511,0.154,hold,,,0.0,,,0,0.0,86.905762,82542,0.1497,hold,,,0.0,,,0,0.0
2025-12-19,48273547,746,False,False,,678.736389,24898,0.3501,hold,,,0.0,,,0,0.0,615.479919,27362,0.3489,hold,,,0.0,,,0,0.0,399.019989,18511,0.153,hold,,,0.0,,,0,0.0,86.581406,82542,0.148,hold,,,0.0,,,0,0.0
2025-12-22,48614530,746,False,False,,682.964844,24898,0.3498,hold,,,0.0,,,0,0.0,618.430237,27362,0.3481,hold,,,0.0,,,0,0.0,408.230011,18511,0.1554,hold,,,0.0,,,0,0.0,86.393501,82542,0.1467,hold,,,0.0,,,0,0.0
2025-12-23,48883070,746,False,False,,686.086304,24898,0.3494,hold,,,0.0,,,0,0.0,621.326538,27362,0.3478,hold,,,0.0,,,0,0.0,413.640015,18511,0.1566,hold,,,0.0,,,0,0.0,86.531952,82542,0.1461,hold,,,0.0,,,0,0.0
2025-12-24,49004504,746,False,False,,688.499695,24898,0.3498,hold,,,0.0,,,0,0.0,623.144287,27362,0.3479,hold,,,0.0,,,0,0.0,411.929993,18511,0.1556,hold,,,0.0,,,0,0.0,87.056084,82542,0.1466,hold,,,0.0,,,0,0.0
2025-12-26,49067038,746,False,False,,688.429871,24898,0.3493,hold,,,0.0,,,0,0.0,623.104309,27362,0.3475,hold,,,0.0,,,0,0.0,416.73999,18511,0.1572,hold,,,0.0,,,0,0.0,86.769295,82542,0.146,hold,,,0.0,,,0,0.0
2025-12-29,48614575,746,False,False,,685.976562,24898,0.3513,hold,,,0.0,,,0,0.0,620.088135,27362,0.349,hold,,,0.0,,,0,0.0,398.600006,18511,0.1518,hold,,,0.0,,,0,0.0,87.095642,82542,0.1479,hold,,,0.0,,,0,0.0
2025-12-30,48542593,746,False,False,,685.138916,24898,0.3514,hold,,,0.0,,,0,0.0,618.649902,27362,0.3487,hold,,,0.0,,,0,0.0,398.890015,18511,0.1521,hold,,,0.0,,,0,0.0,86.88797,82542,0.1477,hold,,,0.0,,,0,0.0
2025-12-31,48171391,746,False,False,,680.062744,24898,0.3515,hold,,,0.0,,,0,0.0,613.536377,27362,0.3485,hold,,,0.0,,,0,0.0,396.309998,18511,0.1523,hold,,,0.0,,,0,0.0,86.195717,82542,0.1477,hold,,,0.0,,,0,0.0
2026-01-02,48195764,746,True,False,,681.309326,24898,0.352,hold,,,0.0,,,0,0.0,612.3479,27362,0.3476,hold,,,0.0,,,0,0.0,398.279999,18511,0.153,hold,,,0.0,,,0,0.0,86.067146,82542,0.1474,hold,,,0.0,,,0,0.0
2026-01-05,48670921,746,False,False,,685.846924,24898,0.3509,hold,,,0.0,,,0,0.0,617.211731,27362,0.347,hold,,,0.0,,,0,0.0,408.76001,18511,0.1555,hold,,,0.0,,,0,0.0,86.492393,82542,0.1467,hold,,,0.0,,,0,0.0
2026-01-06,48987990,746,False,False,,689.925781,24898,0.3507,hold,,,0.0,,,0,0.0,622.634888,27362,0.3478,hold,,,0.0,,,0,0.0,413.179993,18511,0.1561,hold,,,0.0,,,0,0.0,86.314384,82542,0.1454,hold,,,0.0,,,0,0.0
2026-01-07,48917531,746,False,False,,687.701904,24898,0.35,hold,,,0.0,,,0,0.0,623.234192,27362,0.3486,hold,,,0.0,,,0,0.0,409.230011,18511,0.1549,hold,,,0.0,,,0,0.0,86.818748,82542,0.1465,hold,,,0.0,,,0,0.0
2026-01-08,48824696,746,False,False,,687.63208,24898,0.3507,hold,,,0.0,,,0,0.0,619.688599,27362,0.3473,hold,,,0.0,,,0,0.0,411.48999,18511,0.156,hold,,,0.0,,,0,0.0,86.383614,82542,0.146,hold,,,0.0,,,0,0.0
2026-01-09,49209313,746,False,False,,692.179626,24898,0.3502,hold,,,0.0,,,0,0.0,625.86084,27362,0.348,hold,,,0.0,,,0,0.0,414.470001,18511,0.1559,hold,,,0.0,,,0,0.0,86.957199,82542,0.1459,hold,,,0.0,,,0,0.0
2026-01-12,49373010,746,False,False,,693.266663,24898,0.3496,hold,,,0.0,,,0,0.0,626.380188,27362,0.3471,hold,,,0.0,,,0,0.0,422.230011,18511,0.1583,hold,,,0.0,,,0,0.0,86.700066,82542,0.1449,hold,,,0.0,,,0,0.0
2026-01-13,49314221,746,False,False,,691.880493,24898,0.3493,hold,,,0.0,,,0,0.0,625.451355,27362,0.347,hold,,,0.0,,,0,0.0,421.630005,18511,0.1583,hold,,,0.0,,,0,0.0,86.848412,82542,0.1454,hold,,,0.0,,,0,0.0
2026-01-14,49168141,746,False,False,,688.479736,24898,0.3486,hold,,,0.0,,,0,0.0,618.769775,27362,0.3443,hold,,,0.0,,,0,0.0,425.940002,18511,0.1604,hold,,,0.0,,,0,0.0,87.352776,82542,0.1466,hold,,,0.0,,,0,0.0
2026-01-15,49225815,746,False,False,,690.354614,24898,0.3492,hold,,,0.0,,,0,0.0,620.997009,27362,0.3452,hold,,,0.0,,,0,0.0,423.329987,18511,0.1592,hold,,,0.0,,,0,0.0,87.332985,82542,0.1464,hold,,,0.0,,,0,0.0
2026-01-16,49117811,746,False,False,,689.776184,24898,0.3497,hold,,,0.0,,,0,0.0,620.477661,27362,0.3456,hold,,,0.0,,,0,0.0,421.290009,18511,0.1588,hold,,,0.0,,,0,0.0,86.828636,82542,0.1459,hold,,,0.0,,,0,0.0
2026-01-20,48608670,746,False,False,,675.734558,24898,0.3461,hold,,,0.0,,,0,0.0,607.29425,27362,0.3418,hold,,,0.0,,,0,0.0,437.230011,18511,0.1665,hold,,,0.0,,,0,0.0,85.691353,82542,0.1455,hold,,,0.0,,,0,0.0
2026-01-21,49199265,746,False,False,,683.533264,24898,0.3459,hold,,,0.0,,,0,0.0,615.503906,27362,0.3423,hold,,,0.0,,,0,0.0,443.600006,18511,0.1669,hold,,,0.0,,,0,0.0,86.344055,82542,0.1449,hold,,,0.0,,,0,0.0
2026-01-22,49593210,746,False,False,,687.103516,24898,0.345,hold,,,0.0,,,0,0.0,619.978271,27362,0.3421,hold,,,0.0,,,0,0.0,451.790009,18511,0.1686,hold,,,0.0,,,0,0.0,86.719856,82542,0.1443,hold,,,0.0,,,0,0.0
2026-01-23,49787521,746,False,False,,687.352783,24898,0.3437,hold,,,0.0,,,0,0.0,621.935791,27362,0.3418,hold,,,0.0,,,0,0.0,458.0,18511,0.1703,hold,,,0.0,,,0,0.0,86.957199,82542,0.1442,hold,,,0.0,,,0,0.0
2026-01-26,50107613,746,False,False,,690.843262,24898,0.3433,hold,,,0.0,,,0,0.0,624.672363,27362,0.3411,hold,,,0.0,,,0,0.0,464.700012,18511,0.1717,hold,,,0.0,,,0,0.0,87.372543,82542,0.1439,hold,,,0.0,,,0,0.0
2026-01-27,50497221,746,False,False,,693.595764,24898,0.342,hold,,,0.0,,,0,0.0,630.335205,27362,0.3415,hold,,,0.0,,,0,0.0,476.100006,18511,0.1745,hold,,,0.0,,,0,0.0,86.828636,82542,0.1419,hold,,,0.0,,,0,0.0
2026-01-28,50877983,746,False,False,,693.52594,24898,0.3394,hold,,,0.0,,,0,0.0,632.422546,27362,0.3401,hold,,,0.0,,,0,0.0,494.559998,18511,0.1799,hold,,,0.0,,,0,0.0,86.630844,82542,0.1405,hold,,,0.0,,,0,0.0
2026-01-29,50766585,746,False,False,,692.149719,24898,0.3395,hold,INCREASE_TO_TARGET,rebalance 2026-01-29,535161.0,,,0,0.0,628.637329,27362,0.3388,hold,INCREASE_TO_TARGET,rebalance 2026-01-29,567530.0,,,0,0.0,495.899994,18511,0.1808,hold,REDUCE_TO_TARGET,rebalance 2026-01-29,-1564617.0,,,0,0.0,86.650627,82542,0.1409,hold,INCREASE_TO_TARGET,rebalance 2026-01-29,462672.0,,,0,0.0
2026-01-30,49583091,164,False,True,daily,690.085327,25671,0.3573,hold,,,0.0,INCREASE_TO_TARGET,buy,773,689.905825,621.086853,28267,0.3541,hold,,,0.0,INCREASE_TO_TARGET,buy,905,624.922044,444.950012,15146,0.1359,hold,,,0.0,REDUCE_TO_TARGET,sell,3365,464.85125,86.166046,87880,0.1527,hold,,,0.0,INCREASE_TO_TARGET,buy,5338,86.41328
2026-02-02,49500171,164,True,False,,693.515991,25671,0.3597,hold,REDUCE_TO_TARGET,rebalance 2026-02-02,-478189.0,,,0,0.0,625.351501,28267,0.3571,hold,REDUCE_TO_TARGET,rebalance 2026-02-02,-351751.0,,,0,0.0,427.130005,15146,0.1307,hold,INCREASE_TO_TARGET,rebalance 2026-02-02,955715.0,,,0,0.0,85.919853,87880,0.1525,hold,REDUCE_TO_TARGET,rebalance 2026-02-02,-125611.0,,,0,0.0
2026-02-03,49516315,248,False,True,monthly,687.652039,24981,0.3469,hold,,,0.0,REDUCE_TO_TARGET,sell,690,692.230896,615.743591,27705,0.3445,hold,,,0.0,REDUCE_TO_TARGET,sell,562,625.626198,454.290009,17249,0.1583,hold,,,0.0,INCREASE_TO_TARGET,buy,2103,452.630005,86.128326,86413,0.1503,hold,,,0.0,REDUCE_TO_TARGET,sell,1467,85.602707
2026-02-04,49110706,248,False,False,,684.321106,24981,0.3481,hold,,,0.0,,,0,0.0,604.987183,27705,0.3413,hold,,,0.0,,,0,0.0,453.970001,17249,0.1594,hold,,,0.0,,,0,0.0,85.909927,86413,0.1512,hold,,,0.0,,,0,0.0
2026-02-05,48528017,248,False,False,,675.774475,24981,0.3479,hold,,,0.0,,,0,0.0,596.278198,27705,0.3404,hold,,,0.0,,,0,0.0,441.880005,17249,0.1571,hold,,,0.0,,,0,0.0,86.843079,86413,0.1546,hold,,,0.0,,,0,0.0
2026-02-06,49440467,248,False,False,,688.739014,24981,0.348,hold,,,0.0,,,0,0.0,608.882263,27705,0.3412,hold,,,0.0,,,0,0.0,455.459991,17249,0.1589,hold,,,0.0,,,0,0.0,86.902641,86413,0.1519,hold,,,0.0,,,0,0.0
2026-02-09,49850503,248,False,False,,692.059998,24981,0.3468,hold,,,0.0,,,0,0.0,613.546387,27705,0.341,hold,,,0.0,,,0,0.0,467.029999,17249,0.1616,hold,,,0.0,,,0,0.0,86.882782,86413,0.1506,hold,,,0.0,,,0,0.0
2026-02-10,49732830,248,False,False,,690.234924,24981,0.3467,hold,,,0.0,,,0,0.0,610.699951,27705,0.3402,hold,,,0.0,,,0,0.0,462.399994,17249,0.1604,hold,,,0.0,,,0,0.0,87.885437,86413,0.1527,hold,,,0.0,,,0,0.0
2026-02-11,49824119,248,False,False,,690.075439,24981,0.346,hold,,,0.0,,,0,0.0,612.337891,27705,0.3405,hold,,,0.0,,,0,0.0,467.630005,17249,0.1619,hold,,,0.0,,,0,0.0,87.418854,86413,0.1516,hold,,,0.0,,,0,0.0
2026-02-12,49032997,248,False,False,,679.414551,24981,0.3461,hold,,,0.0,,,0,0.0,599.883606,27705,0.339,hold,,,0.0,,,0,0.0,451.390015,17249,0.1588,hold,,,0.0,,,0,0.0,88.580338,86413,0.1561,hold,,,0.0,,,0,0.0
2026-02-13,49316112,248,False,False,,679.893188,24981,0.3444,hold,,,0.0,,,0,0.0,601.161987,27705,0.3377,hold,,,0.0,,,0,0.0,462.619995,17249,0.1618,hold,,,0.0,,,0,0.0,89.066772,86413,0.1561,hold,,,0.0,,,0,0.0
2026-02-17,49090496,248,False,False,,680.990173,24981,0.3465,hold,,,0.0,,,0,0.0,600.542725,27705,0.3389,hold,,,0.0,,,0,0.0,448.200012,17249,0.1575,hold,,,0.0,,,0,0.0,89.215683,86413,0.157,hold,,,0.0,,,0,0.0
2026-02-18,49445140,248,False,False,,684.420837,24981,0.3458,hold,,,0.0,,,0,0.0,605.0271,27705,0.339,hold,,,0.0,,,0,0.0,458.279999,17249,0.1599,hold,,,0.0,,,0,0.0,88.878151,86413,0.1553,hold,,,0.0,,,0,0.0
2026-02-19,49365651,248,False,False,,682.615723,24981,0.3454,hold,,,0.0,,,0,0.0,602.710022,27705,0.3383,hold,,,0.0,,,0,0.0,459.559998,17249,0.1606,hold,,,0.0,,,0,0.0,88.967499,86413,0.1557,hold,,,0.0,,,0,0.0
2026-02-20,49774993,248,False,False,,687.552307,24981,0.3451,hold,,,0.0,,,0,0.0,608.043335,27705,0.3384,hold,,,0.0,,,0,0.0,468.619995,17249,0.1624,hold,,,0.0,,,0,0.0,88.759033,86413,0.1541,hold,,,0.0,,,0,0.0
2026-02-23,49641526,248,False,False,,680.531494,24981,0.3425,hold,,,0.0,,,0,0.0,600.652588,27705,0.3352,hold,,,0.0,,,0,0.0,481.279999,17249,0.1672,hold,,,0.0,,,0,0.0,89.086624,86413,0.1551,hold,,,0.0,,,0,0.0
2026-02-24,49842517,248,False,False,,685.477905,24981,0.3436,hold,,,0.0,,,0,0.0,607.104492,27705,0.3375,hold,,,0.0,,,0,0.0,474.609985,17249,0.1642,hold,,,0.0,,,0,0.0,89.245461,86413,0.1547,hold,,,0.0,,,0,0.0
2026-02-25,50211120,248,False,False,,691.262207,24981,0.3439,hold,,,0.0,,,0,0.0,615.903381,27705,0.3398,hold,,,0.0,,,0,0.0,473.420013,17249,0.1626,hold,,,0.0,,,0,0.0,89.255394,86413,0.1536,hold,,,0.0,,,0,0.0
2026-02-26,50010250,248,False,False,,687.422607,24981,0.3434,hold,,,0.0,,,0,0.0,608.472778,27705,0.3371,hold,,,0.0,,,0,0.0,477.480011,17249,0.1647,hold,,,0.0,,,0,0.0,89.612762,86413,0.1548,hold,,,0.0,,,0,0.0
2026-02-27,50029164,248,False,False,,684.121643,24981,0.3416,hold,,,0.0,,,0,0.0,606.525208,27705,0.3359,hold,,,0.0,,,0,0.0,483.75,17249,0.1668,hold,,,0.0,,,0,0.0,90.15876,86413,0.1557,hold,,,0.0,,,0,0.0
2026-03-02,50090587,248,True,False,,684.51062,24981,0.3414,hold,INCREASE_TO_TARGET,rebalance 2026-03-02,431946.0,,,0,0.0,607.324219,27705,0.3359,hold,INCREASE_TO_TARGET,rebalance 2026-03-02,705788.0,,,0,0.0,490.0,17249,0.1687,hold,REDUCE_TO_TARGET,rebalance 2026-03-02,-938422.0,,,0,0.0,89.25338,86413,0.154,hold,REDUCE_TO_TARGET,rebalance 2026-03-02,-199064.0,,,0,0.0
2026-03-03,49378230,375,False,True,monthly,678.477112,25620,0.352,hold,,,0.0,INCREASE_TO_TARGET,buy,639,673.221445,600.822449,28886,0.3515,hold,,,0.0,INCREASE_TO_TARGET,buy,1181,595.57906,468.140015,15259,0.1447,hold,,,0.0,REDUCE_TO_TARGET,sell,1990,471.411497,89.074097,84161,0.1518,hold,,,0.0,REDUCE_TO_TARGET,sell,2252,88.360013
2026-03-04,49797796,375,False,False,,683.263977,25620,0.3515,hold,,,0.0,,,0,0.0,609.980896,28886,0.3538,hold,,,0.0,,,0,0.0,471.799988,15259,0.1446,hold,,,0.0,,,0,0.0,88.795212,84161,0.1501,hold,,,0.0,,,0,0.0
2026-03-05,49530414,375,False,False,,679.454407,25620,0.3515,hold,,,0.0,,,0,0.0,608.143127,28886,0.3547,hold,,,0.0,,,0,0.0,466.130005,15259,0.1436,hold,,,0.0,,,0,0.0,88.436646,84161,0.1503,hold,,,0.0,,,0,0.0
2026-03-06,49122937,375,False,False,,670.548706,25620,0.3497,hold,,,0.0,,,0,0.0,598.99469,28886,0.3522,hold,,,0.0,,,0,0.0,473.51001,15259,0.1471,hold,,,0.0,,,0,0.0,88.107956,84161,0.151,hold,,,0.0,,,0,0.0
2026-03-09,49554108,375,False,False,,676.422729,25620,0.3497,hold,,,0.0,,,0,0.0,606.994629,28886,0.3538,hold,,,0.0,,,0,0.0,472.529999,15259,0.1455,hold,,,0.0,,,0,0.0,88.874893,84161,0.1509,hold,,,0.0,,,0,0.0
2026-03-10,49528241,375,False,False,,675.335632,25620,0.3493,hold,,,0.0,,,0,0.0,607.004639,28886,0.354,hold,,,0.0,,,0,0.0,477.859985,15259,0.1472,hold,,,0.0,,,0,0.0,87.928673,84161,0.1494,hold,,,0.0,,,0,0.0
2026-03-11,49383935,375,False,False,,674.487976,25620,0.3499,hold,,,0.0,,,0,0.0,606.924744,28886,0.355,hold,,,0.0,,,0,0.0,476.23999,15259,0.1472,hold,,,0.0,,,0,0.0,86.793213,84161,0.1479,hold,,,0.0,,,0,0.0
2026-03-12,48663557,375,False,False,,664.245911,25620,0.3497,hold,,,0.0,,,0,0.0,596.507874,28886,0.3541,hold,,,0.0,,,0,0.0,466.880005,15259,0.1464,hold,,,0.0,,,0,0.0,86.623886,84161,0.1498,hold,,,0.0,,,0,0.0
2026-03-13,48336895,375,False,False,,660.486206,25620,0.3501,hold,,,0.0,,,0,0.0,592.97229,28886,0.3544,hold,,,0.0,,,0,0.0,460.839996,15259,0.1455,hold,,,0.0,,,0,0.0,86.195602,84161,0.1501,hold,,,0.0,,,0,0.0
2026-03-16,48751150,375,False,False,,667.207886,25620,0.3506,hold,,,0.0,,,0,0.0,599.623901,28886,0.3553,hold,,,0.0,,,0,0.0,460.429993,15259,0.1441,hold,,,0.0,,,0,0.0,86.86293,84161,0.15,hold,,,0.0,,,0,0.0
2026-03-17,48883064,375,False,False,,668.963013,25620,0.3506,hold,,,0.0,,,0,0.0,602.550232,28886,0.3561,hold,,,0.0,,,0,0.0,459.269989,15259,0.1434,hold,,,0.0,,,0,0.0,87.101974,84161,0.15,hold,,,0.0,,,0,0.0
2026-03-18,48138503,375,False,False,,659.62854,25620,0.3511,hold,,,0.0,,,0,0.0,594.150879,28886,0.3565,hold,,,0.0,,,0,0.0,444.73999,15259,0.141,hold,,,0.0,,,0,0.0,86.613922,84161,0.1514,hold,,,0.0,,,0,0.0
2026-03-19,47807348,375,False,False,,658.002991,25620,0.3526,hold,,,0.0,,,0,0.0,592.273193,28886,0.3579,hold,,,0.0,,,0,0.0,426.410004,15259,0.1361,hold,,,0.0,,,0,0.0,87.141815,84161,0.1534,hold,,,0.0,,,0,0.0
2026-03-20,46911506,375,False,False,,648.570007,25620,0.3542,hold,,,0.0,,,0,0.0,581.326965,28886,0.358,hold,,,0.0,,,0,0.0,413.380005,15259,0.1345,hold,,,0.0,,,0,0.0,85.488426,84161,0.1534,hold,,,0.0,,,0,0.0
2026-03-23,47183159,375,False,False,,655.380005,25620,0.3559,hold,,,0.0,,,0,0.0,588.0,28886,0.36,hold,,,0.0,,,0,0.0,404.040009,15259,0.1307,hold,,,0.0,,,0,0.0,86.046196,84161,0.1535,hold,,,0.0,,,0,0.0
2026-03-24,46980192,375,False,False,,653.179993,25620,0.3562,hold,,,0.0,,,0,0.0,583.97998,28886,0.3591,hold,,,0.0,,,0,0.0,404.130005,15259,0.1313,hold,,,0.0,,,0,0.0,85.667709,84161,0.1535,hold,,,0.0,,,0,0.0
2026-03-25,47439497,375,False,False,,656.820007,25620,0.3547,hold,,,0.0,,,0,0.0,587.820007,28886,0.3579,hold,,,0.0,,,0,0.0,416.290009,15259,0.1339,hold,,,0.0,,,0,0.0,86.4944,84161,0.1534,hold,,,0.0,,,0,0.0
2026-03-26,46433708,375,False,False,,645.090027,25620,0.3559,hold,,,0.0,,,0,0.0,573.789978,28886,0.3569,hold,,,0.0,,,0,0.0,400.640015,15259,0.1317,hold,,,0.0,,,0,0.0,85.767311,84161,0.1555,hold,,,0.0,,,0,0.0
2026-03-27,46003220,375,False,False,,634.090027,25620,0.3531,hold,,,0.0,,,0,0.0,562.580017,28886,0.3533,hold,,,0.0,,,0,0.0,414.700012,15259,0.1376,hold,,,0.0,,,0,0.0,85.299179,84161,0.1561,hold,,,0.0,,,0,0.0
2026-03-30,45918425,375,False,False,,631.969971,25620,0.3526,hold,,,0.0,,,0,0.0,558.280029,28886,0.3512,hold,,,0.0,,,0,0.0,414.579987,15259,0.1378,hold,,,0.0,,,0,0.0,86.434639,84161,0.1584,hold,,,0.0,,,0,0.0
2026-03-31,47167185,375,False,False,,650.340027,25620,0.3532,hold,,,0.0,,,0,0.0,577.179993,28886,0.3535,hold,,,0.0,,,0,0.0,430.290009,15259,0.1392,hold,,,0.0,,,0,0.0,86.345001,84161,0.1541,hold,,,0.0,,,0,0.0
2026-04-01,47606426,375,True,False,,655.23999,25620,0.3526,hold,,,0.0,,,0,0.0,584.309998,28886,0.3545,hold,,,0.0,,,0,0.0,437.820007,15259,0.1403,hold,,,0.0,,,0,0.0,86.260002,84161,0.1525,hold,,,0.0,,,0,0.0
2026-04-02,47557173,375,False,False,,655.830017,25620,0.3533,hold,,,0.0,,,0,0.0,584.97998,28886,0.3553,hold,,,0.0,,,0,0.0,429.410004,15259,0.1378,hold,,,0.0,,,0,0.0,86.790001,84161,0.1536,hold,,,0.0,,,0,0.0
2026-04-06,47699635,375,False,False,,658.929993,25620,0.3539,hold,,,0.0,,,0,0.0,588.5,28886,0.3564,hold,,,0.0,,,0,0.0,427.649994,15259,0.1368,hold,,,0.0,,,0,0.0,86.650002,84161,0.1529,hold,,,0.0,,,0,0.0
2026-04-07,47772300,375,False,False,,659.219971,25620,0.3535,hold,,,0.0,,,0,0.0,588.590027,28886,0.3559,hold,,,0.0,,,0,0.0,431.809998,15259,0.1379,hold,,,0.0,,,0,0.0,86.639999,84161,0.1526,hold,,,0.0,,,0,0.0
2026-04-08,48773035,375,False,False,,676.01001,25620,0.3551,hold,,,0.0,,,0,0.0,606.090027,28886,0.359,hold,,,0.0,,,0,0.0,434.529999,15259,0.1359,hold,,,0.0,,,0,0.0,86.919998,84161,0.15,hold,,,0.0,,,0,0.0
2026-04-09,49024444,375,False,False,,679.909973,25620,0.3553,hold,,,0.0,,,0,0.0,610.190002,28886,0.3595,hold,,,0.0,,,0,0.0,437.910004,15259,0.1363,hold,,,0.0,,,0,0.0,86.699997,84161,0.1488,hold,,,0.0,,,0,0.0
2026-04-10,49008761,375,False,False,,679.460022,25620,0.3552,hold,,,0.0,,,0,0.0,611.070007,28886,0.3602,hold,,,0.0,,,0,0.0,437.130005,15259,0.1361,hold,,,0.0,,,0,0.0,86.489998,84161,0.1485,hold,,,0.0,,,0,0.0
