Date,Open,High,Low,Close,Volume
2002-07-30,36.345116,36.411805,36.242859,36.242859,6100
2002-07-31,36.433976,36.811878,36.411748,36.691837,29400
2002-08-01,36.696285,36.909685,36.696285,36.900795,25000
2002-08-02,36.971961,37.389872,36.847474,37.278725,52800
2002-08-05,37.363181,37.541017,37.278708,37.443207,61100
2002-08-06,37.287607,37.300944,36.998624,37.123108,64900
2002-08-07,37.167593,37.407671,37.060893,37.212051,40300
2002-08-08,37.158703,37.243172,37.060893,37.212051,40900
2002-08-09,37.345427,37.736664,37.345427,37.736664,35900
2002-08-12,37.923392,38.545813,37.852256,37.96785,32100
2002-08-13,38.136766,38.443533,37.954486,38.434639,75400
2002-08-14,38.883707,39.079327,38.568049,38.581387,130000
2002-08-15,38.403521,38.456873,38.16789,38.243469,87100
2002-08-16,38.43025,38.465814,37.710015,37.816715,85000
2002-08-19,37.812218,37.941145,37.661056,37.932255,47300
2002-08-20,38.06565,38.363523,38.056756,38.35463,40800
2002-08-21,38.092302,38.279028,38.070071,38.150097,40000
2002-08-22,38.034566,38.034566,37.816715,37.816715,34400
2002-08-23,37.878922,38.212363,37.878922,38.190136,20100
2002-08-26,38.101186,38.327927,38.087849,38.225674,23900
2002-08-27,37.967869,38.092353,37.878949,37.985653,301800
2002-08-28,38.252379,38.314621,38.163459,38.1768,18100
2002-08-29,38.572475,38.616933,38.390192,38.483555,135700
2002-08-30,38.568033,38.736976,38.434656,38.714748,78100
2002-09-03,38.881307,39.309948,38.845587,39.309948,102100
2002-09-04,39.305468,39.426026,39.220632,39.301003,66300
2002-09-05,39.546563,39.582284,39.015226,39.515308,648400
2002-09-06,39.278688,39.376919,38.934881,39.050972,140000
2002-09-09,39.068843,39.21619,38.961684,38.992939,83800
2002-09-10,38.921521,39.292118,38.845616,39.180492,336000
2002-09-11,38.845559,38.97951,38.733933,38.975044,177700
2002-09-12,39.059906,39.354595,39.05544,39.27869,43400
2002-09-13,39.439407,39.711773,39.372432,39.640331,155100
2002-09-16,39.82789,39.836822,39.693942,39.707336,73000
2002-09-17,39.577847,39.881468,39.452828,39.783237,75400
2002-09-18,39.81004,39.988637,39.747526,39.792179,196600
2002-09-19,40.051138,40.082393,39.85468,40.06007,109900
2002-09-20,39.939485,39.97074,39.76535,39.872513,113500
2002-09-23,40.18506,40.292219,40.082364,40.22971,163200
2002-09-24,40.319043,40.604804,40.278856,40.488712,251900
2002-09-25,40.229703,40.345794,39.854644,39.997524,127200
2002-09-26,39.760902,39.97522,39.56444,39.903782,429000
2002-09-27,39.975256,40.202972,39.952933,40.202972,298200
2002-09-30,40.479773,40.586932,40.220802,40.363682,297800
2002-10-01,39.961665,40.024413,39.800312,39.86306,257500
2002-10-02,39.997469,40.10504,39.818188,40.091591,91000
2002-10-03,40.024389,40.118511,39.800289,39.993015,29900
2002-10-04,39.621034,40.21266,39.621034,40.118538,131000
2002-10-07,40.293336,40.320227,40.096126,40.185768,433800
2002-10-08,40.114033,40.571197,40.051285,40.199192,530900
2002-10-09,40.472592,40.508446,40.315719,40.405361,402900
2002-10-10,40.414317,40.414317,40.015418,40.087132,97100
2002-10-11,39.934739,39.988525,39.46861,39.612034,421800
2002-10-14,39.665849,39.688261,39.473122,39.553799,18300
2002-10-15,38.993526,39.127988,38.612556,38.617039,297100
2002-10-16,38.814238,38.814238,38.496015,38.634956,125200
2002-10-17,38.159866,38.348109,38.128492,38.164349,233400
2002-10-18,38.106074,38.27191,37.774406,38.262947,459100
2002-10-21,38.321222,38.366042,37.873021,37.890949,134900
2002-10-22,38.029899,38.029899,37.747533,37.78339,205000
2002-10-23,37.985081,38.18677,37.729606,37.796837,127800
2002-10-24,37.720621,38.209159,37.684765,38.128483,339600
2002-10-25,38.253999,38.348121,38.16436,38.267445,146100
2002-10-28,38.348127,38.383984,38.186774,38.213669,97800
2002-10-29,38.46462,38.944195,38.442209,38.711132,125000
2002-10-30,38.711149,38.850091,38.576688,38.697701,31900
2002-10-31,38.567713,38.930755,38.554264,38.87249,512700
2002-11-01,38.854054,39.137692,38.381321,38.709984,125100
2002-11-04,38.484886,38.606444,38.381333,38.53891,342500
2002-11-05,38.538878,38.538878,38.309265,38.390305,73800
2002-11-06,38.291308,38.777544,38.228277,38.54343,118500
2002-11-07,39.191732,39.497883,39.101686,39.497883,147900
2002-11-08,39.799519,39.912074,39.596917,39.817528,294700
2002-11-11,39.867062,40.033642,39.799528,40.033642,70000
2002-11-12,40.137225,40.137225,39.786053,39.804062,494300
2002-11-13,39.822038,39.930094,39.601431,39.889572,104700
2002-11-14,39.461877,39.461877,39.06118,39.06118,118000
2002-11-15,38.962117,39.27277,38.836055,39.218742,110700
2002-11-18,39.17821,39.452845,39.151198,39.394318,32200
2002-11-19,39.59693,39.722995,39.398835,39.538403,51800
2002-11-20,39.709495,39.718502,39.083688,39.151222,307400
2002-11-21,38.944089,38.944089,38.655948,38.773006,323200
2002-11-22,38.867568,38.89458,38.664966,38.737003,184800
2002-11-25,38.71901,38.890092,38.628967,38.664982,288200
2002-11-26,38.809053,39.178234,38.786544,39.151222,377800
2002-11-27,38.831568,38.867586,38.250782,38.268791,325600
2002-11-29,38.340825,38.552426,38.331819,38.516411,31700
2002-12-02,38.154102,38.624471,38.059124,38.552105,284900
2002-12-03,38.760157,38.760157,38.497839,38.606384,113800
2002-12-04,38.850636,38.895863,38.692339,38.805408,129000
2002-12-05,38.570204,39.022481,38.56116,38.904888,206400
2002-12-06,39.348116,39.388819,38.787293,38.972725,440500
2002-12-09,38.986281,39.280262,38.972713,39.189808,400300
2002-12-10,39.171729,39.316458,39.121978,39.293842,151600
2002-12-11,39.41597,39.642109,39.330037,39.556175,163800
2002-12-12,39.375268,39.619498,39.375268,39.519997,135800
2002-12-13,39.411445,39.420492,39.135555,39.135555,425800
2002-12-16,39.3029,39.3029,38.823484,38.841576,115700
2002-12-17,39.031535,39.054147,38.751122,38.841576,290600
2002-12-18,39.112937,39.207915,39.008912,39.144596,191000
2002-12-19,39.257684,39.569753,39.189841,39.492867,134400
2002-12-20,39.452158,39.601407,39.415975,39.519997,41900
2002-12-23,39.510969,39.52906,39.00894,39.52906,74200
2002-12-24,39.800373,39.836556,39.728007,39.750622,46600
2002-12-26,39.755183,39.827545,39.678296,39.827545,13500
2002-12-27,40.049156,40.266247,39.927039,40.266247,140200
2002-12-30,40.207453,40.361225,40.085336,40.361225,274900
2002-12-31,40.432119,40.60485,40.145755,40.259392,109400
2003-01-02,39.863942,39.954854,39.186665,39.218483,192100
2003-01-03,39.159412,39.336686,39.013956,39.309414,311200
2003-01-06,39.168473,39.22302,39.004835,39.204838,35600
2003-01-07,39.177591,39.432137,39.168498,39.345772,69800
2003-01-08,39.49121,39.609393,39.445755,39.54121,160100
2003-01-09,39.16849,39.16849,38.645757,38.782124,237500
2003-01-10,39.054846,39.054846,38.691208,38.882118,145200
2003-01-13,38.882115,39.032117,38.818478,38.945751,53300
2003-01-14,39.091247,39.21852,39.073064,39.082157,98900
2003-01-15,39.218471,39.40938,39.182106,39.273018,129600
2003-01-16,39.263943,39.363944,38.918488,39.327579,57900
2003-01-17,39.591228,39.654864,39.513955,39.523045,97700
2003-01-21,39.491269,39.750362,39.454908,39.750362,107500
2003-01-22,39.854892,39.954894,39.782163,39.945801,107100
2003-01-23,39.691272,39.864,39.682183,39.750362,110700
2003-01-24,39.882154,40.200341,39.882154,39.986702,285300
2003-01-27,39.954885,40.018522,39.773064,39.841248,150500
2003-01-28,39.841248,39.900338,39.591244,39.841248,454700
2003-01-29,39.923074,39.945799,39.536708,39.62307,221400
2003-01-30,39.636685,39.954871,39.591231,39.918507,108600
2003-01-31,39.954866,40.095775,39.791228,40.027592,182300
2003-02-03,39.990224,40.099701,39.826011,40.086014,55200
2003-02-04,40.309503,40.323187,40.190904,40.263885,56900
2003-02-05,40.245592,40.459977,39.880675,39.917168,223300
2003-02-06,40.067748,40.259331,40.044943,40.241085,120900
2003-02-07,40.035777,40.377885,39.971917,40.332272,247200
2003-02-10,40.195443,40.323163,39.9993,40.049477,76600
2003-02-11,39.958234,40.099641,39.880691,40.04034,259100
2003-02-12,40.049488,40.200013,39.990187,40.181767,121300
2003-02-13,40.263863,40.678956,40.218249,40.400707,440200
2003-02-14,40.27756,40.30949,39.962819,40.054047,829700
2003-02-18,39.940024,40.131608,39.839672,40.104237,213200
2003-02-19,40.318609,40.460013,40.254749,40.377907,62100
2003-02-20,40.295793,40.551236,40.295793,40.514744,486700
2003-02-21,40.396156,40.469141,40.236506,40.277561,250400
2003-02-24,40.542136,40.551261,40.423541,40.469154,168200
2003-02-25,40.779316,40.893352,40.596857,40.656155,358500
2003-02-26,40.770194,40.938969,40.665283,40.938969,334000
2003-02-27,40.806696,41.048452,40.738273,41.007401,695700
2003-02-28,40.907033,41.299317,40.861419,41.267387,213100
2003-03-03,41.20787,41.413908,41.166664,41.317757,204100
2003-03-04,41.267368,41.413884,41.217002,41.345207,83100
2003-03-05,41.491749,41.496325,41.226186,41.48259,126000
2003-03-06,41.459684,41.519205,41.235327,41.322323,166000
2003-03-07,41.537535,41.569586,41.230767,41.464275,263800
2003-03-10,41.578747,41.679478,41.519226,41.679478,147200
2003-03-11,41.661135,41.738975,41.542093,41.606194,82800
2003-03-12,41.629084,41.830546,41.610769,41.757286,454800
2003-03-13,41.276559,41.386446,40.988102,40.988102,830200
2003-03-14,41.162082,41.262812,41.03388,41.189552,590900
2003-03-17,41.445944,41.445944,40.68589,40.695045,724400
2003-03-18,40.731656,40.841542,40.296686,40.310421,415200
2003-03-19,40.310457,40.324193,39.985373,40.012844,398400
2003-03-20,40.209713,40.269235,39.724378,39.94873,206700
2003-03-21,39.797617,39.857142,39.399277,39.399277,843400
2003-03-24,39.880059,40.108991,39.765592,40.021999,373800
2003-03-25,40.131849,40.209685,39.788451,39.976173,606400
2003-03-26,39.94873,40.131877,39.94873,40.058617,309500
2003-03-27,40.177677,40.232622,39.985374,40.086105,191600
2003-03-28,40.255521,40.328781,40.163949,40.177685,253400
2003-03-31,40.429456,40.717909,40.429456,40.704174,643800
2003-04-01,40.648108,40.827438,40.418198,40.588329,289800
2003-04-02,40.303223,40.326212,40.133088,40.165276,312200
2003-04-03,40.119307,40.271049,40.068727,40.1423,245600
2003-04-04,40.031951,40.14231,39.949183,40.027355,184900
2003-04-07,39.645705,39.93999,39.507757,39.93539,485400
2003-04-08,40.027364,40.275664,39.999773,40.257275,194700
2003-04-09,40.188288,40.399804,40.082527,40.376812,102400
2003-04-10,40.349211,40.395192,40.165282,40.188274,53300
2003-04-11,39.921614,40.151524,39.815853,40.123936,450000
2003-04-14,40.050336,40.054935,39.871007,40.01355,207100
2003-04-15,40.156106,40.248069,40.022758,40.229675,128500
2003-04-16,40.248072,40.418206,40.220484,40.395214,97700
2003-04-17,40.574508,40.648081,40.372189,40.459553,106200
2003-04-21,40.225054,40.38599,40.123893,40.372196,148000
2003-04-22,40.533176,40.583756,40.289472,40.349247,299900
2003-04-23,40.363052,40.468812,40.280284,40.432026,42700
2003-04-24,40.648104,40.919396,40.648104,40.795246,199000
2003-04-25,40.809042,40.969979,40.776855,40.887211,529700
2003-04-28,40.965369,40.965369,40.822826,40.822826,80500
2003-04-29,40.707921,40.818277,40.611359,40.753902,177500
2003-04-30,40.827441,41.163108,40.799853,41.13092,293400
2003-05-01,41.234026,41.418932,41.049123,41.150818,231200
2003-05-02,41.169288,41.173912,40.804099,40.827213,231500
2003-05-05,40.822595,41.081465,40.771745,41.044483,77700
2003-05-06,41.067615,41.326486,40.919691,41.247902,260600
2003-05-07,41.603816,41.756365,41.520609,41.728626,306900
2003-05-08,41.881183,42.019864,41.733259,41.830334,437400
2003-05-09,41.742511,41.890435,41.696282,41.871944,110000
2003-05-12,42.130794,42.153909,41.941268,42.135418,364700
2003-05-13,42.01988,42.237145,41.987521,42.227898,227800
2003-05-14,42.449782,42.981387,42.352707,42.875065,1426500
2003-05-15,42.805689,43.254086,42.805689,43.009087,810300
2003-05-16,43.212487,43.34192,42.967483,43.323429,703900
2003-05-19,43.503702,43.563796,43.050682,43.175495,817800
2003-05-20,43.059963,43.813454,43.046096,43.813454,606600
2003-05-21,43.568481,44.220276,43.508388,43.808857,1799600
2003-05-22,43.961369,44.238727,43.868917,44.197124,576200
2003-05-23,44.271112,44.47451,44.211019,44.308094,690600
2003-05-27,44.201771,44.243373,43.508373,43.508373,846400
2003-05-28,43.406633,43.517576,43.133896,43.434368,730500
2003-05-29,43.591569,43.822701,43.485246,43.813454,508300
2003-05-30,43.660896,43.794953,43.439011,43.730236,722200
2003-06-02,43.580759,43.580759,43.214026,43.409,478600
2003-06-03,43.525029,43.905687,43.501816,43.757137,389400
2003-06-04,43.850023,43.966077,43.659695,43.887161,394100
2003-06-05,44.193538,44.277098,43.543636,43.543636,820900
2003-06-06,43.497212,43.706113,43.348663,43.701469,276800
2003-06-09,43.961424,44.044984,43.76181,43.993919,282200
2003-06-10,44.137854,44.532439,44.133211,44.518513,534800
2003-06-11,44.680959,44.843435,44.425638,44.462776,633600
2003-06-12,44.615958,44.903774,44.569537,44.810928,315400
2003-06-13,44.996655,45.15913,44.917738,45.112709,478400
2003-06-16,45.261264,45.335541,44.685635,44.685635,789300
2003-06-17,44.550962,44.578814,44.286358,44.332779,691600
2003-06-18,44.128565,44.128565,43.729337,43.766476,657600
2003-06-19,43.617902,43.859297,43.404362,43.682892,817700
2003-06-20,43.590034,43.659668,43.186164,43.520401,561700
2003-06-23,43.552899,43.836072,43.418276,43.780365,819900
2003-06-24,43.706087,44.184231,43.641097,44.184231,292900
2003-06-25,44.295647,44.328142,43.381137,43.478626,1002800
2003-06-26,43.288284,43.288284,42.763719,42.8937,1423800
2003-06-27,42.96337,42.96337,42.499152,42.740543,735900
2003-06-30,42.670893,42.949423,42.559481,42.94014,541900
2003-07-01,42.941523,43.09996,42.643286,42.727165,449000
2003-07-02,42.498863,42.904281,42.456925,42.834381,338800
2003-07-03,42.731829,42.73649,42.219234,42.219234,559100
2003-07-07,42.070108,42.214565,41.948948,41.948948,465400
2003-07-08,42.140043,42.163344,41.767244,41.986263,389600
2003-07-09,42.186588,42.261149,41.990871,42.121349,270400
2003-07-10,42.261182,42.289141,41.995565,42.107403,718000
2003-07-11,42.079463,42.3078,42.037522,42.3078,389500
2003-07-14,42.256531,42.345071,41.767234,41.823154,465900
2003-07-15,41.725314,41.874433,40.728083,40.844582,3171100
2003-07-16,40.732717,41.34317,40.611557,41.077553,1205400
2003-07-17,40.695407,41.026263,40.625507,40.951702,1030600
2003-07-18,40.84455,40.989007,40.746691,40.867847,550800
2003-07-21,40.774665,40.821264,39.912573,40.00111,1267600
2003-07-22,40.061684,40.243422,39.814706,40.196823,1576900
2003-07-23,40.448473,40.564972,40.262074,40.331974,1374700
2003-07-24,40.029054,40.112934,39.865957,39.977795,701100
2003-07-25,40.066342,40.364579,39.796063,39.870621,1273500
2003-07-28,39.721502,39.744803,39.330067,39.334728,1268500
2003-07-29,39.227555,39.77277,38.79884,38.79884,2139300
2003-07-30,39.022482,39.479159,38.943263,39.236839,1963400
2003-07-31,38.999186,39.008504,38.318833,38.654346,4706400
2003-08-01,38.433409,38.756419,38.377235,38.625343,3061200
2003-08-04,38.611326,38.957741,38.550467,38.957741,1858700
2003-08-05,38.953043,38.990494,38.292982,38.40065,2413000
2003-08-06,38.620685,39.215208,38.55983,39.159035,2549700
2003-08-07,39.229229,39.346261,38.920262,39.322853,1796400
2003-08-08,39.482052,39.692712,39.159045,39.163727,2399100
2003-08-11,39.112183,39.121544,38.81258,38.96706,1355000
2003-08-12,39.051345,39.159016,38.761107,38.784512,1534200
2003-08-13,38.480205,38.550426,38.007398,38.035484,2258100
2003-08-14,38.124452,38.433416,37.876344,38.410011,1612300
2003-08-15,38.480256,38.620696,38.339819,38.386631,515100
2003-08-18,38.52707,38.667507,38.391312,38.564518,655300
2003-08-19,38.644093,39.159035,38.620685,39.159035,1086500
2003-08-20,39.243265,39.261991,38.733002,38.948341,503600
2003-08-21,38.8828,39.06537,38.583198,38.854713,783600
2003-08-22,38.831326,39.252643,38.807921,39.027943,413200
2003-08-25,39.004552,39.107541,38.503653,38.723675,648200
2003-08-26,38.597261,39.027943,38.536405,39.027943,837200
2003-08-27,38.981124,38.981124,38.67216,38.850048,409100
2003-08-28,38.962417,39.313514,38.962417,39.252655,557200
2003-08-29,39.294793,39.318197,39.032638,39.159035,651100
2003-09-02,39.324527,39.333933,38.576878,38.586281,868700
2003-09-03,38.78378,38.78378,38.501644,38.647415,639900
2003-09-04,38.788506,38.891955,38.633336,38.863743,562900
2003-09-05,39.216371,39.540821,39.108219,39.531418,838000
2003-09-08,39.324532,39.710113,39.122337,39.122337,621100
2003-09-09,39.272808,39.470303,38.990676,39.404472,599900
2003-09-10,39.451503,39.827678,39.413885,39.804169,1285900
2003-09-11,39.620773,39.677197,39.404472,39.545536,859500
2003-09-12,39.978145,40.147425,39.710119,39.818272,1375300
2003-09-15,39.733613,39.916999,39.550228,39.757126,367100
2003-09-16,39.672502,39.733629,39.451498,39.696011,655200
2003-09-17,39.837085,40.232069,39.724233,40.189751,1223900
2003-09-18,40.274373,40.274373,39.888792,40.217945,615000
2003-09-19,40.274398,40.453081,40.199161,40.264992,869300
2003-09-22,39.968745,40.053385,39.606677,39.945232,1126400
2003-09-23,39.912301,40.222648,39.799449,40.217945,632100
2003-09-24,40.222651,40.669359,40.128605,40.56591,1005300
2003-09-25,40.580042,40.777534,40.509508,40.768127,846800
2003-09-26,40.880972,41.139591,40.824544,41.134892,1869700
2003-09-29,40.918566,41.12076,40.74929,40.805714,743000
2003-09-30,40.909183,41.496959,40.890374,41.482853,1623900
2003-10-01,41.316177,41.519216,41.245348,41.325619,931900
2003-10-02,41.004519,41.292552,40.79676,41.136734,1194100
2003-10-03,40.631475,40.7023,40.182897,40.272614,1451200
2003-10-06,40.192369,40.508732,40.173482,40.44735,507200
2003-10-07,40.348169,40.404833,39.960978,39.979866,594200
2003-10-08,39.875986,40.126246,39.828768,39.970425,811800
2003-10-09,39.625744,39.724902,39.498255,39.68713,1385600
2003-10-10,39.899603,40.008207,39.805168,39.923214,256600
2003-10-13,39.828804,39.899633,39.767422,39.767422,116300
2003-10-14,39.545463,39.710727,39.451028,39.493523,337100
2003-10-15,39.266943,39.333048,39.120563,39.299995,465600
2003-10-16,39.417983,39.554914,39.073287,39.144115,564900
2003-10-17,39.229088,39.517121,39.196036,39.446293,354500
2003-10-20,39.403808,39.73434,39.389643,39.578518,281600
2003-10-21,39.677708,39.842972,39.592715,39.724926,429700
2003-10-22,39.946827,40.135702,39.852392,40.112091,798000
2003-10-23,40.135699,40.135699,39.672956,39.819336,1055600
2003-10-24,40.135718,40.419028,39.975177,40.263206,1412200
2003-10-27,40.206552,40.291546,40.041288,40.182941,346900
2003-10-28,40.064873,40.46151,39.932662,40.395405,2200300
2003-10-29,40.26793,40.300983,39.951567,40.031837,926600
2003-10-30,39.663531,39.923234,39.569095,39.852406,936300
2003-10-31,40.008233,40.239602,39.540767,40.225437,887400
2003-11-03,40.091713,40.101197,39.845171,40.034821,957700
2003-11-04,40.134398,40.286117,40.105948,40.262409,246500
2003-11-05,40.214968,40.214968,39.949462,39.987389,275100
2003-11-06,39.717181,39.7883,39.589169,39.612877,861600
2003-11-07,39.408996,39.63183,39.375808,39.589161,725700
2003-11-10,39.636565,39.750353,39.446916,39.555965,553900
2003-11-11,39.565442,39.589149,39.522773,39.560703,99900
2003-11-12,39.759811,39.897307,39.726623,39.849895,321400
2003-11-13,40.110683,40.475759,40.082237,40.466274,920400
2003-11-14,40.442562,40.75548,40.395147,40.736515,484800
2003-11-17,40.840803,41.054156,40.750719,40.798134,695000
2003-11-18,40.760247,41.063684,40.670163,41.049461,632200
2003-11-19,40.973606,41.068433,40.565861,40.594311,553900
2003-11-20,40.892989,41.006777,40.679636,40.987812,373300
2003-11-21,41.049436,41.215377,41.011505,41.011505,516900
2003-11-24,40.859769,40.921403,40.655897,40.674862,573800
2003-11-25,40.750736,41.020985,40.750736,40.897717,298700
2003-11-26,40.821862,40.9641,40.45679,40.731781,613800
2003-11-28,40.466246,40.489953,40.361938,40.361938,311300
2003-12-01,40.213309,40.294307,39.927433,40.137074,1106600
2003-12-02,40.213307,40.308598,40.022722,40.308598,589100
2003-12-03,40.26571,40.394353,39.99889,40.146595,1446100
2003-12-04,40.146627,40.341974,40.113275,40.237152,561500
2003-12-05,40.64211,41.085219,40.556347,40.880341,1163800
2003-12-08,40.87085,40.87085,40.54209,40.594501,436200
2003-12-09,40.713589,40.832704,40.194248,40.308598,939200
2003-12-10,40.532519,40.546812,40.284761,40.375286,555700
2003-12-11,40.265718,40.680236,40.199013,40.665943,510500
2003-12-12,40.699296,40.918468,40.699296,40.74218,553100
2003-12-15,40.737401,40.918455,40.584933,40.718342,690000
2003-12-16,40.689785,40.908957,40.627843,40.85178,462800
2003-12-17,41.085252,41.285365,41.070955,41.128132,533100
2003-12-18,41.118585,41.499752,41.118585,41.499752,708100
2003-12-19,41.437828,41.485474,41.266302,41.485474,477600
2003-12-22,41.509291,41.614109,41.285353,41.371117,483700
2003-12-23,41.228191,41.309189,40.904198,40.904198,446600
2003-12-24,41.151941,41.290115,41.056647,41.290115,138900
2003-12-26,41.404479,41.471183,41.404479,41.442596,80500
2003-12-29,41.309161,41.342513,41.056637,41.07093,187800
2003-12-30,40.880377,41.042372,40.785082,40.904198,393900
2003-12-31,40.865882,40.961619,40.832374,40.904175,171400
2004-01-02,40.731831,40.731831,40.248356,40.420685,867100
2004-01-05,40.214852,40.391965,40.162195,40.315376,626400
2004-01-06,40.468576,40.875463,40.449428,40.760578,690500
2004-01-07,40.736647,41.023861,40.636122,40.923336,252000
2004-01-08,40.832381,40.995134,40.774937,40.90897,513300
2004-01-09,41.588715,41.679667,41.172255,41.622223,1623000
2004-01-12,41.454689,41.828068,41.454689,41.588722,863200
2004-01-13,41.492954,41.87112,41.43551,41.87112,465700
2004-01-14,41.880719,42.086557,41.717966,42.076984,1180300
2004-01-15,42.10088,42.273209,41.933339,42.234917,1537200
2004-01-16,42.450364,42.507808,41.938164,41.938164,751800
2004-01-20,41.885508,42.091346,41.885508,41.928589,629600
2004-01-21,42.005204,42.033925,41.856811,42.02914,570500
2004-01-22,42.100895,42.354605,41.986011,42.335457,443600
2004-01-23,42.39292,42.555677,41.770623,41.828064,1021300
2004-01-26,41.78975,41.818471,41.488172,41.574337,639500
2004-01-27,41.516921,41.837643,41.516921,41.832855,576100
2004-01-28,41.765827,42.053041,41.100446,41.464252,1823800
2004-01-29,41.272796,41.445126,41.177056,41.378109,814500
2004-01-30,41.598259,41.75144,41.45465,41.665276,526200
2004-02-02,41.553781,41.760469,41.520134,41.577816,335600
2004-02-03,41.779687,41.813334,41.625874,41.789303,350900
2004-02-04,41.717211,41.750858,41.568205,41.707596,645700
2004-02-05,41.741235,41.856598,41.452835,41.544163,971400
2004-02-06,41.885457,42.034463,41.832583,42.000816,798200
2004-02-09,42.087328,42.125782,42.005615,42.125782,272400
2004-02-10,42.048884,42.082531,41.837389,41.890263,203200
2004-02-11,41.8278,42.394989,41.774929,42.202724,1335100
2004-02-12,42.226706,42.298807,41.943113,42.024826,256700
2004-02-13,42.202724,42.346923,42.092169,42.202724,513600
2004-02-17,42.23154,42.24596,42.072919,42.173859,644100
2004-02-18,42.34687,42.385324,42.149797,42.23151,990900
2004-02-19,42.072923,42.274803,42.044084,42.274803,668900
2004-02-20,42.178678,42.217132,41.914308,41.981602,1009800
2004-02-23,42.00562,42.241146,41.971973,42.241146,504000
2004-02-24,42.322858,42.486284,42.23153,42.31805,940900
2004-02-25,42.404588,42.471881,42.31326,42.385361,572300
2004-02-26,42.226732,42.279606,42.077726,42.250767,399100
2004-02-27,42.404578,42.673751,42.279603,42.616074,836000
2004-03-01,42.691359,42.778228,42.488665,42.599663,771900
2004-03-02,42.527285,42.565891,42.179808,42.329414,676000
2004-03-03,42.174975,42.295626,42.039845,42.252193,718000
2004-03-04,42.179814,42.445245,42.150855,42.440422,421600
2004-03-05,43.323556,43.434557,43.202904,43.260818,2789800
2004-03-08,43.463503,43.588982,43.434548,43.51659,1309400
2004-03-09,43.555218,43.844781,43.526263,43.806171,829000
2004-03-10,43.685506,43.883377,43.666205,43.777203,878900
2004-03-11,43.941278,43.941278,43.506932,43.839928,1337100
2004-03-12,43.728944,43.825464,43.540728,43.569683,442100
2004-03-15,43.637244,43.743418,43.545551,43.642071,756200
2004-03-16,43.574517,44.004036,43.458692,44.004036,1374200
2004-03-17,44.143977,44.148804,43.868892,43.931629,1936500
2004-03-18,43.777208,43.94612,43.627601,43.699993,1842100
2004-03-19,43.661375,43.724113,43.535897,43.642071,366700
2004-03-22,43.719281,43.907501,43.719281,43.907501,947200
2004-03-23,43.86409,43.984741,43.796525,43.984741,562200
2004-03-24,43.994392,44.028174,43.878563,43.960606,327400
2004-03-25,43.782056,43.88823,43.748273,43.791706,514000
2004-03-26,43.666238,43.724148,43.241542,43.328411,1378600
2004-03-29,42.976089,43.062958,42.903697,43.038826,2454000
2004-03-30,43.09673,43.159468,42.985729,43.009861,1021000
2004-03-31,43.072597,43.255986,43.053293,43.217381,1647300
2004-04-01,43.109804,43.14856,42.901473,43.07589,1309200
2004-04-02,42.213517,42.213517,41.864688,42.010033,2603700
2004-04-05,41.82109,41.855004,41.622451,41.680588,1422700
2004-04-06,41.859866,41.908314,41.762966,41.908314,1695400
2004-04-07,41.811394,42.053638,41.787168,41.811394,659600
2004-04-08,41.74841,41.869532,41.656359,41.690273,893700
2004-04-12,41.574033,41.603105,41.472291,41.540119,311700
2004-04-13,41.147629,41.234837,41.070109,41.089489,1449500
2004-04-14,40.687368,41.065268,40.687368,41.055576,2529200
2004-04-15,41.021673,41.084659,40.784275,40.813343,1184800
2004-04-16,41.026516,41.11857,40.895706,40.968376,986900
2004-04-19,41.108867,41.137939,40.842401,40.881157,682100
2004-04-20,40.827867,40.905387,40.508106,40.508106,1618700
2004-04-21,40.561424,40.852116,40.561424,40.706768,763600
2004-04-22,40.818199,40.982923,40.764904,40.949009,1024300
2004-04-23,40.750387,40.861817,40.57597,40.716473,963200
2004-04-26,40.740669,40.837569,40.726135,40.784275,515800
2004-04-27,40.890902,40.963576,40.735865,40.93935,1033400
2004-04-28,40.842422,40.905405,40.508124,40.556572,1215700
2004-04-29,40.575959,40.78429,40.217438,40.357941,2504900
2004-04-30,40.420928,40.600191,40.343408,40.522671,831500
2004-05-03,40.418078,40.646677,40.418078,40.573719,668800
2004-05-04,40.675842,40.807166,40.218648,40.296467,3950900
2004-05-05,40.495898,40.495898,40.126249,40.184616,2236600
2004-05-06,40.155444,40.19922,40.063035,40.077625,3163200
2004-05-07,39.615569,39.63989,39.445337,39.552341,1756400
2004-05-10,39.630147,39.693375,39.450185,39.459911,958700
2004-05-11,39.45022,39.649634,39.45022,39.639908,766000
2004-05-12,39.591243,39.610699,39.367509,39.377235,1945700
2004-05-13,39.343205,39.357795,39.158382,39.226475,1187000
2004-05-14,39.416134,39.586366,39.265358,39.547455,4086400
2004-05-17,39.819856,39.91713,39.727443,39.897675,1735600
2004-05-18,39.737151,39.839294,39.673923,39.742016,674200
2004-05-19,39.591262,39.615579,39.469667,39.610718,319200
2004-05-20,39.756601,39.931697,39.698238,39.917107,1745900
2004-05-21,40.063036,40.067897,39.683657,39.756615,1461900
2004-05-24,39.849018,39.921975,39.727423,39.883064,314800
2004-05-25,39.89767,40.03872,39.887944,39.999809,645300
2004-05-26,40.077621,40.238127,40.038709,40.213806,505500
2004-05-27,40.384053,40.564015,40.286779,40.529968,1122800
2004-05-28,40.379176,40.612639,40.247855,40.418087,612700
2004-06-01,40.21886,40.233507,39.891716,40.047962,662000
2004-06-02,40.047975,40.101685,39.921027,39.945438,906600
2004-06-03,39.940542,40.06261,39.838002,40.028431,1173600
2004-06-04,40.057742,40.101684,39.76478,39.794075,568200
2004-06-07,39.755045,39.83805,39.657392,39.803871,377200
2004-06-08,39.647584,39.881955,39.588993,39.877071,1294200
2004-06-09,39.769681,39.80386,39.549961,39.706207,589400
2004-06-10,39.725719,39.842903,39.623183,39.784313,336200
2004-06-14,39.647569,39.676868,39.432733,39.466911,892200
2004-06-15,39.945444,40.340946,39.945444,40.301884,1567400
2004-06-16,40.062629,40.204224,40.03333,40.145634,494700
2004-06-17,40.08218,40.414205,40.02359,40.409325,552800
2004-06-18,40.409304,40.453246,40.218878,40.321415,394500
2004-06-21,40.345836,40.40443,40.277478,40.350719,731900
2004-06-22,40.248165,40.326287,40.213986,40.228634,362700
2004-06-23,40.179826,40.370252,40.126116,40.306778,302900
2004-06-24,40.65344,40.692499,40.477662,40.550903,1087900
2004-06-25,40.487407,40.59971,40.462995,40.589943,253200
2004-06-28,40.419074,40.46302,40.126112,40.174938,573100
2004-06-29,40.233509,40.448345,40.121205,40.428818,401500
2004-06-30,40.541139,40.892695,40.482549,40.843868,1730800
2004-07-01,40.861508,40.964457,40.655608,40.920338,1099300
2004-07-02,41.503696,41.518402,41.307599,41.351719,1293300
2004-07-06,41.459598,41.469401,41.248795,41.283112,351600
2004-07-07,41.278207,41.386061,41.243891,41.297817,303500
2004-07-08,41.327219,41.444875,41.292902,41.322315,715200
2004-07-09,41.302721,41.386061,41.224281,41.366451,2152900
2004-07-12,41.47922,41.503733,41.39588,41.425293,1297800
2004-07-13,41.278213,41.31253,41.155653,41.302727,307100
2004-07-14,41.337042,41.361556,41.253703,41.317432,241400
2004-07-15,41.322348,41.366468,41.263518,41.361568,562700
2004-07-16,41.596857,41.915514,41.596857,41.91061,2970600
2004-07-19,41.871411,41.949848,41.846898,41.940044,978300
2004-07-20,41.822376,41.856693,41.474306,41.56255,1091500
2004-07-21,41.381192,41.454725,41.273338,41.449825,662800
2004-07-22,41.464486,41.596849,41.464486,41.508606,154700
2004-07-23,41.562576,41.655723,41.562576,41.645916,209200
2004-07-26,41.591992,41.591992,41.405702,41.449825,712000
2004-07-27,41.376248,41.410564,40.890911,40.890911,961200
2004-07-28,40.797774,40.949747,40.709531,40.895821,495200
2004-07-29,40.8223,41.008593,40.8223,40.988983,519600
2004-07-30,41.214487,41.48902,41.18017,41.46941,578400
2004-08-02,41.587512,41.64165,41.498923,41.523533,714800
2004-08-03,41.582574,41.74991,41.538281,41.690849,509500
2004-08-04,41.67612,41.892672,41.587531,41.710571,481300
2004-08-05,41.774548,41.877901,41.764706,41.828686,623100
2004-08-06,42.52754,42.749011,42.384814,42.532459,1240900
2004-08-09,42.399579,42.493087,42.360206,42.384815,322100
2004-08-10,42.453728,42.542317,42.232254,42.232254,860100
2004-08-11,42.237159,42.45863,42.192867,42.414337,898400
2004-08-12,42.325767,42.502945,42.271629,42.502945,697500
2004-08-13,42.655477,42.768675,42.581652,42.640713,637500
2004-08-16,42.55704,42.586569,42.335566,42.493057,729400
2004-08-17,42.522643,42.744114,42.502956,42.734272,182000
2004-08-18,42.832694,42.847458,42.522635,42.527557,365300
2004-08-19,42.571856,42.694896,42.493109,42.630917,372900
2004-08-20,42.611213,42.694879,42.522624,42.591526,875400
2004-08-23,42.379906,42.409435,42.311004,42.345455,1007200
2004-08-24,42.301181,42.394692,42.212592,42.370083,1044200
2004-08-25,42.483242,42.640733,42.44879,42.517693,588200
2004-08-26,42.601378,42.758869,42.542321,42.758869,478000
2004-08-27,42.734262,42.832693,42.640751,42.72934,304400
2004-08-30,42.817885,42.931084,42.778512,42.931084,259100
2004-08-31,42.965561,43.310071,42.936029,43.196873,1721100
2004-09-01,43.335219,43.335219,43.06345,43.241337,1388900
2004-09-02,43.172177,43.172177,42.816402,42.816402,867000
2004-09-03,42.727495,42.821381,42.495252,42.821381,958100
2004-09-07,42.61383,42.781836,42.589125,42.776894,475500
2004-09-08,42.623696,43.147473,42.584165,43.137592,584800
2004-09-09,43.098073,43.275961,42.920186,42.974541,284800
2004-09-10,43.177144,43.251264,43.019022,43.038788,711700
2004-09-13,43.088172,43.251236,43.048645,43.226532,152900
2004-09-14,43.167206,43.325328,43.078263,43.270973,695700
2004-09-15,43.236427,43.236427,43.078306,43.172192,642500
2004-09-16,43.26609,43.720693,43.236443,43.661396,1103400
2004-09-17,43.547741,43.676216,43.42915,43.443974,765400
2004-09-20,43.611955,43.765134,43.577366,43.730545,727200
2004-09-21,43.661341,43.938052,43.532866,43.858994,1018500
2004-09-22,43.878803,44.377872,43.804683,44.313637,2541200
2004-09-23,44.308664,44.412431,44.135719,44.135719,2391000
2004-09-24,44.150551,44.219729,44.027019,44.190083,1984300
2004-09-27,44.274103,44.417401,44.25928,44.382812,1420800
2004-09-28,44.31362,44.447033,44.08632,44.20491,1161100
2004-09-29,43.829352,43.913357,43.760174,43.774998,1970700
2004-09-30,43.552686,43.666337,43.463742,43.60704,1945700
2004-10-01,43.414,43.4785,43.309807,43.389191,1999300
2004-10-04,43.165931,43.463626,43.165931,43.453705,1106200
2004-10-05,43.428895,43.513242,43.374317,43.453705,501700
2004-10-06,43.389203,43.399128,43.175854,43.255241,531300
2004-10-07,43.165957,43.255266,43.036954,43.066727,2128600
2004-10-08,43.647209,43.766286,43.538053,43.637283,1534500
2004-10-11,43.637259,43.711684,43.528107,43.681915,60800
2004-10-12,43.830785,43.855595,43.74148,43.78117,757900
2004-10-13,43.662112,43.93996,43.637302,43.93996,648000
2004-10-14,43.910149,44.163192,43.865497,44.148308,717100
2004-10-15,44.063965,44.153274,43.751386,43.994503,746400
2004-10-18,43.984605,44.054068,43.845681,44.014374,613600
2004-10-19,43.825825,44.153289,43.796053,44.128483,505400
2004-10-20,44.287277,44.460932,44.257505,44.431164,1127100
2004-10-21,44.376545,44.604779,44.376545,44.460892,1649200
2004-10-22,44.406338,44.565109,44.341839,44.565109,491500
2004-10-25,44.689147,44.699069,44.555186,44.599838,246800
2004-10-26,44.629581,44.659353,44.465851,44.465851,503700
2004-10-27,44.589914,44.679223,44.01933,44.029251,2351800
2004-10-28,44.029285,44.237675,43.920129,44.173172,839200
2004-10-29,44.212853,44.401393,44.118581,44.376587,1169300
2004-11-01,44.215143,44.339693,44.040774,44.100555,923500
2004-11-02,44.080655,44.205205,43.995958,44.165348,709300
2004-11-03,43.856478,44.215182,43.841533,44.185291,1066600
2004-11-04,44.269933,44.389499,44.21513,44.230076,2285100
2004-11-05,43.71196,43.806619,43.602356,43.746834,1838000
2004-11-08,43.592403,43.642223,43.542584,43.592403,454100
2004-11-09,43.542563,43.706969,43.542563,43.567471,373000
2004-11-10,43.497754,43.577468,43.298478,43.403099,1303400
2004-11-11,43.567503,43.567503,43.308441,43.308441,309700
2004-11-12,43.512708,43.896323,43.507728,43.776756,1125900
2004-11-15,43.816574,43.841486,43.711953,43.816574,763200
2004-11-16,43.746827,43.816574,43.692024,43.816574,520900
2004-11-17,43.786692,44.220126,43.786692,44.190231,1249400
2004-11-18,44.115529,44.369608,44.045782,44.324772,891500
2004-11-19,44.289855,44.35462,43.886312,43.971008,1244500
2004-11-22,44.015845,44.274911,43.990938,44.20018,511500
2004-11-23,44.090545,44.439282,44.080583,44.254951,746300
2004-11-24,44.294808,44.294808,44.205132,44.254951,309700
2004-11-26,43.985981,44.010889,43.956091,43.966053,697100
2004-11-29,43.577463,43.642227,43.428002,43.497749,1546400
2004-11-30,43.313412,43.423016,43.158967,43.313412,1754500
2004-12-01,43.37091,43.395923,43.110786,43.24585,2489800
2004-12-02,43.105852,43.170886,43.025815,43.070835,2881500
2004-12-03,43.596072,43.851196,43.486018,43.741142,2233700
2004-12-06,43.766144,43.946232,43.746134,43.891205,1314100
2004-12-07,43.89119,43.966227,43.771133,43.946217,784300
2004-12-08,44.226382,44.631577,44.201368,44.631577,2639700
2004-12-09,44.516509,44.656576,44.306409,44.336422,1428900
2004-12-10,44.496473,44.5465,44.356406,44.446449,1445000
2004-12-13,44.431439,44.666553,44.421436,44.541492,677400
2004-12-14,44.391471,44.741643,44.371461,44.716629,1568200
2004-12-15,44.99672,45.146794,44.941693,45.12178,2511500
2004-12-16,44.966719,44.966719,44.446467,44.456474,1998200
2004-12-17,44.261341,44.461434,44.236327,44.396404,1319800
2004-12-20,44.456461,44.571514,44.431447,44.476471,230500
2004-12-21,44.55145,44.641494,44.471414,44.611481,245200
2004-12-22,44.626533,44.626533,44.371409,44.461452,511600
2004-12-23,44.391424,44.416438,44.306384,44.316387,738600
2004-12-27,44.186357,44.206367,43.871202,43.971252,1322600
2004-12-28,43.951202,43.976216,43.721091,43.936195,1253500
2004-12-29,43.956239,44.021269,43.806165,43.891205,567500
2004-12-30,43.921213,44.246367,43.891196,44.18634,626400
2004-12-31,44.374629,44.515229,44.339479,44.465015,1056400
2005-01-03,44.279194,44.610608,44.269153,44.560394,1168000
2005-01-04,44.550376,44.56544,44.093422,44.093422,1935400
2005-01-05,44.183826,44.46503,44.158721,44.329449,1094100
2005-01-06,44.334472,44.460009,44.299322,44.359577,1057400
2005-01-07,44.570476,44.625712,44.364594,44.460003,738700
2005-01-10,44.510229,44.550402,44.424865,44.530315,379400
2005-01-11,44.640797,44.831612,44.560452,44.791439,844100
2005-01-12,44.625701,44.911924,44.590551,44.851665,722000
2005-01-13,45.067551,45.283474,45.05751,45.283474,1876700
2005-01-14,45.142903,45.393976,45.097708,45.278481,1043800
2005-01-18,45.092709,45.439187,45.057559,45.429146,1251600
2005-01-19,45.594862,45.614944,45.328721,45.559711,655800
2005-01-20,45.404016,45.705303,45.368866,45.65007,1064200
2005-01-21,45.494405,45.720373,45.454233,45.700287,606300
2005-01-24,45.740473,45.946355,45.695282,45.896141,561400
2005-01-25,45.876066,45.896152,45.449242,45.464306,1942200
2005-01-26,45.619948,45.655098,45.509476,45.549648,709800
2005-01-27,45.454261,45.544647,45.363874,45.464306,463900
2005-01-28,45.805747,45.996561,45.780638,45.921238,1128000
2005-01-31,45.861001,46.071901,45.840915,46.051815,1313900
2005-02-01,46.089604,46.119845,45.893028,45.978714,948200
2005-02-02,45.968629,46.099681,45.913184,46.08456,760300
2005-02-03,45.898086,46.089625,45.898086,46.05938,505800
2005-02-04,46.608754,46.845655,46.603713,46.699482,3483900
2005-02-07,46.744851,47.0876,46.724689,47.047276,1064600
2005-02-08,47.062371,47.440403,47.042209,47.314392,1383800
2005-02-09,47.097715,47.500947,47.06747,47.440464,2125800
2005-02-10,47.122841,47.21861,46.749851,46.800255,1240000
2005-02-11,46.603719,46.865823,46.573478,46.770054,1275200
2005-02-14,46.825463,46.981715,46.739777,46.916191,295000
2005-02-15,46.674314,46.805366,46.659193,46.679356,900200
2005-02-16,46.628936,46.659178,46.271067,46.502926,1189700
2005-02-17,46.250876,46.442411,46.170228,46.210552,1146400
2005-02-18,45.641008,45.842622,45.595643,45.79726,2655800
2005-02-22,45.681344,45.74183,45.565416,45.595657,914600
2005-02-23,45.938403,45.953523,45.580533,45.746868,1115000
2005-02-24,45.948474,46.03416,45.646046,45.646046,798500
2005-02-25,45.812368,45.938379,45.676279,45.867813,588800
2005-02-28,45.918222,45.918222,45.308332,45.373856,2797300
2005-03-01,45.273759,45.435559,45.228251,45.359715,1648500
2005-03-02,45.228247,45.364768,45.213079,45.299034,1139300
2005-03-03,45.314224,45.405237,45.228265,45.273773,1600600
2005-03-04,45.501293,45.845119,45.440621,45.764221,1567000
2005-03-07,45.936102,46.006889,45.88554,45.946217,889800
2005-03-08,45.572067,45.642854,45.476001,45.511395,680400
2005-03-09,45.091789,45.203028,44.717627,44.768188,2549600
2005-03-10,44.869242,45.167563,44.692274,45.041157,1357700
2005-03-11,44.823767,44.935005,44.69736,44.712528,1017900
2005-03-14,44.682212,45.000755,44.646818,44.98053,805000
2005-03-15,45.14733,45.152387,44.697323,44.697323,963900
2005-03-16,44.768094,45.182706,44.768094,44.970345,2097800
2005-03-17,45.177688,45.293984,45.061397,45.117016,1025300
2005-03-18,44.950185,44.990636,44.833889,44.833889,722700
2005-03-21,44.833857,44.833857,44.687225,44.707451,893100
2005-03-22,44.97036,45.025979,44.262483,44.328213,2544900
2005-03-23,44.25745,44.575997,44.25745,44.5406,1951700
2005-03-24,44.656905,44.727693,44.586118,44.631622,746800
2005-03-28,44.490045,44.495103,44.353528,44.358585,382200
2005-03-29,44.535558,44.636682,44.490049,44.621513,1135000
2005-03-30,44.596197,44.874292,44.575975,44.843956,1095600
2005-03-31,45.101842,45.197912,44.929931,45.167576,2410900
2005-04-01,45.436536,45.502513,44.913811,45.319813,2805300
2005-04-04,45.309677,45.50253,45.253852,45.309677,754800
2005-04-05,45.289347,45.350248,45.132023,45.192924,733300
2005-04-06,45.37565,45.390874,45.269071,45.350273,402800
2005-04-07,45.319804,45.461904,44.969627,44.984852,973000
2005-04-08,44.944268,45.167569,44.832617,45.142193,438600
2005-04-11,45.152346,45.482222,45.137121,45.385796,1460200
2005-04-12,45.284297,45.878072,45.228472,45.807022,1931500
2005-04-13,45.852675,45.898352,45.573552,45.695351,1001700
2005-04-14,45.715667,45.735968,45.502518,45.624317,1461800
2005-04-15,45.94911,46.243462,45.78671,46.228233,2807300
2005-04-18,46.370351,46.380499,46.152125,46.192722,3510800
2005-04-19,46.355095,46.710347,46.344946,46.639297,1733600
2005-04-20,46.294255,46.573378,46.273954,46.522629,1617900
2005-04-21,46.334843,46.395741,46.03034,46.035416,1288500
2005-04-22,46.319617,46.476945,46.228267,46.42112,876300
2005-04-25,46.517512,46.59871,46.441386,46.558109,818300
2005-04-26,46.684978,46.715431,46.355102,46.487053,549300
2005-04-27,46.715437,46.791559,46.588562,46.64946,684900
2005-04-28,46.715468,47.019967,46.664714,46.994591,1062000
2005-04-29,46.979338,47.167115,46.801714,46.913364,1445100
2005-05-02,46.933726,46.989751,46.709624,46.903164,1358200
2005-05-03,46.89298,47.132361,46.816582,47.030495,1884900
2005-05-04,46.577242,46.71476,46.373518,46.617989,2211500
2005-05-05,46.500813,46.775842,46.454972,46.724911,1757900
2005-05-06,46.312402,46.449917,46.251283,46.378613,850600
2005-05-09,46.353134,46.470275,46.34804,46.424438,327800
2005-05-10,46.531407,46.755508,46.521218,46.755508,495500
2005-05-11,46.928706,47.122246,46.852307,46.898148,1058700
2005-05-12,46.857357,47.096738,46.714749,47.081459,657000
2005-05-13,47.218976,47.376863,47.147671,47.264816,1698100
2005-05-16,47.387051,47.40233,47.203696,47.20879,824800
2005-05-17,47.346311,47.463456,47.315753,47.341217,856300
2005-05-18,47.723212,47.774147,47.539856,47.657001,1092300
2005-05-19,47.723209,47.723209,47.509296,47.534763,948800
2005-05-20,47.49401,47.626434,47.473637,47.590782,806800
2005-05-23,47.672205,47.993079,47.656926,47.962517,905600
2005-05-24,48.145944,48.207064,47.967683,48.095013,1695400
2005-05-25,48.176476,48.207038,47.738466,47.758835,1923300
2005-05-26,47.667166,47.911641,47.667166,47.743565,978300
2005-05-27,47.743571,47.865811,47.641709,47.794502,650600
2005-05-31,47.988016,48.410752,47.988016,48.385284,1979000
2005-06-01,48.665945,48.993111,48.660836,48.977776,3823200
2005-06-02,48.936898,49.172048,48.936898,49.095367,1703400
2005-06-03,49.534989,49.586108,48.665952,48.691513,5558100
2005-06-06,48.819329,49.013583,48.742649,48.947128,1088700
2005-06-07,49.315161,49.371393,49.100459,49.335609,1503100
2005-06-08,49.233372,49.30494,49.100464,49.100464,1272400
2005-06-09,48.906217,49.080026,48.783531,49.059578,612700
2005-06-10,48.844865,48.844865,48.492138,48.507473,1464800
2005-06-13,48.297873,48.323431,48.139399,48.21608,1616700
2005-06-14,48.078061,48.134293,47.832685,47.899139,1984500
2005-06-15,47.740692,47.986069,47.710022,47.986069,1996800
2005-06-16,47.950249,48.267188,47.832672,48.226292,1370300
2005-06-17,48.108747,48.292778,48.062737,48.22121,555900
2005-06-20,47.960501,48.154755,47.848037,48.13942,453000
2005-06-21,48.246769,48.492146,48.216099,48.492146,503100
2005-06-22,48.814204,49.120921,48.696631,49.080029,952200
2005-06-23,48.972668,49.064684,48.839756,49.0289,996300
2005-06-24,49.197596,49.304947,49.085132,49.274277,928000
2005-06-27,49.325368,49.488951,49.253801,49.407162,1203600
2005-06-28,49.238505,49.264066,49.028916,49.069809,982400
2005-06-29,49.315167,49.32028,48.870424,48.993111,1682400
2005-06-30,49.003351,49.442981,48.977789,49.432755,2159400
2005-07-01,49.264486,49.377337,48.725878,48.833599,2222700
2005-07-05,48.397621,48.597674,48.356583,48.371975,1076100
2005-07-06,48.541209,48.643803,48.438619,48.638672,854100
2005-07-07,48.951602,49.013158,48.710511,48.741287,1678000
2005-07-08,48.859253,48.859253,48.382202,48.541218,1259300
2005-07-11,48.274481,48.551479,48.192406,48.541218,982000
2005-07-12,48.397565,48.489897,48.248806,48.269325,743700
2005-07-13,48.243743,48.269388,48.14628,48.197575,886600
2005-07-14,48.269359,48.289878,48.01288,48.074436,874300
2005-07-15,47.961565,48.233432,47.961565,48.202656,1064700
2005-07-18,48.141099,48.202655,47.75638,47.843582,1204500
2005-07-19,47.823079,48.074427,47.766653,48.012871,1226900
2005-07-20,47.966731,48.341189,47.797454,48.274506,1884500
2005-07-21,47.951363,47.982139,47.540994,47.617939,3824200
2005-07-22,47.756406,48.023147,47.720499,47.98724,1614900
2005-07-25,47.910291,48.069307,47.776921,47.812828,305100
2005-07-26,47.843595,47.915412,47.7923,47.889763,340500
2005-07-27,47.741014,47.843604,47.710238,47.812828,593300
2005-07-28,47.900009,48.305247,47.900009,48.238564,578900
2005-07-29,48.11544,48.11544,47.628127,47.761497,1699500
2005-08-01,47.625125,47.676611,47.377988,47.583935,1760300
2005-08-02,47.506655,47.604481,47.347048,47.429428,1071400
2005-08-03,47.496391,47.707488,47.496391,47.661148,591100
2005-08-04,47.671411,47.774386,47.470614,47.56329,1046800
2005-08-05,47.213218,47.300748,47.135991,47.192627,1041600
2005-08-08,47.202898,47.290424,47.079331,47.105072,836600
2005-08-09,47.213205,47.290436,46.996962,47.28014,1474800
2005-08-10,47.372799,47.419136,47.130812,47.228638,909300
2005-08-11,47.383095,47.599338,47.213188,47.558151,881600
2005-08-12,47.686871,48.109061,47.661126,48.042126,1765100
2005-08-15,48.016405,48.037,47.908284,47.918579,954300
2005-08-16,48.232628,48.345899,48.139952,48.253223,1311000
2005-08-17,48.145083,48.258355,47.872205,47.933987,1278200
2005-08-18,48.114246,48.299598,48.02157,48.289303,833900
2005-08-19,48.06791,48.315044,48.057611,48.284153,439200
2005-08-22,48.160543,48.294409,47.985487,48.232624,599300
2005-08-23,48.258397,48.51583,48.217206,48.454044,491800
2005-08-24,48.536357,48.567252,48.320115,48.500317,998200
2005-08-25,48.541522,48.711428,48.428251,48.654793,812400
2005-08-26,48.732077,48.850494,48.500384,48.6394,874600
2005-08-29,48.824723,48.850464,48.654817,48.701153,550100
2005-08-30,48.824745,49.092474,48.76811,49.010098,1392700
2005-08-31,49.07188,49.427139,49.066735,49.421989,1310800
2005-09-01,49.243228,49.465393,49.046897,49.124397,1899000
2005-09-02,49.020999,49.232833,48.979669,49.165668,621400
2005-09-06,49.088186,49.17085,48.814355,48.819519,965300
2005-09-07,48.659392,48.659392,48.235728,48.359726,1090200
2005-09-08,48.509552,48.556054,48.359719,48.411385,373100
2005-09-09,48.545739,48.731739,48.504405,48.566406,426300
2005-09-12,48.390702,48.416533,48.147869,48.230534,917300
2005-09-13,48.442393,48.628392,48.380392,48.483723,450400
2005-09-14,48.473366,48.504365,48.246033,48.297703,346400
2005-09-15,48.230548,48.230548,47.739719,47.899883,2225800
2005-09-16,47.688017,47.781017,47.471016,47.584682,2145500
2005-09-19,47.626033,47.760367,47.584699,47.688034,886100
2005-09-20,47.682911,47.94641,47.471077,47.812077,1848800
2005-09-21,48.194362,48.261531,48.116862,48.256363,993000
2005-09-22,48.240845,48.282175,48.116843,48.209843,761700
2005-09-23,48.075531,48.101362,47.848198,47.848198,656800
2005-09-26,47.589876,47.729374,47.584709,47.63121,680900
2005-09-27,47.672541,47.822374,47.502045,47.698376,827800
2005-09-28,47.734548,48.060045,47.667384,48.018715,712800
2005-09-29,47.843084,47.848252,47.719086,47.80175,657100
2005-09-30,47.832699,47.889532,47.533033,47.636364,1391800
2005-10-03,47.611494,47.824159,47.253589,47.263966,1370900
2005-10-04,47.393623,47.481801,47.310629,47.419556,783200
2005-10-05,47.554412,47.710023,47.497354,47.627029,1215800
2005-10-06,47.564833,47.585581,47.429973,47.445534,340000
2005-10-07,47.248392,47.694474,47.180962,47.637417,1337800
2005-10-10,47.642605,47.704851,47.523307,47.606297,159700
2005-10-11,47.637427,47.678923,47.435134,47.507751,679100
2005-10-12,47.429945,47.429945,47.020172,47.046104,1105700
2005-10-13,46.812686,46.942361,46.724508,46.874931,1376600
2005-10-14,46.994254,47.046124,46.589669,46.802338,1042600
2005-10-17,46.900873,46.999427,46.745265,46.791946,1058200
2005-10-18,46.921609,46.931985,46.80231,46.843803,878200
2005-10-19,47.025332,47.134259,46.864532,46.864532,904800
2005-10-20,46.828267,46.994251,46.750462,46.989063,810300
2005-10-21,47.113543,47.445511,47.072046,47.424763,1252800
2005-10-24,47.367715,47.4144,46.937193,47.056496,939100
2005-10-25,47.108337,47.22764,46.646694,46.651882,632900
2005-10-26,46.397722,46.527397,46.247302,46.309544,2895800
2005-10-27,46.475548,46.574102,46.31994,46.475548,1197400
2005-10-28,46.537755,46.620745,46.226536,46.480698,750400
2005-10-31,46.563694,46.703745,46.465144,46.568882,547700
2005-11-01,46.593391,46.708013,46.416248,46.51524,647100
2005-11-02,46.411023,46.572533,46.280772,46.296402,781100
2005-11-03,46.312041,46.353723,45.973388,45.98381,962900
2005-11-04,46.067188,46.181809,45.775426,45.910889,1888700
2005-11-07,46.108854,46.145324,46.030703,46.067173,1121600
2005-11-08,46.312048,46.53608,46.312048,46.51524,1396800
2005-11-09,46.254744,46.332895,46.035923,46.035923,1140300
2005-11-10,46.223464,46.619428,46.176571,46.598587,1695200
2005-11-11,46.681956,46.734056,46.598597,46.624645,193700
2005-11-14,46.567323,46.603793,46.171363,46.275562,1230100
2005-11-15,46.239128,46.708033,46.239128,46.577782,839800
2005-11-16,46.786159,47.119601,46.760107,47.067497,1822300
2005-11-17,46.978915,47.359249,46.916397,47.182106,1003100
2005-11-18,47.083166,47.124843,46.921652,46.963333,734200
2005-11-21,47.067507,47.234232,47.0623,47.103981,503300
2005-11-22,47.083122,47.239421,47.0727,47.166481,1026900
2005-11-23,47.197725,47.249829,46.817395,46.984116,768300
2005-11-25,47.103983,47.171712,47.067508,47.156082,421500
2005-11-28,47.161241,47.484265,47.161241,47.390484,883400
2005-11-29,47.453064,47.468694,46.906008,46.942478,889200
2005-11-30,47.046676,47.046676,46.796592,46.890373,1642800
2005-12-01,47.094445,47.099679,46.665363,46.817112,1214800
2005-12-02,46.71244,46.858959,46.64965,46.832794,746200
2005-12-05,46.754342,46.754342,46.492706,46.623524,431100
2005-12-06,46.785708,47.157231,46.738612,47.09967,968800
2005-12-07,46.989781,47.047341,46.843261,46.921753,386600
2005-12-08,47.083965,47.282807,46.989776,47.225246,976200
2005-12-09,47.083958,47.099656,46.817089,46.853718,817400
2005-12-12,46.963651,46.963651,46.644454,46.764809,440500
2005-12-13,46.947899,47.000225,46.769985,46.937431,598700
2005-12-14,47.199088,47.523518,47.167693,47.418865,635000
2005-12-15,47.32468,47.32468,47.089206,47.303749,724300
2005-12-16,47.528744,47.58107,47.387459,47.460716,684500
2005-12-19,47.408378,47.670014,47.387447,47.507801,469800
2005-12-20,47.397945,47.513066,47.303756,47.450272,236000
2005-12-21,47.371784,47.397949,47.2462,47.36655,193100
2005-12-22,47.57587,47.779946,47.57064,47.743317,692700
2005-12-23,47.717135,48.161915,47.670039,48.036331,2295800
2005-12-27,48.125274,48.449699,48.036318,48.428772,519500
2005-12-28,48.356809,48.472408,48.209685,48.293758,1295700
2005-12-29,48.356801,48.409345,48.178152,48.398838,740600
2005-12-30,48.624779,48.651049,48.183402,48.288494,1099500
2006-01-03,48.125578,48.472374,48.067783,48.225414,1392700
2006-01-04,48.099348,48.377834,48.036293,48.341053,387600
2006-01-05,48.277955,48.414572,48.183375,48.283211,453400
2006-01-06,48.220175,48.288485,48.073051,48.193905,1193700
2006-01-09,48.183378,48.225414,48.099308,48.225414,413600
2006-01-10,48.14657,48.172844,47.831304,47.836559,698900
2006-01-11,47.946943,47.967961,47.68422,47.757782,394600
2006-01-12,47.883918,48.088842,47.815612,48.078335,626600
2006-01-13,48.125599,48.498669,48.120347,48.356796,491000
2006-01-17,48.341049,48.603772,48.304268,48.572247,454300
2006-01-18,48.740367,48.745618,48.404082,48.556461,622100
2006-01-19,48.377808,48.572224,48.320008,48.414589,490600
2006-01-20,48.509181,48.593254,48.367312,48.540707,842600
2006-01-23,48.235959,48.60377,48.199178,48.524952,720400
2006-01-24,48.341038,48.440874,48.214932,48.288494,300500
2006-01-25,48.083549,48.115075,47.705228,47.763027,1204500
2006-01-26,47.579116,47.605386,47.316393,47.558098,764100
2006-01-27,47.710478,47.710478,47.374193,47.558098,1091400
2006-01-30,47.447779,47.552867,47.416249,47.51083,308500
2006-01-31,47.474062,47.673734,47.395244,47.642204,676100
2006-02-01,47.537226,47.700692,47.379031,47.479221,622300
2006-02-02,47.479274,47.674381,47.384358,47.568916,658500
2006-02-03,47.458142,47.985455,47.363225,47.906357,1524600
2006-02-06,47.974949,48.096229,47.927489,48.001312,755100
2006-02-07,48.048764,48.048764,47.721829,47.774559,280500
2006-02-08,47.922178,47.922178,47.611065,47.663795,261700
2006-02-09,47.53198,47.932739,47.489794,47.880009,1119200
2006-02-10,48.090915,48.185831,47.584695,47.616337,938000
2006-02-13,47.584727,47.648007,47.542546,47.621639,218700
2006-02-14,47.405432,47.563624,47.310516,47.452888,836100
2006-02-15,47.532005,47.706019,47.394902,47.568916,720300
2006-02-16,47.563611,47.616345,47.45815,47.579433,427800
2006-02-17,47.880036,48.022408,47.880036,47.959129,731400
2006-02-21,47.932739,47.98547,47.86946,47.880009,433300
2006-02-22,48.048748,48.222758,48.032925,48.20694,559000
2006-02-23,48.148934,48.148934,47.948557,48.085659,288300
2006-02-24,48.217454,48.217454,47.959068,48.011803,485700
2006-02-27,48.170002,48.170002,47.84307,47.932713,446200
2006-02-28,47.985478,48.217497,47.943292,48.170036,744200
2006-03-01,48.032445,48.085365,47.82607,47.87899,713600
2006-03-02,47.656752,47.677919,47.307504,47.545628,1640000
2006-03-03,47.349807,47.386849,47.217516,47.270432,1253300
2006-03-06,47.08525,47.090539,46.831248,46.857708,872700
2006-03-07,46.778299,46.963506,46.730672,46.889423,1692900
2006-03-08,46.868311,47.032351,46.80481,46.873604,1184700
2006-03-09,46.862963,46.921172,46.709505,46.889423,282100
2006-03-10,46.736019,46.815394,46.571978,46.714851,1086900
2006-03-13,46.640731,46.709521,46.571941,46.677773,1740100
2006-03-14,46.804764,47.090514,46.804764,46.989975,904400
2006-03-15,46.799471,46.852387,46.646012,46.73597,971000
2006-03-16,46.836533,47.270449,46.794198,47.159325,1048000
2006-03-17,47.01643,47.095806,46.963514,47.01643,703500
2006-03-20,47.21748,47.222768,47.085188,47.090477,576000
2006-03-21,47.175207,47.175207,46.757165,46.847122,817200
2006-03-22,46.963529,47.085239,46.900028,46.947655,205500
2006-03-23,47.000558,47.027018,46.746557,46.799477,613400
2006-03-24,46.847116,47.249284,46.831242,47.143448,954800
2006-03-27,47.12227,47.12227,46.884142,46.968811,467100
2006-03-28,46.778345,46.79422,46.482009,46.529636,1094900
2006-03-29,46.476702,46.577241,46.233286,46.307369,1071700
2006-03-30,46.111584,46.190959,45.82054,45.984585,1152000
2006-03-31,46.026913,46.111577,45.931663,45.968704,1167700
2006-04-03,45.776394,46.047293,45.723278,45.983551,1549700
2006-04-04,46.052619,46.158856,45.872022,45.935764,749100
2006-04-05,46.052617,46.095111,45.946384,45.9995,638600
2006-04-06,45.834851,45.834851,45.55333,45.648941,2022100
2006-04-07,45.378035,45.484268,45.096515,45.202747,1956500
2006-04-10,45.22931,45.308986,45.128386,45.287739,1527100
2006-04-11,45.457731,45.521469,45.324938,45.447105,1237300
2006-04-12,45.468377,45.537432,45.149674,45.170921,1902000
2006-04-13,44.88403,44.958394,44.761859,44.852161,3219400
2006-04-17,44.905292,45.133697,44.804368,45.016838,1465400
2006-04-18,45.12306,45.293035,45.011515,45.096504,2680300
2006-04-19,44.857456,44.93182,44.6503,44.820274,1830300
2006-04-20,44.841548,44.889356,44.682199,44.783119,1378200
2006-04-21,44.899992,45.07528,44.751265,45.043411,1303000
2006-04-24,45.117759,45.356784,45.069951,45.223991,991500
2006-04-25,45.170876,45.202745,44.650326,44.687508,2067400
2006-04-26,44.538769,44.66094,44.475031,44.613132,1544900
2006-04-27,44.485702,44.777849,44.432586,44.671612,1864200
2006-04-28,44.602525,44.730005,44.49098,44.703449,809400
2006-05-01,44.6181,44.623434,44.324808,44.367466,1795500
2006-05-02,44.399494,44.548807,44.399494,44.484814,1097900
2006-05-03,44.484831,44.490165,44.228867,44.388844,1114000
2006-05-04,44.463469,44.474136,44.314156,44.314156,977800
2006-05-05,44.794086,44.836748,44.522121,44.58078,1685900
2006-05-08,44.655463,44.67146,44.543478,44.607471,666400
2006-05-09,44.554119,44.623442,44.436801,44.58078,341300
2006-05-10,44.687466,44.80478,44.447495,44.660801,1320200
2006-05-11,44.506124,44.506124,44.308815,44.442131,1189800
2006-05-12,44.159512,44.266167,44.026196,44.074192,1804700
2006-05-15,44.074194,44.383487,44.074194,44.250172,1433500
2006-05-16,44.303485,44.602111,44.303485,44.58078,1677600
2006-05-17,44.212889,44.303543,44.111568,44.303543,1440800
2006-05-18,44.55415,44.916769,44.543482,44.906101,2177700
2006-05-19,44.858097,45.25271,44.836766,45.023407,2619500
2006-05-22,45.242025,45.40734,45.050054,45.119377,2652000
2006-05-23,44.820774,45.092735,44.810106,45.092735,1394900
2006-05-24,45.22609,45.327412,45.076777,45.114105,1226300
2006-05-25,45.178031,45.183365,44.895403,44.938061,678000
2006-05-26,44.922098,45.060748,44.906101,44.906101,398400
2006-05-30,44.895418,44.954077,44.79943,44.88475,482200
2006-05-31,44.97538,45.023376,44.570104,44.618095,880700
2006-06-01,44.651311,44.886879,44.62454,44.81728,1561100
2006-06-02,45.358054,45.449069,45.240268,45.395531,2041900
2006-06-05,45.406193,45.411548,45.245579,45.336594,1102900
2006-06-06,45.325931,45.604331,45.28845,45.550793,2188000
2006-06-07,45.363387,45.561478,45.320555,45.561478,1324100
2006-06-08,45.636401,45.925511,45.566802,45.652462,3496700
2006-06-09,45.695334,45.946967,45.695334,45.893429,657200
2006-06-12,45.872004,45.930897,45.791695,45.930897,528700
2006-06-13,45.963017,46.011204,45.802403,45.963017,1448300
2006-06-14,45.775658,45.80778,45.459781,45.502609,1439100
2006-06-15,45.341944,45.422249,45.192036,45.240219,1734600
2006-06-16,45.347339,45.379465,45.068939,45.138538,1184600
2006-06-19,45.084948,45.12778,44.961811,45.074242,1233700
2006-06-20,45.042126,45.074252,44.908279,44.999298,611400
2006-06-21,45.106395,45.106395,45.010025,45.010025,476000
2006-06-22,44.886857,44.918983,44.736949,44.75301,745500
2006-06-23,44.769086,44.827979,44.624529,44.662006,675500
2006-06-26,44.662011,44.688782,44.501397,44.576351,526100
2006-06-27,44.640575,44.833314,44.640575,44.795837,429100
2006-06-28,44.774451,44.774451,44.538883,44.560299,381300
2006-06-29,44.747728,44.87622,44.629942,44.710251,1609300
2006-06-30,44.70488,45.18673,44.70488,45.143898,1219000
2006-07-03,45.093883,45.12613,45.002513,45.099258,716800
2006-07-05,44.825171,44.835919,44.583306,44.739174,1289200
2006-07-06,44.787549,45.034786,44.787549,45.013287,451400
2006-07-07,45.255085,45.394828,45.190591,45.303459,1356900
2006-07-10,45.244364,45.362609,45.174494,45.346485,480400
2006-07-11,45.46474,45.60986,45.459368,45.491615,423800
2006-07-12,45.324998,45.588358,45.292747,45.502365,641000
2006-07-13,45.523896,45.712015,45.513149,45.679764,1347400
2006-07-14,45.588379,45.771121,45.588379,45.706623,1343900
2006-07-17,45.669,45.787245,45.604502,45.776493,514100
2006-07-18,45.523838,45.550713,45.362599,45.384098,621000
2006-07-19,45.324986,45.846334,45.276611,45.814083,1267400
2006-07-20,45.66898,46.023709,45.66898,45.948463,1320200
2006-07-21,46.007603,46.045226,45.792614,45.862488,652100
2006-07-24,45.905483,45.95923,45.797987,45.835609,393900
2006-07-25,45.808718,45.889336,45.631352,45.701221,948200
2006-07-26,45.636746,45.883983,45.615247,45.867855,717100
2006-07-27,45.943082,45.943082,45.749592,45.797962,295500
2006-07-28,46.034465,46.163457,46.00759,46.061337,769800
2006-07-31,46.018366,46.120483,45.980744,46.120483,375100
2006-08-01,46.040584,46.137716,45.88949,46.116131,577800
2006-08-02,46.067556,46.288799,45.975817,46.288799,477400
2006-08-03,46.207852,46.429099,46.148493,46.299591,500500
2006-08-04,46.623379,46.666549,46.56402,46.580208,1246000
2006-08-07,46.585611,46.617987,46.504667,46.607197,1127600
2006-08-08,46.612584,46.715114,46.456093,46.504662,844400
2006-08-09,46.27261,46.418306,46.251024,46.353554,372400
2006-08-10,46.32661,46.32661,46.110761,46.28344,539000
2006-08-11,46.121529,46.153905,46.06217,46.083755,450800
2006-08-14,46.056796,46.067591,45.970458,46.002834,662300
2006-08-15,46.288794,46.456075,46.288794,46.391323,1093800
2006-08-16,46.715113,46.752887,46.655755,46.704323,838900
2006-08-17,46.823058,46.823058,46.634191,46.688152,922300
2006-08-18,46.796069,46.898599,46.758296,46.823048,1050700
2006-08-21,46.887785,46.990314,46.876994,46.990314,676400
2006-08-22,46.947138,47.071253,46.93095,47.006496,749300
2006-08-23,46.97955,47.076682,46.871627,47.028118,801700
2006-08-24,47.168391,47.184579,47.076652,47.114426,1206700
2006-08-25,47.076681,47.265549,47.055096,47.184608,569000
2006-08-28,47.168413,47.227768,47.076674,47.227768,582300
2006-08-29,47.082066,47.292519,46.93637,47.292519,1345600
2006-08-30,47.39501,47.416595,47.303275,47.416595,1180500
2006-08-31,47.346453,47.594678,47.346453,47.529926,1272400
2006-09-01,47.470355,47.622052,47.389088,47.546204,893400
2006-09-05,47.410791,47.48122,47.22117,47.248257,2271300
2006-09-06,47.074863,47.183216,46.982762,47.183216,1853400
2006-09-07,47.096524,47.307816,46.993585,47.275311,1716100
2006-09-08,47.39993,47.459525,47.313248,47.313248,540300
2006-09-11,47.399949,47.399949,47.10739,47.269924,557600
2006-09-12,47.215707,47.5191,47.13444,47.508266,820800
2006-09-13,47.692464,47.692464,47.49201,47.529934,797000
2006-09-14,47.486623,47.605814,47.362012,47.421608,672800
2006-09-15,47.546167,47.649101,47.378214,47.383633,1047200
2006-09-18,47.118195,47.340321,47.118195,47.307816,871400
2006-09-19,47.600408,47.838791,47.58957,47.838791,1229600
2006-09-20,47.882105,47.936285,47.75208,47.909195,827400
2006-09-21,47.865858,48.369709,47.865858,48.348038,1698600
2006-09-22,48.39139,48.597263,48.39139,48.58643,1428600
2006-09-25,48.673088,48.927723,48.656835,48.927723,2607600
2006-09-26,48.759775,48.813952,48.662256,48.721851,2200000
2006-09-27,48.895251,48.911504,48.559349,48.58102,1165400
2006-09-28,48.451002,48.537684,48.364316,48.49976,1796800
2006-09-29,48.591836,48.613508,48.266768,48.44014,1398000
2006-10-02,48.464069,48.654443,48.393359,48.572857,1211900
2006-10-03,48.627237,48.648995,48.491255,48.507572,854900
2006-10-04,48.589177,48.872018,48.589177,48.861141,1155500
2006-10-05,48.703424,48.703424,48.382504,48.518486,1241600
2006-10-06,48.458629,48.46407,47.985414,48.012608,2472400
2006-10-09,47.920137,48.192102,47.871186,48.14315,834900
2006-10-10,47.838547,47.925578,47.66449,47.762398,1398700
2006-10-11,47.838578,47.882094,47.550296,47.62101,1521600
2006-10-12,47.664461,47.740611,47.582875,47.648144,586400
2006-10-13,47.479546,47.51762,47.381638,47.408836,1414100
2006-10-16,47.53942,47.626446,47.523102,47.62101,897600
2006-10-17,47.800453,47.892924,47.599202,47.659035,730800
2006-10-18,47.697156,47.8005,47.621006,47.756989,499600
2006-10-19,47.64272,47.735191,47.517619,47.669918,797300
2006-10-20,47.653644,47.702596,47.62101,47.62101,280700
2006-10-23,47.403409,47.436043,47.256546,47.430603,1200600
2006-10-24,47.414286,47.457801,47.403409,47.430603,243400
2006-10-25,47.468682,47.849435,47.446929,47.80592,558400
2006-10-26,47.947293,48.148544,47.947293,48.11591,1558300
2006-10-27,48.420522,48.436843,48.246465,48.338936,1601500
2006-10-30,48.349836,48.474941,48.322638,48.474941,901200
2006-10-31,48.545659,48.882896,48.485826,48.850258,964600
2006-11-01,48.929428,49.207903,48.842062,49.120537,1440100
2006-11-02,48.940352,49.016795,48.858451,48.91851,853300
2006-11-03,48.416169,48.508992,48.214142,48.339725,1534100
2006-11-06,48.241436,48.481689,48.241436,48.481689,528000
2006-11-07,48.749261,48.874849,48.661899,48.705578,525900
2006-11-08,48.727431,48.880318,48.645526,48.880318,706300
2006-11-09,48.852982,48.918502,48.803837,48.852982,729600
2006-11-10,48.951234,49.164184,48.951234,49.065899,738100
2006-11-13,49.055004,49.055004,48.852977,49.055004,462400
2006-11-14,49.328059,49.355362,49.207937,49.246159,916400
2006-11-15,49.169675,49.169675,49.000404,49.060467,1803200
2006-11-16,49.142367,49.16967,48.749227,48.836594,1494400
2006-11-17,48.902098,49.262477,48.874799,49.115047,1752000
2006-11-20,49.142403,49.207928,49.06596,49.191544,857200
2006-11-21,49.218826,49.355332,49.120541,49.311649,605100
2006-11-22,49.33896,49.420865,49.289816,49.393562,770300
2006-11-24,49.551916,49.633821,49.480934,49.480934,533400
2006-11-27,49.267971,49.661106,49.207907,49.661106,784500
2006-11-28,49.819452,49.824914,49.557362,49.764851,1466300
2006-11-29,49.852204,49.884965,49.639254,49.650173,1206400
2006-11-30,49.83583,50.0324,49.764848,49.977798,1428600
2006-12-01,50.02822,50.313221,49.956972,50.10495,1156000
2006-12-04,50.039186,50.21457,49.995339,50.192646,460700
2006-12-05,50.072084,50.159774,49.874777,49.956989,1833700
2006-12-06,49.891209,49.973421,49.814479,49.858326,936100
2006-12-07,49.869267,49.924074,49.737731,49.819942,739200
2006-12-08,49.792551,49.858321,49.430824,49.458225,2090300
2006-12-11,49.671978,49.732267,49.606212,49.671978,727700
2006-12-12,49.726791,49.858327,49.573326,49.776115,802800
2006-12-13,49.496581,49.518504,49.228026,49.332161,1217900
2006-12-14,49.228044,49.271891,49.107467,49.151314,687600
2006-12-15,49.644596,49.688443,49.107481,49.178734,1162100
2006-12-18,49.173252,49.239018,49.101999,49.195175,441400
2006-12-19,49.058104,49.222524,49.058104,49.129353,930700
2006-12-20,49.134884,49.151326,49.080078,49.12392,336800
2006-12-21,49.167717,49.430795,49.107429,49.370506,770700
2006-12-22,49.233521,49.24448,48.893713,48.992367,1433200
2006-12-26,49.025255,49.156796,48.97593,49.140354,496200
2006-12-27,49.097942,49.12544,48.77898,48.77898,840700
2006-12-28,48.889011,48.922005,48.427065,48.669037,1080200
2006-12-29,48.586559,48.696548,48.509568,48.630554,775500
2007-01-03,49.064996,49.196979,48.757035,48.977005,1870400
2007-01-04,49.065014,49.301485,49.065014,49.273987,1697000
2007-01-05,48.834047,49.164006,48.806548,49.059517,1298400
2007-01-08,49.010004,49.147488,48.971509,49.147488,414200
2007-01-09,49.207981,49.207981,49.064997,49.147488,481500
2007-01-10,48.982517,49.015512,48.878028,48.927525,519600
2007-01-11,48.828527,48.834028,48.537064,48.641548,1293500
2007-01-12,48.47657,48.85602,48.339086,48.416077,846300
2007-01-16,48.52058,48.526077,48.410591,48.52058,702800
2007-01-17,48.509588,48.542583,48.295114,48.372105,724200
2007-01-18,48.361099,48.548074,48.273108,48.52058,918300
2007-01-19,48.476617,48.476617,48.322637,48.388626,882500
2007-01-22,48.476588,48.575576,48.46009,48.504082,432000
2007-01-23,48.405078,48.421579,48.15761,48.185108,1096800
2007-01-24,48.20711,48.229103,48.119118,48.179611,463700
2007-01-25,48.091629,48.10263,47.778168,47.833164,1397000
2007-01-26,47.723188,47.888169,47.651698,47.794682,1576800
2007-01-29,47.877119,47.899116,47.62415,47.690144,1015300
2007-01-30,47.783631,47.794632,47.712142,47.745136,1295100
2007-01-31,47.679172,48.179613,47.679172,48.146618,2078000
2007-02-01,48.397854,48.458593,48.038941,48.088634,986200
2007-02-02,48.083107,48.254278,48.083107,48.149364,814700
2007-02-05,48.25982,48.292949,48.1273,48.215645,395500
2007-02-06,48.149368,48.497239,48.127285,48.480675,770500
2007-02-07,48.535896,48.657374,48.502762,48.624241,836200
2007-02-08,48.585607,48.762302,48.541436,48.66291,980200
2007-02-09,48.530315,48.546879,48.342579,48.386749,878300
2007-02-12,48.309527,48.397876,48.221181,48.276398,467600
2007-02-13,48.309529,48.309529,48.149399,48.171486,1310600
2007-02-14,48.326068,48.696027,48.326068,48.629765,2262500
2007-02-15,48.883779,48.911389,48.773346,48.773346,893800
2007-02-16,48.916916,48.988701,48.856181,48.944527,1476700
2007-02-20,48.867191,49.060451,48.867191,49.054928,847400
2007-02-21,48.883761,48.977629,48.856155,48.972111,379800
2007-02-22,48.81748,48.839563,48.640781,48.707043,485200
2007-02-23,48.883756,49.110148,48.861669,49.054928,735700
2007-02-26,49.226115,49.386245,49.204027,49.380722,763400
2007-02-27,49.551896,50.3912,49.474592,50.004677,3243200
2007-02-28,49.783801,49.954973,49.634713,49.778278,1701900
2007-03-01,50.040491,50.123634,49.691296,49.746723,2423900
2007-03-02,49.863079,50.151307,49.702337,49.996105,1619800
2007-03-05,50.151279,50.162363,49.918478,50.07922,1505200
2007-03-06,49.918508,50.084794,49.879708,49.929596,837400
2007-03-07,49.92961,50.162407,49.874183,50.123608,915400
2007-03-08,50.045964,50.118019,49.946194,50.07922,574700
2007-03-09,49.541597,49.829825,49.436286,49.552685,1534700
2007-03-12,49.735639,49.87421,49.707924,49.746723,594400
2007-03-13,50.012719,50.073686,49.874149,50.045975,553800
2007-03-14,49.968418,50.184587,49.796588,49.81876,1698100
2007-03-15,49.752231,49.863085,49.702343,49.813202,394900
2007-03-16,49.702323,49.840893,49.691239,49.802094,623800
2007-03-19,49.652476,49.718987,49.619216,49.696819,693900
2007-03-20,49.835384,49.857552,49.713442,49.724525,768400
2007-03-21,49.541638,49.935177,49.159187,49.746723,1513400
2007-03-22,49.597042,49.597042,49.236759,49.353157,1484300
2007-03-23,49.436305,49.441845,49.209048,49.214592,1679700
2007-03-26,49.120357,49.480636,49.053842,49.275555,763600
2007-03-27,49.131454,49.22568,49.08711,49.192425,619800
2007-03-28,49.28109,49.391944,49.00395,49.092632,816900
2007-03-29,49.075995,49.14805,48.954053,49.026108,823000
2007-03-30,49.136985,49.286639,48.898645,48.9319,2015100
2007-04-02,49.018676,49.079873,48.963043,49.013111,579600
2007-04-03,48.968586,49.052037,48.946336,48.951897,617000
2007-04-04,49.052052,49.146628,48.901843,49.001984,576900
2007-04-05,49.013091,49.02422,48.796121,48.818375,436400
2007-04-09,48.556906,48.573595,48.473455,48.495708,1283900
2007-04-10,48.618112,48.707127,48.573604,48.640366,674400
2007-04-11,48.662643,48.72384,48.556938,48.60701,476200
2007-04-12,48.679308,48.718251,48.556913,48.618111,495100
2007-04-13,48.629283,48.662662,48.406748,48.467945,557800
2007-04-16,48.623663,48.779436,48.623663,48.734928,833600
2007-04-17,48.896292,49.046504,48.868473,49.007557,1254200
2007-04-18,49.163316,49.269016,49.157751,49.252327,450800
2007-04-19,49.324681,49.352495,49.068763,49.168903,1305900
2007-04-20,49.207841,49.207841,48.990871,49.040943,664500
2007-04-23,49.035361,49.28571,48.979728,49.218952,419000
2007-04-24,49.207833,49.413678,49.207833,49.402554,881300
2007-04-25,49.274591,49.396986,49.018678,49.230083,569000
2007-04-26,49.196722,49.196722,48.874046,48.874046,2048400
2007-04-27,48.963021,48.985275,48.835062,48.862881,428700
2007-04-30,49.141081,49.374741,49.096573,49.374741,485700
2007-05-01,49.460744,49.494245,49.198308,49.410488,487200
2007-05-02,49.38253,49.404866,49.298773,49.38253,443900
2007-05-03,49.343492,49.343492,49.142477,49.270901,427000
2007-05-04,49.427207,49.494213,49.416042,49.471878,262000
2007-05-07,49.52772,49.611477,49.51097,49.605892,210200
2007-05-08,49.700828,49.700828,49.494228,49.494228,488400
2007-05-09,49.499805,49.50539,49.282039,49.29879,634900
2007-05-10,49.360233,49.466321,49.309977,49.416069,519500
2007-05-11,49.494209,49.52771,49.209438,49.242943,1238400
2007-05-14,49.265326,49.293242,49.114563,49.114563,315200
2007-05-15,49.242953,49.254118,48.947016,49.097775,382400
2007-05-16,49.058677,49.136849,49.041927,49.064262,599500
2007-05-17,48.913518,48.980524,48.807429,48.863266,397000
2007-05-18,48.773925,48.857682,48.511489,48.53941,856500
2007-05-21,48.539438,48.712532,48.483601,48.684616,821100
2007-05-22,48.678966,48.690132,48.39978,48.433281,920200
2007-05-23,48.489127,48.489127,48.19319,48.293697,914500
2007-05-24,48.276992,48.349579,47.997805,48.338413,1598200
2007-05-25,48.243466,48.360724,48.20438,48.226715,754900
2007-05-29,48.304906,48.338407,47.925212,48.221149,1055700
2007-05-30,48.461218,48.461218,48.237868,48.321625,612000
2007-05-31,48.332819,48.343989,48.042466,48.232311,1725900
2007-06-01,48.152718,48.679648,47.950913,47.978939,1694300
2007-06-04,48.113485,48.21999,48.023792,48.197571,877700
2007-06-05,48.147117,48.175147,47.861226,47.894863,1145400
2007-06-06,47.849994,47.950896,47.793938,47.872417,1129200
2007-06-07,47.440764,47.48561,46.936257,47.014736,5010400
2007-06-08,46.869004,47.154895,46.728863,46.975513,5307600
2007-06-11,46.801707,47.025934,46.672779,46.840946,2043800
2007-06-12,46.476629,46.762515,46.078622,46.162708,9043900
2007-06-13,46.358899,46.953103,46.330873,46.712059,8751200
2007-06-14,46.605535,46.925058,46.555087,46.594326,3384700
2007-06-15,46.762493,46.936272,46.639168,46.913849,5827200
2007-06-18,46.88022,46.891434,46.101033,46.818558,17704600
2007-06-19,46.986709,47.339865,46.930653,47.255783,4620100
2007-06-20,47.098823,47.13246,46.857779,46.874599,3031700
2007-06-21,46.829799,46.919487,46.64481,46.650417,850400
2007-06-22,46.55507,46.958674,46.49901,46.953072,2118900
2007-06-25,47.171709,47.283821,47.0652,47.210949,1323500
2007-06-26,47.250167,47.266984,47.070786,47.222137,2187800
2007-06-27,47.429567,47.502439,47.199733,47.267002,6109300
2007-06-28,47.266993,47.412741,47.188514,47.255783,3612500
2007-06-29,47.564107,47.816365,47.446388,47.743488,1962200
2007-07-02,47.724346,48.039472,47.724346,47.994453,2811700
2007-07-03,47.971924,48.022567,47.668055,47.701817,1387500
2007-07-05,47.443003,47.504902,47.110999,47.167271,4586800
2007-07-06,47.009687,47.015316,46.863379,46.975925,1437800
2007-07-09,47.195415,47.229177,47.088497,47.144768,795400
2007-07-10,47.538669,47.943825,47.510532,47.943825,2258000
2007-07-11,47.803132,47.881913,47.44862,47.44862,1191300
2007-07-12,47.578067,47.594948,47.195417,47.28545,1941200
2007-07-13,47.521789,47.578065,47.234804,47.414875,725900
2007-07-16,47.561165,47.893172,47.561165,47.870663,952000
2007-07-17,47.752502,47.881925,47.549922,47.769382,734200
2007-07-18,47.791867,48.135127,47.724339,47.949429,1836800
2007-07-19,47.775009,47.977588,47.718737,47.938198,1021000
2007-07-20,48.045092,48.438999,48.01133,48.371471,1459900
2007-07-23,48.219531,48.377092,48.219531,48.292683,777900
2007-07-24,48.399607,48.484016,48.236418,48.472759,1351600
2007-07-25,48.433357,48.613428,48.393967,48.568409,881100
2007-07-26,48.810447,49.215607,48.759804,48.973637,2866400
2007-07-27,48.984846,49.27183,48.872299,49.114269,5367800
2007-07-30,49.063674,49.159336,48.906113,48.973637,1803900
2007-07-31,49.02986,49.378749,48.92857,49.328106,2467600
2007-08-01,49.294752,49.452928,49.198712,49.22131,2154700
2007-08-02,49.266542,49.402122,49.14226,49.345631,2079400
2007-08-03,49.306066,49.673264,49.306066,49.673264,1577600
2007-08-06,49.54334,49.554641,49.243934,49.311726,1298400
2007-08-07,49.390815,49.548991,49.102705,49.272182,1890800
2007-08-08,49.085774,49.085774,48.503908,48.673386,6453000
2007-08-09,49.006697,49.068838,48.424831,48.741184,2637500
2007-08-10,48.859803,48.978436,48.571698,48.628189,1496400
2007-08-13,48.537794,48.808957,48.526498,48.769413,1312600
2007-08-14,48.5943,49.02364,48.588654,48.899357,1314700
2007-08-15,48.950185,49.006676,48.724216,48.724216,1101700
2007-08-16,49.074471,49.486859,49.01233,49.226997,2410200
2007-08-17,48.80896,49.09707,48.611239,49.029278,2114400
2007-08-20,49.125287,49.30041,49.051849,49.057495,1048700
2007-08-21,49.204426,49.379554,49.176183,49.294815,1517200
2007-08-22,49.176131,49.323007,49.040548,49.215675,1137800
2007-08-23,49.198738,49.532042,49.164845,49.385162,1618800
2007-08-24,49.582926,49.758054,49.464293,49.62812,1614600
2007-08-27,49.871027,49.984013,49.797589,49.887974,1585400
2007-08-28,49.955698,50.130821,49.870959,49.972645,1298900
2007-08-29,49.989635,50.147811,49.803215,49.837109,2686700
2007-08-30,50.057394,50.255114,49.978306,50.170376,1806800
2007-08-31,50.046161,50.390762,50.017917,50.209988,2763200
2007-09-04,50.386938,50.557104,50.029581,50.233784,931000
2007-09-05,50.347218,50.681881,50.324528,50.636501,1271500
2007-09-06,50.659146,50.761248,50.454944,50.505997,1768400
2007-09-07,50.908802,51.334223,50.874769,51.220779,2852200
2007-09-10,51.334184,51.770948,51.334184,51.617798,2495200
2007-09-11,51.549781,51.771,51.447679,51.578144,3925400
2007-09-12,51.561033,51.583722,51.288761,51.385189,4458300
2007-09-13,51.220746,51.237763,50.812341,50.925785,2020600
2007-09-14,51.379573,51.385242,50.835034,50.999531,1357200
2007-09-17,50.948482,51.271802,50.914449,51.243439,1285400
2007-09-18,50.937127,51.186705,50.483343,50.857716,3132800
2007-09-19,50.31886,50.48903,50.126004,50.386929,3854700
2007-09-20,50.018251,50.080646,49.405643,49.434006,5903200
2007-09-21,49.677909,49.989882,49.677909,49.853748,2217600
2007-09-24,49.933122,50.074929,49.865058,49.995518,1943600
2007-09-25,50.199748,50.267817,49.819706,49.819706,2513500
2007-09-26,49.700589,49.989872,49.592814,49.865086,2646400
2007-09-27,50.052278,50.358582,50.00123,50.211102,1802900
2007-09-28,50.574071,50.670499,50.040875,50.32449,1254700
2007-10-01,50.503949,50.669088,50.355893,50.612141,1399400
2007-10-02,50.538049,50.891105,50.498188,50.771523,887800
2007-10-03,50.868377,50.92532,50.526712,50.623516,1164600
2007-10-04,50.686093,50.862619,50.62915,50.817062,1128700
2007-10-05,50.287503,50.361533,49.945838,50.27042,2184700
2007-10-08,49.980031,50.395726,49.980031,50.230587,280100
2007-10-09,50.202085,50.315972,49.985694,50.167915,901000
2007-10-10,50.099641,50.355889,49.991445,50.196445,855500
2007-10-11,49.837672,50.162255,49.797811,50.145172,1533400
2007-10-12,49.837649,50.213483,49.814875,49.900288,1133900
2007-10-15,49.814885,49.951551,49.769329,49.91169,553300
2007-10-16,49.911705,50.099622,49.849066,49.928787,855500
2007-10-17,49.980035,50.651978,49.980035,50.475452,2377000
2007-10-18,50.743046,50.874015,50.691794,50.754433,1374100
2007-10-19,51.039206,51.591566,51.027819,51.511845,2561800
2007-10-22,51.580152,51.620013,51.289735,51.517513,1866500
2007-10-23,51.397918,51.54597,51.306805,51.449165,1046600
2007-10-24,51.654174,52.041395,51.568757,51.8307,2829300
2007-10-25,51.853471,51.921806,51.648472,51.654167,3062200
2007-10-26,51.460569,51.819317,51.443483,51.534595,1366500
2007-10-29,51.534598,51.813624,51.523211,51.733902,881000
2007-10-30,51.665549,51.824992,51.489019,51.70541,1439600
2007-10-31,51.534596,51.648483,51.107513,51.238487,2498500
2007-11-01,51.452397,52.052943,51.452397,51.904236,2563400
2007-11-02,51.732621,52.356046,51.595355,52.070072,1927700
2007-11-05,52.138759,52.270304,51.932857,52.047245,1021500
2007-11-06,51.818426,52.132999,51.749795,51.795547,575800
2007-11-07,51.78413,51.90996,51.658301,51.887081,1456100
2007-11-08,51.847025,52.01289,51.721196,51.795547,2179600
2007-11-09,52.070104,52.384673,52.00719,52.23597,887200
2007-11-12,52.613453,52.613453,52.247406,52.424713,460600
2007-11-13,52.287415,52.327451,52.144428,52.230221,1116600
2007-11-14,52.018637,52.33893,52.001479,52.287453,684400
2007-11-15,52.396105,52.939453,52.327469,52.779308,1312900
2007-11-16,52.773565,53.019502,52.739249,52.853642,1333800
2007-11-19,52.928019,53.431331,52.853667,53.196835,1343900
2007-11-20,53.24256,53.356952,53.0767,53.139614,1367800
2007-11-21,53.419926,53.522877,53.328412,53.448521,1297800
2007-11-23,53.442754,53.648656,53.368399,53.60862,437400
2007-11-26,53.888892,55.112859,53.831698,54.66674,4427000
2007-11-27,54.312148,54.478013,53.757358,54.146282,3100300
2007-11-28,54.083367,54.157723,53.671564,53.780235,2088100
2007-11-29,54.232036,54.575203,54.140527,54.243473,1594500
2007-11-30,53.694445,53.98614,53.614373,53.980419,1952100
2007-12-03,54.414549,54.609787,54.138914,54.408806,1272700
2007-12-04,54.494929,54.586805,54.064253,54.403049,1721200
2007-12-05,54.10445,54.248008,53.725452,53.754166,1866000
2007-12-06,53.587635,53.599118,53.139732,53.283291,2270200
2007-12-07,52.93301,53.030629,52.47362,52.686089,2171000
2007-12-10,52.622896,52.65161,52.111828,52.370232,2242500
2007-12-11,52.674603,53.535956,52.588467,53.398136,2892400
2007-12-12,52.513839,53.202925,52.410477,52.846897,2225400
2007-12-13,52.605679,52.726267,52.197972,52.272621,1222100
2007-12-14,52.134784,52.209433,51.968255,52.031422,1354900
2007-12-17,52.295616,52.565507,52.215223,52.496597,2046200
2007-12-18,52.594225,53.001936,52.571259,52.835407,1417100
2007-12-19,53.059307,53.725417,52.760702,53.535923,2252400
2007-12-20,53.55318,53.903464,53.415361,53.421104,1659400
2007-12-21,53.346475,53.357958,52.634424,52.640163,1767600
2007-12-24,52.381748,52.525306,52.301355,52.39323,550300
2007-12-26,52.266883,52.617167,51.841951,51.93383,674700
2007-12-27,52.39618,52.557616,52.182862,52.499958,468600
2007-12-28,52.840175,53.37636,52.753692,53.318707,1967800
2007-12-31,53.491688,53.779959,53.38791,53.64159,1647600
2008-01-02,53.762632,54.615917,53.733803,54.414124,2959600
2008-01-03,54.195025,54.41411,54.004765,54.339161,1256700
2008-01-04,54.483303,54.650501,54.310339,54.350697,2420200
2008-01-07,54.298818,54.644743,54.212336,54.58709,1315500
2008-01-08,54.448725,54.60439,54.154687,54.523674,1604800
2008-01-09,54.650511,54.944549,54.5525,54.627449,2203500
2008-01-10,54.696669,54.742789,53.797258,53.889507,2681800
2008-01-11,53.918276,54.35645,53.849094,54.310326,1872900
2008-01-14,54.310326,54.512119,54.195019,54.512119,906100
2008-01-15,54.863791,55.134763,54.8119,55.123234,1435300
2008-01-16,55.163615,55.284688,54.615901,54.725441,3505100
2008-01-17,54.748517,55.51532,54.731222,55.434605,2940500
2008-01-18,55.088707,55.215543,54.898447,55.054111,2676800
2008-01-22,55.584482,55.705556,54.94452,55.642136,5423500
2008-01-23,56.489636,56.593414,55.278893,55.515278,7636600
2008-01-24,55.088668,55.203974,54.391047,54.40258,5676700
2008-01-25,54.304574,55.348115,54.269979,55.319286,4371100
2008-01-28,55.163639,55.348133,54.979145,55.111748,1633500
2008-01-29,54.933003,54.956065,54.529425,54.73698,3100200
2008-01-30,54.592851,54.638971,53.95865,54.379528,3468000
2008-01-31,54.944547,55.019496,54.55826,54.765816,11441000
2008-02-01,54.961922,55.193342,54.70736,55.09499,4163700
2008-02-04,54.609027,54.765237,54.458603,54.52803,1729600
2008-02-05,55.199161,55.314869,54.828887,54.944599,2594600
2008-02-06,54.747881,54.875162,54.591675,54.77681,1339800
2008-02-07,54.690022,54.690022,53.255229,53.596569,5419700
2008-02-08,53.94946,54.227165,53.856891,54.209805,2832800
2008-02-11,54.5454,54.788388,54.227202,54.435474,2960200
2008-02-12,53.989964,54.180885,53.781686,54.111458,2897700
2008-02-13,53.764348,54.047835,53.457719,53.538715,3697500
2008-02-14,53.110639,53.2842,52.451095,52.751938,7505000
2008-02-15,53.000693,53.266824,52.91391,53.156898,3687800
2008-02-19,52.728749,53.052734,52.439476,52.618824,2911600
2008-02-20,52.427921,52.983326,52.393206,52.983326,2550100
2008-02-21,53.272543,53.718022,53.255187,53.54446,4197200
2008-02-22,53.509768,53.718045,53.151072,53.23785,1959700
2008-02-25,53.197387,53.307312,52.445278,52.694054,3460900
2008-02-26,52.624586,52.844432,52.491522,52.711369,2618900
2008-02-27,52.89654,52.977537,52.422132,52.75769,2494400
2008-02-28,53.422975,53.712249,53.336197,53.694893,3410900
2008-02-29,54.18091,54.649531,54.105696,54.516468,3822000
2008-03-03,54.393378,54.701143,54.149488,54.375957,2036900
2008-03-04,54.55012,54.654645,53.731344,53.847485,3401100
2008-03-05,54.039134,54.039134,53.133257,53.202942,3871200
2008-03-06,53.319053,53.679083,53.231948,53.487453,1342600
2008-03-07,54.172714,54.207554,53.27264,53.557182,3601300
2008-03-10,53.835883,54.660463,53.777815,54.346889,3579000
2008-03-11,54.004299,54.021719,53.545553,53.882355,3309200
2008-03-12,54.079745,54.979817,53.986836,54.921749,4752900
2008-03-13,55.183078,55.275991,54.155256,54.492054,5763500
2008-03-14,54.944992,55.636012,54.944992,55.165653,6174800
2008-03-17,55.50828,55.926378,55.345687,55.589581,3329300
2008-03-18,55.339893,55.839288,55.136647,55.374733,4022300
2008-03-19,55.235355,56.599979,55.235355,56.292213,5206400
2008-03-20,56.327047,56.762566,56.251559,56.431572,3905900
2008-03-24,56.02509,56.02509,55.281802,55.339874,5596200
2008-03-25,55.38633,55.641836,55.328262,55.572151,2038200
2008-03-26,55.618604,55.862493,55.299226,55.339874,1652000
2008-03-27,54.956633,55.374731,54.898565,54.950825,2405700
2008-03-28,55.217902,55.490827,55.020469,55.485023,1745500
2008-03-31,55.810259,55.932204,55.554754,55.682507,2546300
2008-04-01,55.289436,55.312763,54.688782,54.776257,3821800
2008-04-02,54.811215,55.318565,54.811215,54.892857,3794200
2008-04-03,55.108635,55.207771,54.887036,55.015327,2839100
2008-04-04,55.499371,55.726803,55.394402,55.516865,1745200
2008-04-07,55.17865,55.271954,54.758774,55.2253,2231800
2008-04-08,55.505222,55.54021,54.968716,55.032864,1305200
2008-04-09,55.143623,55.773438,55.137795,55.604321,2883600
2008-04-10,55.58102,55.691822,55.149483,55.417736,1846500
2008-04-11,55.750149,55.93676,55.67434,55.79097,1987700
2008-04-14,55.598522,55.80846,55.394417,55.464397,3195300
2008-04-15,55.062004,55.155312,54.758762,54.776257,2821600
2008-04-16,54.700439,54.852058,53.901508,54.239742,4691100
2008-04-17,54.222283,54.338913,53.790741,54.146469,2020000
2008-04-18,53.650738,54.163918,53.545769,54.09977,2199700
2008-04-21,53.889847,54.397194,53.825699,54.315552,2805800
2008-04-22,54.181431,54.62463,54.181431,54.502167,1799700
2008-04-23,54.28638,54.601287,53.959812,54.321373,1221100
2008-04-24,53.802345,53.918976,53.539921,53.860661,3213600
2008-04-25,53.732399,53.796547,53.359177,53.545788,1742000
2008-04-28,53.376633,53.854824,53.306657,53.709034,1883900
2008-04-29,53.872398,54.152318,53.738274,53.913219,1269100
2008-04-30,53.895607,54.350471,53.563207,54.297989,2827500
2008-05-01,54.687887,54.810794,54.067495,54.301605,3226500
2008-05-02,53.716252,54.084976,53.575788,53.616756,2730800
2008-05-05,53.763074,53.768928,53.341678,53.616756,1309300
2008-05-06,53.850918,53.891887,53.136885,53.230526,4037500
2008-05-07,53.101778,53.511467,53.037397,53.45879,3876200
2008-05-08,53.517293,53.962097,53.505586,53.93869,2829500
2008-05-09,54.272314,54.354252,53.96797,54.137699,2064300
2008-05-12,54.289873,54.523983,54.049909,54.055763,1947400
2008-05-13,53.745594,53.874354,53.441249,53.464661,2123300
2008-05-14,53.845069,53.850923,53.095921,53.488052,2600900
2008-05-15,53.359259,54.038177,53.312436,53.973797,2164300
2008-05-16,53.774846,54.365972,53.716319,53.751434,1902600
2008-05-19,53.997254,53.997254,53.435393,53.821671,1348200
2008-05-20,54.102581,54.137696,53.786533,54.102581,1466000
2008-05-21,53.874325,54.237191,53.763122,54.114285,1762100
2008-05-22,53.804077,53.804077,53.166128,53.476326,2855900
2008-05-23,53.745546,54.020624,53.669457,53.710426,1802000
2008-05-27,53.482213,53.587562,53.248108,53.347603,1985800
2008-05-28,52.990554,53.060788,52.756444,52.873497,3250700
2008-05-29,52.680375,52.733047,52.171186,52.493088,3302400
2008-05-30,52.750599,52.932036,52.70963,52.83839,2514600
2008-06-02,52.854268,53.24195,52.642804,53.042236,3076400
2008-06-03,52.901222,53.694215,52.754372,53.424007,2447700
2008-06-04,53.6825,53.6825,52.807275,52.94825,2813000
2008-06-05,52.760271,52.883625,52.542932,52.631042,2632200
2008-06-06,53.124425,53.506232,52.989322,53.312393,3864800
2008-06-09,53.147922,53.682453,52.977576,53.312393,1812000
2008-06-10,53.247812,53.283055,52.68978,52.965858,1935300
2008-06-11,52.895348,53.288905,52.69563,52.84248,2265400
2008-06-12,52.607554,52.654547,52.172879,52.313854,4413100
2008-06-13,52.260968,52.595785,52.090621,52.202229,1983600
2008-06-16,52.343203,52.38432,52.055378,52.213974,1756800
2008-06-17,52.366737,52.437222,52.03779,52.319744,1712200
2008-06-18,52.448955,52.848388,52.331473,52.760277,2590000
2008-06-19,52.584024,52.719128,52.2962,52.448925,1700500
2008-06-20,52.830794,52.907154,52.683944,52.754429,4580900
2008-06-23,52.912975,53.118564,52.766125,52.865982,1594100
2008-06-24,53.089174,53.341756,52.9482,53.218403,3118400
2008-06-25,53.247815,53.312429,52.754396,53.24194,3251600
2008-06-26,53.453377,53.711835,53.330024,53.600227,4052300
2008-06-27,53.88223,54.299284,53.717754,54.228794,4144800
2008-06-30,54.281628,54.522459,54.087784,54.240505,3743000
2008-07-01,54.64256,54.689718,54.047144,54.111992,3805100
2008-07-02,54.212236,54.459833,54.159181,54.394985,2413700
2008-07-03,54.064834,54.412653,53.964617,54.277061,1405100
2008-07-07,54.277061,54.913743,53.988198,54.524658,3528400
2008-07-08,54.530562,54.907854,54.483399,54.878376,2176600
2008-07-09,54.789896,55.202558,54.778104,55.120026,1582000
2008-07-10,55.019887,55.273381,54.789975,55.114208,2723600
2008-07-11,55.131866,55.261561,54.153266,54.330124,5466000
2008-07-14,54.459829,54.978609,54.406774,54.807648,4135400
2008-07-15,54.866599,55.078826,54.648475,54.789963,4541400
2008-07-16,54.282959,54.37728,53.770075,53.799553,3435900
2008-07-17,53.79957,54.005901,53.386904,53.522495,5899900
2008-07-18,53.50476,53.764146,53.233582,53.322006,3475200
2008-07-21,53.322023,53.587309,53.204121,53.528358,3657200
2008-07-22,53.434023,53.504767,53.074416,53.263062,2675200
2008-07-23,53.186472,53.274901,52.909397,53.156994,2871900
2008-07-24,53.263111,53.79368,53.263111,53.675777,2613300
2008-07-25,53.38101,53.551967,53.056773,53.139305,3765300
2008-07-28,53.616822,53.923375,53.469442,53.675777,1275900
2008-07-29,53.445826,53.640364,53.239491,53.457615,1349100
2008-07-30,53.10983,53.817257,53.074461,53.510704,1667500
2008-07-31,54.070707,54.265249,53.805421,54.041229,3898700
2008-08-01,53.823557,54.172636,53.740725,54.160805,1804800
2008-08-04,53.894562,54.219978,53.847232,54.036564,2029900
2008-08-05,54.048363,54.196279,53.616452,53.634201,2191200
2008-08-06,53.49221,53.49221,53.143127,53.415291,3139500
2008-08-07,53.622382,54.373796,53.504051,54.285046,2765600
2008-08-08,54.367896,54.480314,54.160815,54.43298,1035400
2008-08-11,54.302753,54.302753,53.604591,53.912258,3939400
2008-08-12,54.320565,54.450732,54.255482,54.415234,1315000
2008-08-13,54.6104,54.63998,54.113401,54.225819,1940300
2008-08-14,54.586783,54.787946,54.474366,54.574947,2605300
2008-08-15,54.829343,55.142923,54.770178,55.04826,1964900
2008-08-18,55.071928,55.344092,55.000927,55.267178,1262200
2008-08-19,55.284936,55.338183,54.95952,55.054188,1944700
2008-08-20,55.249405,55.444654,55.113325,55.207989,2500000
2008-08-21,55.397327,55.397327,54.876666,55.107414,2267000
2008-08-22,55.089671,55.12517,54.811589,55.071922,1990000
2008-08-25,55.687249,55.811497,55.527498,55.622166,2028300
2008-08-26,55.592592,55.734589,55.444676,55.669506,1270900
2008-08-27,55.314545,55.787877,55.284964,55.76421,1555300
2008-08-28,55.563007,55.858838,55.432841,55.770088,1886500
2008-08-29,55.628045,55.710882,55.3263,55.521545,1739100
2008-09-02,55.212785,56.061938,55.129647,56.038185,2916000
2008-09-03,55.978831,56.346997,55.972896,56.275738,2105000
2008-09-04,56.412387,56.744922,56.299561,56.727108,3049800
2008-09-05,57.018028,57.190235,56.655806,56.697372,4167800
2008-09-08,56.352903,56.934837,56.151004,56.934837,5426200
2008-09-09,56.905175,57.528677,56.732969,57.498989,3890200
2008-09-10,56.994266,57.398059,56.899253,57.142719,2407900
2008-09-11,57.47526,57.516827,57.006147,57.113033,3592000
2008-09-12,57.130812,57.202071,56.263845,56.376671,4138200
2008-09-15,57.1724,58.294708,57.0477,58.205635,5889900
2008-09-16,59.802999,59.892072,58.140323,58.193764,6684400
2008-09-17,58.740047,59.013201,58.033412,58.484707,4371300
2008-09-18,58.164079,58.484739,57.552451,57.62965,4188300
2008-09-19,55.735408,56.42423,55.640395,55.800728,7169200
2008-09-22,55.183145,55.794773,54.987186,55.794773,4726300
2008-09-23,55.586933,55.877901,55.3019,55.580994,2236000
2008-09-24,55.800695,56.263869,55.580982,55.824448,1014900
2008-09-25,56.168859,56.168859,55.31377,55.711624,1881200
2008-09-26,55.86007,56.287616,55.86007,56.11541,1992800
2008-09-29,56.513264,58.152191,56.507329,57.748398,4799800
2008-09-30,57.623701,57.772154,56.174793,56.341061,1358100
2008-10-01,57.204717,57.716962,56.555473,57.04985,1767800
2008-10-02,57.520402,57.687179,57.222585,57.508492,931900
2008-10-03,58.002897,58.24711,56.877148,58.014812,1903100
2008-10-06,58.812912,59.480024,58.741439,59.069035,2906200
2008-10-07,58.562754,59.366859,58.36024,58.890354,1972000
2008-10-08,59.372865,59.527731,57.585961,58.044598,3386300
2008-10-09,57.996929,58.193485,57.311948,57.556156,1785400
2008-10-10,57.544244,57.722936,56.889047,57.151123,2200000
2008-10-13,56.650804,57.151135,56.144515,56.418507,1532100
2008-10-14,56.13853,56.740122,55.930059,56.055141,2100000
2008-10-15,56.061069,56.609051,55.644122,56.591183,1449500
2008-10-16,56.5793,56.746076,56.096837,56.299351,1063200
2008-10-17,56.400629,56.525711,55.405916,55.912209,1691800
2008-10-20,55.656069,56.54952,55.608417,56.358917,1146800
2008-10-21,56.638881,57.174953,56.43041,56.656754,1243700
2008-10-22,57.252357,58.068373,57.091534,57.806297,1069800
2008-10-23,58.342425,58.902323,57.669359,58.23521,1802000
2008-10-24,58.860585,58.997583,57.44893,57.615711,1495400
2008-10-27,58.235167,58.497248,57.353631,57.657406,1534100
2008-10-28,57.288083,57.71694,56.674581,56.817532,1505500
2008-10-29,57.043896,57.186851,56.245748,56.531654,1745800
2008-10-30,56.287481,56.466173,55.870539,56.019447,1326000
2008-10-31,56.370895,56.537672,55.185583,55.292797,2282500
2008-11-03,55.448231,55.681457,55.226962,55.442249,1111600
2008-11-04,55.591731,56.638263,55.370463,56.482777,1608800
2008-11-05,56.745924,57.212377,56.452897,57.152576,1931700
2008-11-06,56.572527,56.841638,56.100092,56.739971,919700
2008-11-07,56.524645,56.524645,55.944571,56.369164,1277100
2008-11-10,56.0941,56.871521,56.022336,56.644276,1352100
2008-11-11,56.937263,57.296073,56.787759,56.81168,696000
2008-11-12,57.158543,57.451571,56.907377,57.176483,1199400
2008-11-13,56.757881,56.961204,55.765169,55.80703,1631900
2008-11-14,56.877508,57.086813,56.686142,56.913387,1059300
2008-11-17,57.218348,57.427653,56.985121,57.164524,490300
2008-11-18,57.636945,58.007717,57.385778,57.900074,924800
2008-11-19,58.288805,59.42504,58.133319,59.383179,2090400
2008-11-20,60.890166,62.456974,60.459592,62.450993,5459800
2008-11-21,61.745386,62.181941,60.668951,61.548038,3249300
2008-11-24,61.087562,61.171284,60.39984,60.585224,1587300
2008-11-25,62.163966,62.474938,61.404485,62.367294,2632700
2008-11-26,62.624418,63.162635,62.247664,62.450993,2577600
2008-11-28,62.941412,63.371985,62.756027,63.222481,986400
2008-12-01,64.653583,66.249673,64.281561,65.643639,4031600
2008-12-02,65.139594,66.225658,64.917585,65.895638,3289300
2008-12-03,66.165585,66.489603,65.13953,66.081581,2951000
2008-12-04,66.681693,67.497739,66.225671,67.383736,2825400
2008-12-05,67.173663,67.803699,66.255613,66.291618,4557600
2008-12-08,66.291556,66.753579,65.81753,66.147545,2119500
2008-12-09,66.351615,67.521677,66.153603,67.455673,2055500
2008-12-10,66.825631,67.293655,66.675623,67.293655,2414900
2008-12-11,67.311667,67.461675,66.525625,67.425674,2416900
2008-12-12,67.527679,67.539678,66.207604,67.425674,2547100
2008-12-15,67.413704,68.367759,67.233697,68.193748,1707700
2008-12-16,69.879807,70.143822,68.385726,69.879807,4015100
2008-12-17,72.465982,72.681994,71.559935,71.775948,6407500
2008-12-18,72.447945,73.894026,72.273935,73.28199,4442000
2008-12-19,72.868012,73.79806,72.772004,73.360039,2668500
2008-12-22,73.43801,73.43801,72.441958,72.795975,2221400
2008-12-23,72.087983,72.904029,71.943977,72.70002,1746400
2008-12-24,72.441987,72.796004,72.375983,72.543991,717200
2008-12-26,72.957987,73.186002,72.723974,72.783981,454400
2008-12-29,73.106098,73.455284,72.612423,72.696709,1416000
2008-12-30,72.540133,73.401054,72.287276,73.389015,2590500
2008-12-31,73.094001,73.449204,71.552769,71.85379,2738000
2009-01-02,72.275253,72.516066,70.047691,70.047691,3464200
2009-01-05,69.596151,69.933298,67.790022,68.241554,5395200
2009-01-06,67.199988,68.187338,66.82672,67.555191,4109300
2009-01-07,67.404711,67.838182,67.067568,67.820122,2565600
2009-01-08,67.814079,67.982651,67.422751,67.765915,2603600
2009-01-09,67.103682,68.241542,66.989292,67.868279,2727900
2009-01-12,67.169969,68.663038,67.169969,68.572731,2462800
2009-01-13,68.33189,68.681077,68.006787,68.644951,1767400
2009-01-14,69.024241,69.86108,69.024241,69.776794,2494800
2009-01-15,69.957377,70.390848,69.584113,69.891151,2827200
2009-01-16,68.283676,69.891129,68.247555,68.813477,2994800
2009-01-20,67.603411,69.01219,67.56729,68.801476,3268300
2009-01-21,67.38665,68.054918,66.465525,66.628075,2838100
2009-01-22,66.585964,66.68831,64.948406,65.345757,4016600
2009-01-23,64.972459,65.213277,64.231949,64.833992,2676200
2009-01-26,64.677456,64.912252,63.997149,64.268066,2240900
2009-01-27,64.900216,65.977868,64.797865,65.779198,3420800
2009-01-28,65.809338,66.110359,63.648005,64.135658,4348100
2009-01-29,63.551662,64.003194,62.407784,62.660641,3724400
2009-01-30,62.9436,63.136253,62.275332,62.461964,2630000
2009-02-02,62.797001,63.799147,62.416671,63.624073,2700200
2009-02-03,62.966047,63.286008,62.030308,62.108788,2846400
2009-02-04,62.030321,62.102767,61.34814,61.891468,2305400
2009-02-05,62.326154,62.712523,61.704342,61.945824,2279500
2009-02-06,61.728453,62.096711,61.517159,61.752602,1667500
2009-02-09,61.39037,61.981995,61.010036,61.951813,2257300
2009-02-10,62.851297,63.364442,62.452853,63.298035,3782800
2009-02-11,63.81729,64.294215,63.708623,64.119141,2774200
2009-02-12,63.980299,64.101037,63.231705,63.515446,1818400
2009-02-13,62.754742,62.754742,61.71638,61.825047,2466800
2009-02-17,63.116971,63.78708,62.996228,63.750854,2813900
2009-02-18,64.02855,64.3304,62.966039,63.207516,2768600
2009-02-19,61.994112,62.821181,61.71641,62.132961,3219400
2009-02-20,62.947958,63.485257,62.362372,62.736664,4272000
2009-02-23,62.543441,63.316177,62.283849,63.316177,2688700
2009-02-24,63.811244,64.402874,63.249802,63.249802,4197100
2009-02-25,63.533548,63.684473,62.199368,62.519329,3908100
2009-02-26,62.102779,62.338222,61.565485,61.861298,2611100
2009-02-27,61.92166,62.18729,61.100625,61.505104,3267700
2009-03-02,61.881648,62.523346,61.802946,62.523346,3302000
2009-03-03,61.887716,62.69892,61.633455,62.105648,3084900
2009-03-04,61.439731,61.899819,61.23996,61.821121,3178400
2009-03-05,62.971342,63.830981,62.620226,63.540398,4562400
2009-03-06,63.116558,64.151751,63.013641,63.116558,3125900
2009-03-09,63.267943,63.292158,62.426469,62.747318,2070500
2009-03-10,62.00876,62.20248,61.451814,61.542622,2602600
2009-03-11,61.318622,62.208527,61.100686,62.208527,3101500
2009-03-12,62.147991,62.941033,61.936106,62.505161,3558900
2009-03-13,62.202516,62.886591,61.948259,62.190411,2504000
2009-03-16,61.034145,61.415531,60.840425,61.209705,3265600
2009-03-17,61.578945,61.948225,60.773792,60.876705,3076200
2009-03-18,61.215689,65.423054,61.082505,63.183163,8578800
2009-03-19,63.939914,63.96413,63.092386,63.26189,3650900
2009-03-20,63.334556,63.564598,62.826037,62.910789,3479700
2009-03-23,63.134764,63.213461,62.335666,62.365932,2097000
2009-03-24,61.863479,63.661449,61.706079,62.959209,5477100
2009-03-25,62.529414,62.789726,61.936142,62.111702,2549600
2009-03-26,62.014827,62.995534,61.845322,62.832085,2385300
2009-03-27,63.049974,63.522167,62.692799,63.298176,1853900
2009-03-30,63.830981,64.091293,62.922915,63.540398,2300100
2009-03-31,63.58881,64.048898,63.564594,63.994411,1094600
2009-04-01,64.426645,64.693771,64.068447,64.578423,2383400
2009-04-02,64.287054,64.396334,63.649585,63.789223,1766300
2009-04-03,63.692076,63.843854,62.326075,62.483921,3316800
2009-04-06,62.860334,62.890686,62.058947,62.216797,1418100
2009-04-07,62.253198,62.720672,62.216773,62.374619,1312600
2009-04-08,62.575006,63.054625,62.502151,62.927132,1007800
2009-04-09,62.21068,62.641728,61.913197,62.137825,1088800
2009-04-13,62.508175,62.842088,62.489962,62.708523,946600
2009-04-14,62.684236,63.267062,62.489961,63.036362,1336000
2009-04-15,63.218543,63.321755,62.459653,62.927132,1152500
2009-04-16,62.441404,62.80567,62.398907,62.429264,1055600
2009-04-17,62.21073,62.356436,61.542908,61.743252,2582800
2009-04-20,62.30785,62.775328,62.19857,62.678188,1714400
2009-04-21,63.163864,63.267072,62.058922,62.058922,909100
2009-04-22,62.198558,62.265341,61.385031,61.682514,2278100
2009-04-23,61.530724,61.77357,61.281811,61.67643,1688300
2009-04-24,61.19079,61.306142,60.771881,61.057224,2830000
2009-04-27,61.360807,61.433663,60.747623,61.31831,2294600
2009-04-28,61.621827,61.670397,60.158686,60.316536,2332500
2009-04-29,60.510789,60.759707,59.587982,59.782257,3752600
2009-04-30,59.484753,59.715454,59.126555,59.545464,2778100
2009-05-01,59.141806,59.245328,58.806879,59.135715,2772200
2009-05-04,59.28789,59.568009,58.940786,59.330517,2246700
2009-05-05,59.348791,59.574106,58.922524,59.257446,1369000
2009-05-06,59.141771,59.677651,59.068695,59.117413,2045900
2009-05-07,58.423208,58.886011,57.442789,57.674191,5755200
2009-05-08,57.862941,58.088256,57.63154,57.814228,2193400
2009-05-11,58.490147,58.733726,58.331818,58.636295,2167400
2009-05-12,58.569334,59.080854,58.337933,58.849453,2304800
2009-05-13,59.287924,59.635028,59.214847,59.48888,1917500
2009-05-14,59.434039,59.829861,59.251356,59.720249,1704600
2009-05-15,59.677649,59.708098,59.348812,59.702007,2306600
2009-05-18,59.683737,59.744632,58.68505,58.77639,2234700
2009-05-19,58.575452,58.745958,58.283151,58.465839,1624300
2009-05-20,58.417116,59.166133,58.356221,59.080875,2825700
2009-05-21,59.403552,59.458356,57.454894,57.594955,4771700
2009-05-22,57.132172,57.54017,56.845962,56.955574,4483400
2009-05-26,57.272269,57.302714,56.096985,56.096985,3633100
2009-05-27,56.170034,56.377081,55.037377,55.104362,7490200
2009-05-28,55.883842,56.011727,54.946055,55.902115,9824300
2009-05-29,55.841186,57.381847,55.804651,57.345306,4746700
2009-06-01,56.413658,56.438096,55.332306,55.64999,6987000
2009-06-02,55.967653,56.0654,55.460577,55.949326,5063600
2009-06-03,56.181489,56.578597,55.796602,56.474739,6727200
2009-06-04,55.857691,56.034863,55.130678,55.30785,5438600
2009-06-05,54.929115,55.533939,54.709178,54.886345,8439600
2009-06-08,55.234565,55.430063,54.666396,54.745815,4084000
2009-06-09,55.100169,55.173478,54.525889,54.739716,6046300
2009-06-10,54.293724,54.635845,53.493397,53.878288,12142000
2009-06-11,53.615583,54.690823,53.572817,54.476997,10692800
2009-06-12,54.629702,55.381153,54.629702,54.965717,6606800
2009-06-15,55.313964,55.686634,55.277309,55.460587,4518700
2009-06-16,55.570587,56.468661,55.47284,56.425896,5376000
2009-06-17,56.48084,57.018464,56.10817,56.10817,7197200
2009-06-18,55.747748,55.949358,55.051283,55.258999,6794000
2009-06-19,55.18564,56.022616,55.112326,56.01651,4750700
2009-06-22,56.474734,56.761874,56.242576,56.560265,3952300
2009-06-23,56.67637,57.311742,56.560295,57.226212,5356900
2009-06-24,57.213986,57.470578,56.609163,56.651928,6550400
2009-06-25,56.951235,57.733229,56.61522,57.690464,7140000
2009-06-26,57.806578,57.977639,57.556093,57.788246,4050400
2009-06-29,58.081525,58.264807,57.782169,57.87381,4334900
2009-06-30,57.543901,58.105959,57.311743,57.776054,3743700
2009-07-01,57.25687,57.66751,57.146548,57.661385,3379900
2009-07-02,57.814639,57.98625,57.612382,57.796253,2645100
2009-07-06,57.643033,57.790127,57.238519,57.685936,1886700
2009-07-07,57.379491,58.151738,57.37336,58.072063,2592400
2009-07-08,58.298852,59.334646,58.157883,59.14465,7912900
2009-07-09,58.43985,58.672754,57.88824,58.43985,5241400
2009-07-10,58.605292,59.040449,58.48884,58.97916,3981900
2009-07-13,59.034356,59.205966,58.568552,58.648232,2604300
2009-07-14,58.078206,58.304975,57.428531,57.673691,3629100
2009-07-15,56.791121,56.999504,56.184349,56.190479,4664200
2009-07-16,56.883081,57.109855,56.693084,56.797276,4225200
2009-07-17,56.325314,56.607247,55.920799,55.920799,3845700
2009-07-20,55.681739,56.686891,55.651097,56.214962,4436500
2009-07-21,56.049504,57.428525,55.951443,57.336594,3895300
2009-07-22,57.244621,57.324296,56.607207,56.82172,1986700
2009-07-23,56.852402,56.876919,55.510154,55.779831,3818800
2009-07-24,55.773735,56.049538,55.632767,56.049538,1765300
2009-07-27,55.301795,55.565342,55.124054,55.405987,2755900
2009-07-28,55.60209,56.276277,55.424349,55.896278,3324800
2009-07-29,56.49081,56.56436,55.736948,56.202747,2910200
2009-07-30,56.104685,57.091451,55.914688,56.999516,4040700
2009-07-31,57.520475,58.139503,57.171123,58.108856,5697000
2009-08-03,57.689381,57.726282,56.951431,57.228161,4029300
2009-08-04,57.578744,57.634093,56.373422,56.773148,3832200
2009-08-05,56.152036,57.03758,55.881456,55.924503,4458300
2009-08-06,55.899885,56.508694,55.604702,56.11512,3228500
2009-08-07,55.6047,55.918331,55.48171,55.647747,3543200
2009-08-10,55.660094,56.354998,55.598599,56.342701,3150100
2009-08-11,56.816175,57.111358,56.57019,56.994514,3677800
2009-08-12,57.160535,57.234332,56.016709,56.385689,4729200
2009-08-13,56.453366,57.283561,56.268876,57.185165,3922300
2009-08-14,57.375821,57.929282,57.320473,57.406567,4410400
2009-08-17,57.775545,58.267516,57.726352,58.255219,3569700
2009-08-18,58.212145,58.279786,57.81242,57.916962,2557900
2009-08-19,58.525778,58.648773,58.058412,58.396637,3518200
2009-08-20,58.654968,58.956302,58.285992,58.876354,3282700
2009-08-21,58.814787,58.870136,57.652513,57.66481,6258300
2009-08-24,57.49268,58.710304,57.474232,58.710304,4460200
2009-08-25,58.64878,59.091548,58.365899,59.042355,3359700
2009-08-26,59.14692,59.374458,58.980883,59.312958,3225800
2009-08-27,59.146896,59.41748,58.870166,59.07925,2514000
2009-08-28,58.691834,59.349842,58.611887,59.349842,2072500
2009-08-31,59.257635,59.565115,58.888659,59.405224,2899800
2009-09-01,59.113392,59.582253,58.693885,59.261452,3304200
2009-09-02,59.520542,60.248509,59.372478,60.125122,4345000
2009-09-03,59.742664,59.915406,59.563761,59.755005,2703800
2009-09-04,59.495856,59.594561,58.644502,58.737041,3643000
2009-09-08,58.286705,58.835765,58.212673,58.323719,2468900
2009-09-09,57.922748,58.255886,57.694485,58.255886,3182400
2009-09-10,58.564308,59.662426,58.551971,59.329288,4417300
2009-09-11,59.73032,60.260873,59.594597,59.656288,4826200
2009-09-14,59.236786,59.637786,59.008528,59.064049,2119500
2009-09-15,58.724724,59.082535,58.650692,58.761738,2187900
2009-09-16,58.817199,59.193521,58.36068,58.866554,3732300
2009-09-17,59.033159,59.674757,58.712357,59.606895,2832000
2009-09-18,59.34782,59.551405,59.020853,59.076378,2813300
2009-09-21,59.286094,59.526693,58.829574,59.212067,3050200
2009-09-22,59.008486,59.45267,58.922117,59.335453,2068000
2009-09-23,59.187414,59.582243,58.730889,59.514381,5712000
2009-09-24,59.532896,59.896877,59.329311,59.687126,4658400
2009-09-25,60.063407,60.49525,59.699422,60.4459,3854500
2009-09-28,60.655682,61.032004,60.526129,60.976479,4263300
2009-09-29,60.655695,61.180077,60.550819,60.920971,3123200
2009-09-30,60.803756,61.155401,60.680374,60.865452,2744800
2009-10-01,61.241083,61.921813,61.14207,61.699028,5754400
2009-10-02,62.057944,62.076509,61.191558,61.272011,4827700
2009-10-05,61.556713,61.674295,61.123517,61.278229,2910100
2009-10-06,61.117304,61.142059,60.634605,60.671734,3936200
2009-10-07,61.061593,61.470034,61.018274,61.383396,3591000
2009-10-08,61.705183,61.736127,60.448926,60.739784,5871600
2009-10-09,60.411864,60.467558,59.099907,59.347446,8135900
2009-10-12,59.427917,59.613573,59.161812,59.440296,1939700
2009-10-13,59.792976,59.935308,59.570191,59.749657,2886500
2009-10-14,59.106042,59.47116,58.728546,58.864693,5421000
2009-10-15,58.524303,59.050322,58.400536,58.592377,3736900
2009-10-16,58.908023,59.118429,58.623354,59.06892,3716800
2009-10-19,59.155576,59.539263,59.025619,59.533073,3163800
2009-10-20,60.040513,60.18285,59.74347,59.854862,2912400
2009-10-21,59.508294,59.539234,59.106043,59.495914,3355200
2009-10-22,59.025623,59.304107,58.994684,59.20509,2572200
2009-10-23,58.71618,59.050357,58.709994,58.759499,2996200
2009-10-26,58.44383,58.48715,57.893058,57.99826,4127400
2009-10-27,58.152968,58.858452,58.122024,58.790379,4476300
2009-10-28,58.877079,59.28552,58.765687,59.06892,4585400
2009-10-29,58.679064,58.827585,58.140665,58.425339,4645300
2009-10-30,58.852309,59.415461,58.709977,59.273125,5118000
2009-11-02,59.296707,59.340166,58.855909,59.01112,3463800
2009-11-03,59.153944,59.203612,58.359265,58.421349,4470700
2009-11-04,58.117146,58.402733,57.614264,57.887432,5349500
2009-11-05,57.657723,57.887432,57.614264,57.887432,2852000
2009-11-06,57.974414,58.017873,57.403239,57.943375,3381100
2009-11-09,57.912252,58.173005,57.819124,58.011589,1697800
2009-11-10,58.390252,58.421291,57.682492,57.905991,2549900
2009-11-11,58.129576,58.458627,58.036453,58.148205,1771100
2009-11-12,57.887403,58.104697,57.396937,58.042614,3431300
2009-11-13,58.253689,58.39648,58.017766,58.309563,1594200
2009-11-16,58.762818,59.25949,58.682105,58.992527,5175700
2009-11-17,58.973853,59.476739,58.862101,59.309109,3174400
2009-11-18,59.253292,59.309165,58.818698,58.961494,2413600
2009-11-19,59.129089,59.489179,58.924214,59.067005,2969800
2009-11-20,58.980089,59.209803,58.725541,59.054592,4136300
2009-11-23,58.694466,59.042136,58.570295,58.980053,3219300
2009-11-24,59.048407,59.414703,58.973904,59.352619,2895200
2009-11-25,59.284316,59.743744,58.96148,59.625782,2789300
2009-11-27,59.849293,59.948625,59.656828,59.849293,2249100
2009-11-30,59.725095,60.054146,59.600928,59.992058,3115800
2009-12-01,59.641417,59.747295,59.286408,59.323776,3979100
2009-12-02,59.348725,59.766014,59.161876,59.373638,2193900
2009-12-03,58.813049,59.068403,58.694711,58.756992,3947300
2009-12-04,58.103048,58.327264,57.866377,58.134186,6108100
2009-12-07,58.090624,58.383351,57.978516,58.208961,2774200
2009-12-08,58.5764,58.775703,58.152881,58.296127,2378600
2009-12-09,58.352167,58.576384,57.723116,58.028297,3494300
2009-12-10,57.729345,57.797855,57.268453,57.361877,4446300
2009-12-11,57.199981,57.46157,56.869886,57.355686,3053400
2009-12-14,57.517584,57.611008,57.330741,57.42416,2380400
2009-12-15,57.03179,57.299604,56.981963,57.168812,2993900
2009-12-16,57.256013,57.455316,56.901005,57.100307,3301600
2009-12-17,57.611008,58.06567,57.417935,58.040756,4428900
2009-12-18,58.046996,58.233844,57.704447,57.791641,3789500
2009-12-21,57.336991,57.424186,56.763996,56.763996,3524000
2009-12-22,56.552295,56.595892,56.315619,56.446411,3078800
2009-12-23,56.651894,56.919707,56.365396,56.45882,2336000
2009-12-24,56.259484,56.278168,55.84842,55.873333,1698900
2009-12-28,55.717663,55.823541,55.618014,55.717663,3170900
2009-12-29,55.791407,56.185183,55.753901,56.085178,2617000
2009-12-30,56.203969,56.553996,56.166467,56.453987,1919100
2009-12-31,56.103938,56.322703,55.660158,56.185192,3242400
2010-01-04,56.153943,56.316456,55.991435,56.135193,2829100
2010-01-05,56.285214,56.647736,56.25396,56.497726,2841600
2010-01-06,56.360205,56.416462,55.703912,55.741413,4099600
2010-01-07,55.766377,56.028895,55.703874,55.835133,2793200
2010-01-08,55.94763,55.978879,55.478847,55.81012,2910700
2010-01-11,55.622596,55.853864,55.485086,55.503841,2181300
2010-01-12,56.353983,56.49774,56.153964,56.453987,4321200
2010-01-13,56.210181,56.428945,55.7664,55.797649,4755000
2010-01-14,56.060147,56.57893,55.96639,56.57893,4188800
2010-01-15,56.897712,57.085227,56.866463,56.928967,4142800
2010-01-19,56.703942,56.95396,56.516427,56.766445,2496000
2010-01-20,57.078975,57.360242,57.04772,57.341492,2800500
2010-01-21,57.222754,57.747788,57.166497,57.604031,4363100
2010-01-22,57.560307,57.697817,57.360293,57.504055,3666900
2010-01-25,57.216525,57.45404,57.185271,57.241528,2419500
2010-01-26,57.516523,57.57278,57.072743,57.260258,3138100
2010-01-27,57.347779,57.560292,57.110264,57.229019,3325700
2010-01-28,56.960238,57.316513,56.916485,57.197758,3058200
2010-01-29,57.135317,57.729107,57.035307,57.697853,4930600
2010-02-01,57.525298,57.537845,57.111314,57.174038,3598500
2010-02-02,57.192877,57.362233,57.105062,57.337147,3047500
2010-02-03,56.96075,57.061112,56.622033,56.672215,5343700
2010-02-04,57.073695,57.594316,57.017245,57.569225,6095000
2010-02-05,57.312055,57.970667,57.211692,57.694679,6875800
2010-02-08,57.625606,57.801235,57.487609,57.769871,3386000
2010-02-09,57.544123,57.845206,57.167773,57.192863,4790000
2010-02-10,57.280643,57.456273,56.57812,56.647118,5068000
2010-02-11,56.578114,56.628295,56.063767,56.33976,5087500
2010-02-12,56.647148,56.716146,56.421336,56.57188,2833800
2010-02-16,56.283334,56.728682,56.283334,56.678501,2440900
2010-02-17,56.402463,56.509095,55.875574,56.032387,4368200
2010-02-18,56.113985,56.139076,55.518098,55.806633,5121800
2010-02-19,55.975993,56.145354,55.76273,56.107716,3502500
2010-02-22,55.900701,56.026149,55.775248,55.87561,3382600
2010-02-23,56.0387,56.791405,56.013614,56.747498,5474500
2010-02-24,56.797668,57.004657,56.565583,56.885483,4423200
2010-02-25,57.192837,57.261835,57.017207,57.205379,3707700
2010-02-26,57.368442,57.744792,57.337082,57.500164,4349100
2010-03-01,57.468744,57.59459,57.235922,57.475033,2415200
2010-03-02,57.18558,57.437278,57.072316,57.399525,2260600
2010-03-03,57.267386,57.311433,57.072318,57.254799,2156100
2010-03-04,57.235931,57.688987,57.154132,57.556847,2374700
2010-03-05,57.154145,57.179315,56.707383,56.801765,3823200
2010-03-08,56.568924,56.612971,56.443072,56.506001,2850400
2010-03-09,56.619228,56.631811,56.254266,56.518547,2573700
2010-03-10,56.310925,56.443065,56.122155,56.373848,3216200
2010-03-11,56.247958,56.719889,56.235375,56.581455,2621000
2010-03-12,56.48711,57.040846,56.461944,56.933876,3099100
2010-03-15,56.85207,56.927581,56.6633,56.858364,1936800
2010-03-16,56.984242,57.31774,56.971659,57.311451,3932600
2010-03-17,57.456165,57.556847,57.305149,57.556847,3481200
2010-03-18,57.52533,57.563087,57.267343,57.368019,2750300
2010-03-19,57.424686,57.626044,57.179282,57.424686,2976300
2010-03-22,57.481301,57.569394,57.399501,57.487595,2452300
2010-03-23,57.305131,57.462441,57.204454,57.217037,2910000
2010-03-24,56.531153,56.789145,56.040345,56.172485,8049300
2010-03-25,56.084414,56.153631,55.606192,55.813839,8268400
2010-03-26,55.713117,56.078079,55.681653,55.971104,4110700
2010-03-29,55.864146,55.908192,55.568401,55.757175,3245100
2010-03-30,55.700559,55.971133,55.543248,55.93338,3254600
2010-03-31,56.141016,56.329786,55.971118,56.317204,4263900
2010-04-01,56.065834,56.230048,55.851097,56.17952,2912400
2010-04-05,55.566903,55.667954,55.206899,55.244793,5652000
2010-04-06,55.453209,55.484785,55.168993,55.333206,3584600
2010-04-07,55.232196,56.160628,55.137462,56.04063,6389900
2010-04-08,56.141622,56.293201,55.882675,56.06583,3797600
2010-04-09,55.964813,56.249025,55.838498,56.198502,2311300
2010-04-12,56.318457,56.564775,56.267929,56.4953,2939600
2010-04-13,56.77324,56.811134,56.539551,56.678501,3090900
2010-04-14,56.691145,56.76062,56.280613,56.280613,3570100
2010-04-15,56.116348,56.52688,56.00898,56.343719,3698000
2010-04-16,56.463748,56.836381,56.362692,56.754276,8303900
2010-04-19,56.760577,56.861629,56.539519,56.615311,3211500
2010-04-20,56.747946,56.836368,56.615314,56.817421,2285000
2010-04-21,57.013242,57.366934,57.00693,57.284824,4162200
2010-04-22,57.411157,57.531155,57.051154,57.114311,2841400
2010-04-23,56.975343,57.070082,56.760606,56.912186,4776000
2010-04-26,57.164823,57.253245,56.80482,56.975346,4753900
2010-04-27,57.379568,58.055364,57.284829,57.77747,13199200
2010-04-28,57.556406,57.695356,57.14588,57.284824,8379500
2010-04-29,57.385903,57.613274,57.171161,57.524853,4067200
2010-04-30,57.65113,58.213241,57.543762,58.187977,6924800
2010-05-03,57.940779,58.32105,57.852049,58.111904,4211800
2010-05-04,58.821782,59.240084,58.663335,59.157688,11054800
2010-05-05,59.613972,60.114664,59.163984,59.506229,12219100
2010-05-06,59.67734,63.37865,59.436498,61.344196,19578200
2010-05-07,60.767457,62.168125,60.380847,60.577324,18740600
2010-05-10,59.043612,59.537966,58.999243,59.322475,10240100
2010-05-11,59.563333,59.588681,58.93588,59.170383,7729100
2010-05-12,59.030922,59.106978,58.695015,58.720367,5530800
2010-05-13,59.106953,59.290751,58.435135,59.106953,6849700
2010-05-14,59.652015,60.526639,59.632998,60.13369,9796500
2010-05-17,60.032309,60.659757,59.873862,59.911888,6302200
2010-05-18,60.146396,60.951303,60.064,60.830887,9904100
2010-05-19,60.805501,61.445622,60.799162,61.033665,14121200
2010-05-20,62.054093,62.47239,61.81325,62.320282,17666900
2010-05-21,63.13147,63.2202,62.022344,62.383602,18670600
2010-05-24,62.58011,62.662506,62.047732,62.168148,7721100
2010-05-25,63.156857,63.308965,62.364624,62.472366,12952700
2010-05-26,62.250504,62.364585,61.730799,62.294868,12644800
2010-05-27,61.369588,61.470991,60.767487,60.881569,7653200
2010-05-28,61.154096,61.337894,60.856215,61.160435,5805500
2010-06-01,61.831983,61.870137,61.208764,61.590324,5536200
2010-06-02,61.679362,61.806552,60.935319,61.005272,5656400
2010-06-03,60.547383,60.99254,60.47743,60.560104,8499500
2010-06-04,61.647589,62.28988,61.494961,62.188133,7479600
2010-06-07,62.016409,62.69686,61.895585,62.665066,5288200
2010-06-08,62.277125,62.645969,62.169018,62.353439,5510800
2010-06-09,62.067303,62.397992,61.819289,62.283524,5598000
2010-06-10,61.812942,61.870179,61.107053,61.17065,6075100
2010-06-11,61.74293,62.200804,61.437684,61.946434,6266700
2010-06-14,61.253279,61.711153,61.189686,61.628483,5310400
2010-06-15,61.755633,61.844663,61.081544,61.374073,4920100
2010-06-16,61.806533,61.82561,61.297783,61.723858,4011100
2010-06-17,61.781101,62.467912,61.730225,62.226254,5650900
2010-06-18,62.251735,62.391642,62.048236,62.12455,4171700
2010-06-21,61.342293,62.035465,61.310499,61.946434,5740900
2010-06-22,62.118161,62.70322,61.952816,62.684143,5658900
2010-06-23,62.709569,63.320066,62.684131,63.110207,9137800
2010-06-24,63.180172,63.332796,62.544237,62.73502,6184600
2010-06-25,62.525126,63.167422,62.423379,62.989361,5148300
2010-06-28,63.33919,63.593565,63.224721,63.580849,5436000
2010-06-29,63.797013,64.312118,63.695265,64.273964,7334200
2010-06-30,64.49022,64.731874,64.102299,64.706436,7205700
2010-07-01,64.789336,65.484626,64.668138,64.808472,12893400
2010-07-02,64.49593,64.706431,63.889947,64.291809,6297600
2010-07-06,64.317303,64.90415,64.259892,64.821228,6620400
2010-07-07,64.719202,64.751098,64.004776,64.062187,5727800
2010-07-08,63.67307,63.889951,63.500845,63.653934,6260600
2010-07-09,63.405151,63.558241,63.264817,63.290333,4286000
2010-07-12,63.360495,63.68581,63.17551,63.264812,4062100
2010-07-13,63.054278,63.079794,62.626901,62.722584,5842500
2010-07-14,62.971347,63.462511,62.760846,63.354073,5417300
2010-07-15,63.621982,64.164178,63.596467,63.985573,6996100
2010-07-16,63.985646,64.508707,63.96013,64.29821,7512400
2010-07-19,64.145114,64.266312,63.775148,63.902721,4305800
2010-07-20,64.215228,64.361943,63.902669,63.998352,5076600
2010-07-21,64.074929,65.242249,64.049418,65.082779,7894200
2010-07-22,64.75108,64.757456,64.310943,64.330078,5759700
2010-07-23,64.298149,64.406587,63.590104,63.647511,6259100
2010-07-26,63.551814,63.666632,63.149953,63.539059,4856400
2010-07-27,63.009657,63.26481,62.875703,62.926735,5328000
2010-07-28,62.824675,63.271193,62.684341,63.130859,5507200
2010-07-29,62.575904,63.162751,62.461086,63.111725,6305500
2010-07-30,63.915437,64.17697,63.692181,64.094048,7683200
2010-08-02,63.507841,63.565439,63.194271,63.194271,5769200
2010-08-03,63.482234,63.776611,63.309452,63.559029,4363500
2010-08-04,63.674252,63.680652,63.072704,63.072704,3820400
2010-08-05,63.571885,63.667877,63.251914,63.367104,3704200
2010-08-06,63.85987,64.128645,63.667885,64.05825,6042400
2010-08-09,63.82783,63.98142,63.744639,63.821434,2578500
2010-08-10,64.032566,64.640514,63.655003,63.955776,11251000
2010-08-11,64.192587,64.883726,64.192587,64.813332,6778300
2010-08-12,65.005321,65.2357,64.550963,64.653351,7590100
2010-08-13,65.030941,65.56209,64.94135,65.459702,7843600
2010-08-16,66.688368,67.123529,66.598777,67.097931,7976200
2010-08-17,67.097938,67.104339,66.553988,66.713974,6756800
2010-08-18,67.193878,67.609841,66.867506,66.893105,7721600
2010-08-19,67.059557,68.224251,66.963564,67.936279,13128500
2010-08-20,68.096247,68.365021,67.731475,67.859467,7040300
2010-08-23,67.609925,67.955495,67.353947,67.872299,6360100
2010-08-24,68.499438,69.196973,68.262658,68.960197,9812100
2010-08-25,69.625749,69.971313,68.518646,68.736229,13299800
2010-08-26,68.832225,69.427372,68.659443,69.382576,7039900
2010-08-27,68.966567,69.324938,67.321915,67.417908,13514000
2010-08-30,67.968244,68.729776,67.718667,68.710579,5535300
2010-08-31,69.254552,69.529727,68.870587,69.47213,8397000
2010-09-01,68.690433,68.709692,67.451668,68.035751,12480700
2010-09-02,67.522209,67.586397,67.008735,67.316818,8167600
2010-09-03,65.930419,66.713472,65.917579,66.482407,9210700
2010-09-07,67.451628,67.894504,67.271912,67.843155,6018400
2010-09-08,67.451592,67.528615,66.983047,67.30397,6698400
2010-09-09,66.559404,66.649262,65.879049,65.975327,8588900
2010-09-10,65.628739,65.917568,65.372,65.673668,6910300
2010-09-13,65.339955,66.142263,65.320696,65.994637,7054800
2010-09-14,66.129419,66.636478,66.09091,66.630058,5978100
2010-09-15,65.949659,66.277002,65.558133,65.641571,7919100
2010-09-16,65.166598,65.352733,64.730142,64.993301,17116200
2010-09-17,65.359137,65.570947,65.031794,65.256439,9203600
2010-09-20,65.564559,65.75711,65.26931,65.635162,5277800
2010-09-21,65.898289,66.76478,65.635135,66.546555,12664000
2010-09-22,67.105015,67.438773,66.65572,67.143524,8229400
2010-09-23,67.657021,67.68911,66.906057,67.336098,7412200
2010-09-24,66.726348,66.822626,66.431099,66.431099,8942500
2010-09-27,67.092148,67.682645,67.060059,67.586372,7061600
2010-09-28,67.637749,68.241086,67.612075,68.048531,8262900
2010-09-29,68.144808,68.208991,67.618494,67.766121,5507100
2010-09-30,67.65058,67.772528,66.771249,67.721184,10618400
2010-10-01,67.149104,67.73536,66.988044,67.393913,9368400
2010-10-04,67.400334,67.600047,67.265045,67.567833,4422700
2010-10-05,67.471217,67.522752,66.955823,67.16198,8491800
2010-10-06,67.58074,68.353826,67.55497,68.005936,6476100
2010-10-07,67.754694,67.889984,67.432574,67.439018,5780700
2010-10-08,67.56138,67.941479,67.142624,67.142624,6128700
2010-10-11,67.071761,67.277917,66.962241,67.15551,1474200
2010-10-12,67.265041,67.490524,66.472625,66.491951,6122400
2010-10-13,65.937938,66.434005,65.738225,66.388908,8168400
2010-10-14,66.543497,66.775424,65.370981,65.396751,10945000
2010-10-15,64.810485,65.100396,64.353076,64.597885,12694700
2010-10-18,65.197026,65.358086,64.926447,65.11972,5592200
2010-10-19,64.797612,65.77041,64.778286,65.512718,8017500
2010-10-20,65.306582,65.892838,65.203502,65.654472,5515800
2010-10-21,65.512763,65.654497,64.868523,64.874962,6836100
2010-10-22,64.707422,65.370988,64.688095,65.313004,4770700
2010-10-25,65.789743,65.899262,65.422527,65.499832,5632300
2010-10-26,64.977973,65.106819,64.456141,64.48835,8432000
2010-10-27,64.217809,64.533485,63.921459,63.921459,9245200
2010-10-28,64.15339,64.31445,63.88281,64.095406,8052600
2010-10-29,64.308007,64.72032,64.179161,64.69455,6753800
2010-11-01,65.146276,65.152735,64.299629,64.415962,5921000
2010-11-02,64.926559,65.333722,64.900707,65.262634,6537400
2010-11-03,65.747313,66.096307,63.614547,63.931229,25541800
2010-11-04,64.092804,64.545212,64.03464,64.428879,13246500
2010-11-05,63.562882,63.853717,63.323757,63.323757,12435000
2010-11-08,63.718,63.931278,63.220357,63.608131,6795200
2010-11-09,63.653364,63.672752,62.166893,62.205669,15061700
2010-11-10,62.270292,62.522346,61.397798,62.28968,18540400
2010-11-11,62.334933,62.451266,62.134584,62.257381,3368100
2010-11-12,62.179813,62.522348,61.921295,61.921295,11739500
2010-11-15,61.611075,61.863129,60.628708,60.628708,14978700
2010-11-16,61.339626,62.205656,60.745034,62.134563,19901300
2010-11-17,61.91482,62.53526,61.617521,61.792023,9915600
2010-11-18,61.837277,62.04409,61.268541,62.04409,12424800
2010-11-19,62.102231,62.425377,61.908346,62.425377,8359500
2010-11-22,62.929476,63.091049,62.199162,62.690346,10413500
2010-11-23,63.123406,63.304368,62.8455,63.000614,9566900
2010-11-24,62.567586,62.683919,61.772649,61.876053,11467600
2010-11-26,62.50941,62.767928,62.399541,62.735611,4848900
2010-11-29,63.052337,63.304391,62.748579,63.272079,8950000
2010-11-30,64.118743,64.157519,63.407821,63.601711,11947600
2010-12-01,62.680745,62.97907,62.187859,62.187859,15441200
2010-12-02,62.233176,62.609326,61.954307,62.025646,9318700
2010-12-03,62.440744,62.473173,61.513342,61.539284,10194800
2010-12-06,61.947912,62.421343,61.81172,62.408375,7001800
2010-12-07,61.42901,61.558715,60.417301,61.072315,18533100
2010-12-08,60.780544,60.832428,59.736405,60.48222,19275900
2010-12-09,60.702707,61.137223,60.138486,60.780533,17477100
2010-12-10,60.501656,60.87132,60.404375,60.410862,7078500
2010-12-13,60.346014,60.981574,60.028229,60.637852,12399900
2010-12-14,59.924491,60.326578,59.301899,59.755871,23516400
2010-12-15,59.716931,59.820694,58.672793,58.977604,26084000
2010-12-16,59.035942,59.392637,58.737618,59.38615,17939000
2010-12-17,59.587218,60.812945,59.574249,60.469223,16849700
2010-12-20,60.799975,61.111273,60.080103,60.404369,13703500
2010-12-21,60.39792,60.825954,59.982859,60.825954,8985100
2010-12-22,60.618473,60.670357,60.268264,60.391487,6440900
2010-12-23,60.430303,60.462731,60.008755,60.268169,7091800
2010-12-27,60.157943,60.884297,59.859619,60.806477,5285900
2010-12-28,60.47455,60.565655,59.420327,59.615555,13972100
2010-12-29,59.713184,60.858508,59.524465,60.624241,13115400
2010-12-30,60.442039,60.702342,60.136189,60.578697,7029900
2010-12-31,60.852029,61.626423,60.806476,61.248989,8516000
2011-01-03,60.650286,61.372624,60.487598,60.786949,13799400
2011-01-04,60.786957,61.021224,60.46158,60.858536,10466900
2011-01-05,60.188228,60.318381,59.342251,59.517952,17568000
2011-01-06,59.570033,59.947472,59.322749,59.778275,9317500
2011-01-07,59.550522,60.279363,59.238157,60.097153,12694600
2011-01-10,60.246788,60.513594,59.986485,60.422489,8295200
2011-01-11,60.188278,60.259861,59.667677,60.08416,9495400
2011-01-12,59.700151,59.979975,59.511432,59.615555,9522900
2011-01-13,59.622091,60.370454,59.511459,60.1492,14502400
2011-01-14,60.376973,60.455065,59.713206,59.765263,8960700
2011-01-18,59.407343,59.680659,59.042922,59.485435,10663600
2011-01-19,59.485471,59.914967,59.452931,59.914967,8886900
2011-01-20,59.544004,59.615587,58.821667,59.088478,14203400
2011-01-21,59.016892,59.557014,58.899756,59.557014,9085600
2011-01-24,59.784798,59.80432,59.465925,59.583061,7700200
2011-01-25,59.830332,60.455056,59.426863,60.1492,13438100
2011-01-26,60.012554,60.038585,59.14705,59.238155,13322900
2011-01-27,59.264167,59.641605,59.003864,59.504948,10868700
2011-01-28,59.094969,60.051578,59.068938,59.817307,11993200
2011-01-31,59.64815,59.856391,59.251189,59.361816,8647600
2011-02-01,59.133202,59.322581,58.865452,59.067894,11508400
2011-02-02,59.361815,59.427118,58.708769,59.081005,13624600
2011-02-03,58.747939,59.146297,58.584678,58.591209,12785800
2011-02-04,58.447563,58.54552,57.970837,57.99696,17172200
2011-02-07,57.925093,58.316924,57.840199,58.297329,8554800
2011-02-08,58.323472,58.473674,57.703081,57.761852,10454200
2011-02-09,57.918528,58.551982,57.559351,58.264641,13078600
2011-02-10,58.055772,58.212501,57.585578,57.59211,10486800
2011-02-11,58.140592,58.467115,57.951209,58.421402,11333400
2011-02-14,58.323486,58.728376,58.323486,58.460625,8033500
2011-02-15,58.48672,58.754471,58.362645,58.721817,7298000
2011-02-16,58.689155,58.983024,58.343037,58.532421,8446300
2011-02-17,58.787105,58.891595,58.552014,58.623844,6732500
2011-02-18,58.395335,58.480234,58.173302,58.441048,6080700
2011-02-22,58.715263,59.387898,58.584651,59.316063,11905700
2011-02-23,59.492415,59.786288,59.257318,59.531601,14522600
2011-02-24,59.838508,60.106259,59.714433,59.910343,12110900
2011-02-25,59.910333,60.262978,59.845029,60.262978,6841700
2011-02-28,60.276085,60.419751,60.132414,60.341389,9682500
2011-03-01,59.959369,60.535904,59.926614,60.516251,8048700
2011-03-02,60.169056,60.267329,59.579424,59.585972,8526400
2011-03-03,59.310829,59.474616,58.950499,59.002907,10607600
2011-03-04,59.02908,59.520443,58.963566,59.494236,9316200
2011-03-07,58.976706,59.527036,58.865332,59.114292,7522300
2011-03-08,59.035667,59.186349,58.734298,58.753952,8498700
2011-03-09,59.022597,59.50086,58.865362,59.323971,8904800
2011-03-10,59.533576,60.339409,59.382889,60.319756,13385800
2011-03-11,60.300064,60.326271,59.834908,59.979042,8407600
2011-03-14,59.933208,60.221471,59.828382,59.952862,6765200
2011-03-15,60.798017,60.961805,60.509749,60.850426,14893800
2011-03-16,61.171421,62.200007,60.981426,61.538303,24294200
2011-03-17,61.086296,61.328704,60.771827,61.066643,10528500
2011-03-18,60.765274,61.243536,60.725966,61.230431,7260900
2011-03-21,61.014197,61.046956,60.647314,60.870068,10542900
2011-03-22,60.804616,61.119091,60.758756,61.073231,6904700
2011-03-23,61.485935,61.505589,60.883197,60.994572,8358000
2011-03-24,60.771827,60.850442,60.52942,60.535973,9477600
2011-03-25,60.837321,60.902835,60.286992,60.385265,6447200
2011-03-28,60.352497,60.712827,60.273877,60.470425,3996800
2011-03-29,60.260785,60.601462,59.992171,60.005272,6487200
2011-03-30,60.090416,60.483505,59.985589,60.483505,5048300
2011-03-31,60.712837,60.745596,60.018378,60.359055,9654300
2011-04-01,60.198512,60.705098,60.145878,60.65247,7860400
2011-04-04,60.659082,60.90909,60.613028,60.718296,4469100
2011-04-05,60.632774,60.77751,60.310396,60.474873,9951600
2011-04-06,60.376187,60.389348,59.566963,59.566963,9090900
2011-04-07,59.560352,59.711673,59.297188,59.448509,9265100
2011-04-08,59.165569,59.422152,59.112935,59.132671,7605700
2011-04-11,59.0998,59.356383,58.981376,59.185326,5734000
2011-04-12,59.613013,60.027493,59.580116,59.823544,7686500
2011-04-13,59.566934,60.198524,59.501144,60.198524,7959300
2011-04-14,60.224844,60.37616,60.014313,60.152473,7609600
2011-04-15,60.698583,60.99464,60.573579,60.968323,10222900
2011-04-18,60.520889,61.251167,60.165619,61.106426,12036700
2011-04-19,61.093256,61.369576,61.027466,61.369576,5295100
2011-04-20,61.231445,61.356449,60.928808,60.974861,6754100
2011-04-21,61.113035,61.336726,60.895924,60.922241,3365600
2011-04-25,60.941989,61.16568,60.856463,61.152519,3626900
2011-04-26,61.363003,61.757752,61.303794,61.744591,7506300
2011-04-27,61.474927,61.560453,61.020969,61.113075,8869300
2011-04-28,61.33014,61.580143,61.165663,61.580143,8110200
2011-04-29,61.494608,61.790664,61.415657,61.770927,5900000
2011-05-02,61.658591,61.896451,61.559482,61.870022,5285100
2011-05-03,62.081464,62.220215,61.830391,62.220215,6486600
2011-05-04,62.312691,62.583589,62.286261,62.497692,7406300
2011-05-05,62.715754,63.184866,62.643074,63.092365,9600000
2011-05-06,62.444866,63.092371,62.339148,62.814869,9451500
2011-05-09,62.702571,62.900785,62.662924,62.748821,3731200
2011-05-10,62.570416,62.695955,62.299522,62.299522,5458300
2011-05-11,62.319368,62.828122,62.226867,62.656338,6078700
2011-05-12,62.735569,62.841287,62.048422,62.259853,8015800
2011-05-13,62.537377,63.092381,62.458088,62.821487,8380000
2011-05-16,62.788437,63.290588,62.610045,63.171658,6053600
2011-05-17,63.449188,63.8258,63.416155,63.819191,9826900
2011-05-18,63.607743,63.687031,62.953629,62.97345,7707600
2011-05-19,62.411819,62.980041,62.411819,62.947002,8052400
2011-05-20,62.781811,63.039498,62.583598,62.98003,5602300
2011-05-23,63.25096,63.554891,63.158454,63.283993,6300000
2011-05-24,63.191463,63.521824,63.072533,63.521824,5549100
2011-05-25,63.528453,63.614345,63.125412,63.224522,5664500
2011-05-26,63.40951,63.79273,63.356651,63.7663,8307900
2011-05-27,63.51525,63.766328,63.35007,63.739899,5390600
2011-05-31,63.548231,63.931451,63.488763,63.885201,7003900
2011-06-01,64.271175,64.801686,64.251282,64.748634,12746400
2011-06-02,63.98602,64.264541,63.515194,63.515194,15738700
2011-06-03,64.045701,64.058962,63.375932,63.879917,10644100
2011-06-06,63.309634,63.654462,63.137217,63.39584,8776900
2011-06-07,63.150457,63.700856,63.077511,63.687595,7399200
2011-06-08,63.833528,64.218144,63.773843,64.18499,7401800
2011-06-09,64.390558,64.543082,63.61469,63.926365,9963000
2011-06-10,64.26458,64.582883,64.191635,64.417099,7710800
2011-06-13,64.151843,64.51657,64.08553,64.092163,5540000
2011-06-14,63.488696,63.5948,63.084182,63.123974,8672400
2011-06-15,63.249964,64.28446,63.243336,64.271194,12979100
2011-06-16,64.390556,64.675705,64.191618,64.562973,10961200
2011-06-17,64.231386,64.423696,64.085495,64.257912,9622900
2011-06-20,64.543039,64.562932,64.052315,64.337463,6613800
2011-06-21,64.125275,64.344112,63.840127,64.05233,7894900
2011-06-22,64.297734,64.364047,63.933012,64.092163,5503700
2011-06-23,64.483369,64.814937,64.423689,64.58284,8586800
2011-06-24,64.562987,64.781823,64.310997,64.310997,7960900
2011-06-27,64.224747,64.238013,63.362673,63.428986,9331300
2011-06-28,63.316263,63.448888,62.812278,62.918377,12634300
2011-06-29,62.964765,63.130549,62.348049,62.500572,11084900
2011-06-30,62.487365,62.540412,61.764543,62.401154,11555600
2011-07-01,62.634003,62.700547,62.121648,62.301304,6637200
2011-07-05,62.57415,62.66065,62.341261,62.441067,4615600
2011-07-06,62.673956,62.846956,62.441062,62.760456,5652700
2011-07-07,62.434413,62.640685,62.248102,62.574146,6823700
2011-07-08,63.106444,63.618805,63.099794,63.45911,12129300
2011-07-11,63.904917,64.410622,63.711951,64.410622,9760800
2011-07-12,64.743394,64.750044,64.250994,64.630272,9083900
2011-07-13,64.350756,64.829844,63.951518,64.809883,13112200
2011-07-14,64.290885,65.142595,63.884991,63.884991,11471500
2011-07-15,63.405875,64.011386,63.372603,63.991425,7086200
2011-07-18,63.918254,63.991449,63.346011,63.372627,8206500
2011-07-19,63.425857,64.723384,63.326046,64.690117,15249400
2011-07-20,64.357441,64.437286,63.791853,63.924931,9673300
2011-07-21,63.37261,63.78516,63.146377,63.432499,11099200
2011-07-22,63.672077,63.938233,63.565611,63.911621,4974500
2011-07-25,63.192952,63.911585,63.099797,63.212914,10869400
2011-07-26,63.412505,63.791782,63.372577,63.645393,7682800
2011-07-27,63.439156,63.771855,63.279461,63.652088,11224200
2011-07-28,63.951593,64.084671,63.685432,63.891705,7081600
2011-07-29,64.470561,65.561816,64.397367,65.155922,19582400
2011-08-01,65.019051,66.053857,64.992346,65.813515,14348200
2011-08-02,66.240775,67.80967,66.020461,67.789642,20850600
2011-08-03,67.809633,69.044719,67.669434,67.923126,21179700
2011-08-04,68.350425,70.466769,68.276987,70.33992,34076600
2011-08-05,69.058141,70.433427,68.283704,68.31041,41677700
2011-08-08,68.884502,70.626977,68.730948,70.466751,38259500
2011-08-09,70.106233,73.017034,68.764325,70.680382,39881400
2011-08-10,71.855387,72.816754,71.394736,72.783371,46221000
2011-08-11,71.661745,71.975525,68.897821,69.111458,37790100
2011-08-12,69.725707,70.540198,69.478688,70.48011,15590800
2011-08-15,70.059522,70.420035,69.745742,69.76577,10051700
2011-08-16,69.872538,71.194412,69.852505,70.920692,15993200
2011-08-17,70.980875,72.169229,70.613684,72.162552,15906600
2011-08-18,73.497731,74.866344,72.956965,73.644608,27274600
2011-08-19,73.871638,74.379027,73.59124,74.238823,15708400
2011-08-22,73.744755,74.278849,73.698022,74.051857,13157700
2011-08-23,73.277415,74.218749,73.00369,73.030396,16017800
2011-08-24,72.963639,73.043755,70.867329,70.954117,14621600
2011-08-25,71.22789,72.035704,71.007576,71.721924,10565900
2011-08-26,72.563092,72.950304,71.655135,72.429565,11504800
2011-08-29,71.23453,71.701863,71.167769,71.428139,6764300
2011-08-30,72.389485,72.870168,72.269314,72.576416,9508700
2011-08-31,72.643203,72.743347,71.454849,71.454849,12186000
2011-09-01,71.965107,72.976249,71.034322,72.969551,10686600
2011-09-02,74.590032,75.386893,74.101206,75.340019,16557100
2011-09-06,76.618998,76.960511,75.929281,76.123474,14016200
2011-09-07,75.185961,75.246231,74.53642,74.670349,11524300
2011-09-08,75.199398,75.420371,74.556549,75.340019,11480900
2011-09-09,75.36012,76.458312,75.139141,76.143585,11492700
2011-09-12,76.049879,76.505227,75.735152,76.223984,7602200
2011-09-13,75.935983,76.063209,75.07216,75.139122,9282400
2011-09-14,74.978393,75.902479,74.877947,75.775253,11948500
2011-09-15,74.985112,75.326619,74.616814,74.616814,8884000
2011-09-16,74.53647,75.393595,74.496294,75.159225,10053500
2011-09-19,76.471713,77.134651,76.418147,76.592247,13033500
2011-09-20,76.585511,76.920325,76.371229,76.913628,6360600
2011-09-21,76.75964,79.545302,76.471699,79.458252,18687100
2011-09-22,81.299758,82.947047,81.179224,82.444824,25041400
2011-09-23,82.444776,82.605485,80.911324,80.911324,15173800
2011-09-26,80.435952,80.737283,79.404721,79.612305,15110100
2011-09-27,78.17922,78.547518,77.851103,78.393501,13589600
2011-09-28,78.279672,78.420294,77.516295,78.366722,12642600
2011-09-29,78.75516,79.565412,78.40695,78.909172,12341800
2011-09-30,80.368981,80.964956,79.679263,80.891296,13546400
2011-10-03,81.821801,83.11747,81.304879,83.11747,15882000
2011-10-04,83.493345,83.93642,82.02313,82.063408,17301400
2011-10-05,81.674012,81.754568,81.002682,81.47261,14275000
2011-10-06,80.989253,81.237647,79.968834,79.968834,9681600
2011-10-07,79.049109,79.92184,78.444911,79.378059,11564600
2011-10-10,78.424775,78.485198,77.740021,78.256943,3567600
2011-10-11,78.740317,78.78731,77.807168,77.99514,7520200
2011-10-12,77.001597,77.28356,76.182579,76.860619,14033400
2011-10-13,77.223088,78.243512,77.176095,77.625885,11263300
2011-10-14,76.451069,76.941142,76.269812,76.498062,8411000
2011-10-17,76.733058,77.854179,76.679351,77.82061,9664000
2011-10-18,77.968317,78.424822,76.733072,77.337265,12495600
2011-10-19,76.894168,77.699762,76.639064,77.310394,6629300
2011-10-20,76.840419,77.652727,76.5786,76.759857,7832100
2011-10-21,76.437644,76.665894,75.947571,75.947571,9906300
2011-10-24,76.484661,76.585362,75.893893,76.07515,6344500
2011-10-25,76.115432,78.109284,76.095293,78.008583,11791200
2011-10-26,77.464799,78.015289,76.578643,76.645775,12747000
2011-10-27,75.538094,75.759634,73.725504,74.047745,19471400
2011-10-28,74.450534,75.162142,74.356548,74.826477,10127900
2011-10-31,76.269777,77.793694,76.169077,77.793694,15242100
2011-11-01,79.899736,80.424728,78.863213,80.397804,24400600
2011-11-02,78.499794,79.664202,78.35845,79.394974,13181100
2011-11-03,78.304581,78.98438,78.069008,78.304581,8386700
2011-11-04,77.88734,78.78252,77.759455,78.398872,7583700
2011-11-07,78.506516,79.65746,78.291135,78.896896,9279700
2011-11-08,78.580534,79.112257,77.7392,77.887276,7539400
2011-11-09,79.596899,80.182464,78.795948,79.50267,13004500
2011-11-10,78.600718,79.159365,77.544004,78.318031,11644600
2011-11-11,77.961324,78.190164,77.739211,77.840172,2483900
2011-11-14,78.338235,79.152645,78.217083,79.092072,9252600
2011-11-15,79.219955,79.731487,78.560352,78.984383,7587500
2011-11-16,79.394964,79.711307,78.869973,79.704575,7470000
2011-11-17,79.448822,80.875725,79.448822,80.344002,9907900
2011-11-18,80.216126,80.465163,79.637288,80.323814,6792600
2011-11-21,81.023859,81.259436,80.707521,80.80175,7345600
2011-11-22,81.00357,81.717024,80.667037,81.70356,7866300
2011-11-23,81.548733,82.820828,81.461231,82.504486,10129300
2011-11-25,81.979532,82.026646,81.266078,81.306465,4311900
2011-11-28,79.845896,81.542027,79.812246,81.266068,7661900
2011-11-29,80.788189,81.387218,80.148778,80.599731,8952800
2011-11-30,79.650728,79.798804,78.92382,79.341118,11806800
2011-12-01,78.463976,79.104964,78.133361,78.943031,9647200
2011-12-02,78.686668,80.076604,78.646181,80.049614,7764900
2011-12-05,78.943008,80.177759,78.862039,79.887627,7862800
2011-12-06,79.489574,79.813446,78.787858,79.125221,8506300
2011-12-07,79.16569,79.779689,78.841819,79.408592,6588300
2011-12-08,79.428843,80.515154,79.21968,80.400452,8800500
2011-12-09,80.339731,80.380213,78.693396,78.747375,9855100
2011-12-12,79.55704,79.948378,79.35462,79.624512,5734600
2011-12-13,79.131963,80.71757,79.050999,80.366714,8901800
2011-12-14,80.825521,81.905083,80.623101,81.884842,11247700
2011-12-15,81.41251,81.857827,81.216839,81.581192,5438700
2011-12-16,81.89834,82.735005,81.837617,82.532585,9321900
2011-12-19,82.532594,83.679627,82.492112,83.578423,7845100
2011-12-20,82.762005,82.768748,81.378813,81.493515,13945400
2011-12-21,81.392278,81.527227,80.339706,80.359947,11600100
2011-12-22,80.967195,81.250579,80.528622,80.697304,5247400
2011-12-23,79.995598,80.096808,79.442322,79.799927,5409700
2011-12-27,79.833823,80.179039,79.617214,80.179039,4270300
2011-12-28,80.375301,81.938947,80.178999,81.661415,8302300
2011-12-29,81.553135,81.966041,81.268833,81.810356,4305000
2011-12-30,81.979575,82.419562,81.830656,82.074341,5948800
2012-01-03,80.835591,81.363573,80.503911,80.842361,9076900
2012-01-04,80.727284,80.74082,79.657778,79.881157,8417100
2012-01-05,79.989472,80.61899,79.583332,79.739021,6465800
2012-01-06,79.705164,80.524215,79.678088,80.36853,7348500
2012-01-09,80.192545,80.91683,80.077473,80.226387,5582400
2012-01-10,79.691649,80.463317,79.657802,80.091019,8932500
2012-01-11,80.578303,81.26874,80.537691,81.133362,8634500
2012-01-12,81.194355,81.356815,80.713755,81.018364,7205400
2012-01-13,81.97281,82.338338,81.776508,81.823891,9819000
2012-01-17,81.871279,82.331573,81.790054,82.202965,5449900
2012-01-18,82.263858,82.318012,81.167281,81.207893,5804000
2012-01-19,80.774691,80.930375,79.820257,80.091019,8625700
2012-01-20,79.67808,79.847305,79.177174,79.183945,6548200
2012-01-23,78.608623,78.953844,78.216024,78.683083,7274800
2012-01-24,79.001176,79.001176,78.371657,78.82518,5776500
2012-01-25,78.561222,80.23317,78.446149,78.635681,12867600
2012-01-26,78.960586,79.678101,78.919969,79.678101,7638500
2012-01-27,79.759302,80.097753,79.204243,79.928528,5165300
2012-01-30,81.119888,81.492186,80.781438,80.869438,8388400
2012-01-31,80.72731,81.844199,80.679927,81.803581,7998300
2012-02-01,81.253275,81.355054,80.61546,80.866516,7925200
2012-02-02,80.71724,81.070076,80.500113,80.832588,5596900
2012-02-03,79.020935,79.251636,78.68846,79.095573,12467400
2012-02-06,79.176987,79.930149,78.939499,79.882652,6180600
2012-02-07,79.129547,79.30596,78.552797,78.892059,8794800
2012-02-08,78.84452,79.244853,78.695249,78.953087,7613400
2012-02-09,78.613864,78.735999,77.772495,78.362808,11477700
2012-02-10,79.251653,79.61127,79.061662,79.380569,7193100
2012-02-13,79.115911,79.638378,79.000564,79.482315,6422900
2012-02-14,79.685926,80.255884,79.543436,79.903053,8271200
2012-02-15,79.835121,80.249016,79.719768,79.760483,6846100
2012-02-16,79.570519,79.794433,78.797002,79.122696,9036200
2012-02-17,78.61381,79.122703,78.545959,79.102348,6338000
2012-02-21,78.552732,78.654511,77.996342,78.227043,8338300
2012-02-22,78.634185,79.224503,78.579902,79.21093,7736800
2012-02-23,78.803816,79.536624,78.661327,79.21093,5163900
2012-02-24,79.543417,79.780899,79.353425,79.726616,5676900
2012-02-27,80.405117,80.642599,80.14728,80.432259,8180700
2012-02-28,80.656171,80.839371,80.025144,80.167633,6615700
2012-02-29,80.316899,80.350822,79.360178,79.679085,14235000
2012-03-01,79.003824,79.350662,78.575382,78.929016,12265600
2012-03-02,79.296247,79.894713,79.262247,79.670288,6669600
2012-03-05,79.541024,79.86746,79.037773,79.037773,6921900
2012-03-06,79.874284,80.323133,79.867487,79.996696,6299700
2012-03-07,79.881085,79.983097,79.439038,79.50705,5567500
2012-03-08,79.105769,79.275786,78.643321,78.711327,7982100
2012-03-09,78.541369,78.881405,78.14013,78.867805,6975600
2012-03-12,79.105784,79.241796,78.799755,78.854156,5280000
2012-03-13,78.391718,78.486933,77.453223,77.466827,14413600
2012-03-14,76.643952,76.677958,75.453828,75.515038,24515300
2012-03-15,75.419833,75.99109,75.406229,75.630653,14154000
2012-03-16,75.14777,75.787037,74.943747,75.780235,13427200
2012-03-19,75.732669,75.814279,74.596952,74.875778,14011400
2012-03-20,75.10018,75.399412,74.705738,75.174988,9443800
2012-03-21,75.39265,76.093122,75.358644,76.025116,10242000
2012-03-22,76.365145,76.419552,76.079517,76.269936,8009800
2012-03-23,76.637157,77.113204,76.616756,76.990791,8465300
2012-03-26,76.732392,76.854805,76.03192,76.596375,8118600
2012-03-27,76.698345,77.324008,76.643938,77.147194,6972300
2012-03-28,76.793588,77.487263,76.745983,77.038414,7886000
2012-03-29,77.541647,77.657263,77.242419,77.616455,7692900
2012-03-30,77.67086,77.711663,76.29712,76.303917,9467500
2012-04-02,77.047116,77.251668,76.501648,76.726654,8944000
2012-04-03,77.053949,77.347138,75.390275,75.397095,14774300
2012-04-04,76.208458,76.447104,75.963003,76.433464,10095600
2012-04-05,77.047088,77.094816,76.590261,76.985725,6364100
2012-04-09,78.77897,78.935788,78.574418,78.785789,14374600
2012-04-10,79.058477,79.972136,78.942567,79.678947,14421300
2012-04-11,78.894884,79.133525,78.649424,78.724426,8713000
2012-04-12,78.867594,78.922142,78.288037,78.397133,9008500
2012-04-13,79.194913,79.706288,79.174459,79.665375,8607700
2012-04-16,79.569862,80.183512,79.481226,79.549408,7735000
2012-04-17,79.453989,79.65854,79.263076,79.501717,5398600
2012-04-18,79.808568,79.856296,79.590382,79.733566,4074400
2012-04-19,79.94492,80.094924,79.788096,79.808556,5374300
2012-04-20,79.474392,79.863037,79.317574,79.822128,5043300
2012-04-23,80.531322,80.735874,80.313135,80.401772,5170100
2012-04-24,80.190341,80.292617,79.82897,79.835785,4336600
2012-04-25,79.372169,79.992635,78.881249,79.426712,8859500
2012-04-26,80.060795,80.088069,79.494873,79.903976,5133000
2012-04-27,79.78807,80.019896,79.631252,79.972168,3112900
2012-04-30,80.163081,80.285811,79.903986,79.992622,4198400
2012-05-01,80.261217,80.39108,79.331682,79.577736,7214300
2012-05-02,80.117718,80.186065,79.830657,80.138222,3565700
2012-05-03,79.721286,80.22023,79.666606,80.117706,3522900
2012-05-04,80.295433,80.780705,80.240754,80.746529,6367300
2012-05-07,80.869578,80.965265,80.664531,80.760223,3228200
2012-05-08,81.122418,81.682873,81.101915,81.190765,6051600
2012-05-09,81.641937,81.723957,80.951624,81.245522,5828900
2012-05-10,80.664485,81.074578,80.26807,81.006226,6300000
2012-05-11,81.669197,81.74438,81.306952,81.676033,5234300
2012-05-14,82.612395,82.906292,82.427852,82.817436,8789400
2012-05-15,82.762747,83.20018,82.578209,83.152336,6766400
2012-05-16,82.687647,83.507823,82.50994,83.391632,6462300
2012-05-17,83.40527,84.943103,83.398433,84.86792,14863400
2012-05-18,84.252752,85.052429,84.143397,84.88839,10137700
2012-05-21,84.683369,85.05928,84.491995,84.710709,9583500
2012-05-22,83.897312,83.986162,83.425708,83.767448,12475500
2012-05-23,84.444121,85.107094,84.314258,84.348434,11744900
2012-05-24,84.225417,84.608165,83.897343,84.027206,10256200
2012-05-25,84.362171,84.437354,84.16396,84.341667,4723600
2012-05-29,84.334769,84.62183,84.068211,84.081879,5874100
2012-05-30,85.653908,86.33739,85.640241,86.214363,17170800
2012-05-31,86.822635,88.223774,86.576581,87.212219,31174500
2012-06-01,88.262197,89.296393,88.029336,89.282692,23526000
2012-06-04,88.563562,89.159416,88.310155,88.577263,11681200
2012-06-05,88.0293,88.104639,87.385499,87.392349,12482800
2012-06-06,87.364975,87.392371,85.645897,85.645897,20806700
2012-06-07,85.371962,86.118493,85.193888,85.776047,18898200
2012-06-08,86.810191,86.947167,85.317124,85.755455,11239600
2012-06-11,85.467824,86.440371,85.454123,86.145866,10693800
2012-06-12,85.591158,86.043185,85.269257,85.358292,10921700
2012-06-13,85.508947,86.488345,85.187047,86.200691,11100000
2012-06-14,86.262295,86.488311,85.74178,86.091072,7688200
2012-06-15,86.693784,86.878703,86.39243,86.570503,6421400
2012-06-18,87.084167,87.214293,86.474612,87.036224,6698400
2012-06-19,86.488331,86.549974,85.837685,85.899323,8227900
2012-06-20,85.31712,86.645814,84.988369,86.323914,13720300
2012-06-21,86.26237,87.152734,86.221278,86.78289,9776600
2012-06-22,86.228037,86.447203,85.618483,85.625328,7830400
2012-06-25,86.543058,86.995084,86.481415,86.871803,6113800
2012-06-26,86.371904,86.947212,86.255473,86.529427,5359700
2012-06-27,86.68007,86.837597,86.317077,86.666374,5860700
2012-06-28,87.186875,87.310156,86.837578,86.87867,5257800
2012-06-29,85.632234,86.043169,85.358276,85.748665,8881900
2012-07-02,86.104802,87.312811,86.049897,86.633308,7818500
2012-07-03,86.448023,86.482343,85.940112,85.967567,5773100
2012-07-05,86.036229,86.702006,85.967593,86.406868,5974700
2012-07-06,86.94224,87.312879,86.901059,87.209923,5818300
2012-07-09,87.429546,88.033548,87.244229,87.978638,5647000
2012-07-10,87.758995,88.363002,87.662904,88.157089,4288000
2012-07-11,88.260052,88.864059,88.033549,88.266922,5960900
2012-07-12,88.575817,88.925861,88.472856,88.891541,6421000
2012-07-13,88.69933,88.706201,88.266925,88.65815,4175300
2012-07-16,89.433736,89.646508,88.96014,89.069962,5283500
2012-07-17,88.71994,89.104315,88.294395,88.369896,5590900
2012-07-18,88.719885,88.774796,88.397292,88.417892,4011000
2012-07-19,88.170808,88.610083,87.930576,88.191399,5246300
2012-07-20,88.953259,89.433714,88.829707,89.268982,6365900
2012-07-23,90.127003,90.216234,89.577906,89.770088,6141100
2012-07-24,89.468051,90.628004,89.42,90.477013,6748800
2012-07-25,90.346591,90.744686,90.24363,90.710365,5328000
2012-07-26,90.277954,90.449546,89.845539,89.87986,6606200
2012-07-27,89.152329,89.23469,87.14127,88.184547,14685100
2012-07-30,88.122741,88.87088,88.02665,88.84343,6025300
2012-07-31,89.097443,89.145494,88.253213,89.021942,7448600
2012-08-01,88.404943,89.237204,88.143569,88.576897,7972000
2012-08-02,89.134075,89.890677,88.817685,89.079048,7972000
2012-08-03,87.930361,88.061048,87.194398,87.641479,9084800
2012-08-06,87.813434,88.136708,87.607092,87.675873,3673600
2012-08-07,86.637296,86.754224,86.272755,86.547882,6613600
2012-08-08,86.774829,86.933024,86.004473,86.087013,7250700
2012-08-09,85.818754,86.183301,85.117184,86.025101,7553500
2012-08-10,86.802335,86.884875,86.389647,86.458427,4670500
2012-08-13,86.740389,86.926097,86.313942,86.313942,3543700
2012-08-14,85.261626,85.571147,85.117186,85.144699,7994000
2012-08-15,84.615106,84.738913,83.844756,83.947929,11191000
2012-08-16,84.05799,84.257457,82.895579,83.232613,13240000
2012-08-17,83.500813,83.996041,83.445787,83.638374,6341100
2012-08-20,83.603999,84.044201,83.569606,83.810341,4427100
2012-08-21,83.549011,84.223068,82.991882,84.181801,9532700
2012-08-22,84.958983,85.639925,84.745762,85.571144,11384400
2012-08-23,85.798177,86.073304,85.736276,85.928864,7139100
2012-08-24,86.300259,86.36216,85.750004,85.846298,5001400
2012-08-27,86.210822,86.527222,86.162675,86.348389,3906100
2012-08-28,86.492832,86.9124,86.382779,86.554733,3412600
2012-08-29,86.396546,86.4103,85.942585,86.176445,3762700
2012-08-30,86.850495,86.967428,86.479079,86.62352,3886400
2012-08-31,86.51343,87.847794,86.479042,87.847794,9192600
2012-09-04,87.483883,87.973274,87.373601,87.759598,6009300
2012-09-05,87.414928,87.669965,87.228824,87.346001,3466700
2012-09-06,86.525772,86.525772,85.850277,85.891632,6505100
2012-09-07,86.94628,86.973852,85.416068,85.49189,7335300
2012-09-10,85.25749,85.698631,85.133419,85.698631,4912100
2012-09-11,85.484985,85.540129,84.981811,85.161026,3523300
2012-09-12,84.244274,84.37524,83.872061,84.099525,7040900
2012-09-13,84.361431,84.843927,82.900147,83.768646,12280200
2012-09-14,82.548628,82.610661,81.369954,81.542274,16871600
2012-09-17,81.935144,82.645106,81.886895,82.521034,5573300
2012-09-18,83.203421,83.334387,82.686458,82.934601,5366200
2012-09-19,83.637696,83.665268,83.134522,83.479164,5903300
2012-09-20,84.18911,84.313181,83.389544,83.685936,4604200
2012-09-21,83.231026,83.844488,83.175882,83.782455,4144300
2012-09-24,84.264889,84.575065,84.21664,84.43721,3627400
2012-09-25,84.644041,85.291964,84.182217,85.271286,5893500
2012-09-26,85.85716,86.22248,85.781339,86.188019,7193400
2012-09-27,85.850292,86.022613,85.312646,85.574577,5147700
2012-09-28,85.98813,86.325877,85.340202,85.62281,7173400
2012-10-01,85.629695,85.97506,85.222162,85.940521,4842600
2012-10-02,85.588267,86.009607,85.51919,85.823112,3540100
2012-10-03,85.55377,85.857693,85.387997,85.850784,3800900
2012-10-04,85.277447,85.512298,84.662698,84.780121,6214800
2012-10-05,83.971967,84.047948,83.522992,83.681862,8340700
2012-10-08,84.255194,84.455501,84.054882,84.386429,1568400
2012-10-09,83.902866,84.393283,83.840698,84.234413,4752700
2012-10-10,83.89597,84.932064,83.757826,84.828453,5429800
2012-10-11,84.24133,85.415573,84.19298,85.415573,5194100
2012-10-12,85.698764,86.189181,85.498452,85.629692,4934900
2012-10-15,85.49845,85.747113,85.256696,85.436287,3036100
2012-10-16,84.890635,84.918265,84.227535,84.255165,5398700
2012-10-17,83.695665,83.757834,83.281229,83.474632,6932500
2012-10-18,83.66117,83.944366,82.797758,82.963531,8558600
2012-10-19,83.122394,84.137767,83.080952,84.089417,7616700
2012-10-22,83.87528,84.158476,83.536824,83.550636,6910600
2012-10-23,84.338057,84.77322,84.282798,84.74559,5760600
2012-10-24,84.172319,84.469333,83.909843,83.909843,6824500
2012-10-25,83.274316,83.951233,83.115451,83.481537,5292500
2012-10-26,83.882164,84.717945,83.764736,84.711037,5889400
2012-10-31,84.738716,85.443258,84.704177,85.208412,5025600
2012-11-01,84.800817,84.876797,84.324217,84.510712,3659700
2012-11-02,83.771661,84.483111,83.744031,84.448578,3527800
2012-11-05,84.835378,85.132392,84.814657,84.925171,2935700
2012-11-06,84.648888,84.863012,84.117023,84.123932,4484600
2012-11-07,85.615905,86.01653,85.48467,85.650444,10071000
2012-11-08,85.505395,86.935204,85.256732,86.921387,8579500
2012-11-09,86.776322,87.018082,86.465496,87.018082,5036900
2012-11-12,86.921372,87.294367,86.886839,87.163132,2072200
2012-11-13,87.584518,87.59833,87.025023,87.453278,2863800
2012-11-14,86.83848,87.57756,86.75559,87.536118,4694600
2012-11-15,87.100991,87.736461,87.031919,87.363472,5549600
2012-11-16,87.280635,87.853943,87.225376,87.287544,4591100
2012-11-19,86.658947,86.900701,86.548433,86.797096,3621600
2012-11-20,86.672693,86.803928,85.912887,85.926704,4659300
2012-11-21,85.781678,85.940543,85.66425,85.87838,2422800
2012-11-23,85.857685,85.961291,85.726445,85.795517,987200
2012-11-26,86.451704,86.700362,86.168502,86.203041,2799000
2012-11-27,86.299734,86.610561,86.133956,86.541489,2544400
2012-11-28,87.011203,87.170068,86.403358,86.417175,3569700
2012-11-29,86.24449,86.645114,86.106346,86.430984,2761000
2012-11-30,86.672719,86.714161,86.140854,86.196114,3702300
2012-12-03,85.625116,86.36565,85.555908,86.275681,5427800
2012-12-04,86.524888,86.794807,86.400312,86.77404,2586300
2012-12-05,86.787874,87.071628,86.628691,86.732506,1978200
2012-12-06,87.106216,87.258477,86.863987,86.91935,2301200
2012-12-07,86.164993,86.483353,86.054256,86.116547,4020900
2012-12-10,86.483287,86.566339,86.192611,86.497131,2134300
2012-12-11,85.99892,86.033521,85.701321,85.839737,3777900
2012-12-12,85.701272,86.054233,84.829239,84.843079,7119700
2012-12-13,84.635489,85.251447,84.524752,84.905403,6381500
2012-12-14,85.258346,85.618229,85.182215,85.542099,3832800
2012-12-17,85.472919,85.486759,84.23408,84.261765,6870000
2012-12-18,84.019453,84.282445,82.981322,83.403496,12024200
2012-12-19,83.721905,84.192526,83.548883,83.680382,4880500
2012-12-20,83.943343,84.185573,83.479645,83.694191,4567900
2012-12-21,84.649312,84.732364,84.40016,84.607788,6087700
2012-12-24,84.434774,84.490142,84.344805,84.455536,1071100
2012-12-26,84.585875,84.766215,84.488769,84.759277,2247800
2012-12-27,84.537362,85.515357,84.502685,85.043701,4262700
2012-12-28,85.411323,85.550043,85.161623,85.529236,3928200
2012-12-31,85.224024,85.293384,83.864546,84.051819,6423000
2013-01-02,83.066925,83.16403,82.824162,82.9282,7472700
2013-01-03,82.803355,82.879653,81.776813,81.804558,10004300
2013-01-04,81.61034,82.151357,81.402255,82.123611,9574600
2013-01-07,82.102787,82.352487,81.846149,82.158272,4193100
2013-01-08,82.567507,82.74091,82.414912,82.699295,4380900
2013-01-09,82.713146,82.914294,82.449575,82.622978,3870300
2013-01-10,82.283124,82.747847,82.095851,82.394104,5602800
2013-01-11,82.206837,83.136279,82.088924,83.129341,4770700
2013-01-14,83.261102,83.427567,82.796384,82.900421,3064600
2013-01-15,83.65651,83.718933,83.212599,83.28196,5357800
2013-01-16,83.670355,83.705038,83.24032,83.455338,4286100
2013-01-17,82.768636,82.921231,82.36634,82.622978,7019200
2013-01-18,82.935095,83.379006,82.858797,83.261093,4660000
2013-01-22,82.921281,83.44149,82.803363,83.420677,3874100
2013-01-23,83.469194,83.635665,83.198686,83.295792,2848800
2013-01-24,83.143196,83.212556,82.720093,83.004471,4178900
2013-01-25,82.137459,82.262309,81.686611,81.866951,8750700
2013-01-28,81.166399,81.65193,81.152529,81.568695,6059900
2013-01-29,81.58259,81.901651,81.062382,81.117867,5553900
2013-01-30,80.923659,81.124807,80.569921,80.979149,9586800
2013-01-31,81.173379,81.388397,80.840448,81.374527,6789200
2013-02-01,81.840209,81.923624,80.296972,80.317825,10928600
2013-02-04,81.047772,81.527428,80.929597,81.346687,9291900
2013-02-05,80.825346,80.936573,80.540336,80.623756,6676500
2013-02-06,80.999104,81.311925,80.672387,81.284119,5892000
2013-02-07,81.172908,81.742932,81.068639,81.103394,5951700
2013-02-08,81.193788,81.444044,80.797552,81.416237,5603400
2013-02-11,81.367597,81.596993,81.277224,81.353691,3679900
2013-02-12,81.117284,81.34668,80.957397,81.152039,4513700
2013-02-13,80.498645,80.825362,80.324857,80.491692,6586400
2013-02-14,80.839258,81.360622,80.63071,81.221588,7096000
2013-02-15,81.096441,81.152049,80.686299,80.985214,5861800
2013-02-19,81.235491,81.263298,80.526433,80.582047,7383600
2013-02-20,80.422126,80.894829,80.338706,80.82531,9603900
2013-02-21,81.26328,81.54829,81.152053,81.298035,8297400
2013-02-22,81.318937,81.569187,81.249417,81.353691,5316900
2013-02-25,80.880929,82.966385,80.839222,82.952484,15948700
2013-02-26,82.535391,83.18883,82.438064,82.472824,9822100
2013-02-27,83.06368,83.098439,82.027905,82.2295,7459600
2013-02-28,82.326871,82.486758,82.014055,82.382484,6023400
2013-03-01,82.789291,83.047051,82.5803,82.831093,7786800
2013-03-04,82.754478,82.879874,82.385257,82.39222,4511400
2013-03-05,82.252887,82.343449,81.981196,82.155357,6539300
2013-03-06,81.584112,81.855803,81.402982,81.40995,6514900
2013-03-07,81.096475,81.166139,80.748153,80.782982,8526700
2013-03-08,80.023663,80.365018,79.849501,79.940063,15423600
2013-03-11,80.197792,80.274423,79.933063,80.016663,5815800
2013-03-12,80.288346,80.664535,80.274415,80.594872,9264200
2013-03-13,80.281382,80.629705,80.135087,80.511276,7371500
2013-03-14,80.176912,80.560069,80.100286,80.267479,9352100
2013-03-15,80.344089,80.72724,80.32319,80.643646,9673400
2013-03-18,81.389048,81.423877,80.915329,81.256683,9152200
2013-03-19,81.354247,82.127524,81.298514,81.807068,11986200
2013-03-20,81.305473,81.500533,80.866589,80.894455,8543900
2013-03-21,81.409982,81.681673,81.180088,81.674706,6119400
2013-03-22,81.716513,81.85584,81.347286,81.737411,6323800
2013-03-25,81.34725,82.050863,81.277587,81.660744,5839800
2013-03-26,81.416961,82.141473,81.35426,81.758316,5093200
2013-03-27,82.413113,82.740532,82.329514,82.45491,7742900
2013-03-28,82.287742,82.517631,81.981216,82.036949,5826400
2013-04-01,82.047394,82.675737,82.026451,82.654793,6113800
2013-04-02,82.431366,82.480237,82.207956,82.319664,5438000
2013-04-03,82.598952,83.283148,82.557064,83.059738,9527400
2013-04-04,83.492582,84.065075,83.408806,84.051109,9365700
2013-04-05,85.789507,86.173496,85.614968,85.74762,18626200
2013-04-08,85.64293,85.782564,85.02157,85.091385,8020300
2013-04-09,85.196073,85.342685,84.74227,84.881905,7176100
2013-04-10,84.190745,84.239621,83.70902,83.716003,10765200
2013-04-11,83.897546,84.120956,83.702063,83.876602,7501800
2013-04-12,84.707351,85.133227,84.407143,85.126244,9253000
2013-04-15,85.265887,85.894229,85.08437,85.866302,12948400
2013-04-16,85.119316,85.538209,85.091389,85.161209,6553500
2013-04-17,85.38462,86.24335,85.38462,85.726715,9020900
2013-04-18,85.740621,86.026868,85.594009,85.936104,7009500
2013-04-19,85.831406,85.859333,85.614974,85.754608,5474300
2013-04-22,85.761575,86.075749,85.642889,85.817429,4519400
2013-04-23,86.054842,86.424864,85.44046,85.517258,8042900
2013-04-24,85.503318,85.747672,85.384633,85.733711,3673600
2013-04-25,85.349687,85.433467,85.244962,85.363647,4297800
2013-04-26,86.012933,86.229365,85.880286,86.145584,4898800
2013-04-29,86.278249,86.382973,85.70576,85.831429,4916000
2013-04-30,86.054842,86.355049,85.642926,85.880302,4477400
2013-05-01,86.377738,86.937453,86.356749,86.762543,10724600
2013-05-02,86.468696,86.734563,86.412729,86.650604,4171800
2013-05-03,85.468204,85.489193,84.53768,84.607643,11283600
2013-05-06,84.761575,84.831538,84.180871,84.397758,5121900
2013-05-07,84.089889,84.306777,83.99194,84.068901,5049200
2013-05-08,84.145894,84.537696,84.07593,84.201866,5732900
2013-05-09,84.313802,84.88051,83.942993,83.98497,7527000
2013-05-10,83.789044,83.810033,82.452727,83.082405,11689000
2013-05-13,82.473757,82.690649,82.298846,82.44577,8050800
2013-05-14,82.802521,82.865492,81.536173,81.550163,9236100
2013-05-15,82.228866,82.361799,81.452263,82.095932,14608600
2013-05-16,82.53667,83.215322,82.508683,82.949455,8458400
2013-05-17,82.522751,82.662683,81.844103,81.90007,7435500
2013-05-20,82.298792,82.326779,81.711096,81.802048,5839800
2013-05-21,81.809099,82.466764,81.45228,82.44577,7781800
2013-05-22,82.571683,82.942497,81.018483,81.221375,18361500
2013-05-23,81.96302,82.025985,80.997511,81.606201,9207100
2013-05-24,81.844075,82.151914,81.655169,81.71814,5357600
2013-05-28,81.22138,81.347315,79.633196,79.647186,13567500
2013-05-29,80.192942,80.58474,80.080997,80.542763,11298600
2013-05-30,80.633688,80.717647,80.129945,80.346832,10011800
2013-05-31,80.437745,80.472724,79.178389,80.073929,18158800
2013-06-03,79.796949,80.996217,79.740842,80.498276,15564500
2013-06-04,79.923169,80.294871,79.712774,79.754852,7504300
2013-06-05,80.154585,80.87695,80.04237,80.855911,8056100
2013-06-06,80.568423,81.90796,80.238804,80.806877,8925200
2013-06-07,80.105534,80.533343,79.362129,79.362129,10459300
2013-06-10,79.039531,79.334092,78.815107,78.983429,7892600
2013-06-11,78.737936,79.92318,78.632741,79.92318,12841200
2013-06-12,79.249894,79.831996,78.737923,78.780006,10193200
2013-06-13,79.298993,80.070451,79.172754,80.014343,12506300
2013-06-14,80.021375,80.414122,79.825005,79.825005,6679100
2013-06-17,79.965279,80.007362,79.249928,79.404221,5982100
2013-06-18,79.144703,79.726806,79.053533,79.446274,5192700
2013-06-19,79.768847,79.803915,78.282038,78.625687,17138200
2013-06-20,77.671905,77.994515,76.640954,77.335266,27898500
2013-06-21,77.251133,77.433479,76.002772,76.023811,19781000
2013-06-24,75.624035,76.718103,75.574943,76.339386,24588900
2013-06-25,76.374483,76.458638,75.645102,75.659126,11078000
2013-06-26,76.444588,76.479656,75.771315,76.150032,13582200
2013-06-27,76.823335,77.124906,76.40955,76.928535,12026000
2013-06-28,76.451631,77.482583,76.248246,77.454529,12017000
2013-07-01,77.132549,77.673803,76.921668,77.610542,5500400
2013-07-02,77.673865,77.884747,77.491102,77.561394,5333900
2013-07-03,77.540275,77.779274,77.329399,77.329399,3839000
2013-07-05,75.410415,75.565061,74.630161,74.693428,14511900
2013-07-08,75.262804,75.607239,75.178451,75.41745,8044200
2013-07-09,75.557974,75.649358,75.262745,75.494713,4700400
2013-07-10,75.487738,75.487738,74.721546,74.904305,10792200
2013-07-11,75.529934,75.825169,75.171443,75.78299,10035500
2013-07-12,76.155487,76.246871,75.452556,75.719673,4730800
2013-07-15,75.775843,76.141364,75.705546,76.120277,4574800
2013-07-16,76.218756,76.450724,76.106284,76.380432,3650200
2013-07-17,76.752995,76.872492,76.380443,76.521027,5932000
2013-07-18,76.345255,76.38743,75.550946,75.565002,9066400
2013-07-19,76.134432,76.767071,76.092258,76.76004,8523800
2013-07-22,76.872536,77.104504,76.710859,76.872536,3972600
2013-07-23,76.387449,76.619418,76.141425,76.549126,5015500
2013-07-24,75.670463,75.839165,75.065942,75.579079,8853100
2013-07-25,75.192476,75.63532,75.080004,75.550972,6443400
2013-07-26,75.944631,76.113333,75.663458,76.014923,6795500
2013-07-29,75.670484,75.789981,75.262783,75.459602,6397800
2013-07-30,75.712646,75.747795,75.248715,75.431473,3635400
2013-07-31,74.552814,75.860265,74.405199,75.70562,10483100
2013-08-01,75.043208,75.043208,73.993211,74.246902,13568600
2013-08-02,74.704947,75.127764,74.683807,75.064339,9568400
2013-08-05,74.831817,74.874097,74.373762,74.486511,6611800
2013-08-06,74.366699,74.704956,74.232805,74.704956,4589000
2013-08-07,74.817718,75.360338,74.817718,75.261681,7183400
2013-08-08,75.388515,75.825423,75.25462,75.466026,5510900
2013-08-09,75.120713,75.592859,75.036153,75.585815,3623400
2013-08-12,75.832447,75.846539,75.029093,75.071373,7562800
2013-08-13,74.22576,74.2469,73.852271,73.98616,11485600
2013-08-14,73.95096,74.246931,73.901631,74.098946,6431600
2013-08-15,73.358971,73.732459,73.070048,73.098236,11846300
2013-08-16,73.260358,73.267407,72.351298,72.844589,10175900
2013-08-19,72.534518,72.590895,72.027135,72.210358,9022000
2013-08-20,72.506319,72.837528,72.478131,72.767059,10050100
2013-08-21,72.421739,72.72476,71.956642,71.970734,13248800
2013-08-22,72.203256,72.745876,72.048222,72.70359,8751200
2013-08-23,72.590855,73.563335,72.400584,73.492867,17441200
2013-08-26,73.683162,73.915714,73.521085,73.859337,5879100
2013-08-27,74.19757,74.874078,74.021395,74.789513,11573300
2013-08-28,74.282081,74.394829,73.950872,74.183418,7497900
2013-08-29,73.908641,74.916358,73.845221,74.775421,6672400
2013-08-30,74.712005,75.177107,74.51469,74.690865,8987600
2013-09-03,73.898836,73.955362,73.135758,73.637413,12084300
2013-09-04,73.799854,73.941168,73.446575,73.474838,4579600
2013-09-05,73.107477,73.199327,72.443311,72.450378,12290600
2013-09-06,72.952001,73.354738,72.641114,72.810692,9478400
2013-09-09,73.340594,73.347655,72.831872,72.846001,6874900
2013-09-10,72.584602,73.015597,72.323174,72.337303,8069000
2013-09-11,72.718865,72.994422,72.203081,72.980293,8962400
2013-09-12,73.375951,73.481935,72.81777,72.881363,6254400
2013-09-13,73.13567,73.361768,72.937835,73.163933,6106200
2013-09-16,73.715069,73.771595,72.669363,72.67643,8231600
2013-09-17,73.036842,73.298265,72.754218,73.277069,8795300
2013-09-18,73.220547,74.577141,72.761289,74.181465,19749200
2013-09-19,74.223806,74.252064,73.594971,73.743347,11627800
2013-09-20,73.96943,74.315641,73.799853,74.131935,8421000
2013-09-23,74.33686,74.704273,74.266206,74.67601,10242100
2013-09-24,74.887965,75.488538,74.781981,75.481476,11446600
2013-09-25,75.276564,75.799415,75.170579,75.636909,8130900
2013-09-26,75.23419,75.333108,75.029288,75.10701,5117100
2013-09-27,75.099935,75.474409,75.071672,75.290703,6460000
2013-09-30,75.361364,75.530937,75.022215,75.177658,8438800
2013-10-01,75.020409,75.112501,74.758297,74.94957,7592500
2013-10-02,75.041683,75.43131,74.921255,75.062935,5967200
2013-10-03,74.914168,75.38172,74.878745,74.942505,6648900
2013-10-04,74.857466,74.935392,74.630776,74.885803,5545300
2013-10-07,75.232917,75.346265,75.077072,75.190414,5761100
2013-10-08,75.077084,75.452539,74.970821,75.211678,5904000
2013-10-09,74.999139,75.048727,74.595347,74.609512,8439000
2013-10-10,74.241167,74.758302,74.035728,74.729965,9944100
2013-10-11,75.204568,75.254156,74.673262,74.708679,6500800
2013-10-14,74.659086,74.836188,73.908176,74.106529,4205600
2013-10-15,74.489129,74.595391,74.049914,74.056999,8291000
2013-10-16,74.007392,74.992079,73.865707,74.984993,14460200
2013-10-17,75.459608,75.884657,75.296677,75.665047,11303400
2013-10-18,75.877584,76.139697,75.785493,75.827995,9487800
2013-10-21,75.73589,75.742971,75.417104,75.58712,6161600
2013-10-22,76.224714,76.593089,76.196377,76.430153,9708500
2013-10-23,76.55766,77.025212,76.536409,76.727676,9163100
2013-10-24,76.940208,76.98271,76.415987,76.430153,7631400
2013-10-25,76.600168,76.826859,76.564751,76.713516,4429500
2013-10-28,76.515137,76.777245,76.444298,76.451378,6466400
2013-10-29,76.238879,76.557661,76.160954,76.550575,5270500
2013-10-30,76.45845,76.656803,75.948395,76.09008,10199300
2013-10-31,76.44434,76.51518,75.898863,76.253067,11452100
2013-11-01,75.98169,76.002999,75.392133,75.42765,11349500
2013-11-04,75.626566,75.768626,75.448989,75.498711,4733200
2013-11-05,75.143544,75.171957,74.575295,74.596603,8753400
2013-11-06,74.53975,74.681809,74.362173,74.632088,5643000
2013-11-07,74.617904,75.328213,74.561078,75.264282,7893700
2013-11-08,73.850782,73.950224,73.438801,73.453011,16889900
2013-11-11,73.538261,73.573779,73.133386,73.176003,4927200
2013-11-12,73.310978,73.580893,73.289669,73.516968,4839500
2013-11-13,73.779774,73.900525,73.68743,73.786873,5782900
2013-11-14,74.092299,74.667652,73.978652,74.241463,8895500
2013-11-15,74.340888,74.397709,74.092276,74.39061,6344800
2013-11-18,74.333778,74.873614,74.333778,74.838097,5451300
2013-11-19,74.546872,74.681832,74.16331,74.269852,7251100
2013-11-20,74.170422,74.46875,72.913178,73.005516,14190900
2013-11-21,72.813727,73.296737,72.56512,73.126259,8903000
2013-11-22,73.509787,73.964384,73.502688,73.808121,7950700
2013-11-25,73.758447,74.170427,73.758447,74.021263,3755500
2013-11-26,74.220144,74.532682,74.213045,74.298279,6659200
2013-11-27,74.355077,74.36928,73.843654,74.170395,6063000
2013-11-29,73.928908,74.298266,73.836565,74.191719,5084400
2013-12-02,73.949494,74.027861,73.536288,73.614655,7527800
2013-12-03,73.878304,74.063535,73.707324,73.885429,5076900
2013-12-04,73.201471,73.4152,72.937873,73.180099,8502700
2013-12-05,73.009104,73.272697,72.823872,72.97348,7445700
2013-12-06,73.066068,73.37241,72.923585,73.32254,7352000
2013-12-09,73.308375,73.543476,73.258506,73.493607,5678800
2013-12-10,73.977995,74.056362,73.700151,74.020744,7040400
2013-12-11,73.771422,73.928151,73.393833,73.450829,8190900
2013-12-12,73.400956,73.493575,73.115986,73.172981,6208600
2013-12-13,73.479313,73.593303,73.229966,73.529182,6471300
2013-12-16,73.792801,73.871168,73.187243,73.258484,6376400
2013-12-17,73.101749,73.664564,73.087497,73.586197,6014400
2013-12-18,73.25847,73.892526,72.994872,73.215721,12973200
2013-12-19,73.27984,73.386705,72.987744,73.144478,6708400
2013-12-20,73.892482,74.298563,73.593266,74.270065,12425700
2013-12-23,74.127622,74.384095,73.849777,73.849777,6378600
2013-12-24,73.543454,73.628942,73.237112,73.258484,4897000
2013-12-26,73.154808,73.161957,72.911795,72.97612,4645300
2013-12-27,72.954682,73.12622,72.683078,72.768845,4755000
2013-12-30,73.011862,73.319205,72.961829,73.269173,4491700
2013-12-31,73.111939,73.297776,72.311416,72.804596,7218600
2014-01-02,72.704578,73.183461,72.683137,73.026215,8580800
2014-01-03,72.768903,73.226344,72.733169,73.026215,4083800
2014-01-06,73.176258,73.619405,73.169114,73.333504,7796200
2014-01-07,73.490735,73.612241,73.304898,73.519325,4428100
2014-01-08,73.2263,73.397845,72.976138,73.319221,8513000
2014-01-09,73.597927,73.769466,73.269142,73.748024,6991100
2014-01-10,74.169797,74.720159,74.112621,74.627243,13197400
2014-01-13,74.698699,75.148991,74.670109,74.998894,9667400
2014-01-14,74.798731,74.927386,74.612894,74.655777,10343100
2014-01-15,74.362726,74.69866,74.284103,74.577148,7507500
2014-01-16,74.941702,75.098949,74.848787,75.077507,7137700
2014-01-17,74.948782,75.420515,74.89875,75.39193,7588600
2014-01-21,75.370512,75.57779,75.334777,75.449135,6436000
2014-01-22,75.313391,75.584995,75.22047,75.263359,4646700
2014-01-23,75.677889,76.542738,75.677889,76.328316,12960600
2014-01-24,76.614232,76.828654,76.471278,76.82151,11122200
2014-01-27,76.635635,76.907238,76.263961,76.285408,9218200
2014-01-28,76.414076,76.471252,76.156766,76.471252,5661500
2014-01-29,76.742897,77.300403,76.471288,77.100273,11709400
2014-01-30,76.814345,76.957293,76.557034,76.87867,5956900
2014-01-31,77.336106,77.486209,77.085944,77.393288,14690900
2014-02-03,77.239948,78.35064,77.110964,78.336311,20780300
2014-02-04,77.762975,77.870463,77.368861,77.505013,9573500
2014-02-05,77.168276,77.232765,76.681003,76.78849,10312200
2014-02-06,76.652364,76.68819,76.329901,76.458885,5708700
2014-02-07,76.286889,76.83149,76.27256,76.523361,7039200
2014-02-10,76.394403,76.759859,76.365739,76.738358,4370500
2014-02-11,76.394373,76.4517,76.071915,76.294052,5904900
2014-02-12,76.079062,76.107726,75.684948,75.899918,6723300
2014-02-13,76.380071,76.480397,76.172268,76.32991,6874600
2014-02-14,76.365727,76.415887,76.150751,76.372894,4989100
2014-02-18,76.430188,76.817136,76.401525,76.544838,4855800
2014-02-19,76.802792,76.802792,76.172206,76.222366,5522500
2014-02-20,76.186568,76.408705,75.735126,76.036087,5103200
2014-02-21,75.921464,76.444568,75.921464,76.437401,5250700
2014-02-24,76.45889,76.487553,76.079104,76.243919,3816700
2014-02-25,76.609369,76.931827,76.595034,76.92466,6225400
2014-02-26,76.895964,77.333076,76.845803,77.333076,7203900
2014-02-27,77.591059,77.7917,77.462075,77.755875,5394700
2014-02-28,77.591058,77.920683,77.232769,77.798866,8462600
2014-03-03,78.210488,78.425986,78.038094,78.318237,11089400
2014-03-04,77.82976,77.82976,77.118626,77.140175,8068100
2014-03-05,77.104279,77.42034,77.003714,77.305412,4798500
2014-03-06,76.687635,76.838481,76.515235,76.543968,7418200
2014-03-07,75.883165,76.263872,75.854431,76.062744,8270300
2014-03-10,76.098618,76.22073,75.983684,76.170448,3744300
2014-03-11,76.127341,76.385931,75.983674,76.371567,3815700
2014-03-12,76.80255,77.046781,76.701986,76.903114,6430500
2014-03-13,76.644563,77.959087,76.60865,77.937538,11815500
2014-03-14,78.275128,78.282313,77.80822,77.951881,9232800
2014-03-17,77.707651,77.793851,77.341308,77.370041,7381900
2014-03-18,77.348515,77.686126,77.291048,77.650208,4819500
2014-03-19,77.520901,77.564004,76.723567,77.046814,11557600
2014-03-20,76.924688,77.312581,76.852857,76.910324,5224400
2014-03-21,77.154533,77.808199,77.125799,77.743553,8986200
2014-03-24,77.614246,78.361292,77.54241,78.296646,7536400
2014-03-25,77.872844,78.167352,77.700444,78.002136,5032000
2014-03-26,77.973422,78.641458,77.92314,78.612724,7147200
2014-03-27,78.756372,79.29511,78.598341,79.007782,9772200
2014-03-28,78.914383,78.935931,78.310993,78.562408,6027000
2014-03-31,78.109852,79.783533,77.822523,78.368446,7488400
2014-04-01,77.965186,78.037202,77.662712,77.698723,9067300
2014-04-02,77.338665,77.453894,77.180228,77.252243,6887200
2014-04-03,77.432322,77.734796,77.374713,77.590759,4937400
2014-04-04,77.684357,78.274894,77.669951,78.109253,8977500
2014-04-07,78.224497,78.707008,78.210091,78.577377,7562500
2014-04-08,78.519698,78.836572,78.296448,78.764557,4213800
2014-04-09,78.411684,78.750163,78.238846,78.375679,5771500
2014-04-10,78.440521,79.37674,78.42612,79.103073,12706400
2014-04-11,79.607162,79.787204,79.311892,79.743996,10267000
2014-04-14,79.563979,79.722411,79.434349,79.535172,4142600
2014-04-15,79.65762,80.305771,79.470375,80.032104,7752000
2014-04-16,79.527975,80.132912,79.491964,80.132912,5523000
2014-04-17,80.204907,80.262516,79.002225,79.254288,8622500
2014-04-21,79.484724,79.664765,79.103031,79.189453,4316300
2014-04-22,78.97343,79.571164,78.93742,79.45594,5748700
2014-04-23,79.65043,79.974509,79.600019,79.909691,5748600
2014-04-24,79.542362,80.08969,79.542362,80.060883,6337800
2014-04-25,80.291302,80.651385,80.168876,80.176079,5976500
2014-04-28,80.017646,80.140073,79.614355,79.787193,7606000
2014-04-29,79.340728,79.744025,79.247108,79.679207,5235200
2014-04-30,79.73686,80.12575,79.492,80.010521,7721400
2014-05-01,80.045831,80.912131,80.016954,80.868813,11556500
2014-05-02,80.52232,81.648505,80.349062,81.366959,12702100
2014-05-05,81.403083,81.439176,80.775016,80.876083,8043000
2014-05-06,80.933764,81.359691,80.88323,81.200874,6522600
2014-05-07,81.078177,81.265876,80.811072,80.91214,8199200
2014-05-08,81.099897,81.403105,80.464614,80.565681,10878800
2014-05-09,80.515073,80.717208,80.118024,80.305717,6000600
2014-05-12,80.139672,80.226298,79.800372,79.98085,4563800
2014-05-13,80.45012,80.673912,80.370709,80.673912,5501000
2014-05-14,81.309199,81.742352,81.258665,81.547432,8851400
2014-05-15,82.139397,82.594206,82.009452,82.197151,12627900
2014-05-16,82.016682,82.298228,81.879517,81.966148,5019200
2014-05-19,82.247667,82.269324,81.301962,81.359711,7403300
2014-05-20,81.287576,81.922864,81.280355,81.540245,6549800
2014-05-21,81.013184,81.143128,80.760515,81.042061,8224600
2014-05-22,81.042076,81.143144,80.702775,80.926567,6495700
2014-05-23,81.229766,81.511317,81.179232,81.359711,3835000
2014-05-27,81.467996,81.865051,81.143137,81.836174,6658300
2014-05-28,82.370412,82.904627,82.363191,82.846878,10361000
2014-05-29,82.926319,83.157332,82.392099,82.40654,10692000
2014-05-30,82.269309,82.586953,82.161021,82.370377,6518900
2014-06-02,81.815998,82.279217,81.461348,81.758095,11728200
2014-06-03,81.360037,81.454127,80.708635,80.75206,12694100
2014-06-04,80.889571,80.932996,80.534916,80.730339,7882000
2014-06-05,80.433565,81.041542,80.353949,80.766502,6915600
2014-06-06,81.157344,81.360007,80.694126,80.766502,7832800
2014-06-09,80.665169,80.802689,80.484224,80.650696,5162800
2014-06-10,80.368437,80.534903,80.216444,80.353958,5986000
2014-06-11,80.527739,80.730396,80.230986,80.498787,5569700
2014-06-12,80.556604,81.316569,80.339469,81.21524,9775900
2014-06-13,80.752082,81.512052,80.72313,81.171875,5412500
2014-06-16,81.215249,81.519235,81.135633,81.374481,5184600
2014-06-17,81.113941,81.128414,80.686914,80.730339,6668800
2014-06-18,80.918479,81.613306,80.744768,81.352745,11256500
2014-06-19,81.432422,81.468608,80.15133,80.310562,14215500
2014-06-20,80.317765,80.918503,80.267101,80.918503,7319100
2014-06-23,81.121184,81.193561,80.636253,80.665199,5821700
2014-06-24,81.17186,81.53375,80.933012,81.483086,9698300
2014-06-25,81.859391,82.047575,81.562644,81.692924,5699300
2014-06-26,81.939042,82.366075,81.939042,82.083801,6628900
2014-06-27,82.279204,82.380532,81.910075,81.960739,7216500
2014-06-30,82.192373,82.366084,81.852196,82.163422,5593100
2014-07-01,81.635145,81.809298,81.417449,81.475502,8019200
2014-07-02,81.003838,81.032865,80.524915,80.604736,9382500
2014-07-03,80.096772,80.445085,80.067746,80.314468,6173900
2014-07-07,80.742594,81.134443,80.713573,80.902237,5928900
2014-07-08,81.446488,81.89639,81.446488,81.809311,6352100
2014-07-09,81.751222,82.099529,81.548037,81.87458,6395200
2014-07-10,82.389832,82.476912,81.867366,81.896393,7196900
2014-07-11,82.251922,82.491387,82.201127,82.418823,4676500
2014-07-14,82.20113,82.295467,81.947155,82.063255,4743300
2014-07-15,81.874624,82.339037,81.63516,81.896393,7720000
2014-07-16,81.997953,82.418828,81.954416,82.331749,4615800
2014-07-17,82.890538,83.485567,82.6801,83.369461,10901000
2014-07-18,83.362193,83.420246,82.803448,83.10096,6677900
2014-07-21,83.456502,83.906399,83.456502,83.514549,5724100
2014-07-22,83.514585,83.783076,83.195304,83.688744,5753200
2014-07-23,83.819367,83.906441,83.572645,83.579903,3489600
2014-07-24,83.100937,83.14448,82.905016,82.955811,6609000
2014-07-25,83.695945,83.942668,83.565334,83.93541,7041800
2014-07-28,83.877406,84.10236,83.536357,83.819359,5138300
2014-07-29,84.080555,84.225682,83.754011,84.124092,6579300
2014-07-30,83.558098,83.724993,82.846963,82.955811,12251200
2014-07-31,82.382578,83.144508,82.339041,82.709122,18254000
2014-08-01,82.636344,83.574898,82.250737,83.34935,14951200
2014-08-04,83.327489,83.531205,83.13105,83.13105,5183800
2014-08-05,82.992836,83.523958,82.709088,83.400269,8032000
2014-08-06,84.011396,84.011396,83.378417,83.451172,7289200
2014-08-07,83.553089,84.229721,83.35665,84.229721,9745500
2014-08-08,84.346101,84.702604,83.94594,84.047798,9536700
2014-08-11,84.142424,84.266108,83.880501,84.040565,6668800
2014-08-12,83.967796,83.989622,83.473055,83.494881,8122400
2014-08-13,83.574927,84.047837,83.509444,84.040565,8210500
2014-08-14,84.346106,84.760815,83.953222,84.717163,9028200
2014-08-15,84.913606,86.114082,84.899057,85.641167,17606700
2014-08-18,85.277358,85.342842,84.680759,84.789894,7595300
2014-08-19,85.182783,85.233712,84.382467,84.527977,5936900
2014-08-20,84.426136,84.477065,84.084181,84.389755,7275600
2014-08-21,84.448015,84.950034,84.411634,84.862724,6790700
2014-08-22,84.935434,85.437452,84.549827,85.335594,10149900
2014-08-25,85.451987,85.692083,85.277374,85.655708,5760700
2014-08-26,85.808498,85.844873,85.277376,85.379234,5487600
2014-08-27,85.633888,86.150461,85.415623,86.106804,7265800
2014-08-28,86.67426,86.848879,86.339583,86.557854,9463600
2014-08-29,86.521502,86.89256,86.397818,86.616089,8512900
2014-09-02,85.523032,85.595953,85.100082,85.121964,10506000
2014-09-03,84.881299,85.595932,84.815666,85.595932,6553900
2014-09-04,85.041729,85.231322,84.538564,84.553146,12528900
2014-09-05,84.910446,85.027119,84.181226,84.3927,6886000
2014-09-08,84.888551,85.048974,84.188494,84.429138,9326400
2014-09-09,84.21767,84.50936,84.188501,84.363518,5353100
2014-09-10,83.838516,83.947901,83.707256,83.831223,8729400
2014-09-11,84.049986,84.254167,83.546822,83.554115,9274800
2014-09-12,82.905101,83.072819,82.562367,82.679039,11114900
2014-09-15,83.021757,83.182186,82.66444,82.802994,5510700
2014-09-16,82.846758,83.029063,82.460272,82.46756,9304700
2014-09-17,82.788401,83.007169,82.205028,82.256073,12917000
2014-09-18,82.533221,82.751989,82.292576,82.518639,7031200
2014-09-19,82.824885,83.627026,82.547777,83.568687,13236900
2014-09-22,83.61239,83.889491,83.45196,83.670723,6617200
2014-09-23,83.794748,84.20311,83.692652,84.188522,6362400
2014-09-24,84.071891,84.26149,83.597897,83.721863,5223300
2014-09-25,84.086455,84.720879,84.086455,84.713585,8947800
2014-09-26,84.604182,84.801074,84.312498,84.5896,7799600
2014-09-29,85.318845,85.442811,85.070912,85.267799,6791800
2014-09-30,85.070908,85.34801,84.684416,84.786507,7277500
2014-10-01,85.450994,86.452518,85.407134,86.430588,17194900
2014-10-02,86.138162,86.408642,85.633744,85.677605,8251800
2014-10-03,85.531458,86.094355,85.407183,86.043182,8561500
2014-10-06,85.984671,86.401362,85.7946,86.094322,4485500
2014-10-07,86.489099,87.307863,86.394066,87.256691,8837700
2014-10-08,87.32244,87.373613,86.635269,87.27858,9391300
2014-10-09,87.190886,87.483303,86.832679,86.898476,10291700
2014-10-10,87.373638,87.783023,87.220121,87.761093,8774400
2014-10-13,87.841476,88.57982,87.761062,88.294716,6450700
2014-10-14,88.682167,89.025755,88.221615,88.872238,11285400
2014-10-15,91.072688,93.338904,89.069641,89.574059,37407500
2014-10-16,90.736391,90.743697,88.77721,89.00383,18096600
2014-10-17,88.594456,88.974593,88.07542,88.506729,8524300
2014-10-20,89.025785,89.076957,88.411716,88.828407,7742500
2014-10-21,88.338601,88.631017,88.111981,88.119293,9754700
2014-10-22,88.068127,88.34592,87.885368,88.214333,9260200
2014-10-23,87.753772,87.856117,87.037353,87.432114,10936300
2014-10-24,87.673338,88.024239,87.337062,87.519821,5704900
2014-10-27,87.644087,87.921879,87.475952,87.680641,3391900
2014-10-28,87.344372,87.468647,87.051955,87.13237,5141300
2014-10-29,86.964246,87.592939,86.569485,87.329765,9105100
2014-10-30,87.95846,88.060805,87.366322,87.40287,7024400
2014-10-31,87.242053,87.512539,86.869227,87.176262,6664200
2014-11-03,87.132302,87.322837,86.626655,87.17627,9726600
2014-11-04,87.513331,87.872417,87.264175,87.44738,3664800
2014-11-05,87.139602,87.476699,87.073646,87.322807,4799600
2014-11-06,86.912444,87.154276,86.699926,86.758553,5901900
2014-11-07,87.000339,87.755142,86.971026,87.755142,8550500
2014-11-10,87.630612,87.630612,86.883132,86.949089,4787300
2014-11-11,86.824524,87.06635,86.721924,87.007729,2416500
2014-11-12,87.352079,87.593911,86.802464,86.934372,4040800
2014-11-13,86.985728,87.337484,86.795199,87.139626,4475900
2014-11-14,87.088355,87.637971,86.971107,87.56469,5191200
2014-11-17,87.777164,87.784494,87.117625,87.344803,4726200
2014-11-18,87.440032,87.630567,87.322784,87.586594,4471200
2014-11-19,87.117613,87.63059,87.029678,87.029678,5792500
2014-11-20,87.865101,87.901739,87.24953,87.484032,5683600
2014-11-21,87.623249,88.055615,87.586606,88.011642,3640100
2014-11-24,87.696552,88.136243,87.608617,88.084946,4033900
2014-11-25,88.20949,88.869023,88.165517,88.817726,6770000
2014-11-26,89.140227,89.308778,89.015649,89.059616,4339100
2014-11-28,89.499269,89.894992,89.499269,89.763084,4562200
2014-12-01,90.106144,90.201625,89.210076,89.239456,7728600
2014-12-02,88.754639,88.761985,88.350678,88.372711,5757200
2014-12-03,88.358024,88.725265,88.233158,88.717918,4868600
2014-12-04,88.688556,89.459763,88.593075,89.459763,4250500
2014-12-05,89.290808,89.312842,88.519602,88.938255,8030700
2014-12-08,89.180645,90.223606,88.974991,90.025299,6021800
2014-12-09,90.781854,91.053614,90.311786,90.48806,6639700
2014-12-10,90.473372,91.36944,90.399925,91.149094,6439200
2014-12-11,90.884651,91.523651,90.554137,91.523651,7863500
2014-12-12,92.14058,92.801613,91.824753,92.764893,9317400
2014-12-15,92.280143,93.058691,92.125903,92.573936,9387400
2014-12-16,93.54346,93.807874,92.80898,93.719734,7426400
2014-12-17,93.21295,93.418604,92.324223,92.875084,11558800
2014-12-18,91.758708,91.883568,91.222534,91.222534,12758200
2014-12-19,91.501631,92.507866,91.398804,92.449112,7894500
2014-12-22,92.14059,92.68411,92.04511,92.573936,4118800
2014-12-23,92.140579,92.250752,90.700998,90.737724,7406100
2014-12-24,90.576557,91.312593,90.480874,91.231628,4871400
2014-12-26,91.673296,91.702733,91.283192,91.570251,2921300
2014-12-29,91.938255,92.490282,91.864647,92.254745,4070700
2014-12-30,92.725826,92.895111,92.394606,92.505013,4372600
2014-12-31,92.519689,92.865627,92.482891,92.681618,4993300
2015-01-02,92.953951,93.962322,92.850906,93.712067,9432000
2015-01-05,94.219957,95.412343,94.183159,95.184174,9789500
2015-01-06,96.199877,97.517387,95.824503,96.899109,18331300
2015-01-07,96.199882,97.134651,95.809784,96.707748,9762900
2015-01-08,95.94963,95.956987,95.257755,95.42704,8055300
2015-01-09,95.095804,96.501635,94.978036,96.472198,9398800
2015-01-12,96.420676,97.384881,96.361792,97.024231,6658100
2015-01-13,96.70773,97.605694,96.523721,97.024231,8260800
2015-01-14,98.42272,98.71713,97.67196,97.760292,12324500
2015-01-15,97.782345,99.386897,97.657209,99.298576,11454200
2015-01-16,98.871673,99.129279,97.914824,98.032593,9390500
2015-01-20,98.724485,99.445797,98.680324,99.335396,7758700
2015-01-21,99.512031,99.799084,97.863318,98.187164,9803900
2015-01-22,98.628759,98.76124,97.362777,97.833839,10200000
2015-01-23,98.849596,99.45314,98.739184,99.195534,7334600
2015-01-26,99.247062,99.504679,98.665599,98.893768,5966500
2015-01-27,99.902133,100.196554,98.739195,99.04834,8079600
2015-01-28,99.180807,101.138665,99.144003,100.667603,12230300
2015-01-29,100.189182,100.594004,99.703407,100.005173,8881400
2015-01-30,101.359488,101.940951,100.969378,101.779022,14871200
2015-02-02,100.819493,101.719272,100.789997,101.39476,13689900
2015-02-03,100.045104,100.148357,99.101075,99.248589,14008700
2015-02-04,98.452074,99.558359,98.179182,99.418228,11360400
2015-02-05,98.828209,98.997837,98.171813,98.326698,8334600
2015-02-06,97.390065,97.611324,96.313275,96.586166,13685600
2015-02-09,97.330985,97.338357,96.431206,96.431206,8025500
2015-02-10,95.981322,96.224706,95.465058,95.664192,8290700
2015-02-11,95.656828,96.077222,95.111068,95.841209,6506400
2015-02-12,95.627316,96.276329,95.472431,95.524063,12548300
2015-02-13,95.516739,95.531492,94.469456,94.543213,8325200
2015-02-17,94.255531,94.351407,92.868982,93.119743,14968800
2015-02-18,93.532804,94.211325,93.274672,93.672935,14009200
2015-02-19,93.503288,93.997428,93.053398,93.053398,8584800
2015-02-20,93.702463,94.41048,92.928061,93.326324,12502500
2015-02-23,93.805652,94.528423,93.783528,94.395668,7500500
2015-02-24,94.144917,95.723211,93.798279,95.634712,11958300
2015-02-25,95.479837,96.165728,95.199574,96.047722,8019800
2015-02-26,95.656852,96.099371,94.698069,94.734947,11020500
2015-02-27,95.155323,95.59783,94.60218,95.531456,9225100
2015-03-02,95.326007,95.37774,93.678121,93.752022,11324000
2015-03-03,93.766838,94.121542,93.389966,93.41214,8599000
2015-03-04,93.803745,93.87764,93.227357,93.44165,6478900
2015-03-05,93.500797,93.759433,93.035254,93.323448,6045000
2015-03-06,92.126333,92.244569,90.870101,91.261749,20022900
2015-03-09,92.1337,92.274105,91.727269,92.104141,8889100
2015-03-10,93.086941,93.434254,92.93176,93.316017,9277900
2015-03-11,93.301313,94.188065,93.197859,93.995934,6663100
2015-03-12,94.734863,94.734863,93.641203,93.929398,10295900
2015-03-13,93.670726,94.284059,93.471203,93.641167,7247200
2015-03-16,94.542747,94.697923,94.047639,94.542747,6374600
2015-03-17,94.993466,95.407283,94.793943,95.325996,6314000
2015-03-18,95.998478,97.195592,95.037826,97.166039,13981900
2015-03-19,96.951742,97.262104,96.264513,96.670944,9543800
2015-03-20,96.96653,97.321229,96.907412,97.180824,5953800
2015-03-23,97.321221,97.358172,96.796565,97.062592,5555500
2015-03-24,97.417263,98.01582,97.158622,98.001038,6713000
2015-03-25,98.074965,98.104519,97.143878,97.173431,5635800
2015-03-26,96.840889,96.907393,95.459024,95.658546,9536300
2015-03-27,96.087175,96.900037,96.050225,96.848305,7907900
2015-03-30,96.73005,96.80395,96.131493,96.367966,7010600
2015-03-31,96.242344,96.774398,95.998486,96.574875,6844300
2015-04-01,97.25096,98.10254,97.228745,97.843369,9273900
2015-04-02,97.695256,97.724883,96.717791,96.806648,6663400
2015-04-06,97.325004,97.362032,96.058741,96.266083,5923800
2015-04-07,96.436382,97.169489,96.154996,97.073219,4764900
2015-04-08,97.021418,97.273189,96.28091,97.102875,5378900
2015-04-09,96.910305,96.947333,95.621828,95.843971,6484200
2015-04-10,96.503053,96.599311,95.932858,95.984688,4843000
2015-04-13,95.918086,96.251313,95.814415,96.118027,4010600
2015-04-14,97.236137,97.643419,96.621514,96.79924,6075500
2015-04-15,97.043645,97.206558,96.503077,96.717819,4425200
2015-04-16,96.880696,96.902911,95.829176,96.236458,7085500
2015-04-17,96.095757,97.524933,96.043916,97.339806,7268800
2015-04-20,96.962165,97.013994,96.214244,96.480827,4949400
2015-04-21,96.436391,96.599304,95.940252,96.043922,4563800
2015-04-22,95.895801,95.932829,94.444406,94.577698,9707600
2015-04-23,94.636984,95.41452,94.496285,94.985023,6843400
2015-04-24,95.259037,95.844034,95.222009,95.577461,4773000
2015-04-27,95.577461,95.895875,95.059096,95.577461,4334900
2015-04-28,94.910945,95.333041,94.237086,94.2593,7464300
2015-04-29,93.163408,93.629932,92.770939,93.104172,11554800
2015-04-30,92.593192,93.429964,92.200723,93.267052,12876000
2015-05-01,92.553165,92.783192,91.781455,92.011482,12378500
2015-05-04,92.234131,92.404795,91.061725,91.143349,9144700
2015-05-05,91.165592,91.291736,90.297421,91.017189,13935500
2015-05-06,90.520016,90.571958,89.317934,89.458916,14355000
2015-05-07,90.104474,90.950386,90.045111,90.660995,11933700
2015-05-08,91.551437,91.677586,90.757467,90.905876,11716400
2015-05-11,90.245491,90.267751,88.672389,88.694649,13738600
2015-05-12,88.405288,89.510909,88.167839,88.924706,15861700
2015-05-13,89.525696,89.577638,88.034218,88.212303,15760000
2015-05-14,88.241993,88.917242,88.07133,88.44976,9128400
2015-05-15,89.325367,90.460675,89.258587,90.223221,12630600
2015-05-18,89.280832,89.362455,88.650109,88.709473,10208300
2015-05-19,87.759666,88.924649,87.655782,87.922913,8435300
2015-05-20,88.13067,88.635249,87.692876,88.071312,7789700
2015-05-21,88.731756,89.496045,88.635289,89.303116,11760700
2015-05-22,89.525709,89.599911,88.894987,89.340202,5417900
2015-05-26,89.666694,90.935568,89.592493,90.868782,10469700
2015-05-27,90.661019,91.165599,90.238063,91.076553,6490300
2015-05-28,90.89844,91.291714,90.690673,90.85392,6237600
2015-05-29,91.440164,91.692451,90.905903,91.054306,7912000
2015-06-01,90.804465,91.005242,89.748514,90.075706,13108100
2015-06-02,89.361792,89.428722,88.573548,88.818947,10076200
2015-06-03,88.038156,88.194317,87.153236,87.391197,14810900
2015-06-04,87.941471,88.707407,87.852234,88.528938,10859300
2015-06-05,87.629176,88.172027,87.287107,87.450706,11200200
2015-06-08,87.71838,87.867109,87.279642,87.354004,5334000
2015-06-09,87.049106,87.10116,86.342662,86.662422,12393900
2015-06-10,86.201398,86.35756,85.710607,85.903946,12183600
2015-06-11,86.677287,87.725806,86.439327,87.71093,13849300
2015-06-12,87.443223,88.543795,87.413483,87.71093,7863100
2015-06-15,88.409963,88.536378,87.554789,87.852242,8194200
2015-06-16,88.20174,88.551246,87.70351,88.543808,7046400
2015-06-17,88.119964,88.216634,87.190429,87.859695,13626100
2015-06-18,87.279652,87.554791,86.8186,87.428375,10123300
2015-06-19,88.127386,88.633054,88.112511,88.551254,10439200
2015-06-22,87.629154,87.852244,86.699618,86.74424,9769000
2015-06-23,86.060078,86.974737,86.030332,86.223671,8945100
2015-06-24,86.640123,87.130915,86.379854,86.967316,8600400
2015-06-25,86.6996,87.063982,86.402153,86.662422,8287800
2015-06-26,86.015463,86.164192,85.427996,85.688271,11673000
2015-06-29,86.974778,88.246382,86.602964,87.956367,17132900
2015-06-30,87.301904,88.268616,87.24985,87.346519,13469000
2015-07-01,86.31663,86.719074,86.025977,86.16758,12451500
2015-07-02,86.689206,86.942599,86.361288,86.450722,6682100
2015-07-06,87.978522,88.42568,87.240705,88.053047,10605800
2015-07-07,89.178433,89.796998,88.649289,88.880325,16160100
2015-07-08,89.446732,89.85663,89.059197,89.647957,9951800
2015-07-09,88.462951,88.775967,87.829477,87.881645,11108900
2015-07-10,86.480568,86.987348,86.271894,86.488022,13636600
2015-07-13,85.996152,86.793586,85.996152,86.219734,8006700
2015-07-14,86.465687,86.652003,86.197397,86.502953,4227800
2015-07-15,86.532719,87.605902,86.480551,87.419586,8720400
2015-07-16,87.114,88.060489,87.099097,88.023224,7306500
2015-07-17,88.217056,88.604591,88.209602,88.477898,7404900
2015-07-20,88.15737,88.425666,87.866717,88.105202,5941000
2015-07-21,87.702824,88.634406,87.687921,88.582237,5627500
2015-07-22,88.694017,89.357302,88.649297,89.13372,6228900
2015-07-23,89.133682,90.326105,89.021891,90.244125,9087700
2015-07-24,90.549715,90.58698,90.11746,90.467735,7307900
2015-07-27,91.063932,91.138457,90.534794,90.952141,8172000
2015-07-28,90.296341,90.601897,90.102571,90.288887,9128200
2015-07-29,90.192014,90.303805,89.744856,89.953529,6706400
2015-07-30,90.333612,90.877658,90.288898,90.646622,6146600
2015-07-31,91.250281,91.593102,90.967077,91.317352,9178400
2015-08-03,91.35993,92.427987,91.35993,92.27861,11753700
2015-08-04,91.987323,92.106823,91.464495,91.546654,6448800
2015-08-05,90.949128,91.053698,90.515935,90.859505,7574400
2015-08-06,91.120866,91.770664,91.120866,91.6661,6118100
2015-08-07,92.091866,92.988135,92.047049,92.868629,8317000
2015-08-10,92.174019,92.293519,91.50928,91.718414,7461700
2015-08-11,92.838766,93.458683,92.734202,93.174866,11145700
2015-08-12,93.309313,93.891888,92.614702,92.666985,8455200
2015-08-13,92.487723,92.928387,92.032118,92.368217,7691400
2015-08-14,92.218848,92.891052,92.017184,92.584824,4324700
2015-08-17,93.144963,93.436251,92.905958,93.003052,7880300
2015-08-18,92.465297,92.831272,92.151597,92.271103,5024300
2015-08-19,91.912621,93.309313,91.860339,93.182343,10736000
2015-08-20,93.637915,94.183143,93.496003,94.12339,9078300
2015-08-21,94.227997,94.66119,93.802262,94.407249,10718300
2015-08-24,95.833827,96.289432,93.974065,94.377388,16663400
2015-08-25,93.025485,93.204738,92.286057,92.861168,15354800
2015-08-26,91.867809,92.248726,90.642905,91.068634,16429900
2015-08-27,90.986493,91.770732,90.859522,91.120934,9127000
2015-08-28,91.979832,92.218837,91.292692,91.389786,9946200
2015-08-31,92.136711,92.218869,90.627984,90.687737,8617600
2015-09-01,91.049304,91.386134,90.555288,91.341225,15298200
2015-09-02,90.884579,91.303751,90.465413,90.555237,9515200
2015-09-03,90.854691,91.07176,90.353187,90.99691,7042500
2015-09-04,91.65556,92.014849,91.183998,91.827721,7951300
2015-09-08,90.854615,90.989348,90.390541,90.472878,7049500
2015-09-09,89.544718,91.101628,89.492322,90.907013,7441900
2015-09-10,90.585125,90.712377,90.158473,90.293205,6789700
2015-09-11,90.922019,91.378613,90.817228,90.862137,5890900
2015-09-14,91.281311,91.431017,90.779807,91.004364,4221700
2015-09-15,90.487808,90.607573,89.162942,89.260246,11895000
2015-09-16,89.043244,89.402533,88.736356,88.923485,6949800
2015-09-17,88.983368,90.098659,88.871096,90.008835,19843600
2015-09-18,90.727416,91.468443,90.667533,91.393593,14963300
2015-09-21,90.577655,90.652505,89.656981,89.903992,10085600
2015-09-22,90.899538,91.610624,90.674981,91.15403,9968200
2015-09-23,91.034273,91.371102,90.562705,91.146545,6769900
2015-09-24,92.194467,92.576211,91.685478,91.767815,9605800
2015-09-25,91.056725,91.266308,90.772286,90.974388,8383700
2015-09-28,91.468432,92.643599,91.468432,92.531326,9833400
2015-09-29,92.471375,93.03276,92.254305,92.793236,9006100
2015-09-30,92.374123,92.666043,92.157053,92.471428,9832600
2015-10-01,93.068466,93.398492,92.753438,92.865944,9069400
2015-10-02,94.201105,94.66615,93.143511,93.428535,13000400
2015-10-05,92.798476,92.880984,92.09341,92.160919,11362700
2015-10-06,91.920869,92.708437,91.81586,92.558426,5687800
2015-10-07,92.115903,92.505942,91.890886,92.250916,6712800
2015-10-08,92.475917,92.535924,91.253308,91.478325,12882300
2015-10-09,91.485803,91.988348,91.433299,91.718323,9038100
2015-10-12,92.280912,92.58094,92.190907,92.415924,4241000
2015-10-13,92.655964,92.708468,92.108417,92.573456,6147200
2015-10-14,92.783427,93.42099,92.483404,93.383484,9738100
2015-10-15,93.241038,93.353549,92.843502,92.92601,6924300
2015-10-16,93.195985,93.361001,92.910961,92.955963,8048300
2015-10-19,92.850945,92.985957,92.190887,92.700928,6238400
2015-10-20,92.108404,92.235914,91.920887,92.130905,6431300
2015-10-21,92.715943,93.173485,92.610934,93.045975,6603800
2015-10-22,93.083493,93.59354,92.640955,93.203506,6934100
2015-10-23,92.333396,92.603421,92.145879,92.408401,7058200
2015-10-26,92.91097,93.158488,92.865962,93.023476,5859800
2015-10-27,93.390979,93.683505,93.128456,93.255966,7156800
2015-10-28,93.210977,93.263482,92.483416,92.880951,8468700
2015-10-29,92.393402,92.423406,91.283299,91.403313,12108000
2015-10-30,91.688308,92.115847,91.523292,92.093346,11861400
2015-11-02,91.542401,91.843083,91.467232,91.670189,8751000
2015-11-03,91.444691,91.512341,90.798226,90.918495,8921600
2015-11-04,91.0312,91.361951,90.730518,91.023682,5980800
2015-11-05,90.993662,91.001175,90.429885,90.78318,7268400
2015-11-06,89.820977,89.851046,89.2572,89.452644,10604700
2015-11-09,88.776134,89.377499,88.700965,88.949028,9159500
2015-11-10,89.07679,89.610499,88.986584,89.212097,6712500
2015-11-11,88.96404,89.136934,88.903902,89.024178,2857900
2015-11-12,89.264719,89.783395,89.227131,89.452644,6805700
2015-11-13,89.693246,90.129235,89.618077,89.96386,7906600
2015-11-16,90.046525,90.204382,89.550398,89.881149,5485300
2015-11-17,89.45264,90.302062,89.197063,90.031448,5122900
2015-11-18,89.888615,90.347154,89.72324,90.21936,5233900
2015-11-19,90.865886,91.068849,90.715548,90.820786,6643000
2015-11-20,90.903438,90.986126,90.41483,90.542618,5971000
2015-11-23,90.602791,91.046299,90.444934,90.820786,5436300
2015-11-24,90.880912,91.106419,90.640367,90.813255,3371500
2015-11-25,91.083819,91.271745,90.918444,91.023682,3280900
2015-11-27,91.143993,91.196612,90.925999,90.933517,2570600
2015-11-30,91.031209,91.354441,91.00114,91.294304,5179800
2015-12-01,91.34479,92.542529,91.34479,92.527466,12766600
2015-12-02,92.399464,92.685715,92.045413,92.557655,7345800
2015-12-03,91.42013,91.450263,89.634814,90.041595,16612200
2015-12-04,90.041578,91.096195,89.996382,90.832542,11843800
2015-12-07,91.005819,92.248761,90.998291,91.713921,9016700
2015-12-08,92.113175,92.226171,91.487937,91.759125,7257500
2015-12-09,91.412612,92.015252,90.779845,91.661201,8993900
2015-12-10,91.744092,91.924882,91.518101,91.781754,5606900
2015-12-11,92.678126,93.484153,92.557601,93.228035,12300000
2015-12-14,92.71576,92.76849,91.713874,92.022728,10661100
2015-12-15,91.164011,91.600925,91.020888,91.4804,8795500
2015-12-16,91.20169,92.030316,90.772311,91.284554,10988600
2015-12-17,91.736532,92.489829,91.631071,92.316574,9923000
2015-12-18,92.715785,93.047232,92.519927,92.828781,10171700
2015-12-21,92.979428,93.243081,92.595245,92.806168,7494900
2015-12-22,92.391866,92.504862,91.894687,92.135742,5445800
2015-12-23,91.322202,91.608452,91.051014,91.442726,7287100
2015-12-24,91.694827,91.996779,91.641986,91.966583,3364600
2015-12-28,92.087371,92.600687,91.981689,92.23835,7586600
2015-12-29,91.860962,91.898702,90.592769,90.706001,7787500
2015-12-30,90.5248,90.992825,90.336081,90.615387,5508900
2015-12-31,91.015452,91.234367,90.773892,91.023003,7897700
2016-01-04,92.042076,92.43461,91.581601,91.679733,10591900
2016-01-05,91.249446,91.717471,91.083378,91.309837,6242600
2016-01-06,92.321382,92.562942,92.132663,92.540291,8916900
2016-01-07,92.608243,92.796962,91.936404,92.706375,10202200
2016-01-08,92.419516,93.204588,92.268543,93.121552,9577200
2016-01-11,92.125162,92.691319,91.989284,92.102516,10040300
2016-01-12,92.351602,93.84626,92.20818,93.431076,12897700
2016-01-13,93.249894,94.737001,93.053624,94.352013,15577600
2016-01-14,93.959474,94.336912,93.10646,93.468803,12873800
2016-01-15,94.66153,95.084259,94.41997,94.925735,13976300
2016-01-19,94.457723,95.167309,94.321845,94.631348,8926600
2016-01-20,95.854204,96.563784,95.431469,95.627739,17283300
2016-01-21,95.824025,96.088231,94.865329,94.978561,11001600
2016-01-22,94.291635,94.759655,93.997228,94.616226,10164300
2016-01-25,95.076744,95.318304,94.850284,95.129585,5738200
2016-01-26,95.106893,95.461686,94.925725,95.174835,5692600
2016-01-27,94.925718,95.333352,94.502989,95.152184,7957800
2016-01-28,94.767181,95.423926,94.70679,95.288048,10575400
2016-01-29,96.178809,96.518501,95.808915,96.095772,13170700
2016-02-01,95.892303,96.104069,95.514149,95.801544,9948400
2016-02-02,96.883139,97.594059,96.807503,97.578941,10400000
2016-02-03,97.019229,98.274703,96.746957,96.769646,13309000
2016-02-04,96.973866,97.253697,96.436888,97.238579,9953500
2016-02-05,96.724275,97.563778,96.49738,97.352013,9200800
2016-02-08,98.108329,99.552881,98.078071,99.446999,14452200
2016-02-09,99.862942,99.878071,99.046139,99.552864,15232100
2016-02-10,99.605818,100.468009,99.159598,100.430191,12797100
2016-02-11,101.678065,102.290673,100.596538,101.133522,21620200
2016-02-12,100.316758,100.687353,99.023466,99.454567,13888400
2016-02-16,98.864631,98.887319,98.176387,98.403282,11766000
2016-02-17,98.047786,98.191486,97.344425,97.798203,13157300
2016-02-18,97.873871,99.076398,97.836053,99.000763,10196700
2016-02-19,99.030988,99.696543,98.872158,99.083923,8188700
2016-02-22,99.152026,99.159585,98.849495,99.031013,5054300
2016-02-23,98.229304,99.636038,98.153669,99.431831,8320700
2016-02-24,100.135227,100.883976,99.038582,99.235229,9091200
2016-02-25,99.439416,100.25623,99.318415,99.590675,6097200
2016-02-26,98.554591,98.932745,98.350384,98.630226,9245000
2016-02-29,98.675536,99.204949,98.637718,99.061249,8016100
2016-03-01,99.127926,99.150658,97.233569,97.31691,13729100
2016-03-02,97.233604,97.726133,97.150252,97.718559,7047700
2016-03-03,97.801938,98.461171,97.574613,98.074715,6394800
2016-03-04,97.559442,97.847389,96.809278,97.445786,8687000
2016-03-07,97.332129,97.498834,97.029037,97.415482,5493300
2016-03-08,98.771843,99.256798,98.468739,98.49147,7175400
2016-03-09,97.809478,98.271701,97.604884,97.89283,7194700
2016-03-10,98.127743,98.385373,96.930507,97.491241,10091600
2016-03-11,97.612451,97.657914,96.392479,96.506142,8927000
2016-03-14,96.854736,97.286649,96.7335,96.809273,5177000
2016-03-15,97.369949,97.491191,96.695558,96.900146,6413200
2016-03-16,96.801643,97.385108,96.513703,97.188087,9728900
2016-03-17,97.37757,98.006498,97.362423,97.589737,7805500
2016-03-18,97.779146,98.135286,97.521516,97.794304,8198600
2016-03-21,97.180593,97.460954,96.801721,97.044205,5514800
2016-03-22,97.620016,97.763989,96.930467,97.021393,4997900
2016-03-23,97.301769,98.370189,97.210832,98.120132,10628200
2016-03-24,98.946102,98.991565,97.748867,98.158043,6343300
2016-03-28,98.036809,98.627847,97.96103,98.286865,5058700
2016-03-29,98.794553,99.332545,98.521765,99.317398,9396700
2016-03-30,98.529305,98.559621,97.733673,98.271675,8478700
2016-03-31,98.491444,99.120373,98.347471,98.968826,7832300
2016-04-01,99.454778,99.568682,98.634719,99.226982,9341400
2016-04-04,99.310498,99.44718,98.915664,99.28772,5145100
2016-04-05,100.23683,100.502594,100.062191,100.373512,6482800
2016-04-06,99.872404,99.978707,99.272552,99.644608,6393700
2016-04-07,100.373546,100.980998,100.236863,100.874695,5963300
2016-04-08,100.35834,100.532978,99.955905,100.236847,5584800
2016-04-11,99.712946,100.365944,99.553485,100.10778,4805500
2016-04-12,99.530736,99.887614,99.113111,99.416832,4276000
2016-04-13,99.234581,99.910369,99.1055,99.766098,5207900
2016-04-14,99.401624,99.705344,99.082714,99.28772,6967000
2016-04-15,99.690226,100.350836,99.659858,100.138229,5831100
2016-04-18,99.720588,99.804113,99.21185,99.705399,4486600
2016-04-19,99.530733,99.705372,98.930869,99.394051,5212200
2016-04-20,99.591458,99.963514,98.156357,98.300629,10920700
2016-04-21,97.526122,98.004493,97.412218,97.71595,11154200
2016-04-22,97.837453,97.88301,97.374272,97.465385,5826400
2016-04-25,97.237589,97.586878,97.06295,97.06295,5539500
2016-04-26,97.009764,97.009764,96.523804,96.622513,7840000
2016-04-27,97.131276,97.814664,96.903486,97.586868,8380100
2016-04-28,97.351453,98.057608,97.22236,97.989273,7974600
2016-04-29,97.533724,98.490466,97.343896,98.239891,7416300
2016-05-02,97.889881,98.072475,97.235556,97.250771,11035200
2016-05-03,98.56704,98.924636,98.414874,98.475731,10736700
2016-05-04,98.665923,99.038739,98.293118,99.015915,7211200
2016-05-05,98.955014,99.723471,98.68111,99.677811,7870400
2016-05-06,99.556106,99.56371,99.130025,99.251762,7232500
2016-05-09,99.259442,99.586598,99.152925,99.563774,4950800
2016-05-10,99.556142,99.761561,99.403964,99.57135,4331900
2016-05-11,99.540898,100.431081,99.411557,100.134354,9256000
2016-05-12,99.411523,99.799548,99.358259,99.677811,6087400
2016-05-13,100.035466,100.674582,99.845256,100.644142,8707300
2016-05-16,100.157238,100.172458,99.65508,99.776817,5137000
2016-05-17,99.830046,100.301765,99.830046,99.944168,4449100
2016-05-18,99.525675,99.556115,98.08008,98.52137,12681000
2016-05-19,98.66596,99.160514,98.643136,98.947479,6209400
2016-05-20,98.643139,99.21377,98.567061,99.02356,5348900
2016-05-23,99.18331,99.464818,98.848538,99.244179,6979700
2016-05-24,98.886595,99.053981,98.331184,98.802902,5968200
2016-05-25,98.780084,99.099636,98.384443,98.430092,6367400
2016-05-26,98.764844,99.251782,98.75724,98.939835,5419300
2016-05-27,98.962682,99.107232,98.681162,98.795296,5267600
2016-05-31,98.163754,99.244147,98.133314,99.031113,8344300
2016-06-01,99.593056,100.080995,99.196601,99.432945,9874900
2016-06-02,99.798893,100.4012,99.776022,100.149605,5835400
2016-06-03,101.293231,101.575317,101.09501,101.575317,11077200
2016-06-06,101.232212,101.316077,100.713782,100.820518,7573700
2016-06-07,101.125493,101.384708,101.049248,101.064499,4680200
2016-06-08,101.30082,101.727765,101.178844,101.605789,5313200
2016-06-09,102.406334,102.574052,102.108984,102.261475,6820300
2016-06-10,102.764616,103.176321,102.360542,102.756996,6984600
2016-06-13,102.993373,103.222097,102.74941,103.214478,7283300
2016-06-14,103.832044,103.854916,103.09251,103.138252,9012500
2016-06-15,103.321218,103.86252,103.161108,103.534691,7953200
2016-06-16,104.251368,104.876535,103.824411,104.037895,10372700
2016-06-17,103.839656,103.89303,103.122993,103.389839,8489900
2016-06-20,102.345311,102.581655,102.169949,102.284317,7365900
2016-06-21,102.383442,102.604546,101.750656,101.811638,6005800
2016-06-22,101.781149,102.154732,101.590547,101.97937,5773700
2016-06-23,101.102576,101.643889,100.698502,100.812859,9029100
2016-06-24,104.152253,104.152253,103.153503,103.519455,17155000
2016-06-27,105.547421,106.424182,105.516918,106.103973,16577100
2016-06-28,106.309822,106.660522,105.882877,106.325073,14006400
2016-06-29,106.492814,106.835905,105.410199,105.509315,12999800
2016-06-30,105.829503,106.691025,105.28057,105.898117,14698500
2016-07-01,107.551753,107.559398,106.314388,107.368446,15430200
2016-07-05,108.346152,109.155786,108.231573,108.712776,8840800
2016-07-06,109.064123,109.224528,108.430173,108.888451,14352800
2016-07-07,108.529495,109.369688,108.292716,108.880852,9676400
2016-07-08,109.163413,109.698076,108.735682,109.682808,10355300
2016-07-11,109.262714,109.583512,108.644032,108.720406,8099000
2016-07-12,107.253911,107.589988,106.658142,106.933113,15810600
2016-07-13,107.979563,108.285093,107.658765,108.193428,8181700
2016-07-14,106.383117,106.810848,106.237992,106.619896,10817000
2016-07-15,106.085273,106.253312,105.542964,105.703369,9958600
2016-07-18,106.222782,106.367896,105.199271,105.604088,5955900
2016-07-19,106.123425,106.40603,105.710962,106.199799,8073900
2016-07-20,105.581146,105.795012,105.336734,105.619339,6942500
2016-07-21,104.67223,105.879048,104.634049,105.833221,10398400
2016-07-22,105.352035,106.352633,105.306208,106.016556,5811400
2016-07-25,106.12345,106.367863,105.856113,105.940132,4243800
2016-07-26,106.566497,106.566497,105.756863,106.108208,5243400
2016-07-27,106.589346,107.429527,106.474768,107.429527,8508100
2016-07-28,106.780382,107.574737,106.711642,107.231026,7336100
2016-07-29,107.276829,108.21631,107.101157,108.124657,8766700
2016-08-01,106.960056,107.511003,106.829973,106.952408,9809300
2016-08-02,105.467893,106.562127,105.215375,105.850494,10051200
2016-08-03,106.057072,106.194803,105.529081,105.911682,4930600
2016-08-04,106.715141,107.25078,106.569751,106.707481,5646000
2016-08-05,106.401419,106.500887,105.460223,105.597954,7778600
2016-08-08,105.29185,106.011131,105.077595,105.796875,5185200
2016-08-09,106.141283,106.914133,106.072406,106.837608,5503200
2016-08-10,107.051803,107.518577,106.722771,107.250763,5843500
2016-08-11,107.174267,107.189574,106.011156,106.294289,7624600
2016-08-12,107.442086,107.786425,107.02887,107.189568,7989600
2016-08-15,106.623331,106.845246,106.171864,106.179512,5108600
2016-08-16,106.347806,106.477889,105.773904,105.896339,6182700
2016-08-17,106.079997,106.699809,105.980517,106.531464,5002000
2016-08-18,106.516161,106.944673,106.202425,106.699814,3805200
2016-08-19,106.087643,106.401378,105.674439,106.141212,5516300
2016-08-22,106.860525,107.235478,106.646269,107.03653,5549700
2016-08-23,107.334936,107.579795,106.87581,107.151283,6841400
2016-08-24,107.204907,107.273773,106.661608,106.898819,6027800
2016-08-25,106.562091,106.959999,106.332539,106.493225,5855500
2016-08-26,106.921752,107.656352,105.7663,105.873428,12962500
2016-08-29,106.653867,107.396114,106.523784,107.288986,7310400
2016-08-30,107.25841,107.327275,106.875809,106.875809,5161800
2016-08-31,106.868176,107.258425,106.623306,107.028862,7349700
2016-09-01,106.265366,107.399935,106.227046,107.146957,9149100
2016-09-02,106.525996,106.594986,105.920379,106.273018,8397000
2016-09-06,106.334322,107.384552,106.180993,107.047249,8542600
2016-09-07,107.606917,107.645249,106.970642,106.970642,5421800
2016-09-08,106.44929,106.763596,105.222734,105.629028,14301500
2016-09-09,104.31053,104.34885,103.804575,103.888901,13347700
2016-09-12,103.735609,104.126568,103.612951,103.942581,9096600
2016-09-13,104.157205,104.256866,102.233057,102.762009,15645400
2016-09-14,102.762005,103.421277,102.762005,102.915321,7037700
2016-09-15,102.424747,102.762051,101.980121,102.470741,9874500
2016-09-16,103.168287,103.344601,102.892313,103.298607,7507900
2016-09-19,103.122294,103.390595,102.91531,102.961304,7105900
2016-09-20,103.605284,103.934926,103.237322,103.321648,6054800
2016-09-21,103.183607,104.172508,102.861627,104.157173,10698100
2016-09-22,104.770462,105.245747,104.640142,104.985107,12426200
2016-09-23,105.046469,105.284111,104.801165,104.88549,5928800
2016-09-26,105.077129,105.659737,105.038797,105.552414,8661300
2016-09-27,106.242319,106.403309,105.751699,106.326645,9450400
2016-09-28,106.173336,106.671618,105.958691,106.096672,7958700
2016-09-29,105.452771,106.610337,105.368445,106.365021,8319800
2016-09-30,106.211671,106.280661,104.923786,105.414406,11747100
2016-10-03,105.734677,105.803804,105.028143,105.066544,7588800
2016-10-04,104.920572,105.089527,103.799337,103.837738,12048700
2016-10-05,103.691861,103.737938,103.000677,103.353951,8917700
2016-10-06,102.885508,103.438451,102.662789,102.777992,7839900
2016-10-07,102.854798,103.131269,102.209702,102.847122,9953200
2016-10-10,102.025378,102.263448,101.764258,102.24041,6089100
2016-10-11,102.033033,102.562937,101.810325,102.009995,9670400
2016-10-12,101.887121,102.155917,101.556898,102.10984,7582400
2016-10-13,102.632073,102.85478,102.424716,102.493843,7080600
2016-10-14,101.579937,102.102154,101.011632,101.057709,11415100
2016-10-17,101.449338,101.94084,101.441651,101.702759,10595900
2016-10-18,101.265031,102.056043,101.241993,102.033005,7151000
2016-10-19,101.656719,102.347902,101.61833,102.117508,6941300
2016-10-20,102.63207,102.716547,102.063765,102.225044,6082300
2016-10-21,102.539911,102.693504,102.040721,102.378632,9222700
2016-10-24,102.455433,102.486147,101.595294,101.933205,6507500
2016-10-25,101.779585,102.570597,101.748871,102.201973,5134700
2016-10-26,101.72587,101.986978,101.364921,101.510826,5842500
2016-10-27,100.658378,100.658378,99.882717,100.404945,10044700
2016-10-28,100.136121,100.550822,100.090044,100.182198,7541000
2016-10-31,100.520144,100.827329,100.381915,100.796616,7047500
2016-11-01,100.150266,101.258261,99.934824,100.804283,12622400
2016-11-02,101.02744,101.650684,100.819688,101.242882,8666200
2016-11-03,100.604215,100.835049,100.36569,100.465721,6085400
2016-11-04,101.004382,101.404483,100.896661,101.36602,7622600
2016-11-07,100.604242,100.796602,100.365718,100.504211,5386700
2016-11-08,100.812013,100.958209,99.804049,100.096428,7576500
2016-11-09,97.888146,98.003563,95.579826,95.849129,31233500
2016-11-10,95.38743,96.149174,94.425631,94.433327,22961200
2016-11-11,94.610265,94.679517,93.602301,93.902382,10040200
2016-11-14,93.317662,94.379492,92.894473,93.340744,21174400
2016-11-15,94.0409,94.494867,93.702345,93.802376,11963700
2016-11-16,94.102502,94.748829,94.002471,94.648804,9149500
2016-11-17,93.833168,93.956281,93.094507,93.256088,11221600
2016-11-18,93.586971,93.848584,92.594393,92.986809,13577700
2016-11-21,93.263801,93.471553,93.01758,93.217636,6488100
2016-11-22,93.61003,93.686973,93.009863,93.186836,9989900
2016-11-23,92.325089,93.032978,91.755705,92.825226,13563500
2016-11-25,93.248402,93.325345,92.640544,92.963707,3126300
2016-11-28,93.417663,93.663883,93.171436,93.648491,8555000
2016-11-29,93.440709,94.17937,93.263735,94.040871,8363000
2016-11-30,92.309717,93.109936,91.932694,92.517464,21163500
2016-12-01,91.370976,91.741051,90.700205,91.540596,21715700
2016-12-02,91.879828,92.681666,91.856699,92.211357,12487500
2016-12-05,91.694752,92.82812,91.324671,92.111092,12100100
2016-12-06,92.010885,92.473488,91.84127,92.041725,11526600
2016-12-07,92.380945,92.997745,92.380945,92.828125,10392200
2016-12-08,91.864367,91.987724,91.579096,91.733299,12041100
2016-12-09,91.471192,91.640812,90.422634,90.592255,14646400
2016-12-12,90.414934,90.823568,90.114245,90.761887,9496300
2016-12-13,91.286162,91.355549,90.546005,91.085701,12189200
2016-12-14,91.810412,91.910639,90.052538,90.067955,16618400
2016-12-15,90.638556,91.201387,90.229928,90.522911,12400500
2016-12-16,90.677052,90.916059,90.052546,90.314682,14924600
2016-12-19,90.962338,91.424936,90.777294,91.286156,10868300
2016-12-20,90.69245,90.900623,90.499701,90.83123,7030600
2016-12-21,90.916073,91.286155,90.769588,91.232185,4624700
2016-12-22,90.852595,91.215913,90.829405,91.069038,5177800
2016-12-23,91.401447,91.5174,91.177271,91.254578,4461600
2016-12-27,90.767577,90.98402,90.620708,90.960831,5276600
2016-12-28,91.107736,91.896211,90.984051,91.625656,7578600
2016-12-29,91.834347,92.197659,91.726125,91.950294,8581400
2016-12-30,91.818862,92.491388,91.772483,92.089417,10613900
2017-01-03,91.532904,92.754266,91.355108,92.483711,13217300
2017-01-04,92.576441,92.947486,92.336802,92.839264,6699600
2017-01-05,93.109814,94.331181,92.89337,94.292534,13265800
2017-01-06,93.635439,93.952378,93.341695,93.426727,8369300
2017-01-09,94.21523,94.307994,93.890564,94.176582,8839100
2017-01-10,93.960145,94.238432,93.751427,94.114746,8417900
2017-01-11,94.261668,94.84143,93.85197,94.431732,9402500
2017-01-12,94.926425,95.189247,94.176598,94.222977,9977600
2017-01-13,93.790107,94.114772,93.241265,93.774643,9820000
2017-01-17,94.934169,95.034665,94.300295,94.756378,7853300
2017-01-18,94.130221,94.277096,93.465432,93.542732,9064700
2017-01-19,93.140749,93.210323,92.414117,92.901115,11795600
2017-01-20,92.638277,93.001596,92.213122,92.715584,16953200
2017-01-23,93.024826,94.207547,92.777461,93.643242,13118400
2017-01-24,93.357189,93.635475,92.607368,93.001602,8395000
2017-01-25,92.20541,92.452776,91.648838,91.834366,11115100
2017-01-26,91.919378,92.189932,91.471027,92.143547,7827900
2017-01-27,92.298154,92.630551,92.1822,92.475945,7197800
2017-01-30,92.329118,92.669241,92.14359,92.197701,6569500
2017-01-31,92.244044,93.071171,92.182201,92.839264,13298500
2017-02-01,92.265259,92.598375,91.862424,92.265259,10975500
2017-02-02,92.908216,93.0709,92.187757,92.226494,6978600
2017-02-03,92.528631,92.861747,91.777184,92.187767,10275600
2017-02-06,92.77654,93.063171,92.280741,92.745552,8433800
2017-02-07,92.792026,93.744894,92.551875,93.427269,8418400
2017-02-08,94.062503,94.720986,94.05476,94.697746,15734200
2017-02-09,94.054766,94.194204,93.47375,93.605446,16890600
2017-02-10,93.047684,93.698418,93.047684,93.551231,7978500
2017-02-13,93.156144,93.280097,92.869508,93.256851,11536800
2017-02-14,93.148358,93.194843,92.056053,92.58284,13210500
2017-02-15,92.001834,92.358189,91.916618,92.156769,8481000
2017-02-16,92.358181,93.12512,92.280714,92.660309,10005800
2017-02-17,93.435025,93.504744,93.063173,93.210365,7886400
2017-02-21,92.714553,93.435012,92.652576,93.047668,8703800
2017-02-22,93.582207,93.597698,92.644831,93.202606,8101500
2017-02-23,93.404024,93.535719,93.2181,93.481491,5330800
2017-02-24,94.008288,94.620292,93.938569,94.519585,11336000
2017-02-27,94.364627,94.434352,93.915313,93.961792,11039800
2017-02-28,94.124479,94.573799,93.985035,94.310402,8410500
2017-03-01,92.706818,92.792198,92.326486,92.730103,10717100
2017-03-02,92.373047,92.528281,92.070338,92.396332,8201200
2017-03-03,92.543833,92.636971,92.016031,92.636971,9515200
2017-03-06,92.458484,92.458484,91.992772,92.19458,4489200
2017-03-07,91.96169,92.116924,91.783166,91.915115,7080100
2017-03-08,91.053568,91.550322,90.991478,91.418373,11336300
2017-03-09,91.076864,91.185534,90.634442,90.688774,10575400
2017-03-10,90.921639,91.061351,90.564597,91.007019,9218500
2017-03-13,90.680994,90.882797,90.41709,90.432617,6993100
2017-03-14,90.634423,91.084608,90.587854,90.867279,9869200
2017-03-15,91.247654,92.233405,91.146753,91.977264,14600500
2017-03-16,91.581343,91.705535,91.301918,91.51149,8018200
2017-03-17,91.67451,92.171264,91.612414,92.085884,7266800
2017-03-20,92.016006,92.543808,91.977195,92.481712,5497800
2017-03-21,92.40412,93.374344,92.38083,93.250153,12540700
2017-03-22,93.700351,94.049629,93.475258,93.622734,11661400
2017-03-23,93.785728,93.933198,93.188067,93.490776,6746500
2017-03-24,93.552824,93.995246,93.451923,93.824486,5819600
2017-03-27,94.561892,94.670556,94.065138,94.251419,6878500
2017-03-28,94.530862,94.554147,93.521827,93.622734,6811200
2017-03-29,93.871059,94.212574,93.824485,94.181526,6291000
2017-03-30,93.971939,93.98746,93.389805,93.420853,7042400
2017-03-31,93.358839,93.770213,93.304507,93.692596,5144800
2017-04-03,93.688667,94.793179,93.64978,94.637611,12996500
2017-04-04,94.404284,94.5754,94.077594,94.124268,6976700
2017-04-05,93.774227,94.520935,93.618665,94.412041,8555200
2017-04-06,94.30314,94.435374,93.743107,94.272026,6497000
2017-04-07,94.76986,95.08877,93.875369,93.890923,10270000
2017-04-10,94.225393,94.59875,94.116498,94.326508,5314500
2017-04-11,94.738717,95.399864,94.67649,95.220963,11297400
2017-04-12,95.290987,95.819906,95.119865,95.742119,11532500
2017-04-13,96.022129,96.247699,95.602111,96.037689,8396700
2017-04-17,96.029915,96.099922,95.563223,95.742119,8015000
2017-04-18,96.34104,97.212203,96.099917,96.994408,11529700
2017-04-19,96.527735,96.582182,96.216605,96.465508,7344000
2017-04-20,96.076573,96.387703,95.781003,96.092133,7932900
2017-04-21,96.309922,96.636606,96.053239,96.092133,9798500
2017-04-24,95.322106,95.796577,95.252098,95.617676,8066400
2017-04-25,95.057638,95.252094,94.412044,94.466492,8122300
2017-04-26,94.520935,95.003187,94.450934,94.987633,5766200
2017-04-27,94.699845,95.166537,94.567617,94.956528,4978300
2017-04-28,94.58313,95.236503,94.544242,95.166496,8166300
2017-05-01,94.850883,95.201631,94.087022,94.37542,8795900
2017-05-02,94.289688,94.921038,94.266305,94.858681,6727800
2017-05-03,95.263971,95.396476,94.741743,94.921013,8932900
2017-05-04,94.320834,94.484517,94.055819,94.453339,9707200
2017-05-05,94.609233,94.679386,94.227306,94.539085,5605400
2017-05-08,94.398811,94.422193,93.94673,94.024673,8057800
2017-05-09,93.829789,94.024651,93.642724,94.016861,5536700
2017-05-10,94.242885,94.359797,93.6583,93.907722,6517000
2017-05-11,93.533586,93.97787,93.463438,93.907722,7479800
2017-05-12,94.320847,94.694978,94.297465,94.617035,7463900
2017-05-15,94.359818,94.476736,94.118191,94.359818,5173200
2017-05-16,94.398784,95.006751,94.398784,94.710564,6722700
2017-05-17,95.583546,96.292845,95.39648,96.090187,11236400
2017-05-18,96.456537,96.604634,96.020049,96.199318,8350500
2017-05-19,96.152526,96.479892,95.879721,96.425331,11277400
2017-05-22,96.19151,96.308423,96.074592,96.160332,4062900
2017-05-23,96.269523,96.355263,95.466693,95.513458,7901300
2017-05-24,95.716061,96.074606,95.513404,96.051224,7355200
2017-05-25,95.887528,96.090186,95.684876,96.08239,6464800
2017-05-26,96.30067,96.448761,96.066834,96.246109,2963800
2017-05-30,96.674755,96.760494,96.448714,96.721519,4819400
2017-05-31,96.69036,97.158027,96.674768,96.963165,8000200
2017-06-01,96.6218,97.004542,96.590561,96.973297,9037300
2017-06-02,97.809088,98.238689,97.676303,98.121529,13245000
2017-06-05,97.559169,97.762256,97.465435,97.512299,6775500
2017-06-06,98.176218,98.316816,97.949699,98.043427,12841500
2017-06-07,97.824742,98.043449,97.47325,97.574791,12852400
2017-06-08,97.543551,97.543551,97.090519,97.317032,8758600
2017-06-09,96.918651,97.356064,96.840542,97.168602,5130500
2017-06-12,97.020156,97.629411,96.965479,97.137321,4335800
2017-06-13,96.863982,97.262338,96.848357,97.152985,4742600
2017-06-14,98.355843,98.972911,98.207439,98.652664,20212300
2017-06-15,98.488647,98.676115,98.285566,98.49646,5863700
2017-06-16,98.480833,98.762029,98.426156,98.691727,6672500
2017-06-19,98.66829,98.793269,98.441771,98.551125,5641300
2017-06-20,99.035438,99.511908,99.035438,99.4338,8405700
2017-06-21,99.285395,99.699376,99.129178,99.636887,5914800
2017-06-22,99.754065,99.879044,99.441625,99.855606,6608100
2017-06-23,99.5666,99.902473,99.511924,99.808739,4329900
2017-06-26,100.191458,100.42579,100.105537,100.18364,5541600
2017-06-27,99.535357,99.582221,98.90267,99.113564,8354200
2017-06-28,98.941702,98.972946,98.402748,98.785484,7357900
2017-06-29,97.645064,98.199643,97.559143,97.957504,9115800
2017-06-30,97.785649,97.941866,97.520073,97.730972,10189800
2017-07-03,97.838963,97.870272,97.071903,97.416298,11021100
2017-07-05,97.212855,97.565079,97.150243,97.439842,11394500
2017-07-06,96.680544,96.774471,96.218747,96.633583,10853100
2017-07-07,96.148327,96.297044,95.952649,96.054405,9401800
2017-07-10,96.171824,96.351845,96.023107,96.195305,3859200
2017-07-11,96.16401,96.531885,96.046602,96.359688,4425600
2017-07-12,96.970212,97.08762,96.657126,97.025002,7839900
2017-07-13,96.743204,96.782342,96.124861,96.414467,7449300
2017-07-14,97.134584,97.181551,96.36753,96.531898,6566800
2017-07-17,96.531877,97.048464,96.484911,96.797997,4737300
2017-07-18,97.392881,97.659,97.236341,97.643349,9163000
2017-07-19,97.666815,97.846841,97.518097,97.682472,5140900
2017-07-20,98.222524,98.410379,97.815516,97.964233,12239100
2017-07-21,98.41036,98.64517,98.285124,98.379051,6201500
2017-07-24,98.19123,98.355605,97.964249,97.995552,5378500
2017-07-25,97.16588,97.205018,96.641464,96.719734,9743300
2017-07-26,96.484903,97.126726,96.336192,96.876259,8459500
2017-07-27,96.359689,96.571018,96.132701,96.398827,6390800
2017-07-28,96.484916,97.04847,96.477093,96.9702,5491800
2017-07-31,96.633619,97.095422,96.586658,97.087593,5464600
2017-08-01,96.624014,97.824165,96.608328,97.769257,9676800
2017-08-02,97.871251,98.185018,97.800657,97.824188,5745600
2017-08-03,98.279135,98.851753,98.255603,98.836067,10324500
2017-08-04,98.169337,98.192868,97.612404,97.996765,8485500
2017-08-07,97.926127,98.130076,97.745715,98.106544,4684600
2017-08-08,97.949659,98.035944,97.38488,97.753555,6197400
2017-08-09,98.781166,98.796851,98.208541,98.286987,9221800
2017-08-10,98.53798,99.181198,98.459533,99.126289,10378200
2017-08-11,98.655632,99.196879,98.483066,99.173347,5717800
2017-08-14,98.828201,99.055682,98.624258,98.663475,5111000
2017-08-15,97.839865,98.475238,97.824173,98.247757,7473200
2017-08-16,97.918293,98.85174,97.902601,98.608574,5283800
2017-08-17,98.600736,99.369463,98.451701,99.345932,9364700
2017-08-18,99.604807,99.738156,99.040029,99.322418,8382500
2017-08-21,99.44005,99.636154,99.228262,99.565559,7669800
2017-08-22,99.455742,99.471427,99.047843,99.181198,6140700
2017-08-23,99.651871,99.86366,99.432236,99.85582,7446400
2017-08-24,99.526308,99.863606,99.400805,99.487091,5569400
2017-08-25,99.636164,99.973462,99.518507,99.87149,7303300
2017-08-28,99.557719,99.926394,99.408685,99.808731,4448500
2017-08-29,100.765735,100.812798,99.863652,100.130356,7659400
2017-08-30,99.98129,100.200925,99.887158,100.098953,4735200
2017-08-31,100.12249,100.428411,100.067582,100.397034,7978400
2017-09-01,100.069225,100.092805,99.377522,99.629051,14128600
2017-09-05,100.367986,101.240478,100.367986,101.20903,15215700
2017-09-06,101.177541,101.397628,100.407231,100.58802,9066400
2017-09-07,100.870997,101.845676,100.870997,101.617722,13618900
2017-09-08,101.484115,101.523419,101.059665,101.397652,9808500
2017-09-11,100.509431,100.650916,100.029953,100.187157,17856700
2017-09-12,99.864914,99.89635,99.456176,99.660545,7557400
2017-09-13,99.754864,99.76272,99.259663,99.267525,6740000
2017-09-14,99.330436,99.692009,99.298994,99.676285,6674500
2017-09-15,99.825597,99.833459,99.464024,99.715553,9769200
2017-09-18,99.432602,99.487624,98.91382,99.141769,6863000
2017-09-19,99.259636,99.283216,98.827324,98.898064,5554900
2017-09-20,99.015986,99.07887,98.512928,98.968826,8037000
2017-09-21,99.165323,99.479729,98.89807,98.913788,6147800
2017-09-22,99.432596,99.613385,99.086741,99.196785,5660700
2017-09-25,99.291104,100.037828,99.196778,99.817741,9679000
2017-09-26,99.644788,99.739114,99.377542,99.636932,7251900
2017-09-27,98.151375,98.489367,97.947005,98.135651,12145700
2017-09-28,97.632587,97.978442,97.443942,97.844818,8883700
2017-09-29,98.064873,98.277098,97.679715,98.064873,11285500
2017-10-02,98.302737,98.452386,97.853794,97.8853,7860700
2017-10-03,97.601783,98.066482,97.601783,97.979843,6219800
2017-10-04,98.082204,98.129459,97.570251,97.987694,7447000
2017-10-05,97.877395,97.901028,97.42058,97.617485,8180300
2017-10-06,97.105568,97.743538,96.900785,97.34185,10375000
2017-10-09,97.49152,97.712053,97.381254,97.649048,3590900
2017-10-10,97.775036,98.350001,97.68052,97.806541,6666800
2017-10-11,98.113757,98.184646,97.869597,97.995613,4385900
2017-10-12,98.097997,98.436674,97.853831,98.41304,7141600
2017-10-13,98.90921,99.192753,98.586283,99.121864,7746900
2017-10-16,98.869847,99.161269,98.751703,99.051003,5737300
2017-10-17,98.759565,99.310896,98.759565,99.177002,4969600
2017-10-18,98.49177,98.594158,98.200349,98.52327,5943800
2017-10-19,99.035217,99.247878,98.665035,98.696541,8966500
2017-10-20,97.664798,97.88533,97.381254,97.649048,12326900
2017-10-23,97.790804,98.050714,97.680532,97.822304,6871100
2017-10-24,97.16858,97.420618,96.995303,97.215836,6842800
2017-10-25,96.507007,96.86144,96.420369,96.751167,9961400
2017-10-26,96.924398,96.924398,96.4282,96.4282,8179400
2017-10-27,96.829918,97.137089,96.680268,97.0662,10480900
2017-10-30,97.554548,98.027119,97.31826,97.995613,9051600
2017-10-31,98.082195,98.184589,97.979806,98.027061,4424300
2017-11-01,98.147869,98.771406,98.108408,98.463585,8940400
2017-11-02,98.660894,99.07132,98.597749,98.897682,7222700
2017-11-03,99.031854,99.213386,98.771387,99.166031,10984100
2017-11-06,99.394938,99.623832,99.229189,99.53701,6246700
2017-11-07,99.631748,100.065853,99.552815,99.955353,6422700
2017-11-08,99.915862,100.081618,99.615935,99.734329,3356200
2017-11-09,99.347567,99.6396,99.094996,99.450172,6280400
2017-11-10,98.432004,98.534609,97.840039,97.950539,11981000
2017-11-13,98.50305,98.510939,98.116295,98.155762,5880800
2017-11-14,98.479362,98.850328,98.479362,98.818756,6195900
2017-11-15,99.497545,99.979011,99.166046,99.892189,9568200
2017-11-16,99.458074,99.710646,99.016069,99.023964,5894900
2017-11-17,99.505439,99.797478,99.418617,99.758011,6938800
2017-11-20,99.379156,99.750116,99.379156,99.718544,4232300
2017-11-21,100.310521,100.468382,99.694877,100.034271,5818400
2017-11-22,99.939543,100.397325,99.852721,100.357864,4140700
2017-11-24,100.184194,100.263121,99.994767,100.081589,3141400
2017-11-27,100.128972,100.278938,99.781684,99.939545,6079900
2017-11-28,100.057926,100.381537,99.821144,100.073715,5983000
2017-11-29,99.102857,99.197574,98.739786,99.087074,14547100
2017-11-30,98.90556,99.07131,98.218885,98.7556,9630000
2017-12-01,99.550468,100.989904,98.941472,100.08828,24583100
2017-12-04,99.589982,100.183156,99.502983,100.135704,9609200
2017-12-05,100.025005,100.839631,100.009184,100.633995,10958900
2017-12-06,101.13226,101.416978,100.966172,100.981987,11834200
2017-12-07,101.179702,101.314159,99.890539,100.191078,13056800
2017-12-08,100.119895,100.238531,99.843082,100.19899,4786100
2017-12-11,100.333465,100.515368,99.977562,99.993378,3863800
2017-12-12,99.787693,99.977513,99.392244,99.953781,7502400
2017-12-13,100.293891,100.752614,100.119892,100.705162,8532900
2017-12-14,100.483703,101.21924,100.278068,101.13224,6885000
2017-12-15,101.08481,101.70171,100.887085,101.511902,7239400
2017-12-18,101.211367,101.235093,100.373015,100.586555,7239700
2017-12-19,99.906381,99.953834,98.917758,99.28157,11045800
2017-12-20,98.31658,98.632941,98.031856,98.182129,10005800
2017-12-21,98.302667,98.960503,98.278891,98.754433,7026900
2017-12-22,98.83368,98.94464,98.698945,98.88916,3974300
2017-12-26,99.055641,99.491552,99.047714,99.182449,3168400
2017-12-27,99.634203,100.640772,99.626275,100.474327,9059700
2017-12-28,100.284077,100.521851,100.157269,100.387115,5297100
2017-12-29,100.26032,100.751717,100.244472,100.545647,7580500
2018-01-02,100.252403,100.268258,99.126953,99.459831,16238200
2018-01-03,99.864058,100.02257,99.459845,99.935387,8605100
2018-01-04,99.586654,99.990867,99.364735,99.919533,9217900
2018-01-05,99.761015,100.006711,99.356802,99.634201,10915400
2018-01-08,99.856097,99.8878,99.206188,99.57077,8850600
2018-01-09,98.920885,98.93674,98.128314,98.239273,16226400
2018-01-10,97.335741,98.223424,97.21686,98.120392,14302600
2018-01-11,97.890543,98.746516,97.732025,98.524597,12511000
2018-01-12,98.358169,98.905045,98.207584,98.691048,9987100
2018-01-16,99.206197,99.29338,98.722728,99.103165,9125900
2018-01-17,99.134861,99.578699,98.754424,98.968422,8327000
2018-01-18,98.223386,98.492857,97.914283,98.049019,10843900
2018-01-19,97.803314,97.930122,97.470435,97.533836,11374300
2018-01-22,97.842967,98.049037,97.478384,97.628975,8984700
2018-01-23,98.128275,98.437377,97.676509,98.049019,12325700
2018-01-24,97.367438,97.589357,97.121742,97.518028,9038900
2018-01-25,97.613131,98.397776,97.327805,98.31852,12173300
2018-01-26,98.183765,98.207547,97.56556,97.953918,6462900
2018-01-29,97.462531,97.462531,96.93151,97.272316,12223000
2018-01-30,96.915675,96.987009,96.455982,96.701683,12064400
2018-01-31,97.383276,97.430828,96.646184,97.272316,18045100
2018-02-01,97.276315,97.316022,95.806999,95.862595,18632800
2018-02-02,95.425775,95.513139,94.70303,94.973068,23944400
2018-02-05,94.647442,96.752131,94.226505,95.870544,28606200
2018-02-06,95.64019,95.997594,95.084237,95.274849,10935400
2018-02-07,95.409851,95.568699,94.162924,94.369423,16271100
2018-02-08,93.726111,94.655349,93.599033,94.266182,15155100
2018-02-09,93.805548,94.583883,93.551398,93.670532,15661600
2018-02-12,94.162955,94.750684,93.869097,94.083534,10944600
2018-02-13,94.202684,94.520374,94.027954,94.504486,8157600
2018-02-14,94.083521,94.14706,93.297243,93.456085,12043300
2018-02-15,93.86912,94.353596,93.710272,93.773811,8222400
2018-02-16,94.544222,94.679239,93.988263,94.282127,8454100
2018-02-20,93.940564,94.123238,93.543453,93.869087,8268800
2018-02-21,93.908778,93.948492,92.534778,92.717445,12054300
2018-02-22,93.11458,93.448158,92.923968,92.995445,9317900
2018-02-23,93.622886,93.964402,93.495814,93.821442,9072900
2018-02-26,94.258265,94.440939,93.749964,93.85321,8771600
2018-02-27,94.131178,94.242375,93.130463,93.718185,12525700
2018-02-28,94.091492,94.377413,93.916762,94.313873,9311600
2018-03-01,94.249405,95.196437,94.026575,94.957687,12287700
2018-03-02,94.58368,94.647347,94.002732,94.185768,10064300
2018-03-05,94.504039,94.543833,93.612715,93.931046,5658200
2018-03-06,94.193706,94.448369,94.00271,94.018623,5452000
2018-03-07,94.360805,94.448346,93.875352,93.915146,4461800
2018-03-08,94.153867,94.695027,94.114079,94.456284,7086700
2018-03-09,93.899217,94.122047,93.580887,93.835556,6570400
2018-03-12,94.153895,94.432438,94.0584,94.376724,5801300
2018-03-13,94.153942,94.99752,94.058447,94.854271,7455300
2018-03-14,95.021323,95.817146,94.997449,95.689812,10175000
2018-03-15,95.634104,95.888768,95.443108,95.689812,6757900
2018-03-16,95.339718,95.50684,95.140762,95.347672,6084300
2018-03-19,94.870137,95.474965,94.862177,95.045219,8491200
2018-03-20,94.631396,94.878099,94.567728,94.663223,5446000
2018-03-21,94.432456,95.037278,93.994751,94.766701,9742400
2018-03-22,95.745522,96.151393,95.236195,95.705734,12136600
2018-03-23,95.244188,95.745555,95.196441,95.63414,7250400
2018-03-26,95.498848,95.856967,95.236225,95.268059,8237900
2018-03-27,95.363522,96.390135,95.347603,96.286674,9168500
2018-03-28,96.652797,96.804005,96.254885,96.541382,7412500
2018-03-29,96.724383,97.32125,96.700509,97.01088,9694300
2018-04-02,96.77966,97.585161,96.628134,97.202347,12036500
2018-04-03,96.787596,96.883301,96.364909,96.452637,9855000
2018-04-04,96.779613,96.867341,96.18147,96.25325,6654300
2018-04-05,95.782723,95.9183,95.519538,95.535492,7603700
2018-04-06,96.229339,96.620125,95.878426,96.580246,8831200
2018-04-09,96.213377,96.739746,95.982094,96.739746,6307500
2018-04-10,96.660023,96.803577,96.325064,96.564323,6046000
2018-04-11,97.17839,97.210291,96.715824,96.907234,5901300
2018-04-12,96.532369,96.556294,96.029931,96.197411,6622800
2018-04-13,96.117698,96.604188,96.10175,96.420761,4964000
2018-04-16,95.886395,96.476561,95.846516,96.452637,4491300
2018-04-17,96.436688,96.963057,96.356937,96.71582,5590400
2018-04-18,96.731793,96.771666,95.926292,95.942245,8138400
2018-04-19,95.240403,95.328132,94.753913,95.160652,9875800
2018-04-20,94.817675,95.009079,94.450814,94.474739,7579400
2018-04-23,94.371117,94.6024,94.171736,94.498718,7073200
2018-04-24,94.275389,94.466794,93.916506,94.068031,8190800
2018-04-25,93.637369,93.828774,93.262532,93.437988,6603800
2018-04-26,93.892561,94.211566,93.780902,94.091942,6528600
2018-04-27,94.482752,94.86556,94.458827,94.817711,5401800
2018-04-30,94.969251,95.35206,94.857598,94.985199,8321100
2018-05-01,94.930833,94.986783,94.499226,94.643097,7979200
2018-05-02,94.826927,95.010765,94.523202,94.539185,4644000
2018-05-03,94.986784,95.362448,94.858902,94.962807,6345300
2018-05-04,95.298506,95.298506,94.707033,95.106674,4283500
2018-05-07,95.090695,95.130656,94.906858,94.954819,3647800
2018-05-08,94.754998,95.114673,94.555178,94.866898,6091200
2018-05-09,94.411261,94.651042,94.299362,94.299362,7832500
2018-05-10,94.755013,95.098705,94.595153,95.058739,7101500
2018-05-11,95.370433,95.402405,94.970791,95.2985,4273400
2018-05-14,94.954828,95.106688,94.786973,94.794968,4996200
2018-05-15,93.963672,93.979661,93.276289,93.715897,12901000
2018-05-16,93.851806,93.939728,93.34826,93.356255,6518000
2018-05-17,93.220371,93.372237,92.788758,92.884674,7330300
2018-05-18,93.124479,93.747919,93.124479,93.683975,9606500
2018-05-21,93.619981,93.819802,93.47611,93.73188,4448500
2018-05-22,93.747919,93.795874,93.396232,93.588058,4700700
2018-05-23,94.115567,94.40331,94.043635,94.267433,9634000
2018-05-24,94.866871,95.162601,94.826904,95.01873,8204100
2018-05-25,95.562299,95.786097,95.490366,95.61026,8482800
2018-05-29,96.545388,97.928144,96.257646,97.704346,21668100
2018-05-30,96.713245,97.096904,96.50543,97.048943,11616300
2018-05-31,97.160845,97.496548,96.673282,96.889091,10769900
2018-06-01,96.272977,96.705593,96.016612,96.377129,8718800
2018-06-04,96.224951,96.248985,95.632109,95.680176,7156500
2018-06-05,96.104711,96.264943,95.832327,95.904427,5635900
2018-06-06,95.399756,95.415776,94.871001,95.127365,7813300
2018-06-07,95.087318,96.529366,95.079304,96.048683,13238300
2018-06-08,95.78431,96.016641,95.688177,95.760277,6790600
2018-06-11,95.391728,95.648092,95.287582,95.584,6844200
2018-06-12,95.279568,95.704171,95.247522,95.608032,6048200
2018-06-13,95.696175,95.848393,95.03924,95.559982,8834700
2018-06-14,95.960577,96.377173,95.720239,96.353134,10078800
2018-06-15,96.801709,97.010001,96.377106,96.441193,7992800
2018-06-18,96.521379,96.585466,96.168875,96.353134,4893700
2018-06-19,96.913887,97.122185,96.697576,96.913887,6133300
2018-06-20,96.753687,96.769714,96.056699,96.064713,6879100
2018-06-21,96.425192,96.737636,96.313032,96.569397,7235800
2018-06-22,96.208951,96.633561,96.184918,96.561455,4082500
2018-06-25,96.665604,97.026115,96.649578,96.777763,8363700
2018-06-26,96.753655,96.961953,96.665536,96.913887,5450000
2018-06-27,97.538821,97.883312,97.378596,97.827232,8173400
2018-06-28,97.843229,97.939368,97.602891,97.851242,7109500
2018-06-29,97.875273,98.139651,97.458683,97.514763,11164700
2018-07-02,97.751643,97.759675,97.390317,97.438492,9662000
2018-07-03,97.582999,97.984476,97.582999,97.960388,3808800
2018-07-05,98.008567,98.385957,97.968423,98.241425,3860400
2018-07-06,98.562637,98.699138,98.345842,98.562637,4679900
2018-07-09,98.01664,98.129053,97.880139,97.928314,5952700
2018-07-10,97.856011,98.064774,97.807829,97.920242,5759700
2018-07-11,98.321733,98.402034,98.032669,98.297646,6869100
2018-07-12,98.096883,98.337772,98.072796,98.289597,4824700
2018-07-13,98.450211,98.65898,98.337798,98.538536,4079000
2018-07-16,98.129036,98.193274,97.671352,98.129036,5517100
2018-07-17,98.193273,98.273567,97.880121,97.944359,3764300
2018-07-18,97.976476,97.992538,97.470617,97.550911,6330000
2018-07-19,97.799808,98.321724,97.775715,98.169167,6166700
2018-07-20,97.623174,97.6312,96.916571,96.964752,10469500
2018-07-23,96.659605,96.659605,95.696063,95.768326,11571800
2018-07-24,95.776397,96.209993,95.663984,96.09758,9053500
2018-07-25,96.370534,96.563247,95.760293,95.944969,7357900
2018-07-26,96.121657,96.258158,95.680036,95.76033,6821100
2018-07-27,96.234042,96.250105,95.872716,95.920891,4542000
2018-07-30,95.543524,95.880769,95.527468,95.591705,7111200
2018-07-31,96.185894,96.2421,96.001211,96.113625,6797400
2018-08-01,95.193753,95.636361,95.016707,95.330559,13312600
2018-08-02,95.459349,95.555915,95.201829,95.467392,4451100
2018-08-03,95.628348,95.998532,95.61225,95.9422,6162400
2018-08-06,96.199707,96.441128,95.982421,95.99852,4200200
2018-08-07,95.789275,95.845607,95.419091,95.499565,5346900
2018-08-08,95.491538,95.789291,95.451298,95.596153,5640900
2018-08-09,95.950244,96.433092,95.861721,96.400902,7144100
2018-08-10,96.86765,97.41488,96.79522,97.101028,8457900
2018-08-13,96.771048,97.133183,96.738857,96.899811,7923200
2018-08-14,97.004495,97.020588,96.594071,96.682594,4251200
2018-08-15,97.101062,97.479289,97.028631,97.245911,7649800
2018-08-16,97.221725,97.318297,96.795209,97.237823,5400400
2018-08-17,97.447075,97.688503,97.173464,97.358559,3537600
2018-08-20,97.889708,98.106994,97.809234,98.010422,5603700
2018-08-21,97.672392,97.801149,97.430965,97.680435,4695000
2018-08-22,98.179368,98.219608,97.841375,98.066704,5309600
2018-08-23,98.17941,98.284026,98.002365,98.21965,5328700
2018-08-24,97.873578,98.444949,97.768956,98.412758,6092200
2018-08-27,98.002338,98.074769,97.793102,97.849434,6407400
2018-08-28,97.37465,97.447075,97.117131,97.261986,4929300
2018-08-29,97.326402,97.495399,97.068883,97.390778,5613300
2018-08-30,97.62414,97.744854,97.439051,97.599998,5302900
2018-08-31,98.090921,98.115063,97.286172,97.374695,9677500
2018-09-04,96.755194,96.868112,96.585817,96.811653,18343600
2018-09-05,96.593919,96.706838,96.424542,96.553589,9422600
2018-09-06,96.593896,97.110095,96.537437,96.908455,9566000
2018-09-07,96.247124,96.303583,95.97289,96.085808,11212600
2018-09-10,96.11801,96.464832,96.11801,96.440636,6386400
2018-09-11,96.045412,96.118,95.65826,95.706657,5440000
2018-09-12,96.021271,96.118054,95.900285,95.932549,3347200
2018-09-13,96.255129,96.440641,95.964772,96.07769,4833000
2018-09-14,95.505017,95.908298,95.416295,95.617935,5579500
2018-09-17,95.319505,95.835704,95.271113,95.617935,5433000
2018-09-18,95.222742,95.23081,94.496841,94.617821,10182300
2018-09-19,94.456496,94.456496,93.71446,94.053215,13379600
2018-09-20,94.029029,94.609755,93.940307,94.48877,8657300
2018-09-21,94.262958,94.593645,94.238755,94.448463,6173800
2018-09-24,94.158099,94.585576,94.141971,94.206497,5505500
2018-09-25,93.948378,94.15808,93.883851,94.109688,6650900
2018-09-26,94.311332,94.835599,94.093563,94.771072,9512700
2018-09-27,94.56136,94.892053,94.448442,94.835594,5758500
2018-09-28,95.053333,95.101731,94.545201,94.585526,12807700
2018-10-01,94.303486,94.440906,93.86697,93.89122,22442400
2018-10-02,94.311535,94.683381,94.25495,94.465126,8266900
2018-10-03,93.988156,94.060911,92.347183,92.82412,20829200
2018-10-04,92.258285,92.468461,91.918775,92.169365,16207400
2018-10-05,91.660115,91.926876,91.037679,91.37719,18096500
2018-10-08,91.336754,91.43376,91.053829,91.07,5855900
2018-10-09,91.45801,92.031946,91.401425,91.991531,11530800
2018-10-10,91.458019,91.8137,91.175093,91.740944,15290100
2018-10-11,92.153207,93.082824,91.983452,92.856483,16086800
2018-10-12,92.468464,92.96965,92.379544,92.533134,6794100
2018-10-15,92.686717,92.816052,92.387622,92.492706,7146300
2018-10-16,92.468463,92.735224,92.282543,92.702888,4762300
2018-10-17,92.686735,92.79182,92.137049,92.153214,5880700
2018-10-18,91.846002,92.468438,91.789417,92.120842,5728800
2018-10-19,92.03197,92.112805,91.676296,91.9188,10892400
2018-10-22,92.112799,92.21789,91.773289,91.797539,3244200
2018-10-23,92.767581,92.977751,92.023884,92.088554,10330700
2018-10-24,92.444212,92.816057,92.347206,92.783722,16008000
2018-10-25,92.589681,92.75135,92.339091,92.395676,12613200
2018-10-26,92.905014,93.220275,92.791844,92.953514,18582500
2018-10-29,92.832231,92.977736,92.363386,92.743317,7679900
2018-10-30,92.363359,92.589699,92.169348,92.282524,9939500
2018-10-31,91.943055,92.120896,91.514625,91.813721,8706400
2018-11-01,91.445003,92.020332,91.436898,91.898788,6100200
2018-11-02,91.704295,91.777227,90.675187,90.756218,11314800
2018-11-05,91.145168,91.331539,91.039823,91.112755,4760200
2018-11-06,91.242386,91.347732,91.023601,91.056015,3159900
2018-11-07,91.720465,91.890632,91.088414,91.177544,9313100
2018-11-08,91.534122,91.542227,91.088448,91.169479,6905100
2018-11-09,91.363966,91.971708,91.339657,91.850159,6465300
2018-11-12,92.336361,92.628078,92.303954,92.449806,6840000
2018-11-13,92.141899,92.393097,91.955528,92.393097,6525800
2018-11-14,91.955515,92.798246,91.809656,92.449806,8690800
2018-11-15,92.733402,92.814433,92.117554,92.409271,7879600
2018-11-16,92.538915,93.033213,92.312025,92.944077,9236700
2018-11-19,92.70907,93.203362,92.70907,93.203362,7027200
2018-11-20,93.381622,93.559894,93.130424,93.235764,6332600
2018-11-21,93.098022,93.260084,92.81441,93.203362,4951100
2018-11-23,93.730114,93.803047,93.260125,93.300644,3027900
2018-11-26,93.073754,93.235817,93.008927,93.089958,6599000
2018-11-27,93.033214,93.389758,92.992701,93.195282,5967200
2018-11-28,93.065647,93.2034,92.66859,92.741516,7814000
2018-11-29,93.122382,93.38979,92.854974,93.106178,7295600
2018-11-30,93.43838,93.527516,93.170978,93.45459,9127800
2018-12-03,93.143507,94.118149,93.127266,94.118149,9763800
2018-12-04,94.873497,96.384197,94.727301,95.693825,18100500
2018-12-06,96.27864,96.814691,95.945633,95.99437,15319400
2018-12-07,95.685723,96.27051,95.450183,96.17305,8608400
2018-12-10,96.546649,96.87965,96.197401,96.571014,8777700
2018-12-11,96.62785,96.96085,96.335456,96.554749,8071900
2018-12-12,96.311154,96.424862,96.035001,96.124344,6182200
2018-12-13,96.21364,96.311107,95.823786,95.896881,5564200
2018-12-14,96.286781,96.465461,96.018752,96.229927,8169200
2018-12-17,96.319211,96.895881,96.311094,96.790291,9726800
2018-12-18,96.938477,97.524651,96.832642,97.369965,10018800
2018-12-19,97.785184,99.047089,97.630498,98.656303,23046300
2018-12-20,99.332022,99.348301,98.241084,98.298073,18543700
2018-12-21,98.623725,98.680714,98.013127,98.281792,9945100
2018-12-24,98.615607,98.851706,98.436504,98.770294,8377500
2018-12-26,98.501598,98.827252,97.671188,97.711891,11700400
2018-12-27,98.721427,98.819119,97.679342,97.728188,12146500
2018-12-28,98.02126,98.550446,97.931705,98.550446,9879100
2018-12-31,98.224805,98.96566,98.070118,98.924957,17409000
2019-01-02,99.047108,99.454173,98.78658,99.44603,19841500
2019-01-03,99.560019,100.838204,99.511174,100.577682,21187000
2019-01-04,99.600691,99.779801,99.038945,99.413445,12970200
2019-01-07,99.828665,99.853088,99.014534,99.120369,8498100
2019-01-08,99.071516,99.275049,98.827274,98.85984,7737100
2019-01-09,98.721433,98.859834,98.346934,98.705147,9349200
2019-01-10,98.737724,98.843565,97.972439,98.070137,8222900
2019-01-11,98.371378,98.729591,98.249257,98.452789,5786900
2019-01-14,98.428336,98.517891,97.891007,98.086403,6730500
2019-01-15,98.151533,98.159676,97.654913,97.728188,8997400
2019-01-16,97.361814,98.013121,97.296689,97.825874,6048400
2019-01-17,97.874727,98.127105,97.606062,97.850304,8153400
2019-01-18,97.565373,97.793335,97.199017,97.337418,14106400
2019-01-22,97.94802,98.281816,97.75263,97.996872,8881100
2019-01-23,97.597912,98.200372,97.557209,97.956131,5776800
2019-01-24,98.436458,98.721402,98.273628,98.599281,7121900
2019-01-25,98.175952,98.306215,97.956139,98.127106,6460800
2019-01-28,98.135215,98.460869,98.029381,98.029381,6435800
2019-01-29,98.127117,98.542325,98.013139,98.526039,5750100
2019-01-30,98.379514,98.493498,97.964312,98.452789,10571300
2019-01-31,98.957543,99.470443,98.916834,99.299477,11843400
2019-02-01,99.12403,99.197464,98.601804,98.699722,12024600
2019-02-04,98.275432,98.36519,97.93272,98.259109,8966200
2019-02-05,98.512062,98.920047,98.454945,98.707893,6983300
2019-02-06,99.026146,99.066947,98.512087,98.756874,5184000
2019-02-07,99.107688,99.474878,98.920019,99.409599,8781000
2019-02-08,99.760489,99.931842,99.605453,99.833923,5885400
2019-02-11,99.434099,99.695209,99.344342,99.442261,4352800
2019-02-12,99.270903,99.344337,98.895551,99.189301,7939600
2019-02-13,98.854758,99.050589,98.658927,98.813957,4757700
2019-02-14,99.66258,99.711536,99.205638,99.376991,5868900
2019-02-15,99.189339,99.564684,99.173022,99.532051,5527200
2019-02-19,99.891047,99.988966,99.50754,99.784973,5872800
2019-02-20,99.507545,99.613625,99.213795,99.49939,4455800
2019-02-21,98.789484,98.862925,98.487573,98.60997,7382500
2019-02-22,99.115876,99.507538,99.075075,99.197472,6374600
2019-02-25,98.871062,98.977142,98.66707,98.903702,6293500
2019-02-26,99.328015,99.401449,99.026104,99.393288,6028900
2019-02-27,98.830287,98.838442,98.144869,98.267265,7737300
2019-02-28,98.373333,98.422296,97.67976,97.932709,9533400
2019-03-01,97.575365,97.738901,97.011154,97.027512,13541100
2019-03-04,97.542667,97.935157,97.354595,97.787971,9808500
2019-03-05,97.534495,98.016937,97.526316,97.992401,5595200
2019-03-06,98.057833,98.548448,98.033303,98.352203,7766700
2019-03-07,98.646606,99.153579,98.622076,98.990036,8187200
2019-03-08,99.039076,99.505161,98.818295,99.407036,7517600
2019-03-11,99.267989,99.28434,98.924559,99.112625,5157800
2019-03-12,99.186213,99.946668,99.153504,99.807655,6422300
2019-03-13,99.480615,99.725919,99.447906,99.619621,4386300
2019-03-14,99.505145,99.562383,98.875517,98.900047,8188400
2019-03-15,99.546021,99.717735,99.268008,99.554199,4302000
2019-03-18,99.407009,99.65232,99.366122,99.496956,3893300
2019-03-19,99.014539,99.447922,98.851003,99.276207,5220200
2019-03-20,99.546055,100.453696,99.537883,100.31469,10123700
2019-03-21,100.543625,100.649923,100.363731,100.535446,7182600
2019-03-22,101.565734,102.440666,101.443079,102.097237,13077000
2019-03-25,102.056349,102.980347,101.811045,102.260773,9736300
2019-03-26,101.966444,102.448887,101.901034,102.187225,7502000
2019-03-27,102.555136,103.307413,102.465189,103.127525,14207200
2019-03-28,103.233829,103.593616,103.037585,103.487312,9143200
2019-03-29,102.767749,103.413728,102.735041,103.389198,10841400
2019-04-01,102.674604,102.731968,101.77316,101.92067,16501500
2019-04-02,102.01078,102.223844,101.822293,102.109116,9725000
2019-04-03,101.297856,101.510927,101.101179,101.224098,10407000
2019-04-04,101.289658,101.527312,101.158542,101.510925,7503400
2019-04-05,101.306054,101.756773,101.273274,101.642044,6321800
2019-04-08,101.478139,101.576475,101.224092,101.281456,4446400
2019-04-09,101.797713,101.896049,101.428937,101.601036,7020300
2019-04-10,101.838666,102.04354,101.699353,101.846863,7519900
2019-04-11,101.560079,101.63383,101.133944,101.248672,8679300
2019-04-12,100.707794,100.847107,100.494723,100.527504,7005500
2019-04-15,100.617675,100.789769,100.568507,100.781578,3070000
2019-04-16,100.396341,100.494676,100.093125,100.15049,8927300
2019-04-17,100.084967,100.445547,100.06858,100.191505,6118500
2019-04-18,100.642246,100.8799,100.617662,100.716003,27589400
2019-04-22,100.36362,100.445569,100.175134,100.232498,6241200
2019-04-23,100.478337,100.552089,100.298047,100.445557,6239700
2019-04-24,100.888086,101.28144,100.871692,101.265053,7302000
2019-04-25,101.199471,101.30601,100.879869,101.117523,5380900
2019-04-26,101.601058,101.633832,101.322426,101.461739,5950700
2019-04-29,100.986415,101.084751,100.675003,100.814316,10246000
2019-04-30,100.756969,101.404371,100.740582,101.33062,7957400
2019-05-01,101.576142,102.200261,101.502229,101.748596,14371900
2019-05-02,101.567959,101.674715,101.042381,101.264107,6612800
2019-05-03,101.551491,101.732153,101.313338,101.551491,6191700
2019-05-06,102.085317,102.142802,101.773257,101.830742,4482500
2019-05-07,102.265999,102.766942,102.15103,102.610909,8984900
2019-05-08,102.775155,102.898339,102.077123,102.167458,6907600
2019-05-09,102.74226,102.898293,102.085286,102.586227,9411900
2019-05-10,102.561587,103.021465,102.31522,102.446617,6037800
2019-05-13,102.980432,103.415675,102.857248,103.251434,10501600
2019-05-14,103.0708,103.18577,102.816219,102.947617,5690400
2019-05-15,103.645617,103.694888,103.28428,103.579918,9566300
2019-05-16,103.317106,103.333533,103.087166,103.234985,7666400
2019-05-17,103.703089,103.719516,103.218574,103.464935,4747100
2019-05-20,103.571708,103.785219,103.185736,103.251434,6043100
2019-05-21,103.144704,103.243252,102.898343,103.087219,4021800
2019-05-22,103.284281,103.744166,103.243224,103.678467,5675300
2019-05-23,104.204035,105.189491,104.195821,104.844582,9743700
2019-05-24,104.754253,104.934921,104.614648,104.934921,4981900
2019-05-28,105.337305,105.854663,105.18948,105.690422,8098600
2019-05-29,106.487018,106.675894,105.936805,106.010712,13260600
2019-05-30,106.207818,106.946907,105.846481,106.922272,13024800
2019-05-31,107.497142,108.318358,107.423236,108.26088,18933600
2019-06-03,108.548895,109.100237,108.25265,108.985031,17822400
2019-06-04,108.120964,108.425433,107.42973,107.742424,14250000
2019-06-05,107.405073,107.758915,107.075905,107.133514,8815200
2019-06-06,107.775348,108.285543,107.240467,107.479103,9621100
2019-06-07,108.450116,108.68054,108.162109,108.408981,11378500
2019-06-10,107.536727,107.553189,107.240495,107.388611,8288700
2019-06-11,107.32274,107.602523,107.240457,107.454407,5115100
2019-06-12,107.298077,107.594322,107.224019,107.536713,5278700
2019-06-13,107.635446,108.005749,107.627209,107.907005,5560400
2019-06-14,107.882344,108.384314,107.874107,108.178589,5838800
2019-06-17,108.120948,108.425417,107.906998,108.367821,6046400
2019-06-18,109.231919,109.330663,108.58182,108.910988,10320700
2019-06-19,108.507702,109.215397,108.277291,109.067268,11962500
2019-06-20,109.371778,109.865511,109.108443,109.355316,10721500
2019-06-21,109.042604,109.059066,108.112735,108.15387,14495000
2019-06-24,108.754587,109.059056,108.688753,108.960312,6378800
2019-06-25,109.272978,109.51985,109.215381,109.297676,9604600
2019-06-26,109.182504,109.198966,108.524193,108.598251,12766800
2019-06-27,108.878017,109.519879,108.614695,109.363525,9724200
2019-06-28,109.100203,109.511654,108.993222,109.289467,8149200
2019-07-01,109.305966,109.454373,108.497932,109.033875,14131200
2019-07-02,109.305943,109.982038,109.215246,109.874847,10494300
2019-07-03,110.089248,110.724115,110.080994,110.658165,5380300
2019-07-05,109.281234,109.289487,108.56391,109.190536,12180100
2019-07-08,109.701778,109.841944,109.338989,109.338989,6490000
2019-07-09,109.396652,109.421399,108.967913,109.297714,6215700
2019-07-10,109.124552,109.198755,108.43195,108.695801,9470000
2019-07-11,108.267042,108.349499,106.989042,107.244652,14126800
2019-07-12,107.120975,107.557967,106.923087,107.368332,6992000
2019-07-15,107.557981,108.052695,107.557981,107.986732,6055500
2019-07-16,107.327122,107.68167,107.153981,107.665176,6172700
2019-07-17,108.060976,108.852516,108.052735,108.827782,9662200
2019-07-18,108.398999,109.099842,108.209364,108.835991,5724900
2019-07-19,108.497919,108.778251,108.431956,108.580376,5804800
2019-07-22,109.223545,109.240038,108.621652,108.786552,5204100
2019-07-23,108.506191,108.621622,107.986742,108.192871,8108900
2019-07-24,108.506194,108.753539,108.399004,108.662842,6389700
2019-07-25,108.217613,108.349539,107.607467,108.14341,8893100
2019-07-26,108.588637,108.6546,108.217608,108.399002,6188400
2019-07-29,108.687594,108.794773,108.341287,108.431984,6231800
2019-07-30,108.835967,108.918423,108.365987,108.695801,5678500
2019-07-31,108.588619,109.932582,108.555644,109.569794,15798700
2019-08-01,110.200972,111.853284,110.093568,111.74588,26664800
2019-08-02,112.076377,112.778603,111.861569,112.778603,15143100
2019-08-05,114.125242,114.744859,113.72869,114.728333,18543000
2019-08-06,114.174768,115.645325,114.08389,115.645325,12747400
2019-08-07,117.64467,118.189937,115.480145,115.686684,32582000
2019-08-08,114.951381,116.017117,113.993037,115.934509,14746000
2019-08-09,116.215414,116.942436,115.554487,115.703201,10626000
2019-08-12,117.082852,118.495572,116.909354,118.115547,14094300
2019-08-13,118.809567,118.892188,117.272915,117.710777,15974900
2019-08-14,119.924832,120.395734,119.553064,120.362694,15068900
2019-08-15,120.57753,122.766852,120.271856,121.701103,23588700
2019-08-16,120.66842,121.040188,119.660508,120.726257,17150500
2019-08-19,118.611321,119.511829,118.561741,118.999603,13614700
2019-08-20,120.024014,120.304904,119.660503,120.230553,7451500
2019-08-21,119.561326,120.445307,119.206072,119.429138,9372000
2019-08-22,118.966512,119.544819,118.536908,118.636055,13878800
2019-08-23,118.569976,120.841907,118.495613,120.5858,16191800
2019-08-26,120.511421,120.858405,120.032249,120.098343,12174500
2019-08-27,121.139352,122.03986,121.015421,121.948982,11332300
2019-08-28,122.915549,123.014683,121.990257,122.105919,10095900
2019-08-29,121.651522,121.725873,120.726231,121.643265,8884900
2019-08-30,121.122731,121.841483,120.916192,121.676254,13550800
2019-09-03,121.734212,123.041848,121.30386,121.833534,15660800
2019-09-04,121.270736,122.172836,121.229353,122.015587,7962200
2019-09-05,120.550772,120.666637,119.085885,119.805908,19382900
2019-09-06,120.219674,120.856943,120.070709,120.65831,9466400
2019-09-09,119.036196,119.17689,118.506522,118.514793,15862700
2019-09-10,118.216849,118.589274,116.41265,116.437477,13851400
2019-09-11,116.197494,116.818207,116.189223,116.230606,10941700
2019-09-12,117.107841,117.356128,115.088452,115.469162,19163300
2019-09-13,114.442943,114.798825,113.002884,113.002884,18922200
2019-09-16,114.111913,114.682971,113.59051,114.442955,10971600
2019-09-17,114.509135,115.535385,114.227748,115.063637,9081200
2019-09-18,115.80847,116.412639,115.477428,115.55191,10984600
2019-09-19,116.495414,116.685775,115.841602,115.899529,13176200
2019-09-20,116.503744,117.505154,116.230629,117.430672,11519800
2019-09-23,117.720253,118.481659,117.273332,117.405754,15246700
2019-09-24,117.869224,119.052723,117.860953,118.820992,12421600
2019-09-25,118.564437,118.804453,116.809893,117.083008,14147100
2019-09-26,117.745136,118.341021,117.438909,117.836174,9636500
2019-09-27,117.786548,118.332767,117.637571,118.125862,10386900
2019-09-30,117.422343,118.423753,117.389232,118.415482,8006900
2019-10-01,117.113848,119.310881,117.014365,118.77198,16613700
2019-10-02,118.937825,119.609366,118.755429,119.06218,12891500
2019-10-03,119.3689,120.770023,119.319158,120.148224,13470500
2019-10-04,120.504836,121.068596,120.380469,121.035439,11516200
2019-10-07,120.347215,120.653965,119.974137,120.032166,11013900
2019-10-08,120.894407,120.985592,119.899518,120.355507,14529700
2019-10-09,119.882903,119.891189,119.219648,119.675636,8608800
2019-10-10,118.655935,118.705677,117.503534,117.893196,15054200
2019-10-11,116.881749,116.981246,115.828844,116.434059,26294000
2019-10-14,117.296243,117.321114,116.964622,117.279671,5936900
2019-10-15,116.6247,116.856838,115.696151,115.861961,11832300
2019-10-16,115.770815,116.119021,115.530391,116.002953,7729500
2019-10-17,115.671251,116.384248,115.488856,115.720993,6219300
2019-10-18,115.911675,116.259881,115.61321,115.720993,6456100
2019-10-21,114.883641,115.231847,114.601749,114.850471,8038000
2019-10-22,115.555203,115.679558,114.94169,115.522034,6683300
2019-10-23,116.094134,116.326272,115.538662,115.638145,5995400
2019-10-24,115.803878,116.268165,115.26499,115.40593,6161700
2019-10-25,115.679592,115.696176,114.66813,114.842239,5669800
2019-10-28,114.062938,114.062938,113.573792,113.79763,11402100
2019-10-29,114.096023,114.19552,113.722946,113.872185,5296600
2019-10-30,114.220438,115.613263,114.220438,115.538651,10914100
2019-10-31,116.46723,117.462107,116.425774,117.097328,15834100
2019-11-01,116.878033,117.326516,116.097349,116.736847,11425500
2019-11-04,115.416345,115.557531,115.050918,115.200417,11124300
2019-11-05,113.96295,114.145664,113.555994,113.904808,13493000
2019-11-06,114.627321,114.95122,114.062566,114.594093,9351900
2019-11-07,113.240415,113.248716,111.662433,112.51786,19209800
2019-11-08,112.243748,112.908161,111.936463,112.044434,10222900
2019-11-11,112.434785,112.443086,111.820201,112.119186,4577000
2019-11-12,112.351731,112.908173,111.944775,112.634102,5772900
2019-11-13,113.622432,113.747016,113.090904,113.364975,6672400
2019-11-14,114.444669,114.976197,114.336698,114.536026,10213300
2019-11-15,114.178865,114.74362,114.137337,114.411407,4657600
2019-11-18,114.785139,115.117339,114.552584,114.619026,5943900
2019-11-19,114.918023,115.640577,114.918023,115.574135,7893100
2019-11-20,116.196972,116.770027,116.0807,116.770027,7905500
2019-11-21,115.972765,116.338192,115.540895,116.039207,5980900
2019-11-22,116.35481,116.504297,116.005984,116.188698,4664800
2019-11-25,116.520973,116.711988,116.421303,116.529274,4157300
2019-11-26,117.102257,117.359714,117.052429,117.210228,4281100
2019-11-27,116.770025,117.027482,116.620526,116.869682,4095700
2019-11-29,116.786644,116.836473,116.089017,116.620544,6251100
2019-12-02,114.924223,115.36515,114.766152,115.065651,17702200
2019-12-03,116.50489,117.944156,116.413376,117.478271,13062400
2019-12-04,116.754571,116.887684,115.814486,116.305328,8586300
2019-12-05,115.356824,116.005737,115.30691,115.73951,7273800
2019-12-06,114.832681,115.739492,114.691252,115.098907,7931100
2019-12-09,115.631403,115.731232,115.28199,115.348534,4016900
2019-12-10,115.78948,115.930921,115.148895,115.35688,4947600
2019-12-11,115.889286,116.588113,115.831044,116.263657,6256700
2019-12-12,115.797778,115.872649,113.65137,114.350197,14857000
2019-12-13,114.907605,116.147201,114.167179,115.672989,11335100
2019-12-16,115.140541,115.190468,114.333558,114.633057,9156600
2019-12-17,114.982483,115.090626,114.150542,114.474998,6179700
2019-12-18,114.225409,114.350195,113.376826,113.534897,6244700
2019-12-19,113.324929,114.041543,113.12494,113.716568,6591100
2019-12-20,113.433239,113.899869,113.266575,113.866531,5455700
2019-12-23,113.999853,114.13318,113.324905,113.699875,5175000
2019-12-24,113.258256,114.208185,113.233259,114.024864,4667400
2019-12-26,114.083204,114.341517,113.749888,114.29985,5290200
2019-12-27,114.524847,114.68317,114.399848,114.424858,7300500
2019-12-30,113.233253,114.074852,113.041604,114.008202,7979700
2019-12-31,113.499876,113.708194,112.808259,112.891579,10707400
2020-01-02,113.983191,114.599816,113.883202,114.166512,11034100
2020-01-03,115.216432,115.958043,114.891457,115.924706,12366000
2020-01-06,116.399645,116.416314,115.1164,115.266396,11369800
2020-01-07,115.174792,115.38311,114.691493,114.699821,8381200
2020-01-08,114.933095,115.249742,113.591541,113.941513,10621700
2020-01-09,113.32493,114.524843,113.249939,114.341522,7411500
2020-01-10,114.716463,115.383083,114.683138,115.358086,8776000
2020-01-13,114.891491,115.066471,114.483183,115.008148,5966900
2020-01-14,115.14143,115.674736,115.108104,115.599731,13920300
2020-01-15,116.25807,116.458047,115.841434,116.366386,6290500
2020-01-16,116.041356,116.266343,115.608064,115.999702,6798600
2020-01-17,114.641507,115.108137,114.458186,115.008148,9693100
2020-01-21,115.666362,116.366307,115.633037,116.216324,6794900
2020-01-22,116.424652,116.774624,116.316322,116.624641,6317000
2020-01-23,117.36627,117.807903,117.307935,117.441261,9747400
2020-01-24,117.841235,118.782836,117.741247,118.391197,8585000
2020-01-27,119.94941,120.232719,119.574441,120.232719,10935200
2020-01-28,119.932725,120.066051,119.007806,119.291115,10612900
2020-01-29,119.524435,120.574352,119.516094,120.457695,9566800
2020-01-30,120.741013,121.382636,120.232717,120.474373,14711800
2020-01-31,120.965973,121.649261,120.899309,121.574257,14538100
2020-02-03,120.983356,121.659425,120.29059,121.4758,15309000
2020-02-04,120.182079,120.307272,119.405842,119.839867,11388300
2020-02-05,118.771614,119.105471,118.437744,118.529556,10782600
2020-02-06,118.671386,119.255655,118.521154,119.063675,6683100
2020-02-07,120.374084,120.808109,120.081949,120.549355,11374800
2020-02-10,121.108555,121.233748,120.757988,120.883194,6699300
2020-02-11,120.682907,120.791416,120.140385,120.273933,7784100
2020-02-12,119.664658,119.814902,119.347497,119.664658,5595500
2020-02-13,119.723026,120.35736,119.581136,120.123657,7883400
2020-02-14,120.824753,121.091849,120.566012,120.649483,7137400
2020-02-18,121.308871,121.901482,120.958317,121.4758,6909200
2020-02-19,121.125195,121.542523,121.008344,121.467407,5707700
2020-02-20,121.926494,122.644298,121.85972,122.418938,9332900
2020-02-21,123.362145,124.263575,123.236939,123.562454,13860300
2020-02-24,125.891138,125.999647,125.198372,125.407036,15929300
2020-02-25,125.373637,126.667344,125.315205,126.074745,20802900
2020-02-26,125.156637,126.633981,124.847818,125.407036,22589500
2020-02-27,127.451944,127.769117,125.891141,126.767532,30687900
2020-02-28,128.912597,130.18962,128.670552,129.630402,44935200
2020-03-02,129.813475,130.816539,128.5262,128.676666,28152400
2020-03-03,128.567906,133.491285,127.355871,130.674347,38608000
2020-03-04,130.741239,131.526975,128.885566,129.286789,23463700
2020-03-05,131.343151,132.755804,131.075661,132.505035,17786200
2020-03-06,139.844128,141.54098,137.177642,139.401108,76288300
2020-03-09,149.707541,150.209066,142.385154,143.179245,41552800
2020-03-10,141.800114,144.550181,135.439002,135.840225,37728300
2020-03-11,138.281,139.618426,130.089304,130.841599,29519300
2020-03-12,136.676105,139.058392,130.114388,131.65242,24361800
2020-03-13,129.562706,132.237546,127.213862,128.676666,19812900
2020-03-16,134.059783,138.882849,131.911543,137.010468,30496700
2020-03-17,136.667789,138.448236,127.648556,127.874237,18570900
2020-03-18,127.757152,128.843809,116.196816,120.660469,47061000
2020-03-19,122.833831,128.267107,121.412823,123.945564,21175300
2020-03-20,128.14164,133.265625,127.146931,133.265625,20863100
2020-03-23,131.652411,139.334227,130.875041,138.757462,19971800
2020-03-24,134.786968,138.297696,134.084825,136.174545,11948600
2020-03-25,136.742919,139.32581,135.096219,135.865234,10750600
2020-03-26,137.085671,138.489957,135.639588,136.533981,10576200
2020-03-27,138.356267,140.638239,137.578884,140.178497,12550000
2020-03-30,140.68005,142.193006,138.707352,139.024994,13473200
2020-03-31,138.506664,139.526448,137.553752,137.896469,11464800
2020-04-01,141.033958,141.435773,139.292796,139.828537,11334700
2020-04-02,141.326881,141.653348,140.012635,140.715805,5771200
2020-04-03,141.092578,142.582608,140.749365,141.05072,6570800
2020-04-06,139.795023,140.858138,139.401587,140.682343,9434800
2020-04-07,138.08737,139.309523,137.041,139.209076,13811400
2020-04-08,138.212928,139.116993,137.392577,138.196182,10147100
2020-04-09,137.518149,138.78216,137.099601,138.447327,14259100
2020-04-13,137.911527,138.715145,137.183258,137.183258,8750300
2020-04-14,137.149887,137.903282,136.848532,137.149887,9019100
2020-04-15,139.627577,141.134352,139.577353,140.782761,10027800
2020-04-16,141.686846,142.574179,141.485952,142.381638,8265400
2020-04-17,142.15567,143.009499,140.021072,140.473099,8612100
2020-04-20,141.000439,141.711963,140.598637,141.603149,6462600
2020-04-21,143.921864,144.106027,142.959209,143.386124,7850700
2020-04-22,142.281192,142.632771,141.226456,141.921234,6230200
2020-04-23,142.197562,143.084882,141.979922,142.674713,5968600
2020-04-24,141.979821,143.009445,141.946343,143.009445,6211800
2020-04-27,142.021711,142.097047,140.163357,140.347519,9039500
2020-04-28,141.0925,142.180727,141.008785,141.963074,9905400
2020-04-29,141.912929,142.524006,140.598695,141.226517,8619600
2020-04-30,141.251631,141.6618,139.552326,139.577438,11606100
2020-05-01,140.395404,140.906695,139.506934,140.772583,10209400
2020-05-04,140.445741,140.546319,139.540503,140.110474,8300900
2020-05-05,138.777778,139.364502,138.526321,139.213623,7831800
2020-05-06,136.816421,137.160079,135.827373,136.9673,14721500
2020-05-07,137.093028,139.448317,136.908627,139.255539,9164800
2020-05-08,137.872595,138.635331,137.193657,137.445114,8129800
2020-05-11,137.176822,137.646202,135.869261,136.372162,8713500
2020-05-12,136.757643,138.241215,136.732499,137.771835,10057300
2020-05-13,138.375385,139.3812,138.157462,138.735809,13305600
2020-05-14,140.244568,140.940248,140.018256,140.093689,10080000
2020-05-15,141.066044,141.2253,139.414824,139.733337,7225600
2020-05-18,138.241347,138.350314,136.137514,136.665573,10073100
2020-05-19,136.221277,137.210325,136.187743,137.176804,8639100
2020-05-20,136.76611,138.048527,136.523043,137.587524,10927300
2020-05-21,138.182671,138.601761,137.704901,137.931213,8920000
2020-05-22,138.065279,138.869926,137.973078,138.760971,4956700
2020-05-26,137.218705,137.285749,136.606824,136.900192,8098900
2020-05-27,136.447605,137.386377,136.279971,136.648773,8047400
2020-05-28,135.751895,136.263186,135.500438,136.145828,10272600
2020-05-29,136.380633,137.537316,136.078887,137.118225,14632700
2020-06-01,136.043901,136.329246,135.683013,136.194962,13341400
2020-06-02,135.683025,136.035512,135.330538,135.699814,11517100
2020-06-03,134.432542,134.558438,133.391868,133.895416,12255700
2020-06-04,133.375076,133.450606,131.923161,131.956726,14038600
2020-06-05,129.75785,131.058704,128.540927,131.016739,17778500
2020-06-08,130.14391,131.63779,130.127121,131.520294,10346700
2020-06-09,133.484235,133.979395,132.85479,133.014252,9095300
2020-06-10,133.643613,135.036773,133.484152,134.98642,13135500
2020-06-11,137.008998,137.831468,136.488661,137.537735,17086400
2020-06-12,136.304172,137.353247,136.002038,136.211853,9716100
2020-06-15,137.546197,137.823154,136.077493,136.287308,7759800
2020-06-16,133.786281,135.313726,133.190402,134.19751,13698900
2020-06-17,134.50804,134.927669,133.727522,134.751419,7113900
2020-06-18,135.993585,136.362861,135.632709,136.178223,7691400
2020-06-19,135.120738,136.379627,135.045208,136.287308,8565500
2020-06-22,136.958729,137.151755,136.018763,136.304108,9319700
2020-06-23,135.523558,136.01033,135.221424,135.372498,9088600
2020-06-24,135.565483,136.874725,135.557095,136.824371,11436500
2020-06-25,137.814767,137.932263,137.134956,137.218887,10968000
2020-06-26,137.848347,138.746361,137.789593,138.687607,12119300
2020-06-29,138.35191,138.704397,137.957457,138.25119,7274400
2020-06-30,138.670797,138.721151,137.202094,137.579758,14841700
2020-07-01,136.800043,137.430225,136.245479,137.312592,13181000
2020-07-02,136.707598,137.581458,136.321093,137.455414,7599800
2020-07-06,136.396716,136.976486,135.909373,136.892456,7972700
2020-07-07,137.312547,138.925812,137.127692,138.816589,12791900
2020-07-08,138.068878,138.573017,137.657154,138.262131,7253900
2020-07-09,138.354449,140.698722,138.304037,140.463455,13373100
2020-07-10,141.118911,141.337383,139.614881,139.757721,8478000
2020-07-13,139.060248,140.287009,138.833379,140.219788,8054000
2020-07-14,141.102058,141.278515,140.303829,140.421463,11344600
2020-07-15,139.413152,140.278601,139.337533,139.766052,7840300
2020-07-16,140.656712,140.967611,140.354224,140.429855,9107400
2020-07-17,140.547481,140.656704,139.875284,140.135757,8549900
2020-07-20,140.749187,140.841615,140.152622,140.480316,6907200
2020-07-21,140.572726,140.925627,140.387872,140.564316,8454400
2020-07-22,141.379306,141.547364,140.900374,140.98439,6592100
2020-07-23,141.933868,142.740507,141.564159,142.631271,10471800
2020-07-24,142.009568,142.774193,141.891935,142.622955,7520700
2020-07-27,143.051398,143.093413,141.992696,142.093521,6146400
2020-07-28,142.454815,143.127012,142.362387,143.076599,8520700
2020-07-29,142.883359,143.169039,141.984293,142.832947,6733700
2020-07-30,143.723666,143.90011,143.47159,143.774078,9376100
2020-07-31,142.967383,144.068112,142.790939,143.681595,8886000
2020-08-03,142.360962,142.991845,142.13384,142.958191,9066200
2020-08-04,143.698431,144.329315,143.605901,144.320908,9878900
2020-08-05,143.050708,143.471297,142.739476,143.059128,6954100
2020-08-06,144.161009,144.89283,143.521706,143.858185,9481800
2020-08-07,144.076982,144.262042,142.646982,142.899338,8176900
2020-08-10,143.185357,143.210591,142.218007,142.260056,6408500
2020-08-11,140.619652,140.888835,139.534539,140.569183,19234200
2020-08-12,139.38321,139.694455,138.785981,139.29068,11744800
2020-08-13,139.055105,139.282226,137.254985,137.801758,12744700
2020-08-14,137.793359,138.079356,137.246598,137.263412,6398100
2020-08-17,137.927974,138.340156,137.473731,137.608322,6901500
2020-08-18,138.255987,138.684983,138.028865,138.592453,8140600
2020-08-19,139.105575,139.307462,137.364343,137.726044,12497700
2020-08-20,139.122414,139.341116,138.735467,138.971008,10319900
2020-08-21,139.442072,139.913129,138.802768,139.803772,6836000
2020-08-24,139.904671,140.451431,139.517723,139.576599,6490600
2020-08-25,138.247614,138.870077,137.810198,138.508377,10518300
2020-08-26,137.995251,138.23078,137.347541,137.978424,8276600
2020-08-27,138.592452,138.642934,135.56422,135.631516,19860100
2020-08-28,136.077321,136.31285,135.126786,135.530548,8415400
2020-08-31,135.934357,137.322295,135.900703,136.430649,11388100
2020-09-01,136.2226,138.167926,135.734164,137.991074,10587000
2020-09-02,137.696372,139.422738,137.679539,139.30484,15167700
2020-09-03,139.582725,140.837501,139.321668,139.700623,16416600
2020-09-04,138.454311,138.698523,136.803734,137.047958,13780300
2020-09-08,138.420577,139.17007,137.890045,137.890045,13790400
2020-09-09,138.058447,138.319504,137.064729,137.519485,9558900
2020-09-10,136.812093,138.403714,136.382599,138.218445,8847700
2020-09-11,138.370023,138.588985,138.176338,138.513184,5458200
2020-09-14,138.774281,139.018505,138.302691,138.504807,4274900
2020-09-15,138.252189,138.50483,137.932176,138.167984,6928500
2020-09-16,138.765877,138.858511,137.250043,137.755325,8815200
2020-09-17,138.866869,138.917407,137.940536,138.176331,7813900
2020-09-18,138.252156,138.311111,137.553189,137.746887,7246300
2020-09-21,138.858448,139.287929,138.226852,138.445801,11086900
2020-09-22,138.479571,138.850109,137.999552,138.336411,10524100
2020-09-23,138.361615,138.555301,137.671064,138.521622,6224800
2020-09-24,138.917485,139.052216,138.631151,139.052216,8278100
2020-09-25,139.043799,139.304857,138.706953,139.052216,5140300
2020-09-28,138.841748,138.867011,138.420684,138.656479,4470100
2020-09-29,138.782696,139.153235,138.580581,138.816376,10297600
2020-09-30,138.108973,138.108973,136.88789,137.485794,12971000
2020-10-01,136.996121,138.033022,136.6505,137.712677,11523900
2020-10-02,137.923361,137.973939,136.717863,137.19838,8828800
2020-10-05,135.680956,135.680956,134.475471,134.517624,14726000
2020-10-06,134.315322,136.068765,133.767363,135.242615,22419400
2020-10-07,134.509235,135.234217,133.919137,134.256332,9429200
2020-10-08,134.854848,135.090887,134.59352,134.981293,8431500
2020-10-09,134.475505,135.107756,133.876969,134.956009,8441500
2020-10-12,135.242634,135.453385,134.972881,135.385956,3962000
2020-10-13,135.900147,136.422804,135.874845,136.355362,7914300
2020-10-14,136.844364,137.198423,136.540883,136.667328,6954800
2020-10-15,137.442827,137.569285,136.262631,136.431229,9458800
2020-10-16,136.279478,136.835862,135.8074,136.051865,8416300
2020-10-19,135.30162,135.706256,134.922272,135.537659,9286600
2020-10-20,134.762095,134.88854,133.994961,134.247864,11189000
2020-10-21,133.860077,134.349019,133.506018,133.78421,10453700
2020-10-22,133.438593,133.725223,132.325838,132.39328,12664900
2020-10-23,132.190992,133.371201,132.140414,133.202591,8783800
2020-10-26,134.214126,134.896954,134.045515,134.441727,7227300
2020-10-27,135.073999,135.47021,134.795807,135.343765,6062300
2020-10-28,136.043539,136.11098,135.048791,135.470291,11765800
2020-10-29,135.495443,135.579748,133.590266,134.155075,11932400
2020-10-30,134.062393,134.332159,132.831619,132.831619,13095400
2020-11-02,133.927864,134.341382,133.615623,133.826599,10810500
2020-11-03,133.21053,133.320229,132.526956,133.050186,16228700
2020-11-04,136.40891,136.856179,135.480609,135.936325,21570800
2020-11-05,136.408976,136.493372,135.514438,136.172684,18537500
2020-11-06,134.704236,134.957411,134.130387,134.527023,12408400
2020-11-09,131.623957,131.775854,130.493127,131.699905,23245000
2020-11-10,130.771727,131.48904,130.619817,130.940506,12561000
2020-11-11,130.822293,131.598685,130.780095,131.413025,5888200
2020-11-12,132.442589,133.674684,132.248494,133.649368,15999700
2020-11-13,133.640901,133.759047,133.261146,133.472122,7344600
2020-11-16,133.109261,133.573412,133.007996,133.151459,6310400
2020-11-17,133.986879,134.316002,133.83497,134.02063,7444600
2020-11-18,134.552367,134.662079,133.632513,134.408905,10333300
2020-11-19,134.999611,135.632541,134.889899,135.100876,10637200
2020-11-20,135.472246,136.324587,135.3541,136.299271,7246800
2020-11-23,135.716957,135.860419,135.26124,135.674759,11300000
2020-11-24,135.016502,135.041819,134.189465,134.324493,10891700
2020-11-25,134.392013,134.948994,133.860348,133.91098,9145800
2020-11-27,134.695804,135.252784,134.670487,135.210587,4708200
2020-11-30,135.050259,135.472212,134.822401,135.041824,13071600
2020-12-01,133.937712,134.09822,132.35799,133.050705,13662800
2020-12-02,132.526912,132.56914,131.344232,131.994705,12114300
2020-12-03,132.577618,133.321016,132.273501,133.059128,9626500
2020-12-04,131.521698,131.606167,130.744514,131.107758,12734500
2020-12-07,132.079214,132.526939,131.935592,132.290405,9316100
2020-12-08,133.109909,133.532293,132.797337,132.915604,7397200
2020-12-09,132.248121,132.898595,131.79194,132.476212,7750100
2020-12-10,132.831058,133.718052,132.484701,133.650482,10025100
2020-12-11,134.02217,134.647301,133.743408,134.12355,8135900
2020-12-14,133.042291,134.056009,132.721276,133.751892,7535900
2020-12-15,133.28727,133.802578,132.890228,133.304169,6847500
2020-12-16,132.27348,133.380121,132.112972,132.949295,9954200
2020-12-17,133.722262,134.001328,132.284651,132.597549,9422700
2020-12-18,132.868114,133.08799,132.073203,132.200058,6505000
2020-12-21,132.935838,133.054228,132.301602,132.724426,8988200
2020-12-22,133.240175,133.468503,132.834268,133.409302,7370800
2020-12-23,132.445279,132.504481,131.464338,132.487564,9266600
2020-12-24,132.682039,133.130231,132.639767,133.011841,3117100
2020-12-28,132.242375,133.147211,132.005595,133.071106,7791100
2020-12-29,132.250795,133.011872,132.225427,132.901947,9030900
2020-12-30,132.614495,133.214898,132.496092,133.189529,9097300
2020-12-31,133.155657,133.679954,133.147192,133.383972,7742100
2021-01-04,132.487573,133.764496,132.377634,133.223282,13152900
2021-01-05,132.724333,132.724333,131.633454,132.233856,10458100
2021-01-06,130.077494,130.102862,128.783641,129.519363,22827300
2021-01-07,128.360861,128.682211,127.912668,128.377777,14651900
2021-01-08,128.098696,128.504616,127.405271,127.963402,13622500
2021-01-11,127.692752,127.870343,127.261476,127.751953,8370700
2021-01-12,127.515221,127.82812,126.787964,127.650528,12186300
2021-01-13,128.250861,129.443226,128.174756,129.088043,12533300
2021-01-14,129.028911,129.079648,127.515195,127.87883,14835500
2021-01-15,128.699131,128.84289,128.090264,128.386246,11624700
2021-01-19,128.217023,128.842807,128.124002,128.800522,9575600
2021-01-20,128.529943,128.944302,128.360804,128.927399,5368900
2021-01-21,128.064853,128.327001,127.777336,128.022568,8162700
2021-01-22,128.411582,128.546876,128.047947,128.436951,9507200
2021-01-25,129.181111,129.96757,129.079637,129.950653,8712600
2021-01-26,129.468694,129.891518,129.316471,129.705475,7690300
2021-01-27,130.288914,130.652536,129.832257,130.035217,7895200
2021-01-28,129.722329,129.773078,128.673734,129.316422,10667800
2021-01-29,128.047975,128.952824,127.946501,128.538452,14965900
2021-02-01,128.399573,128.99221,128.255648,128.687424,8165500
2021-02-02,127.620619,127.916931,127.43436,127.857674,9177500
2021-02-03,127.358253,127.493716,126.638627,126.723282,9633100
2021-02-04,126.282999,126.562388,125.978212,126.38459,8262600
2021-02-05,126.232176,126.630092,125.317817,125.326279,10258900
2021-02-08,125.554969,126.367724,125.334837,125.876678,11574800
2021-02-09,126.333791,126.714771,125.859681,125.969734,5218300
2021-02-10,126.384631,126.807945,126.266104,126.807945,8079800
2021-02-11,126.723215,126.816345,125.935858,126.113655,11962700
2021-02-12,125.046932,125.368654,124.479693,124.547424,14088400
2021-02-16,122.947265,123.319783,122.473155,122.65094,17789100
2021-02-17,123.565311,123.929368,122.744081,123.429848,11199100
2021-02-18,122.430814,123.26898,122.185297,122.930321,10755300
2021-02-19,121.965179,122.18531,120.940767,121.296349,12741700
2021-02-22,121.093174,121.694285,119.984094,120.373535,13203900
2021-02-23,119.814733,120.644425,119.493011,120.02639,12658500
2021-02-24,117.977577,119.526895,117.816716,119.239044,17363100
2021-02-25,118.121537,118.460183,115.657846,117.291832,52621700
2021-02-26,119.179812,121.32178,118.256978,121.16938,45423300
2021-03-01,119.229993,119.865728,118.746828,119.569046,22048000
2021-03-02,119.009557,119.628348,118.916316,119.577492,12482200
2021-03-03,118.144988,118.797666,117.619438,118.280602,19763700
2021-03-04,118.356952,118.61972,116.941383,117.517776,22366600
2021-03-05,117.119364,118.11111,116.966794,117.746628,20598000
2021-03-08,117.678801,117.738129,116.831154,116.831154,15236600
2021-03-09,118.051762,118.51797,117.797466,118.450157,14463400
2021-03-10,118.501009,118.797678,118.060229,118.687492,12387600
2021-03-11,117.966994,118.145006,117.365172,117.831367,14150700
2021-03-12,115.619007,115.669877,114.983272,115.330811,20402700
2021-03-15,115.695294,116.203874,115.62748,116.008919,11366500
2021-03-16,116.144536,116.229293,115.068022,115.542702,15567900
2021-03-17,114.559453,114.881563,113.711807,114.678123,27107500
2021-03-18,112.999788,113.983062,112.898075,113.516853,21615100
2021-03-19,113.652446,114.288181,113.415106,114.220367,18685000
2021-03-22,115.017161,115.627468,114.745908,115.500313,17047500
2021-03-23,115.779988,116.585249,115.407021,116.542877,16768400
2021-03-24,116.178414,117.212543,116.085172,117.170158,13863000
2021-03-25,117.305828,117.534696,116.203884,116.246269,20782000
2021-03-26,115.635931,116.331007,115.466404,115.839371,8433300
2021-03-29,115.983466,116.000422,114.406843,114.856094,13968100
2021-03-30,114.686593,115.712238,114.440768,115.457954,15020800
2021-03-31,115.568149,115.78006,114.415349,114.813744,19271300
2021-04-01,115.904445,116.812661,115.692244,116.719292,14885900
2021-04-05,115.904413,116.26091,115.386641,116.209984,8243000
2021-04-06,116.422238,117.118252,116.29491,116.99942,9282400
2021-04-07,116.668406,117.220138,116.184593,116.184593,11052700
2021-04-08,116.617399,117.194593,116.591935,117.143654,7847900
2021-04-09,116.710808,117.296486,116.362795,116.719292,8717800
2021-04-12,116.676839,116.736249,116.371268,116.668343,7659000
2021-04-13,116.541101,117.56815,116.456215,117.542686,13232800
2021-04-14,117.160691,117.338946,116.770247,117.169174,7293200
2021-04-15,118.39997,119.664683,118.374507,119.129944,23896700
2021-04-16,118.06889,118.603629,117.924582,118.204689,15238400
2021-04-19,117.763328,118.247141,117.602053,117.865181,13886800
2021-04-20,117.517145,118.629079,117.500166,118.408394,11476500
2021-04-21,118.442339,118.756406,118.043412,118.646057,11902200
2021-04-22,118.832846,119.163879,118.153798,119.163879,14156400
2021-04-23,119.155383,119.231772,118.399946,118.883759,12302200
2021-04-26,118.960137,119.265708,118.705506,118.713989,9103500
2021-04-27,118.484861,118.680095,117.585128,117.678497,14137300
2021-04-28,117.686954,117.890672,117.101289,117.75486,15263700
2021-04-29,116.668352,117.440769,116.396741,117.406822,17178200
2021-04-30,117.568148,117.754887,117.118282,117.678497,15692000
2021-05-03,117.902034,118.70958,117.545014,117.749031,16447700
2021-05-04,118.573535,119.143067,118.293017,118.548035,18639700
2021-05-05,118.182517,118.879564,118.089011,118.743553,11127900
2021-05-06,118.369524,119.168574,118.327019,118.939056,21907600
2021-05-07,119.092115,119.51714,118.080552,118.352562,18346900
2021-05-10,118.114525,118.369543,117.043466,117.153976,15146200
2021-05-11,116.652501,116.865014,116.261485,116.49099,15158600
2021-05-12,116.176416,116.286927,115.062852,115.266869,20859400
2021-05-13,115.547368,115.921392,115.292363,115.445366,13073900
2021-05-14,116.057387,116.524918,115.793874,116.524918,17566700
2021-05-17,116.312421,116.601435,116.091413,116.278412,6113800
2021-05-18,115.946894,116.091414,115.666389,115.980904,11423100
2021-05-19,116.065871,116.711918,115.283826,115.700356,14296000
2021-05-20,116.25291,116.873457,116.176409,116.652435,13310500
2021-05-21,117.018016,117.052013,116.507981,117.026512,10171600
2021-05-24,117.298477,117.800004,117.213467,117.459976,6868700
2021-05-25,117.842491,118.582031,117.833982,118.548035,12346900
2021-05-26,118.65857,118.930592,118.055041,118.344055,9793700
2021-05-27,117.732031,117.893542,117.29851,117.868042,10695200
2021-05-28,117.800014,118.412051,117.595997,117.681007,10258000
2021-06-01,117.322636,117.697186,116.837403,117.654633,11778500
2021-06-02,117.944046,118.148344,117.748257,117.927017,7347900
2021-06-03,117.909989,117.909989,117.348158,117.484352,10994000
2021-06-04,117.918505,119.093254,117.918505,119.093254,15773700
2021-06-07,118.829367,118.931529,118.599533,118.727219,7799800
2021-06-08,119.740259,119.740259,119.357188,119.561485,11230900
2021-06-09,120.676633,121.008629,120.242487,120.61705,12768300
2021-06-10,119.884965,121.357666,119.757266,121.340637,19698300
2021-06-11,121.144821,121.221433,120.744721,121.144821,8646700
2021-06-14,120.966083,120.966083,120.038184,120.216957,9401300
2021-06-15,119.859401,120.106265,119.586987,120.07222,18207300
2021-06-16,120.370208,120.600056,119.357202,119.970108,19676300
2021-06-17,120.761753,123.375158,120.574472,121.766251,35225800
2021-06-18,122.821823,124.32006,122.685616,124.056168,26616900
2021-06-21,122.915479,123.000612,121.749238,121.979073,16485000
2021-06-22,121.025642,122.311061,120.983075,122.277016,14530200
2021-06-23,121.825837,122.157833,121.485332,121.962044,12040900
2021-06-24,122.089764,122.498372,122.013152,122.157867,8788400
2021-06-25,121.953566,122.072744,120.344658,120.889473,15562200
2021-06-28,121.493899,122.413277,121.47687,122.132355,11460700
2021-06-29,121.817354,122.34514,121.766267,122.336632,11217900
2021-06-30,122.796276,123.375136,122.643053,122.881409,15708900
2021-07-01,122.726282,123.00757,122.342712,122.888237,10810000
2021-07-02,122.939408,123.629837,122.837126,123.629837,9650200
2021-07-06,124.209445,125.291976,124.209445,125.07888,20037200
2021-07-07,125.786395,126.630248,125.488056,126.187004,20964400
2021-07-08,126.903002,127.380335,126.297803,126.681374,17487800
2021-07-09,125.189672,125.291967,124.865775,124.899864,14483600
2021-07-12,125.377219,125.496552,124.593027,124.73793,10610400
2021-07-13,125.147077,125.692602,123.288872,123.783257,23340200
2021-07-14,124.456661,125.232334,124.286187,125.189713,16038600
2021-07-15,126.110239,126.664297,125.326047,126.570534,18462400
2021-07-16,125.590303,126.442687,125.573265,126.331886,12787900
2021-07-19,128.667418,129.519802,128.38613,129.102142,40203900
2021-07-20,130.01419,130.167626,127.653081,127.857658,25674800
2021-07-21,126.306293,126.579062,125.019197,126.238113,19988900
2021-07-22,126.246636,127.695687,126.204014,127.43145,18136900
2021-07-23,126.101746,126.715463,126.059124,126.579079,12639300
2021-07-26,127.005261,127.056402,126.050595,126.204018,10737700
2021-07-27,127.286537,127.593395,126.996729,127.550774,13036500
2021-07-28,126.724001,127.576385,126.383052,127.559334,14346700
2021-07-29,126.817719,127.19277,126.604623,126.851822,11532000
2021-07-30,127.11611,127.619014,127.056437,127.44854,14342100
2021-08-02,127.544134,129.063227,127.313706,128.585312,21232700
2021-08-03,128.653534,129.063173,128.346301,128.653534,13361900
2021-08-04,129.293568,129.56667,127.774477,128.91806,18267900
2021-08-05,128.662081,128.798632,128.013484,128.260971,15345400
2021-08-06,126.579745,126.95524,126.042084,126.118889,21144300
2021-08-09,126.434587,126.784493,125.649439,125.666512,12942400
2021-08-10,125.871413,125.939689,125.077723,125.086266,13716900
2021-08-11,124.949705,125.649505,124.352311,125.009438,17227600
2021-08-12,124.676636,124.975339,124.113373,124.804657,14709400
2021-08-13,125.30815,126.784569,125.291078,126.776039,18653800
2021-08-16,127.322179,128.030521,126.997874,127.083221,19170900
2021-08-17,127.057645,127.561162,126.878421,127.032043,14126900
2021-08-18,126.912558,127.561154,126.690659,127.458748,13144000
2021-08-19,128.278043,128.406065,127.851332,128.397522,15474300
2021-08-20,128.516996,128.70475,128.107356,128.482864,12388400
2021-08-23,128.184166,128.440196,127.945209,128.397522,10615000
2021-08-24,127.808657,128.073229,127.399017,127.399017,13835900
2021-08-25,127.339299,127.475837,125.948215,126.340782,16743800
2021-08-26,126.281019,126.793078,125.888439,126.690659,16657400
2021-08-27,126.793051,127.578199,126.588225,127.552597,15384700
2021-08-30,127.151462,127.928067,127.100246,127.885406,10596300
2021-08-31,127.731803,128.090239,126.7333,127.014931,15262400
2021-09-01,127.552501,127.655037,126.885985,127.227783,10807100
2021-09-02,127.526815,127.791711,127.108102,127.783157,9765900
2021-09-03,126.697933,126.903007,126.415944,126.621017,12928000
2021-09-07,125.834838,126.057018,125.322141,125.552849,15547800
2021-09-08,126.176671,126.62956,125.945951,126.407379,14533700
2021-09-09,126.612529,128.082284,126.339093,127.937019,20324600
2021-09-10,127.236283,127.467004,126.603955,126.809029,14894600
2021-09-13,127.355899,127.740438,127.278996,127.578079,15036100
2021-09-14,127.945545,129.517851,127.817374,129.124771,19918400
2021-09-15,129.210189,129.244363,128.116406,128.671844,11940300
2021-09-16,127.894252,128.560767,127.748987,128.082245,13328900
2021-09-17,127.475482,127.6293,127.065322,127.466942,13782900
2021-09-20,128.663325,129.346922,128.372783,129.047852,14660400
2021-09-21,128.782932,128.996559,128.347124,128.936737,10035800
2021-09-22,128.851302,129.705811,128.552232,129.705811,22277800
2021-09-23,128.53508,128.560714,126.757702,126.774796,23853300
2021-09-24,126.330522,126.339075,125.39057,125.535835,20203900
2021-09-27,124.809491,125.501641,124.655686,125.074387,13464300
2021-09-28,123.331193,123.963534,122.74158,123.126106,26613500
2021-09-29,123.732878,124.271209,122.784372,123.339798,23569400
2021-09-30,123.134677,123.485016,122.750138,123.32267,22567600
2021-10-01,123.932647,124.403212,123.376503,124.360443,26151800
2021-10-04,123.778675,124.454601,123.290994,124.043907,28027600
2021-10-05,123.718801,123.804353,122.743425,122.846092,22659200
2021-10-06,123.402241,123.821486,123.231125,123.539139,18696500
2021-10-07,122.512401,122.640735,121.99904,122.247169,14856000
2021-10-08,121.716695,121.793709,121.092116,121.391579,17257800
2021-10-11,121.151999,121.408666,121.023652,121.083549,7213400
2021-10-12,122.033243,123.213953,121.904896,123.154068,17968700
2021-10-13,123.727326,124.514471,123.70166,124.351906,23584600
2021-10-14,124.377611,124.882422,124.018264,124.813972,12946400
2021-10-15,124.061079,124.180862,123.607616,124.086746,11811500
2021-10-18,124.061049,124.916642,123.650367,124.668526,12115900
2021-10-19,123.770129,123.830013,122.905971,122.948753,12156300
2021-10-20,122.563755,122.931654,121.930611,122.118843,12782500
2021-10-21,122.349829,122.478163,121.691018,121.973366,13660000
2021-10-22,122.734848,123.547659,122.529514,123.316658,13740000
2021-10-25,122.923071,123.462099,122.888853,123.128418,8137900
2021-10-26,123.735851,124.146545,122.982938,124.146545,13671000
2021-10-27,125.258837,126.781792,124.856707,126.405342,22092300
2021-10-28,126.448143,126.910171,125.635332,125.977577,17497600
2021-10-29,125.318664,126.627719,125.19033,126.362488,19087300
2021-11-01,124.904512,125.726921,124.818839,125.452789,18035500
2021-11-02,125.504142,126.4208,125.504142,126.009583,9836700
2021-11-03,126.634974,126.772033,124.673161,124.707436,20639400
2021-11-04,124.964413,126.240876,124.947288,126.018143,15922400
2021-11-05,127.234688,128.142771,126.900582,127.902901,21513000
2021-11-08,127.611626,127.885758,127.226108,127.663025,12083800
2021-11-09,129.187924,130.018909,129.050852,129.324997,23430200
2021-11-10,129.213561,129.299222,125.958162,126.96048,28170600
2021-11-11,127.226113,127.354624,126.694973,126.772072,5552500
2021-11-12,126.789194,127.226098,125.726902,126.215218,12712000
2021-11-15,125.838245,125.898219,124.407585,124.630318,15232700
2021-11-16,124.810256,125.401369,124.090644,124.313377,12998700
2021-11-17,123.850769,125.324253,123.756533,125.298553,14239900
2021-11-18,125.067233,125.846805,125.032958,125.769707,11054600
2021-11-19,126.429375,127.303196,126.429375,127.097588,14022100
2021-11-22,126.275161,126.48077,125.187182,125.606949,15266000
2021-11-23,125.015853,125.170063,123.790802,123.790802,15318500
2021-11-24,124.167728,125.778297,124.039218,125.778297,13769700
2021-11-26,127.500259,129.085117,127.363187,128.956619,20064800
2021-11-29,127.054808,128.194199,126.934872,127.920067,23234200
2021-11-30,129.213595,130.275887,128.716717,129.86467,31481100
2021-12-01,129.079004,130.725834,128.478586,130.665787,30826500
2021-12-02,131.171851,131.223325,129.310589,130.828766,17754200
2021-12-03,130.099665,133.05024,129.816627,132.389801,34427100
2021-12-06,132.132445,132.389765,130.314061,130.571381,30924200
2021-12-07,130.134043,130.828798,129.396399,129.516479,22115900
2021-12-08,129.061855,129.070428,127.252056,127.277786,33633900
2021-12-09,128.092593,128.521455,127.354949,127.98967,17544900
2021-12-10,128.590156,128.864634,127.63808,127.680969,14298700
2021-12-13,128.993243,129.782348,128.924623,129.567917,17860500
2021-12-14,128.976059,129.456383,128.066873,129.259109,14015500
2021-12-15,128.324223,129.336332,127.912519,128.015442,25383900
2021-12-16,127.730357,128.700683,127.71318,128.065247,18677900
2021-12-17,129.095685,129.645247,128.941127,129.516449,18093500
2021-12-20,129.447679,129.67953,128.46019,128.546051,17147300
2021-12-21,127.206577,128.116788,126.760054,128.056686,16598200
2021-12-22,128.571847,128.683481,127.962184,128.649139,12253900
2021-12-23,128.451676,128.460271,127.112119,127.532883,11642500
2021-12-27,127.481293,127.953563,127.361077,127.841942,7821800
2021-12-28,128.460255,128.614813,127.094925,127.335358,9174600
2021-12-29,126.150388,126.49386,125.721043,125.944298,11771200
2021-12-30,126.442314,127.060572,125.755358,127.000458,10355000
2021-12-31,126.923167,127.970771,126.59686,127.249474,13402300
2022-01-03,125.721004,126.176109,123.891987,123.909164,33860400
2022-01-04,123.316665,123.763188,122.569607,123.393944,21996400
2022-01-05,123.771787,123.788964,122.543864,122.724182,20911700
2022-01-06,122.440819,123.170712,122.183209,123.041901,18996400
2022-01-07,122.904534,122.99899,121.556382,122.157463,18756800
2022-01-10,121.633681,122.629766,121.384666,122.458031,13775800
2022-01-11,122.689854,123.333873,122.535283,123.273758,24388700
2022-01-12,123.56568,123.660136,122.792863,122.801445,14440600
2022-01-13,123.127733,124.012184,122.818604,123.891968,15166000
2022-01-14,123.153531,123.187886,121.75386,122.020065,22997500
2022-01-18,121.041118,121.341652,120.233946,120.302643,21171700
2022-01-19,120.671889,121.685152,120.482976,121.13559,17930500
2022-01-20,121.3932,121.925597,121.152767,121.88266,13959000
2022-01-21,123.136361,123.737456,122.50952,123.33387,28916600
2022-01-24,123.909125,123.969227,122.303364,122.320541,25001600
2022-01-25,122.887312,123.402532,121.762429,122.123077,15599000
2022-01-26,122.157387,122.423592,120.637513,120.646095,23655500
2022-01-27,122.286266,123.110602,122.217569,122.861588,21501800
2022-01-28,122.011479,123.187896,121.805402,122.904526,12826500
2022-01-31,122.088765,122.749962,121.899865,122.269096,13998400
2022-02-01,122.344709,122.413502,121.295646,121.863174,20806100
2022-02-02,122.060983,123.45401,122.043782,122.275955,18404600
2022-02-03,120.762551,121.656828,120.538972,121.321472,17234100
2022-02-04,120.255213,120.504575,119.335128,119.532898,23609800
2022-02-07,119.44694,119.79089,119.13738,119.610321,12962400
2022-02-08,118.845018,119.163172,118.509663,118.810616,16269200
2022-02-09,119.283593,119.842514,118.827853,119.034218,14349100
2022-02-10,118.372079,118.518258,116.807078,117.142433,30896200
2022-02-11,117.692739,119.102953,116.394314,118.879387,43210300
2022-02-14,117.91632,118.440852,116.918848,117.400383,23157400
2022-02-15,116.600713,116.807077,116.033184,116.067574,18198500
2022-02-16,116.901657,117.004853,115.663418,116.755478,16473700
2022-02-17,117.331634,118.294717,116.858694,117.623993,24508200
2022-02-18,118.251693,118.982589,117.942133,118.862206,17522600
2022-02-22,118.39786,119.240545,118.208684,119.171753,19534000
2022-02-23,118.389268,118.53546,117.434806,117.529381,17757800
2022-02-24,119.610328,119.842488,117.159644,117.606789,28150400
2022-02-25,117.684147,118.071094,117.099417,117.692741,15025400
2022-02-28,119.034145,120.418564,118.93957,120.272385,25817700
2022-03-01,120.853597,122.54982,120.543628,121.662964,35664400
2022-03-02,120.405888,120.905285,117.452575,117.504234,30397400
2022-03-03,118.382459,119.424293,117.977776,118.701035,20649100
2022-03-04,120.853563,121.249641,119.949483,120.750244,25853100
2022-03-07,119.785926,121.094689,119.484574,119.828979,23710900
2022-03-08,118.39969,119.036855,118.175828,118.623566,28331300
2022-03-09,118.020857,118.253324,117.21149,117.461182,18819200
2022-03-10,116.092127,116.384873,115.136388,115.773552,26868900
2022-03-11,115.661614,116.625959,115.558295,116.161011,15583800
2022-03-14,114.258158,114.421755,113.414356,113.448792,24385000
2022-03-15,114.395868,114.645559,112.957956,113.250702,17518800
2022-03-16,113.509015,114.628351,112.208871,114.361435,25857700
2022-03-17,114.361461,114.809185,112.854666,113.509041,19330600
2022-03-18,114.146244,114.981427,114.146244,114.895332,55891700
2022-03-21,113.035458,113.371258,111.71809,112.234711,26122000
2022-03-22,111.03786,111.365041,110.504015,110.796761,21830900
2022-03-23,111.390948,113.311045,110.951829,113.224937,21266100
2022-03-24,111.631996,112.949364,111.588955,112.338043,17141600
2022-03-25,111.502838,111.520062,109.909941,110.779579,25684500
2022-03-28,111.408132,112.415531,111.106768,111.726707,17657800
2022-03-29,112.415542,113.267963,111.709508,112.570534,19319700
2022-03-30,111.993668,113.664048,111.924785,113.448792,16310200
2022-03-31,113.638219,114.232329,113.362698,113.724327,19901000
2022-04-01,112.113468,114.657396,111.854775,114.157234,23489700
2022-04-04,113.769128,113.812248,112.71708,113.363838,13609900
2022-04-05,112.76021,112.77746,110.630217,110.802696,25196900
2022-04-06,109.026249,110.638836,109.00038,109.905838,22952000
2022-04-07,108.750291,109.233202,108.146653,109.07798,23458800
2022-04-08,108.181129,108.508825,107.154944,107.896561,26859200
2022-04-11,106.861768,107.094605,105.688979,106.18914,30020700
2022-04-12,106.973875,107.068734,105.783835,106.042542,23124200
2022-04-13,106.111551,107.189482,105.973573,106.258148,17189500
2022-04-14,105.947668,106.008032,103.809051,104.12812,34274500
2022-04-18,104.231607,104.412699,103.21404,103.610718,18784300
2022-04-19,102.748362,103.239898,102.334433,102.834595,26012300
2022-04-20,103.671075,105.180178,103.412369,104.904228,31423200
2022-04-21,104.19711,104.266099,102.765614,104.12812,23323200
2022-04-22,103.541722,104.723136,103.31751,103.472733,19773400
2022-04-25,104.671402,105.369905,104.455816,104.507561,25418900
2022-04-26,105.585501,106.094281,104.999106,105.559631,26931300
2022-04-27,105.369913,105.482015,104.145378,104.205742,14560500
2022-04-28,103.817695,104.404089,103.490006,104.36097,16892500
2022-04-29,102.88636,104.317856,102.713894,103.007088,26153400
2022-05-02,101.808989,102.163149,101.005643,101.221596,29233900
2022-05-03,102.828317,103.061544,101.834931,101.904037,21256700
2022-05-04,101.904005,102.767818,101.368439,102.465485,25575700
2022-05-05,100.504622,100.608281,98.491936,99.658089,48384500
2022-05-06,98.595576,99.373009,97.87861,98.189583,32790500
2022-05-09,97.489914,99.087967,97.282601,99.053413,26773000
2022-05-10,100.107269,101.031548,99.753109,99.951782,33640800
2022-05-11,99.113863,101.878067,98.854723,101.878067,34173600
2022-05-12,101.947166,102.698686,101.6362,101.688026,26405700
2022-05-13,101.048849,101.195695,100.115929,100.185036,20782700
2022-05-16,100.383678,101.014264,100.072705,100.081345,11050600
2022-05-17,99.08797,99.64081,98.785637,98.872017,15040800
2022-05-18,99.096616,101.066109,99.001596,100.979729,21337300
2022-05-19,102.482762,102.551868,100.936536,101.221596,21937500
2022-05-20,101.143826,102.810985,101.117913,102.370445,22780900
2022-05-23,101.679398,102.145858,100.668739,100.686012,15925200
2022-05-24,101.843531,103.346563,101.808978,102.672791,23388200
2022-05-25,103.320655,103.329295,102.439563,103.078789,14410800
2022-05-26,102.811008,102.871475,101.757162,102.612335,14912900
2022-05-27,103.104698,103.432944,102.569131,102.862831,11190400
2022-05-31,101.221579,101.264772,100.141813,100.686012,28393700
2022-06-01,101.271877,101.540133,100.112311,100.570946,15544800
2022-06-02,100.925735,100.994964,99.913277,100.622864,9832000
2022-06-03,99.593101,100.432492,99.40273,100.406532,15330400
2022-06-06,99.645022,99.956549,98.48545,98.55468,20815400
2022-06-07,99.177742,100.190199,99.151782,99.619072,14278700
2022-06-08,99.238317,99.627721,98.719108,98.736412,11476100
2022-06-09,98.511401,99.264258,98.372949,99.065231,15527300
2022-06-10,98.961373,99.17771,97.758538,98.450813,21917100
2022-06-13,96.477805,96.633568,94.530769,95.361504,36968300
2022-06-14,95.647094,96.036505,93.968313,94.158691,21865900
2022-06-15,95.26634,96.045156,94.349071,95.915352,25202800
2022-06-16,93.847138,96.676834,93.561578,96.676834,26067300
2022-06-17,96.927799,97.637385,96.019179,96.988373,21614300
2022-06-21,95.26633,96.071106,95.024034,95.344215,17663800
2022-06-22,97.516253,98.052766,97.247991,97.966232,23703800
2022-06-23,98.563329,99.66232,98.208533,98.771011,20669200
2022-06-24,98.182571,98.796969,97.351836,97.403755,18161300
2022-06-27,96.244198,97.109548,96.192279,96.573029,12053000
2022-06-28,96.304753,97.074914,95.941308,97.022995,13706600
2022-06-29,97.247978,98.563313,97.066255,98.537354,12925400
2022-06-30,99.394062,100.181527,99.298873,99.402718,25802100
2022-07-01,100.492638,101.95797,99.903035,100.423271,21858800
2022-07-05,101.351015,102.096689,100.726728,101.212288,16689700
2022-07-06,101.784533,101.914593,99.512825,99.512825,20205400
2022-07-07,99.798946,99.85964,98.420319,98.637085,13088000
2022-07-08,98.411618,98.411618,97.15438,97.544556,15320000
2022-07-11,98.66313,99.530194,98.585091,99.226723,13639900
2022-07-12,100.154453,100.77874,99.686239,99.816299,18547300
2022-07-13,98.645767,101.142913,98.368307,100.960831,20594800
2022-07-14,99.781593,100.718022,99.252684,100.137085,15665000
2022-07-15,100.440577,101.290302,100.232484,100.700699,16022600
2022-07-18,99.929018,99.989712,99.001261,99.651558,15838300
2022-07-19,99.634203,99.842297,98.550375,99.11396,9276800
2022-07-20,100.128462,100.189157,98.888562,99.374115,9117300
2022-07-21,99.877036,101.203642,99.720964,101.090919,14754900
2022-07-22,102.564876,103.414593,102.287416,102.790314,17715300
2022-07-25,101.194943,101.914607,100.986849,101.784546,24868100
2022-07-26,103.059093,103.388575,101.793182,101.862549,13536000
2022-07-27,102.322121,102.738308,101.194936,101.290314,15725600
2022-07-28,102.356786,103.111127,101.723827,102.096664,16637900
2022-07-29,102.05331,103.449282,101.732501,101.819206,16655900
2022-08-01,102.716521,104.323501,102.568854,104.271385,17974600
2022-08-02,104.366895,104.835961,101.882589,102.065002,17896300
2022-08-03,101.77841,103.793652,101.048757,103.672043,16731200
2022-08-04,103.350622,103.845746,102.968419,103.637268,11003000
2022-08-05,101.691508,101.726254,100.666514,101.170326,19492300
2022-08-08,102.186635,102.959723,102.117142,102.803368,17476300
2022-08-09,102.26483,102.81207,102.030294,102.403809,8223200
2022-08-10,102.264794,103.289788,101.396156,101.734924,14665300
2022-08-11,101.51779,101.682827,99.102969,99.363564,20663800
2022-08-12,99.980302,100.388563,99.398315,100.371193,12178400
2022-08-15,101.048715,101.413542,100.284309,100.284309,9031800
2022-08-16,100.110604,100.779453,99.233277,100.701279,11066000
2022-08-17,99.945572,99.980318,99.294093,99.650238,14131300
2022-08-18,99.867382,100.449369,99.537295,99.79789,10738200
2022-08-19,98.355961,98.451506,97.930324,98.190918,16330900
2022-08-22,98.034519,98.121382,97.40041,97.860794,10457200
2022-08-23,97.452563,98.573107,97.061671,97.322266,17813200
2022-08-24,96.844492,97.174579,96.297252,96.609962,13971600
2022-08-25,96.696829,98.234316,96.410177,97.956352,21429700
2022-08-26,97.548092,99.016086,97.296186,98.694695,18764400
2022-08-29,98.104052,98.164857,97.40045,97.878204,14278300
2022-08-30,97.826111,98.599199,97.469966,98.121445,14346600
2022-08-31,97.886875,98.451485,96.922686,97.183273,13623500
2022-09-01,95.639062,95.96984,94.82952,95.40403,22490400
2022-09-02,95.473668,96.239684,95.29087,95.943726,13024400
2022-09-06,94.794687,94.855619,93.506381,93.567314,24648500
2022-09-07,94.289842,95.299596,94.194089,95.047157,17050100
2022-09-08,94.742467,95.33439,94.054798,94.072205,14671400
2022-09-09,94.298534,94.707658,93.689197,94.28112,12529800
2022-09-12,94.559675,94.786,93.071164,93.506401,14806900
2022-09-13,92.757817,93.784978,92.479265,93.724045,22158900
2022-09-14,93.436768,94.194084,93.245269,94.046104,13077800
2022-09-15,93.880686,94.176651,93.645661,93.985146,10260200
2022-09-16,93.166917,94.054805,92.940591,93.201736,18903800
2022-09-19,93.105978,93.854587,92.966706,93.41935,11084400
2022-09-20,92.000459,93.001499,91.748021,92.487923,20133800
2022-09-21,92.879681,94.046121,92.244238,94.037415,23132900
2022-09-22,92.087538,92.235517,91.164837,91.634888,29030600
2022-09-23,91.695807,92.644628,91.016837,92.009178,23042200
2022-09-26,91.713222,91.756748,89.850406,90.250824,25104600
2022-09-27,89.406481,89.641513,87.830923,87.874443,34609500
2022-09-28,89.772084,90.921111,89.206281,90.816658,39283100
2022-09-29,89.571836,90.729569,89.48479,90.346558,19127100
2022-09-30,90.764409,91.277993,88.988646,89.180145,26485700
2022-10-03,90.614616,91.338837,90.003832,90.597168,27192200
2022-10-04,90.876374,91.31265,90.134705,90.344116,13788700
2022-10-05,89.637338,89.733312,88.633901,89.480278,20522100
2022-10-06,89.515207,89.733345,88.590303,88.982956,13965700
2022-10-07,87.962058,88.66883,87.665393,88.119118,14814800
2022-10-10,87.691581,87.700308,86.208243,86.749222,15652600
2022-10-11,87.028424,88.040589,86.37401,87.133133,33246700
2022-10-12,86.627068,87.726487,86.548541,87.560699,21447600
2022-10-13,85.824302,87.586856,85.806847,86.72303,30292500
2022-10-14,87.42106,87.42106,85.728306,86.007523,18728200
2022-10-17,86.635767,86.958614,85.457822,85.588699,18969900
2022-10-18,85.466521,85.911525,84.524169,85.789368,16931500
2022-10-19,84.803427,85.004111,84.044304,84.227539,25431600
2022-10-20,83.703994,84.053017,82.665654,82.787811,25434900
2022-10-21,81.164869,81.958896,80.501734,81.295753,46280300
2022-10-24,80.990364,81.627331,80.143987,80.623894,31332600
2022-10-25,82.526049,83.09321,82.403892,82.971046,31213100
2022-10-26,83.564379,84.367133,83.564379,84.166443,24843900
2022-10-27,84.620173,85.42292,83.957031,85.047722,20270000
2022-10-28,84.515463,85.187326,84.122817,84.463112,22244100
2022-10-31,84.079192,84.306057,82.918695,83.861053,23956700
2022-11-01,85.178328,85.213317,84.15493,84.64476,17585100
2022-11-02,84.767249,85.397028,83.93628,84.277412,25010500
2022-11-03,83.245265,84.303652,83.175287,83.822571,29097500
2022-11-04,83.184033,83.67387,82.414299,82.414299,23561400
2022-11-07,82.921636,82.974116,81.557098,81.592087,14522800
2022-11-08,82.046941,83.06159,82.020694,82.484291,20360600
2022-11-09,82.06441,83.114048,81.950702,82.755424,15637500
2022-11-10,84.609804,86.096793,84.531078,85.939346,45380900
2022-11-11,85.344577,86.044341,85.318337,85.624481,15943100
2022-11-14,85.641937,85.711908,84.924676,85.414513,13741100
2022-11-15,85.939345,86.857783,85.816887,86.796555,26608200
2022-11-16,87.487558,88.73838,87.242642,88.694649,28507700
2022-11-17,87.645013,87.968654,87.27764,87.758728,24528900
2022-11-18,87.994902,88.248566,87.07647,87.15519,14941300
2022-11-21,88.073603,88.187312,87.29512,87.522537,15534000
2022-11-22,88.038638,88.887098,87.933671,88.764641,18103100
2022-11-23,89.341918,90.312836,89.289438,90.312836,23234600
2022-11-25,89.753057,90.032961,89.595611,90.006721,9486100
2022-11-28,90.627733,90.802671,89.82301,90.260361,14563200
2022-11-29,89.350701,90.059207,89.140775,89.202003,16576400
2022-11-30,88.887114,89.858032,88.668438,89.858032,21581700
2022-12-01,90.440195,92.772435,90.396353,92.7286,53156800
2022-12-02,92.325271,93.903476,91.720288,93.894707,24479500
2022-12-05,92.798717,92.930236,91.974545,92.579521,20159700
2022-12-06,93.377423,94.157759,93.105622,93.771973,21754500
2022-12-07,95.017023,96.165607,94.867965,95.981483,30546700
2022-12-08,95.306348,95.963935,95.104692,95.718437,13377300
2022-12-09,94.639985,94.841641,93.175751,93.228363,25872200
2022-12-12,94.569848,94.789044,93.166996,93.526474,16897100
2022-12-13,95.604451,95.639523,94.219132,94.429558,23854700
2022-12-14,94.394486,94.97316,93.71936,94.832878,19517500
2022-12-15,95.264419,95.906022,95.062275,95.202896,20246200
2022-12-16,93.691177,94.772232,93.436294,94.13942,20838300
2022-12-19,93.014422,93.023206,92.267355,92.557388,26126800
2022-12-20,90.861087,91.239016,90.614995,90.913826,28869000
2022-12-21,91.660898,91.757578,90.491955,91.142342,15894100
2022-12-22,91.115988,91.511499,90.861105,91.124779,11322500
2022-12-23,90.157979,90.360124,89.665789,89.788841,15408900
2022-12-27,88.321066,88.830832,87.899196,88.013451,26475700
2022-12-28,88.461704,88.57596,87.319126,87.494911,17302900
2022-12-29,87.767374,88.760533,87.705851,88.488075,16593000
2022-12-30,87.776165,88.37382,87.336713,87.5037,20810200
2023-01-03,89.824009,89.947055,88.628699,89.173622,25313200
2023-01-04,90.720522,90.949039,89.832826,90.395325,21678200
2023-01-05,89.533942,90.781984,89.454838,90.773193,14771100
2023-01-06,90.263438,92.548594,90.210706,92.443123,27473700
2023-01-09,91.766366,93.102297,91.643313,92.935303,21472200
2023-01-10,91.871841,92.126724,90.966571,91.397232,20545200
2023-01-11,92.258563,92.917741,92.021255,92.882584,18794000
2023-01-12,93.005625,94.754642,91.898204,94.710701,32029600
2023-01-13,94.130621,94.745858,93.497809,93.823006,17750800
2023-01-17,92.873811,93.743931,92.856236,93.216583,13911700
2023-01-18,95.325922,95.59838,94.148194,95.475334,35497200
2023-01-19,95.00953,95.246838,94.429457,94.877693,17194700
2023-01-20,94.007599,94.253691,93.260532,93.33963,22754100
2023-01-23,92.785891,93.339598,92.715577,92.900146,12961500
2023-01-24,93.269291,94.438228,92.627688,94.236084,16417200
2023-01-25,94.367935,94.842544,93.726332,94.464615,11906500
2023-01-26,94.165768,94.614011,93.594479,94.025146,15549400
2023-01-27,93.330853,94.007606,93.260539,93.78788,11845500
2023-01-30,93.568137,94.183374,93.330836,93.445091,11459700
2023-01-31,94.025174,94.288842,93.04959,94.192162,13705300
2023-02-01,94.769301,95.685707,93.77358,95.324432,25305800
2023-02-02,95.976513,96.355414,95.245144,95.447815,19548400
2023-02-03,94.082006,94.381606,93.474007,94.020325,20619500
2023-02-06,93.183237,93.676687,93.121555,93.324226,15182400
2023-02-07,92.813144,93.606194,92.522358,92.575226,18290300
2023-02-08,92.55759,93.03342,91.984831,93.015793,13530700
2023-02-09,93.817665,93.949841,91.984839,92.134636,20469900
2023-02-10,91.993655,92.028902,90.865764,91.103676,16598300
2023-02-13,91.385641,92.011268,91.271092,91.870285,13134300
2023-02-14,91.817439,92.372577,90.883406,91.658829,15440300
2023-02-15,91.244667,91.597128,90.319441,90.804085,15246900
2023-02-16,89.940548,90.072724,89.288488,89.517586,19267300
2023-02-17,89.085779,90.213669,88.97123,90.213669,19560900
2023-02-21,89.006492,89.173909,88.363238,88.460167,22728000
2023-02-22,88.988871,89.605691,88.953623,89.270844,15165400
2023-02-23,89.473509,90.398728,89.411827,90.143196,15829100
2023-02-24,89.385409,89.702629,88.609979,88.97126,21403600
2023-02-27,89.253234,89.614509,88.918394,89.217987,14209200
2023-02-28,88.618794,89.632135,88.363255,89.623322,14955700
2023-03-01,89.057975,89.243475,88.298306,88.660477,19000000
2023-03-02,87.503307,88.024479,87.344306,87.874313,23763600
2023-03-03,89.155156,90.011994,88.837155,90.003159,30877300
2023-03-06,90.294637,90.400633,89.20813,89.305298,16631900
2023-03-07,89.62332,90.427159,89.110983,89.852989,23096500
2023-03-08,90.453667,90.957168,89.587994,89.94133,20252400
2023-03-09,89.702816,90.559646,89.50848,90.162148,21550400
2023-03-10,91.893474,93.359816,91.866975,93.271477,43921500
2023-03-13,95.577001,96.372005,92.785661,93.483498,51502500
2023-03-14,92.874009,93.289178,91.646171,91.946503,38417800
2023-03-15,94.322685,95.144188,93.059513,93.722015,45164100
2023-03-16,94.852656,95.426826,92.785652,92.988815,43089300
2023-03-17,94.207819,95.161824,94.039983,94.384483,38129000
2023-03-20,94.411007,94.481676,93.38634,93.554176,24242800
2023-03-21,92.820981,93.121312,92.343979,92.750313,18934900
2023-03-22,92.450011,94.031178,92.255676,93.987015,26388500
2023-03-23,93.068344,94.119517,92.591341,93.987015,25475100
2023-03-24,94.596482,94.89682,93.863318,94.384483,23652700
2023-03-27,92.794495,93.421663,92.158492,92.16732,22224500
2023-03-28,92.079006,92.467676,91.884671,92.335175,17794300
2023-03-29,91.601995,92.264497,91.513662,92.149666,16804400
2023-03-30,92.273316,92.794488,92.10548,92.573654,14315800
2023-03-31,93.059481,94.128317,92.820983,93.960487,25396700
2023-04-03,93.764781,94.845185,93.605377,94.402397,18234800
2023-04-04,93.676239,95.465106,93.649673,94.871765,18052400
2023-04-05,95.438545,95.969896,95.119744,95.863625,23047700
2023-04-06,96.014158,96.412672,95.987592,96.111572,16447300
2023-04-10,95.323417,95.429689,94.366993,94.561821,19134400
2023-04-11,94.800911,94.836329,94.3227,94.75663,13971200
2023-04-12,94.800898,94.907163,93.764769,94.659203,20563000
2023-04-13,94.80092,95.102013,93.764791,93.915344,22079400
2023-04-14,93.330892,93.472588,92.781833,93.056366,19801900
2023-04-17,92.471843,92.622389,91.843085,91.949356,19528800
2023-04-18,91.931642,92.62239,91.922791,92.277016,15922600
2023-04-19,92.020229,92.312464,91.639431,92.188484,16093900
2023-04-20,92.834943,93.233449,92.764095,92.976631,16450100
2023-04-21,93.251159,93.392848,92.339011,92.45414,15244700
2023-04-24,92.950059,93.419413,92.843787,93.348572,17034300
2023-04-25,94.163296,94.871753,94.119015,94.721207,21899900
2023-04-26,94.570657,94.969163,93.578809,93.711647,19610400
2023-04-27,93.16259,93.22458,92.640103,92.781792,20247600
2023-04-28,94.057018,94.544087,93.747068,94.278412,26954100
2023-05-01,93.459859,93.593032,91.302478,91.559944,32487300
2023-05-02,92.332345,93.841621,92.234686,93.841621,30057800
2023-05-03,94.107952,94.640637,93.468727,94.365417,23656200
2023-05-04,93.415444,94.507447,93.353297,93.433197,25110500
2023-05-05,92.643079,93.131378,92.430006,93.122498,15096500
2023-05-08,91.906178,92.216917,91.728618,91.817398,20587000
2023-05-09,91.888411,92.012704,91.444506,91.488899,19182500
2023-05-10,92.039352,92.545404,92.012719,92.376724,22886800
2023-05-11,93.48649,93.681803,92.971558,93.353317,19147200
2023-05-12,93.264543,93.442102,92.554291,92.572044,14198500
2023-05-15,91.790772,91.861799,91.551066,91.613213,20085300
2023-05-16,90.911829,91.355735,90.654363,91.337975,29251700
2023-05-17,91.515584,91.58661,90.867479,91.071678,21340900
2023-05-18,90.734293,90.787566,90.33478,90.396927,25536600
2023-05-19,89.899721,90.432406,89.606741,89.757668,29038000
2023-05-22,89.890858,90.29925,89.375926,89.438072,20131100
2023-05-23,89.162856,89.890861,89.029683,89.695541,21749500
2023-05-24,89.917499,89.988525,89.25164,89.25164,18473400
2023-05-25,89.402565,89.491351,88.807733,89.029686,22492800
2023-05-26,88.887639,89.819836,88.781099,89.74881,17030300
2023-05-30,90.024035,90.769793,89.890862,90.6455,23125200
2023-05-31,90.547828,91.604325,90.441295,91.435638,23787000
2023-06-01,91.936827,92.248385,91.358215,91.794403,21040400
2023-06-02,91.687549,91.749861,90.743971,90.788475,19136500
2023-06-05,90.218789,91.189078,90.094165,90.61937,14433200
2023-06-06,90.654973,91.215785,90.254399,91.153473,14332100
2023-06-07,90.948744,91.18019,89.711407,89.800423,25251100
2023-06-08,89.791509,90.922022,89.729197,90.850807,23845100
2023-06-09,90.441327,91.037739,90.20988,90.726181,22147400
2023-06-12,91.011033,91.064448,90.014047,90.993233,19010300
2023-06-13,90.895317,91.091155,89.880523,90.094162,25910800
2023-06-14,90.468012,91.055528,90.316685,90.815178,29094200
2023-06-15,91.71428,92.248381,91.331507,91.687576,25732000
2023-06-16,91.189089,91.536255,90.824115,91.331512,16759100
2023-06-20,91.785508,92.275104,91.785508,91.963539,17162900
2023-06-21,91.518423,92.266169,91.100041,92.18605,19720100
2023-06-22,91.50953,91.910104,90.975422,91.073341,23630700
2023-06-23,92.426409,92.533225,91.669765,91.981323,22901900
2023-06-26,92.239455,92.399686,91.829977,92.079224,12894900
2023-06-27,92.21276,92.533222,91.473924,91.83889,18105700
2023-06-28,92.052514,92.43528,91.536213,92.230545,23826800
2023-06-29,90.94873,91.100057,90.307806,90.565956,41091600
2023-06-30,90.850824,91.740994,90.681696,91.634178,32024900
2023-07-03,91.793026,92.167916,91.096814,91.11467,16011800
2023-07-05,90.945083,91.043267,89.918613,90.248871,28170300
2023-07-06,89.436643,89.597308,88.785062,88.972504,41375700
2023-07-07,88.526185,88.901067,88.356592,88.436928,28996500
2023-07-10,88.240531,88.838558,88.231603,88.552933,24665200
2023-07-11,88.874321,89.231355,88.624399,89.008209,20485500
2023-07-12,89.347368,90.257804,89.052814,89.998955,31928000
2023-07-13,90.427393,91.016499,90.177471,90.945091,32441500
2023-07-14,90.793341,90.98971,90.364899,90.409531,18569000
2023-07-17,90.355977,90.588043,90.079273,90.454155,18822000
2023-07-18,90.864754,91.105748,90.659457,90.864754,15407400
2023-07-19,91.043286,91.918019,90.802292,91.891235,27192500
2023-07-20,91.239643,91.319972,90.400615,90.775497,56951200
2023-07-21,91.186071,91.355657,90.712998,90.802261,20657500
2023-07-24,91.034354,91.177171,90.418478,90.472031,17546700
2023-07-25,89.998947,90.596975,89.972171,90.302422,17160600
2023-07-26,90.757655,90.766582,90.088219,90.391693,19310700
2023-07-27,89.891852,90.088221,88.28521,88.633316,44794400
2023-07-28,88.722569,89.133156,88.499424,89.088524,27434000
2023-07-31,88.945693,89.552648,88.918917,89.302727,28663800
2023-08-01,88.465866,88.537471,87.624532,87.83934,34943400
2023-08-02,86.854811,87.033817,86.290937,86.899559,38121300
2023-08-03,85.198994,85.315347,84.617216,84.894676,59394800
2023-08-04,85.163184,86.532596,85.145279,86.398338,42071800
2023-08-07,86.022421,86.102971,85.476445,85.54805,35862900
2023-08-08,86.693682,87.150155,86.317767,86.541527,24010500
2023-08-09,86.7116,87.07857,86.675797,86.989067,20151100
2023-08-10,86.854813,87.141226,85.556999,85.556999,37253200
2023-08-11,85.297424,85.807597,85.207915,85.360077,26753500
2023-08-14,85.216867,85.861298,84.939407,85.172119,19072000
2023-08-15,84.849902,85.207913,84.635088,84.652992,24125000
2023-08-16,84.38449,84.840963,83.883269,83.990669,23076700
2023-08-17,83.68636,83.784815,83.256737,83.63266,32244900
2023-08-18,83.623706,84.303939,83.507353,83.928017,24181700
2023-08-21,82.934509,83.024011,82.549641,82.809196,29254100
2023-08-22,82.916609,83.489435,82.755501,83.444687,21308700
2023-08-23,84.402396,85.521198,84.339743,85.512245,38294700
2023-08-24,85.14526,85.521182,84.930452,84.948357,22300800
2023-08-25,84.724602,85.485385,84.590344,85.225822,23865200
2023-08-28,85.610703,85.619656,84.93047,85.315338,16037300
2023-08-29,85.002057,86.380421,84.975206,86.201408,28478100
2023-08-30,86.067168,86.281976,85.81655,86.111916,17550100
2023-08-31,86.407285,86.863758,86.30883,86.496788,26959700
2023-09-01,86.002159,86.02011,84.942842,85.149315,32469700
2023-09-05,84.637604,84.646583,83.928399,83.95533,29435900
2023-09-06,84.467005,84.484963,83.90144,84.161781,23636300
2023-09-07,84.386254,84.449095,84.098982,84.395233,18091500
2023-09-08,84.727387,85.194208,84.538865,84.718414,17052100
2023-09-11,84.116898,84.368267,83.982244,84.107925,17061500
2023-09-12,84.28749,84.601692,84.009197,84.59272,20034300
2023-09-13,84.314404,84.862017,84.224633,84.574745,23332300
2023-09-14,84.332365,84.574748,83.847593,83.964294,27800600
2023-09-15,83.901462,83.91942,83.452599,83.452599,25642900
2023-09-18,83.353862,83.964316,83.326931,83.928406,17963400
2023-09-19,83.560322,83.874525,83.30896,83.30896,24941800
2023-09-20,83.748847,84.02714,83.524416,83.569298,29451200
2023-09-21,81.953368,82.025187,81.414734,81.423706,59958700
2023-09-22,81.522479,82.240662,81.396798,82.079071,29524500
2023-09-25,80.490116,80.831249,80.032273,80.059204,45587900
2023-09-26,80.283608,80.454178,79.637244,79.780884,38104100
2023-09-27,80.382363,80.454182,79.080656,79.367935,47111200
2023-09-28,78.658741,79.655218,78.19192,79.610329,60238000
2023-09-29,80.139977,80.337477,79.11657,79.619301,49010100
2023-10-02,79.087974,79.187038,78.088342,78.286469,44704300
2023-10-03,77.728105,78.034302,76.449299,76.602394,71362600
2023-10-04,77.241799,77.728107,76.881577,77.683083,56281600
2023-10-05,77.548003,77.62005,77.124735,77.295845,35758800
2023-10-06,75.827898,77.169751,75.701819,76.359238,62787900
2023-10-09,76.99864,78.169382,76.503324,78.151367,29424900
2023-10-10,77.313869,78.50262,77.01668,78.043335,54743900
2023-10-11,79.115015,79.67337,78.889873,79.67337,58517700
2023-10-12,79.2951,79.421179,77.385891,77.511971,66986700
2023-10-13,78.889827,79.09696,78.502582,78.898834,44183800
2023-10-16,77.620035,77.782138,77.358869,77.629036,38309800
2023-10-17,76.449308,77.115728,76.098087,76.773514,52949100
2023-10-18,75.989998,76.296194,75.512697,76.098068,63724600
2023-10-19,75.539717,76.161112,74.513069,74.540085,87696900
2023-10-20,74.738237,75.233552,74.54011,74.963379,52188800
2023-10-23,74.576116,76.422285,74.224894,75.86393,70890400
2023-10-24,76.044057,76.863571,75.728852,76.863571,46267700
2023-10-25,75.665797,75.764861,74.864292,75.152473,60737200
2023-10-26,75.179518,76.386277,75.107471,76.305229,49704100
2023-10-27,75.818915,76.521358,75.413655,75.981018,32362300
2023-10-30,75.476706,76.098101,74.963382,75.638809,45026900
2023-10-31,75.981004,76.341227,75.242538,75.269554,37269200
2023-11-01,75.943687,76.919643,75.92561,76.901566,72308500
2023-11-02,78.329345,78.898649,77.913661,78.654663,69739400
2023-11-03,80.254149,80.471032,79.142649,79.187828,77692300
2023-11-06,78.681778,78.799252,78.257057,78.419716,41341900
2023-11-07,79.169779,79.974037,79.151702,79.576424,37834200
2023-11-08,79.955959,80.986132,79.928843,80.931908,53893400
2023-11-09,80.371633,80.452959,78.383574,79.070358,88975100
2023-11-10,79.730014,79.910743,79.314324,79.51313,36516400
2023-11-13,78.817341,79.467979,78.52817,79.332428,25661500
2023-11-14,81.329506,81.465056,80.687907,81.130699,65666800
2023-11-15,80.434872,80.552345,79.802305,79.992073,56205300
2023-11-16,80.696951,81.293364,80.651765,80.986122,49473900
2023-11-17,81.474103,81.718089,81.004196,81.365662,44091400
2023-11-20,80.986118,81.925926,80.977079,81.862663,40477800
2023-11-21,81.781337,82.052438,81.230103,81.826523,27721000
2023-11-22,82.341607,82.522337,81.672893,82.115692,31197500
2023-11-24,81.419883,81.564472,81.13975,81.148788,20199600
2023-11-27,81.600596,82.540398,81.519263,82.504257,39804400
2023-11-28,82.151845,82.71211,82.043403,82.666931,44989300
2023-11-29,83.23623,83.769387,82.93802,83.706131,61647800
2023-11-30,83.109724,83.398895,82.377761,82.73922,60520900
2023-12-01,82.774595,84.36101,82.611421,84.297554,64172200
2023-12-04,83.844245,84.152466,83.481635,83.962097,33766300
2023-12-05,84.877718,85.77518,84.823329,85.766113,73588600
2023-12-06,86.192179,87.071507,86.00181,86.908333,61606100
2023-12-07,86.282809,87.09868,86.174024,86.409721,47970200
2023-12-08,85.593852,85.865811,85.13153,85.702637,44809200
2023-12-11,85.222192,85.611997,84.787058,85.521339,33909700
2023-12-12,85.349103,85.847686,85.122472,85.775169,36996900
2023-12-13,86.273745,87.914555,86.137765,87.787636,70828500
2023-12-14,88.816244,90.071274,88.597973,90.071274,87798600
2023-12-15,89.75296,90.353189,89.65292,90.171303,59941300
2023-12-18,89.580157,89.580157,89.143621,89.452835,34746000
2023-12-19,89.90754,90.271319,89.725654,89.934822,30018400
2023-12-20,90.134912,90.662391,89.652909,90.544159,51229400
2023-12-21,90.707861,90.798804,89.807514,89.971214,65231200
2023-12-22,90.380475,90.380475,89.34371,89.561981,29244200
2023-12-26,89.616549,89.916667,89.561984,89.816628,24019700
2023-12-27,90.74423,91.426313,90.489587,91.408127,45082800
2023-12-28,91.026188,91.462724,90.544184,90.744263,36213000
2023-12-29,90.153112,90.78063,89.853001,89.925751,41616200
2024-01-02,89.334606,89.716571,89.125431,89.407356,47797400
2024-01-03,88.561585,89.898468,88.352417,89.780243,58159500
2024-01-04,88.597955,88.798034,88.279651,88.416069,52604500
2024-01-05,87.761249,88.834392,87.49751,87.570267,45894800
2024-01-08,87.51574,88.561594,87.388411,88.434273,39485800
2024-01-09,87.888593,88.370597,87.843118,87.870407,34374000
2024-01-10,88.143218,88.26145,87.415668,87.461136,48227800
2024-01-11,87.461147,88.061383,87.042804,87.952248,78858900
2024-01-12,88.015914,88.46154,87.552096,87.779457,38883900
2024-01-16,86.960948,87.115552,85.951466,86.233391,61716700
2024-01-17,86.033355,86.397133,85.633204,86.097015,55506800
2024-01-18,85.906025,86.015161,85.042056,85.2967,77339100
2024-01-19,85.223918,85.642261,84.814671,85.569504,47030900
2024-01-22,86.233431,86.469888,85.84237,86.078827,35756400
2024-01-23,85.387632,85.478575,84.969289,85.396729,35786700
2024-01-24,85.95148,85.978762,84.669162,84.896523,54574900
2024-01-25,85.487673,85.687751,85.096612,85.451294,57019400
2024-01-26,85.424016,85.551337,85.023858,85.287598,29276900
2024-01-29,85.769586,86.551708,85.596797,86.269783,38243600
2024-01-30,86.833638,87.161032,86.160645,87.051903,40151400
2024-01-31,87.506634,88.134153,87.306556,87.906792,80646700
2024-02-01,88.88303,90.023491,88.673188,89.631172,84291200
2024-02-02,87.833792,88.153127,87.304624,87.651321,63823300
2024-02-05,86.337509,86.538232,85.780964,85.881325,53827400
2024-02-06,85.981694,86.811954,85.954324,86.720718,33411500
2024-02-07,86.282766,86.884933,86.237145,86.30101,40120200
2024-02-08,85.780974,86.036443,85.452527,85.799225,50087700
2024-02-09,85.543745,85.771837,85.452509,85.625854,27951300
2024-02-12,85.671479,85.890446,85.30653,85.726219,27890300
2024-02-13,84.722627,84.905098,84.239072,84.257317,49768500
2024-02-14,84.211667,84.895944,84.147802,84.686096,44191600
2024-02-15,85.361273,85.507255,84.850348,85.124062,49598500
2024-02-16,84.375923,84.713496,84.248185,84.631386,33116800
2024-02-20,84.658731,85.02368,84.594866,84.704346,24469300
2024-02-21,84.695252,84.759118,83.94711,84.102211,36343100
2024-02-22,84.239065,84.631384,84.184318,84.512772,45190700
2024-02-23,84.622255,85.762717,84.622255,85.644112,38406700
2024-02-26,85.762701,85.790071,85.023684,85.388626,27855000
2024-02-27,85.069324,85.279172,84.7135,84.786491,30242000
2024-02-28,84.923353,85.397782,84.759126,85.324791,34574200
2024-02-29,85.598503,86.036443,85.562007,85.926956,51038600
2024-03-01,85.519664,86.498967,85.126113,86.462357,45832800
2024-03-04,85.757644,86.178659,85.739343,86.114586,23864200
2024-03-05,87.157936,87.56979,86.919973,87.340981,37721900
2024-03-06,87.395898,88.018258,87.322684,87.853516,40571600
2024-03-07,88.192156,88.228767,87.386751,87.771149,39075000
2024-03-08,87.679629,87.908438,87.386753,87.615562,25023200
2024-03-11,87.826059,87.871823,87.286073,87.569794,17787900
2024-03-12,86.984027,87.139615,86.663695,86.837585,29566000
2024-03-13,86.489824,86.709478,86.224404,86.416603,38270100
2024-03-14,85.785097,85.803399,84.988839,85.089516,58365600
2024-03-15,85.171858,85.290844,84.924748,85.062035,34997700
2024-03-18,84.869852,85.107809,84.659345,84.805786,29519500
2024-03-19,84.979688,85.364086,84.833254,85.043755,26953100
2024-03-20,85.20848,85.839995,84.467141,85.016281,43460100
2024-03-21,85.364061,85.510502,84.869839,85.199318,34276600
2024-03-22,86.2061,86.224401,85.830849,86.013901,30262300
2024-03-25,85.766762,85.803372,85.391519,85.583717,24011800
2024-03-26,85.583737,85.913223,85.37323,85.821693,34423000
2024-03-27,86.023035,86.672852,85.977277,86.672852,50157800
2024-03-28,86.480662,86.965736,86.325074,86.599648,34540400
2024-04-01,85.66485,85.674034,84.902689,84.985336,48945400
2024-04-02,84.085436,84.66394,83.874232,84.517021,43086300
2024-04-03,83.800766,84.526196,83.607932,84.498642,45494400
2024-04-04,85.05879,85.178169,84.517017,85.104706,47957400
2024-04-05,84.195633,84.64558,83.910966,83.920151,42495900
2024-04-08,83.773208,84.103777,83.681376,83.910942,37879800
2024-04-09,84.360899,84.810847,84.333346,84.691475,32522000
2024-04-10,83.745682,83.837514,82.689684,82.845787,74368900
2024-04-11,82.992687,83.047787,82.193801,82.469276,65751200
2024-04-12,83.231448,83.516108,82.900872,82.910057,47900100
2024-04-15,81.927518,81.964249,81.284729,81.624489,55993100
2024-04-16,80.853144,81.339823,80.614394,81.08271,45103200
2024-04-17,81.606128,82.074438,81.229636,81.982613,57947000
2024-04-18,81.945889,81.973436,81.349016,81.569405,43839500
2024-04-19,82.083632,82.083632,81.642869,81.863251,44826800
2024-04-22,81.431658,81.835696,81.404111,81.725502,24969000
2024-04-23,81.477562,82.221353,81.312274,81.753036,27222700
2024-04-24,81.321456,81.385734,80.348099,81.174538,48986800
2024-04-25,80.311373,80.715411,80.201179,80.605217,49282600
2024-04-26,81.03678,81.367356,80.85313,81.027596,31589800
2024-04-29,81.413301,81.74387,81.248014,81.707146,39228600
2024-04-30,81.192882,81.477548,80.899037,81.009232,41054700
2024-05-01,81.643237,82.205341,81.311503,81.606377,59679500
2024-05-02,81.283851,82.021039,81.117984,81.956535,58925400
2024-05-03,82.868795,83.043879,82.260614,82.785858,50066100
2024-05-06,82.81351,83.16367,82.629209,83.108383,23868200
2024-05-07,83.762644,84.075944,83.495414,83.615204,30525800
2024-05-08,83.218956,83.35718,83.08074,83.108383,31171700
2024-05-09,82.813511,83.642839,82.767435,83.513832,39606700
2024-05-10,83.191318,83.283464,82.896444,83.043884,21913800
2024-05-13,83.440137,83.495424,83.218976,83.255836,23157500
2024-05-14,83.532266,83.781063,83.320323,83.725777,25746400
2024-05-15,84.656471,85.015849,84.435311,84.868408,65142900
2024-05-16,85.135645,85.163288,84.720981,84.785484,37902400
2024-05-17,84.444527,84.591968,84.16808,84.214157,24755000
2024-05-20,83.928502,84.149656,83.863999,83.965363,17922800
2024-05-21,84.527482,84.564335,84.251035,84.398468,15334400
2024-05-22,84.103595,84.573552,84.094385,84.499832,38073700
2024-05-23,84.591955,84.591955,83.688901,83.956131,51294700
2024-05-24,83.827137,84.287878,83.762634,84.204941,19164400
2024-05-28,84.158879,84.186522,82.96095,82.99781,45973700
2024-05-29,82.325112,82.380406,81.716938,81.993385,45508400
2024-05-30,82.564705,82.905655,82.417271,82.785858,29548600
2024-05-31,83.375612,83.541479,83.163668,83.347961,41308800
2024-06-03,83.808424,84.760792,83.780687,84.696068,42272100
2024-06-04,85.25084,85.805624,85.056669,85.685417,42581500
2024-06-05,85.990552,86.314171,85.426527,86.314171,43153900
2024-06-06,85.916595,86.388158,85.861119,86.184738,22891900
2024-06-07,84.908729,84.908729,84.511138,84.6036,35240500
2024-06-10,84.141306,84.196782,83.817687,84.039597,20586500
2024-06-11,84.169046,84.945738,84.067336,84.908752,30329200
2024-06-12,86.00906,86.517609,85.519008,85.546745,42554600
2024-06-13,86.193985,86.905947,85.944331,86.804237,33093800
2024-06-14,87.303549,87.691891,87.137115,87.534706,28776700
2024-06-17,86.471372,86.739515,86.249463,86.66555,31040200
2024-06-18,86.813486,87.469972,86.665549,87.460724,26881000
2024-06-20,86.36967,86.915198,86.304939,86.878212,30246300
2024-06-21,87.137107,87.359023,86.536096,86.878212,22596400
2024-06-24,86.961424,87.229561,86.674784,87.229561,56939100
2024-06-25,86.979911,87.423737,86.952174,87.377502,22890200
2024-06-26,86.249464,86.425146,86.092279,86.129265,38489100
2024-06-27,86.471359,86.647041,86.378898,86.471359,23140800
2024-06-28,86.665558,86.702537,84.862526,84.862526,55119600
2024-07-01,83.870929,84.483129,83.314388,83.397873,49735400
2024-07-02,84.112125,84.232707,83.555584,84.047195,34204700
2024-07-03,84.566612,85.234464,84.492404,85.150986,35563300
2024-07-05,85.586945,86.013634,85.243749,85.855942,34895500
2024-07-08,85.837399,86.124944,85.540577,86.041466,16095700
2024-07-09,85.772459,85.967248,85.215918,85.661148,30289800
2024-07-10,85.753912,85.967257,85.577679,85.930153,23572500
2024-07-11,86.894828,87.32151,86.700039,86.764969,49761800
2024-07-12,86.755694,87.136002,86.579453,87.136002,27796500
2024-07-15,86.264076,86.54235,86.060009,86.134216,37918900
2024-07-16,86.755698,87.386446,86.625838,87.349342,36383700
2024-07-17,87.117441,87.562678,86.904104,87.367889,29036800
2024-07-18,86.894824,87.321506,86.61655,86.700035,34553100
2024-07-19,86.301184,86.412495,86.097117,86.189873,32164700
2024-07-22,86.635108,86.746412,85.614782,85.93943,36160400
2024-07-23,86.087836,86.291903,85.791014,85.81884,23498000
2024-07-24,85.883766,86.124937,84.844892,84.891266,50757100
2024-07-25,85.364337,86.134223,85.299408,85.586952,44999100
2024-07-26,86.217703,86.403221,85.995088,86.254807,34423800
2024-07-29,86.88556,86.904116,86.468156,86.718597,25801300
2024-07-30,86.959765,87.238039,86.542361,87.052521,28169800
2024-07-31,87.683252,87.970796,87.414255,87.94297,47445300
2024-08-01,88.543251,89.259865,88.524641,88.701462,77254200
2024-08-02,90.274276,91.549286,90.171902,91.465523,91912900
2024-08-05,92.777775,93.010441,91.111888,91.949486,90686300
2024-08-06,91.344539,91.586513,89.8927,89.8927,61316900
2024-08-07,89.297093,89.762424,88.878297,89.259872,51337100
2024-08-08,88.524648,88.785232,88.264056,88.710777,37815800
2024-08-09,89.818275,89.846194,89.427391,89.585609,32141800
2024-08-12,89.371545,90.10677,89.231944,89.911331,24261400
2024-08-13,90.553484,90.609321,90.255672,90.534866,30366900
2024-08-14,90.78617,91.353875,90.748943,91.102592,31334100
2024-08-15,89.72521,90.367363,89.539074,90.367363,38723700
2024-08-16,90.6838,90.776865,90.283614,90.6838,28541000
2024-08-19,90.66518,91.353875,90.655878,91.102592,25322100
2024-08-20,91.502768,92.005327,91.316639,91.828499,25239300
2024-08-21,91.828494,92.321744,91.40039,91.884338,29230000
2024-08-22,91.419004,91.48415,90.674471,90.972282,33453800
2024-08-23,91.381802,91.828517,91.167747,91.567932,32005100
2024-08-26,91.847103,91.856404,91.279398,91.335236,23198700
2024-08-27,90.730296,91.279391,90.655848,91.177017,21507700
2024-08-28,91.214255,91.391076,90.953671,91.065346,18501400
2024-08-29,90.618645,90.869921,90.395281,90.767548,24988200
2024-08-30,90.907135,91.195639,89.781034,89.799644,42896200
2024-09-03,91.090937,91.557783,90.960221,91.268341,48947900
2024-09-04,91.389733,92.46348,91.324375,92.444809,40885200
2024-09-05,92.752922,93.070381,92.230057,92.967674,47450900
2024-09-06,92.948989,94.097425,92.612859,92.958321,57406400
2024-09-09,92.808935,93.462517,92.584851,93.35981,26961400
2024-09-10,93.24777,94.21881,93.201083,94.013397,31703400
2024-09-11,93.82666,94.526929,93.695944,93.938705,39497100
2024-09-12,93.705268,93.882672,93.079697,93.499855,41618700
2024-09-13,93.798649,93.938704,93.387822,93.751968,25722100
2024-09-16,93.957374,94.64831,93.751967,94.610962,30866300
2024-09-17,94.741665,94.900391,94.060067,94.153435,31699400
2024-09-18,93.593229,94.050743,92.939648,92.986328,48897000
2024-09-19,92.360756,92.724895,92.220701,92.678215,39979800
2024-09-20,92.426117,92.668878,92.174023,92.32341,37067600
2024-09-23,91.968616,92.519491,91.520441,92.127342,35703900
2024-09-24,91.50178,92.332765,91.361725,92.108681,31005400
2024-09-25,91.74452,91.80054,91.305684,91.343033,36738200
2024-09-26,91.567132,91.735196,90.960231,91.557793,33332300
2024-09-27,92.005964,92.211377,91.697844,92.033974,28317600
2024-09-30,92.099333,92.164691,91.389725,91.595139,34175500
2024-10-01,92.546862,93.043317,92.162808,92.256477,45254200
2024-10-02,91.197966,91.54455,90.91695,91.478981,35810800
2024-10-03,91.179234,91.33848,90.61721,90.61721,39677800
2024-10-04,89.399502,89.886588,89.362033,89.502541,56954100
2024-10-07,88.968618,89.240257,88.76254,88.82811,42606600
2024-10-08,88.41595,89.015443,88.369112,88.977974,33709600
2024-10-09,88.67823,88.903045,88.266083,88.472153,35807700
2024-10-10,87.938234,88.134942,87.497987,88.12558,53667400
2024-10-11,87.563553,88.116208,87.507345,87.769623,27406400
2024-10-14,87.151374,87.844536,87.095173,87.835167,28795300
2024-10-15,88.481522,88.987346,88.397222,88.903046,46429100
2024-10-16,89.352679,89.568125,89.118502,89.27774,32281500
2024-10-17,88.322274,88.462782,87.741512,87.863289,43427200
2024-10-18,88.097471,88.31291,87.919494,87.928864,25258600
2024-10-21,87.132663,87.198233,86.39267,86.39267,49504700
2024-10-22,86.786075,86.889113,86.261513,86.476959,32096900
2024-10-23,86.027344,86.523806,85.858743,86.24279,33354200
2024-10-24,86.392648,87.113911,86.139733,86.795433,32507400
2024-10-25,87.104551,87.151389,86.195942,86.30835,28667100
2024-10-28,86.43012,86.448858,85.633919,86.074173,33156500
2024-10-29,85.399744,86.233415,85.221775,86.205315,46545200
2024-10-30,86.964053,87.385577,86.327098,86.458237,41951100
2024-10-31,86.364532,87.057701,86.055424,86.598709,52173800
2024-11-01,86.712452,86.956813,85.340242,85.377831,80402000
2024-11-04,86.731251,87.003815,86.120334,86.703056,49747600
2024-11-05,86.496267,87.313957,86.092123,87.163574,46986000
2024-11-06,84.249996,85.265058,84.165411,84.776321,98895700
2024-11-07,85.293245,86.110935,85.199259,85.838371,56221400
2024-11-08,86.468085,87.032006,86.317702,86.928619,56756200
2024-11-11,86.703048,86.750045,86.110932,86.505676,22369200
2024-11-12,85.875979,86.327113,85.06769,85.208672,57908400
2024-11-13,86.01697,86.035771,84.325207,84.400398,49009100
2024-11-14,85.114689,85.556429,84.842126,84.889122,53328300
2024-11-15,84.513153,85.199262,84.12781,84.663536,73722400
2024-11-18,84.268807,85.14288,84.043233,84.813927,36010600
2024-11-19,85.359056,85.594024,85.171085,85.246269,29585100
2024-11-20,84.729318,85.36843,84.691722,84.973686,27755400
2024-11-21,85.011292,85.387242,84.588353,84.907906,28365700
2024-11-22,85.067674,85.246245,84.72932,84.954887,21547500
2024-11-25,86.656068,87.201195,86.458696,87.154205,56858000
2024-11-26,86.618485,86.881648,86.289524,86.815857,31122200
2024-11-27,87.445561,87.765114,87.097806,87.417366,39442200
2024-11-29,88.141063,88.338435,87.821511,88.319641,31905700
2024-12-02,87.96596,88.795921,87.711317,88.531845,39406000
2024-12-03,88.588403,88.682715,87.701857,87.767876,32768900
2024-12-04,87.343497,88.833649,87.277479,88.711037,35851100
2024-12-05,88.390384,89.022282,88.333799,88.890244,23695800
2024-12-06,89.333498,89.456103,88.673301,89.022263,31761500
2024-12-09,88.645017,88.692177,88.154592,88.201744,30509600
2024-12-10,87.730166,87.994249,87.626428,87.786758,28706500
2024-12-11,87.777346,87.984836,86.871939,86.956818,38748400
2024-12-12,86.428657,86.532402,85.825053,85.900505,45368400
2024-12-13,85.636437,85.683589,84.95738,85.023399,39486000
2024-12-16,85.400642,85.466661,84.929076,85.27803,23482300
2024-12-17,85.372333,85.815607,85.315748,85.485512,23839900
2024-12-18,85.1835,85.562221,84.397655,84.416595,61328400
2024-12-19,83.38459,83.687565,82.854385,83.13842,99083300
2024-12-20,83.820106,84.179894,83.592876,83.611809,45542400
2024-12-23,83.469793,83.536068,82.788096,82.844902,32764600
2024-12-24,82.409369,83.214146,82.352563,83.195213,22377600
2024-12-26,82.57034,83.280439,82.56087,83.147888,19981800
2024-12-27,82.825967,83.110002,82.428306,82.466179,27262300
2024-12-30,83.157347,83.356174,83.005856,83.128944,48519600
2024-12-31,83.441372,83.583393,82.617661,82.683937,31917300
2025-01-02,83.128938,83.431913,82.570323,82.911171,27841300
2025-01-03,83.053189,83.204673,82.541916,82.646065,21962200
2025-01-06,82.418831,82.589255,82.059043,82.27681,30231500
2025-01-07,81.992769,82.153723,81.225864,81.348946,41757200
2025-01-08,80.922889,81.614049,80.799801,81.453094,44590800
2025-01-10,80.743013,81.282688,80.629402,80.913437,47115800
2025-01-13,80.979703,81.102792,80.515774,80.885025,33258900
2025-01-14,80.695666,80.818748,80.373751,80.752472,33412900
2025-01-15,82.087451,82.352561,81.803416,82.144264,54120700
2025-01-16,82.030657,82.750226,81.689809,82.409378,34651100
2025-01-17,82.778621,82.825964,82.40937,82.551392,29875600
2025-01-21,83.214141,83.479243,82.967971,83.289886,30548600
2025-01-22,83.195211,83.299359,82.674468,82.854362,25278400
2025-01-23,82.030631,82.36201,81.926483,82.210526,31949000
2025-01-24,82.106396,82.636601,81.992778,82.579796,21110400
2025-01-27,83.469799,83.725432,83.176287,83.555008,42864200
2025-01-28,83.166806,83.507655,82.99639,83.498192,25519100
2025-01-29,83.725436,83.90533,82.967993,83.327782,25342800
2025-01-30,83.706488,83.990524,83.479251,83.640205,25094900
2025-01-31,83.67809,83.9432,82.778634,83.09108,48790100
2025-02-03,84.166681,84.66077,83.425544,83.767609,70657200
2025-02-04,83.187994,84.043147,83.121482,84.024147,33414000
2025-02-05,84.993327,85.68696,84.936319,85.411407,48331200
2025-02-06,85.382886,85.658439,85.088334,85.373383,22509900
2025-02-07,84.793777,84.993313,84.508728,84.822281,31171200
2025-02-10,84.812783,85.069327,84.423207,84.565735,22736100
2025-02-11,84.119163,84.261691,83.976635,84.024147,21513000
2025-02-12,82.940927,83.23548,82.532351,82.883919,48536200
2025-02-13,83.70108,84.461225,83.68208,84.261688,42718100
2025-02-14,84.926804,85.21186,84.679763,84.708267,27460700
2025-02-18,84.128674,84.413723,83.653586,83.710594,29429200
2025-02-19,83.568061,84.04315,83.511053,83.815109,20584300
2025-02-20,84.043142,84.337702,84.043142,84.128662,27913400
2025-02-21,84.442204,85.449389,84.394692,85.145332,46912300
2025-02-24,84.879314,85.572939,84.812802,85.39241,26218000
2025-02-25,86.437597,86.941189,86.276068,86.865173,50125100
2025-02-26,86.865154,87.473266,86.656114,87.37825,32220200
2025-02-27,86.760651,87.216739,86.599122,86.760651,53373600
2025-02-28,87.273748,87.872364,86.912683,87.824852,49388600
2025-03-03,87.129048,88.368161,87.09092,88.234718,42904200
2025-03-04,88.110811,88.444418,86.995599,87.148109,56722000
2025-03-05,87.272026,87.500791,86.366519,86.452301,50215900
2025-03-06,86.242599,86.547612,85.527723,86.166344,42827500
2025-03-07,86.871684,86.890752,85.77554,85.889923,36903600
2025-03-10,86.814498,87.338736,86.652461,86.785904,41440800
2025-03-11,86.709649,87.205293,85.918518,86.166344,40555700
2025-03-12,85.785077,86.147278,85.575379,85.651634,32734600
2025-03-13,85.384744,86.46182,85.194106,86.404633,38675400
2025-03-14,85.79461,86.175878,85.651633,85.947113,24658000
2025-03-17,86.547623,86.909824,86.147287,86.376053,26700300
2025-03-18,85.918517,86.757302,85.899457,86.461823,23654700
2025-03-19,86.433214,86.947925,86.147261,86.909798,31378700
2025-03-20,87.882043,87.92017,86.890755,86.967003,35645800
2025-03-21,87.052801,87.15765,86.376053,86.452301,29192100
2025-03-24,85.975696,86.032891,85.499113,85.565834,27985600
2025-03-25,85.375208,85.861326,85.318021,85.556313,22333800
2025-03-26,85.203648,85.403812,84.917695,84.99395,25095600
2025-03-27,84.688929,84.8605,84.479231,84.746124,23674500
2025-03-28,85.670692,86.109149,85.603971,85.918518,39869400
2025-03-31,86.957476,87.062318,86.128218,86.766838,38824300
2025-04-01,87.289127,87.920482,87.250862,87.518707,39800100
2025-04-02,88.360519,88.360519,86.724745,87.461319,43488400
2025-04-03,88.504022,88.704913,87.853538,87.863106,57467400
2025-04-04,89.584957,90.005853,88.790983,88.819679,92794200
2025-04-07,87.891803,88.188352,85.902095,86.141243,124987600
2025-04-08,85.404647,86.284711,84.39066,84.515015,73861900
2025-04-09,83.481881,85.050701,82.161785,85.012436,131353500
2025-04-10,83.931503,84.352407,82.601839,82.6688,78592000
2025-04-11,82.142663,83.510592,81.310425,83.118385,94814100
2025-04-14,83.606253,83.902795,83.051427,83.711479,37596400
2025-04-15,83.367103,84.361961,83.261877,84.008018,22553900
2025-04-16,83.988896,84.658508,83.673218,84.476753,35607300
2025-04-17,84.218478,84.371529,83.44364,83.730614,31758400
2025-04-21,82.840976,83.290576,82.247893,82.267021,39343200
2025-04-22,83.051435,83.24275,82.649667,82.726196,32552100
2025-04-23,85.022015,85.194202,83.386241,83.529732,44082200
2025-04-24,84.208906,84.515016,83.950629,84.40979,24190800
2025-04-25,85.041138,85.242022,84.754158,85.03157,22513900
2025-04-28,84.811566,85.643798,84.763733,85.567268,20130500
2025-04-29,85.442914,86.294282,85.423786,86.284714,22129500
2025-04-30,85.882937,86.141221,85.452473,85.586395,42630600
2025-05-01,85.699684,85.718883,84.777977,85.15242,29932800
2025-05-02,84.211522,84.557163,84.048304,84.230728,32090400
2025-05-05,83.865875,83.923486,83.366619,83.760262,22862800
2025-05-06,83.337818,84.038696,83.184196,84.038696,21095200
2025-05-07,84.413128,84.691561,84.317118,84.393929,23161600
2025-05-08,84.509141,84.547546,83.424216,83.453018,25483700
2025-05-09,83.529834,83.827467,83.453023,83.577843,17007900
2025-05-12,82.934571,83.318618,82.752154,82.800156,32115000
2025-05-13,82.694536,82.848158,82.089668,82.464111,53912200
2025-05-14,82.329711,82.444928,81.801646,81.916862,42119800
2025-05-15,82.214465,82.876945,82.070454,82.636917,59448000
2025-05-16,83.405037,83.424236,82.761756,82.857773,31778200
2025-05-19,81.523208,82.684944,81.446398,82.617737,49361900
2025-05-20,82.022461,82.185678,81.667216,82.022461,35493100
2025-05-21,81.302376,81.667217,80.419074,80.620697,77053100
2025-05-22,80.188637,81.062343,79.977418,81.043144,61747900
2025-05-23,81.388793,81.436801,80.947142,81.177574,47139200
2025-05-27,81.945646,82.598523,81.753626,82.310493,56773400
2025-05-28,82.00327,82.128082,81.580818,81.955261,34806800
2025-05-29,82.348905,82.819366,82.224093,82.713753,38933200
2025-05-30,82.656131,83.020978,82.454508,82.838554,49042100
2025-06-02,82.192888,82.366352,81.711045,82.067612,46213100
2025-06-03,82.337451,82.626553,81.80742,81.923065,33731300
2025-06-04,82.674742,83.503513,82.539826,83.252953,57441500
2025-06-05,83.532427,83.773349,83.089132,83.310776,37664700
2025-06-06,82.674742,82.809658,82.183259,82.250717,38130100
2025-06-09,81.951964,82.530175,81.951964,82.33744,26560800
2025-06-10,82.973464,83.050561,82.414524,82.761452,24857000
2025-06-11,82.693998,83.262577,82.59763,83.012016,36334800
2025-06-12,83.734777,84.033518,83.455307,84.004608,43017800
2025-06-13,83.580606,83.725153,82.665098,83.195129,49374000
2025-06-16,82.954201,83.29149,82.356712,82.356712,36496600
2025-06-17,82.877112,83.513149,82.63619,83.358955,34521600
2025-06-18,83.725153,83.927527,83.2144,83.50351,38589000
2025-06-20,83.012015,83.638413,82.828912,83.349304,26001900
2025-06-23,83.773326,84.264809,83.619133,83.619133,36851800
2025-06-24,83.330043,84.409368,83.291495,84.226273,32959100
2025-06-25,83.946799,84.332275,83.648058,84.332275,26345300
2025-06-26,84.409366,84.756294,84.033529,84.756294,30467500
2025-06-27,84.390085,84.958665,84.072067,84.216621,74993500
2025-06-30,84.669573,85.228513,84.428651,85.04541,53695200
2025-07-01,85.246596,85.420708,84.79198,85.256271,38960600
2025-07-02,84.337352,84.724259,84.250293,84.714592,39382200
2025-07-03,84.318011,84.434088,84.008481,84.124557,26729100
2025-07-07,83.708615,83.727958,83.108898,83.321701,38314700
2025-07-08,82.770353,83.224976,82.644608,83.215302,31407000
2025-07-09,83.370067,84.085854,83.360392,84.085854,29821900
2025-07-10,83.989137,84.211607,83.660257,84.143898,24525500
2025-07-11,83.408746,83.44743,82.838045,82.983139,40764800
2025-07-14,82.741327,83.070199,82.528524,82.809036,24609500
2025-07-15,83.079882,83.099231,82.122274,82.228676,40455000
2025-07-16,82.489836,82.857408,81.435501,82.344742,65987700
2025-07-17,82.431803,82.692966,82.209325,82.325401,31875500
2025-07-18,82.634935,82.663952,82.31573,82.451149,27534900
2025-07-21,83.399083,83.679595,83.147587,83.186279,40019500
2025-07-22,83.35073,83.931098,83.292696,83.689278,35190300
2025-07-23,83.23465,83.379737,82.983155,83.224976,31008500
2025-07-24,82.751,83.418419,82.712308,83.079872,25164800
2025-07-25,82.992833,83.611894,82.915449,83.602219,27196200
2025-07-28,83.176608,83.379737,83.021847,83.060539,26812500
2025-07-29,83.408762,84.482439,83.379738,84.463097,47828300
2025-07-30,83.93109,84.114876,83.727962,84.027824,40670900
2025-07-31,84.279308,84.550153,83.998795,84.07618,49814100
2025-08-01,85.019005,85.37827,84.980165,85.271461,63434500
2025-08-04,85.407397,85.591886,85.106396,85.504494,36425200
2025-08-05,85.300581,85.883168,85.232613,85.766655,28586100
2025-08-06,85.290878,85.49479,84.397578,85.271461,42589300
2025-08-07,85.368554,85.688979,85.048129,85.125809,29213100
2025-08-08,84.824804,84.853932,84.620899,84.756836,21596300
2025-08-11,84.999584,85.125808,84.747127,84.853935,20100900
2025-08-12,84.37816,84.446128,84.038318,84.426704,41052300
2025-08-13,84.902487,85.261745,84.892776,85.125809,30817500
2025-08-14,84.970453,84.970453,84.368442,84.494667,33397400
2025-08-15,84.145119,84.261632,83.747014,83.892662,36343600
2025-08-18,83.989767,84.028607,83.494565,83.649925,26777500
2025-08-19,83.941214,84.232511,83.941214,84.135414,28780600
2025-08-20,84.077148,84.446125,84.04802,84.319893,25912500
2025-08-21,84.048015,84.164536,83.611077,83.902374,28643900
2025-08-22,84.310195,84.766556,84.203386,84.523811,49871900
2025-08-25,84.213091,84.523804,84.135411,84.281059,27011900
2025-08-26,83.99948,84.271354,83.717895,84.232513,30259300
2025-08-27,83.611084,84.145126,83.504276,84.135414,38142800
2025-08-28,84.261632,84.727706,84.145119,84.688866,32205900
2025-08-29,84.242221,84.339318,83.931508,84.086861,41686400
2025-09-02,83.461128,83.665808,83.314933,83.461128,48760600
2025-09-03,83.753523,84.611231,83.714535,84.377312,52499500
2025-09-04,84.815904,85.030333,84.387054,85.020592,40501600
2025-09-05,85.985525,86.365646,85.90755,86.31691,69668000
2025-09-08,86.911448,87.486508,86.862719,87.46701,54538700
2025-09-09,87.13564,87.281842,86.736021,86.969948,37126400
2025-09-10,87.135626,87.788654,86.930946,87.46701,40713600
2025-09-11,87.63271,88.188272,87.622961,88.051811,46694400
2025-09-12,87.554759,87.700961,87.223367,87.671715,32968600
2025-09-15,87.86664,88.168786,87.788664,87.876389,24820100
2025-09-16,87.80816,88.207779,87.759431,88.061577,26794200
2025-09-17,88.412455,88.734098,87.593734,87.837402,49121800
2025-09-18,86.999181,87.203861,86.648298,86.930954,55717900
2025-09-19,86.813988,86.969939,86.541081,86.765251,32509200
2025-09-22,86.570332,86.658057,86.297426,86.453369,24758200
2025-09-23,86.716529,87.096651,86.5021,87.057663,26689000
2025-09-24,86.823738,86.901714,86.453358,86.726273,28098000
2025-09-25,86.599561,86.775002,86.219439,86.726273,29882500
2025-09-26,86.736017,87.203863,86.44362,86.6483,30955100
2025-09-29,87.028425,87.467024,86.999186,87.35981,32286200
2025-09-30,87.389048,87.75942,86.950441,87.106392,38584000
2025-10-01,87.487839,87.673673,87.135735,87.331352,39408900
2025-10-02,87.350914,87.722584,87.233551,87.585655,23208300
2025-10-03,87.663896,87.751926,87.311793,87.41938,25884500
2025-10-06,86.764069,87.204202,86.705387,86.724945,28371000
2025-10-07,87.01837,87.419372,86.861876,87.223763,29103300
2025-10-08,87.634542,87.654107,87.174851,87.292221,22506200
2025-10-09,87.21398,87.33135,87.057493,87.223763,21578700
2025-10-10,88.006219,88.729984,87.927972,88.632179,59389400
2025-10-13,88.299635,88.593058,87.88885,88.583275,28035500
2025-10-14,88.661513,88.925587,88.446337,88.866905,29800000
2025-10-15,88.964718,89.297263,88.485468,88.671303,31333900
2025-10-16,88.534368,89.492874,88.465903,89.33638,39631200
2025-10-17,89.248354,89.287477,88.906033,89.199448,40240400
2025-10-20,89.453741,89.551546,89.277689,89.541771,28429300
2025-10-21,89.97212,90.167738,89.893881,89.981903,24514300
2025-10-22,89.972124,90.157959,89.805855,90.040588,30496200
2025-10-23,89.60046,89.776512,89.28748,89.424408,28275100
2025-10-24,89.580887,89.59067,89.160326,89.463524,28266000
2025-10-27,89.316823,89.776514,89.091865,89.766731,30033600
2025-10-28,89.835188,90.157951,89.796065,90.001457,23564500
2025-10-29,89.864537,89.87432,89.023401,89.091866,39551600
2025-10-30,88.40721,88.974489,88.368086,88.573479,42649200
2025-10-31,88.573492,88.671304,88.221388,88.309418,38247300
2025-11-03,87.97076,88.167076,87.774436,88.088547,40752300
2025-11-04,88.127815,88.402661,88.08855,88.284874,26383800
2025-11-05,87.862788,87.902053,87.244377,87.322906,44643400
2025-11-06,87.911861,88.196525,87.882414,88.108185,33027400
2025-11-07,87.71555,88.216166,87.71555,87.921684,28530100
2025-11-10,87.843153,88.019841,87.744995,87.902054,24093500
2025-11-11,88.294694,88.412488,88.127824,88.304512,18942300
2025-11-12,88.294686,88.65788,88.225974,88.461563,23594900
2025-11-13,88.147453,88.284876,87.735176,87.735176,33825900
2025-11-14,88.137626,88.186701,87.234558,87.234558,38550500
2025-11-17,87.440698,87.65665,87.342539,87.450508,25605800
2025-11-18,87.70573,87.803889,87.165856,87.421066,31967400
2025-11-19,87.587942,87.666464,87.21493,87.244377,25782400
2025-11-20,87.352348,87.774435,87.352348,87.587936,32945000
2025-11-21,88.000215,88.019844,87.558492,87.852974,41938600
2025-11-24,88.294691,88.412485,88.127821,88.353592,30865700
2025-11-25,88.648072,88.922919,88.471385,88.579361,36503300
2025-11-26,88.491012,88.971992,88.176901,88.971992,34099000
2025-11-28,88.795311,88.864022,88.294694,88.549911,40704300
2025-12-01,87.526388,87.664302,87.388475,87.447578,47086600
2025-12-02,87.2604,87.634736,87.142185,87.486969,27605700
2025-12-03,87.595332,87.831762,87.418013,87.733246,23278600
2025-12-04,87.585492,87.605191,87.161898,87.260406,25541500
2025-12-05,87.23085,87.23085,86.738299,86.856506,32808100
2025-12-08,86.876218,86.886064,86.255599,86.570831,32255200
2025-12-09,87.023976,87.033829,86.531424,86.659492,25771800
2025-12-10,86.689051,87.201301,86.551137,86.994431,46833500
2025-12-11,87.368772,87.506686,86.846669,86.876221,26778700
2025-12-12,86.078284,86.196499,85.89112,86.038879,47030100
2025-12-15,86.413225,86.570837,86.088139,86.097992,28611800
2025-12-16,85.891115,86.610236,85.871409,86.570831,41018700
2025-12-17,86.324546,86.679184,86.275296,86.49202,24668300
2025-12-18,86.817114,87.06339,86.75801,86.905777,39048900
2025-12-19,86.640739,86.789081,86.442955,86.581406,37858100
2025-12-22,86.452835,86.492393,86.284718,86.393501,25547100
2025-12-23,86.106701,86.611061,86.067143,86.531944,33624100
2025-12-24,86.789082,87.105541,86.680298,87.056091,25942000
2025-12-26,87.125305,87.19453,86.630837,86.769287,26522700
2025-12-29,86.976975,87.09565,86.818749,87.09565,29399800
2025-12-30,86.769287,87.065971,86.700062,86.887962,25106800
2025-12-31,86.709961,86.937419,86.166042,86.195717,36500000
2026-01-02,86.433063,86.442955,86.057262,86.067154,40731300
2026-01-05,86.215492,86.551727,86.146267,86.492393,30178000
2026-01-06,86.185818,86.373711,85.938584,86.314377,39015200
2026-01-07,86.868183,87.036308,86.512173,86.818741,39930900
2026-01-08,86.363831,86.581398,86.284714,86.383606,28204900
2026-01-09,86.334164,87.026417,86.156155,86.957191,57348800
2026-01-12,86.531948,86.937416,86.442948,86.700066,36103100
2026-01-13,86.907745,86.93742,86.571511,86.848412,30451400
2026-01-14,86.937424,87.451668,86.917641,87.352776,39233500
2026-01-15,87.659343,87.679126,87.332993,87.332993,37988900
2026-01-16,87.154972,87.342872,86.73962,86.828629,46382400
2026-01-20,85.671578,86.067154,85.582577,85.69136,66009500
2026-01-21,85.839703,86.51218,85.661694,86.344055,51220100
2026-01-22,86.30449,86.789074,86.175931,86.719849,42419300
2026-01-23,86.858299,87.056084,86.531948,86.957191,35968800
2026-01-26,87.421993,87.510994,87.224201,87.372543,38882400
2026-01-27,87.135196,87.273647,86.709953,86.828629,35180100
2026-01-28,86.541843,86.729736,86.324276,86.630844,38750300
2026-01-29,86.185818,86.769287,86.116593,86.65062,43855000
2026-01-30,86.413273,86.591282,86.166039,86.166039,45832200
2026-02-02,86.386425,86.426135,85.919853,85.919853,38171400
2026-02-03,85.860288,86.148177,85.800727,86.128326,27438200
2026-02-04,85.999261,86.14817,85.8305,85.90992,37872900
2026-02-05,86.29708,86.843079,86.11839,86.843079,50268900
2026-02-06,86.813293,86.902641,86.565113,86.902641,33461800
2026-02-09,86.56512,86.942358,86.396359,86.88279,24708900
2026-02-10,87.597548,87.885437,87.577696,87.885437,37253700
2026-02-11,87.399003,87.835802,87.299732,87.418854,37014000
2026-02-12,87.716677,88.629977,87.706747,88.580345,48454900
2026-02-13,88.977424,89.156114,88.868224,89.066772,56785200
2026-02-17,89.275244,89.463863,89.106483,89.215683,32356700
2026-02-18,89.036997,89.205758,88.818598,88.878159,35415400
2026-02-19,88.749107,89.066777,88.719327,88.967506,28658600
2026-02-20,89.046915,89.086625,88.282525,88.759033,49610800
2026-02-23,88.898013,89.344733,88.878154,89.086624,33614600
2026-02-24,89.295092,89.39437,89.10648,89.245461,24933900
2026-02-25,89.056846,89.424154,89.056846,89.255394,23625800
2026-02-26,89.404292,89.662401,89.394371,89.612762,29447100
2026-02-27,90.029709,90.19847,89.890729,90.15876,51272000
2026-03-02,89.62191,89.631865,89.004375,89.25338,55465500
2026-03-03,88.625891,89.313139,88.586049,89.074097,51850400
2026-03-04,88.914729,89.084059,88.745408,88.795212,47069500
2026-03-05,88.277279,88.58605,88.157761,88.436646,45768900
2026-03-06,87.968514,88.586049,87.669705,88.107956,58136900
2026-03-09,87.948594,88.964531,87.858948,88.874893,52478700
2026-03-10,88.446608,88.596005,87.91871,87.928673,48651500
2026-03-11,87.400786,87.460545,86.733454,86.793213,54679900
2026-03-12,86.564127,86.902771,86.43464,86.623886,48977000
2026-03-13,86.58405,86.803175,86.125881,86.195602,43460000
2026-03-16,86.833051,86.99241,86.613925,86.86293,37341500
2026-03-17,87.012336,87.2215,86.972495,87.101974,19578100
2026-03-18,87.012332,87.131857,86.584043,86.613922,37596600
2026-03-19,86.713526,87.380866,86.623888,87.141815,60307400
2026-03-20,86.464522,86.514326,85.418705,85.488426,78948500
2026-03-23,85.837033,86.374885,85.59799,86.046196,69686700
2026-03-24,85.378863,85.946594,85.219496,85.667709,51799400
2026-03-25,86.404762,86.534242,86.13584,86.4944,37861000
2026-03-26,85.996392,86.265321,85.588027,85.767311,39537000
2026-03-27,85.159737,85.757348,85.109933,85.299179,39928900
2026-03-30,86.285234,86.603961,86.145792,86.434639,36473200
2026-03-31,86.584044,86.813132,86.225476,86.345001,47112200
2026-04-01,86.279999,86.709999,86.230003,86.260002,31157600
2026-04-02,86.209999,86.849998,86.150002,86.790001,33310600
2026-04-06,86.5,86.849998,86.389999,86.650002,14660300
2026-04-07,86.519997,86.68,85.910004,86.639999,22747200
2026-04-08,87.360001,87.370003,86.730003,86.919998,22244900
2026-04-09,86.690002,87.129997,86.389999,86.699997,18909100
2026-04-10,86.599998,86.68,86.330002,86.489998,13237300
