Date,Open,High,Low,Close,Volume
2010-02-11,0.193006,0.206297,0.192387,0.205185,6912000
2010-02-12,0.199602,0.207804,0.198441,0.206025,17203200
2010-02-16,0.210868,0.2145,0.207557,0.214005,19238400
2010-02-17,0.216872,0.217686,0.21361,0.217637,38361600
2010-02-18,0.217415,0.223072,0.216105,0.221763,77721600
2010-02-19,0.220256,0.224654,0.218576,0.221763,92966400
2010-02-22,0.224382,0.224382,0.217711,0.220206,50995200
2010-02-23,0.218996,0.220182,0.208694,0.211609,82252800
2010-02-24,0.215339,0.220503,0.214178,0.218008,70617600
2010-02-25,0.211041,0.219367,0.206816,0.217884,91238400
2010-02-26,0.217241,0.221516,0.215093,0.220602,57600000
2010-03-01,0.223394,0.231004,0.223394,0.230064,28454400
2010-03-02,0.23209,0.236439,0.23083,0.231448,48422400
2010-03-03,0.234042,0.236068,0.230485,0.232733,47961600
2010-03-04,0.233548,0.235623,0.229916,0.235302,29452800
2010-03-05,0.240317,0.24679,0.239033,0.245703,26880000
2010-03-08,0.245926,0.248792,0.245926,0.247013,25344000
2010-03-09,0.245654,0.25524,0.245456,0.251386,46425600
2010-03-10,0.251732,0.25907,0.251559,0.257537,40089600
2010-03-11,0.255982,0.26028,0.254277,0.259909,53913600
2010-03-12,0.262775,0.262775,0.257513,0.260502,36134400
2010-03-15,0.258773,0.260527,0.253239,0.258748,42393600
2010-03-16,0.261293,0.264382,0.258575,0.263641,46579200
2010-03-17,0.264381,0.269224,0.26327,0.265469,39820800
2010-03-18,0.266382,0.269002,0.264628,0.268161,52185600
2010-03-19,0.263417,0.271101,0.260602,0.263417,40051200
2010-03-22,0.260329,0.273696,0.259341,0.270533,58790400
2010-03-23,0.272386,0.276784,0.268161,0.276191,55334400
2010-03-24,0.27424,0.274833,0.270533,0.272262,89241600
2010-03-25,0.278908,0.281824,0.270336,0.270558,93926400
2010-03-26,0.274412,0.277179,0.267692,0.271966,84288000
2010-03-29,0.276068,0.278514,0.273671,0.275697,38054400
2010-03-30,0.27797,0.280984,0.272929,0.278588,39897600
2010-03-31,0.275475,0.27918,0.272929,0.274832,59558400
2010-04-01,0.277896,0.283208,0.268136,0.274289,116620800
2010-04-05,0.27629,0.283875,0.27424,0.282219,67584000
2010-04-06,0.28007,0.286938,0.278291,0.284369,58713600
2010-04-07,0.283405,0.286493,0.277822,0.282763,106252800
2010-04-08,0.279897,0.285431,0.275623,0.283776,69657600
2010-04-09,0.284714,0.289581,0.282515,0.28889,58099200
2010-04-12,0.289878,0.292275,0.287976,0.290051,48806400
2010-04-13,0.289113,0.294893,0.286493,0.294425,67238400
2010-04-14,0.298624,0.305047,0.298007,0.304801,61094400
2010-04-15,0.30448,0.310014,0.304208,0.308877,45772800
2010-04-16,0.305616,0.308605,0.292151,0.297883,129484800
2010-04-19,0.295092,0.300131,0.286592,0.297414,112742400
2010-04-20,0.302033,0.303887,0.296376,0.301811,56102400
2010-04-21,0.307938,0.309742,0.301416,0.307123,83980800
2010-04-22,0.298155,0.312706,0.293065,0.311669,122841600
2010-04-23,0.311965,0.316783,0.308284,0.315795,82368000
2010-04-26,0.316017,0.318389,0.311916,0.313448,80524800
2010-04-27,0.31041,0.31372,0.291534,0.294103,133747200
2010-04-28,0.298625,0.298921,0.287654,0.294795,125068800
2010-04-29,0.298896,0.311323,0.298871,0.309841,84748800
2010-04-30,0.309372,0.310829,0.290817,0.291583,88512000
2010-05-03,0.294993,0.307889,0.294918,0.303491,52608000
2010-05-04,0.292002,0.292028,0.270063,0.276661,137241600
2010-05-05,0.267988,0.276981,0.262874,0.272114,138508800
2010-05-06,0.266506,0.274189,0.168002,0.245456,217804800
2010-05-07,0.238959,0.247878,0.211757,0.227594,248256000
2010-05-10,0.256327,0.262306,0.254919,0.26154,189273600
2010-05-11,0.254153,0.271768,0.25267,0.261367,147033600
2010-05-12,0.26495,0.276018,0.263961,0.27545,108556800
2010-05-13,0.272806,0.278538,0.261343,0.262998,105561600
2010-05-14,0.25655,0.256895,0.238415,0.246815,154176000
2010-05-17,0.249211,0.252918,0.234215,0.250151,136857600
2010-05-18,0.256253,0.257686,0.236191,0.240589,190617600
2010-05-19,0.236439,0.242121,0.225889,0.23424,237772800
2010-05-20,0.220058,0.22164,0.206174,0.210546,272985600
2010-05-21,0.197724,0.218724,0.195624,0.212177,234316800
2010-05-24,0.213338,0.221244,0.211461,0.213931,155020800
2010-05-25,0.198045,0.213091,0.19172,0.212424,172646400
2010-05-26,0.21571,0.22458,0.204272,0.205852,208320000
2010-05-27,0.219564,0.228706,0.217785,0.228138,173222400
2010-05-28,0.229644,0.230286,0.21865,0.22495,166694400
2010-06-01,0.222578,0.234067,0.217415,0.218724,202713600
2010-06-02,0.222356,0.234116,0.217612,0.234116,113433600
2010-06-03,0.235846,0.241528,0.231398,0.240194,114854400
2010-06-04,0.225123,0.234092,0.213314,0.216476,245952000
2010-06-07,0.218576,0.220973,0.203579,0.203925,168729600
2010-06-08,0.205383,0.206742,0.194709,0.202789,265920000
2010-06-09,0.20689,0.212696,0.196044,0.198316,229440000
2010-06-10,0.205234,0.215191,0.203554,0.214771,155520000
2010-06-11,0.208101,0.221244,0.208101,0.22038,125337600
2010-06-14,0.226927,0.231275,0.219613,0.220503,227404800
2010-06-15,0.22416,0.239181,0.223493,0.236611,200102400
2010-06-16,0.236414,0.244592,0.235253,0.24138,158361600
2010-06-17,0.245159,0.24553,0.237526,0.243801,163046400
2010-06-18,0.245061,0.249385,0.242022,0.244468,139584000
2010-06-21,0.253387,0.254474,0.234018,0.238044,219916800
2010-06-22,0.240787,0.246025,0.231201,0.232412,179596800
2010-06-23,0.233276,0.235672,0.224086,0.229299,224716800
2010-06-24,0.226556,0.228532,0.216921,0.218181,239424000
2010-06-25,0.221022,0.223493,0.213388,0.218033,177561600
2010-06-28,0.218205,0.221467,0.211387,0.21608,164160000
2010-06-29,0.205926,0.206297,0.186285,0.191968,438220800
2010-06-30,0.189102,0.194512,0.180973,0.18248,183667200
2010-07-01,0.183493,0.185025,0.170127,0.180702,252326400
2010-07-02,0.181171,0.183271,0.174179,0.179713,147379200
2010-07-06,0.186582,0.190015,0.176106,0.180652,156556800
2010-07-07,0.182208,0.198267,0.181764,0.197723,160780800
2010-07-08,0.202467,0.203258,0.194092,0.201059,207360000
2010-07-09,0.20054,0.207532,0.199478,0.206693,142656000
2010-07-12,0.205926,0.212153,0.204666,0.20904,98918400
2010-07-13,0.213931,0.218946,0.209311,0.21618,174144000
2010-07-14,0.218033,0.22332,0.215216,0.219638,109516800
2010-07-15,0.218724,0.222331,0.211609,0.220405,114201600
2010-07-16,0.218477,0.218749,0.201701,0.202665,181363200
2010-07-19,0.203827,0.208521,0.198909,0.207236,124224000
2010-07-20,0.196958,0.214648,0.195377,0.213783,127948800
2010-07-21,0.221862,0.221862,0.204914,0.206297,172492800
2010-07-22,0.214352,0.224457,0.214352,0.220206,126451200
2010-07-23,0.217118,0.226211,0.215908,0.225938,138854400
2010-07-26,0.226927,0.231547,0.223764,0.230904,100761600
2010-07-27,0.234314,0.235352,0.227964,0.230855,119692800
2010-07-28,0.230386,0.233276,0.223097,0.226136,77568000
2010-07-29,0.229274,0.230756,0.213759,0.22075,152755200
2010-07-30,0.215142,0.225914,0.211263,0.222257,129830400
2010-08-02,0.230485,0.235945,0.227939,0.234215,90163200
2010-08-03,0.23377,0.234512,0.228138,0.231794,64012800
2010-08-04,0.234833,0.239156,0.231794,0.238489,80908800
2010-08-05,0.234907,0.237921,0.23209,0.237081,66470400
2010-08-06,0.228557,0.236982,0.225148,0.235969,152755200
2010-08-09,0.239205,0.242121,0.236142,0.240095,85632000
2010-08-10,0.234709,0.238292,0.228582,0.235005,158016000
2010-08-11,0.222529,0.222678,0.212251,0.215661,154905600
2010-08-12,0.202739,0.212547,0.201529,0.209582,145920000
2010-08-13,0.207854,0.210226,0.205407,0.205407,57945600
2010-08-16,0.202344,0.210719,0.19975,0.206568,95424000
2010-08-17,0.211189,0.21996,0.209953,0.214426,120076800
2010-08-18,0.213338,0.220701,0.210893,0.216353,71155200
2010-08-19,0.213289,0.215487,0.202838,0.208397,102412800
2010-08-20,0.206297,0.209262,0.202616,0.20768,88588800
2010-08-23,0.212325,0.213585,0.201652,0.201949,108211200
2010-08-24,0.195352,0.19681,0.188014,0.190361,144806400
2010-08-25,0.186656,0.198416,0.185741,0.196069,144153600
2010-08-26,0.198589,0.198909,0.188385,0.18967,132979200
2010-08-27,0.19298,0.196785,0.181344,0.195945,192460800
2010-08-30,0.192931,0.198094,0.189547,0.189596,105139200
2010-08-31,0.186779,0.192635,0.184086,0.188657,156441600
2010-09-01,0.19592,0.206371,0.195649,0.204469,129638400
2010-09-02,0.205729,0.211486,0.204172,0.211486,54297600
2010-09-03,0.217909,0.222257,0.215661,0.222257,135283200
2010-09-07,0.219268,0.221911,0.216377,0.216847,97382400
2010-09-08,0.219268,0.228113,0.219268,0.224506,113894400
2010-09-09,0.231497,0.231868,0.226408,0.227346,90355200
2010-09-10,0.229002,0.231028,0.225271,0.229793,63936000
2010-09-13,0.235797,0.241652,0.235574,0.239923,83712000
2010-09-14,0.238909,0.246667,0.237526,0.242961,84748800
2010-09-15,0.241034,0.248298,0.239082,0.247087,67660800
2010-09-16,0.246938,0.25099,0.24432,0.250571,93772800
2010-09-17,0.255685,0.255685,0.24941,0.253239,114816000
2010-09-20,0.25608,0.267791,0.25519,0.266432,105561600
2010-09-21,0.266655,0.271768,0.262775,0.265592,173875200
2010-09-22,0.262627,0.269521,0.259909,0.264332,96576000
2010-09-23,0.258922,0.271522,0.25813,0.263541,137088000
2010-09-24,0.272954,0.280169,0.271645,0.278464,126528000
2010-09-27,0.279749,0.281206,0.274511,0.275277,97113600
2010-09-28,0.277871,0.277871,0.262084,0.275968,146227200
2010-09-29,0.273795,0.277525,0.270656,0.273745,63859200
2010-09-30,0.277896,0.282788,0.264677,0.270039,177484800
2010-10-01,0.276364,0.277476,0.265221,0.269199,117043200
2010-10-04,0.266506,0.269248,0.25566,0.25986,123840000
2010-10-05,0.269076,0.280539,0.268631,0.279205,109785600
2010-10-06,0.278044,0.279798,0.266605,0.27209,88512000
2010-10-07,0.27671,0.276907,0.268161,0.274758,78950400
2010-10-08,0.275252,0.282293,0.269644,0.280292,68544000
2010-10-11,0.281083,0.284764,0.278315,0.280861,38131200
2010-10-12,0.279008,0.288198,0.272435,0.286692,97728000
2010-10-13,0.291978,0.29724,0.289507,0.293658,96844800
2010-10-14,0.294004,0.295709,0.287556,0.292028,79756800
2010-10-15,0.302478,0.310656,0.295734,0.310656,119577600
2010-10-18,0.311151,0.313843,0.307321,0.310656,86976000
2010-10-19,0.298352,0.305468,0.291113,0.298303,127296000
2010-10-20,0.301218,0.311224,0.299341,0.304505,93465600
2010-10-21,0.310656,0.314017,0.297735,0.306629,109708800
2010-10-22,0.307,0.313299,0.305394,0.312608,58713600
2010-10-25,0.316364,0.322737,0.316364,0.317351,77184000
2010-10-26,0.312361,0.321477,0.308705,0.319253,74841600
2010-10-27,0.315178,0.323355,0.313448,0.32254,112857600
2010-10-28,0.327012,0.327185,0.316709,0.324393,107788800
2010-10-29,0.324319,0.328074,0.322416,0.322836,80755200
2010-11-01,0.326122,0.332719,0.318958,0.323578,85209600
2010-11-02,0.33136,0.336079,0.329828,0.333385,68121600
2010-11-03,0.335066,0.338303,0.3259,0.338203,115161600
2010-11-04,0.349988,0.354337,0.347542,0.350186,111859200
2010-11-05,0.351026,0.352706,0.347616,0.350606,113971200
2010-11-08,0.348827,0.353299,0.346307,0.351496,103449600
2010-11-09,0.356486,0.357721,0.341514,0.345813,121881600
2010-11-10,0.347641,0.352335,0.339489,0.3511,91968000
2010-11-11,0.33477,0.346406,0.330718,0.345195,121843200
2010-11-12,0.339489,0.343515,0.320119,0.32763,218265600
2010-11-15,0.333238,0.334621,0.323726,0.324121,119193600
2010-11-16,0.317179,0.322737,0.304306,0.308038,181632000
2010-11-17,0.30858,0.315573,0.306358,0.310952,111168000
2010-11-18,0.320958,0.331854,0.320712,0.325406,138739200
2010-11-19,0.324343,0.328593,0.320638,0.326172,93427200
2010-11-22,0.322293,0.33477,0.320958,0.33477,147456000
2010-11-23,0.324862,0.325801,0.313275,0.318957,185856000
2010-11-24,0.328024,0.34018,0.32763,0.337586,129484800
2010-11-26,0.331705,0.338031,0.329754,0.335461,59673600
2010-11-29,0.329828,0.333535,0.318513,0.330792,176524800
2010-11-30,0.320291,0.324442,0.314634,0.318217,200716800
2010-12-01,0.332817,0.343515,0.332298,0.338451,206860800
2010-12-02,0.339957,0.350211,0.339093,0.348728,132134400
2010-12-03,0.344528,0.35278,0.344405,0.351644,175449600
2010-12-06,0.351718,0.353076,0.348185,0.351026,99072000
2010-12-07,0.363997,0.364022,0.35073,0.351348,164428800
2010-12-08,0.35483,0.357104,0.347938,0.356215,93427200
2010-12-09,0.362169,0.362243,0.353299,0.356585,99878400
2010-12-10,0.359031,0.364738,0.356091,0.364071,88204800
2010-12-13,0.368642,0.368642,0.359475,0.359797,80755200
2010-12-14,0.362638,0.366221,0.35866,0.361304,76876800
2010-12-15,0.361008,0.367727,0.354534,0.357623,95577600
2010-12-16,0.357993,0.366986,0.35577,0.365084,86131200
2010-12-17,0.366245,0.369358,0.364244,0.366196,61209600
2010-12-20,0.368123,0.371088,0.359229,0.367184,126144000
2010-12-21,0.371433,0.37341,0.368593,0.373237,33600000
2010-12-22,0.373287,0.375164,0.37173,0.373632,43200000
2010-12-23,0.371681,0.373187,0.36837,0.370791,36864000
2010-12-27,0.367801,0.373064,0.35997,0.37094,64166400
2010-12-28,0.373706,0.374028,0.366814,0.369334,63475200
2010-12-29,0.372594,0.373607,0.370593,0.371533,45465600
2010-12-30,0.371681,0.371779,0.366888,0.368741,28761600
2010-12-31,0.367926,0.367926,0.359945,0.365356,48729600
2011-01-03,0.375066,0.389395,0.375015,0.381859,133516800
2011-01-04,0.386652,0.386751,0.373978,0.381266,131520000
2011-01-05,0.377487,0.390902,0.376992,0.390729,122880000
2011-01-06,0.392112,0.395176,0.389691,0.394262,104524800
2011-01-07,0.396263,0.39693,0.381934,0.393348,152409600
2011-01-10,0.390358,0.399771,0.387764,0.39777,86054400
2011-01-11,0.402613,0.403477,0.395522,0.399599,109939200
2011-01-12,0.405133,0.407949,0.400463,0.407703,134092800
2011-01-13,0.40916,0.411482,0.405059,0.408987,131443200
2011-01-14,0.408789,0.41798,0.406121,0.417857,61286400
2011-01-18,0.407184,0.422477,0.406492,0.421191,138124800
2011-01-19,0.423341,0.423341,0.402859,0.407085,149952000
2011-01-20,0.402217,0.40323,0.388876,0.397943,189465600
2011-01-21,0.403749,0.40617,0.388579,0.388851,104832000
2011-01-24,0.391025,0.405256,0.38895,0.40491,86438400
2011-01-25,0.399451,0.406862,0.396535,0.406318,95846400
2011-01-26,0.408938,0.416448,0.405157,0.412619,99379200
2011-01-27,0.417461,0.424082,0.415188,0.420574,111360000
2011-01-28,0.420723,0.421513,0.383267,0.388851,254553600
2011-01-31,0.390383,0.397573,0.381711,0.394608,159974400
2011-02-01,0.4037,0.419265,0.402168,0.416522,203443200
2011-02-02,0.414324,0.418919,0.412026,0.414644,92121600
2011-02-03,0.412347,0.418499,0.402391,0.416251,131558400
2011-02-04,0.417313,0.424453,0.413532,0.423762,135936000
2011-02-07,0.426405,0.436534,0.424305,0.429913,103795200
2011-02-08,0.430061,0.43908,0.427912,0.43908,133977600
2011-02-09,0.436164,0.440018,0.432137,0.436411,130406400
2011-02-10,0.429147,0.439425,0.426183,0.438536,142080000
2011-02-11,0.434484,0.4478,0.432359,0.447529,94540800
2011-02-14,0.44743,0.45242,0.446244,0.450346,59635200
2011-02-15,0.447849,0.450172,0.442785,0.449184,93235200
2011-02-16,0.452717,0.461093,0.452049,0.457486,141120000
2011-02-17,0.45074,0.459536,0.449901,0.45709,86745600
2011-02-18,0.457361,0.45919,0.449085,0.454496,128179200
2011-02-22,0.436361,0.439771,0.412594,0.414472,241843200
2011-02-23,0.414348,0.418795,0.394954,0.404243,194265600
2011-02-24,0.407085,0.414076,0.3953,0.409999,320524800
2011-02-25,0.417634,0.429345,0.416448,0.427566,108345600
2011-02-28,0.432457,0.436708,0.422921,0.430679,104313600
2011-03-01,0.43646,0.43646,0.406417,0.409975,122899200
2011-03-02,0.409184,0.424206,0.408839,0.415756,114105600
2011-03-03,0.427863,0.442835,0.427814,0.440561,132825600
2011-03-04,0.440759,0.440759,0.425442,0.434039,109420800
2011-03-07,0.439474,0.440215,0.405083,0.416745,137568000
2011-03-08,0.414373,0.427121,0.407653,0.421093,128774400
2011-03-09,0.417634,0.418177,0.40622,0.412594,97056000
2011-03-10,0.397968,0.401476,0.388728,0.393718,174892800
2011-03-11,0.387147,0.403651,0.386554,0.40029,102547200
2011-03-14,0.393768,0.402711,0.387443,0.396387,78912000
2011-03-15,0.361106,0.386702,0.357499,0.380179,187852800
2011-03-16,0.370692,0.376474,0.344652,0.352261,216768000
2011-03-17,0.36837,0.373064,0.361106,0.361452,116486400
2011-03-18,0.374102,0.37425,0.358734,0.359475,118713600
2011-03-21,0.375238,0.385417,0.373657,0.379537,95251200
2011-03-22,0.381316,0.382452,0.375534,0.378499,64358400
2011-03-23,0.373855,0.387592,0.366245,0.384231,104544000
2011-03-24,0.393224,0.407554,0.386504,0.405133,130656000
2011-03-25,0.409184,0.416053,0.406417,0.408097,148300800
2011-03-28,0.413632,0.413681,0.400686,0.40118,88838400
2011-03-29,0.398759,0.412791,0.394608,0.412693,67296000
2011-03-30,0.419018,0.420352,0.413384,0.41877,67545600
2011-03-31,0.417041,0.421587,0.41457,0.420549,56428800
2011-04-01,0.426577,0.430679,0.417535,0.421191,75552000
2011-04-04,0.424799,0.425836,0.411556,0.417387,62419200
2011-04-05,0.414274,0.420994,0.411111,0.412644,53932800
2011-04-06,0.422526,0.426628,0.409234,0.415756,66393600
2011-04-07,0.416053,0.423613,0.40711,0.415658,71942400
2011-04-08,0.42139,0.422872,0.403255,0.409432,50457600
2011-04-11,0.414176,0.416991,0.401673,0.405725,56083200
2011-04-12,0.399994,0.403008,0.392582,0.397721,66566400
2011-04-13,0.406318,0.410568,0.39777,0.407208,70848000
2011-04-14,0.398709,0.406862,0.393817,0.404985,67872000
2011-04-15,0.400241,0.407653,0.395201,0.402366,149683200
2011-04-18,0.390704,0.394806,0.374744,0.394608,125760000
2011-04-19,0.397079,0.401724,0.391248,0.401724,107328000
2011-04-20,0.422921,0.430086,0.421488,0.428456,131155200
2011-04-21,0.441846,0.441994,0.435373,0.439326,64972800
2011-04-25,0.440908,0.44323,0.437894,0.442587,45350400
2011-04-26,0.446195,0.454595,0.443477,0.450197,44793600
2011-04-27,0.452124,0.460672,0.446491,0.459536,62668800
2011-04-28,0.455039,0.459041,0.451382,0.458844,66028800
2011-04-29,0.455287,0.459981,0.45336,0.45662,52416000
2011-05-02,0.458597,0.461512,0.450098,0.45415,53875200
2011-05-03,0.452717,0.454002,0.438832,0.447331,52204800
2011-05-04,0.447281,0.451087,0.434138,0.444712,81945600
2011-05-05,0.43819,0.453557,0.433199,0.438042,95750400
2011-05-06,0.451383,0.458498,0.438338,0.441846,76838400
2011-05-09,0.443922,0.452074,0.439228,0.446639,41875200
2011-05-10,0.451037,0.46003,0.448616,0.458103,55353600
2011-05-11,0.456719,0.461068,0.43898,0.448221,64704000
2011-05-12,0.443526,0.458004,0.436362,0.456126,60288000
2011-05-13,0.453063,0.455139,0.439524,0.439969,74054400
2011-05-16,0.434187,0.437646,0.414176,0.41709,79718400
2011-05-17,0.410815,0.420747,0.408295,0.4205,89740800
2011-05-18,0.418969,0.433199,0.417239,0.430728,42566400
2011-05-19,0.435719,0.43735,0.427022,0.434435,52627200
2011-05-20,0.432952,0.434632,0.423267,0.424849,43660800
2011-05-23,0.407406,0.410865,0.400389,0.406417,77433600
2011-05-24,0.409531,0.409531,0.398659,0.398759,67929600
2011-05-25,0.396831,0.408789,0.396585,0.403206,53913600
2011-05-26,0.399252,0.414125,0.399252,0.410766,47136000
2011-05-27,0.412792,0.418128,0.411903,0.416893,35059200
2011-05-31,0.4289,0.436954,0.422131,0.436954,55315200
2011-06-01,0.434088,0.436856,0.407851,0.409036,92352000
2011-06-02,0.410865,0.415311,0.404638,0.411408,46790400
2011-06-03,0.39698,0.406022,0.391347,0.39273,81388800
2011-06-06,0.390902,0.395893,0.382799,0.383243,53472000
2011-06-07,0.386207,0.390655,0.380327,0.38102,55852800
2011-06-08,0.3784,0.380378,0.369605,0.372817,93523200
2011-06-09,0.372965,0.379785,0.369506,0.374448,44064000
2011-06-10,0.369358,0.371878,0.356709,0.357252,55699200
2011-06-13,0.358784,0.362984,0.353892,0.357499,58982400
2011-06-14,0.365554,0.373904,0.365454,0.370791,58521600
2011-06-15,0.36076,0.367184,0.348111,0.350532,89337600
2011-06-16,0.35073,0.35404,0.337042,0.34564,85171200
2011-06-17,0.355423,0.356758,0.340057,0.343071,89971200
2011-06-20,0.339711,0.351125,0.339711,0.347616,47212800
2011-06-21,0.352113,0.371483,0.347419,0.370791,74284800
2011-06-22,0.36585,0.372274,0.362193,0.36244,62208000
2011-06-23,0.350532,0.372965,0.347271,0.372471,115852800
2011-06-24,0.366937,0.368074,0.351125,0.352854,94041600
2011-06-27,0.354534,0.374843,0.352509,0.370001,74361600
2011-06-28,0.372669,0.3868,0.371285,0.386603,57676800
2011-06-29,0.390013,0.393323,0.382947,0.391445,68409600
2011-06-30,0.395547,0.407504,0.394855,0.406318,90432000
2011-07-01,0.407653,0.426726,0.404145,0.425145,76723200
2011-07-05,0.426577,0.432656,0.42386,0.431272,73286400
2011-07-06,0.430185,0.437695,0.425935,0.435867,79833600
2011-07-07,0.445453,0.457312,0.443872,0.453508,107097600
2011-07-08,0.441994,0.449901,0.43478,0.449753,146035200
2011-07-11,0.436015,0.44239,0.420895,0.425639,135417600
2011-07-12,0.425046,0.427813,0.414669,0.415262,100646400
2011-07-13,0.424503,0.433446,0.416399,0.420797,114796800
2011-07-14,0.424502,0.429938,0.401525,0.406318,123436800
2011-07-15,0.420302,0.422477,0.411606,0.422477,96403200
2011-07-18,0.416152,0.420895,0.4037,0.41551,84691200
2011-07-19,0.428011,0.445453,0.427912,0.444811,144864000
2011-07-20,0.451877,0.452124,0.436806,0.438585,107078400
2011-07-21,0.439919,0.454595,0.432853,0.447479,131212800
2011-07-22,0.447084,0.463143,0.445799,0.461364,91468800
2011-07-25,0.44995,0.46596,0.447726,0.458647,80102400
2011-07-26,0.457115,0.46675,0.45494,0.461167,103353600
2011-07-27,0.452767,0.453606,0.42297,0.426183,144057600
2011-07-28,0.426973,0.444416,0.421933,0.428456,123398400
2011-07-29,0.417931,0.437498,0.411952,0.424305,149740800
2011-08-01,0.439673,0.441945,0.403206,0.418573,197337600
2011-08-02,0.412199,0.417832,0.38517,0.3868,177004800
2011-08-03,0.387789,0.398808,0.367926,0.396831,175584000
2011-08-04,0.380476,0.382354,0.342725,0.342823,292108800
2011-08-05,0.354188,0.358586,0.307197,0.335263,317836800
2011-08-08,0.305715,0.322318,0.275722,0.276364,385459200
2011-08-09,0.287284,0.315202,0.264802,0.314214,425856000
2011-08-10,0.293164,0.306852,0.275524,0.277154,323577600
2011-08-11,0.287927,0.322218,0.284418,0.312731,286348800
2011-08-12,0.319846,0.326369,0.30868,0.320687,250291200
2011-08-15,0.32469,0.334621,0.320242,0.334522,151488000
2011-08-16,0.325431,0.334621,0.313176,0.325925,150643200
2011-08-17,0.327901,0.335708,0.310706,0.320638,212236800
2011-08-18,0.294498,0.294597,0.265295,0.27414,328723200
2011-08-19,0.264802,0.284714,0.257933,0.258773,287328000
2011-08-22,0.276957,0.27755,0.258971,0.261095,216460800
2011-08-23,0.266679,0.293609,0.263616,0.293411,286137600
2011-08-24,0.291879,0.302009,0.284023,0.300329,197164800
2011-08-25,0.299686,0.303936,0.282738,0.2859,152582400
2011-08-26,0.283331,0.310063,0.274585,0.306555,222412800
2011-08-29,0.316239,0.333781,0.316239,0.332645,226464000
2011-08-30,0.329087,0.345343,0.323652,0.339414,228940800
2011-08-31,0.34569,0.353744,0.332497,0.341391,256454400
2011-09-01,0.343615,0.35157,0.329828,0.331756,197836800
2011-09-02,0.313077,0.317969,0.303244,0.308531,154137600
2011-09-06,0.286741,0.309866,0.284616,0.308482,170054400
2011-09-07,0.321873,0.332052,0.319254,0.331805,160089600
2011-09-08,0.326518,0.341143,0.324294,0.327209,199046400
2011-09-09,0.321181,0.32469,0.299538,0.305666,207648000
2011-09-12,0.295586,0.317821,0.294943,0.317129,239712000
2011-09-13,0.320786,0.331854,0.316339,0.329433,280243200
2011-09-14,0.335164,0.355275,0.324936,0.343664,233625600
2011-09-15,0.355572,0.360958,0.344801,0.359278,235372800
2011-09-16,0.362095,0.370198,0.359624,0.368667,246220800
2011-09-19,0.355622,0.375288,0.346283,0.369605,247449600
2011-09-20,0.374941,0.383885,0.362045,0.364368,239155200
2011-09-21,0.37005,0.375634,0.345542,0.345838,234451200
2011-09-22,0.31955,0.328247,0.296969,0.312188,335462400
2011-09-23,0.304232,0.325875,0.30359,0.321922,261504000
2011-09-26,0.326912,0.334621,0.305369,0.332842,246988800
2011-09-27,0.350334,0.358734,0.336499,0.343022,259027200
2011-09-28,0.347864,0.354584,0.325876,0.326863,269184000
2011-09-29,0.343367,0.344208,0.30023,0.317179,336556800
2011-09-30,0.304628,0.311595,0.291534,0.292521,287462400
2011-10-03,0.28422,0.298056,0.269199,0.269595,410649600
2011-10-04,0.261195,0.287728,0.253239,0.285999,689280000
2011-10-05,0.284023,0.310557,0.277451,0.307741,520569600
2011-10-06,0.307345,0.323553,0.302849,0.323553,456460800
2011-10-07,0.322614,0.327357,0.310804,0.316882,288364800
2011-10-10,0.33304,0.349395,0.331656,0.349395,216960000
2011-10-11,0.346974,0.359327,0.345294,0.356857,200947200
2011-10-12,0.367481,0.374299,0.361403,0.362589,258950400
2011-10-13,0.360415,0.373706,0.359179,0.372323,187161600
2011-10-14,0.386455,0.392829,0.380081,0.392829,191481600
2011-10-17,0.387245,0.390902,0.368419,0.374645,1094342400
2011-10-18,0.373311,0.394558,0.362539,0.388234,285792000
2011-10-19,0.383243,0.385763,0.36244,0.36585,242246400
2011-10-20,0.36501,0.366838,0.345146,0.361205,203174400
2011-10-21,0.372126,0.381069,0.364219,0.374052,188428800
2011-10-24,0.37845,0.400438,0.377215,0.397424,197356800
2011-10-25,0.393175,0.393916,0.371533,0.374892,200755200
2011-10-26,0.380476,0.382749,0.352113,0.37341,383692800
2011-10-27,0.399451,0.410124,0.387789,0.403503,330528000
2011-10-28,0.39609,0.406417,0.39609,0.404836,127161600
2011-10-31,0.394015,0.398858,0.383985,0.384775,157977600
2011-11-01,0.357005,0.365158,0.348704,0.354979,392870400
2011-11-02,0.365207,0.368172,0.353744,0.363725,243648000
2011-11-03,0.372619,0.387641,0.359723,0.385862,285561600
2011-11-04,0.380179,0.384972,0.368667,0.379883,158323200
2011-11-07,0.379933,0.389074,0.368123,0.388333,223084800
2011-11-08,0.396585,0.403601,0.38349,0.401279,205900800
2011-11-09,0.377955,0.379933,0.356857,0.359772,222144000
2011-11-10,0.370297,0.371088,0.348358,0.358289,177945600
2011-11-11,0.368468,0.382106,0.366789,0.3784,171532800
2011-11-14,0.376177,0.382255,0.367678,0.371977,113126400
2011-11-15,0.369161,0.388679,0.367629,0.383935,220108800
2011-11-16,0.375733,0.384478,0.363182,0.36501,242092800
2011-11-17,0.362391,0.362688,0.33304,0.339908,445920000
2011-11-18,0.339859,0.340946,0.329977,0.331756,236198400
2011-11-21,0.318908,0.31955,0.30275,0.312484,272352000
2011-11-22,0.309766,0.31866,0.304776,0.315202,320659200
2011-11-23,0.308729,0.309618,0.294004,0.294251,310272000
2011-11-25,0.29104,0.300872,0.28758,0.28758,123552000
2011-11-28,0.308631,0.318711,0.308432,0.317277,262752000
2011-11-29,0.316289,0.324195,0.309124,0.311545,234432000
2011-11-30,0.337042,0.346925,0.334177,0.345739,242457600
2011-12-01,0.346134,0.355918,0.345245,0.353151,183475200
2011-12-02,0.363577,0.363824,0.349445,0.349791,129081600
2011-12-05,0.366591,0.368913,0.35577,0.361254,189158400
2011-12-06,0.362984,0.365652,0.355275,0.358488,140025600
2011-12-07,0.35577,0.363675,0.344801,0.359031,154080000
2011-12-08,0.351816,0.35992,0.338623,0.340749,259795200
2011-12-09,0.343763,0.360068,0.342873,0.356906,196243200
2011-12-12,0.345887,0.346233,0.336005,0.345195,214579200
2011-12-13,0.351767,0.355918,0.329235,0.333535,231590400
2011-12-14,0.329532,0.33057,0.312386,0.318018,409939200
2011-12-15,0.327012,0.327111,0.313967,0.315548,306950400
2011-12-16,0.320736,0.33304,0.318611,0.319501,280934400
2011-12-19,0.323849,0.325925,0.308235,0.310656,199296000
2011-12-20,0.325381,0.339266,0.325381,0.338228,267705600
2011-12-21,0.332447,0.332447,0.312287,0.324146,343718400
2011-12-22,0.325431,0.332546,0.324541,0.332052,200947200
2011-12-23,0.333929,0.340699,0.332002,0.34065,110918400
2011-12-27,0.339364,0.346875,0.337981,0.343268,139776000
2011-12-28,0.342429,0.343664,0.328988,0.332249,200294400
2011-12-29,0.333188,0.339513,0.330372,0.338722,135436800
2011-12-30,0.336746,0.341143,0.335757,0.335956,115622400
2012-01-03,0.354881,0.360415,0.352706,0.355078,202732800
2012-01-04,0.353398,0.361057,0.348852,0.359327,119692800
2012-01-05,0.357499,0.369358,0.353299,0.368172,138796800
2012-01-06,0.369161,0.374695,0.364615,0.371977,207494400
2012-01-09,0.375041,0.375634,0.365158,0.368864,153945600
2012-01-10,0.380772,0.383737,0.373855,0.376424,157305600
2012-01-11,0.376424,0.381464,0.372372,0.379043,137241600
2012-01-12,0.382057,0.384923,0.37341,0.38354,154329600
2012-01-13,0.37761,0.379636,0.369555,0.379141,155155200
2012-01-17,0.389765,0.394459,0.385417,0.389321,129024000
2012-01-18,0.392137,0.405182,0.389914,0.404787,213830400
2012-01-19,0.410518,0.414917,0.40869,0.41289,226790400
2012-01-20,0.407356,0.411408,0.406615,0.411062,80179200
2012-01-23,0.410963,0.419907,0.404194,0.411013,137664000
2012-01-24,0.405775,0.412248,0.403552,0.40874,95596800
2012-01-25,0.421636,0.427418,0.412248,0.424355,202521600
2012-01-26,0.42979,0.432112,0.413928,0.419857,187084800
2012-01-27,0.417436,0.425836,0.416745,0.424008,168844800
2012-01-30,0.413187,0.426429,0.408345,0.4247,168672000
2012-01-31,0.430778,0.433298,0.418276,0.426183,198201600
2012-02-01,0.433495,0.441401,0.429394,0.436657,175737600
2012-02-02,0.440957,0.445108,0.435719,0.441154,145190400
2012-02-03,0.45336,0.460277,0.450988,0.458696,155040000
2012-02-06,0.453508,0.458301,0.450346,0.458251,130828800
2012-02-07,0.457065,0.46339,0.450839,0.460227,130176000
2012-02-08,0.460919,0.467886,0.455929,0.467886,154886400
2012-02-09,0.472976,0.479795,0.46502,0.478263,152544000
2012-02-10,0.468134,0.471988,0.463192,0.468034,194803200
2012-02-13,0.47851,0.482809,0.472433,0.480635,159206400
2012-02-14,0.477917,0.484835,0.473075,0.484835,173875200
2012-02-15,0.491802,0.499708,0.472433,0.474013,383865600
2012-02-16,0.475447,0.495804,0.471543,0.493828,252268800
2012-02-17,0.494273,0.495459,0.483254,0.489628,161932800
2012-02-21,0.491506,0.500054,0.48444,0.493779,164371200
2012-02-22,0.490765,0.495064,0.484885,0.487256,125376000
2012-02-23,0.488937,0.498028,0.481772,0.496496,210144000
2012-02-24,0.500647,0.504254,0.497979,0.501339,134572800
2012-02-27,0.492741,0.508553,0.48696,0.503761,184819200
2012-02-28,0.504797,0.518831,0.503266,0.518831,191980800
2012-02-29,0.520412,0.525255,0.507269,0.512012,266092800
2012-03-01,0.517991,0.525699,0.513445,0.524464,234643200
2012-03-02,0.522685,0.528121,0.518139,0.522883,166252800
2012-03-05,0.522339,0.524019,0.501734,0.506576,244454400
2012-03-06,0.492345,0.495113,0.483945,0.492049,215558400
2012-03-07,0.498868,0.506477,0.496694,0.503217,187238400
2012-03-08,0.511765,0.523772,0.508948,0.519177,124761600
2012-03-09,0.52224,0.528664,0.521005,0.525452,154944000
2012-03-12,0.52481,0.52817,0.518683,0.526293,151507200
2012-03-13,0.535532,0.556039,0.532024,0.55594,191462400
2012-03-14,0.55757,0.567996,0.55164,0.562165,243052800
2012-03-15,0.56681,0.569972,0.558509,0.566464,196819200
2012-03-16,0.569231,0.56933,0.561474,0.565229,138297600
2012-03-19,0.568046,0.581337,0.564043,0.577533,191961600
2012-03-20,0.568688,0.582523,0.563994,0.580695,184396800
2012-03-21,0.581238,0.590282,0.578372,0.580497,156576000
2012-03-22,0.570171,0.581041,0.569824,0.576989,213216000
2012-03-23,0.579262,0.579658,0.566267,0.576199,157497600
2012-03-26,0.586921,0.606291,0.586279,0.606291,158553600
2012-03-27,0.606934,0.616272,0.606686,0.608613,179251200
2012-03-28,0.609749,0.616717,0.590775,0.601497,190368000
2012-03-29,0.592999,0.6013,0.58193,0.595321,172300800
2012-03-30,0.602832,0.603524,0.584105,0.591171,126451200
2012-04-02,0.58954,0.611924,0.586526,0.609206,125452800
2012-04-03,0.611874,0.617507,0.598829,0.609256,167500800
2012-04-04,0.594975,0.59631,0.573926,0.584401,205152000
2012-04-05,0.581189,0.596557,0.579707,0.595075,154656000
2012-04-09,0.572443,0.588799,0.569775,0.581387,143904000
2012-04-10,0.5803,0.587416,0.547984,0.553321,293433600
2012-04-11,0.568639,0.572443,0.557225,0.561326,168806400
2012-04-12,0.564636,0.582474,0.562561,0.580151,178291200
2012-04-13,0.574321,0.574815,0.553469,0.553914,183321600
2012-04-16,0.563154,0.56345,0.53069,0.536471,200486400
2012-04-17,0.543142,0.573234,0.540177,0.568095,189254400
2012-04-18,0.563006,0.573729,0.558756,0.563944,128294400
2012-04-19,0.558015,0.578126,0.538843,0.545711,199200000
2012-04-20,0.553617,0.561029,0.537953,0.539831,171033600
2012-04-23,0.525946,0.527972,0.511172,0.526243,140140800
2012-04-24,0.522932,0.529059,0.51048,0.516953,129696000
2012-04-25,0.549071,0.559053,0.546601,0.558015,152409600
2012-04-26,0.557224,0.57185,0.555891,0.567996,142483200
2012-04-27,0.574964,0.583709,0.566119,0.57773,104928000
2012-04-30,0.572592,0.576297,0.564488,0.565723,96172800
2012-05-01,0.56261,0.587465,0.561869,0.568936,104678400
2012-05-02,0.559744,0.574765,0.556533,0.57269,77184000
2012-05-03,0.574667,0.575803,0.550949,0.554902,100550400
2012-05-04,0.539732,0.542302,0.51389,0.514186,182169600
2012-05-07,0.504403,0.522438,0.503859,0.514927,211046400
2012-05-08,0.505045,0.514483,0.484489,0.509245,276480000
2012-05-09,0.491901,0.512852,0.485279,0.506428,269529600
2012-05-10,0.511469,0.511913,0.495706,0.50124,406137600
2012-05-11,0.495211,0.517151,0.495014,0.500746,96172800
2012-05-14,0.488689,0.498769,0.484934,0.48691,164400000
2012-05-15,0.492445,0.503018,0.479893,0.482661,151276800
2012-05-16,0.4878,0.491752,0.469715,0.472185,148598400
2012-05-17,0.472976,0.475051,0.442933,0.443131,260640000
2012-05-18,0.447281,0.450246,0.424256,0.425342,281923200
2012-05-21,0.427813,0.462205,0.426429,0.461117,206409600
2012-05-22,0.464576,0.470703,0.449258,0.459437,193238400
2012-05-23,0.448072,0.465564,0.436115,0.462006,161952000
2012-05-24,0.464477,0.465564,0.442736,0.453705,154800000
2012-05-25,0.454496,0.45667,0.447183,0.451136,62496000
2012-05-29,0.463983,0.474755,0.456077,0.467936,141360000
2012-05-30,0.455583,0.461512,0.447974,0.456571,124617600
2012-05-31,0.45499,0.45835,0.440265,0.450049,166080000
2012-06-01,0.426726,0.434435,0.414274,0.414669,224342400
2012-06-04,0.418326,0.425935,0.40706,0.423563,228345600
2012-06-05,0.41971,0.431667,0.419117,0.429394,196483200
2012-06-06,0.439376,0.459733,0.437794,0.458746,171724800
2012-06-07,0.472482,0.472976,0.452025,0.453606,171408000
2012-06-08,0.45074,0.468233,0.446491,0.466948,126384000
2012-06-11,0.476633,0.477917,0.442044,0.444613,181795200
2012-06-12,0.44827,0.459437,0.440265,0.458647,134995200
2012-06-13,0.455089,0.465367,0.444613,0.449653,96998400
2012-06-14,0.44916,0.459536,0.442044,0.454694,131414400
2012-06-15,0.457856,0.473075,0.45756,0.471493,168758400
2012-06-18,0.466256,0.487899,0.463391,0.483649,176668800
2012-06-19,0.491752,0.505589,0.491061,0.49956,162518400
2012-06-20,0.502327,0.507071,0.489282,0.501339,194428800
2012-06-21,0.499362,0.501339,0.461809,0.463785,155788800
2012-06-22,0.467541,0.479795,0.464378,0.478214,140044800
2012-06-25,0.46596,0.466454,0.446195,0.449851,134160000
2012-06-26,0.454397,0.462402,0.448467,0.458547,136684800
2012-06-27,0.463785,0.472976,0.462402,0.466948,116985600
2012-06-28,0.456175,0.457361,0.436806,0.450147,209184000
2012-06-29,0.477324,0.494124,0.472878,0.494124,246595200
2012-07-02,0.495607,0.499066,0.487207,0.498078,125107200
2012-07-03,0.498967,0.510727,0.496694,0.509937,92947200
2012-07-05,0.509541,0.519227,0.50124,0.511716,118560000
2012-07-06,0.504897,0.505786,0.481969,0.491555,145248000
2012-07-09,0.490962,0.496003,0.482759,0.489875,96124800
2012-07-10,0.497979,0.501537,0.469913,0.474854,172665600
2012-07-11,0.473964,0.477522,0.455978,0.468331,221088000
2012-07-12,0.456868,0.46003,0.441846,0.454792,215356800
2012-07-13,0.458251,0.478115,0.457361,0.474557,141120000
2012-07-16,0.471988,0.478016,0.465465,0.470999,108739200
2012-07-17,0.479597,0.483057,0.458153,0.478214,173606400
2012-07-18,0.47525,0.502031,0.47515,0.497682,187440000
2012-07-19,0.508355,0.518831,0.50549,0.51389,216249600
2012-07-20,0.514284,0.514284,0.493137,0.494124,164726400
2012-07-23,0.46507,0.481079,0.454199,0.475842,221788800
2012-07-24,0.47851,0.480388,0.455682,0.464971,252192000
2012-07-25,0.454298,0.464279,0.446887,0.454595,196675200
2012-07-26,0.475051,0.481278,0.464774,0.472383,231024000
2012-07-27,0.483451,0.509245,0.479301,0.508158,271305600
2012-07-30,0.510826,0.517249,0.500548,0.505094,183235200
2012-07-31,0.508158,0.51389,0.50381,0.50539,132748800
2012-08-01,0.515866,0.516163,0.495113,0.500449,150921600
2012-08-02,0.488689,0.510233,0.484341,0.495211,165830400
2012-08-03,0.519424,0.53405,0.513988,0.523377,195081600
2012-08-06,0.531974,0.542253,0.528515,0.535137,127612800
2012-08-07,0.543142,0.555198,0.53998,0.54838,140601600
2012-08-08,0.544328,0.551542,0.541857,0.54749,85929600
2012-08-09,0.547688,0.554902,0.544822,0.552135,77500800
2012-08-10,0.547589,0.554408,0.542846,0.554408,93350400
2012-08-13,0.554012,0.557768,0.545019,0.557768,71904000
2012-08-14,0.564092,0.567453,0.553913,0.558558,110160000
2012-08-15,0.557175,0.565081,0.55678,0.562512,71654400
2012-08-16,0.56933,0.586823,0.566958,0.582672,139017600
2012-08-17,0.586526,0.590676,0.582771,0.590676,113606400
2012-08-20,0.589589,0.593345,0.582474,0.592949,91910400
2012-08-21,0.598682,0.605105,0.579114,0.586131,218227200
2012-08-22,0.581683,0.596804,0.577335,0.592455,113750400
2012-08-23,0.585834,0.590775,0.574172,0.579312,109641600
2012-08-24,0.574371,0.59374,0.5719,0.589589,104236800
2012-08-27,0.597297,0.599373,0.588403,0.592455,75379200
2012-08-28,0.590578,0.5971,0.584846,0.592357,87657600
2012-08-29,0.593048,0.596903,0.584945,0.592554,73737600
2012-08-30,0.584648,0.585241,0.571603,0.574469,124272000
2012-08-31,0.58702,0.593147,0.56854,0.586724,168816000
2012-09-04,0.583166,0.590479,0.566761,0.584252,149625600
2012-09-05,0.582968,0.590578,0.577434,0.581585,100828800
2012-09-06,0.592851,0.621214,0.592554,0.620028,154656000
2012-09-07,0.616865,0.621312,0.613011,0.617359,109670400
2012-09-10,0.613604,0.617162,0.593246,0.59463,150604800
2012-09-11,0.594333,0.601448,0.588799,0.59206,140352000
2012-09-12,0.597792,0.601548,0.585933,0.597199,153888000
2012-09-13,0.59878,0.628823,0.59631,0.621015,233616000
2012-09-14,0.628526,0.644339,0.627143,0.636926,286377600
2012-09-17,0.639002,0.639002,0.631491,0.638112,152323200
2012-09-18,0.63327,0.640682,0.63327,0.639298,100742400
2012-09-19,0.63999,0.648391,0.634258,0.643547,137520000
2012-09-20,0.63416,0.643252,0.629218,0.642066,144921600
2012-09-21,0.651454,0.652739,0.640385,0.642066,145056000
2012-09-24,0.625957,0.63406,0.622103,0.630207,139872000
2012-09-25,0.635939,0.639891,0.603327,0.604907,153148800
2012-09-26,0.601448,0.602733,0.5803,0.588996,244800000
2012-09-27,0.593444,0.617853,0.590775,0.614,183244800
2012-09-28,0.607378,0.613209,0.596903,0.599275,157977600
2012-10-01,0.607773,0.618348,0.590182,0.596704,156499200
2012-10-02,0.604018,0.609156,0.587217,0.600559,165043200
2012-10-03,0.605994,0.615383,0.598682,0.611924,159820800
2012-10-04,0.616173,0.623881,0.609651,0.619039,152342400
2012-10-05,0.628131,0.630503,0.604216,0.608366,116534400
2012-10-08,0.598385,0.601942,0.58791,0.592258,104841600
2012-10-09,0.586921,0.587514,0.559744,0.56182,182188800
2012-10-10,0.563698,0.568046,0.552432,0.555001,155808000
2012-10-11,0.568441,0.568737,0.549071,0.55006,142396800
2012-10-12,0.550653,0.558657,0.546304,0.549961,109180800
2012-10-15,0.555692,0.563401,0.545711,0.56093,116332800
2012-10-16,0.563994,0.58702,0.563401,0.58534,142742400
2012-10-17,0.57615,0.58949,0.573778,0.583561,133401600
2012-10-18,0.578423,0.583957,0.557372,0.563599,173520000
2012-10-19,0.56172,0.56261,0.521301,0.522883,285312000
2012-10-22,0.521795,0.535334,0.519028,0.531085,211132800
2012-10-23,0.518633,0.529701,0.511221,0.515372,282038400
2012-10-24,0.524859,0.527429,0.508355,0.510233,207052800
2012-10-25,0.5214,0.523574,0.505884,0.510233,233625600
2012-10-26,0.510925,0.521203,0.498671,0.51557,192192000
2012-10-31,0.513396,0.515669,0.500054,0.505589,148204800
2012-11-01,0.514779,0.529998,0.510827,0.527034,183724800
2012-11-02,0.534149,0.534939,0.507762,0.507762,183427200
2012-11-05,0.510628,0.522982,0.506972,0.520214,150355200
2012-11-06,0.522487,0.533556,0.517052,0.523377,182582400
2012-11-07,0.506576,0.50796,0.4794,0.485823,383731200
2012-11-08,0.489183,0.493235,0.463093,0.463093,310473600
2012-11-09,0.463785,0.483748,0.462896,0.468134,436598400
2012-11-12,0.477028,0.478412,0.464576,0.468826,164419200
2012-11-13,0.457856,0.472086,0.454397,0.458647,345734400
2012-11-14,0.465169,0.466848,0.440364,0.442242,294950400
2012-11-15,0.44323,0.447974,0.43315,0.438288,310396800
2012-11-16,0.438783,0.447281,0.422773,0.44323,372614400
2012-11-19,0.458054,0.476336,0.457757,0.47515,345580800
2012-11-20,0.475051,0.477621,0.462006,0.475249,218467200
2012-11-21,0.476534,0.480685,0.471296,0.478609,160761600
2012-11-23,0.487306,0.500548,0.486021,0.500548,129321600
2012-11-26,0.497089,0.507466,0.492148,0.506972,196944000
2012-11-27,0.505983,0.511913,0.499263,0.50124,359788800
2012-11-28,0.494322,0.515669,0.485131,0.51468,281001600
2012-11-29,0.522784,0.529108,0.516163,0.523574,249177600
2012-11-30,0.523772,0.525156,0.516558,0.521697,228470400
2012-12-03,0.533556,0.534742,0.517546,0.519128,336825600
2012-12-04,0.519325,0.520314,0.506972,0.515767,336748800
2012-12-05,0.515076,0.515174,0.491555,0.499856,436617600
2012-12-06,0.49531,0.513494,0.491159,0.509047,306249600
2012-12-07,0.517448,0.518732,0.49541,0.500351,240748800
2012-12-10,0.496596,0.512506,0.496299,0.504797,210441600
2012-12-11,0.516163,0.533061,0.514087,0.524266,344976000
2012-12-12,0.532469,0.532666,0.516855,0.520708,301238400
2012-12-13,0.518238,0.52901,0.50213,0.508948,338515200
2012-12-14,0.499263,0.503315,0.489183,0.49452,274128000
2012-12-17,0.49531,0.514284,0.493531,0.513791,193219200
2012-12-18,0.521697,0.539881,0.517546,0.537608,456326400
2012-12-19,0.541956,0.542549,0.529504,0.529899,361286400
2012-12-20,0.533259,0.53405,0.522487,0.530294,291580800
2012-12-21,0.505884,0.51557,0.499066,0.513791,336624000
2012-12-24,0.511122,0.512012,0.50707,0.509442,52425600
2012-12-26,0.511024,0.513,0.492345,0.497386,158563200
2012-12-27,0.498176,0.500252,0.476237,0.494618,308150400
2012-12-28,0.48444,0.495113,0.480289,0.480289,164284800
2012-12-31,0.478016,0.514087,0.475941,0.511617,423052800
2013-01-02,0.548478,0.56014,0.542746,0.559349,354720000
2013-01-03,0.55925,0.563006,0.54581,0.551246,310732800
2013-01-04,0.55164,0.55164,0.541758,0.54581,152208000
2013-01-07,0.541067,0.548478,0.536224,0.546403,182822400
2013-01-08,0.545711,0.549861,0.534247,0.54324,175036800
2013-01-09,0.545019,0.553123,0.543833,0.548775,153993600
2013-01-10,0.559646,0.561326,0.543537,0.55846,235555200
2013-01-11,0.557867,0.561622,0.554705,0.560535,106060800
2013-01-14,0.55164,0.557965,0.546304,0.553321,147369600
2013-01-15,0.545711,0.547589,0.538002,0.545118,216844800
2013-01-16,0.548281,0.557372,0.544822,0.551246,152217600
2013-01-17,0.558657,0.566069,0.555791,0.559744,230620800
2013-01-18,0.554309,0.55757,0.54838,0.556582,206044800
2013-01-22,0.558064,0.559547,0.547589,0.558855,252566400
2013-01-23,0.567848,0.573679,0.565476,0.567947,225081600
2013-01-24,0.545711,0.56093,0.542846,0.545316,246124800
2013-01-25,0.550949,0.558361,0.54749,0.553419,170409600
2013-01-28,0.554112,0.562906,0.551839,0.557372,249590400
2013-01-29,0.555099,0.561127,0.54413,0.557372,213888000
2013-01-30,0.561029,0.565278,0.550158,0.554309,159158400
2013-01-31,0.553419,0.562017,0.548775,0.550751,203433600
2013-02-01,0.561919,0.572592,0.555198,0.568836,286070400
2013-02-04,0.55925,0.564587,0.539584,0.539881,274224000
2013-02-05,0.546601,0.568639,0.54324,0.563599,280089600
2013-02-06,0.557867,0.565772,0.55332,0.558361,250972800
2013-02-07,0.560041,0.561622,0.541462,0.559744,218572800
2013-02-08,0.568737,0.580399,0.567453,0.576743,203913600
2013-02-11,0.578027,0.578719,0.571702,0.576544,111062400
2013-02-12,0.575557,0.578521,0.568639,0.569824,129542400
2013-02-13,0.574964,0.582672,0.57101,0.576446,186806400
2013-02-14,0.56854,0.578323,0.567354,0.57526,137001600
2013-02-15,0.576051,0.579806,0.565871,0.570319,118598400
2013-02-19,0.574371,0.583364,0.573481,0.582771,127296000
2013-02-20,0.582672,0.583066,0.556186,0.556186,163958400
2013-02-21,0.550158,0.551443,0.532173,0.538102,265286400
2013-02-22,0.547391,0.554309,0.54156,0.553914,132364800
2013-02-25,0.565179,0.570714,0.53237,0.533259,240604800
2013-02-26,0.53652,0.542846,0.525353,0.539683,168460800
2013-02-27,0.540374,0.566168,0.537805,0.556088,171072000
2013-02-28,0.556088,0.56854,0.553617,0.554012,163516800
2013-03-01,0.547194,0.562313,0.538991,0.559744,123216000
2013-03-04,0.55421,0.567255,0.552135,0.566958,150969600
2013-03-05,0.577928,0.594432,0.577335,0.591862,228086400
2013-03-06,0.597891,0.598385,0.585637,0.588107,207619200
2013-03-07,0.589787,0.595321,0.586724,0.593246,110284800
2013-03-08,0.598682,0.601053,0.587711,0.593938,169718400
2013-03-11,0.592851,0.600262,0.58702,0.600065,123878400
2013-03-12,0.594728,0.598583,0.584845,0.592752,178108800
2013-03-13,0.594926,0.597792,0.584845,0.590875,160838400
2013-03-14,0.597199,0.600559,0.59295,0.596903,154339200
2013-03-15,0.597891,0.599275,0.587317,0.591269,159888000
2013-03-18,0.575852,0.594827,0.571702,0.587217,214742400
2013-03-19,0.592851,0.596408,0.568737,0.584845,287500800
2013-03-20,0.596804,0.600362,0.588602,0.596013,153484800
2013-03-21,0.58109,0.584845,0.572394,0.57694,214742400
2013-03-22,0.583462,0.594333,0.581683,0.592851,142761600
2013-03-25,0.598682,0.602437,0.578224,0.586823,228931200
2013-03-26,0.59374,0.596606,0.58949,0.595816,123830400
2013-03-27,0.58455,0.599769,0.581585,0.598978,191798400
2013-03-28,0.598583,0.604808,0.594432,0.602437,266697600
2013-04-01,0.604314,0.605797,0.585834,0.590775,249628800
2013-04-02,0.598583,0.610145,0.597594,0.604117,337776000
2013-04-03,0.605401,0.607773,0.583561,0.588107,177206400
2013-04-04,0.587514,0.592653,0.578916,0.588403,189936000
2013-04-05,0.560634,0.576248,0.556483,0.573975,338284800
2013-04-08,0.574469,0.583166,0.56933,0.582771,223603200
2013-04-09,0.587613,0.601448,0.579312,0.594234,332620800
2013-04-10,0.60046,0.631688,0.599769,0.629021,182448000
2013-04-11,0.624771,0.632776,0.622597,0.627933,167558400
2013-04-12,0.623881,0.628428,0.612814,0.627242,218592000
2013-04-15,0.619435,0.623091,0.588008,0.589096,203846400
2013-04-16,0.600756,0.615284,0.596507,0.613703,193718400
2013-04-17,0.597199,0.597594,0.566958,0.57783,315619200
2013-04-18,0.582672,0.582672,0.546106,0.552826,253670400
2013-04-19,0.557274,0.579707,0.554112,0.575754,183014400
2013-04-22,0.582079,0.599867,0.575853,0.593444,161088000
2013-04-23,0.604314,0.616964,0.594728,0.610935,272966400
2013-04-24,0.606192,0.61647,0.602141,0.609453,224179200
2013-04-25,0.615383,0.62655,0.614295,0.619336,192508800
2013-04-26,0.615482,0.619237,0.606093,0.614098,91881600
2013-04-29,0.619336,0.637718,0.619336,0.630404,137097600
2013-04-30,0.63327,0.644833,0.626056,0.64424,123897600
2013-05-01,0.64424,0.647896,0.631688,0.636037,128688000
2013-05-02,0.638508,0.66351,0.637025,0.659064,97516800
2013-05-03,0.678531,0.688711,0.677445,0.682089,133996800
2013-05-06,0.686043,0.69385,0.684561,0.690885,97008000
2013-05-07,0.694146,0.695628,0.682089,0.689205,104275200
2013-05-08,0.687525,0.701064,0.685252,0.699977,85305600
2013-05-09,0.694838,0.710551,0.692466,0.697506,110918400
2013-05-10,0.70057,0.710057,0.697407,0.709365,127027200
2013-05-13,0.705907,0.716876,0.703634,0.712132,133286400
2013-05-14,0.712034,0.729229,0.711836,0.722608,133920000
2013-05-15,0.719346,0.729229,0.713417,0.727944,131366400
2013-05-16,0.729426,0.739902,0.723596,0.725276,155404800
2013-05-17,0.735653,0.746523,0.729032,0.745733,150000000
2013-05-20,0.739902,0.749587,0.733478,0.742373,151363200
2013-05-21,0.741879,0.752849,0.733577,0.74514,160915200
2013-05-22,0.747512,0.765102,0.713812,0.726956,316982400
2013-05-23,0.706104,0.726956,0.701657,0.71905,145737600
2013-05-24,0.70561,0.719149,0.69968,0.718655,67747200
2013-05-28,0.743756,0.752057,0.726363,0.733478,161817600
2013-05-29,0.724387,0.730316,0.710057,0.72241,159638400
2013-05-30,0.722608,0.743756,0.722608,0.73417,86121600
2013-05-31,0.725078,0.742077,0.711737,0.713219,123331200
2013-06-03,0.714801,0.717766,0.689797,0.71737,222633600
2013-06-04,0.721422,0.730316,0.697506,0.706598,138556800
2013-06-05,0.699186,0.707191,0.677148,0.67952,190560000
2013-06-06,0.681398,0.688414,0.662127,0.687821,190944000
2013-06-07,0.697803,0.718753,0.691775,0.71658,233088000
2013-06-10,0.721125,0.727153,0.713022,0.716876,135331200
2013-06-11,0.695628,0.715196,0.688908,0.696123,222105600
2013-06-12,0.708871,0.70897,0.668748,0.672009,223488000
2013-06-13,0.669044,0.70136,0.663609,0.696123,151699200
2013-06-14,0.697111,0.699483,0.68031,0.683868,124339200
2013-06-17,0.69968,0.714998,0.692466,0.702842,158851200
2013-06-18,0.706005,0.724486,0.705709,0.719445,101404800
2013-06-19,0.720532,0.723103,0.693948,0.696814,175708800
2013-06-20,0.672306,0.679421,0.63999,0.645426,241257600
2013-06-21,0.645919,0.651553,0.620324,0.636333,236985600
2013-06-24,0.620917,0.631986,0.601448,0.616668,221136000
2013-06-25,0.634852,0.638211,0.619929,0.629811,132422400
2013-06-26,0.64671,0.650861,0.640188,0.647007,119865600
2013-06-27,0.657087,0.667661,0.654221,0.654221,113683200
2013-06-28,0.649082,0.669934,0.644932,0.655999,156076800
2013-07-01,0.67191,0.68634,0.668353,0.670033,103891200
2013-07-02,0.669637,0.683275,0.660546,0.67033,124377600
2013-07-03,0.663906,0.688513,0.662226,0.679422,53769600
2013-07-05,0.690589,0.695234,0.674579,0.694442,114441600
2013-07-08,0.705413,0.706203,0.689304,0.696716,88281600
2013-07-09,0.706301,0.713911,0.697012,0.709464,84316800
2013-07-10,0.706894,0.724782,0.706894,0.721422,100867200
2013-07-11,0.744448,0.766388,0.743361,0.766388,153024000
2013-07-12,0.766585,0.776072,0.76026,0.774392,83510400
2013-07-15,0.776862,0.78131,0.770538,0.78042,91622400
2013-07-16,0.781804,0.783682,0.771032,0.777357,85219200
2013-07-17,0.783978,0.787931,0.776269,0.782891,79104000
2013-07-18,0.782496,0.788227,0.773305,0.777159,101136000
2013-07-19,0.756999,0.757295,0.745832,0.75354,108595200
2013-07-22,0.761545,0.764411,0.752354,0.758975,85852800
2013-07-23,0.763423,0.763423,0.740891,0.742077,86428800
2013-07-24,0.764114,0.765003,0.744547,0.749092,105744000
2013-07-25,0.760161,0.766189,0.748302,0.762632,81110400
2013-07-26,0.754429,0.775875,0.75107,0.775282,77654400
2013-07-29,0.771328,0.780914,0.765102,0.771724,72345600
2013-07-30,0.780223,0.793366,0.775182,0.783187,120960000
2013-07-31,0.788129,0.801173,0.783484,0.788129,110179200
2013-08-01,0.804138,0.815305,0.801569,0.812143,77596800
2013-08-02,0.812736,0.825979,0.807004,0.825683,97104000
2013-08-05,0.822816,0.829042,0.819653,0.827461,79440000
2013-08-06,0.823804,0.826176,0.802458,0.812736,93820800
2013-08-07,0.805127,0.812143,0.790303,0.808091,120585600
2013-08-08,0.821532,0.825287,0.80404,0.818863,130598400
2013-08-09,0.816393,0.824298,0.802952,0.810067,98534400
2013-08-12,0.800383,0.819654,0.800284,0.815108,68822400
2013-08-13,0.818467,0.834675,0.801173,0.828647,154483200
2013-08-14,0.828153,0.831711,0.816294,0.819456,94368000
2013-08-15,0.792477,0.792675,0.771526,0.778345,132883200
2013-08-16,0.778543,0.78882,0.773009,0.775578,70176000
2013-08-19,0.778345,0.796727,0.772416,0.772514,90115200
2013-08-20,0.777851,0.793762,0.775381,0.783089,88752000
2013-08-21,0.77627,0.79564,0.766782,0.775282,159686400
2013-08-22,0.784374,0.799099,0.783682,0.797418,71260800
2013-08-23,0.81501,0.816491,0.805818,0.814218,76512000
2013-08-26,0.815305,0.833094,0.809772,0.81491,74918400
2013-08-27,0.786152,0.797616,0.75947,0.76362,200131200
2013-08-28,0.763126,0.783286,0.762237,0.773503,102038400
2013-08-29,0.773206,0.801272,0.769945,0.789513,129465600
2013-08-30,0.791785,0.792279,0.766388,0.774788,121996800
2013-09-03,0.793564,0.804138,0.777654,0.787535,85699200
2013-09-04,0.795046,0.816393,0.789117,0.813231,83078400
2013-09-05,0.814417,0.823705,0.813428,0.816788,48451200
2013-09-06,0.824793,0.832501,0.792279,0.819753,122121600
2013-09-09,0.829438,0.852563,0.829438,0.848609,94281600
2013-09-10,0.863532,0.86452,0.85197,0.861457,151929600
2013-09-11,0.844459,0.857504,0.840605,0.857109,106118400
2013-09-12,0.856713,0.862247,0.849202,0.853254,66921600
2013-09-13,0.857405,0.858888,0.842285,0.856022,80860800
2013-09-16,0.877071,0.877368,0.843174,0.848808,132374400
2013-09-17,0.85365,0.868868,0.85365,0.865805,66940800
2013-09-18,0.869461,0.901975,0.864422,0.897627,127507200
2013-09-19,0.904742,0.909683,0.898813,0.903161,71404800
2013-09-20,0.910079,0.912352,0.89229,0.893279,108153600
2013-09-23,0.90583,0.908003,0.875589,0.888238,134889600
2013-09-24,0.894365,0.902568,0.879541,0.888436,82003200
2013-09-25,0.889721,0.893872,0.873909,0.880036,108662400
2013-09-26,0.890413,0.905731,0.888831,0.900196,89020800
2013-09-27,0.885274,0.900888,0.880234,0.895947,73200000
2013-09-30,0.868474,0.896342,0.859678,0.890314,123292800
2013-10-01,0.889919,0.918183,0.889029,0.916997,87888000
2013-10-02,0.897429,0.919467,0.895651,0.915317,86313600
2013-10-03,0.912055,0.917688,0.868968,0.883495,161577600
2013-10-04,0.883,0.909881,0.881519,0.906224,92112000
2013-10-07,0.883199,0.904643,0.881617,0.883792,99340800
2013-10-08,0.883495,0.885669,0.831809,0.833786,234777600
2013-10-09,0.838332,0.839518,0.804336,0.824595,218448000
2013-10-10,0.850981,0.882408,0.850487,0.876972,144720000
2013-10-11,0.870351,0.899307,0.869956,0.896737,130147200
2013-10-14,0.880827,0.916107,0.878554,0.915317,140956800
2013-10-15,0.913538,0.927472,0.902272,0.905533,162076800
2013-10-16,0.917688,0.937849,0.916206,0.936465,129302400
2013-10-17,0.923124,0.953364,0.921542,0.951585,166368000
2013-10-18,0.978071,0.999713,0.970362,0.998625,135110400
2013-10-21,1.004358,1.012659,0.995759,1.004358,99369600
2013-10-22,1.015426,1.026,0.99072,1.007817,157660800
2013-10-23,0.994772,1.000404,0.976785,0.991609,161184000
2013-10-24,0.992301,1.010386,0.988447,1.003962,108547200
2013-10-25,1.032721,1.039144,1.011276,1.024024,140467200
2013-10-28,1.025506,1.030645,1.012659,1.026099,83251200
2013-10-29,1.035981,1.039045,1.017897,1.03104,84105600
2013-10-30,1.042208,1.046753,1.014043,1.027779,198662400
2013-10-31,1.020861,1.040033,1.00999,1.021157,141782400
2013-11-01,1.030052,1.034697,1.006828,1.020663,163132800
2013-11-04,1.031732,1.031732,1.015327,1.025606,91641600
2013-11-05,1.014042,1.036673,1.005543,1.029953,132124800
2013-11-06,1.041911,1.043195,1.018884,1.028174,163910400
2013-11-07,1.028767,1.033215,0.968188,0.971153,232934400
2013-11-08,0.981331,1.010485,0.973129,1.009497,118080000
2013-11-11,1.003172,1.013351,0.994969,1.004654,63494400
2013-11-12,0.995859,1.014042,0.994179,1.009596,108777600
2013-11-13,0.990423,1.046061,0.989731,1.045765,126470400
2013-11-14,1.037366,1.058019,1.031633,1.053869,118819200
2013-11-15,1.057426,1.06217,1.049125,1.061182,89203200
2013-11-18,1.060589,1.067606,1.025111,1.031831,143846400
2013-11-19,1.029064,1.043591,1.016908,1.021652,102192000
2013-11-20,1.030546,1.041516,1.005543,1.014536,125865600
2013-11-21,1.026494,1.047841,1.024617,1.045567,86592000
2013-11-22,1.051102,1.06306,1.048236,1.062071,87014400
2013-11-25,1.072645,1.076993,1.061775,1.069088,92582400
2013-11-26,1.071064,1.094289,1.063356,1.086778,106713600
2013-11-27,1.093103,1.109903,1.090335,1.108519,137894400
2013-11-29,1.121861,1.133324,1.119093,1.126703,91622400
2013-12-02,1.133126,1.137969,1.114349,1.119686,165936000
2013-12-03,1.116622,1.125221,1.103479,1.116425,134544000
2013-12-04,1.102392,1.130359,1.091521,1.119291,133996800
2013-12-05,1.122948,1.125715,1.106444,1.115833,126480000
2013-12-06,1.142712,1.14627,1.123046,1.138859,142588800
2013-12-09,1.152298,1.160205,1.147061,1.152496,112608000
2013-12-10,1.146666,1.156943,1.143997,1.150421,93004800
2013-12-11,1.149729,1.155164,1.101502,1.107432,148464000
2013-12-12,1.107827,1.115535,1.094981,1.098439,107347200
2013-12-13,1.112966,1.114646,1.087469,1.093201,81206400
2013-12-16,1.109013,1.130162,1.107135,1.111978,74966400
2013-12-17,1.111977,1.119093,1.098439,1.104962,72960000
2013-12-18,1.107827,1.145875,1.059897,1.143108,161596800
2013-12-19,1.136782,1.137574,1.118302,1.13283,117177600
2013-12-20,1.138463,1.175029,1.137475,1.166925,113750400
2013-12-23,1.19588,1.204676,1.186096,1.204676,112502400
2013-12-24,1.204775,1.208332,1.198944,1.206356,38006400
2013-12-26,1.212088,1.220883,1.205763,1.218116,55814400
2013-12-27,1.222266,1.22444,1.204478,1.209221,73939200
2013-12-30,1.202897,1.208135,1.193311,1.202897,53078400
2013-12-31,1.209914,1.226516,1.208628,1.226516,64176000
2014-01-02,1.209716,1.210605,1.187282,1.197857,98976000
2014-01-03,1.197659,1.20102,1.171075,1.171767,97545600
2014-01-06,1.172755,1.176412,1.145776,1.159315,125923200
2014-01-07,1.174337,1.195782,1.168408,1.189358,92313600
2014-01-08,1.191137,1.208332,1.183527,1.198252,93264000
2014-01-09,1.210901,1.212186,1.174237,1.185899,105561600
2014-01-10,1.195583,1.20181,1.168901,1.197758,119942400
2014-01-13,1.192916,1.205269,1.131052,1.144491,173107200
2014-01-14,1.156548,1.212384,1.156251,1.210012,138076800
2014-01-15,1.224342,1.246775,1.221476,1.238276,120528000
2014-01-16,1.236597,1.245491,1.230469,1.240846,70512000
2014-01-17,1.229085,1.239264,1.210111,1.218808,84460800
2014-01-21,1.242032,1.248159,1.215744,1.246084,88022400
2014-01-22,1.255768,1.264959,1.245194,1.257646,78432000
2014-01-23,1.244601,1.245194,1.217522,1.242526,129052800
2014-01-24,1.224045,1.230568,1.168704,1.168901,141648000
2014-01-27,1.170285,1.175819,1.110792,1.134905,177729600
2014-01-28,1.117314,1.137474,1.112769,1.13451,109497600
2014-01-29,1.104467,1.129173,1.090631,1.098735,136497600
2014-01-30,1.138266,1.169494,1.134312,1.156647,116438400
2014-01-31,1.119093,1.165146,1.115931,1.148543,84532800
2014-02-03,1.142218,1.158623,1.060786,1.072448,183926400
2014-02-04,1.08569,1.105455,1.076203,1.093399,90672000
2014-02-05,1.082133,1.095968,1.047544,1.083318,108513600
2014-02-06,1.094387,1.129568,1.092608,1.124825,73977600
2014-02-07,1.14459,1.188073,1.134905,1.184515,111456000
2014-02-10,1.185109,1.207838,1.182539,1.206257,83284800
2014-02-11,1.213175,1.254484,1.21021,1.247566,117504000
2014-02-12,1.255077,1.262982,1.243612,1.253495,108451200
2014-02-13,1.226615,1.285712,1.226219,1.285712,106507200
2014-02-14,1.283932,1.298954,1.270295,1.289467,94876800
2014-02-18,1.29599,1.316545,1.287096,1.309628,69292800
2014-02-19,1.30192,1.310616,1.274051,1.280968,136531200
2014-02-20,1.283933,1.307256,1.268516,1.299548,102643200
2014-02-21,1.311802,1.317731,1.290258,1.292827,83976000
2014-02-24,1.300734,1.33295,1.296583,1.315558,99422400
2014-02-25,1.320894,1.328602,1.298362,1.310814,92985600
2014-02-26,1.322277,1.333148,1.29184,1.306465,82929600
2014-02-27,1.307849,1.336311,1.301721,1.33216,87964800
2014-02-28,1.332358,1.355483,1.293223,1.32544,136718400
2014-03-03,1.289468,1.308442,1.263575,1.296385,158558400
2014-03-04,1.340263,1.355087,1.337298,1.348564,108993600
2014-03-05,1.35489,1.365958,1.345995,1.359633,77064000
2014-03-06,1.367737,1.371295,1.340659,1.354494,92803200
2014-03-07,1.36912,1.371888,1.315162,1.335125,132518400
2014-03-10,1.332951,1.340659,1.31279,1.337892,75580800
2014-03-11,1.348564,1.35825,1.309628,1.321289,119774400
2014-03-12,1.303896,1.33809,1.288677,1.336112,109612800
2014-03-13,1.350936,1.352518,1.261401,1.279388,188414400
2014-03-14,1.265552,1.28334,1.251519,1.2531,107318400
2014-03-17,1.276423,1.305279,1.275039,1.286503,116942400
2014-03-18,1.290455,1.336705,1.289665,1.332753,113006400
2014-03-19,1.333939,1.337694,1.284724,1.310814,136444800
2014-03-20,1.298559,1.333147,1.290258,1.321091,87638400
2014-03-21,1.342833,1.345995,1.266737,1.272667,198307200
2014-03-24,1.288479,1.290851,1.205862,1.240647,266145600
2014-03-25,1.260611,1.28334,1.221673,1.252112,172516800
2014-03-26,1.271481,1.278992,1.20349,1.204478,201331200
2014-03-27,1.199734,1.215151,1.163763,1.183132,201993600
2014-03-28,1.194793,1.229381,1.180958,1.19084,166440000
2014-03-31,1.217918,1.239462,1.213965,1.214558,162441600
2014-04-01,1.234125,1.281957,1.232742,1.280375,178041600
2014-04-02,1.29678,1.299942,1.272469,1.290455,163224000
2014-04-03,1.294409,1.299745,1.237288,1.260018,159619200
2014-04-04,1.282352,1.287886,1.14874,1.160006,371011200
2014-04-07,1.136881,1.167913,1.101503,1.125221,312662400
2014-04-08,1.129372,1.1606,1.11692,1.156647,243240000
2014-04-09,1.168901,1.217523,1.160006,1.215942,221961600
2014-04-10,1.218314,1.218511,1.093399,1.103676,322276800
2014-04-11,1.073436,1.115338,1.057426,1.065135,211876800
2014-04-14,1.091423,1.105851,1.059205,1.089051,281275200
2014-04-15,1.099724,1.118106,1.031337,1.099921,562051200
2014-04-16,1.128185,1.143206,1.101304,1.142614,251414400
2014-04-17,1.131348,1.160798,1.121663,1.143207,176625600
2014-04-21,1.152298,1.169296,1.135894,1.169099,144249600
2014-04-22,1.180167,1.205664,1.175621,1.197758,150321600
2014-04-23,1.196968,1.197955,1.163564,1.165146,131366400
2014-04-24,1.22365,1.223848,1.160995,1.199537,250776000
2014-04-25,1.177401,1.181551,1.133324,1.141625,244747200
2014-04-28,1.156844,1.1774,1.098735,1.15388,482083200
2014-04-29,1.162971,1.186096,1.146171,1.179377,243633600
2014-04-30,1.16475,1.192619,1.154275,1.189852,184075200
2014-05-01,1.195189,1.219895,1.185899,1.200526,143750400
2014-05-02,1.211,1.218511,1.18491,1.194596,151905600
2014-05-05,1.172063,1.212384,1.163367,1.211593,115790400
2014-05-06,1.206256,1.208035,1.163564,1.16475,161644800
2014-05-07,1.173644,1.175423,1.113559,1.154275,261907200
2014-05-08,1.142811,1.192619,1.13451,1.150322,219216000
2014-05-09,1.149136,1.166134,1.126407,1.163762,156475200
2014-05-12,1.18491,1.222069,1.181551,1.220487,127684800
2014-05-13,1.224836,1.237486,1.216337,1.223057,117729600
2014-05-14,1.212977,1.226615,1.196176,1.204873,98640000
2014-05-15,1.20349,1.210012,1.153484,1.177004,201480000
2014-05-16,1.179574,1.201316,1.156647,1.198944,142910400
2014-05-19,1.188271,1.22958,1.182538,1.224638,120528000
2014-05-20,1.223057,1.235707,1.195782,1.211198,162331200
2014-05-21,1.216732,1.246973,1.215151,1.245391,123619200
2014-05-22,1.248751,1.272074,1.243811,1.260808,126480000
2014-05-23,1.266144,1.289665,1.257646,1.289072,95136000
2014-05-27,1.307058,1.337891,1.303105,1.337496,118387200
2014-05-28,1.336311,1.342042,1.321882,1.324847,118435200
2014-05-29,1.33967,1.351727,1.331369,1.351727,87302400
2014-05-30,1.351727,1.357459,1.329788,1.350541,113347200
2014-06-02,1.355878,1.356668,1.321091,1.347181,101270400
2014-06-03,1.333346,1.351529,1.328602,1.345205,95102400
2014-06-04,1.334532,1.366156,1.328404,1.359436,105355200
2014-06-05,1.363784,1.40193,1.34975,1.394815,176107200
2014-06-06,1.41122,1.418731,1.401535,1.417347,79219200
2014-06-09,1.420311,1.42545,1.403511,1.414777,124171200
2014-06-10,1.410627,1.424067,1.406279,1.422881,72796800
2014-06-11,1.406872,1.427229,1.403907,1.420707,96979200
2014-06-12,1.412208,1.416754,1.367737,1.383548,120974400
2014-06-13,1.401337,1.405093,1.377026,1.393036,72019200
2014-06-16,1.388688,1.410231,1.37841,1.398175,89956800
2014-06-17,1.396,1.411813,1.388292,1.400151,95640000
2014-06-18,1.405883,1.429798,1.37999,1.425647,114801600
2014-06-19,1.430787,1.433356,1.402325,1.420114,105950400
2014-06-20,1.423276,1.43059,1.415173,1.425253,56592000
2014-06-23,1.424857,1.428217,1.414777,1.426833,69408000
2014-06-24,1.426833,1.46241,1.410627,1.422881,160248000
2014-06-25,1.412641,1.456724,1.412444,1.449015,84523200
2014-06-26,1.452968,1.452968,1.418374,1.452968,87580800
2014-06-27,1.447235,1.47155,1.446445,1.467399,73857600
2014-06-30,1.469969,1.489737,1.466411,1.478272,54451200
2014-07-01,1.493098,1.538961,1.49211,1.52789,66057600
2014-07-02,1.529867,1.541728,1.525716,1.53382,81801600
2014-07-03,1.549239,1.563275,1.537181,1.563275,64636800
2014-07-07,1.557542,1.564066,1.540937,1.548252,87950400
2014-07-08,1.540937,1.543705,1.474516,1.494285,151752000
2014-07-09,1.505354,1.531053,1.492505,1.528088,136963200
2014-07-10,1.469178,1.53046,1.462654,1.513657,123244800
2014-07-11,1.522552,1.54074,1.509704,1.539949,121689600
2014-07-14,1.560706,1.578892,1.553589,1.569403,107059200
2014-07-15,1.575927,1.582649,1.518797,1.552996,148536000
2014-07-16,1.586207,1.590753,1.565845,1.570589,106608000
2014-07-17,1.557345,1.574543,1.493098,1.507924,160924800
2014-07-18,1.533623,1.58166,1.526111,1.579288,116976000
2014-07-21,1.568217,1.581067,1.552008,1.573555,94900800
2014-07-22,1.596486,1.610719,1.590556,1.604789,107457600
2014-07-23,1.619418,1.639779,1.611905,1.634837,102460800
2014-07-24,1.642941,1.648477,1.621987,1.629104,87460800
2014-07-25,1.605579,1.616254,1.584428,1.609137,92856000
2014-07-28,1.613487,1.622976,1.57395,1.611115,91963200
2014-07-29,1.621197,1.631872,1.598661,1.60301,79252800
2014-07-30,1.628906,1.638197,1.602812,1.622185,107611200
2014-07-31,1.581463,1.588974,1.515832,1.523344,138916800
2014-08-01,1.513855,1.538367,1.475702,1.50575,172324800
2014-08-04,1.515831,1.554379,1.49883,1.536588,144182400
2014-08-05,1.519193,1.531053,1.480249,1.50061,167539200
2014-08-06,1.472736,1.524925,1.468981,1.49804,119299200
2014-08-07,1.517413,1.526902,1.467597,1.48361,153604800
2014-08-08,1.491319,1.52018,1.471155,1.515238,124464000
2014-08-11,1.532041,1.556356,1.529867,1.542716,74352000
2014-08-12,1.537379,1.552205,1.516622,1.539158,90931200
2014-08-13,1.559915,1.590358,1.556555,1.589172,81278400
2014-08-14,1.59451,1.614277,1.589172,1.613684,103089600
2014-08-15,1.639186,1.648279,1.590753,1.635628,155956800
2014-08-18,1.660931,1.679315,1.655593,1.675164,79348800
2014-08-19,1.686826,1.705607,1.683861,1.704025,78628800
2014-08-20,1.698293,1.71292,1.694339,1.704025,70651200
2014-08-21,1.706595,1.714898,1.697501,1.713712,67900800
2014-08-22,1.714305,1.733678,1.703828,1.720433,76814400
2014-08-25,1.745934,1.753644,1.726957,1.739608,67977600
2014-08-26,1.746725,1.750086,1.73269,1.745539,41716800
2014-08-27,1.746725,1.751272,1.734073,1.745737,36715200
2014-08-28,1.72834,1.745144,1.721422,1.73862,64838400
2014-08-29,1.751667,1.758981,1.732097,1.758981,52272000
2014-09-02,1.772424,1.774993,1.75226,1.77361,64300800
2014-09-03,1.786459,1.787645,1.732887,1.743166,82636800
2014-09-04,1.75483,1.781121,1.724387,1.737631,82084800
2014-09-05,1.745934,1.766098,1.718456,1.764516,83227200
2014-09-08,1.764122,1.786658,1.7489,1.773412,70872000
2014-09-09,1.773214,1.793575,1.719247,1.730318,129393600
2014-09-10,1.736446,1.77361,1.721422,1.770447,72417600
2014-09-11,1.748702,1.770052,1.728538,1.769063,119318400
2014-09-12,1.76333,1.764319,1.723992,1.74119,113740800
2014-09-15,1.745934,1.746923,1.674175,1.688804,128486400
2014-09-16,1.671013,1.743166,1.665477,1.734469,126892800
2014-09-17,1.73269,1.765307,1.711537,1.742969,113553600
2014-09-18,1.757795,1.781121,1.75226,1.780528,79512000
2014-09-19,1.804646,1.804646,1.756214,1.776575,110217600
2014-09-22,1.764516,1.764516,1.705211,1.72834,108177600
2014-09-23,1.706793,1.736841,1.702445,1.713317,100800000
2014-09-24,1.717271,1.770249,1.701456,1.768866,116582400
2014-09-25,1.750481,1.757598,1.655001,1.656581,212798400
2014-09-26,1.673582,1.717864,1.665082,1.709561,148252800
2014-09-29,1.658163,1.716479,1.655395,1.703828,114537600
2014-09-30,1.717864,1.736446,1.686234,1.710154,154094400
2014-10-01,1.696711,1.700072,1.612301,1.628313,213480000
2014-10-02,1.626534,1.642546,1.565647,1.627522,217972800
2014-10-03,1.655791,1.695723,1.639186,1.676548,153676800
2014-10-06,1.689397,1.703235,1.649663,1.665082,147307200
2014-10-07,1.640965,1.655198,1.593323,1.594707,163651200
2014-10-08,1.597869,1.701456,1.56802,1.686827,213129600
2014-10-09,1.680303,1.692164,1.59609,1.602812,223022400
2014-10-10,1.57474,1.603009,1.482818,1.482818,296428800
2014-10-13,1.47669,1.509901,1.410665,1.413431,273302400
2014-10-14,1.442491,1.468585,1.402362,1.416002,370809600
2014-10-15,1.350174,1.404536,1.28988,1.385757,485097600
2014-10-16,1.299171,1.396233,1.297787,1.364208,335961600
2014-10-17,1.415211,1.453561,1.391094,1.417583,264350400
2014-10-20,1.412444,1.481237,1.40592,1.478667,154464000
2014-10-21,1.531843,1.594311,1.522157,1.594311,211699200
2014-10-22,1.609336,1.615266,1.566438,1.569602,187920000
2014-10-23,1.617045,1.666268,1.608544,1.64136,169886400
2014-10-24,1.648278,1.683071,1.630883,1.679117,170563200
2014-10-27,1.670221,1.69256,1.649465,1.685443,138244800
2014-10-28,1.706003,1.760761,1.703235,1.760761,159686400
2014-10-29,1.742573,1.756016,1.703037,1.739608,179404800
2014-10-30,1.716479,1.762737,1.705014,1.750481,161985600
2014-10-31,1.838647,1.841218,1.805436,1.822635,176371200
2014-11-03,1.831926,1.854067,1.825007,1.841415,140961600
2014-11-04,1.820855,1.835287,1.783493,1.821844,138648000
2014-11-05,1.855451,1.857427,1.802471,1.821647,138744000
2014-11-06,1.818879,1.839636,1.79753,1.837264,97272000
2014-11-07,1.848334,1.850311,1.805239,1.832717,110812800
2014-11-10,1.835287,1.859799,1.821054,1.851497,103372800
2014-11-11,1.854265,1.869288,1.838845,1.869091,105619200
2014-11-12,1.847148,1.8853,1.847148,1.87937,96201600
2014-11-13,1.88965,1.924838,1.877591,1.903488,182164800
2014-11-14,1.902499,1.921081,1.883521,1.921081,114816000
2014-11-17,1.907441,1.920686,1.876998,1.903092,141355200
2014-11-18,1.909022,1.954094,1.908825,1.945791,111820800
2014-11-19,1.940256,1.940256,1.8938,1.921081,148809600
2014-11-20,1.89558,1.950536,1.890835,1.946582,99556800
2014-11-21,1.998177,2.002921,1.938872,1.960618,152947200
2014-11-24,1.973665,2.005689,1.96813,2.004899,126206400
2014-11-25,2.012016,2.030005,1.996794,2.011423,151536000
2014-11-26,2.017946,2.054715,2.011423,2.052541,105633600
2014-11-28,2.069146,2.093856,2.064006,2.083181,72571200
2014-12-01,2.064005,2.074087,1.985525,2.006282,156187200
2014-12-02,2.016167,2.043052,2.001934,2.02783,129892800
2014-12-03,2.042261,2.05175,2.005887,2.046214,131942400
2014-12-04,2.037121,2.064599,2.015376,2.040086,154036800
2014-12-05,2.052144,2.060052,2.028027,2.041469,113630400
2014-12-08,2.024667,2.05175,1.965362,1.997387,169281600
2014-12-09,1.926418,2.019725,1.906057,2.01676,170688000
2014-12-10,2.004899,2.019527,1.910209,1.919104,134529600
2014-12-11,1.937291,2.016364,1.935907,1.949152,136032000
2014-12-12,1.892021,1.958246,1.884115,1.884708,153787200
2014-12-15,1.912778,1.933733,1.80939,1.828171,235948800
2014-12-16,1.791797,1.871858,1.736643,1.737435,212856000
2014-12-17,1.740794,1.847148,1.734666,1.83074,182726400
2014-12-18,1.911197,1.964966,1.895778,1.964966,186744000
2014-12-19,1.970897,2.013992,1.957059,1.986909,154828800
2014-12-22,1.980919,2.006819,1.97736,2.005238,110457600
2014-12-23,2.027382,2.027579,1.976371,1.986059,115920000
2014-12-24,1.992386,2.010971,1.986652,1.990211,43982400
2014-12-26,2.004842,2.042804,2.004645,2.030545,86088000
2014-12-29,2.025009,2.042013,2.02066,2.030941,62328000
2014-12-30,2.010971,2.025405,1.97993,1.989025,123859200
2014-12-31,1.997132,2.021648,1.918046,1.926744,117091200
2015-01-02,1.954425,1.979733,1.881467,1.910927,122227200
2015-01-05,1.883247,1.890167,1.809103,1.824921,127017600
2015-01-06,1.831446,1.842122,1.727446,1.752557,168643200
2015-01-07,1.785971,1.831643,1.77391,1.819977,137467200
2015-01-08,1.866836,1.934653,1.86051,1.923778,144936000
2015-01-09,1.941771,1.943945,1.852799,1.884829,181420800
2015-01-12,1.897482,1.902425,1.811872,1.826898,165254400
2015-01-13,1.878502,1.937223,1.781423,1.825316,199708800
2015-01-14,1.767385,1.821559,1.746625,1.79724,216148800
2015-01-15,1.817803,1.827887,1.718351,1.725865,196012800
2015-01-16,1.717363,1.791705,1.708861,1.787354,141796800
2015-01-20,1.817407,1.840145,1.756511,1.826898,141892800
2015-01-21,1.810289,1.879885,1.792099,1.854973,133531200
2015-01-22,1.878304,1.963321,1.828479,1.958181,162657600
2015-01-23,1.958181,1.988828,1.940387,1.971231,142358400
2015-01-26,1.965299,1.975185,1.93406,1.966881,100804800
2015-01-27,1.873361,1.874547,1.792099,1.814639,223987200
2015-01-28,1.897878,1.904007,1.782214,1.7834,188928000
2015-01-29,1.777271,1.843902,1.731994,1.835005,176558400
2015-01-30,1.828677,1.871384,1.784587,1.792891,218222400
2015-02-02,1.802578,1.842715,1.719735,1.839947,198844800
2015-02-03,1.855369,1.894714,1.822548,1.890167,182332800
2015-02-04,1.866442,1.923384,1.854973,1.885224,124632000
2015-02-05,1.898668,1.937816,1.887003,1.935246,100324800
2015-02-06,1.94355,1.956402,1.878897,1.900052,123528000
2015-02-09,1.877315,1.90717,1.867429,1.879095,95793600
2015-02-10,1.913695,1.976174,1.903217,1.969056,119256000
2015-02-11,1.976174,2.00326,1.964113,1.9912,121852800
2015-02-12,2.026986,2.061587,2.020067,2.060796,153100800
2015-02-13,2.077207,2.113191,2.066134,2.112795,120897600
2015-02-17,2.1124,2.122089,2.097176,2.11853,82728000
2015-02-18,2.111412,2.130194,2.101723,2.127624,70478400
2015-02-19,2.122483,2.162817,2.121495,2.159654,75590400
2015-02-20,2.154513,2.205524,2.134149,2.201174,90772800
2015-02-23,2.199791,2.210071,2.18417,2.209874,78974400
2015-02-24,2.200185,2.220946,2.180217,2.214421,104601600
2015-02-25,2.202757,2.228855,2.182194,2.196627,112550400
2015-02-26,2.202954,2.232809,2.184763,2.230041,116337600
2015-02-27,2.227471,2.231425,2.189905,2.200582,88790400
2015-03-02,2.212444,2.261676,2.211456,2.259896,89044800
2015-03-03,2.240125,2.246254,2.185555,2.22747,128390400
2015-03-04,2.206315,2.21541,2.165585,2.202756,116640000
2015-03-05,2.219562,2.233204,2.186741,2.212444,92347200
2015-03-06,2.206117,2.218178,2.121296,2.136323,149726400
2015-03-09,2.151547,2.17211,2.124461,2.156885,113270400
2015-03-10,2.109433,2.11062,2.036476,2.037465,191966400
2015-03-11,2.043001,2.052491,1.998911,2.001679,223152000
2015-03-12,1.995945,2.047351,1.992386,2.040035,122390400
2015-03-13,2.034697,2.058818,1.97558,2.013739,198115200
2015-03-16,2.036082,2.091838,2.029359,2.090849,114960000
2015-03-17,2.072857,2.11062,2.059215,2.102515,97363200
2015-03-18,2.084522,2.191091,2.051305,2.163016,167822400
2015-03-19,2.170528,2.189707,2.16005,2.173494,111384000
2015-03-20,2.225295,2.246649,2.213827,2.218573,104812800
2015-03-23,2.211654,2.229251,2.199792,2.199989,99235200
2015-03-24,2.199592,2.231029,2.176459,2.177646,92980800
2015-03-25,2.189134,2.192694,2.025805,2.025805,175886400
2015-03-26,1.97815,2.041228,1.957783,2.009194,196560000
2015-03-27,2.00524,2.044985,1.996935,2.028573,98544000
2015-03-30,2.069504,2.105492,2.06812,2.101538,151214400
2015-03-31,2.082357,2.095803,2.032527,2.036483,124507200
2015-04-01,2.033714,2.033714,1.962529,2.002076,175876800
2015-04-02,2.006031,2.024815,1.986257,2.005438,110577600
2015-04-06,1.969252,2.071086,1.960948,2.053685,150945600
2015-04-07,2.051115,2.096001,2.043997,2.044194,114691200
2015-04-08,2.045776,2.100944,2.044984,2.092837,169142400
2015-04-09,2.09086,2.133373,2.06812,2.131791,110928000
2015-04-10,2.131396,2.15809,2.115576,2.157299,113385600
2015-04-13,2.163033,2.195265,2.133769,2.141283,115200000
2015-04-14,2.136537,2.152553,2.086708,2.122893,168974400
2015-04-15,2.141084,2.175886,2.131593,2.160463,95356800
2015-04-16,2.14583,2.164418,2.135746,2.152949,90888000
2015-04-17,2.09165,2.109249,2.025211,2.052301,186427200
2015-04-20,2.083939,2.155124,2.080577,2.144051,142195200
2015-04-21,2.182214,2.192496,2.164418,2.171536,127387200
2015-04-22,2.188343,2.217608,2.146819,2.206733,121915200
2015-04-23,2.185774,2.261704,2.183598,2.23323,131001600
2015-04-24,2.302041,2.331899,2.292154,2.320628,142416000
2015-04-27,2.349103,2.36156,2.290375,2.305799,161160000
2015-04-28,2.310347,2.323397,2.233427,2.290771,171753600
2015-04-29,2.252409,2.29255,2.210885,2.247071,193953600
2015-04-30,2.209699,2.237382,2.108063,2.14148,308169600
2015-05-01,2.165999,2.230065,2.165209,2.228089,190012800
2015-05-04,2.246478,2.278511,2.233428,2.235998,131971200
2015-05-05,2.210885,2.223145,2.124672,2.130011,280694400
2015-05-06,2.13891,2.157299,2.040832,2.084532,213398400
2015-05-07,2.082357,2.137921,2.077018,2.120322,168619200
2015-05-08,2.186168,2.213654,2.176282,2.198032,178377600
2015-05-11,2.204163,2.217807,2.169558,2.173909,139027200
2015-05-12,2.134955,2.17727,2.086312,2.14583,190334400
2015-05-13,2.17371,2.205942,2.148005,2.156903,132499200
2015-05-14,2.210885,2.256958,2.186168,2.25241,176832000
2015-05-15,2.270206,2.278314,2.235207,2.252213,146505600
2015-05-18,2.241139,2.293935,2.235603,2.279895,110587200
2015-05-19,2.288793,2.298483,2.262692,2.273369,98577600
2015-05-20,2.278511,2.318059,2.241732,2.277127,111264000
2015-05-21,2.266054,2.321618,2.255772,2.312917,92222400
2015-05-22,2.305008,2.330713,2.300459,2.306589,79819200
2015-05-26,2.290177,2.299668,2.199218,2.226704,140457600
2015-05-27,2.246082,2.340797,2.232241,2.333876,134289600
2015-05-28,2.31964,2.336052,2.296307,2.316674,90643200
2015-05-29,2.31272,2.322805,2.260518,2.277523,106060800
2015-06-01,2.313313,2.317267,2.243116,2.297494,137160000
2015-06-02,2.27337,2.310545,2.239755,2.276534,131462400
2015-06-03,2.308962,2.323001,2.280686,2.296504,117067200
2015-06-04,2.258935,2.302041,2.223738,2.246477,185702400
2015-06-05,2.236591,2.25241,2.188344,2.229472,138590400
2015-06-08,2.225122,2.230461,2.147609,2.161253,144422400
2015-06-09,2.145435,2.173117,2.101339,2.150575,153000000
2015-06-10,2.171536,2.256562,2.164812,2.2358,154766400
2015-06-11,2.259726,2.278511,2.2358,2.24806,117081600
2015-06-12,2.211281,2.225518,2.183598,2.190913,120897600
2015-06-15,2.143063,2.169757,2.105492,2.160661,200884800
2015-06-16,2.150971,2.204953,2.149389,2.193682,101265600
2015-06-17,2.205744,2.233823,2.170151,2.212072,168388800
2015-06-18,2.230659,2.319838,2.229275,2.305601,162628800
2015-06-19,2.312127,2.318256,2.270404,2.270404,84628800
2015-06-22,2.325177,2.345741,2.309754,2.325177,131716800
2015-06-23,2.333284,2.337239,2.301449,2.330911,114907200
2015-06-24,2.322012,2.351475,2.292945,2.29512,84902400
2015-06-25,2.320826,2.327944,2.269415,2.280093,85204800
2015-06-26,2.278115,2.294725,2.209896,2.237777,131904000
2015-06-29,2.158881,2.198824,2.075239,2.079589,273744000
2015-06-30,2.122893,2.136537,2.079984,2.103317,176793600
2015-07-01,2.160265,2.173909,2.119729,2.146423,141624000
2015-07-02,2.165802,2.172723,2.131,2.154531,105523200
2015-07-06,2.11004,2.17213,2.096001,2.136339,131808000
2015-07-07,2.142469,2.157299,2.025014,2.147214,250329600
2015-07-08,2.104504,2.11261,2.027188,2.039645,184881600
2015-07-09,2.121904,2.124079,2.033713,2.033713,125260800
2015-07-10,2.111819,2.151367,2.093627,2.128232,123259200
2015-07-13,2.182016,2.245489,2.181621,2.236987,104860800
2015-07-14,2.249642,2.301844,2.246082,2.281873,102201600
2015-07-15,2.294923,2.317465,2.27159,2.292748,119140800
2015-07-16,2.348114,2.388651,2.334076,2.382323,139680000
2015-07-17,2.445004,2.491472,2.433931,2.491275,143328000
2015-07-20,2.512037,2.546443,2.486331,2.519156,95889600
2015-07-21,2.52311,2.533195,2.492263,2.512235,87408000
2015-07-22,2.399328,2.464778,2.398932,2.429779,108388800
2015-07-23,2.436897,2.459439,2.382718,2.400712,96782400
2015-07-24,2.438282,2.443819,2.321025,2.332493,106473600
2015-07-27,2.290969,2.321222,2.258145,2.272579,120624000
2015-07-28,2.305008,2.345346,2.248851,2.332493,155596800
2015-07-29,2.346137,2.373424,2.319838,2.358594,121737600
2015-07-30,2.341787,2.402887,2.299669,2.391418,137044800
2015-07-31,2.413366,2.417322,2.367689,2.384102,109036800
2015-08-03,2.385486,2.403678,2.31351,2.362153,147734400
2015-08-04,2.355431,2.369272,2.31707,2.346927,141350400
2015-08-05,2.385882,2.447575,2.37817,2.401898,127411200
2015-08-06,2.406644,2.417124,2.253596,2.286618,175296000
2015-08-07,2.26902,2.293144,2.22018,2.277523,160176000
2015-08-10,2.320431,2.369668,2.320431,2.354442,133804800
2015-08-11,2.316476,2.344555,2.226112,2.26467,173289600
2015-08-12,2.218993,2.301053,2.145236,2.28464,224347200
2015-08-13,2.293737,2.326364,2.261308,2.274359,140659200
2015-08-14,2.259133,2.295714,2.246675,2.286618,145982400
2015-08-17,2.26902,2.344554,2.252212,2.342775,125356800
2015-08-18,2.329527,2.339216,2.298087,2.305403,108998400
2015-08-19,2.28385,2.322211,2.221761,2.262099,235516800
2015-08-20,2.198824,2.219981,2.072471,2.075831,300019200
2015-08-21,1.987246,2.037669,1.817589,1.817589,380289600
2015-08-24,1.484008,1.808888,1.291216,1.602254,392716800
2015-08-25,1.769736,1.801968,1.573978,1.581096,289665600
2015-08-26,1.71615,1.822532,1.614909,1.809284,285019200
2015-08-27,1.89431,1.954619,1.825696,1.950664,485952000
2015-08-28,1.91962,1.96945,1.906966,1.949083,214094400
2015-08-31,1.91705,1.948688,1.862673,1.876712,206870400
2015-09-01,1.735726,1.821741,1.677394,1.706461,313862400
2015-09-02,1.79307,1.845272,1.733946,1.845272,180278400
2015-09-03,1.867814,1.903801,1.801769,1.81482,223224000
2015-09-04,1.742054,1.788324,1.722082,1.754115,279643200
2015-09-08,1.853577,1.907163,1.831628,1.903011,225350400
2015-09-09,1.968264,1.969252,1.821544,1.836769,281284800
2015-09-10,1.829256,1.932474,1.82273,1.895496,247161600
2015-09-11,1.870186,1.926145,1.853774,1.926145,189720000
2015-09-14,1.947698,1.948291,1.887983,1.908942,176664000
2015-09-15,1.92318,1.994958,1.90222,1.97558,152654400
2015-09-16,1.979534,2.015918,1.957586,2.008602,140414400
2015-09-17,2.006426,2.102921,1.987246,2.014138,242361600
2015-09-18,1.921795,1.997528,1.917445,1.928914,272342400
2015-09-21,1.958376,1.992387,1.893322,1.945325,200313600
2015-09-22,1.855357,1.876514,1.804934,1.859509,283795200
2015-09-23,1.872559,1.887191,1.833012,1.862475,223761600
2015-09-24,1.807504,1.862277,1.75985,1.840921,293836800
2015-09-25,1.903406,1.905977,1.760443,1.796233,283824000
2015-09-28,1.771318,1.774482,1.625586,1.641406,360057600
2015-09-29,1.65327,1.703496,1.580306,1.617085,365750400
2015-09-30,1.684314,1.732167,1.664937,1.724059,333864000
2015-10-01,1.734935,1.74937,1.666518,1.748183,219264000
2015-10-02,1.677987,1.84112,1.660982,1.838944,317404800
2015-10-05,1.881853,1.934648,1.869791,1.922784,208152000
2015-10-06,1.908745,1.925552,1.847446,1.895299,230121600
2015-10-07,1.929112,1.939196,1.853972,1.92575,253108800
2015-10-08,1.905186,1.959563,1.849029,1.949281,291873600
2015-10-09,1.951851,1.987246,1.936427,1.973009,175224000
2015-10-12,1.988037,2.001285,1.966088,1.989619,152539200
2015-10-13,1.955608,2.016313,1.945721,1.950664,212966400
2015-10-14,1.951258,1.980721,1.917247,1.94236,183331200
2015-10-15,1.96332,2.037669,1.955806,2.037273,214569600
2015-10-16,2.050719,2.06634,2.020862,2.062583,132643200
2015-10-19,2.053092,2.102921,2.041623,2.09956,163622400
2015-10-20,2.086905,2.100944,2.044985,2.064759,145252800
2015-10-21,2.097187,2.103119,2.025607,2.031539,176496000
2015-10-22,2.082357,2.157101,2.064957,2.151961,259752000
2015-10-23,2.325572,2.359188,2.290771,2.330911,204057600
2015-10-26,2.327945,2.350685,2.301646,2.337832,119889600
2015-10-27,2.318849,2.361363,2.316872,2.353058,104462400
2015-10-28,2.363736,2.409214,2.305403,2.407633,208958400
2015-10-29,2.376391,2.410401,2.36947,2.398735,99825600
2015-10-30,2.401898,2.414356,2.365712,2.36591,120072000
2015-11-02,2.383508,2.454496,2.370261,2.446586,110601600
2015-11-03,2.431559,2.498195,2.420288,2.46992,123624000
2015-11-04,2.494438,2.501359,2.441446,2.470907,145833600
2015-11-05,2.478423,2.496615,2.413566,2.449158,142252800
2015-11-06,2.438875,2.465174,2.39043,2.457264,136248000
2015-11-09,2.42879,2.438677,2.332889,2.37817,151315200
2015-11-10,2.340204,2.366305,2.319442,2.361362,98721600
2015-11-11,2.379356,2.413367,2.339216,2.350883,100828800
2015-11-12,2.320628,2.356023,2.277522,2.282663,137928000
2015-11-13,2.253992,2.260715,2.144644,2.148401,197697600
2015-11-16,2.141282,2.241336,2.126254,2.237975,185544000
2015-11-17,2.251619,2.292946,2.227495,2.245687,221414400
2015-11-18,2.270997,2.38074,2.265065,2.374413,196276800
2015-11-19,2.378367,2.411192,2.365713,2.377973,103958400
2015-11-20,2.411193,2.432152,2.405261,2.425231,101995200
2015-11-23,2.428196,2.45588,2.375006,2.405655,112876800
2015-11-24,2.35899,2.416135,2.322013,2.398142,132494400
2015-11-25,2.407435,2.418706,2.390627,2.403481,55977600
2015-11-27,2.420684,2.429779,2.390627,2.41218,27206400
2015-11-30,2.436305,2.4367,2.373227,2.396955,93273600
2015-12-01,2.423847,2.46814,2.416135,2.46814,117043200
2015-12-02,2.472886,2.506106,2.4106,2.423254,122092800
2015-12-03,2.442434,2.45331,2.257353,2.299669,225912000
2015-12-04,2.319245,2.471699,2.305601,2.45766,173289600
2015-12-07,2.464976,2.469525,2.391617,2.427604,138451200
2015-12-08,2.350685,2.450146,2.347719,2.427802,162600000
2015-12-09,2.393396,2.434525,2.273369,2.314697,289732800
2015-12-10,2.331504,2.393396,2.311137,2.34752,162926400
2015-12-11,2.266251,2.284443,2.181423,2.186564,294873600
2015-12-14,2.196055,2.23758,2.101538,2.235603,232344000
2015-12-15,2.292945,2.333086,2.26724,2.273567,191558400
2015-12-16,2.321618,2.388057,2.252213,2.374018,196512000
2015-12-17,2.405655,2.407633,2.272183,2.275149,189513600
2015-12-18,2.25063,2.266647,2.145435,2.150181,204955200
2015-12-21,2.203371,2.214247,2.155124,2.214049,128059200
2015-12-22,2.248654,2.265857,2.213259,2.25597,134044800
2015-12-23,2.291365,2.311138,2.278907,2.307579,109896000
2015-12-24,2.305601,2.324188,2.301646,2.302833,48480000
2015-12-28,2.286618,2.302239,2.238173,2.302239,102672000
2015-12-29,2.342183,2.424638,2.337437,2.407238,145305600
2015-12-30,2.402888,2.405854,2.343962,2.345741,89592000
2015-12-31,2.320233,2.33269,2.256166,2.258738,175905600
2016-01-04,2.108261,2.120718,2.03154,2.120718,265867200
2016-01-05,2.145435,2.153938,2.073064,2.101735,132326400
2016-01-06,1.996737,2.077216,1.993969,2.04538,243787200
2016-01-07,1.912106,1.987246,1.848039,1.850808,340348800
2016-01-08,1.890949,1.925355,1.798804,1.807108,331819200
2016-01-11,1.844679,1.859311,1.738099,1.822927,336177600
2016-01-12,1.871966,1.912699,1.807307,1.884424,317520000
2016-01-13,1.907163,1.920411,1.680755,1.68728,413400000
2016-01-14,1.708636,1.84191,1.627366,1.796431,363417600
2016-01-15,1.617084,1.686687,1.56073,1.631321,564715200
2016-01-19,1.695191,1.702902,1.582085,1.638243,259228800
2016-01-20,1.561323,1.676405,1.45415,1.623412,554697600
2016-01-21,1.643779,1.700727,1.579119,1.629344,338112000
2016-01-22,1.725246,1.772505,1.710614,1.769736,286881600
2016-01-25,1.753918,1.781403,1.686687,1.690049,277084800
2016-01-26,1.712394,1.758861,1.668496,1.738296,243038400
2016-01-27,1.706659,1.72841,1.585842,1.608977,358315200
2016-01-28,1.684513,1.688665,1.591972,1.67245,315571200
2016-01-29,1.676208,1.781403,1.671857,1.781403,257716800
2016-02-01,1.752336,1.81403,1.733156,1.791488,228240000
2016-02-02,1.770329,1.770329,1.661377,1.677789,256867200
2016-02-03,1.709428,1.709822,1.564882,1.654061,471302400
2016-02-04,1.637649,1.691631,1.59474,1.651095,284035200
2016-02-05,1.635276,1.636857,1.46285,1.48124,429777600
2016-02-08,1.398586,1.431213,1.331554,1.413614,514963200
2016-02-09,1.355282,1.463048,1.348955,1.397202,459494400
2016-02-10,1.448416,1.501212,1.411637,1.413812,375528000
2016-02-11,1.360423,1.441692,1.348164,1.410451,477076800
2016-02-12,1.454546,1.476692,1.416185,1.470562,316430400
2016-02-16,1.538781,1.568441,1.51011,1.568441,299313600
2016-02-17,1.608186,1.685303,1.593752,1.676801,365232000
2016-02-18,1.694597,1.69519,1.614514,1.619853,257899200
2016-02-19,1.601464,1.650304,1.586238,1.63666,238934400
2016-02-22,1.681151,1.719709,1.676405,1.713975,248265600
2016-02-23,1.683721,1.698354,1.626971,1.628552,267825600
2016-02-24,1.573385,1.682733,1.543131,1.676998,350558400
2016-02-25,1.688072,1.725246,1.642197,1.723269,259598400
2016-02-26,1.762618,1.76677,1.707648,1.719314,248577600
2016-02-29,1.715359,1.75372,1.673835,1.673835,229968000
2016-03-01,1.719709,1.834396,1.706066,1.834001,311136000
2016-03-02,1.82708,1.837955,1.793663,1.835978,193972800
2016-03-03,1.831232,1.832814,1.786939,1.825696,206596800
2016-03-04,1.832616,1.863859,1.792081,1.82886,237844800
2016-03-07,1.800386,1.832419,1.755302,1.794849,189124800
2016-03-08,1.756686,1.80434,1.740471,1.747393,212563200
2016-03-09,1.770923,1.783973,1.740076,1.78081,208344000
2016-03-10,1.809284,1.836176,1.705868,1.774087,343454400
2016-03-11,1.83143,1.868011,1.815809,1.866034,169660800
2016-03-14,1.847249,1.89075,1.845074,1.876909,157166400
2016-03-15,1.857927,1.880865,1.839142,1.875723,193118400
2016-03-16,1.859113,1.939592,1.859113,1.923576,176457600
2016-03-17,1.908942,1.935241,1.886598,1.918038,127507200
2016-03-18,1.933858,1.945326,1.90044,1.929112,147537600
2016-03-21,1.920807,1.958574,1.91705,1.952049,136008000
2016-03-22,1.920411,1.98428,1.918631,1.96945,127214400
2016-03-23,1.958969,1.96332,1.90914,1.922586,154454400
2016-03-24,1.891344,1.925552,1.884424,1.921993,127022400
2016-03-28,1.941371,1.941766,1.905779,1.915072,129384000
2016-03-29,1.904592,2.010974,1.895299,2.006624,179793600
2016-03-30,2.043206,2.074448,2.02363,2.03668,209884800
2016-03-31,2.032133,2.054872,2.01829,2.024816,118521600
2016-04-01,1.993969,2.094617,1.982698,2.092244,163022400
2016-04-04,2.089081,2.096001,2.053883,2.066341,136632000
2016-04-05,2.019082,2.043007,2.000297,2.010777,146841600
2016-04-06,2.016906,2.108656,2.014929,2.107074,182088000
2016-04-07,2.071284,2.081566,1.989816,2.016115,252225600
2016-04-08,2.052696,2.066933,1.99041,2.01137,166243200
2016-04-11,2.037472,2.067329,1.988235,1.989817,137059200
2016-04-12,1.993574,2.050126,1.956399,2.036285,182424000
2016-04-13,2.085916,2.12586,2.077611,2.115775,162182400
2016-04-14,2.116368,2.140491,2.100549,2.117158,111240000
2016-04-15,2.110237,2.125266,2.084928,2.100945,83092800
2016-04-18,2.083543,2.136338,2.07939,2.131988,101462400
2016-04-19,2.153344,2.155321,2.061397,2.095209,158582400
2016-04-20,2.092441,2.128627,2.073064,2.100352,107769600
2016-04-21,2.099165,2.122893,2.072471,2.100945,133473600
2016-04-22,2.020268,2.047555,1.957189,2.005832,201321600
2016-04-25,1.983884,2.005438,1.975975,2.004252,96950400
2016-04-26,2.015918,2.028177,1.957982,1.976766,109315200
2016-04-27,1.916852,1.941569,1.879678,1.929309,183004800
2016-04-28,1.935637,1.968857,1.847645,1.860893,160771200
2016-04-29,1.854565,1.869791,1.785556,1.831233,191260800
2016-05-02,1.842701,1.88818,1.820159,1.879678,118017600
2016-05-03,1.840328,1.865045,1.812843,1.82965,145963200
2016-05-04,1.796036,1.814623,1.779228,1.793465,155145600
2016-05-05,1.81047,1.823917,1.779821,1.792477,143976000
2016-05-06,1.763804,1.819962,1.758861,1.818379,156849600
2016-05-09,1.820159,1.859311,1.817589,1.834396,118540800
2016-05-10,1.853971,1.912502,1.84448,1.911315,116481600
2016-05-11,1.902022,1.91883,1.856345,1.859113,127065600
2016-05-12,1.873746,1.877107,1.794651,1.833012,184742400
2016-05-13,1.831825,1.861882,1.802363,1.810866,155966400
2016-05-16,1.818182,1.900638,1.816205,1.880666,117292800
2016-05-17,1.878491,1.891739,1.795244,1.808493,187228800
2016-05-18,1.798409,1.85852,1.785951,1.829057,237969600
2016-05-19,1.806714,1.821938,1.760838,1.800188,254097600
2016-05-20,1.822137,1.881655,1.818972,1.860299,125352000
2016-05-23,1.865046,1.886005,1.847447,1.851205,86928000
2016-05-24,1.883039,1.970439,1.881655,1.964507,150004800
2016-05-25,1.987049,2.023828,1.975975,2.006822,140846400
2016-05-26,2.013544,2.030946,1.997528,2.023629,95270400
2016-05-27,2.02699,2.055662,2.026793,2.05408,107140800
2016-05-31,2.065353,2.07603,2.035692,2.066341,112948800
2016-06-01,2.047555,2.080379,2.042018,2.067131,100536000
2016-06-02,2.053092,2.079984,2.020861,2.078797,104659200
2016-06-03,2.066933,2.070691,2.010184,2.050323,155529600
2016-06-06,2.059618,2.088685,2.050917,2.072273,85996800
2016-06-07,2.078996,2.082159,2.053685,2.05764,77107200
2016-06-08,2.068911,2.079786,2.044589,2.066735,82262400
2016-06-09,2.042018,2.06377,2.030154,2.05764,99729600
2016-06-10,2.002274,2.012557,1.966088,1.988433,161760000
2016-06-13,1.955015,1.986257,1.929902,1.937417,119049600
2016-06-14,1.921598,1.957389,1.89431,1.938406,141729600
2016-06-15,1.95106,1.957388,1.910327,1.921004,106377600
2016-06-16,1.892729,1.94236,1.854368,1.934846,164361600
2016-06-17,1.926937,1.926937,1.855751,1.868605,167020800
2016-06-20,1.935637,1.960156,1.899451,1.90222,139243200
2016-06-21,1.913886,1.933264,1.90044,1.921203,86414400
2016-06-22,1.926739,1.958575,1.903208,1.908746,103296000
2016-06-23,1.953038,1.990015,1.928914,1.989223,128558400
2016-06-24,1.779623,1.865639,1.732167,1.745613,325502400
2016-06-27,1.705868,1.708241,1.61748,1.643976,235963200
2016-06-28,1.694004,1.74937,1.692422,1.746997,199468800
2016-06-29,1.789708,1.850611,1.786346,1.837757,208464000
2016-06-30,1.848831,1.906767,1.831035,1.904592,165811200
2016-07-01,1.901231,1.953829,1.899056,1.930694,131424000
2016-07-05,1.905779,1.909339,1.865836,1.896485,130939200
2016-07-06,1.870582,1.945326,1.852192,1.941173,173476800
2016-07-07,1.949874,1.973405,1.932868,1.959563,126230400
2016-07-08,1.98863,2.054872,1.983291,2.050126,150043200
2016-07-11,2.073459,2.109052,2.071482,2.085126,142646400
2016-07-12,2.123881,2.134757,2.109644,2.117949,115790400
2016-07-13,2.135152,2.136338,2.101735,2.103119,126412800
2016-07-14,2.144842,2.157299,2.129813,2.14583,109905600
2016-07-15,2.159672,2.163429,2.120718,2.133769,85416000
2016-07-18,2.139503,2.188541,2.137723,2.176282,83860800
2016-07-19,2.155321,2.173513,2.14227,2.15374,78667200
2016-07-20,2.186761,2.240743,2.180434,2.227495,90724800
2016-07-21,2.234218,2.245884,2.195264,2.214247,112804800
2016-07-22,2.219388,2.248258,2.197638,2.239953,86803200
2016-07-25,2.235009,2.242127,2.218596,2.241929,76243200
2016-07-26,2.239755,2.273172,2.214642,2.249444,136353600
2016-07-27,2.304612,2.312917,2.266251,2.293341,130564800
2016-07-28,2.305996,2.326957,2.284246,2.318256,87120000
2016-07-29,2.334866,2.352662,2.312324,2.333482,102633600
2016-08-01,2.339216,2.388057,2.330516,2.370062,105316800
2016-08-02,2.359978,2.366701,2.271392,2.316674,161107200
2016-08-03,2.311533,2.339809,2.306985,2.338622,85334400
2016-08-04,2.338029,2.366306,2.320826,2.359583,84028800
2016-08-05,2.397746,2.443027,2.387661,2.427802,123480000
2016-08-08,2.431954,2.433338,2.395966,2.42009,75902400
2016-08-09,2.424243,2.45845,2.420288,2.436107,79819200
2016-08-10,2.437886,2.441642,2.397548,2.417321,87720000
2016-08-11,2.440061,2.46379,2.426813,2.448565,68649600
2016-08-12,2.434129,2.453111,2.42701,2.453111,68275200
2016-08-15,2.461812,2.500371,2.459439,2.483958,57254400
2016-08-16,2.469524,2.4717,2.441446,2.444807,62596800
2016-08-17,2.444807,2.458056,2.404074,2.456276,89836800
2016-08-18,2.448564,2.46814,2.436107,2.458649,56755200
2016-08-19,2.445203,2.471106,2.424638,2.455287,73617600
2016-08-22,2.44362,2.473479,2.430965,2.45766,73243200
2016-08-23,2.487518,2.501755,2.470513,2.472293,62654400
2016-08-24,2.468734,2.479411,2.401503,2.424638,71198400
2016-08-25,2.405458,2.435316,2.397153,2.41317,58444800
2016-08-26,2.416333,2.470908,2.38074,2.424836,107313600
2016-08-29,2.42622,2.45331,2.424836,2.431559,49833600
2016-08-30,2.42266,2.443027,2.385091,2.40961,65750400
2016-08-31,2.39913,2.410006,2.371842,2.403282,71616000
2016-09-01,2.404864,2.428593,2.369272,2.41396,85953600
2016-09-02,2.456869,2.471501,2.416531,2.442236,90739200
2016-09-06,2.456869,2.489495,2.440061,2.487517,65985600
2016-09-07,2.495229,2.506105,2.465569,2.492065,58075200
2016-09-08,2.471699,2.473083,2.430372,2.449355,70065600
2016-09-09,2.389638,2.404468,2.26368,2.26368,160915200
2016-09-12,2.229671,2.395373,2.225518,2.379752,130651200
2016-09-13,2.347917,2.370458,2.287607,2.323595,125308800
2016-09-14,2.329527,2.392604,2.327154,2.353452,111528000
2016-09-15,2.357012,2.47427,2.355035,2.462603,131860800
2016-09-16,2.456474,2.46814,2.424243,2.459835,81523200
2016-09-19,2.47862,2.501954,2.414554,2.427604,91670400
2016-09-20,2.451925,2.471699,2.429779,2.44105,75782400
2016-09-21,2.471699,2.523308,2.429977,2.512038,138600000
2016-09-22,2.559098,2.58164,2.550003,2.570765,78100800
2016-09-23,2.562657,2.564041,2.512828,2.524494,73065600
2016-09-26,2.480992,2.48989,2.449552,2.461812,81883200
2016-09-27,2.459043,2.53616,2.449552,2.531613,82900800
2016-09-28,2.54071,2.550003,2.506897,2.545455,75696000
2016-09-29,2.534579,2.547037,2.458055,2.491472,114830400
2016-09-30,2.51441,2.567996,2.501953,2.542686,79987200
2016-10-03,2.533987,2.544466,2.504326,2.536952,81758400
2016-10-04,2.554946,2.573532,2.494834,2.522516,112204800
2016-10-05,2.545454,2.573532,2.541895,2.548816,68856000
2016-10-06,2.539325,2.561274,2.508676,2.544862,74529600
2016-10-07,2.552969,2.56246,2.491868,2.528251,90561600
2016-10-10,2.565624,2.593702,2.56424,2.573533,59889600
2016-10-11,2.568194,2.571358,2.433141,2.467151,129643200
2016-10-12,2.469721,2.484947,2.436897,2.462009,82056000
2016-10-13,2.410599,2.453112,2.366306,2.433141,104428800
2016-10-14,2.465965,2.497801,2.436502,2.438677,81811200
2016-10-17,2.438084,2.450739,2.41218,2.42187,55862400
2016-10-18,2.506303,2.519749,2.481586,2.483958,76968000
2016-10-19,2.479411,2.494834,2.471501,2.484947,47054400
2016-10-20,2.473479,2.491869,2.432548,2.474467,69950400
2016-10-21,2.479806,2.507093,2.456473,2.50136,58632000
2016-10-24,2.55198,2.597657,2.550003,2.592515,68649600
2016-10-25,2.594888,2.598646,2.556528,2.566613,59712000
2016-10-26,2.517178,2.557912,2.49345,2.517376,95308800
2016-10-27,2.548224,2.554353,2.470908,2.482179,103041600
2016-10-28,2.458649,2.498195,2.412379,2.43927,142958400
2016-10-31,2.462999,2.462999,2.424243,2.425429,56904000
2016-11-01,2.44105,2.44105,2.309951,2.3756,101923200
2016-11-02,2.367689,2.383706,2.297889,2.313707,81763200
2016-11-03,2.304216,2.325967,2.238568,2.247071,87014400
2016-11-04,2.226309,2.275347,2.210292,2.221563,84921600
2016-11-07,2.329131,2.388254,2.320035,2.38074,100963200
2016-11-08,2.372832,2.45944,2.357012,2.427407,110587200
2016-11-09,2.341391,2.472293,2.334668,2.461416,183292800
2016-11-10,2.491275,2.505314,2.243709,2.344357,247968000
2016-11-11,2.308171,2.359384,2.285827,2.34238,113563200
2016-11-14,2.34673,2.351871,2.23758,2.263285,177552000
2016-11-15,2.320629,2.389638,2.314103,2.368085,105571200
2016-11-16,2.332296,2.414158,2.332296,2.406644,86337600
2016-11-17,2.405062,2.462406,2.390035,2.462406,75537600
2016-11-18,2.466954,2.48297,2.427209,2.434722,63057600
2016-11-21,2.450145,2.515597,2.449157,2.507885,83625600
2016-11-22,2.538336,2.550793,2.512828,2.530427,76680000
2016-11-23,2.506106,2.514608,2.467745,2.499975,73824000
2016-11-25,2.511839,2.527856,2.501557,2.524099,38280000
2016-11-28,2.51263,2.542884,2.499777,2.510059,71467200
2016-11-29,2.512234,2.568984,2.493845,2.534183,74582400
2016-11-30,2.539325,2.545454,2.438677,2.452123,151296000
2016-12-01,2.439666,2.439864,2.30303,2.317466,186384000
2016-12-02,2.319639,2.356221,2.299076,2.326758,102984000
2016-12-05,2.364329,2.410006,2.331702,2.380543,89942400
2016-12-06,2.398932,2.41139,2.369668,2.397746,69254400
2016-12-07,2.383706,2.498591,2.362944,2.486727,148867200
2016-12-08,2.493055,2.522122,2.47862,2.501953,113016000
2016-12-09,2.530229,2.564833,2.530229,2.560482,102672000
2016-12-12,2.525483,2.541698,2.495822,2.524889,95150400
2016-12-13,2.552375,2.664096,2.548816,2.62356,169195200
2016-12-14,2.628701,2.657175,2.582036,2.604379,142377600
2016-12-15,2.611498,2.663503,2.597459,2.620198,106425600
2016-12-16,2.632459,2.649464,2.573929,2.588363,114753600
2016-12-19,2.599239,2.667458,2.587572,2.620001,83572800
2016-12-20,2.640565,2.664492,2.635819,2.651639,62784000
2016-12-21,2.652628,2.657966,2.625735,2.642345,48288000
2016-12-22,2.643532,2.647091,2.591132,2.619409,65520000
2016-12-23,2.608731,2.628701,2.600227,2.627515,32251200
2016-12-27,2.641752,2.711553,2.638984,2.665876,75643200
2016-12-28,2.68209,2.690593,2.598447,2.604182,91339200
2016-12-29,2.602798,2.61921,2.568194,2.591527,85728000
2016-12-30,2.606357,2.607938,2.491472,2.515794,105384000
2017-01-03,2.562855,2.607939,2.538336,2.576697,97646400
2017-01-04,2.588561,2.635028,2.585199,2.620594,66513600
2017-01-05,2.618419,2.670424,2.616046,2.667062,61372800
2017-01-06,2.672005,2.755648,2.651639,2.734688,95798400
2017-01-09,2.74141,2.776212,2.735874,2.762371,66172800
2017-01-10,2.761185,2.80429,2.746749,2.778189,66336000
2017-01-11,2.780167,2.801523,2.739433,2.799545,94104000
2017-01-12,2.771863,2.793613,2.710169,2.785308,80517600
2017-01-13,2.794404,2.830788,2.793613,2.817341,58612800
2017-01-17,2.792032,2.80785,2.766721,2.790845,55531200
2017-01-18,2.803895,2.815364,2.781353,2.809827,49329600
2017-01-19,2.817737,2.84898,2.786494,2.802314,59731200
2017-01-20,2.839488,2.861239,2.799941,2.820506,56846400
2017-01-23,2.811805,2.839488,2.775026,2.826833,55250400
2017-01-24,2.842256,2.898018,2.830392,2.885759,51691200
2017-01-25,2.937961,2.974344,2.931633,2.969994,56148000
2017-01-26,2.983439,3.000049,2.966434,2.982252,50856000
2017-01-27,2.997676,3.006377,2.969202,2.99649,33249600
2017-01-30,2.964852,2.966434,2.878243,2.928469,75043200
2017-01-31,2.898413,2.912255,2.858866,2.912255,59616000
2017-02-01,2.969203,2.986604,2.929656,2.967622,72511200
2017-02-02,2.952592,2.98779,2.928074,2.960107,57895200
2017-02-03,2.971971,2.9957,2.962876,2.985812,48192000
2017-02-06,2.97118,2.998468,2.96327,2.996886,41707200
2017-02-07,3.012704,3.048692,3.007959,3.027732,46634400
2017-02-08,3.017055,3.056602,3.000445,3.044738,36967200
2017-02-09,3.053043,3.097731,3.048298,3.076376,51525600
2017-02-10,3.097731,3.120272,3.081911,3.106826,47872800
2017-02-13,3.136092,3.172871,3.131346,3.161402,42988800
2017-02-14,3.16338,3.192248,3.133719,3.191062,62664000
2017-02-15,3.187108,3.252361,3.179594,3.246033,73564800
2017-02-16,3.253942,3.273321,3.219932,3.243265,63950400
2017-02-17,3.229819,3.286371,3.227841,3.283998,51607200
2017-02-21,3.306936,3.340946,3.299421,3.3362,66729600
2017-02-22,3.325919,3.344901,3.308517,3.336596,43056000
2017-02-23,3.351228,3.351624,3.259479,3.300608,62676000
2017-02-24,3.253151,3.318404,3.250778,3.318404,50731200
2017-02-27,3.301003,3.330268,3.282811,3.328291,52437600
2017-02-28,3.328686,3.33185,3.272134,3.30219,41904000
2017-03-01,3.359928,3.424786,3.344109,3.408967,63254400
2017-03-02,3.407386,3.407386,3.34411,3.355184,42919200
2017-03-03,3.347274,3.377329,3.321567,3.372583,34646400
2017-03-06,3.336201,3.367838,3.310495,3.349251,38774400
2017-03-07,3.327895,3.377329,3.316822,3.332641,35428800
2017-03-08,3.340946,3.382075,3.329478,3.349647,38652000
2017-03-09,3.348856,3.372189,3.304958,3.359929,44172000
2017-03-10,3.403036,3.415294,3.357952,3.396708,51456000
2017-03-13,3.393544,3.419645,3.39038,3.416481,33883200
2017-03-14,3.393148,3.39829,3.350437,3.391171,53020800
2017-03-15,3.414504,3.476988,3.379307,3.450492,63813600
2017-03-16,3.47422,3.47422,3.423599,3.448514,38875200
2017-03-17,3.456424,3.470266,3.438232,3.440209,35320800
2017-03-20,3.440209,3.475011,3.424786,3.450492,36696000
2017-03-21,3.488851,3.499925,3.288743,3.296652,93568800
2017-03-22,3.298631,3.370607,3.283208,3.361511,71373600
2017-03-23,3.349251,3.375749,3.3188,3.334619,59064000
2017-03-24,3.366257,3.405408,3.317218,3.35281,51686400
2017-03-27,3.284394,3.388007,3.259874,3.370607,75259200
2017-03-28,3.370211,3.463147,3.349251,3.433882,84000000
2017-03-29,3.437045,3.484106,3.429136,3.479361,48170400
2017-03-30,3.478174,3.50823,3.466706,3.496762,52927200
2017-03-31,3.481339,3.516535,3.469869,3.488457,54146400
2017-04-03,3.498739,3.522864,3.425578,3.480943,64521600
2017-04-04,3.450492,3.49953,3.448119,3.496762,32424000
2017-04-05,3.513767,3.574274,3.436255,3.456819,73360800
2017-04-06,3.468683,3.488458,3.434673,3.459588,61651200
2017-04-07,3.457214,3.486875,3.418062,3.455632,41575200
2017-04-10,3.467497,3.501112,3.429927,3.459588,48376800
2017-04-11,3.446141,3.463542,3.338969,3.416086,85346400
2017-04-12,3.412131,3.41925,3.36072,3.371003,68095200
2017-04-13,3.357556,3.415691,3.329082,3.331059,61370400
2017-04-17,3.359138,3.414504,3.355183,3.410154,36333600
2017-04-18,3.378516,3.42795,3.372189,3.400267,50755200
2017-04-19,3.439419,3.473034,3.397894,3.412131,57568800
2017-04-20,3.453655,3.519699,3.437836,3.494784,82492800
2017-04-21,3.506254,3.510604,3.469079,3.493203,54026400
2017-04-24,3.60868,3.630431,3.593256,3.620149,60072000
2017-04-25,3.656137,3.718622,3.647832,3.70043,64113600
2017-04-26,3.70399,3.730487,3.676306,3.684216,87660000
2017-04-27,3.711898,3.749073,3.702803,3.748677,57676800
2017-04-28,3.794157,3.798507,3.75105,3.770033,68500800
2017-05-01,3.804834,3.884324,3.800088,3.864946,64634400
2017-05-02,3.883929,3.89342,3.854268,3.887884,60412800
2017-05-03,3.864156,3.864552,3.818281,3.849523,73586400
2017-05-04,3.851501,3.869297,3.81393,3.853478,72607200
2017-05-05,3.881162,3.895398,3.839637,3.895398,54506400
2017-05-08,3.90133,3.920313,3.877602,3.91873,61267200
2017-05-09,3.937317,3.987542,3.928617,3.961837,75717600
2017-05-10,3.966187,3.971723,3.926244,3.968164,56193600
2017-05-11,3.936131,3.960651,3.880765,3.958673,62433600
2017-05-12,3.963814,3.986752,3.953533,3.984379,58538400
2017-05-15,3.988333,4.028276,3.978051,4.021553,69340800
2017-05-16,4.050028,4.07257,4.0176,4.072175,77066400
2017-05-17,3.976469,3.99743,3.75896,3.764101,140236800
2017-05-18,3.758565,3.896584,3.742351,3.85941,120384000
2017-05-19,3.89698,3.9563,3.893816,3.906076,72844800
2017-05-22,3.933363,4.012061,3.929012,4.007316,65354400
2017-05-23,4.040141,4.041722,3.987147,4.017203,68858400
2017-05-24,4.050818,4.077314,4.01918,4.072568,64941600
2017-05-25,4.117258,4.206239,4.091552,4.179742,87504000
2017-05-26,4.176577,4.201887,4.160758,4.197537,54856800
2017-05-30,4.187256,4.221662,4.182905,4.206238,55192800
2017-05-31,4.244598,4.253695,4.13703,4.201097,96902400
2017-06-01,4.226012,4.254881,4.174205,4.251322,74092800
2017-06-02,4.293241,4.399624,4.274654,4.396459,83244000
2017-06-05,4.3929,4.415838,4.374313,4.3929,51477600
2017-06-06,4.377083,4.419794,4.320925,4.343071,77733600
2017-06-07,4.373918,4.401601,4.31697,4.390527,81410400
2017-06-08,4.417816,4.424539,4.333185,4.402392,92563200
2017-06-09,4.418212,4.434426,3.901726,4.084039,233138400
2017-06-12,3.970539,4.028278,3.853084,4.010086,166449600
2017-06-13,4.072569,4.120026,4.011667,4.103812,126492000
2017-06-14,4.15206,4.15206,3.951951,4.048841,139012800
2017-06-15,3.925059,4.007712,3.851105,3.994266,141158400
2017-06-16,3.986356,3.989125,3.898165,3.946414,93856800
2017-06-19,4.056355,4.150872,4.038163,4.137427,110944800
2017-06-20,4.127539,4.142172,4.038162,4.043699,85939200
2017-06-21,4.068615,4.165109,4.06031,4.161155,83589600
2017-06-22,4.179741,4.202283,4.12477,4.156409,68445600
2017-06-23,4.141776,4.219684,4.108161,4.203074,68786400
2017-06-26,4.272282,4.297593,4.118048,4.147313,105681600
2017-06-27,4.099065,4.112512,3.919126,3.919126,144088800
2017-06-28,3.960255,4.096297,3.893025,4.083642,120861600
2017-06-29,4.033416,4.036185,3.756981,3.875623,231564000
2017-06-30,3.909239,3.939295,3.839636,3.862178,98616000
2017-07-03,3.93099,3.943249,3.747491,3.756982,81684000
2017-07-05,3.785852,3.895002,3.75105,3.864155,114033600
2017-07-06,3.774778,3.823817,3.718622,3.762124,106324800
2017-07-07,3.799298,3.911216,3.79653,3.874833,89623200
2017-07-10,3.889466,3.984379,3.858223,3.955905,92114400
2017-07-11,3.938504,4.003362,3.894212,3.988333,108571200
2017-07-12,4.088388,4.142963,4.066242,4.130308,105307200
2017-07-13,4.146522,4.18686,4.121212,4.157596,91476000
2017-07-14,4.206634,4.270305,4.173414,4.255277,84636000
2017-07-17,4.269119,4.305897,4.236689,4.257649,100663200
2017-07-18,4.248949,4.34663,4.211774,4.342279,84182400
2017-07-19,4.379849,4.43917,4.376686,4.42177,104234400
2017-07-20,4.4542,4.463296,4.377478,4.438381,108460800
2017-07-21,4.38341,4.432053,4.363241,4.431658,86916000
2017-07-24,4.43047,4.500864,4.413861,4.489396,88732800
2017-07-25,4.447873,4.489001,4.420981,4.459341,94180800
2017-07-26,4.487814,4.507589,4.468832,4.499284,60607200
2017-07-27,4.589846,4.601315,4.257649,4.419002,188956800
2017-07-28,4.341094,4.424933,4.31341,4.404764,70022400
2017-07-31,4.440754,4.45776,4.318157,4.347423,88716000
2017-08-01,4.390923,4.394483,4.336348,4.375896,61156800
2017-08-02,4.45855,4.4629,4.288496,4.407929,110366400
2017-08-03,4.424539,4.42612,4.334766,4.362054,72640800
2017-08-04,4.387761,4.412279,4.328835,4.37906,71488800
2017-08-07,4.404764,4.46369,4.385781,4.456572,54837600
2017-08-08,4.436798,4.547927,4.401998,4.439963,103886400
2017-08-09,4.331208,4.428099,4.300361,4.422562,99081600
2017-08-10,4.348213,4.356122,4.125167,4.135449,163382400
2017-08-11,4.155618,4.258045,4.126353,4.229967,105271200
2017-08-14,4.32844,4.413466,4.327253,4.394483,95488800
2017-08-15,4.419002,4.428099,4.366405,4.402392,72297600
2017-08-16,4.433239,4.486627,4.381432,4.425329,99052800
2017-08-17,4.371545,4.392901,4.152454,4.153245,158582400
2017-08-18,4.159573,4.227989,4.093133,4.138613,129852000
2017-08-21,4.145732,4.169855,4.049632,4.131099,86481600
2017-08-22,4.192002,4.327648,4.190024,4.314993,94264800
2017-08-23,4.244204,4.296406,4.238667,4.266746,84076800
2017-08-24,4.297988,4.314597,4.156409,4.231153,97180800
2017-08-25,4.274259,4.310248,4.186861,4.20268,92620800
2017-08-28,4.239459,4.270305,4.200307,4.239459,66242400
2017-08-29,4.129122,4.310643,4.119234,4.29166,85123200
2017-08-30,4.299174,4.460922,4.291661,4.440357,106248000
2017-08-31,4.476346,4.582728,4.469228,4.566514,106176000
2017-09-01,4.601316,4.618716,4.528153,4.563351,71001600
2017-09-05,4.519847,4.55109,4.337139,4.441149,129235200
2017-09-06,4.477137,4.509566,4.383806,4.47951,85557600
2017-09-07,4.505611,4.543972,4.460922,4.507193,73970400
2017-09-08,4.490187,4.498098,4.379851,4.396066,82646400
2017-09-11,4.49533,4.564933,4.493747,4.536064,85279200
2017-09-12,4.579564,4.594197,4.511148,4.574423,73418400
2017-09-13,4.547926,4.594591,4.529734,4.593405,51604800
2017-09-14,4.542786,4.57996,4.504425,4.515894,73576800
2017-09-15,4.511148,4.607643,4.487815,4.552277,79264800
2017-09-18,4.57205,4.615947,4.498492,4.541203,91509600
2017-09-19,4.562557,4.581935,4.515891,4.560579,56942400
2017-09-20,4.558208,4.571654,4.415838,4.522615,107306400
2017-09-21,4.509169,4.510752,4.389737,4.435612,84890400
2017-09-22,4.391714,4.442335,4.380245,4.424539,62167200
2017-09-25,4.370359,4.377083,4.217708,4.285729,135520800
2017-09-26,4.347817,4.371545,4.269909,4.314993,95090400
2017-09-27,4.383806,4.479115,4.35019,4.432053,111348000
2017-09-28,4.400019,4.437194,4.367591,4.424539,64536000
2017-09-29,4.451431,4.527758,4.415839,4.518266,88248000
2017-10-02,4.541598,4.586287,4.470414,4.530921,92205600
2017-10-03,4.547927,4.574819,4.518267,4.559395,62738400
2017-10-04,4.532899,4.599734,4.52064,4.571259,90153600
2017-10-05,4.624647,4.710465,4.605269,4.70295,94291200
2017-10-06,4.658657,4.721933,4.656681,4.719956,85960800
2017-10-09,4.741707,4.755944,4.68911,4.708093,68851200
2017-10-10,4.75278,4.768203,4.655098,4.717978,71757600
2017-10-11,4.712046,4.76148,4.692273,4.759108,59788800
2017-10-12,4.73894,4.788374,4.716398,4.733403,66180000
2017-10-13,4.787977,4.80261,4.771367,4.786396,48873600
2017-10-16,4.822383,4.838202,4.79035,4.835829,57079200
2017-10-17,4.829898,4.854417,4.807356,4.852836,60189600
2017-10-18,4.86628,4.867072,4.814078,4.834247,57900000
2017-10-19,4.751198,4.781254,4.679222,4.780858,80680800
2017-10-20,4.838203,4.849671,4.801424,4.815661,66554400
2017-10-23,4.846113,4.847299,4.703348,4.72589,61456800
2017-10-24,4.74843,4.776113,4.694646,4.750011,58872000
2017-10-25,4.717977,4.764644,4.586286,4.692272,89191200
2017-10-26,4.68555,4.716792,4.642047,4.648771,72768000
2017-10-27,4.869841,5.077463,4.857581,5.049385,147818400
2017-10-30,5.036729,5.144298,5.025656,5.085372,96556800
2017-10-31,5.130851,5.162884,5.090118,5.139156,60196800
2017-11-01,5.203619,5.210737,5.075882,5.132433,83064000
2017-11-02,5.11701,5.124128,5.000741,5.106332,91780800
2017-11-03,5.160512,5.254635,5.10831,5.248703,86700000
2017-11-06,5.239608,5.310396,5.23328,5.302092,76096800
2017-11-07,5.290227,5.33452,5.258194,5.310792,93321600
2017-11-08,5.30565,5.380394,5.285877,5.377231,68863200
2017-11-09,5.246329,5.299321,5.127291,5.291017,163195200
2017-11-10,5.255425,5.301695,5.225764,5.289436,66436800
2017-11-13,5.233674,5.328588,5.229323,5.305254,75144000
2017-11-14,5.251866,5.269268,5.174354,5.251866,91000800
2017-11-15,5.184636,5.218251,5.092095,5.174749,80668800
2017-11-16,5.256216,5.406495,5.253447,5.36853,80853600
2017-11-17,5.374067,5.384745,5.294182,5.308419,69352800
2017-11-20,5.316724,5.334915,5.274013,5.295368,50059200
2017-11-21,5.369321,5.473331,5.363785,5.462257,70742400
2017-11-22,5.481636,5.50141,5.45079,5.484009,60117600
2017-11-24,5.504968,5.550051,5.494686,5.545702,39952800
2017-11-27,5.538584,5.576944,5.500223,5.536606,66837600
2017-11-28,5.574177,5.589995,5.485591,5.57734,70305600
2017-11-29,5.563499,5.563499,5.210737,5.290623,208288800
2017-11-30,5.357063,5.451185,5.31712,5.42192,118780800
2017-12-01,5.317119,5.42706,5.113055,5.349547,170294400
2017-12-04,5.454348,5.466607,5.148648,5.164863,165444000
2017-12-05,5.155766,5.350338,5.09961,5.172376,115480800
2017-12-06,5.115033,5.265707,5.09605,5.240793,94759200
2017-12-07,5.243958,5.338871,5.223789,5.292601,76156800
2017-12-08,5.410055,5.448811,5.33887,5.362598,88401600
2017-12-11,5.370904,5.492314,5.368531,5.48559,71568000
2017-12-12,5.477681,5.513669,5.43062,5.465026,73377600
2017-12-13,5.527115,5.54768,5.47254,5.492314,83342400
2017-12-14,5.524347,5.563893,5.463444,5.484404,71246400
2017-12-15,5.548469,5.68728,5.518414,5.662761,111669600
2017-12-18,5.774284,5.824905,5.75016,5.808295,81081600
2017-12-19,5.777052,5.795639,5.660388,5.713777,98868000
2017-12-20,5.768352,5.770725,5.61926,5.690049,71150400
2017-12-21,5.710218,5.762421,5.667903,5.687281,66518400
2017-12-22,5.663156,5.674625,5.620445,5.668297,42492000
2017-12-26,5.577735,5.596718,5.512483,5.576549,48866400
2017-12-27,5.576944,5.621237,5.560334,5.576549,45196800
2017-12-28,5.625982,5.631124,5.575362,5.591576,46730400
2017-12-29,5.612537,5.612537,5.482031,5.485986,68558400
2018-01-02,5.572198,5.779426,5.532256,5.767561,91735200
2018-01-03,5.790895,5.95818,5.790104,5.936428,85224000
2018-01-04,6.006031,6.027386,5.950269,5.971229,70024800
2018-01-05,6.054674,6.164615,6.023431,6.151564,82380000
2018-01-08,6.150774,6.232637,6.144842,6.219981,72252000
2018-01-09,6.257945,6.278906,6.16936,6.224726,104169600
2018-01-10,6.138118,6.182807,6.059024,6.180434,95853600
2018-01-11,6.211676,6.304217,6.182807,6.304217,74839200
2018-01-12,6.282861,6.462406,6.265065,6.437887,89560800
2018-01-16,6.567996,6.670423,6.330713,6.388056,165021600
2018-01-17,6.473083,6.622176,6.385685,6.589352,82624800
2018-01-18,6.560482,6.639577,6.513817,6.59568,94394400
2018-01-19,6.652232,6.687429,6.558901,6.658955,84948000
2018-01-22,6.643136,6.866973,6.62613,6.866973,103862400
2018-01-23,6.933017,7.057987,6.922339,7.040981,129343200
2018-01-24,7.079341,7.128774,6.780364,6.898215,209073600
2018-01-25,7.042167,7.047309,6.824658,6.889515,133300800
2018-01-26,6.999851,7.197192,6.963468,7.197192,106437600
2018-01-29,7.154482,7.203125,7.055614,7.101884,132348000
2018-01-30,6.904149,7.013694,6.813189,6.920363,132506400
2018-01-31,7.041376,7.081319,6.88121,7.005784,110997600
2018-02-01,6.85076,7.047309,6.757823,6.830591,127968000
2018-02-02,6.754264,6.795393,6.403085,6.413367,190185600
2018-02-05,6.238568,6.550595,5.639823,5.673043,230628000
2018-02-06,5.410846,6.129814,5.340056,6.110436,239383200
2018-02-07,6.053092,6.24806,5.868802,5.868802,176112000
2018-02-08,5.929309,5.937614,5.141134,5.141529,216405600
2018-02-09,5.346779,5.502991,4.793119,5.383558,320344800
2018-02-12,5.567453,5.789313,5.427061,5.684908,175056000
2018-02-13,5.585249,5.797618,5.551239,5.754116,108055200
2018-02-14,5.667903,6.114786,5.661971,6.091057,168115200
2018-02-15,6.248456,6.417718,6.057839,6.409413,190375200
2018-02-16,6.362745,6.543871,6.301842,6.33783,170553600
2018-02-20,6.265064,6.534777,6.259132,6.369469,145869600
2018-02-21,6.460823,6.652232,6.307775,6.312126,177477600
2018-02-22,6.403875,6.499579,6.265064,6.313312,166603200
2018-02-23,6.456473,6.693756,6.388451,6.689406,142768800
2018-02-26,6.794602,6.961095,6.779969,6.957931,133951200
2018-02-27,6.970191,7.007366,6.700084,6.708784,173308800
2018-02-28,6.820703,6.887142,6.567206,6.573929,153014400
2018-03-01,6.588561,6.676356,6.077611,6.257551,251916000
2018-03-02,6.038064,6.459636,5.962924,6.429581,193399200
2018-03-05,6.339019,6.688221,6.262692,6.631273,148881600
2018-03-06,6.73014,6.789856,6.59647,6.715112,142060800
2018-03-07,6.568392,6.782342,6.533987,6.765337,133764000
2018-03-08,6.840871,6.88991,6.766918,6.866182,115168800
2018-03-09,7.021998,7.266005,6.991151,7.266005,147348000
2018-03-12,7.336003,7.441594,7.290127,7.374759,132679200
2018-03-13,7.336003,7.441594,7.033862,7.107025,182292000
2018-03-14,7.196796,7.218547,6.991942,7.082901,133622400
2018-03-15,7.104256,7.190073,6.985614,7.051262,110896800
2018-03-16,7.091601,7.145385,6.991942,7.004597,78268800
2018-03-19,6.821495,6.821495,6.369866,6.564834,194232000
2018-03-20,6.566413,6.659745,6.492461,6.61308,92193600
2018-03-21,6.564833,6.74675,6.435909,6.517376,132496800
2018-03-22,6.264276,6.390826,6.019084,6.041229,205879200
2018-03-23,6.019082,6.070493,5.553216,5.553216,217598400
2018-03-26,5.892531,6.202581,5.630729,6.178062,183504000
2018-03-27,6.323199,6.323199,5.424688,5.585645,273614400
2018-03-28,5.487963,5.648129,5.259776,5.39305,242289600
2018-03-29,5.474912,5.841119,5.320283,5.691631,197073600
2018-04-02,5.55717,5.635473,5.013396,5.186218,244953600
2018-04-03,5.328983,5.425874,5.077463,5.360226,221805600
2018-04-04,5.047408,5.662366,5.030403,5.613723,216729600
2018-04-05,5.781007,5.803549,5.582481,5.701913,183355200
2018-04-06,5.524347,5.687677,5.197291,5.276386,232291200
2018-04-09,5.415591,5.705076,5.360621,5.381977,175891200
2018-04-10,5.633497,5.79564,5.522369,5.737506,194875200
2018-04-11,5.639429,5.82807,5.624006,5.641011,143440800
2018-04-12,5.754116,5.902418,5.733947,5.838747,142766400
2018-04-13,5.932473,5.957388,5.681348,5.752138,142485600
2018-04-16,5.869594,5.947501,5.765189,5.879085,118298400
2018-04-17,6.055465,6.300657,6.025014,6.255178,124147200
2018-04-18,6.264274,6.365119,6.173316,6.29868,118089600
2018-04-19,6.207722,6.247664,6.060606,6.12744,129019200
2018-04-20,6.08038,6.090268,5.769935,5.833606,140812800
2018-04-23,5.914677,5.984279,5.694794,5.78773,123333600
2018-04-24,5.864056,5.896089,5.30565,5.418756,213019200
2018-04-25,5.444857,5.504968,5.215483,5.440111,210816000
2018-04-26,5.646942,5.833209,5.592763,5.777448,141993600
2018-04-27,6.030154,6.036878,5.691631,5.790894,164858400
2018-04-30,5.829651,5.936033,5.620842,5.667508,161124000
2018-05-01,5.618074,5.859312,5.581295,5.851799,116978400
2018-05-02,5.890554,5.941966,5.734343,5.749766,143652000
2018-05-03,5.673044,5.813041,5.475309,5.750161,196072800
2018-05-04,5.677394,6.115972,5.662365,6.073657,185932800
2018-05-07,6.163825,6.285234,6.144842,6.218004,139063200
2018-05-08,6.184784,6.246081,6.070887,6.197438,126715200
2018-05-09,6.240545,6.420485,6.173315,6.405061,114996000
2018-05-10,6.465964,6.617825,6.451727,6.604379,119006400
2018-05-11,6.570765,6.6289,6.497602,6.584607,119697600
2018-05-14,6.626132,6.742401,6.584607,6.613872,109183200
2018-05-15,6.456473,6.467547,6.293539,6.399921,174520800
2018-05-16,6.414554,6.564833,6.412972,6.517772,89712000
2018-05-17,6.451332,6.592121,6.34851,6.444214,103219200
2018-05-18,6.370656,6.434328,6.314894,6.340995,85466400
2018-05-21,6.48653,6.573929,6.367097,6.451728,116892000
2018-05-22,6.53438,6.568786,6.390033,6.418111,96943200
2018-05-23,6.276139,6.583421,6.269811,6.579466,123045600
2018-05-24,6.577488,6.609521,6.375798,6.573929,71110400
2018-05-25,6.576302,6.66291,6.533591,6.590539,63081600
2018-05-29,6.50037,6.617825,6.386474,6.506302,94451200
2018-05-30,6.572742,6.677147,6.531218,6.645113,70806400
2018-05-31,6.635623,6.760196,6.577488,6.630877,81056800
2018-06-01,6.721044,6.950022,6.721044,6.939344,77171200
2018-06-04,6.987988,7.130358,6.978497,7.117308,64049600
2018-06-05,7.174255,7.226457,7.095951,7.190865,55900000
2018-06-06,7.213406,7.315438,7.104256,7.309506,57628000
2018-06-07,7.318996,7.322556,7.027138,7.139848,78452000
2018-06-08,7.027139,7.16595,6.979683,7.135103,49320800
2018-06-11,7.117307,7.244253,7.113747,7.190865,40836000
2018-06-12,7.220526,7.323744,7.197983,7.304761,47848000
2018-06-13,7.332047,7.466112,7.253744,7.296455,72247200
2018-06-14,7.400861,7.552722,7.380692,7.518316,90452800
2018-06-15,7.431707,7.485096,7.332048,7.443572,77689600
2018-06-18,7.296455,7.444757,7.227643,7.426961,68726400
2018-06-19,7.141034,7.362894,7.073408,7.360521,107633600
2018-06-20,7.457807,7.608482,7.442384,7.514755,79644800
2018-06-21,7.566957,7.591873,7.276286,7.320183,102280800
2018-06-22,7.393743,7.400861,7.190866,7.246627,62227200
2018-06-25,7.073409,7.103069,6.58342,6.783924,171306400
2018-06-26,6.849177,6.973751,6.774433,6.858669,94165600
2018-06-27,6.945277,7.037818,6.563251,6.583421,131838400
2018-06-28,6.551387,6.811212,6.509863,6.744773,111300000
2018-06-29,6.842057,6.947648,6.769686,6.775618,78536000
2018-07-02,6.603589,6.935785,6.558505,6.92748,83296800
2018-07-03,7.002224,7.009343,6.671214,6.689011,56425600
2018-07-05,6.820702,6.951208,6.713925,6.934598,65622400
2018-07-06,6.977311,7.271542,6.942905,7.246627,75012000
2018-07-09,7.365269,7.456622,7.283406,7.448318,72377600
2018-07-10,7.480349,7.515942,7.388995,7.466113,66784000
2018-07-11,7.296455,7.434079,7.271541,7.356962,79829600
2018-07-12,7.447131,7.725938,7.431707,7.720006,81352000
2018-07-13,7.721192,7.786444,7.663057,7.742548,67876000
2018-07-16,7.74848,7.790005,7.650008,7.690346,55560000
2018-07-17,7.450687,7.877797,7.448314,7.832712,75593600
2018-07-18,7.830343,7.852885,7.711701,7.782886,46537600
2018-07-19,7.706956,7.77814,7.638143,7.667804,76874400
2018-07-20,7.730685,7.810174,7.632212,7.657126,57396000
2018-07-23,7.5895,7.738989,7.498146,7.723565,63027200
2018-07-24,7.966781,8.04983,7.729498,7.822038,95066400
2018-07-25,7.832714,8.163724,7.826783,8.148301,77241600
2018-07-26,7.820851,7.894409,7.74848,7.792377,111888000
2018-07-27,7.930002,7.937121,7.329676,7.4673,118098400
2018-07-30,7.468487,7.475605,7.037818,7.145782,100805600
2018-07-31,7.221713,7.390184,7.107817,7.288152,95712000
2018-08-01,7.355777,7.45425,7.26561,7.38781,69301600
2018-08-02,7.22527,7.711701,7.218152,7.68204,92242400
2018-08-03,7.722379,7.757972,7.628653,7.750854,72133600
2018-08-06,7.741363,7.89797,7.710516,7.893224,68068000
2018-08-07,7.954916,8.020169,7.907459,7.970339,71970400
2018-08-08,7.944238,8.049829,7.877799,7.991695,63434400
2018-08-09,7.984576,8.079489,7.951356,7.984576,54530400
2018-08-10,7.825597,7.895596,7.714074,7.79831,85626400
2018-08-13,7.84102,7.992882,7.76509,7.775768,92674400
2018-08-14,7.861191,7.947799,7.738991,7.919325,60727200
2018-08-15,7.740174,7.806614,7.483909,7.631024,115857600
2018-08-16,7.799496,7.848139,7.65594,7.701024,65142400
2018-08-17,7.63933,7.76153,7.499333,7.699837,70262400
2018-08-20,7.755599,7.762717,7.593059,7.684413,67461600
2018-08-21,7.752039,7.903901,7.736616,7.763904,67069600
2018-08-22,7.711702,7.880172,7.686787,7.854071,63313600
2018-08-23,7.814921,7.979833,7.779329,7.814921,71133600
2018-08-24,7.897967,8.052202,7.889663,8.032032,63956800
2018-08-27,8.16135,8.275246,8.117453,8.274059,72851200
2018-08-28,8.342872,8.372532,8.262195,8.310839,65224800
2018-08-29,8.353551,8.613375,8.346432,8.601511,65735200
2018-08-30,8.549311,8.703545,8.465075,8.55287,87863200
2018-08-31,8.520837,8.654902,8.491177,8.577785,63180000
2018-09-04,8.50304,8.545751,8.332197,8.475753,80209600
2018-09-05,8.423552,8.427111,8.058136,8.138812,107729600
2018-09-06,8.153047,8.177962,7.756784,7.916951,115504800
2018-09-07,7.754411,8.030847,7.737802,7.838647,77009600
2018-09-10,7.959661,7.975085,7.77458,7.907459,55448800
2018-09-11,7.803056,8.124575,7.747295,8.08305,70522400
2018-09-12,8.049831,8.06644,7.805429,8.013052,88261600
2018-09-13,8.150674,8.307281,8.147115,8.250334,74676000
2018-09-14,8.279995,8.32152,8.092542,8.187455,76688000
2018-09-17,8.141183,8.166097,7.813732,7.842206,72823200
2018-09-18,7.858815,8.144742,7.846951,8.028473,72758400
2018-09-19,8.032034,8.088982,7.852886,8.010678,58962400
2018-09-20,8.164912,8.302537,8.110337,8.262198,62683200
2018-09-21,8.335754,8.373719,8.104402,8.130504,60281600
2018-09-24,7.962035,8.208809,7.858816,8.200504,52875200
2018-09-25,8.18508,8.249147,8.104404,8.233724,43259200
2018-09-26,8.240842,8.479312,8.199318,8.225419,70920000
2018-09-27,8.34762,8.53982,8.332197,8.453211,58525600
2018-09-28,8.380839,8.512531,8.338128,8.44016,61857600
2018-10-01,8.601515,8.681005,8.433044,8.488806,68232000
2018-10-02,8.466261,8.632359,8.380839,8.44016,64787200
2018-10-03,8.543377,8.601512,8.427108,8.465074,66569600
2018-10-04,8.36423,8.373721,7.79475,7.982204,150889600
2018-10-05,7.972712,8.047456,7.453062,7.68204,132924000
2018-10-08,7.574076,7.741361,7.265608,7.544416,119353600
2018-10-09,7.553908,7.782887,7.496961,7.602552,104289600
2018-10-10,7.473231,7.481536,6.577487,6.616639,242856000
2018-10-11,6.526471,6.792228,6.149191,6.348509,222432000
2018-10-12,6.855108,6.942903,6.501556,6.884768,168488000
2018-10-15,6.817143,6.846803,6.554945,6.624944,159735200
2018-10-16,6.8385,7.257304,6.804093,7.195611,124466400
2018-10-17,7.317812,7.329676,6.99392,7.219339,130120800
2018-10-18,7.125612,7.133917,6.621385,6.718671,156348800
2018-10-19,6.856296,7.046122,6.619012,6.691384,134836800
2018-10-22,6.811212,6.950023,6.640369,6.79223,114926400
2018-10-23,6.429185,6.819515,6.196647,6.717484,176781600
2018-10-24,6.692569,6.726975,5.77547,5.803944,204842400
2018-10-25,6.061397,6.497998,5.983094,6.399525,152073600
2018-10-26,5.742251,6.267833,5.633101,5.902417,244761600
2018-10-29,6.166988,6.240545,5.201246,5.586831,217961600
2018-10-30,5.485985,5.819368,5.406495,5.802758,184865600
2018-10-31,6.080379,6.366305,6.080379,6.194274,180157600
2018-11-01,6.248851,6.480202,6.102922,6.464779,126066400
2018-11-02,6.400712,6.516981,6.026991,6.175293,174357600
2018-11-05,6.178853,6.185971,5.903604,6.114786,102600800
2018-11-06,6.099362,6.350882,6.082752,6.244105,111461600
2018-11-07,6.46715,6.829008,6.426812,6.81833,138552000
2018-11-08,6.737654,6.800534,6.603589,6.702062,117524800
2018-11-09,6.515794,6.558505,6.203767,6.36156,136739200
2018-11-12,6.228681,6.263088,5.764793,5.802758,154367200
2018-11-13,5.869197,6.110039,5.746996,5.800385,154454400
2018-11-14,5.965296,6.029363,5.561915,5.653269,156124000
2018-11-15,5.622423,6.004449,5.482426,5.955806,169816800
2018-11-16,5.784962,5.979535,5.709032,5.890553,134324800
2018-11-19,5.803945,5.831233,5.267686,5.32582,186492000
2018-11-20,4.949726,5.248703,4.828712,5.030403,202991200
2018-11-21,5.223788,5.293787,5.115824,5.143112,115115200
2018-11-23,5.016164,5.187008,5.012605,5.029215,56880000
2018-11-26,5.241584,5.383954,5.175145,5.374463,119964800
2018-11-27,5.293786,5.471748,5.207178,5.430224,120163200
2018-11-28,5.552425,5.95106,5.457512,5.945128,195064800
2018-11-29,5.87513,6.011567,5.751743,5.890553,129044800
2018-11-30,5.913096,6.031737,5.82886,6.013941,116635200
2018-12-03,6.416136,6.442236,6.199021,6.322409,149343200
2018-12-04,6.234613,6.286815,5.584457,5.627168,210096000
2018-12-06,5.268872,5.720896,5.20006,5.709032,196156000
2018-12-07,5.647338,5.744624,5.101587,5.15023,222987200
2018-12-10,5.120569,5.381581,4.961589,5.311582,176468800
2018-12-11,5.567848,5.576152,5.230906,5.36853,172163200
2018-12-12,5.602255,5.757675,5.501409,5.503782,169451200
2018-12-13,5.611746,5.681744,5.400564,5.504969,164724800
2018-12-14,5.32582,5.378023,5.067181,5.089724,156177600
2018-12-17,5.038707,5.159721,4.637698,4.761086,200592800
2018-12-18,4.873795,4.984131,4.718374,4.840575,157893600
2018-12-19,4.829897,5.052943,4.3755,4.490582,307862400
2018-12-20,4.445499,4.600919,4.120421,4.310248,320818400
2018-12-21,4.348213,4.438381,3.821444,3.893816,369034400
2018-12-24,3.796529,3.949577,3.597211,3.605516,175600800
2018-12-26,3.718497,4.269737,3.640088,4.260233,378235200
2018-12-27,4.110543,4.324387,3.815915,4.320823,341834400
2018-12-28,4.395667,4.527537,4.20202,4.303002,304842400
2018-12-31,4.438437,4.476454,4.282807,4.400421,216966400
2019-01-02,4.131927,4.541794,4.125987,4.463385,271665600
2019-01-03,4.27449,4.325575,3.995306,4.030946,330510400
2019-01-04,4.223405,4.604759,4.17826,4.546546,272964000
2019-01-07,4.570307,4.769894,4.529914,4.691485,213106400
2019-01-08,4.834046,4.883943,4.621391,4.826919,211622400
2019-01-09,4.885132,5.009873,4.823354,4.940969,178098400
2019-01-10,4.828107,4.993241,4.747322,4.98849,175131200
2019-01-11,4.899389,4.945721,4.848304,4.929089,120804800
2019-01-14,4.803159,4.863748,4.735442,4.800783,111383200
2019-01-15,4.863745,5.098973,4.854242,5.066897,145125600
2019-01-16,5.104914,5.210648,5.070462,5.074026,135892800
2019-01-17,5.025317,5.259357,4.996805,5.192828,142040000
2019-01-18,5.312818,5.418552,5.20946,5.335391,166908800
2019-01-22,5.228469,5.236786,4.908892,5.040762,181734400
2019-01-23,5.10254,5.167881,4.873252,5.045515,166093600
2019-01-24,5.087095,5.158376,5.03007,5.134616,128115200
2019-01-25,5.258169,5.366279,5.205897,5.31757,139513600
2019-01-28,5.109668,5.121548,4.990866,5.121548,140359200
2019-01-29,5.131051,5.133427,4.92196,4.976609,122530400
2019-01-30,5.144119,5.407859,5.09541,5.349646,175824000
2019-01-31,5.4435,5.669224,5.426868,5.584874,160575200
2019-02-01,5.505277,5.633582,5.472012,5.513593,141561600
2019-02-04,5.520721,5.721496,5.505277,5.715556,110976800
2019-02-05,5.746445,5.892572,5.738129,5.866436,128916800
2019-02-06,5.878314,5.908014,5.740504,5.820101,145420000
2019-02-07,5.663284,5.706053,5.451817,5.582499,209793600
2019-02-08,5.430433,5.613388,5.417364,5.611012,144722400
2019-02-11,5.675164,5.715556,5.555174,5.597942,121196800
2019-02-12,5.717931,5.867622,5.689419,5.840297,128226400
2019-02-13,5.923459,5.973356,5.835546,5.852178,127609600
2019-02-14,5.78565,5.934152,5.728625,5.873563,153369600
2019-02-15,6.000681,6.001869,5.864059,5.943656,142496000
2019-02-19,5.887819,6.033945,5.887819,5.979297,103572800
2019-02-20,5.993553,6.062458,5.879504,5.974545,171065600
2019-02-21,5.924647,5.974544,5.812973,5.906827,128493600
2019-02-22,5.947221,6.04939,5.936529,6.035134,119637600
2019-02-25,6.178884,6.222841,6.089783,6.101663,124102400
2019-02-26,6.054141,6.177695,6.025629,6.12067,105356800
2019-02-27,6.038698,6.1278,5.915144,6.101663,115844000
2019-02-28,6.048201,6.127799,6.011373,6.063646,92063200
2019-03-01,6.191951,6.212148,6.061269,6.184824,140156800
2019-03-04,6.292933,6.335701,5.981672,6.186011,213088000
2019-03-05,6.19908,6.258481,6.10879,6.201456,100348800
2019-03-06,6.2169,6.22284,6.066022,6.094534,123468800
2019-03-07,6.044638,6.051766,5.801094,5.872375,169306400
2019-03-08,5.671599,5.847426,5.650215,5.839109,174936800
2019-03-11,5.908014,6.214523,5.908014,6.203831,128468000
2019-03-12,6.25254,6.352334,6.207395,6.304813,151606400
2019-03-13,6.399855,6.544794,6.374907,6.441436,145129600
2019-03-14,6.453316,6.477076,6.403419,6.412923,95443200
2019-03-15,6.487768,6.645774,6.469947,6.572117,138845600
2019-03-18,6.578057,6.693294,6.538852,6.631517,148994400
2019-03-19,6.717055,6.804969,6.616074,6.698047,164380800
2019-03-20,6.696859,6.898894,6.606537,6.775296,183522400
2019-03-21,6.712309,7.118756,6.708744,7.089045,151957600
2019-03-22,6.996345,7.05339,6.600595,6.625552,267601600
2019-03-25,6.543551,6.651699,6.438968,6.583958,210369600
2019-03-26,6.737265,6.854921,6.573261,6.674278,175872000
2019-03-27,6.701612,6.747961,6.399748,6.54355,176810400
2019-03-28,6.592276,6.658829,6.468678,6.585145,128437600
2019-03-29,6.730135,6.752715,6.617233,6.7337,126980000
2019-04-01,6.928605,7.02368,6.857298,6.998723,122364800
2019-04-02,7.022492,7.097364,6.967824,7.075972,106728800
2019-04-03,7.194815,7.331486,7.131828,7.19838,151384000
2019-04-04,7.19957,7.28276,7.062899,7.187685,143620800
2019-04-05,7.256615,7.308907,7.223339,7.295834,104654400
2019-04-08,7.258991,7.367139,7.173423,7.352877,103460000
2019-04-09,7.278006,7.348124,7.225715,7.272064,104121600
2019-04-10,7.304151,7.394473,7.276817,7.389719,99244000
2019-04-11,7.417054,7.419431,7.292268,7.333863,111770400
2019-04-12,7.427749,7.439633,7.336239,7.424184,95228000
2019-04-15,7.424185,7.453896,7.280383,7.430127,83369600
2019-04-16,7.504997,7.552534,7.438444,7.50262,94287200
2019-04-17,7.6488,7.672568,7.512129,7.577493,114422400
2019-04-18,7.615523,7.619088,7.471721,7.601261,91903200
2019-04-22,7.504998,7.676133,7.487172,7.665438,75756800
2019-04-23,7.726047,7.986315,7.692771,7.956604,104954400
2019-04-24,7.97443,8.007706,7.875789,7.879355,95075200
2019-04-25,8.054057,8.063565,7.847269,7.967301,119690400
2019-04-26,7.939967,7.998201,7.736744,7.995824,110516800
2019-04-29,7.993449,8.077828,7.955419,8.03861,83797600
2019-04-30,7.843706,7.892432,7.685643,7.854401,127595200
2019-05-01,8.000577,8.070695,7.755759,7.764078,125916000
2019-05-02,7.766456,7.882923,7.516883,7.669003,141288800
2019-05-03,7.860342,8.051681,7.818747,8.030289,108889600
2019-05-06,7.524014,7.917388,7.482419,7.886488,161715200
2019-05-07,7.630973,7.727236,7.2067,7.42775,237529600
2019-05-08,7.352878,7.533521,7.272064,7.362386,161237600
2019-05-09,7.125885,7.319601,6.925039,7.245918,220417600
2019-05-10,7.159162,7.371892,6.80263,7.266121,227858400
2019-05-13,6.712309,6.825211,6.449664,6.515028,234920800
2019-05-14,6.610103,6.843038,6.539985,6.71944,140192000
2019-05-15,6.591088,7.058145,6.582769,6.998723,176160000
2019-05-16,7.011795,7.346935,6.989215,7.217395,174026400
2019-05-17,6.998723,7.289891,6.972577,6.992781,182510400
2019-05-20,6.700424,6.777673,6.56613,6.64219,184368800
2019-05-21,6.806195,6.897705,6.742019,6.841848,114487200
2019-05-22,6.724193,6.866806,6.721816,6.752716,128912800
2019-05-23,6.51978,6.522157,6.311804,6.434213,207680800
2019-05-24,6.544738,6.607725,6.403314,6.424706,137225600
2019-05-28,6.481751,6.585145,6.349834,6.355776,116903200
2019-05-29,6.238121,6.298731,6.091942,6.196525,177921600
2019-05-30,6.242874,6.320123,6.160872,6.270208,136428000
2019-05-31,6.045593,6.109769,5.958837,5.968345,140600800
2019-06-03,5.920807,5.965968,5.482273,5.586855,241812800
2019-06-04,5.752048,6.046781,5.693815,6.03965,163869600
2019-06-05,6.214352,6.217917,5.986171,6.172756,152316800
2019-06-06,6.203656,6.364095,6.121653,6.315369,100302400
2019-06-07,6.417575,6.7646,6.396183,6.675467,151548000
2019-06-10,6.816891,7.109247,6.816891,6.919097,183272000
2019-06-11,7.137771,7.174612,6.875125,6.945243,137447200
2019-06-12,6.884633,6.928605,6.785992,6.827588,110176000
2019-06-13,6.908401,6.991592,6.866806,6.939301,98559200
2019-06-14,6.829965,6.904836,6.77292,6.84898,77144800
2019-06-17,6.891763,7.031999,6.873936,6.973765,75050400
2019-06-18,7.219772,7.426561,7.167481,7.275629,141829600
2019-06-19,7.312471,7.411112,7.178178,7.361197,136979200
2019-06-20,7.664249,7.669003,7.395661,7.563231,119355200
2019-06-21,7.524014,7.670192,7.48123,7.528767,104646400
2019-06-24,7.569174,7.592942,7.512128,7.52639,68938400
2019-06-25,7.508563,7.520448,7.104494,7.141335,139623200
2019-06-26,7.275629,7.413488,7.201945,7.231656,94115200
2019-06-27,7.310093,7.367139,7.255425,7.310093,75270400
2019-06-28,7.365951,7.390909,7.262557,7.340994,98932800
2019-07-01,7.760513,7.790224,7.533521,7.63335,144820800
2019-07-02,7.62503,7.726048,7.563231,7.726048,81248800
2019-07-03,7.774772,7.897182,7.755758,7.897182,67127200
2019-07-05,7.735555,7.890053,7.642857,7.84608,116844800
2019-07-08,7.699902,7.701091,7.584623,7.680887,105787200
2019-07-09,7.566798,7.822313,7.55016,7.796167,88595200
2019-07-10,7.938778,8.092086,7.89124,8.026722,154109600
2019-07-11,8.065942,8.117045,7.928082,8.005331,127849600
2019-07-12,8.027912,8.142002,8.007708,8.139625,89192800
2019-07-15,8.195482,8.222817,8.130119,8.208555,73394400
2019-07-16,8.182408,8.209742,8.014838,8.092086,111992000
2019-07-17,8.095652,8.132493,7.9673,7.972054,92508000
2019-07-18,7.854397,8.040983,7.775961,8.006518,135568000
2019-07-19,8.164582,8.164582,7.7926,7.812804,140779200
2019-07-22,7.872226,8.049304,7.86985,7.997013,95506400
2019-07-23,8.130117,8.155074,7.967301,8.151508,116049600
2019-07-24,8.062377,8.325023,8.057624,8.325023,109244800
2019-07-25,8.240641,8.241829,8.038606,8.087333,150075200
2019-07-26,8.235889,8.365428,8.226381,8.327398,111478400
2019-07-29,8.314323,8.314323,8.089708,8.250147,113275200
2019-07-30,8.059999,8.233511,8.040985,8.139625,111504000
2019-07-31,8.203802,8.218063,7.570364,7.796167,196340800
2019-08-01,7.83895,8.271542,7.563232,7.68683,298384800
2019-08-02,7.51094,7.538274,7.201945,7.335051,246920000
2019-08-05,6.885821,6.885821,6.379546,6.564942,302484800
2019-08-06,6.740831,6.890575,6.595842,6.834718,213540800
2019-08-07,6.608915,6.967824,6.453229,6.934547,307908800
2019-08-08,7.040318,7.395661,6.974953,7.393284,219056000
2019-08-09,7.280383,7.35882,7.008231,7.174612,221366400
2019-08-12,7.045072,7.110436,6.835907,6.934547,213311200
2019-08-13,6.921474,7.53352,6.892951,7.389719,239259200
2019-08-14,7.029621,7.099739,6.686162,6.727757,304930400
2019-08-15,6.762223,6.812137,6.544738,6.699235,208939200
2019-08-16,6.866806,7.070029,6.866806,7.00823,164405600
2019-08-19,7.30534,7.39685,7.245918,7.336239,120044000
2019-08-20,7.298209,7.374269,7.179365,7.185307,125264000
2019-08-21,7.371893,7.438446,7.293456,7.368328,101481600
2019-08-22,7.411112,7.462215,7.122321,7.297022,152629600
2019-08-23,7.146089,7.344558,6.545927,6.629117,302350400
2019-08-26,6.832341,6.900082,6.709932,6.897706,146585600
2019-08-27,7.041507,7.078349,6.774108,6.856111,154579200
2019-08-28,6.787181,6.960693,6.684975,6.92504,127824800
2019-08-29,7.180553,7.300586,7.099739,7.239975,141523200
2019-08-30,7.358819,7.360008,7.066463,7.188872,136103200
2019-09-03,7.046261,7.152032,6.906025,6.979708,128785600
2019-09-04,7.1758,7.293456,7.121132,7.273252,100464800
2019-09-05,7.513317,7.737932,7.501432,7.674945,126744000
2019-09-06,7.707032,7.720105,7.601261,7.653553,115038400
2019-09-09,7.721294,7.733178,7.483606,7.604827,112312800
2019-09-10,7.48004,7.544216,7.330297,7.541839,136765600
2019-09-11,7.576305,7.759325,7.526391,7.745063,111400800
2019-09-12,7.888864,8.019593,7.806862,7.841327,139931200
2019-09-13,7.808051,7.860343,7.724861,7.758137,107610400
2019-09-16,7.604827,7.698714,7.582247,7.651176,97124000
2019-09-17,7.6488,7.759325,7.603639,7.752194,90796000
2019-09-18,7.70822,7.756946,7.457459,7.747439,142063200
2019-09-19,7.787847,7.925706,7.736744,7.781905,132770400
2019-09-20,7.815181,7.837761,7.456273,7.537086,123512800
2019-09-23,7.520448,7.610769,7.451518,7.544217,89409600
2019-09-24,7.64761,7.693959,7.147277,7.245918,203765600
2019-09-25,7.220961,7.539462,7.039129,7.477664,152304000
2019-09-26,7.455084,7.470533,7.232846,7.402792,136214400
2019-09-27,7.43369,7.445574,6.971387,7.134203,188492000
2019-09-30,7.201947,7.358821,7.163917,7.324357,117103200
2019-10-01,7.406357,7.528766,7.109247,7.147277,158454400
2019-10-02,7.003477,7.003477,6.657641,6.781239,270824000
2019-10-03,6.776485,7.008231,6.525724,7.004665,240521600
2019-10-04,7.096176,7.330299,7.081915,7.299399,168977600
2019-10-07,7.232845,7.407546,7.194815,7.231656,162530400
2019-10-08,7.087854,7.187683,6.89295,6.902458,235405600
2019-10-09,7.083101,7.203134,7.018926,7.111624,152269600
2019-10-10,7.112813,7.352878,7.092609,7.26731,176239200
2019-10-11,7.513317,7.724859,7.503809,7.539463,222509600
2019-10-14,7.516882,7.619088,7.494302,7.547781,91493600
2019-10-15,7.615524,7.885299,7.602451,7.834196,140721600
2019-10-16,7.751006,7.833008,7.699903,7.775963,117193600
2019-10-17,7.910256,7.94591,7.741498,7.829442,121839200
2019-10-18,7.798543,7.847268,7.485983,7.604827,154444000
2019-10-21,7.728425,7.822312,7.657119,7.805674,94176000
2019-10-22,7.886487,7.93046,7.615523,7.625031,125023200
2019-10-23,7.571551,7.666626,7.534709,7.660684,96905600
2019-10-24,7.828254,7.895995,7.721294,7.880545,122484800
2019-10-25,7.759324,8.080203,7.75457,8.059999,129177600
2019-10-28,8.183597,8.339283,8.183597,8.306006,111596000
2019-10-29,8.265598,8.301251,8.108724,8.114666,107028000
2019-10-30,8.157452,8.269165,8.018404,8.228758,118984800
2019-10-31,8.291745,8.309572,8.094464,8.2347,123296000
2019-11-01,8.344037,8.460504,8.306007,8.458127,115052800
2019-11-04,8.629262,8.672046,8.571028,8.609058,99926400
2019-11-05,8.648278,8.673236,8.543696,8.619756,103229600
2019-11-06,8.598362,8.601927,8.443865,8.565085,115329600
2019-11-07,8.70057,8.818225,8.576972,8.651844,125719200
2019-11-08,8.600739,8.757614,8.536564,8.754048,81607200
2019-11-11,8.624506,8.730277,8.586476,8.717204,76092800
2019-11-12,8.737407,8.880021,8.699377,8.78851,128692000
2019-11-13,8.702947,8.821791,8.682743,8.775441,111758400
2019-11-14,8.698191,8.790889,8.617377,8.773063,106651200
2019-11-15,8.926373,8.953707,8.849124,8.938257,90586400
2019-11-18,8.926372,9.029767,8.815848,8.984606,96696000
2019-11-19,9.088002,9.088002,8.923997,9.02145,112120000
2019-11-20,8.954895,9.035709,8.65422,8.863385,150380000
2019-11-21,8.832486,8.847935,8.717207,8.794456,90659200
2019-11-22,8.861009,8.878836,8.672047,8.818225,83668000
2019-11-25,8.92756,9.129594,8.925182,9.123652,80078400
2019-11-26,9.140292,9.211598,9.10345,9.178322,83690400
2019-11-27,9.243687,9.367285,9.212788,9.36372,81556800
2019-11-29,9.294789,9.337573,9.222295,9.238933,53796000
2019-12-02,9.23893,9.244873,8.798019,8.94182,151815200
2019-12-03,8.59242,8.750482,8.450996,8.740975,156052000
2019-12-04,8.876457,8.933502,8.834861,8.870515,87659200
2019-12-05,8.963213,8.964402,8.79089,8.916864,89080800
2019-12-06,9.112958,9.224671,9.09632,9.192583,92941600
2019-12-09,9.16168,9.285278,9.070171,9.079679,77928800
2019-12-10,9.085622,9.184262,8.994112,9.059477,112048000
2019-12-11,9.112956,9.225857,9.074926,9.196146,90596000
2019-12-12,9.166435,9.507518,9.129594,9.406501,183164000
2019-12-13,9.383922,9.593088,9.3245,9.490882,160996000
2019-12-16,9.676277,9.812948,9.669147,9.763034,99388000
2019-12-17,9.812946,9.839092,9.745205,9.776105,84548800
2019-12-18,9.822456,9.897328,9.785614,9.798687,71408000
2019-12-19,9.823645,10.004288,9.823645,9.998345,83384800
2019-12-20,10.129072,10.163536,10.054199,10.117187,99548000
2019-12-23,10.22296,10.241976,10.169481,10.192061,72427200
2019-12-24,10.218335,10.232602,10.135115,10.205257,39898400
2019-12-26,10.251623,10.475131,10.251623,10.470375,64258400
2019-12-27,10.582129,10.588072,10.360999,10.439464,99750400
2019-12-30,10.429955,10.44541,10.081616,10.231413,112905600
2019-12-31,10.141058,10.314633,10.088748,10.289667,84380000
2020-01-02,10.546464,10.799693,10.48821,10.799693,131072000
2020-01-03,10.377644,10.699828,10.3717,10.506042,145180000
2020-01-06,10.256379,10.709339,10.218335,10.705772,128095200
2020-01-07,10.716472,10.792559,10.599963,10.692695,107699200
2020-01-08,10.695073,11.089777,10.643951,10.938791,159164800
2020-01-09,11.202719,11.277617,11.023199,11.214607,145423200
2020-01-10,11.340627,11.350139,11.071943,11.123064,137604000
2020-01-13,11.262163,11.517769,11.21223,11.511826,116558400
2020-01-14,11.482104,11.549869,11.320417,11.377482,145737600
2020-01-15,11.386993,11.54749,11.272862,11.384616,133003200
2020-01-16,11.545114,11.709177,11.476159,11.702044,121100800
2020-01-17,11.854219,11.905341,11.681834,11.876808,144402400
2020-01-21,11.773377,11.94933,11.765055,11.870864,138882400
2020-01-22,12.034928,12.160948,11.910097,11.951707,136148800
2020-01-23,11.927931,12.077728,11.766245,12.062273,143588800
2020-01-24,12.23347,12.270325,11.59267,11.7496,239374400
2020-01-27,10.967324,11.216986,10.721228,11.023201,198626400
2020-01-28,11.252652,11.61169,11.172998,11.535603,171862400
2020-01-29,11.725819,11.765052,11.434546,11.57721,137877600
2020-01-30,11.365595,11.722256,11.252652,11.70799,200249600
2020-01-31,11.850654,11.858976,11.026768,11.132577,220384000
2020-02-03,11.307342,11.729391,11.285942,11.643792,173688000
2020-02-04,12.126472,12.512854,12.009962,12.439144,140248800
2020-02-05,12.906369,12.908747,12.351167,12.582996,174612000
2020-02-06,12.662651,12.903991,12.531876,12.889725,113132800
2020-02-07,12.718528,12.936091,12.616285,12.723283,154052000
2020-02-10,12.599643,13.185755,12.590131,13.182188,123248800
2020-02-11,13.398563,13.537662,13.08708,13.1917,193770400
2020-02-12,13.42115,13.594725,13.32723,13.578081,121608000
2020-02-13,13.290374,13.683889,13.241629,13.525769,155282400
2020-02-14,13.579269,13.670811,13.443738,13.617312,113969600
2020-02-18,13.424715,13.723122,13.385482,13.641089,130167200
2020-02-19,13.887185,14.12377,13.838441,14.035793,105627200
2020-02-20,13.945441,14.026284,13.123932,13.636334,227657600
2020-02-21,13.441361,13.503183,12.688808,12.856438,207107200
2020-02-24,11.446439,11.838766,11.131388,11.375107,269674400
2020-02-25,11.642599,11.759109,10.336032,10.454919,300793600
2020-02-26,10.614228,11.143276,10.360999,10.598773,335736000
2020-02-27,9.784396,10.273022,8.985476,9.014009,425116000
2020-02-28,8.133057,9.205417,8.02487,9.154296,494222400
2020-03-02,9.424169,10.431142,9.031842,10.403798,363518400
2020-03-03,10.506044,10.87816,9.140032,9.424171,548126400
2020-03-04,9.931817,10.598773,9.665511,10.567863,315827200
2020-03-05,9.777264,10.314634,9.40277,9.640544,386972000
2020-03-06,8.646651,9.282696,8.440976,9.135276,393519200
2020-03-09,7.315115,8.221035,7.252106,7.279449,406964800
2020-03-10,8.081937,8.432653,7.252105,8.412442,456252800
2020-03-11,7.820384,7.992771,7.014331,7.33057,430928000
2020-03-12,5.884905,6.836001,5.278582,5.321381,618225600
2020-03-13,6.210655,6.813412,5.357047,6.757535,556290400
2020-03-16,4.810167,5.777907,4.397629,4.42854,658290400
2020-03-17,4.681768,5.366557,4.250209,5.150183,762020800
2020-03-18,4.315597,4.933809,3.891171,4.673447,848999200
2020-03-19,4.618758,5.240538,4.279931,4.781634,804808800
2020-03-20,5.110951,5.207249,4.172933,4.221676,782255200
2020-03-23,4.271608,4.517704,3.836482,4.234753,820073600
2020-03-24,4.90171,5.200116,4.770934,5.178717,829824000
2020-03-25,5.254805,5.687554,4.883878,5.058641,834874400
2020-03-26,5.210817,5.944349,5.191794,5.882528,649240000
2020-03-27,5.424813,5.745808,5.206061,5.271449,557143200
2020-03-30,5.418868,5.870639,5.349914,5.825461,416621600
2020-03-31,5.779096,6.126246,5.571044,5.663776,731904000
2020-04-01,5.183471,5.435512,4.829188,4.961153,535589600
2020-04-02,4.898143,5.271448,4.847021,5.254804,467531200
2020-04-03,5.214382,5.347536,4.857721,5.043185,554484000
2020-04-06,5.600765,6.20471,5.511599,6.098901,518616800
2020-04-07,6.645782,6.692148,6.063236,6.087013,658009600
2020-04-08,6.264154,6.538783,6.096523,6.475773,518180000
2020-04-09,6.649348,6.743269,6.333109,6.49955,553297600
2020-04-13,6.419896,6.762291,6.309331,6.725436,426961600
2020-04-14,7.139163,7.656321,7.060697,7.598066,490049600
2020-04-15,7.241404,7.536244,7.092796,7.346025,431688000
2020-04-16,7.586177,7.854862,7.365047,7.739541,562920000
2020-04-17,8.04508,8.096202,7.612332,7.933327,463564800
2020-04-20,7.750241,8.026059,7.663453,7.676531,386998400
2020-04-21,7.449458,7.505335,6.694526,6.827679,519489600
2020-04-22,7.255672,7.568345,7.170073,7.431624,274185600
2020-04-23,7.517224,7.797797,7.337705,7.382882,424868000
2020-04-24,7.435191,7.775208,7.277071,7.739541,317981600
2020-04-27,7.986827,8.03557,7.803741,7.890529,304741600
2020-04-28,8.11047,8.111659,7.443514,7.463725,386247200
2020-04-29,7.971373,8.366078,7.857241,8.240057,346104000
2020-04-30,8.370831,8.377964,8.078368,8.294743,380544800
2020-05-01,7.765695,8.00228,7.430434,7.55051,346245600
2020-05-04,7.435192,7.838218,7.379315,7.816819,200756000
2020-05-05,8.052214,8.348242,7.990392,8.06648,288714400
2020-05-06,8.267399,8.456429,8.130679,8.225789,311880800
2020-05-07,8.539652,8.649028,8.389855,8.546785,289489600
2020-05-08,8.744136,8.910577,8.621682,8.891556,262202400
2020-05-11,8.734626,9.261295,8.70847,9.112686,269384000
2020-05-12,9.210173,9.288638,8.563428,8.57056,339363200
2020-05-13,8.630005,8.851135,7.936894,8.246,491119200
2020-05-14,8.08907,8.523008,7.859618,8.519442,402999200
2020-05-15,8.168722,8.690636,8.11879,8.665669,357806400
2020-05-18,9.03541,9.296961,8.942678,9.167375,296474400
2020-05-19,9.199472,9.459835,9.082963,9.097229,261430400
2020-05-20,9.417036,9.690476,9.417036,9.629844,285416000
2020-05-21,9.658377,9.739221,9.264862,9.333817,322693600
2020-05-22,9.283882,9.450324,9.160241,9.418225,209664800
2020-05-26,9.873565,9.905664,9.318362,9.378995,245202400
2020-05-27,9.28626,9.515712,8.723925,9.510957,347291200
2020-05-28,9.344517,9.892586,9.338573,9.450326,303992800
2020-05-29,9.515713,9.905662,9.311227,9.840274,358492800
2020-06-01,9.755863,10.015037,9.704742,9.961538,209881600
2020-06-02,10.015041,10.170783,9.705935,10.160083,250714400
2020-06-03,10.242111,10.401419,10.130357,10.297988,215033600
2020-06-04,10.251624,10.447787,9.910418,10.088749,266408800
2020-06-05,10.212391,10.762837,10.164836,10.686749,281394400
2020-06-08,10.651084,10.947113,10.450166,10.924524,218544800
2020-06-09,10.805638,11.291886,10.787805,11.168243,213179200
2020-06-10,11.408394,11.795965,11.339439,11.571269,302911200
2020-06-11,11.006556,11.200341,9.846219,9.867619,383332000
2020-06-12,10.496532,10.658218,9.56208,10.081616,411876800
2020-06-15,9.639355,10.542895,9.51809,10.437086,398184800
2020-06-16,11.102854,11.189642,10.498908,10.988723,383217600
2020-06-17,11.195585,11.348949,10.985155,11.09572,258858400
2020-06-18,11.049354,11.218173,10.942355,11.181318,212785600
2020-06-19,11.528468,11.559379,10.932844,11.165862,289950400
2020-06-22,11.164674,11.597423,11.117119,11.562945,220133600
2020-06-23,11.813797,12.20018,11.729388,11.864919,234898400
2020-06-24,11.757919,11.944572,10.919766,11.165862,392821600
2020-06-25,11.164678,11.49875,10.787805,11.461895,301703200
2020-06-26,11.415527,11.448816,10.569052,10.638007,375940800
2020-06-29,10.605906,10.988722,10.257567,10.978022,259609600
2020-06-30,10.975645,11.707989,10.953056,11.609313,251388800
2020-07-01,11.634279,12.182348,11.560569,12.024228,252137600
2020-07-02,12.398721,12.586562,12.214446,12.279834,228152000
2020-07-06,12.756573,13.265409,12.755384,13.182188,211984000
2020-07-07,13.142954,13.572136,12.868325,12.923013,246099200
2020-07-08,13.128688,13.427095,12.898047,13.419961,239931200
2020-07-09,13.720746,13.870543,13.060923,13.755222,317596000
2020-07-10,13.721934,14.082161,13.302263,14.046495,242789600
2020-07-13,14.510155,14.973813,13.040712,13.17862,374584800
2020-07-14,12.791048,13.519826,12.291723,13.458004,459751200
2020-07-15,13.655358,13.817045,13.005046,13.524583,367544000
2020-07-16,13.082323,13.358141,12.719717,13.234498,299972000
2020-07-17,13.334365,13.438985,12.958681,13.29632,231003200
2020-07-20,13.410451,14.531555,13.207154,14.428123,251621600
2020-07-21,14.693238,14.702749,13.838442,13.96684,294313600
2020-07-22,14.048873,14.281891,13.749278,14.128527,227788800
2020-07-23,14.065517,14.176082,12.788671,13.021689,336648800
2020-07-24,12.424877,12.858815,12.008773,12.636496,357218400
2020-07-27,12.909936,13.380729,12.777972,13.315341,267624000
2020-07-28,13.205965,13.280864,12.764895,12.814827,238702400
2020-07-29,13.040714,13.387864,12.976515,13.251143,194280800
2020-07-30,12.946793,13.54955,12.763707,13.466329,302200000
2020-07-31,14.185592,14.206992,13.41996,14.192725,359815200
2020-08-03,14.533932,14.876327,14.511344,14.721774,217868000
2020-08-04,14.661141,14.934581,14.544631,14.913181,211008000
2020-08-05,14.997592,15.106968,14.850172,15.032069,162381600
2020-08-06,14.992837,15.684758,14.887027,15.607482,192064000
2020-08-07,15.529015,15.671681,14.70513,15.097456,296708000
2020-08-10,15.130744,15.171166,14.286647,14.894159,254311200
2020-08-11,14.689675,14.914371,13.956142,14.048874,310273600
2020-08-12,14.39721,15.26033,14.39721,15.099833,221247200
2020-08-13,15.227042,15.595591,15.042767,15.205643,234281600
2020-08-14,15.295997,15.359007,14.909615,15.161654,199737600
2020-08-17,15.43985,15.735879,15.414884,15.662169,126664800
2020-08-18,15.863088,16.216183,15.60867,16.122263,149313600
2020-08-19,16.119883,16.312481,15.727556,15.807212,205847200
2020-08-20,15.663356,16.547875,15.594401,16.45752,152774400
2020-08-21,16.484871,16.883142,16.381438,16.801111,164280000
2020-08-24,17.382465,17.542961,16.696486,17.112591,251384000
2020-08-25,16.980629,17.529887,16.890276,17.512054,172556800
2020-08-26,17.746255,18.671195,17.723666,18.63315,219663200
2020-08-27,18.853095,19.006459,18.020887,18.464334,302602400
2020-08-28,18.699732,18.87093,18.445314,18.749666,198145600
2020-08-31,18.848341,19.561663,18.762744,19.183603,180398400
2020-09-01,19.725723,20.207216,19.372629,20.179873,193147200
2020-09-02,20.862284,20.884873,19.577116,20.749342,289369600
2020-09-03,19.822022,19.901676,16.979436,17.563169,443024800
2020-09-04,17.283787,17.868711,14.725339,16.839149,561480800
2020-09-08,14.854927,15.927288,14.392457,14.459034,426824800
2020-09-09,15.339988,16.073521,14.940528,15.701406,290352000
2020-09-10,16.23045,16.452768,14.4733,14.793106,465936800
2020-09-11,15.098642,15.240118,13.887184,14.46973,385797600
2020-09-14,15.098645,15.551604,14.870382,15.215155,269032800
2020-09-15,15.851199,16.099672,15.569438,15.861898,300889600
2020-09-16,15.993862,16.087784,15.049899,15.099833,306141600
2020-09-17,13.934742,14.737229,13.796834,14.404346,446844800
2020-09-18,14.606454,14.676597,13.167922,13.847956,463042400
2020-09-21,13.223797,14.022717,12.85168,14.012017,375314400
2020-09-22,14.4091,14.876326,13.845577,14.777651,315066400
2020-09-23,14.724152,14.759819,13.280865,13.409263,405507200
2020-09-24,13.040709,14.113069,12.978887,13.605422,375036000
2020-09-25,13.680324,14.689674,13.440173,14.558899,324478400
2020-09-28,15.370894,15.455304,14.928635,15.422016,273331200
2020-09-29,15.393483,15.555169,15.161654,15.26033,221805600
2020-09-30,15.287674,16.111562,15.247253,15.562303,338768000
2020-10-01,16.236395,16.414726,15.9047,16.291082,278676000
2020-10-02,15.231795,15.886864,14.781215,14.947657,399553600
2020-10-05,15.27341,15.942744,15.247254,15.890433,210790400
2020-10-06,15.739447,16.064008,14.878705,15.036825,345648800
2020-10-07,15.475518,15.943933,15.381598,15.827424,225088800
2020-10-08,16.222124,16.241147,15.876163,16.060438,197893600
2020-10-09,16.351713,16.809428,16.28276,16.774952,195271200
2020-10-12,17.642828,18.870931,17.459743,18.339506,294116800
2020-10-13,18.689031,18.823373,18.088651,18.341881,283861600
2020-10-14,18.505951,18.689036,17.553665,17.888927,296589600
2020-10-15,17.003215,17.641638,16.874817,17.519184,249076800
2020-10-16,17.841366,18.102917,17.179165,17.250498,228096800
2020-10-19,17.60003,17.774794,16.211431,16.393328,277555200
2020-10-20,16.522909,17.048389,16.238769,16.499132,274710400
2020-10-21,16.535985,17.002022,16.373111,16.456331,242572800
2020-10-22,16.608513,16.763066,15.867847,16.464661,239163200
2020-10-23,16.574029,16.576405,16.036659,16.560951,191088000
2020-10-26,16.141283,16.641796,15.156898,15.806021,317113600
2020-10-27,15.962954,16.311292,15.754901,16.179327,223860000
2020-10-28,15.386351,15.483839,14.242659,14.280703,369440000
2020-10-29,14.497078,15.509995,14.413856,15.007103,276374400
2020-10-30,14.688486,14.828773,13.499616,13.963275,461622400
2020-11-02,14.241471,14.514911,13.50675,13.968031,302272000
2020-11-03,14.26406,15.028503,14.099995,14.670653,269938400
2020-11-04,16.119885,16.958039,15.850013,16.653688,338375200
2020-11-05,17.792626,18.136209,17.546529,17.938856,300264800
2020-11-06,17.817586,18.138582,17.126853,17.999483,270302400
2020-11-09,18.508321,18.829317,16.820126,16.90097,331731200
2020-11-10,16.304162,16.555013,15.49692,15.989112,337333600
2020-11-11,16.414725,17.142312,16.34458,17.063847,253661600
2020-11-12,17.220777,17.466872,16.610887,16.814182,286687200
2020-11-13,17.093565,17.367005,16.722638,17.255251,209495200
2020-11-16,17.20889,17.715348,17.088815,17.652338,213748800
2020-11-17,17.690381,17.756958,17.372953,17.489462,182704000
2020-11-18,17.388405,17.684434,17.084055,17.084055,154341600
2020-11-19,16.990136,17.558416,16.877194,17.507294,159341600
2020-11-20,17.482329,17.627371,17.133989,17.151823,129993600
2020-11-23,17.336097,17.564359,16.734527,17.155388,179060800
2020-11-24,17.336099,17.955499,17.00916,17.856823,156015200
2020-11-25,18.03753,18.30978,17.886543,18.193272,128677600
2020-11-27,18.551119,18.911348,18.490487,18.690218,92927200
2020-11-30,18.750857,18.876877,17.902004,18.786524,184622400
2020-12-01,19.234724,19.848182,19.033807,19.524809,169989600
2020-12-02,19.284655,19.66866,18.924426,19.603271,146129600
2020-12-03,19.650826,19.995599,19.539074,19.682926,157461600
2020-12-04,19.687685,19.95399,19.558097,19.924269,127088000
2020-12-07,19.961124,20.332052,19.925459,20.261908,124028000
2020-12-08,20.169176,20.529403,19.80776,20.447372,133925600
2020-12-09,20.429533,20.479466,18.857848,19.077789,244878400
2020-12-10,18.670008,19.529562,18.458389,19.311998,173346400
2020-12-11,18.9803,19.203808,18.534474,19.176464,169819200
2020-12-14,19.405914,19.978949,19.398781,19.585434,146684800
2020-12-15,20.041966,20.211974,19.606839,20.194141,157417600
2020-12-16,20.302328,20.716054,20.089519,20.532969,137590400
2020-12-17,20.882494,21.004947,20.637587,20.953827,139275200
2020-12-18,21.109573,21.151184,20.273798,20.725569,168756000
2020-12-21,20.159663,20.760041,19.578304,20.648287,203596800
2020-12-22,20.840887,21.008518,20.232184,20.811165,160330400
2020-12-23,20.809975,20.895573,20.469958,20.497303,119434400
2020-12-24,20.556747,20.857531,20.534158,20.763609,77065600
2020-12-28,21.299793,21.490011,20.927676,21.38658,117052800
2020-12-29,21.679042,21.803871,21.258181,21.449589,121142400
2020-12-30,21.690923,21.756311,21.312864,21.446016,104807200
2020-12-31,21.431752,21.694492,21.201111,21.613649,106708000
2021-01-04,21.884714,21.921569,19.833914,20.668501,197472000
2021-01-05,20.481843,21.228453,20.481843,21.186844,118712800
2021-01-06,20.198896,21.202302,19.999167,20.31065,210730400
2021-01-07,20.849207,21.952478,20.84683,21.777714,123695200
2021-01-08,22.268718,22.693146,21.80387,22.621813,152815200
2021-01-11,21.971499,22.224729,21.495951,21.621971,140325600
2021-01-12,21.651693,21.876389,20.971659,21.528051,146031200
2021-01-13,21.586308,22.135565,21.459098,21.946535,108750400
2021-01-14,22.053534,22.272286,21.513788,21.612463,118236000
2021-01-15,21.567283,21.771769,20.814729,21.086979,141692000
2021-01-19,21.572041,22.1213,21.352101,22.001223,120967200
2021-01-20,22.791825,23.750053,22.714547,23.534868,121736000
2021-01-21,23.836838,24.28623,23.53962,24.119789,92168400
2021-01-22,23.87488,24.138807,23.748858,23.901033,81878800
2021-01-25,24.671426,24.982909,23.016519,24.564426,153170400
2021-01-26,24.661913,24.866399,24.295741,24.59058,90968800
2021-01-27,24.076993,24.086504,22.112979,22.60755,188900800
2021-01-28,22.800142,24.015167,22.671744,22.94043,90021600
2021-01-29,22.564748,22.807277,21.102438,21.51141,184278400
2021-02-01,22.243755,23.308981,21.813382,23.092607,105659600
2021-02-02,23.751236,24.481202,23.720327,24.21014,92746400
2021-02-03,24.711846,24.783179,23.931948,23.931948,95172000
2021-02-04,24.262452,24.799822,23.955724,24.778421,72808800
2021-02-05,25.013815,25.27299,24.626244,25.037594,86615200
2021-02-08,25.432299,25.572586,25.049483,25.527409,76994800
2021-02-09,25.318167,25.815114,25.318167,25.515518,65768800
2021-02-10,25.865049,25.964914,24.600092,25.334814,123548000
2021-02-11,25.71763,25.855538,25.194527,25.743784,98860000
2021-02-12,25.579722,26.226467,25.30866,26.18129,77471600
2021-02-16,26.383393,26.59739,25.698605,25.962534,88663600
2021-02-17,25.258727,25.66532,24.730868,25.60112,105986800
2021-02-18,24.742753,25.432298,24.319516,25.256346,110202000
2021-02-19,25.593986,25.603497,24.695201,24.923464,93377200
2021-02-22,23.905788,24.205383,22.945181,22.992735,132734800
2021-02-23,21.822894,23.149673,20.548425,22.788256,199274800
2021-02-24,22.17004,23.413599,21.61365,23.337511,123042000
2021-02-25,22.735943,23.318488,20.555554,20.900328,237792000
2021-02-26,21.492385,22.151019,20.508001,21.21419,209318400
2021-03-01,22.198575,23.137781,21.92038,23.064072,133707200
2021-03-02,23.192473,23.228139,21.898982,21.958426,151693200
2021-03-03,21.725404,21.922755,20.032453,20.053852,231542400
2021-03-04,19.965876,20.600732,18.280058,19.062334,432037200
2021-03-05,19.566415,20.084762,17.840176,19.915943,336656400
2021-03-08,19.801816,20.175121,18.13502,18.213486,235731600
2021-03-09,19.609219,20.722002,19.480821,20.358208,173429200
2021-03-10,21.2237,21.280765,20.046718,20.184628,203371200
2021-03-11,21.166637,21.937025,20.957396,21.585119,158935600
2021-03-12,20.726752,21.083413,20.227427,21.047747,166590000
2021-03-15,21.116706,21.758696,20.776689,21.720652,126701600
2021-03-16,22.193815,22.823917,21.780089,22.077307,168770400
2021-03-17,21.428188,22.7621,21.069149,22.355505,196370800
2021-03-18,21.306925,21.518543,20.198897,20.303518,228253600
2021-03-19,20.270224,20.817105,19.830343,20.562687,193286400
2021-03-22,20.993061,22.082066,20.993061,21.658827,141101200
2021-03-23,21.88709,22.167663,21.2023,21.375875,187780800
2021-03-24,21.658829,21.665963,20.27023,20.296385,190483600
2021-03-25,19.930212,20.491358,19.414243,20.187008,239874400
2021-03-26,20.144207,21.154747,19.861256,21.078659,215060400
2021-03-29,20.981172,21.290279,20.381982,21.066771,190589200
2021-03-30,20.674446,20.874177,20.201276,20.767178,148349600
2021-03-31,21.111949,22.017867,21.045373,21.699251,161968800
2021-04-01,22.502923,22.833429,22.450613,22.802519,145087200
2021-04-05,23.351779,24.343296,23.294714,24.1721,130539600
2021-04-06,24.100766,24.557292,23.946213,24.115032,120606800
2021-04-07,24.022303,24.485964,23.801173,24.293365,98987200
2021-04-08,24.94724,25.09466,24.752265,25.051861,113619200
2021-04-09,24.733243,25.551186,24.566802,25.506008,129438400
2021-04-12,25.275371,25.498877,24.961509,25.406145,109632000
2021-04-13,25.769942,26.39291,25.708122,26.276402,115022000
2021-04-14,26.342973,26.376261,25.14697,25.353832,161227600
2021-04-15,26.005334,26.57599,25.974422,26.473747,120798000
2021-04-16,26.60928,26.6283,26.131353,26.585501,117488000
2021-04-19,26.1908,26.480884,25.382368,25.860294,159168000
2021-04-20,25.691477,25.99345,24.821224,25.294394,158283600
2021-04-21,24.966262,25.972047,24.733243,25.934002,111057200
2021-04-22,25.838893,26.067155,24.714223,24.99004,174848400
2021-04-23,25.137463,26.231223,25.137463,25.931627,107686000
2021-04-26,25.991068,26.504661,25.810361,26.445217,99976800
2021-04-27,26.504667,26.552221,25.862676,26.098074,119312800
2021-04-28,26.010089,26.250241,25.67245,25.82938,118950000
2021-04-29,26.597392,26.685369,25.341946,26.088556,148124400
2021-04-30,25.510766,26.10758,25.368102,25.598743,118440400
2021-05-03,25.860293,26.033867,25.068506,25.18026,134222000
2021-05-04,24.597715,24.654782,22.933297,23.853483,211234000
2021-05-05,24.262453,24.45505,23.396956,23.575287,136429200
2021-05-06,23.508712,24.129302,23.014141,24.091257,169663200
2021-05-07,24.72136,25.223063,24.43603,24.680939,158706800
2021-05-10,24.369448,24.409871,22.769231,22.826296,184214800
2021-05-11,21.539942,22.883365,21.399656,22.712168,228806800
2021-05-12,21.642182,22.148642,20.762419,20.983549,236158000
2021-05-13,21.542319,22.034511,20.940751,21.42581,208602000
2021-05-14,22.084446,23.03792,21.97507,22.819168,144263200
2021-05-17,22.472016,22.62657,21.811005,22.433971,138542400
2021-05-18,22.638458,22.892876,21.920381,21.963181,131684000
2021-05-19,20.840884,22.110596,20.764797,22.04402,191889600
2021-05-20,22.367393,23.506331,22.310328,23.318489,139226400
2021-05-21,23.668019,23.76075,22.852454,22.933296,128133200
2021-05-24,23.432621,24.333783,23.354156,24.081743,92181600
2021-05-25,24.431275,24.595339,23.927193,24.198256,106728800
2021-05-26,24.33854,24.54778,24.186365,24.443161,78034800
2021-05-27,24.340922,24.528764,24.119792,24.157835,83216800
2021-05-28,24.438402,24.752264,24.324272,24.393225,81857200
2021-06-01,24.692826,24.799826,23.846351,24.155457,103863600
2021-06-02,24.241054,24.483584,23.903415,24.281477,83178800
2021-06-03,23.656125,23.936698,23.154421,23.518217,121032000
2021-06-04,23.927188,24.821218,23.903411,24.723732,91175200
2021-06-07,24.592962,24.959134,24.445541,24.94249,62193200
2021-06-08,25.341948,25.541678,24.59296,24.97102,92944400
2021-06-09,25.289634,25.470343,24.949618,24.99955,77803600
2021-06-10,25.068509,25.798475,24.966266,25.765186,117206800
2021-06-11,25.779448,25.974422,25.622518,25.969667,68338800
2021-06-14,26.069537,26.718661,25.798475,26.69726,90823200
2021-06-15,26.635437,26.711524,26.026736,26.202688,90108000
2021-06-16,26.302553,26.552215,25.089905,25.922113,157778000
2021-06-17,25.670073,27.12525,25.66294,26.889853,144323600
2021-06-18,26.4904,26.768595,26.07905,26.247869,142894400
2021-06-21,26.304929,26.8209,25.772316,26.728168,107708400
2021-06-22,26.70439,27.593666,26.623548,27.474779,103578800
2021-06-23,27.479534,27.810039,27.327359,27.522333,93996800
2021-06-24,27.995503,28.411608,27.864729,28.028791,93672400
2021-06-25,28.173838,28.23566,27.783889,27.940821,86993200
2021-06-28,28.240408,28.979885,28.233275,28.929953,88787600
2021-06-29,28.903801,29.265218,28.692182,29.255707,74560000
2021-06-30,29.22004,29.317528,28.972754,29.127308,80546800
2021-07-01,29.027444,29.279484,28.687428,29.141575,83834800
2021-07-02,29.636142,30.232955,29.574321,30.130713,93502000
2021-07-06,30.304286,30.61577,29.602854,30.534927,109599600
2021-07-07,31.12461,31.200699,30.22107,30.729908,115275600
2021-07-08,29.410259,30.401776,29.065486,30.19729,152524400
2021-07-09,30.026096,30.863061,29.871542,30.708506,92875600
2021-07-12,31.100831,31.217338,30.687103,31.093699,87126000
2021-07-13,31.000971,31.878358,30.865438,31.077057,119450000
2021-07-14,31.709525,31.880723,31.041381,31.245867,136042800
2021-07-15,31.245872,31.286293,30.06889,30.599127,137192800
2021-07-16,30.829769,31.079432,29.762162,29.847761,127402800
2021-07-19,28.963247,29.246199,28.454411,29.132067,202286400
2021-07-20,29.350815,30.506396,28.901422,30.092669,121544800
2021-07-21,30.033221,30.813119,29.959512,30.779831,81763200
2021-07-22,30.874947,31.433713,30.872567,31.42658,94957600
2021-07-23,31.790372,32.601182,31.45511,32.470406,103898400
2021-07-26,32.342028,32.710578,32.109007,32.605957,85977600
2021-07-27,32.534611,32.534611,30.394646,31.540714,178782000
2021-07-28,31.828414,32.303962,31.21258,31.885481,143940400
2021-07-29,31.738058,32.365781,31.735681,32.042408,88638400
2021-07-30,30.993835,31.707157,30.974813,31.562115,113118800
2021-08-02,31.990108,32.144663,31.39092,31.552605,109120000
2021-08-03,31.728557,32.147038,30.874949,32.10186,126835600
2021-08-04,32.120876,32.517958,31.814149,32.261162,96856800
2021-08-05,32.470403,32.926929,32.289696,32.867485,77340400
2021-08-06,32.525094,32.796156,32.137525,32.439495,86306000
2021-08-09,32.55362,32.760482,32.261156,32.613064,68421600
2021-08-10,32.758117,32.838959,31.795131,32.125637,106162400
2021-08-11,32.456144,32.586921,31.585891,31.952065,93188000
2021-08-12,31.816524,32.384803,31.443221,32.284939,79490800
2021-08-13,32.38005,32.720069,32.249277,32.608315,73289600
2021-08-16,32.322987,32.677268,31.267271,32.665382,122458400
2021-08-17,31.911643,32.182705,31.141254,31.807022,166395200
2021-08-18,31.64771,32.032903,30.794099,30.882078,130084800
2021-08-19,30.373243,31.7666,30.304288,31.32196,163247600
2021-08-20,31.61205,32.401461,31.524075,32.289707,125082400
2021-08-23,32.582154,33.930331,32.575021,33.728226,96532400
2021-08-24,33.908944,34.225184,33.780548,34.061119,72686800
2021-08-25,34.118182,34.334553,33.913696,34.099159,76127200
2021-08-26,33.923205,34.122934,33.39297,33.521366,107004800
2021-08-27,33.690186,34.619883,33.559409,34.500996,92320000
2021-08-30,34.714998,35.789738,34.703109,35.644695,91270400
2021-08-31,35.718393,35.737415,35.116825,35.544819,91796000
2021-09-01,35.863447,36.336618,35.68274,35.739803,95568000
2021-09-02,36.129752,36.222484,35.333212,35.689873,95038400
2021-09-03,35.356986,36.127375,35.347477,36.010864,93201200
2021-09-07,36.034644,36.350883,35.704138,36.158287,90370800
2021-09-08,36.096468,36.105981,35.121597,35.787361,126846000
2021-09-09,35.839664,36.165417,35.330828,35.404537,110573600
2021-09-10,35.903865,36.105974,34.503377,34.607998,138435600
2021-09-13,35.259494,35.376004,33.944604,34.52953,155549200
2021-09-14,34.940873,35.157248,33.958869,34.232307,119258400
2021-09-15,34.355951,35.085915,33.706825,34.990807,111785200
2021-09-16,34.608003,35.221461,34.058746,35.059772,105230800
2021-09-17,34.928996,34.936129,33.516622,33.820972,154650400
2021-09-20,32.199342,32.684403,30.43506,31.74044,243827200
2021-09-21,32.189838,32.515587,31.526447,31.780867,143401200
2021-09-22,32.066198,33.10527,31.768981,32.710567,175338800
2021-09-23,33.02918,33.899433,32.853226,33.618858,138739200
2021-09-24,32.984002,33.823344,32.884138,33.713966,109550400
2021-09-27,32.862742,33.14569,32.194595,32.900784,156710800
2021-09-28,31.657223,31.835553,29.976161,30.15687,297646000
2021-09-29,30.425555,30.979567,29.793077,29.95714,195061200
2021-09-30,30.382751,30.801232,29.502989,29.619497,234624000
2021-10-01,29.781183,30.437438,28.732599,30.159243,208708000
2021-10-04,29.745521,29.838252,27.693532,28.304611,257236000
2021-10-05,28.525737,29.959513,28.466293,29.393612,162612800
2021-10-06,28.594694,30.035603,28.35692,29.973782,234990800
2021-10-07,30.748927,31.467002,30.608638,30.784592,150815200
2021-10-08,31.069918,31.129362,30.190155,30.31142,157132000
2021-10-11,29.926226,30.8369,29.612364,29.638519,136215200
2021-10-12,29.999935,30.106935,29.153461,29.336546,174403600
2021-10-13,29.907203,30.185398,29.388856,30.023712,140921200
2021-10-14,30.936764,31.730928,30.767943,31.680998,121750000
2021-10-15,32.004377,32.301595,31.723802,32.268307,102858000
2021-10-18,31.921152,33.293109,31.761844,33.236042,100876400
2021-10-19,33.535637,34.008809,33.35493,33.966011,106450800
2021-10-20,34.118181,34.291755,33.450034,33.859005,118709600
2021-10-21,33.630751,34.527159,33.557041,34.465336,92100400
2021-10-22,34.113423,34.396374,33.136172,33.592697,140248400
2021-10-25,33.999297,34.888569,33.459549,34.600864,118951600
2021-10-26,35.266627,35.951414,34.631768,34.924232,167975600
2021-10-27,35.08592,36.07506,35.014587,35.20005,145068000
2021-10-28,35.739807,36.438863,35.523431,36.35564,130737600
2021-10-29,35.473498,36.950073,35.37601,36.893009,134514400
2021-11-01,37.045179,37.313861,36.422209,37.256798,130045600
2021-11-02,37.099871,37.894036,37.083229,37.75375,120171200
2021-11-03,37.886899,39.071016,37.584929,38.952129,145210400
2021-11-04,39.334936,40.742561,39.168495,40.404919,160879600
2021-11-05,41.006491,41.291819,40.119591,40.554718,170505600
2021-11-08,40.540458,40.87334,40.198063,40.388283,112919600
2021-11-09,40.718787,40.847183,39.130458,39.556072,176237600
2021-11-10,38.690578,39.565584,37.211624,37.822704,193953600
2021-11-11,38.697712,38.754779,38.020055,38.129433,115438000
2021-11-12,38.474206,39.487125,37.984392,39.339703,127640800
2021-11-15,39.686849,39.781957,38.540777,39.327808,139458400
2021-11-16,39.06388,40.281285,39.009193,40.140999,103181600
2021-11-17,40.23373,40.823409,39.896088,40.188553,115936000
2021-11-18,40.821032,41.586664,40.129112,41.417847,173683200
2021-11-19,41.950461,42.53063,41.686535,42.119282,129214400
2021-11-22,42.630488,43.59823,40.626056,40.659344,179044800
2021-11-23,40.290787,40.937532,38.707212,40.105324,226025600
2021-11-24,39.306403,40.554716,38.597837,40.47625,198241600
2021-11-26,39.655939,40.098198,37.739481,38.243561,177682400
2021-11-29,39.51804,40.935175,39.311178,40.618935,158932000
2021-11-30,40.345479,41.084956,38.21265,38.873661,302586000
2021-12-01,40.150506,40.806761,36.72894,36.878738,302551200
2021-12-02,36.479286,38.167483,36.058425,37.573048,396432800
2021-12-03,38.043833,38.348183,34.460578,35.685116,480573600
2021-12-06,35.806381,36.921541,34.603245,36.519703,304828000
2021-12-07,38.464696,40.012603,38.457563,39.812874,270578400
2021-12-08,39.919862,40.421565,39.34445,40.366879,205243600
2021-12-09,39.981684,40.54283,38.519376,38.623997,212802000
2021-12-10,39.415789,39.905602,38.467069,39.820004,203075200
2021-12-13,39.82,39.919865,37.991518,38.108028,179145200
2021-12-14,36.645717,37.46366,35.625669,36.973846,230933600
2021-12-15,36.845444,39.534666,35.673217,39.420532,269061200
2021-12-16,39.710624,39.855666,35.891975,36.412701,296220000
2021-12-17,35.387897,37.042801,34.95277,35.856312,300020800
2021-12-20,34.481977,35.012212,33.882785,34.783947,241866000
2021-12-21,35.704138,37.199734,34.646044,37.109383,219124800
2021-12-22,36.992875,38.519383,36.812168,38.433784,177222800
2021-12-23,38.559801,39.777203,38.512247,39.346832,131308400
2021-12-27,39.729643,41.260907,39.708244,41.227619,125963200
2021-12-28,41.553379,41.60569,40.428709,40.742573,144825200
2021-12-29,40.733058,41.132521,39.934138,40.678371,115494800
2021-12-30,40.604658,41.291825,40.12911,40.297928,113271600
2021-12-31,40.095823,40.516681,39.401524,39.548943,120497200
2022-01-03,39.9056,40.763964,39.261231,40.690254,153010400
2022-01-04,40.85669,40.870956,38.136556,39.109051,213296400
2022-01-05,38.609734,38.92835,35.428317,35.511539,266490400
2022-01-06,34.959898,36.334231,34.339308,35.414047,308453200
2022-01-07,35.404533,35.889594,33.763895,34.256088,285426800
2022-01-10,32.896027,34.462957,31.40994,34.382114,358434800
2022-01-11,34.103915,35.910998,33.535635,35.894356,308653600
2022-01-12,36.610056,37.076091,35.637561,36.303326,276742400
2022-01-13,36.679008,36.878741,33.297862,33.668793,173531800
2022-01-14,32.855594,34.272728,32.812797,34.17762,178451600
2022-01-18,32.570271,33.155196,31.414689,31.714287,155320000
2022-01-19,32.032902,32.674891,30.511151,30.611015,183284400
2022-01-20,31.395671,32.422856,29.246196,29.426905,172197000
2022-01-21,28.827711,29.498234,26.868455,26.949297,342054600
2022-01-24,25.608251,27.462888,22.907139,27.339247,510169200
2022-01-25,25.750916,26.778099,24.6096,25.322922,347498000
2022-01-26,27.101478,27.985995,24.428897,25.275373,415676200
2022-01-27,26.345355,26.744815,24.271966,24.519251,323528200
2022-01-28,24.918709,26.849432,23.824948,26.806633,334032400
2022-01-31,27.130006,29.512502,26.735302,29.403126,227502200
2022-02-01,29.6837,30.12596,28.404477,29.964273,203691600
2022-02-02,31.015235,31.086568,29.650411,30.67284,201630400
2022-02-03,28.209496,29.041705,26.687743,26.982584,211150000
2022-02-04,27.044408,28.727848,26.578371,27.914661,193068800
2022-02-07,28.090611,28.661268,26.973074,27.282179,153912200
2022-02-08,27.011119,28.45203,26.740056,28.209499,158593200
2022-02-09,29.27473,29.997563,28.89429,29.959518,151075400
2022-02-10,28.204745,29.916716,27.486666,27.971725,254286600
2022-02-11,27.952704,28.318876,24.994797,25.337191,268511200
2022-02-14,25.156484,26.140868,24.585826,25.408524,190125000
2022-02-15,26.549836,27.315466,26.321571,27.24889,163444600
2022-02-16,26.759078,27.486665,26.012468,27.244137,186181000
2022-02-17,26.459485,26.65446,24.714225,24.828356,157671200
2022-02-18,25.009062,25.104172,23.449266,23.986633,226165400
2022-02-22,23.320871,24.490718,22.450617,23.244783,262876200
2022-02-23,23.891523,24.076987,21.385386,21.466228,260920400
2022-02-24,19.383331,23.706061,19.312,23.568153,389734800
2022-02-25,23.77739,24.73324,22.945181,24.685686,238372200
2022-02-28,23.996143,25.294389,23.739347,24.947239,243401000
2022-03-01,24.69044,25.189767,23.230508,23.796412,248145000
2022-03-02,24.096009,25.227813,23.501574,24.932974,219495800
2022-03-03,25.560699,25.574965,23.477799,23.891527,223888600
2022-03-04,23.382686,23.682281,22.350748,22.869095,231391000
2022-03-07,22.850074,23.083093,20.272606,20.315405,249752600
2022-03-08,20.158472,21.8752,19.388085,20.03483,355936000
2022-03-09,21.589874,22.44586,21.090547,22.179552,219074200
2022-03-10,21.352098,21.694491,20.53891,21.466228,225574800
2022-03-11,22.036891,22.098712,20.015812,20.134699,197814800
2022-03-14,19.882658,20.510381,18.812675,18.955339,246265200
2022-03-15,19.435639,20.871794,19.136046,20.710108,211407200
2022-03-16,21.475743,23.054562,20.776687,23.03554,326175000
2022-03-17,22.631322,23.867745,22.369771,23.805925,192061600
2022-03-18,23.520596,25.39901,23.268556,25.284878,201569600
2022-03-21,25.137462,25.646298,24.143567,25.104174,221094600
2022-03-22,25.237327,26.792369,25.142217,26.587883,186689200
2022-03-23,25.94589,26.759076,25.441809,25.465586,205499400
2022-03-24,25.884073,27.14903,25.399014,27.115742,171150600
2022-03-25,27.125253,27.372538,26.083802,27.072943,198789400
2022-03-28,27.068186,28.347411,26.787614,28.304611,183407400
2022-03-29,29.255705,29.940493,28.599448,29.75503,204013400
2022-03-30,29.331795,29.740767,28.437765,28.861002,167818800
2022-03-31,28.837225,28.92758,27.534225,27.667377,168098800
2022-04-01,27.786261,27.971724,26.820899,27.548487,176162600
2022-04-04,27.762484,29.26997,27.691151,29.26997,137515000
2022-04-05,28.922822,29.084508,27.039653,27.334492,172097600
2022-04-06,26.069534,26.331085,24.918709,25.536921,296859800
2022-04-07,25.313416,26.197936,24.528763,25.703365,229654000
2022-04-08,25.308658,25.48461,24.490715,24.652401,204182400
2022-04-11,23.696552,23.905792,22.802521,22.902386,185914600
2022-04-12,23.853485,24.243434,22.298443,22.60755,247928200
2022-04-13,22.664611,24.176853,22.507681,23.962856,190084600
2022-04-14,23.977127,24.086505,22.269912,22.350754,167843600
2022-04-18,22.098708,22.83105,21.789601,22.412569,175525400
2022-04-19,22.222354,23.977125,22.022624,23.853483,172372600
2022-04-20,24.048458,24.129302,22.559992,22.778746,215629400
2022-04-21,23.606194,24.143563,21.204678,21.442451,268626400
2022-04-22,21.423432,21.670717,19.630616,19.739992,248824800
2022-04-25,19.407108,20.524644,19.169334,20.472334,332878800
2022-04-26,20.077631,20.110919,18.118372,18.170683,332263200
2022-04-27,18.151658,19.126532,17.77122,18.089838,316698600
2022-04-28,18.94107,20.320157,18.203969,20.001541,344698400
2022-04-29,19.207378,19.863635,17.214833,17.371763,320116800
2022-05-02,17.238613,18.203975,16.706,18.189709,311905600
2022-05-03,18.161171,18.627208,17.737934,18.232504,285565600
2022-05-04,18.303838,20.187008,17.371763,20.039587,438806800
2022-05-05,19.259692,19.264447,16.415916,17.05315,455552600
2022-05-06,16.686976,17.371765,15.740635,16.458714,466794400
2022-05-09,15.483841,15.89281,14.271193,14.513722,420419800
2022-05-10,15.559927,15.731125,14.39959,15.013046,463579600
2022-05-11,14.670651,15.502859,13.538847,13.676756,529531800
2022-05-12,13.044279,14.214126,12.692374,13.567382,590993000
2022-05-13,14.195104,15.217531,13.971596,15.041578,395948000
2022-05-16,14.803805,15.112912,14.352035,14.575542,318388000
2022-05-17,15.422017,15.731124,14.856115,15.674057,307981400
2022-05-18,14.960734,15.070111,13.16792,13.386671,328105200
2022-05-19,13.096589,13.800399,12.858815,13.11561,392015600
2022-05-20,13.624447,13.714801,11.855409,13.001479,458111200
2022-05-23,13.148898,13.710044,12.820769,13.643468,341040600
2022-05-24,12.911124,13.01099,12.093182,12.792237,366488600
2022-05-25,12.573487,13.60067,12.549709,13.30583,361283800
2022-05-26,13.20121,14.637365,13.163166,14.418612,337131600
2022-05-27,14.884648,15.854766,14.870382,15.830989,315035800
2022-05-31,15.835746,16.16863,15.089136,15.716859,369158600
2022-06-01,16.030718,16.373113,15.003534,15.350684,398894200
2022-06-02,15.179487,16.634663,14.95598,16.596621,336861400
2022-06-03,15.759655,15.992674,15.103399,15.284107,324723800
2022-06-06,15.987919,16.230449,15.217532,15.474328,300958600
2022-06-07,14.941714,15.978407,14.765761,15.850011,274886600
2022-06-08,15.731124,16.140093,15.374463,15.526638,225706000
2022-06-09,15.250821,15.721614,14.233149,14.261682,275959400
2022-06-10,13.438982,13.61018,12.682861,12.739927,343352200
2022-06-13,11.541547,11.879186,10.852003,10.975645,426731400
2022-06-14,11.241953,11.351329,10.709339,11.046978,393201000
2022-06-15,11.44168,12.3262,11.099286,11.841141,549823000
2022-06-16,10.932846,10.994668,10.138681,10.395477,424284400
2022-06-17,10.495341,11.070755,10.295611,10.78067,441181000
2022-06-21,11.327551,11.879187,11.30853,11.593858,318408200
2022-06-22,11.27524,12.102694,11.199153,11.551059,388973600
2022-06-23,11.860165,12.15976,11.493993,12.045629,365372800
2022-06-24,12.416556,13.334364,12.388022,13.30583,303635000
2022-06-27,13.481783,13.553115,12.839793,12.991968,338262000
2022-06-28,13.058545,13.415206,11.774566,11.807855,373741600
2022-06-29,11.784076,12.026605,11.460703,11.83163,380182200
2022-06-30,11.441681,11.836385,10.818713,11.413148,512407800
2022-07-01,11.222931,11.650924,10.985157,11.598614,417200800
2022-07-05,11.132575,12.212068,10.9376,12.197802,441108000
2022-07-06,12.254868,12.706638,12.02185,12.43082,412245800
2022-07-07,12.544952,13.31534,12.540198,13.201209,275732600
2022-07-08,12.835036,13.462759,12.701882,13.263029,319458400
2022-07-11,12.934901,12.968189,12.297667,12.416553,258448200
2022-07-12,12.573486,12.830281,11.845897,12.055139,319233000
2022-07-13,11.337061,12.283401,11.265729,11.979051,361151000
2022-07-14,11.636657,12.21207,11.232442,12.102695,351647000
2022-07-15,12.492642,12.76846,12.27389,12.739927,308760400
2022-07-18,13.129878,13.315341,12.278646,12.445088,319900400
2022-07-19,12.911124,13.610179,12.692372,13.534091,298643400
2022-07-20,13.629203,14.385324,13.524583,14.214127,377126200
2022-07-21,14.271193,14.827584,13.89551,14.818073,319381800
2022-07-22,14.684919,14.994025,13.767112,14.04293,298800800
2022-07-25,14.04293,14.109506,13.510316,13.833689,220897600
2022-07-26,13.548361,13.586404,12.863571,12.996725,231755600
2022-07-27,13.60067,14.860872,13.519827,14.618342,341919000
2022-07-28,14.58981,15.131934,14.038174,15.036825,324071800
2022-07-29,15.279355,16.002188,15.060603,15.864279,292146400
2022-08-01,15.588457,16.368355,15.426771,15.840499,285283000
2022-08-02,15.474328,16.335069,15.317397,15.69308,325375000
2022-08-03,15.954633,17.095949,15.840503,16.948528,294213800
2022-08-04,16.972304,17.248122,16.625154,17.191057,253567200
2022-08-05,16.373114,17.110213,16.239961,16.782085,283898600
2022-08-08,16.929506,17.514431,16.37787,16.610889,267787800
2022-08-09,16.301785,16.344584,15.783437,16.040234,218406000
2022-08-10,17.186297,17.424071,16.791593,17.357494,271554400
2022-08-11,17.752208,18.080335,16.962796,17.095951,273361000
2022-08-12,17.405051,18.094596,17.233856,18.061308,211187000
2022-08-15,17.904378,18.584412,17.899622,18.494057,196308400
2022-08-16,18.337127,18.727076,17.847311,18.37517,220755800
2022-08-17,17.837801,18.227752,17.381275,17.737936,262838400
2022-08-18,17.718914,18.051798,17.447851,17.856823,192140800
2022-08-19,17.347987,17.452608,16.677465,16.810617,224256600
2022-08-22,16.116316,16.154361,15.341173,15.488593,224975400
2022-08-23,15.422018,15.859521,15.312642,15.436284,219509800
2022-08-24,15.360195,15.835742,15.265085,15.555169,187005600
2022-08-25,15.826233,16.377868,15.664546,16.373114,222052600
2022-08-26,16.335069,16.520534,14.361546,14.380568,366276600
2022-08-29,13.95733,14.323502,13.771866,13.938308,248441000
2022-08-30,14.166571,14.242659,13.106099,13.472271,327014800
2022-08-31,13.866977,13.981108,13.205966,13.224987,341030600
2022-09-01,12.877837,13.282052,12.373756,13.239253,397320400
2022-09-02,13.619691,13.809911,12.445088,12.687617,454463000
2022-09-06,12.725662,12.849304,12.107449,12.397533,361083400
2022-09-07,12.449843,13.267785,12.416554,13.129876,331569600
2022-09-08,12.854058,13.51507,12.668594,13.343872,410799800
2022-09-09,13.638713,14.275947,13.629202,14.190349,298735800
2022-09-12,14.409102,14.756252,14.356792,14.708697,273141200
2022-09-13,13.429472,13.605425,12.155004,12.288157,391296600
2022-09-14,12.426066,12.682862,12.193048,12.563975,309291800
2022-09-15,12.307179,12.625796,11.722255,11.931497,393730600
2022-09-16,11.513013,11.760298,11.256217,11.698477,392143600
2022-09-19,11.384616,11.998072,11.375105,11.979051,302692600
2022-09-20,11.665188,11.97905,11.403636,11.693721,322118600
2022-09-21,11.798341,12.326199,11.046976,11.051731,591115200
2022-09-22,10.866269,10.989912,10.495342,10.642761,431084000
2022-09-23,10.366945,10.395478,9.724956,10.133926,561304000
2022-09-26,10.062591,10.561916,9.90566,9.996015,490607800
2022-09-27,10.376456,10.628497,9.748733,10.005529,543921200
2022-09-28,10.000774,10.742628,9.834332,10.590453,512039000
2022-09-29,10.133926,10.17197,9.33025,9.696422,540195600
2022-09-30,9.587045,10.029305,9.168563,9.187585,513197600
2022-10-03,9.368295,9.991262,9.206609,9.824821,447222600
2022-10-04,10.414498,10.828226,10.409743,10.737871,463323600
2022-10-05,10.305123,10.937601,9.991261,10.737871,458399000
2022-10-06,10.604719,10.966135,10.424011,10.46681,475087200
2022-10-07,9.929438,9.943705,9.111497,9.273183,501945200
2022-10-10,9.282695,9.325494,8.702526,8.983099,412999600
2022-10-11,8.807145,9.101984,8.436217,8.626436,529747000
2022-10-12,8.669237,8.864212,8.526573,8.607416,401483800
2022-10-13,7.85605,9.330248,7.76094,9.182828,829507200
2022-10-14,9.439625,9.501445,8.303065,8.355375,670132600
2022-10-17,8.945055,9.273183,8.940299,9.178073,460050800
2022-10-18,9.924684,9.986505,9.116252,9.406337,692553800
2022-10-19,9.230385,9.62509,9.040166,9.292207,519702200
2022-10-20,9.192342,9.734466,9.016389,9.135276,529703000
2022-10-21,9.025898,9.839086,8.907011,9.78202,627458000
2022-10-24,9.810551,10.210012,9.415847,10.114902,549244000
2022-10-25,10.214767,10.766403,10.210012,10.723603,476799600
2022-10-26,10.072105,10.699828,9.953218,10.015038,558931800
2022-10-27,9.88664,10.043571,9.401581,9.463402,513258800
2022-10-28,9.392068,10.371696,9.373046,10.319386,510777200
2022-10-31,10.072105,10.16246,9.743977,9.962729,419122200
2022-11-01,10.338411,10.400233,9.610822,9.653622,430464800
2022-11-02,9.644114,9.976997,8.645463,8.654974,662952600
2022-11-03,8.39342,8.536085,8.103337,8.155646,424463600
2022-11-04,8.621682,8.726303,8.012981,8.536084,764740400
2022-11-07,8.635949,8.864212,8.421953,8.807147,401886800
2022-11-08,8.964078,9.33025,8.602661,8.997366,592112600
2022-11-09,8.811902,8.892745,8.336354,8.369642,431138200
2022-11-10,9.582291,10.243303,9.368294,10.200503,656884800
2022-11-11,10.190991,10.856758,10.043571,10.78067,614268400
2022-11-14,10.542896,10.918579,10.376454,10.495341,428451800
2022-11-15,11.246706,11.389371,10.547651,10.918578,636531400
2022-11-16,10.699827,10.737871,10.376455,10.47632,383358800
2022-11-17,9.962729,10.561918,9.943706,10.395477,426924400
2022-11-18,10.728361,10.737873,10.119661,10.385967,389577000
2022-11-21,10.233791,10.366944,9.972239,10.072104,288222600
2022-11-22,10.143436,10.509608,9.905662,10.495341,292477200
2022-11-23,10.485832,10.875782,10.466811,10.809205,357567000
2022-11-25,10.623738,10.699826,10.533384,10.585694,134753000
2022-11-28,10.366943,10.590451,10.015037,10.119658,262765200
2022-11-29,10.138681,10.186235,9.734465,9.87713,275805400
2022-11-30,9.915174,11.246707,9.820064,11.203908,545469800
2022-12-01,11.270485,11.493993,10.942357,11.26573,411007200
2022-12-02,10.676051,11.237197,10.647518,11.132577,363310000
2022-12-05,10.880534,11.03271,10.395476,10.571428,301980000
2022-12-06,10.547652,10.561918,9.748731,9.900907,339801000
2022-12-07,9.777264,10.000772,9.596556,9.78202,347335800
2022-12-08,9.924686,10.22428,9.696422,10.12917,377840200
2022-12-09,10.010283,10.314634,9.87713,9.934196,354007800
2022-12-12,9.943706,10.300367,9.829575,10.295611,225655000
2022-12-13,11.498746,11.522523,10.328898,10.618982,695385600
2022-12-14,10.561917,10.932845,10.024548,10.366942,578911000
2022-12-15,9.919929,10.000772,9.201851,9.33976,428053200
2022-12-16,9.263672,9.420603,8.8975,9.063942,351284200
2022-12-19,9.082964,9.09723,8.55035,8.688259,310533000
2022-12-20,8.559862,8.826168,8.402931,8.650216,345762400
2022-12-21,8.754837,9.154297,8.669238,9.025899,326374600
2022-12-22,8.714232,8.723792,7.925505,8.384401,460900400
2022-12-23,8.226655,8.470443,8.045009,8.408301,330134600
2022-12-27,8.34616,8.35572,7.992428,8.04979,263200600
2022-12-28,8.006769,8.221876,7.696058,7.724739,364869200
2022-12-29,7.968527,8.365281,7.901606,8.269677,306109800
2022-12-30,8.011549,8.269677,7.887265,8.269677,301941200
2023-01-03,8.480007,8.623413,7.872926,8.083254,359851800
2023-01-04,8.284021,8.360504,7.906389,8.207539,435272800
2023-01-05,8.03545,8.054571,7.782102,7.820343,362504000
2023-01-06,7.958964,8.556484,7.696056,8.432199,466895200
2023-01-09,8.642529,9.063183,8.551706,8.609068,372042800
2023-01-10,8.518245,8.838515,8.460883,8.838515,328723000
2023-01-11,8.92934,9.287852,8.852858,9.278292,302550000
2023-01-12,9.330873,9.52208,8.886318,9.421696,561852600
2023-01-13,9.163569,9.641585,9.130108,9.608124,319566000
2023-01-17,9.589001,9.804109,9.469497,9.660704,279515800
2023-01-18,9.837568,9.995313,9.268729,9.30219,373300200
2023-01-19,9.115766,9.23049,8.881538,9.010603,332741400
2023-01-20,9.168348,9.775429,9.063184,9.746747,322650400
2023-01-23,9.823228,10.516352,9.741965,10.387287,388084200
2023-01-24,10.210422,10.45421,10.15306,10.325146,290013000
2023-01-25,9.828008,10.320365,9.550759,10.248663,436167200
2023-01-26,10.621513,10.860521,10.325144,10.841401,406837800
2023-01-27,10.688438,11.386341,10.674097,11.152113,376822200
2023-01-30,10.77926,10.946566,10.44465,10.482891,347816000
2023-01-31,10.487669,10.956125,10.468548,10.951344,316513800
2023-02-01,10.927448,11.926501,10.68844,11.658812,543277600
2023-02-02,12.409294,13.121539,12.308912,12.86341,535770200
2023-02-03,12.050783,12.973354,12.002982,12.198969,534808400
2023-02-06,11.878699,12.165509,11.720954,11.88826,323632400
2023-02-07,11.869139,12.758249,11.730514,12.624404,519789200
2023-02-08,12.452317,12.571821,11.859578,11.945621,362514400
2023-02-09,12.452318,12.471439,11.438924,11.62535,395196800
2023-02-10,11.357661,11.596669,11.099532,11.386342,367863400
2023-02-13,11.539306,11.998202,11.400682,11.926499,279739800
2023-02-14,11.730514,12.304132,11.496285,12.184628,511474400
2023-02-15,11.959962,12.476219,11.878699,12.457098,275527400
2023-02-16,11.869136,12.366273,11.725732,11.744852,388993000
2023-02-17,11.486724,11.582327,11.137772,11.491505,389804800
2023-02-21,11.042171,11.209476,10.654978,10.683659,300937600
2023-02-22,10.731461,10.922668,10.506793,10.69322,334677400
2023-02-23,11.085193,11.104313,10.492453,10.960909,359540000
2023-02-24,10.39685,10.530695,10.205643,10.40641,345563600
2023-02-27,10.745801,10.898766,10.564155,10.631077,277508800
2023-02-28,10.554593,10.860523,10.516351,10.578493,254631600
2023-03-01,10.545031,10.616733,10.215201,10.320364,308773800
2023-03-02,10.043117,10.659757,10.014436,10.568934,315874600
2023-03-03,10.75536,11.247717,10.697998,11.214255,303353200
2023-03-06,11.357661,11.701832,11.233377,11.262057,303699800
2023-03-07,11.262055,11.367219,10.764919,10.841401,352663000
2023-03-08,10.874864,11.06129,10.674097,10.989588,290985600
2023-03-09,11.046951,11.33376,10.320367,10.41119,393667400
2023-03-10,10.43031,10.592835,9.856691,9.980974,629715200
2023-03-13,9.784987,10.588054,9.622462,10.196081,659081400
2023-03-14,10.573714,10.951346,10.47811,10.889204,434325800
2023-03-15,10.597616,11.099532,10.43509,11.046951,549118800
2023-03-16,10.937006,11.964741,10.860523,11.92172,456714200
2023-03-17,11.916938,12.194187,11.520185,11.744852,403540600
2023-03-20,11.677932,11.912159,11.419802,11.869138,328356000
2023-03-21,12.098585,12.428416,11.916939,12.371054,270290200
2023-03-22,12.361439,12.962443,11.851788,11.866213,475836200
2023-03-23,12.30855,12.794161,11.962371,12.289317,392994400
2023-03-24,12.231622,12.423943,11.94314,12.414327,338830200
2023-03-27,12.496065,12.625882,12.048919,12.159504,273591200
2023-03-28,12.087381,12.087381,11.6787,11.957565,236041400
2023-03-29,12.385477,12.678767,12.294124,12.611454,238730600
2023-03-30,12.895127,13.024944,12.736462,12.952824,260300000
2023-03-31,12.981673,13.616332,12.938401,13.587484,254044200
2023-04-03,13.308618,13.520171,13.140337,13.491323,250232600
2023-04-04,13.539404,13.669221,13.18361,13.356699,232180800
2023-04-05,13.20765,13.231691,12.697999,12.928784,258274000
2023-04-06,12.722038,13.250921,12.553758,13.188417,241920600
2023-04-10,12.808585,13.164379,12.582608,13.159572,237057600
2023-04-11,13.154763,13.159571,12.837433,12.904745,208521600
2023-04-12,13.145146,13.217267,12.500871,12.563375,348038600
2023-04-13,12.755696,13.337467,12.736464,13.284578,247523000
2023-04-14,13.082642,13.428821,12.837434,13.207651,285332200
2023-04-17,13.149953,13.27977,12.890319,13.222074,228617800
2023-04-18,13.496133,13.549022,13.077836,13.231692,212829800
2023-04-19,12.91917,13.337468,12.904746,13.202843,191850600
2023-04-20,12.823007,13.260537,12.726846,12.895127,273695200
2023-04-21,12.837432,13.024945,12.62107,12.919168,228888000
2023-04-24,12.89032,13.063409,12.568182,12.842239,215290800
2023-04-25,12.635495,12.717231,12.101804,12.116228,276576000
2023-04-26,12.510487,12.688383,12.265277,12.318166,249724600
2023-04-27,12.77012,13.38074,12.688384,13.313428,255631200
2023-04-28,13.289386,13.5971,13.140337,13.582676,261072200
2023-05-01,13.52979,13.717304,13.399974,13.544214,178002600
2023-05-02,13.529789,13.568253,12.962441,13.183611,249312000
2023-05-03,13.222076,13.558638,12.899938,12.923978,340267600
2023-05-04,12.875896,13.020137,12.635495,12.779736,242621600
2023-05-05,13.03937,13.683645,12.996098,13.563444,195603200
2023-05-08,13.510557,13.722111,13.375932,13.67403,151477000
2023-05-09,13.457667,13.568252,13.371123,13.409587,129681400
2023-05-10,13.712493,13.952894,13.399971,13.84231,303102000
2023-05-11,13.900008,14.034633,13.698071,13.957705,194683000
2023-05-12,14.029825,14.087521,13.544214,13.813463,210763400
2023-05-15,13.871158,14.063479,13.669221,14.025015,172935200
2023-05-16,13.933662,14.299073,13.924046,14.077904,159327000
2023-05-17,14.207721,14.654868,14.053864,14.582747,202209200
2023-05-18,14.616404,15.404921,14.616404,15.366456,271867600
2023-05-19,15.40011,15.50108,15.121245,15.260677,198058400
2023-05-22,15.23183,15.558776,15.227022,15.419343,166624800
2023-05-23,15.174134,15.337607,14.775067,14.823148,212630000
2023-05-24,14.5539,14.760645,14.313498,14.582747,235945000
2023-05-25,15.558777,15.803985,15.231831,15.635705,261747000
2023-05-26,15.775137,16.948295,15.76552,16.818478,252784400
2023-05-30,17.457946,17.631033,16.847326,17.054071,270612800
2023-05-31,16.813669,17.111766,16.539611,16.707891,210289000
2023-06-01,16.703086,17.515642,16.54442,17.313704,216759200
2023-06-02,17.57815,17.881054,17.313707,17.703157,216505600
2023-06-05,17.674307,18.126263,17.578148,17.741621,206261800
2023-06-06,17.640654,17.866632,17.433908,17.722391,159509000
2023-06-07,17.76085,18.058949,16.71751,16.818478,228485400
2023-06-08,16.83771,17.491602,16.804054,17.395441,188153800
2023-06-09,17.635842,18.087795,17.405056,17.606993,207944000
2023-06-12,17.861824,18.515714,17.712774,18.5061,154857400
2023-06-13,18.929202,19.054212,18.42436,18.919586,266534200
2023-06-14,18.919585,19.376348,18.472439,19.32346,305313000
2023-06-15,19.107104,20.23699,18.996518,20.001396,255874000
2023-06-16,20.390845,20.405269,19.544633,19.616753,224810400
2023-06-20,19.37154,19.751375,19.039785,19.520588,168249800
2023-06-21,19.331524,19.399048,18.569452,18.738264,199266600
2023-06-22,18.506748,19.384576,18.444047,19.36046,210199200
2023-06-23,18.728615,19.153058,18.511569,18.786493,225152400
2023-06-26,18.694856,19.13377,18.009958,18.04372,216900000
2023-06-27,18.255938,19.051773,18.135357,18.936014,195354000
2023-06-28,18.651448,19.360464,18.632156,19.051777,217352600
2023-06-29,18.984248,19.080713,18.651443,18.921545,198266400
2023-06-30,19.485868,19.944073,19.432812,19.775261,184308800
2023-07-03,19.871722,20.011596,19.698085,19.910307,79868000
2023-07-05,19.640207,20.180409,19.635383,19.895838,139007400
2023-07-06,19.278465,19.495509,18.950485,19.427984,170473400
2023-07-07,19.384576,19.900661,19.186823,19.230232,168624800
2023-07-10,19.177175,19.345989,18.776847,19.244701,172013600
2023-07-11,19.302579,19.591972,18.955305,19.519625,162478600
2023-07-12,20.175591,20.469807,19.847611,20.243116,230335400
2023-07-13,20.749551,21.395864,20.65791,21.251167,164773200
2023-07-14,21.328341,21.87819,21.08718,21.231876,186056400
2023-07-17,21.357281,21.979478,21.275287,21.820312,145525200
2023-07-18,21.714199,22.592027,21.37175,22.341219,196113200
2023-07-19,22.538971,22.736724,22.100057,22.341219,200573800
2023-07-20,21.781726,22.042181,20.590387,20.77367,233862800
2023-07-21,21.164353,21.30905,20.503569,20.590387,205108600
2023-07-24,20.730259,20.889426,20.354047,20.67238,126429200
2023-07-25,20.778493,21.357279,20.778493,21.087179,138199200
2023-07-26,20.894246,21.149877,20.469801,20.870131,205764600
2023-07-27,21.757607,22.037354,20.474627,20.691673,261103200
2023-07-28,21.366927,21.989124,21.284933,21.810665,204487600
2023-07-31,21.863721,22.047003,21.617735,21.854074,159009200
2023-08-01,21.603265,21.815486,21.323516,21.685259,153056600
2023-08-02,21.072706,21.077531,20.030888,20.267227,258044000
2023-08-03,19.828316,20.479452,19.799376,20.122534,201340200
2023-08-04,20.445687,20.821899,19.760789,19.842783,247452800
2023-08-07,20.127352,20.354045,19.746316,20.334751,149792200
2023-08-08,19.915128,19.915128,19.292931,19.813841,188780000
2023-08-09,19.852432,19.876548,19.02766,19.153063,199430600
2023-08-10,19.611269,20.137001,18.989071,19.23988,260554200
2023-08-11,18.825079,19.133766,18.61768,18.854019,201573800
2023-08-14,18.728618,19.505157,18.617682,19.481041,142553600
2023-08-15,19.326698,19.456925,18.752734,18.882961,162553600
2023-08-16,18.772025,19.013187,18.24147,18.255939,190222000
2023-08-17,18.448868,18.501924,17.57104,17.638565,210232800
2023-08-18,17.136949,17.754324,17.059778,17.556572,247002000
2023-08-21,17.783261,18.51157,17.706089,18.405458,191487200
2023-08-22,18.796142,18.800964,18.217354,18.323465,180368000
2023-08-23,18.4971,19.350813,18.463338,19.186823,175454000
2023-08-24,19.717381,19.73185,17.894198,17.923138,232397200
2023-08-25,18.053364,18.59839,17.532454,18.347582,278289400
2023-08-28,18.786495,18.892605,18.366874,18.757555,182641000
2023-08-29,18.714149,20.026069,18.661093,19.95372,187495600
2023-08-30,19.982656,20.39263,19.813843,20.28652,185958200
2023-08-31,20.276877,20.73026,20.26723,20.469805,162242800
2023-09-01,20.84119,20.913539,20.136998,20.397453,165058400
2023-09-05,20.243111,20.653085,20.09359,20.45051,123778600
2023-09-06,20.325105,20.373339,19.572682,19.910307,148058200
2023-09-07,19.167532,19.582329,18.993896,19.476219,168623000
2023-09-08,19.442457,19.891018,19.37493,19.534098,149541600
2023-09-11,20.011597,20.300991,19.698086,20.199703,141712800
2023-09-12,19.939247,20.165939,19.485864,19.553389,155524200
2023-09-13,19.572686,20.0116,19.384578,19.746321,170849400
2023-09-14,20.016422,20.373343,19.678796,20.209352,152379800
2023-09-15,19.992302,20.059827,19.018009,19.172352,179839600
2023-09-18,19.018011,19.399046,18.969779,19.215763,124798200
2023-09-19,19.008365,19.210942,18.617683,19.100006,148741400
2023-09-20,19.249568,19.312492,18.247642,18.271843,196038400
2023-09-21,17.691017,17.802342,17.216675,17.231195,216821200
2023-09-22,17.487727,17.802341,17.192473,17.245716,188181200
2023-09-25,17.090826,17.492563,16.945617,17.473202,162538400
2023-09-26,17.090826,17.173109,16.539039,16.693928,210679400
2023-09-27,16.848815,17.071465,16.277669,16.795572,256871600
2023-09-28,16.64553,17.507089,16.519685,17.202156,268145800
2023-09-29,17.705538,17.908827,17.052107,17.240875,286858200
2023-10-02,17.265077,17.860426,17.173113,17.652296,236463200
2023-10-03,17.284441,17.613577,16.476125,16.718136,266539000
2023-10-04,16.834299,17.516771,16.766537,17.395765,252759200
2023-10-05,17.37156,17.424803,16.69877,17.211834,218006200
2023-10-06,16.771375,18.242801,16.655209,18.078234,294897400
2023-10-09,17.720061,18.436414,17.49257,18.34445,210966000
2023-10-10,18.397692,19.055963,18.320249,18.644545,216109600
2023-10-11,18.847829,19.07532,18.586459,19.041439,191710800
2023-10-12,19.104362,19.385094,18.450931,18.818789,236509200
2023-10-13,18.920435,19.012398,17.894308,18.107277,259511000
2023-10-16,18.305724,18.87687,18.281523,18.717142,173152200
2023-10-17,18.160522,18.789751,17.836226,18.538059,210387000
2023-10-18,18.136319,18.479974,17.584533,17.753941,263165200
2023-10-19,17.981429,18.155676,17.153749,17.279596,370050400
2023-10-20,17.19247,17.279595,16.466437,16.500319,277722800
2023-10-23,16.297032,17.139232,16.00178,16.645529,263599000
2023-10-24,16.892379,17.226353,16.650367,17.115028,245074600
2023-10-25,16.761692,16.785893,15.769447,15.86141,328363200
2023-10-26,15.672643,15.798488,14.748159,14.936929,374047400
2023-10-27,15.285424,15.600038,14.980491,15.149898,294702200
2023-10-30,15.464513,15.822689,15.285425,15.638762,264305600
2023-10-31,15.643599,15.919492,15.295104,15.866249,222923600
2023-11-01,15.972736,16.761693,15.958216,16.68425,332635600
2023-11-02,17.308637,17.608732,17.13439,17.570009,234134000
2023-11-03,17.763622,18.38317,17.72974,18.189562,228661200
2023-11-06,18.300889,18.494497,18.063717,18.397692,183599600
2023-11-07,18.562256,19.055959,18.378329,18.915594,204502200
2023-11-08,18.973673,19.084998,18.600976,18.949472,187960200
2023-11-09,19.041439,19.220527,18.421891,18.499334,258365200
2023-11-10,18.755862,19.762629,18.673579,19.733587,248927600
2023-11-13,19.4819,19.714231,19.239889,19.554504,180430400
2023-11-14,20.556431,20.948488,20.469307,20.78392,233552400
2023-11-15,21.113056,21.1905,20.619353,20.842005,218432600
2023-11-16,20.696792,20.914602,20.488664,20.875881,178045000
2023-11-17,20.754876,21.054969,20.604829,20.890402,157517000
2023-11-20,20.885567,21.756807,20.880726,21.635801,165655600
2023-11-21,21.340543,21.374424,20.953326,21.243738,148275200
2023-11-22,21.572876,21.984294,21.321184,21.490593,171446400
2023-11-24,21.417985,21.51479,21.224376,21.384104,63975400
2023-11-27,21.301823,21.655161,21.185658,21.321184,121856400
2023-11-28,21.200178,21.587396,21.137255,21.490593,158349000
2023-11-29,21.897173,22.134343,21.359908,21.413151,177523200
2023-11-30,21.44219,21.519634,20.735518,21.23406,186394600
2023-12-01,21.050134,21.509954,20.77424,21.413151,172937600
2023-12-04,20.769398,20.846842,20.198252,20.80328,181143600
2023-12-05,20.478987,21.151778,20.454785,20.953329,167540400
2023-12-06,21.432512,21.451873,20.52739,20.580633,163000600
2023-12-07,21.045292,21.558356,20.866204,21.44219,162755400
2023-12-08,21.127576,21.781006,21.098534,21.698723,181789000
2023-12-11,21.621277,22.30375,21.587395,22.250507,151540000
2023-12-12,22.255349,22.797454,22.0569,22.787775,142899400
2023-12-13,22.932977,23.750974,22.797449,23.591248,230081400
2023-12-14,23.838098,24.070428,23.01526,23.552525,202697800
2023-12-15,23.688055,24.099475,23.571891,23.833263,156731000
2023-12-18,23.954266,24.491529,23.896182,24.331802,116436000
2023-12-19,24.404406,24.714182,24.375366,24.69482,120349600
2023-12-20,24.540711,24.924767,23.558693,23.597586,176165000
2023-12-21,24.25388,24.438617,23.79204,24.38028,149089400
2023-12-22,24.599047,24.764337,24.132346,24.47751,132420000
2023-12-26,24.618491,25.041439,24.608768,24.924765,87371200
2023-12-27,24.963655,25.114362,24.803228,25.056025,111495600
2023-12-28,25.240761,25.284514,24.924766,24.992826,85768200
2023-12-29,24.978243,25.046304,24.30736,24.647663,134245400
2024-01-02,23.991362,24.030255,22.980177,23.398264,176270600
2024-01-03,22.931562,23.111437,22.571814,22.649597,167812200
2024-01-04,22.299572,22.834336,22.231512,22.270405,143735400
2024-01-05,22.294711,22.810026,22.105114,22.353048,170481600
2024-01-08,22.552369,23.772599,22.523201,23.699677,135374200
2024-01-09,23.169776,24.020534,23.145469,23.855244,148431600
2024-01-10,23.903859,24.506683,23.743432,24.326809,147621000
2024-01-11,24.526124,24.77892,23.529522,24.443478,190228400
2024-01-12,24.633076,24.783783,24.229575,24.472649,128214000
2024-01-16,24.249025,24.749756,23.981645,24.458069,145874000
2024-01-17,23.85524,24.108037,23.271863,24.035114,166554600
2024-01-18,24.594187,25.143534,24.360836,25.06575,182140800
2024-01-19,25.435224,26.553362,25.328271,26.514471,186359400
2024-01-22,26.937414,27.185349,26.499881,26.621418,149656600
2024-01-23,26.742956,26.971446,26.388069,26.937416,112172000
2024-01-24,27.686084,28.147924,27.282581,27.37981,179718600
2024-01-25,27.836788,27.968048,26.990893,27.457594,151395200
2024-01-26,27.068676,27.41384,26.825602,26.952,128382600
2024-01-29,27.034643,27.807617,26.903383,27.744417,115977200
2024-01-30,27.559681,27.671495,27.029781,27.19021,119554400
2024-01-31,26.344314,26.72837,25.561618,25.590786,203451600
2024-02-01,25.906784,26.563082,25.722048,26.495022,162261400
2024-02-02,26.825599,28.040967,26.636002,27.827063,198505000
2024-02-05,27.802757,27.914571,27.015199,27.686083,139947800
2024-02-06,27.895127,28.021524,27.04923,27.525654,140124200
2024-02-07,28.045832,28.517395,27.793035,28.347244,131823400
2024-02-08,28.347241,28.629205,28.206257,28.463915,98922200
2024-02-09,28.697267,29.465381,28.541701,29.300091,110222000
2024-02-12,29.270924,29.723041,28.818807,28.954929,116255000
2024-02-13,27.340913,28.133331,26.951994,27.583986,188933000
2024-02-14,28.099311,28.561151,27.642333,28.459061,156151400
2024-02-15,28.590318,28.784776,28.065278,28.697269,130057200
2024-02-16,28.760466,28.784773,27.763864,27.909708,151933000
2024-02-20,27.506208,27.797895,26.519328,27.263134,163321000
2024-02-21,26.723512,26.942277,26.164442,26.922832,152898600
2024-02-22,28.57573,29.460518,28.434749,29.251474,179279200
2024-02-23,29.572334,29.761931,28.789637,28.984095,140390800
2024-02-26,29.139662,29.348705,28.891727,28.945204,109875400
2024-02-27,29.149385,29.212585,28.619485,29.125078,109399800
2024-02-28,28.697268,28.940342,28.463918,28.653515,123503400
2024-02-29,29.207725,29.582056,28.575732,29.343845,136959800
2024-03-01,29.533445,30.87521,29.523721,30.690475,140959600
2024-03-04,30.671029,30.763396,30.291835,30.325865,120418600
2024-03-05,29.703591,29.703591,28.206259,28.702129,193207000
2024-03-06,29.528581,29.864022,28.852835,29.232031,181677400
2024-03-07,29.92236,30.782841,29.611226,30.534906,142370800
2024-03-08,30.588379,31.176617,29.057017,29.198,296451200
2024-03-11,28.882004,29.110493,28.468779,28.857697,146770000
2024-03-12,29.309813,30.16057,28.663236,30.082787,170560000
2024-03-13,29.868883,29.878607,29.154248,29.382736,143779800
2024-03-14,29.591778,29.703592,28.580593,29.144524,162480400
2024-03-15,28.531978,28.643791,27.851373,28.079861,140883800
2024-03-18,29.110495,29.55775,28.823668,28.872282,129193800
2024-03-19,28.459053,29.159105,28.040967,29.071598,118810000
2024-03-20,29.308234,30.166941,28.961824,30.103514,156556000
2024-03-21,31.103712,31.201293,30.454802,30.493835,126541800
2024-03-22,30.381616,30.820726,30.201093,30.557261,91574800
2024-03-25,29.996174,30.557261,29.791256,30.245005,86669400
2024-03-26,30.547505,30.742664,29.898595,29.962023,93986000
2024-03-27,30.527987,30.557262,29.62049,30.225489,111388600
2024-03-28,30.19621,30.362097,29.95714,30.035204,87023400
2024-04-01,30.210848,30.732904,29.820527,30.220606,112290600
2024-04-02,29.210653,29.478998,28.786179,29.410692,109672800
2024-04-03,28.981341,29.986416,28.971583,29.605854,111683800
2024-04-04,30.420645,30.547501,28.171422,28.210453,167520400
2024-04-05,28.493441,29.727831,28.327554,29.205776,154897200
2024-04-08,29.376537,29.596093,28.937427,29.225288,89725400
2024-04-09,29.669284,29.73271,28.581264,29.527792,119965000
2024-04-10,28.473922,28.92279,28.327552,28.752026,202080600
2024-04-11,29.0838,30.279159,28.630051,30.103514,146931200
2024-04-12,29.215532,29.444844,28.356825,28.649567,172589800
2024-04-15,29.371664,29.3863,27.049252,27.21026,203656200
2024-04-16,27.171226,27.717677,26.951672,27.215137,163766200
2024-04-17,27.585941,27.590819,26.029534,26.205179,171026400
2024-04-18,26.293005,26.619899,25.6197,25.736797,172781600
2024-04-19,25.507485,25.600187,23.833983,24.141361,250807600
2024-04-22,24.58047,25.258652,23.990108,24.843935,142604800
2024-04-23,25.185468,26.161271,25.122042,25.951473,151835000
2024-04-24,26.502799,26.790661,25.775827,26.205179,144316800
2024-04-25,24.834181,25.951474,24.629262,25.785587,172827200
2024-04-26,26.361307,27.259046,26.234454,26.971184,135994600
2024-04-29,27.361505,27.483481,26.776023,27.293198,102355000
2024-04-30,26.980941,27.249286,25.727034,25.731915,125248600
2024-05-01,25.444056,26.736993,25.014702,25.175709,208076800
2024-05-02,25.819736,26.273484,24.980547,26.107597,124829800
2024-05-03,27.483484,27.864047,27.190742,27.664007,150878000
2024-05-06,28.015295,28.591019,27.868925,28.571505,82530800
2024-05-07,28.649569,28.898398,28.434891,28.571505,93320400
2024-05-08,28.054329,28.795939,28.029934,28.517836,78027200
2024-05-09,28.542228,28.786179,28.176302,28.673962,81439200
2024-05-10,28.961826,29.308235,28.561747,28.869123,92669600
2024-05-13,29.235047,29.259444,28.776421,29.059404,67722000
2024-05-14,28.961824,29.713192,28.922791,29.600973,92952800
2024-05-15,30.098633,31.040282,29.791256,30.967098,130481400
2024-05-16,30.913429,31.323264,30.732906,30.776817,87715200
2024-05-17,30.781695,30.913429,30.259641,30.708509,70099600
2024-05-20,30.747541,31.484271,30.713388,31.342779,74539000
2024-05-21,30.952459,31.552577,30.908548,31.503788,62314000
2024-05-22,31.56234,31.713588,30.942703,31.484274,80039400
2024-05-23,32.445437,32.450317,30.640202,31.015886,130877800
2024-05-24,31.347661,32.147819,31.196411,31.884352,82558000
2024-05-28,32.13318,32.250275,31.616006,32.230759,83186400
2024-05-29,31.342781,31.928265,31.323265,31.557459,79282200
2024-05-30,31.347661,31.372058,30.245005,30.542624,84703600
2024-05-31,30.542623,30.684115,28.766663,30.508471,143746400
2024-06-03,31.093955,31.298875,29.742468,30.806093,111435000
2024-06-04,30.737784,31.289111,30.381616,31.035404,88491800
2024-06-05,31.772143,32.923591,31.542829,32.908951,104871400
2024-06-06,33.05044,33.118746,32.616208,32.869919,73031200
2024-06-07,32.74794,33.3383,32.503989,32.74794,89943400
2024-06-10,32.489349,33.206564,32.435683,33.094349,72041800
2024-06-11,32.845519,33.821322,32.523506,33.777412,71386800
2024-06-12,34.645874,35.626553,34.504382,35.109379,124402600
2024-06-13,35.894905,36.051034,35.163053,35.670471,87285000
2024-06-14,35.592405,36.207161,35.485069,36.187645,71555000
2024-06-17,36.241313,37.919695,35.943693,37.500099,93354600
2024-06-18,37.485462,37.680624,37.109776,37.519615,66433200
2024-06-20,37.792832,37.890415,36.212033,36.636505,105455000
2024-06-21,36.543813,36.851189,35.968089,36.299862,77341800
2024-06-24,36.016881,36.412079,35.031321,35.070351,93754600
2024-06-25,35.514342,36.3145,35.309424,36.241314,77675000
2024-06-26,36.046875,36.585618,35.953821,36.468075,72549600
2024-06-27,36.399513,37.075391,36.203606,36.732555,74115400
2024-06-28,36.874584,37.971661,35.97341,36.154625,107803000
2024-07-01,36.321143,36.874579,35.468945,36.747238,86557400
2024-07-02,36.384814,37.898193,36.360324,37.873707,74950200
2024-07-03,37.687595,38.843446,37.687595,38.804268,56150400
2024-07-05,38.970786,40.087455,38.902219,39.979706,79624600
2024-07-08,40.067862,40.39111,39.808286,40.244179,73365600
2024-07-09,40.611504,40.890671,39.974808,40.332336,72033600
2024-07-10,40.80741,41.728171,40.489061,41.595936,77554800
2024-07-11,41.615527,41.659604,38.544684,38.863033,149329000
2024-07-12,38.941403,40.621305,38.838552,39.494839,101019800
2024-07-15,39.901341,40.954341,39.29403,39.788692,109900400
2024-07-16,40.131532,40.332334,39.054041,39.818081,83637600
2024-07-17,37.873706,37.991249,36.286857,36.316246,142840000
2024-07-18,37.129252,37.183127,35.042846,35.772598,131678400
2024-07-19,35.655062,36.228089,34.499211,34.802864,118249600
2024-07-22,36.071362,36.551332,35.322018,36.321144,112808600
2024-07-23,36.110544,36.796215,35.82158,35.929329,87127000
2024-07-24,34.396358,34.46982,31.859363,32.055267,159575200
2024-07-25,32.109145,32.98093,30.429245,30.987579,188128000
2024-07-26,31.834875,32.491162,31.237359,31.874058,137407000
2024-07-29,32.456876,32.907464,31.599783,32.060165,115640800
2024-07-30,32.461776,32.613603,30.042326,30.752489,143063600
2024-07-31,32.804619,33.793948,32.510756,33.441315,173408400
2024-08-01,33.588244,34.391462,30.218644,31.031658,210693200
2024-08-02,29.214621,29.738671,27.916736,28.768932,209844000
2024-08-05,24.160223,27.520026,23.900646,26.261324,287924400
2024-08-06,26.511106,28.284063,26.026236,26.917612,192909400
2024-08-07,28.195903,28.656284,25.957667,26.050722,182751600
2024-08-08,27.157601,28.577925,26.452335,28.435894,152879200
2024-08-09,28.132237,29.155851,27.91674,28.822809,125592400
2024-08-12,29.008919,29.581948,28.46038,29.018715,108972600
2024-08-13,29.856218,31.203078,29.826833,31.129614,108962800
2024-08-14,31.340212,31.65856,30.301904,31.183485,124710600
2024-08-15,32.38831,33.612728,32.319743,33.529469,106424800
2024-08-16,33.118065,33.921283,32.907465,33.617626,89675200
2024-08-19,33.637218,34.944896,33.250302,34.92041,91599800
2024-08-20,34.724509,35.292637,34.327795,34.704918,97859000
2024-08-21,34.861639,35.586497,34.489415,35.179989,103000800
2024-08-22,35.684443,35.831375,33.264991,33.490284,127496400
2024-08-23,34.381661,35.12611,33.549058,34.543285,128753200
2024-08-26,34.415946,34.611854,33.073985,33.529469,84981400
2024-08-27,33.17194,34.038826,32.740942,33.813534,71532600
2024-08-28,33.695995,33.85272,31.913242,32.66748,118625800
2024-08-29,33.034803,34.004544,32.221791,32.496059,120033600
2024-08-30,33.362951,33.730276,32.412801,33.602936,92946800
2024-09-03,32.941752,32.971137,30.017841,30.536993,147572600
2024-09-04,29.8954,31.036557,29.704391,30.277418,96798400
2024-09-05,29.944372,31.207973,29.738671,30.375368,110171600
2024-09-06,30.174561,30.350877,27.779599,27.911837,169904600
2024-09-09,28.685673,29.13626,28.083259,28.950148,110835000
2024-09-10,29.278291,29.836626,28.50446,29.728878,91582400
2024-09-11,29.963964,31.810385,28.293858,31.624275,163475200
2024-09-12,31.653662,32.760537,31.291235,32.559734,109802600
2024-09-13,32.398105,33.240506,32.349129,32.985825,87966600
2024-09-16,32.530344,32.672377,31.849568,32.545036,82331000
2024-09-17,33.157243,33.431515,32.065064,32.564625,103114400
2024-09-18,32.824206,33.676404,32.025886,32.138535,166396200
2024-09-19,34.430641,35.165292,33.994749,34.567776,114801400
2024-09-20,34.357183,34.616759,33.456009,34.347385,96759600
2024-09-23,34.587374,34.84695,34.303308,34.602066,69837000
2024-09-24,34.910608,35.307319,33.98005,35.091824,81259600
2024-09-25,34.954249,35.617563,34.91494,35.214661,64724800
2024-09-26,36.811538,36.88524,35.170448,35.961514,107003200
2024-09-27,36.172788,36.192443,35.077088,35.342415,82930600
2024-09-30,35.111485,35.681446,34.482564,35.617569,85862800
2024-10-01,35.514384,35.588087,33.264025,34.109138,134760200
2024-10-02,33.907693,34.659449,33.34756,34.236893,79119400
2024-10-03,33.770113,34.792107,33.603054,34.158272,97749400
2024-10-04,35.376808,35.455425,34.286022,35.362068,110700400
2024-10-07,34.910034,35.170446,33.932256,34.197582,82403400
2024-10-08,34.718415,35.858334,34.546441,35.68145,77914000
2024-10-09,35.632307,36.669045,35.406289,36.541298,78696200
2024-10-10,36.025377,36.826267,35.730571,36.41354,86060600
2024-10-11,35.951687,36.752581,35.819025,36.506908,70735200
2024-10-14,37.067033,37.745088,36.954023,37.440453,67691200
2024-10-15,37.51416,37.661565,35.4456,35.946774,106307600
2024-10-16,35.986079,36.108915,35.214668,35.92712,70784200
2024-10-17,37.13582,37.145646,35.990987,36.035206,97697800
2024-10-18,36.585516,36.924545,36.423371,36.673958,64151600
2024-10-21,36.388978,37.057207,35.956596,36.875412,74995800
2024-10-22,36.266135,37.317612,36.094165,36.983498,76308000
2024-10-23,36.443023,36.590428,34.531693,35.273624,118172200
2024-10-24,36.074514,36.261228,35.494728,36.113823,78612800
2024-10-25,36.703441,37.833535,36.551125,36.723095,114826000
2024-10-28,37.435542,37.435542,36.683786,36.757484,69162200
2024-10-29,36.816446,38.059547,36.39389,37.774567,78545200
2024-10-30,37.612426,37.823704,36.821361,36.934368,80473200
2024-10-31,36.020469,36.030298,34.114053,34.123878,138905200
2024-11-01,34.433425,35.553689,34.379376,34.851067,96678800
2024-11-04,34.708578,35.258885,34.15336,34.526779,82214400
2024-11-05,34.860891,35.98607,34.846151,35.838669,79352600
2024-11-06,37.66648,38.924321,37.435547,38.747437,118794200
2024-11-07,39.38618,40.747203,39.356697,40.560493,99545200
2024-11-08,40.398352,40.835648,40.246036,40.658764,70060000
2024-11-11,40.943739,40.992873,39.887348,40.585056,70806000
2024-11-12,40.555581,40.766859,39.62694,40.363956,68286000
2024-11-13,40.221467,40.825818,39.64168,40.187073,74989000
2024-11-14,40.0888,40.304993,39.120855,39.337044,77651400
2024-11-15,37.966195,38.054637,36.010645,36.492161,120601600
2024-11-18,36.816448,37.70578,36.511813,37.229176,77551200
2024-11-19,36.629738,38.103771,36.565861,37.976021,80088200
2024-11-20,37.907236,37.976024,36.413548,37.931801,101260600
2024-11-21,38.595113,38.757254,36.634646,38.305218,109865600
2024-11-22,38.147991,38.624596,37.774569,38.447712,79934800
2024-11-25,39.386189,39.735043,38.098865,38.624603,91515800
2024-11-26,38.958711,39.430401,38.762172,39.224037,69747200
2024-11-27,38.958706,38.968532,37.504327,38.275738,78463600
2024-11-29,38.38875,39.391093,38.251174,39.253517,40865800
2024-12-02,39.543415,40.757033,39.450058,40.526104,73638200
2024-12-03,40.191987,40.943744,40.059322,40.884781,84810800
2024-12-04,41.700417,42.437434,41.523533,42.378471,69992600
2024-12-05,42.378472,42.570096,41.931346,42.029617,54020400
2024-12-06,42.147542,43.174454,42.118062,43.110577,62740600
2024-12-09,42.869814,43.071267,41.803597,42.103317,69577600
2024-12-10,42.378472,42.805944,41.297516,41.64637,71541600
2024-12-11,42.688016,44.034303,42.589748,43.872158,74897800
2024-12-12,43.302192,43.616653,42.88455,43.002472,66348400
2024-12-13,43.936026,44.59934,43.164615,43.926201,79663600
2024-12-16,44.57478,46.083208,44.550212,45.837536,69967600
2024-12-17,45.365845,45.650825,44.795883,45.223354,69168200
2024-12-18,45.031729,45.483765,39.941399,40.334473,134849200
2024-12-19,41.405608,41.533359,39.676077,39.764519,113317600
2024-12-20,38.845695,42.186839,38.570543,40.796333,145241000
2024-12-23,41.138961,42.021391,40.34034,41.932655,83645800
2024-12-24,42.371403,43.618638,42.218581,43.598919,48139600
2024-12-26,43.194675,43.914421,42.686905,43.505249,59062000
2024-12-27,42.578461,42.686913,40.562181,41.73547,102139000
2024-12-30,40.029756,40.946695,39.14733,40.059338,102844000
2024-12-31,40.325549,40.503021,38.787458,39.009296,105177600
2025-01-02,39.704398,40.231884,37.727558,38.76281,141370600
2025-01-03,39.433257,40.872754,39.250858,40.621334,92431600
2025-01-06,41.888286,42.815082,41.424886,42.006599,92050000
2025-01-07,42.258019,42.341824,39.295224,39.743835,111021000
2025-01-08,39.714252,40.133286,38.669143,39.773411,96021200
2025-01-10,38.846612,38.85647,37.086683,37.875446,145651600
2025-01-13,36.504971,37.564869,36.154954,37.481064,113382000
2025-01-14,38.195883,38.481807,36.573987,37.347961,125271000
2025-01-15,39.098031,40.162864,38.748018,39.872005,106919200
2025-01-16,40.429074,40.448794,39.043805,39.058598,93055400
2025-01-17,41.257276,41.380521,40.345265,40.986137,87352200
2025-01-21,41.631935,41.977021,40.586825,41.666443,83451800
2025-01-22,42.810148,43.830614,42.746062,43.283409,86265400
2025-01-23,42.662261,43.569337,42.529155,43.549618,60481000
2025-01-24,43.593987,43.791179,42.400983,42.765785,72479200
2025-01-27,38.245182,39.945952,38.04799,39.014225,161821600
2025-01-28,39.231139,41.000926,38.452234,40.744579,101033400
2025-01-29,40.872751,40.907259,39.56636,40.493156,118481200
2025-01-30,41.148822,41.700954,39.86215,41.000927,115171000
2025-01-31,41.863632,42.933392,40.512875,40.779083,118146600
2025-02-03,38.713507,40.419208,38.126863,39.793129,153257000
2025-02-04,39.8868,41.38052,39.798063,41.237556,84634600
2025-02-05,40.596687,41.814341,40.305832,41.774902,79694800
2025-02-06,41.883354,42.460137,41.503763,42.400982,76431000
2025-02-07,42.524225,42.982694,40.596682,40.784016,110870400
2025-02-10,41.769971,42.494644,41.656584,42.218578,65594200
2025-02-11,41.444612,42.391127,41.415034,41.91787,62602800
2025-02-12,40.562178,42.203793,40.473442,42.001671,96986600
2025-02-13,42.386196,43.855267,42.189005,43.771461,92920200
2025-02-14,43.781318,44.456698,43.677793,44.284157,76057400
2025-02-18,44.678536,44.737695,43.75174,44.560223,68825200
2025-02-19,44.367956,44.920092,43.835539,44.565147,68515800
2025-02-20,44.39261,44.481346,42.8348,44.022877,80266000
2025-02-21,44.254573,44.264435,41.148818,41.267132,118627200
2025-02-24,41.656583,41.927722,39.684674,39.783268,106467400
2025-02-25,39.600872,39.625519,37.357824,38.264904,151194400
2025-02-26,38.73816,39.660025,37.806433,38.511391,126351400
2025-02-27,39.300152,39.52199,35.23802,35.316895,206751000
2025-02-28,35.228163,37.057109,34.547856,36.933865,186358000
2025-03-03,37.648679,37.983904,33.739369,34.547852,183891600
2025-03-04,33.897123,35.87396,32.541436,34.168259,261673800
2025-03-05,34.286582,35.834531,33.271046,35.499306,201266600
2025-03-06,33.714725,34.754907,32.127337,32.556229,245645400
2025-03-07,32.319598,33.527395,31.003349,33.231609,270354600
2025-03-10,31.55055,31.644217,28.533529,29.484976,312271600
2025-03-11,29.282856,30.49065,28.282111,29.139893,278978600
2025-03-12,30.535014,30.889959,29.164538,30.135704,283837200
2025-03-13,29.973021,29.99767,28.119428,28.489161,242454600
2025-03-14,29.435678,30.677981,29.332153,30.510368,198217000
2025-03-17,30.50544,31.688584,30.145567,31.101942,180300800
2025-03-18,30.451211,30.45614,29.090593,29.534273,175652400
2025-03-19,29.913867,31.506184,29.549063,30.682913,185186400
2025-03-20,29.904005,31.368148,29.761041,30.367403,176818200
2025-03-21,29.346941,30.771645,29.120172,30.653332,160982000
2025-03-24,32.073108,32.797785,31.954794,32.600594,126823000
2025-03-25,32.773132,33.211882,32.580868,33.182301,111139400
2025-03-26,32.94893,33.121981,31.030535,31.337084,157006400
2025-03-27,30.951428,31.757354,30.531162,30.803099,144736000
2025-03-28,30.427331,30.560828,28.167778,28.350718,207264200
2025-03-31,27.055305,28.494102,26.22466,28.330938,213709000
2025-04-01,28.024392,29.16653,27.500294,28.983589,194196400
2025-04-02,27.782121,30.259225,27.732678,29.631296,246174800
2025-04-03,25.923057,26.615262,24.775976,24.869917,280231400
2025-04-04,22.738919,23.129518,20.286536,20.316202,516053400
2025-04-07,18.170368,23.154242,17.305113,20.395311,791455200
2025-04-08,22.442258,23.144352,18.343418,19.233397,502295400
2025-04-09,19.164174,26.407599,19.149341,26.012054,713864000
2025-04-10,24.068937,24.395262,20.553527,22.81308,563385400
2025-04-11,22.580697,24.261766,22.061544,24.019495,358585800
2025-04-14,25.66101,25.735173,23.767335,24.523815,294861400
2025-04-15,24.701812,25.319852,24.321099,24.61776,209340200
2025-04-16,23.154238,23.737666,21.339673,22.392813,269148800
2025-04-17,22.788359,22.887245,21.928047,22.328537,202191600
2025-04-21,21.443504,21.577001,19.895934,20.696913,229539400
2025-04-22,21.488001,22.733969,21.310005,22.279093,260222800
2025-04-23,24.345821,25.131968,23.549786,23.757446,303995400
2025-04-24,24.098606,25.848893,23.999719,25.779673,240615400
2025-04-25,25.730231,26.733927,25.453348,26.630096,226103200
2025-04-28,26.709204,27.015751,25.532456,26.610317,191356800
2025-04-29,26.224662,27.2778,26.120831,27.129471,169808000
2025-04-30,25.690673,27.401406,24.879805,27.134415,268446600
2025-05-01,28.459493,29.117086,27.999671,28.068892,205481600
2025-05-02,28.993476,29.759844,28.691872,29.384077,195097800
2025-05-05,28.627599,29.418689,28.528712,28.874815,138579000
2025-05-06,27.717844,28.696819,27.475572,28.054058,165885800
2025-05-07,28.162831,28.805592,27.238245,28.380383,207867200
2025-05-08,29.270361,30.016953,28.508936,29.225863,197621600
2025-05-09,29.567018,29.799402,28.840205,29.156641,146818800
2025-05-12,32.558333,32.711609,31.569469,32.686886,202490000
2025-05-13,32.963762,34.541,32.810489,34.185009,170595400
2025-05-14,34.417396,34.911827,34.219622,34.788219,161184800
2025-05-15,34.353118,35.445811,34.081179,34.896992,161694800
2025-05-16,35.159043,35.361759,34.437174,35.327148,127627200
2025-05-19,33.853741,35.529865,33.833964,35.421089,143794200
2025-05-20,34.896994,35.188707,34.313564,35.050266,134069400
2025-05-21,34.234453,35.59414,33.215925,33.591694,219255200
2025-05-22,33.700473,34.486618,33.433479,33.764748,173542000
2025-05-23,32.182565,33.295037,32.068848,32.790718,214220800
2025-05-27,34.110841,35.178816,33.814183,35.074986,130539600
2025-05-28,35.272758,35.56942,34.501445,34.625053,132542600
2025-05-29,36.093521,36.123186,34.278958,34.793167,193248800
2025-05-30,34.674497,34.90688,33.146704,34.610222,187118200
2025-06-02,34.214675,35.460645,33.962518,35.406258,137925400
2025-06-03,35.480426,36.528619,35.30243,36.23196,128728400
2025-06-04,36.380288,36.746167,35.950131,36.523674,128889000
2025-06-05,36.810447,37.403767,35.25299,35.673256,198008800
2025-06-06,36.721449,37.087331,36.360516,36.691784,131215400
2025-06-09,36.741225,37.201047,36.508842,36.854946,100363800
2025-06-10,36.938998,37.720202,36.46929,37.566929,122693000
2025-06-11,37.868527,38.110801,36.696726,37.181267,181652000
2025-06-12,36.884606,37.641086,36.84505,37.423538,126110000
2025-06-13,36.142959,37.027992,35.73258,36.009464,210666200
2025-06-16,36.696729,37.700425,36.696729,37.477932,116668600
2025-06-17,36.924164,37.270265,36.133074,36.370399,135418200
2025-06-18,36.548392,37.062601,36.014404,36.320953,142661400
2025-06-20,36.963719,37.245545,35.460646,35.821579,163355000
2025-06-23,35.960032,37.04778,35.312323,36.934059,167572800
2025-06-24,38.026749,38.817839,37.903141,38.61512,113191600
2025-06-25,39.109944,39.377685,38.5348,38.911621,101438200
2025-06-26,39.377686,40.086703,38.981036,39.977623,100144200
2025-06-27,40.175948,40.780844,39.590886,40.369316,146023600
2025-06-30,41.053541,41.395651,40.572599,41.152702,113721400
2025-07-01,40.716388,40.92463,39.571051,40.106533,140390000
2025-07-02,39.893336,40.949422,39.878462,40.9048,100285000
2025-07-03,41.395652,42.288122,41.395652,42.050129,83484600
2025-07-07,41.450192,41.633645,40.557726,41.113037,139674800
2025-07-08,41.390695,41.539438,40.88992,41.167576,115515400
2025-07-09,41.63365,42.337708,41.326243,42.020386,117976200
2025-07-10,42.159207,42.253413,41.222115,41.827011,110317800
2025-07-11,41.311362,41.871633,41.028748,41.509689,106937600
2025-07-14,41.465065,42.114586,40.929587,41.950966,97311400
2025-07-15,42.853355,42.97235,42.045177,42.060051,123257600
2025-07-16,42.174087,42.317874,40.875053,42.179047,166357600
2025-07-17,42.327792,43.294631,42.144339,43.160763,97330800
2025-07-18,43.453296,43.502877,42.734364,43.01202,98496200
2025-07-21,43.210343,44.117687,43.195469,43.666492,87720400
2025-07-22,43.696237,43.711115,42.37737,42.987221,108345200
2025-07-23,43.225216,43.572285,42.590572,43.552452,118025200
2025-07-24,43.854901,44.107768,43.433458,43.840027,90378200
2025-07-25,43.785481,44.415169,43.621865,44.087929,79003200
2025-07-28,44.420129,44.717622,44.216847,44.519295,95592000
2025-07-29,45.114269,45.431591,44.117682,44.316006,116251200
2025-07-30,44.4945,45.059729,43.760695,44.469711,145527600
2025-07-31,45.967079,45.986913,43.463212,43.735909,178874600
2025-08-01,42.268289,42.302996,40.587474,41.113037,219781200
2025-08-04,42.253418,43.418584,42.22367,43.364044,108586000
2025-08-05,43.65658,43.934236,42.352582,42.461662,152088400
2025-08-06,42.655023,44.162303,42.545943,44.048264,128995200
2025-08-07,45.064692,45.451428,43.542538,44.494503,169239200
2025-08-08,44.742409,45.753873,44.672995,45.694378,104522600
2025-08-11,45.729087,46.229858,44.980404,45.292767,94617000
2025-08-12,45.823287,47.047953,45.183685,46.963665,119469600
2025-08-13,47.623099,47.756968,46.695922,47.033077,96058600
2025-08-14,46.52735,47.395028,46.428188,46.904171,106385800
2025-08-15,46.839709,46.859542,45.823286,46.239773,96167400
2025-08-18,46.011699,46.338936,45.729085,46.180275,73371400
2025-08-19,45.996825,46.04145,44.038354,44.296177,111118600
2025-08-20,44.043314,44.073062,41.836932,43.487999,164404200
2025-08-21,43.111177,43.606993,42.337706,42.883102,119920000
2025-08-22,43.14588,45.277889,42.823603,44.811821,132726400
2025-08-25,44.435009,45.109319,44.142476,44.420132,80452600
2025-08-26,44.281299,45.00519,44.048265,44.935776,84374600
2025-08-27,44.692826,45.337388,44.395337,45.139061,90055200
2025-08-28,45.258059,46.165403,44.876282,45.962116,90658000
2025-08-29,45.327474,45.411762,43.874734,44.306095,121887000
2025-09-02,42.198879,43.254965,41.772477,43.175636,166668000
2025-09-03,43.993732,44.563917,43.428498,44.18214,119929800
2025-09-04,44.325929,45.446474,43.939193,45.377056,101759600
2025-09-05,46.576933,46.725676,44.469716,45.525803,172625800
2025-09-08,46.06624,46.656258,45.932367,46.175316,101696800
2025-09-09,46.358771,46.661219,45.734043,46.552139,94620800
2025-09-10,47.325609,47.330569,46.081115,46.601719,120818800
2025-09-11,47.196697,47.588391,46.809961,47.385105,91247200
2025-09-12,47.578478,48.27758,47.365277,47.975132,92235200
2025-09-15,48.411446,49.219624,48.376739,49.199795,78114400
2025-09-16,49.417958,49.487372,48.892395,49.065929,77137200
2025-09-17,49.031215,49.184916,47.355359,48.753559,147697200
2025-09-18,49.958394,50.756658,49.477452,50.067474,123401600
2025-09-19,50.513701,51.212803,50.151757,51.059101,84365400
2025-09-22,50.781448,52.100319,50.781448,51.921825,81054600
2025-09-23,51.956531,52.011071,50.56329,50.875652,99930600
2025-09-24,51.222062,51.296506,49.624009,50.328743,101055600
2025-09-25,49.331197,50.060743,48.388245,49.653786,122820600
2025-09-26,49.827487,50.313849,49.003644,50.249332,124097400
2025-09-29,51.013619,51.75309,50.591774,50.919323,92393200
2025-09-30,50.825031,51.400725,50.234445,51.316357,92323800
2025-10-01,50.487554,52.1799,50.274149,52.040939,93996400
2025-10-02,53.008703,53.023591,51.941683,52.676189,89158600
2025-10-03,52.825079,53.038484,51.495023,51.961533,103096400
2025-10-06,53.301513,53.53973,52.671223,53.122849,82476800
2025-10-07,53.450399,53.629064,51.872198,52.264267,100185800
2025-10-08,52.467749,54.120394,52.437973,54.036022,86931000
2025-10-09,54.036021,54.075725,52.98389,53.822617,87956200
2025-10-10,53.961583,54.423132,48.055734,48.174843,238009400
2025-10-13,50.651329,51.45532,50.050819,51.231991,114511200
2025-10-14,49.494971,51.38087,48.174839,50.189774,147230000
2025-10-15,51.683612,52.36353,49.648825,51.217098,127069400
2025-10-16,51.951607,52.770485,49.504898,50.646366,159344000
2025-10-17,50.085556,51.996271,49.688526,51.609165,142274000
2025-10-20,52.413153,53.857354,52.383377,53.544693,79928800
2025-10-21,53.549662,53.837511,52.939224,53.485142,79811400
2025-10-22,53.326328,53.470253,50.41311,51.911903,134380800
2025-10-23,51.748124,53.415658,51.653832,53.212181,91245000
2025-10-24,54.586904,55.217194,54.358611,54.869789,84387600
2025-10-27,56.835093,57.912045,56.711021,57.783009,77489400
2025-10-28,58.388487,59.594471,58.095674,59.103142,92239400
2025-10-29,59.83765,60.234683,58.333893,59.857502,133060800
2025-10-30,58.854991,59.227208,57.088201,57.117977,127234200
2025-10-31,59.301654,59.301654,57.261903,57.926933,122666800
2025-11-03,59.554764,59.763204,58.105599,58.720997,83598000
2025-11-04,56.259405,57.2768,54.909496,55.127865,124762800
2025-11-05,54.929344,57.073315,54.562091,56.199844,109730000
2025-11-06,55.768074,55.83259,52.666263,53.048405,156461400
2025-11-07,52.120343,52.5273,49.609118,52.497524,183589400
2025-11-10,54.805273,56.20481,54.29906,55.936813,119878800
2025-11-11,55.222157,55.792891,54.393354,55.475266,102665600
2025-11-12,56.343774,56.348738,54.457875,55.361122,125708400
2025-11-13,54.378465,54.532314,51.316359,51.941685,201264400
2025-11-14,49.619048,53.147664,49.018534,51.981384,222397600
2025-11-17,51.32132,52.91937,49.683563,50.646366,186327000
2025-11-18,49.614086,50.294001,47.544559,48.81506,267348000
2025-11-19,48.958979,51.192283,48.353505,49.653786,184263600
2025-11-20,52.557078,53.1427,45.886944,46.105312,178246300
2025-11-21,46.50234,48.735644,44.904291,47.127666,179618600
2025-11-24,48.338622,51.068215,48.308842,50.700962,93894200
2025-11-25,50.264221,51.971459,48.7158,51.624054,101851900
2025-11-26,52.517379,53.46033,51.981385,52.973965,75598100
2025-11-28,53.420622,54.204761,53.232034,54.135281,34381600
2025-12-01,52.715891,54.244464,52.428042,53.648914,66359600
2025-12-02,54.224618,55.34623,53.738253,54.889645,79504400
2025-12-03,54.254389,55.465337,53.82758,55.276745,69844900
2025-12-04,55.624153,55.634077,54.204764,55.098083,63958000
2025-12-05,55.445488,56.656437,55.266824,55.733337,73206000
2025-12-08,56.150216,56.616729,54.710975,55.385929,69700000
2025-12-09,55.038526,55.802813,54.681197,55.594368,48736000
2025-12-10,55.237046,56.666359,54.482684,56.229626,100261100
2025-12-11,55.217196,55.743262,53.579439,55.693634,99683900
2025-12-12,54.701055,55.108013,51.842425,52.428047,138448500
2025-12-15,53.658847,53.658847,51.336211,51.633984,98696300
2025-12-16,51.048362,52.378418,50.720809,51.941685,105953700
2025-12-17,52.259303,52.408188,49.003641,49.033421,125606200
2025-12-18,51.286578,52.070717,50.6017,51.127766,109222100
2025-12-19,51.812644,53.241957,51.802716,53.122849,72957800
2025-12-22,54.403281,54.482685,53.480182,53.847435,64783100
2025-12-23,53.569512,54.661348,53.460327,54.601791,48197100
2025-12-24,54.548113,55.124712,54.458641,55.03524,25855000
2025-12-26,55.194298,55.422948,54.786703,54.985531,37244200
2025-12-29,53.971514,54.667408,53.603682,54.170341,50635300
2025-12-30,53.882043,54.498405,53.722982,53.782627,38976800
2025-12-31,53.812453,53.882042,52.331192,52.410725,57199400
2026-01-02,53.852219,54.558057,51.307239,52.042896,107226600
2026-01-05,53.63351,54.011281,52.977382,53.285561,77968000
2026-01-06,53.603681,54.846348,53.42474,54.687286,68915800
2026-01-07,54.567995,55.860368,54.4487,54.846352,65588300
2026-01-08,54.548108,54.657463,53.186146,53.872097,83760300
2026-01-09,54.070922,55.77089,53.474444,55.432884,78706300
2026-01-12,54.279693,56.009487,54.259814,55.562126,59673900
2026-01-13,55.582013,56.168552,54.637585,55.27383,88611000
2026-01-14,54.229991,54.558057,52.192018,53.514217,117421500
2026-01-15,55.32354,55.502484,53.812456,54.060989,90483000
2026-01-16,54.995469,55.134648,53.265679,53.822392,75855900
2026-01-20,51.088524,52.251662,50.183863,50.432396,129209100
2026-01-21,50.770404,53.484388,50.372749,52.420666,150230100
2026-01-22,54.001339,54.011283,52.838205,53.583805,90992300
2026-01-23,53.275623,54.74694,53.007206,54.060989,78066100
2026-01-26,54.15046,55.303654,53.891983,54.756882,58084300
2026-01-27,55.651601,56.46679,55.234066,56.208317,51981200
2026-01-28,57.36151,57.669689,56.3972,56.725266,76172100
2026-01-29,56.615908,56.874381,52.748729,55.711246,122642300
2026-01-30,54.697233,55.383184,53.007205,53.683216,110170700
2026-02-02,52.848142,55.383182,52.838203,54.77676,74665800
2026-02-03,55.313591,55.432886,50.780344,52.211895,129992200
2026-02-04,51.834129,51.844073,48.145894,49.46809,142536200
2026-02-05,48.106123,49.239435,46.783928,47.360523,158712900
2026-02-06,48.056423,50.710759,47.718418,50.293224,117934600
2026-02-09,49.766329,51.963363,49.149964,51.436474,71272700
2026-02-10,51.665123,52.092601,50.591457,50.720695,70660900
2026-02-11,51.903715,52.192014,49.746446,51.098469,92393800
2026-02-12,51.496121,51.764537,47.708474,47.976887,131150000
2026-02-13,47.867535,49.299086,46.903224,48.185658,123216600
2026-02-17,47.360523,48.692662,46.147679,48.066357,117089700
2026-02-18,48.245302,50.064569,47.91724,49.100258,81370800
2026-02-19,48.384484,49.110204,47.877477,48.543549,83447500
2026-02-20,47.678648,50.154042,47.47982,49.766331,118813800
2026-02-23,49.239434,49.587383,47.380405,47.957005,91951800
2026-02-24,48.165776,49.746449,47.539471,49.487972,71023300
2026-02-25,50.253456,51.655184,50.233573,51.565712,54217200
2026-02-26,51.327119,51.337058,48.424247,49.756386,105583800
2026-02-27,48.165777,49.478033,47.976889,49.2295,93802200
2026-03-02,47.181582,49.855804,46.952932,49.408443,108545900
2026-03-03,46.535396,48.384481,45.45179,47.817825,163365500
2026-03-04,48.404363,50.492046,48.235362,49.965153,99738400
2026-03-05,49.149966,50.462222,47.887416,49.507854,129713200
2026-03-06,47.380407,48.762252,46.903224,47.261112,141012200
2026-03-09,45.91903,49.47803,45.233079,49.100258,159005500
2026-03-10,49.120139,50.442338,48.543543,49.110199,115057200
2026-03-11,49.388556,50.223628,48.444128,49.06049,91104300
2026-03-12,47.867535,48.20554,46.475746,46.555279,130823900
2026-03-13,47.072225,47.966946,45.40208,45.660557,141952500
2026-03-16,47.092107,47.986829,46.903223,47.18158,81421500
2026-03-17,47.837709,48.473954,47.52953,47.877476,74570100
2026-03-18,47.440055,47.827766,45.77985,45.829556,105059300
2026-03-19,44.606773,46.048268,44.040118,45.421963,138384900
2026-03-20,44.914957,44.94478,42.051851,42.827278,137952500
2026-03-23,44.845366,45.879266,43.871115,44.308533,139354300
2026-03-24,43.582816,44.28865,42.936627,43.364105,105505200
2026-03-25,44.511245,45.02905,43.764412,44.202553,79294400
2026-03-26,43.047451,43.495552,40.976237,41.055897,117558900
2026-03-27,40.388728,40.4186,38.397173,38.616241,124795700
2026-03-30,39.582146,39.74147,37.162407,37.73,111446500
2026-03-31,38.924934,41.822646,38.905018,41.503998,149516200
2026-04-01,42.449986,43.794284,42.230914,43.047451,116135500
2026-04-02,40.707375,43.366098,40.26923,43.14703,111377300
2026-04-06,43.415888,44.401709,43.087283,43.913776,69245100
2026-04-07,43.266521,44.02331,41.663319,43.963566,131796200
2026-04-08,48.434607,48.713423,46.950901,47.79731,102015100
2026-04-09,47.817225,48.882706,47.110224,48.753254,78953600
2026-04-10,49.151564,49.599665,48.613844,48.962364,65481600
2026-04-13,48.574013,50.525739,48.255365,50.446075,67169100
2026-04-14,51.172993,53.20438,51.163037,53.184464,72362300
2026-04-15,53.343786,55.504625,53.104802,55.415005,83244000
2026-04-16,55.892983,56.679644,54.86733,56.191715,86398100
2026-04-17,57.536009,58.691111,57.127741,58.34259,103604000
2026-04-20,58.153396,58.332636,56.669686,57.834747,67652800
2026-04-21,58.233053,58.720986,56.580063,57.157616,91775200
2026-04-22,58.681152,60.045366,58.243011,59.955746,73399800
2026-04-23,59.547478,60.473551,57.346811,58.969929,92856900
2026-04-24,60.822076,62.475066,60.304271,62.295826,80250700
2026-04-27,62.14646,62.435236,61.379711,62.375488,56615000
2026-04-28,60.463597,61.071022,59.427988,60.483513,80631600
2026-04-29,60.742416,61.608742,60.19474,61.598785,77081400
2026-04-30,62.624434,63.530591,60.443683,63.27169,81042700
2026-05-01,63.620212,65.561975,63.540552,65.024261,67762900
2026-05-04,65.163671,65.771096,63.510677,64.63591,60813800
2026-05-05,66.089741,67.483823,65.970245,67.105431,54098800
2026-05-06,68.967541,71.357408,68.589141,71.267784,70169000
2026-05-07,71.566518,72.99048,70.082804,71.03875,93509100
2026-05-08,72.512505,75.987765,72.393009,75.957893,68713700
2026-05-11,75.679072,77.03333,75.230975,76.635017,60475000
2026-05-12,74.982031,75.609368,71.247867,74.643463,90651600
2026-05-13,75.489879,77.61089,73.876725,76.913841,64416400
2026-05-14,76.963629,79.343536,76.834181,78.616615,58472800
2026-05-15,75.410218,77.043293,73.916552,75.021858,81260600
2026-05-18,75.808527,75.947935,71.795545,74.006172,87710100
2026-05-19,72.104231,74.185402,70.66035,72.622032,85973700
2026-05-20,73.777133,76.206832,73.309124,76.18692,70647500
2026-05-21,74.862539,77.461518,74.155538,76.625061,74958100
2026-05-22,77.710459,78.995013,77.003458,77.511299,58330500
2026-05-26,80.249685,81.922591,79.642268,81.603943,62579600
2026-05-27,82.520072,82.559904,79.990796,81.325134,66221000
2026-05-28,81.394827,83.695078,80.319393,83.326637,55265900
2026-05-29,84.053566,85.338112,83.177277,84.202927,67644100
2026-06-01,83.794663,86.692371,83.396351,85.676682,57216000
2026-06-02,85.577106,86.951276,84.471793,86.8517,48355000
2026-06-03,87.309746,87.718011,85.049336,86.194473,62154500
2026-06-04,83.117535,85.885795,82.131718,84.860146,59614600
2026-06-05,81.22555,81.733399,72.373091,72.741531,118961300
2026-06-08,76.535442,78.138644,75.061688,75.947929,77319000
2026-06-09,78.148601,79.004962,66.507962,73.408699,132485700
2026-06-10,71.377312,74.384556,68.708629,68.977486,91465200
2026-06-11,70.590651,76.276538,69.296138,75.689034,116288800
2026-06-12,76.017632,78.029107,73.976294,77.19265,94070700
2026-06-15,82.530017,84.67094,82.291033,84.232796,59758000
2026-06-16,83.834497,84.471794,79.522779,79.592484,67086700
2026-06-17,81.325128,81.464536,76.615105,77.21257,78089600
2026-06-18,81.753313,83.246978,80.289519,82.520065,61063000
2026-06-22,83.595503,84.750608,81.046315,82.231293,61888900
2026-06-23,74.802793,77.411724,73.597903,74.125664,82341800
2026-06-24,74.645653,76.03297,71.21229,73.158531,72009700
2026-06-25,77.809536,78.088995,71.461811,74.805344,105261200
2026-06-26,71.950861,74.545849,70.58351,71.691368,70427700
2026-06-29,73.976949,77.230651,71.312096,77.041023,79128400
2026-06-30,77.090928,81.382632,77.001106,80.843674,58466200
2026-07-01,78.568071,79.486294,77.080949,77.310501,63348200
2026-07-02,77.300521,78.987261,71.581584,73.208435,87308500
2026-07-06,75.394208,77.300518,74.965037,76.272507,54545100
2026-07-07,73.557756,74.246426,70.623435,72.090599,70992900
2026-07-08,70.663358,72.879067,69.435729,72.579651,70748500
2026-07-09,74.705535,76.541988,73.747389,76.192657,51726600
2026-07-10,75.384227,77.170774,74.186546,76.881332,46034400
2026-07-13,74.396136,74.705535,71.95086,72.499802,63317500
2026-07-14,75.054859,75.703606,73.26832,74.875206,58097300
2026-07-15,76.142761,76.322414,71.920922,74.296333,68547800
2026-07-16,72.469863,72.978881,69.555501,70.60347,66953300
2026-07-17,66.251884,69.425747,64.784727,67.399666,75465200
2026-07-20,69.335927,70.373921,67.369728,67.51944,50076700
2026-07-21,70.573532,71.581585,69.475656,71.232262,37772500
2026-07-22,69.635338,71.451825,69.635338,70.144356,36062100
2026-07-23,66.980477,68.138234,64.894507,66.172043,80277500
2026-07-24,65.653043,66.27185,63.367466,63.87648,69267700
2026-07-27,65.932504,66.102181,61.521036,63.277641,70531600
2026-07-28,61.650783,62.489162,59.285358,61.441189,73235900
2026-07-29,61.391284,62.618913,57.478851,57.638542,103582900
2026-07-30,61.01202,63.716788,60.622773,63.17783,75877800
2026-07-31,65.613119,66.641129,62.269586,64.495285,86709900
2026-08-03,64.585107,68.277971,63.866499,67.828835,62223600
2026-08-04,70.1743,75.264463,70.00463,74.675598,73728500
2026-08-05,75.464075,76.182687,72.599612,72.699417,70885800
2026-08-06,70.713261,73.308241,70.024597,71.890984,60887200
2026-08-07,73.517837,74.525882,72.38003,74.326271,59409800
2026-08-10,74.126656,74.835293,73.497875,73.65757,44224500
2026-08-11,74.396138,74.396138,72.100574,72.918991,43674100
2026-08-12,75.47406,75.543924,74.236448,74.456024,46867300
2026-08-13,74.89517,77.619897,74.565806,77.001099,49822600
2026-08-14,77.420293,77.699752,75.793442,76.6418,36616800
2026-08-17,77.230653,77.749653,76.062912,76.252548,39828100
2026-08-18,73.218415,73.817255,71.871022,72.390015,51330500
2026-08-19,73.228398,73.557756,70.86297,71.920921,49118200
2026-08-20,70.693302,71.551643,69.625367,70.343979,56681700
2026-08-21,71.561614,71.691368,69.775076,71.032639,47654300
2026-08-24,69.864903,69.91481,67.798898,68.876816,46660700
2026-08-25,70.284089,71.132447,69.216154,70.134377,44163200
2026-08-26,69.425745,70.803086,69.305981,70.333992,40461400
2026-08-27,71.95086,73.238371,71.242231,73.158531,48782800
2026-08-28,72.709397,74.036831,71.292139,71.711327,58068000
2026-08-31,71.30212,72.010748,70.683314,71.781189,42308100
2026-09-01,68.936693,70.41384,68.118276,69.016541,57328900
2026-09-02,68.836886,69.625363,68.258004,69.465668,38887400
2026-09-03,69.924784,72.28023,69.575461,71.890984,46695100
2026-09-04,72.350095,73.098647,71.51172,72.230331,47352200
2026-09-08,72.809205,73.068706,71.182354,72.020737,48309000
2026-09-09,71.411911,72.409981,70.703275,71.411911,38220500
2026-09-10,68.767024,70.094459,68.547448,69.076424,55675900
2026-09-11,71.052604,71.621503,70.473721,70.84301,49070100
2026-09-14,67.399667,70.254148,67.210031,69.136307,49910300
2026-09-15,68.996573,69.196192,67.47951,67.768951,38753600
2026-09-16,68.717119,69.834961,66.421563,67.798897,61725800
2026-09-17,70.992716,71.581581,70.234188,71.242233,41937900
2026-09-18,71.78119,72.639531,70.673332,72.499802,41007900
2026-09-21,74.685578,79.33658,74.685578,78.757706,54999600
2026-09-22,78.617974,80.963445,78.617974,80.674004,45285000
2026-09-23,80.529999,80.57,77.690002,78.660004,52118700
2026-09-24,76.75,79.099998,76.550003,78.580002,58181700
