Date,Open,High,Low,Close,Volume
1996-04-29,4.73535,4.73535,4.73535,4.73535,0
1996-04-30,4.730736,4.730736,4.730736,4.730736,0
1996-05-01,4.707657,4.707657,4.707657,4.707657,0
1996-05-02,4.70304,4.70304,4.70304,4.70304,0
1996-05-03,4.684579,4.684579,4.684579,4.684579,0
1996-05-06,4.679964,4.679964,4.679964,4.679964,0
1996-05-07,4.666121,4.666121,4.666121,4.666121,0
1996-05-08,4.666121,4.666121,4.666121,4.666121,0
1996-05-09,4.666121,4.666121,4.666121,4.666121,0
1996-05-10,4.656888,4.656888,4.656888,4.656888,0
1996-05-13,4.643041,4.643041,4.643041,4.643041,0
1996-05-14,4.647657,4.647657,4.647657,4.647657,0
1996-05-15,4.675349,4.675349,4.675349,4.675349,0
1996-05-16,4.670734,4.670734,4.670734,4.670734,0
1996-05-17,4.684579,4.684579,4.684579,4.684579,0
1996-05-20,4.675349,4.675349,4.675349,4.675349,0
1996-05-21,4.679964,4.679964,4.679964,4.679964,0
1996-05-22,4.666121,4.666121,4.666121,4.666121,0
1996-05-23,4.647657,4.647657,4.647657,4.647657,0
1996-05-24,4.638427,4.638427,4.638427,4.638427,0
1996-05-28,4.638427,4.638427,4.638427,4.638427,0
1996-05-29,4.643041,4.643041,4.643041,4.643041,0
1996-05-30,4.661504,4.661504,4.661504,4.661504,0
1996-05-31,4.689197,4.689197,4.689197,4.689197,0
1996-06-03,4.656888,4.656888,4.656888,4.656888,0
1996-06-04,4.661504,4.661504,4.661504,4.661504,0
1996-06-05,4.666121,4.666121,4.666121,4.666121,0
1996-06-06,4.666121,4.666121,4.666121,4.666121,0
1996-06-07,4.633813,4.633813,4.633813,4.633813,0
1996-06-10,4.638427,4.638427,4.638427,4.638427,0
1996-06-11,4.643041,4.643041,4.643041,4.643041,0
1996-06-12,4.661504,4.661504,4.661504,4.661504,0
1996-06-13,4.652275,4.652275,4.652275,4.652275,0
1996-06-14,4.679964,4.679964,4.679964,4.679964,0
1996-06-17,4.679964,4.679964,4.679964,4.679964,0
1996-06-18,4.712273,4.712273,4.712273,4.712273,0
1996-06-19,4.707657,4.707657,4.707657,4.707657,0
1996-06-20,4.698427,4.698427,4.698427,4.698427,0
1996-06-21,4.693813,4.693813,4.693813,4.693813,0
1996-06-24,4.707657,4.707657,4.707657,4.707657,0
1996-06-25,4.698427,4.698427,4.698427,4.698427,0
1996-06-26,4.707657,4.707657,4.707657,4.707657,0
1996-06-27,4.698427,4.698427,4.698427,4.698427,0
1996-06-28,4.712273,4.712273,4.712273,4.712273,0
1996-07-01,4.707657,4.707657,4.707657,4.707657,0
1996-07-02,4.693813,4.693813,4.693813,4.693813,0
1996-07-03,4.684579,4.684579,4.684579,4.684579,0
1996-07-05,4.670734,4.670734,4.670734,4.670734,0
1996-07-08,4.624583,4.624583,4.624583,4.624583,0
1996-07-09,4.647657,4.647657,4.647657,4.647657,0
1996-07-10,4.633813,4.633813,4.633813,4.633813,0
1996-07-11,4.629197,4.629197,4.629197,4.629197,0
1996-07-12,4.587657,4.587657,4.587657,4.587657,0
1996-07-15,4.569196,4.569196,4.569196,4.569196,0
1996-07-16,4.541504,4.541504,4.541504,4.541504,0
1996-07-17,4.559967,4.559967,4.559967,4.559967,0
1996-07-18,4.583045,4.583045,4.583045,4.583045,0
1996-07-19,4.601505,4.601505,4.601505,4.601505,0
1996-07-22,4.555353,4.555353,4.555353,4.555353,0
1996-07-23,4.559967,4.559967,4.559967,4.559967,0
1996-07-24,4.486121,4.486121,4.486121,4.486121,0
1996-07-25,4.518429,4.518429,4.518429,4.518429,0
1996-07-26,4.518429,4.518429,4.518429,4.518429,0
1996-07-29,4.513815,4.513815,4.513815,4.513815,0
1996-07-30,4.509199,4.509199,4.509199,4.509199,0
1996-07-31,4.550737,4.550737,4.550737,4.550737,0
1996-08-01,4.583045,4.583045,4.583045,4.583045,0
1996-08-02,4.606121,4.606121,4.606121,4.606121,0
1996-08-05,4.629197,4.629197,4.629197,4.629197,0
1996-08-06,4.592274,4.592274,4.592274,4.592274,0
1996-08-07,4.573813,4.573813,4.573813,4.573813,0
1996-08-08,4.583045,4.583045,4.583045,4.583045,0
1996-08-09,4.569196,4.569196,4.569196,4.569196,0
1996-08-12,4.583045,4.583045,4.583045,4.583045,0
1996-08-13,4.596889,4.596889,4.596889,4.596889,0
1996-08-14,4.592274,4.592274,4.592274,4.592274,0
1996-08-15,4.592274,4.592274,4.592274,4.592274,0
1996-08-16,4.592274,4.592274,4.592274,4.592274,0
1996-08-19,4.601505,4.601505,4.601505,4.601505,0
1996-08-20,4.615353,4.615353,4.615353,4.615353,0
1996-08-21,4.638427,4.638427,4.638427,4.638427,0
1996-08-22,4.647657,4.647657,4.647657,4.647657,0
1996-08-23,4.652275,4.652275,4.652275,4.652275,0
1996-08-26,4.643041,4.643041,4.643041,4.643041,0
1996-08-27,4.647657,4.647657,4.647657,4.647657,0
1996-08-28,4.633813,4.633813,4.633813,4.633813,0
1996-08-29,4.601505,4.601505,4.601505,4.601505,0
1996-08-30,4.578429,4.578429,4.578429,4.578429,0
1996-09-03,4.536891,4.536891,4.536891,4.536891,0
1996-09-04,4.559967,4.559967,4.559967,4.559967,0
1996-09-05,4.569196,4.569196,4.569196,4.569196,0
1996-09-06,4.555353,4.555353,4.555353,4.555353,0
1996-09-09,4.569196,4.569196,4.569196,4.569196,0
1996-09-10,4.569196,4.569196,4.569196,4.569196,0
1996-09-11,4.555353,4.555353,4.555353,4.555353,0
1996-09-12,4.564581,4.564581,4.564581,4.564581,0
1996-09-13,4.601505,4.601505,4.601505,4.601505,0
1996-09-16,4.624583,4.624583,4.624583,4.624583,0
1996-09-17,4.652275,4.652275,4.652275,4.652275,0
1996-09-18,4.656888,4.656888,4.656888,4.656888,0
1996-09-19,4.661504,4.661504,4.661504,4.661504,0
1996-09-20,4.647657,4.647657,4.647657,4.647657,0
1996-09-23,4.629197,4.629197,4.629197,4.629197,0
1996-09-24,4.633813,4.633813,4.633813,4.633813,0
1996-09-25,4.670734,4.670734,4.670734,4.670734,0
1996-09-26,4.670734,4.670734,4.670734,4.670734,0
1996-09-27,4.679964,4.679964,4.679964,4.679964,0
1996-09-30,4.693813,4.693813,4.693813,4.693813,0
1996-10-01,4.70304,4.70304,4.70304,4.70304,0
1996-10-02,4.71689,4.71689,4.71689,4.71689,0
1996-10-03,4.698427,4.698427,4.698427,4.698427,0
1996-10-04,4.693813,4.693813,4.693813,4.693813,0
1996-10-07,4.698427,4.698427,4.698427,4.698427,0
1996-10-08,4.693813,4.693813,4.693813,4.693813,0
1996-10-09,4.675349,4.675349,4.675349,4.675349,0
1996-10-10,4.666121,4.666121,4.666121,4.666121,0
1996-10-11,4.670734,4.670734,4.670734,4.670734,0
1996-10-14,4.689197,4.689197,4.689197,4.689197,0
1996-10-15,4.71689,4.71689,4.71689,4.71689,0
1996-10-16,4.707657,4.707657,4.707657,4.707657,0
1996-10-17,4.707657,4.707657,4.707657,4.707657,0
1996-10-18,4.73535,4.73535,4.73535,4.73535,0
1996-10-21,4.721502,4.721502,4.721502,4.721502,0
1996-10-22,4.70304,4.70304,4.70304,4.70304,0
1996-10-23,4.684579,4.684579,4.684579,4.684579,0
1996-10-24,4.675349,4.675349,4.675349,4.675349,0
1996-10-25,4.656888,4.656888,4.656888,4.656888,0
1996-10-28,4.652275,4.652275,4.652275,4.652275,0
1996-10-29,4.647657,4.647657,4.647657,4.647657,0
1996-10-30,4.647657,4.647657,4.647657,4.647657,0
1996-10-31,4.638427,4.638427,4.638427,4.638427,0
1996-11-01,4.647657,4.647657,4.647657,4.647657,0
1996-11-04,4.652275,4.652275,4.652275,4.652275,0
1996-11-05,4.656888,4.656888,4.656888,4.656888,0
1996-11-06,4.698427,4.698427,4.698427,4.698427,0
1996-11-07,4.712273,4.712273,4.712273,4.712273,0
1996-11-08,4.739962,4.739962,4.739962,4.739962,0
1996-11-11,4.744581,4.744581,4.744581,4.744581,0
1996-11-12,4.763043,4.763043,4.763043,4.763043,0
1996-11-13,4.753809,4.753809,4.753809,4.753809,0
1996-11-14,4.776888,4.776888,4.776888,4.776888,0
1996-11-15,4.799965,4.799965,4.799965,4.799965,0
1996-11-18,4.79535,4.79535,4.79535,4.79535,0
1996-11-19,4.809196,4.809196,4.809196,4.809196,0
1996-11-20,4.83227,4.83227,4.83227,4.83227,0
1996-11-21,4.83227,4.83227,4.83227,4.83227,0
1996-11-22,4.846119,4.846119,4.846119,4.846119,0
1996-11-25,4.841503,4.841503,4.841503,4.841503,0
1996-11-26,4.846119,4.846119,4.846119,4.846119,0
1996-11-27,4.827656,4.827656,4.827656,4.827656,0
1996-11-29,4.813811,4.813811,4.813811,4.813811,0
1996-12-02,4.786118,4.786118,4.786118,4.786118,0
1996-12-03,4.767657,4.767657,4.767657,4.767657,0
1996-12-04,4.758428,4.758428,4.758428,4.758428,0
1996-12-05,4.79535,4.79535,4.79535,4.79535,0
1996-12-06,4.70304,4.70304,4.70304,4.70304,0
1996-12-09,4.726119,4.726119,4.726119,4.726119,0
1996-12-10,4.758428,4.758428,4.758428,4.758428,0
1996-12-11,4.721502,4.721502,4.721502,4.721502,0
1996-12-12,4.689197,4.689197,4.689197,4.689197,0
1996-12-13,4.652275,4.652275,4.652275,4.652275,0
1996-12-16,4.684579,4.684579,4.684579,4.684579,0
1996-12-17,4.684579,4.684579,4.684579,4.684579,0
1996-12-18,4.679964,4.679964,4.679964,4.679964,0
1996-12-19,4.661504,4.661504,4.661504,4.661504,0
1996-12-20,4.70304,4.70304,4.70304,4.70304,0
1996-12-23,4.712273,4.712273,4.712273,4.712273,0
1996-12-24,4.679964,4.679964,4.679964,4.679964,0
1996-12-26,4.693813,4.693813,4.693813,4.693813,0
1996-12-27,4.714946,4.714946,4.714946,4.714946,0
1996-12-30,4.733729,4.733729,4.733729,4.733729,0
1996-12-31,4.761907,4.761907,4.761907,4.761907,0
1997-01-02,4.714946,4.714946,4.714946,4.714946,0
1997-01-03,4.71964,4.71964,4.71964,4.71964,0
1997-01-06,4.747815,4.747815,4.747815,4.747815,0
1997-01-07,4.733729,4.733729,4.733729,4.733729,0
1997-01-08,4.724336,4.724336,4.724336,4.724336,0
1997-01-09,4.682074,4.682074,4.682074,4.682074,0
1997-01-10,4.621021,4.621021,4.621021,4.621021,0
1997-01-13,4.672679,4.672679,4.672679,4.672679,0
1997-01-14,4.69616,4.69616,4.69616,4.69616,0
1997-01-15,4.714946,4.714946,4.714946,4.714946,0
1997-01-16,4.738425,4.738425,4.738425,4.738425,0
1997-01-17,4.724336,4.724336,4.724336,4.724336,0
1997-01-20,4.677374,4.677374,4.677374,4.677374,0
1997-01-21,4.653894,4.653894,4.653894,4.653894,0
1997-01-22,4.677374,4.677374,4.677374,4.677374,0
1997-01-23,4.672679,4.672679,4.672679,4.672679,0
1997-01-24,4.639806,4.639806,4.639806,4.639806,0
1997-01-27,4.59754,4.59754,4.59754,4.59754,0
1997-01-28,4.588149,4.588149,4.588149,4.588149,0
1997-01-29,4.592844,4.592844,4.592844,4.592844,0
1997-01-30,4.592844,4.592844,4.592844,4.592844,0
1997-01-31,4.649198,4.649198,4.649198,4.649198,0
1997-02-03,4.639806,4.639806,4.639806,4.639806,0
1997-02-04,4.653894,4.653894,4.653894,4.653894,0
1997-02-05,4.649198,4.649198,4.649198,4.649198,0
1997-02-06,4.644501,4.644501,4.644501,4.644501,0
1997-02-07,4.635111,4.635111,4.635111,4.635111,0
1997-02-10,4.691462,4.691462,4.691462,4.691462,0
1997-02-11,4.677374,4.677374,4.677374,4.677374,0
1997-02-12,4.691462,4.691462,4.691462,4.691462,0
1997-02-13,4.700856,4.700856,4.700856,4.700856,0
1997-02-14,4.714946,4.714946,4.714946,4.714946,0
1997-02-18,4.69616,4.69616,4.69616,4.69616,0
1997-02-19,4.69616,4.69616,4.69616,4.69616,0
1997-02-20,4.738425,4.738425,4.738425,4.738425,0
1997-02-21,4.752513,4.752513,4.752513,4.752513,0
1997-02-24,4.775994,4.775994,4.775994,4.775994,0
1997-02-25,4.799478,4.799478,4.799478,4.799478,0
1997-02-26,4.766602,4.766602,4.766602,4.766602,0
1997-02-27,4.766602,4.766602,4.766602,4.766602,0
1997-02-28,4.733729,4.733729,4.733729,4.733729,0
1997-03-03,4.705553,4.705553,4.705553,4.705553,0
1997-03-04,4.71964,4.71964,4.71964,4.71964,0
1997-03-05,4.714946,4.714946,4.714946,4.714946,0
1997-03-06,4.714946,4.714946,4.714946,4.714946,0
1997-03-07,4.71964,4.71964,4.71964,4.71964,0
1997-03-10,4.757208,4.757208,4.757208,4.757208,0
1997-03-11,4.771297,4.771297,4.771297,4.771297,0
1997-03-12,4.729032,4.729032,4.729032,4.729032,0
1997-03-13,4.691462,4.691462,4.691462,4.691462,0
1997-03-14,4.69616,4.69616,4.69616,4.69616,0
1997-03-17,4.667982,4.667982,4.667982,4.667982,0
1997-03-18,4.677374,4.677374,4.677374,4.677374,0
1997-03-19,4.691462,4.691462,4.691462,4.691462,0
1997-03-20,4.630414,4.630414,4.630414,4.630414,0
1997-03-21,4.667982,4.667982,4.667982,4.667982,0
1997-03-24,4.644501,4.644501,4.644501,4.644501,0
1997-03-25,4.686767,4.686767,4.686767,4.686767,0
1997-03-26,4.71964,4.71964,4.71964,4.71964,0
1997-03-27,4.738425,4.738425,4.738425,4.738425,0
1997-03-31,4.729032,4.729032,4.729032,4.729032,0
1997-04-01,4.649198,4.649198,4.649198,4.649198,0
1997-04-02,4.658591,4.658591,4.658591,4.658591,0
1997-04-03,4.635111,4.635111,4.635111,4.635111,0
1997-04-04,4.621021,4.621021,4.621021,4.621021,0
1997-04-07,4.602236,4.602236,4.602236,4.602236,0
1997-04-08,4.616325,4.616325,4.616325,4.616325,0
1997-04-09,4.606932,4.606932,4.606932,4.606932,0
1997-04-10,4.592844,4.592844,4.592844,4.592844,0
1997-04-11,4.578755,4.578755,4.578755,4.578755,0
1997-04-14,4.541186,4.541186,4.541186,4.541186,0
1997-04-15,4.578755,4.578755,4.578755,4.578755,0
1997-04-16,4.611628,4.611628,4.611628,4.611628,0
1997-04-17,4.625718,4.625718,4.625718,4.625718,0
1997-04-18,4.649198,4.649198,4.649198,4.649198,0
1997-04-21,4.691462,4.691462,4.691462,4.691462,0
1997-04-22,4.682074,4.682074,4.682074,4.682074,0
1997-04-23,4.710249,4.710249,4.710249,4.710249,0
1997-04-24,4.710249,4.710249,4.710249,4.710249,0
1997-04-25,4.682074,4.682074,4.682074,4.682074,0
1997-04-28,4.667982,4.667982,4.667982,4.667982,0
1997-04-29,4.69616,4.69616,4.69616,4.69616,0
1997-04-30,4.738425,4.738425,4.738425,4.738425,0
1997-05-01,4.771297,4.771297,4.771297,4.771297,0
1997-05-02,4.790083,4.790083,4.790083,4.790083,0
1997-05-05,4.813564,4.813564,4.813564,4.813564,0
1997-05-06,4.907484,4.907484,4.907484,4.907484,0
1997-05-07,4.912182,4.912182,4.912182,4.912182,0
1997-05-08,4.926271,4.926271,4.926271,4.926271,0
1997-05-09,4.968538,4.968538,4.968538,4.968538,0
1997-05-12,5.034285,5.034285,5.034285,5.034285,0
1997-05-13,5.053068,5.053068,5.053068,5.053068,0
1997-05-14,5.067153,5.067153,5.067153,5.067153,0
1997-05-15,5.076548,5.076548,5.076548,5.076548,0
1997-05-16,5.114118,5.114118,5.114118,5.114118,0
1997-05-19,5.090634,5.090634,5.090634,5.090634,0
1997-05-20,5.123511,5.123511,5.123511,5.123511,0
1997-05-21,5.123511,5.123511,5.123511,5.123511,0
1997-05-22,5.08594,5.08594,5.08594,5.08594,0
1997-05-23,5.118814,5.118814,5.118814,5.118814,0
1997-05-27,5.104726,5.104726,5.104726,5.104726,0
1997-05-28,5.123511,5.123511,5.123511,5.123511,0
1997-05-29,5.114118,5.114118,5.114118,5.114118,0
1997-05-30,5.048372,5.048372,5.048372,5.048372,0
1997-06-02,5.08594,5.08594,5.08594,5.08594,0
1997-06-03,5.10003,5.10003,5.10003,5.10003,0
1997-06-04,5.109424,5.109424,5.109424,5.109424,0
1997-06-05,5.128208,5.128208,5.128208,5.128208,0
1997-06-06,5.14699,5.14699,5.14699,5.14699,0
1997-06-09,5.203346,5.203346,5.203346,5.203346,0
1997-06-10,5.203346,5.203346,5.203346,5.203346,0
1997-06-11,5.226826,5.226826,5.226826,5.226826,0
1997-06-12,5.22213,5.22213,5.22213,5.22213,0
1997-06-13,5.226826,5.226826,5.226826,5.226826,0
1997-06-16,5.269093,5.269093,5.269093,5.269093,0
1997-06-17,5.236218,5.236218,5.236218,5.236218,0
1997-06-18,5.240913,5.240913,5.240913,5.240913,0
1997-06-19,5.264393,5.264393,5.264393,5.264393,0
1997-06-20,5.269093,5.269093,5.269093,5.269093,0
1997-06-23,5.273787,5.273787,5.273787,5.273787,0
1997-06-24,5.283179,5.283179,5.283179,5.283179,0
1997-06-25,5.363014,5.363014,5.363014,5.363014,0
1997-06-26,5.372404,5.372404,5.372404,5.372404,0
1997-06-27,5.334835,5.334835,5.334835,5.334835,0
1997-06-30,5.320749,5.320749,5.320749,5.320749,0
1997-07-01,5.339534,5.339534,5.339534,5.339534,0
1997-07-02,5.353623,5.353623,5.353623,5.353623,0
1997-07-03,5.419369,5.419369,5.419369,5.419369,0
1997-07-07,5.424064,5.424064,5.424064,5.424064,0
1997-07-08,5.414671,5.414671,5.414671,5.414671,0
1997-07-09,5.409978,5.409978,5.409978,5.409978,0
1997-07-10,5.405279,5.405279,5.405279,5.405279,0
1997-07-11,5.405279,5.405279,5.405279,5.405279,0
1997-07-14,5.419369,5.419369,5.419369,5.419369,0
1997-07-15,5.372404,5.372404,5.372404,5.372404,0
1997-07-16,5.433457,5.433457,5.433457,5.433457,0
1997-07-17,5.438152,5.438152,5.438152,5.438152,0
1997-07-18,5.3818,5.3818,5.3818,5.3818,0
1997-07-21,5.339534,5.339534,5.339534,5.339534,0
1997-07-22,5.372404,5.372404,5.372404,5.372404,0
1997-07-23,5.419369,5.419369,5.419369,5.419369,0
1997-07-24,5.400585,5.400585,5.400585,5.400585,0
1997-07-25,5.391191,5.391191,5.391191,5.391191,0
1997-07-28,5.3818,5.3818,5.3818,5.3818,0
1997-07-29,5.386495,5.386495,5.386495,5.386495,0
1997-07-30,5.395885,5.395885,5.395885,5.395885,0
1997-07-31,5.405279,5.405279,5.405279,5.405279,0
1997-08-01,5.344229,5.344229,5.344229,5.344229,0
1997-08-04,5.283179,5.283179,5.283179,5.283179,0
1997-08-05,5.250308,5.250308,5.250308,5.250308,0
1997-08-06,5.311355,5.311355,5.311355,5.311355,0
1997-08-07,5.325447,5.325447,5.325447,5.325447,0
1997-08-08,5.344229,5.344229,5.344229,5.344229,0
1997-08-11,5.273787,5.273787,5.273787,5.273787,0
1997-08-12,5.283179,5.283179,5.283179,5.283179,0
1997-08-13,5.269093,5.269093,5.269093,5.269093,0
1997-08-14,5.226826,5.226826,5.226826,5.226826,0
1997-08-15,5.217433,5.217433,5.217433,5.217433,0
1997-08-18,5.156383,5.156383,5.156383,5.156383,0
1997-08-19,5.165778,5.165778,5.165778,5.165778,0
1997-08-20,5.203346,5.203346,5.203346,5.203346,0
1997-08-21,5.212735,5.212735,5.212735,5.212735,0
1997-08-22,5.142294,5.142294,5.142294,5.142294,0
1997-08-25,5.123511,5.123511,5.123511,5.123511,0
1997-08-26,5.118814,5.118814,5.118814,5.118814,0
1997-08-27,5.08594,5.08594,5.08594,5.08594,0
1997-08-28,5.02489,5.02489,5.02489,5.02489,0
1997-08-29,4.94036,4.94036,4.94036,4.94036,0
1997-09-02,4.94036,4.94036,4.94036,4.94036,0
1997-09-03,5.020196,5.020196,5.020196,5.020196,0
1997-09-04,5.010803,5.010803,5.010803,5.010803,0
1997-09-05,5.071853,5.071853,5.071853,5.071853,0
1997-09-08,5.081245,5.081245,5.081245,5.081245,0
1997-09-09,5.109424,5.109424,5.109424,5.109424,0
1997-09-10,5.062462,5.062462,5.062462,5.062462,0
1997-09-11,4.977929,4.977929,4.977929,4.977929,0
1997-09-12,4.977929,4.977929,4.977929,4.977929,0
1997-09-15,5.010803,5.010803,5.010803,5.010803,0
1997-09-16,5.020196,5.020196,5.020196,5.020196,0
1997-09-17,5.048372,5.048372,5.048372,5.048372,0
1997-09-18,5.062462,5.062462,5.062462,5.062462,0
1997-09-19,5.071853,5.071853,5.071853,5.071853,0
1997-09-22,5.081245,5.081245,5.081245,5.081245,0
1997-09-23,5.090634,5.090634,5.090634,5.090634,0
1997-09-24,5.175168,5.175168,5.175168,5.175168,0
1997-09-25,5.179864,5.179864,5.179864,5.179864,0
1997-09-26,5.175168,5.175168,5.175168,5.175168,0
1997-09-29,5.184559,5.184559,5.184559,5.184559,0
1997-09-30,5.212735,5.212735,5.212735,5.212735,0
1997-10-01,5.226826,5.226826,5.226826,5.226826,0
1997-10-02,5.226826,5.226826,5.226826,5.226826,0
1997-10-03,5.245611,5.245611,5.245611,5.245611,0
1997-10-06,5.245611,5.245611,5.245611,5.245611,0
1997-10-07,5.240913,5.240913,5.240913,5.240913,0
1997-10-08,5.245611,5.245611,5.245611,5.245611,0
1997-10-09,5.189258,5.189258,5.189258,5.189258,0
1997-10-10,5.184559,5.184559,5.184559,5.184559,0
1997-10-13,5.193954,5.193954,5.193954,5.193954,0
1997-10-14,5.179864,5.179864,5.179864,5.179864,0
1997-10-15,5.170472,5.170472,5.170472,5.170472,0
1997-10-16,5.208042,5.208042,5.208042,5.208042,0
1997-10-17,5.137598,5.137598,5.137598,5.137598,0
1997-10-20,5.081245,5.081245,5.081245,5.081245,0
1997-10-21,5.10003,5.10003,5.10003,5.10003,0
1997-10-22,5.071853,5.071853,5.071853,5.071853,0
1997-10-23,4.902792,4.902792,4.902792,4.902792,0
1997-10-24,4.893398,4.893398,4.893398,4.893398,0
1997-10-27,4.766602,4.766602,4.766602,4.766602,0
1997-10-28,4.588149,4.588149,4.588149,4.588149,0
1997-10-29,4.780692,4.780692,4.780692,4.780692,0
1997-10-30,4.69616,4.69616,4.69616,4.69616,0
1997-10-31,4.738425,4.738425,4.738425,4.738425,0
1997-11-03,4.818261,4.818261,4.818261,4.818261,0
1997-11-04,4.822955,4.822955,4.822955,4.822955,0
1997-11-05,4.818261,4.818261,4.818261,4.818261,0
1997-11-06,4.790083,4.790083,4.790083,4.790083,0
1997-11-07,4.667982,4.667982,4.667982,4.667982,0
1997-11-10,4.649198,4.649198,4.649198,4.649198,0
1997-11-11,4.653894,4.653894,4.653894,4.653894,0
1997-11-12,4.55058,4.55058,4.55058,4.55058,0
1997-11-13,4.55058,4.55058,4.55058,4.55058,0
1997-11-14,4.531793,4.531793,4.531793,4.531793,0
1997-11-17,4.691462,4.691462,4.691462,4.691462,0
1997-11-18,4.71964,4.71964,4.71964,4.71964,0
1997-11-19,4.630414,4.630414,4.630414,4.630414,0
1997-11-20,4.686767,4.686767,4.686767,4.686767,0
1997-11-21,4.771297,4.771297,4.771297,4.771297,0
1997-11-24,4.71964,4.71964,4.71964,4.71964,0
1997-11-25,4.621021,4.621021,4.621021,4.621021,0
1997-11-26,4.639806,4.639806,4.639806,4.639806,0
1997-11-28,4.682074,4.682074,4.682074,4.682074,0
1997-12-01,4.738425,4.738425,4.738425,4.738425,0
1997-12-02,4.771297,4.771297,4.771297,4.771297,0
1997-12-03,4.757208,4.757208,4.757208,4.757208,0
1997-12-04,4.771297,4.771297,4.771297,4.771297,0
1997-12-05,4.771297,4.771297,4.771297,4.771297,0
1997-12-08,4.780692,4.780692,4.780692,4.780692,0
1997-12-09,4.785386,4.785386,4.785386,4.785386,0
1997-12-10,4.757208,4.757208,4.757208,4.757208,0
1997-12-11,4.644501,4.644501,4.644501,4.644501,0
1997-12-12,4.630414,4.630414,4.630414,4.630414,0
1997-12-15,4.630414,4.630414,4.630414,4.630414,0
1997-12-16,4.658591,4.658591,4.658591,4.658591,0
1997-12-17,4.761907,4.761907,4.761907,4.761907,0
1997-12-18,4.743122,4.743122,4.743122,4.743122,0
1997-12-19,4.625718,4.625718,4.625718,4.625718,0
1997-12-22,4.574059,4.574059,4.574059,4.574059,0
1997-12-23,4.606932,4.606932,4.606932,4.606932,0
1997-12-24,4.606932,4.606932,4.606932,4.606932,0
1997-12-26,4.611628,4.611628,4.611628,4.611628,0
1997-12-29,4.68825,4.68825,4.68825,4.68825,0
1997-12-30,4.731349,4.731349,4.731349,4.731349,0
1997-12-31,4.726561,4.726561,4.726561,4.726561,0
1998-01-02,4.726561,4.726561,4.726561,4.726561,0
1998-01-05,4.721772,4.721772,4.721772,4.721772,0
1998-01-06,4.673883,4.673883,4.673883,4.673883,0
1998-01-07,4.654727,4.654727,4.654727,4.654727,0
1998-01-08,4.611628,4.611628,4.611628,4.611628,0
1998-01-09,4.535008,4.535008,4.535008,4.535008,0
1998-01-12,4.400921,4.400921,4.400921,4.400921,0
1998-01-13,4.482331,4.482331,4.482331,4.482331,0
1998-01-14,4.549375,4.549375,4.549375,4.549375,0
1998-01-15,4.544585,4.544585,4.544585,4.544585,0
1998-01-16,4.669095,4.669095,4.669095,4.669095,0
1998-01-20,4.731349,4.731349,4.731349,4.731349,0
1998-01-21,4.750503,4.750503,4.750503,4.750503,0
1998-01-22,4.750503,4.750503,4.750503,4.750503,0
1998-01-23,4.779237,4.779237,4.779237,4.779237,0
1998-01-26,4.822336,4.822336,4.822336,4.822336,0
1998-01-27,4.860647,4.860647,4.860647,4.860647,0
1998-01-28,4.879802,4.879802,4.879802,4.879802,0
1998-01-29,4.875014,4.875014,4.875014,4.875014,0
1998-01-30,4.870225,4.870225,4.870225,4.870225,0
1998-02-02,4.97079,4.97079,4.97079,4.97079,0
1998-02-03,5.018677,5.018677,5.018677,5.018677,0
1998-02-04,5.028256,5.028256,5.028256,5.028256,0
1998-02-05,5.09051,5.09051,5.09051,5.09051,0
1998-02-06,5.100087,5.100087,5.100087,5.100087,0
1998-02-09,5.085721,5.085721,5.085721,5.085721,0
1998-02-10,5.114453,5.114453,5.114453,5.114453,0
1998-02-11,5.124032,5.124032,5.124032,5.124032,0
1998-02-12,5.085721,5.085721,5.085721,5.085721,0
1998-02-13,5.023466,5.023466,5.023466,5.023466,0
1998-02-17,5.066568,5.066568,5.066568,5.066568,0
1998-02-18,5.085721,5.085721,5.085721,5.085721,0
1998-02-19,5.071355,5.071355,5.071355,5.071355,0
1998-02-20,5.076143,5.076143,5.076143,5.076143,0
1998-02-23,5.100087,5.100087,5.100087,5.100087,0
1998-02-24,5.061776,5.061776,5.061776,5.061776,0
1998-02-25,5.114453,5.114453,5.114453,5.114453,0
1998-02-26,5.152767,5.152767,5.152767,5.152767,0
1998-02-27,5.205442,5.205442,5.205442,5.205442,0
1998-03-02,5.28685,5.28685,5.28685,5.28685,0
1998-03-03,5.267697,5.267697,5.267697,5.267697,0
1998-03-04,5.205442,5.205442,5.205442,5.205442,0
1998-03-05,5.124032,5.124032,5.124032,5.124032,0
1998-03-06,5.191074,5.191074,5.191074,5.191074,0
1998-03-09,5.210231,5.210231,5.210231,5.210231,0
1998-03-10,5.224596,5.224596,5.224596,5.224596,0
1998-03-11,5.210231,5.210231,5.210231,5.210231,0
1998-03-12,5.210231,5.210231,5.210231,5.210231,0
1998-03-13,5.301219,5.301219,5.301219,5.301219,0
1998-03-16,5.282063,5.282063,5.282063,5.282063,0
1998-03-17,5.325162,5.325162,5.325162,5.325162,0
1998-03-18,5.28685,5.28685,5.28685,5.28685,0
1998-03-19,5.320372,5.320372,5.320372,5.320372,0
1998-03-20,5.344317,5.344317,5.344317,5.344317,0
1998-03-23,5.373054,5.373054,5.373054,5.373054,0
1998-03-24,5.387417,5.387417,5.387417,5.387417,0
1998-03-25,5.430516,5.430516,5.430516,5.430516,0
1998-03-26,5.440092,5.440092,5.440092,5.440092,0
1998-03-27,5.440092,5.440092,5.440092,5.440092,0
1998-03-30,5.358683,5.358683,5.358683,5.358683,0
1998-03-31,5.373054,5.373054,5.373054,5.373054,0
1998-04-01,5.387417,5.387417,5.387417,5.387417,0
1998-04-02,5.36826,5.36826,5.36826,5.36826,0
1998-04-03,5.363471,5.363471,5.363471,5.363471,0
1998-04-06,5.430516,5.430516,5.430516,5.430516,0
1998-04-07,5.430516,5.430516,5.430516,5.430516,0
1998-04-08,5.449673,5.449673,5.449673,5.449673,0
1998-04-09,5.521504,5.521504,5.521504,5.521504,0
1998-04-13,5.511925,5.511925,5.511925,5.511925,0
1998-04-14,5.564604,5.564604,5.564604,5.564604,0
1998-04-15,5.574179,5.574179,5.574179,5.574179,0
1998-04-16,5.473615,5.473615,5.473615,5.473615,0
1998-04-17,5.444883,5.444883,5.444883,5.444883,0
1998-04-20,5.483193,5.483193,5.483193,5.483193,0
1998-04-21,5.507138,5.507138,5.507138,5.507138,0
1998-04-22,5.487983,5.487983,5.487983,5.487983,0
1998-04-23,5.435305,5.435305,5.435305,5.435305,0
1998-04-24,5.416148,5.416148,5.416148,5.416148,0
1998-04-27,5.277275,5.277275,5.277275,5.277275,0
1998-04-28,5.310795,5.310795,5.310795,5.310795,0
1998-04-29,5.315583,5.315583,5.315583,5.315583,0
1998-04-30,5.401782,5.401782,5.401782,5.401782,0
1998-05-01,5.440092,5.440092,5.440092,5.440092,0
1998-05-04,5.49756,5.49756,5.49756,5.49756,0
1998-05-05,5.478401,5.478401,5.478401,5.478401,0
1998-05-06,5.449673,5.449673,5.449673,5.449673,0
1998-05-07,5.382627,5.382627,5.382627,5.382627,0
1998-05-08,5.396995,5.396995,5.396995,5.396995,0
1998-05-11,5.449673,5.449673,5.449673,5.449673,0
1998-05-12,5.396995,5.396995,5.396995,5.396995,0
1998-05-13,5.387417,5.387417,5.387417,5.387417,0
1998-05-14,5.377839,5.377839,5.377839,5.377839,0
1998-05-15,5.373054,5.373054,5.373054,5.373054,0
1998-05-18,5.277275,5.277275,5.277275,5.277275,0
1998-05-19,5.334738,5.334738,5.334738,5.334738,0
1998-05-20,5.396995,5.396995,5.396995,5.396995,0
1998-05-21,5.449673,5.449673,5.449673,5.449673,0
1998-05-22,5.454459,5.454459,5.454459,5.454459,0
1998-05-26,5.449673,5.449673,5.449673,5.449673,0
1998-05-27,5.329951,5.329951,5.329951,5.329951,0
1998-05-28,5.320372,5.320372,5.320372,5.320372,0
1998-05-29,5.320372,5.320372,5.320372,5.320372,0
1998-06-01,5.262906,5.262906,5.262906,5.262906,0
1998-06-02,5.301219,5.301219,5.301219,5.301219,0
1998-06-03,5.339528,5.339528,5.339528,5.339528,0
1998-06-04,5.339528,5.339528,5.339528,5.339528,0
1998-06-05,5.358683,5.358683,5.358683,5.358683,0
1998-06-08,5.373054,5.373054,5.373054,5.373054,0
1998-06-09,5.363471,5.363471,5.363471,5.363471,0
1998-06-10,5.277275,5.277275,5.277275,5.277275,0
1998-06-11,5.176707,5.176707,5.176707,5.176707,0
1998-06-12,5.109665,5.109665,5.109665,5.109665,0
1998-06-15,4.989946,4.989946,4.989946,4.989946,0
1998-06-16,5.042622,5.042622,5.042622,5.042622,0
1998-06-17,5.205442,5.205442,5.205442,5.205442,0
1998-06-18,5.24854,5.24854,5.24854,5.24854,0
1998-06-19,5.238963,5.238963,5.238963,5.238963,0
1998-06-22,5.17192,5.17192,5.17192,5.17192,0
1998-06-23,5.186285,5.186285,5.186285,5.186285,0
1998-06-24,5.195865,5.195865,5.195865,5.195865,0
1998-06-25,5.24854,5.24854,5.24854,5.24854,0
1998-06-26,5.224596,5.224596,5.224596,5.224596,0
1998-06-29,5.253329,5.253329,5.253329,5.253329,0
1998-06-30,5.30601,5.30601,5.30601,5.30601,0
1998-07-01,5.382627,5.382627,5.382627,5.382627,0
1998-07-02,5.382627,5.382627,5.382627,5.382627,0
1998-07-06,5.416148,5.416148,5.416148,5.416148,0
1998-07-07,5.444883,5.444883,5.444883,5.444883,0
1998-07-08,5.449673,5.449673,5.449673,5.449673,0
1998-07-09,5.392206,5.392206,5.392206,5.392206,0
1998-07-10,5.358683,5.358683,5.358683,5.358683,0
1998-07-13,5.416148,5.416148,5.416148,5.416148,0
1998-07-14,5.49756,5.49756,5.49756,5.49756,0
1998-07-15,5.526293,5.526293,5.526293,5.526293,0
1998-07-16,5.555025,5.555025,5.555025,5.555025,0
1998-07-17,5.607703,5.607703,5.607703,5.607703,0
1998-07-20,5.646011,5.646011,5.646011,5.646011,0
1998-07-21,5.593337,5.593337,5.593337,5.593337,0
1998-07-22,5.487983,5.487983,5.487983,5.487983,0
1998-07-23,5.449673,5.449673,5.449673,5.449673,0
1998-07-24,5.464039,5.464039,5.464039,5.464039,0
1998-07-27,5.358683,5.358683,5.358683,5.358683,0
1998-07-28,5.36826,5.36826,5.36826,5.36826,0
1998-07-29,5.349107,5.349107,5.349107,5.349107,0
1998-07-30,5.392206,5.392206,5.392206,5.392206,0
1998-07-31,5.363471,5.363471,5.363471,5.363471,0
1998-08-03,5.262906,5.262906,5.262906,5.262906,0
1998-08-04,5.238963,5.238963,5.238963,5.238963,0
1998-08-05,5.181499,5.181499,5.181499,5.181499,0
1998-08-06,5.119242,5.119242,5.119242,5.119242,0
1998-08-07,5.1384,5.1384,5.1384,5.1384,0
1998-08-10,5.042622,5.042622,5.042622,5.042622,0
1998-08-11,4.894171,4.894171,4.894171,4.894171,0
1998-08-12,4.946844,4.946844,4.946844,4.946844,0
1998-08-13,4.903749,4.903749,4.903749,4.903749,0
1998-08-14,4.922901,4.922901,4.922901,4.922901,0
1998-08-17,4.903749,4.903749,4.903749,4.903749,0
1998-08-18,5.018677,5.018677,5.018677,5.018677,0
1998-08-19,5.071355,5.071355,5.071355,5.071355,0
1998-08-20,5.042622,5.042622,5.042622,5.042622,0
1998-08-21,4.860647,4.860647,4.860647,4.860647,0
1998-08-24,4.875014,4.875014,4.875014,4.875014,0
1998-08-25,4.93248,4.93248,4.93248,4.93248,0
1998-08-26,4.817547,4.817547,4.817547,4.817547,0
1998-08-27,4.664305,4.664305,4.664305,4.664305,0
1998-08-28,4.630785,4.630785,4.630785,4.630785,0
1998-08-31,4.630785,4.630785,4.630785,4.630785,0
1998-09-01,4.645149,4.645149,4.645149,4.645149,0
1998-09-02,4.731349,4.731349,4.731349,4.731349,0
1998-09-03,4.702616,4.702616,4.702616,4.702616,0
1998-09-04,4.697826,4.697826,4.697826,4.697826,0
1998-09-08,4.894171,4.894171,4.894171,4.894171,0
1998-09-09,4.803183,4.803183,4.803183,4.803183,0
1998-09-10,4.707406,4.707406,4.707406,4.707406,0
1998-09-11,4.678675,4.678675,4.678675,4.678675,0
1998-09-14,4.76487,4.76487,4.76487,4.76487,0
1998-09-15,4.784026,4.784026,4.784026,4.784026,0
1998-09-16,4.798395,4.798395,4.798395,4.798395,0
1998-09-17,4.68346,4.68346,4.68346,4.68346,0
1998-09-18,4.616416,4.616416,4.616416,4.616416,0
1998-09-21,4.482331,4.482331,4.482331,4.482331,0
1998-09-22,4.554163,4.554163,4.554163,4.554163,0
1998-09-23,4.635574,4.635574,4.635574,4.635574,0
1998-09-24,4.664305,4.664305,4.664305,4.664305,0
1998-09-25,4.602051,4.602051,4.602051,4.602051,0
1998-09-28,4.645149,4.645149,4.645149,4.645149,0
1998-09-29,4.649937,4.649937,4.649937,4.649937,0
1998-09-30,4.535008,4.535008,4.535008,4.535008,0
1998-10-01,4.396135,4.396135,4.396135,4.396135,0
1998-10-02,4.333878,4.333878,4.333878,4.333878,0
1998-10-05,4.252468,4.252468,4.252468,4.252468,0
1998-10-06,4.391344,4.391344,4.391344,4.391344,0
1998-10-07,4.549375,4.549375,4.549375,4.549375,0
1998-10-08,4.405709,4.405709,4.405709,4.405709,0
1998-10-09,4.472753,4.472753,4.472753,4.472753,0
1998-10-12,4.654727,4.654727,4.654727,4.654727,0
1998-10-13,4.659516,4.659516,4.659516,4.659516,0
1998-10-14,4.693039,4.693039,4.693039,4.693039,0
1998-10-15,4.760083,4.760083,4.760083,4.760083,0
1998-10-16,4.889381,4.889381,4.889381,4.889381,0
1998-10-19,4.889381,4.889381,4.889381,4.889381,0
1998-10-20,4.980368,4.980368,4.980368,4.980368,0
1998-10-21,4.951634,4.951634,4.951634,4.951634,0
1998-10-22,4.951634,4.951634,4.951634,4.951634,0
1998-10-23,4.942058,4.942058,4.942058,4.942058,0
1998-10-26,4.91811,4.91811,4.91811,4.91811,0
1998-10-27,4.975579,4.975579,4.975579,4.975579,0
1998-10-28,4.913323,4.913323,4.913323,4.913323,0
1998-10-29,4.961212,4.961212,4.961212,4.961212,0
1998-10-30,5.023466,5.023466,5.023466,5.023466,0
1998-11-02,5.157555,5.157555,5.157555,5.157555,0
1998-11-03,5.133611,5.133611,5.133611,5.133611,0
1998-11-04,5.234175,5.234175,5.234175,5.234175,0
1998-11-05,5.186285,5.186285,5.186285,5.186285,0
1998-11-06,5.16713,5.16713,5.16713,5.16713,0
1998-11-09,5.056988,5.056988,5.056988,5.056988,0
1998-11-10,5.004311,5.004311,5.004311,5.004311,0
1998-11-11,5.076143,5.076143,5.076143,5.076143,0
1998-11-12,4.989946,4.989946,4.989946,4.989946,0
1998-11-13,5.028256,5.028256,5.028256,5.028256,0
1998-11-16,5.162343,5.162343,5.162343,5.162343,0
1998-11-17,5.133611,5.133611,5.133611,5.133611,0
1998-11-18,5.147978,5.147978,5.147978,5.147978,0
1998-11-19,5.215019,5.215019,5.215019,5.215019,0
1998-11-20,5.28685,5.28685,5.28685,5.28685,0
1998-11-23,5.334738,5.334738,5.334738,5.334738,0
1998-11-24,5.344317,5.344317,5.344317,5.344317,0
1998-11-25,5.310795,5.310795,5.310795,5.310795,0
1998-11-27,5.377839,5.377839,5.377839,5.377839,0
1998-11-30,5.291642,5.291642,5.291642,5.291642,0
1998-12-01,5.181499,5.181499,5.181499,5.181499,0
1998-12-02,5.186285,5.186285,5.186285,5.186285,0
1998-12-03,5.205442,5.205442,5.205442,5.205442,0
1998-12-04,5.215019,5.215019,5.215019,5.215019,0
1998-12-07,5.215019,5.215019,5.215019,5.215019,0
1998-12-08,5.234175,5.234175,5.234175,5.234175,0
1998-12-09,5.291642,5.291642,5.291642,5.291642,0
1998-12-10,5.291642,5.291642,5.291642,5.291642,0
1998-12-11,5.224596,5.224596,5.224596,5.224596,0
1998-12-14,5.195865,5.195865,5.195865,5.195865,0
1998-12-15,5.195865,5.195865,5.195865,5.195865,0
1998-12-16,5.234175,5.234175,5.234175,5.234175,0
1998-12-17,5.277275,5.277275,5.277275,5.277275,0
1998-12-18,5.301219,5.301219,5.301219,5.301219,0
1998-12-21,5.373054,5.373054,5.373054,5.373054,0
1998-12-22,5.344317,5.344317,5.344317,5.344317,0
1998-12-23,5.411361,5.411361,5.411361,5.411361,0
1998-12-24,5.387417,5.387417,5.387417,5.387417,0
1998-12-28,5.425728,5.425728,5.425728,5.425728,0
1998-12-29,5.464797,5.464797,5.464797,5.464797,0
1998-12-30,5.440379,5.440379,5.440379,5.440379,0
1998-12-31,5.464797,5.464797,5.464797,5.464797,0
1999-01-04,5.572237,5.572237,5.572237,5.572237,0
1999-01-05,5.611305,5.611305,5.611305,5.611305,0
1999-01-06,5.699211,5.699211,5.699211,5.699211,0
1999-01-07,5.66991,5.66991,5.66991,5.66991,0
1999-01-08,5.640608,5.640608,5.640608,5.640608,0
1999-01-11,5.59177,5.59177,5.59177,5.59177,0
1999-01-12,5.508748,5.508748,5.508748,5.508748,0
1999-01-13,5.362237,5.362237,5.362237,5.362237,0
1999-01-14,5.381773,5.381773,5.381773,5.381773,0
1999-01-15,5.415958,5.415958,5.415958,5.415958,0
1999-01-19,5.503866,5.503866,5.503866,5.503866,0
1999-01-20,5.557584,5.557584,5.557584,5.557584,0
1999-01-21,5.523401,5.523401,5.523401,5.523401,0
1999-01-22,5.396424,5.396424,5.396424,5.396424,0
1999-01-25,5.396424,5.396424,5.396424,5.396424,0
1999-01-26,5.415958,5.415958,5.415958,5.415958,0
1999-01-27,5.411076,5.411076,5.411076,5.411076,0
1999-01-28,5.411076,5.411076,5.411076,5.411076,0
1999-01-29,5.43061,5.43061,5.43061,5.43061,0
1999-02-01,5.484332,5.484332,5.484332,5.484332,0
1999-02-02,5.503866,5.503866,5.503866,5.503866,0
1999-02-03,5.440379,5.440379,5.440379,5.440379,0
1999-02-04,5.420845,5.420845,5.420845,5.420845,0
1999-02-05,5.381773,5.381773,5.381773,5.381773,0
1999-02-08,5.342706,5.342706,5.342706,5.342706,0
1999-02-09,5.269449,5.269449,5.269449,5.269449,0
1999-02-10,5.235265,5.235265,5.235265,5.235265,0
1999-02-11,5.288985,5.288985,5.288985,5.288985,0
1999-02-12,5.332939,5.332939,5.332939,5.332939,0
1999-02-16,5.318285,5.318285,5.318285,5.318285,0
1999-02-17,5.284103,5.284103,5.284103,5.284103,0
1999-02-18,5.274334,5.274334,5.274334,5.274334,0
1999-02-19,5.249915,5.249915,5.249915,5.249915,0
1999-02-22,5.288985,5.288985,5.288985,5.288985,0
1999-02-23,5.318285,5.318285,5.318285,5.318285,0
1999-02-24,5.352471,5.352471,5.352471,5.352471,0
1999-02-25,5.342706,5.342706,5.342706,5.342706,0
1999-02-26,5.313405,5.313405,5.313405,5.313405,0
1999-03-01,5.245033,5.245033,5.245033,5.245033,0
1999-03-02,5.230381,5.230381,5.230381,5.230381,0
1999-03-03,5.205963,5.205963,5.205963,5.205963,0
1999-03-04,5.196194,5.196194,5.196194,5.196194,0
1999-03-05,5.337821,5.337821,5.337821,5.337821,0
1999-03-08,5.342706,5.342706,5.342706,5.342706,0
1999-03-09,5.381773,5.381773,5.381773,5.381773,0
1999-03-10,5.450143,5.450143,5.450143,5.450143,0
1999-03-11,5.513633,5.513633,5.513633,5.513633,0
1999-03-12,5.528285,5.528285,5.528285,5.528285,0
1999-03-15,5.547818,5.547818,5.547818,5.547818,0
1999-03-16,5.577119,5.577119,5.577119,5.577119,0
1999-03-17,5.596655,5.596655,5.596655,5.596655,0
1999-03-18,5.547818,5.547818,5.547818,5.547818,0
1999-03-19,5.621073,5.621073,5.621073,5.621073,0
1999-03-22,5.582003,5.582003,5.582003,5.582003,0
1999-03-23,5.503866,5.503866,5.503866,5.503866,0
1999-03-24,5.450143,5.450143,5.450143,5.450143,0
1999-03-25,5.513633,5.513633,5.513633,5.513633,0
1999-03-26,5.459867,5.459867,5.459867,5.459867,0
1999-03-29,5.508745,5.508745,5.508745,5.508745,0
1999-03-30,5.513631,5.513631,5.513631,5.513631,0
1999-03-31,5.577176,5.577176,5.577176,5.577176,0
1999-04-01,5.606503,5.606503,5.606503,5.606503,0
1999-04-05,5.577176,5.577176,5.577176,5.577176,0
1999-04-06,5.665162,5.665162,5.665162,5.665162,0
1999-04-07,5.709151,5.709151,5.709151,5.709151,0
1999-04-08,5.753143,5.753143,5.753143,5.753143,0
1999-04-09,5.753143,5.753143,5.753143,5.753143,0
1999-04-12,5.748256,5.748256,5.748256,5.748256,0
1999-04-13,5.792249,5.792249,5.792249,5.792249,0
1999-04-14,5.821574,5.821574,5.821574,5.821574,0
1999-04-15,5.762918,5.762918,5.762918,5.762918,0
1999-04-16,5.78736,5.78736,5.78736,5.78736,0
1999-04-19,5.821574,5.821574,5.821574,5.821574,0
1999-04-20,5.723814,5.723814,5.723814,5.723814,0
1999-04-21,5.694488,5.694488,5.694488,5.694488,0
1999-04-22,5.748256,5.748256,5.748256,5.748256,0
1999-04-23,5.772693,5.772693,5.772693,5.772693,0
1999-04-26,5.806913,5.806913,5.806913,5.806913,0
1999-04-27,5.890008,5.890008,5.890008,5.890008,0
1999-04-28,5.88023,5.88023,5.88023,5.88023,0
1999-04-29,5.846017,5.846017,5.846017,5.846017,0
1999-04-30,5.860677,5.860677,5.860677,5.860677,0
1999-05-03,5.875344,5.875344,5.875344,5.875344,0
1999-05-04,5.885121,5.885121,5.885121,5.885121,0
1999-05-05,5.855792,5.855792,5.855792,5.855792,0
1999-05-06,5.929111,5.929111,5.929111,5.929111,0
1999-05-07,5.890008,5.890008,5.890008,5.890008,0
1999-05-10,5.904671,5.904671,5.904671,5.904671,0
1999-05-11,5.860677,5.860677,5.860677,5.860677,0
1999-05-12,5.831352,5.831352,5.831352,5.831352,0
1999-05-13,5.836239,5.836239,5.836239,5.836239,0
1999-05-14,5.772693,5.772693,5.772693,5.772693,0
1999-05-17,5.650498,5.650498,5.650498,5.650498,0
1999-05-18,5.689601,5.689601,5.689601,5.689601,0
1999-05-19,5.679824,5.679824,5.679824,5.679824,0
1999-05-20,5.709151,5.709151,5.709151,5.709151,0
1999-05-21,5.689601,5.689601,5.689601,5.689601,0
1999-05-24,5.674936,5.674936,5.674936,5.674936,0
1999-05-25,5.635831,5.635831,5.635831,5.635831,0
1999-05-26,5.606503,5.606503,5.606503,5.606503,0
1999-05-27,5.572288,5.572288,5.572288,5.572288,0
1999-05-28,5.567402,5.567402,5.567402,5.567402,0
1999-06-01,5.621169,5.621169,5.621169,5.621169,0
1999-06-02,5.621169,5.621169,5.621169,5.621169,0
1999-06-03,5.630945,5.630945,5.630945,5.630945,0
1999-06-04,5.645608,5.645608,5.645608,5.645608,0
1999-06-07,5.704264,5.704264,5.704264,5.704264,0
1999-06-08,5.767809,5.767809,5.767809,5.767809,0
1999-06-09,5.797136,5.797136,5.797136,5.797136,0
1999-06-10,5.802023,5.802023,5.802023,5.802023,0
1999-06-11,5.865567,5.865567,5.865567,5.865567,0
1999-06-14,5.802023,5.802023,5.802023,5.802023,0
1999-06-15,5.806913,5.806913,5.806913,5.806913,0
1999-06-16,5.821574,5.821574,5.821574,5.821574,0
1999-06-17,5.865567,5.865567,5.865567,5.865567,0
1999-06-18,5.894895,5.894895,5.894895,5.894895,0
1999-06-21,5.924222,5.924222,5.924222,5.924222,0
1999-06-22,5.919334,5.919334,5.919334,5.919334,0
1999-06-23,5.850904,5.850904,5.850904,5.850904,0
1999-06-24,5.821574,5.821574,5.821574,5.821574,0
1999-06-25,5.836239,5.836239,5.836239,5.836239,0
1999-06-28,5.836239,5.836239,5.836239,5.836239,0
1999-06-29,5.836239,5.836239,5.836239,5.836239,0
1999-06-30,5.811798,5.811798,5.811798,5.811798,0
1999-07-01,5.909558,5.909558,5.909558,5.909558,0
1999-07-02,5.943775,5.943775,5.943775,5.943775,0
1999-07-06,6.007318,6.007318,6.007318,6.007318,0
1999-07-07,5.963326,5.963326,5.963326,5.963326,0
1999-07-08,5.929111,5.929111,5.929111,5.929111,0
1999-07-09,5.933996,5.933996,5.933996,5.933996,0
1999-07-12,5.933996,5.933996,5.933996,5.933996,0
1999-07-13,5.899782,5.899782,5.899782,5.899782,0
1999-07-14,5.938885,5.938885,5.938885,5.938885,0
1999-07-15,6.017094,6.017094,6.017094,6.017094,0
1999-07-16,5.982877,5.982877,5.982877,5.982877,0
1999-07-19,6.026871,6.026871,6.026871,6.026871,0
1999-07-20,5.987765,5.987765,5.987765,5.987765,0
1999-07-21,5.963326,5.963326,5.963326,5.963326,0
1999-07-22,5.899782,5.899782,5.899782,5.899782,0
1999-07-23,5.826465,5.826465,5.826465,5.826465,0
1999-07-26,5.831352,5.831352,5.831352,5.831352,0
1999-07-27,5.846017,5.846017,5.846017,5.846017,0
1999-07-28,5.885121,5.885121,5.885121,5.885121,0
1999-07-29,5.865567,5.865567,5.865567,5.865567,0
1999-07-30,5.943775,5.943775,5.943775,5.943775,0
1999-08-02,5.914445,5.914445,5.914445,5.914445,0
1999-08-03,5.919334,5.919334,5.919334,5.919334,0
1999-08-04,5.924222,5.924222,5.924222,5.924222,0
1999-08-05,5.826465,5.826465,5.826465,5.826465,0
1999-08-06,5.802023,5.802023,5.802023,5.802023,0
1999-08-09,5.797136,5.797136,5.797136,5.797136,0
1999-08-10,5.743368,5.743368,5.743368,5.743368,0
1999-08-11,5.728704,5.728704,5.728704,5.728704,0
1999-08-12,5.826465,5.826465,5.826465,5.826465,0
1999-08-13,5.855792,5.855792,5.855792,5.855792,0
1999-08-16,5.914445,5.914445,5.914445,5.914445,0
1999-08-17,5.899782,5.899782,5.899782,5.899782,0
1999-08-18,5.938885,5.938885,5.938885,5.938885,0
1999-08-19,5.938885,5.938885,5.938885,5.938885,0
1999-08-20,6.017094,6.017094,6.017094,6.017094,0
1999-08-23,6.070861,6.070861,6.070861,6.070861,0
1999-08-24,6.041533,6.041533,6.041533,6.041533,0
1999-08-25,6.051307,6.051307,6.051307,6.051307,0
1999-08-26,6.021981,6.021981,6.021981,6.021981,0
1999-08-27,6.017094,6.017094,6.017094,6.017094,0
1999-08-30,6.036645,6.036645,6.036645,6.036645,0
1999-08-31,5.963326,5.963326,5.963326,5.963326,0
1999-09-01,6.056198,6.056198,6.056198,6.056198,0
1999-09-02,6.036645,6.036645,6.036645,6.036645,0
1999-09-03,6.065972,6.065972,6.065972,6.065972,0
1999-09-07,6.07575,6.07575,6.07575,6.07575,0
1999-09-08,6.065972,6.065972,6.065972,6.065972,0
1999-09-09,6.139295,6.139295,6.139295,6.139295,0
1999-09-10,6.090413,6.090413,6.090413,6.090413,0
1999-09-13,6.119739,6.119739,6.119739,6.119739,0
1999-09-14,6.105078,6.105078,6.105078,6.105078,0
1999-09-15,6.085525,6.085525,6.085525,6.085525,0
1999-09-16,6.021981,6.021981,6.021981,6.021981,0
1999-09-17,6.012205,6.012205,6.012205,6.012205,0
1999-09-20,6.051307,6.051307,6.051307,6.051307,0
1999-09-21,6.061085,6.061085,6.061085,6.061085,0
1999-09-22,6.002429,6.002429,6.002429,6.002429,0
1999-09-23,6.002429,6.002429,6.002429,6.002429,0
1999-09-24,5.914445,5.914445,5.914445,5.914445,0
1999-09-27,5.929111,5.929111,5.929111,5.929111,0
1999-09-28,5.948659,5.948659,5.948659,5.948659,0
1999-09-29,5.948659,5.948659,5.948659,5.948659,0
1999-09-30,6.012205,6.012205,6.012205,6.012205,0
1999-10-01,6.031757,6.031757,6.031757,6.031757,0
1999-10-04,6.061085,6.061085,6.061085,6.061085,0
1999-10-05,6.07575,6.07575,6.07575,6.07575,0
1999-10-06,6.100187,6.100187,6.100187,6.100187,0
1999-10-07,6.158845,6.158845,6.158845,6.158845,0
1999-10-08,6.144181,6.144181,6.144181,6.144181,0
1999-10-11,6.168622,6.168622,6.168622,6.168622,0
1999-10-12,6.163732,6.163732,6.163732,6.163732,0
1999-10-13,6.085525,6.085525,6.085525,6.085525,0
1999-10-14,6.080634,6.080634,6.080634,6.080634,0
1999-10-15,6.026871,6.026871,6.026871,6.026871,0
1999-10-18,5.933996,5.933996,5.933996,5.933996,0
1999-10-19,5.99754,5.99754,5.99754,5.99754,0
1999-10-20,6.041533,6.041533,6.041533,6.041533,0
1999-10-21,6.031757,6.031757,6.031757,6.031757,0
1999-10-22,6.085525,6.085525,6.085525,6.085525,0
1999-10-25,6.080634,6.080634,6.080634,6.080634,0
1999-10-26,6.100187,6.100187,6.100187,6.100187,0
1999-10-27,6.056198,6.056198,6.056198,6.056198,0
1999-10-28,6.109965,6.109965,6.109965,6.109965,0
1999-10-29,6.237052,6.237052,6.237052,6.237052,0
1999-11-01,6.232162,6.232162,6.232162,6.232162,0
1999-11-02,6.24194,6.24194,6.24194,6.24194,0
1999-11-03,6.256602,6.256602,6.256602,6.256602,0
1999-11-04,6.290819,6.290819,6.290819,6.290819,0
1999-11-05,6.290819,6.290819,6.290819,6.290819,0
1999-11-08,6.276158,6.276158,6.276158,6.276158,0
1999-11-09,6.315259,6.315259,6.315259,6.315259,0
1999-11-10,6.378803,6.378803,6.378803,6.378803,0
1999-11-11,6.408132,6.408132,6.408132,6.408132,0
1999-11-12,6.38858,6.38858,6.38858,6.38858,0
1999-11-15,6.427683,6.427683,6.427683,6.427683,0
1999-11-16,6.432572,6.432572,6.432572,6.432572,0
1999-11-17,6.476562,6.476562,6.476562,6.476562,0
1999-11-18,6.505892,6.505892,6.505892,6.505892,0
1999-11-19,6.510779,6.510779,6.510779,6.510779,0
1999-11-22,6.505892,6.505892,6.505892,6.505892,0
1999-11-23,6.525444,6.525444,6.525444,6.525444,0
1999-11-24,6.476562,6.476562,6.476562,6.476562,0
1999-11-26,6.588985,6.588985,6.588985,6.588985,0
1999-11-29,6.584096,6.584096,6.584096,6.584096,0
1999-11-30,6.491226,6.491226,6.491226,6.491226,0
1999-12-01,6.525444,6.525444,6.525444,6.525444,0
1999-12-02,6.530332,6.530332,6.530332,6.530332,0
1999-12-03,6.613427,6.613427,6.613427,6.613427,0
1999-12-06,6.691637,6.691637,6.691637,6.691637,0
1999-12-07,6.720962,6.720962,6.720962,6.720962,0
1999-12-08,6.706297,6.706297,6.706297,6.706297,0
1999-12-09,6.716075,6.716075,6.716075,6.716075,0
1999-12-10,6.720962,6.720962,6.720962,6.720962,0
1999-12-13,6.711183,6.711183,6.711183,6.711183,0
1999-12-14,6.676969,6.676969,6.676969,6.676969,0
1999-12-15,6.632979,6.632979,6.632979,6.632979,0
1999-12-16,6.701409,6.701409,6.701409,6.701409,0
1999-12-17,6.735626,6.735626,6.735626,6.735626,0
1999-12-20,6.774729,6.774729,6.774729,6.774729,0
1999-12-21,6.764951,6.764951,6.764951,6.764951,0
1999-12-22,6.843163,6.843163,6.843163,6.843163,0
1999-12-23,6.937445,6.937445,6.937445,6.937445,0
1999-12-27,6.967223,6.967223,6.967223,6.967223,0
1999-12-28,7.001958,7.001958,7.001958,7.001958,0
1999-12-29,7.031732,7.031732,7.031732,7.031732,0
1999-12-30,7.101207,7.101207,7.101207,7.101207,0
1999-12-31,7.101207,7.101207,7.101207,7.101207,0
2000-01-03,7.160755,7.160755,7.160755,7.160755,0
2000-01-04,7.011884,7.011884,7.011884,7.011884,0
2000-01-05,6.813384,6.813384,6.813384,6.813384,0
2000-01-06,6.714138,6.714138,6.714138,6.714138,0
2000-01-07,6.823309,6.823309,6.823309,6.823309,0
2000-01-10,6.917598,6.917598,6.917598,6.917598,0
2000-01-11,6.887825,6.887825,6.887825,6.887825,0
2000-01-12,6.877898,6.877898,6.877898,6.877898,0
2000-01-13,6.917598,6.917598,6.917598,6.917598,0
2000-01-14,6.982109,6.982109,6.982109,6.982109,0
2000-01-18,6.932487,6.932487,6.932487,6.932487,0
2000-01-19,6.858049,6.858049,6.858049,6.858049,0
2000-01-20,6.858049,6.858049,6.858049,6.858049,0
2000-01-21,6.828273,6.828273,6.828273,6.828273,0
2000-01-24,6.818349,6.818349,6.818349,6.818349,0
2000-01-25,6.729026,6.729026,6.729026,6.729026,0
2000-01-26,6.783609,6.783609,6.783609,6.783609,0
2000-01-27,6.818349,6.818349,6.818349,6.818349,0
2000-01-28,6.773685,6.773685,6.773685,6.773685,0
2000-01-31,6.65955,6.65955,6.65955,6.65955,0
2000-02-01,6.684363,6.684363,6.684363,6.684363,0
2000-02-02,6.753836,6.753836,6.753836,6.753836,0
2000-02-03,6.907671,6.907671,6.907671,6.907671,0
2000-02-04,6.92752,6.92752,6.92752,6.92752,0
2000-02-07,6.88286,6.88286,6.88286,6.88286,0
2000-02-08,6.977148,6.977148,6.977148,6.977148,0
2000-02-09,7.016846,7.016846,7.016846,7.016846,0
2000-02-10,6.992033,6.992033,6.992033,6.992033,0
2000-02-11,6.982109,6.982109,6.982109,6.982109,0
2000-02-14,6.907671,6.907671,6.907671,6.907671,0
2000-02-15,6.80346,6.80346,6.80346,6.80346,0
2000-02-16,6.853086,6.853086,6.853086,6.853086,0
2000-02-17,6.912633,6.912633,6.912633,6.912633,0
2000-02-18,6.867973,6.867973,6.867973,6.867973,0
2000-02-22,6.813384,6.813384,6.813384,6.813384,0
2000-02-23,6.88286,6.88286,6.88286,6.88286,0
2000-02-24,6.88286,6.88286,6.88286,6.88286,0
2000-02-25,6.917598,6.917598,6.917598,6.917598,0
2000-02-28,6.823309,6.823309,6.823309,6.823309,0
2000-02-29,6.848122,6.848122,6.848122,6.848122,0
2000-03-01,6.967223,6.967223,6.967223,6.967223,0
2000-03-02,7.051583,7.051583,7.051583,7.051583,0
2000-03-03,7.061507,7.061507,7.061507,7.061507,0
2000-03-06,7.071432,7.071432,7.071432,7.071432,0
2000-03-07,7.061507,7.061507,7.061507,7.061507,0
2000-03-08,7.001958,7.001958,7.001958,7.001958,0
2000-03-09,7.061507,7.061507,7.061507,7.061507,0
2000-03-10,7.081357,7.081357,7.081357,7.081357,0
2000-03-13,6.922559,6.922559,6.922559,6.922559,0
2000-03-14,6.907671,6.907671,6.907671,6.907671,0
2000-03-15,6.828273,6.828273,6.828273,6.828273,0
2000-03-16,6.947374,6.947374,6.947374,6.947374,0
2000-03-17,6.987072,6.987072,6.987072,6.987072,0
2000-03-20,7.026772,7.026772,7.026772,7.026772,0
2000-03-21,7.036697,7.036697,7.036697,7.036697,0
2000-03-22,6.992033,6.992033,6.992033,6.992033,0
2000-03-23,7.016846,7.016846,7.016846,7.016846,0
2000-03-24,7.126325,7.126325,7.126325,7.126325,0
2000-03-27,7.146232,7.146232,7.146232,7.146232,0
2000-03-28,7.181069,7.181069,7.181069,7.181069,0
2000-03-29,7.156189,7.156189,7.156189,7.156189,0
2000-03-30,7.016843,7.016843,7.016843,7.016843,0
2000-03-31,7.086516,7.086516,7.086516,7.086516,0
2000-04-03,6.99694,6.99694,6.99694,6.99694,0
2000-04-04,6.982008,6.982008,6.982008,6.982008,0
2000-04-05,6.912338,6.912338,6.912338,6.912338,0
2000-04-06,6.967083,6.967083,6.967083,6.967083,0
2000-04-07,7.021821,7.021821,7.021821,7.021821,0
2000-04-10,7.031777,7.031777,7.031777,7.031777,0
2000-04-11,6.942198,6.942198,6.942198,6.942198,0
2000-04-12,6.937223,6.937223,6.937223,6.937223,0
2000-04-13,6.877506,6.877506,6.877506,6.877506,0
2000-04-14,6.703327,6.703327,6.703327,6.703327,0
2000-04-17,6.544079,6.544079,6.544079,6.544079,0
2000-04-18,6.633653,6.633653,6.633653,6.633653,0
2000-04-19,6.663515,6.663515,6.663515,6.663515,0
2000-04-20,6.693373,6.693373,6.693373,6.693373,0
2000-04-24,6.723233,6.723233,6.723233,6.723233,0
2000-04-25,6.728208,6.728208,6.728208,6.728208,0
2000-04-26,6.738161,6.738161,6.738161,6.738161,0
2000-04-27,6.643607,6.643607,6.643607,6.643607,0
2000-04-28,6.703327,6.703327,6.703327,6.703327,0
2000-05-01,6.723233,6.723233,6.723233,6.723233,0
2000-05-02,6.807829,6.807829,6.807829,6.807829,0
2000-05-03,6.663515,6.663515,6.663515,6.663515,0
2000-05-04,6.658536,6.658536,6.658536,6.658536,0
2000-05-05,6.668491,6.668491,6.668491,6.668491,0
2000-05-08,6.613749,6.613749,6.613749,6.613749,0
2000-05-09,6.549057,6.549057,6.549057,6.549057,0
2000-05-10,6.494312,6.494312,6.494312,6.494312,0
2000-05-11,6.484364,6.484364,6.484364,6.484364,0
2000-05-12,6.623703,6.623703,6.623703,6.623703,0
2000-05-15,6.578915,6.578915,6.578915,6.578915,0
2000-05-16,6.633653,6.633653,6.633653,6.633653,0
2000-05-17,6.494312,6.494312,6.494312,6.494312,0
2000-05-18,6.489339,6.489339,6.489339,6.489339,0
2000-05-19,6.364926,6.364926,6.364926,6.364926,0
2000-05-22,6.270373,6.270373,6.270373,6.270373,0
2000-05-23,6.320138,6.320138,6.320138,6.320138,0
2000-05-24,6.260421,6.260421,6.260421,6.260421,0
2000-05-25,6.349996,6.349996,6.349996,6.349996,0
2000-05-26,6.379859,6.379859,6.379859,6.379859,0
2000-05-30,6.578915,6.578915,6.578915,6.578915,0
2000-05-31,6.524172,6.524172,6.524172,6.524172,0
2000-06-01,6.618726,6.618726,6.618726,6.618726,0
2000-06-02,6.872527,6.872527,6.872527,6.872527,0
2000-06-05,6.857599,6.857599,6.857599,6.857599,0
2000-06-06,6.907365,6.907365,6.907365,6.907365,0
2000-06-07,6.86755,6.86755,6.86755,6.86755,0
2000-06-08,6.842666,6.842666,6.842666,6.842666,0
2000-06-09,6.827737,6.827737,6.827737,6.827737,0
2000-06-12,6.847644,6.847644,6.847644,6.847644,0
2000-06-13,6.847644,6.847644,6.847644,6.847644,0
2000-06-14,6.86755,6.86755,6.86755,6.86755,0
2000-06-15,6.772995,6.772995,6.772995,6.772995,0
2000-06-16,6.792902,6.792902,6.792902,6.792902,0
2000-06-19,6.812807,6.812807,6.812807,6.812807,0
2000-06-20,6.86755,6.86755,6.86755,6.86755,0
2000-06-21,6.82276,6.82276,6.82276,6.82276,0
2000-06-22,6.782949,6.782949,6.782949,6.782949,0
2000-06-23,6.733186,6.733186,6.733186,6.733186,0
2000-06-26,6.708306,6.708306,6.708306,6.708306,0
2000-06-27,6.748115,6.748115,6.748115,6.748115,0
2000-06-28,6.787926,6.787926,6.787926,6.787926,0
2000-06-29,6.738161,6.738161,6.738161,6.738161,0
2000-06-30,6.802854,6.802854,6.802854,6.802854,0
2000-07-03,6.862575,6.862575,6.862575,6.862575,0
2000-07-05,6.837691,6.837691,6.837691,6.837691,0
2000-07-06,6.82276,6.82276,6.82276,6.82276,0
2000-07-07,6.872527,6.872527,6.872527,6.872527,0
2000-07-10,6.912338,6.912338,6.912338,6.912338,0
2000-07-11,6.88248,6.88248,6.88248,6.88248,0
2000-07-12,6.872527,6.872527,6.872527,6.872527,0
2000-07-13,6.817784,6.817784,6.817784,6.817784,0
2000-07-14,6.842666,6.842666,6.842666,6.842666,0
2000-07-17,6.852621,6.852621,6.852621,6.852621,0
2000-07-18,6.763044,6.763044,6.763044,6.763044,0
2000-07-19,6.713279,6.713279,6.713279,6.713279,0
2000-07-20,6.743136,6.743136,6.743136,6.743136,0
2000-07-21,6.693373,6.693373,6.693373,6.693373,0
2000-07-24,6.668491,6.668491,6.668491,6.668491,0
2000-07-25,6.678442,6.678442,6.678442,6.678442,0
2000-07-26,6.68342,6.68342,6.68342,6.68342,0
2000-07-27,6.573936,6.573936,6.573936,6.573936,0
2000-07-28,6.459477,6.459477,6.459477,6.459477,0
2000-07-31,6.49929,6.49929,6.49929,6.49929,0
2000-08-01,6.49929,6.49929,6.49929,6.49929,0
2000-08-02,6.494312,6.494312,6.494312,6.494312,0
2000-08-03,6.399759,6.399759,6.399759,6.399759,0
2000-08-04,6.439574,6.439574,6.439574,6.439574,0
2000-08-07,6.489339,6.489339,6.489339,6.489339,0
2000-08-08,6.449528,6.449528,6.449528,6.449528,0
2000-08-09,6.504268,6.504268,6.504268,6.504268,0
2000-08-10,6.539104,6.539104,6.539104,6.539104,0
2000-08-11,6.539104,6.539104,6.539104,6.539104,0
2000-08-14,6.56896,6.56896,6.56896,6.56896,0
2000-08-15,6.613749,6.613749,6.613749,6.613749,0
2000-08-16,6.638632,6.638632,6.638632,6.638632,0
2000-08-17,6.613749,6.613749,6.613749,6.613749,0
2000-08-18,6.588868,6.588868,6.588868,6.588868,0
2000-08-21,6.554032,6.554032,6.554032,6.554032,0
2000-08-22,6.563987,6.563987,6.563987,6.563987,0
2000-08-23,6.563987,6.563987,6.563987,6.563987,0
2000-08-24,6.588868,6.588868,6.588868,6.588868,0
2000-08-25,6.633653,6.633653,6.633653,6.633653,0
2000-08-28,6.643607,6.643607,6.643607,6.643607,0
2000-08-29,6.618726,6.618726,6.618726,6.618726,0
2000-08-30,6.573936,6.573936,6.573936,6.573936,0
2000-08-31,6.563987,6.563987,6.563987,6.563987,0
2000-09-01,6.703327,6.703327,6.703327,6.703327,0
2000-09-05,6.623703,6.623703,6.623703,6.623703,0
2000-09-06,6.549057,6.549057,6.549057,6.549057,0
2000-09-07,6.524172,6.524172,6.524172,6.524172,0
2000-09-08,6.449528,6.449528,6.449528,6.449528,0
2000-09-11,6.384831,6.384831,6.384831,6.384831,0
2000-09-12,6.330091,6.330091,6.330091,6.330091,0
2000-09-13,6.320138,6.320138,6.320138,6.320138,0
2000-09-14,6.335069,6.335069,6.335069,6.335069,0
2000-09-15,6.295256,6.295256,6.295256,6.295256,0
2000-09-18,6.200701,6.200701,6.200701,6.200701,0
2000-09-19,6.205678,6.205678,6.205678,6.205678,0
2000-09-20,6.175821,6.175821,6.175821,6.175821,0
2000-09-21,6.126055,6.126055,6.126055,6.126055,0
2000-09-22,6.175821,6.175821,6.175821,6.175821,0
2000-09-25,6.220608,6.220608,6.220608,6.220608,0
2000-09-26,6.205678,6.205678,6.205678,6.205678,0
2000-09-27,6.200701,6.200701,6.200701,6.200701,0
2000-09-28,6.205678,6.205678,6.205678,6.205678,0
2000-09-29,6.235537,6.235537,6.235537,6.235537,0
2000-10-02,6.260421,6.260421,6.260421,6.260421,0
2000-10-03,6.270373,6.270373,6.270373,6.270373,0
2000-10-04,6.230561,6.230561,6.230561,6.230561,0
2000-10-05,6.240514,6.240514,6.240514,6.240514,0
2000-10-06,6.205678,6.205678,6.205678,6.205678,0
2000-10-09,6.111127,6.111127,6.111127,6.111127,0
2000-10-10,6.101172,6.101172,6.101172,6.101172,0
2000-10-11,6.00662,6.00662,6.00662,6.00662,0
2000-10-12,5.956856,5.956856,5.956856,5.956856,0
2000-10-13,5.961833,5.961833,5.961833,5.961833,0
2000-10-16,5.951879,5.951879,5.951879,5.951879,0
2000-10-17,5.887183,5.887183,5.887183,5.887183,0
2000-10-18,5.807559,5.807559,5.807559,5.807559,0
2000-10-19,5.902114,5.902114,5.902114,5.902114,0
2000-10-20,5.926995,5.926995,5.926995,5.926995,0
2000-10-23,5.926995,5.926995,5.926995,5.926995,0
2000-10-24,6.016571,6.016571,6.016571,6.016571,0
2000-10-25,5.926995,5.926995,5.926995,5.926995,0
2000-10-26,5.897137,5.897137,5.897137,5.897137,0
2000-10-27,5.99169,5.99169,5.99169,5.99169,0
2000-10-30,5.996665,5.996665,5.996665,5.996665,0
2000-10-31,6.046431,6.046431,6.046431,6.046431,0
2000-11-01,6.145958,6.145958,6.145958,6.145958,0
2000-11-02,6.15591,6.15591,6.15591,6.15591,0
2000-11-03,6.185773,6.185773,6.185773,6.185773,0
2000-11-06,6.205678,6.205678,6.205678,6.205678,0
2000-11-07,6.195723,6.195723,6.195723,6.195723,0
2000-11-08,6.15591,6.15591,6.15591,6.15591,0
2000-11-09,6.101172,6.101172,6.101172,6.101172,0
2000-11-10,6.056382,6.056382,6.056382,6.056382,0
2000-11-13,5.951879,5.951879,5.951879,5.951879,0
2000-11-14,6.056382,6.056382,6.056382,6.056382,0
2000-11-15,6.061359,6.061359,6.061359,6.061359,0
2000-11-16,5.986713,5.986713,5.986713,5.986713,0
2000-11-17,5.961833,5.961833,5.961833,5.961833,0
2000-11-20,5.867277,5.867277,5.867277,5.867277,0
2000-11-21,5.847373,5.847373,5.847373,5.847373,0
2000-11-22,5.737887,5.737887,5.737887,5.737887,0
2000-11-24,5.787657,5.787657,5.787657,5.787657,0
2000-11-27,5.882208,5.882208,5.882208,5.882208,0
2000-11-28,5.842395,5.842395,5.842395,5.842395,0
2000-11-29,5.812536,5.812536,5.812536,5.812536,0
2000-11-30,5.777703,5.777703,5.777703,5.777703,0
2000-12-01,5.852346,5.852346,5.852346,5.852346,0
2000-12-04,5.867277,5.867277,5.867277,5.867277,0
2000-12-05,5.981736,5.981736,5.981736,5.981736,0
2000-12-06,5.966806,5.966806,5.966806,5.966806,0
2000-12-07,5.946903,5.946903,5.946903,5.946903,0
2000-12-08,5.961833,5.961833,5.961833,5.961833,0
2000-12-11,6.036478,6.036478,6.036478,6.036478,0
2000-12-12,6.016571,6.016571,6.016571,6.016571,0
2000-12-13,5.99169,5.99169,5.99169,5.99169,0
2000-12-14,5.961833,5.961833,5.961833,5.961833,0
2000-12-15,5.897137,5.897137,5.897137,5.897137,0
2000-12-18,5.912067,5.912067,5.912067,5.912067,0
2000-12-19,5.907089,5.907089,5.907089,5.907089,0
2000-12-20,5.822489,5.822489,5.822489,5.822489,0
2000-12-21,5.782676,5.782676,5.782676,5.782676,0
2000-12-22,5.832443,5.832443,5.832443,5.832443,0
2000-12-26,5.87723,5.87723,5.87723,5.87723,0
2000-12-27,5.938031,5.938031,5.938031,5.938031,0
2000-12-28,5.938031,5.938031,5.938031,5.938031,0
2000-12-29,5.993762,5.993762,5.993762,5.993762,0
2001-01-02,5.968427,5.968427,5.968427,5.968427,0
2001-01-03,5.907629,5.907629,5.907629,5.907629,0
2001-01-04,6.019095,6.019095,6.019095,6.019095,0
2001-01-05,6.029227,6.029227,6.029227,6.029227,0
2001-01-08,6.003895,6.003895,6.003895,6.003895,0
2001-01-09,5.917764,5.917764,5.917764,5.917764,0
2001-01-10,5.872166,5.872166,5.872166,5.872166,0
2001-01-11,5.917764,5.917764,5.917764,5.917764,0
2001-01-12,5.948162,5.948162,5.948162,5.948162,0
2001-01-16,5.907629,5.907629,5.907629,5.907629,0
2001-01-17,5.95323,5.95323,5.95323,5.95323,0
2001-01-18,6.029227,6.029227,6.029227,6.029227,0
2001-01-19,6.014028,6.014028,6.014028,6.014028,0
2001-01-22,6.019095,6.019095,6.019095,6.019095,0
2001-01-23,6.02416,6.02416,6.02416,6.02416,0
2001-01-24,5.978563,5.978563,5.978563,5.978563,0
2001-01-25,5.988696,5.988696,5.988696,5.988696,0
2001-01-26,5.978563,5.978563,5.978563,5.978563,0
2001-01-29,5.983628,5.983628,5.983628,5.983628,0
2001-01-30,6.008963,6.008963,6.008963,6.008963,0
2001-01-31,6.059628,6.059628,6.059628,6.059628,0
2001-02-01,6.074825,6.074825,6.074825,6.074825,0
2001-02-02,6.003895,6.003895,6.003895,6.003895,0
2001-02-05,5.988696,5.988696,5.988696,5.988696,0
2001-02-06,5.978563,5.978563,5.978563,5.978563,0
2001-02-07,5.917764,5.917764,5.917764,5.917764,0
2001-02-08,5.856963,5.856963,5.856963,5.856963,0
2001-02-09,5.826567,5.826567,5.826567,5.826567,0
2001-02-12,5.882299,5.882299,5.882299,5.882299,0
2001-02-13,5.851896,5.851896,5.851896,5.851896,0
2001-02-14,5.806301,5.806301,5.806301,5.806301,0
2001-02-15,5.801229,5.801229,5.801229,5.801229,0
2001-02-16,5.755631,5.755631,5.755631,5.755631,0
2001-02-20,5.689766,5.689766,5.689766,5.689766,0
2001-02-21,5.628969,5.628969,5.628969,5.628969,0
2001-02-22,5.5935,5.5935,5.5935,5.5935,0
2001-02-23,5.578303,5.578303,5.578303,5.578303,0
2001-02-26,5.598568,5.598568,5.598568,5.598568,0
2001-02-27,5.628969,5.628969,5.628969,5.628969,0
2001-02-28,5.598568,5.598568,5.598568,5.598568,0
2001-03-01,5.5935,5.5935,5.5935,5.5935,0
2001-03-02,5.573237,5.573237,5.573237,5.573237,0
2001-03-05,5.588436,5.588436,5.588436,5.588436,0
2001-03-06,5.664436,5.664436,5.664436,5.664436,0
2001-03-07,5.659367,5.659367,5.659367,5.659367,0
2001-03-08,5.664436,5.664436,5.664436,5.664436,0
2001-03-09,5.613768,5.613768,5.613768,5.613768,0
2001-03-12,5.431371,5.431371,5.431371,5.431371,0
2001-03-13,5.350306,5.350306,5.350306,5.350306,0
2001-03-14,5.208441,5.208441,5.208441,5.208441,0
2001-03-15,5.299642,5.299642,5.299642,5.299642,0
2001-03-16,5.172974,5.172974,5.172974,5.172974,0
2001-03-19,5.162843,5.162843,5.162843,5.162843,0
2001-03-20,5.188175,5.188175,5.188175,5.188175,0
2001-03-21,5.172974,5.172974,5.172974,5.172974,0
2001-03-22,4.970314,4.970314,4.970314,4.970314,0
2001-03-23,5.112175,5.112175,5.112175,5.112175,0
2001-03-26,5.279372,5.279372,5.279372,5.279372,0
2001-03-27,5.375638,5.375638,5.375638,5.375638,0
2001-03-28,5.248975,5.248975,5.248975,5.248975,0
2001-03-29,5.203376,5.203376,5.203376,5.203376,0
2001-03-30,5.198309,5.198309,5.198309,5.198309,0
2001-04-02,5.147644,5.147644,5.147644,5.147644,0
2001-04-03,5.096977,5.096977,5.096977,5.096977,0
2001-04-04,5.162843,5.162843,5.162843,5.162843,0
2001-04-05,5.36044,5.36044,5.36044,5.36044,0
2001-04-06,5.264174,5.264174,5.264174,5.264174,0
2001-04-09,5.264174,5.264174,5.264174,5.264174,0
2001-04-10,5.335107,5.335107,5.335107,5.335107,0
2001-04-11,5.330039,5.330039,5.330039,5.330039,0
2001-04-12,5.385771,5.385771,5.385771,5.385771,0
2001-04-16,5.330039,5.330039,5.330039,5.330039,0
2001-04-17,5.309773,5.309773,5.309773,5.309773,0
2001-04-18,5.512436,5.512436,5.512436,5.512436,0
2001-04-19,5.517501,5.517501,5.517501,5.517501,0
2001-04-20,5.497234,5.497234,5.497234,5.497234,0
2001-04-23,5.451639,5.451639,5.451639,5.451639,0
2001-04-24,5.451639,5.451639,5.451639,5.451639,0
2001-04-25,5.471904,5.471904,5.471904,5.471904,0
2001-04-26,5.527637,5.527637,5.527637,5.527637,0
2001-04-27,5.568167,5.568167,5.568167,5.568167,0
2001-04-30,5.608702,5.608702,5.608702,5.608702,0
2001-05-01,5.6391,5.6391,5.6391,5.6391,0
2001-05-02,5.6391,5.6391,5.6391,5.6391,0
2001-05-03,5.563099,5.563099,5.563099,5.563099,0
2001-05-04,5.618835,5.618835,5.618835,5.618835,0
2001-05-07,5.634035,5.634035,5.634035,5.634035,0
2001-05-08,5.573237,5.573237,5.573237,5.573237,0
2001-05-09,5.532705,5.532705,5.532705,5.532705,0
2001-05-10,5.583369,5.583369,5.583369,5.583369,0
2001-05-11,5.537769,5.537769,5.537769,5.537769,0
2001-05-14,5.441505,5.441505,5.441505,5.441505,0
2001-05-15,5.502303,5.502303,5.502303,5.502303,0
2001-05-16,5.537769,5.537769,5.537769,5.537769,0
2001-05-17,5.578303,5.578303,5.578303,5.578303,0
2001-05-18,5.578303,5.578303,5.578303,5.578303,0
2001-05-21,5.623901,5.623901,5.623901,5.623901,0
2001-05-22,5.618835,5.618835,5.618835,5.618835,0
2001-05-23,5.583369,5.583369,5.583369,5.583369,0
2001-05-24,5.568167,5.568167,5.568167,5.568167,0
2001-05-25,5.532705,5.532705,5.532705,5.532705,0
2001-05-29,5.487103,5.487103,5.487103,5.487103,0
2001-05-30,5.436438,5.436438,5.436438,5.436438,0
2001-05-31,5.411106,5.411106,5.411106,5.411106,0
2001-06-01,5.395906,5.395906,5.395906,5.395906,0
2001-06-04,5.411106,5.411106,5.411106,5.411106,0
2001-06-05,5.441505,5.441505,5.441505,5.441505,0
2001-06-06,5.411106,5.411106,5.411106,5.411106,0
2001-06-07,5.426303,5.426303,5.426303,5.426303,0
2001-06-08,5.41617,5.41617,5.41617,5.41617,0
2001-06-11,5.335107,5.335107,5.335107,5.335107,0
2001-06-12,5.264174,5.264174,5.264174,5.264174,0
2001-06-13,5.299642,5.299642,5.299642,5.299642,0
2001-06-14,5.28444,5.28444,5.28444,5.28444,0
2001-06-15,5.254039,5.254039,5.254039,5.254039,0
2001-06-18,5.198309,5.198309,5.198309,5.198309,0
2001-06-19,5.193243,5.193243,5.193243,5.193243,0
2001-06-20,5.157776,5.157776,5.157776,5.157776,0
2001-06-21,5.188175,5.188175,5.188175,5.188175,0
2001-06-22,5.213507,5.213507,5.213507,5.213507,0
2001-06-25,5.223641,5.223641,5.223641,5.223641,0
2001-06-26,5.178042,5.178042,5.178042,5.178042,0
2001-06-27,5.162843,5.162843,5.162843,5.162843,0
2001-06-28,5.172974,5.172974,5.172974,5.172974,0
2001-06-29,5.203376,5.203376,5.203376,5.203376,0
2001-07-02,5.243907,5.243907,5.243907,5.243907,0
2001-07-03,5.203376,5.203376,5.203376,5.203376,0
2001-07-05,5.086844,5.086844,5.086844,5.086844,0
2001-07-06,5.005778,5.005778,5.005778,5.005778,0
2001-07-09,5.010845,5.010845,5.010845,5.010845,0
2001-07-10,5.020978,5.020978,5.020978,5.020978,0
2001-07-11,4.980445,4.980445,4.980445,4.980445,0
2001-07-12,5.015913,5.015913,5.015913,5.015913,0
2001-07-13,5.020978,5.020978,5.020978,5.020978,0
2001-07-16,5.036178,5.036178,5.036178,5.036178,0
2001-07-17,4.955114,4.955114,4.955114,4.955114,0
2001-07-18,4.965246,4.965246,4.965246,4.965246,0
2001-07-19,5.015913,5.015913,5.015913,5.015913,0
2001-07-20,5.000711,5.000711,5.000711,5.000711,0
2001-07-23,4.965246,4.965246,4.965246,4.965246,0
2001-07-24,4.950045,4.950045,4.950045,4.950045,0
2001-07-25,4.934846,4.934846,4.934846,4.934846,0
2001-07-26,4.955114,4.955114,4.955114,4.955114,0
2001-07-27,4.995645,4.995645,4.995645,4.995645,0
2001-07-30,5.020978,5.020978,5.020978,5.020978,0
2001-07-31,5.076712,5.076712,5.076712,5.076712,0
2001-08-01,5.122311,5.122311,5.122311,5.122311,0
2001-08-02,5.178042,5.178042,5.178042,5.178042,0
2001-08-03,5.147644,5.147644,5.147644,5.147644,0
2001-08-06,5.122311,5.122311,5.122311,5.122311,0
2001-08-07,5.122311,5.122311,5.122311,5.122311,0
2001-08-08,5.071645,5.071645,5.071645,5.071645,0
2001-08-09,5.020978,5.020978,5.020978,5.020978,0
2001-08-10,5.031113,5.031113,5.031113,5.031113,0
2001-08-13,5.041245,5.041245,5.041245,5.041245,0
2001-08-14,5.112175,5.112175,5.112175,5.112175,0
2001-08-15,5.152711,5.152711,5.152711,5.152711,0
2001-08-16,5.102043,5.102043,5.102043,5.102043,0
2001-08-17,5.051376,5.051376,5.051376,5.051376,0
2001-08-20,5.015913,5.015913,5.015913,5.015913,0
2001-08-21,5.061512,5.061512,5.061512,5.061512,0
2001-08-22,5.096977,5.096977,5.096977,5.096977,0
2001-08-23,5.061512,5.061512,5.061512,5.061512,0
2001-08-24,5.132443,5.132443,5.132443,5.132443,0
2001-08-27,5.122311,5.122311,5.122311,5.122311,0
2001-08-28,5.071645,5.071645,5.071645,5.071645,0
2001-08-29,5.051376,5.051376,5.051376,5.051376,0
2001-08-30,4.944981,4.944981,4.944981,4.944981,0
2001-08-31,4.960179,4.960179,4.960179,4.960179,0
2001-09-04,4.904447,4.904447,4.904447,4.904447,0
2001-09-05,4.833515,4.833515,4.833515,4.833515,0
2001-09-06,4.732184,4.732184,4.732184,4.732184,0
2001-09-07,4.691651,4.691651,4.691651,4.691651,0
2001-09-10,4.646051,4.646051,4.646051,4.646051,0
2001-09-17,4.402856,4.402856,4.402856,4.402856,0
2001-09-18,4.397789,4.397789,4.397789,4.397789,0
2001-09-19,4.382591,4.382591,4.382591,4.382591,0
2001-09-20,4.20526,4.20526,4.20526,4.20526,0
2001-09-21,4.093796,4.093796,4.093796,4.093796,0
2001-09-24,4.255925,4.255925,4.255925,4.255925,0
2001-09-25,4.296457,4.296457,4.296457,4.296457,0
2001-09-26,4.311657,4.311657,4.311657,4.311657,0
2001-09-27,4.33699,4.33699,4.33699,4.33699,0
2001-09-28,4.428189,4.428189,4.428189,4.428189,0
2001-10-01,4.392724,4.392724,4.392724,4.392724,0
2001-10-02,4.433253,4.433253,4.433253,4.433253,0
2001-10-03,4.468721,4.468721,4.468721,4.468721,0
2001-10-04,4.544721,4.544721,4.544721,4.544721,0
2001-10-05,4.554854,4.554854,4.554854,4.554854,0
2001-10-08,4.549786,4.549786,4.549786,4.549786,0
2001-10-09,4.519386,4.519386,4.519386,4.519386,0
2001-10-10,4.580187,4.580187,4.580187,4.580187,0
2001-10-11,4.63085,4.63085,4.63085,4.63085,0
2001-10-12,4.620719,4.620719,4.620719,4.620719,0
2001-10-15,4.55992,4.55992,4.55992,4.55992,0
2001-10-16,4.600454,4.600454,4.600454,4.600454,0
2001-10-17,4.651119,4.651119,4.651119,4.651119,0
2001-10-18,4.590319,4.590319,4.590319,4.590319,0
2001-10-19,4.52952,4.52952,4.52952,4.52952,0
2001-10-22,4.549786,4.549786,4.549786,4.549786,0
2001-10-23,4.625786,4.625786,4.625786,4.625786,0
2001-10-24,4.651119,4.651119,4.651119,4.651119,0
2001-10-25,4.625786,4.625786,4.625786,4.625786,0
2001-10-26,4.666317,4.666317,4.666317,4.666317,0
2001-10-29,4.625786,4.625786,4.625786,4.625786,0
2001-10-30,4.52952,4.52952,4.52952,4.52952,0
2001-10-31,4.55992,4.55992,4.55992,4.55992,0
2001-11-01,4.620719,4.620719,4.620719,4.620719,0
2001-11-02,4.610585,4.610585,4.610585,4.610585,0
2001-11-05,4.686584,4.686584,4.686584,4.686584,0
2001-11-06,4.691651,4.691651,4.691651,4.691651,0
2001-11-07,4.696715,4.696715,4.696715,4.696715,0
2001-11-08,4.747381,4.747381,4.747381,4.747381,0
2001-11-09,4.711917,4.711917,4.711917,4.711917,0
2001-11-12,4.646051,4.646051,4.646051,4.646051,0
2001-11-13,4.706851,4.706851,4.706851,4.706851,0
2001-11-14,4.696715,4.696715,4.696715,4.696715,0
2001-11-15,4.727117,4.727117,4.727117,4.727117,0
2001-11-16,4.757517,4.757517,4.757517,4.757517,0
2001-11-19,4.787917,4.787917,4.787917,4.787917,0
2001-11-20,4.75245,4.75245,4.75245,4.75245,0
2001-11-21,4.727117,4.727117,4.727117,4.727117,0
2001-11-23,4.747381,4.747381,4.747381,4.747381,0
2001-11-26,4.787917,4.787917,4.787917,4.787917,0
2001-11-27,4.757517,4.757517,4.757517,4.757517,0
2001-11-28,4.696715,4.696715,4.696715,4.696715,0
2001-11-29,4.681517,4.681517,4.681517,4.681517,0
2001-11-30,4.722051,4.722051,4.722051,4.722051,0
2001-12-03,4.676449,4.676449,4.676449,4.676449,0
2001-12-04,4.716984,4.716984,4.716984,4.716984,0
2001-12-05,4.863914,4.863914,4.863914,4.863914,0
2001-12-06,4.868981,4.868981,4.868981,4.868981,0
2001-12-07,4.823384,4.823384,4.823384,4.823384,0
2001-12-10,4.742318,4.742318,4.742318,4.742318,0
2001-12-11,4.732184,4.732184,4.732184,4.732184,0
2001-12-12,4.742318,4.742318,4.742318,4.742318,0
2001-12-13,4.661252,4.661252,4.661252,4.661252,0
2001-12-14,4.656187,4.656187,4.656187,4.656187,0
2001-12-17,4.727117,4.727117,4.727117,4.727117,0
2001-12-18,4.711917,4.711917,4.711917,4.711917,0
2001-12-19,4.676449,4.676449,4.676449,4.676449,0
2001-12-20,4.661252,4.661252,4.661252,4.661252,0
2001-12-21,4.666317,4.666317,4.666317,4.666317,0
2001-12-24,4.651119,4.651119,4.651119,4.651119,0
2001-12-26,4.646051,4.646051,4.646051,4.646051,0
2001-12-27,4.732184,4.732184,4.732184,4.732184,0
2001-12-28,4.760551,4.760551,4.760551,4.760551,0
2001-12-31,4.786341,4.786341,4.786341,4.786341,0
2002-01-02,4.791499,4.791499,4.791499,4.791499,0
2002-01-03,4.868864,4.868864,4.868864,4.868864,0
2002-01-04,4.868864,4.868864,4.868864,4.868864,0
2002-01-07,4.832759,4.832759,4.832759,4.832759,0
2002-01-08,4.781183,4.781183,4.781183,4.781183,0
2002-01-09,4.765708,4.765708,4.765708,4.765708,0
2002-01-10,4.729605,4.729605,4.729605,4.729605,0
2002-01-11,4.734763,4.734763,4.734763,4.734763,0
2002-01-14,4.667712,4.667712,4.667712,4.667712,0
2002-01-15,4.67287,4.67287,4.67287,4.67287,0
2002-01-16,4.610978,4.610978,4.610978,4.610978,0
2002-01-17,4.647082,4.647082,4.647082,4.647082,0
2002-01-18,4.641924,4.641924,4.641924,4.641924,0
2002-01-22,4.600664,4.600664,4.600664,4.600664,0
2002-01-23,4.631608,4.631608,4.631608,4.631608,0
2002-01-24,4.652239,4.652239,4.652239,4.652239,0
2002-01-25,4.605821,4.605821,4.605821,4.605821,0
2002-01-28,4.636765,4.636765,4.636765,4.636765,0
2002-01-29,4.574874,4.574874,4.574874,4.574874,0
2002-01-30,4.51814,4.51814,4.51814,4.51814,0
2002-01-31,4.564558,4.564558,4.564558,4.564558,0
2002-02-01,4.559402,4.559402,4.559402,4.559402,0
2002-02-04,4.533613,4.533613,4.533613,4.533613,0
2002-02-05,4.471721,4.471721,4.471721,4.471721,0
2002-02-06,4.445931,4.445931,4.445931,4.445931,0
2002-02-07,4.482037,4.482037,4.482037,4.482037,0
2002-02-08,4.502666,4.502666,4.502666,4.502666,0
2002-02-11,4.564558,4.564558,4.564558,4.564558,0
2002-02-12,4.554244,4.554244,4.554244,4.554244,0
2002-02-13,4.585191,4.585191,4.585191,4.585191,0
2002-02-14,4.631608,4.631608,4.631608,4.631608,0
2002-02-15,4.616135,4.616135,4.616135,4.616135,0
2002-02-19,4.497509,4.497509,4.497509,4.497509,0
2002-02-20,4.471721,4.471721,4.471721,4.471721,0
2002-02-21,4.502666,4.502666,4.502666,4.502666,0
2002-02-22,4.512979,4.512979,4.512979,4.512979,0
2002-02-25,4.549086,4.549086,4.549086,4.549086,0
2002-02-26,4.543926,4.543926,4.543926,4.543926,0
2002-02-27,4.600664,4.600664,4.600664,4.600664,0
2002-02-28,4.605821,4.605821,4.605821,4.605821,0
2002-03-01,4.678027,4.678027,4.678027,4.678027,0
2002-03-04,4.812129,4.812129,4.812129,4.812129,0
2002-03-05,4.781183,4.781183,4.781183,4.781183,0
2002-03-06,4.837916,4.837916,4.837916,4.837916,0
2002-03-07,4.89981,4.89981,4.89981,4.89981,0
2002-03-08,4.904966,4.904966,4.904966,4.904966,0
2002-03-11,4.915281,4.915281,4.915281,4.915281,0
2002-03-12,4.837916,4.837916,4.837916,4.837916,0
2002-03-13,4.822442,4.822442,4.822442,4.822442,0
2002-03-14,4.863705,4.863705,4.863705,4.863705,0
2002-03-15,4.89981,4.89981,4.89981,4.89981,0
2002-03-18,4.889494,4.889494,4.889494,4.889494,0
2002-03-19,4.925597,4.925597,4.925597,4.925597,0
2002-03-20,4.884336,4.884336,4.884336,4.884336,0
2002-03-21,4.868864,4.868864,4.868864,4.868864,0
2002-03-22,4.853388,4.853388,4.853388,4.853388,0
2002-03-25,4.801812,4.801812,4.801812,4.801812,0
2002-03-26,4.817286,4.817286,4.817286,4.817286,0
2002-03-27,4.822442,4.822442,4.822442,4.822442,0
2002-03-28,4.868864,4.868864,4.868864,4.868864,0
2002-04-01,4.868864,4.868864,4.868864,4.868864,0
2002-04-02,4.858548,4.858548,4.858548,4.858548,0
2002-04-03,4.879177,4.879177,4.879177,4.879177,0
2002-04-04,4.863705,4.863705,4.863705,4.863705,0
2002-04-05,4.853388,4.853388,4.853388,4.853388,0
2002-04-08,4.791499,4.791499,4.791499,4.791499,0
2002-04-09,4.786341,4.786341,4.786341,4.786341,0
2002-04-10,4.837916,4.837916,4.837916,4.837916,0
2002-04-11,4.776024,4.776024,4.776024,4.776024,0
2002-04-12,4.776024,4.776024,4.776024,4.776024,0
2002-04-15,4.817286,4.817286,4.817286,4.817286,0
2002-04-16,4.904966,4.904966,4.904966,4.904966,0
2002-04-17,4.941068,4.941068,4.941068,4.941068,0
2002-04-18,4.93591,4.93591,4.93591,4.93591,0
2002-04-19,4.930757,4.930757,4.930757,4.930757,0
2002-04-22,4.904966,4.904966,4.904966,4.904966,0
2002-04-23,4.915281,4.915281,4.915281,4.915281,0
2002-04-24,4.904966,4.904966,4.904966,4.904966,0
2002-04-25,4.89981,4.89981,4.89981,4.89981,0
2002-04-26,4.879177,4.879177,4.879177,4.879177,0
2002-04-29,4.868864,4.868864,4.868864,4.868864,0
2002-04-30,4.889494,4.889494,4.889494,4.889494,0
2002-05-01,4.89981,4.89981,4.89981,4.89981,0
2002-05-02,4.889494,4.889494,4.889494,4.889494,0
2002-05-03,4.910125,4.910125,4.910125,4.910125,0
2002-05-06,4.89465,4.89465,4.89465,4.89465,0
2002-05-07,4.837916,4.837916,4.837916,4.837916,0
2002-05-08,4.93591,4.93591,4.93591,4.93591,0
2002-05-09,4.89981,4.89981,4.89981,4.89981,0
2002-05-10,4.879177,4.879177,4.879177,4.879177,0
2002-05-13,4.910125,4.910125,4.910125,4.910125,0
2002-05-14,4.915281,4.915281,4.915281,4.915281,0
2002-05-15,4.961702,4.961702,4.961702,4.961702,0
2002-05-16,4.972015,4.972015,4.972015,4.972015,0
2002-05-17,5.013276,5.013276,5.013276,5.013276,0
2002-05-20,5.002963,5.002963,5.002963,5.002963,0
2002-05-21,4.987489,4.987489,4.987489,4.987489,0
2002-05-22,4.992647,4.992647,4.992647,4.992647,0
2002-05-23,4.972015,4.972015,4.972015,4.972015,0
2002-05-24,4.987489,4.987489,4.987489,4.987489,0
2002-05-28,4.972015,4.972015,4.972015,4.972015,0
2002-05-29,4.96686,4.96686,4.96686,4.96686,0
2002-05-30,4.946229,4.946229,4.946229,4.946229,0
2002-05-31,4.946229,4.946229,4.946229,4.946229,0
2002-06-03,4.941068,4.941068,4.941068,4.941068,0
2002-06-04,4.89465,4.89465,4.89465,4.89465,0
2002-06-05,4.848232,4.848232,4.848232,4.848232,0
2002-06-06,4.848232,4.848232,4.848232,4.848232,0
2002-06-07,4.796655,4.796655,4.796655,4.796655,0
2002-06-10,4.796655,4.796655,4.796655,4.796655,0
2002-06-11,4.812129,4.812129,4.812129,4.812129,0
2002-06-12,4.750236,4.750236,4.750236,4.750236,0
2002-06-13,4.698658,4.698658,4.698658,4.698658,0
2002-06-14,4.605821,4.605821,4.605821,4.605821,0
2002-06-17,4.678027,4.678027,4.678027,4.678027,0
2002-06-18,4.667712,4.667712,4.667712,4.667712,0
2002-06-19,4.616135,4.616135,4.616135,4.616135,0
2002-06-20,4.574874,4.574874,4.574874,4.574874,0
2002-06-21,4.574874,4.574874,4.574874,4.574874,0
2002-06-24,4.543926,4.543926,4.543926,4.543926,0
2002-06-25,4.590346,4.590346,4.590346,4.590346,0
2002-06-26,4.569718,4.569718,4.569718,4.569718,0
2002-06-27,4.590346,4.590346,4.590346,4.590346,0
2002-06-28,4.734763,4.734763,4.734763,4.734763,0
2002-07-01,4.729605,4.729605,4.729605,4.729605,0
2002-07-02,4.626452,4.626452,4.626452,4.626452,0
2002-07-03,4.554244,4.554244,4.554244,4.554244,0
2002-07-05,4.739921,4.739921,4.739921,4.739921,0
2002-07-08,4.755394,4.755394,4.755394,4.755394,0
2002-07-09,4.755394,4.755394,4.755394,4.755394,0
2002-07-10,4.616135,4.616135,4.616135,4.616135,0
2002-07-11,4.507826,4.507826,4.507826,4.507826,0
2002-07-12,4.512979,4.512979,4.512979,4.512979,0
2002-07-15,4.466562,4.466562,4.466562,4.466562,0
2002-07-16,4.399512,4.399512,4.399512,4.399512,0
2002-07-17,4.476878,4.476878,4.476878,4.476878,0
2002-07-18,4.523298,4.523298,4.523298,4.523298,0
2002-07-19,4.373723,4.373723,4.373723,4.373723,0
2002-07-22,4.213835,4.213835,4.213835,4.213835,0
2002-07-23,4.074577,4.074577,4.074577,4.074577,0
2002-07-24,4.229308,4.229308,4.229308,4.229308,0
2002-07-25,4.172574,4.172574,4.172574,4.172574,0
2002-07-26,4.131313,4.131313,4.131313,4.131313,0
2002-07-29,4.342778,4.342778,4.342778,4.342778,0
2002-07-30,4.286043,4.286043,4.286043,4.286043,0
2002-07-31,4.270569,4.270569,4.270569,4.270569,0
2002-08-01,4.141627,4.141627,4.141627,4.141627,0
2002-08-02,4.157102,4.157102,4.157102,4.157102,0
2002-08-05,4.038475,4.038475,4.038475,4.038475,0
2002-08-06,4.100367,4.100367,4.100367,4.100367,0
2002-08-07,4.172574,4.172574,4.172574,4.172574,0
2002-08-08,4.275728,4.275728,4.275728,4.275728,0
2002-08-09,4.275728,4.275728,4.275728,4.275728,0
2002-08-12,4.218992,4.218992,4.218992,4.218992,0
2002-08-13,4.244782,4.244782,4.244782,4.244782,0
2002-08-14,4.311831,4.311831,4.311831,4.311831,0
2002-08-15,4.296358,4.296358,4.296358,4.296358,0
2002-08-16,4.322146,4.322146,4.322146,4.322146,0
2002-08-19,4.373723,4.373723,4.373723,4.373723,0
2002-08-20,4.311831,4.311831,4.311831,4.311831,0
2002-08-21,4.358251,4.358251,4.358251,4.358251,0
2002-08-22,4.399512,4.399512,4.399512,4.399512,0
2002-08-23,4.363409,4.363409,4.363409,4.363409,0
2002-08-26,4.358251,4.358251,4.358251,4.358251,0
2002-08-27,4.420142,4.420142,4.420142,4.420142,0
2002-08-28,4.301517,4.301517,4.301517,4.301517,0
2002-08-29,4.249939,4.249939,4.249939,4.249939,0
2002-08-30,4.265412,4.265412,4.265412,4.265412,0
2002-09-03,4.095208,4.095208,4.095208,4.095208,0
2002-09-04,4.105524,4.105524,4.105524,4.105524,0
2002-09-05,4.074577,4.074577,4.074577,4.074577,0
2002-09-06,4.151943,4.151943,4.151943,4.151943,0
2002-09-09,4.11068,4.11068,4.11068,4.11068,0
2002-09-10,4.16226,4.16226,4.16226,4.16226,0
2002-09-11,4.213835,4.213835,4.213835,4.213835,0
2002-09-12,4.120997,4.120997,4.120997,4.120997,0
2002-09-13,4.06942,4.06942,4.06942,4.06942,0
2002-09-16,4.028158,4.028158,4.028158,4.028158,0
2002-09-17,4.002371,4.002371,4.002371,4.002371,0
2002-09-18,3.971423,3.971423,3.971423,3.971423,0
2002-09-19,3.91469,3.91469,3.91469,3.91469,0
2002-09-20,3.909531,3.909531,3.909531,3.909531,0
2002-09-23,3.806379,3.806379,3.806379,3.806379,0
2002-09-24,3.739329,3.739329,3.739329,3.739329,0
2002-09-25,3.780588,3.780588,3.780588,3.780588,0
2002-09-26,3.888901,3.888901,3.888901,3.888901,0
2002-09-27,3.888901,3.888901,3.888901,3.888901,0
2002-09-30,3.80122,3.80122,3.80122,3.80122,0
2002-10-01,3.909531,3.909531,3.909531,3.909531,0
2002-10-02,3.863112,3.863112,3.863112,3.863112,0
2002-10-03,3.827009,3.827009,3.827009,3.827009,0
2002-10-04,3.765117,3.765117,3.765117,3.765117,0
2002-10-07,3.703224,3.703224,3.703224,3.703224,0
2002-10-08,3.661964,3.661964,3.661964,3.661964,0
2002-10-09,3.631016,3.631016,3.631016,3.631016,0
2002-10-10,3.692909,3.692909,3.692909,3.692909,0
2002-10-11,3.827009,3.827009,3.827009,3.827009,0
2002-10-14,3.806379,3.806379,3.806379,3.806379,0
2002-10-15,3.986898,3.986898,3.986898,3.986898,0
2002-10-16,3.925006,3.925006,3.925006,3.925006,0
2002-10-17,4.012685,4.012685,4.012685,4.012685,0
2002-10-18,3.992054,3.992054,3.992054,3.992054,0
2002-10-21,3.997211,3.997211,3.997211,3.997211,0
2002-10-22,3.955951,3.955951,3.955951,3.955951,0
2002-10-23,3.894059,3.894059,3.894059,3.894059,0
2002-10-24,3.950793,3.950793,3.950793,3.950793,0
2002-10-25,3.955951,3.955951,3.955951,3.955951,0
2002-10-28,4.002371,4.002371,4.002371,4.002371,0
2002-10-29,3.899216,3.899216,3.899216,3.899216,0
2002-10-30,3.961107,3.961107,3.961107,3.961107,0
2002-10-31,4.017843,4.017843,4.017843,4.017843,0
2002-11-01,4.002371,4.002371,4.002371,4.002371,0
2002-11-04,4.115838,4.115838,4.115838,4.115838,0
2002-11-05,4.141627,4.141627,4.141627,4.141627,0
2002-11-06,4.11068,4.11068,4.11068,4.11068,0
2002-11-07,4.079736,4.079736,4.079736,4.079736,0
2002-11-08,4.059103,4.059103,4.059103,4.059103,0
2002-11-11,4.012685,4.012685,4.012685,4.012685,0
2002-11-12,4.043631,4.043631,4.043631,4.043631,0
2002-11-13,4.012685,4.012685,4.012685,4.012685,0
2002-11-14,4.053946,4.053946,4.053946,4.053946,0
2002-11-15,4.09005,4.09005,4.09005,4.09005,0
2002-11-18,4.105524,4.105524,4.105524,4.105524,0
2002-11-19,4.09005,4.09005,4.09005,4.09005,0
2002-11-20,4.079736,4.079736,4.079736,4.079736,0
2002-11-21,4.167416,4.167416,4.167416,4.167416,0
2002-11-22,4.18289,4.18289,4.18289,4.18289,0
2002-11-25,4.16226,4.16226,4.16226,4.16226,0
2002-11-26,4.100367,4.100367,4.100367,4.100367,0
2002-11-27,4.172574,4.172574,4.172574,4.172574,0
2002-11-29,4.194871,4.194871,4.194871,4.194871,0
2002-12-02,4.220796,4.220796,4.220796,4.220796,0
2002-12-03,4.168944,4.168944,4.168944,4.168944,0
2002-12-04,4.137832,4.137832,4.137832,4.137832,0
2002-12-05,4.096352,4.096352,4.096352,4.096352,0
2002-12-06,4.106722,4.106722,4.106722,4.106722,0
2002-12-09,4.044499,4.044499,4.044499,4.044499,0
2002-12-10,4.060054,4.060054,4.060054,4.060054,0
2002-12-11,4.070425,4.070425,4.070425,4.070425,0
2002-12-12,4.060054,4.060054,4.060054,4.060054,0
2002-12-13,4.034126,4.034126,4.034126,4.034126,0
2002-12-16,4.106722,4.106722,4.106722,4.106722,0
2002-12-17,4.091165,4.091165,4.091165,4.091165,0
2002-12-18,4.008204,4.008204,4.008204,4.008204,0
2002-12-19,4.013387,4.013387,4.013387,4.013387,0
2002-12-20,4.044499,4.044499,4.044499,4.044499,0
2002-12-23,4.054868,4.054868,4.054868,4.054868,0
2002-12-24,4.065238,4.065238,4.065238,4.065238,0
2002-12-26,4.080795,4.080795,4.080795,4.080795,0
2002-12-27,3.999845,3.999845,3.999845,3.999845,0
2002-12-30,4.058045,4.058045,4.058045,4.058045,0
2002-12-31,4.084498,4.084498,4.084498,4.084498,0
2003-01-02,4.147989,4.147989,4.147989,4.147989,0
2003-01-03,4.185024,4.185024,4.185024,4.185024,0
2003-01-06,4.22735,4.22735,4.22735,4.22735,0
2003-01-07,4.174441,4.174441,4.174441,4.174441,0
2003-01-08,4.116243,4.116243,4.116243,4.116243,0
2003-01-09,4.16386,4.16386,4.16386,4.16386,0
2003-01-10,4.179733,4.179733,4.179733,4.179733,0
2003-01-13,4.190316,4.190316,4.190316,4.190316,0
2003-01-14,4.222057,4.222057,4.222057,4.222057,0
2003-01-15,4.195605,4.195605,4.195605,4.195605,0
2003-01-16,4.185024,4.185024,4.185024,4.185024,0
2003-01-17,4.142697,4.142697,4.142697,4.142697,0
2003-01-21,4.073916,4.073916,4.073916,4.073916,0
2003-01-22,4.021009,4.021009,4.021009,4.021009,0
2003-01-23,4.042171,4.042171,4.042171,4.042171,0
2003-01-24,4.015718,4.015718,4.015718,4.015718,0
2003-01-27,3.909901,3.909901,3.909901,3.909901,0
2003-01-28,3.904613,3.904613,3.904613,3.904613,0
2003-01-29,3.909901,3.909901,3.909901,3.909901,0
2003-01-30,3.936356,3.936356,3.936356,3.936356,0
2003-01-31,3.954988,3.954988,3.954988,3.954988,0
2003-02-03,4.008216,4.008216,4.008216,4.008216,0
2003-02-04,3.96031,3.96031,3.96031,3.96031,0
2003-02-05,4.002893,4.002893,4.002893,4.002893,0
2003-02-06,3.933694,3.933694,3.933694,3.933694,0
2003-02-07,3.901756,3.901756,3.901756,3.901756,0
2003-02-10,3.869818,3.869818,3.869818,3.869818,0
2003-02-11,3.912402,3.912402,3.912402,3.912402,0
2003-02-12,3.885787,3.885787,3.885787,3.885787,0
2003-02-13,3.880465,3.880465,3.880465,3.880465,0
2003-02-14,3.912402,3.912402,3.912402,3.912402,0
2003-02-18,3.992249,3.992249,3.992249,3.992249,0
2003-02-19,3.933694,3.933694,3.933694,3.933694,0
2003-02-20,3.933694,3.933694,3.933694,3.933694,0
2003-02-21,3.96031,3.96031,3.96031,3.96031,0
2003-02-24,3.917727,3.917727,3.917727,3.917727,0
2003-02-25,3.816589,3.816589,3.816589,3.816589,0
2003-02-26,3.811267,3.811267,3.811267,3.811267,0
2003-02-27,3.811267,3.811267,3.811267,3.811267,0
2003-02-28,3.881944,3.881944,3.881944,3.881944,0
2003-03-03,3.919426,3.919426,3.919426,3.919426,0
2003-03-04,3.876589,3.876589,3.876589,3.876589,0
2003-03-05,3.860526,3.860526,3.860526,3.860526,0
2003-03-06,3.8284,3.8284,3.8284,3.8284,0
2003-03-07,3.774856,3.774856,3.774856,3.774856,0
2003-03-10,3.705248,3.705248,3.705248,3.705248,0
2003-03-11,3.68383,3.68383,3.68383,3.68383,0
2003-03-12,3.60887,3.60887,3.60887,3.60887,0
2003-03-13,3.726666,3.726666,3.726666,3.726666,0
2003-03-14,3.785566,3.785566,3.785566,3.785566,0
2003-03-17,3.844461,3.844461,3.844461,3.844461,0
2003-03-18,3.849817,3.849817,3.849817,3.849817,0
2003-03-19,3.876589,3.876589,3.876589,3.876589,0
2003-03-20,3.892652,3.892652,3.892652,3.892652,0
2003-03-21,3.978323,3.978323,3.978323,3.978323,0
2003-03-24,3.876589,3.876589,3.876589,3.876589,0
2003-03-25,3.919426,3.919426,3.919426,3.919426,0
2003-03-26,3.930133,3.930133,3.930133,3.930133,0
2003-03-27,3.898007,3.898007,3.898007,3.898007,0
2003-03-28,3.881944,3.881944,3.881944,3.881944,0
2003-03-31,3.806982,3.806982,3.806982,3.806982,0
2003-04-01,3.839108,3.839108,3.839108,3.839108,0
2003-04-02,3.908716,3.908716,3.908716,3.908716,0
2003-04-03,3.908716,3.908716,3.908716,3.908716,0
2003-04-04,3.940842,3.940842,3.940842,3.940842,0
2003-04-07,4.031867,4.031867,4.031867,4.031867,0
2003-04-08,3.989032,3.989032,3.989032,3.989032,0
2003-04-09,3.978323,3.978323,3.978323,3.978323,0
2003-04-10,3.96226,3.96226,3.96226,3.96226,0
2003-04-11,3.951551,3.951551,3.951551,3.951551,0
2003-04-14,3.989032,3.989032,3.989032,3.989032,0
2003-04-15,4.042577,4.042577,4.042577,4.042577,0
2003-04-16,4.037222,4.037222,4.037222,4.037222,0
2003-04-17,4.074702,4.074702,4.074702,4.074702,0
2003-04-21,4.058639,4.058639,4.058639,4.058639,0
2003-04-22,4.106829,4.106829,4.106829,4.106829,0
2003-04-23,4.128247,4.128247,4.128247,4.128247,0
2003-04-24,4.106829,4.106829,4.106829,4.106829,0
2003-04-25,4.053286,4.053286,4.053286,4.053286,0
2003-04-28,4.112182,4.112182,4.112182,4.112182,0
2003-04-29,4.122892,4.122892,4.122892,4.122892,0
2003-04-30,4.176435,4.176435,4.176435,4.176435,0
2003-05-01,4.1925,4.1925,4.1925,4.1925,0
2003-05-02,4.213918,4.213918,4.213918,4.213918,0
2003-05-05,4.256752,4.256752,4.256752,4.256752,0
2003-05-06,4.321006,4.321006,4.321006,4.321006,0
2003-05-07,4.304941,4.304941,4.304941,4.304941,0
2003-05-08,4.251398,4.251398,4.251398,4.251398,0
2003-05-09,4.288879,4.288879,4.288879,4.288879,0
2003-05-12,4.321006,4.321006,4.321006,4.321006,0
2003-05-13,4.326359,4.326359,4.326359,4.326359,0
2003-05-14,4.331713,4.331713,4.331713,4.331713,0
2003-05-15,4.342424,4.342424,4.342424,4.342424,0
2003-05-16,4.369195,4.369195,4.369195,4.369195,0
2003-05-19,4.294233,4.294233,4.294233,4.294233,0
2003-05-20,4.299587,4.299587,4.299587,4.299587,0
2003-05-21,4.283524,4.283524,4.283524,4.283524,0
2003-05-22,4.321006,4.321006,4.321006,4.321006,0
2003-05-23,4.353133,4.353133,4.353133,4.353133,0
2003-05-27,4.385259,4.385259,4.385259,4.385259,0
2003-05-28,4.406675,4.406675,4.406675,4.406675,0
2003-05-29,4.449512,4.449512,4.449512,4.449512,0
2003-05-30,4.433447,4.433447,4.433447,4.433447,0
2003-06-02,4.508408,4.508408,4.508408,4.508408,0
2003-06-03,4.48699,4.48699,4.48699,4.48699,0
2003-06-04,4.519117,4.519117,4.519117,4.519117,0
2003-06-05,4.5566,4.5566,4.5566,4.5566,0
2003-06-06,4.594082,4.594082,4.594082,4.594082,0
2003-06-09,4.58337,4.58337,4.58337,4.58337,0
2003-06-10,4.578016,4.578016,4.578016,4.578016,0
2003-06-11,4.652978,4.652978,4.652978,4.652978,0
2003-06-12,4.669042,4.669042,4.669042,4.669042,0
2003-06-13,4.652978,4.652978,4.652978,4.652978,0
2003-06-16,4.722585,4.722585,4.722585,4.722585,0
2003-06-17,4.754712,4.754712,4.754712,4.754712,0
2003-06-18,4.738648,4.738648,4.738648,4.738648,0
2003-06-19,4.695815,4.695815,4.695815,4.695815,0
2003-06-20,4.701167,4.701167,4.701167,4.701167,0
2003-06-23,4.626207,4.626207,4.626207,4.626207,0
2003-06-24,4.58337,4.58337,4.58337,4.58337,0
2003-06-25,4.610141,4.610141,4.610141,4.610141,0
2003-06-26,4.578016,4.578016,4.578016,4.578016,0
2003-06-27,4.58337,4.58337,4.58337,4.58337,0
2003-06-30,4.551244,4.551244,4.551244,4.551244,0
2003-07-01,4.551244,4.551244,4.551244,4.551244,0
2003-07-02,4.642269,4.642269,4.642269,4.642269,0
2003-07-03,4.658333,4.658333,4.658333,4.658333,0
2003-07-07,4.733295,4.733295,4.733295,4.733295,0
2003-07-08,4.701167,4.701167,4.701167,4.701167,0
2003-07-09,4.685104,4.685104,4.685104,4.685104,0
2003-07-10,4.652978,4.652978,4.652978,4.652978,0
2003-07-11,4.647623,4.647623,4.647623,4.647623,0
2003-07-14,4.722585,4.722585,4.722585,4.722585,0
2003-07-15,4.674395,4.674395,4.674395,4.674395,0
2003-07-16,4.642269,4.642269,4.642269,4.642269,0
2003-07-17,4.572661,4.572661,4.572661,4.572661,0
2003-07-18,4.588724,4.588724,4.588724,4.588724,0
2003-07-21,4.588724,4.588724,4.588724,4.588724,0
2003-07-22,4.599435,4.599435,4.599435,4.599435,0
2003-07-23,4.636915,4.636915,4.636915,4.636915,0
2003-07-24,4.706522,4.706522,4.706522,4.706522,0
2003-07-25,4.717231,4.717231,4.717231,4.717231,0
2003-07-28,4.74936,4.74936,4.74936,4.74936,0
2003-07-29,4.733295,4.733295,4.733295,4.733295,0
2003-07-30,4.685104,4.685104,4.685104,4.685104,0
2003-07-31,4.695815,4.695815,4.695815,4.695815,0
2003-08-01,4.663685,4.663685,4.663685,4.663685,0
2003-08-04,4.647623,4.647623,4.647623,4.647623,0
2003-08-05,4.658333,4.658333,4.658333,4.658333,0
2003-08-06,4.615496,4.615496,4.615496,4.615496,0
2003-08-07,4.636915,4.636915,4.636915,4.636915,0
2003-08-08,4.647623,4.647623,4.647623,4.647623,0
2003-08-11,4.67975,4.67975,4.67975,4.67975,0
2003-08-12,4.695815,4.695815,4.695815,4.695815,0
2003-08-13,4.727941,4.727941,4.727941,4.727941,0
2003-08-14,4.776131,4.776131,4.776131,4.776131,0
2003-08-15,4.781484,4.781484,4.781484,4.781484,0
2003-08-18,4.813611,4.813611,4.813611,4.813611,0
2003-08-19,4.802902,4.802902,4.802902,4.802902,0
2003-08-20,4.824319,4.824319,4.824319,4.824319,0
2003-08-21,4.829674,4.829674,4.829674,4.829674,0
2003-08-22,4.813611,4.813611,4.813611,4.813611,0
2003-08-25,4.797548,4.797548,4.797548,4.797548,0
2003-08-26,4.760068,4.760068,4.760068,4.760068,0
2003-08-27,4.781484,4.781484,4.781484,4.781484,0
2003-08-28,4.802902,4.802902,4.802902,4.802902,0
2003-08-29,4.813611,4.813611,4.813611,4.813611,0
2003-09-02,4.883218,4.883218,4.883218,4.883218,0
2003-09-03,4.931407,4.931407,4.931407,4.931407,0
2003-09-04,4.926055,4.926055,4.926055,4.926055,0
2003-09-05,4.947471,4.947471,4.947471,4.947471,0
2003-09-08,4.984952,4.984952,4.984952,4.984952,0
2003-09-09,4.995661,4.995661,4.995661,4.995661,0
2003-09-10,4.947471,4.947471,4.947471,4.947471,0
2003-09-11,4.952825,4.952825,4.952825,4.952825,0
2003-09-12,4.968888,4.968888,4.968888,4.968888,0
2003-09-15,4.974244,4.974244,4.974244,4.974244,0
2003-09-16,5.03314,5.03314,5.03314,5.03314,0
2003-09-17,5.054559,5.054559,5.054559,5.054559,0
2003-09-18,5.108105,5.108105,5.108105,5.108105,0
2003-09-19,5.09204,5.09204,5.09204,5.09204,0
2003-09-22,5.038495,5.038495,5.038495,5.038495,0
2003-09-23,5.049206,5.049206,5.049206,5.049206,0
2003-09-24,5.022434,5.022434,5.022434,5.022434,0
2003-09-25,5.001016,5.001016,5.001016,5.001016,0
2003-09-26,4.963534,4.963534,4.963534,4.963534,0
2003-09-29,4.968888,4.968888,4.968888,4.968888,0
2003-09-30,4.947471,4.947471,4.947471,4.947471,0
2003-10-01,5.059913,5.059913,5.059913,5.059913,0
2003-10-02,5.102748,5.102748,5.102748,5.102748,0
2003-10-03,5.193772,5.193772,5.193772,5.193772,0
2003-10-06,5.183065,5.183065,5.183065,5.183065,0
2003-10-07,5.199127,5.199127,5.199127,5.199127,0
2003-10-08,5.183065,5.183065,5.183065,5.183065,0
2003-10-09,5.252672,5.252672,5.252672,5.252672,0
2003-10-10,5.274088,5.274088,5.274088,5.274088,0
2003-10-13,5.295506,5.295506,5.295506,5.295506,0
2003-10-14,5.295506,5.295506,5.295506,5.295506,0
2003-10-15,5.300861,5.300861,5.300861,5.300861,0
2003-10-16,5.322279,5.322279,5.322279,5.322279,0
2003-10-17,5.300861,5.300861,5.300861,5.300861,0
2003-10-20,5.316924,5.316924,5.316924,5.316924,0
2003-10-21,5.327634,5.327634,5.327634,5.327634,0
2003-10-22,5.263381,5.263381,5.263381,5.263381,0
2003-10-23,5.17771,5.17771,5.17771,5.17771,0
2003-10-24,5.193772,5.193772,5.193772,5.193772,0
2003-10-27,5.225901,5.225901,5.225901,5.225901,0
2003-10-28,5.263381,5.263381,5.263381,5.263381,0
2003-10-29,5.295506,5.295506,5.295506,5.295506,0
2003-10-30,5.316924,5.316924,5.316924,5.316924,0
2003-10-31,5.268736,5.268736,5.268736,5.268736,0
2003-11-03,5.306216,5.306216,5.306216,5.306216,0
2003-11-04,5.316924,5.316924,5.316924,5.316924,0
2003-11-05,5.290154,5.290154,5.290154,5.290154,0
2003-11-06,5.252672,5.252672,5.252672,5.252672,0
2003-11-07,5.316924,5.316924,5.316924,5.316924,0
2003-11-10,5.295506,5.295506,5.295506,5.295506,0
2003-11-11,5.241963,5.241963,5.241963,5.241963,0
2003-11-12,5.306216,5.306216,5.306216,5.306216,0
2003-11-13,5.349051,5.349051,5.349051,5.349051,0
2003-11-14,5.354406,5.354406,5.354406,5.354406,0
2003-11-17,5.354406,5.354406,5.354406,5.354406,0
2003-11-18,5.284799,5.284799,5.284799,5.284799,0
2003-11-19,5.268736,5.268736,5.268736,5.268736,0
2003-11-20,5.236608,5.236608,5.236608,5.236608,0
2003-11-21,5.268736,5.268736,5.268736,5.268736,0
2003-11-24,5.300861,5.300861,5.300861,5.300861,0
2003-11-25,5.306216,5.306216,5.306216,5.306216,0
2003-11-26,5.359761,5.359761,5.359761,5.359761,0
2003-11-28,5.381177,5.381177,5.381177,5.381177,0
2003-12-01,5.466848,5.466848,5.466848,5.466848,0
2003-12-02,5.493622,5.493622,5.493622,5.493622,0
2003-12-03,5.525747,5.525747,5.525747,5.525747,0
2003-12-04,5.515039,5.515039,5.515039,5.515039,0
2003-12-05,5.509683,5.509683,5.509683,5.509683,0
2003-12-08,5.504329,5.504329,5.504329,5.504329,0
2003-12-09,5.509683,5.509683,5.509683,5.509683,0
2003-12-10,5.477555,5.477555,5.477555,5.477555,0
2003-12-11,5.482911,5.482911,5.482911,5.482911,0
2003-12-12,5.531101,5.531101,5.531101,5.531101,0
2003-12-15,5.552517,5.552517,5.552517,5.552517,0
2003-12-16,5.552517,5.552517,5.552517,5.552517,0
2003-12-17,5.547166,5.547166,5.547166,5.547166,0
2003-12-18,5.600708,5.600708,5.600708,5.600708,0
2003-12-19,5.600708,5.600708,5.600708,5.600708,0
2003-12-22,5.627481,5.627481,5.627481,5.627481,0
2003-12-23,5.648898,5.648898,5.648898,5.648898,0
2003-12-24,5.670317,5.670317,5.670317,5.670317,0
2003-12-26,5.675767,5.675767,5.675767,5.675767,0
2003-12-29,5.708482,5.708482,5.708482,5.708482,0
2003-12-30,5.768456,5.768456,5.768456,5.768456,0
2003-12-31,5.801168,5.801168,5.801168,5.801168,0
2004-01-02,5.877499,5.877499,5.877499,5.877499,0
2004-01-05,5.959284,5.959284,5.959284,5.959284,0
2004-01-06,5.964736,5.964736,5.964736,5.964736,0
2004-01-07,5.915664,5.915664,5.915664,5.915664,0
2004-01-08,5.975639,5.975639,5.975639,5.975639,0
2004-01-09,6.008352,6.008352,6.008352,6.008352,0
2004-01-12,5.991995,5.991995,5.991995,5.991995,0
2004-01-13,5.986543,5.986543,5.986543,5.986543,0
2004-01-14,5.991995,5.991995,5.991995,5.991995,0
2004-01-15,5.942925,5.942925,5.942925,5.942925,0
2004-01-16,5.921116,5.921116,5.921116,5.921116,0
2004-01-20,5.997449,5.997449,5.997449,5.997449,0
2004-01-21,6.030163,6.030163,6.030163,6.030163,0
2004-01-22,6.068327,6.068327,6.068327,6.068327,0
2004-01-23,6.051973,6.051973,6.051973,6.051973,0
2004-01-26,6.024708,6.024708,6.024708,6.024708,0
2004-01-27,6.030163,6.030163,6.030163,6.030163,0
2004-01-28,6.008352,6.008352,6.008352,6.008352,0
2004-01-29,5.899309,5.899309,5.899309,5.899309,0
2004-01-30,5.893857,5.893857,5.893857,5.893857,0
2004-02-02,5.904761,5.904761,5.904761,5.904761,0
2004-02-03,5.92657,5.92657,5.92657,5.92657,0
2004-02-04,5.877499,5.877499,5.877499,5.877499,0
2004-02-05,5.899309,5.899309,5.899309,5.899309,0
2004-02-06,5.970188,5.970188,5.970188,5.970188,0
2004-02-09,6.019257,6.019257,6.019257,6.019257,0
2004-02-10,6.030163,6.030163,6.030163,6.030163,0
2004-02-11,6.095591,6.095591,6.095591,6.095591,0
2004-02-12,6.101042,6.101042,6.101042,6.101042,0
2004-02-13,6.095591,6.095591,6.095591,6.095591,0
2004-02-17,6.166468,6.166468,6.166468,6.166468,0
2004-02-18,6.122849,6.122849,6.122849,6.122849,0
2004-02-19,6.155562,6.155562,6.155562,6.155562,0
2004-02-20,6.068327,6.068327,6.068327,6.068327,0
2004-02-23,6.084683,6.084683,6.084683,6.084683,0
2004-02-24,6.057421,6.057421,6.057421,6.057421,0
2004-02-25,6.030163,6.030163,6.030163,6.030163,0
2004-02-26,6.002902,6.002902,6.002902,6.002902,0
2004-02-27,6.041068,6.041068,6.041068,6.041068,0
2004-03-01,6.139205,6.139205,6.139205,6.139205,0
2004-03-02,6.101042,6.101042,6.101042,6.101042,0
2004-03-03,6.024708,6.024708,6.024708,6.024708,0
2004-03-04,6.062874,6.062874,6.062874,6.062874,0
2004-03-05,6.139205,6.139205,6.139205,6.139205,0
2004-03-08,6.122849,6.122849,6.122849,6.122849,0
2004-03-09,6.106496,6.106496,6.106496,6.106496,0
2004-03-10,6.002902,6.002902,6.002902,6.002902,0
2004-03-11,5.872049,5.872049,5.872049,5.872049,0
2004-03-12,5.882951,5.882951,5.882951,5.882951,0
2004-03-15,5.812073,5.812073,5.812073,5.812073,0
2004-03-16,5.893857,5.893857,5.893857,5.893857,0
2004-03-17,5.959284,5.959284,5.959284,5.959284,0
2004-03-18,5.975639,5.975639,5.975639,5.975639,0
2004-03-19,5.975639,5.975639,5.975639,5.975639,0
2004-03-22,5.866595,5.866595,5.866595,5.866595,0
2004-03-23,5.877499,5.877499,5.877499,5.877499,0
2004-03-24,5.866595,5.866595,5.866595,5.866595,0
2004-03-25,5.942925,5.942925,5.942925,5.942925,0
2004-03-26,5.932022,5.932022,5.932022,5.932022,0
2004-03-29,6.024708,6.024708,6.024708,6.024708,0
2004-03-30,6.013805,6.013805,6.013805,6.013805,0
2004-03-31,6.068327,6.068327,6.068327,6.068327,0
2004-04-01,6.144657,6.144657,6.144657,6.144657,0
2004-04-02,6.171922,6.171922,6.171922,6.171922,0
2004-04-05,6.155562,6.155562,6.155562,6.155562,0
2004-04-06,6.144657,6.144657,6.144657,6.144657,0
2004-04-07,6.182825,6.182825,6.182825,6.182825,0
2004-04-08,6.177372,6.177372,6.177372,6.177372,0
2004-04-12,6.188275,6.188275,6.188275,6.188275,0
2004-04-13,6.139205,6.139205,6.139205,6.139205,0
2004-04-14,6.046519,6.046519,6.046519,6.046519,0
2004-04-15,6.019257,6.019257,6.019257,6.019257,0
2004-04-16,6.079234,6.079234,6.079234,6.079234,0
2004-04-19,6.068327,6.068327,6.068327,6.068327,0
2004-04-20,6.090138,6.090138,6.090138,6.090138,0
2004-04-21,6.013805,6.013805,6.013805,6.013805,0
2004-04-22,6.046519,6.046519,6.046519,6.046519,0
2004-04-23,6.051973,6.051973,6.051973,6.051973,0
2004-04-26,6.079234,6.079234,6.079234,6.079234,0
2004-04-27,6.068327,6.068327,6.068327,6.068327,0
2004-04-28,5.942925,5.942925,5.942925,5.942925,0
2004-04-29,5.915664,5.915664,5.915664,5.915664,0
2004-04-30,5.877499,5.877499,5.877499,5.877499,0
2004-05-03,5.882951,5.882951,5.882951,5.882951,0
2004-05-04,5.970188,5.970188,5.970188,5.970188,0
2004-05-05,6.030163,6.030163,6.030163,6.030163,0
2004-05-06,5.921116,5.921116,5.921116,5.921116,0
2004-05-07,5.817528,5.817528,5.817528,5.817528,0
2004-05-10,5.588531,5.588531,5.588531,5.588531,0
2004-05-11,5.621245,5.621245,5.621245,5.621245,0
2004-05-12,5.659411,5.659411,5.659411,5.659411,0
2004-05-13,5.626698,5.626698,5.626698,5.626698,0
2004-05-14,5.599434,5.599434,5.599434,5.599434,0
2004-05-17,5.534009,5.534009,5.534009,5.534009,0
2004-05-18,5.58308,5.58308,5.58308,5.58308,0
2004-05-19,5.741192,5.741192,5.741192,5.741192,0
2004-05-20,5.664863,5.664863,5.664863,5.664863,0
2004-05-21,5.735741,5.735741,5.735741,5.735741,0
2004-05-24,5.752099,5.752099,5.752099,5.752099,0
2004-05-25,5.790263,5.790263,5.790263,5.790263,0
2004-05-26,5.817528,5.817528,5.817528,5.817528,0
2004-05-27,5.92657,5.92657,5.92657,5.92657,0
2004-05-28,5.904761,5.904761,5.904761,5.904761,0
2004-06-01,5.893857,5.893857,5.893857,5.893857,0
2004-06-02,5.915664,5.915664,5.915664,5.915664,0
2004-06-03,5.872049,5.872049,5.872049,5.872049,0
2004-06-04,5.899309,5.899309,5.899309,5.899309,0
2004-06-07,6.024708,6.024708,6.024708,6.024708,0
2004-06-08,6.030163,6.030163,6.030163,6.030163,0
2004-06-09,5.948379,5.948379,5.948379,5.948379,0
2004-06-10,5.975639,5.975639,5.975639,5.975639,0
2004-06-14,5.866595,5.866595,5.866595,5.866595,0
2004-06-15,5.92657,5.92657,5.92657,5.92657,0
2004-06-16,5.937473,5.937473,5.937473,5.937473,0
2004-06-17,5.959284,5.959284,5.959284,5.959284,0
2004-06-18,5.991995,5.991995,5.991995,5.991995,0
2004-06-21,5.991995,5.991995,5.991995,5.991995,0
2004-06-22,5.937473,5.937473,5.937473,5.937473,0
2004-06-23,5.970188,5.970188,5.970188,5.970188,0
2004-06-24,6.046519,6.046519,6.046519,6.046519,0
2004-06-25,6.035614,6.035614,6.035614,6.035614,0
2004-06-28,6.090138,6.090138,6.090138,6.090138,0
2004-06-29,6.035614,6.035614,6.035614,6.035614,0
2004-06-30,6.046519,6.046519,6.046519,6.046519,0
2004-07-01,6.013805,6.013805,6.013805,6.013805,0
2004-07-02,6.030163,6.030163,6.030163,6.030163,0
2004-07-06,5.953833,5.953833,5.953833,5.953833,0
2004-07-07,5.997449,5.997449,5.997449,5.997449,0
2004-07-08,6.002902,6.002902,6.002902,6.002902,0
2004-07-09,6.019257,6.019257,6.019257,6.019257,0
2004-07-12,6.013805,6.013805,6.013805,6.013805,0
2004-07-13,6.013805,6.013805,6.013805,6.013805,0
2004-07-14,5.986543,5.986543,5.986543,5.986543,0
2004-07-15,5.937473,5.937473,5.937473,5.937473,0
2004-07-16,5.975639,5.975639,5.975639,5.975639,0
2004-07-19,5.953833,5.953833,5.953833,5.953833,0
2004-07-20,5.942925,5.942925,5.942925,5.942925,0
2004-07-21,5.910213,5.910213,5.910213,5.910213,0
2004-07-22,5.877499,5.877499,5.877499,5.877499,0
2004-07-23,5.806623,5.806623,5.806623,5.806623,0
2004-07-26,5.779363,5.779363,5.779363,5.779363,0
2004-07-27,5.779363,5.779363,5.779363,5.779363,0
2004-07-28,5.773908,5.773908,5.773908,5.773908,0
2004-07-29,5.822977,5.822977,5.822977,5.822977,0
2004-07-30,5.844787,5.844787,5.844787,5.844787,0
2004-08-02,5.839336,5.839336,5.839336,5.839336,0
2004-08-03,5.861145,5.861145,5.861145,5.861145,0
2004-08-04,5.806623,5.806623,5.806623,5.806623,0
2004-08-05,5.801168,5.801168,5.801168,5.801168,0
2004-08-06,5.768456,5.768456,5.768456,5.768456,0
2004-08-09,5.75755,5.75755,5.75755,5.75755,0
2004-08-10,5.795716,5.795716,5.795716,5.795716,0
2004-08-11,5.746648,5.746648,5.746648,5.746648,0
2004-08-12,5.730289,5.730289,5.730289,5.730289,0
2004-08-13,5.746648,5.746648,5.746648,5.746648,0
2004-08-16,5.784812,5.784812,5.784812,5.784812,0
2004-08-17,5.784812,5.784812,5.784812,5.784812,0
2004-08-18,5.795716,5.795716,5.795716,5.795716,0
2004-08-19,5.85569,5.85569,5.85569,5.85569,0
2004-08-20,5.85024,5.85024,5.85024,5.85024,0
2004-08-23,5.85024,5.85024,5.85024,5.85024,0
2004-08-24,5.822977,5.822977,5.822977,5.822977,0
2004-08-25,5.839336,5.839336,5.839336,5.839336,0
2004-08-26,5.877499,5.877499,5.877499,5.877499,0
2004-08-27,5.899309,5.899309,5.899309,5.899309,0
2004-08-30,5.893857,5.893857,5.893857,5.893857,0
2004-08-31,5.888405,5.888405,5.888405,5.888405,0
2004-09-01,5.937473,5.937473,5.937473,5.937473,0
2004-09-02,5.948379,5.948379,5.948379,5.948379,0
2004-09-03,5.915664,5.915664,5.915664,5.915664,0
2004-09-07,5.970188,5.970188,5.970188,5.970188,0
2004-09-08,5.986543,5.986543,5.986543,5.986543,0
2004-09-09,5.959284,5.959284,5.959284,5.959284,0
2004-09-10,6.019257,6.019257,6.019257,6.019257,0
2004-09-13,6.046519,6.046519,6.046519,6.046519,0
2004-09-14,6.062874,6.062874,6.062874,6.062874,0
2004-09-15,5.986543,5.986543,5.986543,5.986543,0
2004-09-16,6.013805,6.013805,6.013805,6.013805,0
2004-09-17,6.030163,6.030163,6.030163,6.030163,0
2004-09-20,6.019257,6.019257,6.019257,6.019257,0
2004-09-21,6.07378,6.07378,6.07378,6.07378,0
2004-09-22,6.035614,6.035614,6.035614,6.035614,0
2004-09-23,6.030163,6.030163,6.030163,6.030163,0
2004-09-24,6.008352,6.008352,6.008352,6.008352,0
2004-09-27,5.981091,5.981091,5.981091,5.981091,0
2004-09-28,6.002902,6.002902,6.002902,6.002902,0
2004-09-29,6.024708,6.024708,6.024708,6.024708,0
2004-09-30,6.062874,6.062874,6.062874,6.062874,0
2004-10-01,6.155562,6.155562,6.155562,6.155562,0
2004-10-04,6.177372,6.177372,6.177372,6.177372,0
2004-10-05,6.19373,6.19373,6.19373,6.19373,0
2004-10-06,6.199181,6.199181,6.199181,6.199181,0
2004-10-07,6.188275,6.188275,6.188275,6.188275,0
2004-10-08,6.226442,6.226442,6.226442,6.226442,0
2004-10-11,6.220989,6.220989,6.220989,6.220989,0
2004-10-12,6.133752,6.133752,6.133752,6.133752,0
2004-10-13,6.117398,6.117398,6.117398,6.117398,0
2004-10-14,6.111944,6.111944,6.111944,6.111944,0
2004-10-15,6.139205,6.139205,6.139205,6.139205,0
2004-10-18,6.128302,6.128302,6.128302,6.128302,0
2004-10-19,6.188275,6.188275,6.188275,6.188275,0
2004-10-20,6.155562,6.155562,6.155562,6.155562,0
2004-10-21,6.182825,6.182825,6.182825,6.182825,0
2004-10-22,6.182825,6.182825,6.182825,6.182825,0
2004-10-25,6.161016,6.161016,6.161016,6.161016,0
2004-10-26,6.177372,6.177372,6.177372,6.177372,0
2004-10-27,6.253704,6.253704,6.253704,6.253704,0
2004-10-28,6.280966,6.280966,6.280966,6.280966,0
2004-10-29,6.259154,6.259154,6.259154,6.259154,0
2004-11-01,6.297322,6.297322,6.297322,6.297322,0
2004-11-02,6.346392,6.346392,6.346392,6.346392,0
2004-11-03,6.428175,6.428175,6.428175,6.428175,0
2004-11-04,6.455435,6.455435,6.455435,6.455435,0
2004-11-05,6.493601,6.493601,6.493601,6.493601,0
2004-11-08,6.482698,6.482698,6.482698,6.482698,0
2004-11-09,6.471794,6.471794,6.471794,6.471794,0
2004-11-10,6.471794,6.471794,6.471794,6.471794,0
2004-11-11,6.509958,6.509958,6.509958,6.509958,0
2004-11-12,6.564482,6.564482,6.564482,6.564482,0
2004-11-15,6.597191,6.597191,6.597191,6.597191,0
2004-11-16,6.575383,6.575383,6.575383,6.575383,0
2004-11-17,6.651715,6.651715,6.651715,6.651715,0
2004-11-18,6.635358,6.635358,6.635358,6.635358,0
2004-11-19,6.619003,6.619003,6.619003,6.619003,0
2004-11-22,6.575383,6.575383,6.575383,6.575383,0
2004-11-23,6.602647,6.602647,6.602647,6.602647,0
2004-11-24,6.64081,6.64081,6.64081,6.64081,0
2004-11-26,6.706238,6.706238,6.706238,6.706238,0
2004-11-29,6.733501,6.733501,6.733501,6.733501,0
2004-11-30,6.711692,6.711692,6.711692,6.711692,0
2004-12-01,6.771664,6.771664,6.771664,6.771664,0
2004-12-02,6.782568,6.782568,6.782568,6.782568,0
2004-12-03,6.820734,6.820734,6.820734,6.820734,0
2004-12-06,6.804379,6.804379,6.804379,6.804379,0
2004-12-07,6.798925,6.798925,6.798925,6.798925,0
2004-12-08,6.706238,6.706238,6.706238,6.706238,0
2004-12-09,6.646263,6.646263,6.646263,6.646263,0
2004-12-10,6.629906,6.629906,6.629906,6.629906,0
2004-12-13,6.711692,6.711692,6.711692,6.711692,0
2004-12-14,6.728046,6.728046,6.728046,6.728046,0
2004-12-15,6.804379,6.804379,6.804379,6.804379,0
2004-12-16,6.777118,6.777118,6.777118,6.777118,0
2004-12-17,6.744402,6.744402,6.744402,6.744402,0
2004-12-20,6.826187,6.826187,6.826187,6.826187,0
2004-12-21,6.80983,6.80983,6.80983,6.80983,0
2004-12-22,6.847999,6.847999,6.847999,6.847999,0
2004-12-23,6.897069,6.897069,6.897069,6.897069,0
2004-12-27,6.962491,6.962491,6.962491,6.962491,0
2004-12-28,6.973397,6.973397,6.973397,6.973397,0
2004-12-29,6.953923,6.953923,6.953923,6.953923,0
2004-12-30,6.99843,6.99843,6.99843,6.99843,0
2004-12-31,7.00956,7.00956,7.00956,7.00956,0
2005-01-03,6.981739,6.981739,6.981739,6.981739,0
2005-01-04,6.90942,6.90942,6.90942,6.90942,0
2005-01-05,6.84823,6.84823,6.84823,6.84823,0
2005-01-06,6.814847,6.814847,6.814847,6.814847,0
2005-01-07,6.798159,6.798159,6.798159,6.798159,0
2005-01-10,6.825973,6.825973,6.825973,6.825973,0
2005-01-11,6.837101,6.837101,6.837101,6.837101,0
2005-01-12,6.853792,6.853792,6.853792,6.853792,0
2005-01-13,6.837101,6.837101,6.837101,6.837101,0
2005-01-14,6.831538,6.831538,6.831538,6.831538,0
2005-01-18,6.820411,6.820411,6.820411,6.820411,0
2005-01-19,6.837101,6.837101,6.837101,6.837101,0
2005-01-20,6.76478,6.76478,6.76478,6.76478,0
2005-01-21,6.775905,6.775905,6.775905,6.775905,0
2005-01-24,6.803722,6.803722,6.803722,6.803722,0
2005-01-25,6.781469,6.781469,6.781469,6.781469,0
2005-01-26,6.859355,6.859355,6.859355,6.859355,0
2005-01-27,6.864915,6.864915,6.864915,6.864915,0
2005-01-28,6.837101,6.837101,6.837101,6.837101,0
2005-01-31,6.892733,6.892733,6.892733,6.892733,0
2005-02-01,6.90942,6.90942,6.90942,6.90942,0
2005-02-02,6.942799,6.942799,6.942799,6.942799,0
2005-02-03,6.898292,6.898292,6.898292,6.898292,0
2005-02-04,6.953923,6.953923,6.953923,6.953923,0
2005-02-07,6.948363,6.948363,6.948363,6.948363,0
2005-02-08,6.90942,6.90942,6.90942,6.90942,0
2005-02-09,6.920544,6.920544,6.920544,6.920544,0
2005-02-10,6.965052,6.965052,6.965052,6.965052,0
2005-02-11,7.003993,7.003993,7.003993,7.003993,0
2005-02-14,7.07075,7.07075,7.07075,7.07075,0
2005-02-15,7.098567,7.098567,7.098567,7.098567,0
2005-02-16,7.065191,7.065191,7.065191,7.065191,0
2005-02-17,7.098567,7.098567,7.098567,7.098567,0
2005-02-18,7.115255,7.115255,7.115255,7.115255,0
2005-02-22,7.154201,7.154201,7.154201,7.154201,0
2005-02-23,7.104131,7.104131,7.104131,7.104131,0
2005-02-24,7.131946,7.131946,7.131946,7.131946,0
2005-02-25,7.193141,7.193141,7.193141,7.193141,0
2005-02-28,7.215396,7.215396,7.215396,7.215396,0
2005-03-01,7.237644,7.237644,7.237644,7.237644,0
2005-03-02,7.176452,7.176452,7.176452,7.176452,0
2005-03-03,7.198705,7.198705,7.198705,7.198705,0
2005-03-04,7.298838,7.298838,7.298838,7.298838,0
2005-03-07,7.271022,7.271022,7.271022,7.271022,0
2005-03-08,7.298838,7.298838,7.298838,7.298838,0
2005-03-09,7.259896,7.259896,7.259896,7.259896,0
2005-03-10,7.265463,7.265463,7.265463,7.265463,0
2005-03-11,7.276587,7.276587,7.276587,7.276587,0
2005-03-14,7.232083,7.232083,7.232083,7.232083,0
2005-03-15,7.204265,7.204265,7.204265,7.204265,0
2005-03-16,7.198705,7.198705,7.198705,7.198705,0
2005-03-17,7.193141,7.193141,7.193141,7.193141,0
2005-03-18,7.176452,7.176452,7.176452,7.176452,0
2005-03-21,7.126383,7.126383,7.126383,7.126383,0
2005-03-22,7.0485,7.0485,7.0485,7.0485,0
2005-03-23,7.00956,7.00956,7.00956,7.00956,0
2005-03-24,6.992868,6.992868,6.992868,6.992868,0
2005-03-28,6.987307,6.987307,6.987307,6.987307,0
2005-03-29,6.920544,6.920544,6.920544,6.920544,0
2005-03-30,6.992868,6.992868,6.992868,6.992868,0
2005-03-31,7.003993,7.003993,7.003993,7.003993,0
2005-04-01,7.003993,7.003993,7.003993,7.003993,0
2005-04-04,6.948363,6.948363,6.948363,6.948363,0
2005-04-05,6.992868,6.992868,6.992868,6.992868,0
2005-04-06,7.00956,7.00956,7.00956,7.00956,0
2005-04-07,7.076318,7.076318,7.076318,7.076318,0
2005-04-08,7.026246,7.026246,7.026246,7.026246,0
2005-04-11,7.076318,7.076318,7.076318,7.076318,0
2005-04-12,7.054063,7.054063,7.054063,7.054063,0
2005-04-13,7.026246,7.026246,7.026246,7.026246,0
2005-04-14,6.948363,6.948363,6.948363,6.948363,0
2005-04-15,6.870479,6.870479,6.870479,6.870479,0
2005-04-18,6.814847,6.814847,6.814847,6.814847,0
2005-04-19,6.887167,6.887167,6.887167,6.887167,0
2005-04-20,6.825973,6.825973,6.825973,6.825973,0
2005-04-21,6.937236,6.937236,6.937236,6.937236,0
2005-04-22,6.90942,6.90942,6.90942,6.90942,0
2005-04-25,6.937236,6.937236,6.937236,6.937236,0
2005-04-26,6.870479,6.870479,6.870479,6.870479,0
2005-04-27,6.853792,6.853792,6.853792,6.853792,0
2005-04-28,6.781469,6.781469,6.781469,6.781469,0
2005-04-29,6.859355,6.859355,6.859355,6.859355,0
2005-05-02,6.853792,6.853792,6.853792,6.853792,0
2005-05-03,6.870479,6.870479,6.870479,6.870479,0
2005-05-04,6.965052,6.965052,6.965052,6.965052,0
2005-05-05,6.97618,6.97618,6.97618,6.97618,0
2005-05-06,6.970614,6.970614,6.970614,6.970614,0
2005-05-09,6.965052,6.965052,6.965052,6.965052,0
2005-05-10,6.898292,6.898292,6.898292,6.898292,0
2005-05-11,6.898292,6.898292,6.898292,6.898292,0
2005-05-12,6.820411,6.820411,6.820411,6.820411,0
2005-05-13,6.792596,6.792596,6.792596,6.792596,0
2005-05-16,6.792596,6.792596,6.792596,6.792596,0
2005-05-17,6.803722,6.803722,6.803722,6.803722,0
2005-05-18,6.84823,6.84823,6.84823,6.84823,0
2005-05-19,6.881606,6.881606,6.881606,6.881606,0
2005-05-20,6.84823,6.84823,6.84823,6.84823,0
2005-05-23,6.898292,6.898292,6.898292,6.898292,0
2005-05-24,6.903853,6.903853,6.903853,6.903853,0
2005-05-25,6.876042,6.876042,6.876042,6.876042,0
2005-05-26,6.892733,6.892733,6.892733,6.892733,0
2005-05-27,6.914985,6.914985,6.914985,6.914985,0
2005-05-31,6.864915,6.864915,6.864915,6.864915,0
2005-06-01,6.90942,6.90942,6.90942,6.90942,0
2005-06-02,6.931674,6.931674,6.931674,6.931674,0
2005-06-03,6.903853,6.903853,6.903853,6.903853,0
2005-06-06,6.926112,6.926112,6.926112,6.926112,0
2005-06-07,6.948363,6.948363,6.948363,6.948363,0
2005-06-08,6.981739,6.981739,6.981739,6.981739,0
2005-06-09,6.937236,6.937236,6.937236,6.937236,0
2005-06-10,6.920544,6.920544,6.920544,6.920544,0
2005-06-13,6.892733,6.892733,6.892733,6.892733,0
2005-06-14,6.920544,6.920544,6.920544,6.920544,0
2005-06-15,6.942799,6.942799,6.942799,6.942799,0
2005-06-16,6.970614,6.970614,6.970614,6.970614,0
2005-06-17,7.059624,7.059624,7.059624,7.059624,0
2005-06-20,7.015119,7.015119,7.015119,7.015119,0
2005-06-21,7.026246,7.026246,7.026246,7.026246,0
2005-06-22,7.042936,7.042936,7.042936,7.042936,0
2005-06-23,6.992868,6.992868,6.992868,6.992868,0
2005-06-24,6.965052,6.965052,6.965052,6.965052,0
2005-06-27,6.959488,6.959488,6.959488,6.959488,0
2005-06-28,6.992868,6.992868,6.992868,6.992868,0
2005-06-29,6.97618,6.97618,6.97618,6.97618,0
2005-06-30,6.953923,6.953923,6.953923,6.953923,0
2005-07-01,6.959488,6.959488,6.959488,6.959488,0
2005-07-05,6.942799,6.942799,6.942799,6.942799,0
2005-07-06,6.937236,6.937236,6.937236,6.937236,0
2005-07-07,6.892733,6.892733,6.892733,6.892733,0
2005-07-08,6.953923,6.953923,6.953923,6.953923,0
2005-07-11,7.042936,7.042936,7.042936,7.042936,0
2005-07-12,7.098567,7.098567,7.098567,7.098567,0
2005-07-13,7.065191,7.065191,7.065191,7.065191,0
2005-07-14,7.104131,7.104131,7.104131,7.104131,0
2005-07-15,7.076318,7.076318,7.076318,7.076318,0
2005-07-18,7.065191,7.065191,7.065191,7.065191,0
2005-07-19,7.042936,7.042936,7.042936,7.042936,0
2005-07-20,7.131946,7.131946,7.131946,7.131946,0
2005-07-21,7.137507,7.137507,7.137507,7.137507,0
2005-07-22,7.154201,7.154201,7.154201,7.154201,0
2005-07-25,7.115255,7.115255,7.115255,7.115255,0
2005-07-26,7.109697,7.109697,7.109697,7.109697,0
2005-07-27,7.154201,7.154201,7.154201,7.154201,0
2005-07-28,7.198705,7.198705,7.198705,7.198705,0
2005-07-29,7.20983,7.20983,7.20983,7.20983,0
2005-08-01,7.271022,7.271022,7.271022,7.271022,0
2005-08-02,7.337785,7.337785,7.337785,7.337785,0
2005-08-03,7.371162,7.371162,7.371162,7.371162,0
2005-08-04,7.332222,7.332222,7.332222,7.332222,0
2005-08-05,7.276587,7.276587,7.276587,7.276587,0
2005-08-08,7.321092,7.321092,7.321092,7.321092,0
2005-08-09,7.376725,7.376725,7.376725,7.376725,0
2005-08-10,7.465737,7.465737,7.465737,7.465737,0
2005-08-11,7.538056,7.538056,7.538056,7.538056,0
2005-08-12,7.515801,7.515801,7.515801,7.515801,0
2005-08-15,7.504677,7.504677,7.504677,7.504677,0
2005-08-16,7.443485,7.443485,7.443485,7.443485,0
2005-08-17,7.437918,7.437918,7.437918,7.437918,0
2005-08-18,7.34891,7.34891,7.34891,7.34891,0
2005-08-19,7.360035,7.360035,7.360035,7.360035,0
2005-08-22,7.454608,7.454608,7.454608,7.454608,0
2005-08-23,7.398981,7.398981,7.398981,7.398981,0
2005-08-24,7.360035,7.360035,7.360035,7.360035,0
2005-08-25,7.376725,7.376725,7.376725,7.376725,0
2005-08-26,7.3656,7.3656,7.3656,7.3656,0
2005-08-29,7.343348,7.343348,7.343348,7.343348,0
2005-08-30,7.298838,7.298838,7.298838,7.298838,0
2005-08-31,7.415669,7.415669,7.415669,7.415669,0
2005-09-01,7.532494,7.532494,7.532494,7.532494,0
2005-09-02,7.571435,7.571435,7.571435,7.571435,0
2005-09-06,7.649318,7.649318,7.649318,7.649318,0
2005-09-07,7.643753,7.643753,7.643753,7.643753,0
2005-09-08,7.599251,7.599251,7.599251,7.599251,0
2005-09-09,7.682695,7.682695,7.682695,7.682695,0
2005-09-12,7.643753,7.643753,7.643753,7.643753,0
2005-09-13,7.576996,7.576996,7.576996,7.576996,0
2005-09-14,7.610379,7.610379,7.610379,7.610379,0
2005-09-15,7.610379,7.610379,7.610379,7.610379,0
2005-09-16,7.666008,7.666008,7.666008,7.666008,0
2005-09-19,7.627068,7.627068,7.627068,7.627068,0
2005-09-20,7.643753,7.643753,7.643753,7.643753,0
2005-09-21,7.643753,7.643753,7.643753,7.643753,0
2005-09-22,7.610379,7.610379,7.610379,7.610379,0
2005-09-23,7.582561,7.582561,7.582561,7.582561,0
2005-09-26,7.643753,7.643753,7.643753,7.643753,0
2005-09-27,7.627068,7.627068,7.627068,7.627068,0
2005-09-28,7.693824,7.693824,7.693824,7.693824,0
2005-09-29,7.766146,7.766146,7.766146,7.766146,0
2005-09-30,7.766146,7.766146,7.766146,7.766146,0
2005-10-03,7.721641,7.721641,7.721641,7.721641,0
2005-10-04,7.721641,7.721641,7.721641,7.721641,0
2005-10-05,7.627068,7.627068,7.627068,7.627068,0
2005-10-06,7.560309,7.560309,7.560309,7.560309,0
2005-10-07,7.588125,7.588125,7.588125,7.588125,0
2005-10-10,7.55474,7.55474,7.55474,7.55474,0
2005-10-11,7.593686,7.593686,7.593686,7.593686,0
2005-10-12,7.538056,7.538056,7.538056,7.538056,0
2005-10-13,7.437918,7.437918,7.437918,7.437918,0
2005-10-14,7.52693,7.52693,7.52693,7.52693,0
2005-10-17,7.482424,7.482424,7.482424,7.482424,0
2005-10-18,7.376725,7.376725,7.376725,7.376725,0
2005-10-19,7.371162,7.371162,7.371162,7.371162,0
2005-10-20,7.282151,7.282151,7.282151,7.282151,0
2005-10-21,7.332222,7.332222,7.332222,7.332222,0
2005-10-24,7.404544,7.404544,7.404544,7.404544,0
2005-10-25,7.432359,7.432359,7.432359,7.432359,0
2005-10-26,7.426793,7.426793,7.426793,7.426793,0
2005-10-27,7.393417,7.393417,7.393417,7.393417,0
2005-10-28,7.432359,7.432359,7.432359,7.432359,0
2005-10-31,7.504677,7.504677,7.504677,7.504677,0
2005-11-01,7.538056,7.538056,7.538056,7.538056,0
2005-11-02,7.621503,7.621503,7.621503,7.621503,0
2005-11-03,7.671574,7.671574,7.671574,7.671574,0
2005-11-04,7.582561,7.582561,7.582561,7.582561,0
2005-11-07,7.604812,7.604812,7.604812,7.604812,0
2005-11-08,7.576996,7.576996,7.576996,7.576996,0
2005-11-09,7.571435,7.571435,7.571435,7.571435,0
2005-11-10,7.599251,7.599251,7.599251,7.599251,0
2005-11-11,7.632631,7.632631,7.632631,7.632631,0
2005-11-14,7.599251,7.599251,7.599251,7.599251,0
2005-11-15,7.538056,7.538056,7.538056,7.538056,0
2005-11-16,7.54918,7.54918,7.54918,7.54918,0
2005-11-17,7.660443,7.660443,7.660443,7.660443,0
2005-11-18,7.688261,7.688261,7.688261,7.688261,0
2005-11-21,7.732767,7.732767,7.732767,7.732767,0
2005-11-22,7.699384,7.699384,7.699384,7.699384,0
2005-11-23,7.777268,7.777268,7.777268,7.777268,0
2005-11-25,7.749454,7.749454,7.749454,7.749454,0
2005-11-28,7.727204,7.727204,7.727204,7.727204,0
2005-11-29,7.738327,7.738327,7.738327,7.738327,0
2005-11-30,7.704953,7.704953,7.704953,7.704953,0
2005-12-01,7.821777,7.821777,7.821777,7.821777,0
2005-12-02,7.85516,7.85516,7.85516,7.85516,0
2005-12-05,7.87741,7.87741,7.87741,7.87741,0
2005-12-06,7.916351,7.916351,7.916351,7.916351,0
2005-12-07,7.888536,7.888536,7.888536,7.888536,0
2005-12-08,7.894096,7.894096,7.894096,7.894096,0
2005-12-09,7.938603,7.938603,7.938603,7.938603,0
2005-12-12,8.02205,8.02205,8.02205,8.02205,0
2005-12-13,8.055429,8.055429,8.055429,8.055429,0
2005-12-14,8.077679,8.077679,8.077679,8.077679,0
2005-12-15,8.00536,8.00536,8.00536,8.00536,0
2005-12-16,8.060991,8.060991,8.060991,8.060991,0
2005-12-19,8.049863,8.049863,8.049863,8.049863,0
2005-12-20,8.066554,8.066554,8.066554,8.066554,0
2005-12-21,8.083245,8.083245,8.083245,8.083245,0
2005-12-22,8.122189,8.122189,8.122189,8.122189,0
2005-12-23,8.133315,8.133315,8.133315,8.133315,0
2005-12-27,8.099934,8.099934,8.099934,8.099934,0
2005-12-28,8.166688,8.166688,8.166688,8.166688,0
2005-12-29,8.157608,8.157608,8.157608,8.157608,0
2005-12-30,8.100839,8.100839,8.100839,8.100839,0
2006-01-03,8.333587,8.333587,8.333587,8.333587,0
2006-01-04,8.447127,8.447127,8.447127,8.447127,0
2006-01-05,8.430099,8.430099,8.430099,8.430099,0
2006-01-06,8.537953,8.537953,8.537953,8.537953,0
2006-01-09,8.543633,8.543633,8.543633,8.543633,0
2006-01-10,8.464157,8.464157,8.464157,8.464157,0
2006-01-11,8.532279,8.532279,8.532279,8.532279,0
2006-01-12,8.498219,8.498219,8.498219,8.498219,0
2006-01-13,8.498219,8.498219,8.498219,8.498219,0
2006-01-17,8.390362,8.390362,8.390362,8.390362,0
2006-01-18,8.282498,8.282498,8.282498,8.282498,0
2006-01-19,8.413062,8.413062,8.413062,8.413062,0
2006-01-20,8.282498,8.282498,8.282498,8.282498,0
2006-01-23,8.390362,8.390362,8.390362,8.390362,0
2006-01-24,8.424417,8.424417,8.424417,8.424417,0
2006-01-25,8.469835,8.469835,8.469835,8.469835,0
2006-01-26,8.583369,8.583369,8.583369,8.583369,0
2006-01-27,8.645812,8.645812,8.645812,8.645812,0
2006-01-30,8.617434,8.617434,8.617434,8.617434,0
2006-01-31,8.65717,8.65717,8.65717,8.65717,0
2006-02-01,8.685555,8.685555,8.685555,8.685555,0
2006-02-02,8.577693,8.577693,8.577693,8.577693,0
2006-02-03,8.520926,8.520926,8.520926,8.520926,0
2006-02-06,8.554984,8.554984,8.554984,8.554984,0
2006-02-07,8.481188,8.481188,8.481188,8.481188,0
2006-02-08,8.469835,8.469835,8.469835,8.469835,0
2006-02-09,8.503892,8.503892,8.503892,8.503892,0
2006-02-10,8.498219,8.498219,8.498219,8.498219,0
2006-02-13,8.424417,8.424417,8.424417,8.424417,0
2006-02-14,8.469835,8.469835,8.469835,8.469835,0
2006-02-15,8.464157,8.464157,8.464157,8.464157,0
2006-02-16,8.503892,8.503892,8.503892,8.503892,0
2006-02-17,8.498219,8.498219,8.498219,8.498219,0
2006-02-21,8.515248,8.515248,8.515248,8.515248,0
2006-02-22,8.560663,8.560663,8.560663,8.560663,0
2006-02-23,8.594724,8.594724,8.594724,8.594724,0
2006-02-24,8.628785,8.628785,8.628785,8.628785,0
2006-02-27,8.668526,8.668526,8.668526,8.668526,0
2006-02-28,8.594724,8.594724,8.594724,8.594724,0
2006-03-01,8.6742,8.6742,8.6742,8.6742,0
2006-03-02,8.623107,8.623107,8.623107,8.623107,0
2006-03-03,8.594724,8.594724,8.594724,8.594724,0
2006-03-06,8.589046,8.589046,8.589046,8.589046,0
2006-03-07,8.475511,8.475511,8.475511,8.475511,0
2006-03-08,8.452806,8.452806,8.452806,8.452806,0
2006-03-09,8.49254,8.49254,8.49254,8.49254,0
2006-03-10,8.549309,8.549309,8.549309,8.549309,0
2006-03-13,8.634459,8.634459,8.634459,8.634459,0
2006-03-14,8.736643,8.736643,8.736643,8.736643,0
2006-03-15,8.759352,8.759352,8.759352,8.759352,0
2006-03-16,8.787736,8.787736,8.787736,8.787736,0
2006-03-17,8.827477,8.827477,8.827477,8.827477,0
2006-03-20,8.867211,8.867211,8.867211,8.867211,0
2006-03-21,8.793415,8.793415,8.793415,8.793415,0
2006-03-22,8.844506,8.844506,8.844506,8.844506,0
2006-03-23,8.759352,8.759352,8.759352,8.759352,0
2006-03-24,8.80477,8.80477,8.80477,8.80477,0
2006-03-27,8.810444,8.810444,8.810444,8.810444,0
2006-03-28,8.776383,8.776383,8.776383,8.776383,0
2006-03-29,8.80477,8.80477,8.80477,8.80477,0
2006-03-30,8.918305,8.918305,8.918305,8.918305,0
2006-03-31,8.867211,8.867211,8.867211,8.867211,0
2006-04-03,8.963719,8.963719,8.963719,8.963719,0
2006-04-04,9.054548,9.054548,9.054548,9.054548,0
2006-04-05,9.094284,9.094284,9.094284,9.094284,0
2006-04-06,9.111314,9.111314,9.111314,9.111314,0
2006-04-07,9.014809,9.014809,9.014809,9.014809,0
2006-04-10,9.031839,9.031839,9.031839,9.031839,0
2006-04-11,8.946683,8.946683,8.946683,8.946683,0
2006-04-12,8.929657,8.929657,8.929657,8.929657,0
2006-04-13,8.935331,8.935331,8.935331,8.935331,0
2006-04-17,8.997779,8.997779,8.997779,8.997779,0
2006-04-18,9.134024,9.134024,9.134024,9.134024,0
2006-04-19,9.207821,9.207821,9.207821,9.207821,0
2006-04-20,9.202148,9.202148,9.202148,9.202148,0
2006-04-21,9.275941,9.275941,9.275941,9.275941,0
2006-04-24,9.241885,9.241885,9.241885,9.241885,0
2006-04-25,9.253233,9.253233,9.253233,9.253233,0
2006-04-26,9.315681,9.315681,9.315681,9.315681,0
2006-04-27,9.33839,9.33839,9.33839,9.33839,0
2006-04-28,9.32136,9.32136,9.32136,9.32136,0
2006-05-01,9.372451,9.372451,9.372451,9.372451,0
2006-05-02,9.503016,9.503016,9.503016,9.503016,0
2006-05-03,9.440572,9.440572,9.440572,9.440572,0
2006-05-04,9.508695,9.508695,9.508695,9.508695,0
2006-05-05,9.64494,9.64494,9.64494,9.64494,0
2006-05-08,9.673321,9.673321,9.673321,9.673321,0
2006-05-09,9.713059,9.713059,9.713059,9.713059,0
2006-05-10,9.673321,9.673321,9.673321,9.673321,0
2006-05-11,9.588169,9.588169,9.588169,9.588169,0
2006-05-12,9.440572,9.440572,9.440572,9.440572,0
2006-05-15,9.33839,9.33839,9.33839,9.33839,0
2006-05-16,9.304329,9.304329,9.304329,9.304329,0
2006-05-17,9.054548,9.054548,9.054548,9.054548,0
2006-05-18,9.003454,9.003454,9.003454,9.003454,0
2006-05-19,8.986424,8.986424,8.986424,8.986424,0
2006-05-22,8.782061,8.782061,8.782061,8.782061,0
2006-05-23,8.867211,8.867211,8.867211,8.867211,0
2006-05-24,8.782061,8.782061,8.782061,8.782061,0
2006-05-25,8.884238,8.884238,8.884238,8.884238,0
2006-05-26,8.997779,8.997779,8.997779,8.997779,0
2006-05-30,8.861536,8.861536,8.861536,8.861536,0
2006-05-31,8.906952,8.906952,8.906952,8.906952,0
2006-06-01,8.958039,8.958039,8.958039,8.958039,0
2006-06-02,9.037518,9.037518,9.037518,9.037518,0
2006-06-05,8.895598,8.895598,8.895598,8.895598,0
2006-06-06,8.730968,8.730968,8.730968,8.730968,0
2006-06-07,8.634459,8.634459,8.634459,8.634459,0
2006-06-08,8.401712,8.401712,8.401712,8.401712,0
2006-06-09,8.452806,8.452806,8.452806,8.452806,0
2006-06-12,8.333587,8.333587,8.333587,8.333587,0
2006-06-13,8.100839,8.100839,8.100839,8.100839,0
2006-06-14,8.231406,8.231406,8.231406,8.231406,0
2006-06-15,8.469835,8.469835,8.469835,8.469835,0
2006-06-16,8.435774,8.435774,8.435774,8.435774,0
2006-06-19,8.367652,8.367652,8.367652,8.367652,0
2006-06-20,8.396034,8.396034,8.396034,8.396034,0
2006-06-21,8.475511,8.475511,8.475511,8.475511,0
2006-06-22,8.486867,8.486867,8.486867,8.486867,0
2006-06-23,8.464157,8.464157,8.464157,8.464157,0
2006-06-26,8.486867,8.486867,8.486867,8.486867,0
2006-06-27,8.413062,8.413062,8.413062,8.413062,0
2006-06-28,8.452806,8.452806,8.452806,8.452806,0
2006-06-29,8.742318,8.742318,8.742318,8.742318,0
2006-06-30,8.872891,8.872891,8.872891,8.872891,0
2006-07-03,8.969393,8.969393,8.969393,8.969393,0
2006-07-05,8.793415,8.793415,8.793415,8.793415,0
2006-07-06,8.872891,8.872891,8.872891,8.872891,0
2006-07-07,8.855862,8.855862,8.855862,8.855862,0
2006-07-10,8.906952,8.906952,8.906952,8.906952,0
2006-07-11,8.901271,8.901271,8.901271,8.901271,0
2006-07-12,8.765028,8.765028,8.765028,8.765028,0
2006-07-13,8.623107,8.623107,8.623107,8.623107,0
2006-07-14,8.526602,8.526602,8.526602,8.526602,0
2006-07-17,8.407388,8.407388,8.407388,8.407388,0
2006-07-18,8.384683,8.384683,8.384683,8.384683,0
2006-07-19,8.572019,8.572019,8.572019,8.572019,0
2006-07-20,8.577693,8.577693,8.577693,8.577693,0
2006-07-21,8.566342,8.566342,8.566342,8.566342,0
2006-07-24,8.713938,8.713938,8.713938,8.713938,0
2006-07-25,8.759352,8.759352,8.759352,8.759352,0
2006-07-26,8.730968,8.730968,8.730968,8.730968,0
2006-07-27,8.861536,8.861536,8.861536,8.861536,0
2006-07-28,9.003454,9.003454,9.003454,9.003454,0
2006-07-31,8.975072,8.975072,8.975072,8.975072,0
2006-08-01,8.878564,8.878564,8.878564,8.878564,0
2006-08-02,9.009134,9.009134,9.009134,9.009134,0
2006-08-03,8.958039,8.958039,8.958039,8.958039,0
2006-08-04,9.043193,9.043193,9.043193,9.043193,0
2006-08-07,8.941009,8.941009,8.941009,8.941009,0
2006-08-08,8.935331,8.935331,8.935331,8.935331,0
2006-08-09,8.997779,8.997779,8.997779,8.997779,0
2006-08-10,8.980744,8.980744,8.980744,8.980744,0
2006-08-11,8.935331,8.935331,8.935331,8.935331,0
2006-08-14,8.975072,8.975072,8.975072,8.975072,0
2006-08-15,9.128345,9.128345,9.128345,9.128345,0
2006-08-16,9.230531,9.230531,9.230531,9.230531,0
2006-08-17,9.236206,9.236206,9.236206,9.236206,0
2006-08-18,9.2135,9.2135,9.2135,9.2135,0
2006-08-21,9.202148,9.202148,9.202148,9.202148,0
2006-08-22,9.179438,9.179438,9.179438,9.179438,0
2006-08-23,9.12267,9.12267,9.12267,9.12267,0
2006-08-24,9.128345,9.128345,9.128345,9.128345,0
2006-08-25,9.094284,9.094284,9.094284,9.094284,0
2006-08-28,9.128345,9.128345,9.128345,9.128345,0
2006-08-29,9.16241,9.16241,9.16241,9.16241,0
2006-08-30,9.207821,9.207821,9.207821,9.207821,0
2006-08-31,9.202148,9.202148,9.202148,9.202148,0
2006-09-01,9.258915,9.258915,9.258915,9.258915,0
2006-09-05,9.315681,9.315681,9.315681,9.315681,0
2006-09-06,9.16241,9.16241,9.16241,9.16241,0
2006-09-07,9.065901,9.065901,9.065901,9.065901,0
2006-09-08,9.077254,9.077254,9.077254,9.077254,0
2006-09-11,8.997779,8.997779,8.997779,8.997779,0
2006-09-12,9.094284,9.094284,9.094284,9.094284,0
2006-09-13,9.08861,9.08861,9.08861,9.08861,0
2006-09-14,9.116991,9.116991,9.116991,9.116991,0
2006-09-15,9.082933,9.082933,9.082933,9.082933,0
2006-09-18,9.134024,9.134024,9.134024,9.134024,0
2006-09-19,9.105639,9.105639,9.105639,9.105639,0
2006-09-20,9.145374,9.145374,9.145374,9.145374,0
2006-09-21,9.134024,9.134024,9.134024,9.134024,0
2006-09-22,9.111314,9.111314,9.111314,9.111314,0
2006-09-25,9.116991,9.116991,9.116991,9.116991,0
2006-09-26,9.156731,9.156731,9.156731,9.156731,0
2006-09-27,9.236206,9.236206,9.236206,9.236206,0
2006-09-28,9.24756,9.24756,9.24756,9.24756,0
2006-09-29,9.224854,9.224854,9.224854,9.224854,0
2006-10-02,9.258915,9.258915,9.258915,9.258915,0
2006-10-03,9.24756,9.24756,9.24756,9.24756,0
2006-10-04,9.310004,9.310004,9.310004,9.310004,0
2006-10-05,9.366772,9.366772,9.366772,9.366772,0
2006-10-06,9.298649,9.298649,9.298649,9.298649,0
2006-10-09,9.275941,9.275941,9.275941,9.275941,0
2006-10-10,9.32136,9.32136,9.32136,9.32136,0
2006-10-11,9.310004,9.310004,9.310004,9.310004,0
2006-10-12,9.395159,9.395159,9.395159,9.395159,0
2006-10-13,9.40651,9.40651,9.40651,9.40651,0
2006-10-16,9.463279,9.463279,9.463279,9.463279,0
2006-10-17,9.400833,9.400833,9.400833,9.400833,0
2006-10-18,9.42922,9.42922,9.42922,9.42922,0
2006-10-19,9.485986,9.485986,9.485986,9.485986,0
2006-10-20,9.508695,9.508695,9.508695,9.508695,0
2006-10-23,9.525723,9.525723,9.525723,9.525723,0
2006-10-24,9.525723,9.525723,9.525723,9.525723,0
2006-10-25,9.582493,9.582493,9.582493,9.582493,0
2006-10-26,9.650615,9.650615,9.650615,9.650615,0
2006-10-27,9.576819,9.576819,9.576819,9.576819,0
2006-10-30,9.559785,9.559785,9.559785,9.559785,0
2006-10-31,9.593848,9.593848,9.593848,9.593848,0
2006-11-01,9.599524,9.599524,9.599524,9.599524,0
2006-11-02,9.616553,9.616553,9.616553,9.616553,0
2006-11-03,9.599524,9.599524,9.599524,9.599524,0
2006-11-06,9.718737,9.718737,9.718737,9.718737,0
2006-11-07,9.764153,9.764153,9.764153,9.764153,0
2006-11-08,9.735769,9.735769,9.735769,9.735769,0
2006-11-09,9.673321,9.673321,9.673321,9.673321,0
2006-11-10,9.747124,9.747124,9.747124,9.747124,0
2006-11-13,9.707385,9.707385,9.707385,9.707385,0
2006-11-14,9.786859,9.786859,9.786859,9.786859,0
2006-11-15,9.775505,9.775505,9.775505,9.775505,0
2006-11-16,9.764153,9.764153,9.764153,9.764153,0
2006-11-17,9.735769,9.735769,9.735769,9.735769,0
2006-11-20,9.673321,9.673321,9.673321,9.673321,0
2006-11-21,9.718737,9.718737,9.718737,9.718737,0
2006-11-22,9.82092,9.82092,9.82092,9.82092,0
2006-11-24,9.815246,9.815246,9.815246,9.815246,0
2006-11-27,9.713059,9.713059,9.713059,9.713059,0
2006-11-28,9.752798,9.752798,9.752798,9.752798,0
2006-11-29,9.917423,9.917423,9.917423,9.917423,0
2006-11-30,9.951486,9.951486,9.951486,9.951486,0
2006-12-01,9.940132,9.940132,9.940132,9.940132,0
2006-12-04,10.013929,10.013929,10.013929,10.013929,0
2006-12-05,10.047993,10.047993,10.047993,10.047993,0
2006-12-06,10.065023,10.065023,10.065023,10.065023,0
2006-12-07,10.076378,10.076378,10.076378,10.076378,0
2006-12-08,10.093409,10.093409,10.093409,10.093409,0
2006-12-11,10.065023,10.065023,10.065023,10.065023,0
2006-12-12,10.076378,10.076378,10.076378,10.076378,0
2006-12-13,10.121793,10.121793,10.121793,10.121793,0
2006-12-14,10.195589,10.195589,10.195589,10.195589,0
2006-12-15,10.17856,10.17856,10.17856,10.17856,0
2006-12-18,10.133144,10.133144,10.133144,10.133144,0
2006-12-19,10.15585,10.15585,10.15585,10.15585,0
2006-12-20,10.184238,10.184238,10.184238,10.184238,0
2006-12-21,10.172883,10.172883,10.172883,10.172883,0
2006-12-22,10.150175,10.150175,10.150175,10.150175,0
2006-12-26,10.189914,10.189914,10.189914,10.189914,0
2006-12-27,10.275062,10.275062,10.275062,10.275062,0
2006-12-28,10.282034,10.282034,10.282034,10.282034,0
2006-12-29,10.25881,10.25881,10.25881,10.25881,0
2007-01-03,10.34009,10.34009,10.34009,10.34009,0
2007-01-04,10.311063,10.311063,10.311063,10.311063,0
2007-01-05,10.136887,10.136887,10.136887,10.136887,0
2007-01-08,10.148501,10.148501,10.148501,10.148501,0
2007-01-09,10.142693,10.142693,10.142693,10.142693,0
2007-01-10,10.043997,10.043997,10.043997,10.043997,0
2007-01-11,10.096251,10.096251,10.096251,10.096251,0
2007-01-12,10.22978,10.22978,10.22978,10.22978,0
2007-01-16,10.235583,10.235583,10.235583,10.235583,0
2007-01-17,10.241393,10.241393,10.241393,10.241393,0
2007-01-18,10.22978,10.22978,10.22978,10.22978,0
2007-01-19,10.316865,10.316865,10.316865,10.316865,0
2007-01-22,10.299452,10.299452,10.299452,10.299452,0
2007-01-23,10.374925,10.374925,10.374925,10.374925,0
2007-01-24,10.450397,10.450397,10.450397,10.450397,0
2007-01-25,10.316865,10.316865,10.316865,10.316865,0
2007-01-26,10.276229,10.276229,10.276229,10.276229,0
2007-01-29,10.276229,10.276229,10.276229,10.276229,0
2007-01-30,10.35751,10.35751,10.35751,10.35751,0
2007-01-31,10.35751,10.35751,10.35751,10.35751,0
2007-02-01,10.485234,10.485234,10.485234,10.485234,0
2007-02-02,10.479426,10.479426,10.479426,10.479426,0
2007-02-05,10.444595,10.444595,10.444595,10.444595,0
2007-02-06,10.514262,10.514262,10.514262,10.514262,0
2007-02-07,10.554904,10.554904,10.554904,10.554904,0
2007-02-08,10.502652,10.502652,10.502652,10.502652,0
2007-02-09,10.462012,10.462012,10.462012,10.462012,0
2007-02-12,10.415568,10.415568,10.415568,10.415568,0
2007-02-13,10.531679,10.531679,10.531679,10.531679,0
2007-02-14,10.682637,10.682637,10.682637,10.682637,0
2007-02-15,10.71166,10.71166,10.71166,10.71166,0
2007-02-16,10.705856,10.705856,10.705856,10.705856,0
2007-02-20,10.723272,10.723272,10.723272,10.723272,0
2007-02-21,10.665214,10.665214,10.665214,10.665214,0
2007-02-22,10.71166,10.71166,10.71166,10.71166,0
2007-02-23,10.752302,10.752302,10.752302,10.752302,0
2007-02-26,10.775522,10.775522,10.775522,10.775522,0
2007-02-27,10.36331,10.36331,10.36331,10.36331,0
2007-02-28,10.36331,10.36331,10.36331,10.36331,0
2007-03-01,10.253004,10.253004,10.253004,10.253004,0
2007-03-02,10.131081,10.131081,10.131081,10.131081,0
2007-03-05,9.933687,9.933687,9.933687,9.933687,0
2007-03-06,10.194947,10.194947,10.194947,10.194947,0
2007-03-07,10.183339,10.183339,10.183339,10.183339,0
2007-03-08,10.328485,10.328485,10.328485,10.328485,0
2007-03-09,10.351702,10.351702,10.351702,10.351702,0
2007-03-12,10.409761,10.409761,10.409761,10.409761,0
2007-03-13,10.189141,10.189141,10.189141,10.189141,0
2007-03-14,10.165916,10.165916,10.165916,10.165916,0
2007-03-15,10.247198,10.247198,10.247198,10.247198,0
2007-03-16,10.247198,10.247198,10.247198,10.247198,0
2007-03-19,10.403953,10.403953,10.403953,10.403953,0
2007-03-20,10.473623,10.473623,10.473623,10.473623,0
2007-03-21,10.63618,10.63618,10.63618,10.63618,0
2007-03-22,10.70005,10.70005,10.70005,10.70005,0
2007-03-23,10.71166,10.71166,10.71166,10.71166,0
2007-03-26,10.717466,10.717466,10.717466,10.717466,0
2007-03-27,10.653604,10.653604,10.653604,10.653604,0
2007-03-28,10.58393,10.58393,10.58393,10.58393,0
2007-03-29,10.676829,10.676829,10.676829,10.676829,0
2007-03-30,10.653604,10.653604,10.653604,10.653604,0
2007-04-02,10.71166,10.71166,10.71166,10.71166,0
2007-04-03,10.827776,10.827776,10.827776,10.827776,0
2007-04-04,10.868419,10.868419,10.868419,10.868419,0
2007-04-05,10.914864,10.914864,10.914864,10.914864,0
2007-04-09,10.897445,10.897445,10.897445,10.897445,0
2007-04-10,10.996144,10.996144,10.996144,10.996144,0
2007-04-11,10.943892,10.943892,10.943892,10.943892,0
2007-04-12,11.013561,11.013561,11.013561,11.013561,0
2007-04-13,11.036787,11.036787,11.036787,11.036787,0
2007-04-16,11.181929,11.181929,11.181929,11.181929,0
2007-04-17,11.152898,11.152898,11.152898,11.152898,0
2007-04-18,11.152898,11.152898,11.152898,11.152898,0
2007-04-19,11.094842,11.094842,11.094842,11.094842,0
2007-04-20,11.234183,11.234183,11.234183,11.234183,0
2007-04-23,11.147095,11.147095,11.147095,11.147095,0
2007-04-24,11.129678,11.129678,11.129678,11.129678,0
2007-04-25,11.245794,11.245794,11.245794,11.245794,0
2007-04-26,11.170319,11.170319,11.170319,11.170319,0
2007-04-27,11.147095,11.147095,11.147095,11.147095,0
2007-04-30,11.071618,11.071618,11.071618,11.071618,0
2007-05-01,11.083233,11.083233,11.083233,11.083233,0
2007-05-02,11.181929,11.181929,11.181929,11.181929,0
2007-05-03,11.210959,11.210959,11.210959,11.210959,0
2007-05-04,11.298045,11.298045,11.298045,11.298045,0
2007-05-07,11.344492,11.344492,11.344492,11.344492,0
2007-05-08,11.251598,11.251598,11.251598,11.251598,0
2007-05-09,11.315462,11.315462,11.315462,11.315462,0
2007-05-10,11.118068,11.118068,11.118068,11.118068,0
2007-05-11,11.274821,11.274821,11.274821,11.274821,0
2007-05-14,11.234183,11.234183,11.234183,11.234183,0
2007-05-15,11.239985,11.239985,11.239985,11.239985,0
2007-05-16,11.28643,11.28643,11.28643,11.28643,0
2007-05-17,11.245794,11.245794,11.245794,11.245794,0
2007-05-18,11.327073,11.327073,11.327073,11.327073,0
2007-05-21,11.303848,11.303848,11.303848,11.303848,0
2007-05-22,11.309652,11.309652,11.309652,11.309652,0
2007-05-23,11.350299,11.350299,11.350299,11.350299,0
2007-05-24,11.228375,11.228375,11.228375,11.228375,0
2007-05-25,11.292238,11.292238,11.292238,11.292238,0
2007-05-29,11.321266,11.321266,11.321266,11.321266,0
2007-05-30,11.350299,11.350299,11.350299,11.350299,0
2007-05-31,11.414161,11.414161,11.414161,11.414161,0
2007-06-01,11.524471,11.524471,11.524471,11.524471,0
2007-06-04,11.547689,11.547689,11.547689,11.547689,0
2007-06-05,11.501246,11.501246,11.501246,11.501246,0
2007-06-06,11.350299,11.350299,11.350299,11.350299,0
2007-06-07,11.158706,11.158706,11.158706,11.158706,0
2007-06-08,11.251598,11.251598,11.251598,11.251598,0
2007-06-11,11.274821,11.274821,11.274821,11.274821,0
2007-06-12,11.129678,11.129678,11.129678,11.129678,0
2007-06-13,11.263209,11.263209,11.263209,11.263209,0
2007-06-14,11.36191,11.36191,11.36191,11.36191,0
2007-06-15,11.512858,11.512858,11.512858,11.512858,0
2007-06-18,11.536082,11.536082,11.536082,11.536082,0
2007-06-19,11.547689,11.547689,11.547689,11.547689,0
2007-06-20,11.448994,11.448994,11.448994,11.448994,0
2007-06-21,11.518663,11.518663,11.518663,11.518663,0
2007-06-22,11.408355,11.408355,11.408355,11.408355,0
2007-06-25,11.367714,11.367714,11.367714,11.367714,0
2007-06-26,11.344492,11.344492,11.344492,11.344492,0
2007-06-27,11.385133,11.385133,11.385133,11.385133,0
2007-06-28,11.408355,11.408355,11.408355,11.408355,0
2007-06-29,11.48383,11.48383,11.48383,11.48383,0
2007-07-02,11.646389,11.646389,11.646389,11.646389,0
2007-07-03,11.710257,11.710257,11.710257,11.710257,0
2007-07-05,11.704448,11.704448,11.704448,11.704448,0
2007-07-06,11.768312,11.768312,11.768312,11.768312,0
2007-07-09,11.82637,11.82637,11.82637,11.82637,0
2007-07-10,11.716054,11.716054,11.716054,11.716054,0
2007-07-11,11.791539,11.791539,11.791539,11.791539,0
2007-07-12,11.983129,11.983129,11.983129,11.983129,0
2007-07-13,12.000545,12.000545,12.000545,12.000545,0
2007-07-16,11.9541,11.9541,11.9541,11.9541,0
2007-07-17,11.919263,11.919263,11.919263,11.919263,0
2007-07-18,11.867014,11.867014,11.867014,11.867014,0
2007-07-19,11.9541,11.9541,11.9541,11.9541,0
2007-07-20,11.861204,11.861204,11.861204,11.861204,0
2007-07-23,11.948291,11.948291,11.948291,11.948291,0
2007-07-24,11.739285,11.739285,11.739285,11.739285,0
2007-07-25,11.733475,11.733475,11.733475,11.733475,0
2007-07-26,11.36191,11.36191,11.36191,11.36191,0
2007-07-27,11.164512,11.164512,11.164512,11.164512,0
2007-07-30,11.367714,11.367714,11.367714,11.367714,0
2007-07-31,11.36191,11.36191,11.36191,11.36191,0
2007-08-01,11.309652,11.309652,11.309652,11.309652,0
2007-08-02,11.344492,11.344492,11.344492,11.344492,0
2007-08-03,11.083233,11.083233,11.083233,11.083233,0
2007-08-06,11.292238,11.292238,11.292238,11.292238,0
2007-08-07,11.28643,11.28643,11.28643,11.28643,0
2007-08-08,11.507055,11.507055,11.507055,11.507055,0
2007-08-09,11.129678,11.129678,11.129678,11.129678,0
2007-08-10,11.007757,11.007757,11.007757,11.007757,0
2007-08-13,11.036787,11.036787,11.036787,11.036787,0
2007-08-14,10.856803,10.856803,10.856803,10.856803,0
2007-08-15,10.624575,10.624575,10.624575,10.624575,0
2007-08-16,10.462012,10.462012,10.462012,10.462012,0
2007-08-17,10.612961,10.612961,10.612961,10.612961,0
2007-08-20,10.676829,10.676829,10.676829,10.676829,0
2007-08-21,10.682637,10.682637,10.682637,10.682637,0
2007-08-22,10.932281,10.932281,10.932281,10.932281,0
2007-08-23,10.990336,10.990336,10.990336,10.990336,0
2007-08-24,11.170319,11.170319,11.170319,11.170319,0
2007-08-27,11.106455,11.106455,11.106455,11.106455,0
2007-08-28,10.839388,10.839388,10.839388,10.839388,0
2007-08-29,11.135485,11.135485,11.135485,11.135485,0
2007-08-30,11.054207,11.054207,11.054207,11.054207,0
2007-08-31,11.280624,11.280624,11.280624,11.280624,0
2007-09-04,11.390937,11.390937,11.390937,11.390937,0
2007-09-05,11.199344,11.199344,11.199344,11.199344,0
2007-09-06,11.280624,11.280624,11.280624,11.280624,0
2007-09-07,11.118068,11.118068,11.118068,11.118068,0
2007-09-10,11.077427,11.077427,11.077427,11.077427,0
2007-09-11,11.274821,11.274821,11.274821,11.274821,0
2007-09-12,11.280624,11.280624,11.280624,11.280624,0
2007-09-13,11.356102,11.356102,11.356102,11.356102,0
2007-09-14,11.303848,11.303848,11.303848,11.303848,0
2007-09-17,11.152898,11.152898,11.152898,11.152898,0
2007-09-18,11.489635,11.489635,11.489635,11.489635,0
2007-09-19,11.611559,11.611559,11.611559,11.611559,0
2007-09-20,11.599944,11.599944,11.599944,11.599944,0
2007-09-21,11.704448,11.704448,11.704448,11.704448,0
2007-09-24,11.721868,11.721868,11.721868,11.721868,0
2007-09-25,11.74509,11.74509,11.74509,11.74509,0
2007-09-26,11.803147,11.803147,11.803147,11.803147,0
2007-09-27,11.97732,11.97732,11.97732,11.97732,0
2007-09-28,12.000545,12.000545,12.000545,12.000545,0
2007-10-01,12.174718,12.174718,12.174718,12.174718,0
2007-10-02,12.174718,12.174718,12.174718,12.174718,0
2007-10-03,12.09924,12.09924,12.09924,12.09924,0
2007-10-04,12.134071,12.134071,12.134071,12.134071,0
2007-10-05,12.285029,12.285029,12.285029,12.285029,0
2007-10-08,12.192138,12.192138,12.192138,12.192138,0
2007-10-09,12.33147,12.33147,12.33147,12.33147,0
2007-10-10,12.325667,12.325667,12.325667,12.325667,0
2007-10-11,12.343082,12.343082,12.343082,12.343082,0
2007-10-12,12.424362,12.424362,12.424362,12.424362,0
2007-10-15,12.319861,12.319861,12.319861,12.319861,0
2007-10-16,12.163103,12.163103,12.163103,12.163103,0
2007-10-17,12.267607,12.267607,12.267607,12.267607,0
2007-10-18,12.302442,12.302442,12.302442,12.302442,0
2007-10-19,12.035376,12.035376,12.035376,12.035376,0
2007-10-22,12.000545,12.000545,12.000545,12.000545,0
2007-10-23,12.215351,12.215351,12.215351,12.215351,0
2007-10-24,12.168913,12.168913,12.168913,12.168913,0
2007-10-25,12.232771,12.232771,12.232771,12.232771,0
2007-10-26,12.494034,12.494034,12.494034,12.494034,0
2007-10-29,12.610149,12.610149,12.610149,12.610149,0
2007-10-30,12.505649,12.505649,12.505649,12.505649,0
2007-10-31,12.708848,12.708848,12.708848,12.708848,0
2007-11-01,12.343082,12.343082,12.343082,12.343082,0
2007-11-02,12.441785,12.441785,12.441785,12.441785,0
2007-11-05,12.232771,12.232771,12.232771,12.232771,0
2007-11-06,12.447588,12.447588,12.447588,12.447588,0
2007-11-07,12.180526,12.180526,12.180526,12.180526,0
2007-11-08,12.24439,12.24439,12.24439,12.24439,0
2007-11-09,12.017962,12.017962,12.017962,12.017962,0
2007-11-12,11.779922,11.779922,11.779922,11.779922,0
2007-11-13,12.128272,12.128272,12.128272,12.128272,0
2007-11-14,12.081828,12.081828,12.081828,12.081828,0
2007-11-15,11.896037,11.896037,11.896037,11.896037,0
2007-11-16,11.930872,11.930872,11.930872,11.930872,0
2007-11-19,11.623169,11.623169,11.623169,11.623169,0
2007-11-20,11.82637,11.82637,11.82637,11.82637,0
2007-11-21,11.553498,11.553498,11.553498,11.553498,0
2007-11-23,11.808953,11.808953,11.808953,11.808953,0
2007-11-26,11.61736,11.61736,11.61736,11.61736,0
2007-11-27,11.791539,11.791539,11.791539,11.791539,0
2007-11-28,12.087629,12.087629,12.087629,12.087629,0
2007-11-29,12.052791,12.052791,12.052791,12.052791,0
2007-11-30,12.128272,12.128272,12.128272,12.128272,0
2007-12-03,12.070212,12.070212,12.070212,12.070212,0
2007-12-04,12.012157,12.012157,12.012157,12.012157,0
2007-12-05,12.192138,12.192138,12.192138,12.192138,0
2007-12-06,12.319861,12.319861,12.319861,12.319861,0
2007-12-07,12.302442,12.302442,12.302442,12.302442,0
2007-12-10,12.372109,12.372109,12.372109,12.372109,0
2007-12-11,12.064405,12.064405,12.064405,12.064405,0
2007-12-12,12.267607,12.267607,12.267607,12.267607,0
2007-12-13,12.035376,12.035376,12.035376,12.035376,0
2007-12-14,11.74509,11.74509,11.74509,11.74509,0
2007-12-17,11.448994,11.448994,11.448994,11.448994,0
2007-12-18,11.570918,11.570918,11.570918,11.570918,0
2007-12-19,11.507055,11.507055,11.507055,11.507055,0
2007-12-20,11.536082,11.536082,11.536082,11.536082,0
2007-12-21,11.74509,11.74509,11.74509,11.74509,0
2007-12-24,11.82637,11.82637,11.82637,11.82637,0
2007-12-26,11.884429,11.884429,11.884429,11.884429,0
2007-12-27,11.832003,11.832003,11.832003,11.832003,0
2007-12-28,11.909452,11.909452,11.909452,11.909452,0
2007-12-31,11.849869,11.849869,11.849869,11.849869,0
2008-01-02,11.784335,11.784335,11.784335,11.784335,0
2008-01-03,11.790296,11.790296,11.790296,11.790296,0
2008-01-04,11.516245,11.516245,11.516245,11.516245,0
2008-01-07,11.516245,11.516245,11.516245,11.516245,0
2008-01-08,11.456665,11.456665,11.456665,11.456665,0
2008-01-09,11.617523,11.617523,11.617523,11.617523,0
2008-01-10,11.59369,11.59369,11.59369,11.59369,0
2008-01-11,11.39113,11.39113,11.39113,11.39113,0
2008-01-14,11.534117,11.534117,11.534117,11.534117,0
2008-01-15,11.15878,11.15878,11.15878,11.15878,0
2008-01-16,10.914513,10.914513,10.914513,10.914513,0
2008-01-17,10.735786,10.735786,10.735786,10.735786,0
2008-01-18,10.783442,10.783442,10.783442,10.783442,0
2008-01-22,10.360448,10.360448,10.360448,10.360448,0
2008-01-23,10.318745,10.318745,10.318745,10.318745,0
2008-01-24,10.652376,10.652376,10.652376,10.652376,0
2008-01-25,10.604711,10.604711,10.604711,10.604711,0
2008-01-28,10.694078,10.694078,10.694078,10.694078,0
2008-01-29,10.777487,10.777487,10.777487,10.777487,0
2008-01-30,10.700036,10.700036,10.700036,10.700036,0
2008-01-31,10.837066,10.837066,10.837066,10.837066,0
2008-02-01,10.997921,10.997921,10.997921,10.997921,0
2008-02-04,10.974092,10.974092,10.974092,10.974092,0
2008-02-05,10.527264,10.527264,10.527264,10.527264,0
2008-02-06,10.467685,10.467685,10.467685,10.467685,0
2008-02-07,10.408105,10.408105,10.408105,10.408105,0
2008-02-08,10.34853,10.34853,10.34853,10.34853,0
2008-02-11,10.360448,10.360448,10.360448,10.360448,0
2008-02-12,10.586839,10.586839,10.586839,10.586839,0
2008-02-13,10.658331,10.658331,10.658331,10.658331,0
2008-02-14,10.664283,10.664283,10.664283,10.664283,0
2008-02-15,10.652376,10.652376,10.652376,10.652376,0
2008-02-19,10.801314,10.801314,10.801314,10.801314,0
2008-02-20,10.753653,10.753653,10.753653,10.753653,0
2008-02-21,10.7477,10.7477,10.7477,10.7477,0
2008-02-22,10.854934,10.854934,10.854934,10.854934,0
2008-02-25,11.003883,11.003883,11.003883,11.003883,0
2008-02-26,11.182611,11.182611,11.182611,11.182611,0
2008-02-27,11.236232,11.236232,11.236232,11.236232,0
2008-02-28,11.146861,11.146861,11.146861,11.146861,0
2008-02-29,10.872809,10.872809,10.872809,10.872809,0
2008-03-03,10.848973,10.848973,10.848973,10.848973,0
2008-03-04,10.700036,10.700036,10.700036,10.700036,0
2008-03-05,10.84302,10.84302,10.84302,10.84302,0
2008-03-06,10.682162,10.682162,10.682162,10.682162,0
2008-03-07,10.574923,10.574923,10.574923,10.574923,0
2008-03-10,10.420022,10.420022,10.420022,10.420022,0
2008-03-11,10.795362,10.795362,10.795362,10.795362,0
2008-03-12,10.765571,10.765571,10.765571,10.765571,0
2008-03-13,10.777487,10.777487,10.777487,10.777487,0
2008-03-14,10.557053,10.557053,10.557053,10.557053,0
2008-03-17,10.282999,10.282999,10.282999,10.282999,0
2008-03-18,10.634501,10.634501,10.634501,10.634501,0
2008-03-19,10.253212,10.253212,10.253212,10.253212,0
2008-03-20,10.372362,10.372362,10.372362,10.372362,0
2008-03-24,10.53918,10.53918,10.53918,10.53918,0
2008-03-25,10.7477,10.7477,10.7477,10.7477,0
2008-03-26,10.771529,10.771529,10.771529,10.771529,0
2008-03-27,10.765571,10.765571,10.765571,10.765571,0
2008-03-28,10.753653,10.753653,10.753653,10.753653,0
2008-03-31,10.795362,10.795362,10.795362,10.795362,0
2008-04-01,11.093244,11.093244,11.093244,11.093244,0
2008-04-02,11.123036,11.123036,11.123036,11.123036,0
2008-04-03,11.15878,11.15878,11.15878,11.15878,0
2008-04-04,11.206446,11.206446,11.206446,11.206446,0
2008-04-07,11.266019,11.266019,11.266019,11.266019,0
2008-04-08,11.206446,11.206446,11.206446,11.206446,0
2008-04-09,11.128989,11.128989,11.128989,11.128989,0
2008-04-10,11.111118,11.111118,11.111118,11.111118,0
2008-04-11,10.986007,10.986007,10.986007,10.986007,0
2008-04-14,10.962178,10.962178,10.962178,10.962178,0
2008-04-15,11.057498,11.057498,11.057498,11.057498,0
2008-04-16,11.361339,11.361339,11.361339,11.361339,0
2008-04-17,11.260061,11.260061,11.260061,11.260061,0
2008-04-18,11.385175,11.385175,11.385175,11.385175,0
2008-04-21,11.426877,11.426877,11.426877,11.426877,0
2008-04-22,11.361339,11.361339,11.361339,11.361339,0
2008-04-23,11.409001,11.409001,11.409001,11.409001,0
2008-04-24,11.343472,11.343472,11.343472,11.343472,0
2008-04-25,11.462624,11.462624,11.462624,11.462624,0
2008-04-28,11.480497,11.480497,11.480497,11.480497,0
2008-04-29,11.367304,11.367304,11.367304,11.367304,0
2008-04-30,11.426877,11.426877,11.426877,11.426877,0
2008-05-01,11.510286,11.510286,11.510286,11.510286,0
2008-05-02,11.587732,11.587732,11.587732,11.587732,0
2008-05-05,11.605605,11.605605,11.605605,11.605605,0
2008-05-06,11.665187,11.665187,11.665187,11.665187,0
2008-05-07,11.450708,11.450708,11.450708,11.450708,0
2008-05-08,11.546029,11.546029,11.546029,11.546029,0
2008-05-09,11.46858,11.46858,11.46858,11.46858,0
2008-05-12,11.581774,11.581774,11.581774,11.581774,0
2008-05-13,11.551988,11.551988,11.551988,11.551988,0
2008-05-14,11.563903,11.563903,11.563903,11.563903,0
2008-05-15,11.760505,11.760505,11.760505,11.760505,0
2008-05-16,11.873705,11.873705,11.873705,11.873705,0
2008-05-19,11.861788,11.861788,11.861788,11.861788,0
2008-05-20,11.748591,11.748591,11.748591,11.748591,0
2008-05-21,11.617523,11.617523,11.617523,11.617523,0
2008-05-22,11.712847,11.712847,11.712847,11.712847,0
2008-05-23,11.56986,11.56986,11.56986,11.56986,0
2008-05-27,11.534117,11.534117,11.534117,11.534117,0
2008-05-28,11.563903,11.563903,11.563903,11.563903,0
2008-05-29,11.522202,11.522202,11.522202,11.522202,0
2008-05-30,11.599651,11.599651,11.599651,11.599651,0
2008-06-02,11.510286,11.510286,11.510286,11.510286,0
2008-06-03,11.432835,11.432835,11.432835,11.432835,0
2008-06-04,11.361339,11.361339,11.361339,11.361339,0
2008-06-05,11.540072,11.540072,11.540072,11.540072,0
2008-06-06,11.236232,11.236232,11.236232,11.236232,0
2008-06-09,11.218355,11.218355,11.218355,11.218355,0
2008-06-10,11.009839,11.009839,11.009839,11.009839,0
2008-06-11,10.854934,10.854934,10.854934,10.854934,0
2008-06-12,10.831106,10.831106,10.831106,10.831106,0
2008-06-13,10.926431,10.926431,10.926431,10.926431,0
2008-06-16,10.968133,10.968133,10.968133,10.968133,0
2008-06-17,11.021751,11.021751,11.021751,11.021751,0
2008-06-18,10.920471,10.920471,10.920471,10.920471,0
2008-06-19,10.896643,10.896643,10.896643,10.896643,0
2008-06-20,10.646419,10.646419,10.646419,10.646419,0
2008-06-23,10.646419,10.646419,10.646419,10.646419,0
2008-06-24,10.586839,10.586839,10.586839,10.586839,0
2008-06-25,10.729827,10.729827,10.729827,10.729827,0
2008-06-26,10.491518,10.491518,10.491518,10.491518,0
2008-06-27,10.521307,10.521307,10.521307,10.521307,0
2008-06-30,10.557053,10.557053,10.557053,10.557053,0
2008-07-01,10.455768,10.455768,10.455768,10.455768,0
2008-07-02,10.235339,10.235339,10.235339,10.235339,0
2008-07-03,10.259165,10.259165,10.259165,10.259165,0
2008-07-07,10.229378,10.229378,10.229378,10.229378,0
2008-07-08,10.235339,10.235339,10.235339,10.235339,0
2008-07-09,10.140014,10.140014,10.140014,10.140014,0
2008-07-10,10.217464,10.217464,10.217464,10.217464,0
2008-07-11,10.086392,10.086392,10.086392,10.086392,0
2008-07-14,10.068521,10.068521,10.068521,10.068521,0
2008-07-15,9.895745,9.895745,9.895745,9.895745,0
2008-07-16,10.074477,10.074477,10.074477,10.074477,0
2008-07-17,10.205545,10.205545,10.205545,10.205545,0
2008-07-18,10.223423,10.223423,10.223423,10.223423,0
2008-07-21,10.312786,10.312786,10.312786,10.312786,0
2008-07-22,10.342571,10.342571,10.342571,10.342571,0
2008-07-23,10.396192,10.396192,10.396192,10.396192,0
2008-07-24,10.211499,10.211499,10.211499,10.211499,0
2008-07-25,10.199589,10.199589,10.199589,10.199589,0
2008-07-28,10.068521,10.068521,10.068521,10.068521,0
2008-07-29,10.151932,10.151932,10.151932,10.151932,0
2008-07-30,10.294911,10.294911,10.294911,10.294911,0
2008-07-31,10.1698,10.1698,10.1698,10.1698,0
2008-08-01,10.050649,10.050649,10.050649,10.050649,0
2008-08-04,9.913618,9.913618,9.913618,9.913618,0
2008-08-05,10.122137,10.122137,10.122137,10.122137,0
2008-08-06,10.151932,10.151932,10.151932,10.151932,0
2008-08-07,9.955323,9.955323,9.955323,9.955323,0
2008-08-08,9.99107,9.99107,9.99107,9.99107,0
2008-08-11,9.985111,9.985111,9.985111,9.985111,0
2008-08-12,9.871917,9.871917,9.871917,9.871917,0
2008-08-13,9.758718,9.758718,9.758718,9.758718,0
2008-08-14,9.734889,9.734889,9.734889,9.734889,0
2008-08-15,9.669353,9.669353,9.669353,9.669353,0
2008-08-18,9.603819,9.603819,9.603819,9.603819,0
2008-08-19,9.466789,9.466789,9.466789,9.466789,0
2008-08-20,9.55616,9.55616,9.55616,9.55616,0
2008-08-21,9.585948,9.585948,9.585948,9.585948,0
2008-08-22,9.62765,9.62765,9.62765,9.62765,0
2008-08-25,9.490622,9.490622,9.490622,9.490622,0
2008-08-26,9.502538,9.502538,9.502538,9.502538,0
2008-08-27,9.591901,9.591901,9.591901,9.591901,0
2008-08-28,9.69914,9.69914,9.69914,9.69914,0
2008-08-29,9.651476,9.651476,9.651476,9.651476,0
2008-09-02,9.502538,9.502538,9.502538,9.502538,0
2008-09-03,9.437007,9.437007,9.437007,9.437007,0
2008-09-04,9.055707,9.055707,9.055707,9.055707,0
2008-09-05,9.00805,9.00805,9.00805,9.00805,0
2008-09-08,9.204655,9.204655,9.204655,9.204655,0
2008-09-09,8.876982,8.876982,8.876982,8.876982,0
2008-09-10,8.954429,8.954429,8.954429,8.954429,0
2008-09-11,8.90677,8.90677,8.90677,8.90677,0
2008-09-12,9.061665,9.061665,9.061665,9.061665,0
2008-09-15,8.650583,8.650583,8.650583,8.650583,0
2008-09-16,8.632712,8.632712,8.632712,8.632712,0
2008-09-17,8.221629,8.221629,8.221629,8.221629,0
2008-09-18,8.56122,8.56122,8.56122,8.56122,0
2008-09-19,9.121246,9.121246,9.121246,9.121246,0
2008-09-22,8.990177,8.990177,8.990177,8.990177,0
2008-09-23,8.805487,8.805487,8.805487,8.805487,0
2008-09-24,8.847191,8.847191,8.847191,8.847191,0
2008-09-25,9.031878,9.031878,9.031878,9.031878,0
2008-09-26,8.930597,8.930597,8.930597,8.930597,0
2008-09-29,8.102475,8.102475,8.102475,8.102475,0
2008-09-30,8.388447,8.388447,8.388447,8.388447,0
2008-10-01,8.376533,8.376533,8.376533,8.376533,0
2008-10-02,7.97737,7.97737,7.97737,7.97737,0
2008-10-03,7.96545,7.96545,7.96545,7.96545,0
2008-10-06,7.441173,7.441173,7.441173,7.441173,0
2008-10-07,7.149248,7.149248,7.149248,7.149248,0
2008-10-08,6.952639,6.952639,6.952639,6.952639,0
2008-10-09,6.547513,6.547513,6.547513,6.547513,0
2008-10-10,6.428363,6.428363,6.428363,6.428363,0
2008-10-13,7.208817,7.208817,7.208817,7.208817,0
2008-10-14,7.149248,7.149248,7.149248,7.149248,0
2008-10-15,6.422406,6.422406,6.422406,6.422406,0
2008-10-16,6.756035,6.756035,6.756035,6.756035,0
2008-10-17,6.535601,6.535601,6.535601,6.535601,0
2008-10-20,6.946683,6.946683,6.946683,6.946683,0
2008-10-21,6.589219,6.589219,6.589219,6.589219,0
2008-10-22,6.094733,6.094733,6.094733,6.094733,0
2008-10-23,6.190055,6.190055,6.190055,6.190055,0
2008-10-24,5.773015,5.773015,5.773015,5.773015,0
2008-10-27,5.493003,5.493003,5.493003,5.493003,0
2008-10-28,6.148349,6.148349,6.148349,6.148349,0
2008-10-29,6.190055,6.190055,6.190055,6.190055,0
2008-10-30,6.517728,6.517728,6.517728,6.517728,0
2008-10-31,6.535601,6.535601,6.535601,6.535601,0
2008-11-03,6.571346,6.571346,6.571346,6.571346,0
2008-11-04,6.988388,6.988388,6.988388,6.988388,0
2008-11-05,6.672628,6.672628,6.672628,6.672628,0
2008-11-06,6.237716,6.237716,6.237716,6.237716,0
2008-11-07,6.535601,6.535601,6.535601,6.535601,0
2008-11-10,6.487938,6.487938,6.487938,6.487938,0
2008-11-11,6.2258,6.2258,6.2258,6.2258,0
2008-11-12,5.916001,5.916001,5.916001,5.916001,0
2008-11-13,6.344956,6.344956,6.344956,6.344956,0
2008-11-14,6.017279,6.017279,6.017279,6.017279,0
2008-11-17,5.910043,5.910043,5.910043,5.910043,0
2008-11-18,5.910043,5.910043,5.910043,5.910043,0
2008-11-19,5.534708,5.534708,5.534708,5.534708,0
2008-11-20,5.230864,5.230864,5.230864,5.230864,0
2008-11-21,5.594285,5.594285,5.594285,5.594285,0
2008-11-24,5.963663,5.963663,5.963663,5.963663,0
2008-11-25,6.011322,6.011322,6.011322,6.011322,0
2008-11-26,6.088773,6.088773,6.088773,6.088773,0
2008-11-28,6.124521,6.124521,6.124521,6.124521,0
2008-12-01,5.635989,5.635989,5.635989,5.635989,0
2008-12-02,5.892168,5.892168,5.892168,5.892168,0
2008-12-03,5.927916,5.927916,5.927916,5.927916,0
2008-12-04,5.761101,5.761101,5.761101,5.761101,0
2008-12-05,5.862382,5.862382,5.862382,5.862382,0
2008-12-08,6.154308,6.154308,6.154308,6.154308,0
2008-12-09,6.106646,6.106646,6.106646,6.106646,0
2008-12-10,6.27942,6.27942,6.27942,6.27942,0
2008-12-11,6.273464,6.273464,6.273464,6.273464,0
2008-12-12,6.30325,6.30325,6.30325,6.30325,0
2008-12-15,6.309206,6.309206,6.309206,6.309206,0
2008-12-16,6.642841,6.642841,6.642841,6.642841,0
2008-12-17,6.630926,6.630926,6.630926,6.630926,0
2008-12-18,6.48198,6.48198,6.48198,6.48198,0
2008-12-19,6.410491,6.410491,6.410491,6.410491,0
2008-12-22,6.338996,6.338996,6.338996,6.338996,0
2008-12-23,6.27942,6.27942,6.27942,6.27942,0
2008-12-24,6.297294,6.297294,6.297294,6.297294,0
2008-12-26,6.362827,6.362827,6.362827,6.362827,0
2008-12-29,6.428363,6.428363,6.428363,6.428363,0
2008-12-30,6.560431,6.560431,6.560431,6.560431,0
2008-12-31,6.628001,6.628001,6.628001,6.628001,0
2009-01-02,6.763143,6.763143,6.763143,6.763143,0
2009-01-05,6.695573,6.695573,6.695573,6.695573,0
2009-01-06,6.775425,6.775425,6.775425,6.775425,0
2009-01-07,6.652572,6.652572,6.652572,6.652572,0
2009-01-08,6.689427,6.689427,6.689427,6.689427,0
2009-01-09,6.517432,6.517432,6.517432,6.517432,0
2009-01-12,6.351578,6.351578,6.351578,6.351578,0
2009-01-13,6.241009,6.241009,6.241009,6.241009,0
2009-01-14,6.032156,6.032156,6.032156,6.032156,0
2009-01-15,6.038299,6.038299,6.038299,6.038299,0
2009-01-16,6.069013,6.069013,6.069013,6.069013,0
2009-01-20,5.682021,5.682021,5.682021,5.682021,0
2009-01-21,5.897018,5.897018,5.897018,5.897018,0
2009-01-22,5.774161,5.774161,5.774161,5.774161,0
2009-01-23,5.718877,5.718877,5.718877,5.718877,0
2009-01-26,5.847877,5.847877,5.847877,5.847877,0
2009-01-27,5.940016,5.940016,5.940016,5.940016,0
2009-01-28,6.124297,6.124297,6.124297,6.124297,0
2009-01-29,5.909303,5.909303,5.909303,5.909303,0
2009-01-30,5.835589,5.835589,5.835589,5.835589,0
2009-02-02,5.774161,5.774161,5.774161,5.774161,0
2009-02-03,5.921587,5.921587,5.921587,5.921587,0
2009-02-04,5.915446,5.915446,5.915446,5.915446,0
2009-02-05,5.989158,5.989158,5.989158,5.989158,0
2009-02-06,6.136581,6.136581,6.136581,6.136581,0
2009-02-09,6.14887,6.14887,6.14887,6.14887,0
2009-02-10,5.884729,5.884729,5.884729,5.884729,0
2009-02-11,5.933874,5.933874,5.933874,5.933874,0
2009-02-12,5.903162,5.903162,5.903162,5.903162,0
2009-02-13,5.872447,5.872447,5.872447,5.872447,0
2009-02-17,5.54074,5.54074,5.54074,5.54074,0
2009-02-18,5.534597,5.534597,5.534597,5.534597,0
2009-02-19,5.54074,5.54074,5.54074,5.54074,0
2009-02-20,5.448599,5.448599,5.448599,5.448599,0
2009-02-23,5.295029,5.295029,5.295029,5.295029,0
2009-02-24,5.436313,5.436313,5.436313,5.436313,0
2009-02-25,5.325744,5.325744,5.325744,5.325744,0
2009-02-26,5.313457,5.313457,5.313457,5.313457,0
2009-02-27,5.276602,5.276602,5.276602,5.276602,0
2009-03-02,4.994037,4.994037,4.994037,4.994037,0
2009-03-03,4.975607,4.975607,4.975607,4.975607,0
2009-03-04,5.178319,5.178319,5.178319,5.178319,0
2009-03-05,4.987894,4.987894,4.987894,4.987894,0
2009-03-06,5.000177,5.000177,5.000177,5.000177,0
2009-03-09,4.895752,4.895752,4.895752,4.895752,0
2009-03-10,5.190604,5.190604,5.190604,5.190604,0
2009-03-11,5.22746,5.22746,5.22746,5.22746,0
2009-03-12,5.331886,5.331886,5.331886,5.331886,0
2009-03-13,5.374883,5.374883,5.374883,5.374883,0
2009-03-16,5.424028,5.424028,5.424028,5.424028,0
2009-03-17,5.56531,5.56531,5.56531,5.56531,0
2009-03-18,5.663592,5.663592,5.663592,5.663592,0
2009-03-19,5.718877,5.718877,5.718877,5.718877,0
2009-03-20,5.645164,5.645164,5.645164,5.645164,0
2009-03-23,6.026015,6.026015,6.026015,6.026015,0
2009-03-24,5.866303,5.866303,5.866303,5.866303,0
2009-03-25,5.970729,5.970729,5.970729,5.970729,0
2009-03-26,6.062871,6.062871,6.062871,6.062871,0
2009-03-27,5.884729,5.884729,5.884729,5.884729,0
2009-03-30,5.63288,5.63288,5.63288,5.63288,0
2009-03-31,5.76802,5.76802,5.76802,5.76802,0
2009-04-01,5.915446,5.915446,5.915446,5.915446,0
2009-04-02,6.210298,6.210298,6.210298,6.210298,0
2009-04-03,6.222579,6.222579,6.222579,6.222579,0
2009-04-06,6.155012,6.155012,6.155012,6.155012,0
2009-04-07,6.032156,6.032156,6.032156,6.032156,0
2009-04-08,6.069013,6.069013,6.069013,6.069013,0
2009-04-09,6.253297,6.253297,6.253297,6.253297,0
2009-04-13,6.314722,6.314722,6.314722,6.314722,0
2009-04-14,6.277864,6.277864,6.277864,6.277864,0
2009-04-15,6.327008,6.327008,6.327008,6.327008,0
2009-04-16,6.394579,6.394579,6.394579,6.394579,0
2009-04-17,6.382293,6.382293,6.382293,6.382293,0
2009-04-20,6.118154,6.118154,6.118154,6.118154,0
2009-04-21,6.222579,6.222579,6.222579,6.222579,0
2009-04-22,6.185726,6.185726,6.185726,6.185726,0
2009-04-23,6.333153,6.333153,6.333153,6.333153,0
2009-04-24,6.449863,6.449863,6.449863,6.449863,0
2009-04-27,6.333153,6.333153,6.333153,6.333153,0
2009-04-28,6.277864,6.277864,6.277864,6.277864,0
2009-04-29,6.456005,6.456005,6.456005,6.456005,0
2009-04-30,6.505146,6.505146,6.505146,6.505146,0
2009-05-01,6.572715,6.572715,6.572715,6.572715,0
2009-05-04,6.855281,6.855281,6.855281,6.855281,0
2009-05-05,6.824569,6.824569,6.824569,6.824569,0
2009-05-06,6.959708,6.959708,6.959708,6.959708,0
2009-05-07,6.879853,6.879853,6.879853,6.879853,0
2009-05-08,7.131704,7.131704,7.131704,7.131704,0
2009-05-11,6.996564,6.996564,6.996564,6.996564,0
2009-05-12,7.027278,7.027278,7.027278,7.027278,0
2009-05-13,6.830712,6.830712,6.830712,6.830712,0
2009-05-14,6.873712,6.873712,6.873712,6.873712,0
2009-05-15,6.84914,6.84914,6.84914,6.84914,0
2009-05-18,7.100992,7.100992,7.100992,7.100992,0
2009-05-19,7.150133,7.150133,7.150133,7.150133,0
2009-05-20,7.223847,7.223847,7.223847,7.223847,0
2009-05-21,7.156274,7.156274,7.156274,7.156274,0
2009-05-22,7.193131,7.193131,7.193131,7.193131,0
2009-05-26,7.309844,7.309844,7.309844,7.309844,0
2009-05-27,7.22999,7.22999,7.22999,7.22999,0
2009-05-28,7.297557,7.297557,7.297557,7.297557,0
2009-05-29,7.438839,7.438839,7.438839,7.438839,0
2009-06-01,7.647693,7.647693,7.647693,7.647693,0
2009-06-02,7.659978,7.659978,7.659978,7.659978,0
2009-06-03,7.463412,7.463412,7.463412,7.463412,0
2009-06-04,7.494124,7.494124,7.494124,7.494124,0
2009-06-05,7.438839,7.438839,7.438839,7.438839,0
2009-06-08,7.389696,7.389696,7.389696,7.389696,0
2009-06-09,7.444985,7.444985,7.444985,7.444985,0
2009-06-10,7.512554,7.512554,7.512554,7.512554,0
2009-06-11,7.604695,7.604695,7.604695,7.604695,0
2009-06-12,7.592411,7.592411,7.592411,7.592411,0
2009-06-15,7.322133,7.322133,7.322133,7.322133,0
2009-06-16,7.248415,7.248415,7.248415,7.248415,0
2009-06-17,7.242274,7.242274,7.242274,7.242274,0
2009-06-18,7.236132,7.236132,7.236132,7.236132,0
2009-06-19,7.315988,7.315988,7.315988,7.315988,0
2009-06-22,7.082561,7.082561,7.082561,7.082561,0
2009-06-23,7.150133,7.150133,7.150133,7.150133,0
2009-06-24,7.217704,7.217704,7.217704,7.217704,0
2009-06-25,7.315988,7.315988,7.315988,7.315988,0
2009-06-26,7.3467,7.3467,7.3467,7.3467,0
2009-06-29,7.408126,7.408126,7.408126,7.408126,0
2009-06-30,7.340559,7.340559,7.340559,7.340559,0
2009-07-01,7.438839,7.438839,7.438839,7.438839,0
2009-07-02,7.236132,7.236132,7.236132,7.236132,0
2009-07-06,7.223847,7.223847,7.223847,7.223847,0
2009-07-07,7.076421,7.076421,7.076421,7.076421,0
2009-07-08,7.039565,7.039565,7.039565,7.039565,0
2009-07-09,7.119418,7.119418,7.119418,7.119418,0
2009-07-10,7.045706,7.045706,7.045706,7.045706,0
2009-07-13,7.137848,7.137848,7.137848,7.137848,0
2009-07-14,7.180845,7.180845,7.180845,7.180845,0
2009-07-15,7.444985,7.444985,7.444985,7.444985,0
2009-07-16,7.487979,7.487979,7.487979,7.487979,0
2009-07-17,7.494124,7.494124,7.494124,7.494124,0
2009-07-20,7.66612,7.66612,7.66612,7.66612,0
2009-07-21,7.702978,7.702978,7.702978,7.702978,0
2009-07-22,7.715265,7.715265,7.715265,7.715265,0
2009-07-23,7.856549,7.856549,7.856549,7.856549,0
2009-07-24,7.874975,7.874975,7.874975,7.874975,0
2009-07-27,7.911833,7.911833,7.911833,7.911833,0
2009-07-28,7.881119,7.881119,7.881119,7.881119,0
2009-07-29,7.831977,7.831977,7.831977,7.831977,0
2009-07-30,7.960975,7.960975,7.960975,7.960975,0
2009-07-31,8.071541,8.071541,8.071541,8.071541,0
2009-08-03,8.280394,8.280394,8.280394,8.280394,0
2009-08-04,8.243537,8.243537,8.243537,8.243537,0
2009-08-05,8.200541,8.200541,8.200541,8.200541,0
2009-08-06,8.169828,8.169828,8.169828,8.169828,0
2009-08-07,8.182111,8.182111,8.182111,8.182111,0
2009-08-10,8.132971,8.132971,8.132971,8.132971,0
2009-08-11,8.053116,8.053116,8.053116,8.053116,0
2009-08-12,8.139112,8.139112,8.139112,8.139112,0
2009-08-13,8.25582,8.25582,8.25582,8.25582,0
2009-08-14,8.1944,8.1944,8.1944,8.1944,0
2009-08-17,7.917975,7.917975,7.917975,7.917975,0
2009-08-18,8.053116,8.053116,8.053116,8.053116,0
2009-08-19,8.08997,8.08997,8.08997,8.08997,0
2009-08-20,8.188251,8.188251,8.188251,8.188251,0
2009-08-21,8.335678,8.335678,8.335678,8.335678,0
2009-08-24,8.36025,8.36025,8.36025,8.36025,0
2009-08-25,8.397102,8.397102,8.397102,8.397102,0
2009-08-26,8.36025,8.36025,8.36025,8.36025,0
2009-08-27,8.397102,8.397102,8.397102,8.397102,0
2009-08-28,8.409394,8.409394,8.409394,8.409394,0
2009-08-31,8.347962,8.347962,8.347962,8.347962,0
2009-09-01,8.169828,8.169828,8.169828,8.169828,0
2009-09-02,8.182111,8.182111,8.182111,8.182111,0
2009-09-03,8.243537,8.243537,8.243537,8.243537,0
2009-09-04,8.366389,8.366389,8.366389,8.366389,0
2009-09-08,8.54453,8.54453,8.54453,8.54453,0
2009-09-09,8.618244,8.618244,8.618244,8.618244,0
2009-09-10,8.704242,8.704242,8.704242,8.704242,0
2009-09-11,8.704242,8.704242,8.704242,8.704242,0
2009-09-14,8.698098,8.698098,8.698098,8.698098,0
2009-09-15,8.72267,8.72267,8.72267,8.72267,0
2009-09-16,8.894669,8.894669,8.894669,8.894669,0
2009-09-17,8.863955,8.863955,8.863955,8.863955,0
2009-09-18,8.863955,8.863955,8.863955,8.863955,0
2009-09-21,8.790243,8.790243,8.790243,8.790243,0
2009-09-22,8.900811,8.900811,8.900811,8.900811,0
2009-09-23,8.83324,8.83324,8.83324,8.83324,0
2009-09-24,8.72267,8.72267,8.72267,8.72267,0
2009-09-25,8.685816,8.685816,8.685816,8.685816,0
2009-09-28,8.784099,8.784099,8.784099,8.784099,0
2009-09-29,8.753385,8.753385,8.753385,8.753385,0
2009-09-30,8.784099,8.784099,8.784099,8.784099,0
2009-10-01,8.550673,8.550673,8.550673,8.550673,0
2009-10-02,8.476959,8.476959,8.476959,8.476959,0
2009-10-05,8.593675,8.593675,8.593675,8.593675,0
2009-10-06,8.753385,8.753385,8.753385,8.753385,0
2009-10-07,8.771813,8.771813,8.771813,8.771813,0
2009-10-08,8.900811,8.900811,8.900811,8.900811,0
2009-10-09,8.906954,8.906954,8.906954,8.906954,0
2009-10-12,8.949952,8.949952,8.949952,8.949952,0
2009-10-13,8.925381,8.925381,8.925381,8.925381,0
2009-10-14,9.152663,9.152663,9.152663,9.152663,0
2009-10-15,9.164947,9.164947,9.164947,9.164947,0
2009-10-16,9.048237,9.048237,9.048237,9.048237,0
2009-10-19,9.195662,9.195662,9.195662,9.195662,0
2009-10-20,9.140374,9.140374,9.140374,9.140374,0
2009-10-21,9.12809,9.12809,9.12809,9.12809,0
2009-10-22,9.164947,9.164947,9.164947,9.164947,0
2009-10-23,9.048237,9.048237,9.048237,9.048237,0
2009-10-26,8.937667,8.937667,8.937667,8.937667,0
2009-10-27,8.857813,8.857813,8.857813,8.857813,0
2009-10-28,8.618244,8.618244,8.618244,8.618244,0
2009-10-29,8.839382,8.839382,8.839382,8.839382,0
2009-10-30,8.599814,8.599814,8.599814,8.599814,0
2009-11-02,8.655099,8.655099,8.655099,8.655099,0
2009-11-03,8.618244,8.618244,8.618244,8.618244,0
2009-11-04,8.741097,8.741097,8.741097,8.741097,0
2009-11-05,8.83324,8.83324,8.83324,8.83324,0
2009-11-06,8.845524,8.845524,8.845524,8.845524,0
2009-11-09,9.091233,9.091233,9.091233,9.091233,0
2009-11-10,9.06052,9.06052,9.06052,9.06052,0
2009-11-11,9.091233,9.091233,9.091233,9.091233,0
2009-11-12,8.986809,8.986809,8.986809,8.986809,0
2009-11-13,9.072807,9.072807,9.072807,9.072807,0
2009-11-16,9.226374,9.226374,9.226374,9.226374,0
2009-11-17,9.171091,9.171091,9.171091,9.171091,0
2009-11-18,9.152663,9.152663,9.152663,9.152663,0
2009-11-19,8.999099,8.999099,8.999099,8.999099,0
2009-11-20,8.949952,8.949952,8.949952,8.949952,0
2009-11-23,9.109664,9.109664,9.109664,9.109664,0
2009-11-24,9.048237,9.048237,9.048237,9.048237,0
2009-11-25,9.171091,9.171091,9.171091,9.171091,0
2009-11-27,8.888522,8.888522,8.888522,8.888522,0
2009-11-30,8.925381,8.925381,8.925381,8.925381,0
2009-12-01,9.171091,9.171091,9.171091,9.171091,0
2009-12-02,9.189518,9.189518,9.189518,9.189518,0
2009-12-03,9.183376,9.183376,9.183376,9.183376,0
2009-12-04,9.158804,9.158804,9.158804,9.158804,0
2009-12-07,9.109664,9.109664,9.109664,9.109664,0
2009-12-08,8.968379,8.968379,8.968379,8.968379,0
2009-12-09,8.956094,8.956094,8.956094,8.956094,0
2009-12-10,8.986809,8.986809,8.986809,8.986809,0
2009-12-11,9.005238,9.005238,9.005238,9.005238,0
2009-12-14,9.06052,9.06052,9.06052,9.06052,0
2009-12-15,8.986809,8.986809,8.986809,8.986809,0
2009-12-16,9.054379,9.054379,9.054379,9.054379,0
2009-12-17,8.857813,8.857813,8.857813,8.857813,0
2009-12-18,8.863955,8.863955,8.863955,8.863955,0
2009-12-21,8.876239,8.876239,8.876239,8.876239,0
2009-12-22,8.937667,8.937667,8.937667,8.937667,0
2009-12-23,8.999099,8.999099,8.999099,8.999099,0
2009-12-24,9.06052,9.06052,9.06052,9.06052,0
2009-12-28,9.097378,9.097378,9.097378,9.097378,0
2009-12-29,9.115806,9.115806,9.115806,9.115806,0
2009-12-30,9.093167,9.093167,9.093167,9.093167,0
2009-12-31,9.061724,9.061724,9.061724,9.061724,0
2010-01-04,9.294399,9.294399,9.294399,9.294399,0
2010-01-05,9.319552,9.319552,9.319552,9.319552,0
2010-01-06,9.357283,9.357283,9.357283,9.357283,0
2010-01-07,9.313264,9.313264,9.313264,9.313264,0
2010-01-08,9.395015,9.395015,9.395015,9.395015,0
2010-01-11,9.439036,9.439036,9.439036,9.439036,0
2010-01-12,9.350994,9.350994,9.350994,9.350994,0
2010-01-13,9.395015,9.395015,9.395015,9.395015,0
2010-01-14,9.439036,9.439036,9.439036,9.439036,0
2010-01-15,9.33213,9.33213,9.33213,9.33213,0
2010-01-19,9.41388,9.41388,9.41388,9.41388,0
2010-01-20,9.181204,9.181204,9.181204,9.181204,0
2010-01-21,9.005129,9.005129,9.005129,9.005129,0
2010-01-22,8.854204,8.854204,8.854204,8.854204,0
2010-01-25,8.923377,8.923377,8.923377,8.923377,0
2010-01-26,8.822762,8.822762,8.822762,8.822762,0
2010-01-27,8.772451,8.772451,8.772451,8.772451,0
2010-01-28,8.678124,8.678124,8.678124,8.678124,0
2010-01-29,8.602665,8.602665,8.602665,8.602665,0
2010-02-01,8.747298,8.747298,8.747298,8.747298,0
2010-02-02,8.847916,8.847916,8.847916,8.847916,0
2010-02-03,8.791318,8.791318,8.791318,8.791318,0
2010-02-04,8.464318,8.464318,8.464318,8.464318,0
2010-02-05,8.351124,8.351124,8.351124,8.351124,0
2010-02-08,8.281951,8.281951,8.281951,8.281951,0
2010-02-09,8.464318,8.464318,8.464318,8.464318,0
2010-02-10,8.451736,8.451736,8.451736,8.451736,0
2010-02-11,8.527203,8.527203,8.527203,8.527203,0
2010-02-12,8.476893,8.476893,8.476893,8.476893,0
2010-02-16,8.640395,8.640395,8.640395,8.640395,0
2010-02-17,8.671835,8.671835,8.671835,8.671835,0
2010-02-18,8.715858,8.715858,8.715858,8.715858,0
2010-02-19,8.65297,8.65297,8.65297,8.65297,0
2010-02-22,8.690702,8.690702,8.690702,8.690702,0
2010-02-23,8.558646,8.558646,8.558646,8.558646,0
2010-02-24,8.608955,8.608955,8.608955,8.608955,0
2010-02-25,8.546065,8.546065,8.546065,8.546065,0
2010-02-26,8.621531,8.621531,8.621531,8.621531,0
2010-03-01,8.709569,8.709569,8.709569,8.709569,0
2010-03-02,8.778745,8.778745,8.778745,8.778745,0
2010-03-03,8.866779,8.866779,8.866779,8.866779,0
2010-03-04,8.841627,8.841627,8.841627,8.841627,0
2010-03-05,8.992552,8.992552,8.992552,8.992552,0
2010-03-08,9.017701,9.017701,9.017701,9.017701,0
2010-03-09,9.005129,9.005129,9.005129,9.005129,0
2010-03-10,9.055434,9.055434,9.055434,9.055434,0
2010-03-11,9.080591,9.080591,9.080591,9.080591,0
2010-03-12,9.118322,9.118322,9.118322,9.118322,0
2010-03-15,9.042858,9.042858,9.042858,9.042858,0
2010-03-16,9.16234,9.16234,9.16234,9.16234,0
2010-03-17,9.225225,9.225225,9.225225,9.225225,0
2010-03-18,9.168628,9.168628,9.168628,9.168628,0
2010-03-19,9.093167,9.093167,9.093167,9.093167,0
2010-03-22,9.105745,9.105745,9.105745,9.105745,0
2010-03-23,9.156051,9.156051,9.156051,9.156051,0
2010-03-24,9.030282,9.030282,9.030282,9.030282,0
2010-03-25,9.005129,9.005129,9.005129,9.005129,0
2010-03-26,9.099454,9.099454,9.099454,9.099454,0
2010-03-29,9.193781,9.193781,9.193781,9.193781,0
2010-03-30,9.193781,9.193781,9.193781,9.193781,0
2010-03-31,9.200072,9.200072,9.200072,9.200072,0
2010-04-01,9.363572,9.363572,9.363572,9.363572,0
2010-04-05,9.376148,9.376148,9.376148,9.376148,0
2010-04-06,9.382436,9.382436,9.382436,9.382436,0
2010-04-07,9.33213,9.33213,9.33213,9.33213,0
2010-04-08,9.319552,9.319552,9.319552,9.319552,0
2010-04-09,9.426457,9.426457,9.426457,9.426457,0
2010-04-12,9.439036,9.439036,9.439036,9.439036,0
2010-04-13,9.426457,9.426457,9.426457,9.426457,0
2010-04-14,9.53336,9.53336,9.53336,9.53336,0
2010-04-15,9.53336,9.53336,9.53336,9.53336,0
2010-04-16,9.338417,9.338417,9.338417,9.338417,0
2010-04-19,9.306973,9.306973,9.306973,9.306973,0
2010-04-20,9.357283,9.357283,9.357283,9.357283,0
2010-04-21,9.313264,9.313264,9.313264,9.313264,0
2010-04-22,9.250381,9.250381,9.250381,9.250381,0
2010-04-23,9.306973,9.306973,9.306973,9.306973,0
2010-04-26,9.338417,9.338417,9.338417,9.338417,0
2010-04-27,9.011416,9.011416,9.011416,9.011416,0
2010-04-28,9.005129,9.005129,9.005129,9.005129,0
2010-04-29,9.112033,9.112033,9.112033,9.112033,0
2010-04-30,9.042858,9.042858,9.042858,9.042858,0
2010-05-03,9.074304,9.074304,9.074304,9.074304,0
2010-05-04,8.741011,8.741011,8.741011,8.741011,0
2010-05-05,8.596372,8.596372,8.596372,8.596372,0
2010-05-06,8.275661,8.275661,8.275661,8.275661,0
2010-05-07,8.187624,8.187624,8.187624,8.187624,0
2010-05-10,8.65297,8.65297,8.65297,8.65297,0
2010-05-11,8.546065,8.546065,8.546065,8.546065,0
2010-05-12,8.64668,8.64668,8.64668,8.64668,0
2010-05-13,8.571223,8.571223,8.571223,8.571223,0
2010-05-14,8.357412,8.357412,8.357412,8.357412,0
2010-05-17,8.34484,8.34484,8.34484,8.34484,0
2010-05-18,8.175047,8.175047,8.175047,8.175047,0
2010-05-19,8.162468,8.162468,8.162468,8.162468,0
2010-05-20,7.885775,7.885775,7.885775,7.885775,0
2010-05-21,8.017835,8.017835,8.017835,8.017835,0
2010-05-24,7.923509,7.923509,7.923509,7.923509,0
2010-05-25,7.822889,7.822889,7.822889,7.822889,0
2010-05-26,7.785159,7.785159,7.785159,7.785159,0
2010-05-27,8.149894,8.149894,8.149894,8.149894,0
2010-05-28,8.068143,8.068143,8.068143,8.068143,0
2010-06-01,7.99268,7.99268,7.99268,7.99268,0
2010-06-02,8.137319,8.137319,8.137319,8.137319,0
2010-06-03,8.156178,8.156178,8.156178,8.156178,0
2010-06-04,7.873201,7.873201,7.873201,7.873201,0
2010-06-07,7.760004,7.760004,7.760004,7.760004,0
2010-06-08,7.860621,7.860621,7.860621,7.860621,0
2010-06-09,7.841755,7.841755,7.841755,7.841755,0
2010-06-10,8.131025,8.131025,8.131025,8.131025,0
2010-06-11,8.1436,8.1436,8.1436,8.1436,0
2010-06-14,8.219062,8.219062,8.219062,8.219062,0
2010-06-15,8.420302,8.420302,8.420302,8.420302,0
2010-06-16,8.395145,8.395145,8.395145,8.395145,0
2010-06-17,8.439161,8.439161,8.439161,8.439161,0
2010-06-18,8.445452,8.445452,8.445452,8.445452,0
2010-06-21,8.495763,8.495763,8.495763,8.495763,0
2010-06-22,8.40143,8.40143,8.40143,8.40143,0
2010-06-23,8.426592,8.426592,8.426592,8.426592,0
2010-06-24,8.288241,8.288241,8.288241,8.288241,0
2010-06-25,8.325972,8.325972,8.325972,8.325972,0
2010-06-28,8.288241,8.288241,8.288241,8.288241,0
2010-06-29,8.017835,8.017835,8.017835,8.017835,0
2010-06-30,7.973815,7.973815,7.973815,7.973815,0
2010-07-01,8.024124,8.024124,8.024124,8.024124,0
2010-07-02,8.024124,8.024124,8.024124,8.024124,0
2010-07-06,8.181339,8.181339,8.181339,8.181339,0
2010-07-07,8.369987,8.369987,8.369987,8.369987,0
2010-07-08,8.439161,8.439161,8.439161,8.439161,0
2010-07-09,8.458032,8.458032,8.458032,8.458032,0
2010-07-12,8.451736,8.451736,8.451736,8.451736,0
2010-07-13,8.583795,8.583795,8.583795,8.583795,0
2010-07-14,8.608955,8.608955,8.608955,8.608955,0
2010-07-15,8.640395,8.640395,8.640395,8.640395,0
2010-07-16,8.414009,8.414009,8.414009,8.414009,0
2010-07-19,8.445452,8.445452,8.445452,8.445452,0
2010-07-20,8.508337,8.508337,8.508337,8.508337,0
2010-07-21,8.407722,8.407722,8.407722,8.407722,0
2010-07-22,8.64668,8.64668,8.64668,8.64668,0
2010-07-23,8.728435,8.728435,8.728435,8.728435,0
2010-07-26,8.791318,8.791318,8.791318,8.791318,0
2010-07-27,8.822762,8.822762,8.822762,8.822762,0
2010-07-28,8.791318,8.791318,8.791318,8.791318,0
2010-07-29,8.829052,8.829052,8.829052,8.829052,0
2010-07-30,8.797608,8.797608,8.797608,8.797608,0
2010-08-02,9.061724,9.061724,9.061724,9.061724,0
2010-08-03,9.055434,9.055434,9.055434,9.055434,0
2010-08-04,9.061724,9.061724,9.061724,9.061724,0
2010-08-05,9.055434,9.055434,9.055434,9.055434,0
2010-08-06,9.061724,9.061724,9.061724,9.061724,0
2010-08-09,9.093167,9.093167,9.093167,9.093167,0
2010-08-10,9.017701,9.017701,9.017701,9.017701,0
2010-08-11,8.665546,8.665546,8.665546,8.665546,0
2010-08-12,8.64668,8.64668,8.64668,8.64668,0
2010-08-13,8.640395,8.640395,8.640395,8.640395,0
2010-08-16,8.69699,8.69699,8.69699,8.69699,0
2010-08-17,8.797608,8.797608,8.797608,8.797608,0
2010-08-18,8.797608,8.797608,8.797608,8.797608,0
2010-08-19,8.703279,8.703279,8.703279,8.703279,0
2010-08-20,8.621531,8.621531,8.621531,8.621531,0
2010-08-23,8.583795,8.583795,8.583795,8.583795,0
2010-08-24,8.470603,8.470603,8.470603,8.470603,0
2010-08-25,8.445452,8.445452,8.445452,8.445452,0
2010-08-26,8.464318,8.464318,8.464318,8.464318,0
2010-08-27,8.590084,8.590084,8.590084,8.590084,0
2010-08-30,8.502047,8.502047,8.502047,8.502047,0
2010-08-31,8.514626,8.514626,8.514626,8.514626,0
2010-09-01,8.810183,8.810183,8.810183,8.810183,0
2010-09-02,8.83534,8.83534,8.83534,8.83534,0
2010-09-03,8.929665,8.929665,8.929665,8.929665,0
2010-09-07,8.829052,8.829052,8.829052,8.829052,0
2010-09-08,8.885648,8.885648,8.885648,8.885648,0
2010-09-09,8.954819,8.954819,8.954819,8.954819,0
2010-09-10,8.979976,8.979976,8.979976,8.979976,0
2010-09-13,9.130898,9.130898,9.130898,9.130898,0
2010-09-14,9.187492,9.187492,9.187492,9.187492,0
2010-09-15,9.200072,9.200072,9.200072,9.200072,0
2010-09-16,9.156051,9.156051,9.156051,9.156051,0
2010-09-17,9.112033,9.112033,9.112033,9.112033,0
2010-09-20,9.262958,9.262958,9.262958,9.262958,0
2010-09-21,9.281821,9.281821,9.281821,9.281821,0
2010-09-22,9.262958,9.262958,9.262958,9.262958,0
2010-09-23,9.193781,9.193781,9.193781,9.193781,0
2010-09-24,9.401304,9.401304,9.401304,9.401304,0
2010-09-27,9.376148,9.376148,9.376148,9.376148,0
2010-09-28,9.426457,9.426457,9.426457,9.426457,0
2010-09-29,9.426457,9.426457,9.426457,9.426457,0
2010-09-30,9.401304,9.401304,9.401304,9.401304,0
2010-10-01,9.483053,9.483053,9.483053,9.483053,0
2010-10-04,9.401304,9.401304,9.401304,9.401304,0
2010-10-05,9.602533,9.602533,9.602533,9.602533,0
2010-10-06,9.677998,9.677998,9.677998,9.677998,0
2010-10-07,9.65913,9.65913,9.65913,9.65913,0
2010-10-08,9.709442,9.709442,9.709442,9.709442,0
2010-10-11,9.696864,9.696864,9.696864,9.696864,0
2010-10-12,9.684284,9.684284,9.684284,9.684284,0
2010-10-13,9.791191,9.791191,9.791191,9.791191,0
2010-10-14,9.860363,9.860363,9.860363,9.860363,0
2010-10-15,9.810059,9.810059,9.810059,9.810059,0
2010-10-18,9.847786,9.847786,9.847786,9.847786,0
2010-10-19,9.615114,9.615114,9.615114,9.615114,0
2010-10-20,9.766032,9.766032,9.766032,9.766032,0
2010-10-21,9.753461,9.753461,9.753461,9.753461,0
2010-10-22,9.766032,9.766032,9.766032,9.766032,0
2010-10-25,9.81634,9.81634,9.81634,9.81634,0
2010-10-26,9.759748,9.759748,9.759748,9.759748,0
2010-10-27,9.646556,9.646556,9.646556,9.646556,0
2010-10-28,9.728307,9.728307,9.728307,9.728307,0
2010-10-29,9.734591,9.734591,9.734591,9.734591,0
2010-11-01,9.740884,9.740884,9.740884,9.740884,0
2010-11-02,9.854074,9.854074,9.854074,9.854074,0
2010-11-03,9.929539,9.929539,9.929539,9.929539,0
2010-11-04,10.155922,10.155922,10.155922,10.155922,0
2010-11-05,10.118191,10.118191,10.118191,10.118191,0
2010-11-08,10.061595,10.061595,10.061595,10.061595,0
2010-11-09,9.986136,9.986136,9.986136,9.986136,0
2010-11-10,10.011287,10.011287,10.011287,10.011287,0
2010-11-11,9.916961,9.916961,9.916961,9.916961,0
2010-11-12,9.810059,9.810059,9.810059,9.810059,0
2010-11-15,9.803768,9.803768,9.803768,9.803768,0
2010-11-16,9.577379,9.577379,9.577379,9.577379,0
2010-11-17,9.615114,9.615114,9.615114,9.615114,0
2010-11-18,9.83521,9.83521,9.83521,9.83521,0
2010-11-19,9.83521,9.83521,9.83521,9.83521,0
2010-11-22,9.772326,9.772326,9.772326,9.772326,0
2010-11-23,9.489342,9.489342,9.489342,9.489342,0
2010-11-24,9.615114,9.615114,9.615114,9.615114,0
2010-11-26,9.470474,9.470474,9.470474,9.470474,0
2010-11-29,9.401304,9.401304,9.401304,9.401304,0
2010-11-30,9.294399,9.294399,9.294399,9.294399,0
2010-12-01,9.564802,9.564802,9.564802,9.564802,0
2010-12-02,9.728307,9.728307,9.728307,9.728307,0
2010-12-03,9.822632,9.822632,9.822632,9.822632,0
2010-12-06,9.791191,9.791191,9.791191,9.791191,0
2010-12-07,9.791191,9.791191,9.791191,9.791191,0
2010-12-08,9.79748,9.79748,9.79748,9.79748,0
2010-12-09,9.803768,9.803768,9.803768,9.803768,0
2010-12-10,9.810059,9.810059,9.810059,9.810059,0
2010-12-13,9.91067,9.91067,9.91067,9.91067,0
2010-12-14,9.948404,9.948404,9.948404,9.948404,0
2010-12-15,9.81634,9.81634,9.81634,9.81634,0
2010-12-16,9.860363,9.860363,9.860363,9.860363,0
2010-12-17,9.822632,9.822632,9.822632,9.822632,0
2010-12-20,9.81634,9.81634,9.81634,9.81634,0
2010-12-21,9.904384,9.904384,9.904384,9.904384,0
2010-12-22,9.916961,9.916961,9.916961,9.916961,0
2010-12-23,9.935826,9.935826,9.935826,9.935826,0
2010-12-27,9.91067,9.91067,9.91067,9.91067,0
2010-12-28,9.9292,9.9292,9.9292,9.9292,0
2010-12-29,10.025043,10.025043,10.025043,10.025043,0
2010-12-30,10.012261,10.012261,10.012261,10.012261,0
2010-12-31,10.069769,10.069769,10.069769,10.069769,0
2011-01-03,10.133664,10.133664,10.133664,10.133664,0
2011-01-04,10.133664,10.133664,10.133664,10.133664,0
2011-01-05,10.076159,10.076159,10.076159,10.076159,0
2011-01-06,10.005872,10.005872,10.005872,10.005872,0
2011-01-07,9.954759,9.954759,9.954759,9.954759,0
2011-01-10,9.916421,9.916421,9.916421,9.916421,0
2011-01-11,10.005872,10.005872,10.005872,10.005872,0
2011-01-12,10.184778,10.184778,10.184778,10.184778,0
2011-01-13,10.197556,10.197556,10.197556,10.197556,0
2011-01-14,10.235893,10.235893,10.235893,10.235893,0
2011-01-18,10.274228,10.274228,10.274228,10.274228,0
2011-01-19,10.223116,10.223116,10.223116,10.223116,0
2011-01-20,10.120885,10.120885,10.120885,10.120885,0
2011-01-21,10.146443,10.146443,10.146443,10.146443,0
2011-01-24,10.210336,10.210336,10.210336,10.210336,0
2011-01-25,10.191169,10.191169,10.191169,10.191169,0
2011-01-26,10.261451,10.261451,10.261451,10.261451,0
2011-01-27,10.274228,10.274228,10.274228,10.274228,0
2011-01-28,10.08894,10.08894,10.08894,10.08894,0
2011-01-31,10.140053,10.140053,10.140053,10.140053,0
2011-02-01,10.357294,10.357294,10.357294,10.357294,0
2011-02-02,10.370073,10.370073,10.370073,10.370073,0
2011-02-03,10.350903,10.350903,10.350903,10.350903,0
2011-02-04,10.344516,10.344516,10.344516,10.344516,0
2011-02-07,10.36368,10.36368,10.36368,10.36368,0
2011-02-08,10.395632,10.395632,10.395632,10.395632,0
2011-02-09,10.344516,10.344516,10.344516,10.344516,0
2011-02-10,10.235893,10.235893,10.235893,10.235893,0
2011-02-11,10.255063,10.255063,10.255063,10.255063,0
2011-02-14,10.306183,10.306183,10.306183,10.306183,0
2011-02-15,10.280621,10.280621,10.280621,10.280621,0
2011-02-16,10.389238,10.389238,10.389238,10.389238,0
2011-02-17,10.440357,10.440357,10.440357,10.440357,0
2011-02-18,10.47869,10.47869,10.47869,10.47869,0
2011-02-22,10.210336,10.210336,10.210336,10.210336,0
2011-02-23,10.210336,10.210336,10.210336,10.210336,0
2011-02-24,10.184778,10.184778,10.184778,10.184778,0
2011-02-25,10.325347,10.325347,10.325347,10.325347,0
2011-02-28,10.414795,10.414795,10.414795,10.414795,0
2011-03-01,10.325347,10.325347,10.325347,10.325347,0
2011-03-02,10.36368,10.36368,10.36368,10.36368,0
2011-03-03,10.47869,10.47869,10.47869,10.47869,0
2011-03-04,10.453135,10.453135,10.453135,10.453135,0
2011-03-07,10.370073,10.370073,10.370073,10.370073,0
2011-03-08,10.389238,10.389238,10.389238,10.389238,0
2011-03-09,10.376462,10.376462,10.376462,10.376462,0
2011-03-10,10.140053,10.140053,10.140053,10.140053,0
2011-03-11,10.146443,10.146443,10.146443,10.146443,0
2011-03-14,10.012261,10.012261,10.012261,10.012261,0
2011-03-15,9.795024,9.795024,9.795024,9.795024,0
2011-03-16,9.622505,9.622505,9.622505,9.622505,0
2011-03-17,9.826971,9.826971,9.826971,9.826971,0
2011-03-18,9.948367,9.948367,9.948367,9.948367,0
2011-03-21,10.152831,10.152831,10.152831,10.152831,0
2011-03-22,10.152831,10.152831,10.152831,10.152831,0
2011-03-23,10.178391,10.178391,10.178391,10.178391,0
2011-03-24,10.280621,10.280621,10.280621,10.280621,0
2011-03-25,10.229506,10.229506,10.229506,10.229506,0
2011-03-28,10.216727,10.216727,10.216727,10.216727,0
2011-03-29,10.267838,10.267838,10.267838,10.267838,0
2011-03-30,10.389238,10.389238,10.389238,10.389238,0
2011-03-31,10.370073,10.370073,10.370073,10.370073,0
2011-04-01,10.491469,10.491469,10.491469,10.491469,0
2011-04-04,10.504251,10.504251,10.504251,10.504251,0
2011-04-05,10.491469,10.491469,10.491469,10.491469,0
2011-04-06,10.568146,10.568146,10.568146,10.568146,0
2011-04-07,10.52342,10.52342,10.52342,10.52342,0
2011-04-08,10.625648,10.625648,10.625648,10.625648,0
2011-04-11,10.561761,10.561761,10.561761,10.561761,0
2011-04-12,10.433966,10.433966,10.433966,10.433966,0
2011-04-13,10.491469,10.491469,10.491469,10.491469,0
2011-04-14,10.510639,10.510639,10.510639,10.510639,0
2011-04-15,10.497863,10.497863,10.497863,10.497863,0
2011-04-18,10.299786,10.299786,10.299786,10.299786,0
2011-04-19,10.382851,10.382851,10.382851,10.382851,0
2011-04-20,10.625648,10.625648,10.625648,10.625648,0
2011-04-21,10.695933,10.695933,10.695933,10.695933,0
2011-04-25,10.689545,10.689545,10.689545,10.689545,0
2011-04-26,10.753436,10.753436,10.753436,10.753436,0
2011-04-27,10.842894,10.842894,10.842894,10.842894,0
2011-04-28,10.881229,10.881229,10.881229,10.881229,0
2011-04-29,10.913177,10.913177,10.913177,10.913177,0
2011-05-02,10.900398,10.900398,10.900398,10.900398,0
2011-05-03,10.804555,10.804555,10.804555,10.804555,0
2011-05-04,10.676764,10.676764,10.676764,10.676764,0
2011-05-05,10.491469,10.491469,10.491469,10.491469,0
2011-05-06,10.54259,10.54259,10.54259,10.54259,0
2011-05-09,10.580925,10.580925,10.580925,10.580925,0
2011-05-10,10.663988,10.663988,10.663988,10.663988,0
2011-05-11,10.52342,10.52342,10.52342,10.52342,0
2011-05-12,10.504251,10.504251,10.504251,10.504251,0
2011-05-13,10.370073,10.370073,10.370073,10.370073,0
2011-05-16,10.331737,10.331737,10.331737,10.331737,0
2011-05-17,10.338126,10.338126,10.338126,10.338126,0
2011-05-18,10.414795,10.414795,10.414795,10.414795,0
2011-05-19,10.459527,10.459527,10.459527,10.459527,0
2011-05-20,10.36368,10.36368,10.36368,10.36368,0
2011-05-23,10.133664,10.133664,10.133664,10.133664,0
2011-05-24,10.20395,10.20395,10.20395,10.20395,0
2011-05-25,10.235893,10.235893,10.235893,10.235893,0
2011-05-26,10.325347,10.325347,10.325347,10.325347,0
2011-05-27,10.427579,10.427579,10.427579,10.427579,0
2011-05-31,10.600095,10.600095,10.600095,10.600095,0
2011-06-01,10.421189,10.421189,10.421189,10.421189,0
2011-06-02,10.433966,10.433966,10.433966,10.433966,0
2011-06-03,10.427579,10.427579,10.427579,10.427579,0
2011-06-06,10.318958,10.318958,10.318958,10.318958,0
2011-06-07,10.395632,10.395632,10.395632,10.395632,0
2011-06-08,10.280621,10.280621,10.280621,10.280621,0
2011-06-09,10.338126,10.338126,10.338126,10.338126,0
2011-06-10,10.133664,10.133664,10.133664,10.133664,0
2011-06-13,10.159222,10.159222,10.159222,10.159222,0
2011-06-14,10.293398,10.293398,10.293398,10.293398,0
2011-06-15,10.044209,10.044209,10.044209,10.044209,0
2011-06-16,9.973926,9.973926,9.973926,9.973926,0
2011-06-17,10.037822,10.037822,10.037822,10.037822,0
2011-06-20,9.999484,9.999484,9.999484,9.999484,0
2011-06-21,10.191169,10.191169,10.191169,10.191169,0
2011-06-22,10.127277,10.127277,10.127277,10.127277,0
2011-06-23,10.03143,10.03143,10.03143,10.03143,0
2011-06-24,9.967541,9.967541,9.967541,9.967541,0
2011-06-27,10.018653,10.018653,10.018653,10.018653,0
2011-06-28,10.127277,10.127277,10.127277,10.127277,0
2011-06-29,10.299786,10.299786,10.299786,10.299786,0
2011-06-30,10.440357,10.440357,10.440357,10.440357,0
2011-07-01,10.555367,10.555367,10.555367,10.555367,0
2011-07-05,10.529807,10.529807,10.529807,10.529807,0
2011-07-06,10.472304,10.472304,10.472304,10.472304,0
2011-07-07,10.561761,10.561761,10.561761,10.561761,0
2011-07-08,10.472304,10.472304,10.472304,10.472304,0
2011-07-11,10.197556,10.197556,10.197556,10.197556,0
2011-07-12,10.120885,10.120885,10.120885,10.120885,0
2011-07-13,10.274228,10.274228,10.274228,10.274228,0
2011-07-14,10.210336,10.210336,10.210336,10.210336,0
2011-07-15,10.248673,10.248673,10.248673,10.248673,0
2011-07-18,10.095326,10.095326,10.095326,10.095326,0
2011-07-19,10.229506,10.229506,10.229506,10.229506,0
2011-07-20,10.318958,10.318958,10.318958,10.318958,0
2011-07-21,10.485084,10.485084,10.485084,10.485084,0
2011-07-22,10.52342,10.52342,10.52342,10.52342,0
2011-07-25,10.472304,10.472304,10.472304,10.472304,0
2011-07-26,10.52342,10.52342,10.52342,10.52342,0
2011-07-27,10.331737,10.331737,10.331737,10.331737,0
2011-07-28,10.299786,10.299786,10.299786,10.299786,0
2011-07-29,10.280621,10.280621,10.280621,10.280621,0
2011-08-01,10.216727,10.216727,10.216727,10.216727,0
2011-08-02,9.980317,9.980317,9.980317,9.980317,0
2011-08-03,9.948367,9.948367,9.948367,9.948367,0
2011-08-04,9.379714,9.379714,9.379714,9.379714,0
2011-08-05,9.366932,9.366932,9.366932,9.366932,0
2011-08-08,8.753543,8.753543,8.753543,8.753543,0
2011-08-09,9.181635,9.181635,9.181635,9.181635,0
2011-08-10,8.779102,8.779102,8.779102,8.779102,0
2011-08-11,9.124132,9.124132,9.124132,9.124132,0
2011-08-12,9.213586,9.213586,9.213586,9.213586,0
2011-08-15,9.424436,9.424436,9.424436,9.424436,0
2011-08-16,9.328592,9.328592,9.328592,9.328592,0
2011-08-17,9.392488,9.392488,9.392488,9.392488,0
2011-08-18,8.964392,8.964392,8.964392,8.964392,0
2011-08-19,8.817437,8.817437,8.817437,8.817437,0
2011-08-22,8.855776,8.855776,8.855776,8.855776,0
2011-08-23,9.085794,9.085794,9.085794,9.085794,0
2011-08-24,9.079406,9.079406,9.079406,9.079406,0
2011-08-25,8.932447,8.932447,8.932447,8.932447,0
2011-08-26,9.034681,9.034681,9.034681,9.034681,0
2011-08-29,9.232751,9.232751,9.232751,9.232751,0
2011-08-30,9.245529,9.245529,9.245529,9.245529,0
2011-08-31,9.411656,9.411656,9.411656,9.411656,0
2011-09-01,9.366932,9.366932,9.366932,9.366932,0
2011-09-02,9.156079,9.156079,9.156079,9.156079,0
2011-09-06,8.855776,8.855776,8.855776,8.855776,0
2011-09-07,9.124132,9.124132,9.124132,9.124132,0
2011-09-08,8.989951,8.989951,8.989951,8.989951,0
2011-09-09,8.721593,8.721593,8.721593,8.721593,0
2011-09-12,8.606585,8.606585,8.606585,8.606585,0
2011-09-13,8.683258,8.683258,8.683258,8.683258,0
2011-09-14,8.727983,8.727983,8.727983,8.727983,0
2011-09-15,8.9005,8.9005,8.9005,8.9005,0
2011-09-16,8.919668,8.919668,8.919668,8.919668,0
2011-09-19,8.708817,8.708817,8.708817,8.708817,0
2011-09-20,8.715206,8.715206,8.715206,8.715206,0
2011-09-21,8.485187,8.485187,8.485187,8.485187,0
2011-09-22,8.120987,8.120987,8.120987,8.120987,0
2011-09-23,8.152936,8.152936,8.152936,8.152936,0
2011-09-26,8.242386,8.242386,8.242386,8.242386,0
2011-09-27,8.485187,8.485187,8.485187,8.485187,0
2011-09-28,8.351005,8.351005,8.351005,8.351005,0
2011-09-29,8.472406,8.472406,8.472406,8.472406,0
2011-09-30,8.255162,8.255162,8.255162,8.255162,0
2011-10-03,8.005979,8.005979,8.005979,8.005979,0
2011-10-04,8.057093,8.057093,8.057093,8.057093,0
2011-10-05,8.197662,8.197662,8.197662,8.197662,0
2011-10-06,8.421293,8.421293,8.421293,8.421293,0
2011-10-07,8.395733,8.395733,8.395733,8.395733,0
2011-10-10,8.708817,8.708817,8.708817,8.708817,0
2011-10-11,8.689648,8.689648,8.689648,8.689648,0
2011-10-12,8.855776,8.855776,8.855776,8.855776,0
2011-10-13,8.849386,8.849386,8.849386,8.849386,0
2011-10-14,8.958006,8.958006,8.958006,8.958006,0
2011-10-17,8.779102,8.779102,8.779102,8.779102,0
2011-10-18,8.874941,8.874941,8.874941,8.874941,0
2011-10-19,8.753543,8.753543,8.753543,8.753543,0
2011-10-20,8.715206,8.715206,8.715206,8.715206,0
2011-10-21,8.9005,8.9005,8.9005,8.9005,0
2011-10-24,9.085794,9.085794,9.085794,9.085794,0
2011-10-25,8.951617,8.951617,8.951617,8.951617,0
2011-10-26,9.073015,9.073015,9.073015,9.073015,0
2011-10-27,9.520276,9.520276,9.520276,9.520276,0
2011-10-28,9.494718,9.494718,9.494718,9.494718,0
2011-10-31,9.098575,9.098575,9.098575,9.098575,0
2011-11-01,8.817437,8.817437,8.817437,8.817437,0
2011-11-02,8.938835,8.938835,8.938835,8.938835,0
2011-11-03,9.104961,9.104961,9.104961,9.104961,0
2011-11-04,9.034681,9.034681,9.034681,9.034681,0
2011-11-07,9.073015,9.073015,9.073015,9.073015,0
2011-11-08,9.156079,9.156079,9.156079,9.156079,0
2011-11-09,8.753543,8.753543,8.753543,8.753543,0
2011-11-10,8.791878,8.791878,8.791878,8.791878,0
2011-11-11,9.002731,9.002731,9.002731,9.002731,0
2011-11-14,8.881334,8.881334,8.881334,8.881334,0
2011-11-15,8.862164,8.862164,8.862164,8.862164,0
2011-11-16,8.715206,8.715206,8.715206,8.715206,0
2011-11-17,8.606585,8.606585,8.606585,8.606585,0
2011-11-18,8.593806,8.593806,8.593806,8.593806,0
2011-11-21,8.376567,8.376567,8.376567,8.376567,0
2011-11-22,8.357398,8.357398,8.357398,8.357398,0
2011-11-23,8.127375,8.127375,8.127375,8.127375,0
2011-11-25,8.06987,8.06987,8.06987,8.06987,0
2011-11-28,8.389342,8.389342,8.389342,8.389342,0
2011-11-29,8.446849,8.446849,8.446849,8.446849,0
2011-11-30,8.836606,8.836606,8.836606,8.836606,0
2011-12-01,8.804655,8.804655,8.804655,8.804655,0
2011-12-02,8.804655,8.804655,8.804655,8.804655,0
2011-12-05,8.881334,8.881334,8.881334,8.881334,0
2011-12-06,8.849386,8.849386,8.849386,8.849386,0
2011-12-07,8.881334,8.881334,8.881334,8.881334,0
2011-12-08,8.644922,8.644922,8.644922,8.644922,0
2011-12-09,8.785488,8.785488,8.785488,8.785488,0
2011-12-12,8.555475,8.555475,8.555475,8.555475,0
2011-12-13,8.446849,8.446849,8.446849,8.446849,0
2011-12-14,8.331841,8.331841,8.331841,8.331841,0
2011-12-15,8.357398,8.357398,8.357398,8.357398,0
2011-12-16,8.363787,8.363787,8.363787,8.363787,0
2011-12-19,8.261553,8.261553,8.261553,8.261553,0
2011-12-20,8.512106,8.512106,8.512106,8.512106,0
2011-12-21,8.505513,8.505513,8.505513,8.505513,0
2011-12-22,8.578038,8.578038,8.578038,8.578038,0
2011-12-23,8.630786,8.630786,8.630786,8.630786,0
2011-12-27,8.611003,8.611003,8.611003,8.611003,0
2011-12-28,8.472547,8.472547,8.472547,8.472547,0
2011-12-29,8.578038,8.578038,8.578038,8.578038,0
2011-12-30,8.611003,8.611003,8.611003,8.611003,0
2012-01-03,8.854962,8.854962,8.854962,8.854962,0
2012-01-04,8.828588,8.828588,8.828588,8.828588,0
2012-01-05,8.723094,8.723094,8.723094,8.723094,0
2012-01-06,8.643975,8.643975,8.643975,8.643975,0
2012-01-09,8.670347,8.670347,8.670347,8.670347,0
2012-01-10,8.802218,8.802218,8.802218,8.802218,0
2012-01-11,8.775843,8.775843,8.775843,8.775843,0
2012-01-12,8.815403,8.815403,8.815403,8.815403,0
2012-01-13,8.749467,8.749467,8.749467,8.749467,0
2012-01-17,8.861559,8.861559,8.861559,8.861559,0
2012-01-18,9.006612,9.006612,9.006612,9.006612,0
2012-01-19,9.098921,9.098921,9.098921,9.098921,0
2012-01-20,9.125293,9.125293,9.125293,9.125293,0
2012-01-23,9.191228,9.191228,9.191228,9.191228,0
2012-01-24,9.145076,9.145076,9.145076,9.145076,0
2012-01-25,9.243973,9.243973,9.243973,9.243973,0
2012-01-26,9.263759,9.263759,9.263759,9.263759,0
2012-01-27,9.296723,9.296723,9.296723,9.296723,0
2012-01-30,9.197823,9.197823,9.197823,9.197823,0
2012-01-31,9.237382,9.237382,9.237382,9.237382,0
2012-02-01,9.382436,9.382436,9.382436,9.382436,0
2012-02-02,9.421997,9.421997,9.421997,9.421997,0
2012-02-03,9.553864,9.553864,9.553864,9.553864,0
2012-02-06,9.507711,9.507711,9.507711,9.507711,0
2012-02-07,9.547271,9.547271,9.547271,9.547271,0
2012-02-08,9.586833,9.586833,9.586833,9.586833,0
2012-02-09,9.606613,9.606613,9.606613,9.606613,0
2012-02-10,9.435184,9.435184,9.435184,9.435184,0
2012-02-13,9.540681,9.540681,9.540681,9.540681,0
2012-02-14,9.474743,9.474743,9.474743,9.474743,0
2012-02-15,9.501115,9.501115,9.501115,9.501115,0
2012-02-16,9.593427,9.593427,9.593427,9.593427,0
2012-02-17,9.626394,9.626394,9.626394,9.626394,0
2012-02-21,9.652763,9.652763,9.652763,9.652763,0
2012-02-22,9.63958,9.63958,9.63958,9.63958,0
2012-02-23,9.692326,9.692326,9.692326,9.692326,0
2012-02-24,9.751668,9.751668,9.751668,9.751668,0
2012-02-27,9.685732,9.685732,9.685732,9.685732,0
2012-02-28,9.778043,9.778043,9.778043,9.778043,0
2012-02-29,9.712109,9.712109,9.712109,9.712109,0
2012-03-01,9.791227,9.791227,9.791227,9.791227,0
2012-03-02,9.725295,9.725295,9.725295,9.725295,0
2012-03-05,9.652763,9.652763,9.652763,9.652763,0
2012-03-06,9.369248,9.369248,9.369248,9.369248,0
2012-03-07,9.454966,9.454966,9.454966,9.454966,0
2012-03-08,9.652763,9.652763,9.652763,9.652763,0
2012-03-09,9.626394,9.626394,9.626394,9.626394,0
2012-03-12,9.586833,9.586833,9.586833,9.586833,0
2012-03-13,9.731886,9.731886,9.731886,9.731886,0
2012-03-14,9.659363,9.659363,9.659363,9.659363,0
2012-03-15,9.725295,9.725295,9.725295,9.725295,0
2012-03-16,9.771446,9.771446,9.771446,9.771446,0
2012-03-19,9.79782,9.79782,9.79782,9.79782,0
2012-03-20,9.685732,9.685732,9.685732,9.685732,0
2012-03-21,9.646172,9.646172,9.646172,9.646172,0
2012-03-22,9.567054,9.567054,9.567054,9.567054,0
2012-03-23,9.626394,9.626394,9.626394,9.626394,0
2012-03-26,9.751668,9.751668,9.751668,9.751668,0
2012-03-27,9.705515,9.705515,9.705515,9.705515,0
2012-03-28,9.63958,9.63958,9.63958,9.63958,0
2012-03-29,9.580238,9.580238,9.580238,9.580238,0
2012-03-30,9.63958,9.63958,9.63958,9.63958,0
2012-04-02,9.738487,9.738487,9.738487,9.738487,0
2012-04-03,9.626394,9.626394,9.626394,9.626394,0
2012-04-04,9.415402,9.415402,9.415402,9.415402,0
2012-04-05,9.395627,9.395627,9.395627,9.395627,0
2012-04-09,9.349469,9.349469,9.349469,9.349469,0
2012-04-10,9.171447,9.171447,9.171447,9.171447,0
2012-04-11,9.27035,9.27035,9.27035,9.27035,0
2012-04-12,9.435184,9.435184,9.435184,9.435184,0
2012-04-13,9.27035,9.27035,9.27035,9.27035,0
2012-04-16,9.3165,9.3165,9.3165,9.3165,0
2012-04-17,9.44178,9.44178,9.44178,9.44178,0
2012-04-18,9.389029,9.389029,9.389029,9.389029,0
2012-04-19,9.349469,9.349469,9.349469,9.349469,0
2012-04-20,9.415402,9.415402,9.415402,9.415402,0
2012-04-23,9.257162,9.257162,9.257162,9.257162,0
2012-04-24,9.3165,9.3165,9.3165,9.3165,0
2012-04-25,9.421997,9.421997,9.421997,9.421997,0
2012-04-26,9.46156,9.46156,9.46156,9.46156,0
2012-04-27,9.501115,9.501115,9.501115,9.501115,0
2012-04-30,9.468151,9.468151,9.468151,9.468151,0
2012-05-01,9.48793,9.48793,9.48793,9.48793,0
2012-05-02,9.44178,9.44178,9.44178,9.44178,0
2012-05-03,9.369248,9.369248,9.369248,9.369248,0
2012-05-04,9.224194,9.224194,9.224194,9.224194,0
2012-05-07,9.257162,9.257162,9.257162,9.257162,0
2012-05-08,9.125293,9.125293,9.125293,9.125293,0
2012-05-09,9.013205,9.013205,9.013205,9.013205,0
2012-05-10,9.052769,9.052769,9.052769,9.052769,0
2012-05-11,9.00002,9.00002,9.00002,9.00002,0
2012-05-14,8.828588,8.828588,8.828588,8.828588,0
2012-05-15,8.709911,8.709911,8.709911,8.709911,0
2012-05-16,8.617599,8.617599,8.617599,8.617599,0
2012-05-17,8.531884,8.531884,8.531884,8.531884,0
2012-05-18,8.459358,8.459358,8.459358,8.459358,0
2012-05-21,8.611003,8.611003,8.611003,8.611003,0
2012-05-22,8.591227,8.591227,8.591227,8.591227,0
2012-05-23,8.498919,8.498919,8.498919,8.498919,0
2012-05-24,8.479137,8.479137,8.479137,8.479137,0
2012-05-25,8.452764,8.452764,8.452764,8.452764,0
2012-05-29,8.578038,8.578038,8.578038,8.578038,0
2012-05-30,8.386832,8.386832,8.386832,8.386832,0
2012-05-31,8.419799,8.419799,8.419799,8.419799,0
2012-06-01,8.235181,8.235181,8.235181,8.235181,0
2012-06-04,8.254961,8.254961,8.254961,8.254961,0
2012-06-05,8.307708,8.307708,8.307708,8.307708,0
2012-06-06,8.531884,8.531884,8.531884,8.531884,0
2012-06-07,8.545075,8.545075,8.545075,8.545075,0
2012-06-08,8.518695,8.518695,8.518695,8.518695,0
2012-06-11,8.432984,8.432984,8.432984,8.432984,0
2012-06-12,8.558256,8.558256,8.558256,8.558256,0
2012-06-13,8.512106,8.512106,8.512106,8.512106,0
2012-06-14,8.564852,8.564852,8.564852,8.564852,0
2012-06-15,8.683533,8.683533,8.683533,8.683533,0
2012-06-18,8.683533,8.683533,8.683533,8.683533,0
2012-06-19,8.835184,8.835184,8.835184,8.835184,0
2012-06-20,8.861559,8.861559,8.861559,8.861559,0
2012-06-21,8.637382,8.637382,8.637382,8.637382,0
2012-06-22,8.670347,8.670347,8.670347,8.670347,0
2012-06-25,8.512106,8.512106,8.512106,8.512106,0
2012-06-26,8.558256,8.558256,8.558256,8.558256,0
2012-06-27,8.630786,8.630786,8.630786,8.630786,0
2012-06-28,8.604414,8.604414,8.604414,8.604414,0
2012-06-29,8.920899,8.920899,8.920899,8.920899,0
2012-07-02,8.967053,8.967053,8.967053,8.967053,0
2012-07-03,9.065951,9.065951,9.065951,9.065951,0
2012-07-05,8.967053,8.967053,8.967053,8.967053,0
2012-07-06,8.854962,8.854962,8.854962,8.854962,0
2012-07-09,8.821996,8.821996,8.821996,8.821996,0
2012-07-10,8.775843,8.775843,8.775843,8.775843,0
2012-07-11,8.795623,8.795623,8.795623,8.795623,0
2012-07-12,8.683533,8.683533,8.683533,8.683533,0
2012-07-13,8.821996,8.821996,8.821996,8.821996,0
2012-07-16,8.808808,8.808808,8.808808,8.808808,0
2012-07-17,8.861559,8.861559,8.861559,8.861559,0
2012-07-18,8.887929,8.887929,8.887929,8.887929,0
2012-07-19,8.973645,8.973645,8.973645,8.973645,0
2012-07-20,8.808808,8.808808,8.808808,8.808808,0
2012-07-23,8.637382,8.637382,8.637382,8.637382,0
2012-07-24,8.551664,8.551664,8.551664,8.551664,0
2012-07-25,8.597818,8.597818,8.597818,8.597818,0
2012-07-26,8.815403,8.815403,8.815403,8.815403,0
2012-07-27,8.98683,8.98683,8.98683,8.98683,0
2012-07-30,9.006612,9.006612,9.006612,9.006612,0
2012-07-31,8.960462,8.960462,8.960462,8.960462,0
2012-08-01,8.947272,8.947272,8.947272,8.947272,0
2012-08-02,8.854962,8.854962,8.854962,8.854962,0
2012-08-03,9.092329,9.092329,9.092329,9.092329,0
2012-08-06,9.145076,9.145076,9.145076,9.145076,0
2012-08-07,9.21101,9.21101,9.21101,9.21101,0
2012-08-08,9.217602,9.217602,9.217602,9.217602,0
2012-08-09,9.243973,9.243973,9.243973,9.243973,0
2012-08-10,9.257162,9.257162,9.257162,9.257162,0
2012-08-13,9.217602,9.217602,9.217602,9.217602,0
2012-08-14,9.224194,9.224194,9.224194,9.224194,0
2012-08-15,9.224194,9.224194,9.224194,9.224194,0
2012-08-16,9.309909,9.309909,9.309909,9.309909,0
2012-08-17,9.323098,9.323098,9.323098,9.323098,0
2012-08-20,9.303317,9.303317,9.303317,9.303317,0
2012-08-21,9.349469,9.349469,9.349469,9.349469,0
2012-08-22,9.349469,9.349469,9.349469,9.349469,0
2012-08-23,9.290127,9.290127,9.290127,9.290127,0
2012-08-24,9.296723,9.296723,9.296723,9.296723,0
2012-08-27,9.27035,9.27035,9.27035,9.27035,0
2012-08-28,9.250565,9.250565,9.250565,9.250565,0
2012-08-29,9.237382,9.237382,9.237382,9.237382,0
2012-08-30,9.125293,9.125293,9.125293,9.125293,0
2012-08-31,9.204413,9.204413,9.204413,9.204413,0
2012-09-04,9.151667,9.151667,9.151667,9.151667,0
2012-09-05,9.125293,9.125293,9.125293,9.125293,0
2012-09-06,9.329691,9.329691,9.329691,9.329691,0
2012-09-07,9.46156,9.46156,9.46156,9.46156,0
2012-09-10,9.408813,9.408813,9.408813,9.408813,0
2012-09-11,9.501115,9.501115,9.501115,9.501115,0
2012-09-12,9.553864,9.553864,9.553864,9.553864,0
2012-09-13,9.698922,9.698922,9.698922,9.698922,0
2012-09-14,9.824197,9.824197,9.824197,9.824197,0
2012-09-17,9.771446,9.771446,9.771446,9.771446,0
2012-09-18,9.725295,9.725295,9.725295,9.725295,0
2012-09-19,9.751668,9.751668,9.751668,9.751668,0
2012-09-20,9.698922,9.698922,9.698922,9.698922,0
2012-09-21,9.719033,9.719033,9.719033,9.719033,0
2012-09-24,9.685515,9.685515,9.685515,9.685515,0
2012-09-25,9.618488,9.618488,9.618488,9.618488,0
2012-09-26,9.531348,9.531348,9.531348,9.531348,0
2012-09-27,9.652002,9.652002,9.652002,9.652002,0
2012-09-28,9.538054,9.538054,9.538054,9.538054,0
2012-10-01,9.59838,9.59838,9.59838,9.59838,0
2012-10-02,9.611787,9.611787,9.611787,9.611787,0
2012-10-03,9.584975,9.584975,9.584975,9.584975,0
2012-10-04,9.672109,9.672109,9.672109,9.672109,0
2012-10-05,9.685515,9.685515,9.685515,9.685515,0
2012-10-08,9.618488,9.618488,9.618488,9.618488,0
2012-10-09,9.517944,9.517944,9.517944,9.517944,0
2012-10-10,9.477731,9.477731,9.477731,9.477731,0
2012-10-11,9.538054,9.538054,9.538054,9.538054,0
2012-10-12,9.524651,9.524651,9.524651,9.524651,0
2012-10-15,9.59838,9.59838,9.59838,9.59838,0
2012-10-16,9.719033,9.719033,9.719033,9.719033,0
2012-10-17,9.806162,9.806162,9.806162,9.806162,0
2012-10-18,9.772655,9.772655,9.772655,9.772655,0
2012-10-19,9.658704,9.658704,9.658704,9.658704,0
2012-10-22,9.719033,9.719033,9.719033,9.719033,0
2012-10-23,9.538054,9.538054,9.538054,9.538054,0
2012-10-24,9.551461,9.551461,9.551461,9.551461,0
2012-10-25,9.605083,9.605083,9.605083,9.605083,0
2012-10-26,9.57827,9.57827,9.57827,9.57827,0
2012-10-31,9.591678,9.591678,9.591678,9.591678,0
2012-11-01,9.685515,9.685515,9.685515,9.685515,0
2012-11-02,9.59838,9.59838,9.59838,9.59838,0
2012-11-05,9.605083,9.605083,9.605083,9.605083,0
2012-11-06,9.672109,9.672109,9.672109,9.672109,0
2012-11-07,9.524651,9.524651,9.524651,9.524651,0
2012-11-08,9.450919,9.450919,9.450919,9.450919,0
2012-11-09,9.450919,9.450919,9.450919,9.450919,0
2012-11-12,9.444215,9.444215,9.444215,9.444215,0
2012-11-13,9.403996,9.403996,9.403996,9.403996,0
2012-11-14,9.303455,9.303455,9.303455,9.303455,0
2012-11-15,9.316859,9.316859,9.316859,9.316859,0
2012-11-16,9.316859,9.316859,9.316859,9.316859,0
2012-11-19,9.491133,9.491133,9.491133,9.491133,0
2012-11-20,9.477731,9.477731,9.477731,9.477731,0
2012-11-21,9.504541,9.504541,9.504541,9.504541,0
2012-11-23,9.692216,9.692216,9.692216,9.692216,0
2012-11-26,9.658704,9.658704,9.658704,9.658704,0
2012-11-27,9.611787,9.611787,9.611787,9.611787,0
2012-11-28,9.672109,9.672109,9.672109,9.672109,0
2012-11-29,9.752542,9.752542,9.752542,9.752542,0
2012-11-30,9.76595,9.76595,9.76595,9.76595,0
2012-12-03,9.752542,9.752542,9.752542,9.752542,0
2012-12-04,9.79276,9.79276,9.79276,9.79276,0
2012-12-05,9.832979,9.832979,9.832979,9.832979,0
2012-12-06,9.853082,9.853082,9.853082,9.853082,0
2012-12-07,9.85979,9.85979,9.85979,9.85979,0
2012-12-10,9.873195,9.873195,9.873195,9.873195,0
2012-12-11,9.933517,9.933517,9.933517,9.933517,0
2012-12-12,9.980438,9.980438,9.980438,9.980438,0
2012-12-13,9.940222,9.940222,9.940222,9.940222,0
2012-12-14,9.980438,9.980438,9.980438,9.980438,0
2012-12-17,10.020653,10.020653,10.020653,10.020653,0
2012-12-18,10.094387,10.094387,10.094387,10.094387,0
2012-12-19,10.119512,10.119512,10.119512,10.119512,0
2012-12-20,10.187433,10.187433,10.187433,10.187433,0
2012-12-21,10.099137,10.099137,10.099137,10.099137,0
2012-12-24,10.085558,10.085558,10.085558,10.085558,0
2012-12-26,10.099137,10.099137,10.099137,10.099137,0
2012-12-27,10.133101,10.133101,10.133101,10.133101,0
2012-12-28,10.078764,10.078764,10.078764,10.078764,0
2012-12-31,10.173849,10.173849,10.173849,10.173849,0
2013-01-02,10.370805,10.370805,10.370805,10.370805,0
2013-01-03,10.289305,10.289305,10.289305,10.289305,0
2013-01-04,10.343639,10.343639,10.343639,10.343639,0
2013-01-07,10.309681,10.309681,10.309681,10.309681,0
2013-01-08,10.248554,10.248554,10.248554,10.248554,0
2013-01-09,10.296097,10.296097,10.296097,10.296097,0
2013-01-10,10.425135,10.425135,10.425135,10.425135,0
2013-01-11,10.404761,10.404761,10.404761,10.404761,0
2013-01-14,10.425135,10.425135,10.425135,10.425135,0
2013-01-15,10.404761,10.404761,10.404761,10.404761,0
2013-01-16,10.364011,10.364011,10.364011,10.364011,0
2013-01-17,10.452304,10.452304,10.452304,10.452304,0
2013-01-18,10.445512,10.445512,10.445512,10.445512,0
2013-01-22,10.445512,10.445512,10.445512,10.445512,0
2013-01-23,10.425135,10.425135,10.425135,10.425135,0
2013-01-24,10.445512,10.445512,10.445512,10.445512,0
2013-01-25,10.506636,10.506636,10.506636,10.506636,0
2013-01-28,10.445512,10.445512,10.445512,10.445512,0
2013-01-29,10.533805,10.533805,10.533805,10.533805,0
2013-01-30,10.52022,10.52022,10.52022,10.52022,0
2013-01-31,10.513428,10.513428,10.513428,10.513428,0
2013-02-01,10.588138,10.588138,10.588138,10.588138,0
2013-02-04,10.431928,10.431928,10.431928,10.431928,0
2013-02-05,10.486261,10.486261,10.486261,10.486261,0
2013-02-06,10.465886,10.465886,10.465886,10.465886,0
2013-02-07,10.39797,10.39797,10.39797,10.39797,0
2013-02-08,10.452304,10.452304,10.452304,10.452304,0
2013-02-11,10.431928,10.431928,10.431928,10.431928,0
2013-02-12,10.479469,10.479469,10.479469,10.479469,0
2013-02-13,10.506636,10.506636,10.506636,10.506636,0
2013-02-14,10.465886,10.465886,10.465886,10.465886,0
2013-02-15,10.445512,10.445512,10.445512,10.445512,0
2013-02-19,10.540593,10.540593,10.540593,10.540593,0
2013-02-20,10.425135,10.425135,10.425135,10.425135,0
2013-02-21,10.302887,10.302887,10.302887,10.302887,0
2013-02-22,10.418348,10.418348,10.418348,10.418348,0
2013-02-25,10.255349,10.255349,10.255349,10.255349,0
2013-02-26,10.289305,10.289305,10.289305,10.289305,0
2013-02-27,10.39797,10.39797,10.39797,10.39797,0
2013-02-28,10.384391,10.384391,10.384391,10.384391,0
2013-03-01,10.391178,10.391178,10.391178,10.391178,0
2013-03-04,10.384391,10.384391,10.384391,10.384391,0
2013-03-05,10.486261,10.486261,10.486261,10.486261,0
2013-03-06,10.499846,10.499846,10.499846,10.499846,0
2013-03-07,10.52701,10.52701,10.52701,10.52701,0
2013-03-08,10.547383,10.547383,10.547383,10.547383,0
2013-03-11,10.581344,10.581344,10.581344,10.581344,0
2013-03-12,10.540593,10.540593,10.540593,10.540593,0
2013-03-13,10.486261,10.486261,10.486261,10.486261,0
2013-03-14,10.574553,10.574553,10.574553,10.574553,0
2013-03-15,10.588138,10.588138,10.588138,10.588138,0
2013-03-18,10.472678,10.472678,10.472678,10.472678,0
2013-03-19,10.431928,10.431928,10.431928,10.431928,0
2013-03-20,10.493055,10.493055,10.493055,10.493055,0
2013-03-21,10.422931,10.422931,10.422931,10.422931,0
2013-03-22,10.470589,10.470589,10.470589,10.470589,0
2013-03-25,10.402508,10.402508,10.402508,10.402508,0
2013-03-26,10.463781,10.463781,10.463781,10.463781,0
2013-03-27,10.429738,10.429738,10.429738,10.429738,0
2013-03-28,10.477395,10.477395,10.477395,10.477395,0
2013-04-01,10.382084,10.382084,10.382084,10.382084,0
2013-04-02,10.450162,10.450162,10.450162,10.450162,0
2013-04-03,10.361662,10.361662,10.361662,10.361662,0
2013-04-04,10.409318,10.409318,10.409318,10.409318,0
2013-04-05,10.341235,10.341235,10.341235,10.341235,0
2013-04-08,10.375275,10.375275,10.375275,10.375275,0
2013-04-09,10.436548,10.436548,10.436548,10.436548,0
2013-04-10,10.572704,10.572704,10.572704,10.572704,0
2013-04-11,10.62036,10.62036,10.62036,10.62036,0
2013-04-12,10.579511,10.579511,10.579511,10.579511,0
2013-04-15,10.341235,10.341235,10.341235,10.341235,0
2013-04-16,10.504626,10.504626,10.504626,10.504626,0
2013-04-17,10.29358,10.29358,10.29358,10.29358,0
2013-04-18,10.279966,10.279966,10.279966,10.279966,0
2013-04-19,10.375275,10.375275,10.375275,10.375275,0
2013-04-22,10.409318,10.409318,10.409318,10.409318,0
2013-04-23,10.511436,10.511436,10.511436,10.511436,0
2013-04-24,10.59994,10.59994,10.59994,10.59994,0
2013-04-25,10.674825,10.674825,10.674825,10.674825,0
2013-04-26,10.654399,10.654399,10.654399,10.654399,0
2013-04-29,10.763329,10.763329,10.763329,10.763329,0
2013-04-30,10.838213,10.838213,10.838213,10.838213,0
2013-05-01,10.776943,10.776943,10.776943,10.776943,0
2013-05-02,10.797365,10.797365,10.797365,10.797365,0
2013-05-03,10.899486,10.899486,10.899486,10.899486,0
2013-05-06,10.885869,10.885869,10.885869,10.885869,0
2013-05-07,10.933527,10.933527,10.933527,10.933527,0
2013-05-08,11.042455,11.042455,11.042455,11.042455,0
2013-05-09,10.940331,10.940331,10.940331,10.940331,0
2013-05-10,10.953952,10.953952,10.953952,10.953952,0
2013-05-13,10.926718,10.926718,10.926718,10.926718,0
2013-05-14,10.960757,10.960757,10.960757,10.960757,0
2013-05-15,10.981177,10.981177,10.981177,10.981177,0
2013-05-16,10.913104,10.913104,10.913104,10.913104,0
2013-05-17,10.967563,10.967563,10.967563,10.967563,0
2013-05-20,11.028838,11.028838,11.028838,11.028838,0
2013-05-21,11.049258,11.049258,11.049258,11.049258,0
2013-05-22,10.953952,10.953952,10.953952,10.953952,0
2013-05-23,10.797365,10.797365,10.797365,10.797365,0
2013-05-24,10.729289,10.729289,10.729289,10.729289,0
2013-05-28,10.756519,10.756519,10.756519,10.756519,0
2013-05-29,10.688442,10.688442,10.688442,10.688442,0
2013-05-30,10.715673,10.715673,10.715673,10.715673,0
2013-05-31,10.518244,10.518244,10.518244,10.518244,0
2013-06-03,10.572704,10.572704,10.572704,10.572704,0
2013-06-04,10.586323,10.586323,10.586323,10.586323,0
2013-06-05,10.395702,10.395702,10.395702,10.395702,0
2013-06-06,10.436548,10.436548,10.436548,10.436548,0
2013-06-07,10.491009,10.491009,10.491009,10.491009,0
2013-06-10,10.497818,10.497818,10.497818,10.497818,0
2013-06-11,10.361662,10.361662,10.361662,10.361662,0
2013-06-12,10.320815,10.320815,10.320815,10.320815,0
2013-06-13,10.443357,10.443357,10.443357,10.443357,0
2013-06-14,10.368467,10.368467,10.368467,10.368467,0
2013-06-17,10.491009,10.491009,10.491009,10.491009,0
2013-06-18,10.52505,10.52505,10.52505,10.52505,0
2013-06-19,10.327621,10.327621,10.327621,10.327621,0
2013-06-20,9.99403,9.99403,9.99403,9.99403,0
2013-06-21,10.007133,10.007133,10.007133,10.007133,0
2013-06-24,9.827822,9.827822,9.827822,9.827822,0
2013-06-25,9.910578,9.910578,9.910578,9.910578,0
2013-06-26,9.986446,9.986446,9.986446,9.986446,0
2013-06-27,10.117484,10.117484,10.117484,10.117484,0
2013-06-28,10.124381,10.124381,10.124381,10.124381,0
2013-07-01,10.220932,10.220932,10.220932,10.220932,0
2013-07-02,10.165757,10.165757,10.165757,10.165757,0
2013-07-03,10.117484,10.117484,10.117484,10.117484,0
2013-07-05,10.14507,10.14507,10.14507,10.14507,0
2013-07-08,10.179557,10.179557,10.179557,10.179557,0
2013-07-09,10.241625,10.241625,10.241625,10.241625,0
2013-07-10,10.283007,10.283007,10.283007,10.283007,0
2013-07-11,10.558873,10.558873,10.558873,10.558873,0
2013-07-12,10.510593,10.510593,10.510593,10.510593,0
2013-07-15,10.572666,10.572666,10.572666,10.572666,0
2013-07-16,10.572666,10.572666,10.572666,10.572666,0
2013-07-17,10.620944,10.620944,10.620944,10.620944,0
2013-07-18,10.662325,10.662325,10.662325,10.662325,0
2013-07-19,10.65543,10.65543,10.65543,10.65543,0
2013-07-22,10.703704,10.703704,10.703704,10.703704,0
2013-07-23,10.758876,10.758876,10.758876,10.758876,0
2013-07-24,10.710599,10.710599,10.710599,10.710599,0
2013-07-25,10.745087,10.745087,10.745087,10.745087,0
2013-07-26,10.683017,10.683017,10.683017,10.683017,0
2013-07-29,10.593356,10.593356,10.593356,10.593356,0
2013-07-30,10.586459,10.586459,10.586459,10.586459,0
2013-07-31,10.586459,10.586459,10.586459,10.586459,0
2013-08-01,10.689912,10.689912,10.689912,10.689912,0
2013-08-02,10.758876,10.758876,10.758876,10.758876,0
2013-08-05,10.765778,10.765778,10.765778,10.765778,0
2013-08-06,10.717494,10.717494,10.717494,10.717494,0
2013-08-07,10.65543,10.65543,10.65543,10.65543,0
2013-08-08,10.758876,10.758876,10.758876,10.758876,0
2013-08-09,10.779569,10.779569,10.779569,10.779569,0
2013-08-12,10.779569,10.779569,10.779569,10.779569,0
2013-08-13,10.841638,10.841638,10.841638,10.841638,0
2013-08-14,10.841638,10.841638,10.841638,10.841638,0
2013-08-15,10.786468,10.786468,10.786468,10.786468,0
2013-08-16,10.786468,10.786468,10.786468,10.786468,0
2013-08-19,10.696807,10.696807,10.696807,10.696807,0
2013-08-20,10.66922,10.66922,10.66922,10.66922,0
2013-08-21,10.531288,10.531288,10.531288,10.531288,0
2013-08-22,10.627838,10.627838,10.627838,10.627838,0
2013-08-23,10.710599,10.710599,10.710599,10.710599,0
2013-08-26,10.648532,10.648532,10.648532,10.648532,0
2013-08-27,10.483008,10.483008,10.483008,10.483008,0
2013-08-28,10.46232,10.46232,10.46232,10.46232,0
2013-08-29,10.476112,10.476112,10.476112,10.476112,0
2013-08-30,10.414044,10.414044,10.414044,10.414044,0
2013-09-03,10.572666,10.572666,10.572666,10.572666,0
2013-09-04,10.641635,10.641635,10.641635,10.641635,0
2013-09-05,10.65543,10.65543,10.65543,10.65543,0
2013-09-06,10.724396,10.724396,10.724396,10.724396,0
2013-09-09,10.883018,10.883018,10.883018,10.883018,0
2013-09-10,11.000263,11.000263,11.000263,11.000263,0
2013-09-11,11.048542,11.048542,11.048542,11.048542,0
2013-09-12,10.979571,10.979571,10.979571,10.979571,0
2013-09-13,11.014059,11.014059,11.014059,11.014059,0
2013-09-16,11.103714,11.103714,11.103714,11.103714,0
2013-09-17,11.124401,11.124401,11.124401,11.124401,0
2013-09-18,11.379584,11.379584,11.379584,11.379584,0
2013-09-19,11.345097,11.345097,11.345097,11.345097,0
2013-09-20,11.255057,11.255057,11.255057,11.255057,0
2013-09-23,11.255057,11.255057,11.255057,11.255057,0
2013-09-24,11.241206,11.241206,11.241206,11.241206,0
2013-09-25,11.241206,11.241206,11.241206,11.241206,0
2013-09-26,11.268909,11.268909,11.268909,11.268909,0
2013-09-27,11.241206,11.241206,11.241206,11.241206,0
2013-09-30,11.165016,11.165016,11.165016,11.165016,0
2013-10-01,11.227356,11.227356,11.227356,11.227356,0
2013-10-02,11.220428,11.220428,11.220428,11.220428,0
2013-10-03,11.192723,11.192723,11.192723,11.192723,0
2013-10-04,11.206574,11.206574,11.206574,11.206574,0
2013-10-07,11.130391,11.130391,11.130391,11.130391,0
2013-10-08,11.054197,11.054197,11.054197,11.054197,0
2013-10-09,11.088831,11.088831,11.088831,11.088831,0
2013-10-10,11.255057,11.255057,11.255057,11.255057,0
2013-10-11,11.331248,11.331248,11.331248,11.331248,0
2013-10-14,11.35895,11.35895,11.35895,11.35895,0
2013-10-15,11.324321,11.324321,11.324321,11.324321,0
2013-10-16,11.407434,11.407434,11.407434,11.407434,0
2013-10-17,11.525176,11.525176,11.525176,11.525176,0
2013-10-18,11.587514,11.587514,11.587514,11.587514,0
2013-10-21,11.60829,11.60829,11.60829,11.60829,0
2013-10-22,11.712187,11.712187,11.712187,11.712187,0
2013-10-23,11.587514,11.587514,11.587514,11.587514,0
2013-10-24,11.636001,11.636001,11.636001,11.636001,0
2013-10-25,11.615222,11.615222,11.615222,11.615222,0
2013-10-28,11.601368,11.601368,11.601368,11.601368,0
2013-10-29,11.629074,11.629074,11.629074,11.629074,0
2013-10-30,11.601368,11.601368,11.601368,11.601368,0
2013-10-31,11.545962,11.545962,11.545962,11.545962,0
2013-11-01,11.490551,11.490551,11.490551,11.490551,0
2013-11-04,11.525176,11.525176,11.525176,11.525176,0
2013-11-05,11.435138,11.435138,11.435138,11.435138,0
2013-11-06,11.51825,11.51825,11.51825,11.51825,0
2013-11-07,11.35895,11.35895,11.35895,11.35895,0
2013-11-08,11.393583,11.393583,11.393583,11.393583,0
2013-11-11,11.379727,11.379727,11.379727,11.379727,0
2013-11-12,11.352024,11.352024,11.352024,11.352024,0
2013-11-13,11.365878,11.365878,11.365878,11.365878,0
2013-11-14,11.435138,11.435138,11.435138,11.435138,0
2013-11-15,11.532105,11.532105,11.532105,11.532105,0
2013-11-18,11.573664,11.573664,11.573664,11.573664,0
2013-11-19,11.545962,11.545962,11.545962,11.545962,0
2013-11-20,11.469768,11.469768,11.469768,11.469768,0
2013-11-21,11.483624,11.483624,11.483624,11.483624,0
2013-11-22,11.532105,11.532105,11.532105,11.532105,0
2013-11-25,11.497476,11.497476,11.497476,11.497476,0
2013-11-26,11.483624,11.483624,11.483624,11.483624,0
2013-11-27,11.511331,11.511331,11.511331,11.511331,0
2013-11-29,11.55981,11.55981,11.55981,11.55981,0
2013-12-02,11.490551,11.490551,11.490551,11.490551,0
2013-12-03,11.393583,11.393583,11.393583,11.393583,0
2013-12-04,11.338173,11.338173,11.338173,11.338173,0
2013-12-05,11.296616,11.296616,11.296616,11.296616,0
2013-12-06,11.407434,11.407434,11.407434,11.407434,0
2013-12-09,11.435138,11.435138,11.435138,11.435138,0
2013-12-10,11.407434,11.407434,11.407434,11.407434,0
2013-12-11,11.289692,11.289692,11.289692,11.289692,0
2013-12-12,11.220428,11.220428,11.220428,11.220428,0
2013-12-13,11.206574,11.206574,11.206574,11.206574,0
2013-12-16,11.282763,11.282763,11.282763,11.282763,0
2013-12-17,11.234275,11.234275,11.234275,11.234275,0
2013-12-18,11.365878,11.365878,11.365878,11.365878,0
2013-12-19,11.361685,11.361685,11.361685,11.361685,0
2013-12-20,11.417589,11.417589,11.417589,11.417589,0
2013-12-23,11.501435,11.501435,11.501435,11.501435,0
2013-12-24,11.501435,11.501435,11.501435,11.501435,0
2013-12-26,11.550348,11.550348,11.550348,11.550348,0
2013-12-27,11.62022,11.62022,11.62022,11.62022,0
2013-12-30,11.676122,11.676122,11.676122,11.676122,0
2013-12-31,11.704072,11.704072,11.704072,11.704072,0
2014-01-02,11.53637,11.53637,11.53637,11.53637,0
2014-01-03,11.529383,11.529383,11.529383,11.529383,0
2014-01-06,11.515409,11.515409,11.515409,11.515409,0
2014-01-07,11.550348,11.550348,11.550348,11.550348,0
2014-01-08,11.543359,11.543359,11.543359,11.543359,0
2014-01-09,11.529383,11.529383,11.529383,11.529383,0
2014-01-10,11.62022,11.62022,11.62022,11.62022,0
2014-01-13,11.564322,11.564322,11.564322,11.564322,0
2014-01-14,11.627209,11.627209,11.627209,11.627209,0
2014-01-15,11.662148,11.662148,11.662148,11.662148,0
2014-01-16,11.655159,11.655159,11.655159,11.655159,0
2014-01-17,11.62022,11.62022,11.62022,11.62022,0
2014-01-21,11.662148,11.662148,11.662148,11.662148,0
2014-01-22,11.669134,11.669134,11.669134,11.669134,0
2014-01-23,11.585284,11.585284,11.585284,11.585284,0
2014-01-24,11.312775,11.312775,11.312775,11.312775,0
2014-01-27,11.214947,11.214947,11.214947,11.214947,0
2014-01-28,11.305784,11.305784,11.305784,11.305784,0
2014-01-29,11.221934,11.221934,11.221934,11.221934,0
2014-01-30,11.256877,11.256877,11.256877,11.256877,0
2014-01-31,11.145071,11.145071,11.145071,11.145071,0
2014-02-03,10.963397,10.963397,10.963397,10.963397,0
2014-02-04,10.998335,10.998335,10.998335,10.998335,0
2014-02-05,11.019298,11.019298,11.019298,11.019298,0
2014-02-06,11.200972,11.200972,11.200972,11.200972,0
2014-02-07,11.333731,11.333731,11.333731,11.333731,0
2014-02-10,11.298799,11.298799,11.298799,11.298799,0
2014-02-11,11.452521,11.452521,11.452521,11.452521,0
2014-02-12,11.487461,11.487461,11.487461,11.487461,0
2014-02-13,11.508423,11.508423,11.508423,11.508423,0
2014-02-14,11.571307,11.571307,11.571307,11.571307,0
2014-02-18,11.634196,11.634196,11.634196,11.634196,0
2014-02-19,11.585284,11.585284,11.585284,11.585284,0
2014-02-20,11.613238,11.613238,11.613238,11.613238,0
2014-02-21,11.634196,11.634196,11.634196,11.634196,0
2014-02-24,11.711054,11.711054,11.711054,11.711054,0
2014-02-25,11.690097,11.690097,11.690097,11.690097,0
2014-02-26,11.648175,11.648175,11.648175,11.648175,0
2014-02-27,11.697084,11.697084,11.697084,11.697084,0
2014-02-28,11.745996,11.745996,11.745996,11.745996,0
2014-03-03,11.515409,11.515409,11.515409,11.515409,0
2014-03-04,11.718048,11.718048,11.718048,11.718048,0
2014-03-05,11.711054,11.711054,11.711054,11.711054,0
2014-03-06,11.822861,11.822861,11.822861,11.822861,0
2014-03-07,11.752987,11.752987,11.752987,11.752987,0
2014-03-10,11.683108,11.683108,11.683108,11.683108,0
2014-03-11,11.627209,11.627209,11.627209,11.627209,0
2014-03-12,11.578299,11.578299,11.578299,11.578299,0
2014-03-13,11.424573,11.424573,11.424573,11.424573,0
2014-03-14,11.389638,11.389638,11.389638,11.389638,0
2014-03-17,11.508423,11.508423,11.508423,11.508423,0
2014-03-18,11.585284,11.585284,11.585284,11.585284,0
2014-03-19,11.452521,11.452521,11.452521,11.452521,0
2014-03-20,11.424573,11.424573,11.424573,11.424573,0
2014-03-21,11.410597,11.410597,11.410597,11.410597,0
2014-03-24,11.442266,11.442266,11.442266,11.442266,0
2014-03-25,11.547818,11.547818,11.547818,11.547818,0
2014-03-26,11.554855,11.554855,11.554855,11.554855,0
2014-03-27,11.625224,11.625224,11.625224,11.625224,0
2014-03-28,11.716708,11.716708,11.716708,11.716708,0
2014-03-31,11.794114,11.794114,11.794114,11.794114,0
2014-04-01,11.871524,11.871524,11.871524,11.871524,0
2014-04-02,11.8856,11.8856,11.8856,11.8856,0
2014-04-03,11.850411,11.850411,11.850411,11.850411,0
2014-04-04,11.822266,11.822266,11.822266,11.822266,0
2014-04-07,11.780043,11.780043,11.780043,11.780043,0
2014-04-08,11.815229,11.815229,11.815229,11.815229,0
2014-04-09,11.955966,11.955966,11.955966,11.955966,0
2014-04-10,11.773005,11.773005,11.773005,11.773005,0
2014-04-11,11.695602,11.695602,11.695602,11.695602,0
2014-04-14,11.751894,11.751894,11.751894,11.751894,0
2014-04-15,11.688561,11.688561,11.688561,11.688561,0
2014-04-16,11.801156,11.801156,11.801156,11.801156,0
2014-04-17,11.850411,11.850411,11.850411,11.850411,0
2014-04-21,11.857448,11.857448,11.857448,11.857448,0
2014-04-22,11.913748,11.913748,11.913748,11.913748,0
2014-04-23,11.871524,11.871524,11.871524,11.871524,0
2014-04-24,11.8856,11.8856,11.8856,11.8856,0
2014-04-25,11.801156,11.801156,11.801156,11.801156,0
2014-04-28,11.843373,11.843373,11.843373,11.843373,0
2014-04-29,11.913748,11.913748,11.913748,11.913748,0
2014-04-30,11.948934,11.948934,11.948934,11.948934,0
2014-05-01,11.970044,11.970044,11.970044,11.970044,0
2014-05-02,11.977081,11.977081,11.977081,11.977081,0
2014-05-05,11.963005,11.963005,11.963005,11.963005,0
2014-05-06,11.963005,11.963005,11.963005,11.963005,0
2014-05-07,11.977081,11.977081,11.977081,11.977081,0
2014-05-08,11.977081,11.977081,11.977081,11.977081,0
2014-05-09,11.963005,11.963005,11.963005,11.963005,0
2014-05-12,12.040415,12.040415,12.040415,12.040415,0
2014-05-13,12.054486,12.054486,12.054486,12.054486,0
2014-05-14,12.068561,12.068561,12.068561,12.068561,0
2014-05-15,12.012262,12.012262,12.012262,12.012262,0
2014-05-16,12.033376,12.033376,12.033376,12.033376,0
2014-05-19,12.019301,12.019301,12.019301,12.019301,0
2014-05-20,11.948934,11.948934,11.948934,11.948934,0
2014-05-21,12.04745,12.04745,12.04745,12.04745,0
2014-05-22,12.075599,12.075599,12.075599,12.075599,0
2014-05-23,12.117824,12.117824,12.117824,12.117824,0
2014-05-27,12.160043,12.160043,12.160043,12.160043,0
2014-05-28,12.138933,12.138933,12.138933,12.138933,0
2014-05-29,12.195229,12.195229,12.195229,12.195229,0
2014-05-30,12.174118,12.174118,12.174118,12.174118,0
2014-06-02,12.202269,12.202269,12.202269,12.202269,0
2014-06-03,12.195229,12.195229,12.195229,12.195229,0
2014-06-04,12.195229,12.195229,12.195229,12.195229,0
2014-06-05,12.272637,12.272637,12.272637,12.272637,0
2014-06-06,12.33597,12.33597,12.33597,12.33597,0
2014-06-09,12.328937,12.328937,12.328937,12.328937,0
2014-06-10,12.34301,12.34301,12.34301,12.34301,0
2014-06-11,12.300786,12.300786,12.300786,12.300786,0
2014-06-12,12.307821,12.307821,12.307821,12.307821,0
2014-06-13,12.314861,12.314861,12.314861,12.314861,0
2014-06-16,12.293747,12.293747,12.293747,12.293747,0
2014-06-17,12.286712,12.286712,12.286712,12.286712,0
2014-06-18,12.378194,12.378194,12.378194,12.378194,0
2014-06-19,12.420412,12.420412,12.420412,12.420412,0
2014-06-20,12.406342,12.406342,12.406342,12.406342,0
2014-06-23,12.378596,12.378596,12.378596,12.378596,0
2014-06-24,12.32168,12.32168,12.32168,12.32168,0
2014-06-25,12.314573,12.314573,12.314573,12.314573,0
2014-06-26,12.343028,12.343028,12.343028,12.343028,0
2014-06-27,12.364367,12.364367,12.364367,12.364367,0
2014-06-30,12.385709,12.385709,12.385709,12.385709,0
2014-07-01,12.478195,12.478195,12.478195,12.478195,0
2014-07-02,12.499537,12.499537,12.499537,12.499537,0
2014-07-03,12.549335,12.549335,12.549335,12.549335,0
2014-07-07,12.463968,12.463968,12.463968,12.463968,0
2014-07-08,12.378596,12.378596,12.378596,12.378596,0
2014-07-09,12.399939,12.399939,12.399939,12.399939,0
2014-07-10,12.293226,12.293226,12.293226,12.293226,0
2014-07-11,12.300343,12.300343,12.300343,12.300343,0
2014-07-14,12.378596,12.378596,12.378596,12.378596,0
2014-07-15,12.335915,12.335915,12.335915,12.335915,0
2014-07-16,12.42128,12.42128,12.42128,12.42128,0
2014-07-17,12.293226,12.293226,12.293226,12.293226,0
2014-07-18,12.378596,12.378596,12.378596,12.378596,0
2014-07-21,12.335915,12.335915,12.335915,12.335915,0
2014-07-22,12.42128,12.42128,12.42128,12.42128,0
2014-07-23,12.449739,12.449739,12.449739,12.449739,0
2014-07-24,12.463968,12.463968,12.463968,12.463968,0
2014-07-25,12.414166,12.414166,12.414166,12.414166,0
2014-07-28,12.428393,12.428393,12.428393,12.428393,0
2014-07-29,12.392821,12.392821,12.392821,12.392821,0
2014-07-30,12.385709,12.385709,12.385709,12.385709,0
2014-07-31,12.186512,12.186512,12.186512,12.186512,0
2014-08-01,12.129601,12.129601,12.129601,12.129601,0
2014-08-04,12.193626,12.193626,12.193626,12.193626,0
2014-08-05,12.058466,12.058466,12.058466,12.058466,0
2014-08-06,12.030004,12.030004,12.030004,12.030004,0
2014-08-07,11.937519,11.937519,11.937519,11.937519,0
2014-08-08,11.980203,11.980203,11.980203,11.980203,0
2014-08-11,12.051346,12.051346,12.051346,12.051346,0
2014-08-12,12.058466,12.058466,12.058466,12.058466,0
2014-08-13,12.115372,12.115372,12.115372,12.115372,0
2014-08-14,12.165172,12.165172,12.165172,12.165172,0
2014-08-15,12.172287,12.172287,12.172287,12.172287,0
2014-08-18,12.236313,12.236313,12.236313,12.236313,0
2014-08-19,12.278997,12.278997,12.278997,12.278997,0
2014-08-20,12.243431,12.243431,12.243431,12.243431,0
2014-08-21,12.286113,12.286113,12.286113,12.286113,0
2014-08-22,12.243431,12.243431,12.243431,12.243431,0
2014-08-25,12.300343,12.300343,12.300343,12.300343,0
2014-08-26,12.328795,12.328795,12.328795,12.328795,0
2014-08-27,12.378596,12.378596,12.378596,12.378596,0
2014-08-28,12.314573,12.314573,12.314573,12.314573,0
2014-08-29,12.314573,12.314573,12.314573,12.314573,0
2014-09-02,12.314573,12.314573,12.314573,12.314573,0
2014-09-03,12.414166,12.414166,12.414166,12.414166,0
2014-09-04,12.357253,12.357253,12.357253,12.357253,0
2014-09-05,12.371484,12.371484,12.371484,12.371484,0
2014-09-08,12.250543,12.250543,12.250543,12.250543,0
2014-09-09,12.207856,12.207856,12.207856,12.207856,0
2014-09-10,12.214973,12.214973,12.214973,12.214973,0
2014-09-11,12.158061,12.158061,12.158061,12.158061,0
2014-09-12,12.115372,12.115372,12.115372,12.115372,0
2014-09-15,12.101145,12.101145,12.101145,12.101145,0
2014-09-16,12.129601,12.129601,12.129601,12.129601,0
2014-09-17,12.065574,12.065574,12.065574,12.065574,0
2014-09-18,12.143826,12.143826,12.143826,12.143826,0
2014-09-19,12.079803,12.079803,12.079803,12.079803,0
2014-09-22,12.001547,12.001547,12.001547,12.001547,0
2014-09-23,11.904311,11.904311,11.904311,11.904311,0
2014-09-24,11.968657,11.968657,11.968657,11.968657,0
2014-09-25,11.789914,11.789914,11.789914,11.789914,0
2014-09-26,11.847112,11.847112,11.847112,11.847112,0
2014-09-29,11.732717,11.732717,11.732717,11.732717,0
2014-09-30,11.696969,11.696969,11.696969,11.696969,0
2014-10-01,11.568274,11.568274,11.568274,11.568274,0
2014-10-02,11.475325,11.475325,11.475325,11.475325,0
2014-10-03,11.489624,11.489624,11.489624,11.489624,0
2014-10-06,11.568274,11.568274,11.568274,11.568274,0
2014-10-07,11.439577,11.439577,11.439577,11.439577,0
2014-10-08,11.55397,11.55397,11.55397,11.55397,0
2014-10-09,11.318032,11.318032,11.318032,11.318032,0
2014-10-10,11.132139,11.132139,11.132139,11.132139,0
2014-10-13,11.12499,11.12499,11.12499,11.12499,0
2014-10-14,11.132139,11.132139,11.132139,11.132139,0
2014-10-15,11.04634,11.04634,11.04634,11.04634,0
2014-10-16,10.989143,10.989143,10.989143,10.989143,0
2014-10-17,11.139291,11.139291,11.139291,11.139291,0
2014-10-20,11.210786,11.210786,11.210786,11.210786,0
2014-10-21,11.325181,11.325181,11.325181,11.325181,0
2014-10-22,11.260835,11.260835,11.260835,11.260835,0
2014-10-23,11.346634,11.346634,11.346634,11.346634,0
2014-10-24,11.382379,11.382379,11.382379,11.382379,0
2014-10-27,11.325181,11.325181,11.325181,11.325181,0
2014-10-28,11.482477,11.482477,11.482477,11.482477,0
2014-10-29,11.446727,11.446727,11.446727,11.446727,0
2014-10-30,11.503926,11.503926,11.503926,11.503926,0
2014-10-31,11.661218,11.661218,11.661218,11.661218,0
2014-11-03,11.568274,11.568274,11.568274,11.568274,0
2014-11-04,11.496778,11.496778,11.496778,11.496778,0
2014-11-05,11.518225,11.518225,11.518225,11.518225,0
2014-11-06,11.439577,11.439577,11.439577,11.439577,0
2014-11-07,11.446727,11.446727,11.446727,11.446727,0
2014-11-10,11.511077,11.511077,11.511077,11.511077,0
2014-11-11,11.561124,11.561124,11.561124,11.561124,0
2014-11-12,11.496778,11.496778,11.496778,11.496778,0
2014-11-13,11.511077,11.511077,11.511077,11.511077,0
2014-11-14,11.55397,11.55397,11.55397,11.55397,0
2014-11-17,11.496778,11.496778,11.496778,11.496778,0
2014-11-18,11.596872,11.596872,11.596872,11.596872,0
2014-11-19,11.568274,11.568274,11.568274,11.568274,0
2014-11-20,11.539674,11.539674,11.539674,11.539674,0
2014-11-21,11.654071,11.654071,11.654071,11.654071,0
2014-11-24,11.68982,11.68982,11.68982,11.68982,0
2014-11-25,11.704118,11.704118,11.704118,11.704118,0
2014-11-26,11.747016,11.747016,11.747016,11.747016,0
2014-11-28,11.632621,11.632621,11.632621,11.632621,0
2014-12-01,11.575425,11.575425,11.575425,11.575425,0
2014-12-02,11.589723,11.589723,11.589723,11.589723,0
2014-12-03,11.596872,11.596872,11.596872,11.596872,0
2014-12-04,11.561124,11.561124,11.561124,11.561124,0
2014-12-05,11.568274,11.568274,11.568274,11.568274,0
2014-12-08,11.453878,11.453878,11.453878,11.453878,0
2014-12-09,11.39668,11.39668,11.39668,11.39668,0
2014-12-10,11.260835,11.260835,11.260835,11.260835,0
2014-12-11,11.225087,11.225087,11.225087,11.225087,0
2014-12-12,11.053493,11.053493,11.053493,11.053493,0
2014-12-15,10.874751,10.874751,10.874751,10.874751,0
2014-12-16,10.931947,10.931947,10.931947,10.931947,0
2014-12-17,11.032043,11.032043,11.032043,11.032043,0
2014-12-18,11.239384,11.239384,11.239384,11.239384,0
2014-12-19,11.16074,11.16074,11.16074,11.16074,0
2014-12-22,11.316427,11.316427,11.316427,11.316427,0
2014-12-23,11.287595,11.287595,11.287595,11.287595,0
2014-12-24,11.302014,11.302014,11.302014,11.302014,0
2014-12-26,11.338054,11.338054,11.338054,11.338054,0
2014-12-29,11.323636,11.323636,11.323636,11.323636,0
2014-12-30,11.244353,11.244353,11.244353,11.244353,0
2014-12-31,11.208307,11.208307,11.208307,11.208307,0
2015-01-02,11.172273,11.172273,11.172273,11.172273,0
2015-01-05,10.948825,10.948825,10.948825,10.948825,0
2015-01-06,10.840711,10.840711,10.840711,10.840711,0
2015-01-07,10.927199,10.927199,10.927199,10.927199,0
2015-01-08,11.10019,11.10019,11.10019,11.10019,0
2015-01-09,11.042529,11.042529,11.042529,11.042529,0
2015-01-12,11.013699,11.013699,11.013699,11.013699,0
2015-01-13,11.056942,11.056942,11.056942,11.056942,0
2015-01-14,11.020904,11.020904,11.020904,11.020904,0
2015-01-15,11.085772,11.085772,11.085772,11.085772,0
2015-01-16,11.17948,11.17948,11.17948,11.17948,0
2015-01-20,11.201099,11.201099,11.201099,11.201099,0
2015-01-21,11.294806,11.294806,11.294806,11.294806,0
2015-01-22,11.352466,11.352466,11.352466,11.352466,0
2015-01-23,11.323636,11.323636,11.323636,11.323636,0
2015-01-26,11.410131,11.410131,11.410131,11.410131,0
2015-01-27,11.410131,11.410131,11.410131,11.410131,0
2015-01-28,11.302014,11.302014,11.302014,11.302014,0
2015-01-29,11.366882,11.366882,11.366882,11.366882,0
2015-01-30,11.222729,11.222729,11.222729,11.222729,0
2015-02-02,11.352466,11.352466,11.352466,11.352466,0
2015-02-03,11.525459,11.525459,11.525459,11.525459,0
2015-02-04,11.453381,11.453381,11.453381,11.453381,0
2015-02-05,11.568707,11.568707,11.568707,11.568707,0
2015-02-06,11.438963,11.438963,11.438963,11.438963,0
2015-02-09,11.395717,11.395717,11.395717,11.395717,0
2015-02-10,11.453381,11.453381,11.453381,11.453381,0
2015-02-11,11.395717,11.395717,11.395717,11.395717,0
2015-02-12,11.561502,11.561502,11.561502,11.561502,0
2015-02-13,11.647992,11.647992,11.647992,11.647992,0
2015-02-17,11.676826,11.676826,11.676826,11.676826,0
2015-02-18,11.727281,11.727281,11.727281,11.727281,0
2015-02-19,11.727281,11.727281,11.727281,11.727281,0
2015-02-20,11.806568,11.806568,11.806568,11.806568,0
2015-02-23,11.770523,11.770523,11.770523,11.770523,0
2015-02-24,11.842608,11.842608,11.842608,11.842608,0
2015-02-25,11.864229,11.864229,11.864229,11.864229,0
2015-02-26,11.835401,11.835401,11.835401,11.835401,0
2015-02-27,11.842608,11.842608,11.842608,11.842608,0
2015-03-02,11.842608,11.842608,11.842608,11.842608,0
2015-03-03,11.777734,11.777734,11.777734,11.777734,0
2015-03-04,11.727281,11.727281,11.727281,11.727281,0
2015-03-05,11.741698,11.741698,11.741698,11.741698,0
2015-03-06,11.597537,11.597537,11.597537,11.597537,0
2015-03-09,11.575915,11.575915,11.575915,11.575915,0
2015-03-10,11.34526,11.34526,11.34526,11.34526,0
2015-03-11,11.366882,11.366882,11.366882,11.366882,0
2015-03-12,11.496627,11.496627,11.496627,11.496627,0
2015-03-13,11.402924,11.402924,11.402924,11.402924,0
2015-03-16,11.525459,11.525459,11.525459,11.525459,0
2015-03-17,11.518246,11.518246,11.518246,11.518246,0
2015-03-18,11.770523,11.770523,11.770523,11.770523,0
2015-03-19,11.619159,11.619159,11.619159,11.619159,0
2015-03-20,11.842608,11.842608,11.842608,11.842608,0
2015-03-23,11.900273,11.900273,11.900273,11.900273,0
2015-03-24,11.906053,11.906053,11.906053,11.906053,0
2015-03-25,11.826536,11.826536,11.826536,11.826536,0
2015-03-26,11.732559,11.732559,11.732559,11.732559,0
2015-03-27,11.732559,11.732559,11.732559,11.732559,0
2015-03-30,11.78316,11.78316,11.78316,11.78316,0
2015-03-31,11.660269,11.660269,11.660269,11.660269,0
2015-04-01,11.739788,11.739788,11.739788,11.739788,0
2015-04-02,11.848224,11.848224,11.848224,11.848224,0
2015-04-06,11.971112,11.971112,11.971112,11.971112,0
2015-04-07,11.978343,11.978343,11.978343,11.978343,0
2015-04-08,12.05786,12.05786,12.05786,12.05786,0
2015-04-09,12.094007,12.094007,12.094007,12.094007,0
2015-04-10,12.122919,12.122919,12.122919,12.122919,0
2015-04-13,12.086777,12.086777,12.086777,12.086777,0
2015-04-14,12.159066,12.159066,12.159066,12.159066,0
2015-04-15,12.224125,12.224125,12.224125,12.224125,0
2015-04-16,12.274727,12.274727,12.274727,12.274727,0
2015-04-17,12.122919,12.122919,12.122919,12.122919,0
2015-04-20,12.122919,12.122919,12.122919,12.122919,0
2015-04-21,12.202437,12.202437,12.202437,12.202437,0
2015-04-22,12.24581,12.24581,12.24581,12.24581,0
2015-04-23,12.30365,12.30365,12.30365,12.30365,0
2015-04-24,12.368708,12.368708,12.368708,12.368708,0
2015-04-27,12.433765,12.433765,12.433765,12.433765,0
2015-04-28,12.448219,12.448219,12.448219,12.448219,0
2015-04-29,12.354247,12.354247,12.354247,12.354247,0
2015-04-30,12.253042,12.253042,12.253042,12.253042,0
2015-05-01,12.296417,12.296417,12.296417,12.296417,0
2015-05-04,12.30365,12.30365,12.30365,12.30365,0
2015-05-05,12.173522,12.173522,12.173522,12.173522,0
2015-05-06,12.180753,12.180753,12.180753,12.180753,0
2015-05-07,12.130151,12.130151,12.130151,12.130151,0
2015-05-08,12.347017,12.347017,12.347017,12.347017,0
2015-05-11,12.274727,12.274727,12.274727,12.274727,0
2015-05-12,12.260269,12.260269,12.260269,12.260269,0
2015-05-13,12.33979,12.33979,12.33979,12.33979,0
2015-05-14,12.448219,12.448219,12.448219,12.448219,0
2015-05-15,12.484364,12.484364,12.484364,12.484364,0
2015-05-18,12.440997,12.440997,12.440997,12.440997,0
2015-05-19,12.404845,12.404845,12.404845,12.404845,0
2015-05-20,12.412078,12.412078,12.412078,12.412078,0
2015-05-21,12.448219,12.448219,12.448219,12.448219,0
2015-05-22,12.390389,12.390389,12.390389,12.390389,0
2015-05-26,12.195216,12.195216,12.195216,12.195216,0
2015-05-27,12.281959,12.281959,12.281959,12.281959,0
2015-05-28,12.238584,12.238584,12.238584,12.238584,0
2015-05-29,12.137377,12.137377,12.137377,12.137377,0
2015-06-01,12.108464,12.108464,12.108464,12.108464,0
2015-06-02,12.159066,12.159066,12.159066,12.159066,0
2015-06-03,12.202437,12.202437,12.202437,12.202437,0
2015-06-04,12.072317,12.072317,12.072317,12.072317,0
2015-06-05,11.956656,11.956656,11.956656,11.956656,0
2015-06-08,11.934972,11.934972,11.934972,11.934972,0
2015-06-09,11.869911,11.869911,11.869911,11.869911,0
2015-06-10,12.072317,12.072317,12.072317,12.072317,0
2015-06-11,12.086777,12.086777,12.086777,12.086777,0
2015-06-12,12.014487,12.014487,12.014487,12.014487,0
2015-06-15,11.92774,11.92774,11.92774,11.92774,0
2015-06-16,11.934972,11.934972,11.934972,11.934972,0
2015-06-17,11.949428,11.949428,11.949428,11.949428,0
2015-06-18,12.021713,12.021713,12.021713,12.021713,0
2015-06-19,11.978343,11.978343,11.978343,11.978343,0
2015-06-22,12.180753,12.180753,12.180753,12.180753,0
2015-06-23,12.216895,12.216895,12.216895,12.216895,0
2015-06-24,12.151836,12.151836,12.151836,12.151836,0
2015-06-25,12.146723,12.146723,12.146723,12.146723,0
2015-06-26,12.110203,12.110203,12.110203,12.110203,0
2015-06-29,11.788828,11.788828,11.788828,11.788828,0
2015-06-30,11.810737,11.810737,11.810737,11.810737,0
2015-07-01,11.861864,11.861864,11.861864,11.861864,0
2015-07-02,11.869169,11.869169,11.869169,11.869169,0
2015-07-06,11.628133,11.628133,11.628133,11.628133,0
2015-07-07,11.547789,11.547789,11.547789,11.547789,0
2015-07-08,11.306752,11.306752,11.306752,11.306752,0
2015-07-09,11.460137,11.460137,11.460137,11.460137,0
2015-07-10,11.737696,11.737696,11.737696,11.737696,0
2015-07-13,11.825346,11.825346,11.825346,11.825346,0
2015-07-14,11.891083,11.891083,11.891083,11.891083,0
2015-07-15,11.839953,11.839953,11.839953,11.839953,0
2015-07-16,11.927599,11.927599,11.927599,11.927599,0
2015-07-17,11.912991,11.912991,11.912991,11.912991,0
2015-07-20,11.891083,11.891083,11.891083,11.891083,0
2015-07-21,11.883777,11.883777,11.883777,11.883777,0
2015-07-22,11.788828,11.788828,11.788828,11.788828,0
2015-07-23,11.759607,11.759607,11.759607,11.759607,0
2015-07-24,11.628133,11.628133,11.628133,11.628133,0
2015-07-27,11.503961,11.503961,11.503961,11.503961,0
2015-07-28,11.606222,11.606222,11.606222,11.606222,0
2015-07-29,11.671954,11.671954,11.671954,11.671954,0
2015-07-30,11.642739,11.642739,11.642739,11.642739,0
2015-07-31,11.715786,11.715786,11.715786,11.715786,0
2015-08-03,11.671954,11.671954,11.671954,11.671954,0
2015-08-04,11.679263,11.679263,11.679263,11.679263,0
2015-08-05,11.723085,11.723085,11.723085,11.723085,0
2015-08-06,11.679263,11.679263,11.679263,11.679263,0
2015-08-07,11.650045,11.650045,11.650045,11.650045,0
2015-08-10,11.796126,11.796126,11.796126,11.796126,0
2015-08-11,11.620829,11.620829,11.620829,11.620829,0
2015-08-12,11.525879,11.525879,11.525879,11.525879,0
2015-08-13,11.525879,11.525879,11.525879,11.525879,0
2015-08-14,11.518571,11.518571,11.518571,11.518571,0
2015-08-17,11.496658,11.496658,11.496658,11.496658,0
2015-08-18,11.42362,11.42362,11.42362,11.42362,0
2015-08-19,11.314056,11.314056,11.314056,11.314056,0
2015-08-20,11.094934,11.094934,11.094934,11.094934,0
2015-08-21,10.831985,10.831985,10.831985,10.831985,0
2015-08-24,10.393741,10.393741,10.393741,10.393741,0
2015-08-25,10.510604,10.510604,10.510604,10.510604,0
2015-08-26,10.707816,10.707816,10.707816,10.707816,0
2015-08-27,10.919633,10.919633,10.919633,10.919633,0
2015-08-28,10.934243,10.934243,10.934243,10.934243,0
2015-08-31,10.861201,10.861201,10.861201,10.861201,0
2015-09-01,10.532518,10.532518,10.532518,10.532518,0
2015-09-02,10.649382,10.649382,10.649382,10.649382,0
2015-09-03,10.671296,10.671296,10.671296,10.671296,0
2015-09-04,10.45217,10.45217,10.45217,10.45217,0
2015-09-08,10.693209,10.693209,10.693209,10.693209,0
2015-09-09,10.707816,10.707816,10.707816,10.707816,0
2015-09-10,10.737033,10.737033,10.737033,10.737033,0
2015-09-11,10.729725,10.729725,10.729725,10.729725,0
2015-09-14,10.685904,10.685904,10.685904,10.685904,0
2015-09-15,10.751641,10.751641,10.751641,10.751641,0
2015-09-16,10.912331,10.912331,10.912331,10.912331,0
2015-09-17,10.934243,10.934243,10.934243,10.934243,0
2015-09-18,10.707816,10.707816,10.707816,10.707816,0
2015-09-21,10.715118,10.715118,10.715118,10.715118,0
2015-09-22,10.481391,10.481391,10.481391,10.481391,0
2015-09-23,10.408346,10.408346,10.408346,10.408346,0
2015-09-24,10.356965,10.356965,10.356965,10.356965,0
2015-09-25,10.437711,10.437711,10.437711,10.437711,0
2015-09-28,10.246864,10.246864,10.246864,10.246864,0
2015-09-29,10.217505,10.217505,10.217505,10.217505,0
2015-09-30,10.437711,10.437711,10.437711,10.437711,0
2015-10-01,10.45973,10.45973,10.45973,10.45973,0
2015-10-02,10.613873,10.613873,10.613873,10.613873,0
2015-10-05,10.826737,10.826737,10.826737,10.826737,0
2015-10-06,10.885455,10.885455,10.885455,10.885455,0
2015-10-07,11.002901,11.002901,11.002901,11.002901,0
2015-10-08,11.083642,11.083642,11.083642,11.083642,0
2015-10-09,11.135025,11.135025,11.135025,11.135025,0
2015-10-12,11.12768,11.12768,11.12768,11.12768,0
2015-10-13,11.002901,11.002901,11.002901,11.002901,0
2015-10-14,11.002901,11.002901,11.002901,11.002901,0
2015-10-15,11.193747,11.193747,11.193747,11.193747,0
2015-10-16,11.186403,11.186403,11.186403,11.186403,0
2015-10-19,11.149702,11.149702,11.149702,11.149702,0
2015-10-20,11.120343,11.120343,11.120343,11.120343,0
2015-10-21,11.083642,11.083642,11.083642,11.083642,0
2015-10-22,11.193747,11.193747,11.193747,11.193747,0
2015-10-23,11.289165,11.289165,11.289165,11.289165,0
2015-10-26,11.245127,11.245127,11.245127,11.245127,0
2015-10-27,11.149702,11.149702,11.149702,11.149702,0
2015-10-28,11.201082,11.201082,11.201082,11.201082,0
2015-10-29,11.105661,11.105661,11.105661,11.105661,0
2015-10-30,11.090981,11.090981,11.090981,11.090981,0
2015-11-02,11.179063,11.179063,11.179063,11.179063,0
2015-11-03,11.208426,11.208426,11.208426,11.208426,0
2015-11-04,11.164387,11.164387,11.164387,11.164387,0
2015-11-05,11.149702,11.149702,11.149702,11.149702,0
2015-11-06,11.068964,11.068964,11.068964,11.068964,0
2015-11-09,10.958862,10.958862,10.958862,10.958862,0
2015-11-10,10.929501,10.929501,10.929501,10.929501,0
2015-11-11,10.966198,10.966198,10.966198,10.966198,0
2015-11-12,10.863438,10.863438,10.863438,10.863438,0
2015-11-13,10.760676,10.760676,10.760676,10.760676,0
2015-11-16,10.848756,10.848756,10.848756,10.848756,0
2015-11-17,10.907477,10.907477,10.907477,10.907477,0
2015-11-18,10.973539,10.973539,10.973539,10.973539,0
2015-11-19,11.054283,11.054283,11.054283,11.054283,0
2015-11-20,11.054283,11.054283,11.054283,11.054283,0
2015-11-23,10.99556,10.99556,10.99556,10.99556,0
2015-11-24,10.988222,10.988222,10.988222,10.988222,0
2015-11-25,11.002901,11.002901,11.002901,11.002901,0
2015-11-27,10.980882,10.980882,10.980882,10.980882,0
2015-11-30,10.944182,10.944182,10.944182,10.944182,0
2015-12-01,11.076301,11.076301,11.076301,11.076301,0
2015-12-02,10.973539,10.973539,10.973539,10.973539,0
2015-12-03,10.922157,10.922157,10.922157,10.922157,0
2015-12-04,10.973539,10.973539,10.973539,10.973539,0
2015-12-07,10.878119,10.878119,10.878119,10.878119,0
2015-12-08,10.723977,10.723977,10.723977,10.723977,0
2015-12-09,10.694615,10.694615,10.694615,10.694615,0
2015-12-10,10.679933,10.679933,10.679933,10.679933,0
2015-12-11,10.474407,10.474407,10.474407,10.474407,0
2015-12-14,10.467069,10.467069,10.467069,10.467069,0
2015-12-15,10.562491,10.562491,10.562491,10.562491,0
2015-12-16,10.723977,10.723977,10.723977,10.723977,0
2015-12-17,10.643231,10.643231,10.643231,10.643231,0
2015-12-18,10.561872,10.561872,10.561872,10.561872,0
2015-12-21,10.606254,10.606254,10.606254,10.606254,0
2015-12-22,10.665423,10.665423,10.665423,10.665423,0
2015-12-23,10.835538,10.835538,10.835538,10.835538,0
2015-12-24,10.805952,10.805952,10.805952,10.805952,0
2015-12-28,10.776369,10.776369,10.776369,10.776369,0
2015-12-29,10.88731,10.88731,10.88731,10.88731,0
2015-12-30,10.798556,10.798556,10.798556,10.798556,0
2015-12-31,10.717191,10.717191,10.717191,10.717191,0
2016-01-04,10.5101,10.5101,10.5101,10.5101,0
2016-01-05,10.495308,10.495308,10.495308,10.495308,0
2016-01-06,10.339985,10.339985,10.339985,10.339985,0
2016-01-07,10.13289,10.13289,10.13289,10.13289,0
2016-01-08,10.029343,10.029343,10.029343,10.029343,0
2016-01-11,9.992359,9.992359,9.992359,9.992359,0
2016-01-12,10.029343,10.029343,10.029343,10.029343,0
2016-01-13,9.933191,9.933191,9.933191,9.933191,0
2016-01-14,9.992359,9.992359,9.992359,9.992359,0
2016-01-15,9.681716,9.681716,9.681716,9.681716,0
2016-01-19,9.748283,9.748283,9.748283,9.748283,0
2016-01-20,9.518998,9.518998,9.518998,9.518998,0
2016-01-21,9.548586,9.548586,9.548586,9.548586,0
2016-01-22,9.844437,9.844437,9.844437,9.844437,0
2016-01-25,9.748283,9.748283,9.748283,9.748283,0
2016-01-26,9.874021,9.874021,9.874021,9.874021,0
2016-01-27,9.859228,9.859228,9.859228,9.859228,0
2016-01-28,9.896205,9.896205,9.896205,9.896205,0
2016-01-29,10.118096,10.118096,10.118096,10.118096,0
2016-02-01,10.095909,10.095909,10.095909,10.095909,0
2016-02-02,9.888814,9.888814,9.888814,9.888814,0
2016-02-03,9.940586,9.940586,9.940586,9.940586,0
2016-02-04,9.999758,9.999758,9.999758,9.999758,0
2016-02-05,9.874021,9.874021,9.874021,9.874021,0
2016-02-08,9.703907,9.703907,9.703907,9.703907,0
2016-02-09,9.592962,9.592962,9.592962,9.592962,0
2016-02-10,9.600358,9.600358,9.600358,9.600358,0
2016-02-11,9.437639,9.437639,9.437639,9.437639,0
2016-02-12,9.555977,9.555977,9.555977,9.555977,0
2016-02-16,9.748283,9.748283,9.748283,9.748283,0
2016-02-17,9.933191,9.933191,9.933191,9.933191,0
2016-02-18,9.925793,9.925793,9.925793,9.925793,0
2016-02-19,9.896205,9.896205,9.896205,9.896205,0
2016-02-22,10.01455,10.01455,10.01455,10.01455,0
2016-02-23,9.866625,9.866625,9.866625,9.866625,0
2016-02-24,9.822247,9.822247,9.822247,9.822247,0
2016-02-25,9.925793,9.925793,9.925793,9.925793,0
2016-02-26,9.903605,9.903605,9.903605,9.903605,0
2016-02-29,9.888814,9.888814,9.888814,9.888814,0
2016-03-01,10.13289,10.13289,10.13289,10.13289,0
2016-03-02,10.214247,10.214247,10.214247,10.214247,0
2016-03-03,10.325194,10.325194,10.325194,10.325194,0
2016-03-04,10.428741,10.428741,10.428741,10.428741,0
2016-03-07,10.436136,10.436136,10.436136,10.436136,0
2016-03-08,10.310398,10.310398,10.310398,10.310398,0
2016-03-09,10.354777,10.354777,10.354777,10.354777,0
2016-03-10,10.354777,10.354777,10.354777,10.354777,0
2016-03-11,10.584061,10.584061,10.584061,10.584061,0
2016-03-14,10.579612,10.579612,10.579612,10.579612,0
2016-03-15,10.460906,10.460906,10.460906,10.460906,0
2016-03-16,10.572191,10.572191,10.572191,10.572191,0
2016-03-17,10.705736,10.705736,10.705736,10.705736,0
2016-03-18,10.713154,10.713154,10.713154,10.713154,0
2016-03-21,10.690897,10.690897,10.690897,10.690897,0
2016-03-22,10.67606,10.67606,10.67606,10.67606,0
2016-03-23,10.572191,10.572191,10.572191,10.572191,0
2016-03-24,10.498001,10.498001,10.498001,10.498001,0
2016-03-28,10.542517,10.542517,10.542517,10.542517,0
2016-03-29,10.661221,10.661221,10.661221,10.661221,0
2016-03-30,10.757667,10.757667,10.757667,10.757667,0
2016-03-31,10.698318,10.698318,10.698318,10.698318,0
2016-04-01,10.594447,10.594447,10.594447,10.594447,0
2016-04-04,10.572191,10.572191,10.572191,10.572191,0
2016-04-05,10.379293,10.379293,10.379293,10.379293,0
2016-04-06,10.498001,10.498001,10.498001,10.498001,0
2016-04-07,10.371876,10.371876,10.371876,10.371876,0
2016-04-08,10.557352,10.557352,10.557352,10.557352,0
2016-04-11,10.587029,10.587029,10.587029,10.587029,0
2016-04-12,10.735411,10.735411,10.735411,10.735411,0
2016-04-13,10.898628,10.898628,10.898628,10.898628,0
2016-04-14,10.913468,10.913468,10.913468,10.913468,0
2016-04-15,10.898628,10.898628,10.898628,10.898628,0
2016-04-18,10.957984,10.957984,10.957984,10.957984,0
2016-04-19,11.128622,11.128622,11.128622,11.128622,0
2016-04-20,11.113785,11.113785,11.113785,11.113785,0
2016-04-21,11.069269,11.069269,11.069269,11.069269,0
2016-04-22,11.054432,11.054432,11.054432,11.054432,0
2016-04-25,11.002497,11.002497,11.002497,11.002497,0
2016-04-26,11.039592,11.039592,11.039592,11.039592,0
2016-04-27,11.054432,11.054432,11.054432,11.054432,0
2016-04-28,10.98766,10.98766,10.98766,10.98766,0
2016-04-29,10.935728,10.935728,10.935728,10.935728,0
2016-05-02,11.002497,11.002497,11.002497,11.002497,0
2016-05-03,10.802183,10.802183,10.802183,10.802183,0
2016-05-04,10.668638,10.668638,10.668638,10.668638,0
2016-05-05,10.661221,10.661221,10.661221,10.661221,0
2016-05-06,10.668638,10.668638,10.668638,10.668638,0
2016-05-09,10.631542,10.631542,10.631542,10.631542,0
2016-05-10,10.772504,10.772504,10.772504,10.772504,0
2016-05-11,10.713154,10.713154,10.713154,10.713154,0
2016-05-12,10.698318,10.698318,10.698318,10.698318,0
2016-05-13,10.594447,10.594447,10.594447,10.594447,0
2016-05-16,10.690897,10.690897,10.690897,10.690897,0
2016-05-17,10.653805,10.653805,10.653805,10.653805,0
2016-05-18,10.624126,10.624126,10.624126,10.624126,0
2016-05-19,10.549935,10.549935,10.549935,10.549935,0
2016-05-20,10.624126,10.624126,10.624126,10.624126,0
2016-05-23,10.601867,10.601867,10.601867,10.601867,0
2016-05-24,10.713154,10.713154,10.713154,10.713154,0
2016-05-25,10.831861,10.831861,10.831861,10.831861,0
2016-05-26,10.861536,10.861536,10.861536,10.861536,0
2016-05-27,10.854117,10.854117,10.854117,10.854117,0
2016-05-31,10.824439,10.824439,10.824439,10.824439,0
2016-06-01,10.831861,10.831861,10.831861,10.831861,0
2016-06-02,10.831861,10.831861,10.831861,10.831861,0
2016-06-03,10.92089,10.92089,10.92089,10.92089,0
2016-06-06,11.002497,11.002497,11.002497,11.002497,0
2016-06-07,11.106366,11.106366,11.106366,11.106366,0
2016-06-08,11.14346,11.14346,11.14346,11.14346,0
2016-06-09,11.024755,11.024755,11.024755,11.024755,0
2016-06-10,10.750246,10.750246,10.750246,10.750246,0
2016-06-13,10.585095,10.585095,10.585095,10.585095,0
2016-06-14,10.449964,10.449964,10.449964,10.449964,0
2016-06-15,10.517529,10.517529,10.517529,10.517529,0
2016-06-16,10.495008,10.495008,10.495008,10.495008,0
2016-06-17,10.577585,10.577585,10.577585,10.577585,0
2016-06-20,10.82532,10.82532,10.82532,10.82532,0
2016-06-21,10.892886,10.892886,10.892886,10.892886,0
2016-06-22,10.915406,10.915406,10.915406,10.915406,0
2016-06-23,11.148129,11.148129,11.148129,11.148129,0
2016-06-24,10.359877,10.359877,10.359877,10.359877,0
2016-06-27,10.134664,10.134664,10.134664,10.134664,0
2016-06-28,10.389906,10.389906,10.389906,10.389906,0
2016-06-29,10.585095,10.585095,10.585095,10.585095,0
2016-06-30,10.720222,10.720222,10.720222,10.720222,0
2016-07-01,10.757755,10.757755,10.757755,10.757755,0
2016-07-05,10.570078,10.570078,10.570078,10.570078,0
2016-07-06,10.540052,10.540052,10.540052,10.540052,0
2016-07-07,10.525032,10.525032,10.525032,10.525032,0
2016-07-08,10.652656,10.652656,10.652656,10.652656,0
2016-07-11,10.802801,10.802801,10.802801,10.802801,0
2016-07-12,10.93793,10.93793,10.93793,10.93793,0
2016-07-13,10.93793,10.93793,10.93793,10.93793,0
2016-07-14,11.03552,11.03552,11.03552,11.03552,0
2016-07-15,10.997988,10.997988,10.997988,10.997988,0
2016-07-18,11.028013,11.028013,11.028013,11.028013,0
2016-07-19,10.960453,10.960453,10.960453,10.960453,0
2016-07-20,11.03552,11.03552,11.03552,11.03552,0
2016-07-21,11.013001,11.013001,11.013001,11.013001,0
2016-07-22,11.013001,11.013001,11.013001,11.013001,0
2016-07-25,10.997988,10.997988,10.997988,10.997988,0
2016-07-26,11.043029,11.043029,11.043029,11.043029,0
2016-07-27,11.080566,11.080566,11.080566,11.080566,0
2016-07-28,11.080566,11.080566,11.080566,11.080566,0
2016-07-29,11.193174,11.193174,11.193174,11.193174,0
2016-08-01,11.148129,11.148129,11.148129,11.148129,0
2016-08-02,11.103087,11.103087,11.103087,11.103087,0
2016-08-03,11.050537,11.050537,11.050537,11.050537,0
2016-08-04,11.110593,11.110593,11.110593,11.110593,0
2016-08-05,11.185663,11.185663,11.185663,11.185663,0
2016-08-08,11.215693,11.215693,11.215693,11.215693,0
2016-08-09,11.305779,11.305779,11.305779,11.305779,0
2016-08-10,11.335808,11.335808,11.335808,11.335808,0
2016-08-11,11.410879,11.410879,11.410879,11.410879,0
2016-08-12,11.395866,11.395866,11.395866,11.395866,0
2016-08-15,11.448415,11.448415,11.448415,11.448415,0
2016-08-16,11.433398,11.433398,11.433398,11.433398,0
2016-08-17,11.418389,11.418389,11.418389,11.418389,0
2016-08-18,11.48595,11.48595,11.48595,11.48595,0
2016-08-19,11.403373,11.403373,11.403373,11.403373,0
2016-08-22,11.388358,11.388358,11.388358,11.388358,0
2016-08-23,11.418389,11.418389,11.418389,11.418389,0
2016-08-24,11.380847,11.380847,11.380847,11.380847,0
2016-08-25,11.358329,11.358329,11.358329,11.358329,0
2016-08-26,11.298273,11.298273,11.298273,11.298273,0
2016-08-29,11.3283,11.3283,11.3283,11.3283,0
2016-08-30,11.298273,11.298273,11.298273,11.298273,0
2016-08-31,11.275752,11.275752,11.275752,11.275752,0
2016-09-01,11.320802,11.320802,11.320802,11.320802,0
2016-09-02,11.448415,11.448415,11.448415,11.448415,0
2016-09-06,11.591051,11.591051,11.591051,11.591051,0
2016-09-07,11.606067,11.606067,11.606067,11.606067,0
2016-09-08,11.576036,11.576036,11.576036,11.576036,0
2016-09-09,11.343313,11.343313,11.343313,11.343313,0
2016-09-12,11.39239,11.39239,11.39239,11.39239,0
2016-09-13,11.158348,11.158348,11.158348,11.158348,0
2016-09-14,11.158348,11.158348,11.158348,11.158348,0
2016-09-15,11.264044,11.264044,11.264044,11.264044,0
2016-09-16,11.1357,11.1357,11.1357,11.1357,0
2016-09-19,11.218749,11.218749,11.218749,11.218749,0
2016-09-20,11.256497,11.256497,11.256497,11.256497,0
2016-09-21,11.452785,11.452785,11.452785,11.452785,0
2016-09-22,11.558483,11.558483,11.558483,11.558483,0
2016-09-23,11.467883,11.467883,11.467883,11.467883,0
2016-09-26,11.354639,11.354639,11.354639,11.354639,0
2016-09-27,11.422587,11.422587,11.422587,11.422587,0
2016-09-28,11.50563,11.50563,11.50563,11.50563,0
2016-09-29,11.39239,11.39239,11.39239,11.39239,0
2016-09-30,11.430133,11.430133,11.430133,11.430133,0
2016-10-03,11.445233,11.445233,11.445233,11.445233,0
2016-10-04,11.422587,11.422587,11.422587,11.422587,0
2016-10-05,11.467883,11.467883,11.467883,11.467883,0
2016-10-06,11.415035,11.415035,11.415035,11.415035,0
2016-10-07,11.362187,11.362187,11.362187,11.362187,0
2016-10-10,11.407489,11.407489,11.407489,11.407489,0
2016-10-11,11.233847,11.233847,11.233847,11.233847,0
2016-10-12,11.226295,11.226295,11.226295,11.226295,0
2016-10-13,11.180997,11.180997,11.180997,11.180997,0
2016-10-14,11.196095,11.196095,11.196095,11.196095,0
2016-10-17,11.17345,11.17345,11.17345,11.17345,0
2016-10-18,11.309342,11.309342,11.309342,11.309342,0
2016-10-19,11.354639,11.354639,11.354639,11.354639,0
2016-10-20,11.347087,11.347087,11.347087,11.347087,0
2016-10-21,11.324445,11.324445,11.324445,11.324445,0
2016-10-24,11.33199,11.33199,11.33199,11.33199,0
2016-10-25,11.316892,11.316892,11.316892,11.316892,0
2016-10-26,11.264044,11.264044,11.264044,11.264044,0
2016-10-27,11.233847,11.233847,11.233847,11.233847,0
2016-10-28,11.241397,11.241397,11.241397,11.241397,0
2016-10-31,11.233847,11.233847,11.233847,11.233847,0
2016-11-01,11.203648,11.203648,11.203648,11.203648,0
2016-11-02,11.09795,11.09795,11.09795,11.09795,0
2016-11-03,11.090399,11.090399,11.090399,11.090399,0
2016-11-04,11.014908,11.014908,11.014908,11.014908,0
2016-11-07,11.165898,11.165898,11.165898,11.165898,0
2016-11-08,11.188547,11.188547,11.188547,11.188547,0
2016-11-09,11.17345,11.17345,11.17345,11.17345,0
2016-11-10,11.090399,11.090399,11.090399,11.090399,0
2016-11-11,10.96206,10.96206,10.96206,10.96206,0
2016-11-14,10.894112,10.894112,10.894112,10.894112,0
2016-11-15,10.96206,10.96206,10.96206,10.96206,0
2016-11-16,10.886563,10.886563,10.886563,10.886563,0
2016-11-17,10.924313,10.924313,10.924313,10.924313,0
2016-11-18,10.848815,10.848815,10.848815,10.848815,0
2016-11-21,10.931858,10.931858,10.931858,10.931858,0
2016-11-22,10.98471,10.98471,10.98471,10.98471,0
2016-11-23,10.946963,10.946963,10.946963,10.946963,0
2016-11-25,10.96961,10.96961,10.96961,10.96961,0
2016-11-28,10.96206,10.96206,10.96206,10.96206,0
2016-11-29,10.992258,10.992258,10.992258,10.992258,0
2016-11-30,10.992258,10.992258,10.992258,10.992258,0
2016-12-01,10.96961,10.96961,10.96961,10.96961,0
2016-12-02,10.977158,10.977158,10.977158,10.977158,0
2016-12-05,11.052654,11.052654,11.052654,11.052654,0
2016-12-06,11.113051,11.113051,11.113051,11.113051,0
2016-12-07,11.271594,11.271594,11.271594,11.271594,0
2016-12-08,11.286692,11.286692,11.286692,11.286692,0
2016-12-09,11.309342,11.309342,11.309342,11.309342,0
2016-12-12,11.264044,11.264044,11.264044,11.264044,0
2016-12-13,11.36974,11.36974,11.36974,11.36974,0
2016-12-14,11.17345,11.17345,11.17345,11.17345,0
2016-12-15,11.165898,11.165898,11.165898,11.165898,0
2016-12-16,11.158348,11.158348,11.158348,11.158348,0
2016-12-19,11.145408,11.145408,11.145408,11.145408,0
2016-12-20,11.168247,11.168247,11.168247,11.168247,0
2016-12-21,11.153024,11.153024,11.153024,11.153024,0
2016-12-22,11.122567,11.122567,11.122567,11.122567,0
2016-12-23,11.130183,11.130183,11.130183,11.130183,0
2016-12-27,11.137792,11.137792,11.137792,11.137792,0
2016-12-28,11.122567,11.122567,11.122567,11.122567,0
2016-12-29,11.191083,11.191083,11.191083,11.191083,0
2016-12-30,11.213924,11.213924,11.213924,11.213924,0
2017-01-03,11.28244,11.28244,11.28244,11.28244,0
2017-01-04,11.396637,11.396637,11.396637,11.396637,0
2017-01-05,11.51083,11.51083,11.51083,11.51083,0
2017-01-06,11.465152,11.465152,11.465152,11.465152,0
2017-01-09,11.4347,11.4347,11.4347,11.4347,0
2017-01-10,11.457538,11.457538,11.457538,11.457538,0
2017-01-11,11.54128,11.54128,11.54128,11.54128,0
2017-01-12,11.548895,11.548895,11.548895,11.548895,0
2017-01-13,11.594575,11.594575,11.594575,11.594575,0
2017-01-17,11.564121,11.564121,11.564121,11.564121,0
2017-01-18,11.526054,11.526054,11.526054,11.526054,0
2017-01-19,11.51083,11.51083,11.51083,11.51083,0
2017-01-20,11.556509,11.556509,11.556509,11.556509,0
2017-01-23,11.586962,11.586962,11.586962,11.586962,0
2017-01-24,11.647864,11.647864,11.647864,11.647864,0
2017-01-25,11.754441,11.754441,11.754441,11.754441,0
2017-01-26,11.723994,11.723994,11.723994,11.723994,0
2017-01-27,11.708765,11.708765,11.708765,11.708765,0
2017-01-30,11.625027,11.625027,11.625027,11.625027,0
2017-01-31,11.647864,11.647864,11.647864,11.647864,0
2017-02-01,11.693542,11.693542,11.693542,11.693542,0
2017-02-02,11.708765,11.708765,11.708765,11.708765,0
2017-02-03,11.754441,11.754441,11.754441,11.754441,0
2017-02-06,11.701154,11.701154,11.701154,11.701154,0
2017-02-07,11.678316,11.678316,11.678316,11.678316,0
2017-02-08,11.716381,11.716381,11.716381,11.716381,0
2017-02-09,11.754441,11.754441,11.754441,11.754441,0
2017-02-10,11.800125,11.800125,11.800125,11.800125,0
2017-02-13,11.861028,11.861028,11.861028,11.861028,0
2017-02-14,11.861028,11.861028,11.861028,11.861028,0
2017-02-15,11.906708,11.906708,11.906708,11.906708,0
2017-02-16,11.921931,11.921931,11.921931,11.921931,0
2017-02-17,11.891478,11.891478,11.891478,11.891478,0
2017-02-21,11.937159,11.937159,11.937159,11.937159,0
2017-02-22,11.94477,11.94477,11.94477,11.94477,0
2017-02-23,11.952383,11.952383,11.952383,11.952383,0
2017-02-24,11.86864,11.86864,11.86864,11.86864,0
2017-02-27,11.845801,11.845801,11.845801,11.845801,0
2017-02-28,11.822963,11.822963,11.822963,11.822963,0
2017-03-01,11.937159,11.937159,11.937159,11.937159,0
2017-03-02,11.845801,11.845801,11.845801,11.845801,0
2017-03-03,11.899095,11.899095,11.899095,11.899095,0
2017-03-06,11.86864,11.86864,11.86864,11.86864,0
2017-03-07,11.845801,11.845801,11.845801,11.845801,0
2017-03-08,11.792508,11.792508,11.792508,11.792508,0
2017-03-09,11.792508,11.792508,11.792508,11.792508,0
2017-03-10,11.876256,11.876256,11.876256,11.876256,0
2017-03-13,11.952383,11.952383,11.952383,11.952383,0
2017-03-14,11.883865,11.883865,11.883865,11.883865,0
2017-03-15,12.058964,12.058964,12.058964,12.058964,0
2017-03-16,12.135092,12.135092,12.135092,12.135092,0
2017-03-17,12.157935,12.157935,12.157935,12.157935,0
2017-03-20,12.165545,12.165545,12.165545,12.165545,0
2017-03-21,12.112257,12.112257,12.112257,12.112257,0
2017-03-22,12.104646,12.104646,12.104646,12.104646,0
2017-03-23,12.126024,12.126024,12.126024,12.126024,0
2017-03-24,12.156568,12.156568,12.156568,12.156568,0
2017-03-27,12.187116,12.187116,12.187116,12.187116,0
2017-03-28,12.232929,12.232929,12.232929,12.232929,0
2017-03-29,12.240562,12.240562,12.240562,12.240562,0
2017-03-30,12.19475,12.19475,12.19475,12.19475,0
2017-03-31,12.156568,12.156568,12.156568,12.156568,0
2017-04-03,12.156568,12.156568,12.156568,12.156568,0
2017-04-04,12.164206,12.164206,12.164206,12.164206,0
2017-04-05,12.133663,12.133663,12.133663,12.133663,0
2017-04-06,12.118388,12.118388,12.118388,12.118388,0
2017-04-07,12.103115,12.103115,12.103115,12.103115,0
2017-04-10,12.095478,12.095478,12.095478,12.095478,0
2017-04-11,12.133663,12.133663,12.133663,12.133663,0
2017-04-12,12.141295,12.141295,12.141295,12.141295,0
2017-04-13,12.080207,12.080207,12.080207,12.080207,0
2017-04-17,12.164206,12.164206,12.164206,12.164206,0
2017-04-18,12.095478,12.095478,12.095478,12.095478,0
2017-04-19,12.034389,12.034389,12.034389,12.034389,0
2017-04-20,12.133663,12.133663,12.133663,12.133663,0
2017-04-21,12.118388,12.118388,12.118388,12.118388,0
2017-04-24,12.362741,12.362741,12.362741,12.362741,0
2017-04-25,12.462009,12.462009,12.462009,12.462009,0
2017-04-26,12.439101,12.439101,12.439101,12.439101,0
2017-04-27,12.431464,12.431464,12.431464,12.431464,0
2017-04-28,12.42383,12.42383,12.42383,12.42383,0
2017-05-01,12.446736,12.446736,12.446736,12.446736,0
2017-05-02,12.530735,12.530735,12.530735,12.530735,0
2017-05-03,12.484918,12.484918,12.484918,12.484918,0
2017-05-04,12.53837,12.53837,12.53837,12.53837,0
2017-05-05,12.637638,12.637638,12.637638,12.637638,0
2017-05-08,12.599456,12.599456,12.599456,12.599456,0
2017-05-09,12.591822,12.591822,12.591822,12.591822,0
2017-05-10,12.622368,12.622368,12.622368,12.622368,0
2017-05-11,12.614732,12.614732,12.614732,12.614732,0
2017-05-12,12.660544,12.660544,12.660544,12.660544,0
2017-05-15,12.736908,12.736908,12.736908,12.736908,0
2017-05-16,12.805632,12.805632,12.805632,12.805632,0
2017-05-17,12.660544,12.660544,12.660544,12.660544,0
2017-05-18,12.614732,12.614732,12.614732,12.614732,0
2017-05-19,12.767453,12.767453,12.767453,12.767453,0
2017-05-22,12.797996,12.797996,12.797996,12.797996,0
2017-05-23,12.790359,12.790359,12.790359,12.790359,0
2017-05-24,12.813268,12.813268,12.813268,12.813268,0
2017-05-25,12.836171,12.836171,12.836171,12.836171,0
2017-05-26,12.813268,12.813268,12.813268,12.813268,0
2017-05-30,12.797996,12.797996,12.797996,12.797996,0
2017-05-31,12.797996,12.797996,12.797996,12.797996,0
2017-06-01,12.874355,12.874355,12.874355,12.874355,0
2017-06-02,12.981256,12.981256,12.981256,12.981256,0
2017-06-05,12.950715,12.950715,12.950715,12.950715,0
2017-06-06,12.920173,12.920173,12.920173,12.920173,0
2017-06-07,12.912535,12.912535,12.912535,12.912535,0
2017-06-08,12.897262,12.897262,12.897262,12.897262,0
2017-06-09,12.85908,12.85908,12.85908,12.85908,0
2017-06-12,12.813268,12.813268,12.813268,12.813268,0
2017-06-13,12.9049,12.9049,12.9049,12.9049,0
2017-06-14,12.889627,12.889627,12.889627,12.889627,0
2017-06-15,12.775087,12.775087,12.775087,12.775087,0
2017-06-16,12.843812,12.843812,12.843812,12.843812,0
2017-06-19,12.912535,12.912535,12.912535,12.912535,0
2017-06-20,12.794468,12.794468,12.794468,12.794468,0
2017-06-21,12.786749,12.786749,12.786749,12.786749,0
2017-06-22,12.809904,12.809904,12.809904,12.809904,0
2017-06-23,12.840768,12.840768,12.840768,12.840768,0
2017-06-26,12.879354,12.879354,12.879354,12.879354,0
2017-06-27,12.863921,12.863921,12.863921,12.863921,0
2017-06-28,12.95652,12.95652,12.95652,12.95652,0
2017-06-29,12.863921,12.863921,12.863921,12.863921,0
2017-06-30,12.863921,12.863921,12.863921,12.863921,0
2017-07-03,12.863921,12.863921,12.863921,12.863921,0
2017-07-05,12.856203,12.856203,12.856203,12.856203,0
2017-07-06,12.794468,12.794468,12.794468,12.794468,0
2017-07-07,12.802188,12.802188,12.802188,12.802188,0
2017-07-10,12.833048,12.833048,12.833048,12.833048,0
2017-07-11,12.871637,12.871637,12.871637,12.871637,0
2017-07-12,12.995104,12.995104,12.995104,12.995104,0
2017-07-13,13.05684,13.05684,13.05684,13.05684,0
2017-07-14,13.164874,13.164874,13.164874,13.164874,0
2017-07-17,13.149442,13.149442,13.149442,13.149442,0
2017-07-18,13.164874,13.164874,13.164874,13.164874,0
2017-07-19,13.234327,13.234327,13.234327,13.234327,0
2017-07-20,13.272913,13.272913,13.272913,13.272913,0
2017-07-21,13.234327,13.234327,13.234327,13.234327,0
2017-07-24,13.218893,13.218893,13.218893,13.218893,0
2017-07-25,13.234327,13.234327,13.234327,13.234327,0
2017-07-26,13.296061,13.296061,13.296061,13.296061,0
2017-07-27,13.280627,13.280627,13.280627,13.280627,0
2017-07-28,13.280627,13.280627,13.280627,13.280627,0
2017-07-31,13.303776,13.303776,13.303776,13.303776,0
2017-08-01,13.365509,13.365509,13.365509,13.365509,0
2017-08-02,13.380943,13.380943,13.380943,13.380943,0
2017-08-03,13.365509,13.365509,13.365509,13.365509,0
2017-08-04,13.380943,13.380943,13.380943,13.380943,0
2017-08-07,13.404097,13.404097,13.404097,13.404097,0
2017-08-08,13.365509,13.365509,13.365509,13.365509,0
2017-08-09,13.311499,13.311499,13.311499,13.311499,0
2017-08-10,13.13401,13.13401,13.13401,13.13401,0
2017-08-11,13.10314,13.10314,13.10314,13.10314,0
2017-08-14,13.195741,13.195741,13.195741,13.195741,0
2017-08-15,13.172591,13.172591,13.172591,13.172591,0
2017-08-16,13.265194,13.265194,13.265194,13.265194,0
2017-08-17,13.141723,13.141723,13.141723,13.141723,0
2017-08-18,13.164874,13.164874,13.164874,13.164874,0
2017-08-21,13.180307,13.180307,13.180307,13.180307,0
2017-08-22,13.257478,13.257478,13.257478,13.257478,0
2017-08-23,13.257478,13.257478,13.257478,13.257478,0
2017-08-24,13.257478,13.257478,13.257478,13.257478,0
2017-08-25,13.334644,13.334644,13.334644,13.334644,0
2017-08-28,13.35008,13.35008,13.35008,13.35008,0
2017-08-29,13.296061,13.296061,13.296061,13.296061,0
2017-08-30,13.296061,13.296061,13.296061,13.296061,0
2017-08-31,13.388662,13.388662,13.388662,13.388662,0
2017-09-01,13.419526,13.419526,13.419526,13.419526,0
2017-09-05,13.342362,13.342362,13.342362,13.342362,0
2017-09-06,13.388662,13.388662,13.388662,13.388662,0
2017-09-07,13.504411,13.504411,13.504411,13.504411,0
2017-09-08,13.504411,13.504411,13.504411,13.504411,0
2017-09-11,13.597016,13.597016,13.597016,13.597016,0
2017-09-12,13.635601,13.635601,13.635601,13.635601,0
2017-09-13,13.573869,13.573869,13.573869,13.573869,0
2017-09-14,13.597016,13.597016,13.597016,13.597016,0
2017-09-15,13.620166,13.620166,13.620166,13.620166,0
2017-09-18,13.643314,13.643314,13.643314,13.643314,0
2017-09-19,13.692967,13.692967,13.692967,13.692967,0
2017-09-20,13.661935,13.661935,13.661935,13.661935,0
2017-09-21,13.63866,13.63866,13.63866,13.63866,0
2017-09-22,13.654179,13.654179,13.654179,13.654179,0
2017-09-25,13.568838,13.568838,13.568838,13.568838,0
2017-09-26,13.52229,13.52229,13.52229,13.52229,0
2017-09-27,13.52229,13.52229,13.52229,13.52229,0
2017-09-28,13.545564,13.545564,13.545564,13.545564,0
2017-09-29,13.6309,13.6309,13.6309,13.6309,0
2017-10-02,13.6309,13.6309,13.6309,13.6309,0
2017-10-03,13.692967,13.692967,13.692967,13.692967,0
2017-10-04,13.692967,13.692967,13.692967,13.692967,0
2017-10-05,13.68521,13.68521,13.68521,13.68521,0
2017-10-06,13.677448,13.677448,13.677448,13.677448,0
2017-10-09,13.669697,13.669697,13.669697,13.669697,0
2017-10-10,13.778309,13.778309,13.778309,13.778309,0
2017-10-11,13.840371,13.840371,13.840371,13.840371,0
2017-10-12,13.848127,13.848127,13.848127,13.848127,0
2017-10-13,13.902433,13.902433,13.902433,13.902433,0
2017-10-16,13.910194,13.910194,13.910194,13.910194,0
2017-10-17,13.87916,13.87916,13.87916,13.87916,0
2017-10-18,13.902433,13.902433,13.902433,13.902433,0
2017-10-19,13.871405,13.871405,13.871405,13.871405,0
2017-10-20,13.848127,13.848127,13.848127,13.848127,0
2017-10-23,13.801586,13.801586,13.801586,13.801586,0
2017-10-24,13.832613,13.832613,13.832613,13.832613,0
2017-10-25,13.778309,13.778309,13.778309,13.778309,0
2017-10-26,13.762794,13.762794,13.762794,13.762794,0
2017-10-27,13.817096,13.817096,13.817096,13.817096,0
2017-10-30,13.840371,13.840371,13.840371,13.840371,0
2017-10-31,13.894677,13.894677,13.894677,13.894677,0
2017-11-01,13.933468,13.933468,13.933468,13.933468,0
2017-11-02,13.964499,13.964499,13.964499,13.964499,0
2017-11-03,13.948985,13.948985,13.948985,13.948985,0
2017-11-06,13.987778,13.987778,13.987778,13.987778,0
2017-11-07,13.941227,13.941227,13.941227,13.941227,0
2017-11-08,13.987778,13.987778,13.987778,13.987778,0
2017-11-09,13.92571,13.92571,13.92571,13.92571,0
2017-11-10,13.871405,13.871405,13.871405,13.871405,0
2017-11-13,13.817096,13.817096,13.817096,13.817096,0
2017-11-14,13.793819,13.793819,13.793819,13.793819,0
2017-11-15,13.700728,13.700728,13.700728,13.700728,0
2017-11-16,13.840371,13.840371,13.840371,13.840371,0
2017-11-17,13.848127,13.848127,13.848127,13.848127,0
2017-11-20,13.871405,13.871405,13.871405,13.871405,0
2017-11-21,13.995531,13.995531,13.995531,13.995531,0
2017-11-22,14.026567,14.026567,14.026567,14.026567,0
2017-11-24,14.096391,14.096391,14.096391,14.096391,0
2017-11-27,14.011048,14.011048,14.011048,14.011048,0
2017-11-28,14.073113,14.073113,14.073113,14.073113,0
2017-11-29,14.018806,14.018806,14.018806,14.018806,0
2017-11-30,13.995531,13.995531,13.995531,13.995531,0
2017-12-01,13.948985,13.948985,13.948985,13.948985,0
2017-12-04,13.910194,13.910194,13.910194,13.910194,0
2017-12-05,13.894677,13.894677,13.894677,13.894677,0
2017-12-06,13.809337,13.809337,13.809337,13.809337,0
2017-12-07,13.824854,13.824854,13.824854,13.824854,0
2017-12-08,13.917954,13.917954,13.917954,13.917954,0
2017-12-11,13.956741,13.956741,13.956741,13.956741,0
2017-12-12,13.956741,13.956741,13.956741,13.956741,0
2017-12-13,14.011048,14.011048,14.011048,14.011048,0
2017-12-14,13.956741,13.956741,13.956741,13.956741,0
2017-12-15,13.964499,13.964499,13.964499,13.964499,0
2017-12-18,14.104143,14.104143,14.104143,14.104143,0
2017-12-19,14.080873,14.080873,14.080873,14.080873,0
2017-12-20,14.073822,14.073822,14.073822,14.073822,0
2017-12-21,14.136476,14.136476,14.136476,14.136476,0
2017-12-22,14.159973,14.159973,14.159973,14.159973,0
2017-12-26,14.159973,14.159973,14.159973,14.159973,0
2017-12-27,14.22263,14.22263,14.22263,14.22263,0
2017-12-28,14.277452,14.277452,14.277452,14.277452,0
2017-12-29,14.285281,14.285281,14.285281,14.285281,0
2018-01-02,14.441919,14.441919,14.441919,14.441919,0
2018-01-03,14.512409,14.512409,14.512409,14.512409,0
2018-01-04,14.645548,14.645548,14.645548,14.645548,0
2018-01-05,14.747358,14.747358,14.747358,14.747358,0
2018-01-08,14.739523,14.739523,14.739523,14.739523,0
2018-01-09,14.739523,14.739523,14.739523,14.739523,0
2018-01-10,14.708201,14.708201,14.708201,14.708201,0
2018-01-11,14.786517,14.786517,14.786517,14.786517,0
2018-01-12,14.911833,14.911833,14.911833,14.911833,0
2018-01-16,14.927494,14.927494,14.927494,14.927494,0
2018-01-17,15.013647,15.013647,15.013647,15.013647,0
2018-01-18,14.982317,14.982317,14.982317,14.982317,0
2018-01-19,15.068464,15.068464,15.068464,15.068464,0
2018-01-22,15.154618,15.154618,15.154618,15.154618,0
2018-01-23,15.209443,15.209443,15.209443,15.209443,0
2018-01-24,15.264258,15.264258,15.264258,15.264258,0
2018-01-25,15.225103,15.225103,15.225103,15.225103,0
2018-01-26,15.366081,15.366081,15.366081,15.366081,0
2018-01-29,15.21727,15.21727,15.21727,15.21727,0
2018-01-30,15.068464,15.068464,15.068464,15.068464,0
2018-01-31,15.084131,15.084131,15.084131,15.084131,0
2018-02-01,15.107624,15.107624,15.107624,15.107624,0
2018-02-02,14.786517,14.786517,14.786517,14.786517,0
2018-02-05,14.277452,14.277452,14.277452,14.277452,0
2018-02-06,14.426253,14.426253,14.426253,14.426253,0
2018-02-07,14.238288,14.238288,14.238288,14.238288,0
2018-02-08,13.917184,13.917184,13.917184,13.917184,0
2018-02-09,13.979837,13.979837,13.979837,13.979837,0
2018-02-12,14.136476,14.136476,14.136476,14.136476,0
2018-02-13,14.144307,14.144307,14.144307,14.144307,0
2018-02-14,14.402761,14.402761,14.402761,14.402761,0
2018-02-15,14.535902,14.535902,14.535902,14.535902,0
2018-02-16,14.535902,14.535902,14.535902,14.535902,0
2018-02-20,14.434085,14.434085,14.434085,14.434085,0
2018-02-21,14.410596,14.410596,14.410596,14.410596,0
2018-02-22,14.434085,14.434085,14.434085,14.434085,0
2018-02-23,14.606384,14.606384,14.606384,14.606384,0
2018-02-26,14.70037,14.70037,14.70037,14.70037,0
2018-02-27,14.488909,14.488909,14.488909,14.488909,0
2018-02-28,14.308779,14.308779,14.308779,14.308779,0
2018-03-01,14.191296,14.191296,14.191296,14.191296,0
2018-03-02,14.206962,14.206962,14.206962,14.206962,0
2018-03-05,14.253957,14.253957,14.253957,14.253957,0
2018-03-06,14.340103,14.340103,14.340103,14.340103,0
2018-03-07,14.340103,14.340103,14.340103,14.340103,0
2018-03-08,14.371431,14.371431,14.371431,14.371431,0
2018-03-09,14.496742,14.496742,14.496742,14.496742,0
2018-03-12,14.520235,14.520235,14.520235,14.520235,0
2018-03-13,14.449756,14.449756,14.449756,14.449756,0
2018-03-14,14.449756,14.449756,14.449756,14.449756,0
2018-03-15,14.441919,14.441919,14.441919,14.441919,0
2018-03-16,14.434085,14.434085,14.434085,14.434085,0
2018-03-19,14.293114,14.293114,14.293114,14.293114,0
2018-03-20,14.324442,14.324442,14.324442,14.324442,0
2018-03-21,14.371431,14.371431,14.371431,14.371431,0
2018-03-22,14.097318,14.097318,14.097318,14.097318,0
2018-03-23,13.919109,13.919109,13.919109,13.919109,0
2018-03-26,14.193882,14.193882,14.193882,14.193882,0
2018-03-27,14.060419,14.060419,14.060419,14.060419,0
2018-03-28,14.083974,14.083974,14.083974,14.083974,0
2018-03-29,14.217432,14.217432,14.217432,14.217432,0
2018-04-02,14.029019,14.029019,14.029019,14.029019,0
2018-04-03,14.162475,14.162475,14.162475,14.162475,0
2018-04-04,14.154629,14.154629,14.154629,14.154629,0
2018-04-05,14.256688,14.256688,14.256688,14.256688,0
2018-04-06,14.131076,14.131076,14.131076,14.131076,0
2018-04-09,14.225281,14.225281,14.225281,14.225281,0
2018-04-10,14.397997,14.397997,14.397997,14.397997,0
2018-04-11,14.350892,14.350892,14.350892,14.350892,0
2018-04-12,14.390145,14.390145,14.390145,14.390145,0
2018-04-13,14.366596,14.366596,14.366596,14.366596,0
2018-04-16,14.397997,14.397997,14.397997,14.397997,0
2018-04-17,14.437246,14.437246,14.437246,14.437246,0
2018-04-18,14.515751,14.515751,14.515751,14.515751,0
2018-04-19,14.492204,14.492204,14.492204,14.492204,0
2018-04-20,14.397997,14.397997,14.397997,14.397997,0
2018-04-23,14.343044,14.343044,14.343044,14.343044,0
2018-04-24,14.288088,14.288088,14.288088,14.288088,0
2018-04-25,14.256688,14.256688,14.256688,14.256688,0
2018-04-26,14.327343,14.327343,14.327343,14.327343,0
2018-04-27,14.366596,14.366596,14.366596,14.366596,0
2018-04-30,14.33519,14.33519,14.33519,14.33519,0
2018-05-01,14.288088,14.288088,14.288088,14.288088,0
2018-05-02,14.264539,14.264539,14.264539,14.264539,0
2018-05-03,14.272387,14.272387,14.272387,14.272387,0
2018-05-04,14.311638,14.311638,14.311638,14.311638,0
2018-05-07,14.311638,14.311638,14.311638,14.311638,0
2018-05-08,14.311638,14.311638,14.311638,14.311638,0
2018-05-09,14.366596,14.366596,14.366596,14.366596,0
2018-05-10,14.476506,14.476506,14.476506,14.476506,0
2018-05-11,14.515751,14.515751,14.515751,14.515751,0
2018-05-14,14.539304,14.539304,14.539304,14.539304,0
2018-05-15,14.405843,14.405843,14.405843,14.405843,0
2018-05-16,14.445099,14.445099,14.445099,14.445099,0
2018-05-17,14.429398,14.429398,14.429398,14.429398,0
2018-05-18,14.374443,14.374443,14.374443,14.374443,0
2018-05-21,14.445099,14.445099,14.445099,14.445099,0
2018-05-22,14.445099,14.445099,14.445099,14.445099,0
2018-05-23,14.343044,14.343044,14.343044,14.343044,0
2018-05-24,14.280233,14.280233,14.280233,14.280233,0
2018-05-25,14.225281,14.225281,14.225281,14.225281,0
2018-05-29,13.981915,13.981915,13.981915,13.981915,0
2018-05-30,14.099671,14.099671,14.099671,14.099671,0
2018-05-31,14.060419,14.060419,14.060419,14.060419,0
2018-06-01,14.178177,14.178177,14.178177,14.178177,0
2018-06-04,14.272387,14.272387,14.272387,14.272387,0
2018-06-05,14.233138,14.233138,14.233138,14.233138,0
2018-06-06,14.343044,14.343044,14.343044,14.343044,0
2018-06-07,14.303791,14.303791,14.303791,14.303791,0
2018-06-08,14.280233,14.280233,14.280233,14.280233,0
2018-06-11,14.33519,14.33519,14.33519,14.33519,0
2018-06-12,14.295936,14.295936,14.295936,14.295936,0
2018-06-13,14.280233,14.280233,14.280233,14.280233,0
2018-06-14,14.225281,14.225281,14.225281,14.225281,0
2018-06-15,14.131076,14.131076,14.131076,14.131076,0
2018-06-18,14.036872,14.036872,14.036872,14.036872,0
2018-06-19,13.879855,13.879855,13.879855,13.879855,0
2018-06-20,13.903407,13.903407,13.903407,13.903407,0
2018-06-21,13.790732,13.790732,13.790732,13.790732,0
2018-06-22,13.941498,13.941498,13.941498,13.941498,0
2018-06-25,13.73519,13.73519,13.73519,13.73519,0
2018-06-26,13.743125,13.743125,13.743125,13.743125,0
2018-06-27,13.608233,13.608233,13.608233,13.608233,0
2018-06-28,13.632041,13.632041,13.632041,13.632041,0
2018-06-29,13.76693,13.76693,13.76693,13.76693,0
2018-07-02,13.639973,13.639973,13.639973,13.639973,0
2018-07-03,13.655842,13.655842,13.655842,13.655842,0
2018-07-05,13.73519,13.73519,13.73519,13.73519,0
2018-07-06,13.830408,13.830408,13.830408,13.830408,0
2018-07-09,13.957368,13.957368,13.957368,13.957368,0
2018-07-10,13.973235,13.973235,13.973235,13.973235,0
2018-07-11,13.743125,13.743125,13.743125,13.743125,0
2018-07-12,13.862145,13.862145,13.862145,13.862145,0
2018-07-13,13.893887,13.893887,13.893887,13.893887,0
2018-07-16,13.878017,13.878017,13.878017,13.878017,0
2018-07-17,13.901819,13.901819,13.901819,13.901819,0
2018-07-18,13.909758,13.909758,13.909758,13.909758,0
2018-07-19,13.838344,13.838344,13.838344,13.838344,0
2018-07-20,13.933558,13.933558,13.933558,13.933558,0
2018-07-23,13.909758,13.909758,13.909758,13.909758,0
2018-07-24,14.004972,14.004972,14.004972,14.004972,0
2018-07-25,14.123993,14.123993,14.123993,14.123993,0
2018-07-26,14.076392,14.076392,14.076392,14.076392,0
2018-07-27,14.108123,14.108123,14.108123,14.108123,0
2018-07-30,14.108123,14.108123,14.108123,14.108123,0
2018-07-31,14.108123,14.108123,14.108123,14.108123,0
2018-08-01,14.068451,14.068451,14.068451,14.068451,0
2018-08-02,13.941498,13.941498,13.941498,13.941498,0
2018-08-03,13.9653,13.9653,13.9653,13.9653,0
2018-08-06,13.917695,13.917695,13.917695,13.917695,0
2018-08-07,13.989101,13.989101,13.989101,13.989101,0
2018-08-08,13.989101,13.989101,13.989101,13.989101,0
2018-08-09,13.9653,13.9653,13.9653,13.9653,0
2018-08-10,13.719322,13.719322,13.719322,13.719322,0
2018-08-13,13.592365,13.592365,13.592365,13.592365,0
2018-08-14,13.6241,13.6241,13.6241,13.6241,0
2018-08-15,13.417795,13.417795,13.417795,13.417795,0
2018-08-16,13.481274,13.481274,13.481274,13.481274,0
2018-08-17,13.560624,13.560624,13.560624,13.560624,0
2018-08-20,13.632041,13.632041,13.632041,13.632041,0
2018-08-21,13.719322,13.719322,13.719322,13.719322,0
2018-08-22,13.782801,13.782801,13.782801,13.782801,0
2018-08-23,13.679643,13.679643,13.679643,13.679643,0
2018-08-24,13.774862,13.774862,13.774862,13.774862,0
2018-08-27,13.957368,13.957368,13.957368,13.957368,0
2018-08-28,13.941498,13.941498,13.941498,13.941498,0
2018-08-29,13.997039,13.997039,13.997039,13.997039,0
2018-08-30,13.862145,13.862145,13.862145,13.862145,0
2018-08-31,13.798663,13.798663,13.798663,13.798663,0
2018-09-04,13.632041,13.632041,13.632041,13.632041,0
2018-09-05,13.505082,13.505082,13.505082,13.505082,0
2018-09-06,13.457473,13.457473,13.457473,13.457473,0
2018-09-07,13.409862,13.409862,13.409862,13.409862,0
2018-09-10,13.409862,13.409862,13.409862,13.409862,0
2018-09-11,13.425733,13.425733,13.425733,13.425733,0
2018-09-12,13.465405,13.465405,13.465405,13.465405,0
2018-09-13,13.568559,13.568559,13.568559,13.568559,0
2018-09-14,13.592365,13.592365,13.592365,13.592365,0
2018-09-17,13.592365,13.592365,13.592365,13.592365,0
2018-09-18,13.703448,13.703448,13.703448,13.703448,0
2018-09-19,13.774862,13.774862,13.774862,13.774862,0
2018-09-20,13.909758,13.909758,13.909758,13.909758,0
2018-09-21,13.949427,13.949427,13.949427,13.949427,0
2018-09-24,13.870085,13.870085,13.870085,13.870085,0
2018-09-25,13.928281,13.928281,13.928281,13.928281,0
2018-09-26,13.944226,13.944226,13.944226,13.944226,0
2018-09-27,13.920307,13.920307,13.920307,13.920307,0
2018-09-28,13.840583,13.840583,13.840583,13.840583,0
2018-10-01,13.848558,13.848558,13.848558,13.848558,0
2018-10-02,13.760854,13.760854,13.760854,13.760854,0
2018-10-03,13.728963,13.728963,13.728963,13.728963,0
2018-10-04,13.545591,13.545591,13.545591,13.545591,0
2018-10-05,13.449925,13.449925,13.449925,13.449925,0
2018-10-08,13.378168,13.378168,13.378168,13.378168,0
2018-10-09,13.346275,13.346275,13.346275,13.346275,0
2018-10-10,13.067232,13.067232,13.067232,13.067232,0
2018-10-11,12.875887,12.875887,12.875887,12.875887,0
2018-10-12,12.995477,12.995477,12.995477,12.995477,0
2018-10-15,12.94764,12.94764,12.94764,12.94764,0
2018-10-16,13.178849,13.178849,13.178849,13.178849,0
2018-10-17,13.091151,13.091151,13.091151,13.091151,0
2018-10-18,12.875887,12.875887,12.875887,12.875887,0
2018-10-19,12.939672,12.939672,12.939672,12.939672,0
2018-10-22,12.915751,12.915751,12.915751,12.915751,0
2018-10-23,12.764268,12.764268,12.764268,12.764268,0
2018-10-24,12.44536,12.44536,12.44536,12.44536,0
2018-10-25,12.580897,12.580897,12.580897,12.580897,0
2018-10-26,12.469282,12.469282,12.469282,12.469282,0
2018-10-29,12.389557,12.389557,12.389557,12.389557,0
2018-10-30,12.541034,12.541034,12.541034,12.541034,0
2018-10-31,12.684543,12.684543,12.684543,12.684543,0
2018-11-01,12.875887,12.875887,12.875887,12.875887,0
2018-11-02,12.915751,12.915751,12.915751,12.915751,0
2018-11-05,12.939672,12.939672,12.939672,12.939672,0
2018-11-06,12.963589,12.963589,12.963589,12.963589,0
2018-11-07,13.123041,13.123041,13.123041,13.123041,0
2018-11-08,12.987505,12.987505,12.987505,12.987505,0
2018-11-09,12.875887,12.875887,12.875887,12.875887,0
2018-11-12,12.660626,12.660626,12.660626,12.660626,0
2018-11-13,12.716433,12.716433,12.716433,12.716433,0
2018-11-14,12.724408,12.724408,12.724408,12.724408,0
2018-11-15,12.812104,12.812104,12.812104,12.812104,0
2018-11-16,12.828049,12.828049,12.828049,12.828049,0
2018-11-19,12.732381,12.732381,12.732381,12.732381,0
2018-11-20,12.517117,12.517117,12.517117,12.517117,0
2018-11-21,12.668597,12.668597,12.668597,12.668597,0
2018-11-23,12.596845,12.596845,12.596845,12.596845,0
2018-11-26,12.748323,12.748323,12.748323,12.748323,0
2018-11-27,12.724408,12.724408,12.724408,12.724408,0
2018-11-28,12.899805,12.899805,12.899805,12.899805,0
2018-11-29,12.867913,12.867913,12.867913,12.867913,0
2018-11-30,12.843997,12.843997,12.843997,12.843997,0
2018-12-03,13.011422,13.011422,13.011422,13.011422,0
2018-12-04,12.74035,12.74035,12.74035,12.74035,0
2018-12-06,12.572928,12.572928,12.572928,12.572928,0
2018-12-07,12.453334,12.453334,12.453334,12.453334,0
2018-12-10,12.333744,12.333744,12.333744,12.333744,0
2018-12-11,12.325773,12.325773,12.325773,12.325773,0
2018-12-12,12.525091,12.525091,12.525091,12.525091,0
2018-12-13,12.549009,12.549009,12.549009,12.549009,0
2018-12-14,12.373608,12.373608,12.373608,12.373608,0
2018-12-17,12.25402,12.25402,12.25402,12.25402,0
2018-12-18,12.246045,12.246045,12.246045,12.246045,0
2018-12-19,12.16632,12.16632,12.16632,12.16632,0
2018-12-20,12.118482,12.118482,12.118482,12.118482,0
2018-12-21,11.929194,11.929194,11.929194,11.929194,0
2018-12-24,11.856702,11.856702,11.856702,11.856702,0
2018-12-26,12.122514,12.122514,12.122514,12.122514,0
2018-12-27,12.090289,12.090289,12.090289,12.090289,0
2018-12-28,12.162786,12.162786,12.162786,12.162786,0
2018-12-31,12.219167,12.219167,12.219167,12.219167,0
2019-01-02,12.178894,12.178894,12.178894,12.178894,0
2019-01-03,12.066126,12.066126,12.066126,12.066126,0
2019-01-04,12.420539,12.420539,12.420539,12.420539,0
2019-01-07,12.484976,12.484976,12.484976,12.484976,0
2019-01-08,12.541361,12.541361,12.541361,12.541361,0
2019-01-09,12.71051,12.71051,12.71051,12.71051,0
2019-01-10,12.75884,12.75884,12.75884,12.75884,0
2019-01-11,12.718568,12.718568,12.718568,12.718568,0
2019-01-14,12.654129,12.654129,12.654129,12.654129,0
2019-01-15,12.734677,12.734677,12.734677,12.734677,0
2019-01-16,12.766895,12.766895,12.766895,12.766895,0
2019-01-17,12.807168,12.807168,12.807168,12.807168,0
2019-01-18,12.91994,12.91994,12.91994,12.91994,0
2019-01-22,12.766895,12.766895,12.766895,12.766895,0
2019-01-23,12.807168,12.807168,12.807168,12.807168,0
2019-01-24,12.839385,12.839385,12.839385,12.839385,0
2019-01-25,13.000485,13.000485,13.000485,13.000485,0
2019-01-28,12.91994,12.91994,12.91994,12.91994,0
2019-01-29,12.960208,12.960208,12.960208,12.960208,0
2019-01-30,13.105198,13.105198,13.105198,13.105198,0
2019-01-31,13.14547,13.14547,13.14547,13.14547,0
2019-02-01,13.121307,13.121307,13.121307,13.121307,0
2019-02-04,13.153523,13.153523,13.153523,13.153523,0
2019-02-05,13.258242,13.258242,13.258242,13.258242,0
2019-02-06,13.193801,13.193801,13.193801,13.193801,0
2019-02-07,13.032705,13.032705,13.032705,13.032705,0
2019-02-08,12.976321,12.976321,12.976321,12.976321,0
2019-02-11,12.952157,12.952157,12.952157,12.952157,0
2019-02-12,13.097144,13.097144,13.097144,13.097144,0
2019-02-13,13.089088,13.089088,13.089088,13.089088,0
2019-02-14,13.097144,13.097144,13.097144,13.097144,0
2019-02-15,13.209909,13.209909,13.209909,13.209909,0
2019-02-19,13.27435,13.27435,13.27435,13.27435,0
2019-02-20,13.346842,13.346842,13.346842,13.346842,0
2019-02-21,13.306568,13.306568,13.306568,13.306568,0
2019-02-22,13.38712,13.38712,13.38712,13.38712,0
2019-02-25,13.443501,13.443501,13.443501,13.443501,0
2019-02-26,13.483773,13.483773,13.483773,13.483773,0
2019-02-27,13.435449,13.435449,13.435449,13.435449,0
2019-02-28,13.37101,13.37101,13.37101,13.37101,0
2019-03-01,13.419336,13.419336,13.419336,13.419336,0
2019-03-04,13.403226,13.403226,13.403226,13.403226,0
2019-03-05,13.427393,13.427393,13.427393,13.427393,0
2019-03-06,13.379059,13.379059,13.379059,13.379059,0
2019-03-07,13.226022,13.226022,13.226022,13.226022,0
2019-03-08,13.169637,13.169637,13.169637,13.169637,0
2019-03-11,13.306568,13.306568,13.306568,13.306568,0
2019-03-12,13.338786,13.338786,13.338786,13.338786,0
2019-03-13,13.419336,13.419336,13.419336,13.419336,0
2019-03-14,13.38712,13.38712,13.38712,13.38712,0
2019-03-15,13.515995,13.515995,13.515995,13.515995,0
2019-03-18,13.604599,13.604599,13.604599,13.604599,0
2019-03-19,13.612653,13.612653,13.612653,13.612653,0
2019-03-20,13.620707,13.620707,13.620707,13.620707,0
2019-03-21,13.620707,13.620707,13.620707,13.620707,0
2019-03-22,13.378345,13.378345,13.378345,13.378345,0
2019-03-25,13.354112,13.354112,13.354112,13.354112,0
2019-03-26,13.442973,13.442973,13.442973,13.442973,0
2019-03-27,13.402581,13.402581,13.402581,13.402581,0
2019-03-28,13.3945,13.3945,13.3945,13.3945,0
2019-03-29,13.467212,13.467212,13.467212,13.467212,0
2019-04-01,13.628792,13.628792,13.628792,13.628792,0
2019-04-02,13.644944,13.644944,13.644944,13.644944,0
2019-04-03,13.741886,13.741886,13.741886,13.741886,0
2019-04-04,13.741886,13.741886,13.741886,13.741886,0
2019-04-05,13.766125,13.766125,13.766125,13.766125,0
2019-04-08,13.790359,13.790359,13.790359,13.790359,0
2019-04-09,13.733809,13.733809,13.733809,13.733809,0
2019-04-10,13.782281,13.782281,13.782281,13.782281,0
2019-04-11,13.725726,13.725726,13.725726,13.725726,0
2019-04-12,13.806516,13.806516,13.806516,13.806516,0
2019-04-15,13.822674,13.822674,13.822674,13.822674,0
2019-04-16,13.84691,13.84691,13.84691,13.84691,0
2019-04-17,13.871146,13.871146,13.871146,13.871146,0
2019-04-18,13.854991,13.854991,13.854991,13.854991,0
2019-04-22,13.83883,13.83883,13.83883,13.83883,0
2019-04-23,13.871146,13.871146,13.871146,13.871146,0
2019-04-24,13.749969,13.749969,13.749969,13.749969,0
2019-04-25,13.725726,13.725726,13.725726,13.725726,0
2019-04-26,13.782281,13.782281,13.782281,13.782281,0
2019-04-29,13.822674,13.822674,13.822674,13.822674,0
2019-04-30,13.83883,13.83883,13.83883,13.83883,0
2019-05-01,13.766125,13.766125,13.766125,13.766125,0
2019-05-02,13.741886,13.741886,13.741886,13.741886,0
2019-05-03,13.86307,13.86307,13.86307,13.86307,0
2019-05-06,13.709572,13.709572,13.709572,13.709572,0
2019-05-07,13.515683,13.515683,13.515683,13.515683,0
2019-05-08,13.499526,13.499526,13.499526,13.499526,0
2019-05-09,13.370264,13.370264,13.370264,13.370264,0
2019-05-10,13.442973,13.442973,13.442973,13.442973,0
2019-05-13,13.160221,13.160221,13.160221,13.160221,0
2019-05-14,13.265243,13.265243,13.265243,13.265243,0
2019-05-15,13.321796,13.321796,13.321796,13.321796,0
2019-05-16,13.370264,13.370264,13.370264,13.370264,0
2019-05-17,13.265243,13.265243,13.265243,13.265243,0
2019-05-20,13.208693,13.208693,13.208693,13.208693,0
2019-05-21,13.297558,13.297558,13.297558,13.297558,0
2019-05-22,13.249084,13.249084,13.249084,13.249084,0
2019-05-23,13.111748,13.111748,13.111748,13.111748,0
2019-05-24,13.216772,13.216772,13.216772,13.216772,0
2019-05-28,13.160221,13.160221,13.160221,13.160221,0
2019-05-29,13.08751,13.08751,13.08751,13.08751,0
2019-05-30,13.127906,13.127906,13.127906,13.127906,0
2019-05-31,13.071355,13.071355,13.071355,13.071355,0
2019-06-03,13.168298,13.168298,13.168298,13.168298,0
2019-06-04,13.289482,13.289482,13.289482,13.289482,0
2019-06-05,13.273321,13.273321,13.273321,13.273321,0
2019-06-06,13.305634,13.305634,13.305634,13.305634,0
2019-06-07,13.442973,13.442973,13.442973,13.442973,0
2019-06-10,13.491447,13.491447,13.491447,13.491447,0
2019-06-11,13.572236,13.572236,13.572236,13.572236,0
2019-06-12,13.48337,13.48337,13.48337,13.48337,0
2019-06-13,13.491447,13.491447,13.491447,13.491447,0
2019-06-14,13.3945,13.3945,13.3945,13.3945,0
2019-06-17,13.370264,13.370264,13.370264,13.370264,0
2019-06-18,13.556077,13.556077,13.556077,13.556077,0
2019-06-19,13.6611,13.6611,13.6611,13.6611,0
2019-06-20,13.826992,13.826992,13.826992,13.826992,0
2019-06-21,13.786131,13.786131,13.786131,13.786131,0
2019-06-24,13.786131,13.786131,13.786131,13.786131,0
2019-06-25,13.696237,13.696237,13.696237,13.696237,0
2019-06-26,13.720754,13.720754,13.720754,13.720754,0
2019-06-27,13.786131,13.786131,13.786131,13.786131,0
2019-06-28,13.835159,13.835159,13.835159,13.835159,0
2019-07-01,13.908713,13.908713,13.908713,13.908713,0
2019-07-02,13.957745,13.957745,13.957745,13.957745,0
2019-07-03,14.014948,14.014948,14.014948,14.014948,0
2019-07-05,13.933228,13.933228,13.933228,13.933228,0
2019-07-08,13.826992,13.826992,13.826992,13.826992,0
2019-07-09,13.786131,13.786131,13.786131,13.786131,0
2019-07-10,13.843333,13.843333,13.843333,13.843333,0
2019-07-11,13.851505,13.851505,13.851505,13.851505,0
2019-07-12,13.867849,13.867849,13.867849,13.867849,0
2019-07-15,13.884195,13.884195,13.884195,13.884195,0
2019-07-16,13.851505,13.851505,13.851505,13.851505,0
2019-07-17,13.818815,13.818815,13.818815,13.818815,0
2019-07-18,13.859679,13.859679,13.859679,13.859679,0
2019-07-19,13.818815,13.818815,13.818815,13.818815,0
2019-07-22,13.835159,13.835159,13.835159,13.835159,0
2019-07-23,13.892366,13.892366,13.892366,13.892366,0
2019-07-24,13.900537,13.900537,13.900537,13.900537,0
2019-07-25,13.802477,13.802477,13.802477,13.802477,0
2019-07-26,13.818815,13.818815,13.818815,13.818815,0
2019-07-29,13.802477,13.802477,13.802477,13.802477,0
2019-07-30,13.704412,13.704412,13.704412,13.704412,0
2019-07-31,13.57366,13.57366,13.57366,13.57366,0
2019-08-01,13.516458,13.516458,13.516458,13.516458,0
2019-08-02,13.377534,13.377534,13.377534,13.377534,0
2019-08-05,13.034307,13.034307,13.034307,13.034307,0
2019-08-06,13.116028,13.116028,13.116028,13.116028,0
2019-08-07,13.165062,13.165062,13.165062,13.165062,0
2019-08-08,13.320328,13.320328,13.320328,13.320328,0
2019-08-09,13.214092,13.214092,13.214092,13.214092,0
2019-08-12,13.107858,13.107858,13.107858,13.107858,0
2019-08-13,13.181407,13.181407,13.181407,13.181407,0
2019-08-14,12.887214,12.887214,12.887214,12.887214,0
2019-08-15,12.919903,12.919903,12.919903,12.919903,0
2019-08-16,13.058822,13.058822,13.058822,13.058822,0
2019-08-19,13.140543,13.140543,13.140543,13.140543,0
2019-08-20,13.107858,13.107858,13.107858,13.107858,0
2019-08-21,13.205919,13.205919,13.205919,13.205919,0
2019-08-22,13.148717,13.148717,13.148717,13.148717,0
2019-08-23,13.009791,13.009791,13.009791,13.009791,0
2019-08-26,13.066998,13.066998,13.066998,13.066998,0
2019-08-27,13.083343,13.083343,13.083343,13.083343,0
2019-08-28,13.091513,13.091513,13.091513,13.091513,0
2019-08-29,13.181407,13.181407,13.181407,13.181407,0
2019-08-30,13.254951,13.254951,13.254951,13.254951,0
2019-09-03,13.205919,13.205919,13.205919,13.205919,0
2019-09-04,13.393877,13.393877,13.393877,13.393877,0
2019-09-05,13.500113,13.500113,13.500113,13.500113,0
2019-09-06,13.540971,13.540971,13.540971,13.540971,0
2019-09-09,13.565489,13.565489,13.565489,13.565489,0
2019-09-10,13.57366,13.57366,13.57366,13.57366,0
2019-09-11,13.679896,13.679896,13.679896,13.679896,0
2019-09-12,13.7371,13.7371,13.7371,13.7371,0
2019-09-13,13.802477,13.802477,13.802477,13.802477,0
2019-09-16,13.728927,13.728927,13.728927,13.728927,0
2019-09-17,13.761615,13.761615,13.761615,13.761615,0
2019-09-18,13.728927,13.728927,13.728927,13.728927,0
2019-09-19,13.753439,13.753439,13.753439,13.753439,0
2019-09-20,13.753439,13.753439,13.753439,13.753439,0
2019-09-23,13.705785,13.705785,13.705785,13.705785,0
2019-09-24,13.664699,13.664699,13.664699,13.664699,0
2019-09-25,13.63183,13.63183,13.63183,13.63183,0
2019-09-26,13.656487,13.656487,13.656487,13.656487,0
2019-09-27,13.598965,13.598965,13.598965,13.598965,0
2019-09-30,13.615398,13.615398,13.615398,13.615398,0
2019-10-01,13.508582,13.508582,13.508582,13.508582,0
2019-10-02,13.311373,13.311373,13.311373,13.311373,0
2019-10-03,13.368895,13.368895,13.368895,13.368895,0
2019-10-04,13.483929,13.483929,13.483929,13.483929,0
2019-10-07,13.442846,13.442846,13.442846,13.442846,0
2019-10-08,13.327806,13.327806,13.327806,13.327806,0
2019-10-09,13.418194,13.418194,13.418194,13.418194,0
2019-10-10,13.508582,13.508582,13.508582,13.508582,0
2019-10-11,13.722219,13.722219,13.722219,13.722219,0
2019-10-14,13.689349,13.689349,13.689349,13.689349,0
2019-10-15,13.820824,13.820824,13.820824,13.820824,0
2019-10-16,13.84547,13.84547,13.84547,13.84547,0
2019-10-17,13.886555,13.886555,13.886555,13.886555,0
2019-10-18,13.870121,13.870121,13.870121,13.870121,0
2019-10-21,13.952291,13.952291,13.952291,13.952291,0
2019-10-22,13.944074,13.944074,13.944074,13.944074,0
2019-10-23,13.976941,13.976941,13.976941,13.976941,0
2019-10-24,14.009811,14.009811,14.009811,14.009811,0
2019-10-25,14.026245,14.026245,14.026245,14.026245,0
2019-10-28,14.075546,14.075546,14.075546,14.075546,0
2019-10-29,14.067331,14.067331,14.067331,14.067331,0
2019-10-30,14.11663,14.11663,14.11663,14.11663,0
2019-10-31,14.075546,14.075546,14.075546,14.075546,0
2019-11-01,14.207017,14.207017,14.207017,14.207017,0
2019-11-04,14.297402,14.297402,14.297402,14.297402,0
2019-11-05,14.305617,14.305617,14.305617,14.305617,0
2019-11-06,14.297402,14.297402,14.297402,14.297402,0
2019-11-07,14.363141,14.363141,14.363141,14.363141,0
2019-11-08,14.31383,14.31383,14.31383,14.31383,0
2019-11-11,14.27275,14.27275,14.27275,14.27275,0
2019-11-12,14.27275,14.27275,14.27275,14.27275,0
2019-11-13,14.215234,14.215234,14.215234,14.215234,0
2019-11-14,14.182365,14.182365,14.182365,14.182365,0
2019-11-15,14.289186,14.289186,14.289186,14.289186,0
2019-11-18,14.297402,14.297402,14.297402,14.297402,0
2019-11-19,14.297402,14.297402,14.297402,14.297402,0
2019-11-20,14.223451,14.223451,14.223451,14.223451,0
2019-11-21,14.182365,14.182365,14.182365,14.182365,0
2019-11-22,14.198799,14.198799,14.198799,14.198799,0
2019-11-25,14.31383,14.31383,14.31383,14.31383,0
2019-11-26,14.305617,14.305617,14.305617,14.305617,0
2019-11-27,14.346703,14.346703,14.346703,14.346703,0
2019-11-29,14.231667,14.231667,14.231667,14.231667,0
2019-12-02,14.17415,14.17415,14.17415,14.17415,0
2019-12-03,14.124846,14.124846,14.124846,14.124846,0
2019-12-04,14.223451,14.223451,14.223451,14.223451,0
2019-12-05,14.248104,14.248104,14.248104,14.248104,0
2019-12-06,14.354919,14.354919,14.354919,14.354919,0
2019-12-09,14.31383,14.31383,14.31383,14.31383,0
2019-12-10,14.31383,14.31383,14.31383,14.31383,0
2019-12-11,14.404221,14.404221,14.404221,14.404221,0
2019-12-12,14.502826,14.502826,14.502826,14.502826,0
2019-12-13,14.593209,14.593209,14.593209,14.593209,0
2019-12-16,14.724682,14.724682,14.724682,14.724682,0
2019-12-17,14.732898,14.732898,14.732898,14.732898,0
2019-12-18,14.724682,14.724682,14.724682,14.724682,0
2019-12-19,14.741117,14.741117,14.741117,14.741117,0
2019-12-20,14.74776,14.74776,14.74776,14.74776,0
2019-12-23,14.764378,14.764378,14.764378,14.764378,0
2019-12-24,14.764378,14.764378,14.764378,14.764378,0
2019-12-26,14.822538,14.822538,14.822538,14.822538,0
2019-12-27,14.880698,14.880698,14.880698,14.880698,0
2019-12-30,14.805923,14.805923,14.805923,14.805923,0
2019-12-31,14.839157,14.839157,14.839157,14.839157,0
2020-01-02,14.980402,14.980402,14.980402,14.980402,0
2020-01-03,14.864084,14.864084,14.864084,14.864084,0
2020-01-06,14.855772,14.855772,14.855772,14.855772,0
2020-01-07,14.847466,14.847466,14.847466,14.847466,0
2020-01-08,14.839157,14.839157,14.839157,14.839157,0
2020-01-09,14.922242,14.922242,14.922242,14.922242,0
2020-01-10,14.897314,14.897314,14.897314,14.897314,0
2020-01-13,15.005328,15.005328,15.005328,15.005328,0
2020-01-14,14.997019,14.997019,14.997019,14.997019,0
2020-01-15,14.98871,14.98871,14.98871,14.98871,0
2020-01-16,15.046871,15.046871,15.046871,15.046871,0
2020-01-17,15.096719,15.096719,15.096719,15.096719,0
2020-01-21,14.955479,14.955479,14.955479,14.955479,0
2020-01-22,14.98871,14.98871,14.98871,14.98871,0
2020-01-23,14.930556,14.930556,14.930556,14.930556,0
2020-01-24,14.864084,14.864084,14.864084,14.864084,0
2020-01-27,14.564974,14.564974,14.564974,14.564974,0
2020-01-28,14.672986,14.672986,14.672986,14.672986,0
2020-01-29,14.656364,14.656364,14.656364,14.656364,0
2020-01-30,14.581588,14.581588,14.581588,14.581588,0
2020-01-31,14.34895,14.34895,14.34895,14.34895,0
2020-02-03,14.382184,14.382184,14.382184,14.382184,0
2020-02-04,14.623134,14.623134,14.623134,14.623134,0
2020-02-05,14.73945,14.73945,14.73945,14.73945,0
2020-02-06,14.805923,14.805923,14.805923,14.805923,0
2020-02-07,14.672986,14.672986,14.672986,14.672986,0
2020-02-10,14.697913,14.697913,14.697913,14.697913,0
2020-02-11,14.805923,14.805923,14.805923,14.805923,0
2020-02-12,14.872386,14.872386,14.872386,14.872386,0
2020-02-13,14.79761,14.79761,14.79761,14.79761,0
2020-02-14,14.780998,14.780998,14.780998,14.780998,0
2020-02-18,14.681293,14.681293,14.681293,14.681293,0
2020-02-19,14.756069,14.756069,14.756069,14.756069,0
2020-02-20,14.631442,14.631442,14.631442,14.631442,0
2020-02-21,14.564974,14.564974,14.564974,14.564974,0
2020-02-24,14.049837,14.049837,14.049837,14.049837,0
2020-02-25,13.842125,13.842125,13.842125,13.842125,0
2020-02-26,13.850435,13.850435,13.850435,13.850435,0
2020-02-27,13.476548,13.476548,13.476548,13.476548,0
2020-02-28,13.385154,13.385154,13.385154,13.385154,0
2020-03-02,13.592866,13.592866,13.592866,13.592866,0
2020-03-03,13.451619,13.451619,13.451619,13.451619,0
2020-03-04,13.800581,13.800581,13.800581,13.800581,0
2020-03-05,13.526396,13.526396,13.526396,13.526396,0
2020-03-06,13.277139,13.277139,13.277139,13.277139,0
2020-03-09,12.246871,12.246871,12.246871,12.246871,0
2020-03-10,12.612453,12.612453,12.612453,12.612453,0
2020-03-11,12.097318,12.097318,12.097318,12.097318,0
2020-03-12,10.842723,10.842723,10.842723,10.842723,0
2020-03-13,11.43263,11.43263,11.43263,11.43263,0
2020-03-16,10.261119,10.261119,10.261119,10.261119,0
2020-03-17,10.651624,10.651624,10.651624,10.651624,0
2020-03-18,10.036787,10.036787,10.036787,10.036787,0
2020-03-19,10.061711,10.061711,10.061711,10.061711,0
2020-03-20,10.079206,10.079206,10.079206,10.079206,0
2020-03-23,9.845968,9.845968,9.845968,9.845968,0
2020-03-24,10.63731,10.63731,10.63731,10.63731,0
2020-03-25,10.995495,10.995495,10.995495,10.995495,0
2020-03-26,11.486962,11.486962,11.486962,11.486962,0
2020-03-27,11.120445,11.120445,11.120445,11.120445,0
2020-03-30,11.287045,11.287045,11.287045,11.287045,0
2020-03-31,11.228735,11.228735,11.228735,11.228735,0
2020-04-01,10.862217,10.862217,10.862217,10.862217,0
2020-04-02,11.045476,11.045476,11.045476,11.045476,0
2020-04-03,10.820567,10.820567,10.820567,10.820567,0
2020-04-06,11.362014,11.362014,11.362014,11.362014,0
2020-04-07,11.445312,11.445312,11.445312,11.445312,0
2020-04-08,11.60358,11.60358,11.60358,11.60358,0
2020-04-09,11.74519,11.74519,11.74519,11.74519,0
2020-04-13,11.703539,11.703539,11.703539,11.703539,0
2020-04-14,11.945107,11.945107,11.945107,11.945107,0
2020-04-15,11.60358,11.60358,11.60358,11.60358,0
2020-04-16,11.595249,11.595249,11.595249,11.595249,0
2020-04-17,11.886798,11.886798,11.886798,11.886798,0
2020-04-20,11.753519,11.753519,11.753519,11.753519,0
2020-04-21,11.478632,11.478632,11.478632,11.478632,0
2020-04-22,11.686879,11.686879,11.686879,11.686879,0
2020-04-23,11.686879,11.686879,11.686879,11.686879,0
2020-04-24,11.736856,11.736856,11.736856,11.736856,0
2020-04-27,11.920117,11.920117,11.920117,11.920117,0
2020-04-28,12.011747,12.011747,12.011747,12.011747,0
2020-04-29,12.311625,12.311625,12.311625,12.311625,0
2020-04-30,12.136696,12.136696,12.136696,12.136696,0
2020-05-01,11.878467,11.878467,11.878467,11.878467,0
2020-05-04,11.820157,11.820157,11.820157,11.820157,0
2020-05-05,11.886798,11.886798,11.886798,11.886798,0
2020-05-06,11.83682,11.83682,11.83682,11.83682,0
2020-05-07,11.953438,11.953438,11.953438,11.953438,0
2020-05-08,12.145027,12.145027,12.145027,12.145027,0
2020-05-11,12.136696,12.136696,12.136696,12.136696,0
2020-05-12,12.003418,12.003418,12.003418,12.003418,0
2020-05-13,11.920117,11.920117,11.920117,11.920117,0
2020-05-14,11.870137,11.870137,11.870137,11.870137,0
2020-05-15,11.853479,11.853479,11.853479,11.853479,0
2020-05-18,12.236652,12.236652,12.236652,12.236652,0
2020-05-19,12.161684,12.161684,12.161684,12.161684,0
2020-05-20,12.369932,12.369932,12.369932,12.369932,0
2020-05-21,12.261643,12.261643,12.261643,12.261643,0
2020-05-22,12.153354,12.153354,12.153354,12.153354,0
2020-05-26,12.486555,12.486555,12.486555,12.486555,0
2020-05-27,12.628162,12.628162,12.628162,12.628162,0
2020-05-28,12.678141,12.678141,12.678141,12.678141,0
2020-05-29,12.71979,12.71979,12.71979,12.71979,0
2020-06-01,12.91971,12.91971,12.91971,12.91971,0
2020-06-02,13.119623,13.119623,13.119623,13.119623,0
2020-06-03,13.394515,13.394515,13.394515,13.394515,0
2020-06-04,13.361195,13.361195,13.361195,13.361195,0
2020-06-05,13.611089,13.611089,13.611089,13.611089,0
2020-06-08,13.736036,13.736036,13.736036,13.736036,0
2020-06-09,13.611089,13.611089,13.611089,13.611089,0
2020-06-10,13.61942,13.61942,13.61942,13.61942,0
2020-06-11,12.91971,12.91971,12.91971,12.91971,0
2020-06-12,13.111295,13.111295,13.111295,13.111295,0
2020-06-15,13.119623,13.119623,13.119623,13.119623,0
2020-06-16,13.302886,13.302886,13.302886,13.302886,0
2020-06-17,13.32787,13.32787,13.32787,13.32787,0
2020-06-18,13.294556,13.294556,13.294556,13.294556,0
2020-06-19,13.276137,13.276137,13.276137,13.276137,0
2020-06-22,13.384959,13.384959,13.384959,13.384959,0
2020-06-23,13.485411,13.485411,13.485411,13.485411,0
2020-06-24,13.184056,13.184056,13.184056,13.184056,0
2020-06-25,13.30125,13.30125,13.30125,13.30125,0
2020-06-26,13.125465,13.125465,13.125465,13.125465,0
2020-06-29,13.225915,13.225915,13.225915,13.225915,0
2020-06-30,13.259395,13.259395,13.259395,13.259395,0
2020-07-01,13.292881,13.292881,13.292881,13.292881,0
2020-07-02,13.468668,13.468668,13.468668,13.468668,0
2020-07-06,13.761647,13.761647,13.761647,13.761647,0
2020-07-07,13.585858,13.585858,13.585858,13.585858,0
2020-07-08,13.744904,13.744904,13.744904,13.744904,0
2020-07-09,13.652827,13.652827,13.652827,13.652827,0
2020-07-10,13.719793,13.719793,13.719793,13.719793,0
2020-07-13,13.661196,13.661196,13.661196,13.661196,0
2020-07-14,13.778388,13.778388,13.778388,13.778388,0
2020-07-15,13.912323,13.912323,13.912323,13.912323,0
2020-07-16,13.778388,13.778388,13.778388,13.778388,0
2020-07-17,13.862094,13.862094,13.862094,13.862094,0
2020-07-20,13.970918,13.970918,13.970918,13.970918,0
2020-07-21,14.054627,14.054627,14.054627,14.054627,0
2020-07-22,14.054627,14.054627,14.054627,14.054627,0
2020-07-23,13.954178,13.954178,13.954178,13.954178,0
2020-07-24,13.878839,13.878839,13.878839,13.878839,0
2020-07-27,14.054627,14.054627,14.054627,14.054627,0
2020-07-28,13.996027,13.996027,13.996027,13.996027,0
2020-07-29,14.138332,14.138332,14.138332,14.138332,0
2020-07-30,13.987659,13.987659,13.987659,13.987659,0
2020-07-31,13.803497,13.803497,13.803497,13.803497,0
2020-08-03,13.937435,13.937435,13.937435,13.937435,0
2020-08-04,14.071366,14.071366,14.071366,14.071366,0
2020-08-05,14.171817,14.171817,14.171817,14.171817,0
2020-08-06,14.196927,14.196927,14.196927,14.196927,0
2020-08-07,14.071366,14.071366,14.071366,14.071366,0
2020-08-10,14.088108,14.088108,14.088108,14.088108,0
2020-08-11,14.155076,14.155076,14.155076,14.155076,0
2020-08-12,14.381089,14.381089,14.381089,14.381089,0
2020-08-13,14.339234,14.339234,14.339234,14.339234,0
2020-08-14,14.272267,14.272267,14.272267,14.272267,0
2020-08-17,14.364345,14.364345,14.364345,14.364345,0
2020-08-18,14.39783,14.39783,14.39783,14.39783,0
2020-08-19,14.322492,14.322492,14.322492,14.322492,0
2020-08-20,14.255527,14.255527,14.255527,14.255527,0
2020-08-21,14.238785,14.238785,14.238785,14.238785,0
2020-08-24,14.39783,14.39783,14.39783,14.39783,0
2020-08-25,14.448054,14.448054,14.448054,14.448054,0
2020-08-26,14.540133,14.540133,14.540133,14.540133,0
2020-08-27,14.431312,14.431312,14.431312,14.431312,0
2020-08-28,14.515018,14.515018,14.515018,14.515018,0
2020-08-31,14.39783,14.39783,14.39783,14.39783,0
2020-09-01,14.456426,14.456426,14.456426,14.456426,0
2020-09-02,14.573618,14.573618,14.573618,14.573618,0
2020-09-03,14.272267,14.272267,14.272267,14.272267,0
2020-09-04,14.263896,14.263896,14.263896,14.263896,0
2020-09-08,14.088108,14.088108,14.088108,14.088108,0
2020-09-09,14.314123,14.314123,14.314123,14.314123,0
2020-09-10,14.146707,14.146707,14.146707,14.146707,0
2020-09-11,14.272267,14.272267,14.272267,14.272267,0
2020-09-14,14.414571,14.414571,14.414571,14.414571,0
2020-09-15,14.481538,14.481538,14.481538,14.481538,0
2020-09-16,14.48991,14.48991,14.48991,14.48991,0
2020-09-17,14.481538,14.481538,14.481538,14.481538,0
2020-09-18,14.393107,14.393107,14.393107,14.393107,0
2020-09-21,14.089917,14.089917,14.089917,14.089917,0
2020-09-22,14.073072,14.073072,14.073072,14.073072,0
2020-09-23,13.904637,13.904637,13.904637,13.904637,0
2020-09-24,13.879369,13.879369,13.879369,13.879369,0
2020-09-25,13.921476,13.921476,13.921476,13.921476,0
2020-09-28,14.115182,14.115182,14.115182,14.115182,0
2020-09-29,14.089917,14.089917,14.089917,14.089917,0
2020-09-30,14.115182,14.115182,14.115182,14.115182,0
2020-10-01,14.190978,14.190978,14.190978,14.190978,0
2020-10-02,14.115182,14.115182,14.115182,14.115182,0
2020-10-05,14.334154,14.334154,14.334154,14.334154,0
2020-10-06,14.249934,14.249934,14.249934,14.249934,0
2020-10-07,14.393107,14.393107,14.393107,14.393107,0
2020-10-08,14.502592,14.502592,14.502592,14.502592,0
2020-10-09,14.58681,14.58681,14.58681,14.58681,0
2020-10-12,14.696295,14.696295,14.696295,14.696295,0
2020-10-13,14.569969,14.569969,14.569969,14.569969,0
2020-10-14,14.527863,14.527863,14.527863,14.527863,0
2020-10-15,14.376264,14.376264,14.376264,14.376264,0
2020-10-16,14.409952,14.409952,14.409952,14.409952,0
2020-10-19,14.359417,14.359417,14.359417,14.359417,0
2020-10-20,14.468904,14.468904,14.468904,14.468904,0
2020-10-21,14.443639,14.443639,14.443639,14.443639,0
2020-10-22,14.443639,14.443639,14.443639,14.443639,0
2020-10-23,14.502592,14.502592,14.502592,14.502592,0
2020-10-26,14.275203,14.275203,14.275203,14.275203,0
2020-10-27,14.216246,14.216246,14.216246,14.216246,0
2020-10-28,13.845684,13.845684,13.845684,13.845684,0
2020-10-29,13.929902,13.929902,13.929902,13.929902,0
2020-10-30,13.803572,13.803572,13.803572,13.803572,0
2020-11-02,13.980433,13.980433,13.980433,13.980433,0
2020-11-03,14.249934,14.249934,14.249934,14.249934,0
2020-11-04,14.435216,14.435216,14.435216,14.435216,0
2020-11-05,14.763673,14.763673,14.763673,14.763673,0
2020-11-06,14.822625,14.822625,14.822625,14.822625,0
2020-11-09,15.075283,15.075283,15.075283,15.075283,0
2020-11-10,15.159502,15.159502,15.159502,15.159502,0
2020-11-11,15.285835,15.285835,15.285835,15.285835,0
2020-11-12,15.134241,15.134241,15.134241,15.134241,0
2020-11-13,15.294258,15.294258,15.294258,15.294258,0
2020-11-16,15.47954,15.47954,15.47954,15.47954,0
2020-11-17,15.47954,15.47954,15.47954,15.47954,0
2020-11-18,15.437427,15.437427,15.437427,15.437427,0
2020-11-19,15.496383,15.496383,15.496383,15.496383,0
2020-11-20,15.538495,15.538495,15.538495,15.538495,0
2020-11-23,15.580602,15.580602,15.580602,15.580602,0
2020-11-24,15.79957,15.79957,15.79957,15.79957,0
2020-11-25,15.74904,15.74904,15.74904,15.74904,0
2020-11-27,15.883796,15.883796,15.883796,15.883796,0
2020-11-30,15.589025,15.589025,15.589025,15.589025,0
2020-12-01,15.866949,15.866949,15.866949,15.866949,0
2020-12-02,15.909059,15.909059,15.909059,15.909059,0
2020-12-03,15.968011,15.968011,15.968011,15.968011,0
2020-12-04,16.111187,16.111187,16.111187,16.111187,0
2020-12-07,16.035387,16.035387,16.035387,16.035387,0
2020-12-08,16.077496,16.077496,16.077496,16.077496,0
2020-12-09,16.052233,16.052233,16.052233,16.052233,0
2020-12-10,16.111187,16.111187,16.111187,16.111187,0
2020-12-11,16.060652,16.060652,16.060652,16.060652,0
2020-12-14,16.043806,16.043806,16.043806,16.043806,0
2020-12-15,16.186985,16.186985,16.186985,16.186985,0
2020-12-16,16.271206,16.271206,16.271206,16.271206,0
2020-12-17,16.389105,16.389105,16.389105,16.389105,0
2020-12-18,16.325338,16.325338,16.325338,16.325338,0
2020-12-21,16.129774,16.129774,16.129774,16.129774,0
2020-12-22,16.044748,16.044748,16.044748,16.044748,0
2020-12-23,16.206303,16.206303,16.206303,16.206303,0
2020-12-24,16.206303,16.206303,16.206303,16.206303,0
2020-12-28,16.299829,16.299829,16.299829,16.299829,0
2020-12-29,16.435873,16.435873,16.435873,16.435873,0
2020-12-30,16.529409,16.529409,16.529409,16.529409,0
2020-12-31,16.495392,16.495392,16.495392,16.495392,0
2021-01-04,16.537907,16.537907,16.537907,16.537907,0
2021-01-05,16.767479,16.767479,16.767479,16.767479,0
2021-01-06,16.818499,16.818499,16.818499,16.818499,0
2021-01-07,16.92053,16.92053,16.92053,16.92053,0
2021-01-08,17.107594,17.107594,17.107594,17.107594,0
2021-01-11,16.929037,16.929037,16.929037,16.929037,0
2021-01-12,17.031073,17.031073,17.031073,17.031073,0
2021-01-13,17.039574,17.039574,17.039574,17.039574,0
2021-01-14,17.150106,17.150106,17.150106,17.150106,0
2021-01-15,16.912031,16.912031,16.912031,16.912031,0
2021-01-19,17.09059,17.09059,17.09059,17.09059,0
2021-01-20,17.252142,17.252142,17.252142,17.252142,0
2021-01-21,17.260647,17.260647,17.260647,17.260647,0
2021-01-22,17.150106,17.150106,17.150106,17.150106,0
2021-01-25,17.16711,17.16711,17.16711,17.16711,0
2021-01-26,17.116096,17.116096,17.116096,17.116096,0
2021-01-27,16.758986,16.758986,16.758986,16.758986,0
2021-01-28,16.844007,16.844007,16.844007,16.844007,0
2021-01-29,16.47839,16.47839,16.47839,16.47839,0
2021-02-01,16.784491,16.784491,16.784491,16.784491,0
2021-02-02,16.946043,16.946043,16.946043,16.946043,0
2021-02-03,17.022562,17.022562,17.022562,17.022562,0
2021-02-04,17.031073,17.031073,17.031073,17.031073,0
2021-02-05,17.133102,17.133102,17.133102,17.133102,0
2021-02-08,17.269146,17.269146,17.269146,17.269146,0
2021-02-09,17.36268,17.36268,17.36268,17.36268,0
2021-02-10,17.371183,17.371183,17.371183,17.371183,0
2021-02-11,17.464714,17.464714,17.464714,17.464714,0
2021-02-12,17.541233,17.541233,17.541233,17.541233,0
2021-02-16,17.660275,17.660275,17.660275,17.660275,0
2021-02-17,17.583752,17.583752,17.583752,17.583752,0
2021-02-18,17.439205,17.439205,17.439205,17.439205,0
2021-02-19,17.515726,17.515726,17.515726,17.515726,0
2021-02-22,17.379681,17.379681,17.379681,17.379681,0
2021-02-23,17.396687,17.396687,17.396687,17.396687,0
2021-02-24,17.396687,17.396687,17.396687,17.396687,0
2021-02-25,17.141607,17.141607,17.141607,17.141607,0
2021-02-26,16.861013,16.861013,16.861013,16.861013,0
2021-03-01,17.192625,17.192625,17.192625,17.192625,0
2021-03-02,17.150106,17.150106,17.150106,17.150106,0
2021-03-03,17.116096,17.116096,17.116096,17.116096,0
2021-03-04,16.861013,16.861013,16.861013,16.861013,0
2021-03-05,16.988552,16.988552,16.988552,16.988552,0
2021-03-08,16.784491,16.784491,16.784491,16.784491,0
2021-03-09,17.039574,17.039574,17.039574,17.039574,0
2021-03-10,17.099091,17.099091,17.099091,17.099091,0
2021-03-11,17.33717,17.33717,17.33717,17.33717,0
2021-03-12,17.286152,17.286152,17.286152,17.286152,0
2021-03-15,17.311666,17.311666,17.311666,17.311666,0
2021-03-16,17.345673,17.345673,17.345673,17.345673,0
2021-03-17,17.413692,17.413692,17.413692,17.413692,0
2021-03-18,17.260647,17.260647,17.260647,17.260647,0
2021-03-19,17.273422,17.273422,17.273422,17.273422,0
2021-03-22,17.324558,17.324558,17.324558,17.324558,0
2021-03-23,17.060383,17.060383,17.060383,17.060383,0
2021-03-24,16.88995,16.88995,16.88995,16.88995,0
2021-03-25,16.975168,16.975168,16.975168,16.975168,0
2021-03-26,17.2223,17.2223,17.2223,17.2223,0
2021-03-29,17.171167,17.171167,17.171167,17.171167,0
2021-03-30,17.171167,17.171167,17.171167,17.171167,0
2021-03-31,17.145603,17.145603,17.145603,17.145603,0
2021-04-01,17.358646,17.358646,17.358646,17.358646,0
2021-04-05,17.512033,17.512033,17.512033,17.512033,0
2021-04-06,17.469425,17.469425,17.469425,17.469425,0
2021-04-07,17.426815,17.426815,17.426815,17.426815,0
2021-04-08,17.55464,17.55464,17.55464,17.55464,0
2021-04-09,17.537598,17.537598,17.537598,17.537598,0
2021-04-12,17.435335,17.435335,17.435335,17.435335,0
2021-04-13,17.529078,17.529078,17.529078,17.529078,0
2021-04-14,17.55464,17.55464,17.55464,17.55464,0
2021-04-15,17.699509,17.699509,17.699509,17.699509,0
2021-04-16,17.801771,17.801771,17.801771,17.801771,0
2021-04-19,17.750637,17.750637,17.750637,17.750637,0
2021-04-20,17.537598,17.537598,17.537598,17.537598,0
2021-04-21,17.665422,17.665422,17.665422,17.665422,0
2021-04-22,17.622816,17.622816,17.622816,17.622816,0
2021-04-23,17.818815,17.818815,17.818815,17.818815,0
2021-04-26,17.844381,17.844381,17.844381,17.844381,0
2021-04-27,17.810287,17.810287,17.810287,17.810287,0
2021-04-28,17.869944,17.869944,17.869944,17.869944,0
2021-04-29,17.861423,17.861423,17.861423,17.861423,0
2021-04-30,17.622816,17.622816,17.622816,17.622816,0
2021-05-03,17.733599,17.733599,17.733599,17.733599,0
2021-05-04,17.529078,17.529078,17.529078,17.529078,0
2021-05-05,17.699509,17.699509,17.699509,17.699509,0
2021-05-06,17.835861,17.835861,17.835861,17.835861,0
2021-05-07,18.031857,18.031857,18.031857,18.031857,0
2021-05-10,17.929594,17.929594,17.929594,17.929594,0
2021-05-11,17.750637,17.750637,17.750637,17.750637,0
2021-05-12,17.418295,17.418295,17.418295,17.418295,0
2021-05-13,17.469425,17.469425,17.469425,17.469425,0
2021-05-14,17.750637,17.750637,17.750637,17.750637,0
2021-05-17,17.725079,17.725079,17.725079,17.725079,0
2021-05-18,17.835861,17.835861,17.835861,17.835861,0
2021-05-19,17.699509,17.699509,17.699509,17.699509,0
2021-05-20,17.912552,17.912552,17.912552,17.912552,0
2021-05-21,17.869944,17.869944,17.869944,17.869944,0
2021-05-24,17.980726,17.980726,17.980726,17.980726,0
2021-05-25,18.00629,18.00629,18.00629,18.00629,0
2021-05-26,18.057415,18.057415,18.057415,18.057415,0
2021-05-27,18.117073,18.117073,18.117073,18.117073,0
2021-05-28,18.176725,18.176725,18.176725,18.176725,0
2021-06-01,18.321596,18.321596,18.321596,18.321596,0
2021-06-02,18.372723,18.372723,18.372723,18.372723,0
2021-06-03,18.27046,18.27046,18.27046,18.27046,0
2021-06-04,18.432373,18.432373,18.432373,18.432373,0
2021-06-07,18.440897,18.440897,18.440897,18.440897,0
2021-06-08,18.415329,18.415329,18.415329,18.415329,0
2021-06-09,18.347162,18.347162,18.347162,18.347162,0
2021-06-10,18.432373,18.432373,18.432373,18.432373,0
2021-06-11,18.440897,18.440897,18.440897,18.440897,0
2021-06-14,18.483509,18.483509,18.483509,18.483509,0
2021-06-15,18.449415,18.449415,18.449415,18.449415,0
2021-06-16,18.31307,18.31307,18.31307,18.31307,0
2021-06-17,18.227858,18.227858,18.227858,18.227858,0
2021-06-18,17.936777,17.936777,17.936777,17.936777,0
2021-06-21,18.117094,18.117094,18.117094,18.117094,0
2021-06-22,18.125677,18.125677,18.125677,18.125677,0
2021-06-23,18.065573,18.065573,18.065573,18.065573,0
2021-06-24,18.220125,18.220125,18.220125,18.220125,0
2021-06-25,18.297401,18.297401,18.297401,18.297401,0
2021-06-28,18.228716,18.228716,18.228716,18.228716,0
2021-06-29,18.202951,18.202951,18.202951,18.202951,0
2021-06-30,18.091331,18.091331,18.091331,18.091331,0
2021-07-01,18.082745,18.082745,18.082745,18.082745,0
2021-07-02,18.142849,18.142849,18.142849,18.142849,0
2021-07-06,18.005468,18.005468,18.005468,18.005468,0
2021-07-07,18.048399,18.048399,18.048399,18.048399,0
2021-07-08,17.782223,17.782223,17.782223,17.782223,0
2021-07-09,18.05699,18.05699,18.05699,18.05699,0
2021-07-12,18.108503,18.108503,18.108503,18.108503,0
2021-07-13,18.05699,18.05699,18.05699,18.05699,0
2021-07-14,18.099918,18.099918,18.099918,18.099918,0
2021-07-15,17.988297,17.988297,17.988297,17.988297,0
2021-07-16,17.859507,17.859507,17.859507,17.859507,0
2021-07-19,17.541811,17.541811,17.541811,17.541811,0
2021-07-20,17.662016,17.662016,17.662016,17.662016,0
2021-07-21,17.868092,17.868092,17.868092,17.868092,0
2021-07-22,17.902433,17.902433,17.902433,17.902433,0
2021-07-23,17.919607,17.919607,17.919607,17.919607,0
2021-07-26,17.833744,17.833744,17.833744,17.833744,0
2021-07-27,17.687775,17.687775,17.687775,17.687775,0
2021-07-28,17.876678,17.876678,17.876678,17.876678,0
2021-07-29,18.005468,18.005468,18.005468,18.005468,0
2021-07-30,17.859507,17.859507,17.859507,17.859507,0
2021-08-02,17.971128,17.971128,17.971128,17.971128,0
2021-08-03,18.082745,18.082745,18.082745,18.082745,0
2021-08-04,18.065573,18.065573,18.065573,18.065573,0
2021-08-05,18.125677,18.125677,18.125677,18.125677,0
2021-08-06,18.02264,18.02264,18.02264,18.02264,0
2021-08-09,18.031231,18.031231,18.031231,18.031231,0
2021-08-10,18.074158,18.074158,18.074158,18.074158,0
2021-08-11,18.168608,18.168608,18.168608,18.168608,0
2021-08-12,18.117094,18.117094,18.117094,18.117094,0
2021-08-13,18.160019,18.160019,18.160019,18.160019,0
2021-08-16,18.048399,18.048399,18.048399,18.048399,0
2021-08-17,17.833744,17.833744,17.833744,17.833744,0
2021-08-18,17.825157,17.825157,17.825157,17.825157,0
2021-08-19,17.584736,17.584736,17.584736,17.584736,0
2021-08-20,17.619087,17.619087,17.619087,17.619087,0
2021-08-23,17.825157,17.825157,17.825157,17.825157,0
2021-08-24,17.988297,17.988297,17.988297,17.988297,0
2021-08-25,18.02264,18.02264,18.02264,18.02264,0
2021-08-26,17.885258,17.885258,17.885258,17.885258,0
2021-08-27,18.065573,18.065573,18.065573,18.065573,0
2021-08-30,18.108503,18.108503,18.108503,18.108503,0
2021-08-31,18.168608,18.168608,18.168608,18.168608,0
2021-09-01,18.314575,18.314575,18.314575,18.314575,0
2021-09-02,18.366096,18.366096,18.366096,18.366096,0
2021-09-03,18.460545,18.460545,18.460545,18.460545,0
2021-09-07,18.469131,18.469131,18.469131,18.469131,0
2021-09-08,18.297401,18.297401,18.297401,18.297401,0
2021-09-09,18.28882,18.28882,18.28882,18.28882,0
2021-09-10,18.245884,18.245884,18.245884,18.245884,0
2021-09-13,18.340334,18.340334,18.340334,18.340334,0
2021-09-14,18.245884,18.245884,18.245884,18.245884,0
2021-09-15,18.280231,18.280231,18.280231,18.280231,0
2021-09-16,18.202951,18.202951,18.202951,18.202951,0
2021-09-17,18.020847,18.020847,18.020847,18.020847,0
2021-09-20,17.649727,17.649727,17.649727,17.649727,0
2021-09-21,17.813711,17.813711,17.813711,17.813711,0
2021-09-22,17.908648,17.908648,17.908648,17.908648,0
2021-09-23,18.115782,18.115782,18.115782,18.115782,0
2021-09-24,17.960434,17.960434,17.960434,17.960434,0
2021-09-27,17.960434,17.960434,17.960434,17.960434,0
2021-09-28,17.615202,17.615202,17.615202,17.615202,0
2021-09-29,17.572056,17.572056,17.572056,17.572056,0
2021-09-30,17.54616,17.54616,17.54616,17.54616,0
2021-10-01,17.589315,17.589315,17.589315,17.589315,0
2021-10-04,17.399441,17.399441,17.399441,17.399441,0
2021-10-05,17.528896,17.528896,17.528896,17.528896,0
2021-10-06,17.408068,17.408068,17.408068,17.408068,0
2021-10-07,17.597948,17.597948,17.597948,17.597948,0
2021-10-08,17.606573,17.606573,17.606573,17.606573,0
2021-10-11,17.572056,17.572056,17.572056,17.572056,0
2021-10-12,17.54616,17.54616,17.54616,17.54616,0
2021-10-13,17.727404,17.727404,17.727404,17.727404,0
2021-10-14,17.900011,17.900011,17.900011,17.900011,0
2021-10-15,18.046741,18.046741,18.046741,18.046741,0
2021-10-18,18.003586,18.003586,18.003586,18.003586,0
2021-10-19,18.141672,18.141672,18.141672,18.141672,0
2021-10-20,18.184828,18.184828,18.184828,18.184828,0
2021-10-21,18.089891,18.089891,18.089891,18.089891,0
2021-10-22,18.133047,18.133047,18.133047,18.133047,0
2021-10-25,18.150309,18.150309,18.150309,18.150309,0
2021-10-26,18.141672,18.141672,18.141672,18.141672,0
2021-10-27,18.038107,18.038107,18.038107,18.038107,0
2021-10-28,18.176199,18.176199,18.176199,18.176199,0
2021-10-29,18.003586,18.003586,18.003586,18.003586,0
2021-11-01,18.184828,18.184828,18.184828,18.184828,0
2021-11-02,18.107155,18.107155,18.107155,18.107155,0
2021-11-03,18.227983,18.227983,18.227983,18.227983,0
2021-11-04,18.210726,18.210726,18.210726,18.210726,0
2021-11-05,18.219355,18.219355,18.219355,18.219355,0
2021-11-08,18.288393,18.288393,18.288393,18.288393,0
2021-11-09,18.253868,18.253868,18.253868,18.253868,0
2021-11-10,18.081261,18.081261,18.081261,18.081261,0
2021-11-11,18.176199,18.176199,18.176199,18.176199,0
2021-11-12,18.288393,18.288393,18.288393,18.288393,0
2021-11-15,18.253868,18.253868,18.253868,18.253868,0
2021-11-16,18.236612,18.236612,18.236612,18.236612,0
2021-11-17,18.167568,18.167568,18.167568,18.167568,0
2021-11-18,18.133047,18.133047,18.133047,18.133047,0
2021-11-19,18.020847,18.020847,18.020847,18.020847,0
2021-11-22,17.882753,17.882753,17.882753,17.882753,0
2021-11-23,17.865494,17.865494,17.865494,17.865494,0
2021-11-24,17.805077,17.805077,17.805077,17.805077,0
2021-11-26,17.364914,17.364914,17.364914,17.364914,0
2021-11-29,17.399441,17.399441,17.399441,17.399441,0
2021-11-30,17.209568,17.209568,17.209568,17.209568,0
2021-12-01,17.200932,17.200932,17.200932,17.200932,0
2021-12-02,17.408068,17.408068,17.408068,17.408068,0
2021-12-03,17.278605,17.278605,17.278605,17.278605,0
2021-12-06,17.425327,17.425327,17.425327,17.425327,0
2021-12-07,17.761925,17.761925,17.761925,17.761925,0
2021-12-08,17.813711,17.813711,17.813711,17.813711,0
2021-12-09,17.701515,17.701515,17.701515,17.701515,0
2021-12-10,17.718775,17.718775,17.718775,17.718775,0
2021-12-13,17.494371,17.494371,17.494371,17.494371,0
2021-12-14,17.416698,17.416698,17.416698,17.416698,0
2021-12-15,17.572056,17.572056,17.572056,17.572056,0
2021-12-16,17.580685,17.580685,17.580685,17.580685,0
2021-12-17,17.420401,17.420401,17.420401,17.420401,0
2021-12-20,17.271509,17.271509,17.271509,17.271509,0
2021-12-21,17.525501,17.525501,17.525501,17.525501,0
2021-12-22,17.656878,17.656878,17.656878,17.656878,0
2021-12-23,17.770739,17.770739,17.770739,17.770739,0
2021-12-27,17.867077,17.867077,17.867077,17.867077,0
2021-12-28,17.875841,17.875841,17.875841,17.875841,0
2021-12-29,17.867077,17.867077,17.867077,17.867077,0
2021-12-30,17.884598,17.884598,17.884598,17.884598,0
2021-12-31,17.910873,17.910873,17.910873,17.910873,0
2022-01-03,17.954664,17.954664,17.954664,17.954664,0
2022-01-04,18.015972,18.015972,18.015972,18.015972,0
2022-01-05,17.82329,17.82329,17.82329,17.82329,0
2022-01-06,17.788254,17.788254,17.788254,17.788254,0
2022-01-07,17.858322,17.858322,17.858322,17.858322,0
2022-01-10,17.753218,17.753218,17.753218,17.753218,0
2022-01-11,17.998459,17.998459,17.998459,17.998459,0
2022-01-12,18.191141,18.191141,18.191141,18.191141,0
2022-01-13,18.051004,18.051004,18.051004,18.051004,0
2022-01-14,18.042248,18.042248,18.042248,18.042248,0
2022-01-18,17.770739,17.770739,17.770739,17.770739,0
2022-01-19,17.761984,17.761984,17.761984,17.761984,0
2022-01-20,17.718187,17.718187,17.718187,17.718187,0
2022-01-21,17.490467,17.490467,17.490467,17.490467,0
2022-01-24,17.297785,17.297785,17.297785,17.297785,0
2022-01-25,17.218962,17.218962,17.218962,17.218962,0
2022-01-26,17.140133,17.140133,17.140133,17.140133,0
2022-01-27,16.991243,16.991243,16.991243,16.991243,0
2022-01-28,17.070068,17.070068,17.070068,17.070068,0
2022-01-31,17.402887,17.402887,17.402887,17.402887,0
2022-02-01,17.534262,17.534262,17.534262,17.534262,0
2022-02-02,17.630604,17.630604,17.630604,17.630604,0
2022-02-03,17.385368,17.385368,17.385368,17.385368,0
2022-02-04,17.43792,17.43792,17.43792,17.43792,0
2022-02-07,17.44668,17.44668,17.44668,17.44668,0
2022-02-08,17.543024,17.543024,17.543024,17.543024,0
2022-02-09,17.805771,17.805771,17.805771,17.805771,0
2022-02-10,17.621849,17.621849,17.621849,17.621849,0
2022-02-11,17.420401,17.420401,17.420401,17.420401,0
2022-02-14,17.297785,17.297785,17.297785,17.297785,0
2022-02-15,17.586813,17.586813,17.586813,17.586813,0
2022-02-16,17.656878,17.656878,17.656878,17.656878,0
2022-02-17,17.43792,17.43792,17.43792,17.43792,0
2022-02-18,17.324059,17.324059,17.324059,17.324059,0
2022-02-22,17.113861,17.113861,17.113861,17.113861,0
2022-02-23,16.973728,16.973728,16.973728,16.973728,0
2022-02-24,16.710974,16.710974,16.710974,16.710974,0
2022-02-25,17.070068,17.070068,17.070068,17.070068,0
2022-02-28,16.886143,16.886143,16.886143,16.886143,0
2022-03-01,16.59712,16.59712,16.59712,16.59712,0
2022-03-02,16.737251,16.737251,16.737251,16.737251,0
2022-03-03,16.492016,16.492016,16.492016,16.492016,0
2022-03-04,16.097887,16.097887,16.097887,16.097887,0
2022-03-07,15.633694,15.633694,15.633694,15.633694,0
2022-03-08,15.62494,15.62494,15.62494,15.62494,0
2022-03-09,16.167953,16.167953,16.167953,16.167953,0
2022-03-10,16.036581,16.036581,16.036581,16.036581,0
2022-03-11,15.852654,15.852654,15.852654,15.852654,0
2022-03-14,15.808864,15.808864,15.808864,15.808864,0
2022-03-15,15.870175,15.870175,15.870175,15.870175,0
2022-03-16,16.518295,16.518295,16.518295,16.518295,0
2022-03-17,16.684702,16.684702,16.684702,16.684702,0
2022-03-18,16.866261,16.866261,16.866261,16.866261,0
2022-03-21,16.725922,16.725922,16.725922,16.725922,0
2022-03-22,16.91011,16.91011,16.91011,16.91011,0
2022-03-23,16.769775,16.769775,16.769775,16.769775,0
2022-03-24,16.857491,16.857491,16.857491,16.857491,0
2022-03-25,16.831171,16.831171,16.831171,16.831171,0
2022-03-28,16.804857,16.804857,16.804857,16.804857,0
2022-03-29,17.094297,17.094297,17.094297,17.094297,0
2022-03-30,17.076756,17.076756,17.076756,17.076756,0
2022-03-31,16.813633,16.813633,16.813633,16.813633,0
2022-04-01,16.980276,16.980276,16.980276,16.980276,0
2022-04-04,17.111839,17.111839,17.111839,17.111839,0
2022-04-05,16.91011,16.91011,16.91011,16.91011,0
2022-04-06,16.717152,16.717152,16.717152,16.717152,0
2022-04-07,16.664524,16.664524,16.664524,16.664524,0
2022-04-08,16.69084,16.69084,16.69084,16.69084,0
2022-04-11,16.506651,16.506651,16.506651,16.506651,0
2022-04-12,16.401402,16.401402,16.401402,16.401402,0
2022-04-13,16.594358,16.594358,16.594358,16.594358,0
2022-04-14,16.515421,16.515421,16.515421,16.515421,0
2022-04-18,16.410173,16.410173,16.410173,16.410173,0
2022-04-19,16.445261,16.445261,16.445261,16.445261,0
2022-04-20,16.524197,16.524197,16.524197,16.524197,0
2022-04-21,16.322466,16.322466,16.322466,16.322466,0
2022-04-22,16.068111,16.068111,16.068111,16.068111,0
2022-04-25,15.927781,15.927781,15.927781,15.927781,0
2022-04-26,15.568175,15.568175,15.568175,15.568175,0
2022-04-27,15.647115,15.647115,15.647115,15.647115,0
2022-04-28,15.857618,15.857618,15.857618,15.857618,0
2022-04-29,15.761136,15.761136,15.761136,15.761136,0
2022-05-02,15.708507,15.708507,15.708507,15.708507,0
2022-05-03,15.813758,15.813758,15.813758,15.813758,0
2022-05-04,16.02426,16.02426,16.02426,16.02426,0
2022-05-05,15.568175,15.568175,15.568175,15.568175,0
2022-05-06,15.366447,15.366447,15.366447,15.366447,0
2022-05-09,14.919138,14.919138,14.919138,14.919138,0
2022-05-10,14.989305,14.989305,14.989305,14.989305,0
2022-05-11,14.919138,14.919138,14.919138,14.919138,0
2022-05-12,14.831429,14.831429,14.831429,14.831429,0
2022-05-13,15.217342,15.217342,15.217342,15.217342,0
2022-05-16,15.243656,15.243656,15.243656,15.243656,0
2022-05-17,15.533092,15.533092,15.533092,15.533092,0
2022-05-18,15.217342,15.217342,15.217342,15.217342,0
2022-05-19,15.331367,15.331367,15.331367,15.331367,0
2022-05-20,15.436612,15.436612,15.436612,15.436612,0
2022-05-23,15.655888,15.655888,15.655888,15.655888,0
2022-05-24,15.524327,15.524327,15.524327,15.524327,0
2022-05-25,15.559405,15.559405,15.559405,15.559405,0
2022-05-26,15.743598,15.743598,15.743598,15.743598,0
2022-05-27,15.936552,15.936552,15.936552,15.936552,0
2022-05-31,15.980405,15.980405,15.980405,15.980405,0
2022-06-01,15.857618,15.857618,15.857618,15.857618,0
2022-06-02,16.094427,16.094427,16.094427,16.094427,0
2022-06-03,15.892699,15.892699,15.892699,15.892699,0
2022-06-06,15.971636,15.971636,15.971636,15.971636,0
2022-06-07,16.00672,16.00672,16.00672,16.00672,0
2022-06-08,15.892699,15.892699,15.892699,15.892699,0
2022-06-09,15.559405,15.559405,15.559405,15.559405,0
2022-06-10,15.252428,15.252428,15.252428,15.252428,0
2022-06-13,14.726181,14.726181,14.726181,14.726181,0
2022-06-14,14.664783,14.664783,14.664783,14.664783,0
2022-06-15,14.892827,14.892827,14.892827,14.892827,0
2022-06-16,14.568306,14.568306,14.568306,14.568306,0
2022-06-17,14.501781,14.501781,14.501781,14.501781,0
2022-06-21,14.73239,14.73239,14.73239,14.73239,0
2022-06-22,14.572739,14.572739,14.572739,14.572739,0
2022-06-23,14.519523,14.519523,14.519523,14.519523,0
2022-06-24,14.892047,14.892047,14.892047,14.892047,0
2022-06-27,14.909783,14.909783,14.909783,14.909783,0
2022-06-28,14.856566,14.856566,14.856566,14.856566,0
2022-06-29,14.767871,14.767871,14.767871,14.767871,0
2022-06-30,14.652567,14.652567,14.652567,14.652567,0
2022-07-01,14.625955,14.625955,14.625955,14.625955,0
2022-07-05,14.404217,14.404217,14.404217,14.404217,0
2022-07-06,14.377608,14.377608,14.377608,14.377608,0
2022-07-07,14.617086,14.617086,14.617086,14.617086,0
2022-07-08,14.634825,14.634825,14.634825,14.634825,0
2022-07-11,14.386477,14.386477,14.386477,14.386477,0
2022-07-12,14.333261,14.333261,14.333261,14.333261,0
2022-07-13,14.32439,14.32439,14.32439,14.32439,0
2022-07-14,14.146996,14.146996,14.146996,14.146996,0
2022-07-15,14.315521,14.315521,14.315521,14.315521,0
2022-07-18,14.413087,14.413087,14.413087,14.413087,0
2022-07-19,14.73239,14.73239,14.73239,14.73239,0
2022-07-20,14.688044,14.688044,14.688044,14.688044,0
2022-07-21,14.838827,14.838827,14.838827,14.838827,0
2022-07-22,14.767871,14.767871,14.767871,14.767871,0
2022-07-25,14.856566,14.856566,14.856566,14.856566,0
2022-07-26,14.696912,14.696912,14.696912,14.696912,0
2022-07-27,14.989612,14.989612,14.989612,14.989612,0
2022-07-28,15.087178,15.087178,15.087178,15.087178,0
2022-07-29,15.18474,15.18474,15.18474,15.18474,0
2022-08-01,15.18474,15.18474,15.18474,15.18474,0
2022-08-02,14.998479,14.998479,14.998479,14.998479,0
2022-08-03,15.096051,15.096051,15.096051,15.096051,0
2022-08-04,15.175874,15.175874,15.175874,15.175874,0
2022-08-05,15.104918,15.104918,15.104918,15.104918,0
2022-08-08,15.131521,15.131521,15.131521,15.131521,0
2022-08-09,15.069437,15.069437,15.069437,15.069437,0
2022-08-10,15.353263,15.353263,15.353263,15.353263,0
2022-08-11,15.397612,15.397612,15.397612,15.397612,0
2022-08-12,15.504048,15.504048,15.504048,15.504048,0
2022-08-15,15.433089,15.433089,15.433089,15.433089,0
2022-08-16,15.424223,15.424223,15.424223,15.424223,0
2022-08-17,15.335526,15.335526,15.335526,15.335526,0
2022-08-18,15.282305,15.282305,15.282305,15.282305,0
2022-08-19,15.087178,15.087178,15.087178,15.087178,0
2022-08-22,14.865438,14.865438,14.865438,14.865438,0
2022-08-23,14.900915,14.900915,14.900915,14.900915,0
2022-08-24,14.909783,14.909783,14.909783,14.909783,0
2022-08-25,15.104918,15.104918,15.104918,15.104918,0
2022-08-26,14.794478,14.794478,14.794478,14.794478,0
2022-08-29,14.73239,14.73239,14.73239,14.73239,0
2022-08-30,14.625955,14.625955,14.625955,14.625955,0
2022-08-31,14.563869,14.563869,14.563869,14.563869,0
2022-09-01,14.377608,14.377608,14.377608,14.377608,0
2022-09-02,14.32439,14.32439,14.32439,14.32439,0
2022-09-06,14.226827,14.226827,14.226827,14.226827,0
2022-09-07,14.315521,14.315521,14.315521,14.315521,0
2022-09-08,14.351001,14.351001,14.351001,14.351001,0
2022-09-09,14.634825,14.634825,14.634825,14.634825,0
2022-09-12,14.838827,14.838827,14.838827,14.838827,0
2022-09-13,14.386477,14.386477,14.386477,14.386477,0
2022-09-14,14.413087,14.413087,14.413087,14.413087,0
2022-09-15,14.288914,14.288914,14.288914,14.288914,0
2022-09-16,14.17834,14.17834,14.17834,14.17834,0
2022-09-19,14.222925,14.222925,14.222925,14.222925,0
2022-09-20,14.044582,14.044582,14.044582,14.044582,0
2022-09-21,13.848402,13.848402,13.848402,13.848402,0
2022-09-22,13.785984,13.785984,13.785984,13.785984,0
2022-09-23,13.375793,13.375793,13.375793,13.375793,0
2022-09-26,13.152864,13.152864,13.152864,13.152864,0
2022-09-27,13.117193,13.117193,13.117193,13.117193,0
2022-09-28,13.331205,13.331205,13.331205,13.331205,0
2022-09-29,13.143947,13.143947,13.143947,13.143947,0
2022-09-30,13.108275,13.108275,13.108275,13.108275,0
2022-10-03,13.366875,13.366875,13.366875,13.366875,0
2022-10-04,13.848402,13.848402,13.848402,13.848402,0
2022-10-05,13.741398,13.741398,13.741398,13.741398,0
2022-10-06,13.554134,13.554134,13.554134,13.554134,0
2022-10-07,13.313372,13.313372,13.313372,13.313372,0
2022-10-10,13.206367,13.206367,13.206367,13.206367,0
2022-10-11,13.045856,13.045856,13.045856,13.045856,0
2022-10-12,13.010185,13.010185,13.010185,13.010185,0
2022-10-13,13.206367,13.206367,13.206367,13.206367,0
2022-10-14,13.010185,13.010185,13.010185,13.010185,0
2022-10-17,13.331205,13.331205,13.331205,13.331205,0
2022-10-18,13.41146,13.41146,13.41146,13.41146,0
2022-10-19,13.224199,13.224199,13.224199,13.224199,0
2022-10-20,13.233116,13.233116,13.233116,13.233116,0
2022-10-21,13.438211,13.438211,13.438211,13.438211,0
2022-10-24,13.313372,13.313372,13.313372,13.313372,0
2022-10-25,13.536302,13.536302,13.536302,13.536302,0
2022-10-26,13.687893,13.687893,13.687893,13.687893,0
2022-10-27,13.607638,13.607638,13.607638,13.607638,0
2022-10-28,13.652225,13.652225,13.652225,13.652225,0
2022-10-31,13.554134,13.554134,13.554134,13.554134,0
2022-11-01,13.705727,13.705727,13.705727,13.705727,0
2022-11-02,13.554134,13.554134,13.554134,13.554134,0
2022-11-03,13.473881,13.473881,13.473881,13.473881,0
2022-11-04,13.964327,13.964327,13.964327,13.964327,0
2022-11-07,14.044582,14.044582,14.044582,14.044582,0
2022-11-08,14.169422,14.169422,14.169422,14.169422,0
2022-11-09,13.973244,13.973244,13.973244,13.973244,0
2022-11-10,14.588531,14.588531,14.588531,14.588531,0
2022-11-11,14.918467,14.918467,14.918467,14.918467,0
2022-11-14,14.802545,14.802545,14.802545,14.802545,0
2022-11-15,14.963051,14.963051,14.963051,14.963051,0
2022-11-16,14.847132,14.847132,14.847132,14.847132,0
2022-11-17,14.847132,14.847132,14.847132,14.847132,0
2022-11-18,14.838212,14.838212,14.838212,14.838212,0
2022-11-21,14.713368,14.713368,14.713368,14.713368,0
2022-11-22,14.882795,14.882795,14.882795,14.882795,0
2022-11-23,15.016556,15.016556,15.016556,15.016556,0
2022-11-25,15.087894,15.087894,15.087894,15.087894,0
2022-11-28,14.900632,14.900632,14.900632,14.900632,0
2022-11-29,15.007639,15.007639,15.007639,15.007639,0
2022-11-30,15.364324,15.364324,15.364324,15.364324,0
2022-12-01,15.426748,15.426748,15.426748,15.426748,0
2022-12-02,15.426748,15.426748,15.426748,15.426748,0
2022-12-05,15.221648,15.221648,15.221648,15.221648,0
2022-12-06,15.141397,15.141397,15.141397,15.141397,0
2022-12-07,15.105727,15.105727,15.105727,15.105727,0
2022-12-08,15.203815,15.203815,15.203815,15.203815,0
2022-12-09,15.212732,15.212732,15.212732,15.212732,0
2022-12-12,15.203815,15.203815,15.203815,15.203815,0
2022-12-13,15.373243,15.373243,15.373243,15.373243,0
2022-12-14,15.391078,15.391078,15.391078,15.391078,0
2022-12-15,15.025475,15.025475,15.025475,15.025475,0
2022-12-16,14.933435,14.933435,14.933435,14.933435,0
2022-12-19,14.897342,14.897342,14.897342,14.897342,0
2022-12-20,14.951483,14.951483,14.951483,14.951483,0
2022-12-21,15.086831,15.086831,15.086831,15.086831,0
2022-12-22,14.978552,14.978552,14.978552,14.978552,0
2022-12-23,15.00562,15.00562,15.00562,15.00562,0
2022-12-27,15.05976,15.05976,15.05976,15.05976,0
2022-12-28,14.933435,14.933435,14.933435,14.933435,0
2022-12-29,15.140969,15.140969,15.140969,15.140969,0
2022-12-30,15.032693,15.032693,15.032693,15.032693,0
2023-01-03,15.104879,15.104879,15.104879,15.104879,0
2023-01-04,15.339482,15.339482,15.339482,15.339482,0
2023-01-05,15.240226,15.240226,15.240226,15.240226,0
2023-01-06,15.565064,15.565064,15.565064,15.565064,0
2023-01-09,15.682364,15.682364,15.682364,15.682364,0
2023-01-10,15.727481,15.727481,15.727481,15.727481,0
2023-01-11,15.808689,15.808689,15.808689,15.808689,0
2023-01-12,15.989153,15.989153,15.989153,15.989153,0
2023-01-13,16.088406,16.088406,16.088406,16.088406,0
2023-01-17,16.106457,16.106457,16.106457,16.106457,0
2023-01-18,16.043293,16.043293,16.043293,16.043293,0
2023-01-19,16.052319,16.052319,16.052319,16.052319,0
2023-01-20,16.223757,16.223757,16.223757,16.223757,0
2023-01-23,16.295944,16.295944,16.295944,16.295944,0
2023-01-24,16.304966,16.304966,16.304966,16.304966,0
2023-01-25,16.36813,16.36813,16.36813,16.36813,0
2023-01-26,16.43129,16.43129,16.43129,16.43129,0
2023-01-27,16.395201,16.395201,16.395201,16.395201,0
2023-01-30,16.232782,16.232782,16.232782,16.232782,0
2023-01-31,16.295944,16.295944,16.295944,16.295944,0
2023-02-01,16.449335,16.449335,16.449335,16.449335,0
2023-02-02,16.43129,16.43129,16.43129,16.43129,0
2023-02-03,16.25083,16.25083,16.25083,16.25083,0
2023-02-06,16.052319,16.052319,16.052319,16.052319,0
2023-02-07,16.160595,16.160595,16.160595,16.160595,0
2023-02-08,16.097431,16.097431,16.097431,16.097431,0
2023-02-09,16.124504,16.124504,16.124504,16.124504,0
2023-02-10,16.052319,16.052319,16.052319,16.052319,0
2023-02-13,16.169619,16.169619,16.169619,16.169619,0
2023-02-14,16.17864,16.17864,16.17864,16.17864,0
2023-02-15,16.088406,16.088406,16.088406,16.088406,0
2023-02-16,16.043293,16.043293,16.043293,16.043293,0
2023-02-17,16.016222,16.016222,16.016222,16.016222,0
2023-02-21,15.853806,15.853806,15.853806,15.853806,0
2023-02-22,15.75455,15.75455,15.75455,15.75455,0
2023-02-23,15.817717,15.817717,15.817717,15.817717,0
2023-02-24,15.565064,15.565064,15.565064,15.565064,0
2023-02-27,15.70041,15.70041,15.70041,15.70041,0
2023-02-28,15.619203,15.619203,15.619203,15.619203,0
2023-03-01,15.745531,15.745531,15.745531,15.745531,0
2023-03-02,15.790642,15.790642,15.790642,15.790642,0
2023-03-03,15.980131,15.980131,15.980131,15.980131,0
2023-03-06,15.962084,15.962084,15.962084,15.962084,0
2023-03-07,15.709433,15.709433,15.709433,15.709433,0
2023-03-08,15.745531,15.745531,15.745531,15.745531,0
2023-03-09,15.59213,15.59213,15.59213,15.59213,0
2023-03-10,15.456784,15.456784,15.456784,15.456784,0
2023-03-13,15.384601,15.384601,15.384601,15.384601,0
2023-03-14,15.47483,15.47483,15.47483,15.47483,0
2023-03-15,15.113902,15.113902,15.113902,15.113902,0
2023-03-16,15.276319,15.276319,15.276319,15.276319,0
2023-03-17,15.18952,15.18952,15.18952,15.18952,0
2023-03-20,15.334185,15.334185,15.334185,15.334185,0
2023-03-21,15.496931,15.496931,15.496931,15.496931,0
2023-03-22,15.496931,15.496931,15.496931,15.496931,0
2023-03-23,15.578303,15.578303,15.578303,15.578303,0
2023-03-24,15.505968,15.505968,15.505968,15.505968,0
2023-03-27,15.551175,15.551175,15.551175,15.551175,0
2023-03-28,15.650633,15.650633,15.650633,15.650633,0
2023-03-29,15.804335,15.804335,15.804335,15.804335,0
2023-03-30,15.967082,15.967082,15.967082,15.967082,0
2023-03-31,16.030367,16.030367,16.030367,16.030367,0
2023-04-03,16.120781,16.120781,16.120781,16.120781,0
2023-04-04,16.120781,16.120781,16.120781,16.120781,0
2023-04-05,16.021328,16.021328,16.021328,16.021328,0
2023-04-06,16.057497,16.057497,16.057497,16.057497,0
2023-04-10,16.030367,16.030367,16.030367,16.030367,0
2023-04-11,16.138868,16.138868,16.138868,16.138868,0
2023-04-12,16.184071,16.184071,16.184071,16.184071,0
2023-04-13,16.401066,16.401066,16.401066,16.401066,0
2023-04-14,16.346825,16.346825,16.346825,16.346825,0
2023-04-17,16.346825,16.346825,16.346825,16.346825,0
2023-04-18,16.401066,16.401066,16.401066,16.401066,0
2023-04-19,16.310652,16.310652,16.310652,16.310652,0
2023-04-20,16.29257,16.29257,16.29257,16.29257,0
2023-04-21,16.301611,16.301611,16.301611,16.301611,0
2023-04-24,16.319691,16.319691,16.319691,16.319691,0
2023-04-25,16.08462,16.08462,16.08462,16.08462,0
2023-04-26,16.08462,16.08462,16.08462,16.08462,0
2023-04-27,16.274487,16.274487,16.274487,16.274487,0
2023-04-28,16.301611,16.301611,16.301611,16.301611,0
2023-05-01,16.265446,16.265446,16.265446,16.265446,0
2023-05-02,16.129824,16.129824,16.129824,16.129824,0
2023-05-03,16.147911,16.147911,16.147911,16.147911,0
2023-05-04,16.165993,16.165993,16.165993,16.165993,0
2023-05-05,16.382982,16.382982,16.382982,16.382982,0
2023-05-08,16.401066,16.401066,16.401066,16.401066,0
2023-05-09,16.337776,16.337776,16.337776,16.337776,0
2023-05-10,16.328735,16.328735,16.328735,16.328735,0
2023-05-11,16.256403,16.256403,16.256403,16.256403,0
2023-05-12,16.184071,16.184071,16.184071,16.184071,0
2023-05-15,16.337776,16.337776,16.337776,16.337776,0
2023-05-16,16.211197,16.211197,16.211197,16.211197,0
2023-05-17,16.265446,16.265446,16.265446,16.265446,0
2023-05-18,16.229284,16.229284,16.229284,16.229284,0
2023-05-19,16.274487,16.274487,16.274487,16.274487,0
2023-05-22,16.319691,16.319691,16.319691,16.319691,0
2023-05-23,16.120781,16.120781,16.120781,16.120781,0
2023-05-24,15.921874,15.921874,15.921874,15.921874,0
2023-05-25,15.876668,15.876668,15.876668,15.876668,0
2023-05-26,16.03941,16.03941,16.03941,16.03941,0
2023-05-30,15.903792,15.903792,15.903792,15.903792,0
2023-05-31,15.750085,15.750085,15.750085,15.750085,0
2023-06-01,15.976123,15.976123,15.976123,15.976123,0
2023-06-02,16.193113,16.193113,16.193113,16.193113,0
2023-06-05,16.165993,16.165993,16.165993,16.165993,0
2023-06-06,16.265446,16.265446,16.265446,16.265446,0
2023-06-07,16.17503,16.17503,16.17503,16.17503,0
2023-06-08,16.301611,16.301611,16.301611,16.301611,0
2023-06-09,16.310652,16.310652,16.310652,16.310652,0
2023-06-12,16.382982,16.382982,16.382982,16.382982,0
2023-06-13,16.509569,16.509569,16.509569,16.509569,0
2023-06-14,16.581894,16.581894,16.581894,16.581894,0
2023-06-15,16.744638,16.744638,16.744638,16.744638,0
2023-06-16,16.720882,16.720882,16.720882,16.720882,0
2023-06-20,16.501593,16.501593,16.501593,16.501593,0
2023-06-21,16.483316,16.483316,16.483316,16.483316,0
2023-06-22,16.401089,16.401089,16.401089,16.401089,0
2023-06-23,16.154383,16.154383,16.154383,16.154383,0
2023-06-26,16.181793,16.181793,16.181793,16.181793,0
2023-06-27,16.300575,16.300575,16.300575,16.300575,0
2023-06-28,16.300575,16.300575,16.300575,16.300575,0
2023-06-29,16.273165,16.273165,16.273165,16.273165,0
2023-06-30,16.437632,16.437632,16.437632,16.437632,0
2023-07-03,16.492453,16.492453,16.492453,16.492453,0
2023-07-05,16.364534,16.364534,16.364534,16.364534,0
2023-07-06,16.09956,16.09956,16.09956,16.09956,0
2023-07-07,16.200066,16.200066,16.200066,16.200066,0
2023-07-10,16.23662,16.23662,16.23662,16.23662,0
2023-07-11,16.391947,16.391947,16.391947,16.391947,0
2023-07-12,16.666061,16.666061,16.666061,16.666061,0
2023-07-13,16.931036,16.931036,16.931036,16.931036,0
2023-07-14,16.857939,16.857939,16.857939,16.857939,0
2023-07-17,16.839664,16.839664,16.839664,16.839664,0
2023-07-18,16.894491,16.894491,16.894491,16.894491,0
2023-07-19,16.903625,16.903625,16.903625,16.903625,0
2023-07-20,16.812256,16.812256,16.812256,16.812256,0
2023-07-21,16.812256,16.812256,16.812256,16.812256,0
2023-07-24,16.848804,16.848804,16.848804,16.848804,0
2023-07-25,16.940174,16.940174,16.940174,16.940174,0
2023-07-26,16.95845,16.95845,16.95845,16.95845,0
2023-07-27,16.894491,16.894491,16.894491,16.894491,0
2023-07-28,17.04982,17.04982,17.04982,17.04982,0
2023-07-31,17.077229,17.077229,17.077229,17.077229,0
2023-08-01,16.903625,16.903625,16.903625,16.903625,0
2023-08-02,16.565552,16.565552,16.565552,16.565552,0
2023-08-03,16.538139,16.538139,16.538139,16.538139,0
2023-08-04,16.574688,16.574688,16.574688,16.574688,0
2023-08-07,16.656919,16.656919,16.656919,16.656919,0
2023-08-08,16.519873,16.519873,16.519873,16.519873,0
2023-08-09,16.538139,16.538139,16.538139,16.538139,0
2023-08-10,16.592964,16.592964,16.592964,16.592964,0
2023-08-11,16.465044,16.465044,16.465044,16.465044,0
2023-08-14,16.382809,16.382809,16.382809,16.382809,0
2023-08-15,16.190931,16.190931,16.190931,16.190931,0
2023-08-16,16.072151,16.072151,16.072151,16.072151,0
2023-08-17,16.008188,16.008188,16.008188,16.008188,0
2023-08-18,15.962504,15.962504,15.962504,15.962504,0
2023-08-21,15.999049,15.999049,15.999049,15.999049,0
2023-08-22,15.989914,15.989914,15.989914,15.989914,0
2023-08-23,16.154383,16.154383,16.154383,16.154383,0
2023-08-24,15.999049,15.999049,15.999049,15.999049,0
2023-08-25,16.044739,16.044739,16.044739,16.044739,0
2023-08-28,16.200066,16.200066,16.200066,16.200066,0
2023-08-29,16.428493,16.428493,16.428493,16.428493,0
2023-08-30,16.410221,16.410221,16.410221,16.410221,0
2023-08-31,16.318853,16.318853,16.318853,16.318853,0
2023-09-01,16.373674,16.373674,16.373674,16.373674,0
2023-09-05,16.264027,16.264027,16.264027,16.264027,0
2023-09-06,16.209204,16.209204,16.209204,16.209204,0
2023-09-07,16.117834,16.117834,16.117834,16.117834,0
2023-09-08,16.09956,16.09956,16.09956,16.09956,0
2023-09-11,16.254892,16.254892,16.254892,16.254892,0
2023-09-12,16.209204,16.209204,16.209204,16.209204,0
2023-09-13,16.181793,16.181793,16.181793,16.181793,0
2023-09-14,16.364534,16.364534,16.364534,16.364534,0
2023-09-15,16.327805,16.327805,16.327805,16.327805,0
2023-09-18,16.263519,16.263519,16.263519,16.263519,0
2023-09-19,16.263519,16.263519,16.263519,16.263519,0
2023-09-20,16.208422,16.208422,16.208422,16.208422,0
2023-09-21,15.960475,15.960475,15.960475,15.960475,0
2023-09-22,15.997204,15.997204,15.997204,15.997204,0
2023-09-25,15.932924,15.932924,15.932924,15.932924,0
2023-09-26,15.730894,15.730894,15.730894,15.730894,0
2023-09-27,15.712524,15.712524,15.712524,15.712524,0
2023-09-28,15.795174,15.795174,15.795174,15.795174,0
2023-09-29,15.776811,15.776811,15.776811,15.776811,0
2023-10-02,15.593143,15.593143,15.593143,15.593143,0
2023-10-03,15.391113,15.391113,15.391113,15.391113,0
2023-10-04,15.381931,15.381931,15.381931,15.381931,0
2023-10-05,15.482946,15.482946,15.482946,15.482946,0
2023-10-06,15.648246,15.648246,15.648246,15.648246,0
2023-10-09,15.620691,15.620691,15.620691,15.620691,0
2023-10-10,15.831905,15.831905,15.831905,15.831905,0
2023-10-11,15.905375,15.905375,15.905375,15.905375,0
2023-10-12,15.795174,15.795174,15.795174,15.795174,0
2023-10-13,15.657429,15.657429,15.657429,15.657429,0
2023-10-16,15.740078,15.740078,15.740078,15.740078,0
2023-10-17,15.749258,15.749258,15.749258,15.749258,0
2023-10-18,15.510495,15.510495,15.510495,15.510495,0
2023-10-19,15.391113,15.391113,15.391113,15.391113,0
2023-10-20,15.234999,15.234999,15.234999,15.234999,0
2023-10-23,15.225814,15.225814,15.225814,15.225814,0
2023-10-24,15.299282,15.299282,15.299282,15.299282,0
2023-10-25,15.179897,15.179897,15.179897,15.179897,0
2023-10-26,15.088066,15.088066,15.088066,15.088066,0
2023-10-27,15.0697,15.0697,15.0697,15.0697,0
2023-10-30,15.216631,15.216631,15.216631,15.216631,0
2023-10-31,15.216631,15.216631,15.216631,15.216631,0
2023-11-01,15.363567,15.363567,15.363567,15.363567,0
2023-11-02,15.666608,15.666608,15.666608,15.666608,0
2023-11-03,15.868639,15.868639,15.868639,15.868639,0
2023-11-06,15.896192,15.896192,15.896192,15.896192,0
2023-11-07,15.804358,15.804358,15.804358,15.804358,0
2023-11-08,15.758446,15.758446,15.758446,15.758446,0
2023-11-09,15.730894,15.730894,15.730894,15.730894,0
2023-11-10,15.795174,15.795174,15.795174,15.795174,0
2023-11-13,15.813542,15.813542,15.813542,15.813542,0
2023-11-14,16.190054,16.190054,16.190054,16.190054,0
2023-11-15,16.245155,16.245155,16.245155,16.245155,0
2023-11-16,16.190054,16.190054,16.190054,16.190054,0
2023-11-17,16.346169,16.346169,16.346169,16.346169,0
2023-11-20,16.456369,16.456369,16.456369,16.456369,0
2023-11-21,16.382902,16.382902,16.382902,16.382902,0
2023-11-22,16.392088,16.392088,16.392088,16.392088,0
2023-11-24,16.474735,16.474735,16.474735,16.474735,0
2023-11-27,16.428818,16.428818,16.428818,16.428818,0
2023-11-28,16.483923,16.483923,16.483923,16.483923,0
2023-11-29,16.493101,16.493101,16.493101,16.493101,0
2023-11-30,16.511467,16.511467,16.511467,16.511467,0
2023-12-01,16.63085,16.63085,16.63085,16.63085,0
2023-12-04,16.511467,16.511467,16.511467,16.511467,0
2023-12-05,16.447184,16.447184,16.447184,16.447184,0
2023-12-06,16.474735,16.474735,16.474735,16.474735,0
2023-12-07,16.539022,16.539022,16.539022,16.539022,0
2023-12-08,16.566566,16.566566,16.566566,16.566566,0
2023-12-11,16.603306,16.603306,16.603306,16.603306,0
2023-12-12,16.603306,16.603306,16.603306,16.603306,0
2023-12-13,16.796148,16.796148,16.796148,16.796148,0
2023-12-14,16.998178,16.998178,16.998178,16.998178,0
2023-12-15,16.893816,16.893816,16.893816,16.893816,0
2023-12-18,16.903133,16.903133,16.903133,16.903133,0
2023-12-19,17.042908,17.042908,17.042908,17.042908,0
2023-12-20,16.847227,16.847227,16.847227,16.847227,0
2023-12-21,17.09882,17.09882,17.09882,17.09882,0
2023-12-22,17.09882,17.09882,17.09882,17.09882,0
2023-12-26,17.164043,17.164043,17.164043,17.164043,0
2023-12-27,17.303818,17.303818,17.303818,17.303818,0
2023-12-28,17.313137,17.313137,17.313137,17.313137,0
2023-12-29,17.313137,17.313137,17.313137,17.313137,0
2024-01-02,17.154726,17.154726,17.154726,17.154726,0
2024-01-03,17.014956,17.014956,17.014956,17.014956,0
2024-01-04,17.052225,17.052225,17.052225,17.052225,0
2024-01-05,17.061543,17.061543,17.061543,17.061543,0
2024-01-08,17.18268,17.18268,17.18268,17.18268,0
2024-01-09,17.042908,17.042908,17.042908,17.042908,0
2024-01-10,17.089499,17.089499,17.089499,17.089499,0
2024-01-11,17.09882,17.09882,17.09882,17.09882,0
2024-01-12,17.154726,17.154726,17.154726,17.154726,0
2024-01-16,16.884501,16.884501,16.884501,16.884501,0
2024-01-17,16.670177,16.670177,16.670177,16.670177,0
2024-01-18,16.791321,16.791321,16.791321,16.791321,0
2024-01-19,16.875179,16.875179,16.875179,16.875179,0
2024-01-22,16.856546,16.856546,16.856546,16.856546,0
2024-01-23,16.875179,16.875179,16.875179,16.875179,0
2024-01-24,16.996315,16.996315,16.996315,16.996315,0
2024-01-25,17.042908,17.042908,17.042908,17.042908,0
2024-01-26,17.089499,17.089499,17.089499,17.089499,0
2024-01-29,17.173361,17.173361,17.173361,17.173361,0
2024-01-30,17.117456,17.117456,17.117456,17.117456,0
2024-01-31,17.03359,17.03359,17.03359,17.03359,0
2024-02-01,17.191999,17.191999,17.191999,17.191999,0
2024-02-02,17.089499,17.089499,17.089499,17.089499,0
2024-02-05,17.005636,17.005636,17.005636,17.005636,0
2024-02-06,17.164043,17.164043,17.164043,17.164043,0
2024-02-07,17.191999,17.191999,17.191999,17.191999,0
2024-02-08,17.173361,17.173361,17.173361,17.173361,0
2024-02-09,17.191999,17.191999,17.191999,17.191999,0
2024-02-12,17.247908,17.247908,17.247908,17.247908,0
2024-02-13,16.996315,16.996315,16.996315,16.996315,0
2024-02-14,17.154726,17.154726,17.154726,17.154726,0
2024-02-15,17.322453,17.322453,17.322453,17.322453,0
2024-02-16,17.369041,17.369041,17.369041,17.369041,0
2024-02-20,17.415636,17.415636,17.415636,17.415636,0
2024-02-21,17.443592,17.443592,17.443592,17.443592,0
2024-02-22,17.620636,17.620636,17.620636,17.620636,0
2024-02-23,17.629953,17.629953,17.629953,17.629953,0
2024-02-26,17.592678,17.592678,17.592678,17.592678,0
2024-02-27,17.629953,17.629953,17.629953,17.629953,0
2024-02-28,17.499498,17.499498,17.499498,17.499498,0
2024-02-29,17.555407,17.555407,17.555407,17.555407,0
2024-03-01,17.741774,17.741774,17.741774,17.741774,0
2024-03-04,17.704493,17.704493,17.704493,17.704493,0
2024-03-05,17.620636,17.620636,17.620636,17.620636,0
2024-03-06,17.825634,17.825634,17.825634,17.825634,0
2024-03-07,18.002678,18.002678,18.002678,18.002678,0
2024-03-08,17.94677,17.94677,17.94677,17.94677,0
2024-03-11,17.900175,17.900175,17.900175,17.900175,0
2024-03-12,18.049269,18.049269,18.049269,18.049269,0
2024-03-13,18.011997,18.011997,18.011997,18.011997,0
2024-03-14,17.918812,17.918812,17.918812,17.918812,0
2024-03-15,17.878609,17.878609,17.878609,17.878609,0
2024-03-18,17.897308,17.897308,17.897308,17.897308,0
2024-03-19,17.897308,17.897308,17.897308,17.897308,0
2024-03-20,18.06562,18.06562,18.06562,18.06562,0
2024-03-21,18.103025,18.103025,18.103025,18.103025,0
2024-03-22,18.028217,18.028217,18.028217,18.028217,0
2024-03-25,18.000166,18.000166,18.000166,18.000166,0
2024-03-26,18.009518,18.009518,18.009518,18.009518,0
2024-03-27,18.103025,18.103025,18.103025,18.103025,0
2024-03-28,18.093678,18.093678,18.093678,18.093678,0
2024-04-01,18.037571,18.037571,18.037571,18.037571,0
2024-04-02,17.990814,17.990814,17.990814,17.990814,0
2024-04-03,18.074972,18.074972,18.074972,18.074972,0
2024-04-04,17.962759,17.962759,17.962759,17.962759,0
2024-04-05,18.028217,18.028217,18.028217,18.028217,0
2024-04-08,18.103025,18.103025,18.103025,18.103025,0
2024-04-09,18.140427,18.140427,18.140427,18.140427,0
2024-04-10,17.944065,17.944065,17.944065,17.944065,0
2024-04-11,17.972111,17.972111,17.972111,17.972111,0
2024-04-12,17.672892,17.672892,17.672892,17.672892,0
2024-04-15,17.588736,17.588736,17.588736,17.588736,0
2024-04-16,17.392366,17.392366,17.392366,17.392366,0
2024-04-17,17.383017,17.383017,17.383017,17.383017,0
2024-04-18,17.392366,17.392366,17.392366,17.392366,0
2024-04-19,17.336262,17.336262,17.336262,17.336262,0
2024-04-22,17.551327,17.551327,17.551327,17.551327,0
2024-04-23,17.719641,17.719641,17.719641,17.719641,0
2024-04-24,17.719641,17.719641,17.719641,17.719641,0
2024-04-25,17.672892,17.672892,17.672892,17.672892,0
2024-04-26,17.794451,17.794451,17.794451,17.794451,0
2024-04-29,17.90666,17.90666,17.90666,17.90666,0
2024-04-30,17.682243,17.682243,17.682243,17.682243,0
2024-05-01,17.66354,17.66354,17.66354,17.66354,0
2024-05-02,17.953415,17.953415,17.953415,17.953415,0
2024-05-03,18.112375,18.112375,18.112375,18.112375,0
2024-05-06,18.215233,18.215233,18.215233,18.215233,0
2024-05-07,18.205881,18.205881,18.205881,18.205881,0
2024-05-08,18.187181,18.187181,18.187181,18.187181,0
2024-05-09,18.280687,18.280687,18.280687,18.280687,0
2024-05-10,18.327442,18.327442,18.327442,18.327442,0
2024-05-13,18.35549,18.35549,18.35549,18.35549,0
2024-05-14,18.467705,18.467705,18.467705,18.467705,0
2024-05-15,18.617315,18.617315,18.617315,18.617315,0
2024-05-16,18.589258,18.589258,18.589258,18.589258,0
2024-05-17,18.67342,18.67342,18.67342,18.67342,0
2024-05-20,18.682766,18.682766,18.682766,18.682766,0
2024-05-21,18.617315,18.617315,18.617315,18.617315,0
2024-05-22,18.486404,18.486404,18.486404,18.486404,0
2024-05-23,18.383543,18.383543,18.383543,18.383543,0
2024-05-24,18.486404,18.486404,18.486404,18.486404,0
2024-05-28,18.495754,18.495754,18.495754,18.495754,0
2024-05-29,18.196531,18.196531,18.196531,18.196531,0
2024-05-30,18.280687,18.280687,18.280687,18.280687,0
2024-05-31,18.392897,18.392897,18.392897,18.392897,0
2024-06-03,18.477057,18.477057,18.477057,18.477057,0
2024-06-04,18.35549,18.35549,18.35549,18.35549,0
2024-06-05,18.523808,18.523808,18.523808,18.523808,0
2024-06-06,18.561209,18.561209,18.561209,18.561209,0
2024-06-07,18.383543,18.383543,18.383543,18.383543,0
2024-06-10,18.4303,18.4303,18.4303,18.4303,0
2024-06-11,18.261988,18.261988,18.261988,18.261988,0
2024-06-12,18.4303,18.4303,18.4303,18.4303,0
2024-06-13,18.261988,18.261988,18.261988,18.261988,0
2024-06-14,18.140427,18.140427,18.140427,18.140427,0
2024-06-17,18.196531,18.196531,18.196531,18.196531,0
2024-06-18,18.280687,18.280687,18.280687,18.280687,0
2024-06-20,18.290037,18.290037,18.290037,18.290037,0
2024-06-21,18.176964,18.176964,18.176964,18.176964,0
2024-06-24,18.271193,18.271193,18.271193,18.271193,0
2024-06-25,18.31831,18.31831,18.31831,18.31831,0
2024-06-26,18.214655,18.214655,18.214655,18.214655,0
2024-06-27,18.233503,18.233503,18.233503,18.233503,0
2024-06-28,18.224075,18.224075,18.224075,18.224075,0
2024-07-01,18.271193,18.271193,18.271193,18.271193,0
2024-07-02,18.327732,18.327732,18.327732,18.327732,0
2024-07-03,18.516191,18.516191,18.516191,18.516191,0
2024-07-05,18.516191,18.516191,18.516191,18.516191,0
2024-07-08,18.582151,18.582151,18.582151,18.582151,0
2024-07-09,18.572729,18.572729,18.572729,18.572729,0
2024-07-10,18.76119,18.76119,18.76119,18.76119,0
2024-07-11,18.845995,18.845995,18.845995,18.845995,0
2024-07-12,19.006187,19.006187,19.006187,19.006187,0
2024-07-15,18.874268,18.874268,18.874268,18.874268,0
2024-07-16,18.95907,18.95907,18.95907,18.95907,0
2024-07-17,18.808304,18.808304,18.808304,18.808304,0
2024-07-18,18.666958,18.666958,18.666958,18.666958,0
2024-07-19,18.535036,18.535036,18.535036,18.535036,0
2024-07-22,18.685806,18.685806,18.685806,18.685806,0
2024-07-23,18.600996,18.600996,18.600996,18.600996,0
2024-07-24,18.374846,18.374846,18.374846,18.374846,0
2024-07-25,18.280617,18.280617,18.280617,18.280617,0
2024-07-26,18.478502,18.478502,18.478502,18.478502,0
2024-07-29,18.421959,18.421959,18.421959,18.421959,0
2024-07-30,18.421959,18.421959,18.421959,18.421959,0
2024-07-31,18.732918,18.732918,18.732918,18.732918,0
2024-08-01,18.337154,18.337154,18.337154,18.337154,0
2024-08-02,18.016775,18.016775,18.016775,18.016775,0
2024-08-05,17.564466,17.564466,17.564466,17.564466,0
2024-08-06,17.668119,17.668119,17.668119,17.668119,0
2024-08-07,17.734081,17.734081,17.734081,17.734081,0
2024-08-08,18.045042,18.045042,18.045042,18.045042,0
2024-08-09,18.111,18.111,18.111,18.111,0
2024-08-12,18.120422,18.120422,18.120422,18.120422,0
2024-08-13,18.374846,18.374846,18.374846,18.374846,0
2024-08-14,18.403116,18.403116,18.403116,18.403116,0
2024-08-15,18.619846,18.619846,18.619846,18.619846,0
2024-08-16,18.751764,18.751764,18.751764,18.751764,0
2024-08-19,18.95907,18.95907,18.95907,18.95907,0
2024-08-20,18.864845,18.864845,18.864845,18.864845,0
2024-08-21,19.006187,19.006187,19.006187,19.006187,0
2024-08-22,18.874268,18.874268,18.874268,18.874268,0
2024-08-23,19.166378,19.166378,19.166378,19.166378,0
2024-08-26,19.09099,19.09099,19.09099,19.09099,0
2024-08-27,19.166378,19.166378,19.166378,19.166378,0
2024-08-28,19.062725,19.062725,19.062725,19.062725,0
2024-08-29,19.128685,19.128685,19.128685,19.128685,0
2024-08-30,19.194647,19.194647,19.194647,19.194647,0
2024-09-03,18.845995,18.845995,18.845995,18.845995,0
2024-09-04,18.789457,18.789457,18.789457,18.789457,0
2024-09-05,18.827147,18.827147,18.827147,18.827147,0
2024-09-06,18.497343,18.497343,18.497343,18.497343,0
2024-09-09,18.666958,18.666958,18.666958,18.666958,0
2024-09-10,18.600996,18.600996,18.600996,18.600996,0
2024-09-11,18.695229,18.695229,18.695229,18.695229,0
2024-09-12,18.874268,18.874268,18.874268,18.874268,0
2024-09-13,18.921379,18.921379,18.921379,18.921379,0
2024-09-16,19.02503,19.02503,19.02503,19.02503,0
2024-09-17,18.987341,18.987341,18.987341,18.987341,0
2024-09-18,18.921379,18.921379,18.921379,18.921379,0
2024-09-19,19.307722,19.307722,19.307722,19.307722,0
2024-09-20,19.16864,19.16864,19.16864,19.16864,0
2024-09-23,19.253792,19.253792,19.253792,19.253792,0
2024-09-24,19.471403,19.471403,19.471403,19.471403,0
2024-09-25,19.376791,19.376791,19.376791,19.376791,0
2024-09-26,19.840393,19.840393,19.840393,19.840393,0
2024-09-27,19.745785,19.745785,19.745785,19.745785,0
2024-09-30,19.689014,19.689014,19.689014,19.689014,0
2024-10-01,19.641703,19.641703,19.641703,19.641703,0
2024-10-02,19.698477,19.698477,19.698477,19.698477,0
2024-10-03,19.499786,19.499786,19.499786,19.499786,0
2024-10-04,19.641703,19.641703,19.641703,19.641703,0
2024-10-07,19.566015,19.566015,19.566015,19.566015,0
2024-10-08,19.433558,19.433558,19.433558,19.433558,0
2024-10-09,19.405174,19.405174,19.405174,19.405174,0
2024-10-10,19.38625,19.38625,19.38625,19.38625,0
2024-10-11,19.480865,19.480865,19.480865,19.480865,0
2024-10-14,19.509249,19.509249,19.509249,19.509249,0
2024-10-15,19.178102,19.178102,19.178102,19.178102,0
2024-10-16,19.282177,19.282177,19.282177,19.282177,0
2024-10-17,19.253792,19.253792,19.253792,19.253792,0
2024-10-18,19.395714,19.395714,19.395714,19.395714,0
2024-10-21,19.22541,19.22541,19.22541,19.22541,0
2024-10-22,19.121332,19.121332,19.121332,19.121332,0
2024-10-23,18.96995,18.96995,18.96995,18.96995,0
2024-10-24,18.998335,18.998335,18.998335,18.998335,0
2024-10-25,18.951033,18.951033,18.951033,18.951033,0
2024-10-28,19.064566,19.064566,19.064566,19.064566,0
2024-10-29,19.026724,19.026724,19.026724,19.026724,0
2024-10-30,18.913183,18.913183,18.913183,18.913183,0
2024-10-31,18.761805,18.761805,18.761805,18.761805,0
2024-11-01,18.818571,18.818571,18.818571,18.818571,0
2024-11-04,18.856419,18.856419,18.856419,18.856419,0
2024-11-05,19.07403,19.07403,19.07403,19.07403,0
2024-11-06,18.875341,18.875341,18.875341,18.875341,0
2024-11-07,19.149721,19.149721,19.149721,19.149721,0
2024-11-08,18.894264,18.894264,18.894264,18.894264,0
2024-11-11,18.856419,18.856419,18.856419,18.856419,0
2024-11-12,18.563118,18.563118,18.563118,18.563118,0
2024-11-13,18.430656,18.430656,18.430656,18.430656,0
2024-11-14,18.421198,18.421198,18.421198,18.421198,0
2024-11-15,18.326582,18.326582,18.326582,18.326582,0
2024-11-18,18.477966,18.477966,18.477966,18.477966,0
2024-11-19,18.496885,18.496885,18.496885,18.496885,0
2024-11-20,18.440119,18.440119,18.440119,18.440119,0
2024-11-21,18.459042,18.459042,18.459042,18.459042,0
2024-11-22,18.496885,18.496885,18.496885,18.496885,0
2024-11-25,18.563118,18.563118,18.563118,18.563118,0
2024-11-26,18.468504,18.468504,18.468504,18.468504,0
2024-11-27,18.534733,18.534733,18.534733,18.534733,0
2024-11-29,18.714497,18.714497,18.714497,18.714497,0
2024-12-02,18.780727,18.780727,18.780727,18.780727,0
2024-12-03,18.875341,18.875341,18.875341,18.875341,0
2024-12-04,18.894264,18.894264,18.894264,18.894264,0
2024-12-05,18.96995,18.96995,18.96995,18.96995,0
2024-12-06,18.960493,18.960493,18.960493,18.960493,0
2024-12-09,19.017262,19.017262,19.017262,19.017262,0
2024-12-10,18.846956,18.846956,18.846956,18.846956,0
2024-12-11,18.951033,18.951033,18.951033,18.951033,0
2024-12-12,18.799648,18.799648,18.799648,18.799648,0
2024-12-13,18.761805,18.761805,18.761805,18.761805,0
2024-12-16,18.695576,18.695576,18.695576,18.695576,0
2024-12-17,18.600958,18.600958,18.600958,18.600958,0
2024-12-18,18.222511,18.222511,18.222511,18.222511,0
2024-12-19,18.1752,18.1752,18.1752,18.1752,0
2024-12-20,18.182899,18.182899,18.182899,18.182899,0
2024-12-23,18.298344,18.298344,18.298344,18.298344,0
2024-12-24,18.336828,18.336828,18.336828,18.336828,0
2024-12-26,18.35607,18.35607,18.35607,18.35607,0
2024-12-27,18.346447,18.346447,18.346447,18.346447,0
2024-12-30,18.250242,18.250242,18.250242,18.250242,0
2024-12-31,18.231001,18.231001,18.231001,18.231001,0
2025-01-02,18.192518,18.192518,18.192518,18.192518,0
2025-01-03,18.288725,18.288725,18.288725,18.288725,0
2025-01-06,18.394554,18.394554,18.394554,18.394554,0
2025-01-07,18.346447,18.346447,18.346447,18.346447,0
2025-01-08,18.307968,18.307968,18.307968,18.307968,0
2025-01-10,18.000107,18.000107,18.000107,18.000107,0
2025-01-13,17.894281,17.894281,17.894281,17.894281,0
2025-01-14,18.028969,18.028969,18.028969,18.028969,0
2025-01-15,18.231001,18.231001,18.231001,18.231001,0
2025-01-16,18.307968,18.307968,18.307968,18.307968,0
2025-01-17,18.394554,18.394554,18.394554,18.394554,0
2025-01-21,18.683168,18.683168,18.683168,18.683168,0
2025-01-22,18.673546,18.673546,18.673546,18.673546,0
2025-01-23,18.76013,18.76013,18.76013,18.76013,0
2025-01-24,18.85634,18.85634,18.85634,18.85634,0
2025-01-27,18.740891,18.740891,18.740891,18.740891,0
2025-01-28,18.779377,18.779377,18.779377,18.779377,0
2025-01-29,18.779377,18.779377,18.779377,18.779377,0
2025-01-30,18.991028,18.991028,18.991028,18.991028,0
2025-01-31,18.837099,18.837099,18.837099,18.837099,0
2025-02-03,18.635065,18.635065,18.635065,18.635065,0
2025-02-04,18.865963,18.865963,18.865963,18.865963,0
2025-02-05,19.00065,19.00065,19.00065,19.00065,0
2025-02-06,19.067989,19.067989,19.067989,19.067989,0
2025-02-07,18.971785,18.971785,18.971785,18.971785,0
2025-02-10,19.087234,19.087234,19.087234,19.087234,0
2025-02-11,19.125715,19.125715,19.125715,19.125715,0
2025-02-12,19.154577,19.154577,19.154577,19.154577,0
2025-02-13,19.375849,19.375849,19.375849,19.375849,0
2025-02-14,19.395094,19.395094,19.395094,19.395094,0
2025-02-18,19.529779,19.529779,19.529779,19.529779,0
2025-02-19,19.414333,19.414333,19.414333,19.414333,0
2025-02-20,19.500917,19.500917,19.500917,19.500917,0
2025-02-21,19.385471,19.385471,19.385471,19.385471,0
2025-02-24,19.289261,19.289261,19.289261,19.289261,0
2025-02-25,19.395094,19.395094,19.395094,19.395094,0
2025-02-26,19.472057,19.472057,19.472057,19.472057,0
2025-02-27,19.221918,19.221918,19.221918,19.221918,0
2025-02-28,19.17382,19.17382,19.17382,19.17382,0
2025-03-03,19.183439,19.183439,19.183439,19.183439,0
2025-03-04,19.221918,19.221918,19.221918,19.221918,0
2025-03-05,19.702951,19.702951,19.702951,19.702951,0
2025-03-06,19.568264,19.568264,19.568264,19.568264,0
2025-03-07,19.722193,19.722193,19.722193,19.722193,0
2025-03-10,19.270025,19.270025,19.270025,19.270025,0
2025-03-11,19.260405,19.260405,19.260405,19.260405,0
2025-03-12,19.385471,19.385471,19.385471,19.385471,0
2025-03-13,19.260405,19.260405,19.260405,19.260405,0
2025-03-14,19.597122,19.597122,19.597122,19.597122,0
2025-03-17,19.837639,19.837639,19.837639,19.837639,0
2025-03-18,19.837639,19.837639,19.837639,19.837639,0
2025-03-19,19.895359,19.895359,19.895359,19.895359,0
2025-03-20,19.770294,19.770294,19.770294,19.770294,0
2025-03-21,19.650675,19.650675,19.650675,19.650675,0
2025-03-24,19.679613,19.679613,19.679613,19.679613,0
2025-03-25,19.718201,19.718201,19.718201,19.718201,0
2025-03-26,19.53491,19.53491,19.53491,19.53491,0
2025-03-27,19.592793,19.592793,19.592793,19.592793,0
2025-03-28,19.370914,19.370914,19.370914,19.370914,0
2025-03-31,19.226212,19.226212,19.226212,19.226212,0
2025-04-01,19.28409,19.28409,19.28409,19.28409,0
2025-04-02,19.34197,19.34197,19.34197,19.34197,0
2025-04-03,18.946451,18.946451,18.946451,18.946451,0
2025-04-04,17.866003,17.866003,17.866003,17.866003,0
2025-04-07,17.402952,17.402952,17.402952,17.402952,0
2025-04-08,17.287191,17.287191,17.287191,17.287191,0
2025-04-09,18.251879,18.251879,18.251879,18.251879,0
2025-04-10,18.087881,18.087881,18.087881,18.087881,0
2025-04-11,18.531635,18.531635,18.531635,18.531635,0
2025-04-14,18.772806,18.772806,18.772806,18.772806,0
2025-04-15,18.878923,18.878923,18.878923,18.878923,0
2025-04-16,18.782455,18.782455,18.782455,18.782455,0
2025-04-17,18.975391,18.975391,18.975391,18.975391,0
2025-04-21,18.985041,18.985041,18.985041,18.985041,0
2025-04-22,19.245506,19.245506,19.245506,19.245506,0
2025-04-23,19.35162,19.35162,19.35162,19.35162,0
2025-04-24,19.602438,19.602438,19.602438,19.602438,0
2025-04-25,19.612085,19.612085,19.612085,19.612085,0
2025-04-28,19.737494,19.737494,19.737494,19.737494,0
2025-04-29,19.776083,19.776083,19.776083,19.776083,0
2025-04-30,19.824314,19.824314,19.824314,19.824314,0
2025-05-01,19.756788,19.756788,19.756788,19.756788,0
2025-05-02,20.113726,20.113726,20.113726,20.113726,0
2025-05-05,20.123371,20.123371,20.123371,20.123371,0
2025-05-06,20.123371,20.123371,20.123371,20.123371,0
2025-05-07,20.123371,20.123371,20.123371,20.123371,0
2025-05-08,20.007607,20.007607,20.007607,20.007607,0
2025-05-09,20.123371,20.123371,20.123371,20.123371,0
2025-05-12,20.335602,20.335602,20.335602,20.335602,0
2025-05-13,20.393482,20.393482,20.393482,20.393482,0
2025-05-14,20.354895,20.354895,20.354895,20.354895,0
2025-05-15,20.509245,20.509245,20.509245,20.509245,0
2025-05-16,20.547831,20.547831,20.547831,20.547831,0
2025-05-19,20.653946,20.653946,20.653946,20.653946,0
2025-05-20,20.702183,20.702183,20.702183,20.702183,0
2025-05-21,20.61536,20.61536,20.61536,20.61536,0
2025-05-22,20.605715,20.605715,20.605715,20.605715,0
2025-05-23,20.673244,20.673244,20.673244,20.673244,0
2025-05-27,20.846884,20.846884,20.846884,20.846884,0
2025-05-28,20.673244,20.673244,20.673244,20.673244,0
2025-05-29,20.760063,20.760063,20.760063,20.760063,0
2025-05-30,20.740768,20.740768,20.740768,20.740768,0
2025-06-02,20.943354,20.943354,20.943354,20.943354,0
2025-06-03,20.846884,20.846884,20.846884,20.846884,0
2025-06-04,20.972294,20.972294,20.972294,20.972294,0
2025-06-05,20.991587,20.991587,20.991587,20.991587,0
2025-06-06,21.059114,21.059114,21.059114,21.059114,0
2025-06-09,21.126646,21.126646,21.126646,21.126646,0
2025-06-10,21.184525,21.184525,21.184525,21.184525,0
2025-06-11,21.203819,21.203819,21.203819,21.203819,0
2025-06-12,21.319584,21.319584,21.319584,21.319584,0
2025-06-13,21.039824,21.039824,21.039824,21.039824,0
2025-06-16,21.165232,21.165232,21.165232,21.165232,0
2025-06-17,20.924061,20.924061,20.924061,20.924061,0
2025-06-18,20.933704,20.933704,20.933704,20.933704,0
2025-06-20,20.778282,20.778282,20.778282,20.778282,0
2025-06-23,20.904568,20.904568,20.904568,20.904568,0
2025-06-24,20.904568,20.904568,20.904568,20.904568,0
2025-06-25,21.186274,21.186274,21.186274,21.186274,0
2025-06-26,21.399981,21.399981,21.399981,21.399981,0
2025-06-27,21.497122,21.497122,21.497122,21.497122,0
2025-06-30,21.545691,21.545691,21.545691,21.545691,0
2025-07-01,21.545691,21.545691,21.545691,21.545691,0
2025-07-02,21.633118,21.633118,21.633118,21.633118,0
2025-07-03,21.671972,21.671972,21.671972,21.671972,0
2025-07-07,21.419407,21.419407,21.419407,21.419407,0
2025-07-08,21.545691,21.545691,21.545691,21.545691,0
2025-07-09,21.633118,21.633118,21.633118,21.633118,0
2025-07-10,21.671972,21.671972,21.671972,21.671972,0
2025-07-11,21.526262,21.526262,21.526262,21.526262,0
2025-07-14,21.535976,21.535976,21.535976,21.535976,0
2025-07-15,21.429123,21.429123,21.429123,21.429123,0
2025-07-16,21.487408,21.487408,21.487408,21.487408,0
2025-07-17,21.594259,21.594259,21.594259,21.594259,0
2025-07-18,21.555405,21.555405,21.555405,21.555405,0
2025-07-21,21.662258,21.662258,21.662258,21.662258,0
2025-07-22,21.749685,21.749685,21.749685,21.749685,0
2025-07-23,22.138247,22.138247,22.138247,22.138247,0
2025-07-24,22.021679,22.021679,22.021679,22.021679,0
2025-07-25,21.982821,21.982821,21.982821,21.982821,0
2025-07-28,21.710827,21.710827,21.710827,21.710827,0
2025-07-29,21.720543,21.720543,21.720543,21.720543,0
2025-07-30,21.526262,21.526262,21.526262,21.526262,0
2025-07-31,21.341696,21.341696,21.341696,21.341696,0
2025-08-01,21.273697,21.273697,21.273697,21.273697,0
2025-08-04,21.555405,21.555405,21.555405,21.555405,0
2025-08-05,21.594259,21.594259,21.594259,21.594259,0
2025-08-06,21.730255,21.730255,21.730255,21.730255,0
2025-08-07,21.914822,21.914822,21.914822,21.914822,0
2025-08-08,21.963394,21.963394,21.963394,21.963394,0
2025-08-11,21.895395,21.895395,21.895395,21.895395,0
2025-08-12,22.128532,22.128532,22.128532,22.128532,0
2025-08-13,22.27424,22.27424,22.27424,22.27424,0
2025-08-14,22.196529,22.196529,22.196529,22.196529,0
2025-08-15,22.283957,22.283957,22.283957,22.283957,0
2025-08-18,22.303385,22.303385,22.303385,22.303385,0
2025-08-19,22.235386,22.235386,22.235386,22.235386,0
2025-08-20,22.264528,22.264528,22.264528,22.264528,0
2025-08-21,22.196529,22.196529,22.196529,22.196529,0
2025-08-22,22.526804,22.526804,22.526804,22.526804,0
2025-08-25,22.322811,22.322811,22.322811,22.322811,0
2025-08-26,22.332525,22.332525,22.332525,22.332525,0
2025-08-27,22.264528,22.264528,22.264528,22.264528,0
2025-08-28,22.351954,22.351954,22.351954,22.351954,0
2025-08-29,22.235386,22.235386,22.235386,22.235386,0
2025-09-02,22.089674,22.089674,22.089674,22.089674,0
2025-09-03,22.138247,22.138247,22.138247,22.138247,0
2025-09-04,22.225674,22.225674,22.225674,22.225674,0
2025-09-05,22.36167,22.36167,22.36167,22.36167,0
2025-09-08,22.555946,22.555946,22.555946,22.555946,0
2025-09-09,22.555946,22.555946,22.555946,22.555946,0
2025-09-10,22.614233,22.614233,22.614233,22.614233,0
2025-09-11,22.837654,22.837654,22.837654,22.837654,0
2025-09-12,22.789083,22.789083,22.789083,22.789083,0
2025-09-15,22.934793,22.934793,22.934793,22.934793,0
2025-09-16,22.993078,22.993078,22.993078,22.993078,0
2025-09-17,22.934793,22.934793,22.934793,22.934793,0
2025-09-18,22.993078,22.993078,22.993078,22.993078,0
2025-09-19,22.914032,22.914032,22.914032,22.914032,0
2025-09-22,23.001862,23.001862,23.001862,23.001862,0
2025-09-23,22.962828,22.962828,22.962828,22.962828,0
2025-09-24,22.845718,22.845718,22.845718,22.845718,0
2025-09-25,22.709093,22.709093,22.709093,22.709093,0
2025-09-26,22.767647,22.767647,22.767647,22.767647,0
2025-09-29,22.894512,22.894512,22.894512,22.894512,0
2025-09-30,23.040897,23.040897,23.040897,23.040897,0
2025-10-01,23.177523,23.177523,23.177523,23.177523,0
2025-10-02,23.226316,23.226316,23.226316,23.226316,0
2025-10-03,23.372702,23.372702,23.372702,23.372702,0
2025-10-06,23.460535,23.460535,23.460535,23.460535,0
2025-10-07,23.255594,23.255594,23.255594,23.255594,0
2025-10-08,23.362944,23.362944,23.362944,23.362944,0
2025-10-09,23.177523,23.177523,23.177523,23.177523,0
2025-10-10,22.621262,22.621262,22.621262,22.621262,0
2025-10-13,22.962828,22.962828,22.962828,22.962828,0
2025-10-14,22.943308,22.943308,22.943308,22.943308,0
2025-10-15,23.148247,23.148247,23.148247,23.148247,0
2025-10-16,23.236078,23.236078,23.236078,23.236078,0
2025-10-17,23.226316,23.226316,23.226316,23.226316,0
2025-10-20,23.441015,23.441015,23.441015,23.441015,0
2025-10-21,23.265354,23.265354,23.265354,23.265354,0
2025-10-22,23.236078,23.236078,23.236078,23.236078,0
2025-10-23,23.392221,23.392221,23.392221,23.392221,0
2025-10-24,23.470291,23.470291,23.470291,23.470291,0
2025-10-27,23.655712,23.655712,23.655712,23.655712,0
2025-10-28,23.645954,23.645954,23.645954,23.645954,0
2025-10-29,23.519085,23.519085,23.519085,23.519085,0
2025-10-30,23.421497,23.421497,23.421497,23.421497,0
2025-10-31,23.392221,23.392221,23.392221,23.392221,0
2025-11-03,23.470291,23.470291,23.470291,23.470291,0
2025-11-04,23.148247,23.148247,23.148247,23.148247,0
2025-11-05,23.275114,23.275114,23.275114,23.275114,0
2025-11-06,23.187281,23.187281,23.187281,23.187281,0
2025-11-07,23.21656,23.21656,23.21656,23.21656,0
2025-11-10,23.509327,23.509327,23.509327,23.509327,0
2025-11-11,23.616678,23.616678,23.616678,23.616678,0
2025-11-12,23.733786,23.733786,23.733786,23.733786,0
2025-11-13,23.499569,23.499569,23.499569,23.499569,0
2025-11-14,23.441015,23.441015,23.441015,23.441015,0
2025-11-17,23.187281,23.187281,23.187281,23.187281,0
2025-11-18,22.953068,22.953068,22.953068,22.953068,0
2025-11-19,22.894512,22.894512,22.894512,22.894512,0
2025-11-20,22.582228,22.582228,22.582228,22.582228,0
2025-11-21,22.816442,22.816442,22.816442,22.816442,0
2025-11-24,22.923788,22.923788,22.923788,22.923788,0
2025-11-25,23.118971,23.118971,23.118971,23.118971,0
2025-11-26,23.362944,23.362944,23.362944,23.362944,0
2025-11-28,23.450775,23.450775,23.450775,23.450775,0
2025-12-01,23.362944,23.362944,23.362944,23.362944,0
2025-12-02,23.441015,23.441015,23.441015,23.441015,0
2025-12-03,23.509327,23.509327,23.509327,23.509327,0
2025-12-04,23.558123,23.558123,23.558123,23.558123,0
2025-12-05,23.606918,23.606918,23.606918,23.606918,0
2025-12-08,23.558123,23.558123,23.558123,23.558123,0
2025-12-09,23.509327,23.509327,23.509327,23.509327,0
2025-12-10,23.77282,23.77282,23.77282,23.77282,0
2025-12-11,23.821615,23.821615,23.821615,23.821615,0
2025-12-12,23.684992,23.684992,23.684992,23.684992,0
2025-12-15,23.7533,23.7533,23.7533,23.7533,0
2025-12-16,23.597158,23.597158,23.597158,23.597158,0
2025-12-17,23.460535,23.460535,23.460535,23.460535,0
2025-12-18,23.645954,23.645954,23.645954,23.645954,0
2025-12-19,23.786047,23.786047,23.786047,23.786047,0
2025-12-22,23.935081,23.935081,23.935081,23.935081,0
2025-12-23,24.094053,24.094053,24.094053,24.094053,0
2025-12-24,24.103991,24.103991,24.103991,24.103991,0
2025-12-26,24.163603,24.163603,24.163603,24.163603,0
2025-12-29,24.103991,24.103991,24.103991,24.103991,0
2025-12-30,24.133799,24.133799,24.133799,24.133799,0
2025-12-31,24.074183,24.074183,24.074183,24.074183,0
2026-01-02,24.392122,24.392122,24.392122,24.392122,0
2026-01-05,24.640516,24.640516,24.640516,24.640516,0
2026-01-06,24.759745,24.759745,24.759745,24.759745,0
2026-01-07,24.640516,24.640516,24.640516,24.640516,0
2026-01-08,24.650452,24.650452,24.650452,24.650452,0
2026-01-09,24.829292,24.829292,24.829292,24.829292,0
2026-01-12,25.037945,25.037945,25.037945,25.037945,0
2026-01-13,24.938587,24.938587,24.938587,24.938587,0
2026-01-14,24.998203,24.998203,24.998203,24.998203,0
2026-01-15,25.087622,25.087622,25.087622,25.087622,0
2026-01-16,25.087622,25.087622,25.087622,25.087622,0
2026-01-20,24.789553,24.789553,24.789553,24.789553,0
2026-01-21,25.008139,25.008139,25.008139,25.008139,0
2026-01-22,25.216785,25.216785,25.216785,25.216785,0
2026-01-23,25.355886,25.355886,25.355886,25.355886,0
2026-01-26,25.465179,25.465179,25.465179,25.465179,0
2026-01-27,25.852671,25.852671,25.852671,25.852671,0
2026-01-28,25.793055,25.793055,25.793055,25.793055,0
2026-01-29,25.8328,25.8328,25.8328,25.8328,0
2026-01-30,25.455246,25.455246,25.455246,25.455246,0
2026-02-02,25.524794,25.524794,25.524794,25.524794,0
2026-02-03,25.64402,25.64402,25.64402,25.64402,0
2026-02-04,25.614216,25.614216,25.614216,25.614216,0
2026-02-05,25.316143,25.316143,25.316143,25.316143,0
2026-02-06,25.852671,25.852671,25.852671,25.852671,0
2026-02-09,26.230227,26.230227,26.230227,26.230227,0
2026-02-10,26.26997,26.26997,26.26997,26.26997,0
2026-02-11,26.468683,26.468683,26.468683,26.468683,0
2026-02-12,26.20042,26.20042,26.20042,26.20042,0
2026-02-13,26.279907,26.279907,26.279907,26.279907,0
2026-02-17,26.250097,26.250097,26.250097,26.250097,0
2026-02-18,26.349457,26.349457,26.349457,26.349457,0
2026-02-19,26.319649,26.319649,26.319649,26.319649,0
2026-02-20,26.587912,26.587912,26.587912,26.587912,0
2026-02-23,26.438877,26.438877,26.438877,26.438877,0
2026-02-24,26.627653,26.627653,26.627653,26.627653,0
2026-02-25,26.856176,26.856176,26.856176,26.856176,0
2026-02-26,26.806498,26.806498,26.806498,26.806498,0
2026-02-27,26.806498,26.806498,26.806498,26.806498,0
2026-03-02,26.409069,26.409069,26.409069,26.409069,0
2026-03-03,25.475115,25.475115,25.475115,25.475115,0
2026-03-04,25.574472,25.574472,25.574472,25.574472,0
2026-03-05,25.236656,25.236656,25.236656,25.236656,0
2026-03-06,24.998203,24.998203,24.998203,24.998203,0
2026-03-09,25.147238,25.147238,25.147238,25.147238,0
2026-03-10,25.29627,25.29627,25.29627,25.29627,0
2026-03-11,25.266464,25.266464,25.266464,25.266464,0
2026-03-12,24.739874,24.739874,24.739874,24.739874,0
2026-03-13,24.521288,24.521288,24.521288,24.521288,0
2026-03-16,24.968393,24.968393,24.968393,24.968393,0
2026-03-17,25.077686,25.077686,25.077686,25.077686,0
2026-03-18,24.690197,24.690197,24.690197,24.690197,0
2026-03-19,24.600775,24.600775,24.600775,24.600775,0
2026-03-20,23.922667,23.922667,23.922667,23.922667,0
2026-03-23,24.370098,24.370098,24.370098,24.370098,0
2026-03-24,24.27067,24.27067,24.27067,24.27067,0
2026-03-25,24.6485,24.6485,24.6485,24.6485,0
2026-03-26,24.051926,24.051926,24.051926,24.051926,0
2026-03-27,23.872953,23.872953,23.872953,23.872953,0
2026-03-30,23.823236,23.823236,23.823236,23.823236,0
2026-03-31,24.489412,24.489412,24.489412,24.489412,0
2026-04-01,24.897074,24.897074,24.897074,24.897074,0
2026-04-02,24.728045,24.728045,24.728045,24.728045,0
2026-04-06,24.837414,24.837414,24.837414,24.837414,0
2026-04-07,24.867245,24.867245,24.867245,24.867245,0
2026-04-08,25.94108,25.94108,25.94108,25.94108,0
2026-04-09,25.911251,25.911251,25.911251,25.911251,0
2026-04-10,25.951023,25.951023,25.951023,25.951023,0
2026-04-13,26.139938,26.139938,26.139938,26.139938,0
2026-04-14,26.338797,26.338797,26.338797,26.338797,0
2026-04-15,26.368626,26.368626,26.368626,26.368626,0
2026-04-16,26.378569,26.378569,26.378569,26.378569,0
2026-04-17,26.686798,26.686798,26.686798,26.686798,0
2026-04-20,26.587368,26.587368,26.587368,26.587368,0
2026-04-21,26.209539,26.209539,26.209539,26.209539,0
2026-04-22,26.34874,26.34874,26.34874,26.34874,0
2026-04-23,26.120052,26.120052,26.120052,26.120052,0
2026-04-24,26.308966,26.308966,26.308966,26.308966,0
2026-04-27,26.269196,26.269196,26.269196,26.269196,0
2026-04-28,26.139938,26.139938,26.139938,26.139938,0
2026-04-29,26.030567,26.030567,26.030567,26.030567,0
2026-04-30,26.48794,26.48794,26.48794,26.48794,0
2026-05-01,26.418339,26.418339,26.418339,26.418339,0
2026-05-04,26.318911,26.318911,26.318911,26.318911,0
2026-05-05,26.607254,26.607254,26.607254,26.607254,0
2026-05-06,27.293318,27.293318,27.293318,27.293318,0
2026-05-07,27.004972,27.004972,27.004972,27.004972,0
2026-05-08,27.183945,27.183945,27.183945,27.183945,0
2026-05-11,27.223717,27.223717,27.223717,27.223717,0
2026-05-12,26.945316,26.945316,26.945316,26.945316,0
2026-05-13,27.164059,27.164059,27.164059,27.164059,0
2026-05-14,27.154116,27.154116,27.154116,27.154116,0
2026-05-15,26.537655,26.537655,26.537655,26.537655,0
2026-05-18,26.656969,26.656969,26.656969,26.656969,0
2026-05-19,26.428282,26.428282,26.428282,26.428282,0
2026-05-20,26.776287,26.776287,26.776287,26.776287,0
2026-05-21,26.985086,26.985086,26.985086,26.985086,0
2026-05-22,26.985086,26.985086,26.985086,26.985086,0
2026-05-26,27.452404,27.452404,27.452404,27.452404,0
2026-05-27,27.382805,27.382805,27.382805,27.382805,0
2026-05-28,27.432518,27.432518,27.432518,27.432518,0
2026-05-29,27.482231,27.482231,27.482231,27.482231,0
2026-06-01,27.601547,27.601547,27.601547,27.601547,0
2026-06-02,27.770576,27.770576,27.770576,27.770576,0
2026-06-03,27.551832,27.551832,27.551832,27.551832,0
2026-06-04,27.561775,27.561775,27.561775,27.561775,0
2026-06-05,26.567482,26.567482,26.567482,26.567482,0
2026-06-08,26.676855,26.676855,26.676855,26.676855,0
2026-06-09,26.756399,26.756399,26.756399,26.756399,0
2026-06-10,26.328854,26.328854,26.328854,26.328854,0
2026-06-11,27.154116,27.154116,27.154116,27.154116,0
2026-06-12,27.352976,27.352976,27.352976,27.352976,0
2026-06-15,27.730804,27.730804,27.730804,27.730804,0
2026-06-16,27.601547,27.601547,27.601547,27.601547,0
2026-06-17,27.452404,27.452404,27.452404,27.452404,0
2026-06-18,27.827835,27.827835,27.827835,27.827835,0
2026-06-22,27.877758,27.877758,27.877758,27.877758,0
2026-06-23,27.029045,27.029045,27.029045,27.029045,0
2026-06-24,27.029045,27.029045,27.029045,27.029045,0
2026-06-25,27.228743,27.228743,27.228743,27.228743,0
2026-06-26,27.029045,27.029045,27.029045,27.029045,0
2026-06-29,27.268681,27.268681,27.268681,27.268681,0
2026-06-30,27.428438,27.428438,27.428438,27.428438,0
2026-07-01,27.03903,27.03903,27.03903,27.03903,0
2026-07-02,27.108923,27.108923,27.108923,27.108923,0
2026-07-06,27.608168,27.608168,27.608168,27.608168,0
2026-07-07,27.138878,27.138878,27.138878,27.138878,0
2026-07-08,27.059,27.059,27.059,27.059,0
2026-07-09,27.198788,27.198788,27.198788,27.198788,0
2026-07-10,27.30862,27.30862,27.30862,27.30862,0
2026-07-13,26.839331,26.839331,26.839331,26.839331,0
2026-07-14,27.088953,27.088953,27.088953,27.088953,0
2026-07-15,27.238728,27.238728,27.238728,27.238728,0
2026-07-16,26.969135,26.969135,26.969135,26.969135,0
2026-07-17,26.759453,26.759453,26.759453,26.759453,0
2026-07-20,26.58971,26.58971,26.58971,26.58971,0
2026-07-21,27.07897,27.07897,27.07897,27.07897,0
2026-07-22,27.07897,27.07897,27.07897,27.07897,0
2026-07-23,26.839331,26.839331,26.839331,26.839331,0
2026-07-24,26.699543,26.699543,26.699543,26.699543,0
2026-07-27,26.839331,26.839331,26.839331,26.839331,0
2026-07-28,26.64962,26.64962,26.64962,26.64962,0
2026-07-29,26.409983,26.409983,26.409983,26.409983,0
2026-07-30,27.138878,27.138878,27.138878,27.138878,0
2026-07-31,27.158848,27.158848,27.158848,27.158848,0
2026-08-03,27.338575,27.338575,27.338575,27.338575,0
2026-08-04,27.727985,27.727985,27.727985,27.727985,0
2026-08-05,27.718,27.718,27.718,27.718,0
2026-08-06,27.638123,27.638123,27.638123,27.638123,0
2026-08-07,27.907715,27.907715,27.907715,27.907715,0
2026-08-10,27.81785,27.81785,27.81785,27.81785,0
2026-08-11,27.827835,27.827835,27.827835,27.827835,0
2026-08-12,28.017546,28.017546,28.017546,28.017546,0
2026-08-13,28.10741,28.10741,28.10741,28.10741,0
2026-08-14,28.097425,28.097425,28.097425,28.097425,0
2026-08-17,28.14735,28.14735,28.14735,28.14735,0
2026-08-18,27.718,27.718,27.718,27.718,0
2026-08-19,27.81785,27.81785,27.81785,27.81785,0
2026-08-20,27.827835,27.827835,27.827835,27.827835,0
2026-08-21,28.117395,28.117395,28.117395,28.117395,0
2026-08-24,27.937668,27.937668,27.937668,27.937668,0
2026-08-25,28.197275,28.197275,28.197275,28.197275,0
2026-08-26,28.137365,28.137365,28.137365,28.137365,0
2026-08-27,28.177303,28.177303,28.177303,28.177303,0
2026-08-28,28.027531,28.027531,28.027531,28.027531,0
2026-08-31,27.997578,27.997578,27.997578,27.997578,0
2026-09-01,27.807865,27.807865,27.807865,27.807865,0
2026-09-02,27.897728,27.897728,27.897728,27.897728,0
2026-09-03,28.217245,28.217245,28.217245,28.217245,0
2026-09-04,28.277153,28.277153,28.277153,28.277153,0
2026-09-08,28.237215,28.237215,28.237215,28.237215,0
2026-09-09,28.037516,28.037516,28.037516,28.037516,0
2026-09-10,27.708015,27.708015,27.708015,27.708015,0
2026-09-11,27.917698,27.917698,27.917698,27.917698,0
2026-09-14,27.568228,27.568228,27.568228,27.568228,0
2026-09-15,27.428438,27.428438,27.428438,27.428438,0
2026-09-16,27.338575,27.338575,27.338575,27.338575,0
2026-09-17,27.718,27.718,27.718,27.718,0
2026-09-18,27.610001,27.610001,27.610001,27.610001,0
2026-09-21,27.99,27.99,27.99,27.99,0
2026-09-22,28.059999,28.059999,28.059999,28.059999,0
2026-09-23,27.639999,27.639999,27.639999,27.639999,0
2026-09-24,27.459999,27.459999,27.459999,27.459999,0
2026-09-25,27.709999,27.709999,27.709999,27.709999,0
2026-09-28,27.469999,27.469999,27.469999,27.469999,0
2026-09-29,27.469999,27.469999,27.469999,27.469999,0
2026-09-30,27.27,27.27,27.27,27.27,0
2026-10-01,27.15,27.15,27.15,27.15,0
2026-10-02,27.42,27.42,27.42,27.42,0
