Date,Open,High,Low,Close,Volume
2005-03-10,14.324458,14.381414,14.224785,14.284589,108200
2005-03-11,14.34724,14.418435,14.264654,14.267501,184400
2005-03-14,14.227635,14.270352,14.125113,14.18207,112800
2005-03-15,14.025435,14.056761,13.868806,13.874502,127800
2005-03-16,13.848878,13.888747,13.740661,13.7549,196400
2005-03-17,13.740657,13.931459,13.73781,13.86596,243800
2005-03-18,13.925767,13.925767,13.811854,13.885897,75400
2005-03-21,13.757743,13.757743,13.646678,13.712178,81000
2005-03-22,13.757747,13.803312,13.455879,13.492901,68000
2005-03-23,13.407466,13.46727,13.353357,13.370444,54000
2005-03-24,13.33057,13.413155,13.324874,13.327722,113600
2005-03-28,13.384688,13.427406,13.313493,13.373297,66000
2005-03-29,13.242293,13.273619,13.048642,13.082815,51400
2005-03-30,13.210967,13.367596,13.15401,13.367596,177000
2005-03-31,13.532771,13.558401,13.384685,13.441641,180800
2005-04-01,13.703631,13.703631,13.413155,13.455873,142200
2005-04-04,13.541312,13.54416,13.435944,13.529921,43800
2005-04-05,13.541311,13.615354,13.461573,13.498594,70200
2005-04-06,13.621049,13.692244,13.598266,13.623897,96000
2005-04-07,13.612513,13.715034,13.549862,13.680861,48600
2005-04-08,13.669465,13.683703,13.569792,13.569792,62200
2005-04-11,13.669458,13.669458,13.598263,13.621046,89000
2005-04-12,13.589725,13.640985,13.438791,13.640985,252000
2005-04-13,13.652376,13.669463,13.50429,13.529921,58800
2005-04-14,13.393223,13.393223,13.185333,13.185333,97400
2005-04-15,13.14262,13.14262,12.892013,12.963208,224600
2005-04-18,12.929036,12.963209,12.857841,12.929036,86200
2005-04-19,13.099904,13.193882,13.099904,13.188187,107200
2005-04-20,13.15116,13.165399,12.971748,12.980292,60800
2005-04-21,13.171097,13.273618,13.091358,13.273618,154200
2005-04-22,13.259381,13.270771,13.128381,13.179642,35600
2005-04-25,13.199573,13.302094,13.154008,13.302094,67800
2005-04-26,13.253683,13.327725,13.213814,13.219508,123800
2005-04-27,13.202423,13.213815,13.099902,13.156858,77200
2005-04-28,13.122682,13.122682,12.886313,12.886313,62400
2005-04-29,13.097057,13.128382,12.934731,13.128382,40800
2005-05-02,13.156861,13.193882,13.102752,13.188187,61200
2005-05-03,13.099902,13.17964,13.097054,13.097054,117600
2005-05-04,13.256528,13.564092,13.256528,13.5527,622200
2005-05-05,13.595422,13.672312,13.467271,13.561248,222000
2005-05-06,13.589721,13.723567,13.572634,13.626741,251000
2005-05-09,13.566947,13.697946,13.470122,13.672316,248400
2005-05-10,13.507134,13.555546,13.384678,13.390374,148000
2005-05-11,13.427401,13.470117,13.330575,13.46727,41200
2005-05-12,13.441638,13.487203,13.188184,13.228053,106000
2005-05-13,13.267922,13.285009,13.102749,13.196727,83800
2005-05-16,13.182487,13.316333,13.151161,13.285008,42600
2005-05-17,13.247987,13.33342,13.185335,13.302094,139200
2005-05-18,13.361896,13.686546,13.361896,13.626741,518800
2005-05-19,13.586878,13.615357,13.518531,13.569792,54400
2005-05-20,13.478663,13.501445,13.398923,13.441641,70800
2005-05-23,13.418851,13.490046,13.361894,13.455873,56000
2005-05-24,13.441639,13.458725,13.356205,13.453031,49200
2005-05-25,13.455877,13.455877,13.316334,13.401769,64200
2005-05-26,13.461568,13.515676,13.413155,13.455873,45600
2005-05-27,13.572637,13.638136,13.544159,13.629593,69000
2005-05-31,13.598264,13.601112,13.470113,13.509982,130200
2005-06-01,13.384685,13.603966,13.356207,13.584031,194800
2005-06-02,13.623896,13.703634,13.59257,13.703634,271400
2005-06-03,13.703636,13.811852,13.635289,13.669462,46000
2005-06-06,13.754895,13.80046,13.692244,13.789068,91800
2005-06-07,13.763442,13.826093,13.709333,13.717876,228200
2005-06-08,13.76629,13.786225,13.655226,13.658073,52000
2005-06-09,13.692249,13.771987,13.640988,13.7549,81600
2005-06-10,13.848869,13.854565,13.697935,13.763435,69600
2005-06-13,13.746357,13.803313,13.697944,13.7549,112600
2005-06-14,13.760593,13.809006,13.740659,13.806158,45800
2005-06-15,13.945697,14.002652,13.860262,14.002652,59200
2005-06-16,14.02829,14.236181,14.02829,14.213398,88600
2005-06-17,14.204851,14.264655,14.15359,14.258959,61400
2005-06-20,14.210545,14.264652,14.122262,14.210545,333000
2005-06-21,14.167826,14.167826,14.11087,14.127957,120600
2005-06-22,14.261808,14.261808,14.176373,14.241873,63800
2005-06-23,14.244716,14.256108,13.957087,14.031131,129400
2005-06-24,14.059609,14.079544,13.954241,13.954241,49000
2005-06-27,14.005498,14.070998,13.954238,14.011194,124400
2005-06-28,14.062458,14.150739,14.033979,14.125109,35600
2005-06-29,14.048222,14.079547,13.991266,14.079547,136400
2005-06-30,14.093788,14.096635,13.954245,13.977028,87600
2005-07-01,14.110869,14.12226,13.999805,14.105173,23200
2005-07-05,13.925763,14.127957,13.846024,14.127957,233400
2005-07-06,13.996964,14.071006,13.982724,14.019746,174200
2005-07-07,13.891586,14.01689,13.814695,14.011194,71600
2005-07-08,14.011204,14.113725,13.982725,14.096638,35400
2005-07-11,14.182067,14.375718,14.182067,14.324457,96200
2005-07-12,14.395654,14.523806,14.395654,14.498176,57200
2005-07-13,14.486789,14.509572,14.452615,14.495333,42200
2005-07-14,14.688974,14.691822,14.518105,14.583605,66600
2005-07-15,14.509565,14.549434,14.452608,14.512412,57800
2005-07-18,14.503866,14.555126,14.47254,14.47254,51800
2005-07-19,14.540893,14.623479,14.495328,14.620631,28200
2005-07-20,14.600701,14.765873,14.57507,14.745938,199200
2005-07-21,14.731694,14.888323,14.626325,14.851302,184000
2005-07-22,14.896866,14.896866,14.740235,14.874083,51000
2005-07-25,14.811434,14.848456,14.623479,14.623479,138800
2005-07-26,14.64057,14.714612,14.609244,14.706069,106200
2005-07-27,14.748779,14.819974,14.666192,14.808582,105400
2005-07-28,14.922496,15.087668,14.894017,15.076277,74000
2005-07-29,14.979451,15.025016,14.936735,14.950974,202800
2005-08-01,15.138925,15.178794,15.050643,15.124686,273000
2005-08-02,15.318343,15.435103,15.318343,15.429407,111000
2005-08-03,15.452191,15.500604,15.403779,15.457887,111800
2005-08-04,15.420865,15.437951,15.3098,15.33543,72600
2005-08-05,15.281322,15.281322,15.03641,15.093367,102000
2005-08-08,15.215822,15.34967,15.076279,15.093367,87000
2005-08-09,15.398083,15.543322,15.372453,15.543322,66400
2005-08-10,15.551858,15.714183,15.452184,15.477815,124800
2005-08-11,15.614514,15.651535,15.477818,15.583188,270800
2005-08-12,15.472122,15.543317,15.272775,15.437947,625000
2005-08-15,15.429406,15.517689,15.341124,15.506297,77000
2005-08-16,15.480665,15.651533,15.204428,15.249992,241800
2005-08-17,15.343969,15.361056,15.27847,15.306948,73400
2005-08-18,15.147471,15.147471,15.022168,15.047798,58800
2005-08-19,15.096219,15.127545,14.942438,15.007937,107000
2005-08-22,15.247146,15.298406,15.136082,15.210124,98000
2005-08-23,15.136078,15.136078,14.950971,15.025013,104400
2005-08-24,14.925346,14.996541,14.800043,14.834216,65200
2005-08-25,14.979457,15.06774,14.902567,15.059196,76600
2005-08-26,15.007934,15.007934,14.894021,14.894021,60000
2005-08-29,14.896863,15.062035,14.819972,15.036405,120400
2005-08-30,14.845606,14.919648,14.797192,14.879779,493400
2005-08-31,14.985146,15.173101,14.919647,15.164558,70200
2005-09-01,15.26708,15.355361,15.227211,15.31834,105000
2005-09-02,15.463576,15.509141,15.423707,15.455033,100800
2005-09-06,15.577495,15.657234,15.520539,15.631603,329000
2005-09-07,15.60882,15.671471,15.577494,15.662928,137200
2005-09-08,15.705642,15.714185,15.600272,15.66862,71400
2005-09-09,15.714181,15.876505,15.714181,15.862267,97800
2005-09-12,15.856574,15.86227,15.782531,15.822401,100400
2005-09-13,15.799625,15.799625,15.694256,15.717038,128000
2005-09-14,15.805314,15.833792,15.748358,15.788227,83200
2005-09-15,15.845181,15.84803,15.776834,15.842334,96600
2005-09-16,15.919225,15.964789,15.842334,15.964789,123000
2005-09-19,15.924922,16.010357,15.87651,15.99327,83200
2005-09-20,16.098635,16.149895,15.976179,16.004658,316600
2005-09-21,16.027442,16.110029,15.996116,16.061617,102200
2005-09-22,16.033137,16.602698,15.919226,16.044529,83800
2005-09-23,15.836641,15.930618,15.773989,15.916379,96000
2005-09-26,16.047376,16.129963,15.956247,16.129963,238200
2005-09-27,16.090097,16.101488,15.947707,15.998967,104000
2005-09-28,16.12427,16.12427,16.021749,16.095793,72600
2005-09-29,16.263813,16.428985,16.209704,16.389116,306600
2005-09-30,16.37487,16.420435,16.309371,16.411892,544200
2005-10-03,16.383416,16.437525,16.332155,16.332155,329600
2005-10-04,16.511568,16.511568,16.303679,16.303679,186200
2005-10-05,16.243879,16.243879,15.961945,15.998967,150400
2005-10-06,15.859428,15.859428,15.335432,15.497757,257000
2005-10-07,15.734128,15.768301,15.65439,15.725585,143200
2005-10-10,15.959094,15.959094,15.745509,15.762595,149600
2005-10-11,15.996116,15.996116,15.816706,15.833792,152200
2005-10-12,15.805318,15.805318,15.483516,15.549015,147800
2005-10-13,15.34967,15.34967,15.173105,15.315495,144000
2005-10-14,15.412319,15.412319,15.178799,15.392385,132000
2005-10-17,15.492061,15.492061,15.429409,15.463582,212200
2005-10-18,15.33543,15.33543,15.042106,15.093367,185800
2005-10-19,14.859849,15.099065,14.757328,15.099065,358200
2005-10-20,15.141775,15.349666,14.59215,14.606389,203000
2005-10-21,15.022174,15.099065,14.899718,15.087673,159200
2005-10-24,15.136081,15.437948,15.136081,15.426557,121000
2005-10-25,15.232906,15.326883,15.067733,15.116146,105600
2005-10-26,15.173108,15.338281,15.14463,15.247151,94800
2005-10-27,15.190191,15.190191,14.822824,14.822824,114000
2005-10-28,15.067737,15.19304,14.976607,15.19304,156000
2005-10-31,15.33258,15.514839,15.33258,15.483513,138000
2005-11-01,15.600276,15.662928,15.500603,15.591733,141800
2005-11-02,15.725581,15.94771,15.697103,15.924927,142600
2005-11-03,15.959101,16.070165,15.896449,15.930622,182600
2005-11-04,15.944858,15.944858,15.691402,15.890749,174400
2005-11-07,15.876511,15.876511,15.739816,15.867968,99800
2005-11-08,15.694251,15.816707,15.685708,15.77399,175000
2005-11-09,15.845187,15.976185,15.77684,15.961946,86000
2005-11-10,15.947708,16.041686,15.793927,16.016056,121400
2005-11-11,16.11288,16.184076,15.990425,16.166988,99400
2005-11-14,16.166994,16.166994,16.098646,16.138515,154200
2005-11-15,16.09864,16.164139,15.998967,15.998967,105000
2005-11-16,16.132814,16.186921,16.070161,16.161291,87000
2005-11-17,16.306528,16.397659,16.306528,16.372028,94000
2005-11-18,16.443219,16.443219,16.354937,16.431828,121200
2005-11-21,16.417597,16.460313,16.369184,16.457466,142600
2005-11-22,16.212545,16.411892,16.161285,16.411892,122800
2005-11-23,16.562833,16.730853,16.500181,16.69668,137600
2005-11-25,16.639726,16.682444,16.631183,16.653965,105800
2005-11-28,16.708067,16.708067,16.540048,16.559982,108000
2005-11-29,16.628332,16.651115,16.483094,16.511572,120400
2005-11-30,16.582759,16.608389,16.551433,16.562824,149400
2005-12-01,16.713767,16.978613,16.713767,16.924505,104200
2005-12-02,16.955825,17.004237,16.898868,16.93589,147600
2005-12-05,16.987155,17.01848,16.887481,16.961525,466800
2005-12-06,17.035571,17.277635,17.035571,17.172266,167600
2005-12-07,17.243453,17.246302,17.012782,17.055498,197400
2005-12-08,17.044108,17.101064,16.981457,16.981457,147000
2005-12-09,16.990003,17.064046,16.944439,17.027025,174200
2005-12-12,17.26055,17.26055,17.172268,17.212137,142800
2005-12-13,17.206436,17.360217,17.138089,17.326044,215800
2005-12-14,17.260545,17.263392,17.200741,17.257696,134800
2005-12-15,17.249155,17.260546,17.169417,17.209286,168000
2005-12-16,17.251997,17.251997,17.135236,17.14378,128600
2005-12-19,17.323198,17.365914,17.186502,17.186502,241400
2005-12-20,17.254843,17.351669,17.229213,17.271931,230800
2005-12-21,17.471281,17.653542,17.471281,17.531086,188400
2005-12-22,17.525393,17.602284,17.511155,17.514002,172200
2005-12-23,17.610825,17.716194,17.602282,17.636456,134800
2005-12-27,17.684853,17.72253,17.513858,17.516756,255200
2005-12-28,17.589222,17.589222,17.493582,17.52836,230000
2005-12-29,17.690656,17.722536,17.621098,17.670368,192800
2005-12-30,17.679061,17.797888,17.571828,17.644283,363600
2006-01-03,18.05003,18.255803,17.948593,18.229719,726600
2006-01-04,18.360137,18.481862,18.360137,18.467371,458200
2006-01-05,18.534034,18.534034,18.403615,18.484764,553600
2006-01-06,18.780379,18.849936,18.676044,18.786175,567400
2006-01-09,18.957169,18.989048,18.876018,18.948473,699600
2006-01-10,18.713717,18.789071,18.64416,18.780376,393800
2006-01-11,18.86733,18.983258,18.748504,18.913702,843200
2006-01-12,18.986153,18.986153,18.699228,18.803564,612400
2006-01-13,18.858629,18.92239,18.780378,18.829647,1470400
2006-01-17,18.841237,18.910794,18.409404,18.470266,713600
2006-01-18,18.105095,18.40361,18.084807,18.374628,399000
2006-01-19,18.66735,18.910798,18.658653,18.890511,510600
2006-01-20,18.899204,18.910797,18.386221,18.38912,377600
2006-01-23,18.635471,18.693434,18.577506,18.68474,393000
2006-01-24,18.971658,19.084688,18.867323,18.942677,438800
2006-01-25,19.180331,19.186126,18.925289,18.951372,857400
2006-01-26,19.075996,19.244093,18.902104,19.241194,1479600
2006-01-27,19.452764,19.681723,19.452764,19.617962,587200
2006-01-30,19.533909,19.600566,19.41798,19.583178,481000
2006-01-31,19.632454,19.704909,19.507831,19.696215,334800
2006-02-01,19.704905,19.77736,19.644043,19.759972,382400
2006-02-02,19.583179,19.612161,19.238292,19.273071,435600
2006-02-03,19.14845,19.238294,18.913696,19.067301,432200
2006-02-06,19.319445,19.481744,19.319445,19.475946,345600
2006-02-07,19.331034,19.374508,19.026724,19.078892,379800
2006-02-08,19.055709,19.099182,18.899205,19.099182,386000
2006-02-09,19.128159,19.33683,19.090483,19.104973,217800
2006-02-10,19.270174,19.296259,18.66445,19.131062,322000
2006-02-13,18.983256,18.983256,18.664454,18.705029,395200
2006-02-14,18.823851,19.142656,18.78038,19.08469,228600
2006-02-15,18.974553,19.078888,18.870217,19.055702,228000
2006-02-16,19.139765,19.409299,19.070209,19.389011,412200
2006-02-17,19.423779,19.48754,19.345529,19.429577,369000
2006-02-21,19.513633,19.562902,19.273081,19.316555,342600
2006-02-22,19.360017,19.499129,19.302051,19.441166,276400
2006-02-23,19.461454,19.554197,19.345526,19.461454,176000
2006-02-24,19.496226,19.545498,19.449856,19.516514,308800
2006-02-27,19.681713,19.707795,19.626646,19.626646,316800
2006-02-28,19.417982,19.499131,19.215108,19.273071,466200
2006-03-01,19.525218,19.675924,19.458558,19.673025,353000
2006-03-02,19.768664,19.780257,19.638246,19.733885,282800
2006-03-03,19.583182,19.583182,19.357123,19.40929,424000
2006-03-06,19.57159,19.57159,19.12237,19.145554,333200
2006-03-07,19.02962,19.02962,18.331151,18.449978,510200
2006-03-08,18.449985,18.609386,18.119589,18.594896,394400
2006-03-09,18.713716,18.876015,18.48186,18.516638,270800
2006-03-10,18.649955,18.907895,18.597787,18.838339,335800
2006-03-13,19.055709,19.096283,18.818056,18.841242,279200
2006-03-14,19.003543,19.325245,18.849939,19.322346,234400
2006-03-15,19.32814,19.536812,19.261481,19.507828,353000
2006-03-16,19.510723,19.510723,19.345526,19.397694,206400
2006-03-17,19.490438,19.499132,19.403491,19.473049,258200
2006-03-20,19.551305,19.583185,19.461461,19.519424,205800
2006-03-21,19.461459,19.470154,19.128165,19.145554,309400
2006-03-22,19.142647,19.252778,19.061496,19.23539,307200
2006-03-23,19.293361,19.345529,19.104977,19.110775,242000
2006-03-24,19.223797,19.307845,19.148443,19.23539,258200
2006-03-27,19.333932,19.333932,19.249883,19.325237,230800
2006-03-28,19.316543,19.316543,19.032518,19.104973,205200
2006-03-29,19.104972,19.374506,19.052805,19.333931,167800
2006-03-30,19.496233,19.661431,19.377408,19.473049,253200
2006-03-31,19.594781,19.600577,19.435379,19.49914,184200
2006-04-03,19.786052,20.084569,19.707801,19.974436,309400
2006-04-04,20.139638,20.2005,20.038201,20.183111,218800
2006-04-05,20.200497,20.374392,20.186008,20.374392,1374600
2006-04-06,20.380182,20.438145,20.188902,20.339607,616200
2006-04-07,20.33961,20.380185,20.01501,20.087465,289400
2006-04-10,20.151228,20.200497,19.97154,20.058485,205600
2006-04-11,20.128039,20.157023,19.829525,19.852711,182400
2006-04-12,19.846918,19.962844,19.844019,19.959948,198800
2006-04-13,19.942555,20.058484,19.861406,19.974436,215800
2006-04-17,20.180212,20.342513,20.058488,20.209196,323000
2006-04-18,20.429449,20.86418,20.429449,20.840996,297200
2006-04-19,20.849692,21.026483,20.774338,21.023584,409200
2006-04-20,20.994607,21.043876,20.742462,20.974319,457200
2006-04-21,21.035184,21.180094,20.988812,21.055471,219400
2006-04-24,21.122122,21.122122,20.794626,20.983009,258000
2006-04-25,20.925051,20.933747,20.620741,20.696095,307400
2006-04-26,20.600453,21.101842,20.600453,21.069962,223000
2006-04-27,21.055471,21.084453,20.693195,20.948236,276600
2006-04-28,20.962722,21.067058,20.919248,21.020685,227800
2006-05-01,21.1714,21.275735,21.040979,21.078657,328800
2006-05-02,21.330799,21.443829,21.267038,21.443829,253600
2006-05-03,21.490207,21.51629,21.316315,21.458326,263800
2006-05-04,21.475714,21.710471,21.472815,21.635117,350800
2006-05-05,21.811901,21.953912,21.811901,21.910439,313400
2006-05-08,21.919144,22.174188,21.919144,22.026379,406400
2006-05-09,22.084336,22.084336,21.939425,22.049559,332400
2006-05-10,22.035055,22.037954,21.843775,21.930719,374200
2006-05-11,21.881458,21.948117,21.325003,21.388763,440200
2006-05-12,21.200378,21.249647,20.287443,20.916353,553200
2006-05-15,20.287449,20.57727,19.446969,20.313532,650800
2006-05-16,20.385979,20.53089,20.194699,20.443945,299400
2006-05-17,20.28745,20.548289,19.739689,19.794756,437200
2006-05-18,19.794746,19.890385,19.345523,19.415079,513000
2006-05-19,19.516519,19.644041,19.142652,19.641142,423800
2006-05-22,19.128156,19.128156,18.261592,18.597784,979600
2006-05-23,18.986153,19.241194,18.63547,18.652859,917200
2006-05-24,18.519538,18.823849,18.041334,18.528233,625200
2006-05-25,19.612171,19.612171,18.641272,19.119476,424600
2006-05-26,19.191927,19.270178,18.876022,19.270178,283400
2006-05-30,19.186129,19.186129,18.258703,18.258703,639400
2006-05-31,18.374627,18.734004,18.374627,18.647057,330000
2006-06-01,18.664448,19.012232,18.513741,19.012232,278400
2006-06-02,19.273067,19.478839,18.968754,19.20351,369600
2006-06-05,18.983251,18.983251,18.319561,18.374628,380200
2006-06-06,18.186242,18.365931,17.708038,18.110889,596600
2006-06-07,17.696447,18.255801,17.693548,17.861645,426400
2006-06-08,17.389236,17.389236,16.71975,17.337069,1128200
2006-06-09,17.551531,17.679051,17.137087,17.224033,941600
2006-06-12,17.244325,17.548637,16.664684,16.713953,336800
2006-06-13,16.287919,16.557452,16.180686,16.319799,747400
2006-06-14,16.085042,16.760324,16.085042,16.760324,786800
2006-06-15,17.116809,17.606606,17.053048,17.542845,1198400
2006-06-16,17.716739,17.728331,17.316786,17.432714,917800
2006-06-19,17.455896,17.467489,16.821189,16.882051,433400
2006-06-20,17.050149,17.229838,16.67628,17.122604,394000
2006-06-21,17.119702,17.568924,17.050146,17.516756,965600
2006-06-22,17.519659,17.563131,17.206652,17.357359,204400
2006-06-23,17.186366,17.493576,17.122606,17.476187,338800
2006-06-26,17.403727,17.476182,17.313884,17.389236,159200
2006-06-27,17.563132,17.618199,17.177671,17.232737,361200
2006-06-28,17.548639,17.621094,17.389237,17.621094,169000
2006-06-29,17.693549,18.61518,17.693549,18.5804,624200
2006-06-30,18.762984,18.762984,18.568805,18.629667,570000
2006-07-03,18.548517,19.099176,18.548517,19.058601,224200
2006-07-05,18.910791,19.087582,18.458671,18.49345,382400
2006-07-06,18.690531,18.873119,18.673142,18.873119,305600
2006-07-07,18.745597,18.789071,18.478961,18.560112,225400
2006-07-10,18.838342,18.89051,18.612282,18.690533,180600
2006-07-11,18.690534,18.878918,18.403612,18.878918,271800
2006-07-12,18.80936,18.80936,18.539827,18.589096,162000
2006-07-13,18.296383,18.296383,17.679064,17.876143,693000
2006-07-14,17.771801,17.832663,17.51386,17.737022,409000
2006-07-17,17.461691,17.702243,17.363152,17.513859,257200
2006-07-18,17.592114,17.760209,17.360257,17.728329,218200
2006-07-19,17.739923,18.586199,17.734126,18.586199,500600
2006-07-20,18.676045,18.676045,18.096402,18.168858,300200
2006-07-21,18.273188,18.273188,17.742817,17.786289,228200
2006-07-24,17.98337,18.667348,17.98337,18.661551,422800
2006-07-25,18.635466,18.751393,18.412303,18.702124,542200
2006-07-26,18.591994,18.606484,18.363035,18.557215,169200
2006-07-27,18.76878,19.003534,18.667343,18.731102,197600
2006-07-28,18.907898,19.18033,18.789073,19.18033,261600
2006-07-31,19.070193,19.070193,18.838336,18.974552,334400
2006-08-01,18.838342,18.838342,18.502151,18.644163,213400
2006-08-02,18.861533,19.018036,18.765892,18.916597,234000
2006-08-03,18.910799,18.939781,18.684739,18.899206,253200
2006-08-04,19.041221,19.191929,18.748503,18.893414,235000
2006-08-07,18.838344,18.910799,18.78038,18.832548,239600
2006-08-08,19.000636,19.093378,18.838337,18.887606,301200
2006-08-09,19.125268,19.246994,18.896309,18.896309,190000
2006-08-10,18.893408,19.055707,18.878916,19.038319,230400
2006-08-11,19.023832,19.023832,18.841245,18.905006,141000
2006-08-14,19.128164,19.142656,18.849937,18.922392,151400
2006-08-15,19.215111,19.351325,19.128164,19.319447,138000
2006-08-16,19.420886,19.670132,19.420886,19.646946,296000
2006-08-17,19.933859,19.939657,19.467248,19.551296,359600
2006-08-18,19.417979,19.487535,19.000637,19.44986,300400
2006-08-21,19.31944,19.31944,19.186121,19.275967,182800
2006-08-22,19.273071,19.415083,19.189023,19.246988,139800
2006-08-23,19.131062,19.293361,18.92529,18.980354,239200
2006-08-24,19.015135,19.125266,18.884716,19.000643,181200
2006-08-25,18.968756,19.128159,18.968756,19.064398,103200
2006-08-28,19.05571,19.218009,18.954273,19.171638,175000
2006-08-29,19.270177,19.299158,19.05571,19.261482,150000
2006-08-30,19.302064,19.417993,19.273083,19.389011,159000
2006-08-31,19.319441,19.377404,19.226696,19.25568,132200
2006-09-01,19.278866,19.542603,19.278866,19.522316,244000
2006-09-05,19.76287,19.765767,19.629553,19.759972,254800
2006-09-06,19.64694,19.64694,19.107873,19.168736,307200
2006-09-07,18.855726,19.197714,18.855726,18.99774,217200
2006-09-08,19.165841,19.180333,19.075997,19.171638,60000
2006-09-11,18.838343,18.92529,18.63547,18.751396,198800
2006-09-12,18.783276,19.113672,18.783276,19.08469,182800
2006-09-13,19.200615,19.374507,19.084687,19.345526,220800
2006-09-14,19.215111,19.252787,19.116571,19.191925,153200
2006-09-15,19.177432,19.345528,19.133958,19.258581,96800
2006-09-18,19.41798,19.635345,19.41798,19.568686,166800
2006-09-19,19.574483,19.574483,19.015129,19.325237,288800
2006-09-20,19.374513,19.591878,19.374513,19.548405,272800
2006-09-21,19.644042,19.644042,19.125263,19.200617,209600
2006-09-22,18.997747,19.12237,18.847039,18.994848,143600
2006-09-25,19.168737,19.186126,18.783275,19.18033,140800
2006-09-26,19.093386,19.473053,19.087591,19.417986,142400
2006-09-27,19.383201,19.48464,19.336831,19.406387,189400
2006-09-28,19.487539,19.562893,19.415084,19.562893,129600
2006-09-29,19.475949,19.545508,19.391903,19.458561,352200
2006-10-02,19.542607,19.638248,19.432476,19.481745,155000
2006-10-03,19.449856,19.449856,19.197711,19.229591,220400
2006-10-04,19.183221,19.655628,19.171628,19.60346,207400
2006-10-05,19.635345,19.928065,19.583177,19.852711,295200
2006-10-06,19.617962,19.815041,19.507829,19.736788,601000
2006-10-09,19.510727,19.786056,19.510727,19.617962,322000
2006-10-10,19.725191,19.791851,19.641143,19.791851,116200
2006-10-11,19.673025,19.794751,19.597673,19.69911,219600
2006-10-12,19.751274,20.168614,19.751274,20.162819,229200
2006-10-13,20.142532,20.25846,20.096159,20.229479,192800
2006-10-16,20.194708,20.328026,20.119354,20.287451,4348800
2006-10-17,20.22948,20.22948,19.884593,20.058485,485400
2006-10-18,20.322224,20.330918,20.107755,20.130941,188400
2006-10-19,20.130936,20.290338,20.104853,20.28454,93800
2006-10-20,20.267154,20.272949,20.093262,20.168613,257000
2006-10-23,20.055592,20.235281,20.003424,20.212095,196400
2006-10-24,20.19761,20.296148,20.148339,20.281658,175600
2006-10-25,20.310635,20.490322,20.281653,20.478731,280200
2006-10-26,20.577265,20.600451,20.406272,20.565672,222200
2006-10-27,20.420765,20.46134,20.174418,20.214993,345800
2006-10-30,20.214985,20.229477,19.965739,20.072973,192400
2006-10-31,20.345405,20.481621,20.284543,20.446844,347600
2006-11-01,20.658411,20.696089,20.388877,20.412064,216800
2006-11-02,20.362802,20.533795,20.362802,20.510609,163200
2006-11-03,20.745362,20.745362,20.577265,20.670008,265600
2006-11-06,20.797529,21.093145,20.797529,21.075756,323600
2006-11-07,21.075761,21.151115,20.959832,21.017796,468800
2006-11-08,20.95403,21.052568,20.800423,21.035179,280600
2006-11-09,21.200382,21.26704,21.011998,21.069962,462200
2006-11-10,21.156906,21.171398,21.046775,21.127924,224000
2006-11-13,21.098942,21.125024,20.991707,21.08445,242600
2006-11-14,21.365582,21.429343,21.182993,21.406157,324400
2006-11-15,21.287326,21.406154,21.238057,21.36268,344400
2006-11-16,21.385868,21.388766,21.156909,21.188789,296400
2006-11-17,21.156903,21.156903,20.867083,21.087347,352800
2006-11-20,21.119232,21.174296,20.994609,21.049673,406400
2006-11-21,21.145313,21.388763,21.145313,21.388763,302000
2006-11-22,21.577139,21.635105,21.44962,21.606123,366000
2006-11-24,21.649599,21.710463,21.478606,21.687277,173600
2006-11-27,21.751042,21.751042,21.229364,21.264143,902800
2006-11-28,21.209076,21.414848,21.119232,21.411949,324000
2006-11-29,21.635113,21.861172,21.635113,21.852478,351200
2006-11-30,21.875665,21.997389,21.739449,21.945221,362400
2006-12-01,22.023463,22.035056,21.6409,21.800303,620400
2006-12-04,21.951013,22.258225,21.916236,22.246632,390000
2006-12-05,22.249524,22.519057,22.223441,22.501669,520600
2006-12-06,22.397338,22.426319,22.266919,22.287207,595600
2006-12-07,22.385747,22.403138,22.168382,22.203161,365600
2006-12-08,22.206059,22.261124,22.078538,22.159687,808400
2006-12-11,22.1423,22.185774,22.055353,22.145199,251200
2006-12-12,21.985796,21.991591,21.730754,21.893053,472000
2006-12-13,21.919127,21.968399,21.86696,21.951008,323200
2006-12-14,22.02637,22.313292,22.02637,22.313292,392800
2006-12-15,22.423415,22.446599,22.345163,22.36545,387200
2006-12-18,22.446606,22.55384,22.171277,22.243732,360400
2006-12-19,21.852472,22.214748,21.745237,22.156782,702200
2006-12-20,22.403129,22.403129,22.159678,22.292995,516800
2006-12-21,22.455306,22.455306,22.197364,22.345173,504000
2006-12-22,22.365521,22.433357,22.253441,22.359621,503400
2006-12-26,22.504146,22.601476,22.380268,22.58083,920800
2006-12-27,22.710601,22.861022,22.666359,22.825628,265200
2006-12-28,23.005543,23.005543,22.719448,22.846273,432600
2006-12-29,22.91706,22.91706,22.763691,22.825628,566000
2007-01-03,23.085179,23.329982,22.82858,22.976051,1176000
2007-01-04,22.828583,22.843329,22.574932,22.725353,1115600
2007-01-05,22.424509,22.489397,22.017489,22.091225,1145800
2007-01-08,22.215103,22.347826,22.085327,22.33308,496200
2007-01-09,22.209199,22.209199,21.598667,21.799229,934600
2007-01-10,21.53083,21.781531,21.309623,21.737289,839200
2007-01-11,21.793337,22.215106,21.707803,22.026342,1155600
2007-01-12,22.153157,22.347818,22.046978,22.347818,403200
2007-01-16,22.533638,22.533638,22.277036,22.356672,1024000
2007-01-17,22.341926,22.415661,22.223948,22.297684,1346400
2007-01-18,22.563135,22.563135,22.150215,22.179708,724800
2007-01-19,22.344881,22.60738,22.268195,22.60738,998000
2007-01-22,22.701759,22.710606,22.465803,22.586731,616800
2007-01-23,22.633917,22.976051,22.569029,22.976051,847600
2007-01-24,23.032088,23.185459,22.899364,23.185459,652000
2007-01-25,23.032088,23.064532,22.403861,22.477596,1030000
2007-01-26,22.710598,22.710598,22.327171,22.613266,520000
2007-01-29,22.545446,22.592635,22.350782,22.430418,380200
2007-01-30,22.353725,22.672264,22.353725,22.672264,1012600
2007-01-31,22.451052,22.846275,22.365519,22.843325,2860200
2007-02-01,22.981953,23.114679,22.90232,23.073387,1995600
2007-02-02,23.123517,23.123517,22.943602,23.064528,650800
2007-02-05,23.123517,23.123517,22.937702,23.064528,1338200
2007-02-06,23.33293,23.33293,23.123521,23.312284,825200
2007-02-07,23.315236,23.406668,23.197258,23.270994,1913200
2007-02-08,23.170712,23.315235,23.005544,23.315235,1085600
2007-02-09,23.388971,23.391919,22.819731,22.908213,1126400
2007-02-12,22.95541,22.961308,22.636871,22.740101,557800
2007-02-13,22.958354,23.129421,22.893468,23.129421,563400
2007-02-14,23.270997,23.571837,23.209059,23.536446,588800
2007-02-15,23.613132,23.613132,23.400772,23.530548,545600
2007-02-16,23.557092,23.557092,23.368328,23.51285,413800
2007-02-20,23.65443,23.65738,23.388983,23.627886,524000
2007-02-21,23.565939,23.666218,23.415517,23.580685,530000
2007-02-22,23.742904,23.831388,23.627877,23.725208,453000
2007-02-23,23.719309,23.748803,23.447962,23.616079,501200
2007-02-26,23.713412,23.787148,23.386025,23.571838,491200
2007-02-27,22.863972,23.005546,21.247686,21.852318,2139400
2007-02-28,21.979144,22.57788,21.973247,22.312431,2332200
2007-03-01,21.970298,22.179707,21.324374,22.046984,1349000
2007-03-02,21.846424,22.088277,21.557379,21.589823,1348400
2007-03-05,20.837724,21.404014,20.660759,20.970448,2326200
2007-03-06,21.569169,21.973242,21.539675,21.973242,1362800
2007-03-07,21.775631,21.899507,21.616362,21.752035,664800
2007-03-08,22.218052,22.321282,22.076479,22.188559,1443800
2007-03-09,22.353722,22.356672,22.076475,22.265238,667400
2007-03-12,22.285883,22.548382,22.26229,22.486444,447600
2007-03-13,22.282942,22.338979,21.530836,21.56328,1809600
2007-03-14,21.719591,21.964394,21.345014,21.964394,988400
2007-03-15,21.982096,22.262293,21.864119,22.191505,464200
2007-03-16,22.141365,22.277038,21.91426,22.005692,340200
2007-03-19,22.386176,22.448113,22.247552,22.427467,488600
2007-03-20,22.42746,22.651617,22.356674,22.642767,1240200
2007-03-21,22.704702,23.347677,22.60737,23.291637,729200
2007-03-22,23.849082,23.849082,23.088129,23.176613,510000
2007-03-23,23.17072,23.303446,23.111733,23.22381,636800
2007-03-26,23.391925,23.391925,22.917066,23.212009,431200
2007-03-27,23.111724,23.153016,23.029141,23.085178,950400
2007-03-28,23.061591,23.061591,22.7519,22.881676,498400
2007-03-29,23.285741,23.436162,23.03799,23.321135,374400
2007-03-30,23.30049,23.433213,23.08813,23.262148,972400
2007-04-02,23.306393,23.498106,23.226759,23.465662,761800
2007-04-03,24.0231,24.0231,23.592484,23.816641,572800
2007-04-04,23.828437,23.913971,23.719307,23.896273,972000
2007-04-05,23.843187,24.029002,23.831391,23.961164,1741600
2007-04-09,24.064392,24.197117,24.049646,24.102736,530000
2007-04-10,24.179418,24.264949,24.079136,24.176468,382000
2007-04-11,24.288552,24.312148,23.955268,24.108637,890200
2007-04-12,24.161726,24.427175,23.975912,24.415377,434800
2007-04-13,24.347545,24.495016,24.259061,24.495016,277400
2007-04-16,24.763408,24.819448,24.704421,24.80175,456600
2007-04-17,24.807644,24.819442,24.559891,24.713263,1060800
2007-04-18,24.586446,24.663132,24.288553,24.598244,429000
2007-04-19,24.329836,24.433065,23.928713,24.433065,534400
2007-04-20,24.772253,24.834191,24.58939,24.7988,426000
2007-04-23,24.775202,24.775202,24.539246,24.695568,429200
2007-04-24,24.751604,24.751604,24.506801,24.713263,437200
2007-04-25,24.834186,25.064243,24.692615,25.064243,1247200
2007-04-26,24.958083,24.969881,24.725078,24.728025,761000
2007-04-27,24.542198,24.686719,24.403574,24.627731,507600
2007-04-30,24.483215,24.527457,24.067344,24.14698,484600
2007-05-01,24.335741,24.335741,24.067342,24.318043,662800
2007-05-02,24.471414,25.36509,24.412424,24.787003,1061600
2007-05-03,24.819453,25.031813,24.742768,25.031813,457200
2007-05-04,25.040655,25.170428,24.969869,25.126188,387200
2007-05-07,25.167479,25.288404,25.114389,25.214668,830200
2007-05-08,24.937415,25.028846,24.781093,24.987555,856600
2007-05-09,25.055407,25.291362,24.955127,25.288412,452600
2007-05-10,25.140933,25.149781,24.630683,24.660177,591200
2007-05-11,24.969872,25.3356,24.952174,25.306107,508600
2007-05-14,25.314947,25.362137,24.966914,25.14683,556800
2007-05-15,25.049501,25.338546,24.934473,25.15863,646200
2007-05-16,25.332641,25.562696,25.164524,25.562696,929600
2007-05-17,25.312002,25.491917,25.196975,25.415232,958200
2007-05-18,25.438827,25.595146,25.350343,25.595146,382800
2007-05-21,25.668886,25.751469,25.527314,25.65119,1299600
2007-05-22,25.721969,25.792755,25.624637,25.719019,500400
2007-05-23,25.778013,25.881242,25.491918,25.550905,744600
2007-05-24,25.424086,25.642346,24.831253,24.99642,1026800
2007-05-25,25.297268,25.488981,25.250078,25.488981,1171000
2007-05-29,25.550909,25.577455,25.220575,25.409338,412200
2007-05-30,25.037706,25.662986,24.946275,25.660036,576800
2007-05-31,25.795704,25.842895,25.66003,25.754412,433600
2007-06-01,26.10834,26.335447,26.06115,26.335447,653800
2007-06-04,26.320703,26.320703,26.087698,26.255816,620200
2007-06-05,26.176178,26.199774,25.907779,26.11129,354000
2007-06-06,25.884193,25.94318,25.527312,25.680681,504000
2007-06-07,25.801609,25.851749,25.096693,25.226469,834800
2007-06-08,25.512559,25.836996,25.264808,25.8193,716000
2007-06-11,25.878283,26.061148,25.63643,25.895981,492600
2007-06-12,25.674774,25.857637,25.438819,25.474213,539600
2007-06-13,25.704262,26.049345,25.665918,26.040497,606000
2007-06-14,26.276464,26.544863,26.149641,26.444584,1722800
2007-06-15,26.656949,26.931246,26.618607,26.898802,498600
2007-06-18,27.131801,27.170145,26.848656,27.114105,497200
2007-06-19,26.934187,27.167192,26.839806,27.167192,480600
2007-06-20,27.240933,27.35596,26.656945,26.978434,882000
2007-06-21,26.978428,27.282219,26.748373,27.282219,828400
2007-06-22,27.128859,27.235037,26.668747,26.898802,653800
2007-06-25,26.884052,26.943039,26.485879,26.674643,464400
2007-06-26,26.836859,26.836859,26.506525,26.544867,527400
2007-06-27,26.409184,26.88994,26.300055,26.88994,497600
2007-06-28,26.889948,27.04037,26.695287,26.892899,424400
2007-06-29,27.043313,27.087552,26.648088,26.925335,455200
2007-07-02,27.26452,27.538817,27.090502,27.482777,3319200
2007-07-03,27.780664,27.783612,27.615495,27.780664,866000
2007-07-05,27.913398,28.010729,27.762976,27.995981,3051200
2007-07-06,28.181804,28.461999,28.025482,28.376465,693000
2007-07-09,28.630101,28.712685,28.43544,28.594707,857600
2007-07-10,28.577012,28.59176,28.007772,28.093306,742600
2007-07-11,28.069713,28.332212,27.975331,28.305668,963400
2007-07-12,28.715644,29.110866,28.556374,29.04598,552200
2007-07-13,29.075476,29.255392,29.060728,29.246544,478000
2007-07-16,29.06958,29.184607,28.762839,28.821829,1174600
2007-07-17,28.995841,29.045983,28.821826,28.889662,960800
2007-07-18,28.680248,28.824772,28.441345,28.783478,819800
2007-07-19,29.252447,29.252447,28.995846,29.051886,589200
2007-07-20,29.181649,29.255384,28.733334,28.975187,841400
2007-07-23,29.494286,29.683049,29.394007,29.656506,547800
2007-07-24,29.408756,29.479542,28.644855,28.777578,845200
2007-07-25,29.33797,29.49429,28.603563,29.128561,777000
2007-07-26,28.043173,28.978141,26.993175,27.524073,2002800
2007-07-27,27.686285,27.886846,27.119993,27.223225,1201200
2007-07-30,27.866216,28.349922,27.624363,28.270287,1130800
2007-07-31,28.50918,28.697944,27.739379,27.872103,1339200
2007-08-01,27.435591,27.583063,26.987279,27.429693,1999200
2007-08-02,27.624352,27.925193,27.355953,27.721682,522400
2007-08-03,27.668597,27.692193,26.412142,26.603853,921600
2007-08-06,26.648091,27.282219,26.370846,27.282219,888000
2007-08-07,27.046261,27.565361,26.884044,27.382496,552800
2007-08-08,27.650892,28.432491,27.650892,28.137548,1116000
2007-08-09,27.801319,27.801319,26.81326,26.96958,2677600
2007-08-10,26.429837,26.975481,26.10245,26.677588,1653800
2007-08-13,27.223228,27.299912,26.766066,26.839802,738400
2007-08-14,26.878149,26.878149,25.872394,25.99922,1273000
2007-08-15,25.627587,25.952023,24.719162,24.719162,1479800
2007-08-16,23.669166,24.62773,22.92296,24.303293,2274600
2007-08-17,25.285461,26.087704,24.536306,25.235319,1384800
2007-08-20,25.453578,25.615796,24.907932,25.379843,1300800
2007-08-21,25.155681,25.42113,24.972816,25.185175,953600
2007-08-22,25.981509,26.356088,25.946117,26.208616,1246600
2007-08-23,26.530119,26.692339,26.049363,26.426889,1423400
2007-08-24,26.397387,27.075757,26.326602,27.022667,725600
2007-08-27,27.04037,27.299919,26.866353,27.1495,911000
2007-08-28,26.984329,26.984329,25.878293,26.072956,1122800
2007-08-29,26.692335,27.323513,26.51832,27.305817,658000
2007-08-30,26.898789,27.447383,26.757218,27.031515,734200
2007-08-31,27.739373,28.00777,27.580104,27.869146,1209000
2007-09-04,27.240921,28.456086,27.240921,28.258472,906200
2007-09-05,27.748234,27.869159,27.450341,27.60371,1693000
2007-09-06,27.653842,28.105104,27.653842,28.016621,844200
2007-09-07,27.429688,27.565361,27.081655,27.462132,774000
2007-09-10,27.795415,27.795415,26.957778,27.273367,691800
2007-09-11,27.830811,28.119853,27.742327,28.054968,545000
2007-09-12,27.898646,28.146399,27.698087,27.972382,832800
2007-09-13,28.22603,28.441339,28.093307,28.249626,796800
2007-09-14,28.155256,28.456099,28.07857,28.29093,596800
2007-09-17,28.175905,28.388264,27.827872,28.031384,639200
2007-09-18,28.261427,29.438249,28.125754,29.346817,1107600
2007-09-19,29.163961,29.895421,29.163961,29.411715,1958600
2007-09-20,29.41466,29.520838,29.081373,29.217047,925200
2007-09-21,29.907211,29.907211,29.562129,29.715498,1333000
2007-09-24,30.004545,30.243448,29.924909,30.084179,2047000
2007-09-25,29.983904,30.110727,29.671263,30.110727,846000
2007-09-26,30.346685,30.42632,30.081235,30.334887,1196200
2007-09-27,30.744842,30.886415,30.511837,30.853971,1423600
2007-09-28,30.921815,30.921815,30.444009,30.609177,1326400
2007-10-01,30.948366,31.824347,30.880528,31.786003,2959600
2007-10-02,32.02194,32.43486,31.538234,31.676857,1406200
2007-10-03,31.564787,31.647373,31.022094,31.193161,844200
2007-10-04,31.42616,31.488098,30.912958,31.4704,787400
2007-10-05,32.051444,32.570544,31.91577,32.325741,1721000
2007-10-08,32.030811,32.083901,31.83615,32.030811,1110600
2007-10-09,32.293301,32.5617,32.142882,32.375885,1268600
2007-10-10,32.883183,32.883183,32.299197,32.59119,1273000
2007-10-11,33.195825,33.325598,31.853833,32.440769,1936800
2007-10-12,32.546966,32.930393,32.470281,32.930393,859200
2007-10-15,33.251865,33.251865,32.172375,32.709171,1528400
2007-10-16,32.434877,32.479119,31.812547,31.986563,1376400
2007-10-17,32.818313,32.980533,32.187135,32.930393,1691800
2007-10-18,32.38474,33.119147,32.316902,33.074905,1545600
2007-10-19,32.88908,32.88908,31.411416,31.43796,2312000
2007-10-22,30.526591,31.883328,29.497241,31.853834,2213200
2007-10-23,32.647239,32.812407,32.219571,32.620693,1494600
2007-10-24,32.437831,32.54106,31.647383,32.328701,1649400
2007-10-25,32.886137,32.909733,32.352291,32.709171,1326800
2007-10-26,33.620547,33.992176,33.390492,33.959732,1150000
2007-10-29,34.204539,34.688246,33.918444,34.534874,1794200
2007-10-30,34.121938,34.26646,33.762108,33.903679,1649200
2007-10-31,34.245833,34.759033,33.815216,34.590916,1584600
2007-11-01,33.697236,33.888949,33.116198,33.372799,1592600
2007-11-02,33.594001,33.676584,32.897935,33.549759,1562800
2007-11-05,32.443716,32.874332,32.207761,32.738659,1457200
2007-11-06,33.130939,33.74147,32.980517,33.74147,1576000
2007-11-07,33.490771,33.490771,32.414229,32.455521,1562200
2007-11-08,32.511559,33.004113,31.508752,32.750462,3526400
2007-11-09,32.676738,32.676738,31.800757,32.04261,1681600
2007-11-12,31.685708,31.685708,30.23164,30.326021,2033600
2007-11-13,30.665217,32.5558,30.665217,32.384735,2019200
2007-11-14,33.080798,33.228269,32.240209,32.532204,1260200
2007-11-15,32.113388,32.21662,31.269851,31.794851,1619600
2007-11-16,31.794856,32.107495,31.41143,31.847946,1038000
2007-11-19,31.202011,31.558891,30.561985,30.969006,1038800
2007-11-20,31.151861,31.691605,30.665205,31.381916,1361000
2007-11-21,30.691765,30.762553,29.744998,29.910168,1948200
2007-11-23,30.423374,30.750761,30.045848,30.455818,1549800
2007-11-26,30.83922,31.00144,28.756925,28.99288,1447000
2007-11-27,29.927869,30.620985,29.688966,30.411575,1844000
2007-11-28,30.871673,32.092736,30.797937,31.912821,1972200
2007-11-29,31.437969,31.898082,31.263954,31.647381,2063200
2007-11-30,32.72098,32.72098,31.455674,31.641487,2707600
2007-12-03,31.765355,31.803699,31.496958,31.712265,1260400
2007-12-04,31.682769,31.868584,31.449764,31.656225,1549600
2007-12-05,32.278554,32.900883,32.278554,32.838943,1479400
2007-12-06,32.661975,33.346242,32.573493,33.136833,1472800
2007-12-07,33.222378,33.222378,32.729824,32.936283,1295400
2007-12-10,32.974619,32.989365,32.694422,32.918579,1065200
2007-12-11,33.281357,33.281357,31.378976,31.544144,1857200
2007-12-12,32.343456,33.151599,31.794862,32.452583,1347600
2007-12-13,32.296255,32.296255,31.263954,31.871536,1423800
2007-12-14,31.63264,31.63264,30.85104,30.980816,1419800
2007-12-17,30.632768,30.632768,29.494289,29.570974,1742800
2007-12-18,30.081227,30.48825,29.665359,30.349627,2066800
2007-12-19,30.623925,30.771396,30.33193,30.482351,1370800
2007-12-20,30.559039,30.76255,30.29654,30.585583,1711600
2007-12-21,30.827435,31.491057,30.827435,31.396675,1102800
2007-12-24,31.68786,31.997378,31.630766,31.988361,701600
2007-12-26,31.850121,32.249788,31.762975,32.222744,1081400
2007-12-27,32.430087,32.430087,31.369318,31.55563,782400
2007-12-28,31.555636,31.678841,31.396371,31.678841,1095200
2007-12-31,31.907231,31.997382,31.342289,31.342289,1039000
2008-01-02,31.327258,31.841115,30.840445,31.252132,1454800
2008-01-03,31.465486,31.576672,31.26415,31.552631,1434800
2008-01-04,31.128925,31.318243,30.269494,30.509893,2638800
2008-01-07,30.651137,30.927598,30.248467,30.750303,1826000
2008-01-08,31.231092,31.82308,30.585014,30.72625,1864600
2008-01-09,31.065814,31.576668,30.747284,31.471493,1724400
2008-01-10,31.222082,32.036441,30.921581,31.762983,2439800
2008-01-11,31.369326,31.369326,30.726253,31.011728,2259200
2008-01-14,31.366322,31.429427,31.032766,31.345287,1212400
2008-01-15,30.936597,30.936597,29.839769,30.023075,1900800
2008-01-16,29.599378,29.677509,28.280177,28.86916,3338200
2008-01-17,28.899208,29.39203,27.808389,28.04278,3145200
2008-01-18,28.601711,29.025417,28.006718,28.655802,3931800
2008-01-22,26.72959,28.292198,26.411059,27.778341,5044800
2008-01-23,26.57333,28.093866,25.707887,28.078842,3599400
2008-01-24,27.871488,28.469485,27.670153,28.277164,3348600
2008-01-25,28.748965,28.839116,27.537945,27.616076,3737000
2008-01-28,27.646106,28.54761,27.2825,28.247108,1645000
2008-01-29,28.454473,28.547627,27.982686,28.355307,1631800
2008-01-30,27.901541,28.860141,27.712226,27.853462,2987000
2008-01-31,27.543941,28.673824,27.267478,28.514559,3092000
2008-02-01,28.721904,29.208715,28.562639,29.205711,2586800
2008-02-04,29.389033,29.437112,29.046462,29.169666,2664200
2008-02-05,28.803049,28.803049,27.700209,27.955635,1659400
2008-02-06,28.108886,28.382341,27.390689,27.525913,2646400
2008-02-07,27.342606,28.162976,27.126245,27.967649,2271600
2008-02-08,27.751295,27.916572,27.3937,27.793365,2205600
2008-02-11,27.649125,28.171997,27.342613,28.171997,1466800
2008-02-12,28.253124,28.902208,28.15396,28.277164,2798200
2008-02-13,28.875172,28.989364,28.304221,28.878178,1453000
2008-02-14,29.274827,29.274827,28.547615,28.547615,1611200
2008-02-15,28.520573,28.983343,28.397367,28.983343,778200
2008-02-19,29.452133,29.707559,29.1336,29.265821,1286800
2008-02-20,28.863136,29.587342,28.583669,29.500196,1289800
2008-02-21,29.674506,29.752637,29.013404,29.100548,1416400
2008-02-22,29.485176,29.659465,28.878163,29.539267,1378000
2008-02-25,30.047129,30.119251,29.355977,29.863823,1411400
2008-02-26,29.972002,30.464824,29.725591,30.422754,1373200
2008-02-27,30.251462,30.74128,30.125252,30.545954,1573600
2008-02-28,30.30855,30.557966,30.167314,30.293524,1453600
2008-02-29,29.971995,30.068156,29.151628,29.334934,1308400
2008-03-03,29.295879,29.503225,28.974342,29.503225,1557200
2008-03-04,29.106552,29.247788,28.397369,28.962311,4079600
2008-03-05,29.190704,29.63845,29.016413,29.506231,1439000
2008-03-06,29.452133,29.506223,28.550629,28.616739,1505200
2008-03-07,28.334271,28.788028,27.964653,28.307224,1662800
2008-03-10,27.985685,28.349291,27.405717,27.510895,1419800
2008-03-11,28.971318,29.557295,28.379331,29.370983,1857600
2008-03-12,29.226761,29.35898,28.670834,28.670834,1891000
2008-03-13,27.850456,28.757969,27.727249,28.613729,2226600
2008-03-14,28.676832,28.676832,27.330585,27.580002,2729000
2008-03-17,26.994023,26.994023,26.128578,26.681501,3267400
2008-03-18,27.507877,28.20504,27.225406,28.20504,2060400
2008-03-19,27.679169,27.919571,26.450118,26.630421,1965800
2008-03-20,26.774669,27.08719,26.191698,27.0331,1885000
2008-03-24,27.195363,28.256132,27.195363,28.045782,1811400
2008-03-25,28.349297,28.547629,28.045792,28.352303,1857800
2008-03-26,28.664814,28.664814,27.991692,27.991692,1794400
2008-03-27,28.556636,28.616737,28.105884,28.298204,1368200
2008-03-28,28.334266,28.523581,28.09086,28.09086,1131400
2008-03-31,28.289193,28.397374,28.129928,28.256138,2115600
2008-04-01,28.577668,29.262811,28.400374,29.088522,3481200
2008-04-02,29.36798,29.36798,28.893187,29.082502,1709400
2008-04-03,29.163649,29.599375,28.929256,29.389025,2967400
2008-04-04,29.455145,29.674512,29.118585,29.33795,1547600
2008-04-07,30.047129,30.065161,29.482187,29.482187,1435000
2008-04-08,29.515239,29.710566,29.307893,29.422085,966400
2008-04-09,29.578334,29.578334,29.073492,29.193693,1235400
2008-04-10,29.539276,29.827757,29.214734,29.698542,1024200
2008-04-11,29.364976,29.551286,29.148615,29.151621,1424200
2008-04-14,29.21173,29.398041,28.965319,29.190695,840600
2008-04-15,29.449121,29.686518,29.319906,29.686518,678000
2008-04-16,29.920914,30.347626,29.905888,30.308561,1182000
2008-04-17,30.044113,30.197367,29.821741,30.122242,1401200
2008-04-18,30.530928,30.600044,30.236438,30.425753,2163800
2008-04-21,30.395702,30.726253,30.236437,30.723248,1193800
2008-04-22,30.678169,30.678169,30.200374,30.455799,2481000
2008-04-23,30.591019,30.831419,30.410717,30.831419,1344400
2008-04-24,30.675171,30.897542,30.200379,30.651131,915000
2008-04-25,30.801378,30.942614,30.281509,30.942614,3164600
2008-04-28,30.966663,30.966663,30.59404,30.663157,3015800
2008-04-29,30.657133,30.657133,30.098203,30.146282,1011000
2008-04-30,30.338619,30.843461,30.24847,30.63912,2132400
2008-05-01,30.60605,31.219073,30.542945,31.080843,2427400
2008-05-02,31.246118,31.402377,31.092861,31.291191,2571800
2008-05-05,31.447452,31.447452,30.987685,31.192026,2390000
2008-05-06,31.062811,31.513562,30.939604,31.468487,1962400
2008-05-07,31.360316,31.360316,30.458812,30.729263,2572200
2008-05-08,30.83444,30.96065,30.648128,30.843454,2026000
2008-05-09,30.627093,30.76232,30.449798,30.684189,1154800
2008-05-12,30.606054,30.930596,30.416739,30.921581,1270000
2008-05-13,31.041793,31.177018,30.840456,31.035782,1651000
2008-05-14,31.183013,31.465485,31.101879,31.101879,1394400
2008-05-15,31.318248,31.778014,31.195041,31.732939,2753200
2008-05-16,31.922247,32.138606,31.781011,32.081512,1879200
2008-05-19,32.186701,32.550307,32.075515,32.240791,1620000
2008-05-20,31.75398,31.75398,31.300225,31.486534,2195000
2008-05-21,31.958314,31.958314,31.174005,31.240116,1433400
2008-05-22,31.402385,31.597712,31.128928,31.597712,1098600
2008-05-23,31.065832,31.149974,30.68119,30.759321,1527200
2008-05-27,30.894546,30.894546,30.431773,30.86149,2138400
2008-05-28,30.705226,31.014742,30.464824,31.002722,2612000
2008-05-29,31.047789,31.411396,30.954635,31.237104,2060800
2008-05-30,31.210064,31.36933,31.140948,31.186024,1723600
2008-06-02,31.363316,31.393366,30.702212,31.011728,1918400
2008-06-03,31.023756,31.023756,30.248465,30.473841,2165200
2008-06-04,30.317571,30.413731,30.01707,30.050125,1545600
2008-06-05,30.34462,30.954637,30.140279,30.939611,1937400
2008-06-06,30.588032,30.651137,29.863823,29.863823,2063200
2008-06-09,29.83978,30.02609,29.455137,29.767658,1468800
2008-06-10,29.325932,29.407069,29.004396,29.121593,2235800
2008-06-11,29.14862,29.247786,28.682842,28.998369,1550000
2008-06-12,28.980351,29.217747,28.748964,29.181686,1603600
2008-06-13,29.037431,29.211723,28.772991,29.193693,1921200
2008-06-16,29.118569,29.44912,29.043443,29.44912,1435000
2008-06-17,29.410064,29.569329,29.232767,29.232767,1897800
2008-06-18,29.395035,29.611397,28.872164,29.491196,1251400
2008-06-19,29.130602,29.262821,28.96232,29.106562,1310000
2008-06-20,28.848119,28.848119,28.187017,28.187017,2132200
2008-06-23,28.397359,28.397359,28.144939,28.247108,922300
2008-06-24,28.006715,28.451458,27.892525,28.187017,1672000
2008-06-25,28.265139,28.992354,28.265139,28.691853,1314600
2008-06-26,28.445454,28.445454,27.74228,27.772329,1394300
2008-06-27,27.970656,28.072825,27.658134,28.000706,1556100
2008-06-30,28.048782,28.211053,27.904543,28.126913,1417500
2008-07-01,27.429753,27.646114,27.05112,27.351622,2846800
2008-07-02,27.561982,27.706221,26.660478,26.666487,3052800
2008-07-03,26.870822,27.009052,26.46214,26.732592,957800
2008-07-07,26.972997,27.117237,26.317904,26.546284,2418900
2008-07-08,26.612395,26.840777,26.185684,26.762646,2288500
2008-07-09,27.027081,27.08718,25.993356,26.041437,2599000
2008-07-10,26.492198,26.888859,26.347956,26.864819,1940200
2008-07-11,26.672483,27.033084,26.365971,26.606373,1799200
2008-07-14,26.930918,27.117227,26.504204,26.744606,1027200
2008-07-15,26.167653,26.606384,25.69286,26.131592,2266300
2008-07-16,26.17367,26.912903,26.035439,26.858812,1461100
2008-07-17,26.906885,27.339607,26.702544,27.339607,2163100
2008-07-18,26.846784,27.045116,26.600374,27.045116,1216800
2008-07-21,27.081181,27.14729,26.87684,27.099211,1193100
2008-07-22,26.894862,27.321573,26.66648,26.80471,2053200
2008-07-23,27.261475,27.646116,27.051123,27.051123,1567800
2008-07-24,27.441795,27.441795,26.396048,26.576351,1996600
2008-07-25,26.546299,26.65448,26.35999,26.576351,1399300
2008-07-28,26.876839,26.876839,26.125586,26.666487,1782400
2008-07-29,26.359973,26.732594,26.185682,26.618404,1292900
2008-07-30,26.888857,27.405717,26.810726,27.045116,4108400
2008-07-31,26.888861,27.129261,26.6725,26.79871,1779200
2008-08-01,27.015068,27.075167,26.420074,26.738607,2699500
2008-08-04,26.390021,26.390021,25.764978,25.855129,1886100
2008-08-05,25.897203,26.305885,25.849122,26.197704,1859400
2008-08-06,26.347969,26.606401,26.179689,26.576351,1749000
2008-08-07,26.227755,26.269825,25.632764,25.783014,2112900
2008-08-08,25.476495,25.927247,25.422404,25.879168,1207300
2008-08-11,25.758971,25.879172,25.56665,25.56665,1598400
2008-08-12,25.458471,25.608722,25.206049,25.470491,1345800
2008-08-13,25.145941,25.458463,25.061801,25.410381,2168900
2008-08-14,25.362305,25.722906,25.362305,25.578667,1747800
2008-08-15,25.446446,25.476495,25.151953,25.224075,4934600
2008-08-18,25.025744,25.200035,24.593022,24.647112,1562800
2008-08-19,24.340603,24.538935,24.184343,24.418734,1464900
2008-08-20,24.641101,25.145943,24.641101,25.145943,1626800
2008-08-21,24.833429,25.139941,24.707219,25.025749,1972300
2008-08-22,25.067812,25.151952,24.857462,25.145943,1450700
2008-08-25,24.899531,24.923572,24.364639,24.376659,2242700
2008-08-26,24.496866,24.574997,24.316566,24.460808,2010100
2008-08-27,24.56899,24.983681,24.56899,24.935602,1184300
2008-08-28,24.983672,25.061803,24.839432,24.959631,1478300
2008-08-29,24.863483,24.935605,24.653133,24.677174,1039400
2008-09-02,24.448786,24.466815,23.829754,23.829754,2562800
2008-09-03,23.721565,23.895854,23.385002,23.625404,1771300
2008-09-04,23.385021,23.41507,22.495537,22.838108,2407700
2008-09-05,22.537596,22.892188,22.225074,22.777998,2047700
2008-09-08,23.595361,23.835763,22.814058,23.132591,2190200
2008-09-09,22.790013,22.862135,21.89452,22.14694,2942800
2008-09-10,22.291182,22.459462,21.888509,22.176992,2023200
2008-09-11,21.702202,22.231085,21.34761,22.231085,3158900
2008-09-12,21.882506,22.687849,21.798366,22.519569,2152900
2008-09-15,21.371653,21.780335,20.89686,20.89686,5483100
2008-09-16,20.019394,21.035088,19.845103,20.614386,4645700
2008-09-17,20.22374,20.39202,19.250114,19.250114,7648800
2008-09-18,19.821067,21.053122,19.196025,20.43409,5726000
2008-09-19,21.04109,25.83709,21.04109,23.421061,6979500
2008-09-22,22.507553,22.808055,21.87049,21.900539,3195300
2008-09-23,21.90053,21.936591,21.053117,21.167309,3129400
2008-09-24,21.624075,21.642105,21.227414,21.509886,3287300
2008-09-25,21.708213,22.531588,21.527913,22.309216,2942600
2008-09-26,21.431753,21.708213,21.335592,21.678164,2884600
2008-09-29,20.896857,20.896857,18.631078,19.310211,3664100
2008-09-30,19.772993,20.830757,19.772993,20.830757,8941600
2008-10-01,20.58434,20.704541,20.049448,20.566311,2963500
2008-10-02,20.265806,20.277827,19.003701,19.045771,3290300
2008-10-03,19.274155,19.953289,18.570982,18.751284,3644400
2008-10-06,17.555285,17.909877,16.034749,17.152615,7464500
2008-10-07,17.507199,17.70553,15.986664,15.992674,5199800
2008-10-08,15.475817,16.545602,15.025065,15.950609,6825100
2008-10-09,16.407367,16.677818,14.80269,15.295513,4378900
2008-10-10,14.388004,15.493849,13.66079,14.904865,9109300
2008-10-13,16.209037,18.030075,16.010706,17.927904,6867700
2008-10-14,18.012044,18.462796,16.954279,17.471142,9970300
2008-10-15,16.461455,16.461455,14.748599,14.790669,4713500
2008-10-16,15.193342,15.517883,13.955276,15.163291,6142600
2008-10-17,14.442092,15.776317,14.442092,15.085164,7540900
2008-10-20,15.415715,15.998688,15.181325,15.962627,3655600
2008-10-21,15.505867,15.505867,14.724564,14.754614,4583900
2008-10-22,14.117552,14.117552,12.975648,13.336249,5015500
2008-10-23,13.222054,13.793007,12.651102,13.492506,6137100
2008-10-24,11.605357,12.639082,11.605357,12.290501,4718600
2008-10-27,11.875807,12.446759,11.761616,11.851767,5075400
2008-10-28,12.603019,13.877145,12.230399,13.865125,6367500
2008-10-29,13.246096,14.303859,13.095845,13.726897,5441500
2008-10-30,14.742594,15.133245,14.490173,15.133245,4689200
2008-10-31,14.814708,15.24743,14.628398,15.151269,7382000
2008-11-03,15.223391,15.319552,14.96496,15.169301,4381400
2008-11-04,15.836421,16.497524,15.746271,16.497524,4220200
2008-11-05,15.668136,15.860456,14.574311,14.574311,4360900
2008-11-06,14.502189,14.60436,13.540586,13.762957,4803100
2008-11-07,14.604365,15.019057,14.297855,14.946938,5287200
2008-11-10,15.571979,15.626069,14.670475,15.001026,3849400
2008-11-11,14.550272,14.610372,13.913209,14.213711,4025000
2008-11-12,14.171638,14.171638,12.981653,12.981653,5449000
2008-11-13,13.522556,14.766631,12.753272,14.706531,9652900
2008-11-14,13.871136,14.231738,13.492505,13.504524,5908300
2008-11-17,13.432411,13.823063,13.17999,13.294181,3473300
2008-11-18,13.282157,13.366297,12.645094,13.113875,4495200
2008-11-19,12.939582,13.017712,12.050097,12.122218,5747300
2008-11-20,11.917881,12.224392,11.118548,11.178648,8599000
2008-11-21,12.176312,12.651103,11.6294,12.621054,9383900
2008-11-24,12.603021,13.768966,12.603021,13.504524,10986100
2008-11-25,13.606695,13.630736,12.879483,13.240085,6553400
2008-11-26,13.204024,14.153608,13.131905,14.141589,5148400
2008-11-28,13.991339,13.991339,13.744928,13.841088,2015200
2008-12-01,13.372306,13.402356,12.530903,12.615043,4993600
2008-12-02,13.155947,13.354278,12.837417,13.318218,6368800
2008-12-03,12.921553,13.516546,12.843423,13.492506,5071600
2008-12-04,13.113874,13.360285,12.687163,12.939584,5554700
2008-12-05,12.783324,13.582657,12.621053,13.570637,5635900
2008-12-08,14.09952,14.514212,14.05745,14.135581,6135600
2008-12-09,14.099519,14.460121,13.925229,14.051439,15147300
2008-12-10,14.568296,14.952938,14.538247,14.916878,5865200
2008-12-11,14.838751,15.247433,14.526229,14.6284,4900200
2008-12-12,14.225728,14.838751,14.135578,14.76663,5492900
2008-12-15,14.820722,14.838753,14.436081,14.652441,5981400
2008-12-16,15.788342,15.866472,14.784668,15.788342,6502300
2008-12-17,15.343593,15.602023,15.211372,15.385663,7356400
2008-12-18,15.535914,15.547934,14.922891,15.091172,4496200
2008-12-19,15.205362,15.367633,14.922892,15.049103,3664000
2008-12-22,15.025063,15.025063,14.357949,14.544261,4972000
2008-12-23,14.424059,14.652439,14.297849,14.357948,4054400
2008-12-24,14.596909,14.628517,14.293466,14.533691,2772500
2008-12-26,14.514729,14.540016,14.255537,14.52105,3177500
2008-12-29,14.609554,14.679093,14.375649,14.577945,3866100
2008-12-30,14.729671,14.938288,14.596915,14.913002,7031700
2008-12-31,14.735987,15.115292,14.666449,14.900352,5240700
2009-01-02,15.172188,15.842293,15.121614,15.696893,3513000
2009-01-05,15.709538,16.050911,15.57678,15.949763,3500100
2009-01-06,16.183671,16.36068,15.994018,16.234245,3923000
2009-01-07,15.741147,15.741147,15.285982,15.374486,3671500
2009-01-08,15.121618,15.330235,15.014148,15.279661,3591100
2009-01-09,15.210122,15.254374,14.773922,14.906678,7520900
2009-01-12,14.685421,14.75496,14.160715,14.217611,2643800
2009-01-13,14.249219,14.533697,14.14807,14.312435,2733000
2009-01-14,14.103814,14.135424,13.585431,13.604397,3337800
2009-01-15,13.724512,14.015313,13.21245,13.787729,4739000
2009-01-16,14.217609,14.249219,13.636009,13.983706,3074000
2009-01-20,13.654976,13.66762,12.959583,12.959583,4326700
2009-01-21,13.370488,13.781401,13.054401,13.680253,4421300
2009-01-22,13.275666,13.534857,13.022796,13.36417,3052700
2009-01-23,12.934294,13.528539,12.820504,13.395782,3815800
2009-01-26,13.610719,13.876232,13.421066,13.598075,3237000
2009-01-27,13.768761,13.895195,13.604396,13.711865,2603000
2009-01-28,14.24922,14.514732,14.173358,14.495768,5417100
2009-01-29,13.945771,14.040597,13.737153,13.749797,2586400
2009-01-30,13.926804,14.046916,13.572785,13.572785,2595100
2009-02-02,13.338881,13.617038,13.326237,13.484281,6690600
2009-02-03,13.654976,13.939454,13.490611,13.869916,4323900
2009-02-04,14.053247,14.306117,13.888881,14.008995,4554200
2009-02-05,13.895199,14.407261,13.781407,14.274504,3686400
2009-02-06,14.521052,15.045757,14.432548,14.963574,4028200
2009-02-09,14.950936,15.03312,14.704388,14.811858,4095300
2009-02-10,14.723349,14.881393,13.952095,14.015313,5821100
2009-02-11,14.400935,14.514725,14.09749,14.344039,3335500
2009-02-12,13.990026,14.331401,13.831982,14.312435,4146300
2009-02-13,14.445193,14.495767,14.230253,14.394619,4104100
2009-02-17,13.56015,13.623367,13.263027,13.263027,4288700
2009-02-18,13.534861,13.547505,13.187166,13.370496,4563400
2009-02-19,13.680257,13.724509,13.281988,13.313596,2712800
2009-02-20,12.946939,13.193488,12.769931,12.997513,5111600
2009-02-23,13.300954,13.326241,12.643492,12.681422,4428600
2009-02-24,12.820504,13.408426,12.763609,13.357852,4927900
2009-02-25,13.23774,13.440036,12.896365,13.161879,8514500
2009-02-26,13.338887,13.459,13.016478,13.016478,4092800
2009-02-27,12.72568,13.250385,12.675106,13.250385,9580000
2009-03-02,12.491771,12.630849,12.011318,12.630849,6633900
2009-03-03,12.352692,12.460161,12.049247,12.270509,4814100
2009-03-04,12.86475,13.225089,12.75728,13.104976,5043400
2009-03-05,12.681423,12.807858,12.447519,12.529701,3369800
2009-03-06,12.8205,12.965899,12.396943,12.706708,3380400
2009-03-09,12.498096,12.845792,12.327409,12.485453,3473000
2009-03-10,13.003828,13.509568,12.978542,13.484281,3474200
2009-03-11,13.604399,13.667617,13.288312,13.446356,4917200
2009-03-12,13.383135,13.996344,13.338883,13.901518,3081600
2009-03-13,13.996347,14.065887,13.78773,13.990026,4996200
2009-03-16,14.223933,14.407264,14.015315,14.046924,2837200
2009-03-17,14.00267,14.407263,13.939452,14.369331,2790200
2009-03-18,14.337724,14.786568,14.053245,14.679098,5011200
2009-03-19,14.81185,14.906676,14.540015,14.577945,5043700
2009-03-20,14.546341,14.660132,14.337723,14.388297,5091700
2009-03-23,14.931962,15.703214,14.912996,15.65264,5943400
2009-03-24,15.216441,15.425059,15.153223,15.210119,3990000
2009-03-25,15.330232,15.658964,15.108971,15.450346,3910400
2009-03-26,15.772757,15.886547,15.589426,15.804365,4360000
2009-03-27,15.507246,15.526211,15.279663,15.361845,8127600
2009-03-30,14.735988,14.78024,14.445189,14.603232,3329900
2009-03-31,14.969893,15.153223,14.818171,14.894032,4461200
2009-04-01,14.969892,15.545171,14.912996,15.437701,6800700
2009-04-02,16.0762,16.537688,16.057235,16.310104,7133900
2009-04-03,16.215279,16.499758,16.101487,16.499758,7338200
2009-04-06,16.284821,16.322751,16.063559,16.284821,4764200
2009-04-07,16.038269,16.120451,15.899189,15.949763,2587300
2009-04-08,16.069875,16.322745,15.994014,16.215275,3083700
2009-04-09,16.777911,16.929633,16.714694,16.923311,3954300
2009-04-13,16.89171,17.125616,16.733667,17.043432,2724400
2009-04-14,16.961246,17.087681,16.739985,16.777916,3481500
2009-04-15,16.815844,17.049748,16.708374,16.999174,2858600
2009-04-16,17.131933,17.30262,16.929637,17.239403,4183700
2009-04-17,17.10664,17.207787,16.96124,17.075031,6520900
2009-04-20,16.588261,16.607227,16.234244,16.253208,4389300
2009-04-21,16.227917,16.67676,16.126769,16.664118,1359800
2009-04-22,16.385966,16.815845,16.379645,16.531366,3242400
2009-04-23,16.796884,16.879067,16.575623,16.847458,4544100
2009-04-24,17.081359,17.271011,16.954923,17.157219,4327100
2009-04-27,16.657799,16.841129,16.506078,16.581938,5848800
2009-04-28,16.265854,16.683089,16.265854,16.493437,3202300
2009-04-29,16.954925,17.549169,16.942281,17.384804,4925400
2009-04-30,17.821008,17.821008,17.391129,17.492277,6352500
2009-05-01,17.542851,17.884226,17.448025,17.808365,3972100
2009-05-04,18.263529,19.028461,18.244565,19.003174,5922200
2009-05-05,18.788228,18.984203,18.54168,18.750298,5728600
2009-05-06,18.996844,19.249715,18.807192,19.148567,7779900
2009-05-07,19.344545,19.452015,18.491109,18.623865,8300900
2009-05-08,19.104315,19.363507,18.883055,19.325577,6015800
2009-05-11,18.965243,19.015817,18.725017,18.889381,3953300
2009-05-12,19.173862,19.192828,18.737661,18.990532,4605800
2009-05-13,18.604896,18.604896,18.231913,18.333061,5276900
2009-05-14,18.257202,18.699724,18.225593,18.604898,3868500
2009-05-15,18.630189,18.762947,18.320424,18.459503,3541200
2009-05-18,19.091672,19.647985,19.060063,19.603733,7933600
2009-05-19,19.654314,19.976723,19.56581,19.736496,6413700
2009-05-20,19.976717,20.229586,19.761777,19.812351,7870600
2009-05-21,19.603737,19.603737,19.25604,19.483624,6126400
2009-05-22,19.59109,19.812351,19.502586,19.679594,5038500
2009-05-26,19.331896,19.869245,19.186496,19.850279,6416300
2009-05-27,19.957755,20.147408,19.629024,19.660633,7637900
2009-05-28,20.002006,20.280165,19.793389,20.267521,5705500
2009-05-29,20.577286,20.640505,20.356026,20.621538,12123300
2009-06-01,21.228424,21.544511,21.101989,21.424397,7320500
2009-06-02,21.064062,21.291646,21.007166,21.114637,5500800
2009-06-03,20.855445,20.861766,20.191661,20.44453,6030000
2009-06-04,20.665786,20.836473,20.476134,20.766933,5692900
2009-06-05,21.614051,21.614051,20.564641,20.798548,6676000
2009-06-08,20.362346,20.621537,20.16005,20.495102,5301200
2009-06-09,20.564643,20.589931,20.324419,20.514071,4541900
2009-06-10,20.956587,20.975552,20.450846,20.710037,4907200
2009-06-11,20.817511,21.348538,20.798546,21.095667,4728800
2009-06-12,20.861761,20.887048,20.710038,20.842796,3904200
2009-06-15,20.533031,20.533031,19.907178,20.090509,3924200
2009-06-16,20.235913,20.324419,19.742817,19.825001,3874600
2009-06-17,19.723853,19.843965,19.407765,19.673279,4724500
2009-06-18,19.711199,19.774417,19.433042,19.635338,4714400
2009-06-19,19.850285,19.945111,19.68592,19.717529,4291000
2009-06-22,19.477302,19.540519,18.952597,18.96524,5719700
2009-06-23,19.08535,19.19282,18.876732,19.08535,4482000
2009-06-24,19.629021,19.850282,19.470977,19.629021,4340000
2009-06-25,19.534196,20.134763,19.470979,20.115797,5150100
2009-06-26,20.096831,20.286482,20.084187,20.223265,10681900
2009-06-29,20.450851,20.450851,20.160051,20.349703,8366400
2009-06-30,20.324416,20.406597,19.964075,20.115797,9863800
2009-07-01,20.476132,20.697394,20.469811,20.539351,15005300
2009-07-02,20.141084,20.235909,19.913501,19.951431,5348500
2009-07-06,19.723842,20.00832,19.572119,19.995676,4367900
2009-07-07,19.964081,20.008333,19.477306,19.52788,4851500
2009-07-08,19.597419,19.622707,19.003175,19.30662,5938700
2009-07-09,19.692241,19.768102,19.496267,19.616381,5322700
2009-07-10,19.388792,19.48994,19.186496,19.376148,3641600
2009-07-13,19.281331,19.553166,18.984209,19.515236,7284000
2009-07-14,19.64799,19.755459,19.50259,19.704885,3542300
2009-07-15,20.254877,20.747972,20.254877,20.729008,6957700
2009-07-16,20.55832,20.861764,20.41292,20.729008,5173300
2009-07-17,20.754297,20.962913,20.678434,20.95027,9444600
2009-07-20,21.386474,21.614055,21.367508,21.595091,8009900
2009-07-21,21.689912,21.727841,21.215781,21.569798,8949200
2009-07-22,21.266359,21.66463,21.241072,21.525551,7043800
2009-07-23,21.639345,22.220947,21.588772,22.100832,8894000
2009-07-24,21.87956,22.037603,21.73416,22.037603,6335600
2009-07-27,22.107148,22.201973,21.879565,22.183008,5512600
2009-07-28,21.993354,22.151397,21.797379,22.069214,5641500
2009-07-29,21.778417,21.810025,21.493938,21.601406,7260300
2009-07-30,22.227271,22.410603,22.126124,22.176699,6664000
2009-07-31,22.258869,22.492776,22.151401,22.309444,8308400
2009-08-03,22.91633,23.200809,22.796218,23.156557,6849800
2009-08-04,22.846795,23.093343,22.777256,22.979551,6216800
2009-08-05,22.815178,22.853109,22.42323,22.783569,6127600
2009-08-06,22.897356,22.91632,22.353685,22.587589,5606500
2009-08-07,22.789899,22.878404,22.57496,22.745647,9778600
2009-08-10,22.581284,22.650823,22.347377,22.555996,4107900
2009-08-11,22.366341,22.397949,22.018645,22.151402,4967400
2009-08-12,22.107153,22.505422,22.056578,22.397953,5971800
2009-08-13,22.714038,22.815185,22.448523,22.777254,5907400
2009-08-14,22.770927,22.783571,22.271509,22.467484,6217900
2009-08-17,21.614045,21.614045,21.437037,21.544508,6829000
2009-08-18,21.784743,21.955431,21.708883,21.898535,5439700
2009-08-19,21.481297,22.062899,21.449688,22.012323,6177900
2009-08-20,22.069215,22.391623,22.031284,22.296799,6278000
2009-08-21,22.56231,22.745641,22.461162,22.714033,4461300
2009-08-24,22.9669,23.023794,22.682421,22.758282,8572800
2009-08-25,22.928969,23.087012,22.72035,22.726673,6926300
2009-08-26,22.650816,22.682424,22.461162,22.600241,4959700
2009-08-27,22.499097,22.625532,22.176689,22.562313,4349300
2009-08-28,22.714036,22.783576,22.423236,22.562313,5566400
2009-08-31,22.18301,22.220941,22.075539,22.151402,5595300
2009-09-01,22.18933,22.543348,21.746809,21.803705,8971900
2009-09-02,21.866914,22.138749,21.803698,22.062889,5278300
2009-09-03,22.3853,22.467484,22.132429,22.467484,6331200
2009-09-04,22.58128,22.910011,22.429557,22.910011,5208100
2009-09-08,23.415753,23.422073,23.257709,23.396786,4561300
2009-09-09,23.510576,23.605403,23.346211,23.447359,7247600
2009-09-10,23.523218,23.78241,23.314602,23.78241,5061100
2009-09-11,23.814011,23.902518,23.586431,23.706543,6748700
2009-09-14,23.390459,23.719191,23.390459,23.693903,3304300
2009-09-15,23.769765,23.978384,23.630688,23.946775,5246700
2009-09-16,24.326086,24.585278,24.180686,24.585278,8883200
2009-09-17,24.503093,24.648495,24.275512,24.370337,10978800
2009-09-18,24.496765,24.515729,24.326077,24.452513,4481200
2009-09-21,24.174367,24.288156,23.991035,24.224939,7178300
2009-09-22,24.623208,24.699068,24.465164,24.661137,5771900
2009-09-23,24.597911,24.730667,24.256537,24.281824,7143400
2009-09-24,24.338724,24.382976,23.700228,23.801376,5512400
2009-09-25,23.839307,24.092178,23.814019,23.978386,4614500
2009-09-28,24.02264,24.382979,23.9531,24.275511,3873100
2009-09-29,24.338722,24.401938,24.14907,24.243895,5031500
2009-09-30,24.433554,24.610562,24.06057,24.357691,27786800
2009-10-01,24.351367,24.357688,23.712869,23.74448,8733700
2009-10-02,23.434714,23.839305,23.415749,23.801376,5997400
2009-10-05,24.01632,24.395624,23.877241,24.326084,6935400
2009-10-06,24.616879,24.926646,24.547342,24.72435,11213600
2009-10-07,24.635847,24.730672,24.503089,24.667456,6984100
2009-10-08,24.95194,25.128948,24.781252,25.046764,6110100
2009-10-09,25.059399,25.179514,25.002503,25.179514,5210200
2009-10-12,25.324908,25.44502,25.204793,25.331228,5060600
2009-10-13,25.274347,25.400783,25.053087,25.337566,25530200
2009-10-14,25.900196,26.165708,25.786404,26.146744,17869700
2009-10-15,25.900199,26.045599,25.792728,26.032955,8450200
2009-10-16,25.609394,25.742152,25.407098,25.653648,9842600
2009-10-19,25.881236,26.191003,25.780089,26.127787,6081400
2009-10-20,25.995024,26.026632,25.514572,25.723188,11033400
2009-10-21,25.628355,26.108807,25.615712,25.634676,12071400
2009-10-22,25.558823,25.887554,25.318596,25.836979,7628100
2009-10-23,25.98871,26.077214,25.48297,25.590439,9072800
2009-10-26,25.818013,26.013988,25.261698,25.356525,6986800
2009-10-27,25.356518,25.362839,24.913996,24.939283,9850300
2009-10-28,24.673772,24.673772,23.788729,23.86459,15079300
2009-10-29,24.256543,24.970901,24.20597,24.876074,13010500
2009-10-30,24.680101,24.692745,23.624368,23.769768,14790500
2009-11-02,24.08586,24.452523,23.7192,24.224939,11016600
2009-11-03,23.725513,24.193324,23.643332,23.984705,9460900
2009-11-04,24.661132,24.907683,24.503089,24.604237,7469700
2009-11-05,24.800215,25.116302,24.692747,25.116302,10930800
2009-11-06,24.812855,25.166873,24.79389,25.034115,9514700
2009-11-09,25.508239,25.912832,25.495597,25.900188,11262900
2009-11-10,25.62204,25.849624,25.539859,25.716867,7054100
2009-11-11,26.096175,26.140427,25.767443,25.881235,8048800
2009-11-12,25.710532,25.874899,25.324908,25.331228,12246400
2009-11-13,25.533535,25.830658,25.413423,25.780083,9179000
2009-11-16,26.153065,26.538692,26.121456,26.399612,11431600
2009-11-17,26.140416,26.317427,25.925477,26.304783,11366900
2009-11-18,26.330071,26.330071,26.013983,26.089844,15956800
2009-11-19,25.805362,25.811685,25.413414,25.659962,7029400
2009-11-20,25.50192,25.672607,25.43238,25.634676,5742600
2009-11-23,26.241576,26.323759,26.013995,26.07089,5970300
2009-11-24,25.95077,26.032953,25.678934,25.982378,7800800
2009-11-25,26.083533,26.235256,25.925489,26.197325,6438500
2009-11-27,24.983542,25.470316,24.686419,25.242733,9214900
2009-11-30,25.419739,25.514566,25.198479,25.476635,22169500
2009-12-01,25.963414,26.216285,25.912841,26.115137,7348700
2009-12-02,26.159386,26.39329,26.14042,26.235247,6095700
2009-12-03,26.374327,26.494439,25.976056,26.039272,19789400
2009-12-04,26.551337,26.658806,25.925483,26.203642,10905600
2009-12-07,26.045601,26.241573,25.976061,25.995026,6699100
2009-12-08,25.786401,25.811688,25.501922,25.60939,9300700
2009-12-09,25.647326,25.792726,25.470318,25.773762,10920300
2009-12-10,25.855944,25.938125,25.678933,25.830656,11777100
2009-12-11,25.976055,25.99502,25.830655,25.963411,18813800
2009-12-14,26.115139,26.178356,26.001348,26.096172,12826400
2009-12-15,25.855939,26.108807,25.824328,25.93812,16316900
2009-12-16,26.083535,26.178363,25.931815,26.007675,10942600
2009-12-17,25.558815,25.577779,25.261692,25.28698,8827700
2009-12-18,25.350201,25.432384,25.135262,25.394453,11910400
2009-12-21,25.438705,25.584105,25.318591,25.350199,16585900
2009-12-22,25.451349,25.539856,25.388133,25.514568,16657100
2009-12-23,25.723188,25.855947,25.571468,25.729511,8827600
2009-12-24,26.027464,26.085132,25.956981,26.040279,2458300
2009-12-28,26.23891,26.245316,26.059497,26.155611,7570200
2009-12-29,26.245316,26.245316,26.059497,26.12998,9393000
2009-12-30,26.155607,26.219682,26.091533,26.194054,6366800
2009-12-31,26.450363,26.495215,26.270952,26.270952,4666600
2010-01-04,26.757924,27.168009,26.751517,27.168009,16750400
2010-01-05,27.225674,27.353823,27.110338,27.257711,13083300
2010-01-06,27.302564,27.449938,27.270527,27.424307,16128000
2010-01-07,27.18082,27.251304,27.033447,27.187229,7696600
2010-01-08,27.212858,27.385862,27.123153,27.353823,7663100
2010-01-11,27.533244,27.533244,27.225682,27.392277,8068300
2010-01-12,27.097522,27.123152,26.815588,26.995001,11307800
2010-01-13,27.08471,27.142378,26.822,27.103931,6855000
2010-01-14,27.046266,27.14238,26.969376,27.03986,6466600
2010-01-15,27.033451,27.033451,26.661814,26.719482,6679600
2010-01-19,26.860437,27.251298,26.847624,27.180815,6807700
2010-01-20,26.777142,26.796364,26.33502,26.514433,12561800
2010-01-21,26.411911,26.475985,25.739116,25.745525,13739200
2010-01-22,25.598159,25.630196,25.123999,25.168852,16390400
2010-01-25,25.559715,25.630199,25.277784,25.412342,13534300
2010-01-26,24.957399,25.226515,24.822841,24.925362,17390700
2010-01-27,24.701103,24.912553,24.483246,24.854885,13263300
2010-01-28,25.149625,25.2137,24.534501,24.758764,18574200
2010-01-29,25.027883,25.104773,24.393535,24.502464,16906200
2010-02-01,24.739531,25.207281,24.739531,25.207281,10503100
2010-02-02,25.188074,25.373891,24.976624,25.329039,19955200
2010-02-03,25.386704,25.444372,25.130404,25.258553,12056000
2010-02-04,24.835652,24.842061,24.047524,24.105192,16197300
2010-02-05,23.868117,24.060343,23.220956,24.060343,22357500
2010-02-08,23.919373,24.047522,23.573365,23.611809,9580200
2010-02-09,24.194904,24.572949,24.009087,24.335871,15141100
2010-02-10,24.374312,24.483239,24.015488,24.258976,8529400
2010-02-11,24.431987,24.880516,24.246167,24.854885,9560200
2010-02-12,24.387122,24.669053,24.220524,24.579348,8314000
2010-02-16,24.950978,25.239318,24.822829,25.207281,9061000
2010-02-17,25.373894,25.38671,25.136816,25.303413,8934700
2010-02-18,25.11119,25.457198,25.079152,25.354677,21926100
2010-02-19,25.085544,25.296992,25.008652,25.188065,8423900
2010-02-22,25.341848,25.354664,25.149622,25.200884,11123200
2010-02-23,25.085551,25.200887,24.611391,24.637022,10393500
2010-02-24,24.82925,25.027885,24.713914,24.944586,6389200
2010-02-25,24.355084,24.752354,24.252564,24.745945,12701600
2010-02-26,24.771582,25.021476,24.611393,24.963808,10527800
2010-03-01,25.277772,25.450776,25.213695,25.380293,7483700
2010-03-02,25.64941,25.816008,25.546889,25.668634,8403900
2010-03-03,25.809596,26.014637,25.655816,25.732706,14434400
2010-03-04,25.764751,25.783975,25.470004,25.566118,29887400
2010-03-05,25.892907,26.309399,25.841648,26.309399,11541900
2010-03-08,26.367042,26.42471,26.264521,26.302965,11589900
2010-03-09,26.187651,26.533659,26.162023,26.411917,14900000
2010-03-10,26.482403,26.693851,26.431141,26.463179,7895100
2010-03-11,26.424719,26.578499,26.270937,26.565683,9597100
2010-03-12,26.687439,26.687439,26.431136,26.495211,8243500
2010-03-15,26.283762,26.373468,26.110758,26.3158,8356000
2010-03-16,26.411921,26.629778,26.309401,26.623369,7216800
2010-03-17,26.892479,27.020628,26.783549,26.892479,6937400
2010-03-18,26.82841,26.860447,26.572109,26.719482,7431800
2010-03-19,26.45677,26.802778,26.373471,26.45677,20515100
2010-03-22,26.187647,26.591323,26.136388,26.52084,14956200
2010-03-23,26.578508,26.738697,26.463172,26.73229,9365300
2010-03-24,26.437547,26.552883,26.32862,26.373472,7008200
2010-03-25,26.572094,26.642577,26.226086,26.238901,21332300
2010-03-26,26.456773,26.5657,26.20047,26.424736,9028600
2010-03-29,26.725878,26.905291,26.642581,26.905291,8973200
2010-03-30,26.975777,27.04626,26.809181,26.995001,5687300
2010-03-31,26.918103,27.116738,26.866844,27.007811,19106800
2010-04-01,27.405082,27.654976,27.405082,27.654976,16635600
2010-04-05,27.827983,27.96895,27.712647,27.930504,8805500
2010-04-06,27.834388,28.065061,27.77672,27.988171,17143500
2010-04-07,27.898465,27.936908,27.62294,27.770313,20281800
2010-04-08,27.558862,27.872833,27.456341,27.840796,18212300
2010-04-09,27.904872,27.988171,27.840797,27.988171,18586000
2010-04-12,27.879233,27.917679,27.731859,27.75749,16340700
2010-04-13,27.693419,27.763902,27.437116,27.738272,15363900
2010-04-14,28.026602,28.180381,27.904857,28.173975,8673000
2010-04-15,27.981762,28.135544,27.949725,28.000986,11688700
2010-04-16,27.706243,27.725464,27.103931,27.26412,19577300
2010-04-19,26.943741,27.174413,26.7387,27.135967,22112700
2010-04-20,27.392268,27.501195,27.251301,27.449936,10697700
2010-04-21,27.4243,27.437116,27.116738,27.341002,12567000
2010-04-22,27.135959,27.488376,26.950142,27.462746,5544900
2010-04-23,27.379446,27.610119,27.251295,27.603712,8959200
2010-04-26,27.776716,27.795941,27.571675,27.616528,11066900
2010-04-27,27.302563,27.360231,26.591324,26.636177,24055400
2010-04-28,26.962959,26.994996,26.533652,26.898882,13648100
2010-04-29,27.155192,27.347417,27.078299,27.296156,14906000
2010-04-30,27.334605,27.373052,26.950153,26.950153,18274100
2010-05-03,27.07189,27.193633,26.866849,27.116743,8161800
2010-05-04,26.552878,26.559287,25.886495,26.001831,15761500
2010-05-05,25.521263,25.956974,25.296997,25.521263,20405800
2010-05-06,25.322629,25.643006,23.599,24.58576,48930200
2010-05-07,24.765169,25.072731,24.053931,24.611387,37402900
2010-05-10,26.136386,26.270944,25.937751,26.226091,25015200
2010-05-11,25.610962,26.181233,25.585331,25.764742,14562300
2010-05-12,26.001831,26.162019,25.892901,26.123573,12108500
2010-05-13,26.072305,26.251718,25.841635,25.867264,11296700
2010-05-14,25.662223,25.707076,25.117582,25.418736,21039400
2010-05-17,25.373887,25.495632,24.720319,25.296997,21879400
2010-05-18,25.502043,25.572527,24.675469,24.752361,20500900
2010-05-19,24.355092,24.62421,24.041123,24.444799,19301200
2010-05-20,23.547731,23.804034,23.13124,23.336281,39853900
2010-05-21,22.97106,23.983454,22.945432,23.970638,35622700
2010-05-24,23.951421,24.130832,23.707934,23.720749,22918900
2010-05-25,22.778828,23.496473,22.61864,23.490067,25086200
2010-05-26,23.695108,24.073153,23.413177,23.490067,20800100
2010-05-27,24.329459,24.854878,24.175677,24.848469,18128800
2010-05-28,24.720315,24.739537,24.316639,24.476828,15386700
2010-06-01,24.201305,24.681871,24.009079,24.041117,20245500
2010-06-02,24.271799,24.89333,24.194907,24.89333,17532000
2010-06-03,25.002254,25.0407,24.470426,24.790804,15652900
2010-06-04,24.2782,24.496057,23.861711,23.970638,25904000
2010-06-07,24.028304,24.130825,23.611813,23.637444,15199600
2010-06-08,23.868116,24.182087,23.611813,24.150047,27233700
2010-06-09,24.246159,24.52809,23.90656,23.98345,19570200
2010-06-10,24.547316,24.790801,24.457609,24.733133,20720100
2010-06-11,24.419172,24.906145,24.399951,24.906145,13378500
2010-06-14,25.200884,25.348257,24.854876,24.886913,15212000
2010-06-15,25.181661,25.662227,25.104771,25.643005,11313800
2010-06-16,25.393109,25.75193,25.354663,25.610966,13302100
2010-06-17,25.726304,25.726304,25.309813,25.521263,10471100
2010-06-18,25.655819,25.764746,25.527668,25.668634,12347500
2010-06-21,26.373458,26.469572,25.956967,26.142786,14590800
2010-06-22,26.104358,26.200469,25.598161,25.64942,15835200
2010-06-23,25.783966,25.880078,25.450774,25.764742,22607500
2010-06-24,25.681448,25.681448,25.264957,25.380293,16979800
2010-06-25,25.489227,25.726308,25.239333,25.662231,12608800
2010-06-28,25.66222,25.719888,25.437957,25.527662,8237000
2010-06-29,24.842064,24.867695,24.419166,24.547318,21819600
2010-06-30,24.65624,24.86769,24.310232,24.342272,26323400
2010-07-01,24.438383,24.547313,24.009079,24.489645,27289000
2010-07-02,24.637025,24.758767,24.406353,24.540911,22616500
2010-07-06,25.181665,25.373891,24.765176,24.963808,13537200
2010-07-07,24.963808,25.489227,24.938177,25.450783,13967600
2010-07-08,25.534081,25.630196,25.297003,25.61738,15404000
2010-07-09,25.643016,25.950579,25.591755,25.937763,21336200
2010-07-12,25.816009,25.931345,25.578928,25.739117,13063000
2010-07-13,25.944156,26.129973,25.899301,26.046677,10777800
2010-07-14,25.899299,26.072303,25.803187,26.008228,14355000
2010-07-15,25.892893,25.956968,25.585331,25.944155,11402600
2010-07-16,25.71991,25.745541,25.194491,25.226528,17139200
2010-07-19,25.514855,25.617376,25.303407,25.546892,7344600
2010-07-20,25.399515,26.104346,25.367478,26.033863,15362800
2010-07-21,26.174827,26.187642,25.687854,25.80319,15343400
2010-07-22,26.232491,26.578499,26.21327,26.475979,10383500
2010-07-23,26.424739,26.700261,26.277363,26.687449,12109800
2010-07-26,26.642579,26.873249,26.540056,26.854027,10056300
2010-07-27,27.00781,27.014216,26.668208,26.789953,9774800
2010-07-28,26.661802,26.789954,26.552873,26.661802,9538700
2010-07-29,26.943733,26.982179,26.514428,26.738691,9199700
2010-07-30,26.540058,26.918103,26.463168,26.828398,10322700
2010-08-02,27.373049,27.57809,27.283344,27.526829,9660100
2010-08-03,27.315387,27.475576,27.180826,27.392277,16498500
2010-08-04,27.437121,27.546051,27.238486,27.481974,22460800
2010-08-05,27.289744,27.398671,27.187224,27.385859,11763500
2010-08-06,27.161594,27.373045,27.039852,27.321783,25053200
2010-08-09,27.526839,27.533248,27.405097,27.47558,5688500
2010-08-10,27.014217,27.244889,26.879659,27.091106,12525900
2010-08-11,26.552869,26.552869,26.226085,26.290159,11300400
2010-08-12,26.02746,26.386283,26.021053,26.3158,7448700
2010-08-13,26.431137,26.565695,26.360654,26.469584,15756800
2010-08-16,26.475993,26.71948,26.392694,26.681034,12465400
2010-08-17,26.975779,27.10393,26.841221,26.975779,5776900
2010-08-18,26.93091,27.078283,26.789946,26.93091,7579700
2010-08-19,26.982179,27.027031,26.584912,26.738691,11229800
2010-08-20,26.668204,26.70665,26.4952,26.70665,5182000
2010-08-23,26.802776,26.834814,26.450359,26.469584,18178700
2010-08-24,26.149203,26.302983,25.963383,26.18124,9224900
2010-08-25,25.92494,26.129981,25.668639,26.065907,14689200
2010-08-26,26.181237,28.833961,25.841637,25.880081,12745100
2010-08-27,26.168416,26.424719,25.854445,26.405495,7255600
2010-08-30,26.27735,26.373464,26.001828,26.014641,7003000
2010-08-31,26.021044,26.270937,25.95056,26.142786,13275600
2010-09-01,26.62336,27.078296,26.591323,27.014221,14080700
2010-09-02,26.892471,27.078288,26.854025,27.027029,9447200
2010-09-03,27.373048,27.424307,27.200044,27.328196,16200900
2010-09-07,27.161602,27.16801,26.937338,26.95656,9434200
2010-09-08,27.148782,27.328195,27.097523,27.23208,9419600
2010-09-09,27.514015,27.520424,27.283346,27.366642,13622600
2010-09-10,27.430717,27.520422,27.39227,27.507607,10025800
2010-09-13,27.994572,28.103502,27.94972,28.08428,10523300
2010-09-14,27.981756,28.238058,27.92409,28.097092,10812300
2010-09-15,27.962547,28.141958,27.911288,28.116329,9334700
2010-09-16,27.924096,28.026617,27.872835,27.988171,9589800
2010-09-17,28.109911,28.129135,27.911279,27.975353,7872000
2010-09-20,28.186801,28.455917,28.097093,28.42388,8067900
2010-09-21,28.443099,28.513583,28.225242,28.404655,10763200
2010-09-22,28.462331,28.57126,28.308551,28.411072,12252900
2010-09-23,28.238068,28.494371,28.173994,28.25729,10792400
2010-09-24,28.609697,28.776293,28.603289,28.750662,13481100
2010-09-27,28.737853,28.814746,28.654557,28.693001,14029900
2010-09-28,28.737857,28.942899,28.526409,28.885233,11866300
2010-09-29,28.942904,29.090279,28.872423,28.987759,20675000
2010-09-30,29.212012,29.276087,28.936488,29.128714,17898900
2010-10-01,29.474722,29.63491,29.378607,29.583649,24556100
2010-10-04,29.564428,29.641318,29.359387,29.558022,24180600
2010-10-05,29.705387,30.064208,29.66694,29.993727,19091100
2010-10-06,29.968102,30.096254,29.955287,30.051401,12470300
2010-10-07,30.08984,30.102655,29.622089,29.763056,18802500
2010-10-08,29.750243,30.141103,29.686168,30.077026,12629600
2010-10-11,30.051411,30.109079,29.968112,30.064224,9851800
2010-10-12,29.814324,29.987329,29.622099,29.936069,12793900
2010-10-13,30.294879,30.557589,30.262842,30.410215,21899600
2010-10-14,30.435858,30.544785,30.262854,30.448673,22199200
2010-10-15,30.531956,30.557585,30.179539,30.384581,24502000
2010-10-18,30.147513,30.416631,30.089845,30.36537,19618600
2010-10-19,29.69257,29.884796,29.32734,29.429861,16637700
2010-10-20,29.705399,30.083445,29.666953,29.929663,11648400
2010-10-21,30.11547,30.262844,29.622089,29.897614,17779400
2010-10-22,29.987322,30.051399,29.85917,29.974506,8542900
2010-10-25,30.339734,30.48711,30.250029,30.301291,11398300
2010-10-26,30.08984,30.326921,30.01295,30.301291,12222100
2010-10-27,29.85917,29.865579,29.532386,29.801502,15074000
2010-10-28,30.089842,30.096251,29.833542,29.955284,10048700
2010-10-29,29.910434,30.057808,29.871988,30.032177,13528100
2010-11-01,30.33333,30.499925,30.198772,30.346146,12394400
2010-11-02,30.596052,30.717794,30.538384,30.704979,13297400
2010-11-03,30.788269,30.929235,30.423038,30.91642,43025900
2010-11-04,31.352141,31.608444,31.326511,31.602036,18475700
2010-11-05,31.40339,31.582803,31.396984,31.550766,22568600
2010-11-08,31.294463,31.403391,31.198349,31.396984,13433900
2010-11-09,31.55717,31.595617,30.929231,31.057383,15788800
2010-11-10,31.198347,31.288055,30.839526,31.223978,17155300
2010-11-11,30.954861,31.00612,30.813894,30.986898,17749700
2010-11-12,30.557608,30.679353,30.109081,30.256454,22259600
2010-11-15,30.403812,30.506333,30.185956,30.217993,17930000
2010-11-16,29.897623,29.916845,29.333758,29.41065,20856400
2010-11-17,29.481127,29.718208,29.455499,29.538795,31660300
2010-11-18,30.147517,30.320521,30.109073,30.211594,14110100
2010-11-19,30.089846,30.26285,29.891213,30.250034,10441900
2010-11-22,30.12188,30.288478,29.814318,30.185957,14597300
2010-11-23,29.397839,29.417061,29.12872,29.218426,16452600
2010-11-24,29.686169,29.89121,29.654129,29.86558,22499200
2010-11-26,29.276094,29.417061,29.205613,29.218426,9156700
2010-11-29,29.250459,29.423461,28.962119,29.385017,20637900
2010-11-30,29.01338,29.397834,28.968527,29.179977,20764600
2010-12-01,29.910429,30.083433,29.820724,30.057802,16247800
2010-12-02,30.134688,30.57681,30.115466,30.531958,12438000
2010-12-03,30.307714,30.698575,30.282083,30.634501,18852100
2010-12-06,30.493515,30.666519,30.474293,30.621666,17386600
2010-12-07,30.948458,30.967682,30.461485,30.480707,16940500
2010-12-08,30.403819,30.474302,30.115479,30.294889,16283400
2010-12-09,30.390999,30.397406,30.096252,30.224401,19844000
2010-12-10,30.262851,30.37178,30.166739,30.358965,12982400
2010-12-13,30.557595,30.67934,30.474299,30.519152,12862900
2010-12-14,30.576822,30.647306,30.455077,30.551191,22410800
2010-12-15,30.384583,30.44866,30.070614,30.102652,25601600
2010-12-16,30.141105,30.275663,30.025769,30.275663,19989500
2010-12-17,30.166738,30.282072,30.102661,30.250034,20946600
2010-12-20,30.27566,30.288476,30.070619,30.160324,14435900
2010-12-21,30.506339,30.679343,30.493523,30.551191,20479400
2010-12-22,30.560966,30.704382,30.534889,30.671787,11354400
2010-12-23,30.554443,30.658746,30.554443,30.626152,10104600
2010-12-27,30.56097,30.639197,30.48274,30.567488,11203700
2010-12-28,30.652224,30.658742,30.521844,30.593554,6606300
2010-12-29,30.828249,31.004262,30.821729,30.965147,8565100
2010-12-30,31.167232,31.212865,31.069447,31.186789,6507800
2010-12-31,31.238934,31.388872,31.180265,31.388872,6466300
2011-01-03,31.65616,31.812614,31.64964,31.695272,19627100
2011-01-04,31.81261,31.832168,31.473622,31.81913,17722700
2011-01-05,31.53228,31.786519,31.519242,31.701775,19779300
2011-01-06,31.617045,31.643122,31.349767,31.421476,20625400
2011-01-07,31.284567,31.343238,30.893427,31.128111,16971400
2011-01-10,30.821735,30.86085,30.639204,30.808697,13384900
2011-01-11,31.160716,31.19983,31.023818,31.154198,12041300
2011-01-12,31.584458,31.864775,31.519267,31.864775,20144400
2011-01-13,31.675705,31.695261,31.414944,31.506212,17945000
2011-01-14,31.414962,31.597495,31.388888,31.590975,11803500
2011-01-18,31.551859,31.60401,31.48015,31.584454,10206100
2011-01-19,31.662678,31.662678,31.212869,31.32369,11856700
2011-01-20,31.102045,31.115083,30.736984,31.049894,11339800
2011-01-21,31.049883,31.108554,30.717414,30.74349,13123400
2011-01-24,30.743501,30.978185,30.717425,30.952108,10190200
2011-01-25,30.841284,30.893435,30.574006,30.769575,14081700
2011-01-26,31.075956,31.154186,30.971653,31.0564,15445600
2011-01-27,31.121603,31.167236,30.899958,30.952108,25311200
2011-01-28,30.828239,30.834757,29.909064,29.993809,28234100
2011-01-31,30.221973,30.42406,30.143746,30.306721,24583000
2011-02-01,30.606591,31.017287,30.554438,30.958616,24518200
2011-02-02,30.880387,31.108553,30.684819,30.717413,29050400
2011-02-03,30.795656,30.834769,30.528378,30.691353,25834700
2011-02-04,30.736983,30.756539,30.443629,30.678312,11580900
2011-02-07,30.593554,30.789122,30.547921,30.593554,30602900
2011-02-08,30.508818,30.541412,30.352364,30.508818,38073700
2011-02-09,30.15679,30.15679,29.726537,29.915588,48696000
2011-02-10,29.44622,29.674386,29.335399,29.615715,46760500
2011-02-11,29.407098,29.967731,29.39406,29.941654,38066800
2011-02-14,30.000333,30.052483,29.915585,29.922106,20655700
2011-02-15,29.941669,30.085087,29.856921,29.980783,17139000
2011-02-16,30.111158,30.267614,30.019893,30.248058,19851900
2011-02-17,30.182869,30.430591,30.124198,30.384958,18226600
2011-02-18,30.515327,30.639186,30.397985,30.573997,17423300
2011-02-22,29.980778,30.111156,29.498373,29.550526,26949100
2011-02-23,29.680901,29.785204,29.263686,29.524446,28045200
2011-02-24,29.550529,29.628756,29.302807,29.589642,18214800
2011-02-25,29.882987,30.006847,29.759128,29.993809,19346700
2011-02-28,30.085095,30.261105,30.032942,30.254587,17197000
2011-03-01,30.437095,30.482728,29.902539,29.941654,29526500
2011-03-02,30.0525,30.391487,30.045982,30.358892,23243200
2011-03-03,30.750017,30.978182,30.671789,30.926029,26910400
2011-03-04,30.965142,31.095522,30.691346,30.893433,19880900
2011-03-07,30.997738,31.010776,30.411031,30.521852,18600700
2011-03-08,30.776094,31.043372,30.547931,30.860842,29313700
2011-03-09,30.847805,30.978185,30.710907,30.867361,21133100
2011-03-10,30.326285,30.371918,29.987298,30.013374,22350700
2011-03-11,29.830842,30.352363,29.824324,30.2285,18564500
2011-03-14,30.163307,30.502294,30.08508,30.456661,26666000
2011-03-15,29.257168,30.091596,29.250648,29.974255,38708900
2011-03-16,29.96774,30.026411,29.120271,29.32888,36046100
2011-03-17,29.778696,29.869962,29.563569,29.726543,19433200
2011-03-18,30.045971,30.045971,29.785211,29.817808,23674900
2011-03-21,30.339325,30.443629,30.293693,30.352364,13216800
2011-03-22,30.411035,30.456667,30.300211,30.384958,19705200
2011-03-23,30.489249,30.854312,30.384945,30.776083,17444200
2011-03-24,30.971665,31.186792,30.815211,31.154198,20910900
2011-03-25,31.115083,31.291096,31.030336,31.154198,19629900
2011-03-28,31.088993,31.167222,30.939057,30.971651,21712600
2011-03-29,31.115075,31.317164,30.984695,31.278049,14602200
2011-03-30,31.577923,31.773494,31.551849,31.66267,23649000
2011-03-31,31.87128,32.00166,31.832168,31.910395,22962900
2011-04-01,32.314573,32.523181,32.184193,32.431915,29832400
2011-04-04,32.581849,32.744823,32.490583,32.731785,14661100
2011-04-05,32.54274,32.816539,32.510146,32.640526,21920500
2011-04-06,32.940395,32.992548,32.764382,32.790459,25131800
2011-04-07,32.816526,32.972983,32.614437,32.783932,18994600
2011-04-08,32.953432,32.986026,32.666598,32.83609,18156400
2011-04-11,32.757855,32.79697,32.373235,32.4645,13228700
2011-04-12,32.210262,32.255895,31.812604,31.884314,23547400
2011-04-13,32.431912,32.464506,31.962545,32.099445,14397000
2011-04-14,32.027733,32.308049,31.929947,32.28849,17901400
2011-04-15,32.2559,32.347165,32.086408,32.301533,15413400
2011-04-18,31.682227,31.701786,31.304128,31.551849,17958700
2011-04-19,31.819128,32.008177,31.766975,31.975582,11405600
2011-04-20,32.692675,32.796979,32.568813,32.77742,13698900
2011-04-21,32.953428,33.064252,32.796974,33.057732,10812700
2011-04-25,32.999065,33.025142,32.692675,32.77742,12968700
2011-04-26,32.894756,33.064251,32.718744,33.031654,14601100
2011-04-27,32.992548,33.064257,32.562296,33.025143,17954200
2011-04-28,32.744819,32.803489,32.568806,32.751339,13139300
2011-04-29,32.79699,33.038191,32.738319,32.986038,13366800
2011-05-02,33.1099,33.194645,32.836102,32.933887,16920600
2011-05-03,32.471035,32.510148,32.027745,32.262428,28514100
2011-05-04,32.158125,32.164643,31.525784,31.682238,35558400
2011-05-05,31.428,31.656166,31.102051,31.349773,33800000
2011-05-06,31.825643,32.138554,31.545327,31.773493,28356800
2011-05-09,31.773488,31.923424,31.577916,31.858232,14276200
2011-05-10,31.942987,32.190709,31.897355,32.132038,22756100
2011-05-11,31.969057,31.969057,31.356272,31.545322,23333400
2011-05-12,31.278045,31.662664,31.11507,31.545322,25494400
2011-05-13,31.467095,31.512728,30.736971,30.912981,39648700
2011-05-16,30.802175,31.245466,30.782619,30.906479,16040600
2011-05-17,30.750019,31.049894,30.639198,31.049894,21527000
2011-05-18,31.245451,31.558362,31.115071,31.499691,9276800
2011-05-19,31.45407,31.460588,31.147677,31.343248,14876400
2011-05-20,31.238956,31.284592,30.952122,31.102058,19138000
2011-05-23,30.37191,30.508807,30.274124,30.463175,20700000
2011-05-24,30.743488,30.834754,30.613108,30.723932,20220000
2011-05-25,30.574011,30.886922,30.547934,30.795656,23566600
2011-05-26,30.906462,31.193297,30.86083,31.17374,11640900
2011-05-27,31.421483,31.571419,31.36933,31.486671,16645700
2011-05-31,32.014709,32.053822,31.799582,32.014709,20600000
2011-06-01,31.949505,32.053808,31.506217,31.551849,20522900
2011-06-02,31.753938,31.884318,31.493181,31.825647,9586100
2011-06-03,31.473621,31.80609,31.454065,31.630077,20651200
2011-06-06,31.604014,31.604014,31.154206,31.206356,13755500
2011-06-07,31.610528,31.727867,31.447553,31.454071,14277000
2011-06-08,31.375844,31.441033,31.167237,31.251982,14125500
2011-06-09,31.258486,31.538802,31.160701,31.427979,21468000
2011-06-10,31.08249,31.095528,30.69787,30.782618,17367400
2011-06-13,30.912981,30.965134,30.619629,30.723932,14065100
2011-06-14,31.108557,31.297605,31.102037,31.160707,13857000
2011-06-15,30.750013,30.932546,30.476217,30.547926,24708800
2011-06-16,30.371909,30.541402,30.052479,30.306721,17614600
2011-06-17,30.508829,30.515349,30.261107,30.358892,27241700
2011-06-20,30.182866,30.332803,30.130716,30.274132,12113800
2011-06-21,30.528374,30.854323,30.502297,30.80217,17198900
2011-06-22,30.574007,30.815208,30.521854,30.560968,19447500
2011-06-23,30.143747,30.430581,29.948176,30.404505,19640900
2011-06-24,30.619632,30.652227,30.358872,30.404505,12697100
2011-06-27,30.42407,30.789134,30.365402,30.678312,14577200
2011-06-28,30.750021,31.102046,30.658755,31.07597,14198300
2011-06-29,31.154189,31.421467,31.010771,31.33672,21791700
2011-06-30,31.506224,31.714831,31.427994,31.695272,24351400
2011-07-01,31.682235,32.132046,31.643123,32.060337,14643700
2011-07-05,32.11248,32.138557,31.93647,31.975582,15211900
2011-07-06,31.884309,31.929942,31.688741,31.890827,17959600
2011-07-07,32.210267,32.366723,32.171152,32.275455,13856900
2011-07-08,31.936468,31.942986,31.636593,31.942986,16989400
2011-07-11,31.336727,31.414954,30.99774,31.030334,29405800
2011-07-12,30.860838,31.036851,30.710902,30.756535,15201200
2011-07-13,31.030334,31.493184,30.945589,31.219385,22930200
2011-07-14,31.421469,31.427987,30.847799,30.939064,26887500
2011-07-15,31.232427,31.238945,30.939073,31.115086,23968200
2011-07-18,30.828239,30.88039,30.560961,30.763048,17944400
2011-07-19,30.997749,31.251989,30.893445,31.206356,14880600
2011-07-20,31.356277,31.40191,31.219379,31.271532,13645200
2011-07-21,31.421466,31.780009,31.343239,31.7083,12279700
2011-07-22,31.734379,31.832164,31.577922,31.734379,17812500
2011-07-25,31.512742,31.799576,31.441033,31.695272,17815300
2011-07-26,31.877797,31.982101,31.688746,31.832165,20568800
2011-07-27,31.701782,31.727856,31.225897,31.3302,16224900
2011-07-28,31.454066,31.610522,31.245459,31.362801,16963800
2011-07-29,31.121592,31.558362,31.036844,31.499691,29921100
2011-08-01,31.838685,31.858241,31.186787,31.473621,23282200
2011-08-02,31.212859,31.245454,30.541403,30.554441,19827200
2011-08-03,30.574008,30.580525,29.889513,30.417551,57941000
2011-08-04,29.596147,29.674374,28.644375,28.676971,53168500
2011-08-05,28.866026,28.918179,27.614383,28.455332,53412100
2011-08-08,27.242814,27.588319,25.841233,26.160664,84218900
2011-08-09,26.773451,27.607879,25.912946,27.555729,70857000
2011-08-10,26.77996,27.014642,26.134581,26.134581,45774500
2011-08-11,26.753883,27.972932,26.551794,27.640465,48216500
2011-08-12,27.679572,27.82299,27.314511,27.620901,30435800
2011-08-15,28.044647,28.305405,28.038127,28.285849,20611900
2011-08-16,27.999007,28.181538,27.646982,27.972931,26005100
2011-08-17,28.188056,28.461852,27.992485,28.16198,28824000
2011-08-18,27.210208,27.25584,26.545272,26.969004,31123900
2011-08-19,26.590912,27.249327,26.512682,26.558317,34652400
2011-08-22,26.995083,27.112425,26.454009,26.532236,17535200
2011-08-23,26.871228,27.470973,26.623507,27.444897,25261700
2011-08-24,27.047241,27.360151,26.779963,27.255848,22082500
2011-08-25,27.229766,27.321031,26.56483,26.721287,28424900
2011-08-26,26.740847,27.151543,26.33015,27.118946,27266300
2011-08-29,27.646971,27.992476,27.614376,27.992476,13568700
2011-08-30,27.855596,28.188065,27.699142,28.031609,16784900
2011-08-31,28.540091,28.716104,28.390155,28.637877,23863200
2011-09-01,28.709574,28.918181,28.487929,28.500967,28644400
2011-09-02,28.051165,28.214139,27.751292,27.894711,20675600
2011-09-06,26.995086,27.588313,26.96901,27.562237,24786200
2011-09-07,28.01857,28.396672,27.88819,28.370596,11876500
2011-09-08,27.86863,28.220656,27.718694,27.790403,31514700
2011-09-09,27.379702,27.418817,26.708248,26.82559,34029900
2011-09-12,26.330146,26.760399,26.167172,26.727804,28205700
2011-09-13,26.630027,26.81256,26.42142,26.766928,34523400
2011-09-14,26.584394,26.884269,26.075914,26.656103,37946100
2011-09-15,26.9625,27.034209,26.643069,27.008133,17350500
2011-09-16,27.151546,27.242811,26.825597,27.073317,14933800
2011-09-19,26.160656,26.447491,26.017238,26.310593,21693300
2011-09-20,26.427928,26.643053,26.167168,26.212801,27475800
2011-09-21,26.049829,26.154132,25.215401,25.215401,42542200
2011-09-22,24.048502,24.231032,23.259706,23.468313,60839500
2011-09-23,23.683448,24.081103,23.520473,23.98332,47198900
2011-09-26,23.794272,24.263639,23.455284,24.218006,48254400
2011-09-27,25.019841,25.430535,24.869905,24.980726,53512600
2011-09-28,24.863384,25.065473,24.32231,24.367943,55360800
2011-09-29,25.006801,25.104584,24.322309,24.654776,25792600
2011-09-30,24.035482,24.30276,23.337951,23.35751,82505500
2011-10-03,23.396613,23.716044,22.901171,22.946804,70437700
2011-10-04,22.679526,23.272752,22.301424,23.240158,37435700
2011-10-05,23.155402,23.755147,22.979389,23.644325,26171700
2011-10-06,23.761678,24.485285,23.663892,24.433132,35352900
2011-10-07,24.602629,24.687374,24.01592,24.126741,22779300
2011-10-10,24.824263,25.221919,24.798187,25.215401,16927700
2011-10-11,24.895971,25.378377,24.850339,25.287111,15757200
2011-10-12,25.808629,26.323629,25.782552,25.991159,33934200
2011-10-13,25.795596,25.893382,25.397938,25.802116,23282200
2011-10-14,26.141097,26.264959,25.984642,26.219326,27867900
2011-10-17,25.978124,26.023756,25.371859,25.417494,17982500
2011-10-18,25.45009,26.180215,25.06547,26.069393,34114900
2011-10-19,25.899901,25.997687,25.560914,25.619585,21685400
2011-10-20,25.339275,25.37839,24.674339,25.11763,21934700
2011-10-21,25.515275,25.834706,25.508757,25.815147,22252400
2011-10-24,26.141104,26.890787,26.108509,26.766928,31743800
2011-10-25,26.460526,26.551791,26.173692,26.271475,22296500
2011-10-26,26.819072,26.890781,26.245401,26.740845,14933700
2011-10-27,27.946855,28.637868,27.686098,28.337996,67958300
2011-10-28,27.875139,28.292356,27.816468,28.181532,21817600
2011-10-31,27.646987,27.705658,27.047243,27.073317,27466400
2011-11-01,26.095468,26.72781,25.991164,26.47357,41132900
2011-11-02,27.177615,27.288439,26.83211,27.184135,40603900
2011-11-03,27.392751,27.627435,27.001611,27.484016,19027500
2011-11-04,27.307992,27.399257,26.929893,27.366663,24140200
2011-11-07,27.321035,27.627428,27.190655,27.562237,13267700
2011-11-08,27.607865,27.946852,27.334069,27.90774,16487800
2011-11-09,26.825601,26.949461,26.278006,26.37579,21295600
2011-11-10,26.766928,26.819079,26.336676,26.512686,14127700
2011-11-11,26.884265,27.22325,26.871227,27.118946,7550100
2011-11-14,26.936417,27.014644,26.643062,26.799519,7964000
2011-11-15,26.760393,27.092862,26.577862,26.936405,11414500
2011-11-16,26.460516,26.74735,26.258427,26.30406,24760300
2011-11-17,26.401859,26.454012,25.534834,25.652176,27050100
2011-11-18,25.997677,26.010715,25.593498,25.71084,13666500
2011-11-21,25.052425,25.117614,24.609135,24.915527,16272300
2011-11-22,25.006801,25.163255,24.739523,24.961168,18265000
2011-11-23,24.570023,24.589582,24.204962,24.237556,27847400
2011-11-25,24.257121,24.504843,24.126741,24.126741,10045900
2011-11-28,25.189323,25.261033,24.974199,25.189323,19723300
2011-11-29,25.111094,25.430523,25.045903,25.052423,14727200
2011-11-30,26.271479,26.630022,26.147619,26.610466,25517100
2011-12-01,26.610468,26.812557,26.480088,26.558317,15244600
2011-12-02,26.845153,26.897304,26.460533,26.493128,21057000
2011-12-05,26.969013,26.982052,26.727812,26.929901,40185800
2011-12-06,26.545274,26.695211,26.343185,26.532236,13930300
2011-12-07,26.480082,26.779957,26.330146,26.682171,30186200
2011-12-08,26.271478,26.362744,25.665213,25.776037,14669500
2011-12-09,25.808628,26.297551,25.80211,26.206285,15732500
2011-12-12,25.502233,25.515272,25.098058,25.280588,30489700
2011-12-13,25.508757,25.619578,24.96768,25.065466,25584500
2011-12-14,24.980722,25.104582,24.661294,24.706926,19308800
2011-12-15,25.18281,25.189328,24.79167,24.856861,16025500
2011-12-16,25.111104,25.228446,24.941609,25.032877,24481400
2011-12-19,24.84382,24.863376,24.341859,24.387491,18613100
2011-12-20,25.058956,25.404463,25.032882,25.35231,19927900
2011-12-21,25.309586,25.503146,25.075981,25.483124,23553400
2011-12-22,25.549867,25.770125,25.509821,25.736753,29063900
2011-12-23,25.730081,25.856898,25.649988,25.850222,14636300
2011-12-27,25.649985,25.743427,25.569892,25.643309,15551500
2011-12-28,25.516494,25.536516,25.162748,25.209469,19166300
2011-12-29,25.322933,25.503144,25.296237,25.469772,16190400
2011-12-30,25.463104,25.589918,25.443079,25.503149,15639900
2012-01-03,26.170593,26.350804,26.110523,26.250689,29435300
2012-01-04,26.010411,26.197295,25.943665,26.177273,13972300
2012-01-05,25.983704,26.097169,25.776794,26.050447,18686900
2012-01-06,26.010407,26.023756,25.696706,25.743427,21649100
2012-01-09,25.957002,26.043771,25.830188,25.950329,22563300
2012-01-10,26.577735,26.677853,26.484292,26.531013,16547600
2012-01-11,26.384175,26.564386,26.317431,26.537687,20206000
2012-01-12,26.68453,26.731251,26.484296,26.671181,19255700
2012-01-13,26.457597,26.497645,26.203967,26.444248,13618200
2012-01-17,27.01158,27.07165,26.791321,26.87809,26786400
2012-01-18,27.031598,27.558882,26.984877,27.538857,20889700
2012-01-19,27.705715,27.852554,27.632298,27.79916,16341700
2012-01-20,27.745772,27.865912,27.632307,27.832541,16880900
2012-01-23,27.919295,28.146224,27.852549,27.979362,14202900
2012-01-24,27.739087,28.039436,27.645642,28.032763,12564400
2012-01-25,27.832541,28.426569,27.752448,28.359825,19387300
2012-01-26,28.56006,28.660175,28.152917,28.246359,43435600
2012-01-27,28.266368,28.519998,28.253021,28.453255,20204900
2012-01-30,27.872581,28.112863,27.779139,28.026096,15422600
2012-01-31,28.393179,28.419877,28.092827,28.253016,39885300
2012-02-01,28.693543,29.053962,28.653495,28.907125,39432300
2012-02-02,29.053962,29.247522,28.993891,29.02059,29546200
2012-02-03,29.394355,29.541192,29.240843,29.50782,31704100
2012-02-06,29.107361,29.247524,29.067313,29.234175,21268600
2012-02-07,29.114032,29.360989,28.94717,29.294243,24170600
2012-02-08,29.494479,29.621295,29.387687,29.521177,26597000
2012-02-09,29.547868,29.58124,29.334285,29.50782,21133600
2012-02-10,28.873747,28.913795,28.760282,28.887096,27037400
2012-02-13,29.367661,29.39436,29.147402,29.32094,16566700
2012-02-14,29.154082,29.227501,28.913801,29.107361,13739500
2012-02-15,29.44776,29.44776,29.127386,29.187456,17974400
2012-02-16,29.080671,29.487814,28.987229,29.481138,21315500
2012-02-17,29.601267,29.647989,29.427732,29.554546,22421200
2012-02-21,29.607944,29.627966,29.374336,29.441082,17394000
2012-02-22,29.474456,29.5412,29.374338,29.534527,22059800
2012-02-23,29.441092,29.521185,29.28758,29.467791,19247700
2012-02-24,29.607953,29.781488,29.581255,29.708069,22093300
2012-02-27,29.320951,29.547884,29.194137,29.467791,12416800
2012-02-28,29.641327,29.868259,29.561234,29.84156,25745200
2012-02-29,30.06181,30.215322,29.72141,29.788157,37502500
2012-03-01,29.9083,30.175277,29.874926,30.095184,20749300
2012-03-02,30.008415,30.095184,29.888274,30.015091,9799600
2012-03-05,29.774809,29.781483,29.447759,29.5679,14442600
2012-03-06,28.813686,28.833711,28.426568,28.526686,31132100
2012-03-07,28.800339,28.92048,28.666849,28.867083,21608800
2012-03-08,29.360985,29.567892,29.254194,29.501148,11262100
2012-03-09,29.507831,29.674692,29.467785,29.474459,17740500
2012-03-12,29.307584,29.340956,29.080652,29.200792,10361000
2012-03-13,29.474455,29.981713,29.394362,29.948341,13860100
2012-03-14,29.801504,29.874921,29.381012,29.441082,30530300
2012-03-15,29.621286,29.708052,29.441075,29.681356,15934100
2012-03-16,29.627969,29.768132,29.574574,29.668016,25365200
2012-03-19,29.421055,29.634638,29.354309,29.501148,15598300
2012-03-20,29.007236,29.094005,28.867073,29.087332,20775900
2012-03-21,29.080664,29.207478,28.933825,29.154083,17684300
2012-03-22,28.847052,28.867074,28.586748,28.700212,16047000
2012-03-23,28.746937,28.953847,28.600098,28.907125,13305500
2012-03-26,29.107358,29.374335,29.060637,29.354313,14624300
2012-03-27,29.360985,29.40103,29.200797,29.220819,17383400
2012-03-28,29.080652,29.140723,28.640138,28.806999,15898400
2012-03-29,28.466619,28.760295,28.259709,28.713573,25561800
2012-03-30,29.013918,29.040614,28.746938,29.013918,33896200
2012-04-02,28.947188,29.461123,28.887118,29.340982,34417400
2012-04-03,29.38101,29.474452,29.000565,29.227497,35868100
2012-04-04,28.733589,28.766961,28.499983,28.64682,14487400
2012-04-05,28.66684,28.913795,28.653491,28.813677,14142700
2012-04-09,28.366494,28.513333,28.293074,28.393192,14898900
2012-04-10,28.293076,28.373169,27.765793,27.845888,20828900
2012-04-11,28.239678,28.313095,28.086166,28.126211,19628000
2012-04-12,28.293081,28.847063,28.286408,28.840387,20291300
2012-04-13,28.68019,28.68019,28.35314,28.41321,41026500
2012-04-16,28.613442,28.646814,28.146229,28.279718,33695700
2012-04-17,28.446592,28.653501,28.293079,28.573408,22008100
2012-04-18,28.326455,28.546714,28.306433,28.446596,24114000
2012-04-19,28.433239,28.620125,28.186284,28.353146,14618500
2012-04-20,28.533356,28.680195,28.493308,28.533356,14799600
2012-04-23,28.026094,28.046117,27.705717,28.012745,15237500
2012-04-24,28.059465,28.233,28.012744,28.059465,16710900
2012-04-25,28.279728,28.319776,28.139565,28.299753,22048100
2012-04-26,28.226327,28.533352,28.179606,28.473282,13222900
2012-04-27,28.479957,28.586751,28.333121,28.486633,19214600
2012-04-30,28.506659,28.513335,28.326448,28.406544,29346300
2012-05-01,28.446583,28.847053,28.36649,28.606771,18281400
2012-05-02,28.526687,28.60678,28.379848,28.573408,18263100
2012-05-03,28.586756,28.586756,28.192962,28.299753,24126900
2012-05-04,28.179613,28.199636,27.779144,27.832541,14597800
2012-05-07,27.779147,27.959358,27.745775,27.892614,20463400
2012-05-08,27.625622,27.645645,27.185107,27.492132,30027200
2012-05-09,26.9782,27.291901,26.824688,27.118366,33932400
2012-05-10,27.405378,27.405378,27.18512,27.258539,20783700
2012-05-11,26.911458,27.258531,26.878087,26.88476,14768200
2012-05-14,26.424213,26.464261,26.270701,26.277374,27986000
2012-05-15,26.297415,26.390857,25.963691,26.077156,22141400
2012-05-16,25.916964,26.070477,25.636635,25.663334,27216800
2012-05-17,25.656656,25.716727,25.309584,25.329609,19529700
2012-05-18,25.409707,25.4898,25.042612,25.169426,35088400
2012-05-21,25.289556,25.790141,25.256184,25.750095,23786900
2012-05-22,25.716723,25.90361,25.342955,25.543188,24917900
2012-05-23,25.242837,25.336279,24.782299,25.336279,26443800
2012-05-24,25.403027,25.4097,24.969185,25.182768,18569600
2012-05-25,25.102682,25.209473,24.99589,25.075983,21391800
2012-05-29,25.730082,25.870246,25.556547,25.77013,20573100
2012-05-30,25.282894,25.38301,25.176103,25.296244,28555300
2012-05-31,25.336286,25.516496,25.082657,25.376333,43026500
2012-06-01,24.869064,25.00923,24.735577,24.748926,26069500
2012-06-04,24.782304,24.915794,24.655488,24.842375,23347800
2012-06-05,24.835696,24.995884,24.728904,24.935814,23440000
2012-06-06,25.216135,25.663326,25.209462,25.636627,15291200
2012-06-07,26.177273,26.230667,25.71006,25.756781,18685000
2012-06-08,25.396349,25.603258,25.30958,25.543188,13580500
2012-06-11,25.810161,25.816836,25.216133,25.229483,16353800
2012-06-12,25.596592,25.783479,25.463105,25.756781,24577200
2012-06-13,25.723401,25.930308,25.576562,25.629959,24493300
2012-06-14,25.603265,25.876918,25.476449,25.7768,25287400
2012-06-15,25.903624,26.217322,25.850227,26.190626,36920800
2012-06-18,26.057122,26.357474,25.990376,26.290728,25999700
2012-06-19,26.490966,26.871411,26.470943,26.691202,41175700
2012-06-20,26.697875,26.797993,26.370825,26.651154,29554000
2012-06-21,26.437576,26.477622,25.656662,25.676687,25765200
2012-06-22,25.883589,25.896939,25.616612,25.783474,17082900
2012-06-25,25.389683,25.389683,25.169424,25.316263,27448300
2012-06-26,25.489791,25.649979,25.296234,25.543188,15377000
2012-06-27,25.696708,25.783477,25.616615,25.683359,17699500
2012-06-28,25.449749,25.589912,25.276211,25.576563,14286700
2012-06-29,26.350802,26.671176,26.31743,26.651154,29285800
2012-07-02,26.604425,26.684518,26.424215,26.677845,18237600
2012-07-03,26.918143,27.171772,26.831375,27.165098,18407000
2012-07-05,26.931484,27.058301,26.7446,26.931484,18649900
2012-07-06,26.531017,26.571065,26.317434,26.444248,22628000
2012-07-09,26.310753,26.357477,26.17059,26.324102,11112900
2012-07-10,26.564386,26.591084,25.963685,26.063801,23284300
2012-07-11,26.163926,26.310763,26.003738,26.183949,28661900
2012-07-12,25.690037,25.910293,25.556547,25.77013,22893300
2012-07-13,25.977033,26.28406,25.97036,26.250689,20163400
2012-07-16,26.110525,26.257365,25.997061,26.197294,13316400
2012-07-17,26.377502,26.557713,26.077151,26.510992,28214600
2012-07-18,26.157243,26.524341,26.13722,26.417549,21121200
2012-07-19,26.584409,26.724572,26.490964,26.684525,17270900
2012-07-20,26.364154,26.430898,26.217315,26.284061,14749100
2012-07-23,25.549866,25.756776,25.356309,25.643309,20297600
2012-07-24,25.776809,25.776809,25.362992,25.536528,11305500
2012-07-25,25.710055,25.81017,25.503145,25.643309,18474600
2012-07-26,26.05046,26.250696,25.936996,26.190626,32678300
2012-07-27,26.497638,27.018246,26.430892,26.958176,33030700
2012-07-30,26.771294,26.93148,26.737922,26.797993,17334700
2012-07-31,26.931482,27.038273,26.691203,26.70455,29064600
2012-08-01,26.991554,27.024929,26.73125,26.791321,25117400
2012-08-02,26.470944,26.697876,26.257361,26.417549,33661800
2012-08-03,26.978213,27.278564,26.964866,27.205145,14182000
2012-08-06,27.265203,27.51216,27.258529,27.371994,17828300
2012-08-07,27.445419,27.638979,27.425396,27.425396,20100300
2012-08-08,27.358647,27.625624,27.331949,27.505484,17925200
2012-08-09,27.632304,27.799165,27.592256,27.638977,15486900
2012-08-10,27.538853,27.805833,27.452087,27.765785,15107700
2012-08-13,27.598927,27.679022,27.378671,27.538857,14542000
2012-08-14,27.699047,27.739094,27.478788,27.545534,12311600
2012-08-15,27.445418,27.558885,27.405373,27.472116,9522500
2012-08-16,27.558887,27.785819,27.438746,27.752447,20785000
2012-08-17,27.61227,27.638969,27.465434,27.598921,18921900
2012-08-20,27.432059,27.598921,27.365315,27.598921,18635500
2012-08-21,27.732417,27.839208,27.472113,27.538857,11078500
2012-08-22,27.378661,27.605593,27.298568,27.558872,19441500
2012-08-23,27.472104,27.512152,27.238499,27.318592,12478800
2012-08-24,27.205138,27.412048,27.085,27.331955,18320100
2012-08-27,27.178431,27.205127,27.024919,27.05829,13327700
2012-08-28,26.99823,27.105022,26.951509,27.01158,10077300
2012-08-29,27.024929,27.038276,26.791321,26.87809,11200900
2012-08-30,26.704553,26.717902,26.524345,26.551041,22200100
2012-08-31,26.757939,26.911451,26.571054,26.771288,37323900
2012-09-04,26.797999,26.811345,26.564391,26.644484,21548200
2012-09-05,26.531021,26.577742,26.384181,26.504322,17215700
2012-09-06,26.657823,27.165084,26.637801,27.071642,29104400
2012-09-07,27.438742,27.705719,27.418719,27.705719,23327600
2012-09-10,27.532182,27.625625,27.351971,27.371994,16988100
2012-09-11,27.518837,27.752445,27.505488,27.67235,19306400
2012-09-12,27.825864,27.879261,27.6857,27.792492,20990100
2012-09-13,27.705719,28.593425,27.638976,28.499983,46426200
2012-09-14,28.807013,29.16076,28.746943,28.847061,28960700
2012-09-17,28.726912,28.766957,28.513329,28.593422,26321300
2012-09-18,28.580081,28.66685,28.453267,28.573408,14618300
2012-09-19,28.58675,28.633471,28.486632,28.566725,18620800
2012-09-20,28.266379,28.439916,28.112866,28.426567,15323900
2012-09-21,28.666847,28.673521,28.453265,28.466614,14766700
2012-09-24,28.36863,28.517299,28.287539,28.45648,14587400
2012-09-25,28.517287,28.551074,28.037494,28.04425,16980000
2012-09-26,27.969921,28.003709,27.74692,27.915861,23871300
2012-09-27,28.260496,28.436197,28.118586,28.361862,16421700
2012-09-28,28.301056,28.314572,28.105084,28.192934,19055600
2012-10-01,28.436197,28.713261,28.402407,28.490257,13696900
2012-10-02,28.638943,28.679487,28.348363,28.470001,18495100
2012-10-03,28.510539,28.517298,28.267265,28.321325,13027200
2012-10-04,28.409173,28.611903,28.341595,28.584871,19160500
2012-10-05,28.733537,28.828144,28.46323,28.564596,26957200
2012-10-08,28.213204,28.361873,28.179416,28.301054,12132200
2012-10-09,28.28753,28.530806,27.996951,28.071285,15267400
2012-10-10,28.125348,28.138864,27.875316,27.929379,14868700
2012-10-11,28.26051,28.34836,28.192934,28.192934,10853800
2012-10-12,28.17941,28.307804,28.057772,28.111832,15733100
2012-10-15,28.186173,28.348357,28.07805,28.301054,12002000
2012-10-16,28.463227,28.659199,28.463227,28.551077,24583500
2012-10-17,28.652444,28.855173,28.551078,28.780838,20533700
2012-10-18,28.625409,28.828138,28.584862,28.699743,14395100
2012-10-19,28.510539,28.517298,28.172656,28.25375,18703100
2012-10-22,28.490253,28.611891,28.341584,28.544315,15256600
2012-10-23,28.071284,28.07804,27.787461,27.949646,16777800
2012-10-24,28.192934,28.246994,27.983446,27.996962,11277600
2012-10-25,28.395659,28.429447,28.132111,28.274021,11473400
2012-10-26,28.111833,28.172652,27.963166,28.078045,13957800
2012-10-31,28.152391,28.206453,27.936146,28.037512,20021100
2012-11-01,28.260509,28.510541,28.246993,28.449722,18799600
2012-11-02,28.598388,28.611904,28.206446,28.274021,18809700
2012-11-05,28.267252,28.409163,28.199674,28.409163,15446800
2012-11-06,28.469976,28.672705,28.442945,28.591614,18335500
2012-11-07,28.368618,28.375377,27.983432,28.15913,36917500
2012-11-08,28.12535,28.294292,27.787468,27.814499,32682500
2012-11-09,27.868558,28.111831,27.828011,27.915861,32991700
2012-11-12,28.023993,28.084812,27.949658,27.996962,12163400
2012-11-13,27.65907,27.882071,27.577978,27.733404,14613800
2012-11-14,27.780706,27.814494,27.273882,27.327942,21341400
2012-11-15,27.382001,27.510396,27.26712,27.422548,19735500
2012-11-16,27.395521,27.503643,27.159001,27.490128,20789500
2012-11-19,27.719882,27.976673,27.713123,27.976673,14642900
2012-11-20,27.746921,27.915862,27.672587,27.909103,17975600
2012-11-21,27.807749,27.922628,27.733415,27.868568,12253600
2012-11-23,28.199688,28.341598,28.179416,28.301054,5113900
2012-11-26,28.206438,28.341589,28.152376,28.341589,11487700
2012-11-27,28.314556,28.334828,28.084796,28.105068,10176700
2012-11-28,27.929385,28.267268,27.834776,28.240236,16353500
2012-11-29,28.402413,28.53081,28.287534,28.436203,16230100
2012-11-30,28.503787,28.510543,28.334845,28.395664,32907600
2012-12-03,28.605144,28.605144,28.388897,28.402412,25021400
2012-12-04,28.510531,28.632169,28.469987,28.476744,23493300
2012-12-05,28.774094,28.949792,28.693,28.801123,17532300
2012-12-06,28.84842,29.024121,28.821392,28.983574,17100700
2012-12-07,29.071407,29.118711,28.949769,29.084923,15659600
2012-12-10,29.111967,29.328212,29.084936,29.280909,13555800
2012-12-11,29.314692,29.463359,29.274145,29.429571,18825500
2012-12-12,29.544453,29.713394,29.463359,29.544453,22271600
2012-12-13,29.517424,29.598515,29.341723,29.402542,20015300
2012-12-14,29.456606,29.612031,29.436333,29.551212,17409300
2012-12-17,29.497157,29.645823,29.45661,29.625551,22566600
2012-12-18,29.605277,29.835038,29.47688,29.808006,20192700
2012-12-19,29.855306,29.943156,29.75394,29.767456,24975700
2012-12-20,29.794761,29.992756,29.712833,29.972275,26727000
2012-12-21,29.487526,29.651385,29.446564,29.644556,36781400
2012-12-24,29.624083,29.630912,29.514845,29.58312,3808000
2012-12-26,29.787933,29.856206,29.651385,29.658211,12662200
2012-12-27,29.828898,29.910829,29.610422,29.869864,15200700
2012-12-28,29.842555,30.074686,29.815245,29.958622,17555700
2012-12-31,29.999594,30.457031,29.938147,30.402411,23846300
2013-01-02,30.812046,31.051004,30.805218,31.044178,25446200
2013-01-03,30.832536,31.091978,30.798399,30.859846,47765500
2013-01-04,30.709643,30.921294,30.682333,30.914465,19000300
2013-01-07,30.655022,30.702814,30.593576,30.648193,16385200
2013-01-08,30.525298,30.552608,30.31365,30.395578,16626800
2013-01-09,30.518483,30.614066,30.491173,30.573101,15458300
2013-01-10,30.757442,30.873509,30.627722,30.846199,22008300
2013-01-11,30.579904,30.634522,30.504802,30.61404,20592300
2013-01-14,30.736956,30.771092,30.586752,30.736956,14793500
2013-01-15,30.552613,30.620886,30.45703,30.620886,15723900
2013-01-16,30.375095,30.593572,30.368266,30.566261,12085600
2013-01-17,30.723294,30.893979,30.695983,30.777914,15182200
2013-01-18,30.784747,30.832539,30.689164,30.812057,10905200
2013-01-22,30.730124,30.784744,30.675506,30.784744,12863000
2013-01-23,30.641357,30.655012,30.518464,30.586737,20810700
2013-01-24,30.566259,30.675498,30.40923,30.497984,17504400
2013-01-25,30.436543,30.484334,30.259029,30.422888,13662100
2013-01-28,30.334129,30.340955,30.108823,30.19758,22382700
2013-01-29,30.368263,30.607223,30.354608,30.552603,21512200
2013-01-30,30.422889,30.497988,30.381923,30.395578,14045900
2013-01-31,30.436543,30.470679,30.327302,30.422888,26095400
2013-02-01,30.593562,30.702801,30.497977,30.627699,12021200
2013-02-04,30.402405,30.409234,30.142966,30.23172,13499000
2013-02-05,30.375103,30.409239,30.238554,30.320482,33305400
2013-02-06,30.142967,30.252205,30.061037,30.245377,18427800
2013-02-07,30.204427,30.21808,29.869884,29.999603,14299500
2013-02-08,30.088348,30.245378,30.074693,30.238552,13048000
2013-02-11,30.170269,30.231716,30.074686,30.22489,10492600
2013-02-12,30.19076,30.368271,30.108829,30.272688,11362600
2013-02-13,30.44337,30.491162,30.347787,30.395578,10556900
2013-02-14,30.272672,30.416047,30.245362,30.368256,10268300
2013-02-15,30.40241,30.40241,30.265864,30.320482,13824200
2013-02-19,30.334139,30.429722,30.313658,30.334139,19722800
2013-02-20,30.463857,30.470686,30.054214,30.054214,30313700
2013-02-21,29.82889,29.842545,29.569451,29.712826,26589300
2013-02-22,29.897188,29.897188,29.692367,29.828913,18602100
2013-02-25,30.06786,30.09517,29.344155,29.38512,29123800
2013-02-26,29.542155,29.651393,29.39878,29.58312,30166000
2013-02-27,29.596763,29.910825,29.576282,29.849379,20752600
2013-02-28,29.849382,29.910829,29.685524,29.706005,31158700
2013-03-01,29.617259,29.781115,29.501192,29.746979,17239900
2013-03-04,29.426091,29.521676,29.330508,29.487537,18459000
2013-03-05,29.787942,29.904007,29.753806,29.822079,17769800
2013-03-06,29.972288,30.026906,29.876702,29.979115,13156800
2013-03-07,29.985939,30.09518,29.958631,30.054214,18762400
2013-03-08,30.245375,30.361442,30.115655,30.327303,27187200
2013-03-11,30.170283,30.204422,30.061045,30.190767,14793400
2013-03-12,30.054213,30.067868,29.815252,29.883528,17453400
2013-03-13,29.828897,29.835726,29.583113,29.596766,12152600
2013-03-14,29.706013,29.801599,29.692361,29.746979,13816800
2013-03-15,29.596781,29.624091,29.480716,29.501198,12922000
2013-03-18,29.166659,29.330515,29.15983,29.173485,17460800
2013-03-19,29.207617,29.228101,28.777492,28.948177,15842900
2013-03-20,29.166646,29.214438,29.098371,29.118855,19376800
2013-03-21,28.968665,29.009631,28.791151,28.852598,17197000
2013-03-22,28.878557,28.95376,28.817026,28.940088,18292100
2013-03-25,29.097338,29.117847,28.748661,28.878561,16929500
2013-03-26,29.097343,29.227241,29.090505,29.206732,21237300
2013-03-27,29.03581,29.329792,28.953767,29.316118,11982900
2013-03-28,29.247753,29.363979,29.19306,29.329796,17741300
2013-04-01,29.316117,29.3503,29.015297,29.069992,21973300
2013-04-02,29.227243,29.227243,29.049488,29.097345,25705400
2013-04-03,29.056324,29.090508,28.680302,28.734995,14592800
2013-04-04,28.741837,28.810203,28.570917,28.728163,22689600
2013-04-05,28.276928,28.755503,28.222232,28.687134,26455900
2013-04-08,28.577745,28.776013,28.516214,28.762339,11990100
2013-04-09,28.782843,29.199887,28.721311,29.06315,14343000
2013-04-10,29.240913,29.4802,29.220404,29.316118,12786300
2013-04-11,29.34347,29.398165,29.227245,29.309286,10005100
2013-04-12,29.015304,29.04949,28.714487,28.946938,36404100
2013-04-15,28.68713,28.700804,28.188046,28.188046,22504100
2013-04-16,28.796526,28.851221,28.577749,28.8102,14326000
2013-04-17,28.564076,28.570914,28.188053,28.393156,19005000
2013-04-18,28.564066,28.57774,28.290596,28.454678,15909400
2013-04-19,28.817038,28.905914,28.734994,28.864895,13701500
2013-04-22,28.93325,28.960598,28.714473,28.940088,15684100
2013-04-23,28.89908,29.15204,28.864897,29.083673,16112400
2013-04-24,29.152046,29.377661,29.138372,29.268272,13020700
2013-04-25,29.404993,29.630608,29.37081,29.514381,10662000
2013-04-26,29.357137,29.404995,29.145199,29.240913,8478200
2013-04-29,29.473369,29.630615,29.384491,29.548574,9419400
2013-04-30,29.610096,29.999793,29.521218,29.917749,18425900
2013-05-01,29.876736,29.883572,29.534897,29.603264,13443000
2013-05-02,29.787859,29.883573,29.712654,29.876738,14142600
2013-05-03,30.040819,30.25276,30.006635,30.081841,13122800
2013-05-06,30.102358,30.163889,30.027153,30.116032,10360300
2013-05-07,30.239093,30.423687,30.198072,30.35532,11356500
2013-05-08,30.485208,30.635618,30.485208,30.621944,8591000
2013-05-09,30.505722,30.587765,30.252762,30.38266,10075900
2013-05-10,30.252752,30.293774,30.116016,30.266426,10651600
2013-05-13,30.081839,30.102348,29.965615,29.99296,6943700
2013-05-14,30.075006,30.218578,30.047659,30.136538,16897600
2013-05-15,30.054512,30.143391,29.965635,30.109207,17981000
2013-05-16,30.081839,30.198063,29.979286,29.99296,12388400
2013-05-17,30.075011,30.157051,29.999805,30.09552,13544200
2013-05-20,30.068163,30.191225,30.006632,30.163877,11132900
2013-05-21,30.122853,30.266424,29.931421,30.143362,12035000
2013-05-22,30.184388,30.471531,29.698974,29.801527,17340800
2013-05-23,29.295602,29.582748,29.165704,29.582748,20936300
2013-05-24,29.363978,29.363978,29.117853,29.288773,22998800
2013-05-28,29.630598,29.657946,29.363964,29.432331,17409200
2013-05-29,29.179382,29.254587,28.994789,29.022137,18052400
2013-05-30,28.946936,29.158877,28.912753,28.953772,20826400
2013-05-31,28.762343,28.762343,28.38632,28.399994,30571000
2013-06-03,28.523052,28.892236,28.311111,28.851217,27019400
2013-06-04,28.837549,28.837549,28.41367,28.523058,18723900
2013-06-05,28.461526,28.4752,27.935093,27.941929,19904700
2013-06-06,27.89406,28.229063,27.839367,28.229063,18915000
2013-06-07,28.092337,28.297439,27.935091,28.10601,14339100
2013-06-10,27.839375,27.86672,27.620598,27.709475,16252000
2013-06-11,27.142023,27.347126,27.046309,27.162533,19352200
2013-06-12,27.394986,27.401824,26.930084,26.977942,16641000
2013-06-13,26.977939,27.600086,26.95743,27.600086,20134600
2013-06-14,27.56591,27.58642,27.094173,27.203562,25794300
2013-06-17,27.497536,27.600086,27.258247,27.394983,20658000
2013-06-18,27.292427,27.47702,27.217224,27.456511,19146900
2013-06-19,27.278752,27.340283,26.560888,26.5814,36388300
2013-06-20,25.979779,25.993453,25.125181,25.425999,79385400
2013-06-21,25.781504,25.986607,25.36446,25.877218,45082800
2013-06-24,25.292379,25.583414,24.959768,25.292379,51498400
2013-06-25,25.715065,25.819004,25.4171,25.77743,45888900
2013-06-26,26.05461,26.366434,26.026894,26.32486,37348400
2013-06-27,26.518883,26.77527,26.511952,26.726765,43154000
2013-06-28,26.51195,26.941576,26.491163,26.879211,37191500
2013-07-01,27.024727,27.135597,26.86535,26.927715,21667300
2013-07-02,26.87228,27.066305,26.290209,26.470375,24205200
2013-07-03,26.186277,26.477311,26.089265,26.262501,20680400
2013-07-05,26.373362,26.380291,25.874443,26.137762,26303700
2013-07-08,26.1447,26.359512,26.075406,26.179346,19516800
2013-07-09,26.456522,26.546606,26.283287,26.491169,18296600
2013-07-10,26.359503,26.51888,26.220914,26.234774,32041300
2013-07-11,27.121742,27.475143,27.003943,27.454353,54366800
2013-07-12,27.149458,27.239541,27.066305,27.163317,13095500
2013-07-15,27.301913,27.627594,27.301913,27.516724,16138600
2013-07-16,27.57909,27.606809,27.36428,27.565231,12195300
2013-07-17,27.79389,27.835465,27.703807,27.79389,22000400
2013-07-18,27.648381,27.745392,27.475145,27.523651,22677600
2013-07-19,27.468211,27.488998,27.336553,27.405846,20427200
2013-07-22,27.468206,27.745384,27.391982,27.696878,17309900
2013-07-23,27.974056,28.084926,27.856257,28.001774,16429600
2013-07-24,27.960204,27.960204,27.516722,27.662239,18677000
2013-07-25,27.592939,27.856258,27.565221,27.849327,12092600
2013-07-26,27.662238,27.766181,27.433569,27.759253,12764500
2013-07-29,27.509798,27.523657,27.391996,27.412786,18507300
2013-07-30,27.49593,27.509789,27.204893,27.225683,23454600
2013-07-31,27.052448,27.405847,26.927718,27.066307,21470300
2013-08-01,27.371208,27.683033,27.322703,27.565231,15774300
2013-08-02,27.475145,27.731532,27.475145,27.579084,17624200
2013-08-05,27.488997,27.488997,27.281115,27.371199,9279000
2013-08-06,27.267257,27.267257,26.976222,27.031656,17316700
2013-08-07,26.809914,26.913856,26.719833,26.719833,15020500
2013-08-08,27.094022,27.405847,26.90693,27.315763,14770900
2013-08-09,27.315768,27.558299,27.288053,27.426641,12429900
2013-08-12,27.558301,27.780042,27.530583,27.648384,9830500
2013-08-13,27.814687,27.842405,27.641451,27.759253,15318100
2013-08-14,27.87011,27.918616,27.814674,27.842392,11819400
2013-08-15,27.516724,27.592948,27.267264,27.516724,13614500
2013-08-16,27.509787,27.537505,27.197963,27.21875,18802300
2013-08-19,26.969285,27.003934,26.643604,26.685179,18225100
2013-08-20,26.588175,26.809916,26.567387,26.650539,18965400
2013-08-21,26.345652,26.380299,25.999181,26.061546,19546700
2013-08-22,26.366438,26.532745,26.331792,26.48424,14534500
2013-08-23,26.685196,26.830715,26.53275,26.796066,16412100
2013-08-26,26.823781,26.823781,26.414945,26.47731,8761100
2013-08-27,25.985319,26.013037,25.74279,25.791296,26627400
2013-08-28,25.722006,26.03383,25.604207,25.770512,20212000
2013-08-29,26.013038,26.22092,25.881377,25.922955,18987400
2013-08-30,26.241702,26.241702,25.943737,26.137762,47137400
2013-09-03,26.477303,26.588174,26.200128,26.290209,29742300
2013-09-04,26.428806,26.719843,26.359513,26.699053,15429300
2013-09-05,26.733701,27.128677,26.692123,27.059381,18443500
2013-09-06,27.412782,27.558299,27.149464,27.426641,20473300
2013-09-09,27.717668,28.278952,27.703809,28.230446,21642900
2013-09-10,28.382893,28.493763,28.306669,28.452188,30922900
2013-09-11,28.348255,28.549209,28.278962,28.493773,18174100
2013-09-12,28.403685,28.410614,28.10572,28.119579,19544100
2013-09-13,28.154226,28.362108,28.10572,28.327461,19008600
2013-09-16,28.770942,28.826376,28.583848,28.639284,19618100
2013-09-17,28.687794,28.708581,28.556133,28.618498,18979700
2013-09-18,28.521485,29.803427,28.369037,29.775711,30886500
2013-09-19,29.720272,29.727203,29.463885,29.657907,30950400
2013-09-20,29.526246,29.526246,28.902598,28.951103,25118500
2013-09-23,29.045435,29.199153,28.961591,29.101334,22042800
2013-09-24,28.961582,29.010492,28.765942,28.807865,18014700
2013-09-25,28.856789,28.863778,28.605252,28.633202,16543200
2013-09-26,28.738006,28.856786,28.542365,28.717043,11859400
2013-09-27,28.451533,28.486468,28.234932,28.31179,17579700
2013-09-30,28.046283,28.165065,27.850645,28.039297,26400200
2013-10-01,28.227937,28.612228,28.220949,28.598253,16989800
2013-10-02,28.451529,28.724026,28.37467,28.689091,10574200
2013-10-03,28.821853,28.905697,28.416599,28.61224,15040400
2013-10-04,28.703062,29.038443,28.654149,28.996519,14847900
2013-10-07,28.626207,28.898704,28.605244,28.738001,15935200
2013-10-08,28.849791,28.884726,28.437551,28.4655,23228800
2013-10-09,28.696077,28.800884,28.437554,28.689091,20172000
2013-10-10,29.052421,29.394788,29.024471,29.331903,16318100
2013-10-11,29.192172,29.478643,29.150251,29.450697,11041300
2013-10-14,29.206141,29.702225,29.143257,29.639341,15091100
2013-10-15,29.450695,29.5555,29.185184,29.283003,19654800
2013-10-16,29.415754,29.62537,29.380819,29.492613,18815300
2013-10-17,29.471671,29.723208,29.415773,29.695259,17451300
2013-10-18,29.828013,29.862951,29.674299,29.695259,16546000
2013-10-21,29.737157,29.779078,29.590425,29.709208,13128700
2013-10-22,29.876903,30.156388,29.848956,29.98171,19353200
2013-10-23,29.527545,29.541519,29.296972,29.324921,22265300
2013-10-24,29.450695,29.464667,29.199159,29.262043,18132700
2013-10-25,29.31793,29.443698,29.213125,29.429724,14390700
2013-10-28,29.401775,29.55549,29.394787,29.513569,13861700
2013-10-29,29.61839,29.660313,29.56948,29.597429,9218500
2013-10-30,29.716205,29.723194,29.303965,29.450697,17838800
2013-10-31,29.59742,29.59742,29.241076,29.255051,20353600
2013-11-01,29.289987,29.38082,29.052428,29.241077,19047400
2013-11-04,29.338893,29.436712,29.31793,29.429724,12040900
2013-11-05,29.038453,29.080374,28.835826,28.842812,17095000
2013-11-06,29.073391,29.094351,28.912687,28.947622,15901700
2013-11-07,29.010505,29.031465,28.388652,28.444548,19648100
2013-11-08,28.262887,28.367692,28.116158,28.346731,47208300
2013-11-11,28.346722,28.381658,28.15807,28.213968,10337900
2013-11-12,28.193015,28.220964,27.850648,28.018337,18527500
2013-11-13,27.808722,28.186027,27.773787,28.130129,19114000
2013-11-14,28.151075,28.612224,28.088191,28.591261,14657100
2013-11-15,28.821841,29.199146,28.821841,29.073378,18723400
2013-11-18,29.443714,29.67429,29.338909,29.359869,17858700
2013-11-19,29.394785,29.422734,29.06639,29.080364,18596600
2013-11-20,29.136271,29.178192,28.654159,28.717043,25865700
2013-11-21,28.633194,28.758962,28.57031,28.710052,12720800
2013-11-22,28.731015,28.954602,28.69608,28.891718,9531100
2013-11-25,28.919661,28.919661,28.51441,28.542356,15174100
2013-11-26,28.535375,28.661143,28.409607,28.563324,12566300
2013-11-27,28.619215,28.807868,28.570306,28.744984,9395600
2013-11-29,28.933638,29.073381,28.891715,28.982548,8886600
2013-12-02,28.912685,28.961595,28.381663,28.437561,24138300
2013-12-03,28.35371,28.556334,28.172043,28.332747,21322000
2013-12-04,28.206978,28.430566,28.060249,28.339735,29191100
2013-12-05,28.283844,28.472496,28.227949,28.248909,27715500
2013-12-06,28.6821,28.961585,28.654151,28.877741,23180700
2013-12-09,28.9476,29.052408,28.870741,28.884716,15373900
2013-12-10,28.772943,28.954606,28.758968,28.940632,26049000
2013-12-11,28.717036,28.724024,28.262875,28.353708,25228300
2013-12-12,28.151086,28.206982,27.962434,28.102177,19571300
2013-12-13,28.199993,28.241914,28.06025,28.186018,18957500
2013-12-16,28.318769,28.542357,28.311783,28.325758,15484000
2013-12-17,28.290821,28.318768,28.088194,28.137104,15132200
2013-12-18,28.269858,28.912674,27.808709,28.598253,37865600
2013-12-19,28.116143,28.220948,27.899541,28.123129,20168300
2013-12-20,28.155446,28.267843,28.036023,28.064123,21910500
2013-12-23,28.246777,28.401323,28.197603,28.267853,19991100
2013-12-24,28.359167,28.457514,28.352144,28.415367,10329600
2013-12-26,28.345114,28.352141,28.197594,28.232718,8545800
2013-12-27,28.42239,28.56991,28.39429,28.56991,12732200
2013-12-30,28.576933,28.745527,28.562883,28.67528,12105200
2013-12-31,28.773627,28.914124,28.576933,28.900074,13949700
2014-01-02,28.45752,28.47157,27.846362,27.888512,48716300
2014-01-03,28.036038,28.050088,27.726947,27.853394,44478300
2014-01-06,27.776102,27.790152,27.586432,27.586432,14390900
2014-01-07,27.748009,27.846356,27.642636,27.698835,15990800
2014-01-08,27.762063,27.790163,27.558343,27.649666,21010100
2014-01-09,27.54429,27.579413,27.263299,27.474043,16266900
2014-01-10,27.642634,28.106272,27.642634,28.007925,26005300
2014-01-13,28.036023,28.078173,27.57941,27.656683,16094200
2014-01-14,27.839332,28.029002,27.691808,27.965778,12584300
2014-01-15,27.923634,28.036031,27.909584,27.958757,13821900
2014-01-16,27.951737,28.00091,27.75504,27.804216,12403800
2014-01-17,27.818263,27.818263,27.649669,27.705866,9840600
2014-01-21,27.832307,27.839333,27.495116,27.621563,19951000
2014-01-22,27.811227,27.993871,27.74098,27.972797,16219800
2014-01-23,27.705862,27.712888,27.136854,27.333548,19647300
2014-01-24,26.989328,26.989328,26.631064,26.666187,32588900
2014-01-27,26.624039,26.70131,26.272799,26.490566,33060600
2014-01-28,26.62404,26.771561,26.574867,26.666187,22512700
2014-01-29,26.23065,26.53974,26.125276,26.195526,33390800
2014-01-30,26.602968,26.659168,26.392224,26.469498,25723100
2014-01-31,26.16743,26.602968,26.13933,26.462471,24855500
2014-02-03,26.343052,26.350075,25.745943,25.759991,31513700
2014-02-04,26.216603,26.49057,26.153379,26.3571,22462700
2014-02-05,26.2728,26.43437,26.08313,26.265774,17615800
2014-02-06,26.427341,26.806682,26.406268,26.785608,28605500
2014-02-07,26.968259,27.052556,26.771565,26.890985,18019700
2014-02-10,26.848833,26.848833,26.511642,26.588913,9570000
2014-02-11,26.729406,27.214119,26.729406,27.150896,26770500
2014-02-12,27.312479,27.452976,27.059585,27.108759,16511100
2014-02-13,26.764539,27.164953,26.736442,27.136856,18583900
2014-02-14,27.305448,27.607515,27.263301,27.467018,10676700
2014-02-18,27.474043,27.53024,27.235199,27.235199,12031000
2014-02-19,27.18603,27.368674,27.031483,27.11578,34637000
2014-02-20,27.087675,27.319493,26.954202,27.256269,27963500
2014-02-21,27.284368,27.509162,27.284368,27.445938,26589200
2014-02-24,27.396764,27.656681,27.37569,27.417837,18554500
2014-02-25,27.354616,27.40379,26.989326,27.073626,14129700
2014-02-26,27.150891,27.200065,26.905021,27.003368,14250900
2014-02-27,27.249247,27.572387,27.207097,27.537264,19574100
2014-02-28,27.537262,27.59346,27.171972,27.319492,21899800
2014-03-03,26.827758,26.926108,26.638088,26.841808,26634900
2014-03-04,27.340569,27.410819,27.186025,27.284372,13426800
2014-03-05,27.221153,27.38975,27.179003,27.368673,10025800
2014-03-06,27.565359,27.87445,27.565359,27.748003,13865300
2014-03-07,27.621572,27.642645,27.221157,27.361654,19698800
2014-03-10,27.214129,27.228176,27.003382,27.200079,14103000
2014-03-11,27.235196,27.347592,26.820732,26.883955,17460500
2014-03-12,26.771557,27.010401,26.715357,26.989325,19015100
2014-03-13,27.031479,27.066603,26.385198,26.525692,18654100
2014-03-14,26.581894,26.841812,26.581894,26.701315,15544300
2014-03-17,26.982301,27.059574,26.905028,26.989325,13620200
2014-03-18,27.066605,27.431895,27.045531,27.403795,14198000
2014-03-19,27.186029,27.340573,26.715365,26.862888,22847800
2014-03-20,26.666184,27.066598,26.588911,26.989325,18680400
2014-03-21,27.15792,27.502137,27.108746,27.150896,19791100
2014-03-24,27.389742,27.474039,27.228169,27.389742,23802000
2014-03-25,27.667968,27.886326,27.639795,27.815889,17673500
2014-03-26,27.984938,28.090596,27.794756,27.822931,26585300
2014-03-27,27.900417,28.175124,27.872241,28.146948,16809800
2014-03-28,28.400525,28.583664,28.365306,28.372349,15315900
2014-03-31,28.583662,28.738623,28.534353,28.583662,20248500
2014-04-01,28.858379,28.872467,28.710458,28.858379,12472100
2014-04-02,28.773851,28.985166,28.73159,28.964033,11813800
2014-04-03,28.816108,28.830196,28.52027,28.794977,23427100
2014-04-04,29.133076,29.323258,28.703405,28.745668,38442400
2014-04-07,28.844284,28.971072,28.724538,28.900633,12439600
2014-04-08,29.302132,29.42892,29.090819,29.168301,29428700
2014-04-09,29.302123,29.527523,29.006285,29.400738,13632000
2014-04-10,29.435949,29.534562,29.076715,29.118979,18638200
2014-04-11,28.907677,29.147166,28.900632,29.104902,15167400
2014-04-14,29.147163,29.189424,28.907674,29.062635,11506100
2014-04-15,28.886543,28.886543,28.259647,28.632969,23778900
2014-04-16,28.696371,28.97812,28.668195,28.928814,12091800
2014-04-17,29.013334,29.365524,28.907679,29.273956,10141600
2014-04-21,29.175334,29.217598,29.006285,29.083767,8541100
2014-04-22,29.076738,29.140132,28.978125,28.98517,9462800
2014-04-23,28.886543,28.893589,28.632969,28.830194,14422900
2014-04-24,28.879501,28.879501,28.576618,28.830194,10679300
2014-04-25,28.562528,28.562528,28.301909,28.499134,15519200
2014-04-28,28.520268,28.689317,28.351216,28.583662,11892700
2014-04-29,28.780897,29.006298,28.766809,28.858379,15126200
2014-04-30,28.647062,28.837244,28.625931,28.837244,11793000
2014-05-01,28.773852,28.921774,28.661152,28.858379,8681600
2014-05-02,28.837249,29.126044,28.794988,29.048565,14743400
2014-05-05,28.893592,28.935856,28.780892,28.921768,11111900
2014-05-06,28.935863,29.203525,28.928818,29.034475,9665900
2014-05-07,28.971069,29.231688,28.928805,29.2176,8329300
2014-05-08,29.295089,29.372571,29.140125,29.140125,12276300
2014-05-09,29.175327,29.252809,29.069672,29.118979,13521100
2014-05-12,29.499356,29.626144,29.435962,29.590923,12806900
2014-05-13,29.626138,29.81632,29.590917,29.717705,14746500
2014-05-14,29.816324,29.999461,29.802236,29.914936,16633300
2014-05-15,29.872681,29.872681,29.499361,29.64728,11088300
2014-05-16,29.865631,30.062856,29.781104,30.01355,11901400
2014-05-19,29.978329,30.076942,29.957196,30.027636,6559100
2014-05-20,29.879724,29.978339,29.668411,29.774069,11702000
2014-05-21,29.907887,30.027632,29.907887,29.985369,15397100
2014-05-22,30.168526,30.224875,30.119217,30.217833,8280700
2014-05-23,30.224875,30.302357,30.189657,30.217833,20551100
2014-05-27,30.112161,30.154425,29.844497,29.971285,11396400
2014-05-28,30.013553,30.126254,29.943114,30.08399,10312700
2014-05-29,30.168514,30.189645,30.055811,30.119205,7035300
2014-05-30,29.96425,30.006511,29.682498,29.731804,13774100
2014-06-02,29.865639,29.957207,29.851551,29.879725,9076500
2014-06-03,29.914938,30.133294,29.886762,30.048769,7256200
2014-06-04,29.914946,29.929033,29.809288,29.879725,6949900
2014-06-05,30.168526,30.288269,30.076956,30.217833,9615200
2014-06-06,30.436186,30.633413,30.436186,30.541843,9160500
2014-06-09,30.584106,30.767245,30.541845,30.732027,9324400
2014-06-10,30.781332,30.872902,30.696807,30.851768,9653100
2014-06-11,30.710882,30.81654,30.675664,30.746103,7968900
2014-06-12,30.837683,30.851771,30.541846,30.60524,9127000
2014-06-13,30.619321,30.739064,30.527751,30.717934,7699200
2014-06-16,30.598182,30.619315,30.450263,30.520702,8539900
2014-06-17,30.492537,30.541843,30.386879,30.541843,9028300
2014-06-18,30.471399,30.915158,30.386875,30.894028,17662300
2014-06-19,30.788367,30.858806,30.62636,30.703842,8962100
2014-06-20,30.67567,30.732022,30.591145,30.717934,14210300
2014-06-23,30.661589,30.668634,30.485495,30.577065,15211800
2014-06-24,30.70365,30.874346,30.490283,30.532957,17451200
2014-06-25,30.646759,30.68232,30.547188,30.660984,13493500
2014-06-26,30.70366,30.70366,30.547192,30.646763,11566300
2014-06-27,30.668088,30.753437,30.561405,30.724987,7431000
2014-06-30,30.78189,30.789003,30.618308,30.675207,8567700
2014-07-01,30.838781,30.988138,30.838781,30.952578,10496300
2014-07-02,31.052158,31.137505,31.052158,31.137505,7641100
2014-07-03,31.094838,31.343767,31.045053,31.301092,6807600
2014-07-07,31.329525,31.372199,31.258403,31.365086,8695700
2014-07-08,31.386438,31.386438,31.151732,31.229967,7398000
2014-07-09,31.229965,31.436221,31.21574,31.414883,16559400
2014-07-10,30.959686,31.251288,30.853003,31.222841,18552700
2014-07-11,31.151724,31.308195,31.116163,31.279745,7000100
2014-07-14,31.450443,31.528678,31.386432,31.521564,6750600
2014-07-15,31.542908,31.578471,31.336654,31.478897,7029400
2014-07-16,31.642475,31.692261,31.528679,31.578465,6164500
2014-07-17,31.301083,31.386432,30.917022,30.973919,9976700
2014-07-18,31.350885,31.542914,31.315321,31.457567,5486600
2014-07-21,31.350872,31.642474,31.301083,31.57135,18890200
2014-07-22,31.877182,31.962528,31.862957,31.898518,13261400
2014-07-23,31.97675,31.983864,31.855843,31.905628,5720500
2014-07-24,31.976758,32.126115,31.955422,32.062107,11809400
2014-07-25,31.898515,31.969639,31.834504,31.934078,9415600
2014-07-28,31.934074,32.118992,31.870063,32.104767,7212300
2014-07-29,32.083438,32.090549,31.813171,31.813171,9090800
2014-07-30,31.912735,31.95541,31.478886,31.649582,12966300
2014-07-31,31.279743,31.315304,30.959691,31.094826,12562700
2014-08-01,31.187285,31.350869,30.988142,31.279745,18805600
2014-08-04,31.493109,31.685141,31.322416,31.635355,9841300
2014-08-05,31.32242,31.386431,31.045042,31.158838,12124800
2014-08-06,30.98814,31.094825,30.909905,30.938354,11361000
2014-08-07,31.030814,31.059261,30.703648,30.796108,13451300
2014-08-08,30.945473,31.18729,30.874351,31.137505,13077200
2014-08-11,31.336653,31.614031,31.315314,31.585581,9570000
2014-08-12,31.457548,31.599794,31.436212,31.59268,10632900
2014-08-13,31.841616,31.905626,31.649584,31.727819,8844800
2014-08-14,31.749165,31.820289,31.685154,31.749165,4965400
2014-08-15,31.870066,31.891402,31.521563,31.706484,11960400
2014-08-18,31.934074,32.04787,31.8345,32.033646,6372200
2014-08-19,32.06211,32.225692,32.06211,32.218578,6587000
2014-08-20,32.083431,32.239902,32.04787,32.168777,7220200
2014-08-21,32.175891,32.232788,32.083431,32.140327,8392800
2014-08-22,32.154555,32.183005,31.912738,31.998087,7724500
2014-08-25,32.090546,32.282577,32.076321,32.268353,6201100
2014-08-26,32.29681,32.460392,32.29681,32.446167,7718900
2014-08-27,32.503059,32.616855,32.446159,32.609741,6193700
2014-08-28,32.168774,32.31102,32.147438,32.31102,5110500
2014-08-29,32.339481,32.360817,32.204347,32.289696,8893300
2014-09-02,32.311036,32.375046,32.239914,32.35371,8423100
2014-09-03,33.000915,33.000915,32.808883,32.89423,9409000
2014-09-04,32.979599,33.022274,32.673771,32.752007,8460100
2014-09-05,32.872906,33.064938,32.75911,33.064938,12796400
2014-09-08,33.00803,33.00803,32.623967,32.680866,10875600
2014-09-09,32.503066,32.559963,32.161678,32.282585,16864600
2014-09-10,31.969635,32.190113,31.89851,32.140327,9892500
2014-09-11,31.955419,31.969644,31.855848,31.912745,16440700
2014-09-12,31.685154,31.692267,31.393551,31.478897,12908600
2014-09-15,31.443333,31.443333,31.229965,31.343761,8249800
2014-09-16,31.251308,31.976759,31.251308,31.742056,16662400
2014-09-17,31.742054,31.791839,31.407776,31.436226,17700000
2014-09-18,31.528674,31.628246,31.45755,31.507336,6975000
2014-09-19,31.599787,31.649572,31.180163,31.272623,9872600
2014-09-22,31.037922,31.059258,30.682308,30.810329,8417100
2014-09-23,30.753439,30.867235,30.575632,30.611193,9503300
2014-09-24,30.809546,31.125764,30.687373,31.089828,24576300
2014-09-25,30.593954,30.601143,30.292112,30.371164,10643000
2014-09-26,30.399906,30.687377,30.363973,30.565201,10346400
2014-09-29,29.839347,30.062137,29.781851,29.911213,9813500
2014-09-30,29.860894,30.026189,29.774654,29.975882,17054200
2014-10-01,29.875274,29.875274,29.37939,29.400949,16451400
2014-10-02,29.465628,29.753099,29.127851,29.580616,13899500
2014-10-03,29.6453,29.904023,29.55906,29.824968,10816200
2014-10-06,30.536449,30.572383,30.306471,30.356781,13566700
2014-10-07,30.356788,30.378347,30.062132,30.062132,9017600
2014-10-08,30.126801,30.601128,29.796212,30.522074,20005800
2014-10-09,30.450219,30.457407,30.019016,30.09807,16903600
2014-10-10,29.868083,29.882457,29.400944,29.415318,14541000
2014-10-13,29.939957,30.191491,29.760288,29.774662,13471900
2014-10-14,29.817787,30.119629,29.681237,29.911213,21901300
2014-10-15,29.400945,29.616547,28.847566,29.494373,22885200
2014-10-16,28.811621,29.53748,28.74694,29.199705,19816000
2014-10-17,29.39377,29.781852,29.39377,29.573439,14580100
2014-10-20,29.487178,29.645287,29.444059,29.59498,12094500
2014-10-21,29.501558,29.868083,29.501558,29.731533,12031700
2014-10-22,29.731534,29.753096,29.40813,29.494373,10747800
2014-10-23,29.537492,29.681227,29.472811,29.523121,12315200
2014-10-24,29.580629,29.925592,29.537508,29.803419,10254100
2014-10-27,29.23565,29.508747,29.156596,29.494373,13554900
2014-10-28,29.882467,30.169935,29.824971,30.112442,11078200
2014-10-29,30.277733,30.392721,29.904022,30.054943,18343100
2014-10-30,30.191492,30.522084,30.169933,30.399908,10325600
2014-10-31,30.529265,30.708934,30.493332,30.644253,11619800
2014-11-03,30.543639,30.572387,30.349597,30.435837,10467100
2014-11-04,30.435839,30.493334,30.270544,30.464586,9961400
2014-11-05,30.28491,30.328032,30.119616,30.28491,11449600
2014-11-06,30.112431,30.148364,29.84652,29.853708,11926800
2014-11-07,29.868088,30.047756,29.868088,30.047756,9549300
2014-11-10,30.342419,30.342419,30.054949,30.069323,6117000
2014-11-11,30.047765,30.155564,29.990269,30.119631,6155100
2014-11-12,30.090879,30.234614,30.004639,30.033386,10036500
2014-11-13,30.184303,30.191489,29.889647,29.961514,5725300
2014-11-14,29.990274,30.277744,29.95434,30.277744,9329700
2014-11-17,29.968706,29.975892,29.853719,29.896837,8701400
2014-11-18,29.92558,30.076501,29.896833,30.047756,10234500
2014-11-19,30.011831,30.198687,29.882472,30.105259,11202500
2014-11-20,30.10525,30.19149,30.004636,30.054943,5362600
2014-11-21,30.773615,30.996405,30.701748,30.982031,20346300
2014-11-24,30.845491,30.867053,30.708944,30.744877,6854500
2014-11-25,30.79519,30.79519,30.514908,30.543655,8999400
2014-11-26,30.78081,30.902983,30.752062,30.859861,9824500
2014-11-28,30.543635,30.543635,30.270538,30.306471,8916300
2014-12-01,29.975892,29.975892,29.69561,29.753105,15525800
2014-12-02,29.846514,29.889635,29.731526,29.738714,10411600
2014-12-03,29.853706,29.975879,29.817773,29.889639,11135700
2014-12-04,29.968696,29.98307,29.810587,29.853708,8921900
2014-12-05,29.745913,29.904022,29.659673,29.832153,9472900
2014-12-08,29.623738,29.709978,29.28596,29.350641,8763600
2014-12-09,28.912238,29.034414,28.825998,29.020041,10952400
2014-12-10,28.991306,29.020054,28.581663,28.603222,18882400
2014-12-11,28.481044,28.631965,28.308561,28.337309,20709000
2014-12-12,28.287001,28.30856,27.906104,27.91329,13660100
2014-12-15,27.83424,27.891735,27.208994,27.35273,22763900
2014-12-16,26.935894,27.582702,26.806533,27.101189,32239800
2014-12-17,27.288045,28.322934,27.288045,27.942038,44882800
2014-12-18,28.409175,28.524162,28.179199,28.373241,20617900
2014-12-19,28.40918,28.617596,28.380435,28.509794,21019200
2014-12-22,28.750891,28.924131,28.743671,28.880819,18404500
2014-12-23,28.729231,28.729231,28.483805,28.649828,17551100
2014-12-24,28.642611,28.736451,28.548771,28.707577,7001000
2014-12-26,28.909698,29.082941,28.902481,28.902481,7018900
2014-12-29,28.967441,29.046844,28.794199,28.808636,14944200
2014-12-30,28.83751,28.960222,28.779762,28.888039,17308200
2014-12-31,28.967441,29.039624,28.83751,28.888039,13162800
2015-01-02,28.837513,28.84473,28.49103,28.555996,17844900
2015-01-05,28.454938,28.454938,28.057927,28.101238,17336400
2015-01-06,28.101231,28.231163,27.826931,27.964083,13779200
2015-01-07,28.476584,28.642607,28.397182,28.606516,11570800
2015-01-08,28.989092,29.191206,28.967437,29.090149,9996800
2015-01-09,29.104595,29.126249,28.837515,28.945789,9140200
2015-01-12,28.823081,28.873609,28.613746,28.685932,10631000
2015-01-13,29.075716,29.162339,28.64983,28.888039,14364400
2015-01-14,28.628173,28.830287,28.527116,28.779758,14774300
2015-01-15,29.198428,29.277831,28.844726,28.866383,16712300
2015-01-16,28.815853,29.176773,28.808636,29.155119,14325300
2015-01-20,29.075716,29.082936,28.938568,29.054062,15672600
2015-01-21,29.30671,29.739815,29.299492,29.703724,15433200
2015-01-22,29.949146,30.346157,29.797557,30.33172,15263300
2015-01-23,30.194576,30.230667,30.057424,30.071861,11386400
2015-01-26,29.956355,30.208998,29.920264,30.107941,9006500
2015-01-27,29.768686,30.028546,29.718155,29.949146,8518600
2015-01-28,29.891408,29.956373,29.552142,29.595453,7616000
2015-01-29,29.660403,29.696494,29.321137,29.624311,19101200
2015-01-30,29.104588,29.191208,28.815851,28.830288,22047700
2015-02-02,29.16234,29.4222,29.075717,29.3428,15944400
2015-02-03,29.617091,29.891391,29.595436,29.862516,20858100
2015-02-04,29.732593,29.956364,29.631536,29.66041,8677100
2015-02-05,29.645973,29.905836,29.609882,29.884182,11220500
2015-02-06,29.429415,29.602655,29.299484,29.393324,19724000
2015-02-09,29.299493,29.443862,29.277839,29.357239,7247100
2015-02-10,29.285036,29.335564,29.176759,29.30669,8334500
2015-02-11,29.07571,29.248953,28.931344,29.176767,8760600
2015-02-12,29.472728,29.898611,29.465509,29.855303,12508900
2015-02-13,29.970797,30.187348,29.963577,30.158474,9417500
2015-02-17,30.136815,30.136815,29.840861,30.064632,11226100
2015-02-18,29.999672,30.136821,29.884178,30.09351,8921500
2015-02-19,29.89861,30.136819,29.826427,29.99967,9102100
2015-02-20,29.898611,30.194568,29.797554,30.151257,9549800
2015-02-23,30.057414,30.071851,29.783114,29.862516,8091300
2015-02-24,29.9708,30.346157,29.848086,30.273972,14370900
2015-02-25,30.136815,30.266747,30.100724,30.172907,17352900
2015-02-26,30.172911,30.223439,30.122382,30.151257,8884800
2015-02-27,30.136815,30.34615,30.115161,30.172907,8053900
2015-03-02,30.122381,30.136818,30.006886,30.129601,10396600
2015-03-03,29.949143,29.949143,29.819211,29.855303,10312800
2015-03-04,29.552124,29.588219,29.335573,29.508816,8853100
2015-03-05,29.552128,29.573785,29.335576,29.451071,10768900
2015-03-06,29.212869,29.248961,28.902478,28.974661,11776300
2015-03-09,29.003534,29.003534,28.851948,28.859165,11645900
2015-03-10,28.46937,28.498244,28.260038,28.260038,11056900
2015-03-11,28.433274,28.534331,28.31778,28.483803,14603600
2015-03-12,28.786977,28.888034,28.599297,28.642609,11430700
2015-03-13,28.440494,28.440494,28.14454,28.296125,11391200
2015-03-16,28.541558,28.664269,28.498246,28.628178,8754600
2015-03-17,28.56321,28.880819,28.527119,28.808636,22040000
2015-03-18,28.7942,29.645972,28.736454,29.552132,15803800
2015-03-19,29.220083,29.277832,28.953003,29.032406,14064600
2015-03-20,29.292267,29.523255,29.285047,29.393324,9673000
2015-03-23,29.5016,29.552129,29.371669,29.479946,10710700
2015-03-24,29.552142,29.631545,29.494396,29.595453,9908500
2015-03-25,29.603398,29.603398,29.082773,29.082773,12034800
2015-03-26,29.053835,29.053835,28.786292,28.916449,15470600
2015-03-27,28.981535,29.046611,28.894762,28.981535,11582700
2015-03-30,29.256312,29.654012,29.256312,29.574474,8958700
2015-03-31,29.43708,29.596161,29.357539,29.552774,7977300
2015-04-01,29.856487,30.022798,29.791409,29.950487,19184900
2015-04-02,30.189094,30.4711,30.15294,30.413254,8147100
2015-04-06,30.688033,30.962809,30.651879,30.782036,9861400
2015-04-07,30.818194,30.876043,30.7025,30.709732,8011500
2015-04-08,31.418353,31.497894,31.215886,31.331583,12052700
2015-04-09,31.613581,31.787122,31.519578,31.736506,13440400
2015-04-10,31.570206,31.693133,31.483435,31.671438,16176100
2015-04-13,31.765432,31.888356,31.534043,31.562967,9835600
2015-04-14,31.570196,31.729277,31.418347,31.649736,8511700
2015-04-15,31.642514,31.859444,31.555744,31.837749,7688700
2015-04-16,31.910053,32.286061,31.881128,32.12698,9275300
2015-04-17,31.468969,31.54851,31.280964,31.468969,15807600
2015-04-20,31.411121,31.454507,31.338812,31.367737,7263500
2015-04-21,31.693119,31.758195,31.591884,31.613579,13383700
2015-04-22,31.83774,31.989591,31.736508,31.982359,7972000
2015-04-23,31.758212,32.228223,31.750982,32.141453,10249500
2015-04-24,32.307766,32.329458,32.249917,32.300533,9414500
2015-04-27,32.430676,32.539141,32.394522,32.437908,12363400
2015-04-28,32.539152,32.597,32.394533,32.51746,9074100
2015-04-29,32.21376,32.30053,32.054681,32.170376,13425300
2015-04-30,31.953437,31.953437,31.714818,31.743742,12762400
2015-05-01,31.859443,32.011292,31.750978,31.931751,16071600
2015-05-04,31.989595,32.126982,31.924517,32.090828,9339800
2015-05-05,31.93176,31.967914,31.736525,31.758217,8205000
2015-05-06,31.801585,31.837739,31.280957,31.338806,11969200
2015-05-07,31.179735,31.309891,31.078502,31.295429,10209000
2015-05-08,31.700363,31.902828,31.628055,31.772671,10508200
2015-05-11,31.779899,31.830515,31.454507,31.468969,6711000
2015-05-12,31.266523,31.461755,31.208674,31.382217,6223800
2015-05-13,31.685894,31.743743,31.425581,31.461735,8898200
2015-05-14,31.642522,31.794374,31.591906,31.758217,7597900
2015-05-15,31.787135,32.090835,31.736519,32.083603,11497700
2015-05-18,31.924522,31.960676,31.758209,31.772671,9050400
2015-05-19,31.859437,31.873899,31.765434,31.844975,8265600
2015-05-20,31.750981,31.888368,31.642516,31.801598,9714800
2015-05-21,31.591895,31.729285,31.562974,31.70759,9166900
2015-05-22,31.852214,31.895601,31.73652,31.787136,9856400
2015-05-26,31.649745,31.649745,31.215888,31.317123,8760500
2015-05-27,31.158048,31.432824,31.08574,31.396667,8811600
2015-05-28,30.919413,30.984492,30.774797,30.95557,9480300
2015-05-29,30.890504,30.926658,30.608499,30.615728,9557900
2015-06-01,30.731421,30.760345,30.485569,30.594034,12350000
2015-06-02,30.565113,30.832656,30.521726,30.702499,11940100
2015-06-03,30.572332,30.651873,30.456637,30.55064,19170100
2015-06-04,30.319256,30.391564,30.066175,30.102329,10652300
2015-06-05,29.907092,30.087865,29.784165,29.957708,8362200
2015-06-08,29.972169,30.044477,29.921553,29.943245,9510900
2015-06-09,29.791397,29.834781,29.697394,29.726318,9589800
2015-06-10,30.058939,30.232482,30.015553,30.160172,8038500
2015-06-11,30.102325,30.102325,29.928782,30.037247,7797900
2015-06-12,30.044479,30.12402,29.979401,30.044479,12815300
2015-06-15,29.719089,29.762476,29.625089,29.740784,9747600
2015-06-16,29.697394,29.82755,29.625086,29.805859,7337200
2015-06-17,29.784172,30.124027,29.632324,29.99387,14673000
2015-06-18,30.160181,30.340954,30.124027,30.261414,17347100
2015-06-19,30.102332,30.17464,29.986637,29.986637,16788300
2015-06-22,30.413249,30.471095,30.3554,30.377092,10445000
2015-06-23,30.543422,30.680808,30.507265,30.651884,7286300
2015-06-24,30.651875,30.731416,30.485564,30.492794,10280000
2015-06-25,30.586801,30.586801,30.362645,30.384336,9855100
2015-06-26,30.133286,30.25735,30.067604,30.104094,8493300
2015-06-29,29.637015,29.73189,29.425374,29.43997,18997300
2015-06-30,30.001915,30.001915,29.739188,29.834063,20400900
2015-07-01,29.972723,30.023808,29.746485,29.834063,16460800
2015-07-02,30.009222,30.133289,29.921647,29.972733,9116100
2015-07-06,29.191842,29.374291,29.009393,29.140757,14949800
2015-07-07,28.556933,28.724785,28.126353,28.695593,18876400
2015-07-08,27.863626,27.98769,27.608198,27.637388,21238300
2015-07-09,28.454748,28.600705,28.192021,28.199318,18488900
2015-07-10,28.921818,29.067778,28.753966,28.994797,16651400
2015-07-13,29.162659,29.242937,29.104277,29.177256,20934700
2015-07-14,29.118869,29.279422,29.038591,29.250233,10899400
2015-07-15,29.082366,29.111558,28.878024,28.89262,11107800
2015-07-16,29.199138,29.279416,29.12616,29.23563,7439900
2015-07-17,29.308609,29.345098,29.199138,29.228331,8366500
2015-07-20,29.0386,29.111578,28.856151,29.045897,9953900
2015-07-21,29.118868,29.21374,29.045887,29.053186,8696200
2015-07-22,28.797757,28.841546,28.629904,28.666393,9318100
2015-07-23,28.6299,28.673689,28.389069,28.425558,9391100
2015-07-24,28.221218,28.221218,27.878216,28.016876,9799800
2015-07-27,27.48412,27.527909,27.308968,27.389246,16577500
2015-07-28,27.542502,27.65197,27.389243,27.65197,17999500
2015-07-29,27.673874,28.016879,27.600896,27.907412,12955200
2015-07-30,27.710367,27.754153,27.549811,27.73226,10258100
2015-07-31,27.973086,28.097149,27.849019,27.965786,16153200
2015-08-03,27.666568,27.703057,27.396544,27.506012,13893800
2015-08-04,27.724957,27.819829,27.498719,27.593594,12430300
2015-08-05,27.834427,27.914705,27.579,27.622786,11748600
2015-08-06,27.476829,27.527914,27.338166,27.425743,12595100
2015-08-07,27.418436,27.527907,27.345458,27.396544,15026300
2015-08-10,27.527906,27.929293,27.527906,27.863611,9670300
2015-08-11,27.308967,27.338159,27.031646,27.265181,13511000
2015-08-12,26.768927,26.849205,26.622967,26.841906,21512500
2015-08-13,26.863793,26.944068,26.739726,26.790812,10543300
2015-08-14,26.849206,26.944078,26.827311,26.871099,8488500
2015-08-17,26.520794,26.615668,26.425919,26.586475,11034300
2015-08-18,26.287258,26.35294,26.199683,26.279959,10526800
2015-08-19,26.104805,26.199679,25.710714,25.922356,51010200
2015-08-20,25.586658,25.674232,25.484484,25.528273,24409500
2015-08-21,25.214446,25.243639,24.710888,24.710888,28574600
2015-08-24,22.95209,24.207338,22.550702,23.492138,57267200
2015-08-25,24.922542,24.980924,23.805952,23.813251,46411700
2015-08-26,24.375194,24.667111,23.900826,24.637918,41855600
2015-08-27,25.280138,25.645036,24.886047,25.63044,33427600
2015-08-28,25.302035,25.455295,25.134182,25.258249,38196200
2015-08-31,25.02471,25.287437,24.813068,25.207159,36190300
2015-09-01,24.513857,24.637921,24.112469,24.221937,38527100
2015-09-02,24.550345,24.594133,24.265725,24.586834,28058000
2015-09-03,24.616022,25.002814,24.601426,24.696301,24315200
2015-09-04,24.14895,24.258421,23.805945,23.922712,32687900
2015-09-08,24.616028,24.740094,24.513857,24.725498,27382300
2015-09-09,25.192566,25.207162,24.564941,24.586834,23291100
2015-09-10,24.550345,24.929839,24.528452,24.769283,17698900
2015-09-11,24.718195,24.871454,24.645217,24.864155,19755800
2015-09-14,24.805773,24.907944,24.659813,24.864155,15522700
2015-09-15,24.834963,25.163372,24.820367,25.119583,11497900
2015-09-16,25.433396,25.761805,25.396907,25.703423,19198000
2015-09-17,25.469888,26.272663,25.411503,25.703423,35484800
2015-09-18,25.411504,25.53557,25.039309,25.075798,25827900
2015-09-21,25.192563,25.243649,25.039307,25.134178,18833600
2015-09-22,24.61602,24.696298,24.462763,24.645212,22127100
2015-09-23,24.528448,24.572234,24.258424,24.273018,16098700
2015-09-24,23.900822,24.287613,23.740266,24.229231,38040700
2015-09-25,24.488167,24.547354,24.118255,24.184839,24883000
2015-09-28,23.918505,23.970292,23.59298,23.644768,26861500
2015-09-29,23.733555,23.948101,23.652172,23.83713,17911600
2015-09-30,24.421585,24.532559,24.266222,24.480772,25326500
2015-10-01,24.665728,24.702718,24.3624,24.562153,22868900
2015-10-02,24.451182,25.213203,24.369801,25.205803,25144000
2015-10-05,25.501732,25.745872,25.457341,25.708881,20860400
2015-10-06,25.657098,25.738479,25.52393,25.642302,19085300
2015-10-07,26.189765,26.50049,26.093588,26.278543,25467000
2015-10-08,26.152776,26.64106,26.100989,26.618866,19821600
2015-10-09,26.729841,26.877807,26.567079,26.64846,14719900
2015-10-12,26.752028,26.759425,26.463498,26.500488,10790600
2015-10-13,26.182374,26.389524,26.012215,26.027012,16355100
2015-10-14,26.211962,26.374724,26.160175,26.226759,20882400
2015-10-15,26.648461,26.863011,26.485699,26.826017,13702000
2015-10-16,26.774235,26.929601,26.648467,26.907404,15284900
2015-10-19,26.641056,26.663253,26.493094,26.633659,11931000
2015-10-20,26.567081,26.655859,26.4931,26.574478,13382600
2015-10-21,26.470895,26.478295,26.189764,26.189764,18034900
2015-10-22,26.507893,26.818617,26.507893,26.75943,13883500
2015-10-23,26.966581,27.025765,26.803818,26.936987,13522100
2015-10-26,26.766828,26.803819,26.611466,26.633659,10645900
2015-10-27,26.396915,26.433905,26.256349,26.389515,25301900
2015-10-28,26.396917,26.522686,25.916031,26.100986,22700000
2015-10-29,25.81245,25.930822,25.760663,25.81245,13553100
2015-10-30,25.945624,25.960421,25.775465,25.775465,16265300
2015-11-02,25.99002,26.278551,25.975223,26.263754,14081100
2015-11-03,26.19717,26.707647,26.189773,26.589275,10746600
2015-11-04,26.826007,26.855601,26.382114,26.441301,14083600
2015-11-05,26.419115,26.596674,26.337734,26.478302,11034000
2015-11-06,25.93082,26.204554,25.812448,26.18236,15823800
2015-11-09,25.834646,25.90863,25.472134,25.568312,21176300
2015-11-10,25.464737,25.546118,25.353765,25.50173,19953100
2015-11-11,25.694081,25.694081,25.457337,25.531319,9942300
2015-11-12,25.435151,25.568319,25.235398,25.264992,11957500
2015-11-13,25.16141,25.176206,24.850685,24.932066,21667000
2015-11-16,25.043031,25.479527,25.01344,25.47213,13815000
2015-11-17,25.494325,25.546112,25.353759,25.442537,32174300
2015-11-18,25.383364,25.671895,25.331577,25.642302,17408200
2015-11-19,25.745874,25.893839,25.71628,25.834652,16116300
2015-11-20,26.041802,26.219358,25.997411,26.056599,13749200
2015-11-23,25.953031,26.027012,25.782869,25.842056,19688800
2015-11-24,25.671887,25.953021,25.590506,25.90863,18208200
2015-11-25,25.753272,25.753272,25.597907,25.708881,14325600
2015-11-27,25.353768,25.398158,25.109624,25.146618,11853100
2015-11-30,25.094828,25.2206,25.035644,25.183609,20716500
2015-12-01,25.294569,25.37595,25.227984,25.331562,25152600
2015-12-02,25.257587,25.301977,24.976453,25.08003,20783200
2015-12-03,25.205805,25.250195,24.88768,25.006052,18260800
2015-12-04,24.835884,25.168805,24.784096,25.102221,21296900
2015-12-07,24.969067,24.969067,24.673136,24.74712,17519800
2015-12-08,24.244028,24.465974,24.170044,24.451178,27372400
2015-12-09,24.643536,24.643536,24.19964,24.273624,22757400
2015-12-10,24.177449,24.25143,23.985093,24.029484,18375700
2015-12-11,23.541191,23.570785,23.311846,23.348837,35139000
2015-12-14,23.615184,23.748351,23.400634,23.733557,34610700
2015-12-15,24.007287,24.192243,24.007287,24.081268,25302800
2015-12-16,24.229233,24.636136,24.118259,24.488171,27582500
2015-12-17,24.62874,24.66573,24.273624,24.273624,25812300
2015-12-18,24.258829,24.34021,24.140457,24.147854,25895500
2015-12-21,24.325532,24.392442,24.15454,24.318096,27997300
2015-12-22,24.303231,24.511398,24.295798,24.503962,23691400
2015-12-23,24.712127,24.883119,24.682389,24.86825,26337300
2015-12-24,24.76417,24.860815,24.741864,24.793905,8553500
2015-12-28,24.674948,24.704686,24.541128,24.667515,22117000
2015-12-29,24.719559,24.764167,24.630346,24.652649,15829400
2015-12-30,24.414747,24.48909,24.295796,24.310665,18923200
2015-12-31,24.318096,24.459353,24.280924,24.318096,18736900
2016-01-04,23.671302,23.701039,23.4334,23.626696,27116100
2016-01-05,23.715907,23.767948,23.61926,23.678736,17664200
2016-01-06,23.284715,23.396232,23.158329,23.254978,19744800
2016-01-07,22.660214,22.950159,22.489222,22.504091,29616400
2016-01-08,22.660217,22.734562,22.273625,22.303364,32237200
2016-01-11,22.422309,22.466916,22.013415,22.206711,22946800
2016-01-12,22.422316,22.511531,22.110069,22.288496,18211700
2016-01-13,22.474354,22.563568,21.968811,22.035721,25802600
2016-01-14,22.058027,22.392578,21.879601,22.318233,28402100
2016-01-15,21.448409,21.56736,21.143596,21.381498,30550400
2016-01-19,21.916779,21.946518,21.507885,21.678877,27171300
2016-01-20,21.19563,21.403795,20.801603,21.225367,37987300
2016-01-21,21.173327,21.559919,21.032073,21.262541,35402900
2016-01-22,21.887032,21.998548,21.76808,21.983679,27700100
2016-01-25,21.775511,21.90933,21.597083,21.619387,23231500
2016-01-26,21.723477,21.961381,21.701175,21.931643,19936800
2016-01-27,21.887035,22.147241,21.693739,21.790386,27060500
2016-01-28,22.154673,22.288493,21.968811,22.139805,24075900
2016-01-29,22.593309,22.950164,22.556137,22.920425,26927300
2016-02-01,22.533832,22.764301,22.466922,22.689957,24750700
2016-02-02,22.3108,22.355406,21.953946,22.013422,29716500
2016-02-03,22.266191,22.623044,21.887034,22.60074,32564800
2016-02-04,22.764301,23.03194,22.600742,22.756866,29315800
2016-02-05,22.712257,22.7643,22.437183,22.518963,21578900
2016-02-08,22.236448,22.325662,21.961374,22.206711,21019500
2016-02-09,21.805253,22.154672,21.716039,21.924204,24152800
2016-02-10,22.147238,22.38514,21.991114,21.991114,24953100
2016-02-11,21.597093,21.805259,21.485577,21.671438,33509500
2016-02-12,21.857294,22.05059,21.730908,22.028286,14751400
2016-02-16,22.459486,22.593307,22.392577,22.5487,15600800
2016-02-17,22.741999,23.07655,22.741999,23.017073,14718700
2016-02-18,23.091413,23.143454,22.883249,22.905552,19042100
2016-02-19,22.786605,22.92786,22.682523,22.808908,12877300
2016-02-22,23.195505,23.3888,23.158332,23.373932,11432300
2016-02-23,23.136022,23.15089,22.868382,22.868382,15057200
2016-02-24,22.526396,22.935292,22.40001,22.868382,26766800
2016-02-25,22.764298,22.942725,22.645346,22.905552,13856000
2016-02-26,23.046809,23.069113,22.660217,22.704824,23966300
2016-02-29,22.875815,23.083979,22.831208,22.846077,15013400
2016-03-01,23.314448,23.723342,23.292144,23.678736,18666900
2016-03-02,23.738215,24.06533,23.701042,24.043028,20574900
2016-03-03,24.057891,24.340401,24.013283,24.303226,21570700
2016-03-04,24.570866,24.957458,24.511392,24.838507,27889000
2016-03-07,24.645217,24.920291,24.556001,24.78647,20468000
2016-03-08,24.541139,24.548575,24.288368,24.355278,14888800
2016-03-09,24.5114,24.682392,24.466792,24.5114,22002800
2016-03-10,24.608048,24.637787,24.117374,24.451925,18410400
2016-03-11,24.80877,25.02437,24.801337,24.987198,13730600
2016-03-14,24.905417,25.002065,24.756727,24.84594,11353200
2016-03-15,24.449015,24.456461,24.314966,24.426672,11979500
2016-03-16,24.255383,25.007548,24.233043,24.940523,13208200
2016-03-17,25.253309,25.528853,25.126709,25.446934,15864200
2016-03-18,25.640562,25.744822,25.588432,25.618221,16644200
2016-03-21,25.648006,25.782055,25.603324,25.722479,10944400
2016-03-22,25.506506,25.752263,25.469271,25.610765,16639700
2016-03-23,25.446932,25.446932,25.171388,25.216072,11668200
2016-03-24,24.940528,25.178837,24.858609,25.178837,16494700
2016-03-28,25.21607,25.260751,25.126705,25.245859,11695400
2016-03-29,25.08202,25.528849,24.985207,25.491613,16646000
2016-03-30,25.878865,26.012914,25.782051,25.782051,12617700
2016-03-31,25.916103,25.990577,25.729924,25.752268,15589400
2016-04-01,25.327774,25.849075,25.230963,25.826735,19357800
2016-04-04,25.826738,25.826738,25.469275,25.476721,8805500
2016-04-05,25.163938,25.223513,24.97031,25.000099,16533000
2016-04-06,24.970312,25.32033,24.866053,25.32033,11604700
2016-04-07,24.977765,25.015,24.724561,24.791586,11248400
2016-04-08,25.297988,25.372458,25.15649,25.223515,14067100
2016-04-11,25.595882,25.759721,25.543752,25.558647,14099300
2016-04-12,25.68524,26.057597,25.551191,25.953335,15883900
2016-04-13,26.340595,26.444854,26.27357,26.437408,20159200
2016-04-14,26.377827,26.385275,26.258672,26.303356,12682300
2016-04-15,26.228886,26.295911,26.124626,26.146967,14448200
2016-04-18,26.027809,26.385272,25.983125,26.236328,14337200
2016-04-19,26.452298,26.683161,26.429958,26.638477,14039400
2016-04-20,26.385273,26.616135,26.288459,26.467192,11243500
2016-04-21,26.400172,26.400172,26.117179,26.176758,14503400
2016-04-22,26.146965,26.295909,26.027811,26.079941,13128300
2016-04-25,26.012921,26.04271,25.841636,25.871426,14106300
2016-04-26,26.08739,26.176758,25.998025,26.176758,8723400
2016-04-27,26.10228,26.400168,26.012915,26.333143,17920200
2016-04-28,26.102282,26.31825,26.035257,26.065046,12803200
2016-04-29,26.065041,26.139511,25.804391,26.012911,15634500
2016-05-02,26.005468,26.005468,25.811843,25.945892,14558400
2016-05-03,25.491613,25.543742,25.20862,25.223515,15472600
2016-05-04,25.126709,25.134155,24.836267,24.866056,18129500
2016-05-05,25.082025,25.1416,24.799032,24.866056,10408300
2016-05-06,24.754348,25.000103,24.754348,24.925632,17872600
2016-05-09,24.843715,24.843715,24.463909,24.545828,13903000
2016-05-10,24.791584,25.037338,24.761794,25.037338,15833000
2016-05-11,25.022449,25.134158,24.910744,24.962873,7523200
2016-05-12,25.11181,25.149045,24.813923,24.918182,13447900
2016-05-13,24.75435,24.828821,24.404333,24.471357,32199700
2016-05-16,24.687322,24.851158,24.679874,24.754347,11871300
2016-05-17,24.739455,24.80648,24.560722,24.650087,11682000
2016-05-18,24.516037,24.784135,24.314966,24.456461,20860300
2016-05-19,24.180918,24.240494,24.01708,24.158575,14302500
2016-05-20,24.374542,24.516037,24.352202,24.426672,20352900
2016-05-23,24.359646,24.523484,24.344751,24.37454,16081800
2016-05-24,24.56072,24.739453,24.530931,24.66498,18077800
2016-05-25,24.888402,25.052241,24.858616,24.947981,10387000
2016-05-26,25.134155,25.193734,24.99266,25.111814,9200700
2016-05-27,25.193734,25.245864,25.022447,25.104366,13249900
2016-05-31,25.134155,25.260756,25.074577,25.171391,23613800
2016-06-01,25.089475,25.208629,24.985215,25.149054,16739100
2016-06-02,25.156491,25.372459,25.089466,25.350119,12816100
2016-06-03,25.640556,25.782051,25.476718,25.744816,31196000
2016-06-06,25.819289,26.005468,25.811843,25.960787,14301300
2016-06-07,26.109728,26.251223,26.087384,26.213987,12981800
2016-06-08,26.370382,26.452301,26.325698,26.42996,13666600
2016-06-09,26.124636,26.161871,26.027822,26.132082,12983200
2016-06-10,25.655453,25.692689,25.40225,25.469275,13902700
2016-06-13,25.216078,25.365022,25.119264,25.149054,17217100
2016-06-14,25.098815,25.196273,24.866418,25.076326,21714100
2016-06-15,25.286234,25.556115,25.256247,25.308723,14844500
2016-06-16,24.948883,25.278738,24.746473,25.248751,18044900
2016-06-17,25.278744,25.406186,25.173791,25.361208,25507600
2016-06-20,25.781023,25.908467,25.706057,25.728546,26054100
2016-06-21,25.863478,25.998418,25.706049,25.923452,17067200
2016-06-22,26.058386,26.155844,25.915951,25.960932,30414000
2016-06-23,26.290789,26.628139,26.223319,26.60565,15544600
2016-06-24,25.16629,25.683558,25.008861,25.09882,33890700
2016-06-27,25.023854,25.046343,24.574052,24.836437,35826600
2016-06-28,25.406182,25.54862,25.293734,25.54862,17853600
2016-06-29,25.99842,26.163347,25.960937,26.148354,16422300
2016-06-30,26.238309,26.455713,26.110868,26.410732,24261600
2016-07-01,26.515688,26.658126,26.500694,26.60565,18071300
2016-07-05,26.200826,26.275791,26.020905,26.080879,21404200
2016-07-06,25.766018,26.088375,25.676059,26.080879,19563600
2016-07-07,26.170845,26.245811,25.89347,25.968435,11178100
2016-07-08,26.2533,26.560663,26.2533,26.54567,9527200
2016-07-11,26.695603,26.853032,26.695603,26.763073,15134400
2016-07-12,27.130415,27.250361,27.05545,27.175396,18160500
2016-07-13,27.175396,27.19039,26.957992,27.130415,15234600
2016-07-14,27.362813,27.557725,27.332826,27.505249,14575100
2016-07-15,27.452767,27.475259,27.325326,27.407789,16445900
2016-07-18,27.347824,27.662685,27.310341,27.647692,10288200
2016-07-19,27.445272,27.49025,27.310332,27.407789,10503800
2016-07-20,27.460265,27.602701,27.392795,27.550224,7415600
2016-07-21,27.512741,27.6027,27.392794,27.475258,10652300
2016-07-22,27.557723,27.677669,27.482757,27.65518,13089900
2016-07-25,27.587706,27.587706,27.385296,27.430277,7189200
2016-07-26,27.535229,27.632686,27.475257,27.595203,12670200
2016-07-27,27.62519,27.722648,27.377802,27.632689,13836300
2016-07-28,27.617699,27.632692,27.467765,27.617699,8528500
2016-07-29,27.602704,27.81261,27.512745,27.767632,17030800
2016-08-01,27.797622,27.835104,27.617701,27.662682,11055000
2016-08-02,27.677666,27.685164,27.302833,27.512741,12871300
2016-08-03,27.370309,27.692666,27.295344,27.662682,14441500
2016-08-04,27.745138,27.917563,27.670172,27.797617,17134100
2016-08-05,27.977538,28.119973,27.917566,28.104982,12316500
2016-08-08,28.269905,28.337375,28.239918,28.284899,8541800
2016-08-09,28.389859,28.554786,28.374865,28.472322,12643400
2016-08-10,28.577261,28.58476,28.344867,28.404839,12931300
2016-08-11,28.494805,28.75719,28.479815,28.734701,15284900
2016-08-12,28.67473,28.7422,28.524796,28.622253,10770300
2016-08-15,28.794662,28.989574,28.794662,28.937098,9350500
2016-08-16,28.884627,28.884627,28.712204,28.787172,26223200
2016-08-17,28.599762,28.719708,28.382358,28.682222,22088600
2016-08-18,28.809667,28.922118,28.764686,28.914619,8914100
2016-08-19,28.584766,28.757189,28.472315,28.742195,11658200
2016-08-22,28.479814,28.487309,28.299893,28.382357,12970200
2016-08-23,28.607257,28.667232,28.224929,28.23992,14133800
2016-08-24,28.217435,28.367369,28.134971,28.322388,19143000
2016-08-25,28.23991,28.344866,28.202427,28.314878,17293700
2016-08-26,28.374856,28.674723,27.880076,28.089985,24056100
2016-08-29,28.089989,28.352371,28.074995,28.299894,9128800
2016-08-30,28.314888,28.427336,28.179948,28.254913,12146200
2016-08-31,28.134958,28.142456,27.857583,27.985027,20049800
2016-09-01,27.992525,28.13496,27.895067,28.13496,18507300
2016-09-02,28.502301,28.584765,28.374857,28.562273,18244600
2016-09-06,28.952104,29.117031,28.832157,29.057056,20559900
2016-09-07,29.087047,29.117034,28.937113,29.019577,15457800
2016-09-08,29.079553,29.139524,28.899632,28.959606,23677200
2016-09-09,28.547278,28.577262,28.045,28.045,17067000
2016-09-12,27.745134,28.359863,27.655175,28.277399,18950400
2016-09-13,27.882867,27.943565,27.412463,27.571793,26155200
2016-09-14,27.693192,27.928395,27.640082,27.670431,19857100
2016-09-15,27.844941,28.201536,27.746307,28.110491,15309100
2016-09-16,27.913219,27.981504,27.69319,27.920805,18397800
2016-09-19,28.269816,28.376038,28.118074,28.15601,12623900
2016-09-20,28.345693,28.360867,28.163599,28.163599,18862700
2016-09-21,28.436727,28.884371,28.315333,28.846436,25792800
2016-09-22,29.051297,29.142343,28.891967,28.975424,15670400
2016-09-23,28.76298,28.831265,28.588476,28.596062,11140500
2016-09-26,28.36845,28.429149,28.224294,28.247055,9973500
2016-09-27,28.398796,28.558126,28.254641,28.542952,11045800
2016-09-28,28.611244,28.846447,28.383629,28.823687,10150800
2016-09-29,28.687111,28.747807,28.262228,28.345688,12570900
2016-09-30,28.489846,28.626415,28.37604,28.550545,19286700
2016-10-03,28.603655,28.77816,28.497435,28.740225,23704700
2016-10-04,28.770574,28.846447,28.383629,28.451914,17833400
2016-10-05,28.747813,28.922318,28.671942,28.884382,11921900
2016-10-06,28.725052,28.907143,28.656768,28.884382,13547500
2016-10-07,28.891967,28.945077,28.550543,28.785744,17118600
2016-10-10,28.899565,29.081659,28.88439,28.983025,8509400
2016-10-11,28.588474,28.618823,28.315335,28.444319,19170700
2016-10-12,28.368441,28.520185,28.269807,28.413965,12309300
2016-10-13,28.072556,28.338106,27.882877,28.239475,12723300
2016-10-14,28.497434,28.558129,28.269816,28.31534,13522800
2016-10-17,28.269823,28.360872,28.216713,28.262238,13280100
2016-10-18,28.732636,28.793335,28.611241,28.762985,11709200
2016-10-19,28.869198,28.975418,28.762978,28.914722,10188100
2016-10-20,28.831269,28.960249,28.755398,28.876793,12620300
2016-10-21,28.732638,28.907143,28.694703,28.884382,6764100
2016-10-24,29.06647,29.11958,28.937487,29.028532,8127200
2016-10-25,28.990591,29.081639,28.937481,29.005766,7842500
2016-10-26,28.770566,28.914724,28.687109,28.793329,8109200
2016-10-27,28.816095,28.816095,28.550545,28.573305,18351800
2016-10-28,28.596056,28.687104,28.300156,28.413965,14379500
2016-10-31,28.573305,28.702289,28.505021,28.64159,11070400
2016-11-01,28.747804,28.747804,28.186355,28.429144,20149500
2016-11-02,28.345683,28.376033,27.97391,28.102894,29829800
2016-11-03,28.12565,28.201521,27.935971,28.034605,24351200
2016-11-04,27.844934,27.913219,27.678015,27.738714,11795700
2016-11-07,28.451907,28.709871,28.368447,28.679522,21821000
2016-11-08,28.558139,28.975433,28.489854,28.816103,37954500
2016-11-09,27.996673,28.368443,27.852515,28.057369,24618000
2016-11-10,27.852518,27.867693,27.116564,27.245544,35285600
2016-11-11,26.775139,26.942054,26.388191,26.744789,25373300
2016-11-14,26.608218,26.775137,26.410953,26.615807,22905700
2016-11-15,26.835832,27.146906,26.775137,27.11656,21154200
2016-11-16,26.767554,26.957234,26.75238,26.896538,27749800
2016-11-17,26.957233,27.146913,26.873774,26.904123,20662200
2016-11-18,26.972406,27.025516,26.797902,26.843426,9265300
2016-11-21,27.048279,27.154499,27.017929,27.108974,12332900
2016-11-22,27.457985,27.480748,27.268305,27.404875,17857000
2016-11-23,27.048273,27.177254,27.002749,27.139318,13911000
2016-11-25,27.283487,27.336597,27.253138,27.283487,3781700
2016-11-28,27.374521,27.503501,27.359346,27.420042,12095100
2016-11-29,27.382118,27.495927,27.298659,27.435228,8356600
2016-11-30,27.556618,27.571793,27.457984,27.480747,22257900
2016-12-01,27.404874,27.427638,27.131736,27.169674,18792600
2016-12-02,27.154493,27.306237,27.13173,27.139318,19213700
2016-12-05,27.222788,27.359357,27.215199,27.321419,11260500
2016-12-06,27.420054,27.488338,27.351769,27.435228,19646200
2016-12-07,27.61731,27.898035,27.579372,27.844925,15254700
2016-12-08,27.814581,27.9815,27.769057,27.973911,10455300
2016-12-09,27.799401,27.88286,27.738705,27.844925,9646100
2016-12-12,27.609728,27.731123,27.526269,27.617317,8385500
2016-12-13,27.806995,27.958737,27.769057,27.898041,8788500
2016-12-14,27.662836,27.715946,27.071037,27.093798,18577100
2016-12-15,27.0938,27.291068,27.063451,27.215195,24969800
2016-12-16,27.19243,27.237954,26.995165,27.048275,21234600
2016-12-19,27.048278,27.071038,26.858598,26.866184,13079200
2016-12-20,26.957672,26.980542,26.889058,26.911928,13983500
2016-12-21,26.988164,27.018656,26.828062,26.828062,12815300
2016-12-22,26.614603,26.614603,26.462127,26.576485,16299900
2016-12-23,26.591734,26.706089,26.591734,26.706089,9171400
2016-12-27,26.774704,26.850943,26.774704,26.835695,12169100
2016-12-28,26.98054,27.041532,26.934799,27.00341,13701900
2016-12-29,27.255002,27.476092,27.255002,27.422726,11408400
2016-12-30,27.437977,27.4456,27.216887,27.277876,11523000
2017-01-03,27.582825,27.742923,27.468467,27.575199,18705200
2017-01-04,27.74292,27.887774,27.72005,27.826782,19171200
2017-01-05,28.017379,28.154608,28.009757,28.116489,11923400
2017-01-06,28.025007,28.04788,27.895404,28.002136,13515300
2017-01-09,27.971636,28.032628,27.941143,27.956388,14763200
2017-01-10,28.108862,28.238468,28.070744,28.108862,12678400
2017-01-11,28.116492,28.368075,27.994512,28.352827,13874600
2017-01-12,28.40619,28.444312,28.299458,28.421438,11681900
2017-01-13,28.352826,28.429066,28.322333,28.390947,11592600
2017-01-17,28.360443,28.406184,28.291829,28.360443,8271700
2017-01-18,28.390944,28.413814,28.207972,28.253716,14802100
2017-01-19,28.200346,28.246087,28.055493,28.177473,13001200
2017-01-20,28.207973,28.253717,28.093615,28.223221,10665100
2017-01-23,28.436682,28.650149,28.421434,28.612028,11086500
2017-01-24,28.749261,28.916985,28.734013,28.817875,8260100
2017-01-25,28.962733,29.084714,28.916989,29.069466,13756300
2017-01-26,29.046579,29.061826,28.932224,28.947472,10131500
2017-01-27,29.000847,29.038966,28.901737,28.977974,9442900
2017-01-30,28.833115,28.86361,28.749253,28.833115,12465800
2017-01-31,28.83312,28.916982,28.749258,28.848368,15384000
2017-02-01,29.038963,29.046585,28.848368,28.909357,11604600
2017-02-02,28.993219,29.046585,28.955101,29.008467,10856100
2017-02-03,29.15332,29.244805,29.077081,29.191439,8619300
2017-02-06,29.214318,29.214318,29.092337,29.122833,10007500
2017-02-07,29.115209,29.138082,28.985606,29.016102,10258000
2017-02-08,29.016092,29.2753,29.016092,29.244804,7498800
2017-02-09,29.244802,29.443019,29.244802,29.397278,10809300
2017-02-10,29.458272,29.671736,29.450649,29.664114,9271600
2017-02-13,29.702222,29.831828,29.702222,29.778461,8548700
2017-02-14,29.763215,29.831829,29.564995,29.824203,11946300
2017-02-15,29.831835,30.060547,29.808961,30.0453,10624700
2017-02-16,30.083429,30.106302,29.938578,29.961449,9897200
2017-02-17,29.732734,29.862337,29.717486,29.862337,8944600
2017-02-21,30.022429,30.129161,29.984311,30.106291,6873400
2017-02-22,30.098666,30.19015,30.06817,30.182528,7027800
2017-02-23,30.304505,30.327376,30.167277,30.197773,15360200
2017-02-24,29.877575,29.938567,29.831834,29.877575,12380100
2017-02-27,29.786092,29.862329,29.717478,29.755596,8300700
2017-02-28,29.725107,29.732729,29.496391,29.496391,12186300
2017-03-01,29.755603,29.984318,29.732732,29.96907,14624700
2017-03-02,29.625998,29.648869,29.427778,29.435404,13655700
2017-03-03,29.587876,29.725104,29.526885,29.686983,10080800
2017-03-06,29.755597,29.770845,29.641243,29.732727,8232800
2017-03-07,29.816591,29.839461,29.717481,29.770847,14789500
2017-03-08,29.664101,29.686972,29.435389,29.473507,15601800
2017-03-09,29.298178,29.328673,29.061839,29.221941,12131900
2017-03-10,29.404915,29.465906,29.321052,29.465906,14955600
2017-03-13,29.755602,29.86996,29.709861,29.839464,9506700
2017-03-14,29.770844,29.770844,29.641241,29.671734,12217700
2017-03-15,29.786087,30.434107,29.717473,30.365496,22872700
2017-03-16,30.586585,30.662824,30.525596,30.571337,28561200
2017-03-17,30.586583,30.617079,30.472228,30.540842,17399400
2017-03-20,30.655199,30.891537,30.624703,30.838171,13336300
2017-03-21,30.929664,30.975408,30.441743,30.464613,17365900
2017-03-22,30.465376,30.67922,30.396639,30.610487,14085400
2017-03-23,30.526478,30.725047,30.503564,30.625761,12783300
2017-03-24,30.625748,30.76322,30.618111,30.709759,12543700
2017-03-27,30.488289,30.663951,30.396642,30.618126,12759600
2017-03-28,30.595215,30.763234,30.595215,30.694498,14135900
2017-03-29,30.610485,30.747954,30.59521,30.740318,8453000
2017-03-30,30.618122,30.694495,30.549386,30.564661,7378000
2017-03-31,30.388994,30.457731,30.335533,30.335533,12271800
2017-04-03,30.495924,30.579935,30.366087,30.572296,15366400
2017-04-04,30.511198,30.663945,30.488284,30.641031,9319600
2017-04-05,30.770864,30.862511,30.564655,30.587566,12539600
2017-04-06,30.572295,30.602845,30.442462,30.534109,9571400
2017-04-07,30.511203,30.656311,30.473017,30.526478,9168500
2017-04-10,30.36608,30.434816,30.304983,30.381355,9915800
2017-04-11,30.427184,30.450095,30.182789,30.411909,9421600
2017-04-12,30.488285,30.518835,30.30499,30.518835,15934700
2017-04-13,30.518841,30.610491,30.350821,30.358458,7977100
2017-04-17,30.450103,30.618126,30.411917,30.618126,8196600
2017-04-18,30.289711,30.388997,30.190425,30.259161,9943200
2017-04-19,30.282074,30.304986,29.984216,30.03768,9400400
2017-04-20,30.327903,30.366089,30.22098,30.350817,10125000
2017-04-21,30.335536,30.350811,30.259161,30.320261,15182100
2017-04-24,30.69449,30.725041,30.625754,30.671579,12490700
2017-04-25,30.839611,30.954169,30.809061,30.893072,14389000
2017-04-26,30.81669,30.90834,30.747953,30.778503,14912900
2017-04-27,30.793776,30.816687,30.602842,30.679214,9172700
2017-04-28,30.747948,30.831959,30.702125,30.809048,11072600
2017-05-01,30.91598,31.007628,30.847244,30.931255,11578900
2017-05-02,31.007624,31.11455,30.984713,31.084,12444500
2017-05-03,30.977076,30.977076,30.824328,30.862514,11621700
2017-05-04,30.725043,30.740318,30.503559,30.534109,8595000
2017-05-05,30.50355,30.725034,30.473003,30.709759,12179700
2017-05-08,30.679219,30.709769,30.518835,30.518835,11275700
2017-05-09,30.740317,30.923615,30.740317,30.862514,11584900
2017-05-10,31.007628,31.12219,30.999992,31.106915,11575600
2017-05-11,31.068727,31.129825,30.931255,31.091639,15037400
2017-05-12,31.160371,31.282568,31.137459,31.259657,12963900
2017-05-15,31.420031,31.557504,31.381845,31.549868,11248300
2017-05-16,31.55751,31.58806,31.465863,31.580421,12030900
2017-05-17,31.320759,31.358948,31.076364,31.106915,15453300
2017-05-18,30.442462,30.778504,30.259164,30.534109,28731200
2017-05-19,30.93125,31.168009,30.908339,31.076359,13669500
2017-05-22,31.061085,31.129821,30.992351,31.068724,11599700
2017-05-23,31.05345,31.091636,30.977077,31.05345,9220500
2017-05-24,31.091634,31.22147,31.045811,31.16037,9619400
2017-05-25,31.305479,31.412401,31.259654,31.320751,8191900
2017-05-26,31.336037,31.404773,31.313125,31.397137,7416800
2017-05-30,31.274937,31.358949,31.252023,31.343674,6041400
2017-05-31,31.244381,31.267292,31.061084,31.114548,11719000
2017-06-01,31.190926,31.343674,31.129826,31.343674,14434600
2017-06-02,31.381858,31.442955,31.328397,31.442955,9060500
2017-06-05,31.442955,31.511691,31.389494,31.442955,9021800
2017-06-06,31.389493,31.51169,31.366582,31.465868,8196500
2017-06-07,31.420044,31.51933,31.282571,31.442955,9212800
2017-06-08,31.481136,31.526958,31.404761,31.504047,8695200
2017-06-09,31.488777,31.519327,31.160371,31.290207,11495200
2017-06-12,31.183279,31.221465,31.030532,31.17564,10177700
2017-06-13,31.282565,31.32839,31.213829,31.320751,11591300
2017-06-14,31.473499,31.496413,31.190918,31.29784,10990800
2017-06-15,30.931247,31.030533,30.839599,31.022894,8540000
2017-06-16,31.083997,31.137458,30.969435,31.122183,7584200
2017-06-19,31.236758,31.366592,31.213844,31.328405,8124800
2017-06-20,31.16801,31.206196,30.938888,30.954163,9637300
2017-06-21,31.148601,31.225456,31.033323,31.071749,8380200
2017-06-22,31.210078,31.28693,31.117855,31.187023,8842400
2017-06-23,31.233135,31.348416,31.187025,31.302303,6915700
2017-06-26,31.594352,31.671204,31.509813,31.632778,10063100
2017-06-27,31.479065,31.525178,31.302303,31.302303,14590500
2017-06-28,31.432956,31.555921,31.333046,31.486753,12546900
2017-06-29,31.37148,31.379167,30.964159,31.133234,11106500
2017-06-30,31.363791,31.479069,31.317678,31.379162,11532700
2017-07-03,31.517503,31.602042,31.456022,31.52519,6820200
2017-07-05,31.363786,31.486751,31.217763,31.47138,19264400
2017-07-06,31.340737,31.371479,31.110178,31.125549,21303900
2017-07-07,31.233138,31.26388,31.071747,31.210083,12959100
2017-07-10,31.286941,31.463703,31.263886,31.432964,8247300
2017-07-11,31.586666,31.694263,31.486759,31.655834,15378800
2017-07-12,32.070842,32.270662,32.055471,32.255291,11911200
2017-07-13,32.239929,32.355207,32.201503,32.347523,8977700
2017-07-14,32.555021,32.724099,32.531966,32.677986,11393500
2017-07-17,32.531961,32.539645,32.447422,32.508904,9052500
2017-07-18,32.447424,32.570389,32.393627,32.562702,9279400
2017-07-19,32.870116,32.900858,32.793261,32.8778,5670000
2017-07-20,32.847049,32.870104,32.754823,32.80862,9700900
2017-07-21,32.785584,32.82401,32.67799,32.739471,7316900
2017-07-24,32.877798,32.893169,32.76252,32.862427,7845800
2017-07-25,32.90853,32.954643,32.80862,32.80862,8233800
2017-07-26,32.870113,33.062246,32.808629,33.046875,7826200
2017-07-27,33.139101,33.146788,32.724096,32.8778,9828500
2017-07-28,32.916223,33.01613,32.831684,33.000759,7734800
2017-07-31,33.100671,33.100671,32.962335,33.054558,13137600
2017-08-01,33.200581,33.239007,33.123726,33.192894,12685800
2017-08-02,33.22364,33.277437,33.09299,33.269753,9114600
2017-08-03,33.192903,33.192903,33.062254,33.146793,6689000
2017-08-04,33.208277,33.277445,33.085312,33.231335,7597600
2017-08-07,33.361974,33.492626,33.361974,33.492626,6558800
2017-08-08,33.546424,33.661702,33.415772,33.446514,8501600
2017-08-09,33.169839,33.262062,33.092987,33.262062,8288600
2017-08-10,32.923901,32.985383,32.485839,32.493523,15740200
2017-08-11,32.524265,32.701027,32.447413,32.593433,11205400
2017-08-14,32.893171,32.993081,32.816319,32.8778,7448700
2017-08-15,32.80862,32.877788,32.731768,32.854733,6730900
2017-08-16,33.154465,33.262059,33.116039,33.254375,6457500
2017-08-17,33.154474,33.1929,32.808634,32.831692,8869000
2017-08-18,32.970016,33.208259,32.854735,33.069923,8787600
2017-08-21,33.139098,33.239008,33.06993,33.154469,8192900
2017-08-22,33.361975,33.515682,33.354291,33.446514,6428100
2017-08-23,33.415777,33.638652,33.400406,33.60791,6166200
2017-08-24,33.7155,33.769297,33.607906,33.684761,8666500
2017-08-25,33.915319,34.045968,33.884577,33.969116,8066200
2017-08-28,33.999855,34.007539,33.899945,33.961426,6031200
2017-08-29,33.684757,33.907629,33.661699,33.892258,6912100
2017-08-30,33.892262,33.946059,33.838465,33.930691,6004800
2017-08-31,34.015229,34.13051,33.976803,34.045971,20190800
2017-09-01,34.199674,34.330323,34.168932,34.291897,12011700
2017-09-05,34.168938,34.245792,33.884581,34.030602,10663500
2017-09-06,34.161246,34.299582,34.115133,34.276524,13072700
2017-09-07,34.391805,34.445602,34.345692,34.445602,7514500
2017-09-08,34.399483,34.40717,34.168924,34.222721,7524900
2017-09-11,34.468665,34.653114,34.453297,34.622372,7503500
2017-09-12,34.568563,34.645418,34.530137,34.560879,6662000
2017-09-13,34.430228,34.437915,34.276521,34.330318,6943000
2017-09-14,34.291893,34.414858,34.238096,34.399487,8206400
2017-09-15,34.499406,34.660797,34.407183,34.630058,9236800
2017-09-18,34.729949,34.791433,34.576245,34.5993,8914300
2017-09-19,34.591629,34.637742,34.499406,34.630058,7863100
2017-09-20,34.678253,34.709355,34.21173,34.530521,10112100
2017-09-21,34.623832,34.639383,34.483875,34.56163,8827900
2017-09-22,34.343919,34.398349,34.297268,34.351696,9244700
2017-09-25,33.986253,33.99403,33.581932,33.714115,15752800
2017-09-26,33.807418,33.846294,33.636358,33.706337,10536900
2017-09-27,33.566376,33.61303,33.364217,33.519726,10746600
2017-09-28,33.410876,33.574159,33.379774,33.535282,11065100
2017-09-29,33.760771,33.939608,33.690795,33.877403,14298700
2017-10-02,33.846296,33.986253,33.846296,33.908501,12778600
2017-10-03,34.157317,34.382804,34.102889,34.375027,11289400
2017-10-04,34.390573,34.468329,34.351697,34.413898,6821600
2017-10-05,34.507201,34.740462,34.507201,34.631607,12686500
2017-10-06,34.375014,34.49942,34.266159,34.49942,15506500
2017-10-09,34.37502,34.390571,34.297267,34.382797,6590500
2017-10-10,34.654932,34.740462,34.616055,34.717136,10455500
2017-10-11,34.654939,34.825999,34.654939,34.818222,11717400
2017-10-12,34.825999,34.888201,34.779346,34.818222,7783100
2017-10-13,35.082573,35.199205,35.059248,35.129227,6768400
2017-10-16,35.199214,35.245867,35.098133,35.098133,6396800
2017-10-17,34.989279,34.989279,34.802668,34.927074,7672900
2017-10-18,35.012588,35.067015,34.888182,34.95816,6273900
2017-10-19,34.756019,34.756019,34.553857,34.701591,7952000
2017-10-20,34.841534,34.864859,34.732676,34.841534,9160700
2017-10-23,34.740457,34.748231,34.530521,34.530521,6816300
2017-10-24,34.623821,34.732676,34.577171,34.623821,9090400
2017-10-25,34.724908,34.771561,34.289485,34.546074,11457400
2017-10-26,34.631608,34.678259,34.367245,34.367245,9558200
2017-10-27,34.499421,34.810438,34.406118,34.787113,10371300
2017-10-30,34.499429,34.709365,34.476104,34.507206,13080700
2017-10-31,34.647164,34.709366,34.569408,34.701591,9046800
2017-11-01,34.927068,35.020374,34.763785,34.787113,11585500
2017-11-02,34.841534,34.911513,34.709351,34.895962,13033000
2017-11-03,34.841544,34.841544,34.476099,34.69381,11810400
2017-11-06,34.833768,35.03593,34.810442,35.028152,11000700
2017-11-07,35.020372,35.035923,34.756009,34.810436,9439500
2017-11-08,34.950411,34.965963,34.826005,34.93486,8138100
2017-11-09,34.771563,34.880418,34.577178,34.802662,11793000
2017-11-10,34.763779,34.77933,34.600496,34.670475,7360200
2017-11-13,34.522757,34.639386,34.460552,34.60051,9159700
2017-11-14,34.522753,34.56163,34.336142,34.367245,10146000
2017-11-15,34.188407,34.219506,34.025121,34.087326,13328300
2017-11-16,34.530527,34.787116,34.460548,34.69381,8438400
2017-11-17,34.802661,35.020374,34.794887,34.888191,12684600
2017-11-20,34.833776,35.082589,34.833776,35.035938,7485500
2017-11-21,35.448015,35.619075,35.42469,35.47134,10976100
2017-11-22,35.580213,35.642417,35.448032,35.58799,7984200
2017-11-24,35.401379,35.50246,35.378054,35.455807,6938700
2017-11-27,35.284751,35.300302,35.059264,35.090366,9797900
2017-11-28,35.292501,35.409133,35.168095,35.300278,12112400
2017-11-29,35.137001,35.175881,34.756009,34.810436,18533500
2017-11-30,34.724914,34.756017,34.499427,34.584957,23875400
2017-12-01,34.406119,34.437221,34.102879,34.25061,20960900
2017-12-04,34.623831,34.662711,34.343917,34.367245,19045700
2017-12-05,34.39835,34.538305,34.281718,34.31282,11648600
2017-12-06,33.939594,33.955142,33.729658,33.885166,14737000
2017-12-07,33.745212,34.025124,33.667456,33.93182,10283400
2017-12-08,34.367233,34.398335,34.196173,34.32058,7498000
2017-12-11,34.58495,34.600501,34.468321,34.546074,9189700
2017-12-12,34.21173,34.367239,34.149526,34.29726,8005000
2017-12-13,34.507192,34.794881,34.460539,34.670475,9287200
2017-12-14,34.57718,34.693809,34.452774,34.452774,8231000
2017-12-15,34.538297,34.616053,34.382791,34.546074,12428100
2017-12-18,34.802674,35.01261,34.7949,34.903755,10117200
2017-12-19,35.035923,35.035923,34.740458,34.810436,9252300
2017-12-20,34.965953,35.012603,34.849321,34.857098,11610100
2017-12-21,35.124279,35.311776,35.100843,35.202404,7505900
2017-12-22,35.303954,35.499262,35.241457,35.491451,11845800
2017-12-26,35.46802,35.538332,35.37427,35.530518,6154300
2017-12-27,35.514887,35.569573,35.436765,35.522701,9021600
2017-12-28,35.78052,35.819581,35.647712,35.694584,8106500
2017-12-29,36.014885,36.046135,35.843015,35.866451,10462900
2018-01-02,36.350808,36.51487,36.288311,36.48362,17804600
2018-01-03,36.686742,36.874239,36.678931,36.835178,17896200
2018-01-04,37.014854,37.163287,37.007039,37.061726,13003300
2018-01-05,37.155477,37.421097,37.139852,37.389847,12102300
2018-01-08,37.327367,37.46799,37.319556,37.397678,10947500
2018-01-09,37.405472,37.428908,37.210163,37.389847,11180700
2018-01-10,37.202353,37.311725,37.08517,37.225792,11029500
2018-01-11,37.21017,37.483601,37.186731,37.467976,8602200
2018-01-12,37.5461,37.874217,37.467975,37.866405,15391100
2018-01-16,37.913275,38.022647,37.616408,37.678905,12005900
2018-01-17,37.99923,38.296099,37.975793,38.210163,14469200
2018-01-18,38.210144,38.32733,38.186708,38.272644,9635700
2018-01-19,38.507018,38.639826,38.397646,38.632015,12419600
2018-01-22,38.710146,38.96014,38.678896,38.944515,13386000
2018-01-23,38.952317,39.108564,38.86638,39.085125,9450400
2018-01-24,39.32731,39.514807,39.171063,39.444496,15625500
2018-01-25,39.397622,39.647617,39.202314,39.303875,15871800
2018-01-26,39.60075,39.835123,39.475753,39.827309,11067100
2018-01-29,39.280438,39.335125,39.14763,39.202316,16983900
2018-01-30,38.874193,38.882007,38.577327,38.702324,18372200
2018-01-31,39.202315,39.24919,38.757012,38.936695,23959200
2018-02-01,38.717944,38.866377,38.522635,38.569508,28080700
2018-02-02,38.202347,38.272658,37.663293,37.702354,24335900
2018-02-05,37.663279,37.99921,36.436742,36.491428,31099600
2018-02-06,36.319577,37.77267,36.139891,37.397678,55111300
2018-02-07,36.905493,37.249235,36.327379,36.33519,24815200
2018-02-08,36.600795,36.64767,35.108639,35.124264,31474900
2018-02-09,35.593009,35.921126,34.639903,35.655506,35526400
2018-02-12,36.085201,36.405507,35.788334,36.147701,21421800
2018-02-13,36.225806,36.522676,36.147684,36.428928,13535000
2018-02-14,36.296133,37.257051,36.280508,37.178928,15575200
2018-02-15,37.819532,37.975779,37.350793,37.874218,16484400
2018-02-16,37.546102,38.069528,37.546102,37.733597,15935200
2018-02-20,37.257056,37.49924,37.147684,37.397678,17430700
2018-02-21,37.733595,38.116401,37.327353,37.350792,11135300
2018-02-22,37.491429,37.741423,37.335181,37.397678,14643500
2018-02-23,37.850787,38.03047,37.647664,38.007034,9523400
2018-02-26,38.100782,38.397652,37.921099,38.366402,8733100
2018-02-27,37.913278,37.921092,37.335167,37.335167,11459300
2018-02-28,37.413301,37.444551,36.850811,36.850811,15494200
2018-03-01,37.163304,37.421113,36.553943,36.842999,17585700
2018-03-02,36.444558,37.022669,36.24925,36.936733,15955000
2018-03-05,36.59299,37.147666,36.585179,37.046104,10805600
2018-03-06,37.507051,37.507051,37.069562,37.155499,13594800
2018-03-07,36.936745,37.194553,36.7805,37.147678,10584600
2018-03-08,37.241416,37.264855,37.007047,37.171108,7127100
2018-03-09,37.405481,37.850784,37.350795,37.835159,9149500
2018-03-12,37.905467,38.038275,37.764845,37.967964,7912100
2018-03-13,38.139838,38.1789,37.514852,37.600788,9567400
2018-03-14,37.874218,37.936718,37.460165,37.647659,8146600
2018-03-15,37.74922,37.796095,37.397664,37.499226,11780100
2018-03-16,37.382046,37.507043,37.342985,37.382046,13220200
2018-03-19,37.202356,37.272668,36.835179,37.030487,10828200
2018-03-20,37.319542,37.45235,37.225795,37.350792,10136500
2018-03-21,37.25704,37.694532,37.186728,37.553909,16454000
2018-03-22,36.764867,36.936736,36.327375,36.366436,16549100
2018-03-23,36.499244,36.530491,35.803947,35.835194,20510700
2018-03-26,36.664135,36.953753,36.280585,36.914616,19587400
2018-03-27,36.938101,37.016378,36.233625,36.366692,15427400
2018-03-28,36.178829,36.272758,35.865727,36.116207,15551800
2018-03-29,36.311888,36.922434,36.288406,36.773712,12121900
2018-04-02,36.585851,36.758055,35.865717,36.233612,22033000
2018-04-03,36.523247,36.617177,36.249285,36.585869,15576500
2018-04-04,35.685692,36.718925,35.670037,36.70327,17380200
2018-04-05,36.828503,36.945917,36.632815,36.78154,11815800
2018-04-06,36.405817,36.687609,35.920511,36.131855,17487900
2018-04-09,36.319721,36.468442,36.077066,36.100548,12813900
2018-04-10,36.593679,36.828505,36.460613,36.773712,9043200
2018-04-11,36.578028,36.898957,36.570202,36.820683,7750500
2018-04-12,36.773718,36.92244,36.70327,36.812855,7302600
2018-04-13,36.726738,36.773705,36.327536,36.429295,6828300
2018-04-16,36.366692,36.468451,36.241452,36.460625,6754000
2018-04-17,36.272751,36.585853,36.24144,36.49192,8308800
2018-04-18,36.562378,36.836344,36.523241,36.75024,8475400
2018-04-19,36.805025,36.828506,36.421474,36.546715,7601500
2018-04-20,36.343206,36.374517,35.967485,36.116207,7393200
2018-04-23,36.037928,36.124031,35.771792,35.87355,6367000
2018-04-24,36.15534,36.233617,35.568276,35.709171,13532500
2018-04-25,35.458691,35.505657,35.239521,35.443035,9333700
2018-04-26,35.513485,35.818758,35.466522,35.810932,11162300
2018-04-27,35.897036,36.014447,35.740485,35.998795,10434400
2018-04-30,36.116199,36.14751,35.740479,35.756134,10113300
2018-05-01,35.529135,35.591756,35.114277,35.552616,16821500
2018-05-02,35.670038,35.72483,35.294317,35.317799,12032200
2018-05-03,35.30998,35.356943,34.824674,35.208221,14692200
2018-05-04,34.942078,35.529143,34.895115,35.380421,16855200
2018-05-07,35.192559,35.47435,35.137766,35.286491,23101400
2018-05-08,35.411726,35.497826,35.169072,35.466518,8755400
2018-05-09,35.576107,35.607417,35.349108,35.513485,5893400
2018-05-10,35.881373,36.335368,35.810925,36.217957,12379800
2018-05-11,36.296238,36.35886,36.006621,36.092724,11430900
2018-05-14,36.35886,36.460618,36.163172,36.202309,7092700
2018-05-15,35.583933,35.677865,35.372589,35.513485,12520900
2018-05-16,35.850069,36.069242,35.826587,36.014446,7113500
2018-05-17,35.646554,35.74831,35.388245,35.513485,10318000
2018-05-18,35.176898,35.294312,35.10645,35.184727,10000300
2018-05-21,35.450869,35.536972,35.270836,35.411732,8062300
2018-05-22,35.591756,35.701341,35.505653,35.552616,6125800
2018-05-23,35.082966,35.427376,35.012519,35.396069,10280500
2018-05-24,35.216047,35.278666,34.9186,35.27084,6830500
2018-05-25,35.24736,35.403911,35.169086,35.356945,6083900
2018-05-29,34.871624,34.965553,34.409799,34.574177,16673400
2018-05-30,34.62115,34.934252,34.488083,34.879459,13925200
2018-05-31,34.887284,35.075145,34.738562,34.918594,14220700
2018-06-01,35.090809,35.341289,35.059498,35.309978,15672900
2018-06-04,35.583928,35.724823,35.552617,35.67786,9361300
2018-06-05,35.521316,35.583935,35.341284,35.364765,15166900
2018-06-06,35.670033,35.87355,35.607414,35.87355,9056900
2018-06-07,35.724833,35.756144,35.082976,35.32563,17280700
2018-06-08,35.153417,35.42738,35.020351,35.302139,11903300
2018-06-11,35.30998,35.40391,35.223877,35.255188,6571600
2018-06-12,35.286493,35.32563,35.098631,35.231697,9972600
2018-06-13,35.247359,35.30998,34.80119,34.973396,9965000
2018-06-14,35.051662,35.114284,34.762045,34.785526,11315800
2018-06-15,34.542871,34.621146,34.347183,34.597664,18342900
2018-06-18,34.128016,34.214119,33.932327,34.198463,12885800
2018-06-19,33.595728,33.869693,33.447006,33.807072,16855000
2018-06-20,34.026257,34.104531,33.861876,33.916672,16733300
2018-06-21,33.736641,33.736641,33.384405,33.439198,21299600
2018-06-22,33.860673,33.860673,33.600692,33.710987,19564700
2018-06-25,33.364352,33.387988,32.923172,33.269814,18765800
2018-06-26,33.269804,33.317075,33.041335,33.135876,12667500
2018-06-27,33.033476,33.06499,32.332313,32.403217,24698400
2018-06-28,32.411075,32.718326,32.324414,32.710449,15198000
2018-06-29,33.159513,33.301321,33.096485,33.246174,21602100
2018-07-02,32.749846,32.931045,32.631671,32.883778,39165600
2018-07-03,33.088605,33.135876,32.899526,32.915283,9351600
2018-07-05,33.025583,33.072854,32.710455,32.883778,19557700
2018-07-06,32.946792,33.411608,32.915279,33.285557,10606600
2018-07-09,33.750388,33.91583,33.592823,33.892197,16749200
2018-07-10,33.821289,33.876436,33.592819,33.86068,8374800
2018-07-11,33.364344,33.482519,33.088607,33.230415,11505700
2018-07-12,33.647962,33.805527,33.545547,33.695232,11355500
2018-07-13,33.671597,33.797649,33.561299,33.718864,8977500
2018-07-16,33.545546,33.600693,33.403737,33.529789,5417400
2018-07-17,33.435254,33.844923,33.37223,33.789776,8495600
2018-07-18,33.58494,33.789773,33.506155,33.758259,6998900
2018-07-19,33.261936,33.506159,33.159518,33.372231,12734200
2018-07-20,33.68736,33.876439,33.640092,33.805534,10122000
2018-07-23,33.718874,33.774022,33.584946,33.703117,8881900
2018-07-24,34.25458,34.404266,34.112772,34.20731,7780600
2018-07-25,34.451557,34.774565,34.357019,34.750931,10505600
2018-07-26,34.451557,34.553975,34.333385,34.412167,8623700
2018-07-27,34.577591,34.672129,34.278217,34.459419,11648400
2018-07-30,34.530341,34.585489,34.341262,34.412167,15212500
2018-07-31,34.396399,34.632746,34.325495,34.569721,12934100
2018-08-01,34.286101,34.459423,34.207316,34.309734,9810800
2018-08-02,33.671601,33.970972,33.592817,33.915825,15504100
2018-08-03,33.994611,34.183687,33.955218,34.12854,8813400
2018-08-06,33.900075,33.97886,33.781903,33.868565,12280600
2018-08-07,34.230948,34.356999,34.160043,34.1758,9338200
2018-08-08,34.097031,34.175815,34.002493,34.097031,9664000
2018-08-09,34.207314,34.262464,34.033994,34.049751,7938800
2018-08-10,33.372231,33.474649,33.254056,33.372231,18475700
2018-08-13,33.017705,33.143757,32.726211,32.836506,18977500
2018-08-14,32.946794,33.096479,32.868013,33.033455,10719000
2018-08-15,32.048692,32.182621,31.772955,32.064449,22726100
2018-08-16,32.371685,32.537127,32.25351,32.292904,17396200
2018-08-17,32.111706,32.615916,32.025048,32.568645,14498500
2018-08-20,32.615911,32.734083,32.545007,32.710449,9194100
2018-08-21,32.970442,33.183155,32.970442,33.064983,13516600
2018-08-22,33.064984,33.309208,33.057104,33.26194,8513300
2018-08-23,33.167393,33.261934,32.718333,32.74197,14860200
2018-08-24,33.159511,33.285563,33.07285,33.230415,10948400
2018-08-27,33.600702,33.907953,33.553431,33.774021,13398800
2018-08-28,33.829168,33.900072,33.545553,33.608578,10697500
2018-08-29,33.529793,33.813407,33.490399,33.797653,11600200
2018-08-30,33.254058,33.277694,32.773484,32.899536,21254300
2018-08-31,32.875891,33.183142,32.812866,33.120117,17517100
2018-09-04,32.489876,32.56078,32.28504,32.379578,19209200
2018-09-05,32.056547,32.119574,31.883228,32.032913,19402200
2018-09-06,32.048684,32.127465,31.804457,32.01717,14535500
2018-09-07,31.914753,32.166859,31.749311,31.875362,14695300
2018-09-10,31.7887,31.7887,31.442058,31.497206,16287800
2018-09-11,31.182074,31.544472,31.095413,31.536592,16237600
2018-09-12,31.426291,31.922621,31.331753,31.733541,19573900
2018-09-13,32.221999,32.403198,32.048677,32.135338,16522600
2018-09-14,32.253517,32.332302,31.93051,32.095955,13379800
2018-09-17,31.843853,32.009298,31.780829,31.843853,10816400
2018-09-18,31.946266,32.174736,31.946266,32.095955,10998000
2018-09-19,32.348048,32.600152,32.348048,32.529247,12179500
2018-09-20,32.773475,32.852259,32.584399,32.797112,11635100
2018-09-21,32.891659,33.033467,32.820754,32.931049,11775400
2018-09-24,32.576525,32.608039,32.458353,32.521378,12027800
2018-09-25,32.59228,32.757725,32.560769,32.726212,9965000
2018-09-26,32.722227,33.144602,32.722227,32.78598,11270900
2018-09-27,32.817858,32.985214,32.79395,32.881611,8952000
2018-09-28,32.666436,32.857699,32.562833,32.674404,13852400
2018-10-01,32.857703,32.865675,32.66644,32.754101,14389800
2018-10-02,32.387511,32.538931,32.267972,32.40345,16632100
2018-10-03,32.626596,32.626596,32.044832,32.132496,16370600
2018-10-04,31.87747,31.87747,31.247889,31.399309,21225800
2018-10-05,31.383375,31.399314,30.960996,31.255865,20543000
2018-10-08,31.0646,31.367437,30.992875,31.311651,16332100
2018-10-09,31.064599,31.343528,30.953028,31.231955,18285000
2018-10-10,31.112419,31.120387,30.32345,30.363297,26144900
2018-10-11,30.211878,30.506744,29.773564,30.092337,47600100
2018-10-12,30.849411,30.921135,30.482821,30.857382,28567400
2018-10-15,30.618311,30.769731,30.50674,30.554558,16002300
2018-10-16,30.873336,31.31165,30.873336,31.255865,16985900
2018-10-17,31.008814,31.04866,30.713948,30.881304,14034300
2018-10-18,30.56252,30.58643,29.972789,30.076391,16859000
2018-10-19,30.538607,30.674088,30.25171,30.355312,15167700
2018-10-22,30.801613,30.929122,30.5705,30.674103,14177800
2018-10-23,29.988738,30.546594,29.845289,30.371267,17778900
2018-10-24,30.211866,30.291559,29.478686,29.486654,24787200
2018-10-25,29.813401,30.243748,29.741677,30.044514,18853500
2018-10-26,29.518544,30.004676,29.391034,29.81341,28023400
2018-10-29,30.028577,30.100301,28.968649,29.23164,27499700
2018-10-30,29.438843,29.829344,29.37509,29.829344,23070700
2018-10-31,30.203906,30.299537,30.01264,30.172028,23487500
2018-11-01,30.650191,31.279772,30.490803,31.255865,21896400
2018-11-02,31.686205,31.781839,31.032717,31.367432,26037100
2018-11-05,31.367433,31.534789,31.319615,31.510881,13925400
2018-11-06,31.295714,31.455102,31.239929,31.391346,12328700
2018-11-07,31.805762,31.989057,31.622467,31.949211,13378200
2018-11-08,31.542762,31.6623,31.072569,31.176168,14379200
2018-11-09,30.75379,30.761758,30.403139,30.64222,16329300
2018-11-12,30.514703,30.586427,30.156081,30.235773,19434100
2018-11-13,30.538617,30.889268,30.411107,30.594402,16903400
2018-11-14,30.905203,31.008806,30.554552,30.833479,21155800
2018-11-15,30.937083,31.614478,30.905204,31.439154,25360800
2018-11-16,31.208037,31.662291,31.128345,31.55072,18183200
2018-11-19,31.343517,31.383364,31.048649,31.160219,22622200
2018-11-20,30.658161,30.793638,30.379231,30.506741,19310100
2018-11-21,31.080547,31.295721,31.016791,31.080547,16361300
2018-11-23,30.713944,30.913178,30.698005,30.75379,11634300
2018-11-26,31.032728,31.136331,30.873343,30.968975,21898200
2018-11-27,30.87333,31.192102,30.817541,31.192102,16505200
2018-11-28,31.383367,31.901374,31.152255,31.885435,26402800
2018-11-29,31.678228,31.861523,31.51884,31.670259,22376500
2018-11-30,31.574635,31.67027,31.463065,31.630421,18214800
2018-12-03,32.42735,32.475168,32.116546,32.259995,22344600
2018-12-04,32.315786,32.371571,31.574635,31.662298,23569400
2018-12-06,30.809577,31.40728,30.65816,31.40728,31668000
2018-12-07,31.31962,31.510886,30.737856,30.777702,22938500
2018-12-10,30.530662,30.586447,30.052498,30.419088,33157000
2018-12-11,30.905217,30.945066,30.506748,30.729893,30196700
2018-12-12,31.271798,31.471032,31.184134,31.192102,26534300
2018-12-13,31.303679,31.407281,31.16023,31.239925,23109700
2018-12-14,30.849422,31.104442,30.801608,30.849422,23516600
2018-12-17,30.841453,30.960992,30.411107,30.514709,26749700
2018-12-18,30.71394,30.873328,30.610337,30.705969,30125000
2018-12-19,30.809574,31.072565,29.956852,30.195932,55565500
2018-12-20,30.490801,30.690035,30.179996,30.427048,38334200
2018-12-21,30.458924,30.658158,30.052485,30.179995,36971100
2018-12-24,30.106973,30.331651,29.930439,29.946487,20581900
2018-12-26,30.074875,30.508185,29.834148,30.476088,39456100
2018-12-27,30.074878,30.452018,29.94649,30.411898,36809700
2018-12-28,30.676704,30.861261,30.492146,30.628557,29480000
2018-12-31,30.837189,30.893359,30.484124,30.572388,25687900
2019-01-02,30.307579,30.724841,30.243384,30.708792,17856900
2019-01-03,30.411905,30.435977,30.106983,30.227345,15615100
2019-01-04,30.636583,31.302594,30.604485,31.182232,21471400
2019-01-07,31.174202,31.334687,31.021742,31.24642,17582800
2019-01-08,31.286544,31.479124,31.118032,31.422955,17090900
2019-01-09,31.615544,32.032802,31.607518,31.880342,21629700
2019-01-10,31.719855,32.137116,31.711832,32.121067,18736700
2019-01-11,31.808111,31.960574,31.759968,31.92045,22542300
2019-01-14,31.567388,31.840213,31.503193,31.695776,15067200
2019-01-15,31.848232,32.024767,31.776014,31.904402,17548300
2019-01-16,32.064899,32.3297,32.040827,32.217361,14705500
2019-01-17,31.952551,32.4982,31.928479,32.369812,19549000
2019-01-18,32.474126,32.634609,32.401908,32.538319,19264800
2019-01-22,32.153167,32.225385,31.840222,31.992682,19421400
2019-01-23,32.273527,32.305622,32.032798,32.305622,14975900
2019-01-24,32.305613,32.602513,32.305613,32.578438,16300100
2019-01-25,32.8272,32.987685,32.779053,32.899418,18232000
2019-01-28,32.450055,32.578443,32.345742,32.554371,18843600
2019-01-29,32.714851,32.722874,32.522268,32.594486,10577500
2019-01-30,32.722875,33.236426,32.570415,33.172234,21068900
2019-01-31,33.284576,33.557401,33.268527,33.525303,29177100
2019-02-01,33.348769,33.356792,33.204332,33.27655,20402700
2019-02-04,33.180259,33.420988,33.140138,33.34877,18100400
2019-02-05,33.469138,33.758012,33.437041,33.725914,18520300
2019-02-06,33.597524,33.613573,33.260507,33.324699,19303700
2019-02-07,33.116069,33.260506,32.746955,33.011753,20658500
2019-02-08,32.819181,32.93152,32.626598,32.883373,12385500
2019-02-11,32.931515,32.947564,32.690788,32.690788,14924600
2019-02-12,33.011753,33.108043,32.931512,33.011753,11353000
2019-02-13,33.043854,33.100024,32.71486,32.779053,18557900
2019-02-14,32.578433,32.947551,32.506215,32.843235,14819300
2019-02-15,32.819173,32.883365,32.682759,32.787075,24894400
2019-02-19,32.690793,33.172246,32.690793,33.1241,16260300
2019-02-20,33.276562,33.485191,33.196317,33.268536,14907000
2019-02-21,33.284579,33.308651,33.067924,33.196312,9401100
2019-02-22,33.50926,33.685795,33.429019,33.573456,9400000
2019-02-25,34.046884,34.175271,33.950594,34.022812,11812100
2019-02-26,33.814179,34.038857,33.782081,33.918495,11900800
2019-02-27,33.709856,33.758003,33.533325,33.653687,12705800
2019-02-28,33.51728,33.533329,33.324697,33.396915,21919600
2019-03-01,33.605558,33.653701,33.372854,33.437046,18902800
2019-03-04,33.693821,33.701844,33.252485,33.557407,20129800
2019-03-05,33.79011,34.014788,33.709866,33.950596,27879800
2019-03-06,33.974657,34.030827,33.741953,33.782074,12473400
2019-03-07,33.621594,33.63764,33.164212,33.236427,17155400
2019-03-08,32.891392,33.027802,32.827196,32.995705,16063000
2019-03-11,33.380873,33.701844,33.348778,33.669746,10339700
2019-03-12,33.822209,33.894427,33.741965,33.80616,9999100
2019-03-13,33.878384,33.950602,33.78209,33.878384,14035200
2019-03-14,33.749982,33.774054,33.589497,33.701836,9892900
2019-03-15,33.990713,34.199342,33.990713,34.159222,13439600
2019-03-18,34.416008,34.560444,34.375887,34.544395,12380900
2019-03-19,34.57649,34.664757,34.464151,34.552418,12983700
2019-03-20,34.432056,34.857341,34.19133,34.544395,19124300
2019-03-21,34.351802,34.624626,34.311678,34.624626,22384800
2019-03-22,34.087007,34.151202,33.565432,33.581478,22669000
2019-03-25,33.623284,33.816246,33.550924,33.735844,15398600
2019-03-26,33.872522,33.928802,33.671522,33.8484,10330200
2019-03-27,33.679569,33.751929,33.390129,33.478569,13250700
2019-03-28,33.623278,33.776036,33.510718,33.767998,8694300
2019-03-29,34.153918,34.202159,33.985079,34.169998,15447000
2019-04-01,34.620244,34.716723,34.499643,34.684563,14802400
2019-04-02,34.73281,34.73281,34.459449,34.580048,15054200
2019-04-03,34.829277,35.022239,34.692599,34.748878,12024000
2019-04-04,34.740853,35.030294,34.724773,34.974014,7841200
2019-04-05,35.110685,35.279528,35.054405,35.255405,11259800
2019-04-08,35.110684,35.303645,35.046365,35.231285,7890700
2019-04-09,35.263442,35.287561,35.150883,35.183041,9449900
2019-04-10,35.327772,35.408174,35.247373,35.351894,9027500
2019-04-11,35.070477,35.094599,34.853397,34.941837,11339300
2019-04-12,35.255403,35.279525,35.078525,35.158924,8444700
2019-04-15,35.094616,35.110693,34.813214,34.974014,9751200
2019-04-16,35.134807,35.271486,35.102647,35.255405,10231500
2019-04-17,35.496611,35.528769,35.255409,35.343849,9475700
2019-04-18,35.287569,35.472489,35.183048,35.384048,12727500
2019-04-22,35.086566,35.207168,35.006168,35.175007,7510300
2019-04-23,35.094608,35.279528,35.054405,35.255405,8520900
2019-04-24,35.102647,35.102647,34.764969,34.845367,9331500
2019-04-25,34.636323,34.829281,34.531802,34.78104,13595300
2019-04-26,34.885558,34.990078,34.764959,34.941837,8892300
2019-04-29,34.957913,34.957913,34.845353,34.877514,8655000
2019-04-30,34.853405,34.982044,34.684565,34.901646,10598500
2019-05-01,34.974001,35.23128,34.660441,34.708679,23283100
2019-05-02,34.756924,34.861445,34.572004,34.756924,17667800
2019-05-03,35.078525,35.239326,35.006165,35.207165,13250800
2019-05-06,34.097642,34.491603,34.057442,34.459442,21419100
2019-05-07,34.057438,34.065477,33.575036,33.808197,16799200
2019-05-08,33.848397,34.001159,33.703677,33.719757,19133200
2019-05-09,33.124801,33.438361,32.835361,33.245399,25300200
2019-05-10,33.406197,33.607197,33.020278,33.518757,17748100
2019-05-13,32.505725,32.610246,32.240404,32.385124,21780900
2019-05-14,32.811239,32.955959,32.698676,32.835358,15379800
2019-05-15,32.658484,32.980085,32.610246,32.923805,13267800
2019-05-16,32.947931,33.140893,32.827333,32.84341,12010900
2019-05-17,32.328849,32.529849,32.208251,32.21629,14372900
2019-05-20,32.184124,32.264526,32.007246,32.103725,12574800
2019-05-21,32.336888,32.537888,32.256486,32.537888,10937500
2019-05-22,32.497682,32.521804,32.344923,32.401203,9154500
2019-05-23,31.926842,32.079604,31.814282,31.991163,14334300
2019-05-24,32.216287,32.256486,31.975087,32.039406,8292500
2019-05-28,32.352971,32.41729,32.08765,32.135891,13114600
2019-05-29,32.119815,32.417295,32.063536,32.409256,16330800
2019-05-30,32.465515,32.642392,32.425315,32.553955,11041600
2019-05-31,32.401208,32.714768,32.361009,32.674568,14599100
2019-06-03,32.843401,33.020282,32.763002,32.867523,22369900
2019-06-04,32.698687,32.907729,32.634369,32.875568,19595700
2019-06-05,32.923806,32.939886,32.545925,32.634365,14323700
2019-06-06,32.594163,32.698681,32.481603,32.626324,12285000
2019-06-07,32.81124,33.14088,32.79516,32.859478,10334800
2019-06-10,33.132848,33.309729,33.060488,33.165009,12823700
2019-06-11,33.575045,33.631328,33.438367,33.510727,10155000
2019-06-12,33.293646,33.325807,33.116765,33.148926,9932300
2019-06-13,33.237363,33.301682,33.076563,33.181084,8963500
2019-06-14,32.947911,32.963992,32.77103,32.77103,12373600
2019-06-17,32.843087,32.980711,32.810705,32.907852,10116700
2019-06-18,33.25596,33.725493,33.247863,33.652634,10405800
2019-06-19,33.69311,34.041213,33.587872,33.887402,18670200
2019-06-20,34.607896,34.664564,34.275984,34.413605,15149900
2019-06-21,34.267888,34.389317,34.219314,34.275982,9494500
2019-06-24,34.275981,34.365031,34.235505,34.300266,8305600
2019-06-25,34.138355,34.146452,33.879302,33.927876,16757300
2019-06-26,34.178828,34.365022,34.15454,34.259781,9161700
2019-06-27,34.365021,34.48645,34.316447,34.454071,10934500
2019-06-28,34.494544,34.502638,34.332635,34.429779,17584300
2019-07-01,35.093617,35.158382,34.794088,34.923615,17863000
2019-07-02,34.931706,34.980276,34.785988,34.875038,33509300
2019-07-03,34.785993,34.91552,34.73742,34.91552,6009200
2019-07-05,34.632174,34.729321,34.478362,34.672653,7884500
2019-07-08,34.535042,34.575518,34.437898,34.535042,8298700
2019-07-09,34.267883,34.462171,34.259786,34.44598,11298600
2019-07-10,34.737415,34.866941,34.656462,34.672653,11914000
2019-07-11,34.753612,34.777897,34.494559,34.5998,11012600
2019-07-12,34.607894,34.640277,34.478368,34.5998,5732200
2019-07-15,34.745505,34.810269,34.713125,34.761696,4783100
2019-07-16,34.769796,34.875038,34.672652,34.696938,6803400
2019-07-17,34.737414,34.7617,34.591697,34.615982,10681900
2019-07-18,34.575511,34.834564,34.55932,34.834564,11575100
2019-07-19,34.850749,34.858846,34.559314,34.607887,8186900
2019-07-22,34.632175,34.688843,34.543125,34.567413,8014200
2019-07-23,34.60789,34.615984,34.454078,34.567413,6357300
2019-07-24,34.583603,34.696938,34.583603,34.672653,7515200
2019-07-25,34.656462,34.664556,34.381218,34.470268,8636000
2019-07-26,34.591694,34.615979,34.413594,34.502644,5603300
2019-07-29,34.445971,34.51883,34.324542,34.494545,4350000
2019-07-30,34.203126,34.219317,34.0736,34.154552,6821400
2019-07-31,34.211217,34.235505,33.450249,33.806446,18317400
2019-08-01,33.838829,34.081691,33.077861,33.191196,23622500
2019-08-02,33.102144,33.14262,32.778329,32.875473,17077200
2019-08-05,32.057835,32.082123,31.580205,31.717829,18574000
2019-08-06,32.308788,32.357362,32.009259,32.219738,19442300
2019-08-07,31.920219,32.381658,31.798787,32.357372,14145300
2019-08-08,32.600224,32.802609,32.511174,32.778324,12756300
2019-08-09,32.559762,32.608333,32.284518,32.454521,10582100
2019-08-12,32.025452,32.203549,31.984973,32.090214,8128700
2019-08-13,31.871649,32.664999,31.79879,32.470711,11871700
2019-08-14,31.831172,31.920222,31.555928,31.572119,15201900
2019-08-15,31.81497,31.887828,31.588299,31.750208,18404400
2019-08-16,32.041639,32.227833,32.017351,32.171165,10991100
2019-08-19,32.559766,32.592145,32.260233,32.276424,9873400
2019-08-20,32.365467,32.470708,32.284514,32.333084,7996200
2019-08-21,32.616432,32.616432,32.446429,32.584049,7337600
2019-08-22,32.381659,32.438327,32.146891,32.252132,18196300
2019-08-23,32.187357,32.48689,31.750207,31.790684,14002600
2019-08-26,32.041646,32.057834,31.895928,31.993073,9735100
2019-08-27,32.187367,32.284514,31.976887,32.00927,13179200
2019-08-28,31.936407,32.163078,31.871642,32.130695,10898000
2019-08-29,32.341181,32.519278,32.23594,32.50309,8794100
2019-08-30,32.737847,32.745944,32.511176,32.705467,10270600
2019-09-03,32.38165,32.535461,32.341173,32.535461,14146900
2019-09-04,32.907865,33.077868,32.875483,33.069771,10591600
2019-09-05,33.369306,33.434067,33.28835,33.320732,22002800
2019-09-06,33.490734,33.547401,33.385496,33.425972,9765900
2019-09-09,33.515011,33.612155,33.40977,33.515011,5861500
2019-09-10,33.466437,33.579773,33.336911,33.515011,10037700
2019-09-11,33.644547,33.790264,33.587879,33.765976,8676800
2019-09-12,33.960264,34.154553,33.830738,33.976456,10526400
2019-09-13,34.154552,34.227411,34.097885,34.154552,9503700
2019-09-16,33.911689,34.057407,33.822639,33.879307,7936800
2019-09-17,33.595955,33.927867,33.563573,33.919773,10816800
2019-09-18,33.81454,33.863113,33.482628,33.749775,11450700
2019-09-19,33.701208,33.798352,33.523108,33.539299,10263900
2019-09-20,33.846918,33.871203,33.506909,33.595959,18953100
2019-09-23,33.563592,33.717407,33.523116,33.717407,13422300
2019-09-24,33.642809,33.6756,33.29851,33.306709,15055800
2019-09-25,33.126361,33.388683,33.027991,33.339497,13863900
2019-09-26,33.372277,33.413264,33.208325,33.323093,20552000
2019-09-27,33.339484,33.38867,32.773853,32.905014,23051800
2019-09-30,33.085373,33.208334,33.003395,33.003395,14543400
2019-10-01,33.003384,33.036175,32.757458,32.773853,26339900
2019-10-02,32.642706,32.683693,32.470558,32.618114,16861600
2019-10-03,32.732872,33.011589,32.650897,33.011589,20121600
2019-10-04,32.921421,33.216533,32.896829,33.167347,13811200
2019-10-07,32.987001,33.134555,32.880432,32.913223,15542800
2019-10-08,32.806647,32.839438,32.609904,32.634499,15143200
2019-10-09,32.90502,33.00339,32.847637,32.880428,9411600
2019-10-10,33.019779,33.364079,33.011583,33.232918,13111600
2019-10-11,33.691987,33.929717,33.634604,33.675594,16599400
2019-10-14,33.691977,33.732968,33.585411,33.601807,6153400
2019-10-15,33.691981,33.921514,33.675588,33.831341,11229100
2019-10-16,33.831347,33.962507,33.749369,33.92152,9017100
2019-10-17,34.216634,34.224831,34.003496,34.028088,20217600
2019-10-18,34.028086,34.126459,33.855938,33.937916,9191200
2019-10-21,34.036285,34.183842,33.970703,34.183842,8315700
2019-10-22,34.151048,34.265814,34.126457,34.159245,9087600
2019-10-23,34.060871,34.216627,34.019884,34.175636,9716800
2019-10-24,34.314999,34.331394,34.175639,34.216629,11299600
2019-10-25,34.200235,34.42157,34.17564,34.372383,9776500
2019-10-28,34.577323,34.716681,34.560928,34.642902,9763100
2019-10-29,34.429775,34.528145,34.396984,34.446171,8959700
2019-10-30,34.347793,34.577324,34.216632,34.577324,13014400
2019-10-31,34.478956,34.478956,34.159248,34.306805,10505500
2019-11-01,34.683897,34.839649,34.651106,34.839649,22384400
2019-11-04,35.233122,35.249518,35.060974,35.093765,10487900
2019-11-05,35.257723,35.30691,35.118366,35.265923,10576500
2019-11-06,35.233126,35.290509,35.077373,35.208534,14736800
2019-11-07,35.405276,35.569228,35.38888,35.446266,13938400
2019-11-08,35.183947,35.233133,35.04459,35.126564,9167900
2019-11-11,34.716679,34.946213,34.692087,34.929817,6983100
2019-11-12,34.749466,34.798653,34.60191,34.667492,8638100
2019-11-13,34.339602,34.503554,34.323206,34.446171,9925900
2019-11-14,34.396969,34.503538,34.282204,34.42976,9311500
2019-11-15,34.610115,34.716681,34.569124,34.659298,6708700
2019-11-18,34.692087,34.765866,34.601914,34.6511,8754000
2019-11-19,34.929826,34.938023,34.724887,34.774071,9778500
2019-11-20,34.700288,34.806854,34.536336,34.642902,12367400
2019-11-21,34.569119,34.683887,34.50354,34.683887,15122400
2019-11-22,34.700283,34.708479,34.544527,34.618305,6350200
2019-11-25,34.806853,34.962608,34.765865,34.929817,8433700
2019-11-26,34.73308,34.815057,34.577327,34.790462,13212800
2019-11-27,34.757673,34.89703,34.708486,34.89703,7688500
2019-11-29,34.511738,34.57732,34.454356,34.478951,11590600
2019-12-02,34.56093,34.569126,34.364187,34.487152,19384700
2019-12-03,34.208437,34.347797,34.060881,34.347797,9971200
2019-12-04,34.626508,34.700287,34.577322,34.6511,18321300
2019-12-05,34.716679,34.864235,34.700287,34.831448,9433100
2019-12-06,34.962608,35.011792,34.88883,34.962608,10105700
2019-12-09,34.954409,35.060978,34.831448,34.831448,5427200
2019-12-10,34.888832,34.987202,34.831449,34.905228,9171900
2019-12-11,35.110168,35.429873,35.110168,35.37249,8658400
2019-12-12,35.421678,35.92173,35.405283,35.856152,17743400
2019-12-13,35.929927,36.18405,35.757776,35.815159,16061400
2019-12-16,36.151249,36.233227,36.110262,36.118462,10399600
2019-12-17,36.372593,36.429976,36.298815,36.388988,7372500
2019-12-18,36.577528,36.602123,36.487355,36.585728,9846200
2019-12-19,36.511951,36.626717,36.470964,36.610321,8887600
2019-12-20,36.626713,36.692292,36.561131,36.643108,14516000
2019-12-23,36.658893,36.708702,36.617386,36.708702,6509500
2019-12-24,36.70869,36.733593,36.617374,36.675484,3320300
2019-12-26,36.816604,36.982632,36.733591,36.982632,5064100
2019-12-27,37.140367,37.148667,36.957735,37.032448,7894700
2019-12-30,37.148666,37.156966,36.791707,36.824913,10039700
2019-12-31,36.883015,36.982631,36.775097,36.916222,6616100
2020-01-02,37.41431,37.796173,37.372804,37.796173,13427400
2020-01-03,37.215072,37.381097,37.123756,37.123756,12501600
2020-01-06,36.858111,37.065646,36.849808,37.057343,10315100
2020-01-07,36.974328,37.090547,36.899615,37.040737,11859300
2020-01-08,36.949436,37.381108,36.916232,37.206779,11113700
2020-01-09,37.472414,37.489017,37.289782,37.397701,17924500
2020-01-10,37.62184,37.713156,37.522224,37.580334,14887200
2020-01-13,37.779552,38.119908,37.729746,38.095005,8973900
2020-01-14,37.870875,37.920685,37.738054,37.920685,13281100
2020-01-15,37.804476,37.845983,37.613545,37.679955,13064600
2020-01-16,37.879187,37.90409,37.754665,37.870884,14620400
2020-01-17,37.987089,38.11161,37.904076,38.11161,13094800
2020-01-21,37.331296,37.372802,37.132062,37.165268,14543900
2020-01-22,37.505612,37.547118,37.306377,37.389393,15637600
2020-01-23,36.824912,37.140365,36.650584,37.049049,15386000
2020-01-24,37.107156,37.107156,36.584169,36.7668,19643500
2020-01-27,35.280855,35.712527,35.172936,35.529896,19866500
2020-01-28,35.679314,35.903452,35.521589,35.828739,13930500
2020-01-29,36.119285,36.152491,35.911751,35.994766,9174200
2020-01-30,35.23935,35.5382,35.065021,35.504993,16587300
2020-01-31,35.01521,35.056716,34.674853,34.874084,15755300
2020-02-03,34.915593,35.239346,34.915593,35.123127,23429800
2020-02-04,35.98647,36.169101,35.944964,35.961567,15264900
2020-02-05,36.575866,36.609069,36.086085,36.160797,20121100
2020-02-06,36.401529,36.418132,36.119282,36.144188,9642900
2020-02-07,35.837036,35.837036,35.587995,35.654408,8298300
2020-02-10,35.671013,35.878548,35.671013,35.878548,8238000
2020-02-11,36.260412,36.501153,36.235509,36.335125,8439700
2020-02-12,36.642286,36.833218,36.542671,36.800014,10143100
2020-02-13,36.434743,36.559265,36.318524,36.40984,14411400
2020-02-14,36.542659,36.559263,36.210603,36.335125,8417000
2020-02-18,36.169088,36.285307,36.094375,36.210594,8623800
2020-02-19,36.492846,36.559258,36.45134,36.509449,9889700
2020-02-20,36.301919,36.335125,35.88685,36.011372,13407400
2020-02-21,35.95326,36.027973,35.787232,35.878548,8103800
2020-02-24,34.450721,34.80768,34.409214,34.616749,17789800
2020-02-25,35.089922,35.114825,34.326193,34.342796,21292800
2020-02-26,34.741268,35.065024,34.550336,34.55864,25218200
2020-02-27,34.151862,34.375999,33.703586,33.728493,35274700
2020-02-28,32.77384,33.67869,32.558006,33.637184,54845800
2020-03-02,33.620578,34.284687,33.446249,34.284687,40151000
2020-03-03,34.359397,34.840878,33.828109,34.118656,50334100
2020-03-04,34.500524,34.633346,34.30129,34.60014,25280500
2020-03-05,34.342789,34.459008,33.728489,33.936024,24944100
2020-03-06,33.313432,33.429651,32.923267,33.296829,36225700
2020-03-09,30.87282,31.503726,30.673589,30.814711,38193800
2020-03-10,32.142935,32.400276,31.503729,32.367073,43913600
2020-03-11,31.603343,31.711261,30.789808,30.964136,41684100
2020-03-12,28.232983,28.631451,27.253423,27.85112,42380000
2020-03-13,30.308316,30.31662,28.324288,29.801935,42239300
2020-03-16,26.365173,27.602077,25.734268,26.199144,44521000
2020-03-17,26.87986,27.900929,26.439886,27.842819,41307800
2020-03-18,25.518433,26.481392,24.937337,25.576542,37816500
2020-03-19,25.468624,26.124432,25.053555,25.717665,40757300
2020-03-20,26.937964,27.02928,25.76747,25.833881,49851800
2020-03-23,25.64925,25.757369,24.917364,25.333208,55124600
2020-03-24,26.747078,27.004902,26.547473,26.93005,40806400
2020-03-25,27.412424,28.210844,27.12965,27.811634,48730200
2020-03-26,28.102726,28.975998,28.086092,28.934414,38009500
2020-03-27,27.445698,27.78669,27.246091,27.370846,30660100
2020-03-30,27.404112,27.770054,27.22114,27.770054,26917400
2020-03-31,27.795004,28.244116,27.736786,27.903124,28798700
2020-04-01,27.196188,27.40411,26.830243,26.913414,27389300
2020-04-02,27.337579,27.803325,27.221143,27.703524,23383500
2020-04-03,27.645307,27.761743,27.029856,27.171242,20830000
2020-04-06,28.144314,28.551843,28.052828,28.510256,24480000
2020-04-07,29.508278,29.516596,28.618372,28.67659,25931000
2020-04-08,28.826303,29.100762,28.593431,29.009275,20939200
2020-04-09,29.358579,29.508283,28.884518,28.95937,24956000
2020-04-13,28.984323,29.092443,28.734817,29.067493,25044100
2020-04-14,29.666299,29.890855,29.541547,29.649668,21580400
2020-04-15,29.0259,29.142336,28.884512,28.992632,16109900
2020-04-16,29.358587,29.40017,29.050863,29.158983,32117900
2020-04-17,29.824329,29.857598,29.450069,29.633041,28173200
2020-04-20,29.44175,29.699572,29.341946,29.416798,22379500
2020-04-21,28.759763,28.892832,28.535207,28.60174,17501900
2020-04-22,29.40848,29.43343,29.308679,29.341944,16567900
2020-04-23,29.566496,29.749468,29.225504,29.225504,19398700
2020-04-24,29.283723,29.333626,28.934416,29.183922,15272300
2020-04-27,29.533231,29.78274,29.499966,29.732838,17169500
2020-04-28,30.157003,30.190271,29.766112,29.807695,15768600
2020-04-29,30.298391,30.680967,30.248489,30.614433,14100100
2020-04-30,30.52294,30.589474,29.865906,30.082144,26071100
2020-05-01,29.366896,29.475014,28.976002,29.075804,21870700
2020-05-04,29.192235,29.441744,29.109068,29.441744,22859900
2020-05-05,29.724527,29.857597,29.549871,29.574823,14461600
2020-05-06,29.757791,29.807693,29.491651,29.499969,12747300
2020-05-07,29.757787,29.840958,29.574818,29.691254,13151400
2020-05-08,30.090468,30.414825,30.073833,30.356607,16327000
2020-05-11,30.240168,30.381553,30.18195,30.2069,13167700
2020-05-12,30.431454,30.672644,30.098778,30.115412,14340900
2020-05-13,30.389861,30.473028,29.832629,30.023916,17270700
2020-05-14,29.458378,30.165314,29.341942,30.115412,19407500
2020-05-15,29.682936,29.890858,29.583134,29.741154,11522500
2020-05-18,30.423136,30.930463,30.414818,30.86393,13599700
2020-05-19,30.780753,30.913823,30.5562,30.5562,10852400
2020-05-20,31.04691,31.17998,30.789085,30.938789,12651500
2020-05-21,30.764134,30.888885,30.489676,30.622746,12794500
2020-05-22,30.18195,30.18195,29.924126,30.040562,12949400
2020-05-26,30.930472,31.063541,30.639382,30.705915,16462700
2020-05-27,30.81402,30.838973,30.406495,30.739168,15722400
2020-05-28,30.855615,31.005319,30.522941,30.539576,15888900
2020-05-29,30.747505,31.113447,30.539583,31.071863,19256500
2020-06-01,31.387895,31.803738,31.313043,31.778786,17416900
2020-06-02,32.153052,32.577211,32.094834,32.518993,13518600
2020-06-03,32.884945,33.234252,32.851677,33.151085,15842100
2020-06-04,32.768498,32.97642,32.577207,32.735229,9021900
2020-06-05,33.517011,33.724933,33.458793,33.492062,15422000
2020-06-08,33.458805,33.791481,33.275833,33.758213,9854000
2020-06-09,33.309101,33.633459,33.200981,33.575241,8289400
2020-06-10,33.650083,33.84969,33.383944,33.74157,14451800
2020-06-11,32.685327,32.859981,31.995028,32.019978,15532800
2020-06-12,32.85999,32.951476,32.311076,32.751873,20416800
2020-06-15,32.078199,32.785132,31.986713,32.618797,12808400
2020-06-16,33.350677,33.358996,32.543942,32.743546,23321700
2020-06-17,33.00137,33.200973,32.951467,33.042953,11793300
2020-06-18,32.959787,33.192659,32.959787,33.051273,10108700
2020-06-19,33.500384,33.500384,32.951471,33.109493,14298700
2020-06-22,33.33501,33.543824,33.259837,33.468651,11636800
2020-06-23,33.861217,34.011563,33.769339,33.80275,8474300
2020-06-24,33.610645,33.710875,33.092785,33.293247,11226800
2020-06-25,33.24313,33.485354,33.109489,33.435238,9676800
2020-06-26,33.343364,33.36007,32.925737,33.034321,14051900
2020-06-29,33.092784,33.259835,32.917381,33.251484,11001500
2020-06-30,33.176313,33.226426,32.967499,33.084435,17667800
2020-07-01,33.376773,33.677465,33.368421,33.527119,14205900
2020-07-02,34.287199,34.529424,34.203675,34.32061,10983200
2020-07-06,35.531732,35.849126,35.523378,35.832424,14011700
2020-07-07,35.406442,35.640312,35.256096,35.26445,10095000
2020-07-08,35.799017,36.224996,35.765606,36.20829,9999700
2020-07-09,36.567433,36.600844,35.940993,36.233334,12825400
2020-07-10,36.024535,36.066297,35.78231,35.982773,11639100
2020-07-13,36.250037,36.542375,35.757237,35.80735,13812300
2020-07-14,35.373039,35.907605,35.281164,35.824078,13107100
2020-07-15,35.982765,36.032878,35.723835,35.857475,11187400
2020-07-16,35.164223,35.389743,35.122461,35.34798,10468500
2020-07-17,35.573494,35.606905,35.356329,35.506672,8784800
2020-07-20,35.757241,36.041227,35.657008,36.007816,6068600
2020-07-21,36.542382,36.559087,36.266746,36.275101,11708700
2020-07-22,36.291813,36.300165,35.974416,36.149818,7924600
2020-07-23,36.199942,36.325232,35.757258,35.907604,10331200
2020-07-24,35.498322,35.849127,35.414798,35.81572,10235300
2020-07-27,36.041235,36.341924,35.915946,36.316868,11259000
2020-07-28,36.183231,36.224993,35.907599,35.924301,8114600
2020-07-29,36.300163,36.625912,36.283458,36.559093,10379200
2020-07-30,36.141472,36.275113,35.807369,36.133118,10312000
2020-07-31,36.216642,36.224993,35.673725,35.924301,13362600
2020-08-03,36.074643,36.275105,36.032881,36.199932,13509600
2020-08-04,36.325224,36.617562,36.31687,36.609211,10605300
2020-08-05,36.909896,37.135415,36.876488,36.985069,12702000
2020-08-06,36.859788,37.043542,36.692736,37.035191,8029700
2020-08-07,36.366986,36.475567,36.066294,36.283459,8387500
2020-08-10,36.283452,36.358625,36.024525,36.275101,6852100
2020-08-11,36.450515,36.500632,36.091355,36.141472,10318000
2020-08-12,36.467217,36.64262,36.366987,36.584152,8539800
2020-08-13,36.525678,36.559089,36.291808,36.442154,9935300
2020-08-14,36.417106,36.534044,36.375344,36.492279,9409400
2020-08-17,36.734492,36.909895,36.676024,36.884838,6255500
2020-08-18,37.018478,37.110357,36.767903,37.018478,8910600
2020-08-19,36.90155,36.90155,36.550741,36.592506,7516500
2020-08-20,36.049595,36.52569,35.991127,36.492279,8194300
2020-08-21,36.467209,36.751196,36.350274,36.726139,9016600
2020-08-24,37.227288,37.252344,36.951655,37.093647,6431200
2020-08-25,37.160475,37.444462,37.085302,37.436108,8753300
2020-08-26,37.436113,37.511286,37.36094,37.469524,9533100
2020-08-27,37.636565,37.636565,37.085298,37.252346,9293300
2020-08-28,37.469518,37.728445,37.369288,37.703388,10728400
2020-08-31,37.093654,37.093654,36.717789,36.909897,10682700
2020-09-01,37.335881,37.653278,37.285764,37.653278,14007900
2020-09-02,37.661624,37.678329,37.19388,37.55304,16252400
2020-09-03,37.294113,37.302465,36.56744,36.893188,24019500
2020-09-04,36.893197,37.110365,36.224993,36.826378,20440200
2020-09-08,36.083004,36.408753,35.97442,36.141472,12380900
2020-09-09,36.442159,36.717792,36.375338,36.609211,14665800
2020-09-10,36.634261,36.692729,36.032877,36.057934,17578000
2020-09-11,36.525681,36.609209,36.15817,36.325222,12849800
2020-09-14,36.801311,36.985065,36.742844,36.926598,9573000
2020-09-15,37.352585,37.427758,37.218944,37.344231,8892600
2020-09-16,37.44446,37.527984,37.210587,37.210587,8966300
2020-09-17,36.859782,37.193882,36.826371,37.143768,8176800
2020-09-18,37.185524,37.218935,36.818014,36.851421,8180300
2020-09-21,36.232378,36.544437,35.93719,36.544437,11789400
2020-09-22,36.384186,36.392622,35.970923,36.223942,7874800
2020-09-23,36.097434,36.164908,35.658867,35.658867,12848800
2020-09-24,35.245591,35.77693,35.178118,35.557648,13662200
2020-09-25,35.262473,35.557661,35.02632,35.549229,11081400
2020-09-28,35.987789,36.088999,35.751638,35.90345,7950600
2020-09-29,35.802251,36.021533,35.768514,35.886589,13454500
2020-09-30,36.173341,36.52757,36.139605,36.468533,13773800
2020-10-01,36.738411,36.82275,36.519126,36.789013,19828700
2020-10-02,36.266103,36.696234,36.207065,36.384178,11787700
2020-10-05,36.552867,36.856491,36.527566,36.856491,6401600
2020-10-06,37.025167,37.219148,36.839618,36.966129,10749600
2020-10-07,37.252887,37.396266,37.134812,37.311928,8247700
2020-10-08,37.446876,37.623989,37.337233,37.590252,7747200
2020-10-09,37.657726,37.936046,37.58182,37.851707,8708500
2020-10-12,38.08785,38.315568,37.995076,38.222794,8960200
2020-10-13,38.087841,38.155314,37.885424,38.054104,13170600
2020-10-14,38.104726,38.189065,37.86014,37.885441,9391400
2020-10-15,37.328788,37.632412,37.303487,37.58181,8102500
2020-10-16,37.716759,37.826398,37.615549,37.733627,4824700
2020-10-19,37.851697,38.020377,37.548073,37.615543,8547500
2020-10-20,37.826399,38.172192,37.792665,37.995079,17041500
2020-10-21,38.045691,38.264973,37.986653,38.070992,12939500
2020-10-22,38.13846,38.180629,37.902306,38.079422,10713600
2020-10-23,38.087858,38.256538,37.893877,38.256538,7445600
2020-10-26,37.792663,38.011945,37.455303,37.758926,9128300
2020-10-27,37.876999,38.020378,37.742056,37.893867,14578400
2020-10-28,37.303494,37.354099,36.949268,36.949268,12620700
2020-10-29,37.134818,37.472178,37.016742,37.337234,11452300
2020-10-30,37.117945,37.160118,36.76372,36.949268,14105600
2020-11-02,37.328788,37.421562,37.109506,37.421562,13291200
2020-11-03,37.404692,37.598676,37.261315,37.52277,10498200
2020-11-04,38.087847,38.830038,37.995073,38.728828,16731400
2020-11-05,39.327647,39.487891,39.007155,39.386684,14643200
2020-11-06,39.32765,39.681876,39.209575,39.530064,10405400
2020-11-09,40.837324,40.845759,39.783076,39.825249,15498100
2020-11-10,39.622829,39.732471,39.192697,39.378242,13534000
2020-11-11,39.226444,39.589105,39.150538,39.546936,8907700
2020-11-12,39.639698,39.774641,39.158961,39.251736,9333100
2020-11-13,39.66501,39.783085,39.462596,39.749352,7870500
2020-11-16,40.179478,40.348158,40.069836,40.213215,10332300
2020-11-17,40.027668,40.289122,39.918028,40.154179,9620200
2020-11-18,40.348151,40.373452,40.019226,40.019226,8092000
2020-11-19,39.901148,40.179468,39.84211,40.12043,6457800
2020-11-20,40.280687,40.508405,40.238518,40.398766,6578200
2020-11-23,40.761421,40.786722,40.314418,40.390324,10310200
2020-11-24,40.710821,40.930103,40.499972,40.930103,8058800
2020-11-25,40.525271,40.752989,40.457801,40.744556,7539900
2020-11-27,41.022874,41.208422,40.980705,41.124081,4810600
2020-11-30,40.592736,40.618037,40.086695,40.112,12958600
2020-12-01,40.845769,41.098788,40.634919,40.946976,14525400
2020-12-02,40.820464,41.022878,40.651784,40.930103,11283000
2020-12-03,41.259028,41.520483,41.216859,41.334934,9625700
2020-12-04,41.537337,41.630111,41.461431,41.613243,13482300
2020-12-07,41.554206,41.71445,41.4783,41.613243,11203600
2020-12-08,41.706034,41.731335,41.528921,41.731335,7361100
2020-12-09,41.73977,41.73977,41.073484,41.242165,10921800
2020-12-10,41.191558,41.840974,41.183125,41.798805,8627300
2020-12-11,41.520473,41.663853,41.427699,41.520473,6862100
2020-12-14,41.638559,41.663863,41.343371,41.368671,7073600
2020-12-15,41.554224,41.773506,41.427713,41.756638,9327100
2020-12-16,41.849401,42.026517,41.781931,41.984344,11855500
2020-12-17,42.271104,42.338577,42.161464,42.321709,8853900
2020-12-18,42.228939,42.296412,42.136164,42.195202,10548800
2020-12-21,41.347545,41.81422,41.32209,41.627552,9401200
2020-12-22,41.55967,41.568157,41.288149,41.32209,8976600
2020-12-23,41.780275,41.83967,41.678452,41.746334,9989700
2020-12-24,41.636039,41.661493,41.296637,41.508762,5756600
2020-12-28,41.669974,41.729369,41.500273,41.593609,9984800
2020-12-29,41.839677,42.102711,41.81422,42.043316,11728500
2020-12-30,42.526965,42.730607,42.4506,42.628788,7124900
2020-12-31,42.840899,42.840899,42.314825,42.518467,8787500
2021-01-04,43.188793,43.350008,42.603324,42.713631,24105400
2021-01-05,43.070002,43.706379,43.070002,43.706379,15242700
2021-01-06,43.409405,43.867597,43.239704,43.290615,20028000
2021-01-07,43.51123,43.672448,43.333045,43.63002,12432000
2021-01-08,44.257916,44.537924,43.986395,44.512466,16257000
2021-01-11,43.960932,44.173057,43.926991,43.994869,11278200
2021-01-12,44.402157,44.597313,44.25791,44.478519,14721300
2021-01-13,44.656694,44.851849,44.393657,44.622753,15715800
2021-01-14,45.123386,45.377937,45.01308,45.063992,9727400
2021-01-15,44.724587,44.834893,44.461553,44.546402,9889700
2021-01-19,45.556117,45.590058,45.293083,45.352478,10475200
2021-01-20,46.175524,46.209465,45.946431,46.141586,8069100
2021-01-21,46.260373,46.268856,45.929457,46.150066,13484300
2021-01-22,45.640964,45.912485,45.556112,45.819149,7062500
2021-01-25,46.234924,46.294319,45.624001,46.048252,8700600
2021-01-26,45.751271,45.836123,45.513691,45.759758,8155500
2021-01-27,44.877313,45.089439,44.571852,44.597309,10388300
2021-01-28,44.419119,44.979131,44.368211,44.809433,13367000
2021-01-29,44.207005,44.283371,43.697905,43.850636,22707500
2021-02-01,44.758524,45.021561,44.512457,44.962166,14517800
2021-02-02,45.691874,45.700361,45.454294,45.66642,8347500
2021-02-03,45.895527,45.980376,45.657947,45.836132,8442500
2021-02-04,45.870058,45.912482,45.598537,45.903996,7187100
2021-02-05,46.082186,46.260371,45.895515,46.243401,6459000
2021-02-08,46.30281,46.548877,46.243415,46.480995,6861100
2021-02-09,46.557351,47.032514,46.540381,46.998573,7816900
2021-02-10,47.397377,47.431318,46.828878,47.100399,9137500
2021-02-11,47.490702,47.779193,47.42282,47.592522,7932200
2021-02-12,47.465242,47.796161,47.37191,47.677368,7561200
2021-02-16,47.948886,48.076163,47.685852,47.813126,7423300
2021-02-17,47.855565,47.940414,47.601012,47.931931,6377000
2021-02-18,47.202208,47.312511,46.837352,47.312511,5971700
2021-02-19,47.609506,47.779207,47.414351,47.567081,7144800
2021-02-22,46.421595,46.650692,46.200986,46.217957,10568800
2021-02-23,46.04826,46.625242,45.462794,46.480995,8986900
2021-02-24,45.700359,46.200976,45.454293,46.184006,10751500
2021-02-25,46.15007,46.260376,45.089442,45.182777,13034500
2021-02-26,44.953679,44.953679,44.317302,44.537914,17343800
2021-03-01,45.479751,45.853094,45.360961,45.759758,9398300
2021-03-02,45.505207,45.556115,45.216716,45.327019,11948000
2021-03-03,45.683398,45.785217,45.097932,45.293087,16340400
2021-03-04,45.123381,45.293082,44.054266,44.317303,21671700
2021-03-05,44.834891,44.902769,43.867598,44.631248,14267100
2021-03-08,43.960941,44.04579,43.375471,43.468807,15723000
2021-03-09,44.113666,44.63125,44.054268,44.410641,14264200
2021-03-10,44.699135,44.724589,44.079728,44.334278,13436600
2021-03-11,45.259139,45.68339,45.080954,45.66642,9102700
2021-03-12,44.724587,44.860348,44.512462,44.860348,9332500
2021-03-15,44.588822,44.843372,44.470032,44.834888,13127000
2021-03-16,44.970653,45.182779,44.851864,45.030048,12282800
2021-03-17,44.478522,45.250663,44.410644,45.063992,9336200
2021-03-18,44.741558,44.82641,44.325793,44.368217,11070900
2021-03-19,44.342754,44.834887,44.266388,44.809433,8992100
2021-03-22,44.705781,44.867207,44.493382,44.714279,10854500
2021-03-23,44.255502,44.399932,43.941152,43.983631,10632700
2021-03-24,43.660776,43.711753,42.921628,42.955612,12406600
2021-03-25,42.794187,43.159514,42.751708,43.023579,15605700
2021-03-26,43.439884,44.111063,43.1935,44.094074,15609700
2021-03-29,43.805215,44.017614,43.64379,43.847694,13062000
2021-03-30,43.830705,44.068591,43.686272,44.026112,27514100
2021-03-31,43.949641,44.297976,43.941147,44.221512,10759700
2021-04-01,44.858713,44.901192,44.544363,44.620827,10280700
2021-04-05,44.884199,44.901188,44.612325,44.714279,9804500
2021-04-06,44.714286,45.130587,44.603838,44.926685,9533200
2021-04-07,44.297975,44.442408,44.153545,44.272488,9164400
2021-04-08,44.748259,44.918179,44.680293,44.73127,7447000
2021-04-09,44.348957,44.374444,44.213022,44.348957,7633400
2021-04-12,44.060089,44.094074,43.898664,44.060089,7718000
2021-04-13,43.907158,44.230006,43.839189,44.068581,6725000
2021-04-14,44.433918,44.544367,44.247009,44.30648,8492500
2021-04-15,44.705787,44.739772,44.544365,44.697292,6200800
2021-04-16,44.850218,44.943675,44.646314,44.841721,6678900
2021-04-19,44.841724,44.901196,44.629325,44.748268,8932100
2021-04-20,44.731272,44.773751,44.280984,44.408424,7101600
2021-04-21,44.340456,44.782247,44.213018,44.75676,6235100
2021-04-22,44.824728,44.918184,44.510378,44.680298,7556200
2021-04-23,45.088099,45.334483,45.071107,45.292004,12992200
2021-04-26,45.258026,45.393962,45.139083,45.351482,6543700
2021-04-27,45.427939,45.52989,45.351475,45.419441,6886100
2021-04-28,45.725296,46.014159,45.546881,45.784767,7698100
2021-04-29,46.031158,46.031158,45.325991,45.682823,8465400
2021-04-30,45.232536,45.292007,44.892696,45.011639,8573300
2021-05-03,44.960663,45.18156,44.807739,44.994648,7350400
2021-05-04,44.569851,44.629322,44.102573,44.442413,9975300
2021-05-05,44.646316,44.765259,44.57835,44.612331,4339000
2021-05-06,44.850221,45.054123,44.714286,45.054123,6971900
2021-05-07,45.266514,45.631841,45.224035,45.453426,9221800
2021-05-10,45.139087,45.207053,44.578353,44.60384,10549000
2021-05-11,43.796712,44.527365,43.771225,44.484886,11065600
2021-05-12,43.805211,43.99212,43.278459,43.346428,10822600
2021-05-13,43.473874,43.711764,43.066068,43.29546,9134100
2021-05-14,43.728752,44.068589,43.626798,44.009117,6270500
2021-05-17,43.788219,44.043098,43.686265,44.034603,7666700
2021-05-18,44.688784,44.884194,44.595331,44.671795,7707900
2021-05-19,44.128062,44.654814,44.051598,44.55286,10025800
2021-05-20,44.544359,44.790743,44.527367,44.714279,7164800
2021-05-21,44.697286,44.722772,44.170536,44.238503,6526300
2021-05-24,44.535862,44.756759,44.416919,44.654808,5340500
2021-05-25,45.258021,45.317492,45.028629,45.122086,7610500
2021-05-26,45.275012,45.495906,45.266514,45.453426,5032200
2021-05-27,45.504414,45.614859,45.419452,45.538395,7659800
2021-05-28,45.580865,45.86123,45.555375,45.776272,7318100
2021-06-01,46.812788,46.863765,46.574902,46.736324,10035300
2021-06-02,46.659851,46.855261,46.557901,46.846764,8016400
2021-06-03,46.396486,46.506935,46.218072,46.320023,8433000
2021-06-04,46.634374,46.736324,46.574902,46.736324,7317400
2021-06-07,46.515427,46.566404,46.311522,46.549412,24666100
2021-06-08,46.362502,46.413479,46.218072,46.354008,7113900
2021-06-09,46.354007,46.481445,46.277543,46.320023,8168100
2021-06-10,46.506936,46.719336,46.455959,46.642872,6263600
2021-06-11,46.600383,46.634368,46.345505,46.438961,7187200
2021-06-14,46.566402,46.727824,46.472946,46.625874,6120900
2021-06-15,46.498424,46.506922,46.209561,46.311512,6168100
2021-06-16,46.175588,46.269044,45.495911,45.682823,7464200
2021-06-17,45.903715,46.116114,45.810259,45.946198,6889700
2021-06-18,45.750789,45.844245,45.53839,45.589367,6643100
2021-06-21,45.597907,45.81142,45.358773,45.81142,8283400
2021-06-22,45.410012,45.640607,45.273364,45.614986,6060600
2021-06-23,45.913894,46.16157,45.845571,45.879734,9520000
2021-06-24,46.17013,46.272615,46.059102,46.221371,7323200
2021-06-25,46.631312,46.674018,46.426341,46.597153,4814100
2021-06-28,46.622756,46.759405,46.571512,46.70816,7693600
2021-06-29,46.383633,46.674011,46.255524,46.674011,6154100
2021-06-30,46.323853,46.486122,46.281148,46.383636,8876600
2021-07-01,46.383632,46.469036,45.896822,46.135956,13517900
2021-07-02,45.990774,46.084721,45.794342,46.084721,9074600
2021-07-06,45.546665,45.572285,45.102557,45.256287,8443800
2021-07-07,45.521041,45.572285,45.111096,45.298988,8505200
2021-07-08,44.427862,44.590131,44.274132,44.436401,9691400
2021-07-09,44.982988,45.256288,44.863421,45.247746,5764300
2021-07-12,45.111096,45.281907,44.991529,45.273365,5978100
2021-07-13,45.298988,45.546665,45.281907,45.298988,8827900
2021-07-14,45.751637,45.751637,45.418556,45.521042,5652100
2021-07-15,45.649151,45.794338,45.452719,45.563744,9812900
2021-07-16,45.666232,45.674771,45.16234,45.256287,7143600
2021-07-19,44.666995,44.666995,44.368077,44.59013,11160800
2021-07-20,44.342447,44.752396,44.19726,44.624287,6426700
2021-07-21,44.530335,45.008606,44.436389,45.008606,7511500
2021-07-22,45.102559,45.136718,44.889045,45.076935,5295300
2021-07-23,44.581592,44.581592,44.163104,44.376617,7681900
2021-07-26,43.394449,43.75315,43.377368,43.531097,13939000
2021-07-27,42.625811,42.702676,42.079217,42.591648,20521700
2021-07-28,43.129688,43.855632,43.069905,43.795849,14409300
2021-07-29,44.128932,44.128932,43.77877,43.949581,9256000
2021-07-30,43.514017,43.872718,43.471315,43.650665,10373900
2021-08-02,44.034991,44.231423,43.949583,44.000828,17030800
2021-08-03,43.889803,44.128937,43.66775,44.111858,9155700
2021-08-04,44.333909,44.496178,44.120396,44.222881,7944600
2021-08-05,44.137476,44.291205,44.086231,44.086231,8354500
2021-08-06,43.983751,44.000833,43.676291,43.787319,9084400
2021-08-09,43.975203,44.077688,43.881257,43.94104,6354300
2021-08-10,44.197264,44.222884,43.992289,44.103317,6007900
2021-08-11,44.38515,44.436391,44.060609,44.265583,7275100
2021-08-12,43.992283,44.009364,43.812932,43.975204,7988900
2021-08-13,43.83001,43.898336,43.633578,43.889793,6751900
2021-08-16,43.573794,43.573794,43.360281,43.539631,9926500
2021-08-17,42.779534,42.975966,42.557482,42.753914,9863000
2021-08-18,43.061368,43.240722,42.805153,42.805153,9206600
2021-08-19,42.05359,42.284182,41.993804,42.147533,16111900
2021-08-20,41.763212,42.232941,41.763212,42.147533,11097600
2021-08-23,42.540401,42.813697,42.437912,42.753914,7661300
2021-08-24,43.385916,43.74462,43.368834,43.710457,13128400
2021-08-25,43.676286,43.804395,43.556719,43.753151,7730800
2021-08-26,43.539631,43.616496,43.36882,43.394444,10140100
2021-08-27,43.701903,43.958121,43.582336,43.94104,5895500
2021-08-30,44.069145,44.171634,43.864174,44.069145,13626500
2021-08-31,44.666988,44.70969,44.55596,44.607204,14079700
2021-09-01,44.846339,45.307529,44.829261,45.14526,22058700
2021-09-02,45.15379,45.230655,44.906117,44.9659,8506000
2021-09-03,45.051316,45.222128,45.008614,45.170883,6490300
2021-09-07,45.384397,45.649155,45.375858,45.546669,8152100
2021-09-08,45.298994,45.298994,44.78656,44.871967,9100300
2021-09-09,44.769471,45.02569,44.71823,44.931744,9331500
2021-09-10,45.28191,45.316073,44.846341,44.863422,9145300
2021-09-13,44.94028,45.128173,44.778011,45.008606,12018100
2021-09-14,44.786562,44.89759,44.487644,44.59013,13299400
2021-09-15,44.427853,44.581582,44.257041,44.57304,11561100
2021-09-16,43.983749,44.163099,43.838562,44.111858,10831000
2021-09-17,44.086228,44.154553,43.804392,43.94104,11198000
2021-09-20,42.848916,43.11613,42.374829,42.74548,21047400
2021-09-21,43.090271,43.202326,42.900635,43.090271,12919900
2021-09-22,43.547121,44.01259,43.547121,43.710896,12007600
2021-09-23,43.831574,43.995352,43.745378,43.917774,12078800
2021-09-24,43.495393,43.572971,43.391957,43.435055,8825500
2021-09-27,43.443684,43.771234,43.297146,43.667797,9239500
2021-09-28,43.54712,43.555738,43.021313,43.159229,13751000
2021-09-29,43.064412,43.185089,42.77134,42.814438,13801500
2021-09-30,43.297142,43.435058,43.038549,43.107506,22117300
2021-10-01,43.185082,43.288522,42.762715,43.133366,19161600
2021-10-04,42.866165,42.952365,42.28002,42.538612,12834400
2021-10-05,42.754097,43.08165,42.71962,42.943733,8676000
2021-10-06,42.37483,42.814437,42.305873,42.779961,11198200
2021-10-07,43.400579,43.797091,43.340241,43.616074,9236800
2021-10-08,43.728134,43.857432,43.641938,43.779854,7621400
2021-10-11,43.995351,44.116027,43.650558,43.65918,8801500
2021-10-12,43.771232,43.84881,43.52988,43.538498,8007500
2021-10-13,43.909152,44.159126,43.788476,44.107407,9178000
2021-10-14,44.271179,44.305659,44.003965,44.176361,6776300
2021-10-15,44.391863,44.728034,44.305666,44.650455,7626600
2021-10-18,44.417718,44.719413,44.39186,44.590115,7677900
2021-10-19,44.88318,45.167635,44.805602,45.098675,6456300
2021-10-20,45.167634,45.184871,44.986616,45.107296,7013600
2021-10-21,44.745266,44.822844,44.64183,44.745266,11157300
2021-10-22,44.771129,44.943526,44.44358,44.633213,7901900
2021-10-25,44.788372,44.874571,44.555637,44.796993,5926000
2021-10-26,44.874569,44.934907,44.44358,44.495296,9875200
2021-10-27,44.340132,44.572867,44.228078,44.262554,9150100
2021-10-28,44.047075,44.253951,43.90054,44.219471,8851200
2021-10-29,43.797095,43.866052,43.486783,43.667797,11536200
2021-11-01,43.702274,44.090164,43.667794,44.090164,12786000
2021-11-02,43.676411,43.710891,43.555735,43.624695,8543400
2021-11-03,43.676412,44.021205,43.538496,43.943626,9914200
2021-11-04,44.021201,44.047059,43.71951,43.848804,8669400
2021-11-05,44.038447,44.038447,43.702276,43.866051,10389300
2021-11-08,44.193608,44.374623,44.141888,44.322903,7855200
2021-11-09,44.383249,44.529784,44.133274,44.219471,8560100
2021-11-10,44.331516,44.52977,43.978105,44.098782,11786500
2021-11-11,44.68493,44.952145,44.659072,44.857327,7881700
2021-11-12,44.805612,44.969386,44.753892,44.891811,6535100
2021-11-15,44.995243,45.003861,44.753887,44.805607,8483900
2021-11-16,44.822856,44.891816,44.641841,44.788376,7932600
2021-11-17,44.917672,44.917672,44.529781,44.624599,10025700
2021-11-18,44.210841,44.236699,43.909146,44.090164,8646900
2021-11-19,44.184974,44.297032,44.012581,44.012581,9875000
2021-11-22,43.822943,43.952241,43.555729,43.555729,10581300
2021-11-23,43.641937,43.797093,43.391963,43.598839,14304900
2021-11-24,43.323007,43.572981,43.25405,43.547123,10756400
2021-11-26,42.504123,42.512742,42.047273,42.271389,13251100
2021-11-29,42.598945,42.598945,42.202436,42.331734,19083200
2021-11-30,42.443782,42.667895,41.995553,42.400681,20824800
2021-12-01,42.943734,43.219566,42.357588,42.374828,18932600
2021-12-02,42.866153,43.133368,42.624801,42.874775,22318400
2021-12-03,42.814432,42.935111,42.12485,42.280006,21125000
2021-12-06,42.236916,42.590327,42.04728,42.555847,13722700
2021-12-07,43.029926,43.210944,43.012689,43.176464,14655400
2021-12-08,43.245419,43.512633,43.150604,43.435055,11548300
2021-12-09,43.323003,43.443682,43.15061,43.219566,17677100
2021-12-10,43.245422,43.331622,43.116127,43.297142,13189500
2021-12-13,42.969594,43.012695,42.547226,42.633423,17059600
2021-12-14,42.357598,42.624812,42.348979,42.538612,16849400
2021-12-15,42.314493,42.417929,41.823166,42.38345,20915100
2021-12-16,42.710993,42.909248,42.409302,42.495499,20637200
2021-12-17,42.124849,42.357583,41.995554,42.202427,14400100
2021-12-20,41.61747,41.652286,41.338918,41.61747,23244400
2021-12-21,41.974371,42.339969,41.922141,42.322559,19453500
2021-12-22,42.200695,42.575,42.139762,42.55759,14604100
2021-12-23,42.662045,42.914484,42.540179,42.810028,18927300
2021-12-27,42.827433,43.036345,42.801316,42.949299,15682600
2021-12-28,42.949309,42.975423,42.801327,42.801327,18368000
2021-12-29,42.722982,42.757799,42.435723,42.618523,13618500
2021-12-30,42.635932,43.297496,42.635932,43.166924,15833800
2021-12-31,43.132107,43.428069,43.036354,43.053764,14828700
2022-01-03,43.236567,43.40196,42.992835,43.358437,13977200
2022-01-04,43.384539,43.419359,43.105987,43.18433,9323100
2022-01-05,43.036336,43.314888,42.531462,42.540165,18329200
2022-01-06,42.688152,42.966704,42.52276,42.783905,14844700
2022-01-07,42.879664,43.097283,42.696865,43.001534,10705600
2022-01-10,43.132097,43.253963,42.827431,43.088573,18169200
2022-01-11,43.314902,43.932943,43.210446,43.924236,16480000
2022-01-12,44.402996,44.620615,44.255016,44.594501,15080100
2022-01-13,44.455231,44.481345,44.019993,44.037403,12451500
2022-01-14,43.959054,44.176673,43.889414,44.124443,13133500
2022-01-18,43.489002,43.724031,43.419365,43.471592,19183200
2022-01-19,43.776248,43.854591,43.593449,43.645676,14639500
2022-01-20,44.350769,44.568388,43.854598,43.915531,16328800
2022-01-21,43.828487,43.845897,43.201746,43.227859,21514300
2022-01-24,42.59241,42.662047,41.765457,42.653343,36464800
2022-01-25,42.453136,42.870964,42.209404,42.644642,26653700
2022-01-26,42.897072,42.992825,42.104938,42.200691,20414900
2022-01-27,42.270338,42.322564,41.80028,41.826393,22849100
2022-01-28,41.808973,41.922136,41.382442,41.896023,27922500
2022-01-31,42.41831,43.297493,42.374787,43.236557,20554000
2022-02-01,43.393245,43.488998,43.045057,43.488998,21060100
2022-02-02,43.619572,43.628275,43.114694,43.410656,11594200
2022-02-03,42.931896,43.227858,42.84485,43.045059,13942700
2022-02-04,42.775201,43.262669,42.670745,43.071163,15478800
2022-02-07,42.984117,43.288782,42.940594,43.071163,13489300
2022-02-08,43.018938,43.471586,43.001532,43.462883,11707700
2022-02-09,43.837191,44.133153,43.767551,44.107037,11085600
2022-02-10,43.77625,44.385584,43.715317,43.863297,13962400
2022-02-11,43.828481,43.967757,43.09728,43.18433,15697700
2022-02-14,42.992828,43.053761,42.635933,42.862259,17819000
2022-02-15,43.497711,43.88072,43.462891,43.837196,12628200
2022-02-16,43.77625,44.333354,43.75884,44.167965,12961900
2022-02-17,43.880712,43.985168,43.515113,43.593456,11970000
2022-02-18,43.515113,43.515113,43.140808,43.253967,15194200
2022-02-22,42.618526,42.870965,42.31386,42.583706,19444900
2022-02-23,42.844843,42.87966,42.131053,42.191986,15556200
2022-02-24,40.242122,41.356331,40.172486,41.338924,31161900
2022-02-25,41.591369,42.13977,41.347636,42.10495,18987800
2022-02-28,41.277983,41.695815,41.190937,41.626175,22508100
2022-03-01,41.356322,41.704514,40.886267,41.06036,23007800
2022-03-02,41.103891,41.365033,40.755699,41.190937,16913500
2022-03-03,41.051667,41.1126,40.564199,40.616428,17723400
2022-03-04,39.963573,40.102849,39.667611,39.85041,25190600
2022-03-07,39.293305,39.389058,38.414126,38.440239,21377900
2022-03-08,38.605618,39.006039,38.213906,38.605618,25919200
2022-03-09,39.032162,39.658906,38.997342,39.580563,16960800
2022-03-10,39.058268,39.110498,38.72749,38.971222,17520900
2022-03-11,39.171431,39.241071,38.170382,38.179089,18450900
2022-03-14,37.752563,37.996299,37.151936,37.265099,27183200
2022-03-15,36.699283,37.299911,36.533894,37.247684,34112700
2022-03-16,38.918991,40.163772,38.736192,40.146362,33405400
2022-03-17,39.719841,39.911344,39.336829,39.85041,26385700
2022-03-18,39.563154,40.546793,39.432581,40.477154,30410100
2022-03-21,39.983036,40.105255,39.616381,39.965576,22204800
2022-03-22,40.445725,40.725082,40.419533,40.585403,23516500
2022-03-23,40.20128,40.733805,40.10525,40.306038,19841900
2022-03-24,40.428262,40.594129,40.227474,40.55048,17516500
2022-03-25,40.192553,40.262391,39.974305,40.236202,22809800
2022-03-28,40.244943,40.367165,40.000506,40.367165,19367000
2022-03-29,40.986977,41.091735,40.768729,40.986977,15914100
2022-03-30,40.995702,41.266331,40.838564,40.934593,23389300
2022-03-31,40.751271,40.751271,40.271126,40.271126,19759200
2022-04-01,41.091733,41.248872,40.786187,41.039352,18031700
2022-04-04,41.554424,41.833781,41.440937,41.755215,15647300
2022-04-05,41.64172,41.650448,40.978244,41.021896,15185300
2022-04-06,40.821101,40.856022,40.367148,40.567936,17994600
2022-04-07,40.340963,40.428265,40.044146,40.271126,18050600
2022-04-08,40.384607,40.550477,40.27112,40.349689,12011400
2022-04-11,39.930666,40.096533,39.799716,39.843365,16692400
2022-04-12,40.105254,40.148906,39.625109,39.686218,16535100
2022-04-13,39.790981,40.140176,39.790981,40.113987,12040000
2022-04-14,39.974304,39.974304,39.660026,39.677486,16026500
2022-04-18,39.398133,39.686219,39.302103,39.51162,19001600
2022-04-19,39.127498,39.328286,38.979091,39.310825,15956300
2022-04-20,39.363213,39.363213,39.005286,39.057667,20952500
2022-04-21,39.066393,39.127503,38.271971,38.35054,20043900
2022-04-22,38.402921,38.656086,38.010074,38.044994,22372700
2022-04-25,37.329147,37.687074,37.233121,37.652157,26472400
2022-04-26,37.407705,37.468814,36.875182,36.892639,24194100
2022-04-27,37.198187,37.591034,37.137078,37.407703,53537400
2022-04-28,37.713267,37.931515,37.2855,37.896595,19501900
2022-04-29,38.507678,38.673545,37.914043,37.922771,20111300
2022-05-02,37.73945,37.992618,37.381523,37.844208,25821000
2022-05-03,38.097369,38.184671,37.948962,38.13229,20873600
2022-05-04,37.730717,38.560056,37.495008,38.507679,23587300
2022-05-05,37.721988,37.783098,36.796619,37.110893,20766700
2022-05-06,36.796613,36.875182,36.368845,36.604553,31210700
2022-05-09,35.93235,36.14187,35.556963,35.618073,29101100
2022-05-10,36.098214,36.168055,35.434742,35.766479,33960000
2022-05-11,35.932345,36.237891,35.487121,35.513309,30111800
2022-05-12,35.172855,35.63554,34.937147,35.338722,26431600
2022-05-13,35.652997,36.220444,35.635537,36.211712,15708700
2022-05-16,35.993458,36.281547,35.914889,36.133137,13006200
2022-05-17,37.023592,37.075972,36.674393,36.962482,14383600
2022-05-18,36.726782,36.875193,36.098227,36.159336,16249700
2022-05-19,36.272821,36.848996,36.255361,36.683128,15545600
2022-05-20,37.058512,37.172002,36.351387,36.822803,12317500
2022-05-23,37.041049,37.171999,36.848989,37.084698,10585800
2022-05-24,36.4998,36.543449,36.098221,36.42123,13145000
2022-05-25,36.351384,36.726771,36.299007,36.622013,12023000
2022-05-26,36.569638,37.268031,36.569638,37.172005,14458700
2022-05-27,37.425156,37.591027,37.276749,37.573566,13420900
2022-05-31,38.490213,38.507674,38.097366,38.097366,19722800
2022-06-01,38.289436,38.368005,37.695801,37.844208,10936200
2022-06-02,38.036262,38.533867,37.940232,38.525139,10197700
2022-06-03,38.15848,38.202129,37.844202,37.922771,9320800
2022-06-06,38.542597,38.664816,38.05372,38.13229,11482500
2022-06-07,37.95769,38.324348,37.887852,38.324348,10240500
2022-06-08,38.464035,38.629902,38.315625,38.464035,9156200
2022-06-09,38.158479,38.245781,37.625954,37.634686,13729900
2022-06-10,37.634681,37.687059,37.241834,37.337864,15577600
2022-06-13,36.412502,36.64821,35.993466,36.124416,23994400
2022-06-14,36.499798,36.779155,36.421228,36.648205,20284100
2022-06-15,36.848994,37.407709,36.639478,37.189461,17427400
2022-06-16,36.063294,36.194241,35.792666,36.028374,18107300
2022-06-17,36.368844,36.491062,35.932348,36.185516,16097300
2022-06-21,36.683305,36.903176,36.648125,36.762459,11495800
2022-06-22,36.067678,36.39309,36.006114,36.155628,14401600
2022-06-23,36.31393,36.498621,36.006108,36.33152,14524700
2022-06-24,36.683301,37.13184,36.621738,37.105453,11450100
2022-06-27,37.290159,37.325336,37.079081,37.131851,11693700
2022-06-28,37.360504,37.545195,36.859199,36.885582,12196800
2022-06-29,36.841616,36.93836,36.665718,36.788849,12481100
2022-06-30,36.313931,36.683314,36.120444,36.630547,13290700
2022-07-01,36.25236,36.437051,36.023692,36.410667,13034100
2022-07-05,35.698289,36.129238,35.539982,36.120441,15717000
2022-07-06,35.882977,36.006104,35.619132,35.874184,11606600
2022-07-07,36.349104,36.74487,36.322717,36.621742,9526600
2022-07-08,36.463426,36.683298,36.313916,36.533787,7877900
2022-07-11,35.83021,35.839004,35.513595,35.627926,11642400
2022-07-12,35.469615,35.680689,35.328894,35.495998,12804600
2022-07-13,34.977106,35.548769,34.968309,35.390465,15757700
2022-07-14,35.109027,35.188181,34.801208,35.153004,18559400
2022-07-15,35.09144,35.284924,34.810005,35.276131,14423900
2022-07-18,35.751059,35.926953,35.425647,35.443237,23135300
2022-07-19,35.839009,36.006109,35.733471,35.944546,21114800
2022-07-20,35.865382,35.935742,35.689488,35.795025,20319700
2022-07-21,35.944536,36.234768,35.891769,36.234768,14990800
2022-07-22,36.155622,36.217186,35.724673,35.865391,8552400
2022-07-25,35.962126,36.032486,35.838998,36.032486,10830900
2022-07-26,35.962126,36.067663,35.645511,35.689487,10031900
2022-07-27,36.041286,36.472235,35.882979,36.393082,11653800
2022-07-28,36.419469,36.551393,36.014906,36.507416,12100400
2022-07-29,36.076461,36.366689,35.926946,36.340305,12881200
2022-08-01,36.085261,36.340313,35.821416,36.120441,14053200
2022-08-02,35.812627,36.278752,35.698293,35.90937,13208000
2022-08-03,35.900571,36.164416,35.742263,36.102852,7069800
2022-08-04,36.366691,36.481024,36.243563,36.401871,11478200
2022-08-05,36.182004,36.463439,36.13803,36.393082,8281100
2022-08-08,36.525004,36.700901,36.410673,36.472237,8486300
2022-08-09,36.542592,36.604156,36.313928,36.393082,7219500
2022-08-10,36.648134,36.903185,36.516213,36.850418,7292400
2022-08-11,37.184614,37.501229,36.938359,37.026306,10109800
2022-08-12,37.026301,37.42207,36.982328,37.413277,9075700
2022-08-15,37.105467,37.334135,37.061494,37.272572,8868500
2022-08-16,37.193406,37.342917,37.140636,37.29015,10804300
2022-08-17,37.158224,37.360506,37.070277,37.202198,10500500
2022-08-18,37.061485,37.114255,36.824023,36.964741,11487100
2022-08-19,36.727278,36.753665,36.47223,36.551384,10237500
2022-08-22,36.33151,36.419457,36.252356,36.296329,10150400
2022-08-23,36.375495,36.648133,36.296341,36.525005,11575200
2022-08-24,36.261152,36.736075,36.217179,36.551384,9775000
2022-08-25,36.832827,37.237389,36.797647,37.228596,11979000
2022-08-26,37.510028,37.554001,36.71849,36.73608,8782400
2022-08-29,36.630545,36.859209,36.560184,36.560184,9447100
2022-08-30,36.700901,36.700901,36.006107,36.120441,10693400
2022-08-31,36.445848,36.586566,36.17321,36.17321,9337500
2022-09-01,35.953337,36.023694,35.654312,36.006104,18818700
2022-09-02,35.953339,36.10285,35.645517,35.715878,10848500
2022-09-06,35.645508,35.707072,35.35528,35.408047,14144900
2022-09-07,35.267338,35.742261,35.232162,35.707081,9883200
2022-09-08,35.399266,35.619137,35.311319,35.601547,12770900
2022-09-09,35.918158,36.138029,35.874185,36.076466,9009700
2022-09-12,36.384289,36.63934,36.313931,36.630547,10716200
2022-09-13,35.89178,36.014907,35.416857,35.469627,9973100
2022-09-14,35.654308,35.759846,35.513591,35.645512,10471000
2022-09-15,35.425651,35.645522,35.249757,35.337704,14054400
2022-09-16,34.897961,35.003498,34.739653,34.889164,19815200
2022-09-19,34.656517,35.039807,34.629774,35.030891,20290600
2022-09-20,34.906094,35.030885,34.763474,34.906094,10472300
2022-09-21,34.692164,34.852611,34.273222,34.326702,19732800
2022-09-22,34.36236,34.424756,34.103862,34.228657,19730200
2022-09-23,33.631432,33.658172,33.257057,33.444244,22623300
2022-09-26,33.159011,33.35511,32.909424,32.980736,21316600
2022-09-27,33.230313,33.426415,32.820283,32.962902,19028000
2022-09-28,32.775716,33.33728,32.722232,33.221401,15878500
2022-09-29,32.659837,32.704405,32.276547,32.570702,15620900
2022-09-30,32.552871,32.811369,32.481559,32.526131,14585900
2022-10-03,32.784636,33.10553,32.579621,33.025307,25180700
2022-10-04,33.649258,34.059287,33.60469,33.952324,15692700
2022-10-05,33.91667,34.121684,33.693827,34.014721,11790500
2022-10-06,33.836459,34.032562,33.747323,33.774063,12713600
2022-10-07,33.426424,33.506648,33.043134,33.10553,14150700
2022-10-10,32.900504,32.900504,32.526129,32.650921,11826300
2022-10-11,32.285468,32.490483,32.044798,32.142849,14793200
2022-10-12,32.160677,32.303297,32.02697,32.133934,13520200
2022-10-13,31.349529,32.419175,31.322789,32.258728,24983600
2022-10-14,32.46373,32.46373,31.768461,31.786289,17628500
2022-10-17,32.392431,32.740066,32.392431,32.597446,19459100
2022-10-18,32.909424,32.971823,32.383519,32.606361,13684600
2022-10-19,32.098281,32.303299,31.937837,32.035885,14793200
2022-10-20,32.276557,32.757899,32.240902,32.285473,11343100
2022-10-21,32.16958,32.757885,32.080445,32.757885,12821500
2022-10-24,31.527795,31.581278,31.091025,31.483227,32579800
2022-10-25,31.492141,31.77738,31.492141,31.741724,18412100
2022-10-26,31.804128,32.445916,31.777388,32.16959,14333800
2022-10-27,31.94674,32.231979,31.893257,31.937828,14762300
2022-10-28,31.501056,31.714987,31.394093,31.714987,12132400
2022-10-31,31.340617,31.643683,31.331705,31.599115,18313400
2022-11-01,32.356778,32.428089,32.009144,32.125023,21685500
2022-11-02,32.214152,32.570702,31.87543,31.884346,18052600
2022-11-03,31.706076,32.240897,31.706076,32.142849,19192000
2022-11-04,33.319452,33.453156,32.998558,33.453156,18646100
2022-11-07,33.560129,33.631437,33.27489,33.390766,14516600
2022-11-08,33.355104,33.675998,33.2214,33.533379,16713600
2022-11-09,33.230313,33.372933,32.873767,32.918335,11003200
2022-11-10,33.738397,34.050379,33.613606,34.023636,14703600
2022-11-11,34.49606,34.825867,34.442577,34.709988,13116800
2022-11-14,34.611948,34.825875,34.487153,34.59412,19903400
2022-11-15,35.637025,35.637025,35.128944,35.360699,14947400
2022-11-16,35.093284,35.111112,34.781305,34.799133,12313200
2022-11-17,34.273224,35.013061,34.255396,34.98632,10152900
2022-11-18,34.834784,34.879352,34.594113,34.736732,13884800
2022-11-21,34.424752,34.487148,34.246477,34.41584,11523200
2022-11-22,34.389102,34.522806,34.291051,34.504978,12576700
2022-11-23,34.522802,34.736733,34.487147,34.692162,8148200
2022-11-25,34.647595,34.683251,34.531719,34.567371,4877400
2022-11-28,34.496068,34.825874,34.4515,34.487152,14967900
2022-11-29,35.137849,35.298296,35.057629,35.164593,12193700
2022-11-30,35.886596,36.234234,35.663754,36.118355,16331300
2022-12-01,36.207492,36.269887,35.886598,36.029217,18123200
2022-12-02,35.797466,36.350115,35.797466,36.252064,12581500
2022-12-05,36.296638,36.296638,35.788556,35.886604,11066600
2022-12-06,36.055965,36.082705,35.806378,35.913345,10671300
2022-12-07,35.619194,35.797468,35.547886,35.699417,13380600
2022-12-08,36.055964,36.234238,35.931172,36.109444,16254600
2022-12-09,36.100535,36.154019,35.806381,35.806381,10962700
2022-12-12,35.69942,35.708336,35.396354,35.708336,15846000
2022-12-13,36.367945,36.474909,35.833124,35.895519,20943100
2022-12-14,35.948996,36.10944,35.717238,35.957909,19430000
2022-12-15,35.743987,35.886607,35.200254,35.26265,16821500
2022-12-16,35.36961,35.476573,35.20025,35.218075,12156700
2022-12-19,35.476271,35.476271,35.195431,35.286026,19755100
2022-12-20,35.104836,35.322261,35.050479,35.168251,18051400
2022-12-21,35.150126,35.503439,35.059534,35.494381,15728300
2022-12-22,35.394733,35.394733,34.905529,35.177311,17285500
2022-12-23,35.122947,35.213539,34.94176,35.104828,14616500
2022-12-27,35.403792,35.829577,35.376612,35.657452,13829000
2022-12-28,35.557795,35.603091,35.141068,35.141068,15688000
2022-12-29,35.566852,35.838634,35.539676,35.748039,13383100
2022-12-30,35.557796,35.648388,35.177307,35.313194,15760600
2023-01-03,35.766164,36.037943,35.594038,35.693691,12098600
2023-01-04,36.191944,36.653967,36.001699,36.617729,13970300
2023-01-05,36.309727,36.581506,36.282547,36.509029,9447800
2023-01-06,36.67209,37.152233,36.472784,37.134117,12189500
2023-01-09,37.496492,37.587087,37.324366,37.333424,14642900
2023-01-10,37.442143,37.605207,37.279075,37.596149,8682200
2023-01-11,37.514608,37.768268,37.451193,37.750149,11254400
2023-01-12,37.804507,38.003813,37.469314,37.922279,12603900
2023-01-13,37.858863,38.194057,37.858863,38.175938,8663200
2023-01-17,37.958519,38.012873,37.822628,37.976635,14381200
2023-01-18,38.27559,38.348067,37.750149,37.750149,10775600
2023-01-19,37.904158,38.157817,37.8951,38.049107,11808300
2023-01-20,38.239356,38.502077,38.112526,38.493019,12689100
2023-01-23,38.574543,38.945975,38.520186,38.773846,13000000
2023-01-24,38.647017,38.837262,38.59266,38.810085,13591800
2023-01-25,38.59267,38.837272,38.411487,38.819153,8435800
2023-01-26,39.045631,39.154345,38.864447,39.118107,10829900
2023-01-27,38.964099,38.964099,38.746678,38.855389,11910800
2023-01-30,38.32089,38.438662,38.157822,38.157822,11908200
2023-01-31,38.021932,38.257473,37.940398,38.257473,14673600
2023-02-01,38.366186,38.764798,38.139703,38.647026,23841300
2023-02-02,38.656084,38.656084,38.230299,38.375248,11068700
2023-02-03,37.985694,38.221234,37.695796,37.768269,13327200
2023-02-06,37.224713,37.433076,37.097883,37.378719,12668700
2023-02-07,37.342484,37.578025,37.10694,37.451195,11589100
2023-02-08,37.496491,37.550848,37.206594,37.378719,11288000
2023-02-09,37.813564,37.876979,37.414952,37.523663,8787500
2023-02-10,37.342487,37.360606,37.106943,37.206596,6052700
2023-02-13,37.369657,37.614259,37.288123,37.541782,5597800
2023-02-14,37.233761,37.596135,37.14317,37.433067,8875500
2023-02-15,37.025402,37.260946,36.961987,37.251884,8818400
2023-02-16,37.043529,37.378723,36.934819,37.17942,7802700
2023-02-17,36.844217,36.934812,36.717387,36.880455,7075600
2023-02-21,36.690219,36.862344,36.472794,36.472794,12837300
2023-02-22,36.409378,36.518093,36.237253,36.318787,14404200
2023-02-23,36.735508,36.780804,36.255365,36.44561,13227300
2023-02-24,35.766158,35.911107,35.612152,35.748039,20141500
2023-02-27,35.992641,36.01076,35.856753,35.929226,14329600
2023-02-28,35.81146,35.956409,35.68463,35.711807,10625000
2023-03-01,36.518085,36.563381,36.355018,36.42749,12820000
2023-03-02,36.327832,36.690206,36.25536,36.590553,13843800
2023-03-03,36.69021,36.92575,36.644914,36.862335,8122600
2023-03-06,36.826103,36.989171,36.69927,36.735508,8619700
2023-03-07,36.599625,36.608683,36.182894,36.191956,9885900
2023-03-08,36.255369,36.454674,36.246307,36.382198,6696800
2023-03-09,36.056059,36.128535,35.584975,35.639332,8372600
2023-03-10,35.612151,35.775218,35.403787,35.440022,14675700
2023-03-13,35.27696,35.630276,35.195426,35.403793,14464000
2023-03-14,35.358494,35.503443,35.258841,35.421909,10215200
2023-03-15,34.724347,34.860234,34.525041,34.833057,23584100
2023-03-16,34.742459,35.295078,34.706224,35.276958,14642100
2023-03-17,35.304132,35.313189,34.987054,35.095768,8361300
2023-03-20,35.021431,35.275274,34.921706,35.157417,7514800
2023-03-21,35.474725,35.61071,35.356867,35.529118,7121900
2023-03-22,35.75577,36.127471,35.619784,35.637917,8075800
2023-03-23,36.227189,36.453835,35.900817,36.073071,9410700
2023-03-24,35.837352,36.01867,35.773891,36.000538,8957900
2023-03-27,35.7467,35.846425,35.646975,35.828293,7548100
2023-03-28,36.073073,36.263455,36.064005,36.254391,5786400
2023-03-29,36.290656,36.43571,36.190931,36.381317,9960600
2023-03-30,36.671422,36.82554,36.571697,36.734882,6306800
2023-03-31,36.69862,36.789281,36.544502,36.626095,8309800
2023-04-03,36.662351,36.807405,36.617023,36.780209,9475800
2023-04-04,36.725814,36.834607,36.635157,36.816475,6596700
2023-04-05,36.753016,36.753016,36.354115,36.490105,6787900
2023-04-06,36.508233,36.789276,36.408508,36.707684,7399600
2023-04-10,36.508238,36.644224,36.453841,36.626095,5814800
2023-04-11,36.934328,37.024985,36.852735,36.898064,7100300
2023-04-12,36.970588,37.006852,36.571691,36.61702,7865500
2023-04-13,36.979663,37.115649,36.943399,37.061256,5708200
2023-04-14,36.898069,37.034055,36.716751,36.861805,6061600
2023-04-17,37.061256,37.106585,36.925267,37.061256,14731500
2023-04-18,37.079384,37.124713,36.888999,36.988724,8100500
2023-04-19,36.598892,36.671421,36.508235,36.60796,6359200
2023-04-20,36.580762,36.780212,36.471973,36.562634,6724200
2023-04-21,36.281585,36.281585,36.045871,36.218124,6920600
2023-04-24,36.163734,36.227195,36.064009,36.172802,8266900
2023-04-25,35.755771,35.792035,35.52006,35.556324,10370800
2023-04-26,35.99148,36.036809,35.764834,35.801098,10182000
2023-04-27,35.982415,36.299723,35.955219,36.263458,8388200
2023-04-28,36.308787,36.508237,36.290655,36.481041,9111300
2023-05-01,36.335989,36.598897,36.326922,36.363186,13057500
2023-05-02,36.209069,36.209069,35.8555,35.982422,11429900
2023-05-03,36.018675,36.190925,35.94615,35.973347,9552800
2023-05-04,36.299725,36.381318,36.190933,36.281593,8866000
2023-05-05,36.40851,36.71675,36.345049,36.671421,6629800
2023-05-08,36.807414,36.834614,36.617032,36.680492,26327200
2023-05-09,36.345049,36.490103,36.29972,36.453838,9169700
2023-05-10,36.462906,36.553563,36.281588,36.462906,11900700
2023-05-11,36.218131,36.345052,36.082141,36.317856,28532700
2023-05-12,36.100272,36.118404,35.855493,35.909889,26730000
2023-05-15,36.263459,36.562635,36.12747,36.535435,20806300
2023-05-16,36.263461,36.426647,36.245329,36.281593,18151700
2023-05-17,36.245322,36.444773,36.172797,36.408508,9341700
2023-05-18,36.254394,36.254394,36.027748,36.181866,9298600
2023-05-19,36.209059,36.254391,36.073073,36.163731,8734000
2023-05-22,36.38132,36.562638,36.372252,36.399452,8717400
2023-05-23,36.10027,36.172799,35.837359,35.855492,11626700
2023-05-24,35.782964,35.819225,35.565382,35.601646,8592200
2023-05-25,35.719507,35.719507,35.483793,35.538189,9488900
2023-05-26,35.855497,36.172804,35.810168,36.127472,8469500
2023-05-30,35.973348,35.982412,35.565383,35.656044,12867000
2023-05-31,35.483792,35.510988,35.112091,35.402199,13526500
2023-06-01,35.474731,36.036813,35.456599,36.009617,14261200
2023-06-02,36.526368,36.65329,36.508236,36.580761,9367600
2023-06-05,36.462906,36.580759,36.390377,36.544498,7578800
2023-06-06,36.453835,36.852735,36.41757,36.825535,7998700
2023-06-07,36.852739,37.052186,36.689553,36.743946,8395400
2023-06-08,36.753008,36.970586,36.74394,36.94339,8976100
2023-06-09,36.979661,37.188175,36.961528,37.043121,10055100
2023-06-12,37.106581,37.170042,37.04312,37.133778,7245900
2023-06-13,37.487349,37.605206,37.387627,37.44202,8306100
2023-06-14,37.532674,37.849978,37.505474,37.795582,8886900
2023-06-15,37.985968,38.167283,37.949704,38.158218,10193000
2023-06-16,38.20355,38.212618,37.949707,38.022232,9704300
2023-06-20,37.554628,37.591089,37.262941,37.344978,12278200
2023-06-21,37.244712,37.326749,37.135331,37.281174,8392800
2023-06-22,37.007715,37.153558,36.953026,37.1171,6856700
2023-06-23,36.643113,36.661344,36.488153,36.597538,8339800
2023-06-26,36.74337,36.880096,36.679564,36.716022,8476200
2023-06-27,37.007716,37.080639,36.889221,37.062408,7398200
2023-06-28,36.843642,36.96214,36.779836,36.916565,7332800
2023-06-29,36.697799,36.788953,36.66134,36.761608,9086400
2023-06-30,37.089753,37.208251,36.998602,37.080639,7622800
2023-07-03,37.463471,37.618431,37.390551,37.445244,4891400
2023-07-05,37.326742,37.335855,37.19913,37.262936,8001600
2023-07-06,36.761601,36.81629,36.424336,36.551949,7924400
2023-07-07,36.706907,37.162667,36.706907,36.989479,6731700
2023-07-10,36.77983,37.016827,36.734255,36.998596,5512800
2023-07-11,37.190015,37.354089,37.035058,37.326744,7374500
2023-07-12,37.818968,38.092424,37.79162,38.037731,7753200
2023-07-13,38.201803,38.484375,38.192689,38.457027,7400300
2023-07-14,38.329409,38.356757,38.183566,38.220028,8034400
2023-07-17,38.074191,38.274727,37.910117,38.26561,5386800
2023-07-18,38.046853,38.138004,37.882779,37.992161,6676000
2023-07-19,38.05596,38.210917,37.910117,37.937462,7513000
2023-07-20,37.8372,37.882779,37.645781,37.700474,16580400
2023-07-21,37.782507,37.837196,37.636664,37.68224,8739900
2023-07-24,37.746045,38.274729,37.709584,38.183575,5984000
2023-07-25,38.630222,38.657566,38.447917,38.475262,6986000
2023-07-26,38.338538,38.821643,38.320307,38.712261,6717700
2023-07-27,38.74871,38.776058,38.238261,38.283836,7094600
2023-07-28,39.031288,39.231823,38.976595,39.213593,7433300
2023-07-31,39.085983,39.286515,39.022177,39.259171,6857800
2023-08-01,38.876335,38.92191,38.666682,38.712261,5868100
2023-08-02,38.183578,38.192695,37.791624,37.873661,8465400
2023-08-03,37.955694,38.165343,37.919233,38.037731,6815700
2023-08-04,38.220035,38.411453,38.028616,38.083305,7930900
2023-08-07,38.183571,38.183571,37.901002,38.019497,8382300
2023-08-08,37.518171,37.636669,37.344983,37.627552,8101300
2023-08-09,37.828082,37.855427,37.536396,37.691353,6947800
2023-08-10,37.928345,38.229144,37.691348,37.764271,7871700
2023-08-11,37.344981,37.372326,37.126215,37.217369,8667700
2023-08-14,36.870979,37.098859,36.73425,37.044167,9253000
2023-08-15,36.870988,36.889219,36.597533,36.652222,9959000
2023-08-16,36.551948,36.679564,36.387874,36.406105,9421100
2023-08-17,36.880105,36.880105,36.479037,36.524612,10690300
2023-08-18,36.169114,36.351419,36.123539,36.296726,12520800
2023-08-21,36.251153,36.387879,36.169116,36.378765,7957800
2023-08-22,36.524606,36.542837,36.260264,36.314957,9951400
2023-08-23,36.570184,36.907449,36.56107,36.852757,8213500
2023-08-24,36.934793,36.998599,36.670451,36.697796,9860900
2023-08-25,36.670452,36.743375,36.396997,36.670452,10158300
2023-08-28,36.934789,37.071515,36.870983,37.035057,9341400
2023-08-29,37.15356,37.5364,37.062409,37.527283,10768900
2023-08-30,37.344977,37.509051,37.33586,37.390553,7344200
2023-08-31,37.190023,37.190023,36.925682,36.943913,8443700
2023-09-01,37.436129,37.518166,37.281172,37.344978,11385100
2023-09-05,37.208246,37.235591,37.071517,37.126209,8283200
2023-09-06,37.080634,37.28117,36.91656,36.953022,8385200
2023-09-07,36.633981,36.652212,36.479025,36.570175,7904200
2023-09-08,36.661339,36.716028,36.561071,36.643108,7729100
2023-09-11,36.980371,37.080639,36.889221,37.062408,7020300
2023-09-12,36.807175,37.062399,36.779827,36.962132,7308600
2023-09-13,36.898334,37.025946,36.843641,36.925678,8036800
2023-09-14,37.107974,37.235586,37.007707,37.144436,6672500
2023-09-15,37.098865,37.135327,36.91656,36.953022,8296300
2023-09-18,36.813351,36.914433,36.739833,36.896057,7427900
2023-09-19,36.767392,36.831723,36.657119,36.712257,7604100
2023-09-20,36.767395,36.932807,36.592794,36.601986,9652000
2023-09-21,36.133312,36.188451,36.013847,36.013847,12836100
2023-09-22,36.592798,36.629557,36.399818,36.436577,13280100
2023-09-25,36.17008,36.3263,36.1517,36.298733,9023800
2023-09-26,36.023044,36.114938,35.839252,35.876011,12282900
2023-09-27,36.068992,36.096559,35.765735,35.921959,12274500
2023-09-28,35.774925,36.032231,35.719786,35.995472,8924400
2023-09-29,36.399806,36.399806,35.995464,36.032223,11064200
2023-10-02,36.032229,36.068988,35.811682,35.903576,15001400
2023-10-03,35.591132,35.710597,35.388961,35.444099,14829500
2023-10-04,35.361392,35.416531,35.205172,35.297066,12806100
2023-10-05,35.370585,35.453291,35.205173,35.444099,12896000
2023-10-06,35.453291,36.004663,35.407341,35.931145,8077500
2023-10-09,35.453288,35.728974,35.388958,35.710594,8680800
2023-10-10,35.977089,36.317101,35.977089,36.280342,10417300
2023-10-11,36.436576,36.546849,36.271163,36.390625,8324500
2023-10-12,36.436572,36.44576,35.894388,36.004662,10723000
2023-10-13,36.023042,36.151695,35.793303,35.866817,8884300
2023-10-16,35.848445,36.179269,35.830069,36.124134,9309500
2023-10-17,35.802491,36.151695,35.802491,35.967903,7607500
2023-10-18,35.609507,35.618695,35.333821,35.379768,8860600
2023-10-19,35.343012,35.499236,35.232738,35.251118,12489600
2023-10-20,34.984624,35.058142,34.810024,34.828403,12400000
2023-10-23,34.561903,34.874348,34.424058,34.754883,10778600
2023-10-24,34.846778,35.241929,34.846778,35.186794,10458700
2023-10-25,34.892727,34.975433,34.736502,34.81002,12138000
2023-10-26,34.598664,34.764076,34.561905,34.68137,14799400
2023-10-27,35.030569,35.113275,34.672177,34.718124,11386300
2023-10-30,35.223554,35.278689,34.947865,35.030571,10203000
2023-10-31,34.791647,34.865162,34.607856,34.865162,10625700
2023-11-01,34.819208,35.122465,34.773261,35.113274,10184900
2023-11-02,35.554375,35.683031,35.471669,35.65546,8751400
2023-11-03,36.032229,36.381433,36.023041,36.307915,8225300
2023-11-06,36.528467,36.556035,36.353867,36.418194,7206300
2023-11-07,36.326302,36.445767,36.142513,36.427387,8266100
2023-11-08,36.335481,36.445755,36.216016,36.261963,8356200
2023-11-09,36.243588,36.326294,35.903575,35.940334,6534800
2023-11-10,35.99547,36.197642,35.921956,36.188454,6802200
2023-11-13,36.133312,36.38143,36.068985,36.252777,6659600
2023-11-14,36.712261,37.144168,36.68469,37.098221,9723700
2023-11-15,37.327959,37.539318,37.263632,37.35553,11710600
2023-11-16,36.941999,37.134979,36.822534,36.969566,8660000
2023-11-17,37.033898,37.144171,36.997139,37.116604,19053100
2023-11-20,37.217676,37.557689,37.217676,37.511742,8716600
2023-11-21,37.447419,37.511746,37.23606,37.291199,7471700
2023-11-22,37.25444,37.327954,37.089027,37.190113,6353500
2023-11-24,37.162538,37.337141,37.144158,37.30957,2391500
2023-11-27,37.162547,37.199306,37.079841,37.134979,10166800
2023-11-28,37.30958,37.474992,37.236065,37.438236,9536100
2023-11-29,37.236055,37.438227,37.199296,37.226864,11069500
2023-11-30,37.318763,37.373898,37.079833,37.337143,9398300
2023-12-01,37.153358,37.502562,37.052272,37.49337,9284800
2023-12-04,37.26363,37.346336,37.098218,37.162544,11018200
2023-12-05,36.914432,37.070656,36.840918,37.033897,8508300
2023-12-06,37.180921,37.263628,36.987942,36.987942,10089300
2023-12-07,37.1166,37.171738,37.024706,37.134979,7593100
2023-12-08,36.877669,37.043081,36.804151,36.951183,7744300
2023-12-11,36.932812,37.134983,36.886865,37.116604,13378300
2023-12-12,36.997139,37.134983,36.850106,37.116604,10349000
2023-12-13,36.942001,37.465805,36.785777,37.465805,11221200
2023-12-14,37.677159,38.017171,37.667971,37.962036,13440600
2023-12-15,37.96204,38.007987,37.741489,37.741489,11128700
2023-12-18,37.652308,37.755568,37.549048,37.736794,11145300
2023-12-19,37.821277,38.046569,37.783727,37.999634,9147300
2023-12-20,37.64292,37.708631,37.182946,37.201721,16805400
2023-12-21,37.793113,37.943309,37.689856,37.924538,15129700
2023-12-22,37.718021,37.849442,37.642921,37.793118,13387300
2023-12-26,38.018415,38.131061,37.971479,38.037189,12500800
2023-12-27,38.13106,38.281256,38.121674,38.24371,9863800
2023-12-28,38.525318,38.666124,38.468993,38.478382,11344600
2023-12-29,38.459618,38.703685,38.459618,38.58165,10314100
2024-01-02,38.234314,38.328189,38.046568,38.131054,11730100
2024-01-03,37.886992,38.121674,37.821282,38.018414,9683200
2024-01-04,37.999637,38.131058,37.924541,37.952702,9929100
2024-01-05,38.018411,38.224932,37.962086,38.009026,8938300
2024-01-08,37.727402,38.084119,37.699242,38.074734,11027400
2024-01-09,37.633537,37.699248,37.558437,37.633537,13068500
2024-01-10,37.6617,37.671089,37.530279,37.595989,8019700
2024-01-11,37.840059,37.858834,37.520892,37.755573,12870600
2024-01-12,38.046572,38.177993,37.905765,37.933926,7892100
2024-01-16,37.492721,37.520885,37.098458,37.145393,12668400
2024-01-17,36.516448,36.666644,36.450737,36.647869,15727300
2024-01-18,36.845006,36.938877,36.713585,36.863781,10678200
2024-01-19,36.948265,37.220496,36.798069,37.201721,9934800
2024-01-22,36.788674,36.995195,36.760513,36.910709,10555600
2024-01-23,36.938877,37.164173,36.910716,37.117237,11831400
2024-01-24,37.80251,37.830671,37.558439,37.595989,11096700
2024-01-25,37.755572,37.830668,37.586601,37.689861,8637800
2024-01-26,37.624145,37.802502,37.595981,37.699242,7775300
2024-01-29,37.793119,37.802508,37.502116,37.708633,12469700
2024-01-30,37.304982,37.380078,37.211107,37.351917,8527000
2024-01-31,37.267434,37.530276,37.136013,37.211109,9833700
2024-02-01,37.342526,37.483336,37.258041,37.464561,12720700
2024-02-02,37.164171,37.239268,37.013975,37.201721,10067300
2024-02-05,37.098458,37.351914,37.070297,37.295589,10195400
2024-02-06,37.90576,38.224927,37.84005,38.215538,10777600
2024-02-07,38.065346,38.253092,38.037186,38.187382,9253800
2024-02-08,38.046567,38.093506,37.90576,37.990246,7914500
2024-02-09,38.009025,38.177992,37.849439,38.140446,8825000
2024-02-12,38.093507,38.487771,38.065343,38.309414,8682500
2024-02-13,37.905762,38.009022,37.464559,37.60537,35414600
2024-02-14,38.065344,38.196765,38.009023,38.14983,9530700
2024-02-15,38.243703,38.393899,38.224928,38.38451,7562500
2024-02-16,38.525319,38.69429,38.506544,38.572254,8155600
2024-02-20,38.703687,38.788172,38.534716,38.647362,8923700
2024-02-21,38.694291,38.816323,38.572256,38.684902,11952300
2024-02-22,39.004075,39.069786,38.872654,39.02285,14835700
2024-02-23,39.032234,39.07917,38.90081,39.032234,8514500
2024-02-26,38.900814,38.9853,38.863268,38.900814,9508400
2024-02-27,39.02285,39.088561,38.994689,39.02285,11725900
2024-02-28,38.760004,38.760004,38.375126,38.422062,6849100
2024-02-29,38.628585,38.666132,38.450225,38.50655,10169300
2024-03-01,38.816329,39.079175,38.741233,39.02285,15639200
2024-03-04,39.051016,39.051016,38.825724,38.863274,8596700
2024-03-05,38.703682,38.816329,38.544101,38.600422,7463300
2024-03-06,39.107331,39.229366,39.051006,39.07917,10248500
2024-03-07,39.144883,39.313854,39.051008,39.266918,7739600
2024-03-08,39.332631,39.435888,39.154271,39.201206,12121100
2024-03-11,39.248149,39.426505,39.248149,39.30447,6976400
2024-03-12,39.510985,39.651796,39.407725,39.642406,6316500
2024-03-13,39.407721,39.492207,39.360786,39.41711,10209100
2024-03-14,39.464052,39.482827,39.116721,39.201206,6643000
2024-03-15,39.228451,39.247244,39.06872,39.087509,5914600
2024-03-18,39.388186,39.388186,39.134496,39.172077,6729200
2024-03-19,39.012352,39.087518,38.852617,39.012352,7812700
2024-03-20,39.059323,39.341203,38.965364,39.322411,9988200
2024-03-21,39.547917,39.547917,39.322411,39.350601,8668500
2024-03-22,39.172075,39.190868,39.049929,39.096909,8168700
2024-03-25,39.040531,39.153282,39.040531,39.096909,8294900
2024-03-26,39.134501,39.134501,39.012352,39.012352,8532300
2024-03-27,39.031139,39.125098,38.965367,39.115704,6784100
2024-03-28,39.190868,39.359997,39.162681,39.247246,6862800
2024-04-01,39.482145,39.641876,39.32241,39.406975,9390000
2024-04-02,39.566708,39.688857,39.491538,39.538521,8542100
2024-04-03,39.416379,39.660674,39.378794,39.594902,17641800
2024-04-04,39.895568,40.008323,39.435164,39.453957,15019100
2024-04-05,39.453965,39.651281,39.388189,39.576111,13412800
2024-04-08,39.754636,39.895574,39.754636,39.820408,12719900
2024-04-09,40.111679,40.233828,40.008326,40.168056,8974600
2024-04-10,39.782822,39.848594,39.623087,39.726444,13390400
2024-04-11,39.857994,39.904977,39.632491,39.857994,9347300
2024-04-12,39.463352,39.463352,39.012343,39.087509,12304300
2024-04-15,39.275429,39.322408,38.768042,38.843212,13310700
2024-04-16,38.38281,38.514358,38.260664,38.364021,16523300
2024-04-17,38.645903,38.664695,38.326437,38.429794,14338700
2024-04-18,38.542548,38.711677,38.439191,38.53315,8766000
2024-04-19,38.364021,38.476772,38.298245,38.420395,16916700
2024-04-22,38.4016,38.777443,38.382808,38.749256,8416500
2024-04-23,38.796232,39.096905,38.786834,39.068718,7065000
2024-04-24,39.22845,39.275429,39.049926,39.190865,5988800
2024-04-25,38.908985,39.341202,38.908985,39.313015,8399900
2024-04-26,39.641877,39.782819,39.604296,39.764027,6255300
2024-04-29,39.970743,40.158665,39.933158,40.158665,6554300
2024-04-30,39.829807,39.914371,39.604304,39.623093,10650600
2024-05-01,39.641872,40.036508,39.613686,39.670063,12105500
2024-05-02,40.224435,40.731818,40.092887,40.637859,7447700
2024-05-03,40.863363,41.0137,40.713027,40.994907,9291800
2024-05-06,40.910348,40.966722,40.844576,40.919743,8758100
2024-05-07,40.675443,40.722423,40.590879,40.628464,7311100
2024-05-08,40.393565,40.628466,40.374773,40.590881,8144800
2024-05-09,40.637859,40.769403,40.525107,40.75061,9857800
2024-05-10,40.994909,41.051283,40.806988,40.835175,7764000
2024-05-13,41.22981,41.286184,41.088868,41.15464,6805000
2024-05-14,41.182831,41.370749,41.173433,41.361355,8627200
2024-05-15,41.577465,41.727801,41.436523,41.718407,7240600
2024-05-16,41.774779,41.953306,41.727799,41.878136,9801100
2024-05-17,42.009681,42.25398,41.972096,42.17881,9999900
2024-05-20,42.009676,42.150618,41.98149,42.084846,8348500
2024-05-21,41.878138,41.925118,41.727802,41.840553,5187400
2024-05-22,41.831158,41.906325,41.624444,41.718407,5654300
2024-05-23,41.859341,41.878133,41.323767,41.398937,7511400
2024-05-24,41.502297,41.643239,41.464715,41.530487,5688000
2024-05-28,41.577463,41.662028,41.32377,41.417732,5834500
2024-05-29,40.929138,40.985512,40.825781,40.900948,8038200
2024-05-30,40.713028,40.929136,40.65665,40.825779,5290500
2024-05-31,40.468725,40.496912,40.205637,40.478123,10096300
2024-06-03,40.985517,41.098272,40.694242,40.88216,10536500
2024-06-04,40.168059,40.28081,40.036515,40.243229,13022800
2024-06-05,40.468728,40.778798,40.468728,40.760006,8354800
2024-06-06,40.910348,41.004307,40.797593,40.947933,7268300
2024-06-07,40.835175,40.910345,40.562689,40.609673,8035800
2024-06-10,40.806986,40.891551,40.543899,40.825779,7629700
2024-06-11,40.694238,40.741217,40.525109,40.731819,7057100
2024-06-12,41.173427,41.276784,40.976111,41.051277,9027600
2024-06-13,41.117051,41.192221,40.872755,41.004299,4471900
2024-06-14,40.966721,41.126456,40.882157,41.117058,6505800
2024-06-17,41.164044,41.389547,41.107666,41.342567,4790200
2024-06-18,41.455316,41.746595,41.38015,41.671425,7175100
2024-06-20,41.755987,41.77478,41.417733,41.596256,9742900
2024-06-21,41.520798,41.586824,41.445339,41.454773,8758500
2024-06-24,41.464205,41.718877,41.426476,41.426476,6846700
2024-06-25,41.388746,41.435907,41.2001,41.303856,10373200
2024-06-26,41.181236,41.23783,41.086914,41.190666,7393200
2024-06-27,41.303857,41.332153,41.134076,41.171806,9108200
2024-06-28,41.435905,41.45477,41.181234,41.275555,9177500
2024-07-01,41.530227,41.577391,41.313286,41.369881,12952900
2024-07-02,41.303856,41.539663,41.266126,41.520798,8358400
2024-07-03,41.728305,42.143323,41.728305,42.133888,7496300
2024-07-05,42.133889,42.162188,41.850922,42.124458,7304400
2024-07-08,42.162188,42.256509,42.077298,42.124458,8687100
2024-07-09,42.22822,42.322542,42.115034,42.303677,9928800
2024-07-10,42.397997,42.482888,42.331972,42.473454,7567400
2024-07-11,42.926198,43.001658,42.699826,42.803581,8468200
2024-07-12,42.973368,43.133714,42.973368,43.001663,6332300
2024-07-15,42.765853,42.765853,42.520616,42.558342,8192800
2024-07-16,42.614937,42.831879,42.586642,42.831879,7094000
2024-07-17,42.416861,42.454588,42.181055,42.209351,8376500
2024-07-18,42.29424,42.30367,41.775466,41.841492,7141200
2024-07-19,41.681146,41.718876,41.417044,41.435909,8240500
2024-07-22,41.709443,41.803764,41.596253,41.756603,6633700
2024-07-23,41.426475,41.454774,41.303858,41.322723,7529800
2024-07-24,41.237832,41.313288,40.879405,40.888836,7505400
2024-07-25,40.756785,41.077481,40.653029,40.785084,9856100
2024-07-26,41.190667,41.322722,41.086915,41.237831,10790800
2024-07-29,41.20953,41.218964,40.964293,41.096344,5465400
2024-07-30,41.143505,41.143505,40.841673,40.983158,6055000
2024-07-31,41.709441,41.888653,41.652847,41.775467,7014000
2024-08-01,41.567961,41.662283,40.992593,41.086918,23320700
2024-08-02,40.59644,40.662465,40.388929,40.6436,13596500
2024-08-05,38.64396,39.747532,38.587365,39.52116,17981300
2024-08-06,39.492865,40.077667,39.426839,39.794697,13328000
2024-08-07,40.634172,40.681333,40.0871,40.105965,13033700
2024-08-08,40.605871,41.002027,40.539845,40.973728,10484100
2024-08-09,41.002024,41.162371,40.860539,41.07748,7496800
2024-08-12,41.171804,41.369881,41.12464,41.256695,7570400
2024-08-13,41.332152,41.605689,41.266127,41.567959,5378800
2024-08-14,41.483067,41.520797,41.190666,41.303856,8553800
2024-08-15,41.511363,41.832059,41.501932,41.756603,7715100
2024-08-16,41.982972,42.209348,41.973542,42.190483,3570700
2024-08-19,42.38856,42.690392,42.360265,42.624367,6170400
2024-08-20,42.435726,42.435726,42.115029,42.209351,10259400
2024-08-21,42.256513,42.464024,42.256513,42.407429,8536500
2024-08-22,42.247082,42.303673,41.850925,41.90752,10341300
2024-08-23,42.284813,42.586644,42.171623,42.511185,8900700
2024-08-26,42.331969,42.38856,42.162188,42.237644,7267600
2024-08-27,42.209349,42.322535,42.143324,42.284809,7969600
2024-08-28,42.171631,42.20936,41.898094,42.011284,8009300
2024-08-29,42.133893,42.275378,42.058437,42.067867,9398100
2024-08-30,42.303674,42.341404,42.030141,42.181057,4305300
2024-09-03,41.926384,41.926384,41.454771,41.539661,12945100
2024-09-04,41.426473,41.737739,41.426473,41.520798,8069800
2024-09-05,41.615119,41.794334,41.539662,41.633984,8108800
2024-09-06,41.633983,41.718874,40.973724,41.030319,7794100
2024-09-09,41.181239,41.39818,41.162374,41.31329,6432800
2024-09-10,41.237832,41.256697,40.936,41.218967,6925700
2024-09-11,41.152936,41.520793,40.84167,41.473633,5534800
2024-09-12,41.511367,41.766038,41.426476,41.747173,5350400
2024-09-13,41.841493,42.001839,41.841493,41.935814,5074900
2024-09-16,42.049012,42.133899,41.935822,42.096172,7750700
2024-09-17,42.256516,42.303676,42.049008,42.14333,7129300
2024-09-18,42.199923,42.492321,41.954683,41.992413,7547400
2024-09-19,42.709252,42.935628,42.539471,42.869602,7295500
2024-09-20,42.949079,43.005837,42.759875,42.845016,5975100
2024-09-23,43.109896,43.327479,43.062596,43.195038,8742600
2024-09-24,44.301875,44.774883,44.150509,44.6992,9822000
2024-09-25,44.462696,44.528917,44.226193,44.245113,10615400
2024-09-26,45.673591,45.815495,45.314108,45.654671,9345700
2024-09-27,45.749276,45.976318,45.588452,45.645214,12020500
2024-09-30,45.692519,45.71144,45.143832,45.266811,13600800
2024-10-01,45.474935,45.616838,45.087069,45.607376,15944400
2024-10-02,46.468253,46.553394,46.099308,46.553394,11686700
2024-10-03,45.569533,46.052002,45.512774,45.85334,12395300
2024-10-04,46.288512,46.411495,46.080388,46.411495,8533900
2024-10-07,46.723676,46.893959,46.44933,46.818279,11884500
2024-10-08,45.484398,45.578998,45.05869,45.446556,13781800
2024-10-09,44.746503,45.238431,44.670824,45.134369,14915900
2024-10-10,45.219515,45.323577,44.878949,45.228977,13793600
2024-10-11,45.077606,45.616834,45.039765,45.550613,8903100
2024-10-14,45.21951,45.635759,45.12491,45.333031,8111600
2024-10-15,44.935707,44.983007,44.349179,44.424858,7197200
2024-10-16,44.755965,44.964086,44.689744,44.841106,5157800
2024-10-17,44.680279,44.7938,44.500537,44.6992,5971400
2024-10-18,45.503319,45.503319,45.191136,45.247898,4309000
2024-10-21,44.92625,45.030309,44.708664,44.92625,4572000
2024-10-22,44.765422,44.973546,44.755963,44.869484,5096100
2024-10-23,44.689744,44.812723,44.415399,44.585682,6341900
2024-10-24,44.519459,44.6046,44.330255,44.53838,5688700
2024-10-25,44.755966,44.784345,44.424859,44.500542,6644300
2024-10-28,44.500537,44.746499,44.491075,44.642437,5168900
2024-10-29,44.746502,44.746502,44.443777,44.472157,4484500
2024-10-30,44.055909,44.282954,44.008609,44.150509,5443000
2024-10-31,44.112678,44.141057,43.781571,44.055916,12630400
2024-11-01,44.292414,44.472156,44.03699,44.065372,9021100
2024-11-04,44.387013,44.538379,44.207272,44.207272,5748600
2024-11-05,44.774884,44.935705,44.699201,44.850563,5433600
2024-11-06,44.216737,44.57622,44.036992,44.424858,7592600
2024-11-07,45.210048,45.50331,45.162748,45.38979,7464700
2024-11-08,44.623525,44.670829,44.074838,44.264042,9563800
2024-11-11,44.178889,44.188347,43.895085,44.008606,7754800
2024-11-12,43.43154,43.620744,43.138274,43.261257,10307300
2024-11-13,43.346397,43.384238,42.977452,43.034214,8077600
2024-11-14,42.939616,43.03422,42.769333,42.769333,5310000
2024-11-15,42.845013,42.845013,42.60851,42.684189,5938200
2024-11-18,42.703112,43.062599,42.703112,43.043678,6150600
2024-11-19,42.920698,43.185584,42.920698,43.109901,6387500
2024-11-20,43.062596,43.109896,42.873392,43.100437,5727400
2024-11-21,42.920695,42.996378,42.750412,42.949078,7958500
2024-11-22,42.863934,42.958534,42.788251,42.958534,9676600
2024-11-25,43.081514,43.100434,42.854468,42.977451,7512400
2024-11-26,42.930153,42.949074,42.69365,42.750408,6829600
2024-11-27,43.081515,43.128815,42.750408,42.911232,6838300
2024-11-29,42.599052,43.138281,42.599052,43.109901,5041200
2024-12-02,43.138269,43.384235,43.119352,43.327473,7995000
2024-12-03,43.355863,43.526142,43.261259,43.507225,6459700
2024-12-04,43.573441,43.630199,43.478837,43.573441,5962800
2024-12-05,43.791029,43.914009,43.772109,43.85725,8518300
2024-12-06,44.074833,44.084292,43.83833,43.876171,5264300
2024-12-09,44.935705,45.276271,44.907326,44.945164,8016800
2024-12-10,44.462703,44.462703,44.103216,44.112679,4972700
2024-12-11,44.159975,44.226196,43.999151,44.188354,10085600
2024-12-12,43.98969,44.150511,43.904549,43.92347,5510300
2024-12-13,43.980232,44.01807,43.809949,43.94239,5686500
2024-12-16,43.743726,43.885626,43.705885,43.715343,7880700
2024-12-17,43.516682,43.696424,43.374779,43.611282,9017700
2024-12-18,43.488305,43.611284,42.580128,42.599049,10539000
2024-12-19,43.034222,43.072059,42.778797,42.778797,11289300
2024-12-20,42.842738,43.191526,42.639276,43.017132,12254500
2024-12-23,42.968683,43.220588,42.900864,43.20121,12668200
2024-12-24,43.433743,43.433743,43.181839,43.37561,6401300
2024-12-26,43.269032,43.356229,43.15277,43.269032,9727900
2024-12-27,43.055885,43.143082,42.920246,43.114017,11621300
2024-12-30,42.929936,42.939623,42.668345,42.736164,9244100
2024-12-31,42.755536,42.842733,42.619897,42.668339,8915800
2025-01-02,42.619905,42.774922,42.474576,42.552082,9015000
2025-01-03,42.678027,42.80398,42.581143,42.765224,7090300
2025-01-06,43.16246,43.16246,42.707101,42.755543,14552900
2025-01-07,42.939623,42.978378,42.464887,42.484261,9112700
2025-01-08,42.232356,42.26142,42.057962,42.212978,7991900
2025-01-10,41.660735,41.680113,41.389457,41.476654,13572400
2025-01-13,40.982536,41.176308,40.934094,41.176308,8281800
2025-01-14,41.854506,41.854506,41.496031,41.670422,20008000
2025-01-15,42.106407,42.154849,41.951391,42.106407,8989900
2025-01-16,42.242049,42.251739,42.087032,42.087032,7984200
2025-01-17,42.251733,42.716783,42.232355,42.435814,7930500
2025-01-21,42.765226,42.891179,42.619901,42.833046,8541700
2025-01-22,42.833048,42.900867,42.668344,42.794292,8276000
2025-01-23,42.765224,42.978373,42.697405,42.958996,5612200
2025-01-24,43.133396,43.23997,42.978379,43.191528,5863400
2025-01-27,42.629585,42.629585,42.377685,42.493946,8042500
2025-01-28,42.513328,42.765229,42.271114,42.736164,6716500
2025-01-29,42.949309,43.065571,42.716782,42.765224,8798900
2025-01-30,43.055884,43.550001,43.036506,43.424049,7179100
2025-01-31,43.482181,43.569378,42.958999,43.017132,9874200
2025-02-03,42.387372,42.997751,42.300175,42.765224,14712300
2025-02-04,43.201213,43.579066,43.133394,43.453114,5600900
2025-02-05,43.249655,43.385294,43.181836,43.259346,5502100
2025-02-06,43.375606,43.462803,43.307786,43.462803,6457500
2025-02-07,43.850347,43.956922,43.44343,43.482185,8334900
2025-02-10,43.792219,43.927858,43.743777,43.918171,4835700
2025-02-11,43.617824,43.84066,43.530627,43.734085,4066400
2025-02-12,43.656576,44.073183,43.569379,43.947231,7962200
2025-02-13,43.598441,44.189443,43.598441,44.179752,8905300
2025-02-14,44.34446,44.470412,44.26695,44.451035,5739800
2025-02-18,44.683558,44.770755,44.586674,44.664181,7226900
2025-02-19,44.586673,44.625428,44.470411,44.538231,4656800
2025-02-20,44.935467,45.197058,44.77076,45.012974,11032800
2025-02-21,45.255184,45.419891,44.819199,44.954842,8865400
2025-02-24,44.722311,44.722311,44.237884,44.266949,7218600
2025-02-25,44.296016,44.373522,44.092554,44.24757,8254500
2025-02-26,44.722312,44.945148,44.547918,44.67387,10751600
2025-02-27,44.373522,44.402591,43.85034,43.889095,7357200
2025-02-28,43.191523,43.365914,42.988061,43.336849,9729600
2025-03-03,43.530622,43.637196,42.784603,42.920242,15146500
2025-03-04,43.065578,43.646889,42.852429,43.288414,10263400
2025-03-05,44.063493,44.644808,43.956918,44.576984,12869100
2025-03-06,44.567299,44.741693,44.315399,44.344463,10690500
2025-03-07,44.470416,44.693253,44.17007,44.528545,7457100
2025-03-10,44.015048,44.015048,43.259343,43.530621,9895200
2025-03-11,43.860034,44.092557,43.579065,43.840656,7704600
2025-03-12,43.947228,44.053803,43.695324,43.99567,9465600
2025-03-13,43.617821,43.96661,43.540311,43.860035,7420000
2025-03-14,44.392906,44.673874,44.363841,44.64481,6944600
2025-03-17,44.693251,45.313317,44.644809,45.255184,9626800
2025-03-18,45.274563,45.274563,44.974216,45.138924,7580400
2025-03-19,45.264878,45.371452,45.022664,45.206745,8007900
2025-03-20,44.70294,44.896712,44.606056,44.799828,6651900
2025-03-21,44.535055,44.690233,44.438072,44.593246,5581000
2025-03-24,44.787211,44.884193,44.670831,44.729019,6227100
2025-03-25,44.729026,44.864803,44.64174,44.680534,5974200
2025-03-26,44.661134,44.729023,44.350786,44.408978,9811700
2025-03-27,44.38958,44.816308,44.38958,44.699928,5447700
2025-03-28,44.408978,44.408978,43.865866,43.943455,9167400
2025-03-31,43.58461,43.924056,43.371248,43.894958,8140100
2025-04-01,43.933753,44.098628,43.691293,44.040436,13223500
2025-04-02,43.94345,44.215004,43.914353,44.079227,6058600
2025-04-03,43.293667,43.545827,43.225778,43.28397,11227700
2025-04-04,41.499458,41.761315,40.432632,40.859364,31160900
2025-04-07,38.88089,40.607205,38.725716,39.210636,38745400
2025-04-08,40.442332,40.442332,38.337777,38.68692,21585800
2025-04-09,38.890587,41.373379,38.628733,41.208508,29071700
2025-04-10,40.849658,41.03393,39.92831,40.675087,17617000
2025-04-11,41.266691,41.858294,41.053329,41.800102,16757000
2025-04-14,42.168644,42.430502,41.964979,42.188042,7442500
2025-04-15,42.440199,42.440199,42.188042,42.197739,5598400
2025-04-16,41.945584,42.100758,41.528553,41.66433,7211500
2025-04-17,42.168647,42.323822,41.974679,41.994076,7553700
2025-04-21,42.285028,42.34322,41.751617,42.042568,6689400
2025-04-22,42.575977,42.96391,42.498388,42.702053,8785500
2025-04-23,43.410042,43.565217,43.0706,43.119091,8130700
2025-04-24,43.390647,43.710692,43.235473,43.662201,4305200
2025-04-25,43.410044,43.536125,43.25487,43.516727,7557900
2025-04-28,43.642803,43.691294,43.41974,43.633106,5881000
2025-04-29,43.710695,43.846472,43.671901,43.788284,5248700
2025-04-30,43.739788,43.982248,43.477934,43.885265,39652200
2025-05-01,44.088927,44.137418,43.846467,43.865864,10333800
2025-05-02,45.019974,45.146054,44.893898,45.039371,10651000
2025-05-05,45.42731,45.582485,45.388516,45.398216,6050500
2025-05-06,45.01997,45.340019,45.01997,45.175148,10111600
2025-05-07,44.845411,44.903599,44.544759,44.612648,6294700
2025-05-08,44.748419,44.816308,44.525356,44.535053,11808600
2025-05-09,45.049071,45.11696,44.777514,44.855103,6544300
2025-05-12,45.873436,45.989816,45.689168,45.863739,8861800
2025-05-13,45.650371,46.096497,45.592179,45.941322,8319500
2025-05-14,46.397146,46.416543,46.232271,46.319557,9528500
2025-05-15,46.319563,46.319563,46.057709,46.241978,6978000
2025-05-16,46.174083,46.319557,46.096494,46.290462,5940400
2025-05-19,46.077101,46.484436,46.057708,46.484436,6980600
2025-05-20,46.300169,46.397152,46.22258,46.387455,6938500
2025-05-21,46.54263,46.629916,46.193487,46.271072,8524100
2025-05-22,46.115892,46.280766,46.028606,46.164383,10094800
2025-05-23,45.999513,46.406844,45.989812,46.358353,7399000
2025-05-27,46.154687,46.241973,46.048004,46.193481,5895500
2025-05-28,46.028607,46.028607,45.883134,45.912228,15196400
2025-05-29,46.309863,46.31956,45.970421,46.115894,10474100
2025-05-30,45.698869,45.766757,45.320632,45.582489,9403000
2025-06-02,45.698865,45.912231,45.572789,45.902534,16323000
2025-06-03,45.88314,46.038314,45.805551,46.009216,7926200
2025-06-04,46.358355,46.532927,46.309864,46.465038,8385800
2025-06-05,46.794783,46.81418,46.503832,46.581417,9619000
2025-06-06,46.659007,46.804481,46.581418,46.785088,6974600
2025-06-09,46.998451,47.211817,46.940263,47.124531,7796900
2025-06-10,47.376689,47.473675,47.231215,47.473675,6603200
2025-06-11,47.677336,47.764622,47.551256,47.628845,8005700
2025-06-12,47.522159,47.657936,47.45427,47.638538,8442200
2025-06-13,46.843279,47.076042,46.77539,46.920868,8019000
2025-06-16,47.37669,47.62885,47.347596,47.357296,7234000
2025-06-17,47.076036,47.143924,46.765687,46.823875,7342700
2025-06-18,46.755988,46.911162,46.620211,46.6978,8555900
2025-06-20,46.6871,46.6871,46.239683,46.259136,7903000
2025-06-23,46.23968,46.657919,46.161867,46.638466,9587100
2025-06-24,47.251243,47.688931,47.251243,47.650028,10711500
2025-06-25,47.766743,47.80565,47.669476,47.766743,7019000
2025-06-26,48.000177,48.1558,47.893189,48.087715,7417500
2025-06-27,48.009903,48.136349,47.883458,48.039082,8246100
2025-06-30,47.922365,48.165527,47.815373,48.107166,9388200
2025-07-01,48.243337,48.360057,48.146073,48.301697,12817900
2025-07-02,48.146073,48.447595,48.068259,48.437866,13396200
2025-07-03,48.496228,48.690758,48.4865,48.651852,5099600
2025-07-07,48.233615,48.36006,48.009906,48.077991,8273700
2025-07-08,48.282244,48.301697,48.146074,48.262791,8605100
2025-07-09,48.311424,48.321152,48.107168,48.253067,7040500
2025-07-10,48.301697,48.330875,48.12662,48.301697,9290200
2025-07-11,48.311426,48.311426,48.194709,48.233616,7209600
2025-07-14,48.223884,48.330872,48.155795,48.291969,5039700
2025-07-15,48.700484,48.758845,48.515683,48.642124,7898700
2025-07-16,48.632396,48.875558,48.467048,48.865833,7597200
2025-07-17,48.875561,49.206261,48.826929,49.167355,10502400
2025-07-18,49.322974,49.400787,49.079812,49.108994,5386100
2025-07-21,49.284071,49.536962,49.186808,49.361885,5867900
2025-07-22,49.28407,49.400791,49.060362,49.371609,16282800
2025-07-23,49.653677,49.848208,49.614771,49.828754,15946900
2025-07-24,49.760667,49.770392,49.566137,49.58559,5681800
2025-07-25,49.352158,49.449421,49.206259,49.449421,5360100
2025-07-28,49.235441,49.264623,49.002007,49.060364,6660200
2025-07-29,49.215984,49.235437,49.040907,49.089542,8877100
2025-07-30,48.885281,48.953369,48.61294,48.690754,10545200
2025-07-31,48.525405,48.681028,48.350328,48.437866,6256200
2025-08-01,48.408687,48.42814,48.019626,48.184978,14479400
2025-08-04,48.739392,48.749117,48.505955,48.632401,7863300
2025-08-05,48.85611,48.953377,48.700486,48.788025,9528700
2025-08-06,48.895015,49.04091,48.749116,49.002007,6443800
2025-08-07,49.439699,49.546687,49.264622,49.361885,5728600
2025-08-08,49.215982,49.342427,49.186803,49.30352,5063700
2025-08-11,49.206256,49.381333,49.118718,49.245163,5237100
2025-08-12,49.449417,49.848202,49.420239,49.809296,6045300
2025-08-13,50.315076,50.451246,50.285898,50.373436,7072400
2025-08-14,49.857927,49.945466,49.663401,49.809296,9942400
2025-08-15,50.013557,50.09137,49.916293,49.9552,5513000
2025-08-18,50.266449,50.363712,50.198364,50.334534,7465800
2025-08-19,50.256716,50.256716,49.935745,49.974651,7113300
2025-08-20,49.945472,49.984378,49.673131,49.9552,8344100
2025-08-21,49.828754,49.94547,49.750944,49.867661,5551700
2025-08-22,50.120548,50.772224,50.062191,50.743042,6505000
2025-08-25,50.684684,50.820854,50.52906,50.52906,6631000
2025-08-26,50.499879,50.519333,50.344256,50.42207,8479300
2025-08-27,49.848205,50.101092,49.78012,50.081642,5998700
2025-08-28,50.052465,50.266449,50.003834,50.266449,5949800
2025-08-29,50.09137,50.178908,49.926022,50.120548,6356500
2025-09-02,49.673131,50.081645,49.614771,50.052464,10064300
2025-09-03,50.14973,50.208086,50.033009,50.188633,10285300
2025-09-04,49.828753,49.994105,49.702307,49.974651,10215600
2025-09-05,50.665232,50.75277,50.353985,50.548515,11562200
2025-09-08,50.859762,51.044563,50.791676,51.044563,8471500
2025-09-09,51.209919,51.336361,51.171013,51.239098,9703100
2025-09-10,51.530887,51.657332,51.433623,51.472527,9247400
2025-09-11,51.783779,52.124204,51.744872,52.114479,8570400
2025-09-12,52.056119,52.133929,51.96858,52.017212,7096200
2025-09-15,52.347913,52.425727,52.231197,52.367367,11818100
2025-09-16,52.581354,52.746702,52.454909,52.698071,9032500
2025-09-17,53.009309,53.359463,52.775872,53.028763,11017700
2025-09-18,52.668886,52.853688,52.532712,52.785603,10529600
2025-09-19,52.893148,52.893148,52.668279,52.717163,8883100
2025-09-22,52.736718,52.902928,52.66828,52.863819,7307000
2025-09-23,52.942038,53.069136,52.805158,52.854046,7973800
2025-09-24,52.814934,52.961586,52.697612,52.756271,12004400
2025-09-25,52.433636,52.599841,52.306535,52.45319,7593600
2025-09-26,52.110996,52.365198,52.052337,52.355419,8561200
2025-09-29,52.775826,52.971365,52.717163,52.736717,7232800
2025-09-30,52.922483,53.039805,52.844266,52.971367,15944300
2025-10-01,53.13757,53.362442,53.13757,53.30378,11430800
2025-10-02,53.675304,53.714409,53.264672,53.450432,9704400
2025-10-03,53.655753,53.714412,53.421105,53.56776,8222000
2025-10-06,53.655749,53.81218,53.597087,53.753517,8798700
2025-10-07,53.958834,53.958834,53.40155,53.460213,8179600
2025-10-08,53.616643,53.773073,53.499321,53.763298,7099900
2025-10-09,53.861066,53.861066,53.176681,53.294003,9095700
2025-10-10,53.254893,53.303777,51.240846,51.367947,20103500
2025-10-13,52.79538,52.98114,52.560732,52.79538,7688800
2025-10-14,52.013227,52.658503,51.925234,52.326088,11937500
2025-10-15,53.147349,53.303779,52.805154,53.118019,9739600
2025-10-16,53.421104,53.645972,53.176681,53.294003,11303400
2025-10-17,52.854043,53.284226,52.805156,53.166904,7325300
2025-10-20,53.430886,53.861069,53.401553,53.802406,6237500
2025-10-21,53.538423,53.548202,53.323334,53.323334,6480900
2025-10-22,53.421104,53.626418,53.030029,53.294003,7893600
2025-10-23,53.499319,53.81218,53.460211,53.694855,5989300
2025-10-24,54.007721,54.07616,53.900175,53.949059,5573300
2025-10-27,54.379242,54.428126,54.222811,54.398796,5513400
2025-10-28,54.125038,54.418345,54.037046,54.369461,7194100
2025-10-29,54.731212,54.789875,54.29125,54.525898,11930300
2025-10-30,53.997944,54.193483,53.870843,53.958836,6294200
2025-10-31,53.782849,53.802403,53.538426,53.743744,9610300
2025-11-03,53.861061,53.919724,53.606863,53.861061,6643100
2025-11-04,53.147351,53.460212,53.108242,53.108242,6179200
2025-11-05,53.303781,53.704635,53.186459,53.577534,7337800
2025-11-06,53.665526,53.802402,53.245118,53.372219,6675800
2025-11-07,53.010473,53.333109,52.736716,53.323334,10780600
2025-11-10,53.861063,54.066378,53.685079,54.037048,5852400
2025-11-11,54.027269,54.203254,53.939276,54.095711,6931800
2025-11-12,54.066379,54.125042,53.841511,54.085934,11239000
2025-11-13,54.213033,54.213033,53.499318,53.606865,6675400
2025-11-14,53.313554,53.919726,53.196232,53.626415,7539600
2025-11-17,53.206007,53.479763,52.854041,53.010471,13415300
2025-11-18,52.658503,52.990919,52.492293,52.834488,10004800
2025-11-19,52.697613,52.961586,52.511849,52.717163,7685900
2025-11-20,53.118022,53.196235,52.071888,52.091442,10361100
2025-11-21,51.583042,52.120775,51.328843,51.886127,9722900
2025-11-24,52.042557,52.45319,52.013228,52.414082,10067900
2025-11-25,52.492293,52.668278,52.140327,52.648724,7507900
2025-11-26,52.795377,53.000691,52.68783,52.902924,7627500
2025-11-28,52.971362,53.108238,52.88337,53.088684,4432100
2025-12-01,52.922484,53.225567,52.912705,53.039806,9267400
2025-12-02,52.942032,52.981137,52.697609,52.922478,7200000
2025-12-03,52.697615,52.90293,52.638952,52.854046,6788600
2025-12-04,53.039805,53.039805,52.814936,52.971367,7373000
2025-12-05,53.333114,53.528653,53.1278,53.186462,7700400
2025-12-08,52.981142,53.157127,52.854045,52.990921,10205700
2025-12-09,52.707384,52.922478,52.648722,52.902924,9442500
2025-12-10,52.990918,53.450431,52.893147,53.342888,11644100
2025-12-11,53.000698,53.264675,52.844267,53.225567,11380000
2025-12-12,53.294001,53.313556,52.580287,52.736717,13708300
2025-12-15,52.981138,52.981138,52.570509,52.580284,9769800
2025-12-16,52.306534,52.404302,52.101219,52.28698,11144700
2025-12-17,52.472737,52.5314,51.905677,51.944786,13055400
2025-12-18,52.502072,52.687833,52.365196,52.38475,12955900
2025-12-19,52.86626,53.115488,52.796476,52.946014,12086400
2025-12-22,53.265023,53.334807,53.135423,53.284962,11853200
2025-12-23,53.235118,53.55413,53.115486,53.534191,12384600
2025-12-24,53.514252,53.564097,53.454436,53.514252,4991600
2025-12-26,53.673758,53.853203,53.584036,53.853203,8209900
2025-12-29,53.334808,53.464408,53.274992,53.444469,11570500
2025-12-30,53.65382,53.743542,53.594004,53.643852,6283500
2025-12-31,53.763483,53.763483,53.554132,53.594006,7619600
2026-01-02,54.521131,54.78033,54.471286,54.760391,13654000
2026-01-05,54.870054,55.129249,54.680638,55.119282,17010600
2026-01-06,55.438293,55.647643,55.388448,55.418354,16666000
2026-01-07,55.199031,55.248876,55.019587,55.079403,11228500
2026-01-08,54.880022,55.169127,54.840144,55.139221,10794600
2026-01-09,55.069438,55.268818,54.889994,55.25885,8923800
2026-01-12,55.45823,56.166037,55.45823,56.116192,10116900
2026-01-13,55.966657,56.016502,55.657617,55.787212,18907200
2026-01-14,55.777245,55.92678,55.667584,55.906845,22873100
2026-01-15,56.136132,56.395328,55.946717,56.166039,17565400
2026-01-16,55.916813,55.97663,55.607769,55.827091,12321400
2026-01-20,55.468201,55.717429,55.308695,55.368511,13740900
2026-01-21,55.837055,56.146099,55.647643,55.936749,17088600
2026-01-22,56.345483,56.61465,56.255761,56.375389,11880500
2026-01-23,56.24579,56.684434,56.156071,56.594711,15530000
2026-01-26,56.664493,56.923688,56.624616,56.754215,11402600
2026-01-27,57.192858,57.51187,57.103136,57.462025,12136800
2026-01-28,57.85082,57.920604,57.442086,57.681347,11659200
2026-01-29,57.820914,57.88073,56.71434,57.462025,19033300
2026-01-30,56.784124,56.94363,56.006534,56.295639,21105100
2026-02-02,55.906844,56.734279,55.886905,56.604679,25275000
2026-02-03,56.833967,56.903755,56.126161,56.574772,19002300
2026-02-04,56.873848,56.873848,55.946719,56.235825,15093700
2026-02-05,55.986595,56.345484,55.727399,55.866966,11123600
2026-02-06,56.485049,57.113105,56.485049,57.083195,10467300
2026-02-09,57.143013,57.681347,57.113107,57.571686,11064400
2026-02-10,57.84085,57.97045,57.651439,57.830879,9922800
2026-02-11,58.149894,58.419057,57.820911,58.329334,8333100
2026-02-12,58.429031,58.429031,57.471996,57.581654,10097600
2026-02-13,57.28258,57.671376,57.003446,57.571686,9795400
2026-02-17,57.342394,57.701283,56.973538,57.611561,9303300
2026-02-18,57.810946,58.110019,57.601592,57.771069,8544800
2026-02-19,57.292553,57.422149,57.063264,57.412182,6588400
2026-02-20,57.302517,58.359245,57.2427,58.349274,7897400
2026-02-23,58.169828,58.349272,57.771065,57.880726,8877800
2026-02-24,58.179806,58.638385,58.070145,58.498817,9636600
2026-02-25,58.907548,58.907548,58.55863,58.827793,6894800
2026-02-26,58.468908,58.468908,57.701285,58.09008,10228300
2026-02-27,57.741156,58.040233,57.651438,57.920601,10701000
2026-03-02,56.63459,57.322458,56.584742,57.063263,12725500
2026-03-03,54.710546,55.308692,53.773446,55.059464,31763800
2026-03-04,55.248877,55.498105,54.919898,55.408386,21718700
2026-03-05,54.77036,55.179094,54.072524,54.680637,15623300
2026-03-06,54.162248,54.610855,53.952893,54.301815,9830000
2026-03-09,53.813323,55.169125,53.494312,54.959774,21269100
2026-03-10,55.218972,56.096256,55.02956,55.3386,14404000
2026-03-11,55.348569,55.637675,55.099341,55.388447,12626300
2026-03-12,54.899959,54.919898,54.032646,54.142307,12484500
2026-03-13,54.521132,54.790299,53.723603,53.853203,12987400
2026-03-16,54.630791,55.029557,54.561007,54.850113,10707500
2026-03-17,55.258848,55.308693,54.929865,55.089371,6363500
2026-03-18,54.710551,54.889996,54.03265,54.042618,8065500
2026-03-19,53.155363,54.082492,52.98589,53.843231,17655800
2026-03-20,53.394625,53.44447,52.228236,52.397713,15722800
2026-03-23,53.155363,54.102431,53.08558,53.633881,21109500
2026-03-24,52.836353,53.394625,52.746631,53.145397,15654700
2026-03-25,54.192153,54.43141,53.89308,54.172215,9518500
2026-03-26,53.205208,53.574068,52.676846,52.686813,11507600
2026-03-27,52.547249,52.786509,52.228237,52.32793,13712900
2026-03-30,52.64694,52.686813,52.038822,52.258141,11231200
2026-03-31,52.507366,53.932951,52.507366,53.883106,15494800
2026-04-01,54.042618,54.451352,53.922989,54.042618,20099400
2026-04-02,53.015797,53.982803,52.886197,53.65382,10256100
2026-04-06,53.723603,54.132337,53.623913,53.843231,8924300
2026-04-07,53.753508,53.942924,53.245084,53.922985,7711400
2026-04-08,56.644558,56.754219,55.986596,56.325546,13739000
2026-04-09,55.94672,56.445176,55.727402,56.265732,6776400
2026-04-10,56.764184,56.893784,56.475082,56.574772,7160400
2026-04-13,56.275699,57.05329,56.275699,57.003445,6327900
2026-04-14,57.471993,57.850817,57.412177,57.800972,4706300
2026-04-15,57.791005,58.010323,57.631499,57.910633,7012400
2026-04-16,58.090082,58.269526,57.77107,58.030266,4837500
2026-04-17,58.917514,59.435909,58.857702,58.997269,7123800
2026-04-20,58.628414,58.767981,58.409092,58.728104,6691700
2026-04-21,58.758011,58.767982,57.940543,58.020298,7712700
2026-04-22,58.419062,58.638384,58.359249,58.578568,4763700
2026-04-23,58.040234,58.219679,57.242701,57.741158,6906600
2026-04-24,58.429031,58.88761,58.349276,58.837765,5426500
2026-04-27,58.767982,58.77795,58.438999,58.54866,5036300
2026-04-28,57.950515,58.189772,57.820915,58.139927,8273900
2026-04-29,58.070139,58.139922,57.691311,57.900665,7061600
2026-04-30,58.199742,58.847733,57.990388,58.748043,7341700
2026-05-01,58.708164,59.246498,58.678258,58.807858,10537600
2026-05-04,58.80786,59.047116,58.319371,58.54866,7068000
2026-05-05,59.096961,59.296344,58.9873,59.176716,7505700
2026-05-06,59.924397,60.612265,59.904458,60.56242,11277600
2026-05-07,60.80168,60.841554,59.974241,60.024086,7522900
2026-05-08,60.323163,60.512579,60.203535,60.353073,7629600
2026-05-11,60.233439,60.363039,60.093872,60.203533,5425700
2026-05-12,59.3761,59.445884,58.718138,59.206623,8088100
2026-05-13,59.20662,59.914427,59.10693,59.754921,10806900
2026-05-14,59.475787,59.864583,59.376098,59.77486,6763500
2026-05-15,58.429029,58.53869,58.040234,58.259552,6194200
2026-05-18,58.578565,58.588536,57.930574,58.299431,6597100
2026-05-19,57.481964,58.010326,57.402213,57.691315,5940700
2026-05-20,57.96048,58.568597,57.741158,58.488842,18616100
2026-05-21,58.040236,58.738071,57.900668,58.518753,11031600
2026-05-22,58.728102,59.096959,58.608474,58.797886,7554100
2026-05-26,59.834675,60.103842,59.804769,60.044025,5973900
2026-05-27,60.173627,60.382978,59.874554,60.103844,5130300
2026-05-28,59.386067,59.944339,59.226561,59.71505,8932700
2026-05-29,60.034061,60.083906,59.685139,59.69511,7541600
2026-06-01,59.834678,60.602301,59.774862,60.23344,11002100
2026-06-02,60.751832,61.160566,60.632204,61.00106,6992700
2026-06-03,60.542481,60.612265,60.044025,60.143719,5139600
2026-06-04,59.924396,60.223469,59.705074,60.123779,4979600
2026-06-05,59.037147,59.067053,57.601591,57.850819,10811100
2026-06-08,58.389152,58.548657,58.030263,58.149895,9265600
2026-06-09,59.017208,59.236526,57.182889,58.269524,10154800
2026-06-10,57.940541,58.458936,57.511869,57.541779,8099200
2026-06-11,57.661407,58.987298,57.581652,58.917515,12401600
2026-06-12,59.276405,59.475788,58.927487,59.366127,9644800
2026-06-15,60.662109,60.80168,60.612264,60.652142,9120000
2026-06-16,60.193565,60.402916,59.934366,59.974243,5986300
2026-06-17,60.392951,60.692024,59.565512,59.625328,14107700
2026-06-18,60.444762,60.744191,60.414817,60.654362,7991100
2026-06-22,61.273183,61.402936,61.043621,61.12347,14098300
2026-06-23,59.286972,59.67623,59.177181,59.247047,6988400
2026-06-24,58.767959,59.067388,58.548377,58.857788,7250900
2026-06-25,59.276988,59.336875,58.418624,58.68811,6942400
2026-06-26,57.879655,58.678132,57.799805,58.468533,7418800
2026-06-29,58.708071,59.097328,58.258927,59.067387,6536000
2026-06-30,59.117292,59.676228,59.017484,59.576416,12279000
2026-07-01,59.147232,59.536493,59.057403,59.107311,12331800
2026-07-02,59.426703,59.835922,58.47851,58.927654,9266900
2026-07-06,59.566435,60.035542,59.496569,59.955692,6414000
2026-07-07,59.057405,59.276987,58.518435,58.76796,6948000
2026-07-08,58.688109,59.077366,58.46853,59.057404,12304900
2026-07-09,59.286972,59.596379,59.18716,59.376801,9659200
2026-07-10,59.586398,59.925751,59.336874,59.776035,12054800
2026-07-13,59.207121,59.286971,58.608265,58.678131,7809500
2026-07-14,58.977558,59.147233,58.7979,58.967579,12487200
2026-07-15,59.316913,59.526513,58.917673,59.366817,7850500
2026-07-16,58.76796,58.917672,58.558356,58.728035,6467000
2026-07-17,57.220911,57.859692,57.15104,57.729939,10037800
2026-07-20,58.109216,58.169099,57.739917,57.819767,6693900
2026-07-21,58.68811,58.827843,58.508452,58.747997,6840000
2026-07-22,58.598281,58.837826,58.558357,58.698093,5394900
2026-07-23,58.069291,58.318815,57.709975,57.989441,5733100
2026-07-24,57.889634,58.1691,57.620147,57.690014,6078800
2026-07-27,58.219006,58.318814,57.610166,58.119194,6416500
2026-07-28,57.290778,57.83973,57.121099,57.630131,5827700
2026-07-29,57.131082,57.809785,56.681938,56.811687,6850600
2026-07-30,57.580221,58.189061,57.430509,58.079269,9312700
2026-07-31,58.777939,58.887731,58.079271,58.638206,7398500
2026-08-03,58.458547,59.0075,58.458547,58.947617,9281700
2026-08-04,59.466627,60.01558,59.386777,59.93573,9797800
2026-08-05,60.165292,60.2152,59.875847,59.895805,7624100
2026-08-06,59.636302,60.105409,59.556452,59.845901,5073700
2026-08-07,60.384876,60.424801,60.035544,60.354935,5602700
2026-08-10,60.255123,60.315011,60.105411,60.215202,4636800
2026-08-11,60.245141,60.305025,59.776034,60.005596,8457300
2026-08-12,60.534593,60.534593,60.235161,60.295048,10255400
2026-08-13,60.245144,60.444764,60.185257,60.225182,6183100
2026-08-14,60.025559,60.165292,59.865863,59.995617,4153600
2026-08-17,60.364914,60.51463,60.225181,60.275085,5053900
2026-08-18,59.756074,59.90579,59.446666,59.526512,6971400
2026-08-19,60.065484,60.155313,59.805976,59.925751,8772300
2026-08-20,59.60636,60.035542,59.60636,59.905788,5538100
2026-08-21,60.524609,60.544572,60.23516,60.334972,3925800
2026-08-24,59.93573,59.93573,59.686206,59.855885,5320400
2026-08-25,60.215201,60.55455,60.185255,60.524609,4404900
2026-08-26,60.684304,60.824037,60.494667,60.544571,4982300
2026-08-27,60.74419,60.94381,60.644378,60.893902,4591200
2026-08-28,61.083544,61.263201,60.514629,60.674324,5336500
2026-08-31,60.724229,60.774133,60.324989,60.404839,7226500
2026-09-01,60.62442,60.963774,60.454742,60.564533,4950200
2026-09-02,60.534591,60.664341,60.444762,60.654362,5652600
2026-09-03,60.564532,60.923847,60.444761,60.873943,6265700
2026-09-04,60.973753,61.422898,60.973753,61.323086,5445700
2026-09-08,61.173374,61.33307,61.0536,61.113487,10730600
2026-09-09,60.963773,61.083543,60.644378,60.754169,4750700
2026-09-10,59.925751,60.135351,59.786018,59.825939,6508800
2026-09-11,60.265106,60.354935,60.135353,60.235161,6348000
2026-09-14,59.326892,59.766057,59.247046,59.496571,7387700
2026-09-15,59.276986,59.286969,58.947616,59.107311,7115800
2026-09-16,59.416719,59.60636,58.747996,59.067387,7295300
2026-09-17,59.746094,59.875847,59.606361,59.795998,4745800
2026-09-18,59.889999,60.02,59.75,60.009998,4586400
2026-09-21,60.73,61.189999,60.619999,61.139999,6257100
2026-09-22,60.919998,61.209999,60.849998,61.099998,7714300
2026-09-23,60.630001,60.700001,60.009998,60.119999,5590600
2026-09-24,60.040001,60.189999,59.68,59.869999,9748900
2026-09-25,60.119999,60.380001,59.91,60.16,5987200
2026-09-28,59.68,59.970001,59.349998,59.689999,8970500
2026-09-29,59.5,59.619999,59.290001,59.619999,7337800
2026-09-30,59.52,59.57,59.240002,59.310001,8804000
2026-10-01,59.07,59.259998,58.720001,59.029999,9655800
2026-10-02,59.57,59.68,59.240002,59.560001,5537100
