{
  "strategy": "buffer_zone_qqq",
  "n_param_combinations": 432,
  "t_observations": 6776,
  "pbo_sharpe": {
    "pbo": 0.4,
    "n_splits": 20,
    "n_blocks": 6,
    "logit_lambdas": [
      -1.7309745781589332,
      1.8245492920510464,
      -0.1391128024627177,
      -3.3964241029094975,
      0.2419136539962004,
      -3.3964241029094975,
      -1.13599982073973,
      -2.0794415416798357,
      -0.8649974374866046,
      -2.6692103677859462,
      0.8539204011476967,
      -0.20441251460814658,
      1.0021520224805476,
      0.8209805520698301,
      0.8761246901488202,
      0.2419136539962004,
      -3.1354942159291497,
      -2.1030957325777258,
      2.9740707767728107,
      -2.5952547069568657
    ],
    "rank_below_median": 8,
    "metric": "sharpe"
  },
  "dsr": {
    "dsr": 0.7796604795446245,
    "sr_observed": 0.874498680238388,
    "sr_benchmark": 0.6938290103863566,
    "z_score": 0.7710470552608245,
    "n_trials": 432,
    "t_observations": 6776
  },
  "best_is_sharpe": 0.7264
}