{
  "strategy": "buffer_zone_qqq",
  "dynamic": {
    "n_windows": 11,
    "oos_cagr_mean": 12.473533700230796,
    "oos_cagr_std": 15.59165969402477,
    "oos_mdd_mean": -17.13603762497301,
    "oos_mdd_worst": -31.258812753743353,
    "oos_calmar_mean": 1.0256089342587806,
    "oos_calmar_std": 1.2036707689750883,
    "oos_trades_total": 10,
    "oos_win_rate_mean": 40.90909090909091,
    "wfe_calmar_mean": 4.963212593765539,
    "wfe_calmar_median": 2.0934349472407,
    "param_ma_windows": [
      200,
      200,
      200,
      200,
      200,
      200,
      200,
      200,
      200,
      200,
      200
    ],
    "param_buy_buffers": [
      0.01,
      0.01,
      0.01,
      0.01,
      0.03,
      0.03,
      0.03,
      0.03,
      0.03,
      0.03,
      0.03
    ],
    "param_sell_buffers": [
      0.05,
      0.05,
      0.05,
      0.05,
      0.05,
      0.05,
      0.05,
      0.05,
      0.05,
      0.05,
      0.05
    ],
    "param_hold_days": [
      2,
      2,
      2,
      2,
      3,
      3,
      3,
      3,
      3,
      3,
      3
    ],
    "param_recent_months": [
      8,
      8,
      8,
      8,
      0,
      0,
      0,
      0,
      0,
      0,
      0
    ],
    "stitched_cagr": 11.807224064632592,
    "stitched_mdd": -29.69958984651999,
    "stitched_calmar": 0.39755512199492843,
    "stitched_total_return_pct": 938.1056388687944
  },
  "sell_fixed": {
    "n_windows": 11,
    "oos_cagr_mean": 11.971314859057378,
    "oos_cagr_std": 16.197730795297613,
    "oos_mdd_mean": -17.880664264890196,
    "oos_mdd_worst": -31.752895657525677,
    "oos_calmar_mean": 1.0122339771729048,
    "oos_calmar_std": 1.2182089566550365,
    "oos_trades_total": 11,
    "oos_win_rate_mean": 39.39393939393939,
    "wfe_calmar_mean": 4.8899678041325,
    "wfe_calmar_median": 2.0934349472407,
    "param_ma_windows": [
      200,
      200,
      200,
      200,
      200,
      200,
      200,
      200,
      200,
      200,
      200
    ],
    "param_buy_buffers": [
      0.01,
      0.01,
      0.01,
      0.01,
      0.03,
      0.03,
      0.03,
      0.03,
      0.03,
      0.03,
      0.03
    ],
    "param_sell_buffers": [
      0.05,
      0.05,
      0.05,
      0.05,
      0.05,
      0.05,
      0.05,
      0.05,
      0.05,
      0.05,
      0.05
    ],
    "param_hold_days": [
      2,
      2,
      2,
      2,
      3,
      3,
      3,
      3,
      3,
      3,
      3
    ],
    "param_recent_months": [
      8,
      4,
      8,
      8,
      0,
      0,
      0,
      0,
      0,
      0,
      0
    ],
    "stitched_cagr": 11.146166935255831,
    "stitched_mdd": -36.29779243865106,
    "stitched_calmar": 0.3070756149728553,
    "stitched_total_return_pct": 816.737607448896
  },
  "fully_fixed": {
    "n_windows": 11,
    "oos_cagr_mean": 13.398863750075344,
    "oos_cagr_std": 16.100394268020136,
    "oos_mdd_mean": -17.360552348066175,
    "oos_mdd_worst": -31.381073190574472,
    "oos_calmar_mean": 1.097489807580274,
    "oos_calmar_std": 1.288812223653458,
    "oos_trades_total": 10,
    "oos_win_rate_mean": 40.90909090909091,
    "wfe_calmar_mean": 5.440682350467287,
    "wfe_calmar_median": 2.607300279990427,
    "param_ma_windows": [
      200,
      200,
      200,
      200,
      200,
      200,
      200,
      200,
      200,
      200,
      200
    ],
    "param_buy_buffers": [
      0.01,
      0.01,
      0.01,
      0.01,
      0.01,
      0.01,
      0.01,
      0.01,
      0.01,
      0.01,
      0.01
    ],
    "param_sell_buffers": [
      0.05,
      0.05,
      0.05,
      0.05,
      0.05,
      0.05,
      0.05,
      0.05,
      0.05,
      0.05,
      0.05
    ],
    "param_hold_days": [
      2,
      2,
      2,
      2,
      2,
      2,
      2,
      2,
      2,
      2,
      2
    ],
    "param_recent_months": [
      8,
      8,
      8,
      8,
      8,
      8,
      8,
      8,
      8,
      8,
      8
    ],
    "stitched_cagr": 12.017681781984301,
    "stitched_mdd": -29.69958984651999,
    "stitched_calmar": 0.404641338284086,
    "stitched_total_return_pct": 979.8543628672346
  }
}