{
  "strategy": "buffer_zone_atr_tqqq",
  "n_param_combinations": 1728,
  "t_observations": 6776,
  "pbo_sharpe": {
    "pbo": 0.65,
    "n_splits": 20,
    "n_blocks": 6,
    "logit_lambdas": [
      0.8484003963313039,
      0.2748657081507052,
      3.4532765307070457,
      -0.04862068700607409,
      -1.6219903785052203,
      1.374041955590875,
      0.19739775273917942,
      -0.7298325170167468,
      -1.4437052683332299,
      2.3032218329073126,
      -0.09033916708230433,
      0.7803887336352958,
      2.4131433445935326,
      -0.38429011097170573,
      1.6732893844206327,
      1.7400580948511644,
      0.5505330733611036,
      -1.6474171604993166,
      1.489293600592037,
      3.378126260760842
    ],
    "rank_below_median": 13,
    "metric": "sharpe"
  },
  "dsr": {
    "dsr": 0.3484257925865612,
    "sr_observed": 0.7069477866197319,
    "sr_benchmark": 0.7995031752888532,
    "z_score": -0.3895739944582052,
    "n_trials": 1728,
    "t_observations": 6776
  },
  "best_is_sharpe": 0.5872
}