Date,Open,High,Low,Close,Volume,open_pct,high_pct,low_pct,close_pct
2007-06-22,106.5822,106.7581,105.4075,105.8999,204964700,,,,
2007-06-25,105.6819,106.3923,104.8237,105.3935,232014400,-0.21,0.46,-1.02,-0.48
2007-06-26,105.6608,105.8367,104.3032,104.3102,198445700,0.25,0.42,-1.03,-1.03
2007-06-27,104.1977,105.914,104.1484,105.7944,213638000,-0.11,1.54,-0.16,1.42
2007-06-28,105.7804,106.5049,105.2809,105.7804,157705000,-0.01,0.67,-0.49,-0.01
2007-06-29,106.1461,106.6737,104.9151,105.8155,199701800,0.35,0.84,-0.82,0.03
2007-07-02,106.125,106.8636,106.0547,106.7722,103357000,0.29,0.99,0.23,0.9
2007-07-03,107.0465,107.2716,106.9129,107.159,54048400,0.26,0.47,0.13,0.36
2007-07-05,107.2012,107.3138,106.6596,107.0465,89279000,0.04,0.14,-0.47,-0.11
2007-07-06,107.1872,107.7429,106.8707,107.6092,81109000,0.13,0.65,-0.16,0.53
2007-07-09,107.7359,107.8766,107.356,107.6937,72348100,0.12,0.25,-0.24,0.08
2007-07-10,107.1239,107.349,106.0547,106.1602,180362600,-0.53,-0.32,-1.52,-1.42
2007-07-11,106.0406,106.955,105.8788,106.9128,175607600,-0.11,0.75,-0.27,0.71
2007-07-12,107.1801,108.8543,107.159,108.6011,133882500,0.25,1.82,0.23,1.58
2007-07-13,108.7277,109.3537,108.6011,108.9247,111794300,0.12,0.69,0.0,0.3
2007-07-16,109.0231,109.4029,108.7347,108.9105,98378700,0.09,0.44,-0.17,-0.01
2007-07-17,108.9809,109.3678,108.805,108.8543,126201300,0.06,0.42,-0.1,-0.05
2007-07-18,108.4886,108.8895,107.8344,108.6574,237887400,-0.34,0.03,-0.94,-0.18
2007-07-19,109.1708,109.403,108.8543,109.0794,145212700,0.47,0.69,0.18,0.39
2007-07-20,108.9527,109.0231,107.5037,107.975,245502500,-0.12,-0.05,-1.44,-1.01
2007-07-23,108.4533,108.8332,107.8343,108.3056,121183900,0.44,0.79,-0.13,0.31
2007-07-24,107.7077,108.5237,106.0476,106.4275,256732400,-0.55,0.2,-2.08,-1.73
2007-07-25,106.934,107.1942,105.6889,106.6455,265214500,0.48,0.72,-0.69,0.2
2007-07-26,105.6467,106.0758,102.9737,104.1203,467592500,-0.94,-0.53,-3.44,-2.37
2007-07-27,104.254,104.7182,102.0311,102.0733,422987600,0.13,0.57,-2.01,-1.97
2007-07-30,102.6501,103.9726,102.1999,103.6701,283017500,0.57,1.86,0.12,1.56
2007-07-31,104.3383,105.1332,102.0241,102.5024,316976700,0.64,1.41,-1.59,-1.13
2007-08-01,102.1225,103.4098,101.2573,103.0018,467670000,-0.37,0.89,-1.21,0.49
2007-08-02,103.234,103.9374,102.1788,103.8249,294758400,0.23,0.91,-0.8,0.8
2007-08-03,103.5997,103.8108,100.7298,101.1518,359398200,-0.22,-0.01,-2.98,-2.57
2007-08-06,101.4402,103.2832,100.2585,102.8471,324980000,0.29,2.11,-0.88,1.68
2007-08-07,102.6572,104.8096,102.1577,103.9444,232568700,-0.18,1.91,-0.67,1.07
2007-08-08,104.3946,105.9281,103.6419,105.3935,274930600,0.43,1.91,-0.29,1.39
2007-08-09,103.7052,104.7744,102.1999,102.2703,357622100,-1.6,-0.59,-3.03,-2.96
2007-08-10,101.5669,103.0511,100.6735,101.792,411018400,-0.69,0.76,-1.56,-0.47
2007-08-13,103.0511,103.3254,102.01,102.1577,181917200,1.24,1.51,0.21,0.36
2007-08-14,102.4883,102.7416,100.3922,100.5961,264134500,0.32,0.57,-1.73,-1.53
2007-08-15,100.3921,101.6161,98.915,99.2104,323834000,-0.2,1.01,-1.67,-1.38
2007-08-16,98.3311,100.5469,96.3686,99.956,546743700,-0.89,1.35,-2.86,0.75
2007-08-17,102.3477,102.5657,99.4566,101.792,388218100,2.39,2.61,-0.5,1.84
2007-08-20,102.1155,102.3265,100.7931,101.7427,187320400,0.32,0.53,-0.98,-0.05
2007-08-21,101.7146,102.6782,101.391,101.9467,157066400,-0.03,0.92,-0.35,0.2
2007-08-22,102.7064,103.2621,102.228,103.1566,173156700,0.75,1.29,0.28,1.19
2007-08-23,103.6419,103.86,102.425,103.0651,203915300,0.47,0.68,-0.71,-0.09
2007-08-24,103.037,104.3383,102.8963,104.3383,128901900,-0.03,1.24,-0.16,1.24
2007-08-27,104.0007,104.3383,103.2128,103.3676,113024300,-0.32,-0.0,-1.08,-0.93
2007-08-28,102.8119,102.8752,100.9127,101.0956,219790700,-0.54,-0.48,-2.37,-2.2
2007-08-29,101.5527,103.2198,101.2643,103.0791,207654200,0.45,2.1,0.17,1.96
2007-08-30,102.3125,103.5364,102.214,102.8048,191817300,-0.74,0.44,-0.84,-0.27
2007-08-31,103.86,104.4579,103.2832,103.8178,185477500,1.03,1.61,0.47,0.99
2007-09-04,103.7193,105.499,103.6841,104.8659,120062000,-0.09,1.62,-0.13,1.01
2007-09-05,104.2469,104.3594,103.4028,103.9585,166261800,-0.59,-0.48,-1.4,-0.87
2007-09-06,104.071,104.5353,103.4872,104.1976,127878400,0.11,0.55,-0.45,0.23
2007-09-07,103.037,103.3254,102.1789,102.7486,235447600,-1.11,-0.84,-1.94,-1.39
2007-09-10,103.0651,103.2058,101.5246,102.5516,192305900,0.31,0.44,-1.19,-0.19
2007-09-11,102.8682,103.8952,102.7908,103.7475,162081900,0.31,1.31,0.23,1.17
2007-09-12,103.6068,104.4157,103.3887,104.0147,149554600,-0.14,0.64,-0.35,0.26
2007-09-13,104.4931,105.1262,104.2469,104.7463,154079000,0.46,1.07,0.22,0.7
2007-09-14,104.078,104.8729,103.9233,104.7392,121911000,-0.64,0.12,-0.79,-0.01
2007-09-17,104.3242,104.5634,103.8459,104.1765,109870800,-0.4,-0.17,-0.85,-0.54
2007-09-18,104.69,107.2716,104.1976,107.2435,263759500,0.49,2.97,0.02,2.94
2007-09-19,107.9117,108.6011,107.4193,107.8765,193779900,0.62,1.27,0.16,0.59
2007-09-20,107.8625,107.9258,106.9973,107.1168,175186800,-0.01,0.05,-0.82,-0.7
2007-09-21,107.9289,108.2187,107.2434,107.4059,141457500,0.76,1.03,0.12,0.27
2007-09-24,107.7239,108.0066,106.9748,107.208,139450200,0.3,0.56,-0.4,-0.18
2007-09-25,106.5861,107.1868,106.3458,106.996,142289900,-0.58,-0.02,-0.8,-0.2
2007-09-26,107.6038,107.9713,106.996,107.5614,135547000,0.57,0.91,-0.0,0.53
2007-09-27,108.0703,108.2046,107.5614,108.1975,102713300,0.47,0.6,0.0,0.59
2007-09-28,108.0279,108.2682,107.413,107.8371,133372100,-0.16,0.07,-0.73,-0.33
2007-10-01,107.8512,109.3707,107.7805,109.0527,148162300,0.01,1.42,-0.05,1.13
2007-10-02,109.2718,109.3,108.7064,108.9042,112978800,0.2,0.23,-0.32,-0.14
2007-10-03,108.7063,109.1304,108.1409,108.6851,119055900,-0.18,0.21,-0.7,-0.2
2007-10-04,108.9184,109.0244,108.5508,108.8547,76864400,0.21,0.31,-0.12,0.16
2007-10-05,109.5686,110.3248,109.2859,110.1481,134579700,0.66,1.35,0.4,1.19
2007-10-08,109.823,109.8937,109.3848,109.5615,71280400,-0.3,-0.23,-0.69,-0.53
2007-10-09,109.9715,110.6075,109.5686,110.5934,94054300,0.37,0.95,0.01,0.94
2007-10-10,110.2824,110.5651,109.8371,110.4096,101711100,-0.28,-0.03,-0.68,-0.17
2007-10-11,110.9114,111.3284,109.2223,109.8796,233529100,0.45,0.83,-1.08,-0.48
2007-10-12,109.8725,110.5015,109.7382,110.4874,124546700,-0.01,0.57,-0.13,0.55
2007-10-15,110.445,110.5086,108.7982,109.5544,161151900,-0.04,0.02,-1.53,-0.84
2007-10-16,109.1304,109.2081,108.466,108.6851,166525700,-0.39,-0.32,-0.99,-0.79
2007-10-17,109.5333,109.611,107.7593,109.0173,216687300,0.78,0.85,-0.85,0.31
2007-10-18,108.4519,108.9749,108.1904,108.6215,148367500,-0.52,-0.04,-0.76,-0.36
2007-10-19,108.1975,110.5934,105.7733,105.7804,297169900,-0.39,1.82,-2.62,-2.62
2007-10-22,105.2079,106.5508,105.0666,106.3953,261989800,-0.54,0.73,-0.67,0.58
2007-10-23,107.0455,107.3918,106.1903,107.2575,180085100,0.61,0.94,-0.19,0.81
2007-10-24,106.8688,107.2434,105.1938,107.0596,326694200,-0.36,-0.01,-1.92,-0.18
2007-10-25,107.1798,107.6321,105.9288,107.314,237374500,0.11,0.53,-1.06,0.24
2007-10-26,108.1763,108.5721,107.3564,108.5721,176484000,0.8,1.17,0.04,1.17
2007-10-29,108.7911,109.1516,108.5225,108.9325,106841000,0.2,0.53,-0.05,0.33
2007-10-30,108.4519,108.6639,108.0419,108.1762,132981600,-0.44,-0.25,-0.82,-0.69
2007-10-31,108.8265,109.7382,108.0208,109.3,220954400,0.6,1.44,-0.14,1.04
2007-11-01,108.3388,108.4237,106.4306,106.7416,333040800,-0.88,-0.8,-2.63,-2.34
2007-11-02,107.0949,107.4271,105.4553,106.8617,331228200,0.33,0.64,-1.21,0.11
2007-11-05,105.7592,106.8335,105.2857,106.049,226841000,-1.03,-0.03,-1.47,-0.76
2007-11-06,106.6214,107.5049,105.9429,107.4766,177800500,0.54,1.37,-0.1,1.35
2007-11-07,106.3246,106.8123,104.2821,104.5365,306639700,-1.07,-0.62,-2.97,-2.74
2007-11-08,104.593,104.8828,102.5293,104.0064,374509900,0.05,0.33,-1.92,-0.51
2007-11-09,102.9675,104.275,102.4021,102.5788,277745100,-1.0,0.26,-1.54,-1.37
2007-11-12,102.6282,103.6177,101.561,101.561,243087800,0.05,1.01,-0.99,-0.99
2007-11-13,102.7413,104.8192,102.6353,104.6566,191117400,1.16,3.21,1.06,3.05
2007-11-14,105.4623,105.5895,103.7378,104.3669,230558800,0.77,0.89,-0.88,-0.28
2007-11-15,103.5894,104.2396,102.1406,102.8615,263111100,-0.74,-0.12,-2.13,-1.44
2007-11-16,103.4057,103.5187,102.1759,103.0381,308770600,0.53,0.64,-0.67,0.17
2007-11-19,102.6777,102.7343,101.2006,101.6034,267746000,-0.35,-0.29,-1.78,-1.39
2007-11-20,101.7872,102.8544,100.4373,102.2254,414767500,0.18,1.23,-1.15,0.61
2007-11-21,101.1228,101.7094,100.1263,100.1334,259012400,-1.08,-0.5,-2.05,-2.05
2007-11-23,101.1157,102.0133,100.8542,101.8649,77688400,0.98,1.88,0.72,1.73
2007-11-26,102.077,102.395,99.4125,99.6175,214232000,0.21,0.52,-2.41,-2.21
2007-11-27,100.1758,101.2288,99.6174,100.7624,293897900,0.56,1.62,-0.0,1.15
2007-11-28,101.9074,104.2255,101.872,103.9852,258596900,1.14,3.44,1.1,3.2
2007-11-29,103.6247,104.4022,103.2572,104.0205,199409900,-0.35,0.4,-0.7,0.03
2007-11-30,105.3351,105.9217,104.1265,105.0665,222908000,1.26,1.83,0.1,1.01
2007-12-03,104.7344,104.9181,104.0983,104.3739,146430400,-0.32,-0.14,-0.92,-0.66
2007-12-04,103.653,104.275,103.4057,103.441,136533900,-0.69,-0.09,-0.93,-0.89
2007-12-05,104.5506,105.4482,104.4799,105.1726,171130000,1.07,1.94,1.0,1.67
2007-12-06,105.0454,106.8688,105.003,106.678,154457400,-0.12,1.61,-0.16,1.43
2007-12-07,107.0172,107.0737,106.4023,106.6567,148980100,0.32,0.37,-0.26,-0.02
2007-12-10,106.9182,107.6038,106.6214,107.4836,123914300,0.25,0.89,-0.03,0.78
2007-12-11,107.5261,108.0561,104.48,104.5365,250346400,0.04,0.53,-2.79,-2.74
2007-12-12,106.7628,107.2646,104.0347,105.5683,322435600,2.13,2.61,-0.48,0.99
2007-12-13,104.8263,105.5826,104.1054,105.3493,237551300,-0.7,0.01,-1.39,-0.21
2007-12-14,104.5506,105.3775,103.964,104.0135,159152900,-0.76,0.03,-1.31,-1.27
2007-12-17,103.6177,103.8015,102.3809,102.5293,177269400,-0.38,-0.2,-1.57,-1.43
2007-12-18,103.2572,103.5258,101.7448,103.1017,245569300,0.71,0.97,-0.77,0.56
2007-12-19,103.1441,103.8156,102.4374,103.1017,198917200,0.04,0.69,-0.64,0.0
2007-12-20,103.7802,103.7944,102.607,103.752,214813800,0.66,0.67,-0.48,0.63
2007-12-21,104.7076,105.4536,104.5087,105.2476,146084400,0.92,1.64,0.73,1.44
2007-12-24,105.7378,106.2067,105.4962,106.0291,45601400,0.47,0.91,0.24,0.74
2007-12-26,105.617,106.3489,105.5105,106.2565,67093100,-0.39,0.3,-0.49,0.21
2007-12-27,105.88,105.8871,104.6721,104.9208,122981700,-0.35,-0.35,-1.49,-1.26
2007-12-28,105.5389,105.5886,104.3737,104.6579,116398100,0.59,0.64,-0.52,-0.25
2007-12-31,104.5158,104.8781,103.7768,103.8834,108126800,-0.14,0.21,-0.84,-0.74
2008-01-02,104.1108,104.4376,102.2279,102.974,204935600,0.22,0.53,-1.59,-0.88
2008-01-03,102.9597,103.3718,102.3629,102.9242,125133300,-0.01,0.39,-0.59,-0.05
2008-01-04,101.8443,101.9153,100.1178,100.402,232330900,-1.05,-0.98,-2.73,-2.45
2008-01-07,100.7572,101.0556,99.5422,100.3166,234991000,0.35,0.65,-0.86,-0.08
2008-01-08,100.949,101.5316,98.3628,98.6967,326365700,0.63,1.21,-1.95,-1.61
2008-01-09,98.8246,100.0325,97.837,99.7341,301824900,0.13,1.35,-0.87,1.05
2008-01-10,99.2438,101.4606,99.0236,100.3877,335701200,-0.49,1.73,-0.71,0.66
2008-01-11,100.0254,100.8211,98.7607,99.5778,267076600,-0.36,0.43,-1.62,-0.81
2008-01-14,100.2954,100.7927,99.7554,100.3806,170365500,0.72,1.22,0.18,0.81
2008-01-15,99.322,100.5298,97.9791,98.1709,239940100,-1.05,0.15,-2.39,-2.2
2008-01-16,97.5954,98.8459,96.8281,97.3254,378802600,-0.59,0.69,-1.37,-0.86
2008-01-17,97.9151,97.9649,94.4478,94.8031,397892600,0.61,0.66,-2.96,-2.59
2008-01-18,95.7339,95.9328,93.1477,93.8297,348561500,0.98,1.19,-1.75,-1.03
2008-01-22,90.3838,94.0926,89.5241,92.8777,435923700,-3.67,0.28,-4.59,-1.01
2008-01-23,90.2985,95.3431,90.1209,95.1087,511913000,-2.78,2.65,-2.97,2.4
2008-01-24,95.5491,96.2455,94.7179,95.9115,259949300,0.46,1.2,-0.41,0.84
2008-01-25,96.9914,97.1691,94.2134,94.526,269603900,1.13,1.31,-1.77,-1.44
2008-01-28,94.6823,96.2881,93.8297,96.0891,217934600,0.17,1.86,-0.74,1.65
2008-01-29,96.7001,96.9488,95.8333,96.5651,168968300,0.64,0.89,-0.27,0.5
2008-01-30,96.3307,98.4338,95.6344,95.8547,334939200,-0.24,1.94,-0.96,-0.74
2008-01-31,94.7818,98.4338,94.6397,97.6025,343680800,-1.12,2.69,-1.27,1.82
2008-02-01,98.0075,99.1941,97.7091,99.1727,206843600,0.41,1.63,0.11,1.61
2008-02-04,98.9099,98.9738,97.7944,97.9223,124694300,-0.27,-0.2,-1.39,-1.26
2008-02-05,96.5865,96.8068,94.9737,95.3005,286882500,-1.36,-1.14,-3.01,-2.68
2008-02-06,95.6202,96.0963,94.0784,94.5332,250792900,0.34,0.84,-1.28,-0.81
2008-02-07,93.645,95.7694,93.5953,95.1584,297368100,-0.94,1.31,-0.99,0.66
2008-02-08,94.5615,95.3644,93.8581,94.5473,221643500,-0.63,0.22,-1.37,-0.64
2008-02-11,94.5686,95.3715,93.8155,95.0305,188576300,0.02,0.87,-0.77,0.51
2008-02-12,95.8547,96.8494,95.1939,95.9115,256654400,0.87,1.91,0.17,0.93
2008-02-13,96.6362,97.3822,96.018,96.892,181967800,0.76,1.53,0.11,1.02
2008-02-14,97.3041,97.3396,95.7694,96.0394,215207200,0.43,0.46,-1.16,-0.88
2008-02-15,95.5633,96.0749,95.1441,96.0181,154110300,-0.5,0.04,-0.93,-0.02
2008-02-19,97.1407,97.2615,95.6415,96.2881,145190000,1.17,1.3,-0.39,0.28
2008-02-20,95.201,97.0199,95.0376,96.5723,220085700,-1.13,0.76,-1.3,0.3
2008-02-21,97.0981,97.3468,95.2579,95.7694,201051200,0.54,0.8,-1.36,-0.83
2008-02-22,95.8973,96.5225,94.3981,96.3591,205491000,0.13,0.79,-1.43,0.62
2008-02-25,96.3023,97.8015,95.7623,97.5741,190107000,-0.06,1.5,-0.62,1.26
2008-02-26,97.162,98.7251,96.9844,98.3059,212420700,-0.42,1.18,-0.6,0.75
2008-02-27,97.7375,98.8601,97.6309,98.2065,168395800,-0.58,0.56,-0.69,-0.1
2008-02-28,97.5102,98.0217,97.0199,97.2473,170831100,-0.71,-0.19,-1.21,-0.98
2008-02-29,96.3449,96.4017,94.3413,95.0802,252715200,-0.93,-0.87,-2.99,-2.23
2008-03-03,94.5971,95.0731,93.9576,94.8529,189483500,-0.51,-0.01,-1.18,-0.24
2008-03-04,93.9505,94.7818,93.0695,94.4905,282513100,-0.95,-0.07,-1.88,-0.38
2008-03-05,94.796,95.7552,94.0287,95.0873,270681400,0.32,1.34,-0.49,0.63
2008-03-06,94.4834,94.6539,92.7569,93.1192,247911700,-0.64,-0.46,-2.45,-2.07
2008-03-07,92.2026,93.6024,91.3571,92.16,326434600,-0.98,0.52,-1.89,-1.03
2008-03-10,92.2524,92.3163,90.6538,90.9451,235683600,0.1,0.17,-1.63,-1.32
2008-03-11,92.8777,94.2987,91.6201,94.2134,341440600,2.13,3.69,0.74,3.59
2008-03-12,94.3129,95.0447,93.1903,93.3324,229161100,0.11,0.88,-1.09,-0.94
2008-03-13,92.089,94.2418,91.3714,93.5384,351504200,-1.33,0.97,-2.1,0.22
2008-03-14,94.3342,94.3626,90.7888,92.089,484687800,0.85,0.88,-2.94,-1.55
2008-03-17,89.929,91.8403,89.5738,91.1582,405311100,-2.35,-0.27,-2.73,-1.01
2008-03-18,92.8066,94.9879,92.3519,94.9452,334416600,1.81,4.2,1.31,4.15
2008-03-19,95.3076,95.67,92.3945,92.5935,345971600,0.38,0.76,-2.69,-2.48
2008-03-20,92.859,94.9011,92.2949,94.3085,245320700,0.29,2.49,-0.32,1.85
2008-03-24,95.1868,96.9719,95.1368,96.1936,208977300,0.93,2.82,0.88,2.0
2008-03-25,96.2935,96.7862,95.5153,96.2864,192947200,0.1,0.62,-0.71,0.1
2008-03-26,96.0079,96.4578,95.044,95.1082,196934300,-0.29,0.18,-1.29,-1.22
2008-03-27,95.8223,95.9936,94.5085,94.8083,225153200,0.75,0.93,-0.63,-0.32
2008-03-28,94.9583,95.2225,93.5802,93.9015,180896100,0.16,0.44,-1.3,-0.96
2008-03-31,93.7444,94.7726,93.6016,94.23,166692100,-0.17,0.93,-0.32,0.35
2008-04-01,95.401,97.7073,95.3296,97.5431,254547300,1.24,3.69,1.17,3.52
2008-04-02,97.8572,98.2999,97.0932,97.6073,210910800,0.32,0.78,-0.46,0.07
2008-04-03,97.079,98.1357,96.9005,97.8501,175884800,-0.54,0.54,-0.72,0.25
2008-04-04,97.9072,98.507,97.1932,97.743,204446800,0.06,0.67,-0.67,-0.11
2008-04-07,98.4428,98.9426,97.6359,97.793,154245500,0.72,1.23,-0.11,0.05
2008-04-08,97.2432,97.7644,97.0718,97.693,148937300,-0.56,-0.03,-0.74,-0.1
2008-04-09,97.5431,97.6787,96.3149,96.9861,195610600,-0.15,-0.01,-1.41,-0.72
2008-04-10,96.6934,97.5859,96.3221,97.1218,192967800,-0.3,0.62,-0.68,0.14
2008-04-11,96.0293,96.4792,94.9726,95.2368,222973300,-1.12,-0.66,-2.21,-1.94
2008-04-14,95.1011,95.351,94.6441,94.9155,160522000,-0.14,0.12,-0.62,-0.34
2008-04-15,95.3796,95.4581,94.487,95.1368,172389200,0.49,0.57,-0.45,0.23
2008-04-16,96.065,97.7573,96.0508,97.7145,189268900,0.98,2.75,0.96,2.71
2008-04-17,97.1218,98.0,96.8647,97.8572,179665700,-0.61,0.29,-0.87,0.15
2008-04-18,99.2068,99.6495,98.7212,98.8783,218530600,1.38,1.83,0.88,1.04
2008-04-21,98.6998,99.2353,98.4285,98.9283,118587400,-0.18,0.36,-0.45,0.05
2008-04-22,98.6712,98.7569,97.7501,98.4927,162166000,-0.26,-0.17,-1.19,-0.44
2008-04-23,98.5998,99.0925,97.9072,98.3356,193309000,0.11,0.61,-0.59,-0.16
2008-04-24,98.5927,99.778,97.8501,98.7641,229381300,0.26,1.47,-0.49,0.44
2008-04-25,99.5352,99.8851,98.4713,99.678,190788100,0.78,1.14,-0.3,0.93
2008-04-28,99.8779,100.1421,99.5209,99.6994,105610200,0.2,0.47,-0.16,0.02
2008-04-29,99.528,99.7708,98.9711,99.3067,125514100,-0.17,0.07,-0.73,-0.39
2008-04-30,99.4566,100.3849,98.7212,98.7212,208395900,0.15,1.09,-0.59,-0.59
2008-05-01,98.8069,100.7634,98.7284,100.7634,187279500,0.09,2.07,0.01,2.07
2008-05-02,101.6344,101.6558,100.3634,101.0418,181585500,0.86,0.89,-0.4,0.28
2008-05-05,100.7133,101.1132,100.2563,100.5562,118504500,-0.33,0.07,-0.78,-0.48
2008-05-06,99.9779,101.5345,99.7423,101.4274,179339800,-0.58,0.97,-0.81,0.87
2008-05-07,101.3131,101.4202,99.3424,99.6209,199267300,-0.11,-0.01,-2.06,-1.78
2008-05-08,99.778,100.1921,99.2353,99.3639,178321200,0.16,0.57,-0.39,-0.26
2008-05-09,98.964,99.5281,98.8569,99.1782,152588200,-0.4,0.17,-0.51,-0.19
2008-05-12,99.4281,100.3634,99.0568,100.2921,147865900,0.25,1.2,-0.12,1.12
2008-05-13,100.5348,100.5991,99.7708,100.3063,159132200,0.24,0.31,-0.52,0.01
2008-05-14,100.7276,101.5345,100.2921,100.5134,181910800,0.42,1.22,-0.01,0.21
2008-05-15,100.7062,101.8415,100.5563,101.7701,166927000,0.19,1.32,0.04,1.25
2008-05-16,102.0057,102.0128,101.1132,101.8629,204236800,0.23,0.24,-0.65,0.09
2008-05-19,101.97,103.0339,101.6059,102.1414,165664400,0.11,1.15,-0.25,0.27
2008-05-20,101.5844,101.6344,100.6776,101.3131,178552100,-0.55,-0.5,-1.43,-0.81
2008-05-21,101.256,101.4773,99.2496,99.5995,252724800,-0.06,0.16,-2.04,-1.69
2008-05-22,99.5566,100.085,99.2496,99.6137,170820400,-0.04,0.49,-0.35,0.01
2008-05-23,99.2853,99.7209,98.1929,98.2785,181376400,-0.33,0.11,-1.43,-1.34
2008-05-27,98.3928,99.2496,98.2,99.0069,168322900,0.12,0.99,-0.08,0.74
2008-05-28,99.371,99.9636,98.5356,99.4638,181288100,0.37,0.97,-0.48,0.46
2008-05-29,99.3424,100.6276,99.3067,99.9636,173927200,-0.12,1.17,-0.16,0.5
2008-05-30,100.2992,100.492,99.9208,100.2135,117362000,0.34,0.53,-0.04,0.25
2008-06-02,99.8423,99.8637,98.5356,99.1782,181069900,-0.37,-0.35,-1.67,-1.03
2008-06-03,99.4638,99.6923,97.9858,98.5998,271965700,0.29,0.52,-1.2,-0.58
2008-06-04,98.3213,99.3638,98.15,98.5498,246637700,-0.28,0.77,-0.46,-0.05
2008-06-05,98.9497,100.5991,98.7641,100.5206,237867100,0.41,2.08,0.22,2.0
2008-06-06,99.6423,99.8208,97.2646,97.3146,384276300,-0.87,-0.7,-3.24,-3.19
2008-06-09,97.7216,98.1786,96.6863,97.5502,228263900,0.42,0.89,-0.65,0.24
2008-06-10,96.8719,97.8929,96.6434,97.0647,260234900,-0.7,0.35,-0.93,-0.5
2008-06-11,97.0861,97.2931,95.6295,95.6366,283890100,0.02,0.24,-1.48,-1.47
2008-06-12,96.1079,97.0147,95.3367,96.0008,252791800,0.49,1.44,-0.31,0.38
2008-06-13,96.5149,97.4788,95.9794,97.2146,244726900,0.54,1.54,-0.02,1.26
2008-06-16,96.7862,97.7716,96.7219,97.2717,185832500,-0.44,0.57,-0.51,0.06
2008-06-17,97.8716,97.9072,96.6577,96.8005,191707700,0.62,0.65,-0.63,-0.48
2008-06-18,96.1722,96.7648,95.4724,95.858,265893000,-0.65,-0.04,-1.37,-0.97
2008-06-19,95.7865,96.5648,95.3224,95.9793,304204900,-0.07,0.74,-0.56,0.13
2008-06-20,95.3256,95.505,94.1631,94.4214,289275700,-0.68,-0.49,-1.89,-1.62
2008-06-23,94.7874,94.8879,94.2349,94.3282,165096400,0.39,0.49,-0.2,-0.1
2008-06-24,94.0411,95.0386,93.424,94.1416,267300600,-0.3,0.75,-0.96,-0.2
2008-06-25,94.5219,95.7274,94.1774,94.5865,287853900,0.4,1.68,0.04,0.47
2008-06-26,93.6967,94.3066,91.9099,92.0175,297775000,-0.94,-0.3,-2.83,-2.72
2008-06-27,92.0534,92.4696,91.1636,91.5152,303423400,0.04,0.49,-0.93,-0.55
2008-06-30,91.7735,92.5054,91.3501,91.8381,258842600,0.28,1.08,-0.18,0.35
2008-07-01,90.7904,92.1897,90.367,92.1251,388622000,-1.14,0.38,-1.6,0.31
2008-07-02,92.4194,92.6849,90.3814,90.5464,288064600,0.32,0.61,-1.89,-1.71
2008-07-03,91.2138,91.2138,89.6925,90.6397,239352500,0.74,0.74,-0.94,0.1
2008-07-07,90.9841,91.3788,88.9246,89.714,372427300,0.38,0.82,-1.89,-1.02
2008-07-08,89.6925,91.4147,89.1256,91.3071,375973700,-0.02,1.9,-0.66,1.78
2008-07-09,91.4936,91.6659,89.2619,89.549,336729400,0.2,0.39,-2.24,-1.93
2008-07-10,89.2906,90.2666,88.6807,89.915,436475700,-0.29,0.8,-0.97,0.41
2008-07-11,88.9605,90.3455,87.8985,88.8672,481124600,-1.06,0.48,-2.24,-1.17
2008-07-14,89.8862,90.0584,87.8339,88.0635,322720800,1.15,1.34,-1.16,-0.9
2008-07-15,87.4033,88.6161,86.126,86.8221,502502500,-0.75,0.63,-2.2,-1.41
2008-07-16,87.1522,89.3911,86.901,88.9534,371642900,0.38,2.96,0.09,2.45
2008-07-17,89.8001,90.6038,89.0466,89.8432,375490600,0.95,1.86,0.1,1.0
2008-07-18,90.5393,90.7187,89.8073,90.4029,267030100,0.77,0.97,-0.04,0.62
2008-07-21,90.7832,90.9913,89.836,90.4531,222863000,0.42,0.65,-0.63,0.06
2008-07-22,89.8073,91.7089,89.592,91.4793,296904200,-0.71,1.39,-0.95,1.13
2008-07-23,91.7735,92.6777,91.5295,91.9744,311698400,0.32,1.31,0.05,0.54
2008-07-24,92.0964,92.1467,89.8145,90.0656,248634500,0.13,0.19,-2.35,-2.08
2008-07-25,90.3383,90.7689,89.8216,90.0441,219131000,0.3,0.78,-0.27,-0.02
2008-07-28,90.0656,90.4603,88.5659,88.7237,205201300,0.02,0.46,-1.64,-1.47
2008-07-29,88.9677,90.69,88.7237,90.6182,261505600,0.28,2.22,0.0,2.14
2008-07-30,91.2138,92.283,90.6182,92.2328,354710000,0.66,1.84,-0.0,1.78
2008-07-31,91.4219,92.2615,90.8693,91.0129,277402100,-0.88,0.03,-1.48,-1.32
2008-08-01,91.2209,91.3357,90.0297,90.532,248690900,0.23,0.35,-1.08,-0.53
2008-08-04,90.4459,90.5177,89.5274,89.6925,188239600,-0.1,-0.02,-1.11,-0.93
2008-08-05,90.4316,92.2543,89.6781,92.1108,251577600,0.82,2.86,-0.02,2.7
2008-08-06,91.8668,92.7853,91.4793,92.5198,209555400,-0.26,0.73,-0.69,0.44
2008-08-07,91.8238,92.1682,90.8048,91.142,246312500,-0.75,-0.38,-1.85,-1.49
2008-08-08,90.8334,93.2374,90.6899,92.8355,260811700,-0.34,2.3,-0.5,1.86
2008-08-11,92.9073,94.3712,92.7351,93.7972,249425800,0.08,1.65,-0.11,1.04
2008-08-12,93.4886,93.79,92.3763,92.8212,213200800,-0.33,-0.01,-1.51,-1.04
2008-08-13,92.4193,93.0365,91.6156,92.2615,256393200,-0.43,0.23,-1.3,-0.6
2008-08-14,91.7376,93.4886,91.673,92.9575,239555300,-0.57,1.33,-0.64,0.75
2008-08-15,93.2374,93.6464,92.7853,93.4096,181000800,0.3,0.74,-0.19,0.49
2008-08-18,93.5962,93.6321,91.6085,92.1323,172275100,0.2,0.24,-1.93,-1.37
2008-08-19,91.4362,91.63,90.7976,91.1277,194673700,-0.76,-0.55,-1.45,-1.09
2008-08-20,91.4147,91.8166,90.6612,91.5511,225498200,0.32,0.76,-0.51,0.46
2008-08-21,90.9554,92.1682,90.8478,91.7089,180609800,-0.65,0.67,-0.77,0.17
2008-08-22,92.3332,93.0365,91.7089,93.0365,167715300,0.68,1.45,0.0,1.45
2008-08-25,92.4265,93.0365,90.9554,91.1492,171936900,-0.66,0.0,-2.24,-2.03
2008-08-26,91.1492,91.7592,90.8335,91.4147,159117200,0.0,0.67,-0.35,0.29
2008-08-27,91.5295,92.448,91.3501,92.3045,171032800,0.13,1.13,-0.07,0.97
2008-08-28,92.771,93.5317,92.649,93.424,167537100,0.51,1.33,0.37,1.21
2008-08-29,93.0939,93.3881,92.2185,92.4194,189195800,-0.35,-0.04,-1.29,-1.08
2008-09-02,93.3092,93.7971,91.508,91.8453,252364900,0.96,1.49,-0.99,-0.62
2008-09-03,91.7664,92.2113,91.0846,91.7664,251947000,-0.09,0.4,-0.83,-0.09
2008-09-04,91.1133,91.2999,88.9534,89.0036,340042500,-0.71,-0.51,-3.07,-3.01
2008-09-05,88.4726,89.6638,87.5469,89.2835,289503400,-0.6,0.74,-1.64,0.31
2008-09-08,91.8811,92.0247,89.2834,91.1277,364075300,2.91,3.07,-0.0,2.07
2008-09-09,91.2066,91.3932,88.121,88.4223,377326800,0.09,0.29,-3.3,-2.97
2008-09-10,88.9031,89.6279,87.9416,88.7812,298916600,0.54,1.36,-0.54,0.41
2008-09-11,87.633,90.2307,87.2598,90.0656,375369400,-1.29,1.63,-1.71,1.45
2008-09-12,89.1902,90.568,88.8601,90.4818,297851200,-0.97,0.56,-1.34,0.46
2008-09-15,87.2813,90.1661,86.0327,86.1762,483607000,-3.54,-0.35,-4.92,-4.76
2008-09-16,84.1024,87.7765,83.9589,87.6186,581744300,-2.41,1.86,-2.57,1.67
2008-09-17,85.8533,87.4392,83.2413,83.679,624095600,-2.01,-0.2,-5.0,-4.5
2008-09-18,84.7124,87.3962,81.6626,86.1619,776114700,1.23,4.44,-2.41,2.97
2008-09-19,91.4459,92.3841,89.0136,89.5837,501087800,6.13,7.22,3.31,3.97
2008-09-22,89.8219,90.0384,86.8699,87.5556,249966500,0.27,0.51,-3.03,-2.26
2008-09-23,87.2236,88.0681,85.3687,85.5636,327470400,-0.38,0.59,-2.5,-2.28
2008-09-24,86.141,86.6101,85.015,85.8378,311818400,0.67,1.22,-0.64,0.32
2008-09-25,86.1771,87.9887,85.4842,87.1803,328253000,0.4,2.51,-0.41,1.56
2008-09-26,85.7657,87.6927,85.5347,87.2236,285917400,-1.62,0.59,-1.89,0.05
2008-09-29,85.9894,86.1337,80.0927,80.3886,459562300,-1.41,-1.25,-8.18,-7.84
2008-09-30,81.926,84.3005,79.7751,83.7159,328154400,1.91,4.87,-0.76,4.14
2008-10-01,83.1962,84.2211,82.2435,83.7664,332783000,-0.62,0.6,-1.76,0.06
2008-10-02,82.9653,83.0807,80.1577,80.7278,365337800,-0.96,-0.82,-4.31,-3.63
2008-10-03,81.4568,83.3261,79.1616,79.638,461798000,0.9,3.22,-1.94,-1.35
2008-10-06,77.3356,77.6748,72.637,75.5818,610637500,-2.89,-2.47,-8.79,-5.09
2008-10-07,77.1119,77.4655,71.9225,72.1968,540012100,2.02,2.49,-4.84,-4.48
2008-10-08,70.3851,73.7485,69.8727,70.3779,725414800,-2.51,2.15,-3.22,-2.52
2008-10-09,71.9297,72.6226,65.138,65.4628,534485200,2.2,3.19,-7.45,-6.98
2008-10-10,62.6191,67.8013,60.3239,63.875,871026300,-4.34,3.57,-7.85,-2.43
2008-10-13,67.7508,73.1495,64.9215,73.1495,455584000,6.07,14.52,1.64,14.52
2008-10-14,75.5673,76.1664,70.0893,72.0668,546268300,3.31,4.12,-4.18,-1.48
2008-10-15,70.3418,70.5872,64.7483,64.972,484627500,-2.39,-2.05,-10.16,-9.84
2008-10-16,65.8886,68.4003,62.4603,67.6786,708811200,1.41,5.28,-3.87,4.17
2008-10-17,66.3939,71.1574,66.1485,67.2744,476649000,-1.9,5.14,-2.26,-0.6
2008-10-20,68.8189,71.5255,67.9095,71.3162,321294200,2.3,6.32,0.94,6.01
2008-10-21,69.9882,71.1935,68.7251,69.1871,356502000,-1.86,-0.17,-3.63,-2.99
2008-10-22,67.2672,69.1871,63.1749,65.4195,516168000,-2.77,-0.0,-8.69,-5.45
2008-10-23,65.1669,66.7259,61.9335,66.1774,634666400,-0.39,2.0,-5.33,1.16
2008-10-24,60.6704,64.8998,60.6271,62.8212,545812600,-8.32,-1.93,-8.39,-5.07
2008-10-27,62.049,64.604,60.4106,60.591,397288600,-1.23,2.84,-3.84,-3.55
2008-10-28,63.0377,68.0178,61.0096,67.6714,639939500,4.04,12.26,0.69,11.69
2008-10-29,67.6786,70.1325,66.4733,67.1806,531270100,0.01,3.64,-1.77,-0.73
2008-10-30,69.1293,69.6778,67.0507,69.5046,414582100,2.9,3.72,-0.19,3.46
2008-10-31,68.6241,71.143,68.191,69.8871,411394000,-1.27,2.36,-1.89,0.55
2008-11-03,69.851,70.5078,69.252,70.0892,205419400,-0.05,0.89,-0.91,0.29
2008-11-04,71.4966,72.7958,69.8005,72.471,346793400,2.01,3.86,-0.41,3.4
2008-11-05,71.5977,72.6875,68.5663,69.4252,387844100,-1.21,0.3,-5.39,-4.2
2008-11-06,68.1766,68.8839,65.0009,65.5783,477721900,-1.8,-0.78,-6.37,-5.54
2008-11-07,66.1485,67.8446,65.3185,67.7435,380391000,0.87,3.46,-0.4,3.3
2008-11-10,68.7179,68.9489,65.6216,66.8558,301773000,1.44,1.78,-3.13,-1.31
2008-11-11,65.5061,66.5021,63.9832,64.7916,418498200,-2.02,-0.53,-4.3,-3.09
2008-11-12,63.6801,64.1997,61.4354,61.9407,454330600,-1.72,-0.91,-5.18,-4.4
2008-11-13,62.1644,66.2062,59.2485,65.802,753141900,0.36,6.89,-4.35,6.23
2008-11-14,64.5318,66.4444,62.4459,62.5181,540352300,-1.93,0.98,-5.1,-4.99
2008-11-17,62.3448,63.9183,61.4643,61.6881,415254900,-0.28,2.24,-1.69,-1.33
2008-11-18,61.4571,62.9511,59.8404,62.8501,523811800,-0.37,2.05,-3.0,1.88
2008-11-19,62.0056,62.6985,58.4041,58.8227,558327600,-1.34,-0.24,-7.07,-6.41
2008-11-20,57.8339,59.5517,54.1674,54.4561,814180400,-1.68,1.24,-7.91,-7.42
2008-11-21,55.9068,58.3896,53.655,57.3936,718536500,2.66,7.22,-1.47,5.39
2008-11-24,59.1258,62.7851,57.9999,61.3705,523305300,3.02,9.39,1.06,6.93
2008-11-25,63.0089,63.1604,60.4972,61.8252,454112400,2.67,2.92,-1.42,0.74
2008-11-26,60.8436,64.373,60.8003,64.2142,370134200,-1.59,4.12,-1.66,3.86
2008-11-28,63.9688,65.0514,63.8605,65.0225,118308100,-0.38,1.3,-0.55,1.26
2008-12-01,63.1604,63.1893,59.0825,59.263,369927100,-2.86,-2.82,-9.14,-8.86
2008-12-02,60.2445,61.7025,59.2124,61.5437,469508400,1.66,4.12,-0.09,3.85
2008-12-03,60.194,63.3914,60.0063,63.0233,519863500,-2.19,3.0,-2.5,2.4
2008-12-04,62.1139,63.5502,60.4394,61.5654,444173800,-1.44,0.84,-4.1,-2.31
2008-12-05,60.3745,63.8172,59.3568,63.4636,471905300,-1.93,3.66,-3.59,3.08
2008-12-08,65.203,66.6754,63.5718,65.6794,412859300,2.74,5.06,0.17,3.49
2008-12-09,65.2246,66.4949,64.2214,64.5967,370790000,-0.69,1.24,-2.22,-1.65
2008-12-10,65.1885,65.9392,64.2358,65.037,396187400,0.92,2.08,-0.56,0.68
2008-12-11,64.6256,65.6793,63.0594,63.4708,365061000,-0.63,0.99,-3.04,-2.41
2008-12-12,61.7458,64.2863,61.4931,64.2286,415060400,-2.72,1.28,-3.12,1.19
2008-12-15,64.2503,64.3441,62.2799,63.3336,256694200,0.03,0.18,-3.03,-1.39
2008-12-16,66.3145,66.4155,63.644,66.3145,377699500,4.71,4.87,0.49,4.71
2008-12-17,65.5638,66.7114,65.0009,65.6721,281819800,-1.13,0.6,-1.98,-0.97
2008-12-18,65.968,66.1629,63.6656,64.4451,374673300,0.45,0.75,-3.06,-1.87
2008-12-19,64.8301,65.936,64.0952,64.168,301451300,0.6,2.31,-0.54,-0.43
2008-12-22,64.4517,64.5172,62.2034,63.3457,243759500,0.44,0.54,-3.06,-1.28
2008-12-23,63.6877,63.9787,62.4289,62.6909,221625200,0.54,1.0,-1.45,-1.03
2008-12-24,62.9019,63.2075,62.5745,63.0547,62061600,0.34,0.82,-0.19,0.58
2008-12-26,63.4767,63.5203,62.9383,63.4185,74767700,0.67,0.74,-0.18,0.58
2008-12-29,63.4767,63.5422,62.2834,63.2366,127795900,0.09,0.2,-1.79,-0.29
2008-12-30,63.6732,64.7937,63.2148,64.7355,168256300,0.69,2.46,-0.03,2.37
2008-12-31,64.8155,66.1907,64.6627,65.6595,193987200,0.12,2.25,-0.11,1.43
2009-01-02,65.805,67.9879,65.3758,67.6386,227566300,0.22,3.55,-0.43,3.01
2009-01-05,67.3985,68.148,66.8601,67.5586,240349700,-0.35,0.75,-1.15,-0.12
2009-01-06,68.1334,68.7228,67.4349,68.0097,328260900,0.85,1.72,-0.18,0.67
2009-01-07,66.9401,67.1293,65.6304,65.9724,280899200,-1.57,-1.29,-3.5,-3.0
2009-01-08,65.6013,66.278,65.2448,66.2416,263834400,-0.56,0.46,-1.1,0.41
2009-01-09,66.329,66.4454,62.1088,64.8228,330953600,0.13,0.31,-6.24,-2.14
2009-01-12,64.6409,64.6918,62.8728,63.2657,277858500,-0.28,-0.2,-3.01,-2.4
2009-01-13,63.1056,63.9424,62.72,63.3821,356432300,-0.25,1.07,-0.86,0.18
2009-01-14,62.2398,62.3926,60.5081,61.3885,435491600,-1.8,-1.56,-4.53,-3.15
2009-01-15,61.2065,62.0287,59.4603,61.4103,532647300,-0.3,1.04,-3.14,0.04
2009-01-16,62.4726,62.5672,60.428,61.8905,399237200,1.73,1.88,-1.6,0.78
2009-01-20,61.2866,61.8905,58.2452,58.6235,419855200,-0.98,-0.0,-5.89,-5.28
2009-01-21,59.6204,61.2939,58.5508,61.1556,364360700,1.7,4.56,-0.12,4.32
2009-01-22,59.9696,61.1484,59.0601,60.2097,427940300,-1.94,-0.01,-3.43,-1.55
2009-01-23,58.8637,61.112,58.6235,60.4717,386800600,-2.24,1.5,-2.63,0.44
2009-01-26,60.8209,62.1088,60.2534,60.8864,317978800,0.58,2.71,-0.36,0.69
2009-01-27,61.2138,61.956,60.6099,61.5049,273789700,0.54,1.76,-0.45,1.02
2009-01-28,62.8655,63.9933,62.6254,63.5858,330007000,2.21,4.05,1.82,3.38
2009-01-29,62.6545,63.6586,61.4612,61.5194,294392500,-1.46,0.11,-3.34,-3.25
2009-01-30,61.8323,62.1379,59.8168,60.2679,383383600,0.51,1.01,-2.77,-2.03
2009-02-02,59.3512,60.5226,59.162,60.086,288233300,-1.52,0.42,-1.84,-0.3
2009-02-03,60.4644,61.3812,59.8241,60.9301,278385800,0.63,2.16,-0.44,1.4
2009-02-04,61.3375,62.1161,60.4207,60.6317,322989300,0.67,1.95,-0.84,-0.49
2009-02-05,60.1733,62.0578,56.5571,61.534,417679400,-0.76,2.35,-6.72,1.49
2009-02-06,61.745,63.5494,61.614,63.2875,366101700,0.34,3.28,0.13,2.85
2009-02-09,63.273,63.8405,62.8073,63.3748,240075200,-0.02,0.87,-0.76,0.14
2009-02-10,62.7709,63.3239,59.9914,60.4717,536212800,-0.95,-0.08,-5.34,-4.58
2009-02-11,60.7191,61.1556,59.9551,60.8282,324442500,0.41,1.13,-0.85,0.59
2009-02-12,59.7877,60.9883,58.9728,60.8718,469302200,-1.71,0.26,-3.05,0.07
2009-02-13,60.7918,61.2939,60.2024,60.217,293998400,-0.13,0.69,-1.1,-1.08
2009-02-17,58.3252,60.3625,57.6049,57.6413,478910100,-3.14,0.24,-4.34,-4.28
2009-02-18,58.056,58.1651,56.9573,57.503,362964800,0.72,0.91,-1.19,-0.24
2009-02-19,58.0924,58.3179,56.7681,56.8845,316867500,1.02,1.42,-1.28,-1.08
2009-02-20,55.8295,57.001,55.131,56.3316,477176600,-1.85,0.2,-3.08,-0.97
2009-02-23,56.95,56.95,54.2724,54.3161,379641400,1.1,1.1,-3.66,-3.58
2009-02-24,54.7817,56.7172,54.3524,56.3752,426260900,0.86,4.42,0.07,3.79
2009-02-25,56.1278,57.0592,55.0291,55.9314,461985800,-0.44,1.21,-2.39,-0.79
2009-02-26,56.6226,57.9687,54.9564,55.0219,363353900,1.24,3.64,-1.74,-1.63
2009-02-27,53.8504,55.0728,53.7049,53.7922,470510900,-2.13,0.09,-2.39,-2.23
2009-03-02,52.7663,53.7849,51.2019,51.3693,426452600,-1.91,-0.01,-4.82,-4.5
2009-03-03,52.1042,52.1696,50.6708,50.9836,443761000,1.43,1.56,-1.36,-0.75
2009-03-04,51.8276,53.0209,50.9836,52.1915,462753100,1.66,4.0,-0.0,2.37
2009-03-05,51.0055,52.1915,49.6012,50.0596,485549400,-2.27,0.0,-4.96,-4.08
2009-03-06,50.4961,51.2601,48.8226,50.1469,490470000,0.87,2.4,-2.47,0.17
2009-03-09,49.4411,50.9327,49.281,49.5575,379905300,-1.41,1.57,-1.73,-1.18
2009-03-10,50.5762,52.6571,50.4743,52.5116,406227900,2.06,6.25,1.85,5.96
2009-03-11,53.1155,53.6612,52.2642,52.8536,356648300,1.15,2.19,-0.47,0.65
2009-03-12,52.839,55.1165,52.3661,54.9346,409702700,-0.03,4.28,-0.92,3.94
2009-03-13,55.3056,56.0114,54.3743,55.3638,337474700,0.68,1.96,-1.02,0.78
2009-03-16,55.9969,56.7317,55.1601,55.1965,360644900,1.14,2.47,-0.37,-0.3
2009-03-17,55.3493,57.0155,54.8982,56.8845,356814300,0.28,3.3,-0.54,3.06
2009-03-18,56.6153,58.8636,56.0769,58.1579,473273200,-0.47,3.48,-1.42,2.24
2009-03-19,58.8855,58.9364,57.2556,57.4375,428520400,1.25,1.34,-1.55,-1.24
2009-03-20,57.7167,57.8267,56.0825,56.2145,371078200,0.49,0.68,-2.36,-2.13
2009-03-23,57.7021,60.3036,57.387,60.2523,419933300,2.65,7.27,2.09,7.18
2009-03-24,59.5341,60.3549,58.9992,59.0651,330271000,-1.19,0.17,-2.08,-1.97
2009-03-25,59.5268,60.604,57.9366,59.688,441775100,0.78,2.61,-1.91,1.05
2009-03-26,60.2743,61.0437,59.5927,60.9045,422025200,0.98,2.27,-0.16,2.04
2009-03-27,60.1277,60.4794,59.5854,59.8053,322332300,-1.28,-0.7,-2.17,-1.8
2009-03-30,58.4789,58.5302,57.1305,57.7387,324108500,-2.22,-2.13,-4.47,-3.46
2009-03-31,58.303,59.4169,57.9293,58.2737,364238300,0.98,2.91,0.33,0.93
2009-04-01,57.5482,59.666,57.4016,59.4022,377018300,-1.25,2.39,-1.5,1.94
2009-04-02,60.8825,62.0037,59.4535,61.139,476230700,2.49,4.38,0.09,2.92
2009-04-03,61.1829,61.7619,60.582,61.7472,284646300,0.07,1.02,-0.91,0.99
2009-04-06,61.073,61.7619,60.3036,61.2636,264866600,-1.09,0.02,-2.34,-0.78
2009-04-07,60.2743,60.5674,59.732,59.8346,258947800,-1.61,-1.14,-2.5,-2.33
2009-04-08,60.135,60.7799,59.754,60.4795,230402800,0.5,1.58,-0.13,1.08
2009-04-09,62.0477,62.8904,61.7985,62.8831,269653500,2.59,3.99,2.18,3.97
2009-04-13,62.2309,63.4181,61.9818,62.8978,224847500,-1.04,0.85,-1.43,0.02
2009-04-14,62.3115,62.8465,61.6153,61.8132,276598800,-0.93,-0.08,-2.04,-1.72
2009-04-15,61.4394,62.5973,61.2709,62.4727,250726100,-0.6,1.27,-0.88,1.07
2009-04-16,62.971,63.8651,62.121,63.3887,335202900,0.8,2.23,-0.56,1.47
2009-04-17,63.6306,64.2315,63.1249,63.8138,262649000,0.38,1.33,-0.42,0.67
2009-04-20,62.6852,63.7918,61.073,61.139,293690100,-1.77,-0.03,-4.29,-4.19
2009-04-21,60.692,62.3848,60.6407,62.3335,114090900,-0.73,2.04,-0.82,1.95
2009-04-22,61.7692,63.2715,61.608,61.9524,340395200,-0.91,1.5,-1.16,-0.61
2009-04-23,62.077,62.5973,61.2855,62.5606,324903700,0.2,1.04,-1.08,0.98
2009-04-24,63.0443,63.9823,62.7952,63.506,287703000,0.77,2.27,0.37,1.51
2009-04-27,62.7878,63.7625,62.6852,62.9051,289581600,-1.13,0.4,-1.29,-0.95
2009-04-28,62.2675,63.4547,62.1136,62.7072,247926300,-1.01,0.87,-1.26,-0.31
2009-04-29,63.4034,64.7518,63.2422,64.041,311505700,1.11,3.26,0.85,2.13
2009-04-30,64.891,65.2354,63.6965,64.0629,301419800,1.33,1.87,-0.54,0.03
2009-05-01,64.0776,64.6419,63.55,64.4074,236110300,0.02,0.9,-0.8,0.54
2009-05-04,64.891,66.6425,64.7664,66.5985,287120000,0.75,3.47,0.56,3.4
2009-05-05,66.3713,66.6351,65.8363,66.3713,243036300,-0.34,0.06,-1.14,-0.34
2009-05-06,67.1847,67.5658,66.4006,67.5218,291941000,1.23,1.8,0.04,1.73
2009-05-07,68.1594,68.262,66.1588,66.5838,317728000,0.94,1.1,-2.02,-1.39
2009-05-08,67.4412,68.3133,67.0089,68.1374,299081700,1.29,2.6,0.64,2.33
2009-05-11,67.1994,67.4999,66.7157,66.8623,247923600,-1.38,-0.94,-2.09,-1.87
2009-05-12,67.1481,67.2947,65.8437,66.6644,282431300,0.43,0.65,-1.52,-0.3
2009-05-13,65.7631,65.9609,64.8544,64.9863,269619100,-1.35,-1.06,-2.72,-2.52
2009-05-14,65.0156,66.0415,64.8544,65.5432,260098700,0.05,1.62,-0.2,0.86
2009-05-15,65.4919,65.9536,64.5979,65.0083,271502700,-0.08,0.63,-1.44,-0.82
2009-05-18,65.6238,66.9356,64.9057,66.855,241447400,0.95,2.96,-0.16,2.84
2009-05-19,66.8183,67.3973,66.5472,66.7744,206102200,-0.05,0.81,-0.46,-0.12
2009-05-20,67.3826,68.0055,66.2541,66.3274,285722200,0.91,1.84,-0.78,-0.67
2009-05-21,65.5579,65.8071,64.6785,65.3747,258988400,-1.16,-0.78,-2.49,-1.44
2009-05-22,65.5579,65.9536,64.9863,65.2355,166811900,0.28,0.89,-0.59,-0.21
2009-05-26,64.7518,67.0968,64.7225,66.9063,236318500,-0.74,2.85,-0.79,2.56
2009-05-27,67.0089,67.2361,65.6092,65.7118,246015800,0.15,0.49,-1.94,-1.79
2009-05-28,66.2907,66.9356,65.294,66.6278,289095000,0.88,1.86,-0.64,1.39
2009-05-29,66.9942,68.6651,66.452,67.8077,258641500,0.55,3.06,-0.26,1.77
2009-06-01,68.643,69.7423,68.4672,69.4491,276246800,1.23,2.85,0.97,2.42
2009-06-02,69.178,69.8889,69.0534,69.5078,230874500,-0.39,0.63,-0.57,0.08
2009-06-03,68.9142,68.9801,67.9762,68.6284,235310500,-0.85,-0.76,-2.2,-1.27
2009-06-04,68.8849,69.3759,68.3719,69.2733,210102300,0.37,1.09,-0.37,0.94
2009-06-05,69.9768,70.1087,68.7383,69.2879,284257900,1.02,1.21,-0.77,0.02
2009-06-08,68.7676,69.691,68.1814,69.0021,238565100,-0.75,0.58,-1.6,-0.41
2009-06-09,69.3905,69.7203,68.8995,69.3539,225125500,0.56,1.04,-0.15,0.51
2009-06-10,69.9694,69.9768,68.2913,69.178,296100400,0.89,0.9,-1.53,-0.25
2009-06-11,69.3099,70.4311,69.2952,69.4858,275414200,0.19,1.81,0.17,0.44
2009-06-12,69.178,69.7203,68.8849,69.6763,184361800,-0.44,0.34,-0.86,0.27
2009-06-15,68.8556,68.8996,67.7124,68.0788,224190500,-1.18,-1.11,-2.82,-2.29
2009-06-16,68.3206,68.3645,67.1114,67.1554,227319000,0.36,0.42,-1.42,-1.36
2009-06-17,67.1261,67.6611,66.5618,67.0895,223445200,-0.04,0.75,-0.88,-0.1
2009-06-18,67.1921,67.9102,66.8696,67.5805,211725100,0.15,1.22,-0.33,0.73
2009-06-19,68.2275,68.3159,67.4463,67.8295,215655600,0.96,1.09,-0.2,0.37
2009-06-22,67.1663,67.2032,65.7735,65.7956,251913600,-0.98,-0.92,-3.03,-3.0
2009-06-23,65.9356,66.2377,65.4787,65.8472,188309800,0.21,0.67,-0.48,0.08
2009-06-24,66.4441,67.1221,66.0314,66.4146,211577700,0.91,1.94,0.28,0.86
2009-06-25,66.083,67.9253,66.0093,67.859,279411000,-0.5,2.27,-0.61,2.17
2009-06-26,67.6306,67.9769,67.2621,67.6821,167579000,-0.34,0.17,-0.88,-0.26
2009-06-29,67.8811,68.4044,67.5053,68.3159,168481300,0.29,1.07,-0.26,0.94
2009-06-30,68.3307,68.5813,67.2621,67.7632,228888200,0.02,0.39,-1.54,-0.81
2009-07-01,68.0506,68.7065,67.9548,68.0433,173041100,0.42,1.39,0.28,0.41
2009-07-02,67.1589,68.0654,66.1493,66.1861,212309900,-1.3,0.03,-2.78,-2.73
2009-07-06,65.545,66.2746,65.3386,66.1788,174499600,-0.97,0.13,-1.28,-0.01
2009-07-07,66.1124,66.1935,64.8522,64.8965,197088900,-0.1,0.02,-2.0,-1.94
2009-07-08,65.2871,65.4418,64.1153,64.8522,248050500,0.6,0.84,-1.2,-0.07
2009-07-09,65.3018,65.5155,64.7859,64.9775,163777600,0.69,1.02,-0.1,0.19
2009-07-10,64.6312,65.2134,64.3732,64.8228,173520300,-0.53,0.36,-0.93,-0.24
2009-07-13,65.0807,66.4514,64.5501,66.3998,217413500,0.4,2.51,-0.42,2.43
2009-07-14,66.6062,66.8347,66.1272,66.7757,181487400,0.31,0.65,-0.41,0.57
2009-07-15,67.66,68.9129,66.8273,68.7286,220877900,1.32,3.2,0.08,2.92
2009-07-16,68.537,69.6498,68.4044,68.6181,231174500,-0.28,1.34,-0.47,-0.16
2009-07-17,69.3182,69.5098,68.935,69.3698,138561700,1.02,1.3,0.46,1.1
2009-07-20,69.7751,70.2247,69.414,70.1067,164179400,0.58,1.23,0.06,1.06
2009-07-21,70.6521,70.6742,69.5835,70.431,217718300,0.78,0.81,-0.75,0.46
2009-07-22,69.9815,70.8437,69.9299,70.4163,196068100,-0.64,0.59,-0.71,-0.02
2009-07-23,70.4605,72.2808,70.4015,71.9712,258795500,0.06,2.65,-0.02,2.21
2009-07-24,71.6323,72.325,71.2564,72.266,154003100,-0.47,0.49,-0.99,0.41
2009-07-27,72.1334,72.5166,71.7354,72.4797,159259400,-0.18,0.35,-0.73,0.3
2009-07-28,71.9712,72.4945,71.5291,72.1407,186685200,-0.7,0.02,-1.31,-0.47
2009-07-29,71.8091,72.2882,71.4701,71.9639,194399300,-0.46,0.2,-0.93,-0.25
2009-07-30,72.8335,73.5704,72.664,72.7156,225575400,1.21,2.23,0.97,1.04
2009-07-31,72.7008,73.3051,72.5019,72.8187,207358000,-0.02,0.81,-0.29,0.14
2009-08-03,73.5852,74.0863,73.1872,74.02,175776900,1.05,1.74,0.51,1.65
2009-08-04,73.6883,74.3148,73.5336,74.2116,176714600,-0.45,0.4,-0.66,0.26
2009-08-05,74.2632,74.3295,73.3862,73.9979,184726400,0.07,0.16,-1.11,-0.29
2009-08-06,74.3369,74.4474,73.2683,73.6147,193203800,0.46,0.61,-0.99,-0.52
2009-08-07,74.3885,75.1918,73.9831,74.5801,220640900,1.05,2.14,0.5,1.31
2009-08-10,74.2411,74.5948,73.8947,74.4253,130898700,-0.45,0.02,-0.92,-0.21
2009-08-11,74.0937,74.1453,73.2978,73.4968,157301000,-0.45,-0.38,-1.51,-1.25
2009-08-12,73.3715,74.8454,73.3346,74.2853,219052400,-0.17,1.83,-0.22,1.07
2009-08-13,74.6243,74.8822,73.8874,74.8528,176449500,0.46,0.8,-0.54,0.76
2009-08-14,74.8159,74.8749,73.4746,74.2779,199616100,-0.05,0.03,-1.84,-0.77
2009-08-17,72.8482,72.9219,72.3029,72.4503,237667500,-1.92,-1.83,-2.66,-2.46
2009-08-18,72.6124,73.283,72.4797,73.0251,173461500,0.22,1.15,0.04,0.79
2009-08-19,72.4503,73.9168,72.3766,73.6662,192812800,-0.79,1.22,-0.89,0.88
2009-08-20,73.762,74.5948,73.5999,74.4253,174131300,0.13,1.26,-0.09,1.03
2009-08-21,75.037,76.0024,74.8896,75.8845,224605000,0.82,2.12,0.62,1.96
2009-08-24,76.194,76.6067,75.6045,75.8771,191279000,0.41,0.95,-0.37,-0.01
2009-08-25,76.1793,76.8352,75.8624,76.0245,215310600,0.4,1.26,-0.02,0.19
2009-08-26,75.7887,76.3783,75.5308,76.0319,194620700,-0.31,0.47,-0.65,0.01
2009-08-27,75.9877,76.4372,75.1255,76.2014,196230100,-0.06,0.53,-1.19,0.22
2009-08-28,76.8131,76.9015,75.6634,76.1867,147024400,0.8,0.92,-0.71,-0.02
2009-08-31,75.4423,75.5971,75.0149,75.5087,176051600,-0.98,-0.77,-1.54,-0.89
2009-09-01,75.1328,76.0835,73.6884,73.8431,321276800,-0.5,0.76,-2.41,-2.21
2009-09-02,73.5336,74.02,73.3789,73.5631,171805000,-0.42,0.24,-0.63,-0.38
2009-09-03,73.9905,74.2632,73.3936,74.1748,143572300,0.58,0.95,-0.23,0.83
2009-09-04,74.3221,75.236,74.1011,75.2139,142687900,0.2,1.43,-0.1,1.4
2009-09-08,75.9066,75.9435,75.4571,75.8624,132909100,0.92,0.97,0.32,0.86
2009-09-09,75.995,76.7025,75.7592,76.4446,154612500,0.17,1.11,-0.14,0.77
2009-09-10,76.4962,77.2773,76.0687,77.2258,162902400,0.07,1.09,-0.49,1.02
2009-09-11,77.3732,77.6016,76.8499,77.211,152360100,0.19,0.49,-0.49,-0.02
2009-09-14,76.5551,77.7195,76.0172,77.5869,149593800,-0.85,0.66,-1.55,0.49
2009-09-15,77.7122,78.1986,77.2037,77.9111,196795900,0.16,0.79,-0.49,0.42
2009-09-16,78.1911,79.105,77.9185,79.0902,206406300,0.36,1.53,0.01,1.51
2009-09-17,78.9797,79.6356,78.5375,78.9724,229170900,-0.14,0.69,-0.7,-0.15
2009-09-18,79.3411,79.3485,78.7561,79.0227,153799100,0.47,0.48,-0.27,0.06
2009-09-21,78.4081,79.23,78.2378,78.8228,151892000,-0.78,0.26,-0.99,-0.25
2009-09-22,79.2893,79.504,78.9338,79.2819,143126700,0.59,0.86,0.14,0.58
2009-09-23,79.467,79.9927,78.4822,78.6229,225947400,0.23,0.9,-1.01,-0.83
2009-09-24,78.7932,78.9635,77.4159,77.7565,228636800,0.22,0.43,-1.54,-1.1
2009-09-25,77.5862,78.0157,77.0753,77.3418,204059000,-0.22,0.33,-0.88,-0.53
2009-09-28,77.638,78.8968,77.6232,78.7265,118285800,0.38,2.01,0.36,1.79
2009-09-29,78.8672,79.2448,78.3267,78.4896,133733900,0.18,0.66,-0.51,-0.3
2009-09-30,78.7561,78.8301,77.4677,78.1859,254383000,0.34,0.43,-1.3,-0.39
2009-10-01,76.2682,78.2897,76.2312,76.246,281840600,-2.45,0.13,-2.5,-2.48
2009-10-02,75.5425,76.3422,75.5203,75.8905,224748800,-0.92,0.13,-0.95,-0.47
2009-10-05,76.1941,77.2456,75.972,77.0234,149875000,0.4,1.79,0.11,1.49
2009-10-06,77.5788,78.571,77.5344,78.1268,202491100,0.72,2.01,0.66,1.43
2009-10-07,77.949,78.4229,77.8009,78.3415,159200300,-0.23,0.38,-0.42,0.27
2009-10-08,78.8968,79.3559,78.3785,78.9413,183305800,0.71,1.29,0.05,0.77
2009-10-09,78.9634,79.4225,78.7561,79.4225,135008300,0.03,0.61,-0.23,0.61
2009-10-12,79.7928,80.0371,79.4373,79.7335,118031000,0.47,0.77,0.02,0.39
2009-10-13,79.5188,79.7558,79.0523,79.5706,157692700,-0.27,0.03,-0.85,-0.2
2009-10-14,80.5036,81.0219,79.541,80.9405,191421600,1.17,1.82,-0.04,1.72
2009-10-15,80.548,81.2367,80.511,81.2367,173873600,-0.48,0.37,-0.53,0.37
2009-10-16,80.5629,80.9109,80.1408,80.6295,192069400,-0.83,-0.4,-1.35,-0.75
2009-10-19,80.7628,81.5477,80.511,81.2959,159530400,0.17,1.14,-0.15,0.83
2009-10-20,81.4144,81.444,80.474,80.8665,180921100,0.15,0.18,-1.01,-0.53
2009-10-21,80.7406,81.681,80.0816,80.1408,225379300,-0.16,1.01,-0.97,-0.9
2009-10-22,80.1112,81.2145,79.6003,80.9553,238444000,-0.04,1.34,-0.67,1.02
2009-10-23,81.2219,81.2737,79.6965,80.0297,240033200,0.33,0.39,-1.55,-1.14
2009-10-26,80.1186,80.9405,78.9412,79.1634,242028200,0.11,1.14,-1.36,-1.08
2009-10-27,79.2522,79.5188,78.608,78.8005,253266300,0.11,0.45,-0.7,-0.46
2009-10-28,78.6006,78.845,77.2678,77.3122,248821400,-0.25,0.06,-1.95,-1.89
2009-10-29,77.8898,79.1264,77.7047,78.9709,198110600,0.75,2.35,0.51,2.15
2009-10-30,78.7117,78.9486,76.5939,76.6828,325608100,-0.33,-0.03,-3.01,-2.9
2009-11-02,77.1049,78.0527,76.3274,77.2456,254222900,0.55,1.79,-0.46,0.73
2009-11-03,76.8161,77.601,76.668,77.4899,228362600,-0.56,0.46,-0.75,0.32
2009-11-04,78.1268,78.7339,77.4899,77.6899,247996700,0.82,1.61,0.0,0.26
2009-11-05,78.2378,79.1412,78.0749,79.1189,180015300,0.71,1.87,0.5,1.84
2009-11-06,78.6821,79.5262,78.5266,79.3263,170954100,-0.55,0.51,-0.75,0.26
2009-11-09,79.9335,81.1775,79.8742,81.133,159495700,0.77,2.33,0.69,2.28
2009-11-10,80.9405,81.3996,80.6888,81.1478,171899800,-0.24,0.33,-0.55,0.02
2009-11-11,81.681,82.0586,81.1701,81.5625,169466200,0.66,1.12,0.03,0.51
2009-11-12,81.4514,81.8735,80.5258,80.7332,157144500,-0.14,0.38,-1.27,-1.02
2009-11-13,80.9405,81.5181,80.5259,81.1701,150963000,0.26,0.97,-0.26,0.54
2009-11-16,81.7328,82.7028,81.6884,82.3474,210922200,0.69,1.89,0.64,1.45
2009-11-17,82.1327,82.4807,81.8217,82.4437,147134100,-0.26,0.16,-0.64,0.12
2009-11-18,82.3844,82.5103,81.8735,82.3918,156486800,-0.07,0.08,-0.69,-0.06
2009-11-19,81.8291,82.4214,80.8072,81.3181,208734600,-0.68,0.04,-1.92,-1.3
2009-11-20,80.8961,81.2737,80.7184,81.0294,134196000,-0.52,-0.05,-0.74,-0.36
2009-11-23,81.9846,82.7398,81.8957,82.0586,148010200,1.18,2.11,1.07,1.27
2009-11-24,82.1919,82.34,81.4588,82.1845,138420100,0.16,0.34,-0.73,0.15
2009-11-25,82.3178,82.5621,82.0586,82.4733,109564800,0.16,0.46,-0.15,0.35
2009-11-27,80.2667,81.6884,80.1852,81.133,126001800,-2.68,-0.95,-2.77,-1.63
2009-11-30,81.0664,81.5995,80.0593,81.407,160874800,-0.08,0.57,-1.32,0.34
2009-12-01,82.1327,82.6806,81.992,82.414,159613700,0.89,1.56,0.72,1.24
2009-12-02,82.3992,82.9398,82.1327,82.377,132315100,-0.02,0.64,-0.34,-0.04
2009-12-03,82.5992,83.0656,81.6662,81.7328,167324900,0.27,0.84,-0.86,-0.78
2009-12-04,82.8139,83.2137,81.481,82.1993,274907800,1.32,1.81,-0.31,0.57
2009-12-07,82.1253,82.5844,81.8143,82.0734,127973800,-0.09,0.47,-0.47,-0.15
2009-12-08,81.481,82.0216,80.9109,81.1626,169863700,-0.72,-0.06,-1.42,-1.11
2009-12-09,81.1405,81.5847,80.7258,81.4663,155063400,-0.03,0.52,-0.54,0.37
2009-12-10,81.9697,82.2807,81.7846,81.9253,138014600,0.62,1.0,0.39,0.56
2009-12-11,82.2734,82.4585,81.9031,82.2734,124854000,0.42,0.65,-0.03,0.42
2009-12-14,82.8361,82.9323,82.2881,82.8361,107141500,0.68,0.8,0.02,0.68
2009-12-15,82.5325,82.8731,82.1919,82.4511,120408800,-0.37,0.04,-0.78,-0.46
2009-12-16,82.7843,83.0286,82.3918,82.577,155358200,0.4,0.7,-0.07,0.15
2009-12-17,81.9846,82.1401,81.5107,81.5847,183390100,-0.72,-0.53,-1.29,-1.2
2009-12-18,82.0388,82.1133,81.3539,82.0463,174591200,0.56,0.65,-0.28,0.57
2009-12-21,82.4558,83.1555,82.4558,82.8801,118039600,0.5,1.35,0.5,1.02
2009-12-22,83.0587,83.3565,82.9545,83.1778,91707500,0.22,0.57,0.09,0.36
2009-12-23,83.3789,83.4608,83.0066,83.3417,111783100,0.24,0.34,-0.21,0.2
2009-12-24,83.5203,83.8255,83.3788,83.7362,39677500,0.21,0.58,0.04,0.47
2009-12-28,84.0489,84.1159,83.6171,83.9149,87508500,0.37,0.45,-0.14,0.21
2009-12-29,84.1308,84.1456,83.7883,83.7958,80572500,0.26,0.28,-0.15,-0.14
2009-12-30,83.5501,83.8628,83.5054,83.766,73138400,-0.29,0.08,-0.35,-0.04
2009-12-31,83.9521,83.9744,82.9247,82.962,90637900,0.22,0.25,-1.0,-0.96
2010-01-04,83.6543,84.4136,83.0141,84.369,118944600,0.83,1.75,0.06,1.7
2010-01-05,84.3169,84.6295,84.0116,84.5923,111579900,-0.06,0.31,-0.42,0.26
2010-01-06,84.5104,84.8603,84.4434,84.6518,116074400,-0.1,0.32,-0.18,0.07
2010-01-07,84.4955,85.1134,84.2573,85.0092,131091100,-0.18,0.55,-0.47,0.42
2010-01-08,84.7859,85.3293,84.6147,85.2921,126402800,-0.26,0.38,-0.46,0.33
2010-01-11,85.6718,85.709,85.0464,85.4112,106375700,0.45,0.49,-0.29,0.14
2010-01-12,84.8454,85.0241,84.2871,84.6146,163333500,-0.66,-0.45,-1.32,-0.93
2010-01-13,84.8305,85.5675,84.3987,85.3293,161822000,0.26,1.13,-0.26,0.84
2010-01-14,85.2326,85.7165,85.1805,85.5601,115718800,-0.11,0.45,-0.17,0.27
2010-01-15,85.4112,85.4931,84.2722,84.5997,212283100,-0.17,-0.08,-1.51,-1.12
2010-01-19,84.5849,85.709,84.5626,85.6569,139172700,-0.02,1.31,-0.04,1.25
2010-01-20,85.0762,85.2028,84.1084,84.7859,216490200,-0.68,-0.53,-1.81,-1.02
2010-01-21,84.8082,85.0687,83.0513,83.1555,344859600,0.03,0.33,-2.05,-1.92
2010-01-22,82.7832,83.1853,81.2125,81.3018,345942400,-0.45,0.04,-2.34,-2.23
2010-01-25,82.0463,82.1952,81.4507,81.7187,186937500,0.92,1.1,0.18,0.51
2010-01-26,81.3986,82.2398,81.1753,81.3763,211168800,-0.39,0.64,-0.67,-0.42
2010-01-27,81.272,81.9495,80.6467,81.7634,271863600,-0.13,0.7,-0.9,0.48
2010-01-28,82.0314,82.0761,80.334,80.8254,316104000,0.33,0.38,-1.75,-1.15
2010-01-29,81.1752,81.741,79.8203,79.9469,310677600,0.43,1.13,-1.24,-1.09
2010-02-01,80.5127,81.1976,80.0288,81.1902,187865000,0.71,1.56,0.1,1.56
2010-02-02,81.3391,82.3292,81.0562,82.1728,216327900,0.18,1.4,-0.17,1.21
2010-02-03,81.8006,82.2473,81.5252,81.7634,172730700,-0.45,0.09,-0.79,-0.5
2010-02-04,81.1306,81.1678,79.2248,79.2397,356715700,-0.77,-0.73,-3.1,-3.09
2010-02-05,79.329,79.5673,77.855,79.4035,493585800,0.11,0.41,-1.75,0.21
2010-02-08,79.463,79.9023,78.7707,78.8303,224166900,0.08,0.63,-0.8,-0.72
2010-02-09,79.7534,80.5127,79.1132,79.8204,337820500,1.17,2.13,0.36,1.26
2010-02-10,79.6938,80.1032,78.994,79.664,240511500,-0.16,0.35,-1.04,-0.2
2010-02-11,79.5598,80.5871,79.0982,80.4978,223591600,-0.13,1.16,-0.71,1.05
2010-02-12,79.6491,80.4755,79.2918,80.4308,304622100,-1.05,-0.03,-1.5,-0.08
2010-02-16,81.0413,81.7783,80.267,81.6964,159317500,0.76,1.68,-0.2,1.57
2010-02-17,82.0909,82.1951,81.6963,82.0834,168845100,0.48,0.61,-0.0,0.47
2010-02-18,81.9495,82.7386,81.9197,82.5674,193708600,-0.16,0.8,-0.2,0.59
2010-02-19,82.3515,83.0587,82.158,82.7386,222684900,-0.26,0.6,-0.5,0.21
2010-02-22,83.0439,83.0662,82.5078,82.7535,132346900,0.37,0.4,-0.28,0.02
2010-02-23,82.5302,82.7833,81.5326,81.7485,207497000,-0.27,0.04,-1.48,-1.21
2010-02-24,81.9942,82.6344,81.7857,82.5004,176350700,0.3,1.08,0.05,0.92
2010-02-25,81.3241,82.4483,81.1008,82.3887,259634700,-1.43,-0.06,-1.7,-0.14
2010-02-26,82.4632,82.7238,81.9719,82.4409,173589300,0.09,0.41,-0.51,0.06
2010-03-01,82.7833,83.3788,82.7609,83.297,147709700,0.42,1.14,0.39,1.04
2010-03-02,83.6543,83.9297,83.3788,83.5277,160992400,0.43,0.76,0.1,0.28
2010-03-03,83.7437,84.101,83.3938,83.6022,150785000,0.26,0.69,-0.16,0.09
2010-03-04,83.7139,83.9744,83.4012,83.8553,135770400,0.13,0.45,-0.24,0.3
2010-03-05,84.3987,85.1209,84.1977,85.0539,176118800,0.65,1.51,0.41,1.43
2010-03-08,85.0613,85.2549,84.9199,85.0688,114631200,0.01,0.24,-0.16,0.02
2010-03-09,84.8157,85.6048,84.771,85.2102,154556700,-0.3,0.63,-0.35,0.17
2010-03-10,85.2474,85.8207,85.173,85.5899,186088800,0.04,0.72,-0.04,0.45
2010-03-11,85.3888,85.9695,85.1283,85.9472,160791100,-0.23,0.44,-0.54,0.42
2010-03-12,86.3194,86.3343,85.7164,85.9547,162074800,0.43,0.45,-0.27,0.01
2010-03-15,85.8058,86.0366,85.3144,85.977,146816800,-0.17,0.1,-0.74,0.03
2010-03-16,86.2152,86.7438,85.977,86.6619,168673000,0.28,0.89,-0.0,0.8
2010-03-17,86.9224,87.4584,86.6693,87.1755,177468100,0.3,0.92,0.01,0.59
2010-03-18,87.183,87.3021,86.781,87.1309,196509100,0.01,0.15,-0.45,-0.05
2010-03-19,86.6899,87.6766,86.3535,86.6899,226641100,-0.51,0.63,-0.89,-0.51
2010-03-22,86.1965,87.3103,86.1442,87.1533,184477800,-0.57,0.72,-0.63,0.53
2010-03-23,87.2804,87.841,86.9963,87.7663,182941600,0.15,0.79,-0.18,0.7
2010-03-24,87.4374,87.7812,86.3983,87.3402,196072600,-0.37,0.02,-1.56,-0.49
2010-03-25,87.9307,88.3344,87.0935,87.1982,223396300,0.68,1.14,-0.28,-0.16
2010-03-26,87.3626,87.7738,86.802,87.1458,205808500,0.19,0.66,-0.45,-0.06
2010-03-29,87.5869,87.856,87.2281,87.699,134513500,0.51,0.81,0.09,0.63
2010-03-30,87.8037,88.0803,87.3926,87.7588,145772500,0.12,0.43,-0.35,0.07
2010-03-31,87.4224,87.8485,87.1683,87.4598,161078700,-0.38,0.1,-0.67,-0.34
2010-04-01,88.0578,88.3942,87.5346,88.0578,161215200,0.68,1.07,0.09,0.68
2010-04-05,88.3942,88.8352,88.1475,88.7754,105847600,0.38,0.88,0.1,0.81
2010-04-06,88.5213,89.1417,88.4241,88.9847,110384200,-0.29,0.41,-0.4,0.24
2010-04-07,88.8053,89.2239,88.0653,88.4764,184576300,-0.2,0.27,-1.03,-0.57
2010-04-08,88.17,88.9324,87.9083,88.7829,158704000,-0.35,0.52,-0.64,0.35
2010-04-09,88.9698,89.4034,88.8053,89.366,133006500,0.21,0.7,0.03,0.66
2010-04-12,89.4781,89.7397,89.3734,89.508,110279000,0.13,0.42,0.01,0.16
2010-04-13,89.4183,89.7323,88.9548,89.5753,125043600,-0.1,0.25,-0.62,0.08
2010-04-14,89.9042,90.5919,89.7622,90.5919,161609000,0.37,1.13,0.21,1.13
2010-04-15,90.4424,90.876,90.4125,90.6667,144615300,-0.17,0.31,-0.2,0.08
2010-04-16,90.3452,90.6667,88.768,89.224,366786700,-0.35,-0.0,-2.09,-1.59
2010-04-19,88.9623,89.65,88.5587,89.5603,217947800,-0.29,0.48,-0.75,0.38
2010-04-20,90.121,90.4349,89.6052,90.3602,157708000,0.63,0.98,0.05,0.89
2010-04-21,90.4125,90.6218,89.6949,90.1958,192910100,0.06,0.29,-0.74,-0.18
2010-04-22,89.5603,90.577,89.0446,90.4648,115360300,-0.7,0.42,-1.28,0.3
2010-04-23,90.4051,91.0928,90.1733,91.0554,177335500,-0.07,0.69,-0.32,0.65
2010-04-26,91.0853,91.2871,90.6218,90.7115,143457300,0.03,0.25,-0.48,-0.38
2010-04-27,90.1883,90.7041,88.3942,88.5662,355853300,-0.58,-0.01,-2.55,-2.37
2010-04-28,88.9922,89.4632,88.4092,89.2389,300674100,0.48,1.01,-0.18,0.76
2010-04-29,89.7771,90.5321,89.7547,90.3452,193775000,0.6,1.45,0.58,1.24
2010-04-30,90.3601,90.4573,88.7904,88.8128,270000900,0.02,0.12,-1.72,-1.7
2010-05-03,89.2389,90.2107,89.1043,89.964,182747900,0.48,1.57,0.33,1.3
2010-05-04,88.9624,88.9773,87.4,87.8485,360353400,-1.11,-1.1,-2.85,-2.35
2010-05-05,87.1309,88.0579,86.6899,87.3253,328973200,-0.82,0.24,-1.32,-0.6
2010-05-06,86.9066,87.4598,78.4895,84.4249,647356600,-0.48,0.15,-10.12,-3.32
2010-05-07,84.2006,85.0453,81.7861,83.169,637558800,-0.27,0.73,-3.13,-1.49
2010-05-10,86.5703,87.1982,85.8975,86.8319,396159600,4.09,4.84,3.28,4.4
2010-05-11,86.0171,87.7289,85.8975,86.5852,317849800,-0.94,1.03,-1.08,-0.28
2010-05-12,86.9291,87.9233,86.7795,87.7962,235607100,0.4,1.55,0.22,1.4
2010-05-13,87.557,87.9681,86.6301,86.7048,234452500,-0.27,0.2,-1.33,-1.24
2010-05-14,86.0545,86.2114,84.3725,85.135,345601400,-0.75,-0.57,-2.69,-1.81
2010-05-17,85.3667,85.6059,83.5503,85.1799,325739800,0.27,0.55,-1.86,0.05
2010-05-18,85.8751,86.1292,83.7446,84.0212,360556800,0.82,1.11,-1.68,-1.36
2010-05-19,83.5503,84.2978,82.4963,83.5428,394742700,-0.56,0.33,-1.81,-0.57
2010-05-20,81.7637,82.145,80.336,80.3883,530418300,-2.13,-1.67,-3.84,-3.78
2010-05-21,79.1698,81.7637,78.7587,81.5619,500909400,-1.52,1.71,-2.03,1.46
2010-05-24,81.1208,81.7712,80.4406,80.5153,269823000,-0.54,0.26,-1.37,-1.28
2010-05-25,78.5718,80.635,78.0261,80.5976,396505200,-2.41,0.15,-3.09,0.1
2010-05-26,81.0909,81.831,79.8725,80.1117,349719300,0.61,1.53,-0.9,-0.6
2010-05-27,81.6217,82.8252,81.3152,82.7953,300870500,1.88,3.39,1.5,3.35
2010-05-28,82.7056,82.7654,81.3675,81.7562,297933500,-0.11,-0.04,-1.72,-1.25
2010-06-01,80.9937,82.1898,80.2612,80.3808,277909400,-0.93,0.53,-1.83,-1.68
2010-06-02,80.7919,82.4813,80.3658,82.4738,240243700,0.51,2.61,-0.02,2.6
2010-06-03,82.713,83.0195,81.9132,82.7579,226618300,0.29,0.66,-0.68,0.34
2010-06-04,81.1881,81.7263,79.581,79.8501,398475600,-1.9,-1.25,-3.84,-3.51
2010-06-07,80.1341,80.4406,78.7961,78.8559,264609100,0.36,0.74,-1.32,-1.25
2010-06-08,78.9157,79.8575,78.2279,79.7006,357774300,0.08,1.27,-0.8,1.07
2010-06-09,80.164,80.9414,78.9381,79.2744,268023300,0.58,1.56,-0.96,-0.53
2010-06-10,80.6275,81.689,79.267,81.5918,317890600,1.71,3.05,-0.01,2.92
2010-06-11,80.8742,82.0403,80.8219,81.988,214128200,-0.88,0.55,-0.94,0.49
2010-06-14,82.6159,83.0644,81.7787,81.8609,207196100,0.77,1.31,-0.26,-0.16
2010-06-15,82.4365,83.797,82.2945,83.7222,238268700,0.7,2.37,0.53,2.27
2010-06-16,83.2887,84.0362,83.1242,83.6923,216374000,-0.52,0.37,-0.71,-0.04
2010-06-17,83.9315,83.9689,83.0121,83.8269,263185800,0.29,0.33,-0.81,0.16
2010-06-18,83.9929,84.2182,83.6474,83.9178,174006600,0.2,0.47,-0.21,0.11
2010-06-21,84.9618,85.0219,83.2118,83.6774,213140700,1.24,1.32,-0.84,-0.29
2010-06-22,83.6774,84.0454,82.1752,82.2954,239355400,-0.0,0.44,-1.8,-1.65
2010-06-23,82.348,82.6409,81.4768,82.0401,254639900,0.06,0.42,-0.99,-0.31
2010-06-24,81.6345,81.7396,80.4703,80.6806,268523600,-0.49,-0.37,-1.91,-1.66
2010-06-25,80.9209,81.4317,80.1924,81.0186,238726500,0.3,0.93,-0.61,0.42
2010-06-28,81.1387,81.3565,80.4703,80.7632,169218600,0.15,0.42,-0.68,-0.32
2010-06-29,79.6291,80.7482,77.774,78.2697,373649500,-1.4,-0.02,-3.7,-3.09
2010-06-30,78.0518,78.7728,77.2707,77.5261,284101700,-0.28,0.64,-1.28,-0.95
2010-07-01,77.4735,77.7288,75.9563,77.1806,382924800,-0.07,0.26,-2.02,-0.45
2010-07-02,77.4435,77.6763,76.3244,76.76,233385200,0.34,0.64,-1.11,-0.54
2010-07-06,77.8415,78.3898,76.5197,77.2632,256935300,1.41,2.12,-0.31,0.66
2010-07-07,77.4585,79.7943,77.3759,79.6967,253769400,0.25,3.28,0.15,3.15
2010-07-08,80.3651,80.5754,79.5465,80.4853,210842100,0.84,1.1,-0.19,0.99
2010-07-09,80.4628,81.0937,80.3126,81.0862,144999900,-0.03,0.76,-0.21,0.75
2010-07-12,80.8158,81.2965,80.4778,81.1388,131283600,-0.33,0.26,-0.75,0.06
2010-07-13,81.98,82.686,81.8148,82.3631,213025900,1.04,1.91,0.83,1.51
2010-07-14,82.1001,82.6785,81.7622,82.3555,184426800,-0.32,0.38,-0.73,-0.01
2010-07-15,82.3255,82.6635,81.2439,82.3781,232337900,-0.04,0.37,-1.35,0.03
2010-07-16,81.9349,82.025,79.9521,80.1098,282693400,-0.54,-0.43,-2.94,-2.75
2010-07-19,80.4027,80.8383,79.7793,80.5829,186709000,0.37,0.91,-0.41,0.59
2010-07-20,79.5164,81.5368,79.4789,81.4767,258162400,-1.32,1.18,-1.37,1.11
2010-07-21,81.8973,81.9199,80.0872,80.4177,264527000,0.52,0.54,-1.71,-1.3
2010-07-22,81.3716,82.5733,81.3641,82.2128,274781300,1.19,2.68,1.18,2.23
2010-07-23,82.0476,83.0465,81.8147,82.9263,222020800,-0.2,1.01,-0.48,0.87
2010-07-26,83.0691,83.8727,82.8362,83.7901,184445700,0.17,1.14,-0.11,1.04
2010-07-27,84.2482,84.3383,83.4521,83.7826,204855600,0.55,0.65,-0.4,-0.01
2010-07-28,83.6098,83.8652,82.9639,83.2418,163056200,-0.21,0.1,-0.98,-0.65
2010-07-29,83.76,83.9853,82.1753,82.8362,220149100,0.62,0.89,-1.28,-0.49
2010-07-30,81.995,83.2643,81.8523,82.8212,220070600,-1.02,0.52,-1.19,-0.02
2010-08-02,84.113,84.8265,83.775,84.6914,188263200,1.56,2.42,1.15,2.26
2010-08-03,84.481,84.6988,84.0079,84.2858,146657300,-0.25,0.01,-0.81,-0.48
2010-08-04,84.5186,84.9542,84.2407,84.8491,158171700,0.28,0.79,-0.05,0.67
2010-08-05,84.3083,84.804,84.1806,84.759,140473800,-0.64,-0.05,-0.79,-0.11
2010-08-06,83.9253,84.5487,83.3094,84.4135,239728300,-0.98,-0.25,-1.71,-0.41
2010-08-09,84.8116,85.0068,84.3609,84.8641,120800400,0.47,0.7,-0.06,0.53
2010-08-10,84.1431,84.8566,83.6474,84.406,242916300,-0.85,-0.01,-1.43,-0.54
2010-08-11,83.1066,83.1366,81.9574,82.0926,273406900,-1.54,-1.5,-2.9,-2.74
2010-08-12,80.8534,81.8823,80.8158,81.5894,239542600,-1.51,-0.26,-1.56,-0.61
2010-08-13,81.334,81.8373,81.2514,81.3491,158698500,-0.31,0.3,-0.41,-0.29
2010-08-16,80.7933,81.5744,80.5003,81.3115,147895300,-0.68,0.28,-1.04,-0.05
2010-08-17,82.01,82.9113,81.7772,82.3104,172270300,0.86,1.97,0.57,1.23
2010-08-18,82.2729,82.9038,81.7997,82.4607,182922100,-0.05,0.72,-0.62,0.18
2010-08-19,82.0326,82.2353,80.6881,81.0261,265847600,-0.52,-0.27,-2.15,-1.74
2010-08-20,80.7857,81.0711,80.1774,80.7632,209714200,-0.3,0.06,-1.05,-0.32
2010-08-23,81.1463,81.5444,80.4178,80.4553,163490300,0.47,0.97,-0.43,-0.38
2010-08-24,79.5765,79.907,78.8405,79.2611,280677800,-1.09,-0.68,-2.01,-1.48
2010-08-25,78.8254,79.8694,78.3297,79.569,272234800,-0.55,0.77,-1.18,0.39
2010-08-26,79.9446,80.0497,78.7729,79.0358,224439500,0.47,0.6,-1.0,-0.67
2010-08-27,79.5315,80.3427,78.3448,80.26,272649000,0.63,1.65,-0.87,1.55
2010-08-30,80.0497,80.2976,79.0883,79.0959,167238600,-0.26,0.05,-1.46,-1.45
2010-08-31,78.8029,79.5991,78.48,79.0959,273933100,-0.37,0.64,-0.78,0.0
2010-09-01,80.1624,81.5744,80.1098,81.4617,256828100,1.35,3.13,1.28,2.99
2010-09-02,81.657,82.2353,81.4842,82.2203,156112200,0.24,0.95,0.03,0.93
2010-09-03,83.024,83.362,82.5808,83.2869,212197300,0.98,1.39,0.44,1.3
2010-09-07,82.8963,83.0014,82.2804,82.348,141973700,-0.47,-0.34,-1.21,-1.13
2010-09-08,82.5132,83.2568,82.4757,82.9263,149924400,0.2,1.1,0.16,0.7
2010-09-09,83.8577,83.8802,83.0841,83.3094,147017900,1.12,1.15,0.19,0.46
2010-09-10,83.4596,83.8276,83.2718,83.73,127819000,0.18,0.62,-0.05,0.5
2010-09-13,84.5562,84.8341,84.2182,84.6613,178503500,0.99,1.32,0.58,1.11
2010-09-14,84.4961,85.0894,84.1806,84.6087,209823600,-0.2,0.51,-0.57,-0.06
2010-09-15,84.3609,85.0293,84.1055,84.9317,168608400,-0.29,0.5,-0.59,0.38
2010-09-16,84.6688,84.9618,84.3834,84.9092,199962900,-0.31,0.04,-0.65,-0.03
2010-09-17,85.3562,85.4392,84.7068,84.9409,195836900,0.53,0.62,-0.24,0.04
2010-09-20,85.2354,86.4284,84.9635,86.2396,214555200,0.35,1.75,0.03,1.53
2010-09-21,86.3076,86.7154,85.7111,86.066,268389100,0.08,0.55,-0.61,-0.2
2010-09-22,85.93,86.4133,85.4015,85.6431,191322400,-0.16,0.4,-0.77,-0.49
2010-09-23,84.9409,85.8319,84.7068,84.9484,202354300,-0.82,0.22,-1.09,-0.81
2010-09-24,85.8923,86.7607,85.8168,86.7003,209671800,1.11,2.13,1.02,2.06
2010-09-27,86.7305,86.8286,86.2019,86.285,128761800,0.03,0.15,-0.57,-0.48
2010-09-28,86.3982,86.8664,85.4619,86.587,209207500,0.13,0.67,-0.95,0.35
2010-09-29,86.368,86.7682,86.0962,86.436,179665800,-0.25,0.21,-0.57,-0.17
2010-09-30,86.8739,87.4327,85.7715,86.1793,287106700,0.51,1.15,-0.77,-0.3
2010-10-01,86.8286,86.9268,86.0282,86.5417,174638700,0.75,0.87,-0.18,0.42
2010-10-04,86.3604,86.7229,85.4619,85.8923,166153200,-0.21,0.21,-1.25,-0.75
2010-10-05,86.6851,87.8329,86.587,87.6215,229634100,0.92,2.26,0.81,2.01
2010-10-06,87.6064,87.8405,87.259,87.6139,148626600,-0.02,0.25,-0.41,-0.01
2010-10-07,87.9688,87.9915,86.9797,87.5082,164860000,0.41,0.43,-0.72,-0.12
2010-10-08,87.629,88.2407,87.2968,87.999,177760100,0.14,0.84,-0.24,0.56
2010-10-11,88.135,88.3238,87.7801,88.0821,103098300,0.15,0.37,-0.25,0.09
2010-10-12,87.7952,88.6107,87.327,88.3539,182210000,-0.33,0.6,-0.86,0.31
2010-10-13,88.8447,89.5167,88.6333,89.041,194347200,0.56,1.32,0.32,0.78
2010-10-14,88.958,89.109,88.1349,88.6937,217764300,-0.09,0.08,-1.02,-0.39
2010-10-15,89.3129,89.3658,88.1652,88.8749,243705000,0.7,0.76,-0.6,0.2
2010-10-18,88.9052,89.6074,88.5805,89.3129,141204800,0.03,0.82,-0.33,0.49
2010-10-19,88.4898,88.9882,87.6063,88.1425,280604700,-0.92,-0.36,-1.91,-1.31
2010-10-20,88.3011,89.4337,88.2482,89.0033,200051800,0.18,1.46,0.12,0.98
2010-10-21,89.4035,89.9245,88.5049,89.1996,221585500,0.45,1.04,-0.56,0.22
2010-10-22,89.3355,89.5017,89.1015,89.3658,108212400,0.15,0.34,-0.11,0.19
2010-10-25,89.9623,90.4304,89.5621,89.63,151145700,0.67,1.19,0.22,0.3
2010-10-26,89.1769,89.7357,89.0033,89.6451,158982900,-0.51,0.12,-0.7,0.02
2010-10-27,89.0184,89.4865,88.5427,89.3884,190024000,-0.7,-0.18,-1.23,-0.29
2010-10-28,89.9019,89.9396,88.9731,89.4035,168576000,0.57,0.62,-0.46,0.02
2010-10-29,89.3129,89.6451,89.1543,89.4715,144305500,-0.1,0.27,-0.28,0.08
2010-11-01,89.9094,90.4229,88.9882,89.5016,174074800,0.49,1.06,-0.54,0.03
2010-11-02,90.1737,90.4229,89.9321,90.2114,158345900,0.75,1.03,0.48,0.79
2010-11-03,90.3701,90.6268,89.4413,90.5739,226702800,0.18,0.46,-0.85,0.4
2010-11-04,91.5782,92.3635,90.589,92.3182,215039400,1.11,1.98,0.02,1.93
2010-11-05,92.3786,92.8165,92.2578,92.6655,180654100,0.07,0.54,-0.07,0.38
2010-11-08,92.3786,92.6429,92.0765,92.4918,156107100,-0.31,-0.02,-0.64,-0.19
2010-11-09,92.741,92.8392,91.4574,91.8273,186621600,0.27,0.38,-1.12,-0.72
2010-11-10,91.8047,92.2427,91.11,92.1974,221387400,-0.02,0.45,-0.78,0.4
2010-11-11,91.4045,91.9859,91.1251,91.85,158017600,-0.86,-0.23,-1.16,-0.38
2010-11-12,91.2308,91.6311,90.3474,90.7627,239068800,-0.67,-0.24,-1.64,-1.18
2010-11-15,91.0496,91.4045,90.5965,90.6343,163940800,0.32,0.71,-0.18,-0.14
2010-11-16,90.0756,90.2266,88.7919,89.2223,299566200,-0.62,-0.45,-2.03,-1.56
2010-11-17,89.26,89.6376,88.9957,89.2676,172308900,0.04,0.47,-0.25,0.05
2010-11-18,90.1284,90.9061,90.1208,90.5814,197723700,0.96,1.84,0.96,1.47
2010-11-19,90.5361,90.8684,90.0453,90.8306,156852900,-0.05,0.32,-0.59,0.28
2010-11-22,90.3776,90.7929,89.6829,90.7551,181361000,-0.5,-0.04,-1.26,-0.08
2010-11-23,89.6829,89.8716,89.0939,89.4412,222309000,-1.18,-0.97,-1.83,-1.45
2010-11-24,90.0076,90.7853,89.9925,90.7627,140046100,0.63,1.5,0.62,1.48
2010-11-26,89.9774,90.4682,89.7055,89.7055,76007800,-0.87,-0.32,-1.16,-1.16
2010-11-29,89.479,90.219,88.9051,89.9774,223642300,-0.25,0.57,-0.89,0.3
2010-11-30,89.0864,89.9849,88.958,89.4715,233930700,-0.99,0.01,-1.13,-0.56
2010-12-01,90.7627,91.548,90.7551,91.3743,221037200,1.44,2.32,1.43,2.13
2010-12-02,91.5178,92.6127,91.4649,92.5447,191213600,0.16,1.36,0.1,1.28
2010-12-03,92.2276,92.8996,92.2049,92.7939,151288900,-0.34,0.38,-0.37,0.27
2010-12-06,92.5975,92.9071,92.4994,92.6957,103050500,-0.21,0.12,-0.32,-0.11
2010-12-07,93.5867,93.6396,92.6957,92.7486,206581000,0.96,1.02,-0.0,0.06
2010-12-08,92.8618,93.1639,92.4314,93.0884,138019200,0.12,0.45,-0.34,0.37
2010-12-09,93.6094,93.6471,92.9902,93.4508,123705100,0.56,0.6,-0.11,0.39
2010-12-10,93.7377,94.0851,93.4282,93.9945,117571700,0.31,0.68,-0.02,0.58
2010-12-13,94.4249,94.5381,94.0247,94.0549,133812700,0.46,0.58,0.03,0.06
2010-12-14,94.1984,94.5609,93.8511,94.138,147249600,0.15,0.54,-0.22,0.09
2010-12-15,93.9643,94.3343,93.549,93.7075,160823100,-0.18,0.21,-0.63,-0.46
2010-12-16,93.7679,94.3192,93.4432,94.2512,185035200,0.06,0.65,-0.28,0.58
2010-12-17,94.1852,94.4736,93.9878,94.3522,141075300,-0.07,0.24,-0.28,0.11
2010-12-20,94.6103,94.8076,94.1093,94.5799,119085500,0.27,0.48,-0.26,0.24
2010-12-21,94.8759,95.2403,94.7848,95.1796,94965500,0.31,0.7,0.22,0.63
2010-12-22,95.2479,95.506,95.1947,95.4756,78878100,0.07,0.34,0.02,0.31
2010-12-23,95.3693,95.4756,95.1036,95.339,70053700,-0.11,-0.0,-0.39,-0.14
2010-12-27,94.9822,95.468,94.9139,95.3769,58126000,-0.37,0.14,-0.45,0.04
2010-12-28,95.5667,95.6046,95.263,95.5135,55309100,0.2,0.24,-0.12,0.14
2010-12-29,95.6274,95.7944,95.5667,95.5819,58033100,0.12,0.29,0.06,0.07
2010-12-30,95.4908,95.7413,95.2858,95.4301,76616900,-0.1,0.17,-0.31,-0.16
2010-12-31,95.2858,95.5439,95.134,95.4528,91218900,-0.15,0.12,-0.31,0.02
2011-01-03,96.1815,96.8571,95.4149,96.4396,138725200,0.76,1.47,-0.04,1.03
2011-01-04,96.6522,96.6825,95.7868,96.3865,137409700,0.22,0.25,-0.68,-0.06
2011-01-05,96.0829,96.9482,95.9918,96.8875,133975300,-0.32,0.58,-0.41,0.52
2011-01-06,96.9254,97.0317,96.4093,96.6977,122519000,0.04,0.15,-0.49,-0.2
2011-01-07,96.8268,96.9862,95.7565,96.5079,156034600,0.13,0.3,-0.97,-0.2
2011-01-10,96.0829,96.5231,95.7944,96.3865,122401700,-0.44,0.02,-0.74,-0.13
2011-01-11,96.7357,96.9634,96.3637,96.7281,110287000,0.36,0.6,-0.02,0.35
2011-01-12,97.3202,97.7073,96.7509,97.601,107929200,0.61,1.01,0.02,0.9
2011-01-13,97.639,97.6845,97.1987,97.4416,129048400,0.04,0.09,-0.41,-0.16
2011-01-14,97.305,98.1703,97.2367,98.1476,117677900,-0.14,0.75,-0.21,0.72
2011-01-18,98.0564,98.4056,97.9426,98.3145,114401300,-0.09,0.26,-0.21,0.17
2011-01-19,98.231,98.3297,97.0924,97.3505,151958400,-0.08,0.02,-1.24,-0.98
2011-01-20,97.1304,97.4644,96.5003,97.2215,175745700,-0.23,0.12,-0.87,-0.13
2011-01-21,97.8287,98.0489,97.3353,97.4416,151462900,0.62,0.85,0.12,0.23
2011-01-24,97.3809,98.1096,97.3581,97.9957,113715500,-0.06,0.69,-0.09,0.57
2011-01-25,97.7376,98.1323,97.2442,98.0489,167552200,-0.26,0.14,-0.77,0.05
2011-01-26,98.2918,98.7168,98.0944,98.4284,141281500,0.25,0.68,0.05,0.39
2011-01-27,98.4511,98.8383,98.2766,98.6713,123302700,0.02,0.42,-0.15,0.25
2011-01-28,98.7851,98.9445,96.7888,96.9482,295637300,0.12,0.28,-1.91,-1.75
2011-01-31,97.2139,97.7528,96.971,97.6769,149249200,0.27,0.83,0.02,0.75
2011-02-01,98.269,99.4152,98.2083,99.2406,167194300,0.61,1.78,0.54,1.6
2011-02-02,98.9825,99.3165,98.9294,99.0508,118323600,-0.26,0.08,-0.31,-0.19
2011-02-03,98.8762,99.4227,98.3524,99.2709,145886700,-0.18,0.38,-0.71,0.22
2011-02-04,99.3089,99.5898,98.8535,99.5518,134634800,0.04,0.32,-0.42,0.28
2011-02-07,99.7719,100.5006,99.7643,100.1742,112439100,0.22,0.95,0.21,0.63
2011-02-08,100.2653,100.6828,99.992,100.6297,99072800,0.09,0.51,-0.18,0.45
2011-02-09,100.3564,100.6752,99.901,100.402,146436700,-0.27,0.05,-0.72,-0.23
2011-02-10,99.8934,100.5538,99.6657,100.4399,162708500,-0.51,0.15,-0.73,0.04
2011-02-11,100.0452,101.1686,100.0224,101.0396,137710300,-0.39,0.73,-0.42,0.6
2011-02-14,100.9788,101.366,100.865,101.2825,101690700,-0.06,0.32,-0.17,0.24
2011-02-15,100.9713,101.1231,100.4399,100.9637,119575400,-0.31,-0.16,-0.83,-0.31
2011-02-16,101.3052,101.7227,101.1003,101.6013,130183500,0.34,0.75,0.14,0.63
2011-02-17,101.3052,102.0415,101.2141,101.9049,109810500,-0.29,0.43,-0.38,0.3
2011-02-18,101.996,102.2389,101.7607,102.1174,130002400,0.09,0.33,-0.14,0.21
2011-02-22,101.0472,102.1402,99.7947,100.068,233116400,-1.05,0.02,-2.27,-2.01
2011-02-23,100.0072,100.2501,98.8383,99.4531,227584000,-0.06,0.18,-1.23,-0.61
2011-02-24,99.3468,99.7719,98.4511,99.3848,260431400,-0.11,0.32,-1.01,-0.07
2011-02-25,99.8023,100.5082,99.7416,100.4475,141686900,0.42,1.13,0.36,1.07
2011-02-28,100.8194,101.199,100.4855,101.0699,141585500,0.37,0.75,0.04,0.62
2011-03-01,101.3887,101.4798,99.3544,99.3848,258565500,0.32,0.41,-1.7,-1.67
2011-03-02,99.2482,100.0604,98.9446,99.5974,200277400,-0.14,0.68,-0.44,0.21
2011-03-03,100.5006,101.4267,100.4931,101.3129,176480100,0.91,1.84,0.9,1.72
2011-03-04,101.2369,101.4343,99.8934,100.5537,277202300,-0.07,0.12,-1.4,-0.75
2011-03-07,100.8498,101.0775,99.2406,99.7643,216790400,0.29,0.52,-1.31,-0.79
2011-03-08,99.9237,100.9561,99.4911,100.6373,174615000,0.16,1.19,-0.27,0.88
2011-03-09,100.4399,100.8043,99.8934,100.4931,153806000,-0.2,0.17,-0.74,-0.14
2011-03-10,99.4379,99.5746,98.5346,98.6333,301291800,-1.05,-0.91,-1.95,-1.85
2011-03-11,98.3145,99.6733,98.2918,99.3165,225621800,-0.32,1.05,-0.35,0.69
2011-03-14,98.6713,99.0432,97.9653,98.7168,234974100,-0.65,-0.28,-1.36,-0.6
2011-03-15,96.0904,98.1703,96.0221,97.5858,359585400,-2.66,-0.55,-2.73,-1.15
2011-03-16,97.2746,97.5934,95.096,95.7792,468670300,-0.32,0.01,-2.55,-1.85
2011-03-17,97.1607,97.4568,96.4776,97.0469,254303700,1.44,1.75,0.73,1.32
2011-03-18,98.2232,98.2537,97.2093,97.3999,230435400,1.21,1.24,0.17,0.36
2011-03-21,98.612,99.1152,98.4977,98.9093,153992600,1.24,1.76,1.13,1.55
2011-03-22,98.8941,99.0237,98.4748,98.5663,129538600,-0.02,0.12,-0.44,-0.35
2011-03-23,98.2918,99.1075,97.8268,98.8483,148603100,-0.28,0.55,-0.75,0.29
2011-03-24,99.4125,99.9385,98.856,99.7937,159129800,0.57,1.1,0.01,0.96
2011-03-25,100.0529,100.5332,99.7861,100.0986,155642800,0.26,0.74,-0.01,0.31
2011-03-28,100.3121,100.5713,99.8242,99.8547,109762400,0.21,0.47,-0.27,-0.24
2011-03-29,99.7708,100.5561,99.443,100.5256,129798800,-0.08,0.7,-0.41,0.67
2011-03-30,101.0516,101.5166,100.9067,101.2193,135835000,0.52,0.99,0.38,0.69
2011-03-31,101.0897,101.3641,100.9753,101.0821,132537100,-0.13,0.14,-0.24,-0.14
2011-04-01,101.7072,101.9817,101.2651,101.509,153850100,0.62,0.89,0.18,0.42
2011-04-04,101.7224,101.9054,101.3031,101.5928,100768900,0.21,0.39,-0.2,0.08
2011-04-05,101.3947,102.0274,101.3489,101.5776,120791500,-0.2,0.43,-0.24,-0.01
2011-04-06,102.0655,102.157,101.4861,101.8978,120411600,0.48,0.57,-0.09,0.32
2011-04-07,101.7148,102.1418,101.1355,101.6386,170731500,-0.18,0.24,-0.75,-0.25
2011-04-08,102.0884,102.1494,100.8686,101.2879,147945400,0.44,0.5,-0.76,-0.35
2011-04-11,101.3946,101.7377,100.739,100.983,121385400,0.11,0.44,-0.54,-0.3
2011-04-12,100.4188,100.617,99.8623,100.2282,161187400,-0.56,-0.36,-1.11,-0.75
2011-04-13,100.6933,100.7695,99.8394,100.2206,162059000,0.46,0.54,-0.39,-0.01
2011-04-14,99.6412,100.4493,99.3134,100.2969,161220400,-0.58,0.23,-0.91,0.08
2011-04-15,100.4798,100.9144,100.1825,100.6628,170006700,0.18,0.62,-0.11,0.36
2011-04-18,99.5574,100.6552,98.734,99.5345,210759300,-1.1,-0.01,-1.92,-1.12
2011-04-19,99.687,100.1368,99.443,100.1063,124258800,0.15,0.61,-0.09,0.57
2011-04-20,101.3032,101.692,101.2345,101.4709,156133800,1.2,1.58,1.13,1.36
2011-04-21,101.9969,102.035,101.4709,101.9893,135935400,0.52,0.56,0.0,0.51
2011-04-25,101.9131,102.0503,101.5471,101.8826,65757100,-0.07,0.06,-0.43,-0.1
2011-04-26,102.1951,102.9651,102.0884,102.7593,146600000,0.31,1.06,0.2,0.86
2011-04-27,102.9575,103.5826,102.5382,103.4302,143031000,0.19,0.8,-0.22,0.65
2011-04-28,103.2472,103.9028,103.232,103.7656,124791100,-0.18,0.46,-0.19,0.32
2011-04-29,103.8038,104.1163,103.6665,104.0096,115094100,0.04,0.34,-0.1,0.24
2011-05-02,104.4975,104.5813,103.6436,103.8494,126278700,0.47,0.55,-0.35,-0.15
2011-05-03,103.6513,103.8266,102.9499,103.4759,138375000,-0.19,-0.02,-0.87,-0.36
2011-05-04,103.4302,103.4759,102.3324,102.7898,182678500,-0.04,0.0,-1.11,-0.66
2011-05-05,102.218,102.8812,101.4099,101.8597,226900000,-0.56,0.09,-1.34,-0.9
2011-05-06,102.8736,103.3997,101.9131,102.3095,222787200,1.0,1.51,0.05,0.44
2011-05-09,102.3019,103.0033,102.1418,102.7059,114104500,-0.01,0.68,-0.16,0.39
2011-05-10,103.049,103.7656,102.9194,103.5827,114806900,0.33,1.03,0.21,0.85
2011-05-11,103.4301,103.4454,102.0198,102.4924,193564200,-0.15,-0.13,-1.51,-1.05
2011-05-12,102.218,103.1938,101.692,102.9804,171550700,-0.27,0.68,-0.78,0.48
2011-05-13,103.0338,103.1786,101.8216,102.1875,157444900,0.05,0.19,-1.13,-0.77
2011-05-16,101.8215,102.622,101.3718,101.5395,141675400,-0.36,0.43,-0.8,-0.63
2011-05-17,101.1583,101.6615,100.7238,101.5242,192686200,-0.38,0.12,-0.8,-0.02
2011-05-18,101.5776,102.5382,101.3565,102.4314,135217900,0.05,1.0,-0.17,0.89
2011-05-19,102.7669,102.9422,102.1112,102.6754,119489500,0.33,0.5,-0.31,0.24
2011-05-20,102.4086,102.6754,101.6691,101.8597,182594900,-0.26,0.0,-0.98,-0.79
2011-05-23,100.617,101.1812,100.3197,100.678,168700000,-1.22,-0.67,-1.51,-1.16
2011-05-24,100.9677,101.1888,100.4036,100.5941,147199600,0.29,0.51,-0.27,-0.08
2011-05-25,100.1901,101.3489,100.1596,100.9296,151050100,-0.4,0.75,-0.43,0.33
2011-05-26,100.6551,101.5776,100.4646,101.3946,164850000,-0.27,0.64,-0.46,0.46
2011-05-27,101.6767,102.0579,101.3641,101.7834,120921900,0.28,0.65,-0.03,0.38
2011-05-31,102.744,102.8584,102.035,102.8431,164731200,0.94,1.06,0.25,1.04
2011-06-01,102.5458,102.8584,100.4493,100.5332,233094300,-0.29,0.01,-2.33,-2.25
2011-06-02,100.6018,100.8153,99.8394,100.4265,200466800,0.07,0.28,-0.69,-0.11
2011-06-03,99.2219,100.1901,99.1685,99.4277,234690200,-1.2,-0.24,-1.25,-0.99
2011-06-06,99.1762,99.382,98.2461,98.3757,179951200,-0.25,-0.05,-1.19,-1.06
2011-06-07,98.8788,99.1609,98.2308,98.3147,161660500,0.51,0.8,-0.15,-0.06
2011-06-08,98.1622,98.49,97.72,97.903,198696400,-0.16,0.18,-0.6,-0.42
2011-06-09,98.1699,99.0542,97.9335,98.6501,160964400,0.27,1.18,0.03,0.76
2011-06-10,98.2308,98.2918,97.0187,97.2779,238629400,-0.43,-0.36,-1.65,-1.39
2011-06-13,97.499,97.7658,96.8586,97.3541,207599800,0.23,0.5,-0.43,0.08
2011-06-14,98.2461,98.9322,98.208,98.5891,160570400,0.92,1.62,0.88,1.27
2011-06-15,97.7658,98.5739,96.5765,96.8357,300958000,-0.84,-0.02,-2.04,-1.78
2011-06-16,96.8662,97.5599,96.302,97.0492,308032800,0.03,0.75,-0.55,0.22
2011-06-17,98.013,98.0206,97.0093,97.3388,233284900,0.99,1.0,-0.04,0.3
2011-06-20,97.0093,98.0436,96.9787,97.8368,159479000,-0.34,0.72,-0.37,0.51
2011-06-21,98.3424,99.369,97.8751,99.1775,193157300,0.52,1.57,0.04,1.37
2011-06-22,98.8711,99.4533,98.5186,98.5799,176703000,-0.31,0.28,-0.66,-0.6
2011-06-23,97.4231,98.557,96.6799,98.2965,334286500,-1.17,-0.02,-1.93,-0.29
2011-06-24,98.2735,98.3501,97.0093,97.1549,226129300,-0.02,0.05,-1.31,-1.16
2011-06-27,97.2162,98.396,97.0247,98.0206,168904700,0.06,1.28,-0.13,0.89
2011-06-28,98.4113,99.3154,98.2734,99.3001,165556300,0.4,1.32,0.26,1.31
2011-06-29,99.7521,100.3114,99.3154,100.1505,244295500,0.46,1.02,0.02,0.86
2011-06-30,100.4723,101.2691,100.1429,101.1082,223322700,0.32,1.12,-0.01,0.96
2011-07-01,101.2001,102.7401,100.9626,102.6022,202385700,0.09,1.61,-0.14,1.48
2011-07-05,102.4949,102.7248,102.1961,102.5179,165936000,-0.1,0.12,-0.4,-0.08
2011-07-06,102.2727,102.7707,101.9816,102.6405,143331600,-0.24,0.25,-0.52,0.12
2011-07-07,103.5522,103.966,103.3377,103.7055,170464200,0.89,1.29,0.68,1.04
2011-07-08,102.5333,103.7055,102.1961,102.9699,194100500,-1.13,-0.0,-1.46,-0.71
2011-07-11,101.7058,102.0352,100.8707,101.1082,195918600,-1.23,-0.91,-2.04,-1.81
2011-07-12,100.8937,101.7288,100.6409,100.6715,214675700,-0.21,0.61,-0.46,-0.43
2011-07-13,101.2002,102.0659,100.7635,101.0086,204062600,0.53,1.39,0.09,0.33
2011-07-14,101.2614,101.7288,100.1198,100.3114,226111800,0.25,0.71,-0.88,-0.69
2011-07-15,100.8707,101.0316,100.1888,100.8937,220012800,0.56,0.72,-0.12,0.58
2011-07-18,100.4264,100.5796,99.3154,100.0663,196872100,-0.46,-0.31,-1.56,-0.82
2011-07-19,100.6255,101.8131,100.6025,101.6905,166554900,0.56,1.75,0.54,1.62
2011-07-20,101.951,102.0123,101.453,101.6292,137145400,0.26,0.32,-0.23,-0.06
2011-07-21,102.2038,103.2917,101.6445,103.0389,245246300,0.57,1.64,0.02,1.39
2011-07-22,103.0619,103.2151,102.4796,103.1078,126019400,0.02,0.17,-0.54,0.07
2011-07-25,102.1272,103.0389,102.0199,102.5332,136653800,-0.95,-0.07,-1.06,-0.56
2011-07-26,102.4643,102.6328,101.9203,102.1501,131278200,-0.07,0.1,-0.6,-0.37
2011-07-27,101.5832,101.6139,99.9283,100.0586,249020100,-0.55,-0.52,-2.18,-2.05
2011-07-28,100.0586,100.955,99.6065,99.7674,207939900,-0.0,0.9,-0.45,-0.29
2011-07-29,98.7638,100.0203,98.0436,99.0856,307038400,-1.01,0.25,-1.73,-0.68
2011-08-01,100.2425,100.3344,97.7065,98.6642,325790900,1.17,1.26,-1.39,-0.43
2011-08-02,97.921,98.4497,96.1436,96.1436,346653800,-0.75,-0.22,-2.55,-2.55
2011-08-03,96.2738,96.7718,94.6419,96.6645,370830800,0.14,0.65,-1.56,0.54
2011-08-04,95.3238,95.4771,91.9834,92.1367,520721800,-1.39,-1.23,-4.84,-4.68
2011-08-05,93.2859,93.5234,89.5318,91.9987,655619200,1.25,1.51,-2.83,-0.15
2011-08-08,89.5701,92.0294,85.8236,86.0075,702263900,-2.64,0.03,-6.71,-6.51
2011-08-09,87.3942,90.1293,84.4828,90.0067,717828700,1.61,4.79,-1.77,4.65
2011-08-10,88.3059,89.0874,85.77,86.0305,662607400,-1.89,-1.02,-4.71,-4.42
2011-08-11,86.7736,91.11,86.0535,89.8918,487979700,0.86,5.9,0.03,4.49
2011-08-12,90.7116,91.3322,89.8535,90.4971,313731600,0.91,1.6,-0.04,0.67
2011-08-15,91.3169,92.5044,91.1713,92.4125,258810600,0.91,2.22,0.75,2.12
2011-08-16,91.5314,92.4661,90.6427,91.6233,294095200,-0.95,0.06,-1.92,-0.85
2011-08-17,92.129,92.8568,90.9568,91.6846,238201100,0.55,1.35,-0.73,0.07
2011-08-18,89.2559,91.7153,86.8732,87.7313,512956300,-2.65,0.03,-5.25,-4.31
2011-08-19,86.5438,88.7809,86.1913,86.2986,428281300,-1.35,1.2,-1.76,-1.63
2011-08-22,88.237,88.2829,86.1224,86.3676,275090600,2.25,2.3,-0.2,0.08
2011-08-23,86.6893,89.3096,86.2526,89.21,331136600,0.37,3.41,-0.13,3.29
2011-08-24,89.0184,90.589,88.8116,90.4665,246869700,-0.21,1.55,-0.45,1.41
2011-08-25,90.9644,91.4778,88.7733,89.0874,312365400,0.55,1.12,-1.87,-1.52
2011-08-26,88.6354,90.7959,87.2257,90.3822,314495900,-0.51,1.92,-2.09,1.45
2011-08-29,91.6004,93.033,90.4511,92.9794,190977200,1.35,2.93,0.08,2.87
2011-08-30,92.5733,93.7992,91.3705,93.2246,241315700,-0.44,0.88,-1.73,0.26
2011-08-31,93.8222,94.6266,92.9334,93.6383,301828400,0.64,1.5,-0.31,0.44
2011-09-01,93.6919,94.5423,92.535,92.6576,254585900,0.06,0.97,-1.18,-1.05
2011-09-02,90.7269,92.604,89.9684,90.2902,255517200,-2.08,-0.06,-2.9,-2.55
2011-09-06,87.6394,89.7616,87.6317,89.6313,285130500,-2.94,-0.59,-2.94,-0.73
2011-09-07,90.9874,92.1979,90.681,92.1596,209803200,1.51,2.86,1.17,2.82
2011-09-08,91.608,92.6576,90.9951,91.202,250568200,-0.6,0.54,-1.26,-1.04
2011-09-09,90.16,91.2173,88.3212,88.8116,380195100,-1.14,0.02,-3.16,-2.62
2011-09-12,87.7007,89.4551,87.3789,89.3862,305793500,-1.25,0.72,-1.61,0.65
2011-09-13,89.6773,90.5431,89.0414,90.206,272514700,0.33,1.29,-0.39,0.92
2011-09-14,90.6656,92.5504,89.4245,91.4548,319389500,0.51,2.6,-0.87,1.38
2011-09-15,92.4354,93.0637,91.4778,93.033,326777200,1.07,1.76,0.03,1.73
2011-09-16,93.4065,93.9302,92.6595,93.5837,284528300,0.4,0.96,-0.4,0.59
2011-09-19,92.0511,93.1293,91.4274,92.6518,241517000,-1.64,-0.49,-2.3,-1.0
2011-09-20,93.0446,93.9456,92.4208,92.544,218932200,0.42,1.4,-0.25,-0.12
2011-09-21,92.5902,92.8751,89.6715,89.8178,316251300,0.05,0.36,-3.1,-2.95
2011-09-22,87.2148,87.9541,85.7131,86.9145,513911300,-2.9,-2.07,-4.57,-3.23
2011-09-23,86.337,87.9157,86.2676,87.4382,307242500,-0.66,1.15,-0.74,0.6
2011-09-26,88.2622,89.6407,87.007,89.5175,260673700,0.94,2.52,-0.49,2.38
2011-09-27,91.281,92.0742,89.9795,90.5186,311753900,1.97,2.86,0.52,1.12
2011-09-28,90.7034,91.2502,88.5394,88.6704,286696800,0.2,0.81,-2.19,-2.04
2011-09-29,90.1413,90.5879,87.7385,89.3712,298108900,1.66,2.16,-1.05,0.79
2011-09-30,88.139,88.9091,87.0763,87.1379,288392300,-1.38,-0.52,-2.57,-2.5
2011-10-03,86.6296,87.754,84.5657,84.6581,365136800,-0.58,0.71,-2.95,-2.85
2011-10-04,83.4413,86.6989,82.7328,86.514,459177500,-1.44,2.41,-2.27,2.19
2011-10-05,86.7297,88.3469,85.9288,88.1159,284108000,0.25,2.12,-0.68,1.85
2011-10-06,88.0697,89.8409,87.4151,89.71,257800800,-0.05,1.96,-0.8,1.81
2011-10-07,90.2337,90.2953,88.6088,89.1093,312657900,0.58,0.65,-1.23,-0.67
2011-10-10,90.6264,92.1281,90.6187,92.0896,230666300,1.7,3.39,1.69,3.34
2011-10-11,91.5429,92.4439,91.4505,92.1821,209088000,-0.59,0.38,-0.69,0.1
2011-10-12,92.8752,94.0611,92.6672,92.9907,281544900,0.75,2.04,0.53,0.88
2011-10-13,92.4439,93.0831,91.7354,92.8059,212538800,-0.59,0.1,-1.35,-0.2
2011-10-14,93.884,94.4154,93.3603,94.3923,211397600,1.16,1.73,0.6,1.71
2011-10-17,93.9456,94.3768,92.3592,92.5902,202311600,-0.47,-0.02,-2.15,-1.91
2011-10-18,92.5209,95.1085,91.797,94.4,318857900,-0.07,2.72,-0.86,1.95
2011-10-19,94.246,94.785,92.9599,93.2833,226601300,-0.16,0.41,-1.53,-1.18
2011-10-20,93.5143,94.0303,92.2744,93.6915,262075600,0.25,0.8,-1.08,0.44
2011-10-21,94.7927,95.5859,94.5078,95.4704,278999400,1.18,2.02,0.87,1.9
2011-10-24,95.6245,96.8797,95.5397,96.641,203215600,0.16,1.48,0.07,1.23
2011-10-25,96.1789,96.2251,94.554,94.7619,268596800,-0.48,-0.43,-2.16,-1.94
2011-10-26,95.7631,96.0865,94.115,95.7245,289053800,1.06,1.4,-0.68,1.02
2011-10-27,98.289,99.6675,97.5035,99.0591,393220200,2.68,4.12,1.86,3.48
2011-10-28,98.574,99.2286,98.4199,99.036,225906500,-0.49,0.17,-0.65,-0.02
2011-10-31,97.9271,99.0514,96.5101,96.6487,228146700,-1.12,0.02,-2.55,-2.41
2011-11-01,93.9764,95.1162,93.5837,93.9533,416565800,-2.76,-1.59,-3.17,-2.79
2011-11-02,95.3626,95.8016,94.5617,95.4858,244717600,1.5,1.97,0.65,1.63
2011-11-03,96.4716,97.4188,95.1855,97.2263,291174800,1.03,2.02,-0.31,1.82
2011-11-04,96.4408,96.8027,95.5012,96.6333,249401600,-0.81,-0.44,-1.77,-0.61
2011-11-07,96.564,97.3341,95.6476,97.234,196617200,-0.07,0.73,-1.02,0.62
2011-11-08,97.7422,98.5894,96.8104,98.4815,224426300,0.52,1.39,-0.44,1.28
2011-11-09,96.1789,96.8797,94.6156,94.8466,337982000,-2.34,-1.63,-3.93,-3.69
2011-11-10,96.1019,96.2174,94.7388,95.7399,231866500,1.32,1.45,-0.11,0.94
2011-11-11,96.9028,97.7962,96.872,97.542,189924400,1.21,2.15,1.18,1.88
2011-11-14,97.1801,98.1504,96.202,96.6179,159258300,-0.37,0.62,-1.37,-0.95
2011-11-15,96.3946,97.6113,96.048,97.0954,184709400,-0.23,1.03,-0.59,0.49
2011-11-16,96.1173,97.2956,95.4165,95.5551,235782500,-1.01,0.21,-1.73,-1.59
2011-11-17,95.378,95.6168,93.3603,94.038,331219600,-0.19,0.06,-2.3,-1.59
2011-11-18,94.3384,94.5309,93.5452,93.938,215580400,0.32,0.52,-0.52,-0.11
2011-11-21,92.5671,92.6826,91.3735,92.1513,229611600,-1.46,-1.34,-2.73,-1.9
2011-11-22,91.951,92.4901,91.2733,91.7893,216494900,-0.22,0.37,-0.95,-0.39
2011-11-23,90.9268,91.7893,89.7639,89.7639,224329100,-0.94,0.0,-2.21,-2.21
2011-11-25,89.6253,90.6418,89.4867,89.5945,99557000,-0.15,0.98,-0.31,-0.19
2011-11-28,92.0588,92.5517,91.5044,92.1898,210686000,2.75,3.3,2.13,2.9
2011-11-29,92.4516,93.1832,92.1127,92.4516,199241500,0.28,1.08,-0.08,0.28
2011-11-30,95.1008,96.4331,92.4131,96.2559,324439500,2.87,4.31,-0.04,4.11
2011-12-01,96.1481,96.7565,95.8247,96.2405,176954800,-0.11,0.52,-0.45,-0.02
2011-12-02,97.1262,97.4188,96.0942,96.1558,221109700,0.92,1.22,-0.15,-0.09
2011-12-05,97.6806,97.9424,96.6025,97.2031,225263900,1.59,1.86,0.46,1.09
2011-12-06,97.1955,97.8886,96.8489,97.234,178842100,-0.01,0.71,-0.36,0.03
2011-12-07,96.9105,98.0041,96.2405,97.5959,237802500,-0.33,0.79,-1.02,0.37
2011-12-08,96.9568,97.1724,95.224,95.455,240862800,-0.65,-0.43,-2.43,-2.19
2011-12-09,95.8863,97.3187,95.8016,97.0723,209111400,0.45,1.95,0.36,1.69
2011-12-12,96.2252,96.2406,94.8467,95.6553,215826100,-0.87,-0.86,-2.29,-1.46
2011-12-13,96.1558,96.7026,94.2998,94.7619,245159800,0.52,1.09,-1.42,-0.93
2011-12-14,94.3846,94.7465,93.5452,93.7531,238618800,-0.4,-0.02,-1.28,-1.06
2011-12-15,94.7465,94.8774,93.9456,94.0919,199109200,1.06,1.2,0.21,0.36
2011-12-16,94.7275,95.2854,94.0067,94.2315,220481400,0.68,1.27,-0.09,0.15
2011-12-19,94.5957,94.7972,93.0224,93.2239,183903000,0.39,0.6,-1.28,-1.07
2011-12-20,94.6887,96.2076,93.2859,96.0449,225418100,1.57,3.2,0.07,3.03
2011-12-21,96.0449,96.3781,95.1304,96.2309,194230900,0.0,0.35,-0.95,0.19
2011-12-22,96.5874,97.1842,96.2774,97.0834,119465400,0.37,0.99,0.05,0.89
2011-12-23,97.3934,97.9824,97.1919,97.9514,92187200,0.32,0.93,0.11,0.89
2011-12-27,97.7809,98.2846,97.6956,98.0289,86075700,-0.17,0.34,-0.26,0.08
2011-12-28,98.0444,98.0599,96.6649,96.7424,119107100,0.02,0.03,-1.39,-1.31
2011-12-29,97.0602,97.8429,96.7657,97.7422,123507200,0.33,1.14,0.02,1.03
2011-12-30,97.6646,97.9049,97.2616,97.2616,95599000,-0.08,0.17,-0.49,-0.49
2012-01-03,99.0132,99.4937,98.7574,98.8117,193697900,1.8,2.29,1.54,1.59
2012-01-04,98.5792,99.0519,98.1994,98.9667,127186500,-0.24,0.24,-0.62,0.16
2012-01-05,98.4319,99.3774,97.9824,99.2301,173895000,-0.54,0.42,-0.99,0.27
2012-01-06,99.3541,99.3696,98.6489,98.9744,148050000,0.12,0.14,-0.59,-0.26
2012-01-09,99.1991,99.3386,98.7419,99.2146,99530200,0.23,0.37,-0.23,0.24
2012-01-10,100.2764,100.4779,99.9354,100.0749,115282000,1.07,1.27,0.73,0.87
2012-01-11,99.7649,100.2609,99.6022,100.1291,111540700,-0.31,0.19,-0.47,0.05
2012-01-12,100.4159,100.5166,99.6176,100.3694,118983700,0.29,0.39,-0.51,0.24
2012-01-13,99.6952,100.0129,98.9822,99.8502,179836200,-0.67,-0.36,-1.38,-0.52
2012-01-17,100.8111,100.9971,99.8966,100.2376,132209200,0.96,1.15,0.05,0.39
2012-01-18,100.2144,101.4001,100.0361,101.3459,163395200,-0.02,1.16,-0.2,1.11
2012-01-19,101.6946,101.9659,101.3691,101.8806,126328900,0.34,0.61,0.02,0.53
2012-01-20,101.7101,102.2604,101.4621,102.2604,138230200,-0.17,0.37,-0.41,0.37
2012-01-23,101.9194,102.4929,101.5086,101.9969,129295800,-0.33,0.23,-0.74,-0.26
2012-01-24,101.3691,101.9116,101.2141,101.8806,103083300,-0.62,-0.08,-0.77,-0.11
2012-01-25,101.7256,102.9733,101.3304,102.7331,198613200,-0.15,1.07,-0.54,0.84
2012-01-26,103.1903,103.3841,101.8031,102.2061,184880500,0.45,0.63,-0.91,-0.51
2012-01-27,101.7101,102.3379,101.6404,102.1596,135259100,-0.49,0.13,-0.55,-0.05
2012-01-30,101.1444,101.8651,100.7956,101.8109,147311800,-0.99,-0.29,-1.34,-0.34
2012-01-31,102.3146,102.4386,101.2761,101.7721,157212000,0.49,0.62,-0.53,-0.04
2012-02-01,102.5239,103.1826,102.3999,102.6634,166234500,0.74,1.39,0.62,0.88
2012-02-02,102.8649,103.0896,102.4619,102.8261,113090400,0.2,0.42,-0.2,0.16
2012-02-03,103.8491,104.3296,103.6709,104.2676,160598500,0.99,1.46,0.82,1.4
2012-02-06,103.8336,104.2444,103.7174,104.1979,107694500,-0.42,-0.02,-0.53,-0.07
2012-02-07,103.9808,104.6396,103.5701,104.4613,135528100,-0.21,0.42,-0.6,0.25
2012-02-08,104.5156,104.7946,104.0894,104.7714,139361400,0.05,0.32,-0.36,0.3
2012-02-09,104.9418,105.0813,104.2831,104.9031,148602900,0.16,0.3,-0.47,0.13
2012-02-10,103.9731,104.2134,103.7251,104.1281,167907500,-0.89,-0.66,-1.12,-0.74
2012-02-13,104.8721,105.0271,104.4226,104.9031,115841900,0.71,0.86,0.28,0.74
2012-02-14,104.6241,104.8334,104.0429,104.7714,165329500,-0.27,-0.07,-0.82,-0.13
2012-02-15,105.1123,105.2673,104.0738,104.2831,195195100,0.33,0.47,-0.67,-0.47
2012-02-16,104.2908,105.5308,104.1048,105.4378,186567800,0.01,1.2,-0.17,1.11
2012-02-17,105.8021,105.8873,105.3681,105.7168,129869400,0.35,0.43,-0.07,0.26
2012-02-21,105.9648,106.2128,105.4378,105.7633,134042300,0.23,0.47,-0.26,0.04
2012-02-22,105.6006,105.8253,105.2363,105.4223,124455300,-0.15,0.06,-0.5,-0.32
2012-02-23,105.3681,105.9648,105.0116,105.8873,137704300,-0.05,0.51,-0.39,0.44
2012-02-24,106.1198,106.3291,105.8873,106.1198,105539100,0.22,0.42,-0.0,0.22
2012-02-27,105.4146,106.5848,105.2441,106.2981,145728900,-0.66,0.44,-0.83,0.17
2012-02-28,106.3291,106.7321,106.1198,106.6081,129355900,0.03,0.41,-0.17,0.29
2012-02-29,106.7631,107.0963,105.8176,106.1896,185934700,0.15,0.46,-0.74,-0.39
2012-03-01,106.4143,106.9413,106.1198,106.7398,145023500,0.21,0.71,-0.07,0.52
2012-03-02,106.6701,106.8096,106.1741,106.4143,120638300,-0.07,0.07,-0.53,-0.3
2012-03-05,106.2515,106.329,105.616,105.9803,140765000,-0.15,-0.08,-0.75,-0.41
2012-03-06,104.8953,104.9573,104.1281,104.4303,202129900,-1.02,-0.97,-1.75,-1.46
2012-03-07,104.6706,105.3293,104.5698,105.1588,143692200,0.23,0.86,0.13,0.7
2012-03-08,105.8021,106.4221,105.5851,106.2051,116968900,0.61,1.2,0.41,0.99
2012-03-09,106.4066,106.8948,106.2748,106.6158,122836800,0.19,0.65,0.07,0.39
2012-03-12,106.6003,106.7631,106.2438,106.6236,104003500,-0.01,0.14,-0.35,0.01
2012-03-13,107.1971,108.5998,107.0188,108.5456,184090500,0.54,1.85,0.37,1.8
2012-03-14,108.5765,108.8478,108.096,108.4293,145163600,0.03,0.28,-0.41,-0.11
2012-03-15,108.5921,109.1036,108.3131,109.0571,165118500,0.15,0.62,-0.11,0.58
2012-03-16,109.2548,109.3482,108.9746,109.2081,152893500,0.18,0.27,-0.08,0.14
2012-03-19,109.138,109.9709,109.0602,109.6362,125291100,-0.06,0.7,-0.14,0.39
2012-03-20,109.0135,109.4494,108.6943,109.317,121729700,-0.57,-0.17,-0.86,-0.29
2012-03-21,109.3793,109.4805,108.9123,109.138,122388400,0.06,0.15,-0.37,-0.16
2012-03-22,108.3362,108.6243,107.9938,108.3518,135216700,-0.73,-0.47,-1.05,-0.72
2012-03-23,108.4453,108.8267,107.8459,108.7021,120521000,0.09,0.44,-0.47,0.32
2012-03-26,109.4805,110.2277,109.4416,110.2277,120164000,0.72,1.4,0.68,1.4
2012-03-27,110.329,110.399,109.8152,109.8853,119868500,0.09,0.16,-0.37,-0.31
2012-03-28,109.8308,110.002,108.6943,109.3404,148562100,-0.05,0.11,-1.08,-0.5
2012-03-29,108.6943,109.3559,108.2662,109.1536,164963700,-0.59,0.01,-0.98,-0.17
2012-03-30,109.6906,109.7918,109.0134,109.605,135486800,0.49,0.58,-0.13,0.41
2012-04-02,109.4727,110.6948,109.2548,110.4068,151741100,-0.12,0.99,-0.32,0.73
2012-04-03,110.2511,110.4379,109.3093,109.9553,155806700,-0.14,0.03,-0.99,-0.41
2012-04-04,109.1458,109.2392,108.4608,108.8656,146896000,-0.74,-0.65,-1.36,-0.99
2012-04-05,108.4919,109.1302,108.3985,108.8111,137439400,-0.34,0.24,-0.43,-0.05
2012-04-09,107.4411,108.85,107.2932,107.589,127555900,-1.26,0.04,-1.39,-1.12
2012-04-10,107.3788,107.6824,105.6742,105.7831,235360300,-0.2,0.09,-1.78,-1.68
2012-04-11,106.8651,107.0597,106.4448,106.6394,154133000,1.02,1.21,0.63,0.81
2012-04-12,106.7406,108.1183,106.6628,108.0327,154321500,0.09,1.39,0.02,1.31
2012-04-13,107.7836,108.056,106.6471,106.7483,169246700,-0.23,0.02,-1.28,-1.19
2012-04-16,107.2932,107.4489,106.3125,106.6783,147825300,0.51,0.66,-0.41,-0.07
2012-04-17,107.2932,108.4764,107.1842,108.2584,147877600,0.58,1.69,0.47,1.48
2012-04-18,107.7758,108.2584,107.7136,107.8926,123884200,-0.45,0.0,-0.5,-0.34
2012-04-19,107.9081,108.3129,106.6939,107.1998,198666700,0.01,0.39,-1.11,-0.64
2012-04-20,107.6746,108.0638,107.3165,107.3788,143199600,0.44,0.81,0.11,0.17
2012-04-23,106.2813,106.5693,105.8143,106.4759,171844900,-1.02,-0.75,-1.46,-0.84
2012-04-24,106.5693,107.1531,106.4837,106.8807,137484200,0.09,0.64,0.01,0.38
2012-04-25,107.9237,108.3907,107.8303,108.344,150252200,0.98,1.41,0.89,1.37
2012-04-26,108.1105,109.2236,108.0483,109.0991,136291600,-0.22,0.81,-0.27,0.7
2012-04-27,109.426,109.5895,108.8189,109.2781,130725000,0.3,0.45,-0.26,0.16
2012-04-30,109.0602,109.138,108.5776,108.8733,115092200,-0.2,-0.13,-0.64,-0.37
2012-05-01,108.8111,110.2667,108.6865,109.5506,138832200,-0.06,1.28,-0.17,0.62
2012-05-02,108.9123,109.3326,108.5542,109.2236,121081000,-0.58,-0.2,-0.91,-0.3
2012-05-03,109.2392,109.3248,108.1884,108.3907,143759700,0.01,0.09,-0.95,-0.76
2012-05-04,107.8226,108.4297,106.5771,106.6394,193927300,-0.52,0.04,-1.67,-1.62
2012-05-07,106.2579,107.0752,106.219,106.7172,127765900,-0.36,0.41,-0.39,0.07
2012-05-08,106.0789,106.4603,105.0203,106.2891,213377700,-0.6,-0.24,-1.59,-0.4
2012-05-09,105.1604,106.3358,104.6856,105.6586,220752500,-1.06,0.04,-1.51,-0.59
2012-05-10,106.3903,106.5226,105.6352,105.8765,150600000,0.69,0.82,-0.02,0.21
2012-05-11,105.2149,106.5382,105.1682,105.5574,153032400,-0.62,0.62,-0.67,-0.3
2012-05-14,104.5455,105.5574,104.2342,104.3898,163910000,-0.96,0.0,-1.25,-1.11
2012-05-15,104.3198,104.9347,103.627,103.7905,207629300,-0.07,0.52,-0.73,-0.57
2012-05-16,104.2575,104.7323,103.3702,103.3935,207265500,0.45,0.91,-0.4,-0.38
2012-05-17,103.4169,103.5414,101.8056,101.8601,247992900,0.02,0.14,-1.54,-1.48
2012-05-18,102.257,102.4361,100.8404,100.9883,319615900,0.39,0.57,-1.0,-0.86
2012-05-21,101.3152,102.763,101.1517,102.7241,177861100,0.32,1.76,0.16,1.72
2012-05-22,102.9887,103.7048,102.2337,102.9031,197531200,0.26,0.95,-0.48,0.17
2012-05-23,102.1636,103.1055,101.1829,102.9576,204958400,-0.72,0.2,-1.67,0.05
2012-05-24,103.2378,103.4013,102.296,103.16,167357600,0.27,0.43,-0.64,0.2
2012-05-25,103.1211,103.4091,102.5762,102.8253,135465600,-0.04,0.24,-0.57,-0.32
2012-05-29,103.6504,104.2497,102.1014,104.0707,152883500,0.8,1.39,-0.7,1.21
2012-05-30,103.1833,104.0629,102.3505,102.5606,162370400,-0.85,-0.01,-1.65,-1.45
2012-05-31,102.5217,103.0977,101.4553,102.3349,196186000,-0.04,0.52,-1.08,-0.22
2012-06-01,100.7314,102.3582,99.7584,99.7584,253240900,-1.57,0.02,-2.52,-2.52
2012-06-04,99.9374,100.2099,98.9644,99.7117,202545800,0.18,0.45,-0.8,-0.05
2012-06-05,99.5171,100.6146,99.4626,100.4667,164149400,-0.2,0.91,-0.25,0.76
2012-06-06,101.1673,102.7708,101.1361,102.7241,184202800,0.7,2.29,0.67,2.25
2012-06-07,103.8916,103.9383,102.5762,102.7863,184772700,1.14,1.18,-0.14,0.06
2012-06-08,102.5217,103.627,102.1948,103.6037,143915400,-0.26,0.82,-0.58,0.8
2012-06-11,104.4365,104.4988,102.187,102.2882,169756100,0.8,0.86,-1.37,-1.27
2012-06-12,102.5839,103.5336,102.0936,103.4635,181931800,0.29,1.22,-0.19,1.15
2012-06-13,103.16,103.806,102.4516,102.8019,172223900,-0.29,0.33,-0.98,-0.64
2012-06-14,103.0121,104.3042,102.7319,103.8917,230615500,0.2,1.46,-0.07,1.06
2012-06-15,104.3596,105.0481,104.1405,104.9542,169444500,0.45,1.11,0.24,1.02
2012-06-18,104.5161,105.4158,104.2813,105.1576,131360900,-0.42,0.44,-0.64,0.19
2012-06-19,105.6897,106.6051,105.1342,106.1748,137382600,0.51,1.38,-0.02,0.97
2012-06-20,106.1826,106.4877,105.0559,106.0026,206451800,0.01,0.29,-1.05,-0.16
2012-06-21,106.1278,106.2374,103.538,103.6241,205272200,0.12,0.22,-2.33,-2.24
2012-06-22,104.164,104.6178,103.7649,104.4222,130029200,0.52,0.96,0.14,0.77
2012-06-25,103.3189,103.358,102.38,102.7477,146375700,-1.06,-1.02,-1.96,-1.6
2012-06-26,103.0451,103.5771,102.4426,103.2641,141634000,0.29,0.81,-0.3,0.5
2012-06-27,103.6084,104.3986,103.2563,104.1952,108088000,0.33,1.1,-0.01,0.9
2012-06-28,103.5067,104.0544,102.7165,103.8979,169242100,-0.66,-0.14,-1.42,-0.29
2012-06-29,105.7835,106.6207,105.5097,106.4877,212250900,1.81,2.62,1.55,2.49
2012-07-02,106.7851,106.9181,106.034,106.8085,129524500,0.28,0.4,-0.43,0.3
2012-07-03,106.785,107.5909,106.6755,107.5127,80450000,-0.02,0.73,-0.12,0.66
2012-07-05,107.1137,107.8178,106.6364,107.0276,126177500,-0.37,0.28,-0.82,-0.45
2012-07-06,105.9948,106.2295,105.5097,106.0105,151192100,-0.96,-0.75,-1.42,-0.95
2012-07-09,105.9244,106.0731,105.3923,105.8775,103780500,-0.08,0.06,-0.58,-0.13
2012-07-10,106.4173,106.5895,104.5943,104.9542,167884800,0.51,0.67,-1.21,-0.87
2012-07-11,105.0089,105.3141,104.3595,104.9698,141733400,0.05,0.34,-0.57,0.01
2012-07-12,104.3596,105.0246,103.7493,104.4613,143583200,-0.58,0.05,-1.16,-0.48
2012-07-13,104.7352,106.3235,104.7195,106.2139,129642600,0.26,1.78,0.25,1.68
2012-07-16,105.9713,106.2765,105.5488,105.9635,97525200,-0.23,0.06,-0.63,-0.24
2012-07-17,106.386,106.9103,105.275,106.6912,138860300,0.4,0.89,-0.65,0.69
2012-07-18,106.4408,107.6927,106.3782,107.4814,113349700,-0.23,0.94,-0.29,0.74
2012-07-19,107.7005,108.1152,107.3562,107.7631,129847300,0.2,0.59,-0.12,0.26
2012-07-20,107.1528,107.3171,106.6599,106.7772,142904500,-0.57,-0.41,-1.02,-0.91
2012-07-23,105.2124,106.7068,104.7195,105.6975,145210900,-1.47,-0.07,-1.93,-1.01
2012-07-24,105.7758,105.8227,104.0857,104.7899,173301200,0.07,0.12,-1.52,-0.86
2012-07-25,105.009,105.2828,104.2578,104.8133,129122300,0.21,0.47,-0.51,0.02
2012-07-26,106.3234,106.7694,105.8305,106.5425,156526500,1.44,1.87,0.97,1.65
2012-07-27,107.1059,108.8116,106.5191,108.5064,236768900,0.53,2.13,-0.02,1.84
2012-07-30,108.3812,109.0228,108.1856,108.5064,106782000,-0.12,0.48,-0.3,0.0
2012-07-31,108.3577,108.655,107.7474,107.7474,120575900,-0.14,0.14,-0.7,-0.7
2012-08-01,108.522,108.5455,107.5049,107.6535,138293800,0.72,0.74,-0.23,-0.09
2012-08-02,106.8398,107.6379,106.0809,106.9102,199556600,-0.76,-0.01,-1.46,-0.69
2012-08-03,108.4125,109.2575,106.9415,109.0306,157825000,1.41,2.2,0.03,1.98
2012-08-06,109.3201,109.6722,109.1949,109.2418,86326200,0.27,0.59,0.15,0.19
2012-08-07,109.68,110.259,109.5627,109.7896,109545100,0.4,0.93,0.29,0.5
2012-08-08,109.4218,110.0478,109.3905,109.9226,89754700,-0.33,0.24,-0.36,0.12
2012-08-09,109.7661,110.2355,109.6566,110.0165,90291700,-0.14,0.28,-0.24,0.09
2012-08-10,109.5705,110.2355,109.3905,110.1964,99792700,-0.41,0.2,-0.57,0.16
2012-08-13,110.0087,110.1964,109.5705,110.1417,79426900,-0.17,0.0,-0.57,-0.05
2012-08-14,110.5485,110.6189,109.8287,110.1573,102379400,0.37,0.43,-0.28,0.01
2012-08-15,110.0399,110.4703,109.9695,110.2825,71085900,-0.11,0.28,-0.17,0.11
2012-08-16,110.439,111.2292,110.1651,111.0962,112014200,0.14,0.86,-0.11,0.74
2012-08-17,111.284,111.3387,110.9945,111.2448,90813700,0.17,0.22,-0.09,0.13
2012-08-20,111.0884,111.2761,110.7832,111.2527,78255700,-0.14,0.03,-0.41,0.01
2012-08-21,111.5265,111.9569,110.6737,110.9163,105581100,0.25,0.63,-0.52,-0.3
2012-08-22,110.6346,111.1432,110.3764,110.9632,133243500,-0.25,0.2,-0.49,0.04
2012-08-23,110.6894,110.6972,109.8835,110.0556,111466400,-0.25,-0.24,-0.97,-0.82
2012-08-24,109.7817,110.971,109.7113,110.7206,99481200,-0.25,0.83,-0.31,0.6
2012-08-27,111.0179,111.1666,110.5876,110.7441,68785900,0.27,0.4,-0.12,0.02
2012-08-28,110.4625,110.9789,110.2982,110.6346,75689600,-0.25,0.21,-0.4,-0.1
2012-08-29,110.7285,111.018,110.4155,110.7206,65421300,0.08,0.35,-0.2,0.08
2012-08-30,110.2434,110.2747,109.6878,109.9226,96589900,-0.43,-0.4,-0.93,-0.72
2012-08-31,110.5485,110.9632,109.8209,110.4468,151970400,0.57,0.95,-0.09,0.48
2012-09-04,110.3529,110.6815,109.6409,110.3451,120226200,-0.09,0.21,-0.73,-0.09
2012-09-05,110.392,110.6894,110.0321,110.2512,100660300,0.04,0.31,-0.28,-0.09
2012-09-06,110.9162,112.4967,110.9084,112.4889,158272500,0.6,2.04,0.6,2.03
2012-09-07,112.6767,112.974,112.575,112.9271,107272100,0.17,0.43,0.08,0.39
2012-09-10,112.8175,113.0132,112.2464,112.2855,86458500,-0.1,0.08,-0.6,-0.57
2012-09-11,112.3559,112.9584,112.3246,112.5985,88760000,0.06,0.6,0.03,0.28
2012-09-12,112.974,113.0992,112.5906,112.974,87640900,0.33,0.44,-0.01,0.33
2012-09-13,112.9584,115.0475,112.6611,114.6954,225470200,-0.01,1.84,-0.28,1.52
2012-09-14,114.9223,115.8846,114.8284,115.2039,169777000,0.2,1.04,0.12,0.44
2012-09-17,114.9692,115.1648,114.5233,114.8128,119427800,-0.2,-0.03,-0.59,-0.34
2012-09-18,114.6171,114.8675,114.4293,114.7188,98326600,-0.17,0.05,-0.33,-0.08
2012-09-19,114.8518,115.1492,114.5545,114.7814,128318300,0.12,0.38,-0.14,0.05
2012-09-20,114.2572,114.8518,113.9442,114.7892,154009800,-0.46,0.06,-0.73,0.01
2012-09-21,115.3469,115.3705,114.6941,114.7413,108737500,0.49,0.51,-0.08,-0.04
2012-09-24,114.1749,114.8278,114.0884,114.5682,95682000,-0.49,0.08,-0.57,-0.15
2012-09-25,114.8121,115.0323,113.3175,113.349,133165200,0.21,0.41,-1.09,-1.06
2012-09-26,113.3254,113.3569,112.4444,112.7119,146502200,-0.02,0.01,-0.8,-0.56
2012-09-27,113.1838,114.0333,112.8849,113.7737,111830300,0.42,1.17,0.15,0.94
2012-09-28,113.3411,113.7108,112.8456,113.2467,150696100,-0.38,-0.06,-0.82,-0.46
2012-10-01,113.6794,114.5997,113.2782,113.5456,135911200,0.38,1.19,0.03,0.26
2012-10-02,113.994,114.1749,113.1366,113.6636,113422200,0.39,0.55,-0.36,0.1
2012-10-03,113.9704,114.3952,113.3726,114.1278,121283100,0.27,0.64,-0.26,0.41
2012-10-04,114.5603,115.1109,114.403,114.9457,124311600,0.38,0.86,0.24,0.72
2012-10-05,115.5593,115.756,114.6075,114.9536,124842100,0.53,0.7,-0.29,0.01
2012-10-08,114.5289,114.9379,114.3007,114.5603,78415400,-0.37,-0.01,-0.57,-0.34
2012-10-09,114.4738,114.5682,113.3883,113.4276,148872900,-0.08,0.01,-1.02,-0.99
2012-10-10,113.4119,113.522,112.5545,112.704,124247500,-0.01,0.08,-0.77,-0.64
2012-10-11,113.4906,113.6558,112.7433,112.7669,123601500,0.7,0.84,0.03,0.06
2012-10-12,112.8455,113.231,112.1533,112.3972,124181900,0.07,0.41,-0.54,-0.33
2012-10-15,112.6646,113.4512,112.3028,113.3332,107689100,0.24,0.94,-0.08,0.83
2012-10-16,113.8681,114.5603,113.7895,114.4817,108815500,0.47,1.08,0.4,1.01
2012-10-17,114.5603,115.0952,114.3873,115.0008,128834100,0.07,0.54,-0.08,0.45
2012-10-18,114.702,115.2526,114.3165,114.702,148108500,-0.26,0.22,-0.6,-0.26
2012-10-19,114.4895,114.4974,112.523,112.7905,185645200,-0.19,-0.18,-1.9,-1.67
2012-10-22,112.6017,113.0107,111.9174,112.8062,125578600,-0.17,0.2,-0.77,0.01
2012-10-23,111.587,111.7443,110.7768,111.2409,192056300,-1.08,-0.94,-1.8,-1.39
2012-10-24,111.6421,111.7758,110.7532,110.9263,120179400,0.36,0.48,-0.44,-0.28
2012-10-25,111.7129,111.9174,110.5723,111.2488,134457400,0.71,0.89,-0.32,0.29
2012-10-26,111.1465,111.5713,110.4307,111.1859,146023500,-0.09,0.29,-0.74,-0.06
2012-10-31,111.5792,111.7207,110.6588,111.1859,103438500,0.35,0.48,-0.47,0.0
2012-11-01,111.4218,112.4916,111.3195,112.35,100995600,0.21,1.17,0.12,1.05
2012-11-02,113.0186,113.0501,111.233,111.351,137702200,0.6,0.62,-0.99,-0.89
2012-11-05,111.1858,111.8309,110.8555,111.5791,98378500,-0.15,0.43,-0.45,0.2
2012-11-06,111.9174,112.8928,111.7994,112.4523,107068100,0.3,1.18,0.2,0.78
2012-11-07,111.4297,111.4454,109.3845,109.9037,264304500,-0.91,-0.9,-2.73,-2.27
2012-11-08,109.888,110.4464,108.4957,108.5822,181517300,-0.01,0.49,-1.28,-1.2
2012-11-09,108.2518,109.6834,108.1967,108.6766,201055300,-0.3,1.01,-0.35,0.09
2012-11-12,109.0148,109.1879,108.5193,108.7631,97677500,0.31,0.47,-0.14,0.08
2012-11-13,108.1889,109.534,108.0473,108.3855,123018300,-0.53,0.71,-0.66,-0.35
2012-11-14,108.716,108.889,106.6786,106.9225,191505000,0.3,0.46,-1.57,-1.35
2012-11-15,106.9618,107.363,106.3325,106.7415,178128400,0.04,0.41,-0.55,-0.17
2012-11-16,106.8989,107.481,105.955,107.2686,239483900,0.15,0.69,-0.74,0.49
2012-11-19,108.472,109.4553,107.3,109.4396,151495800,1.12,2.04,0.03,2.02
2012-11-20,109.2665,109.6677,108.6137,109.4868,119807400,-0.16,0.21,-0.75,0.04
2012-11-21,109.5812,109.7857,109.361,109.6913,81710800,0.09,0.27,-0.11,0.19
2012-11-23,110.2262,111.2252,110.1554,111.1859,65409200,0.49,1.4,0.42,1.36
2012-11-26,110.6352,111.1937,110.2734,110.9499,100124400,-0.5,0.01,-0.82,-0.21
2012-11-27,110.8398,111.2173,110.3127,110.3835,128646200,-0.1,0.24,-0.57,-0.51
2012-11-28,109.9351,111.3353,109.3373,111.2724,177086500,-0.41,0.86,-0.95,0.81
2012-11-29,111.6893,112.0983,111.2016,111.7915,151085900,0.37,0.74,-0.06,0.47
2012-11-30,111.8072,112.0275,111.4297,111.8151,136568300,0.01,0.21,-0.32,0.02
2012-12-03,112.3264,112.4208,111.178,111.2645,124656300,0.46,0.54,-0.57,-0.49
2012-12-04,111.2566,111.5948,110.8082,111.1072,127512200,-0.01,0.3,-0.41,-0.14
2012-12-05,111.2016,111.823,110.415,111.3038,147300500,0.08,0.64,-0.62,0.18
2012-12-06,111.2016,111.7286,111.0364,111.6814,103220600,-0.09,0.38,-0.24,0.34
2012-12-07,112.114,112.2399,111.4376,112.0196,108726400,0.39,0.5,-0.22,0.3
2012-12-10,111.8623,112.3343,111.8151,112.0668,98840700,-0.14,0.28,-0.18,0.04
2012-12-11,112.5309,113.3568,112.4759,112.8298,152570400,0.41,1.15,0.36,0.68
2012-12-12,113.2703,113.7029,112.7275,112.8848,145880100,0.39,0.77,-0.09,0.05
2012-12-13,112.8141,113.1366,111.9095,112.1927,135715000,-0.06,0.22,-0.86,-0.61
2012-12-14,111.9488,112.1533,111.6027,111.7758,137701700,-0.22,-0.04,-0.53,-0.37
2012-12-17,112.0668,113.1524,112.0354,113.0894,143238200,0.26,1.23,0.23,1.18
2012-12-18,113.2703,114.4502,113.1051,114.348,177762800,0.16,1.2,0.01,1.11
2012-12-19,114.4738,114.5132,113.4591,113.4985,150895400,0.11,0.14,-0.78,-0.74
2012-12-20,113.5692,114.167,113.2546,114.1513,168487000,0.06,0.59,-0.21,0.58
2012-12-21,112.624,114.145,112.4418,113.1151,245883800,-1.34,-0.01,-1.5,-0.91
2012-12-24,112.8696,112.933,112.6399,112.7666,53874600,-0.22,-0.16,-0.42,-0.31
2012-12-26,112.9963,113.0518,111.9744,112.2913,106947700,0.2,0.25,-0.7,-0.42
2012-12-27,112.3229,112.5527,110.8416,112.1407,167920600,0.03,0.23,-1.29,-0.13
2012-12-28,111.412,112.0299,110.802,110.9287,148806700,-0.65,-0.1,-1.19,-1.08
2012-12-31,110.6356,112.9329,110.5406,112.8141,243935200,-0.26,1.81,-0.35,1.7
2013-01-02,114.953,115.7768,114.6519,115.7055,192059000,1.9,2.63,1.63,2.56
2013-01-03,115.6501,115.9511,115.1352,115.4441,144761800,-0.05,0.21,-0.49,-0.23
2013-01-04,115.6343,116.1413,115.3966,115.9511,116817700,0.16,0.6,-0.04,0.44
2013-01-07,115.5392,115.7452,115.2065,115.6343,110002500,-0.36,-0.18,-0.64,-0.27
2013-01-08,115.4283,115.5867,114.85,115.3016,121265100,-0.18,-0.04,-0.68,-0.29
2013-01-09,115.5551,115.9116,115.3729,115.5947,90745600,0.22,0.53,0.06,0.25
2013-01-10,116.2363,116.5215,115.6343,116.5136,130735400,0.56,0.8,0.03,0.79
2013-01-11,116.4819,116.569,116.1412,116.5056,113917300,-0.03,0.05,-0.32,-0.01
2013-01-14,116.3631,116.5057,115.9987,116.4264,89567200,-0.12,0.0,-0.44,-0.07
2013-01-15,115.8877,116.6165,115.8164,116.5056,93172600,-0.46,0.16,-0.52,0.07
2013-01-16,116.268,116.672,116.1413,116.4898,104849500,-0.2,0.14,-0.31,-0.01
2013-01-17,117.0047,117.5751,116.569,117.2424,133833500,0.44,0.93,0.07,0.65
2013-01-18,117.2186,117.6306,116.7909,117.5038,169906000,-0.02,0.33,-0.39,0.22
2013-01-22,117.5038,118.1375,117.2265,118.1375,111797300,-0.0,0.54,-0.24,0.54
2013-01-23,118.1376,118.4307,117.9237,118.3277,104596100,0.0,0.25,-0.18,0.16
2013-01-24,118.1534,118.9377,118.0425,118.3594,146426400,-0.15,0.52,-0.24,0.03
2013-01-25,118.7317,119.0248,118.3277,119.0248,147211600,0.31,0.56,-0.03,0.56
2013-01-28,119.0565,119.0882,118.4386,118.8822,113357700,0.03,0.05,-0.49,-0.12
2013-01-29,118.6446,119.5001,118.5653,119.3496,105694400,-0.2,0.52,-0.27,0.39
2013-01-30,119.3337,119.5714,118.7713,118.8822,137447700,-0.01,0.19,-0.48,-0.39
2013-01-31,118.7396,119.1278,118.5099,118.5891,108975800,-0.12,0.21,-0.31,-0.25
2013-02-01,119.3417,119.9516,119.1357,119.8091,131173000,0.63,1.15,0.46,1.03
2013-02-04,119.0802,119.8328,118.3752,118.4623,159073600,-0.61,0.02,-1.2,-1.12
2013-02-05,119.104,119.9992,119.0565,119.6585,113912400,0.54,1.3,0.5,1.01
2013-02-06,119.2387,119.8249,119.1515,119.7457,138762800,-0.35,0.14,-0.42,0.07
2013-02-07,119.7853,119.8962,118.7159,119.5873,162490000,0.03,0.13,-0.86,-0.13
2013-02-08,119.7933,120.324,119.7933,120.2527,103133700,0.17,0.62,0.17,0.56
2013-02-11,120.2052,120.3319,119.9279,120.2289,73775000,-0.04,0.07,-0.27,-0.02
2013-02-12,120.2368,120.6488,120.1022,120.427,65392700,0.01,0.35,-0.11,0.16
2013-02-13,120.6726,120.8944,120.1894,120.53,82322600,0.2,0.39,-0.2,0.09
2013-02-14,120.1655,120.7834,120.0308,120.6408,80834300,-0.3,0.21,-0.41,0.09
2013-02-15,120.7518,120.8785,120.0547,120.4983,215226500,0.09,0.2,-0.49,-0.12
2013-02-19,120.7042,121.4251,120.5379,121.4014,95105400,0.17,0.77,0.03,0.75
2013-02-20,121.3142,121.3538,119.8249,119.8883,160574800,-0.07,-0.04,-1.3,-1.25
2013-02-21,119.5873,119.9517,118.7793,119.1595,183257000,-0.25,0.05,-0.93,-0.61
2013-02-22,119.7377,120.324,119.2149,120.324,106356600,0.49,0.98,0.05,0.98
2013-02-25,120.9102,121.0924,118.0346,118.0346,245824800,0.49,0.64,-1.9,-1.9
2013-02-26,118.605,118.9852,117.8207,118.8426,186596200,0.48,0.81,-0.18,0.68
2013-02-27,118.7396,120.6725,118.6366,120.3398,150781900,-0.09,1.54,-0.17,1.26
2013-02-28,120.3319,121.1003,119.9437,120.1022,126866000,-0.01,0.63,-0.33,-0.2
2013-03-01,119.6902,120.6805,119.1516,120.4983,170634800,-0.34,0.48,-0.79,0.33
2013-03-04,120.221,121.1399,120.0309,121.1399,99010200,-0.23,0.53,-0.39,0.53
2013-03-05,121.7262,122.55,121.7103,122.2252,121431900,0.48,1.16,0.47,0.9
2013-03-06,122.6609,122.7243,122.1222,122.3916,94469900,0.36,0.41,-0.08,0.14
2013-03-07,122.55,122.7718,122.4074,122.6134,86101400,0.13,0.31,0.01,0.18
2013-03-08,123.152,123.3025,122.5183,123.1362,123477800,0.44,0.56,-0.08,0.43
2013-03-11,123.0411,123.6115,122.8906,123.6036,83746800,-0.08,0.39,-0.2,0.38
2013-03-12,123.5164,123.659,122.954,123.3263,105755800,-0.07,0.04,-0.53,-0.22
2013-03-13,123.3897,123.6749,122.9698,123.5006,92550900,0.05,0.28,-0.29,0.14
2013-03-14,123.8254,124.2135,123.5085,124.1581,126329900,0.26,0.58,0.01,0.53
2013-03-15,124.0101,124.1613,123.5804,123.9942,138601100,-0.12,0.0,-0.47,-0.13
2013-03-18,122.8086,123.843,122.6972,123.3099,126704300,-0.96,-0.12,-1.05,-0.55
2013-03-19,123.5725,123.7396,122.2118,123.0235,167567300,0.21,0.35,-0.89,-0.23
2013-03-20,123.7475,124.0897,123.5406,123.8828,113759300,0.59,0.87,0.42,0.7
2013-03-21,123.1428,123.8431,122.6177,122.8246,128605000,-0.6,-0.03,-1.02,-0.85
2013-03-22,123.2144,123.8112,123.1189,123.8112,111163600,0.32,0.8,0.24,0.8
2013-03-25,124.1375,124.3444,122.8166,123.294,151322300,0.26,0.43,-0.8,-0.42
2013-03-26,123.8032,124.3124,123.6679,124.2806,86856600,0.41,0.83,0.3,0.8
2013-03-27,123.5406,124.3204,123.3337,124.2806,99950600,-0.6,0.03,-0.76,0.0
2013-03-28,124.2011,124.8058,123.9305,124.6626,102932800,-0.06,0.42,-0.28,0.31
2013-04-01,124.5989,124.8535,123.8668,124.1692,99194100,-0.05,0.15,-0.64,-0.4
2013-04-02,124.6148,125.0923,124.4239,124.782,101504300,0.36,0.74,0.21,0.49
2013-04-03,124.8536,124.9491,123.1906,123.5168,154167400,0.06,0.13,-1.28,-1.01
2013-04-04,123.6759,124.2647,123.4054,124.0181,131885000,0.13,0.61,-0.09,0.41
2013-04-05,122.4982,123.6122,122.355,123.461,159666000,-1.23,-0.33,-1.34,-0.45
2013-04-08,123.5486,124.3045,123.1348,124.2966,86571200,0.07,0.68,-0.26,0.68
2013-04-09,124.5274,125.1798,124.1136,124.7263,101922200,0.19,0.71,-0.15,0.35
2013-04-10,125.0604,126.4131,125.0286,126.254,135711100,0.27,1.35,0.24,1.22
2013-04-11,126.2779,127.0815,126.1506,126.6678,110142500,0.02,0.66,-0.08,0.33
2013-04-12,126.2619,126.5484,125.6572,126.3574,116359900,-0.32,-0.09,-0.8,-0.25
2013-04-15,125.7209,125.8243,123.4133,123.4292,217259000,-0.5,-0.42,-2.33,-2.32
2013-04-16,124.3602,125.3151,124.0579,125.2514,147507800,0.75,1.53,0.51,1.48
2013-04-17,124.3602,124.3841,122.7609,123.4213,226834800,-0.71,-0.69,-1.99,-1.46
2013-04-18,123.6282,123.66,122.18,122.6495,167583200,0.17,0.19,-1.01,-0.63
2013-04-19,122.9359,123.7714,122.6335,123.7157,149687600,0.23,0.91,-0.01,0.87
2013-04-22,123.9544,124.5591,123.1348,124.2647,106553500,0.19,0.68,-0.47,0.44
2013-04-23,124.8854,125.6651,124.2647,125.5458,166141300,0.5,1.13,-0.0,1.03
2013-04-24,125.5856,125.9596,125.3548,125.6254,96781200,0.03,0.33,-0.15,0.06
2013-04-25,125.9914,126.7314,125.8004,126.1346,131060600,0.29,0.88,0.14,0.41
2013-04-26,125.9835,126.1983,125.506,125.9119,95918800,-0.12,0.05,-0.5,-0.18
2013-04-29,126.254,127.0338,126.0551,126.7553,88572800,0.27,0.89,0.11,0.67
2013-04-30,126.7314,127.0895,126.2063,127.0577,116010700,-0.02,0.26,-0.43,0.24
2013-05-01,126.7792,126.8428,125.8004,125.9437,138874200,-0.22,-0.17,-0.99,-0.88
2013-05-02,126.2619,127.2247,126.1426,127.1134,96407600,0.25,1.02,0.16,0.93
2013-05-03,128.2194,128.8083,127.1373,128.4024,144202300,0.87,1.33,0.02,1.01
2013-05-06,128.4979,128.9116,128.4422,128.7286,66882100,0.07,0.4,0.03,0.25
2013-05-07,129.0071,129.4209,128.6411,129.3811,90359200,0.22,0.54,-0.07,0.51
2013-05-08,129.2379,130.0097,129.1663,129.9699,97419200,-0.11,0.49,-0.17,0.46
2013-05-09,129.9142,130.2564,129.2777,129.6039,106738600,-0.04,0.22,-0.53,-0.28
2013-05-10,129.6914,130.137,129.3095,130.0256,103203000,0.07,0.41,-0.23,0.33
2013-05-13,129.8585,130.3439,129.5562,130.1291,81843200,-0.13,0.24,-0.36,0.08
2013-05-14,130.2325,131.5693,130.2325,131.4738,119000900,0.08,1.11,0.08,1.03
2013-05-15,131.2589,132.4445,131.2191,132.1819,120718500,-0.16,0.74,-0.19,0.54
2013-05-16,131.9114,132.3729,131.3624,131.5613,109913600,-0.2,0.14,-0.62,-0.47
2013-05-17,132.0467,132.914,131.8717,132.8345,129801000,0.37,1.03,0.24,0.97
2013-05-20,132.7071,133.3437,132.5718,132.8265,85071200,-0.1,0.38,-0.2,-0.01
2013-05-21,132.9458,133.5187,132.4843,133.0174,95804200,0.09,0.52,-0.26,0.14
2013-05-22,133.1527,134.5293,131.4261,132.0308,244031800,0.1,1.14,-1.2,-0.74
2013-05-23,130.6224,132.0148,130.4473,131.6488,211064400,-1.07,-0.01,-1.2,-0.29
2013-05-24,130.869,131.5931,130.4791,131.5374,151573900,-0.59,-0.04,-0.89,-0.08
2013-05-28,132.914,133.5029,131.9353,132.3252,143679800,1.05,1.49,0.3,0.6
2013-05-29,131.625,131.9273,130.7656,131.4658,160363400,-0.53,-0.3,-1.18,-0.65
2013-05-30,131.5693,132.5559,131.4658,131.9512,107793800,0.08,0.83,0.0,0.37
2013-05-31,131.5852,132.3331,129.8028,130.0574,176850100,-0.28,0.29,-1.63,-1.44
2013-06-03,130.3599,130.8611,129.4289,130.7736,168390700,0.23,0.62,-0.48,0.55
2013-06-04,130.8451,131.3703,129.4845,130.1449,157631500,0.05,0.46,-0.99,-0.48
2013-06-05,129.771,130.0336,128.2114,128.3228,211737800,-0.29,-0.09,-1.49,-1.4
2013-06-06,128.2671,129.4925,127.5112,129.4845,200225500,-0.04,0.91,-0.63,0.91
2013-06-07,130.3757,131.251,129.8108,131.1317,188337800,0.69,1.36,0.25,1.27
2013-06-10,131.5375,131.6091,130.7895,131.1317,105667100,0.31,0.36,-0.26,0.0
2013-06-11,129.9381,130.9247,129.4925,129.7789,159505400,-0.91,-0.16,-1.25,-1.03
2013-06-12,130.6701,130.8054,128.5854,128.7047,177361500,0.69,0.79,-0.92,-0.83
2013-06-13,128.6332,130.893,128.3468,130.6622,163587800,-0.06,1.7,-0.28,1.52
2013-06-14,130.519,131.0282,129.6278,129.8426,141197500,-0.11,0.28,-0.79,-0.63
2013-06-17,130.7258,131.4658,129.8744,130.8452,136295600,0.68,1.25,0.02,0.77
2013-06-18,130.9168,132.0785,130.9089,131.8796,114695600,0.05,0.94,0.05,0.79
2013-06-19,131.7682,131.9989,130.0017,130.0574,206149500,-0.08,0.09,-1.42,-1.38
2013-06-20,128.7923,130.0734,126.5007,126.8348,321255900,-0.97,0.01,-2.73,-2.48
2013-06-21,127.6979,127.7939,125.9621,127.242,271956800,0.68,0.76,-0.69,0.32
2013-06-24,125.9142,126.7301,124.5703,125.6342,222329000,-1.04,-0.4,-2.1,-1.26
2013-06-25,126.7701,128.066,125.9222,126.8421,162262200,0.9,1.94,0.23,0.96
2013-06-26,127.8819,128.3859,127.386,128.0979,134848000,0.82,1.22,0.43,0.99
2013-06-27,128.8659,129.4418,128.7459,128.8499,129483700,0.6,1.05,0.51,0.59
2013-06-28,128.4899,129.1058,127.874,128.3219,160402900,-0.28,0.2,-0.76,-0.41
2013-07-01,128.9938,129.9697,128.8499,129.0738,131954800,0.52,1.28,0.41,0.59
2013-07-02,128.8818,129.8257,128.3859,128.9538,154863700,-0.15,0.58,-0.53,-0.09
2013-07-03,128.3699,129.4018,128.1619,129.0098,75216400,-0.45,0.35,-0.61,0.04
2013-07-05,129.9617,130.4497,129.0258,130.4017,122416900,0.74,1.12,0.01,1.08
2013-07-08,131.0736,131.4975,130.4497,131.1456,108092500,0.52,0.84,0.04,0.57
2013-07-09,131.9695,132.2495,131.4016,132.0895,119298000,0.63,0.84,0.2,0.72
2013-07-10,131.9615,132.5855,131.6896,132.1375,121410100,-0.1,0.38,-0.3,0.04
2013-07-11,133.6733,134.0733,132.1295,133.9373,135592200,1.16,1.46,-0.01,1.36
2013-07-12,133.8973,134.3292,133.6893,133.9933,104212700,-0.03,0.29,-0.19,0.04
2013-07-15,134.3613,134.6972,134.1293,134.5052,69450600,0.27,0.53,0.1,0.38
2013-07-16,134.5932,134.6732,133.6413,134.0013,88702100,0.07,0.12,-0.64,-0.37
2013-07-17,134.5133,134.7692,134.1693,134.3453,92873900,0.38,0.57,0.13,0.26
2013-07-18,134.6332,135.4011,134.5452,135.0812,103620100,0.21,0.79,0.15,0.55
2013-07-19,134.8012,135.3691,134.6332,135.3211,103831700,-0.21,0.21,-0.33,0.18
2013-07-22,135.5131,135.7771,135.1932,135.5851,79428600,0.14,0.34,-0.09,0.2
2013-07-23,135.8251,135.8491,135.2251,135.2971,80829700,0.18,0.19,-0.27,-0.21
2013-07-24,135.817,135.873,134.5292,134.8011,112914000,0.38,0.43,-0.57,-0.37
2013-07-25,134.5612,135.2491,134.3372,135.1292,111088600,-0.18,0.33,-0.34,0.24
2013-07-26,134.5612,135.3131,134.0013,135.2731,107814600,-0.42,0.14,-0.83,0.11
2013-07-29,134.9291,135.2331,134.4732,134.8571,79695000,-0.25,-0.03,-0.59,-0.31
2013-07-30,135.2651,135.4091,134.5372,134.8571,85209600,0.3,0.41,-0.24,0.0
2013-07-31,135.1371,135.8651,134.7772,134.9532,142388700,0.21,0.75,-0.06,0.07
2013-08-01,135.9771,136.633,135.9051,136.513,110438400,0.76,1.24,0.71,1.16
2013-08-02,136.2089,136.7609,136.025,136.7449,91116700,-0.22,0.18,-0.36,0.17
2013-08-05,136.441,136.753,136.265,136.545,54072700,-0.22,0.01,-0.35,-0.15
2013-08-06,136.281,136.5769,135.4651,135.769,87495000,-0.19,0.02,-0.79,-0.57
2013-08-07,135.3371,135.529,134.8251,135.3291,84854700,-0.32,-0.18,-0.7,-0.32
2013-08-08,135.9691,136.1291,135.1292,135.8251,102181300,0.47,0.59,-0.15,0.37
2013-08-09,135.6491,136.0651,134.9612,135.4331,91757700,-0.13,0.18,-0.64,-0.29
2013-08-12,134.7532,135.4331,134.6892,135.2731,68593300,-0.5,-0.0,-0.55,-0.12
2013-08-13,135.5131,135.905,134.7132,135.6731,80806000,0.18,0.47,-0.41,0.3
2013-08-14,135.6091,135.825,134.9451,134.9771,79829200,-0.05,0.11,-0.54,-0.51
2013-08-15,133.9133,133.9293,132.8574,133.0894,152931800,-0.79,-0.78,-1.57,-1.4
2013-08-16,132.8334,133.2894,132.3855,132.6494,130868200,-0.19,0.15,-0.53,-0.33
2013-08-19,132.4974,132.9534,131.7935,131.8015,96437600,-0.11,0.23,-0.65,-0.64
2013-08-20,132.0175,132.9454,131.8735,132.4494,89294400,0.16,0.87,0.05,0.49
2013-08-21,132.0815,132.8094,131.3376,131.6335,159530500,-0.28,0.27,-0.84,-0.62
2013-08-22,131.9055,133.0254,131.8975,132.8334,101471400,0.21,1.06,0.2,0.91
2013-08-23,133.2254,133.4493,132.6014,133.2813,90888900,0.3,0.46,-0.17,0.34
2013-08-26,133.4173,133.8253,132.6974,132.7854,89702100,0.1,0.41,-0.44,-0.37
2013-08-27,131.4736,132.7854,130.5537,130.6497,158619400,-0.99,0.0,-1.68,-1.61
2013-08-28,130.5936,131.5775,130.4257,131.1136,108113000,-0.04,0.71,-0.17,0.36
2013-08-29,130.8256,132.0175,130.7056,131.3215,119200500,-0.22,0.69,-0.31,0.16
2013-08-30,131.5935,131.6095,130.5217,130.9056,134928900,0.21,0.22,-0.61,-0.32
2013-09-03,132.1695,132.4494,130.9456,131.4975,142375100,0.97,1.18,0.03,0.45
2013-09-04,131.5295,132.8094,131.2896,132.5854,97389400,0.02,1.0,-0.16,0.83
2013-09-05,132.6654,133.1054,132.5694,132.7534,63090500,0.06,0.39,-0.01,0.13
2013-09-06,133.1934,133.5693,131.5696,132.8174,159756500,0.33,0.61,-0.89,0.05
2013-09-09,133.1454,134.1693,133.1454,134.0893,87559300,0.25,1.02,0.25,0.96
2013-09-10,134.8972,135.1052,134.5932,135.0812,105847200,0.6,0.76,0.38,0.74
2013-09-11,134.8972,135.5051,134.6652,135.5051,94545900,-0.14,0.31,-0.31,0.31
2013-09-12,135.4571,135.6331,134.9612,135.1451,83209000,-0.04,0.09,-0.4,-0.27
2013-09-13,135.2891,135.5531,134.9772,135.4491,72727800,0.11,0.3,-0.12,0.22
2013-09-16,136.9129,136.9769,136.017,136.233,106299200,1.08,1.13,0.42,0.58
2013-09-17,136.353,136.873,136.353,136.841,82523300,0.09,0.47,0.09,0.45
2013-09-18,136.793,138.8007,136.449,138.4248,203460600,-0.04,1.43,-0.29,1.16
2013-09-19,138.8008,138.8648,138.0568,138.1928,146616900,0.27,0.32,-0.27,-0.17
2013-09-20,138.5208,138.5208,137.1141,137.2266,132867100,0.24,0.24,-0.78,-0.7
2013-09-23,137.0418,137.1704,136.1576,136.5917,104616500,-0.13,-0.04,-0.78,-0.46
2013-09-24,136.5675,137.0739,136.0129,136.2701,106333100,-0.02,0.35,-0.42,-0.24
2013-09-25,136.3585,136.6318,135.7557,135.8763,117306500,0.06,0.27,-0.38,-0.29
2013-09-26,136.1013,136.7846,135.8843,136.3987,77146900,0.17,0.67,0.01,0.38
2013-09-27,135.7154,135.9566,135.418,135.7717,99141800,-0.5,-0.32,-0.72,-0.46
2013-09-30,134.6223,135.4743,134.357,135.0483,143937000,-0.85,-0.22,-1.04,-0.53
2013-10-01,135.1528,136.246,135.0162,136.1174,127160000,0.08,0.89,-0.02,0.79
2013-10-02,135.3215,136.1173,134.9035,135.9886,113350000,-0.58,-0.0,-0.89,-0.09
2013-10-03,135.6752,135.7958,134.1078,134.7348,176698000,-0.23,-0.14,-1.38,-0.92
2013-10-04,134.8393,135.8923,134.6625,135.7556,96878000,0.08,0.86,-0.05,0.76
2013-10-07,134.574,135.4019,134.4373,134.582,96295000,-0.87,-0.26,-0.97,-0.86
2013-10-08,134.558,134.7348,132.9182,133.0146,178015000,-0.02,0.11,-1.24,-1.16
2013-10-09,133.2718,133.5933,132.251,133.1111,168973000,0.19,0.44,-0.57,0.07
2013-10-10,134.4696,136.0531,134.4213,135.9807,195955000,1.02,2.21,0.98,2.16
2013-10-11,135.7717,136.9051,135.6592,136.8569,105040000,-0.15,0.68,-0.24,0.64
2013-10-14,136.0129,137.516,135.9084,137.4035,112106000,-0.62,0.48,-0.69,0.4
2013-10-15,137.0578,137.5722,136.2218,136.4067,155485000,-0.25,0.12,-0.86,-0.73
2013-10-16,137.2266,138.3841,137.1623,138.3118,161676000,0.6,1.45,0.55,1.4
2013-10-17,137.7491,139.3165,137.725,139.2362,129389000,-0.41,0.73,-0.42,0.67
2013-10-18,139.7506,140.2731,139.4693,140.1766,138316000,0.37,0.74,0.17,0.68
2013-10-21,140.2249,140.466,139.8712,140.1847,104104000,0.03,0.21,-0.22,0.01
2013-10-22,140.5946,141.4145,140.2087,140.9965,126663000,0.29,0.88,0.02,0.58
2013-10-23,140.5142,140.5785,139.831,140.3213,105484000,-0.34,-0.3,-0.83,-0.48
2013-10-24,140.6027,140.9644,140.2731,140.7875,70350000,0.2,0.46,-0.03,0.33
2013-10-25,141.0769,141.4708,140.8036,141.4306,93625000,0.21,0.49,0.01,0.46
2013-10-28,141.3824,141.8486,141.2296,141.6557,84979000,-0.03,0.3,-0.14,0.16
2013-10-29,141.9771,142.4675,141.7762,142.4112,87401000,0.23,0.57,0.09,0.53
2013-10-30,142.5801,142.6846,141.1975,141.7039,140002000,0.12,0.19,-0.85,-0.5
2013-10-31,141.5913,142.1861,141.093,141.3019,133795000,-0.08,0.34,-0.43,-0.28
2013-11-01,141.4868,141.9611,140.8438,141.6396,142805000,0.13,0.47,-0.32,0.24
2013-11-04,142.0254,142.1942,141.4547,142.1379,85677000,0.27,0.39,-0.13,0.35
2013-11-05,141.5833,142.0736,141.1251,141.6878,85825000,-0.39,-0.05,-0.71,-0.32
2013-11-06,142.2986,142.6764,141.9048,142.4112,87348000,0.43,0.7,0.15,0.51
2013-11-07,142.6765,142.789,140.474,140.6107,157000000,0.19,0.27,-1.36,-1.26
2013-11-08,140.5624,142.5237,140.5464,142.5077,136713000,-0.03,1.36,-0.05,1.35
2013-11-11,142.3711,142.7006,142.2023,142.5318,62614000,-0.1,0.14,-0.21,0.02
2013-11-12,142.2264,142.564,141.7682,142.2424,83990000,-0.21,0.02,-0.54,-0.2
2013-11-13,141.5431,143.424,141.5431,143.3838,103844000,-0.49,0.83,-0.49,0.8
2013-11-14,143.5124,144.2198,143.2793,144.0992,103435000,0.09,0.58,-0.07,0.5
2013-11-15,144.3323,144.7825,144.1475,144.7262,102818000,0.16,0.47,0.03,0.44
2013-11-18,144.9673,145.0879,143.8983,144.2198,104796000,0.17,0.25,-0.57,-0.35
2013-11-19,144.1475,144.5815,143.6571,143.9063,93891000,-0.05,0.25,-0.39,-0.22
2013-11-20,144.1956,144.6297,143.0622,143.4561,124909000,0.2,0.5,-0.59,-0.31
2013-11-21,143.8581,144.7262,143.7696,144.6136,92841000,0.28,0.89,0.22,0.81
2013-11-22,144.6699,145.3531,144.5011,145.3371,81296000,0.04,0.51,-0.08,0.5
2013-11-25,145.5944,145.6265,144.9835,145.1925,79486000,0.18,0.2,-0.24,-0.1
2013-11-26,145.2647,145.6666,145.0156,145.2326,86994000,0.05,0.33,-0.12,0.03
2013-11-27,145.3853,145.6827,145.2085,145.5862,58800000,0.11,0.31,-0.02,0.24
2013-11-29,145.747,146.0926,145.329,145.4898,55870900,0.11,0.35,-0.18,-0.07
2013-12-02,145.5622,145.8355,144.887,145.112,99726000,0.05,0.24,-0.41,-0.26
2013-12-03,144.6378,144.9995,144.0188,144.485,116563000,-0.33,-0.08,-0.75,-0.43
2013-12-04,143.9626,145.0719,143.3598,144.469,123033000,-0.36,0.41,-0.78,-0.01
2013-12-05,144.2118,144.477,143.6973,143.834,106934000,-0.18,0.01,-0.53,-0.44
2013-12-06,145.2246,145.5783,144.8066,145.4416,127728000,0.97,1.21,0.68,1.12
2013-12-09,145.8676,146.0283,145.6184,145.8113,70124000,0.29,0.4,0.12,0.25
2013-12-10,145.4737,145.7792,145.2004,145.2888,80976000,-0.23,-0.02,-0.42,-0.36
2013-12-11,145.3451,145.3692,143.4803,143.6571,130591000,0.04,0.06,-1.24,-1.12
2013-12-12,143.5928,143.7697,142.8855,143.1829,115565000,-0.04,0.08,-0.54,-0.33
2013-12-13,143.4803,143.6089,142.8935,143.1668,107808000,0.21,0.3,-0.2,-0.01
2013-12-16,143.842,144.5332,143.8018,144.059,96195000,0.47,0.95,0.44,0.62
2013-12-17,144.1877,144.2118,143.2794,143.6009,89886000,0.09,0.11,-0.54,-0.32
2013-12-18,143.8179,146.0766,142.5318,146.0525,234906000,0.15,1.72,-0.74,1.71
2013-12-19,145.6345,146.0525,145.2567,145.8837,136531200,-0.29,-0.0,-0.54,-0.12
2013-12-20,146.0292,147.0798,145.9322,146.7323,197087000,0.1,0.82,0.03,0.58
2013-12-23,147.4515,147.6051,147.1444,147.5162,85598000,0.49,0.59,0.28,0.53
2013-12-24,147.5243,147.9041,147.5162,147.8395,45368800,0.01,0.26,0.0,0.22
2013-12-26,148.1708,148.6719,148.1547,148.5911,63365000,0.22,0.56,0.21,0.51
2013-12-27,148.785,148.8497,148.4294,148.583,61814000,0.13,0.17,-0.11,-0.01
2013-12-30,148.5991,148.7204,148.3648,148.5587,56857000,0.01,0.09,-0.15,-0.02
2013-12-31,148.7608,149.2619,148.6477,149.2619,86119900,0.14,0.47,0.06,0.47
2014-01-02,148.688,148.7608,147.4758,147.8314,119636900,-0.38,-0.34,-1.2,-0.96
2014-01-03,148.0819,148.3809,147.597,147.8071,81390600,0.17,0.37,-0.16,-0.02
2014-01-06,148.292,148.3486,147.1525,147.3788,108028200,0.33,0.37,-0.44,-0.29
2014-01-07,147.9688,148.5345,147.8556,148.284,86144200,0.4,0.78,0.32,0.61
2014-01-08,148.2597,148.5668,147.8071,148.3163,96582300,-0.02,0.19,-0.32,0.02
2014-01-09,148.7931,148.8093,147.7344,148.4133,90683400,0.32,0.33,-0.39,0.07
2014-01-10,148.6638,148.882,147.9041,148.8174,102026400,0.17,0.32,-0.34,0.27
2014-01-13,148.4375,148.8496,146.5544,146.8373,149892000,-0.26,0.02,-1.52,-1.33
2014-01-14,147.3222,148.5183,147.0474,148.4375,105016100,0.33,1.14,0.14,1.09
2014-01-15,148.785,149.4639,148.4698,149.2376,98525800,0.23,0.69,0.02,0.54
2014-01-16,148.9305,149.2376,148.5668,149.0436,72290600,-0.21,0.0,-0.45,-0.13
2014-01-17,148.785,149.0679,148.1547,148.4133,107848700,-0.17,0.02,-0.6,-0.42
2014-01-21,149.2699,149.3265,147.9364,148.8497,88621200,0.58,0.62,-0.32,0.29
2014-01-22,149.1002,149.1649,148.6315,148.9467,61270900,0.17,0.21,-0.15,0.07
2014-01-23,148.195,148.2193,146.9424,147.7263,132496900,-0.5,-0.49,-1.35,-0.82
2014-01-24,146.7646,146.8131,144.5259,144.5744,208677100,-0.65,-0.62,-2.17,-2.13
2014-01-27,144.7118,145.0836,143.144,143.8633,180843100,0.1,0.35,-0.99,-0.49
2014-01-28,143.9683,144.9058,143.9521,144.7199,110463200,0.07,0.72,0.06,0.6
2014-01-29,143.5158,144.2997,142.95,143.3299,216597300,-0.83,-0.29,-1.22,-0.96
2014-01-30,144.5259,145.3179,144.0652,144.8492,118938100,0.83,1.39,0.51,1.06
2014-01-31,143.055,144.8977,142.9823,144.0006,194677900,-1.24,0.03,-1.29,-0.59
2014-02-03,143.8309,144.1542,140.4851,140.7598,254837100,-0.12,0.11,-2.44,-2.25
2014-02-04,141.3903,142.1096,140.7114,141.7459,165012400,0.45,0.96,-0.03,0.7
2014-02-05,141.2528,141.8832,140.3881,141.568,164230500,-0.35,0.1,-0.96,-0.13
2014-02-06,141.8993,143.4348,141.6084,143.4348,132877600,0.23,1.32,0.03,1.32
2014-02-07,144.1057,145.3664,143.6369,145.2129,170787200,0.47,1.35,0.14,1.24
2014-02-10,145.2291,145.5281,144.8331,145.4796,92218800,0.01,0.22,-0.26,0.18
2014-02-11,145.6008,147.4434,145.5038,147.0716,117814100,0.08,1.35,0.02,1.09
2014-02-12,147.2899,147.7587,146.8535,147.1445,94717700,0.15,0.47,-0.15,0.05
2014-02-13,146.1503,148.0576,146.1423,147.9041,100542200,-0.68,0.62,-0.68,0.52
2014-02-14,147.7667,148.9951,147.6293,148.7204,96498400,-0.09,0.74,-0.19,0.55
2014-02-18,148.8496,149.1002,148.4213,148.8981,80460900,0.09,0.26,-0.2,0.12
2014-02-19,148.5102,149.4719,147.7909,147.9122,126524300,-0.26,0.39,-0.74,-0.66
2014-02-20,148.1142,149.1244,147.5727,148.785,104998100,0.14,0.82,-0.23,0.59
2014-02-21,149.0679,149.4235,148.5425,148.6153,118116400,0.19,0.43,-0.16,-0.11
2014-02-24,148.9305,150.4418,148.8659,149.4397,114063900,0.21,1.23,0.17,0.55
2014-02-25,149.5609,149.9892,148.8901,149.3831,117085000,0.08,0.37,-0.37,-0.04
2014-02-26,149.6013,149.9973,148.9709,149.3912,98677200,0.15,0.41,-0.28,0.01
2014-02-27,149.1729,150.2155,149.0032,150.1751,93880800,-0.15,0.55,-0.26,0.52
2014-02-28,150.1508,151.2499,149.5527,150.5549,150842000,-0.02,0.72,-0.41,0.25
2014-03-03,149.2295,149.8761,148.5022,149.4962,167748500,-0.88,-0.45,-1.36,-0.7
2014-03-04,150.959,151.9208,150.9267,151.5975,167545900,0.98,1.62,0.96,1.41
2014-03-05,151.7268,151.9935,151.4924,151.7348,88376900,0.09,0.26,-0.07,0.09
2014-03-06,152.1066,152.4299,151.7591,152.0824,82516500,0.25,0.46,0.02,0.23
2014-03-07,152.7128,152.7128,151.4763,152.147,114513500,0.41,0.41,-0.4,0.04
2014-03-10,151.9127,152.1228,151.1934,152.0662,74939200,-0.15,-0.02,-0.63,-0.05
2014-03-11,152.2925,152.5107,150.9671,151.3146,99009100,0.15,0.29,-0.72,-0.49
2014-03-12,150.5792,151.4116,150.2397,151.355,104824400,-0.49,0.06,-0.71,0.03
2014-03-13,151.8076,151.9288,149.2376,149.6578,155014300,0.3,0.38,-1.4,-1.12
2014-03-14,149.3912,150.1589,149.0598,149.2376,153919600,-0.18,0.33,-0.4,-0.28
2014-03-17,149.9892,150.9428,149.9245,150.5872,98359500,0.5,1.14,0.46,0.9
2014-03-18,150.8944,151.8642,150.7327,151.6621,101804600,0.2,0.85,0.1,0.71
2014-03-19,151.6783,151.8885,149.8923,150.854,176267300,0.01,0.15,-1.17,-0.53
2014-03-20,150.5226,151.848,150.2559,151.7348,117241000,-0.22,0.66,-0.4,0.58
2014-03-21,152.3721,153.4354,151.0083,151.1463,163128000,0.42,1.12,-0.48,-0.39
2014-03-24,151.6658,151.8526,149.8638,150.5213,121411000,0.34,0.47,-0.85,-0.41
2014-03-25,151.2844,151.7471,150.3915,151.2357,103852000,0.51,0.81,-0.09,0.47
2014-03-26,151.8282,152.0717,150.1073,150.1479,119843000,0.39,0.55,-0.75,-0.72
2014-03-27,149.9693,150.4482,149.2793,149.8313,142383000,-0.12,0.2,-0.58,-0.21
2014-03-28,150.2615,151.3249,150.1722,150.57,101642000,0.29,1.0,0.23,0.49
2014-03-31,151.5279,152.0393,150.5944,151.8039,99745000,0.64,0.98,0.02,0.82
2014-04-01,152.299,152.8997,151.7957,152.8104,89193000,0.33,0.72,-0.01,0.66
2014-04-02,153.0052,153.5248,152.7211,153.3218,78774000,0.13,0.47,-0.06,0.33
2014-04-03,153.5572,153.5978,152.6481,153.1189,77435000,0.15,0.18,-0.44,-0.13
2014-04-04,153.9549,153.9874,151.0651,151.3086,169381000,0.55,0.57,-1.34,-1.18
2014-04-07,150.9434,151.195,149.328,149.6365,140803000,-0.24,-0.08,-1.31,-1.11
2014-04-08,149.5715,150.4969,149.0277,150.2534,112660000,-0.04,0.58,-0.41,0.41
2014-04-09,150.6593,151.9175,150.2209,151.8688,100254000,0.27,1.11,-0.02,1.08
2014-04-10,151.8607,151.9337,148.4919,148.6786,172959000,-0.01,0.04,-2.22,-2.1
2014-04-11,147.8507,148.8897,147.1769,147.3393,167251000,-0.56,0.14,-1.01,-0.9
2014-04-14,148.492,148.8491,147.2825,148.5001,132382000,0.78,1.02,-0.04,0.79
2014-04-15,148.8085,149.6284,147.3393,149.5229,157093000,0.21,0.76,-0.78,0.69
2014-04-16,150.5538,151.0976,149.8881,151.0895,105197000,0.69,1.05,0.24,1.05
2014-04-17,150.8866,151.7227,150.6268,151.3006,105255000,-0.13,0.42,-0.31,0.14
2014-04-21,151.3411,151.8768,151.1544,151.8281,68329000,0.03,0.38,-0.1,0.35
2014-04-22,151.9825,152.9322,151.9013,152.5182,85790000,0.1,0.73,0.05,0.45
2014-04-23,152.4614,152.5426,152.0393,152.161,73869000,-0.04,0.02,-0.31,-0.23
2014-04-24,152.9078,152.924,151.7389,152.4695,88170000,0.49,0.5,-0.28,0.2
2014-04-25,151.9743,152.0636,150.8784,151.2193,100380000,-0.32,-0.27,-1.04,-0.82
2014-04-28,151.8363,152.3558,150.1398,151.6983,135121000,0.41,0.75,-0.71,0.32
2014-04-29,152.1854,152.6399,151.8607,152.4045,84098000,0.32,0.62,0.11,0.47
2014-04-30,152.1528,153.0133,151.9418,152.8591,101508000,-0.17,0.4,-0.3,0.3
2014-05-01,152.7861,153.2894,152.3883,152.8754,93019000,-0.05,0.28,-0.31,0.01
2014-05-02,152.8591,153.5329,152.4289,152.6562,98122000,-0.01,0.43,-0.29,-0.14
2014-05-05,151.9094,153.054,151.4873,152.9484,75883000,-0.49,0.26,-0.77,0.19
2014-05-06,152.6075,152.713,151.5847,151.6171,85454000,-0.22,-0.15,-0.89,-0.87
2014-05-07,152.1285,152.5831,150.9921,152.5101,106500000,0.34,0.64,-0.41,0.59
2014-05-08,152.3721,153.4598,151.8607,152.3477,93618000,-0.09,0.62,-0.43,-0.11
2014-05-09,152.3721,152.64,151.6578,152.575,83679000,0.02,0.19,-0.45,0.15
2014-05-12,153.2569,154.1336,152.6075,154.0605,86940000,0.45,1.02,0.02,0.97
2014-05-13,154.2635,154.5719,154.0443,154.1985,66454000,0.13,0.33,-0.01,0.09
2014-05-14,154.0605,154.1336,153.2488,153.4679,72367000,-0.09,-0.04,-0.62,-0.47
2014-05-15,153.1595,153.192,151.3737,152.1205,154956000,-0.2,-0.18,-1.36,-0.88
2014-05-16,152.2098,152.713,151.5685,152.6481,97458000,0.06,0.39,-0.36,0.35
2014-05-19,152.3558,153.3299,152.2178,153.2082,63839000,-0.19,0.45,-0.28,0.37
2014-05-20,153.1352,153.1514,151.8526,152.2422,111644000,-0.05,-0.04,-0.88,-0.63
2014-05-21,152.6805,153.5978,152.6562,153.5248,89093000,0.29,0.89,0.27,0.84
2014-05-22,153.5653,154.2147,153.3056,153.8981,61549000,0.03,0.45,-0.14,0.24
2014-05-23,154.0361,154.6206,153.8981,154.5151,61092800,0.09,0.47,-0.0,0.4
2014-05-27,155.0914,155.5135,155.0021,155.4648,72010000,0.37,0.65,0.32,0.61
2014-05-28,155.4648,155.7083,155.0914,155.3512,66723000,0.0,0.16,-0.24,-0.07
2014-05-29,155.7084,156.1792,155.3106,156.1548,64377000,0.23,0.53,-0.03,0.52
2014-05-30,156.0087,156.5038,155.8788,156.4064,76316000,-0.09,0.22,-0.18,0.16
2014-06-02,156.6256,156.6581,155.8301,156.585,64656000,0.14,0.16,-0.37,0.11
2014-06-03,156.2035,156.585,156.0574,156.5039,65047000,-0.24,0.0,-0.34,-0.05
2014-06-04,156.236,156.9097,156.0736,156.8204,55529000,-0.17,0.26,-0.27,0.2
2014-06-05,156.999,158.0056,156.4227,157.8432,92103000,0.11,0.76,-0.25,0.65
2014-06-06,158.1841,158.6387,158.1111,158.5981,78696000,0.22,0.5,0.17,0.48
2014-06-09,158.5738,159.142,158.4277,158.7605,65119000,-0.02,0.34,-0.11,0.1
2014-06-10,158.5656,158.8092,158.2247,158.7767,57129000,-0.12,0.03,-0.34,0.01
2014-06-11,158.2084,158.387,157.8675,158.2247,68772000,-0.36,-0.25,-0.57,-0.35
2014-06-12,158.038,158.1273,156.7555,157.1045,106350000,-0.12,-0.06,-0.93,-0.71
2014-06-13,157.413,157.7377,156.9097,157.5835,82017000,0.2,0.4,-0.12,0.3
2014-06-16,157.3887,158.0462,157.202,157.7133,87424000,-0.12,0.29,-0.24,0.08
2014-06-17,157.4942,158.2653,157.3237,158.1517,84834000,-0.14,0.35,-0.25,0.28
2014-06-18,158.1517,159.4018,157.8026,159.3125,105267000,0.0,0.79,-0.22,0.73
2014-06-19,159.4505,159.5885,158.9391,159.491,85929000,0.09,0.17,-0.23,0.11
2014-06-20,159.8883,159.9454,159.6191,159.8148,100587000,0.25,0.28,0.08,0.2
2014-06-23,159.8556,159.9046,159.4723,159.7659,70611000,0.03,0.06,-0.21,-0.03
2014-06-24,159.4805,160.2716,158.624,158.8035,96237000,-0.18,0.32,-0.71,-0.6
2014-06-25,158.4691,159.6844,158.4364,159.5212,82782000,-0.21,0.55,-0.23,0.45
2014-06-26,159.5457,159.562,158.3386,159.407,84312000,0.02,0.03,-0.74,-0.07
2014-06-27,159.0319,159.7659,158.9585,159.717,71445100,-0.24,0.23,-0.28,0.19
2014-06-30,159.6191,160.0024,159.4804,159.6354,70201200,-0.06,0.18,-0.15,-0.05
2014-07-01,160.0269,161.1933,159.9698,160.7039,90470000,0.25,0.98,0.21,0.67
2014-07-02,160.7202,161.0709,160.6468,160.867,52475000,0.01,0.23,-0.04,0.1
2014-07-03,161.3238,161.7316,161.2014,161.6582,52938800,0.28,0.54,0.21,0.49
2014-07-07,161.3483,161.4788,160.8589,161.0954,61696000,-0.19,-0.11,-0.49,-0.35
2014-07-08,160.8017,160.8588,159.668,160.0595,108143000,-0.18,-0.15,-0.89,-0.64
2014-07-09,160.4592,160.9241,160.1166,160.7773,72992000,0.25,0.54,0.04,0.45
2014-07-10,159.2276,160.5652,159.0971,160.1411,99040000,-0.96,-0.13,-1.05,-0.4
2014-07-11,160.0432,160.4755,159.6843,160.3613,64243000,-0.06,0.21,-0.29,0.14
2014-07-14,161.1769,161.3809,161.0383,161.1688,58658000,0.51,0.64,0.42,0.5
2014-07-15,161.2667,161.5766,160.1574,160.867,111307000,0.06,0.25,-0.63,-0.19
2014-07-16,161.5848,161.7071,161.022,161.4624,79986400,0.45,0.52,0.1,0.37
2014-07-17,160.9649,161.5766,159.3988,159.6272,145398000,-0.31,0.07,-1.28,-1.14
2014-07-18,160.1493,161.4217,160.0596,161.2585,124330000,0.33,1.12,0.27,1.02
2014-07-21,160.7528,161.0872,160.2145,160.9567,67592000,-0.31,-0.11,-0.65,-0.19
2014-07-22,161.5032,161.9518,161.389,161.6582,67678000,0.34,0.62,0.27,0.44
2014-07-23,161.9029,162.1884,161.5766,162.0171,65612000,0.15,0.33,-0.05,0.22
2014-07-24,162.172,162.3596,161.8621,162.0252,56888000,0.1,0.21,-0.1,0.01
2014-07-25,161.5685,161.7071,160.9486,161.2667,76837000,-0.28,-0.2,-0.66,-0.47
2014-07-28,161.2993,161.5685,160.3695,161.3319,69259000,0.02,0.19,-0.56,0.04
2014-07-29,161.6337,161.8621,160.6142,160.6387,80466000,0.19,0.33,-0.44,-0.43
2014-07-30,161.2096,161.4216,159.9943,160.6631,104222000,0.36,0.49,-0.4,0.02
2014-07-31,159.5457,159.6844,157.3925,157.4903,183479000,-0.7,-0.61,-2.04,-1.97
2014-08-01,157.0581,158.0368,156.2506,157.0091,189261000,-0.27,0.35,-0.79,-0.31
2014-08-04,157.3109,158.4772,156.6421,158.1428,91340000,0.19,0.94,-0.23,0.72
2014-08-05,157.4985,157.9063,156.0385,156.6094,152690000,-0.41,-0.15,-1.33,-0.97
2014-08-06,155.8754,157.3272,155.8509,156.6584,94818000,-0.47,0.46,-0.48,0.03
2014-08-07,157.3679,157.5229,155.4186,155.8101,135733000,0.45,0.55,-0.79,-0.54
2014-08-08,156.1608,157.7187,155.7448,157.6126,117014000,0.23,1.22,-0.04,1.16
2014-08-11,158.2081,158.7709,157.996,158.0694,74544000,0.38,0.73,0.24,0.29
2014-08-12,157.9144,158.3548,157.3679,157.8492,73632000,-0.1,0.18,-0.44,-0.14
2014-08-13,158.4691,159.0972,158.2,158.9177,69047000,0.39,0.79,0.22,0.68
2014-08-14,159.1786,159.668,159.0318,159.668,57371000,0.16,0.47,0.07,0.47
2014-08-15,160.2471,160.3939,158.4854,159.6354,139951000,0.36,0.45,-0.74,-0.02
2014-08-18,160.5163,161.0464,160.4266,160.973,75424000,0.55,0.88,0.5,0.84
2014-08-19,161.3646,161.9355,161.0383,161.8132,59135000,0.24,0.6,0.04,0.52
2014-08-20,161.5929,162.4412,161.5603,162.2455,72763000,-0.14,0.39,-0.16,0.27
2014-08-21,162.3841,162.9306,162.2536,162.7185,67791000,0.09,0.42,0.01,0.29
2014-08-22,162.588,162.8735,162.0986,162.4657,76107000,-0.08,0.1,-0.38,-0.16
2014-08-25,163.2405,163.6076,162.4331,163.2895,63855000,0.48,0.7,-0.02,0.51
2014-08-26,163.3955,163.7951,163.3547,163.3955,47298000,0.06,0.31,0.04,0.06
2014-08-27,163.477,163.5912,163.0774,163.3302,47874000,0.05,0.12,-0.19,-0.04
2014-08-28,162.7919,163.3465,162.6288,163.2405,58330000,-0.33,0.01,-0.43,-0.05
2014-08-29,163.4933,163.7217,162.9795,163.7054,65907000,0.15,0.29,-0.16,0.28
2014-09-02,163.9175,163.942,163.0121,163.6239,72426000,0.13,0.14,-0.42,-0.05
2014-09-03,164.2519,164.2763,163.3057,163.5341,57462000,0.38,0.4,-0.19,-0.05
2014-09-04,163.8115,164.415,162.849,163.2976,85236000,0.17,0.54,-0.42,-0.14
2014-09-05,163.265,164.0969,162.6451,164.0317,102177000,-0.02,0.49,-0.4,0.45
2014-09-08,163.8767,164.1132,163.1263,163.6075,64146000,-0.09,0.05,-0.55,-0.26
2014-09-09,163.4608,163.575,162.2374,162.5718,88591000,-0.09,-0.02,-0.84,-0.63
2014-09-10,162.6614,163.2894,162.1231,163.1834,67251000,0.06,0.44,-0.28,0.38
2014-09-11,162.5309,163.3955,162.4086,163.371,66774400,-0.4,0.13,-0.47,0.11
2014-09-12,163.2079,163.2242,161.9518,162.4168,117409300,-0.1,-0.09,-0.87,-0.58
2014-09-15,162.4412,162.5717,161.805,162.2944,76401000,0.02,0.1,-0.38,-0.08
2014-09-16,161.9926,163.8114,161.9029,163.5178,116201000,-0.19,0.93,-0.24,0.75
2014-09-17,163.7544,164.4966,162.9224,163.738,151266000,0.14,0.6,-0.36,0.13
2014-09-18,164.2356,164.6352,164.0235,164.6108,94990000,0.3,0.55,0.17,0.53
2014-09-19,165.1344,165.4457,164.1264,164.4624,121649000,0.32,0.51,-0.29,-0.09
2014-09-22,164.1756,164.2002,162.8481,163.1923,125553000,-0.17,-0.16,-0.98,-0.77
2014-09-23,162.6023,163.2824,162.209,162.2581,111393000,-0.36,0.06,-0.6,-0.57
2014-09-24,162.2827,163.6348,161.8566,163.5283,107276000,0.02,0.85,-0.25,0.78
2014-09-25,163.1021,163.1103,160.8323,160.8896,150300000,-0.26,-0.26,-1.65,-1.61
2014-09-26,161.1846,162.5695,160.9552,162.168,103547000,0.18,1.04,0.04,0.79
2014-09-29,160.7749,162.1598,160.652,161.873,95112000,-0.86,-0.01,-0.93,-0.18
2014-09-30,161.996,162.4958,161.111,161.4469,131302000,0.08,0.38,-0.47,-0.26
2014-10-01,161.1847,161.2421,158.8984,159.259,177798000,-0.16,-0.13,-1.58,-1.36
2014-10-02,159.1197,159.8408,157.6201,159.2836,157285000,-0.09,0.37,-1.03,0.02
2014-10-03,160.3488,161.3814,159.8572,161.0372,121569000,0.67,1.32,0.36,1.1
2014-10-06,161.7092,161.9222,160.2669,160.8487,104778000,0.42,0.55,-0.48,-0.12
2014-10-07,160.0211,160.3817,158.3331,158.3658,147913000,-0.51,-0.29,-1.56,-1.54
2014-10-08,158.456,161.365,157.6283,161.1356,186461000,0.06,1.89,-0.47,1.75
2014-10-09,160.8815,161.1027,157.8086,157.9397,210705000,-0.16,-0.02,-2.06,-1.98
2014-10-10,157.8987,158.6854,156.0959,156.1369,221909000,-0.03,0.47,-1.17,-1.14
2014-10-13,156.0713,156.6368,153.4819,153.572,230939000,-0.04,0.32,-1.7,-1.64
2014-10-14,154.3997,155.5469,153.2689,153.8097,215847000,0.54,1.29,-0.2,0.15
2014-10-15,151.7283,153.8015,149.0733,152.769,380715000,-1.35,-0.01,-3.08,-0.68
2014-10-16,150.0074,153.7113,149.8681,152.6378,270391000,-1.81,0.62,-1.9,-0.09
2014-10-17,154.3997,155.4895,153.7441,154.4407,214625000,1.15,1.87,0.72,1.18
2014-10-20,154.162,156.0631,154.1129,155.9402,130011000,-0.18,1.05,-0.21,0.97
2014-10-21,157.071,159.136,156.9072,159.0295,154949000,0.73,2.05,0.62,1.98
2014-10-22,159.3082,159.7179,157.8332,157.8987,151822000,0.18,0.43,-0.75,-0.71
2014-10-23,159.4803,160.775,159.1853,159.7343,154944000,1.0,1.82,0.81,1.16
2014-10-24,159.9965,161.0126,159.3737,160.9634,117927000,0.16,0.8,-0.23,0.77
2014-10-27,160.3898,160.9798,159.8162,160.7422,82954000,-0.36,0.01,-0.71,-0.14
2014-10-28,161.283,162.5941,161.2093,162.586,106736000,0.34,1.15,0.29,1.15
2014-10-29,162.7006,163.1677,161.2666,162.3401,142557000,0.07,0.36,-0.81,-0.15
2014-10-30,161.9058,163.8478,161.7583,163.3808,113330000,-0.27,0.93,-0.36,0.64
2014-10-31,165.3474,165.3802,164.5198,165.2491,146903000,1.2,1.22,0.7,1.14
2014-11-03,165.4622,165.8965,164.9623,165.3393,93600000,0.13,0.39,-0.17,0.05
2014-11-04,164.8968,165.2,163.938,164.7657,93343000,-0.27,-0.08,-0.85,-0.35
2014-11-05,165.9702,166.0112,165.077,165.8063,91709000,0.73,0.76,0.19,0.63
2014-11-06,165.8473,166.5602,165.2327,166.4701,107089000,0.02,0.45,-0.35,0.4
2014-11-07,166.4866,166.8389,166.0277,166.6259,89540000,0.01,0.22,-0.27,0.09
2014-11-10,166.6586,167.1994,166.4537,167.1503,66319000,0.02,0.34,-0.1,0.31
2014-11-11,167.2158,167.4206,166.8798,167.3141,54499400,0.04,0.16,-0.16,0.1
2014-11-12,166.6339,167.3632,166.6012,167.1338,90120300,-0.41,0.03,-0.43,-0.11
2014-11-13,167.2977,167.8467,166.5192,167.3223,85357900,0.1,0.43,-0.37,0.11
2014-11-14,167.2485,167.5681,166.9371,167.3632,80417500,-0.04,0.15,-0.23,0.02
2014-11-17,167.0438,167.642,166.8799,167.4699,80441000,-0.19,0.17,-0.29,0.06
2014-11-18,167.5271,168.7399,167.5271,168.4367,76068100,0.03,0.76,0.03,0.58
2014-11-19,168.2401,168.4368,167.4125,168.1664,82373000,-0.12,0.0,-0.61,-0.16
2014-11-20,167.3797,168.5679,167.3141,168.4613,72840300,-0.47,0.24,-0.51,0.18
2014-11-21,170.1494,170.3133,168.7891,169.3627,142327300,1.0,1.1,0.19,0.54
2014-11-24,169.7643,169.9446,169.5512,169.838,65880800,0.24,0.34,0.11,0.28
2014-11-25,170.0674,170.2723,169.461,169.7151,79108300,0.14,0.26,-0.22,-0.07
2014-11-26,169.8626,170.2477,169.6495,170.1494,62167800,0.09,0.31,-0.04,0.26
2014-11-28,170.0264,170.3378,169.5512,169.7888,57890100,-0.07,0.11,-0.35,-0.21
2014-12-01,169.1333,169.248,168.2975,168.6088,103968400,-0.39,-0.32,-0.88,-0.69
2014-12-02,168.6499,169.9036,168.6253,169.6987,74507200,0.02,0.77,0.01,0.65
2014-12-03,169.8708,170.5673,169.7069,170.3542,68952000,0.1,0.51,0.0,0.39
2014-12-04,170.0675,170.6657,169.3791,170.1658,91316600,-0.17,0.18,-0.57,-0.11
2014-12-05,170.3379,170.8295,170.0756,170.4444,91025500,0.1,0.39,-0.05,0.16
2014-12-08,170.0511,170.5427,168.7482,169.3054,108588200,-0.23,0.06,-1.0,-0.67
2014-12-09,167.4698,169.2972,167.0929,169.1906,125180100,-1.08,-0.0,-1.31,-0.07
2014-12-10,168.7317,168.7891,166.2898,166.4783,159856400,-0.27,-0.24,-1.71,-1.6
2014-12-11,167.0682,168.9612,166.9289,167.3223,159012800,0.35,1.49,0.27,0.51
2014-12-12,166.0521,167.0191,164.5853,164.6181,202330200,-0.76,-0.18,-1.64,-1.62
2014-12-15,165.5113,165.962,162.8891,163.4873,189965800,0.54,0.82,-1.05,-0.69
2014-12-16,162.7253,165.8556,162.1353,162.1763,259543800,-0.47,1.45,-0.83,-0.8
2014-12-17,162.6105,165.8063,162.4876,165.3556,253910100,0.27,2.24,0.19,1.96
2014-12-18,167.773,174.517,167.1011,169.4447,257633900,1.46,5.54,1.06,2.47
2014-12-19,170.0915,170.8331,169.4158,170.1656,245084600,0.38,0.82,-0.02,0.43
2014-12-22,170.3552,170.9484,170.1162,170.9484,148318900,0.11,0.46,-0.03,0.46
2014-12-23,171.5251,171.5746,170.8907,171.1791,122167900,0.34,0.37,-0.03,0.13
2014-12-24,171.4015,171.6652,171.1544,171.1956,42963400,0.13,0.28,-0.01,0.01
2014-12-26,171.6405,172.0855,171.5911,171.7477,57326700,0.26,0.52,0.23,0.32
2014-12-29,171.5664,172.1844,171.5005,171.9784,79643900,-0.11,0.25,-0.14,0.13
2014-12-30,171.5581,171.69,170.9814,171.0555,73540800,-0.24,-0.17,-0.58,-0.54
2014-12-31,171.3769,171.5416,169.2345,169.3581,130333800,0.19,0.28,-1.06,-0.99
2015-01-02,170.0503,170.4623,168.2375,169.2675,121465900,0.41,0.65,-0.66,-0.05
2015-01-05,168.2293,168.3941,165.9057,166.2106,169632600,-0.61,-0.52,-1.99,-1.81
2015-01-06,166.5155,167.0346,163.8541,164.6451,209151400,0.18,0.5,-1.42,-0.94
2015-01-07,165.9634,167.0345,165.5184,166.6967,125346700,0.8,1.45,0.53,1.25
2015-01-08,168.0975,169.869,168.081,169.6548,147217800,0.84,1.9,0.83,1.77
2015-01-09,170.0668,170.0832,167.6855,168.2952,158567300,0.24,0.25,-1.16,-0.8
2015-01-12,168.4271,168.5836,166.3754,166.9769,144396100,0.08,0.17,-1.14,-0.78
2015-01-13,168.1881,169.3087,165.2136,166.5072,214553300,0.73,1.4,-1.06,-0.28
2015-01-14,164.505,165.6998,163.6152,165.502,192991100,-1.2,-0.48,-1.74,-0.6
2015-01-15,166.1364,166.4495,163.8705,163.9859,176613900,0.38,0.57,-0.99,-0.92
2015-01-16,163.7799,166.293,163.5986,166.1364,211879600,-0.13,1.41,-0.24,1.31
2015-01-20,166.7709,167.0346,164.9335,166.4908,130991100,0.38,0.54,-0.72,0.21
2015-01-21,166.0293,167.8091,165.5679,167.3312,122942700,-0.28,0.79,-0.55,0.5
2015-01-22,168.081,169.9514,166.7132,169.8196,174356000,0.45,1.57,-0.37,1.49
2015-01-23,169.5642,169.8196,168.7567,168.8885,117516800,-0.15,0.0,-0.63,-0.55
2015-01-26,168.6743,169.3746,167.9656,169.284,92009700,-0.13,0.29,-0.55,0.23
2015-01-27,167.2406,168.1881,166.2271,167.0511,134044600,-1.21,-0.65,-1.81,-1.32
2015-01-28,168.2293,168.3282,164.7192,164.9088,168514300,0.71,0.76,-1.4,-1.28
2015-01-29,165.1065,166.6885,163.7057,166.4331,173585400,0.12,1.08,-0.73,0.92
2015-01-30,165.263,166.5814,164.0765,164.3402,197729700,-0.7,0.09,-1.42,-1.26
2015-02-02,164.8346,166.466,163.0301,166.3754,163107000,0.3,1.29,-0.8,1.24
2015-02-03,167.2653,168.7896,166.8945,168.7814,124212900,0.53,1.45,0.31,1.45
2015-02-04,168.0234,169.2264,167.6856,168.1387,134306700,-0.45,0.26,-0.65,-0.38
2015-02-05,168.7979,169.9844,168.7237,169.8361,97953200,0.39,1.1,0.35,1.01
2015-02-06,170.1986,170.7589,168.8472,169.3663,125672000,0.21,0.54,-0.58,-0.28
2015-02-09,168.7237,169.4405,168.2046,168.6083,87219000,-0.38,0.04,-0.69,-0.45
2015-02-10,169.6383,170.66,168.6495,170.4046,96164200,0.61,1.22,0.02,1.07
2015-02-11,170.2398,170.9319,169.5971,170.5034,91087800,-0.1,0.31,-0.47,0.06
2015-02-12,171.2945,172.2009,170.5365,172.1432,97545900,0.46,1.0,0.02,0.96
2015-02-13,172.2668,172.9012,172.0113,172.8518,93670400,0.07,0.44,-0.08,0.41
2015-02-17,172.5387,173.2968,172.2915,173.1237,76968200,-0.18,0.26,-0.32,0.16
2015-02-18,172.7529,173.2144,172.4893,173.1402,80652900,-0.21,0.05,-0.37,0.01
2015-02-19,172.547,173.3792,172.4069,173.0166,91462500,-0.34,0.14,-0.42,-0.07
2015-02-20,172.6046,174.1289,171.9866,174.0548,140896400,-0.24,0.64,-0.6,0.6
2015-02-23,173.8076,174.0301,173.4286,174.0301,74411100,-0.14,-0.01,-0.36,-0.01
2015-02-24,173.9559,174.7222,173.6592,174.5244,72472300,-0.04,0.4,-0.21,0.28
2015-02-25,174.4008,174.8787,174.0383,174.3761,73061700,-0.07,0.2,-0.28,-0.08
2015-02-26,174.2855,174.442,173.5686,174.1701,72697900,-0.05,0.04,-0.46,-0.12
2015-02-27,174.0713,174.335,173.5275,173.5769,108076000,-0.06,0.09,-0.37,-0.34
2015-03-02,173.6758,174.7305,173.6264,174.6728,87491400,0.06,0.66,0.03,0.63
2015-03-03,174.2442,174.7222,173.0989,173.9559,110325800,-0.25,0.03,-0.9,-0.41
2015-03-04,173.3626,173.4368,172.2585,173.2225,114497200,-0.34,-0.3,-0.98,-0.42
2015-03-05,173.5439,173.6922,172.9095,173.4121,76873000,0.19,0.27,-0.18,0.11
2015-03-06,172.5551,172.9836,170.6435,170.9731,188128000,-0.49,-0.25,-1.6,-1.41
2015-03-09,171.1709,172.036,171.0143,171.6817,89818900,0.12,0.62,0.02,0.41
2015-03-10,170.3222,170.4046,168.8555,168.8967,157121300,-0.79,-0.74,-1.65,-1.62
2015-03-11,169.1522,169.3252,168.4188,168.5013,110145700,0.15,0.25,-0.28,-0.23
2015-03-12,169.1274,170.7095,169.078,170.6436,93993500,0.37,1.31,0.34,1.27
2015-03-13,170.3716,171.3274,168.5671,169.5971,162410900,-0.16,0.4,-1.22,-0.61
2015-03-16,170.3222,171.9536,169.6218,171.863,136099200,0.43,1.39,0.01,1.34
2015-03-17,171.1297,171.7312,170.5447,171.3522,94510400,-0.43,-0.08,-0.77,-0.3
2015-03-18,170.8825,174.0795,170.2481,173.4121,228808500,-0.27,1.59,-0.64,1.2
2015-03-19,173.0001,173.4203,172.2338,172.6211,117917300,-0.24,0.0,-0.68,-0.46
2015-03-20,173.5654,174.6497,173.3834,174.1448,177715100,0.55,1.18,0.44,0.88
2015-03-23,174.153,174.7241,173.8054,173.8054,71784500,0.0,0.33,-0.19,-0.19
2015-03-24,173.6813,174.1365,172.7626,172.8288,77805300,-0.07,0.19,-0.6,-0.56
2015-03-25,173.0357,173.2675,170.2548,170.2962,159521700,0.12,0.25,-1.49,-1.47
2015-03-26,169.6341,170.801,168.9388,169.8906,153067200,-0.39,0.3,-0.8,-0.24
2015-03-27,169.7748,170.4535,169.5845,170.2797,118939000,-0.07,0.33,-0.18,0.23
2015-03-30,171.3059,172.655,171.2894,172.357,96180400,0.6,1.39,0.59,1.22
2015-03-31,171.5377,172.2329,170.7928,170.8507,126768700,-0.48,-0.07,-0.91,-0.87
2015-04-01,170.8176,170.8424,169.2616,170.2465,137303600,-0.02,-0.0,-0.93,-0.35
2015-04-02,170.1804,171.306,169.9983,170.859,86900900,-0.04,0.62,-0.15,0.36
2015-04-06,169.9735,172.5226,169.8411,172.0095,114368200,-0.52,0.97,-0.6,0.67
2015-04-07,172.0343,172.7791,171.5211,171.5542,81236300,0.01,0.45,-0.28,-0.26
2015-04-08,171.7777,172.5723,171.3887,172.1336,89351900,0.13,0.59,-0.1,0.34
2015-04-09,171.968,173.1267,171.4797,172.895,85548900,-0.1,0.58,-0.38,0.44
2015-04-10,173.1433,173.8799,172.9447,173.8385,72722900,0.14,0.57,0.03,0.55
2015-04-13,173.6978,174.3269,173.0026,173.0523,74436600,-0.08,0.28,-0.48,-0.45
2015-04-14,172.8536,173.5654,172.2329,173.3833,75099900,-0.11,0.3,-0.47,0.19
2015-04-15,173.8468,174.6662,173.7641,174.1613,99529300,0.27,0.74,0.22,0.45
2015-04-16,173.8302,174.6165,173.6316,174.1116,68934900,-0.19,0.26,-0.3,-0.03
2015-04-17,172.9281,173.1681,171.3308,172.1088,191113200,-0.68,-0.54,-1.6,-1.15
2015-04-20,173.0274,174.0123,172.9447,173.6813,92189500,0.53,1.11,0.49,0.91
2015-04-21,174.3599,174.5172,173.1764,173.4744,72559800,0.39,0.48,-0.29,-0.12
2015-04-22,173.8136,174.5089,172.895,174.3268,78264600,0.2,0.6,-0.33,0.49
2015-04-23,173.9296,175.4111,173.8137,174.7655,102585900,-0.23,0.62,-0.29,0.25
2015-04-24,175.1793,175.4359,174.7241,175.1711,61327400,0.24,0.38,-0.02,0.23
2015-04-27,175.7339,175.858,174.2524,174.4427,79358100,0.32,0.39,-0.52,-0.42
2015-04-28,174.4179,175.0469,173.2509,174.9973,86863500,-0.01,0.35,-0.68,0.32
2015-04-29,174.1117,174.8732,173.4745,174.2773,125684900,-0.51,-0.07,-0.87,-0.41
2015-04-30,173.7061,174.0951,171.8356,172.5308,161304900,-0.33,-0.1,-1.4,-1.0
2015-05-01,173.3089,174.4427,173.2095,174.4014,103399700,0.45,1.11,0.39,1.08
2015-05-04,174.8235,175.4773,174.7159,174.8979,70927200,0.24,0.62,0.18,0.28
2015-05-05,174.6579,175.0138,172.7543,172.895,113326200,-0.14,0.07,-1.23,-1.15
2015-05-06,173.4412,173.7475,171.1238,172.1832,135060200,0.32,0.49,-1.02,-0.41
2015-05-07,172.0839,173.2923,171.7528,172.8701,88244900,-0.06,0.64,-0.25,0.4
2015-05-08,174.5338,175.3448,174.451,175.1462,155877300,0.96,1.43,0.91,1.32
2015-05-11,175.1049,175.3697,174.2358,174.3103,75708100,-0.02,0.13,-0.52,-0.48
2015-05-12,173.4827,174.3269,172.6633,173.7889,119727600,-0.47,0.01,-0.94,-0.3
2015-05-13,174.1944,174.8151,173.5902,173.822,94667900,0.23,0.59,-0.11,0.02
2015-05-14,174.8317,175.7256,174.5586,175.6345,95934000,0.58,1.1,0.42,1.04
2015-05-15,175.8249,175.9656,175.3449,175.8249,76510100,0.11,0.19,-0.16,0.11
2015-05-18,175.6593,176.6194,175.5931,176.3711,74549700,-0.09,0.45,-0.13,0.31
2015-05-19,176.487,176.7602,176.0318,176.3132,72114600,0.07,0.22,-0.19,-0.03
2015-05-20,176.4125,176.9339,175.8745,176.189,76857500,0.06,0.35,-0.25,-0.07
2015-05-21,176.0484,176.9091,175.8828,176.7022,64764600,-0.08,0.41,-0.17,0.29
2015-05-22,176.3215,176.7353,176.2139,176.2801,57433500,-0.22,0.02,-0.28,-0.24
2015-05-26,175.7917,176.2139,173.9709,174.3848,124308600,-0.28,-0.04,-1.31,-1.08
2015-05-27,174.84,176.2718,174.4344,176.0401,93214000,0.26,1.08,0.03,0.95
2015-05-28,175.7338,175.949,175.1545,175.8414,74974600,-0.17,-0.05,-0.5,-0.11
2015-05-29,175.7752,175.8166,174.4841,174.7489,124919600,-0.04,-0.01,-0.77,-0.62
2015-06-01,175.4111,175.7421,174.3186,175.1048,93338800,0.38,0.57,-0.25,0.2
2015-06-02,174.6496,175.618,174.0289,174.931,91531000,-0.26,0.29,-0.61,-0.1
2015-06-03,175.4607,176.0153,174.9062,175.3945,87820900,0.3,0.62,-0.01,0.26
2015-06-04,174.691,175.3449,173.5985,173.913,151882800,-0.4,-0.03,-1.02,-0.84
2015-06-05,173.7641,174.2855,172.9612,173.6151,121704700,-0.09,0.21,-0.55,-0.17
2015-06-08,173.5074,173.6564,172.4729,172.5474,89063300,-0.06,0.02,-0.66,-0.61
2015-06-09,172.5226,173.0606,171.8936,172.5226,105034700,-0.01,0.3,-0.38,-0.01
2015-06-10,173.284,174.9724,173.2261,174.5917,134551300,0.44,1.42,0.41,1.2
2015-06-11,175.0303,175.5352,174.7986,175.1545,73876400,0.25,0.54,0.12,0.32
2015-06-12,174.3351,175.0303,173.5405,173.8137,135382400,-0.47,-0.07,-0.92,-0.77
2015-06-15,172.6798,173.3502,171.9763,173.0688,124384200,-0.65,-0.27,-1.06,-0.43
2015-06-16,172.9198,174.0951,172.746,174.0123,85308200,-0.09,0.59,-0.19,0.55
2015-06-17,174.2937,174.8979,173.2757,174.2937,126708600,0.16,0.51,-0.42,0.16
2015-06-18,174.8896,176.5698,174.3268,176.1063,165867900,0.34,1.31,0.02,1.04
2015-06-19,175.8651,175.9399,174.9502,175.3245,130478700,-0.14,-0.09,-0.66,-0.44
2015-06-22,176.2393,176.8049,176.0148,176.2227,70696000,0.52,0.84,0.39,0.51
2015-06-23,176.4307,176.6802,175.9566,176.3475,68476800,0.12,0.26,-0.15,0.07
2015-06-24,176.0814,176.4556,175.0418,175.0667,92307300,-0.15,0.06,-0.74,-0.73
2015-06-25,175.5657,175.6904,174.4596,174.5344,97107400,0.29,0.36,-0.35,-0.3
2015-06-26,174.892,175.1332,173.9522,174.5011,104174800,0.2,0.34,-0.33,-0.02
2015-06-29,173.0291,174.5095,170.767,170.8418,202621300,-0.84,0.0,-2.14,-2.1
2015-06-30,172.3721,172.422,170.7254,171.1994,182925100,0.9,0.92,-0.07,0.21
2015-07-01,172.763,173.0125,171.7899,172.5717,135979900,0.91,1.06,0.34,0.8
2015-07-02,173.0457,173.212,171.9978,172.4136,104373700,0.27,0.37,-0.33,-0.09
2015-07-06,171.1329,172.6964,170.9333,171.923,117975400,-0.74,0.16,-0.86,-0.28
2015-07-07,172.1226,173.1289,169.7523,173.0042,173820200,0.12,0.7,-1.26,0.63
2015-07-08,171.6735,171.9563,169.8688,170.1017,164020100,-0.77,-0.61,-1.81,-1.68
2015-07-09,172.1891,172.4469,170.3012,170.4093,144113100,1.23,1.38,0.12,0.18
2015-07-10,172.397,172.9709,170.4509,172.555,129456900,1.17,1.5,0.02,1.26
2015-07-13,173.8109,174.5677,173.7693,174.4596,106069400,0.73,1.17,0.7,1.1
2015-07-14,174.418,175.5241,174.3598,175.2164,81709600,-0.02,0.61,-0.06,0.43
2015-07-15,175.258,175.7154,174.6842,175.1582,97914100,0.02,0.28,-0.3,-0.03
2015-07-16,176.2061,176.5637,175.9649,176.5637,106683300,0.6,0.8,0.46,0.8
2015-07-17,176.5554,176.7716,176.1479,176.7134,89030000,-0.0,0.12,-0.24,0.08
2015-07-20,176.938,177.2956,176.4889,176.8049,70446800,0.13,0.33,-0.13,0.05
2015-07-21,176.6718,176.9297,175.8069,176.1063,77965000,-0.08,0.07,-0.56,-0.4
2015-07-22,175.4243,176.1229,175.3911,175.7903,88667900,-0.39,0.01,-0.41,-0.18
2015-07-23,175.9233,176.0231,174.4429,174.8005,90509100,0.08,0.13,-0.77,-0.56
2015-07-24,174.9003,174.9585,172.6548,172.9875,117755000,0.06,0.09,-1.23,-1.04
2015-07-27,172.106,172.6133,171.5404,171.9812,132361100,-0.51,-0.22,-0.84,-0.58
2015-07-28,172.8129,174.2351,171.9896,174.0937,123544800,0.48,1.31,0.0,1.23
2015-07-29,174.2184,175.5158,174.077,175.2913,105791300,0.07,0.82,-0.01,0.69
2015-07-30,174.7839,175.4992,174.1685,175.3328,91304400,-0.29,0.12,-0.64,0.02
2015-07-31,175.8318,175.8568,174.7839,175.0667,103266900,0.28,0.3,-0.31,-0.15
2015-08-03,175.0334,175.0916,173.5281,174.4762,113965700,-0.02,0.01,-0.88,-0.34
2015-08-04,174.4014,174.8588,173.6529,174.1353,81820800,-0.04,0.22,-0.47,-0.2
2015-08-05,175.0251,175.7404,174.4263,174.7091,85786800,0.51,0.92,0.17,0.33
2015-08-06,174.892,175.0001,172.6964,173.2786,116030800,0.1,0.17,-1.15,-0.82
2015-08-07,173.1206,173.2703,172.0477,172.9459,117858000,-0.09,-0.0,-0.71,-0.19
2015-08-10,174.0521,175.2081,174.0521,175.125,80270700,0.64,1.31,0.64,1.26
2015-08-11,173.7942,174.2101,172.7879,173.5447,126081400,-0.76,-0.52,-1.33,-0.9
2015-08-12,172.2473,173.9356,170.7919,173.7527,172123700,-0.75,0.23,-1.59,0.12
2015-08-13,173.5946,174.2766,172.9958,173.5364,89383300,-0.09,0.3,-0.44,-0.12
2015-08-14,173.3451,174.2433,173.2037,174.1685,72786500,-0.11,0.41,-0.19,0.36
2015-08-17,173.578,175.1416,173.1206,175.1416,79072600,-0.34,0.56,-0.6,0.56
2015-08-18,174.8671,175.2164,174.4014,174.6343,71692700,-0.16,0.04,-0.42,-0.29
2015-08-19,173.8941,174.6592,172.447,173.2537,172946000,-0.42,0.01,-1.25,-0.79
2015-08-20,171.7483,173.2287,169.5776,169.6359,194327900,-0.87,-0.01,-2.12,-2.09
2015-08-21,167.7729,169.6109,164.2716,164.5294,346588500,-1.1,-0.01,-3.16,-3.01
2015-08-24,155.93,164.2383,151.6967,157.6016,507244300,-5.23,-0.18,-7.8,-4.21
2015-08-25,162.5334,162.55,155.4559,155.7469,369833100,3.13,3.14,-1.36,-1.18
2015-08-26,159.7473,162.0012,156.6618,161.7267,339257000,2.57,4.02,0.59,3.84
2015-08-27,163.8557,165.8518,162.3504,165.727,274143900,1.32,2.55,0.39,2.47
2015-08-28,165.0866,166.2011,164.6043,165.7353,160414400,-0.39,0.29,-0.68,0.01
2015-08-31,164.7623,165.6106,163.8475,164.3964,163298800,-0.59,-0.08,-1.14,-0.81
2015-09-01,160.6122,161.9845,158.6245,159.4895,256000400,-2.3,-1.47,-3.51,-2.98
2015-09-02,161.8598,162.5584,160.0301,162.5168,160269300,1.49,1.92,0.34,1.9
2015-09-03,163.2236,164.7123,162.1425,162.6332,152087800,0.43,1.35,-0.23,0.07
2015-09-04,160.3877,161.2277,159.3565,160.1715,207081000,-1.38,-0.86,-2.01,-1.51
2015-09-08,162.9576,164.3464,162.3172,164.1967,116025700,1.74,2.61,1.34,2.51
2015-09-09,165.7687,165.8934,161.6353,162.0012,149347700,0.96,1.03,-1.56,-1.34
2015-09-10,161.8099,164.0221,161.5521,162.8827,158611100,-0.12,1.25,-0.28,0.54
2015-09-11,162.4918,163.6894,161.7849,163.6229,119691200,-0.24,0.5,-0.67,0.45
2015-09-14,163.7976,163.8474,162.5334,163.0158,79452000,0.11,0.14,-0.67,-0.37
2015-09-15,163.5148,165.4942,162.9742,165.0534,113806200,0.31,1.52,-0.03,1.25
2015-09-16,165.3528,166.6751,165.0118,166.4838,99581600,0.18,0.98,-0.03,0.87
2015-09-17,166.3508,168.7377,165.7354,166.1096,276046600,-0.08,1.35,-0.45,-0.22
2015-09-18,163.6124,166.0953,162.9854,163.3951,223657500,-1.5,-0.01,-1.88,-1.63
2015-09-21,164.2228,165.2594,163.1945,164.2395,105726200,0.51,1.14,-0.12,0.52
2015-09-22,162.0826,162.5675,160.9791,162.1077,153890900,-1.31,-1.02,-1.99,-1.3
2015-09-23,162.2749,162.7431,161.2717,161.8486,92790600,0.1,0.39,-0.52,-0.16
2015-09-24,160.6363,161.7231,159.3071,161.2633,159378800,-0.75,-0.08,-1.57,-0.36
2015-09-25,162.718,163.0189,160.3521,161.2215,155054800,0.9,1.09,-0.57,-0.03
2015-09-28,160.327,160.4357,156.866,157.1753,178515900,-0.55,-0.49,-2.7,-2.51
2015-09-29,157.3926,158.6215,156.2724,157.2672,159045600,0.14,0.92,-0.57,0.06
2015-09-30,159.1482,160.3688,158.3708,160.2016,163452000,1.2,1.97,0.7,1.87
2015-10-01,160.5778,160.9206,158.6885,160.6196,131079000,0.23,0.45,-0.94,0.26
2015-10-02,158.6467,163.044,158.1033,163.0189,211003300,-1.23,1.51,-1.57,1.49
2015-10-05,164.2395,166.1456,164.1308,165.9198,126320800,0.75,1.92,0.68,1.78
2015-10-06,165.7861,166.3462,164.6909,165.3514,110274500,-0.08,0.26,-0.74,-0.34
2015-10-07,166.2793,167.0567,165.0922,166.7056,124307300,0.56,1.03,-0.16,0.82
2015-10-08,166.3211,168.4947,166.0202,168.2105,153055200,-0.23,1.07,-0.41,0.9
2015-10-09,168.3526,168.7873,167.6838,168.3108,107069200,0.08,0.34,-0.31,0.06
2015-10-12,168.386,168.6702,167.9597,168.4696,56395600,0.04,0.21,-0.21,0.09
2015-10-13,167.7423,169.0046,167.2407,167.4079,88038700,-0.43,0.32,-0.73,-0.63
2015-10-14,167.3494,167.9262,166.3127,166.6053,99106200,-0.03,0.31,-0.65,-0.48
2015-10-15,167.2658,169.1718,166.8979,169.1635,134142200,0.4,1.54,0.18,1.54
2015-10-16,169.5648,169.9494,168.8041,169.9327,114580100,0.24,0.46,-0.21,0.45
2015-10-19,169.2889,170.0162,168.9796,170.0162,76523900,-0.38,0.05,-0.56,0.05
2015-10-20,169.5815,170.4091,169.3307,169.7989,78448500,-0.26,0.23,-0.4,-0.13
2015-10-21,170.2169,170.3673,168.5783,168.7455,102038000,0.25,0.33,-0.72,-0.62
2015-10-22,169.6902,171.8052,168.7455,171.5962,174911700,0.56,1.81,-0.0,1.69
2015-10-23,173.2599,173.8451,172.4657,173.4772,144442300,0.97,1.31,0.51,1.1
2015-10-26,173.3017,173.3602,172.683,173.0509,69033000,-0.1,-0.07,-0.46,-0.25
2015-10-27,172.3821,173.0509,172.0393,172.7165,77905800,-0.39,0.0,-0.58,-0.19
2015-10-28,173.0508,174.7061,172.3904,174.681,135906700,0.19,1.15,-0.19,1.14
2015-10-29,174.1794,174.9486,174.0624,174.5807,90525500,-0.29,0.15,-0.35,-0.06
2015-10-30,174.773,175.0907,173.6695,173.8283,131076900,0.11,0.29,-0.52,-0.43
2015-11-02,174.1544,176.0771,174.0289,175.8849,86270800,0.19,1.29,0.12,1.18
2015-11-03,175.5337,176.9466,175.308,176.3948,95246100,-0.2,0.6,-0.33,0.29
2015-11-04,176.6874,176.8128,175.3247,175.8598,96224500,0.17,0.24,-0.61,-0.3
2015-11-05,175.9183,176.3781,174.7981,175.6842,78408700,0.03,0.29,-0.6,-0.1
2015-11-06,175.3414,175.8263,174.2714,175.5922,110471500,-0.2,0.08,-0.8,-0.05
2015-11-09,174.982,175.1325,173.0091,173.9538,131008700,-0.35,-0.26,-1.47,-0.93
2015-11-10,173.4772,174.3884,173.2097,174.355,75874600,-0.27,0.25,-0.43,0.23
2015-11-11,174.6225,174.6727,173.6026,173.6695,67846000,0.15,0.18,-0.43,-0.39
2015-11-12,172.6329,173.101,171.2284,171.2451,121315200,-0.6,-0.33,-1.41,-1.4
2015-11-13,170.8355,171.103,169.2387,169.3223,153577100,-0.24,-0.08,-1.17,-1.12
2015-11-16,169.1384,171.9557,169.0214,171.8972,117645200,-0.11,1.56,-0.18,1.52
2015-11-17,172.2065,173.0843,171.2786,171.7718,121123700,0.18,0.69,-0.36,-0.07
2015-11-18,172.2483,174.6392,172.2065,174.4971,121342500,0.28,1.67,0.25,1.59
2015-11-19,174.3801,174.7646,174.054,174.3466,88220500,-0.07,0.15,-0.25,-0.09
2015-11-20,175.099,175.6591,174.6058,174.982,94011500,0.43,0.75,0.15,0.36
2015-11-23,175.0405,175.5421,174.3216,174.7814,64931200,0.03,0.32,-0.38,-0.11
2015-11-24,173.7782,175.4168,173.3937,175.0155,98874400,-0.57,0.36,-0.79,0.13
2015-11-25,175.1408,175.3415,174.7312,174.9904,51980100,0.07,0.19,-0.16,-0.01
2015-11-27,175.0823,175.3917,174.6058,175.191,37317800,0.05,0.23,-0.22,0.11
2015-11-30,175.3499,175.4669,174.355,174.4637,112822700,0.09,0.16,-0.48,-0.42
2015-12-01,175.0907,176.2444,174.8148,176.1273,97858400,0.36,1.02,0.2,0.95
2015-12-02,176.0772,176.3949,174.0792,174.33,108441300,-0.03,0.15,-1.16,-1.02
2015-12-03,174.5807,174.8483,171.1699,171.8888,166224200,0.14,0.3,-1.81,-1.4
2015-12-04,171.8888,175.5338,171.8888,175.2412,192913900,0.0,2.12,0.0,1.95
2015-12-07,174.9151,175.3331,173.218,174.1794,102027100,-0.19,0.05,-1.15,-0.61
2015-12-08,172.6245,174.1293,172.0309,173.009,103372400,-0.89,-0.03,-1.23,-0.67
2015-12-09,172.3737,174.4554,170.6934,171.6631,162401500,-0.37,0.84,-1.34,-0.78
2015-12-10,171.73,173.4103,171.4959,172.1062,116128900,0.04,1.02,-0.1,0.26
2015-12-11,169.9995,170.6599,168.4612,168.7706,211173300,-1.22,-0.84,-2.12,-1.94
2015-12-14,168.9294,169.7487,167.1571,169.6233,182385200,0.09,0.58,-0.96,0.51
2015-12-15,171.1281,172.3068,169.5982,171.404,154069600,0.89,1.58,-0.01,1.05
2015-12-16,172.5242,174.2129,171.2117,173.912,197017000,0.65,1.64,-0.11,1.46
2015-12-17,174.2212,174.2881,171.2451,171.2618,173092500,0.18,0.22,-1.53,-1.52
2015-12-18,170.5236,170.6581,168.0511,168.2109,251393500,-0.43,-0.35,-1.87,-1.78
2015-12-21,169.3797,169.775,168.2697,169.5984,99094300,0.69,0.93,0.03,0.82
2015-12-22,170.4814,171.4317,169.4975,171.1374,111026200,0.52,1.08,-0.06,0.91
2015-12-23,172.1381,173.2987,172.0456,173.2566,110987200,0.58,1.26,0.53,1.24
2015-12-24,173.0043,173.5173,172.7521,172.9707,48539600,-0.15,0.15,-0.29,-0.17
2015-12-28,172.2811,172.6175,171.5074,172.5754,65899900,-0.4,-0.2,-0.85,-0.23
2015-12-29,173.6687,174.7452,173.6351,174.4172,92640700,0.63,1.26,0.61,1.07
2015-12-30,174.1733,174.2574,173.038,173.1809,63317700,-0.14,-0.09,-0.79,-0.71
2015-12-31,172.5082,173.1473,171.4485,171.4485,114877900,-0.39,-0.02,-1.0,-1.0
2016-01-04,168.606,169.0601,167.0081,169.0517,222353500,-1.66,-1.39,-2.59,-1.4
2016-01-05,169.3713,169.7918,168.236,169.3377,110845800,0.19,0.44,-0.48,0.17
2016-01-06,166.798,168.2444,166.1757,167.2016,152112600,-1.5,-0.65,-1.87,-1.26
2016-01-07,164.2666,166.0411,162.8033,163.1902,213436100,-1.76,-0.69,-2.63,-2.4
2016-01-08,164.1489,164.7039,161.113,161.3989,209817200,0.59,0.93,-1.27,-1.1
2016-01-11,162.3156,162.652,159.633,161.5588,187941300,0.57,0.78,-1.09,0.1
2016-01-12,162.9968,163.6107,160.743,162.8622,172330500,0.89,1.27,-0.5,0.81
2016-01-13,163.5266,163.8714,158.4219,158.8004,221168900,0.41,0.62,-2.73,-2.49
2016-01-14,159.4058,162.5258,157.8164,161.4073,240795600,0.38,2.35,-0.62,1.64
2016-01-15,157.068,158.7415,156.0168,157.9426,324846400,-2.69,-1.65,-3.34,-2.15
2016-01-19,159.7507,159.8768,156.5886,158.1528,195244400,1.14,1.22,-0.86,0.13
2016-01-20,155.6047,157.6819,152.2324,156.1261,286547800,-1.61,-0.3,-3.74,-1.28
2016-01-21,156.597,158.834,155.2767,157.0007,195772900,0.3,1.73,-0.54,0.56
2016-01-22,159.5993,160.4234,158.8424,160.2216,168319600,1.66,2.18,1.17,2.05
2016-01-25,159.717,159.9104,157.6062,157.7996,130371700,-0.31,-0.19,-1.63,-1.51
2016-01-26,158.4556,160.23,158.1192,159.9525,141036800,0.42,1.54,0.2,1.36
2016-01-27,159.431,161.0962,157.3118,158.2116,185681700,-0.33,0.71,-1.65,-1.09
2016-01-28,159.7506,159.9525,157.3959,159.0358,143798800,0.97,1.1,-0.52,0.52
2016-01-29,159.8011,163.0472,159.6834,162.9127,210529300,0.48,2.52,0.41,2.44
2016-02-01,161.912,163.636,161.3317,162.8539,136061600,-0.61,0.44,-0.97,-0.04
2016-02-02,161.4326,161.441,159.3974,159.9189,182564900,-0.87,-0.87,-2.12,-1.8
2016-02-03,160.9701,161.2812,157.3455,160.8775,205054900,0.66,0.85,-1.61,0.6
2016-02-04,160.3814,162.0969,159.7506,161.1298,139531800,-0.31,0.76,-0.7,0.16
2016-02-05,160.6169,161.1887,157.4296,158.0603,180788300,-0.32,0.04,-2.3,-1.91
2016-02-08,156.227,156.5213,153.7293,155.9326,191526700,-1.16,-0.97,-2.74,-1.35
2016-02-09,154.2002,157.2109,154.0657,155.941,184513100,-1.11,0.82,-1.2,0.01
2016-02-10,156.7652,158.3882,155.6803,155.8065,148214100,0.53,1.57,-0.17,-0.09
2016-02-11,153.3425,154.8227,152.2913,153.7798,219058900,-1.58,-0.63,-2.26,-1.3
2016-02-12,155.5458,156.967,154.7048,156.9502,127632400,1.15,2.07,0.6,2.06
2016-02-16,158.7499,159.6245,157.7912,159.5993,120250700,1.15,1.7,0.54,1.69
2016-02-17,160.7598,162.5763,160.6336,162.2062,136009500,0.73,1.87,0.65,1.63
2016-02-18,162.4754,162.5343,161.2307,161.5419,102343000,0.17,0.2,-0.6,-0.41
2016-02-19,160.7682,161.6176,160.1627,161.4662,114793000,-0.48,0.05,-0.85,-0.05
2016-02-22,163.0389,163.9471,162.9716,163.8041,103640300,0.97,1.54,0.93,1.45
2016-02-23,163.1481,163.4172,161.6175,161.7353,111455300,-0.4,-0.24,-1.33,-1.26
2016-02-24,160.3141,162.7529,159.2124,162.4754,150812200,-0.88,0.63,-1.56,0.46
2016-02-25,162.9211,164.4517,162.1642,164.4433,110728300,0.27,1.22,-0.19,1.21
2016-02-26,165.3094,165.4019,163.905,164.0648,129833700,0.53,0.58,-0.33,-0.23
2016-02-29,164.0817,165.0235,162.5847,162.7782,125918100,0.01,0.58,-0.9,-0.78
2016-03-01,163.9976,166.6887,163.5266,166.6046,141799700,0.75,2.4,0.46,2.35
2016-03-02,166.2934,167.4034,165.8813,167.353,102415000,-0.19,0.48,-0.43,0.45
2016-03-03,167.1764,168.0258,166.6046,168.009,95172200,-0.11,0.4,-0.45,0.39
2016-03-04,168.2024,169.3293,167.3782,168.5556,129293600,0.12,0.79,-0.38,0.33
2016-03-07,167.639,169.0938,167.5633,168.6902,100219000,-0.54,0.32,-0.59,0.08
2016-03-08,167.6221,168.1267,166.6886,166.8484,123974900,-0.63,-0.33,-1.19,-1.09
2016-03-09,167.6558,168.0174,166.8737,167.6726,94801200,0.48,0.7,0.02,0.49
2016-03-10,168.1603,169.0938,165.9906,167.8071,156838700,0.29,0.85,-1.0,0.08
2016-03-11,169.2536,170.5571,167.7903,170.5151,137964500,0.86,1.64,-0.01,1.61
2016-03-14,170.0105,170.7506,169.6825,170.2964,73612000,-0.3,0.14,-0.49,-0.13
2016-03-15,169.3377,170.3216,169.077,170.0189,93169100,-0.56,0.01,-0.72,-0.16
2016-03-16,169.5395,171.4065,169.4975,171.0028,129303200,-0.28,0.82,-0.31,0.58
2016-03-17,170.9187,172.5923,170.5235,172.0877,134278500,-0.05,0.93,-0.28,0.63
2016-03-18,172.5864,173.102,172.2736,172.7639,138372400,0.29,0.59,0.11,0.39
2016-03-21,172.5019,173.2373,172.2736,173.0091,72926700,-0.15,0.27,-0.28,0.14
2016-03-22,172.2398,173.4824,172.0792,172.916,97471900,-0.44,0.27,-0.54,-0.05
2016-03-23,172.5357,172.7216,171.6058,171.7749,81052500,-0.22,-0.11,-0.76,-0.66
2016-03-24,170.7521,171.7326,170.5323,171.6988,84360900,-0.6,-0.02,-0.72,-0.04
2016-03-28,172.113,172.3244,171.3523,171.8003,62408200,0.24,0.36,-0.2,0.06
2016-03-29,171.3945,173.4993,171.0902,173.3894,92922900,-0.24,0.99,-0.41,0.92
2016-03-30,174.3869,174.8687,173.7867,174.1502,86365300,0.58,0.85,0.23,0.44
2016-03-31,174.0572,174.4798,173.5669,173.7275,94584100,-0.05,0.19,-0.33,-0.24
2016-04-01,172.7386,175.097,172.4258,174.911,114423500,-0.57,0.79,-0.75,0.68
2016-04-04,174.8349,175.0378,174.0403,174.3446,63497000,-0.04,0.07,-0.5,-0.32
2016-04-05,173.009,174.3531,172.3497,172.6033,99662200,-0.77,0.0,-1.14,-1.0
2016-04-06,172.6033,174.5475,172.4258,174.4883,91839800,-0.0,1.13,-0.1,1.09
2016-04-07,173.4063,173.7613,171.6734,172.4004,113859000,-0.62,-0.42,-1.61,-1.2
2016-04-08,173.5754,174.0065,172.3328,172.8653,95040600,0.68,0.93,-0.04,0.27
2016-04-11,173.4993,174.1925,172.3666,172.4596,83757500,0.37,0.77,-0.29,-0.23
2016-04-12,172.6287,174.3447,172.1891,174.0657,115350600,0.1,1.09,-0.16,0.93
2016-04-13,174.9786,175.9084,174.8433,175.8239,96336400,0.52,1.06,0.45,1.01
2016-04-14,175.8831,176.3311,175.4858,175.8324,65212900,0.03,0.29,-0.19,0.0
2016-04-15,175.8323,175.9676,175.3167,175.6379,75761600,-0.0,0.08,-0.29,-0.11
2016-04-18,175.6379,176.9059,174.9786,176.8721,82531000,0.0,0.72,-0.38,0.7
2016-04-19,177.2947,177.6836,176.6185,177.43,88316100,0.24,0.46,-0.14,0.32
2016-04-20,177.4723,178.2923,176.9989,177.5991,81100300,0.02,0.49,-0.24,0.1
2016-04-21,177.616,177.7259,176.3734,176.6439,85695000,0.01,0.07,-0.69,-0.54
2016-04-22,176.2888,176.9144,175.7478,176.6439,99251700,-0.2,0.15,-0.51,0.0
2016-04-25,176.0437,176.3818,175.4351,176.3396,66166500,-0.34,-0.15,-0.68,-0.17
2016-04-26,176.7031,177.1088,176.1283,176.6016,75864200,0.21,0.44,-0.12,0.15
2016-04-27,176.2212,177.3539,175.8662,176.9651,77329400,-0.22,0.43,-0.42,0.21
2016-04-28,176.2127,177.3116,174.9448,175.359,97216200,-0.43,0.2,-1.14,-0.91
2016-04-29,174.7419,175.0885,173.3134,174.4123,142424100,-0.35,-0.15,-1.17,-0.54
2016-05-02,174.911,175.9761,174.4799,175.7986,62188000,0.29,0.9,0.04,0.79
2016-05-03,174.5729,174.8096,173.5247,174.2686,106422100,-0.7,-0.56,-1.29,-0.87
2016-05-04,173.2795,174.0065,172.7977,173.2964,92243800,-0.57,-0.15,-0.84,-0.56
2016-05-05,173.7613,174.1164,172.84,173.2626,67619200,0.27,0.47,-0.26,-0.02
2016-05-06,172.4935,173.9389,172.3413,173.8967,89315000,-0.44,0.39,-0.53,0.37
2016-05-09,173.7699,174.4714,173.5923,174.0403,74374900,-0.07,0.33,-0.18,0.08
2016-05-10,174.7419,176.2212,174.6743,176.2043,77472200,0.4,1.25,0.36,1.24
2016-05-11,175.7478,176.2804,174.556,174.556,81727000,-0.26,0.04,-0.94,-0.94
2016-05-12,175.2237,175.3928,173.6008,174.6067,89586300,0.38,0.48,-0.55,0.03
2016-05-13,174.3108,174.8603,172.7639,173.0851,96474600,-0.17,0.15,-1.06,-0.87
2016-05-16,173.2542,175.266,173.195,174.7926,77486800,0.1,1.26,0.06,0.99
2016-05-17,174.5222,174.8096,172.6371,173.1612,114924900,-0.15,0.01,-1.23,-0.93
2016-05-18,172.8146,174.3869,172.1299,173.2119,120062100,-0.2,0.71,-0.6,0.03
2016-05-19,172.4934,172.8992,171.4114,172.6118,115430500,-0.41,-0.18,-1.04,-0.35
2016-05-20,173.2204,174.2179,173.1697,173.7022,104990400,0.35,0.93,0.32,0.63
2016-05-23,173.7191,173.998,173.2795,173.4655,58682600,0.01,0.17,-0.24,-0.14
2016-05-24,174.277,176.0268,174.2517,175.714,93537800,0.47,1.48,0.45,1.3
2016-05-25,176.3903,177.3202,175.7141,176.906,76621400,0.38,0.91,0.0,0.68
2016-05-26,177.0412,177.2694,176.6439,176.9567,55280700,0.08,0.21,-0.15,0.03
2016-05-27,177.1172,177.7258,177.0665,177.7174,64211200,0.09,0.43,0.06,0.43
2016-05-31,177.9879,178.0978,176.8214,177.3793,109879400,0.15,0.21,-0.5,-0.19
2016-06-01,176.7707,177.9203,176.5762,177.7428,69936200,-0.34,0.31,-0.45,0.2
2016-06-02,177.3455,178.3007,176.8722,178.2838,63044700,-0.22,0.31,-0.49,0.3
2016-06-03,177.7259,178.0978,176.5509,177.7512,101757100,-0.31,-0.1,-0.97,-0.3
2016-06-06,178.1063,179.0108,177.9457,178.6557,64887000,0.2,0.71,0.11,0.51
2016-06-07,178.8079,179.4926,178.7825,178.9347,60974800,0.09,0.47,0.07,0.16
2016-06-08,179.0699,179.6447,178.9431,179.5179,66170900,0.08,0.4,0.0,0.33
2016-06-09,178.7909,179.3911,178.5204,179.2728,73786900,-0.4,-0.07,-0.56,-0.14
2016-06-10,177.9034,178.2415,177.0327,177.5737,113829200,-0.76,-0.58,-1.25,-0.95
2016-06-13,176.9735,177.8273,176.1197,176.2043,117751200,-0.34,0.14,-0.82,-0.77
2016-06-14,175.8239,176.4494,174.9109,175.8577,125059300,-0.22,0.14,-0.73,-0.2
2016-06-15,175.8577,176.9735,175.4266,175.6126,109124500,0.0,0.63,-0.25,-0.14
2016-06-16,175.6125,176.3057,173.7867,176.1366,149533100,-0.0,0.39,-1.04,0.3
2016-06-17,176.033,176.0585,174.8264,175.4807,117055700,-0.06,-0.04,-0.74,-0.37
2016-06-20,177.4351,178.1063,176.5259,176.6109,82789600,1.11,1.5,0.6,0.64
2016-06-21,176.9932,177.52,176.5513,177.1121,72461700,0.22,0.51,-0.03,0.28
2016-06-22,177.2906,178.0129,176.6788,176.8233,95560500,0.1,0.51,-0.24,-0.16
2016-06-23,178.2762,179.1769,177.8174,179.1259,102731400,0.82,1.33,0.56,1.3
2016-06-24,173.0251,179.1599,172.2518,172.6937,333444400,-3.41,0.02,-3.84,-3.59
2016-06-27,171.2917,171.3002,168.7935,169.6008,230775800,-0.81,-0.81,-2.26,-1.79
2016-06-28,171.1982,172.6852,170.8923,172.6597,159382400,0.94,1.82,0.76,1.8
2016-06-29,174.0532,175.8291,173.9512,175.5997,137328600,0.81,1.84,0.75,1.7
2016-06-30,176.067,178.0468,175.5147,177.9958,165021900,0.27,1.39,-0.05,1.36
2016-07-01,177.9958,178.854,177.8344,178.3697,106055300,0.0,0.48,-0.09,0.21
2016-07-05,177.5455,177.656,176.4919,177.0867,109803700,-0.46,-0.4,-1.05,-0.72
2016-07-06,176.5938,178.2677,175.9396,178.1488,96021500,-0.28,0.67,-0.65,0.6
2016-07-07,178.3273,178.99,177.2736,178.0384,85593800,0.1,0.47,-0.49,-0.06
2016-07-08,179.3299,180.9358,179.1005,180.6894,133971000,0.73,1.63,0.6,1.49
2016-07-11,181.1482,181.8959,180.9443,181.3266,73633900,0.25,0.67,0.14,0.35
2016-07-12,182.2868,182.9411,181.3521,182.6437,101275600,0.53,0.89,0.01,0.73
2016-07-13,183.0601,183.0686,182.1339,182.6182,87324100,0.23,0.23,-0.28,-0.01
2016-07-14,183.8758,184.1052,183.247,183.6379,91230900,0.69,0.81,0.34,0.56
2016-07-15,184.1987,184.3941,182.9496,183.3915,107155400,0.31,0.41,-0.37,-0.13
2016-07-18,183.5104,184.0457,183.2555,183.8843,58725900,0.06,0.36,-0.07,0.27
2016-07-19,183.4679,183.7313,183.2215,183.6974,54345700,-0.23,-0.08,-0.36,-0.1
2016-07-20,183.6974,184.7,183.6974,184.4621,58159500,0.0,0.55,0.0,0.42
2016-07-21,184.3516,184.5726,183.3235,183.7654,67777300,-0.06,0.06,-0.62,-0.38
2016-07-22,183.8842,184.6405,183.6208,184.5895,62787500,0.06,0.48,-0.08,0.45
2016-07-25,184.3856,184.4366,183.5104,184.0882,55873100,-0.11,-0.08,-0.58,-0.27
2016-07-26,183.9862,184.53,183.3319,184.1731,70080500,-0.06,0.24,-0.41,0.05
2016-07-27,184.5471,184.6151,183.2131,183.9778,84083900,0.2,0.24,-0.52,-0.11
2016-07-28,183.7823,184.4791,183.3235,184.1902,65035700,-0.11,0.27,-0.36,0.12
2016-07-29,183.9268,184.8445,183.6464,184.4876,79519400,-0.14,0.36,-0.3,0.16
2016-08-01,184.5471,184.9379,183.8843,184.3346,73311400,0.03,0.24,-0.33,-0.08
2016-08-02,184.0882,184.2412,182.3208,183.1535,92295500,-0.13,-0.05,-1.09,-0.64
2016-08-03,183.094,183.7483,182.7966,183.6888,53993600,-0.03,0.32,-0.19,0.29
2016-08-04,183.7993,184.1987,182.0489,183.8843,46585500,0.06,0.28,-0.89,0.11
2016-08-05,183.8843,185.4307,183.8843,185.3882,71892200,-0.0,0.84,-0.0,0.82
2016-08-08,185.5752,185.6771,185.0144,185.2778,39906500,0.1,0.16,-0.2,-0.06
2016-08-09,185.3458,185.8811,185.0654,185.3882,51251700,0.04,0.33,-0.11,0.06
2016-08-10,185.4987,185.5751,184.581,184.9294,57941100,0.06,0.1,-0.44,-0.25
2016-08-11,185.4562,186.034,185.1928,185.7876,72504300,0.28,0.6,0.14,0.46
2016-08-12,185.4817,185.8386,185.2268,185.6262,61313500,-0.16,0.03,-0.3,-0.09
2016-08-15,185.9915,186.5099,185.9831,186.1615,49813500,0.2,0.48,0.19,0.29
2016-08-16,185.7451,185.8131,185.2013,185.2013,53213600,-0.22,-0.19,-0.52,-0.52
2016-08-17,185.2353,185.6857,184.4026,185.5497,75134300,0.02,0.26,-0.43,0.19
2016-08-18,185.5242,186.0,185.4138,185.9661,52989300,-0.01,0.24,-0.07,0.22
2016-08-19,185.4987,185.8726,185.0144,185.6941,75443000,-0.25,-0.05,-0.51,-0.15
2016-08-22,185.4563,185.9151,185.0909,185.6857,61368800,-0.13,0.12,-0.32,-0.0
2016-08-23,186.2974,186.5948,186.0,186.0595,53399200,0.33,0.49,0.17,0.2
2016-08-24,185.9151,186.0085,184.6915,185.1078,71728900,-0.08,-0.03,-0.74,-0.51
2016-08-25,184.7255,185.3968,184.5726,184.9804,69224800,-0.21,0.16,-0.29,-0.07
2016-08-26,185.1674,186.187,183.7483,184.632,122506300,0.1,0.65,-0.67,-0.19
2016-08-29,184.7595,185.8046,184.7255,185.5412,70502200,0.07,0.64,0.05,0.49
2016-08-30,185.4562,185.7366,184.683,185.2353,58114500,-0.05,0.11,-0.46,-0.16
2016-08-31,184.9039,185.0229,183.9353,184.7085,85269500,-0.18,-0.11,-0.7,-0.28
2016-09-01,184.7,185.0058,183.5614,184.7169,97844200,-0.0,0.16,-0.62,0.0
2016-09-02,185.5667,185.9746,184.9804,185.5497,79293900,0.46,0.68,0.14,0.45
2016-09-06,185.8301,186.187,185.1164,186.1105,56702100,0.15,0.34,-0.23,0.3
2016-09-07,185.949,186.2719,185.4902,186.0935,76554900,-0.09,0.09,-0.33,-0.01
2016-09-08,185.7621,186.034,185.3628,185.6687,74102900,-0.18,-0.03,-0.39,-0.23
2016-09-09,184.3601,184.4111,181.1992,181.2247,221589100,-0.7,-0.68,-2.41,-2.39
2016-09-12,180.4685,184.2242,180.4005,183.8248,168110900,-0.42,1.66,-0.45,1.43
2016-09-13,182.5503,182.8137,180.562,181.1823,182828800,-0.69,-0.55,-1.77,-1.44
2016-09-14,181.2332,182.4313,180.5619,181.1142,134185500,0.03,0.69,-0.34,-0.04
2016-09-15,180.9528,183.3065,180.7744,182.9241,134427900,-0.09,1.21,-0.19,1.0
2016-09-16,182.311,182.4903,181.5338,182.217,155236400,-0.34,-0.24,-0.76,-0.39
2016-09-19,182.866,183.5065,181.9266,182.2511,80250500,0.36,0.71,-0.16,0.02
2016-09-20,183.1052,183.2589,182.2256,182.2597,69665300,0.47,0.55,-0.01,0.0
2016-09-21,182.96,184.4886,182.2768,184.3093,110284400,0.38,1.22,0.01,1.12
2016-09-22,185.317,185.7696,185.0693,185.4707,76678700,0.55,0.79,0.41,0.63
2016-09-23,185.0779,185.2146,184.3606,184.4545,73630900,-0.21,-0.14,-0.6,-0.55
2016-09-26,183.6261,183.8054,182.7635,182.9599,89827300,-0.45,-0.35,-0.92,-0.81
2016-09-27,182.7977,184.1897,182.4305,184.0958,78494800,-0.09,0.67,-0.29,0.62
2016-09-28,184.3178,185.1633,183.3614,185.0096,87411000,0.12,0.58,-0.4,0.5
2016-09-29,184.8046,185.206,182.7892,183.3357,128070600,-0.11,0.11,-1.2,-0.9
2016-09-30,184.1641,185.4195,183.9164,184.7192,117202900,0.45,1.14,0.32,0.75
2016-10-03,184.3093,184.4972,183.6432,184.2751,83512100,-0.22,-0.12,-0.58,-0.24
2016-10-04,184.3861,184.6082,182.7465,183.3357,119948100,0.06,0.18,-0.83,-0.51
2016-10-05,183.9592,184.5741,183.8909,184.1471,72816000,0.34,0.68,0.3,0.44
2016-10-06,183.925,184.4972,183.387,184.2751,62927400,-0.12,0.19,-0.41,0.07
2016-10-07,184.5484,184.7192,182.9173,183.6432,89788300,0.15,0.24,-0.74,-0.34
2016-10-10,184.5996,185.0608,184.4545,184.5996,51855000,0.52,0.77,0.44,0.52
2016-10-11,184.1726,184.2409,181.5423,182.2682,130367400,-0.23,-0.19,-1.66,-1.26
2016-10-12,182.4049,183.0283,181.9095,182.5074,73866100,0.07,0.42,-0.2,0.13
2016-10-13,181.1837,182.4049,180.3724,181.9096,101357000,-0.73,-0.06,-1.17,-0.33
2016-10-14,182.8831,183.3443,181.9266,182.0035,93346200,0.54,0.79,0.01,0.05
2016-10-17,181.9779,182.2341,181.1922,181.3715,58275700,-0.01,0.13,-0.45,-0.35
2016-10-18,182.96,183.0197,182.1316,182.5074,76869700,0.88,0.91,0.42,0.63
2016-10-19,182.7721,183.3016,182.4134,182.9941,66519200,0.15,0.44,-0.05,0.27
2016-10-20,182.644,183.2077,181.995,182.6526,73639800,-0.19,0.12,-0.55,-0.19
2016-10-21,182.6526,182.8234,181.6961,182.738,89089100,0.0,0.09,-0.52,0.05
2016-10-24,183.609,183.8823,183.1649,183.5151,60146600,0.48,0.63,0.23,0.43
2016-10-25,183.3357,183.5919,182.7379,182.9001,66542300,-0.1,0.04,-0.42,-0.34
2016-10-26,182.0804,183.1137,181.8412,182.533,75705500,-0.45,0.12,-0.58,-0.2
2016-10-27,183.2503,183.2845,181.9693,182.0462,77220200,0.39,0.41,-0.31,-0.27
2016-10-28,182.0206,182.6953,180.7994,181.5082,140623200,-0.01,0.36,-0.68,-0.3
2016-10-31,181.8412,182.0633,181.3545,181.5167,61272500,0.18,0.31,-0.08,0.0
2016-11-01,181.8412,181.8925,178.9974,180.2016,122781800,0.18,0.21,-1.39,-0.72
2016-11-02,179.8941,180.2784,178.6815,179.117,103330800,-0.17,0.04,-0.84,-0.6
2016-11-03,179.3306,179.5441,178.024,178.2972,88939300,0.12,0.24,-0.61,-0.46
2016-11-04,178.4082,179.2451,177.9555,178.1007,109122100,0.06,0.53,-0.19,-0.11
2016-11-07,178.1008,182.0633,178.1008,182.0291,109794900,0.0,2.22,0.0,2.21
2016-11-08,181.6363,183.4126,181.3715,182.8489,106772100,-0.22,0.76,-0.36,0.45
2016-11-09,181.363,185.4024,181.3374,184.7875,258429000,-0.81,1.4,-0.83,1.06
2016-11-10,185.5732,186.4358,183.7969,185.2487,172113300,0.43,0.89,-0.54,0.25
2016-11-11,184.5313,185.0608,183.8823,184.8217,100552700,-0.39,-0.1,-0.74,-0.23
2016-11-14,185.3426,185.5476,184.2239,184.9669,94580000,0.28,0.39,-0.32,0.08
2016-11-15,185.3511,186.4101,185.1462,186.4101,91652600,0.21,0.78,0.1,0.78
2016-11-16,185.7952,186.2905,185.6757,186.06,65617700,-0.33,-0.06,-0.39,-0.19
2016-11-17,186.2137,187.0762,186.1027,187.0164,69797200,0.08,0.55,0.02,0.51
2016-11-18,187.0848,187.2556,186.4186,186.598,86265800,0.04,0.13,-0.32,-0.22
2016-11-21,187.1701,188.0327,187.025,188.007,72402600,0.31,0.77,0.23,0.76
2016-11-22,188.3146,188.5537,187.6484,188.3743,67429000,0.16,0.29,-0.19,0.2
2016-11-23,187.8619,188.528,187.6655,188.4768,56620200,-0.27,0.08,-0.38,0.05
2016-11-25,188.8184,189.2112,188.7415,189.1771,37872300,0.18,0.39,0.14,0.37
2016-11-28,188.8696,189.1429,188.1864,188.2889,76572500,-0.16,-0.02,-0.52,-0.47
2016-11-29,188.3231,189.1088,188.0242,188.6562,69886700,0.02,0.44,-0.14,0.2
2016-11-30,189.271,189.4333,188.1437,188.2035,113291800,0.33,0.41,-0.27,-0.24
2016-12-01,188.5024,188.5024,187.1531,187.5118,79040500,0.16,0.16,-0.56,-0.37
2016-12-02,187.5972,188.0925,187.247,187.6057,74840300,0.05,0.31,-0.14,0.05
2016-12-05,188.434,189.0745,188.2376,188.7329,67837800,0.44,0.78,0.34,0.6
2016-12-06,188.9209,189.3649,188.4426,189.3308,59877400,0.1,0.33,-0.15,0.32
2016-12-07,189.1771,191.8672,189.0576,191.8074,110738100,-0.08,1.34,-0.14,1.31
2016-12-08,191.7817,192.7467,191.517,192.277,99714400,-0.01,0.49,-0.15,0.24
2016-12-09,192.4991,193.4556,192.4649,193.4385,88005800,0.12,0.61,0.1,0.6
2016-12-12,193.3446,193.8228,192.798,193.2165,102016100,-0.05,0.2,-0.33,-0.11
2016-12-13,193.8741,195.0013,193.857,194.506,110477500,0.34,0.92,0.33,0.67
2016-12-14,194.2071,194.9074,192.465,192.9005,142501800,-0.15,0.21,-1.05,-0.83
2016-12-15,193.1396,194.5487,192.909,193.6947,124972600,0.12,0.85,0.0,0.41
2016-12-16,194.1491,194.2093,192.9981,193.3159,156420200,0.23,0.27,-0.36,-0.2
2016-12-19,193.4963,194.1578,193.3503,193.7368,90341100,0.09,0.44,0.02,0.22
2016-12-20,194.2694,194.6302,194.0375,194.4841,89838800,0.27,0.46,0.16,0.39
2016-12-21,194.3553,194.5271,193.943,193.943,67909000,-0.07,0.02,-0.28,-0.28
2016-12-22,193.7969,193.9172,193.2128,193.6079,56219100,-0.08,-0.01,-0.38,-0.17
2016-12-23,193.6509,193.9,193.462,193.8915,36697800,0.02,0.15,-0.08,0.15
2016-12-27,194.1577,194.7676,194.1405,194.3725,42672500,0.14,0.45,0.13,0.25
2016-12-28,194.6302,194.6473,192.6544,192.7661,64095000,0.13,0.14,-0.88,-0.83
2016-12-29,192.8349,193.1871,192.2851,192.7232,48696100,0.04,0.22,-0.25,-0.02
2016-12-30,193.0496,193.1355,191.3315,192.0188,108998300,0.17,0.21,-0.72,-0.37
2017-01-03,193.3158,193.9945,192.3194,193.4877,91366500,0.68,1.03,0.16,0.76
2017-01-04,193.8141,194.7848,193.8056,194.6388,78744400,0.17,0.67,0.16,0.59
2017-01-05,194.3725,194.6388,193.6938,194.4841,78379000,-0.14,-0.0,-0.49,-0.08
2017-01-06,194.5958,195.6439,194.0547,195.18,71559900,0.06,0.6,-0.22,0.36
2017-01-09,194.9223,195.0597,194.5014,194.5357,46939700,-0.13,-0.06,-0.35,-0.33
2017-01-10,194.5529,195.3862,194.1491,194.5357,63771900,0.01,0.44,-0.2,0.0
2017-01-11,194.4498,195.0855,193.7883,195.0855,74650000,-0.04,0.28,-0.38,0.28
2017-01-12,194.5701,194.7849,193.2472,194.5959,72113200,-0.26,-0.15,-0.94,-0.25
2017-01-13,194.7676,195.3432,194.7333,195.0425,62717900,0.09,0.38,0.07,0.23
2017-01-17,194.4069,194.8106,193.9688,194.3553,61240800,-0.33,-0.12,-0.55,-0.35
2017-01-18,194.6044,194.8278,194.0547,194.7848,54793300,0.13,0.24,-0.15,0.22
2017-01-19,194.8622,194.9996,193.6337,194.0633,66608800,0.04,0.11,-0.59,-0.37
2017-01-20,194.7418,195.2658,194.1147,194.7762,129168600,0.35,0.62,0.03,0.37
2017-01-23,194.7762,194.8363,193.5134,194.2694,75061600,0.0,0.03,-0.65,-0.26
2017-01-24,194.4842,195.9273,194.3725,195.515,95555300,0.11,0.85,0.05,0.64
2017-01-25,196.4599,197.2073,196.2967,197.2073,84437700,0.48,0.87,0.4,0.87
2017-01-26,197.0613,197.3276,196.7262,197.0011,59970700,-0.07,0.06,-0.24,-0.1
2017-01-27,197.0784,197.2244,196.5114,196.6918,59711100,0.04,0.11,-0.25,-0.16
2017-01-30,196.0047,196.0304,194.4928,195.4721,79737300,-0.35,-0.34,-1.12,-0.62
2017-01-31,194.9824,195.515,194.4154,195.4548,75880800,-0.25,0.02,-0.54,-0.01
2017-02-01,195.4549,196.3655,194.9481,195.5322,79117700,0.0,0.47,-0.26,0.04
2017-02-02,195.5321,195.9445,194.8449,195.661,69657600,-0.0,0.21,-0.35,0.07
2017-02-03,196.563,197.1901,196.2537,197.0097,80563200,0.46,0.78,0.3,0.69
2017-02-06,196.6059,197.0011,196.3225,196.6575,57790100,-0.2,-0.0,-0.35,-0.18
2017-02-07,197.0441,197.2846,196.4771,196.6661,57931200,0.2,0.32,-0.09,0.0
2017-02-08,196.6661,197.0526,196.1249,196.9238,51566200,-0.0,0.2,-0.28,0.13
2017-02-09,196.9238,198.3927,196.9238,198.0921,65955200,-0.0,0.75,-0.0,0.59
2017-02-10,198.4357,199.0972,198.1093,198.8738,66015900,0.17,0.51,0.01,0.39
2017-02-13,199.3635,200.2139,199.3377,199.9562,55182100,0.25,0.67,0.23,0.54
2017-02-14,199.7758,200.7637,199.4322,200.7551,71109000,-0.09,0.4,-0.26,0.4
2017-02-15,200.5403,201.992,200.4887,201.8031,86785800,-0.11,0.62,-0.13,0.52
2017-02-16,201.8288,202.0092,200.8839,201.6312,84722400,0.01,0.1,-0.46,-0.09
2017-02-17,200.9698,201.9491,200.9526,201.9491,77204100,-0.33,0.16,-0.34,0.16
2017-02-21,202.3185,203.3236,202.3099,203.1518,88946100,0.18,0.68,0.18,0.6
2017-02-22,202.748,203.1947,202.5848,202.9713,62115200,-0.2,0.02,-0.28,-0.09
2017-02-23,203.4868,203.504,202.3529,203.1088,74615900,0.25,0.26,-0.3,0.07
2017-02-24,202.2669,203.4094,202.224,203.3665,82381600,-0.41,0.15,-0.44,0.13
2017-02-27,203.2806,203.8562,203.0315,203.6844,56515400,-0.04,0.24,-0.16,0.16
2017-02-28,203.3064,203.5469,202.748,203.1346,96961900,-0.19,-0.07,-0.46,-0.27
2017-03-01,204.7839,206.4418,204.7667,205.9779,149158200,0.81,1.63,0.8,1.4
2017-03-02,205.789,205.7976,204.6293,204.6808,70246000,-0.09,-0.09,-0.65,-0.63
2017-03-03,204.5949,204.9729,204.217,204.8097,81974300,-0.04,0.14,-0.23,0.06
2017-03-06,204.0194,204.552,203.5985,204.1998,55391500,-0.39,-0.13,-0.59,-0.3
2017-03-07,203.8991,204.2513,203.3837,203.5899,65103700,-0.15,0.03,-0.4,-0.3
2017-03-08,203.8819,204.1396,203.0744,203.2119,78168800,0.14,0.27,-0.25,-0.19
2017-03-09,203.3322,203.7961,202.5075,203.4696,90683900,0.06,0.29,-0.35,0.13
2017-03-10,204.4231,204.4661,203.2376,204.1826,81991700,0.47,0.49,-0.11,0.35
2017-03-13,204.1224,204.3286,203.796,204.2856,57256800,-0.03,0.07,-0.19,0.05
2017-03-14,203.7445,203.796,202.894,203.5039,59880800,-0.26,-0.24,-0.68,-0.38
2017-03-15,204.0709,205.6859,203.8389,205.2649,96081800,0.28,1.07,0.16,0.87
2017-03-16,205.4024,205.4797,204.5348,204.8612,78344000,0.07,0.1,-0.36,-0.2
2017-03-17,205.1226,205.3124,204.5014,204.5014,89002100,0.13,0.22,-0.18,-0.18
2017-03-20,204.5014,204.7861,203.8889,204.2771,52537000,-0.0,0.14,-0.3,-0.11
2017-03-21,204.8811,205.0018,201.5249,201.6543,131809300,0.3,0.35,-1.35,-1.28
2017-03-22,201.6888,202.4135,201.0676,202.1288,97569200,0.02,0.38,-0.29,0.24
2017-03-23,202.1289,203.0434,201.5422,201.9132,100410300,0.0,0.45,-0.29,-0.11
2017-03-24,202.2151,202.7845,200.99,201.7664,112504900,0.15,0.43,-0.46,-0.07
2017-03-27,200.1014,201.8183,199.8253,201.5594,87454500,-0.83,0.03,-0.96,-0.1
2017-03-28,201.2575,203.4489,201.1453,203.0261,93483900,-0.15,0.94,-0.21,0.73
2017-03-29,202.7414,203.4489,202.5171,203.2159,61950400,-0.14,0.21,-0.25,0.09
2017-03-30,203.1555,204.0614,202.9829,203.863,56737900,-0.03,0.42,-0.11,0.32
2017-03-31,203.5265,204.0528,203.3367,203.3885,73733100,-0.17,0.09,-0.26,-0.23
2017-04-03,203.4403,203.6387,201.8096,203.0348,85546500,0.03,0.12,-0.78,-0.17
2017-04-04,202.75,203.2504,202.3704,203.1641,56466200,-0.14,0.11,-0.33,0.06
2017-04-05,203.8371,204.812,202.3531,202.5602,108800600,0.33,0.81,-0.4,-0.3
2017-04-06,202.6983,203.6473,202.2583,203.1297,69135800,0.07,0.54,-0.15,0.28
2017-04-07,202.8794,203.6128,202.4394,202.9225,74412300,-0.12,0.24,-0.34,-0.1
2017-04-10,203.0606,203.8371,202.5171,203.0434,67615300,0.07,0.45,-0.2,0.06
2017-04-11,202.6638,202.9054,201.3179,202.8018,88045300,-0.19,-0.07,-0.85,-0.12
2017-04-12,202.5257,202.7155,201.6888,201.9132,81864400,-0.14,-0.04,-0.55,-0.44
2017-04-13,201.5767,202.31,200.6017,200.6017,92880400,-0.17,0.2,-0.65,-0.65
2017-04-17,201.1194,202.3791,200.921,202.3791,68405400,0.26,0.89,0.16,0.89
2017-04-18,201.6457,202.31,201.0935,201.7751,83225800,-0.36,-0.03,-0.64,-0.3
2017-04-19,202.3359,202.7069,201.1798,201.4041,68699900,0.28,0.46,-0.3,-0.18
2017-04-20,202.0167,203.4834,201.6974,203.0434,92572200,0.3,1.03,0.15,0.81
2017-04-21,202.9657,203.0175,201.9994,202.3963,110389800,-0.04,-0.01,-0.51,-0.32
2017-04-24,204.6308,204.8293,202.3704,204.6222,119209900,1.1,1.2,-0.01,1.1
2017-04-25,205.2607,206.1579,205.1744,205.8128,76698300,0.31,0.75,0.27,0.58
2017-04-26,205.7783,206.6583,205.6403,205.6834,84702500,-0.02,0.41,-0.08,-0.06
2017-04-27,206.0026,206.1579,205.321,205.856,57410300,0.16,0.23,-0.18,0.08
2017-04-28,206.1148,206.1407,205.2779,205.4073,63532800,0.13,0.14,-0.28,-0.22
2017-05-01,205.925,206.3478,205.5109,205.925,66882500,0.25,0.46,0.05,0.25
2017-05-02,206.0631,206.1839,205.5972,206.0027,57375700,0.07,0.13,-0.16,0.04
2017-05-03,206.0026,206.0975,205.0795,205.7524,73137700,-0.0,0.05,-0.45,-0.12
2017-05-04,206.0544,206.132,205.1485,205.994,61462700,0.15,0.18,-0.29,0.12
2017-05-05,206.365,206.8223,205.925,206.805,62001300,0.18,0.4,-0.03,0.39
2017-05-08,206.8482,206.9949,206.3478,206.7705,48385700,0.02,0.09,-0.22,-0.02
2017-05-09,207.0294,207.2278,206.2356,206.5807,51363200,0.13,0.22,-0.26,-0.09
2017-05-10,206.5376,206.9517,206.3305,206.9517,54293800,-0.02,0.18,-0.12,0.18
2017-05-11,206.5031,206.6929,205.4505,206.5289,62358300,-0.22,-0.13,-0.73,-0.2
2017-05-12,206.2788,206.5721,205.9164,206.1839,53912700,-0.12,0.02,-0.3,-0.17
2017-05-15,206.6066,207.4435,206.5893,207.3227,61918900,0.21,0.61,0.2,0.55
2017-05-16,207.6161,207.6419,206.7447,207.1329,51241800,0.14,0.15,-0.28,-0.09
2017-05-17,207.1329,207.1329,203.3971,203.4575,172174100,-0.0,-0.0,-1.8,-1.77
2017-05-18,203.3798,205.1226,203.121,204.2771,107047700,-0.04,0.82,-0.17,0.4
2017-05-19,204.7603,206.2701,204.7085,205.6058,115011400,0.24,0.98,0.21,0.65
2017-05-22,206.1148,206.8137,206.0458,206.6498,61010600,0.25,0.59,0.21,0.51
2017-05-23,207.0208,207.271,206.6411,207.107,48341700,0.18,0.3,-0.0,0.22
2017-05-24,207.3399,207.6937,207.0034,207.5901,46927700,0.11,0.28,-0.05,0.23
2017-05-25,208.0992,208.8584,207.8921,208.5823,64071700,0.25,0.61,0.15,0.48
2017-05-26,208.3925,208.7031,208.3149,208.5392,46629900,-0.09,0.06,-0.13,-0.02
2017-05-30,208.22,208.6082,208.0647,208.358,35201900,-0.15,0.03,-0.23,-0.09
2017-05-31,208.6514,208.6859,207.616,208.3063,91796000,0.14,0.16,-0.36,-0.02
2017-06-01,208.7635,209.98,208.4788,209.9628,68962000,0.22,0.8,0.08,0.8
2017-06-02,210.0145,210.8169,209.7211,210.6616,88666100,0.02,0.41,-0.12,0.33
2017-06-05,210.489,210.7737,210.3078,210.5063,44698800,-0.08,0.05,-0.17,-0.07
2017-06-06,209.9455,210.4977,209.7557,209.8334,50375400,-0.27,-0.0,-0.36,-0.32
2017-06-07,210.1699,210.4459,209.5055,210.2216,54144300,0.16,0.29,-0.16,0.19
2017-06-08,210.3165,210.7996,209.7988,210.3251,65950700,0.05,0.27,-0.2,0.05
2017-06-09,210.5925,211.3863,208.7462,210.0059,132256400,0.13,0.5,-0.75,-0.15
2017-06-12,209.7644,210.0145,209.1173,209.9628,86108100,-0.12,0.0,-0.42,-0.02
2017-06-13,210.4976,211.0412,210.1525,210.9894,60067000,0.25,0.51,0.09,0.49
2017-06-14,211.2569,211.2655,209.9024,210.722,78602300,0.13,0.13,-0.52,-0.13
2017-06-15,209.376,210.4372,209.0999,210.3165,66464900,-0.64,-0.14,-0.77,-0.19
2017-06-16,210.4751,210.5271,209.4868,210.3624,84553100,0.08,0.1,-0.39,0.02
2017-06-19,211.1861,212.1744,211.0907,212.1138,65123800,0.39,0.86,0.35,0.83
2017-06-20,211.7583,211.7669,210.6659,210.6832,56906400,-0.17,-0.16,-0.68,-0.67
2017-06-21,211.0734,211.1861,210.1631,210.6312,55977600,0.19,0.24,-0.25,-0.02
2017-06-22,210.6398,211.134,210.3624,210.5358,44148100,0.0,0.24,-0.13,-0.05
2017-06-23,210.5965,211.1167,210.215,210.7872,66986800,0.03,0.28,-0.15,0.12
2017-06-26,211.4548,211.871,210.7179,210.926,56700500,0.32,0.51,-0.03,0.07
2017-06-27,210.7092,211.004,209.2094,209.2267,82247700,-0.1,0.04,-0.81,-0.81
2017-06-28,210.2411,211.2988,210.007,211.0994,70042600,0.48,0.99,0.37,0.9
2017-06-29,211.2467,211.2987,208.0389,209.244,106949700,0.07,0.09,-1.45,-0.88
2017-06-30,210.0503,210.4231,209.4434,209.6342,86820700,0.39,0.56,0.1,0.19
2017-07-03,210.5705,211.004,209.9897,209.9897,39153800,0.45,0.65,0.17,0.17
2017-07-05,210.3538,210.6833,209.5475,210.4752,54427600,0.17,0.33,-0.21,0.23
2017-07-06,209.7122,209.8336,208.3684,208.5505,65400800,-0.36,-0.3,-1.0,-0.91
2017-07-07,209.1227,210.0504,208.5592,209.903,57972300,0.27,0.72,0.0,0.65
2017-07-10,209.9029,210.5012,209.5995,210.1284,36663300,-0.0,0.28,-0.14,0.11
2017-07-11,210.1284,210.2844,208.8106,209.9723,50354600,-0.0,0.07,-0.63,-0.07
2017-07-12,210.9346,211.7149,210.9346,211.5501,59610400,0.46,0.83,0.46,0.75
2017-07-13,211.5588,212.0183,211.3334,211.9056,39471600,0.0,0.22,-0.1,0.17
2017-07-14,211.9056,213.2494,211.8102,212.894,60262700,-0.0,0.63,-0.05,0.47
2017-07-17,212.816,213.1974,212.6946,212.868,33531900,-0.04,0.14,-0.09,-0.01
2017-07-18,212.4605,213.0327,212.1224,212.9807,42742500,-0.19,0.08,-0.35,0.05
2017-07-19,213.2928,214.1425,213.2842,214.1338,51034300,0.15,0.55,0.14,0.54
2017-07-20,214.3852,214.5066,213.6829,214.2291,47135200,0.12,0.17,-0.21,0.04
2017-07-21,213.657,214.0645,213.4316,214.0385,82340800,-0.27,-0.08,-0.37,-0.09
2017-07-24,213.9604,214.1251,213.5182,213.9864,46622300,-0.04,0.04,-0.24,-0.02
2017-07-25,214.7319,214.836,214.2811,214.5065,54915600,0.35,0.4,0.14,0.24
2017-07-26,214.7927,214.8274,214.2552,214.5153,47575400,0.13,0.15,-0.12,0.0
2017-07-27,214.9748,215.0094,212.998,214.3158,70766600,0.21,0.23,-0.71,-0.09
2017-07-28,213.839,214.1944,213.3882,214.0644,50088400,-0.22,-0.06,-0.43,-0.12
2017-07-31,214.4632,214.5586,213.735,213.943,65838700,0.19,0.23,-0.15,-0.06
2017-08-01,214.5413,214.5759,213.8997,214.4199,55050400,0.28,0.3,-0.02,0.22
2017-08-02,214.5499,214.6626,213.5962,214.5239,47211200,0.06,0.11,-0.38,0.05
2017-08-03,214.4112,214.4372,213.8303,214.1078,40856000,-0.05,-0.04,-0.32,-0.19
2017-08-04,214.5932,214.8273,214.1164,214.4979,60191800,0.23,0.34,0.0,0.18
2017-08-07,214.5672,214.8967,214.4632,214.8967,31995000,0.03,0.19,-0.02,0.19
2017-08-08,214.5846,215.7984,213.9951,214.3679,61719400,-0.15,0.42,-0.42,-0.25
2017-08-09,213.6829,214.4112,213.3275,214.3592,62632600,-0.32,0.02,-0.49,-0.0
2017-08-10,213.5269,213.6569,211.2814,211.3334,120479500,-0.39,-0.33,-1.44,-1.41
2017-08-11,211.5589,212.2351,211.3248,211.6456,74869900,0.11,0.43,-0.0,0.15
2017-08-14,212.92,213.9604,212.8853,213.7436,73291900,0.6,1.09,0.59,0.99
2017-08-15,214.1251,214.1424,213.4142,213.7176,55242700,0.18,0.19,-0.15,-0.01
2017-08-16,214.2378,214.6366,213.6656,214.0904,56715500,0.24,0.43,-0.02,0.17
2017-08-17,213.4835,213.7956,210.7525,210.7525,128490400,-0.28,-0.14,-1.56,-1.56
2017-08-18,210.5879,211.7063,209.981,210.4231,136748000,-0.08,0.45,-0.37,-0.16
2017-08-21,210.3625,210.848,209.6602,210.5879,65469700,-0.03,0.2,-0.36,0.08
2017-08-22,211.1688,212.946,211.1514,212.79,63140100,0.28,1.12,0.27,1.05
2017-08-23,211.8276,212.4518,211.6802,212.027,50203800,-0.45,-0.16,-0.52,-0.36
2017-08-24,212.4085,212.5645,211.3248,211.5329,50741700,0.18,0.25,-0.33,-0.23
2017-08-25,212.3218,212.9373,211.8796,212.027,64445900,0.37,0.66,0.16,0.23
2017-08-28,212.5559,212.5819,211.6195,212.0357,40565600,0.25,0.26,-0.19,0.0
2017-08-29,210.7266,212.5385,210.6139,212.2785,51135700,-0.62,0.24,-0.67,0.11
2017-08-30,212.2611,213.5529,212.0791,213.2841,62030800,-0.01,0.6,-0.09,0.47
2017-08-31,213.8997,214.81,213.3188,214.5673,103803900,0.29,0.72,0.02,0.6
2017-09-01,214.9401,215.2955,214.7233,214.8707,62007000,0.17,0.34,0.07,0.14
2017-09-05,214.3679,214.5933,212.3652,213.3275,91398800,-0.23,-0.13,-1.17,-0.72
2017-09-06,214.0037,214.3852,213.4749,214.0557,57916900,0.32,0.5,0.07,0.34
2017-09-07,214.3592,214.3766,213.6223,214.0298,58034700,0.14,0.15,-0.2,-0.01
2017-09-08,213.7436,214.2378,213.5356,213.7783,63832800,-0.13,0.1,-0.23,-0.12
2017-09-11,215.0441,216.1365,215.0267,216.0584,71364800,0.59,1.1,0.58,1.07
2017-09-12,216.4226,216.8214,216.2405,216.7867,56896000,0.17,0.35,0.08,0.34
2017-09-13,216.5007,216.9255,216.3879,216.8908,59228000,-0.13,0.06,-0.18,0.05
2017-09-14,216.57,217.0208,216.3966,216.8214,95446300,-0.15,0.06,-0.23,-0.03
2017-09-15,216.6776,217.2004,216.5731,217.1133,95432400,-0.07,0.17,-0.11,0.13
2017-09-18,217.4792,217.9235,217.1916,217.575,46235200,0.17,0.37,0.04,0.21
2017-09-19,217.819,217.88,217.4705,217.7929,47108100,0.11,0.14,-0.05,0.1
2017-09-20,217.88,217.9845,216.878,217.8713,59574100,0.04,0.09,-0.42,0.04
2017-09-21,217.7145,217.8016,217.1133,217.2876,48211400,-0.07,-0.03,-0.35,-0.27
2017-09-22,216.9913,217.4966,216.9652,217.3311,51214000,-0.14,0.1,-0.15,0.02
2017-09-25,217.0785,217.427,216.1462,216.8868,57064400,-0.12,0.04,-0.55,-0.2
2017-09-26,217.3137,217.5577,216.7823,217.0175,54082000,0.2,0.31,-0.05,0.06
2017-09-27,217.7144,218.2459,216.8345,217.8626,81001400,0.32,0.57,-0.08,0.39
2017-09-28,217.5838,218.2024,217.4967,218.124,44778800,-0.13,0.16,-0.17,0.12
2017-09-29,218.1153,218.9691,217.9323,218.8907,85578000,-0.0,0.39,-0.09,0.35
2017-10-02,219.1172,219.8404,218.943,219.8404,59023000,0.1,0.43,0.02,0.43
2017-10-03,219.8404,220.337,219.762,220.3109,66810200,-0.0,0.23,-0.04,0.21
2017-10-04,220.1628,220.8162,220.0495,220.5722,55953600,-0.07,0.23,-0.12,0.12
2017-10-05,220.9034,221.8966,220.6071,221.8792,63522800,0.15,0.6,0.02,0.59
2017-10-06,221.4348,221.914,221.1734,221.6265,80646000,-0.2,0.02,-0.32,-0.11
2017-10-09,221.853,221.914,220.9992,221.2606,35803100,0.1,0.13,-0.28,-0.17
2017-10-10,221.8269,222.219,221.2867,221.8443,43057400,0.26,0.43,0.01,0.26
2017-10-11,221.7485,222.1928,221.5829,222.1928,47674300,-0.04,0.16,-0.12,0.16
2017-10-12,221.8792,222.2277,221.6265,221.8618,47065100,-0.14,0.02,-0.25,-0.15
2017-10-13,222.2974,222.4107,221.8618,222.1319,54800400,0.2,0.25,-0.0,0.12
2017-10-16,222.3583,222.6197,222.0186,222.428,38221700,0.1,0.22,-0.05,0.13
2017-10-17,222.3758,222.6284,222.1579,222.5849,31561000,-0.02,0.09,-0.12,0.07
2017-10-18,222.9595,223.0031,222.611,222.8027,40888300,0.17,0.19,0.01,0.1
2017-10-19,222.0273,222.8986,221.6091,222.8637,61903800,-0.35,0.04,-0.54,0.03
2017-10-20,223.6565,224.0399,222.8463,224.0137,89176400,0.36,0.53,-0.01,0.52
2017-10-23,224.3362,224.3623,223.0641,223.1425,63915300,0.14,0.16,-0.42,-0.39
2017-10-24,223.5694,223.7698,223.1773,223.5346,66935900,0.19,0.28,0.02,0.18
2017-10-25,223.2035,223.3167,221.3041,222.428,103715300,-0.15,-0.1,-1.0,-0.5
2017-10-26,223.038,223.308,222.5936,222.7156,69798000,0.27,0.4,0.07,0.13
2017-10-27,223.4561,224.6934,222.7243,224.5365,85562500,0.33,0.89,0.0,0.82
2017-10-30,223.4561,224.4407,223.4039,223.7001,54285700,-0.48,-0.04,-0.5,-0.37
2017-10-31,224.0748,224.3013,223.7524,224.0486,60304800,0.17,0.27,0.02,0.16
2017-11-01,224.8241,225.1639,223.979,224.3449,54202700,0.35,0.5,-0.03,0.13
2017-11-02,224.2752,224.5714,223.2122,224.432,56449500,-0.03,0.1,-0.5,0.04
2017-11-03,224.5888,225.2248,224.1793,225.1812,59589700,0.07,0.35,-0.11,0.33
2017-11-06,225.0506,225.6605,224.9809,225.5298,49652600,-0.06,0.21,-0.09,0.15
2017-11-07,225.6343,225.9654,224.8676,225.373,57502200,0.05,0.19,-0.29,-0.07
2017-11-08,225.1987,225.8522,224.9199,225.7563,50469600,-0.08,0.21,-0.2,0.17
2017-11-09,224.554,225.129,223.3603,224.9373,95085500,-0.53,-0.28,-1.06,-0.36
2017-11-10,224.554,225.0419,224.2403,224.8677,59984700,-0.17,0.05,-0.31,-0.03
2017-11-13,224.188,225.3033,224.1532,225.0767,50228600,-0.3,0.19,-0.32,0.09
2017-11-14,224.2752,224.6585,223.4997,224.554,61315200,-0.36,-0.19,-0.7,-0.23
2017-11-15,223.5869,224.1096,222.7243,223.43,80811500,-0.43,-0.2,-0.81,-0.5
2017-11-16,224.371,225.6953,224.3274,225.3294,67777000,0.42,1.01,0.4,0.85
2017-11-17,224.9808,225.3032,224.5888,224.6672,75756800,-0.15,-0.01,-0.33,-0.29
2017-11-20,224.9112,225.2423,224.6672,225.0506,48075500,0.11,0.26,0.0,0.17
2017-11-21,225.8173,226.706,225.0157,226.523,69176800,0.34,0.74,-0.02,0.65
2017-11-22,226.5318,226.6625,226.1571,226.3227,45033400,0.0,0.06,-0.16,-0.09
2017-11-24,226.8106,226.95,226.6712,226.8454,27856500,0.22,0.28,0.15,0.23
2017-11-27,226.889,227.1853,226.5318,226.7322,52274900,0.02,0.15,-0.14,-0.05
2017-11-28,227.194,229.0585,227.0981,229.0323,98971700,0.2,1.03,0.16,1.01
2017-11-29,229.163,229.6945,228.4486,228.8929,77512100,0.06,0.29,-0.25,-0.06
2017-11-30,229.8078,231.803,229.7294,230.8969,127894400,0.4,1.27,0.37,0.88
2017-12-01,230.6791,231.1583,227.194,230.4177,164390900,-0.09,0.11,-1.6,-0.21
2017-12-04,232.0295,232.4565,230.0866,230.1389,94040600,0.7,0.88,-0.14,-0.12
2017-12-05,229.3111,231.0188,229.1804,229.3111,77994500,-0.36,0.38,-0.42,-0.36
2017-12-06,229.407,229.7816,228.8929,229.3547,75898600,0.04,0.21,-0.18,0.02
2017-12-07,230.0779,230.3915,229.0934,230.0779,77218600,0.32,0.45,-0.11,0.32
2017-12-08,231.0276,231.3412,230.043,231.3325,76563900,0.41,0.55,-0.02,0.55
2017-12-11,232.0295,232.0905,231.3064,232.0295,83077500,0.3,0.33,-0.01,0.3
2017-12-12,232.8137,232.9095,232.0644,232.439,85195800,0.34,0.38,0.02,0.18
2017-12-13,232.683,233.1187,232.3258,232.4129,102905400,0.1,0.29,-0.05,-0.01
2017-12-14,232.7091,232.8224,231.411,231.4632,100666700,0.13,0.18,-0.43,-0.41
2017-12-15,232.4624,233.8548,232.4099,233.3907,144610300,0.43,1.03,0.41,0.83
2017-12-18,234.7831,235.221,234.6781,234.8707,83653600,0.6,0.78,0.55,0.63
2017-12-19,235.1158,235.1596,233.8985,233.9686,82382900,0.1,0.12,-0.41,-0.38
2017-12-20,234.932,234.9845,233.5483,233.8461,76751500,0.41,0.43,-0.18,-0.05
2017-12-21,234.4678,235.037,234.0825,234.3277,67032300,0.27,0.51,0.1,0.21
2017-12-22,234.3452,234.3802,233.7322,234.2664,78720900,0.01,0.02,-0.25,-0.03
2017-12-26,233.8636,234.2051,233.7235,233.9862,45244400,-0.17,-0.03,-0.23,-0.12
2017-12-27,234.1525,234.4591,233.8285,234.1,57751000,0.07,0.2,-0.07,0.05
2017-12-28,234.5992,234.6255,234.2139,234.5817,45116100,0.21,0.22,0.05,0.21
2017-12-29,235.1597,235.1772,233.5045,233.6972,96007400,0.25,0.25,-0.46,-0.38
2018-01-02,234.5553,235.4048,234.17,235.3698,86655700,0.37,0.73,0.2,0.72
2018-01-03,235.5362,237.0074,235.5362,236.8585,90070400,0.07,0.7,0.07,0.63
2018-01-04,237.4979,238.3386,236.9199,237.8569,80636400,0.27,0.62,0.03,0.42
2018-01-05,238.645,239.5645,238.1546,239.4419,83524000,0.33,0.72,0.13,0.67
2018-01-08,239.3456,240.0375,239.0567,239.8799,57319200,-0.04,0.25,-0.16,0.18
2018-01-09,240.3001,241.0445,240.0199,240.4228,57254000,0.18,0.49,0.06,0.23
2018-01-10,239.6697,240.3177,239.0041,240.055,69574300,-0.31,-0.04,-0.59,-0.15
2018-01-11,240.6067,241.8064,240.4403,241.8064,62361500,0.23,0.73,0.16,0.73
2018-01-12,242.0691,243.5491,241.7713,243.3827,90816100,0.11,0.72,-0.01,0.65
2018-01-16,244.6351,245.2831,241.859,242.5508,106555100,0.51,0.78,-0.63,-0.34
2018-01-17,243.4791,245.2481,242.5508,244.8628,113258800,0.38,1.11,0.0,0.95
2018-01-18,244.7489,245.1692,243.9607,244.4512,100728000,-0.05,0.13,-0.37,-0.17
2018-01-19,245.0291,245.5633,244.4511,245.5633,140920100,0.24,0.45,-0.0,0.45
2018-01-22,245.3532,247.56,245.3006,247.56,91322400,-0.09,0.81,-0.11,0.81
2018-01-23,247.6038,248.3744,247.2798,248.0854,97084700,0.02,0.33,-0.11,0.21
2018-01-24,248.7247,249.3202,246.8156,247.9891,134816100,0.26,0.5,-0.51,-0.04
2018-01-25,248.8472,248.9435,247.3059,248.0941,84587300,0.35,0.38,-0.28,0.04
2018-01-26,248.9261,251.0104,248.6721,250.9666,107743100,0.34,1.18,0.23,1.16
2018-01-29,250.3973,250.8351,249.145,249.3026,90118300,-0.23,-0.05,-0.73,-0.66
2018-01-30,247.4811,249.3552,246.2726,246.7455,131796400,-0.73,0.02,-1.22,-1.03
2018-01-31,247.595,248.0942,245.7998,246.8682,108364800,0.34,0.55,-0.38,0.05
2018-02-01,246.1413,247.884,245.7998,246.5879,90102500,-0.29,0.41,-0.43,-0.11
2018-02-02,245.2743,245.4057,241.1846,241.2197,173174800,-0.53,-0.48,-2.19,-2.18
2018-02-05,239.4683,241.57,230.5884,231.1313,294681800,-0.73,0.15,-4.41,-4.18
2018-02-06,227.6371,236.1842,226.5512,235.6851,355026800,-1.51,2.19,-1.98,1.97
2018-02-07,235.1334,238.5137,234.3277,234.4066,167376100,-0.23,1.2,-0.58,-0.54
2018-02-08,234.7042,234.8444,225.5791,225.6142,246449500,0.13,0.19,-3.77,-3.75
2018-02-09,228.3902,230.851,221.4895,229.0033,283565300,1.23,2.32,-1.83,1.5
2018-02-12,231.0437,233.8285,229.1434,232.366,143736000,0.89,2.11,0.06,1.47
2018-02-13,231.1663,233.487,230.5883,232.944,81223600,-0.52,0.48,-0.77,0.25
2018-02-14,231.4641,236.447,231.4553,236.088,120735700,-0.64,1.5,-0.64,1.35
2018-02-15,237.8219,239.1092,235.3698,239.1005,111200300,0.73,1.28,-0.3,1.28
2018-02-16,238.4787,241.1059,238.4349,239.1705,160420100,-0.26,0.84,-0.28,0.03
2018-02-20,238.2247,239.6609,236.8849,237.673,86369700,-0.4,0.21,-0.96,-0.63
2018-02-21,238.1109,240.5804,236.3944,236.4908,98883700,0.18,1.22,-0.54,-0.5
2018-02-22,237.4103,239.118,236.1317,236.7973,110511300,0.39,1.11,-0.15,0.13
2018-02-23,238.0146,240.5717,237.5417,240.5717,92766400,0.51,1.59,0.31,1.59
2018-02-26,241.64,243.4615,241.0533,243.3652,86491400,0.44,1.2,0.2,1.16
2018-02-27,243.5491,244.2585,240.2651,240.3264,99099200,0.08,0.37,-1.27,-1.25
2018-02-28,241.4212,241.8678,237.5767,237.892,121907800,0.46,0.64,-1.14,-1.01
2018-03-01,237.6817,239.223,232.944,234.4328,176855100,-0.09,0.56,-2.08,-1.45
2018-03-02,232.7689,236.2018,231.9107,235.6413,139083200,-0.71,0.75,-1.08,0.52
2018-03-05,234.459,238.9778,234.3539,238.3648,97307400,-0.5,1.42,-0.55,1.16
2018-03-06,239.3369,239.4157,237.4804,238.9691,79213200,0.41,0.44,-0.37,0.25
2018-03-07,236.8147,239.2317,236.6221,238.8815,87063500,-0.9,0.11,-0.98,-0.04
2018-03-08,239.5558,240.1601,238.5663,240.0375,66901200,0.28,0.54,-0.13,0.48
2018-03-09,241.4386,244.2147,241.1233,244.2147,113625300,0.58,1.74,0.45,1.74
2018-03-12,244.5037,245.1255,243.5229,243.9082,71924800,0.12,0.37,-0.28,-0.13
2018-03-13,245.0641,245.5633,241.7276,242.3318,91968900,0.47,0.68,-0.89,-0.65
2018-03-14,243.2863,243.4702,240.5366,241.0883,105895100,0.39,0.47,-0.74,-0.51
2018-03-15,241.5962,242.2355,240.3264,240.8256,83433000,0.21,0.48,-0.32,-0.11
2018-03-16,241.3506,242.1332,241.0341,241.0869,100343700,0.22,0.54,0.09,0.11
2018-03-19,240.3394,241.2626,236.1806,237.8247,109208400,-0.31,0.07,-2.04,-1.35
2018-03-20,238.2205,238.8623,237.5522,238.2293,59757300,0.17,0.44,-0.11,0.17
2018-03-21,238.1853,240.2691,237.561,237.772,78709600,-0.02,0.86,-0.28,-0.19
2018-03-22,235.5564,236.4004,231.5558,231.8284,148785900,-0.93,-0.58,-2.61,-2.5
2018-03-23,232.268,232.5933,226.6936,226.887,183534800,0.19,0.33,-2.21,-2.13
2018-03-26,230.4744,233.3758,228.0828,233.0945,141956100,1.58,2.86,0.53,2.74
2018-03-27,234.0264,234.554,227.5816,229.1291,129941400,0.4,0.63,-2.37,-1.7
2018-03-28,229.261,230.9228,227.353,228.4521,146452300,0.06,0.78,-0.78,-0.3
2018-03-29,229.5863,233.2264,228.4609,231.3712,111601600,0.5,2.09,0.0,1.28
2018-04-02,230.8436,231.3536,223.9152,226.3771,186286300,-0.23,-0.01,-3.22,-2.16
2018-04-03,227.608,229.7534,225.8232,229.2786,119956900,0.54,1.49,-0.24,1.28
2018-04-04,225.7441,232.4351,225.6122,231.7317,123715300,-1.54,1.38,-1.6,1.07
2018-04-05,233.4814,234.4398,232.3999,233.5605,82652600,0.76,1.17,0.29,0.79
2018-04-06,231.6086,233.0945,226.8431,228.3554,179521200,-0.84,-0.2,-2.88,-2.23
2018-04-09,229.8061,232.8571,228.5488,229.4808,105442900,0.64,1.97,0.08,0.49
2018-04-10,232.3559,233.9122,231.2217,233.1297,103529000,1.25,1.93,0.76,1.59
2018-04-11,231.6525,233.5605,231.5822,231.9075,91140200,-0.63,0.18,-0.66,-0.52
2018-04-12,233.2264,234.7563,233.0506,233.8155,68890500,0.57,1.23,0.49,0.82
2018-04-13,235.1167,235.231,232.1273,233.1297,85079200,0.56,0.61,-0.72,-0.29
2018-04-16,234.7562,235.8113,233.9385,235.0463,63405300,0.7,1.15,0.35,0.82
2018-04-17,236.8048,238.1588,236.2949,237.561,64682000,0.75,1.32,0.53,1.07
2018-04-18,238.0006,238.5369,237.2796,237.7369,57303900,0.19,0.41,-0.12,0.07
2018-04-19,237.0862,237.2885,235.3893,236.418,77655900,-0.27,-0.19,-0.99,-0.55
2018-04-20,236.3476,236.5675,233.5341,234.4133,99953100,-0.03,0.06,-1.22,-0.85
2018-04-23,234.9848,235.5388,233.3055,234.3782,65558000,0.24,0.48,-0.47,-0.01
2018-04-24,235.3981,235.6179,229.727,231.2217,112885500,0.44,0.53,-1.98,-1.35
2018-04-25,231.1601,232.2328,229.3489,231.7932,103840900,-0.03,0.44,-0.81,0.25
2018-04-26,232.8131,234.9761,232.3735,234.1496,67731900,0.44,1.37,0.25,1.02
2018-04-27,234.7563,235.0552,233.4374,234.3694,57053600,0.26,0.39,-0.3,0.09
2018-04-30,234.9849,235.5388,232.4966,232.567,82182300,0.26,0.5,-0.8,-0.77
2018-05-01,232.0042,233.0857,230.4567,232.9802,74203400,-0.24,0.22,-0.91,0.18
2018-05-02,232.7868,233.5956,231.0283,231.4151,86368900,-0.08,0.26,-0.84,-0.67
2018-05-03,230.5887,231.5559,227.7664,230.9052,136311500,-0.36,0.06,-1.58,-0.22
2018-05-04,229.938,234.5716,229.6127,233.8946,91222100,-0.42,1.59,-0.56,1.29
2018-05-07,234.6595,235.653,233.9737,234.6859,55304900,0.33,0.75,0.03,0.34
2018-05-08,234.3166,235.0463,233.1296,234.6859,67499200,-0.16,0.15,-0.66,0.0
2018-05-09,235.3542,237.2797,234.8354,236.9544,59666100,0.28,1.11,0.06,0.97
2018-05-10,237.693,239.4954,237.5875,239.1701,72063900,0.31,1.07,0.27,0.94
2018-05-11,239.2931,240.1635,238.7831,239.8998,59871500,0.05,0.42,-0.16,0.31
2018-05-14,240.3306,240.9813,239.469,240.0141,54790600,0.18,0.45,-0.18,0.05
2018-05-15,238.7919,238.8095,237.4203,238.3611,87036100,-0.51,-0.5,-1.08,-0.69
2018-05-16,238.3963,239.8207,238.3699,239.3634,53942600,0.01,0.61,0.0,0.42
2018-05-17,239.0997,240.2339,238.3875,239.1613,56536400,-0.11,0.36,-0.41,-0.08
2018-05-18,238.8183,239.1788,238.2116,238.5633,64368000,-0.14,0.01,-0.4,-0.25
2018-05-21,240.0404,240.8933,239.6536,240.3569,58025900,0.62,0.98,0.46,0.75
2018-05-22,240.8757,241.1307,239.3634,239.6887,52966400,0.22,0.32,-0.41,-0.28
2018-05-23,238.4227,240.3746,238.2644,240.3482,64694200,-0.53,0.29,-0.59,0.28
2018-05-24,239.9525,240.2251,238.0797,239.8558,76043800,-0.16,-0.05,-0.94,-0.2
2018-05-25,239.2844,239.9086,238.7832,239.2844,56374800,-0.24,0.02,-0.45,-0.24
2018-05-29,237.6666,238.4227,235.4245,236.5323,115908600,-0.68,-0.36,-1.61,-1.15
2018-05-30,237.8336,240.1284,237.7632,239.6887,69678400,0.55,1.52,0.52,1.33
2018-05-31,239.2844,239.5833,237.6227,238.2205,93519900,-0.17,-0.04,-0.86,-0.61
2018-06-01,239.5129,240.8581,239.4425,240.5592,71258400,0.54,1.11,0.51,0.98
2018-06-04,241.3769,241.9572,241.1395,241.7022,45385200,0.34,0.58,0.24,0.48
2018-06-05,241.834,242.2561,241.0691,241.878,51135000,0.05,0.23,-0.26,0.07
2018-06-06,242.4848,244.0058,241.8693,243.9003,62732200,0.25,0.88,-0.0,0.84
2018-06-07,244.384,244.6741,242.9684,243.874,72969400,0.2,0.32,-0.38,-0.01
2018-06-08,243.4168,244.6477,243.2497,244.595,72139700,-0.19,0.32,-0.26,0.3
2018-06-11,244.8148,245.6325,244.7005,244.9203,58892500,0.09,0.42,0.04,0.13
2018-06-12,245.3335,245.5972,244.5949,245.2368,72329000,0.17,0.28,-0.13,0.13
2018-06-13,245.4741,245.7291,244.252,244.4542,79070600,0.1,0.2,-0.4,-0.32
2018-06-14,245.3159,245.5973,244.4806,245.0697,77097600,0.35,0.47,0.01,0.25
2018-06-15,244.2889,245.0926,243.185,244.757,120041600,-0.32,0.01,-0.77,-0.13
2018-06-18,243.3087,244.3774,242.8318,244.2537,52917600,-0.59,-0.16,-0.79,-0.21
2018-06-19,241.9927,243.5383,241.5776,243.3175,97531500,-0.93,-0.29,-1.1,-0.38
2018-06-20,243.9975,244.395,243.397,243.7326,53785500,0.28,0.44,0.03,0.17
2018-06-21,243.7237,243.7414,241.71,242.2046,71061400,-0.0,0.0,-0.83,-0.63
2018-06-22,243.4588,243.5736,242.4255,242.6463,54898500,0.52,0.57,0.09,0.18
2018-06-25,241.4981,241.6571,237.6651,239.3431,137854200,-0.47,-0.41,-2.05,-1.36
2018-06-26,239.9084,240.7209,239.1577,239.873,68547400,0.24,0.58,-0.08,0.22
2018-06-27,240.4559,241.8778,237.7357,237.8859,105110700,0.24,0.84,-0.89,-0.83
2018-06-28,237.8329,240.0055,237.1263,239.246,76650500,-0.02,0.89,-0.32,0.57
2018-06-29,240.3322,241.6924,239.4756,239.5904,97592500,0.45,1.02,0.1,0.14
2018-07-02,238.0272,240.2616,237.7887,240.1026,63554800,-0.65,0.28,-0.75,0.21
2018-07-03,240.9947,241.0918,238.8309,239.2548,42187100,0.37,0.41,-0.53,-0.35
2018-07-05,240.3765,241.2685,239.3078,241.2067,56925900,0.47,0.84,0.02,0.82
2018-07-06,241.2332,243.6177,240.8534,243.2468,66493700,0.01,1.0,-0.15,0.85
2018-07-09,244.2448,245.4901,244.2006,245.4371,50550400,0.41,0.92,0.39,0.9
2018-07-10,245.8876,246.4175,245.5961,246.3203,51966800,0.18,0.4,0.06,0.36
2018-07-11,244.7747,245.5608,244.2183,244.5186,77054700,-0.63,-0.31,-0.85,-0.73
2018-07-12,245.7727,246.7883,245.1721,246.7353,60124700,0.51,0.93,0.27,0.91
2018-07-13,246.5588,247.23,246.1083,246.9297,48216000,-0.07,0.2,-0.25,0.08
2018-07-16,246.9739,247.1152,246.2673,246.7089,48201000,0.02,0.08,-0.27,-0.09
2018-07-17,245.9405,248.0955,245.8876,247.7069,52315500,-0.31,0.56,-0.33,0.4
2018-07-18,247.7863,248.3339,247.3447,248.2279,44593500,0.03,0.25,-0.15,0.21
2018-07-19,247.5656,247.9454,246.8149,247.2918,61412100,-0.27,-0.11,-0.57,-0.38
2018-07-20,247.0886,247.7157,246.8502,247.0092,82337700,-0.08,0.17,-0.18,-0.11
2018-07-23,246.806,247.6715,246.4616,247.4684,47047600,-0.08,0.27,-0.22,0.19
2018-07-24,248.8727,249.5528,247.8482,248.7137,68026900,0.57,0.84,0.15,0.5
2018-07-25,248.4665,251.1514,248.4223,250.8334,78882900,-0.1,0.98,-0.12,0.85
2018-07-26,250.118,250.9217,250.0209,250.2417,57919500,-0.29,0.04,-0.32,-0.24
2018-07-27,250.5684,250.6656,247.6274,248.546,76768700,0.13,0.17,-1.04,-0.68
2018-07-30,248.6254,248.7844,246.7265,247.2476,63742500,0.03,0.1,-0.73,-0.52
2018-07-31,248.0072,249.0758,247.6274,248.4664,68570500,0.31,0.74,0.15,0.49
2018-08-01,248.6696,249.173,247.4067,248.0514,53853300,0.08,0.28,-0.43,-0.17
2018-08-02,246.7531,249.5705,246.55,249.4027,63426400,-0.52,0.61,-0.61,0.54
2018-08-03,249.5262,250.5242,249.3495,250.4712,53935400,0.05,0.45,-0.02,0.43
2018-08-06,250.5066,251.6988,250.118,251.3898,39400900,0.01,0.49,-0.14,0.37
2018-08-07,252.0522,252.5998,251.9197,252.22,43196600,0.26,0.48,0.21,0.33
2018-08-08,252.0521,252.5114,251.6547,252.1139,42114600,-0.07,0.12,-0.22,-0.04
2018-08-09,252.1757,252.5643,251.637,251.7694,35717000,0.02,0.18,-0.19,-0.14
2018-08-10,250.3388,250.8775,249.3761,250.0826,77076000,-0.57,-0.35,-0.95,-0.67
2018-08-13,250.3564,250.9658,248.855,249.1465,65732900,0.11,0.35,-0.49,-0.37
2018-08-14,249.8707,250.9746,249.4821,250.7362,43842000,0.29,0.73,0.13,0.64
2018-08-15,249.3938,249.5351,247.4331,248.8639,102925400,-0.54,-0.48,-1.32,-0.75
2018-08-16,250.2946,251.7431,250.2593,250.8775,69967900,0.57,1.16,0.56,0.81
2018-08-17,250.6744,252.2023,250.2682,251.7607,65618500,-0.08,0.53,-0.24,0.35
2018-08-20,252.2112,252.5645,251.7608,252.2996,39807500,0.18,0.32,0.0,0.21
2018-08-21,252.8117,253.7479,252.3348,252.8912,67272000,0.2,0.57,0.01,0.23
2018-08-22,252.4849,253.2621,252.2199,252.741,44993300,-0.16,0.15,-0.27,-0.06
2018-08-23,252.5644,253.4211,252.0875,252.4055,49204900,-0.07,0.27,-0.26,-0.13
2018-08-24,252.9795,254.0658,252.9265,253.9245,57487400,0.23,0.66,0.21,0.6
2018-08-27,255.1168,256.0353,254.9578,255.9293,57072400,0.47,0.83,0.41,0.79
2018-08-28,256.3885,256.4945,255.5937,256.0529,46943500,0.18,0.22,-0.13,0.05
2018-08-29,256.265,257.6604,256.0265,257.4308,61485500,0.08,0.63,-0.01,0.54
2018-08-30,256.9539,257.3248,255.797,256.3887,61229500,-0.19,-0.04,-0.63,-0.4
2018-08-31,255.9824,256.8391,255.4966,256.3975,66140800,-0.16,0.18,-0.35,0.0
2018-09-04,255.9823,256.3091,254.9578,255.9558,57594400,-0.16,-0.03,-0.56,-0.17
2018-09-05,255.6026,255.8058,254.2602,255.267,72452400,-0.14,-0.06,-0.66,-0.27
2018-09-06,255.373,255.6733,253.4741,254.4986,65909900,0.04,0.16,-0.7,-0.3
2018-09-07,253.4564,254.9755,253.218,254.004,73524800,-0.41,0.19,-0.5,-0.19
2018-09-10,255.0108,255.2758,254.2513,254.4456,50210900,0.4,0.5,0.1,0.17
2018-09-11,253.8008,255.7261,253.4564,255.2845,50530500,-0.25,0.5,-0.39,0.33
2018-09-12,255.2935,255.9471,254.5605,255.3465,59810800,0.0,0.26,-0.28,0.02
2018-09-13,256.4063,257.0421,256.1236,256.8567,51034200,0.42,0.66,0.3,0.59
2018-09-14,257.0598,257.2453,256.1236,256.9008,55079900,0.08,0.15,-0.29,0.02
2018-09-17,256.8479,256.8832,255.267,255.5408,68244000,-0.02,-0.01,-0.64,-0.53
2018-09-18,255.7527,257.5191,255.7262,256.9273,61930400,0.08,0.77,0.07,0.54
2018-09-19,256.9804,257.6163,256.8567,257.2012,49080600,0.02,0.27,-0.03,0.11
2018-09-20,258.4552,259.6034,257.2188,259.2854,100360600,0.49,0.93,0.01,0.81
2018-09-21,260.0245,260.1398,258.8889,259.0486,105479700,0.29,0.33,-0.15,-0.09
2018-09-24,258.4718,258.6138,257.6113,258.1879,53409600,-0.22,-0.17,-0.55,-0.33
2018-09-25,258.6405,258.747,257.709,257.9485,44370000,0.18,0.22,-0.19,-0.09
2018-09-26,258.0903,259.2702,256.7595,257.1765,79739700,0.05,0.51,-0.46,-0.3
2018-09-27,257.6468,258.9776,257.3718,257.8952,59249500,0.18,0.7,0.08,0.28
2018-09-28,257.2743,258.4188,257.2388,257.9219,70091400,-0.24,0.2,-0.25,0.01
2018-10-01,259.155,259.8825,258.1525,258.8179,62078900,0.48,0.76,0.09,0.35
2018-10-02,258.6671,259.3768,258.2945,258.6671,47258200,-0.06,0.22,-0.2,-0.06
2018-10-03,259.7139,260.1309,258.4541,258.809,64694600,0.4,0.57,-0.08,0.05
2018-10-04,258.33,258.3832,255.2071,256.7863,111545900,-0.19,-0.16,-1.39,-0.78
2018-10-05,257.0081,257.5226,253.9296,255.3491,105951700,0.09,0.29,-1.11,-0.56
2018-10-08,254.6659,255.7039,253.2908,255.3491,87742200,-0.27,0.14,-0.81,0.0
2018-10-09,254.9675,256.2717,254.4175,254.9764,74339000,-0.15,0.36,-0.36,-0.15
2018-10-10,254.4707,254.5417,246.5304,246.903,214731000,-0.2,-0.17,-3.31,-3.17
2018-10-11,245.8206,247.4353,239.8587,241.4646,274840500,-0.44,0.22,-2.85,-2.2
2018-10-12,245.5457,245.8296,241.6421,244.8182,183186500,1.69,1.81,0.07,1.39
2018-10-15,244.4633,245.7852,243.3543,243.443,102263700,-0.14,0.39,-0.6,-0.56
2018-10-16,245.3948,249.1387,244.9246,248.7661,118255800,0.8,2.34,0.61,2.19
2018-10-17,248.8016,249.4315,246.2465,248.8105,110626000,0.01,0.27,-1.01,0.02
2018-10-18,247.8789,248.4733,243.9487,245.2173,134557500,-0.37,-0.14,-1.95,-1.44
2018-10-19,245.8651,247.7903,244.3924,245.0844,139901600,0.26,1.05,-0.34,-0.05
2018-10-22,245.7497,246.0691,243.4519,243.9842,82415800,0.27,0.4,-0.67,-0.45
2018-10-23,240.3823,243.86,238.3063,242.7422,146352700,-1.48,-0.05,-2.33,-0.51
2018-10-24,242.4938,242.8753,234.8374,235.3875,177806700,-0.1,0.05,-3.26,-3.03
2018-10-25,237.215,241.1452,236.1948,239.6104,138061500,0.78,2.45,0.34,1.79
2018-10-26,235.9197,240.4266,232.6992,235.3963,201574600,-1.54,0.34,-2.88,-1.76
2018-10-29,238.4748,239.7612,230.5345,234.0921,160749100,1.31,1.85,-2.07,-0.55
2018-10-30,233.9236,237.8715,233.4356,237.561,157116000,-0.07,1.61,-0.28,1.48
2018-10-31,240.1161,242.405,239.6459,240.0983,128296300,1.08,2.04,0.88,1.07
2018-11-01,240.959,242.8487,239.8766,242.6535,99495000,0.36,1.15,-0.09,1.06
2018-11-02,243.7535,244.1794,239.1757,241.2162,122634100,0.45,0.63,-1.43,-0.59
2018-11-05,241.7041,243.097,240.7371,242.547,65622500,0.2,0.78,-0.2,0.55
2018-11-06,242.4849,244.2415,242.4228,244.0818,60085900,-0.03,0.7,-0.05,0.63
2018-11-07,246.2466,249.3872,245.8207,249.3073,102752100,0.89,2.17,0.71,2.14
2018-11-08,248.5088,249.4936,247.7192,248.8548,65584900,-0.32,0.07,-0.64,-0.18
2018-11-09,247.5507,247.737,245.0222,246.424,98812600,-0.52,-0.45,-1.54,-0.98
2018-11-12,245.9183,246.1578,241.3049,241.8195,99673600,-0.21,-0.11,-2.08,-1.87
2018-11-13,242.2808,244.2681,240.6484,241.367,98176600,0.19,1.01,-0.48,-0.19
2018-11-14,243.2301,243.6293,238.1643,239.7169,125335900,0.77,0.94,-1.33,-0.68
2018-11-15,238.4571,242.6801,236.8868,242.2188,135101400,-0.53,1.24,-1.18,1.04
2018-11-16,241.1274,243.7535,240.6129,242.8486,126668000,-0.45,0.63,-0.66,0.26
2018-11-19,242.2453,242.5381,237.8272,238.741,103061700,-0.25,-0.13,-2.07,-1.69
2018-11-20,235.4229,236.8779,233.4622,234.3228,136021300,-1.39,-0.78,-2.21,-1.85
2018-11-21,235.8665,237.011,235.1124,235.1212,75563700,0.66,1.15,0.34,0.34
2018-11-23,233.4888,234.9438,233.3912,233.5509,42807900,-0.69,-0.08,-0.74,-0.67
2018-11-26,235.7955,237.5432,235.4051,237.3214,79981400,0.96,1.71,0.79,1.61
2018-11-27,236.2924,238.1199,235.6891,238.1199,75502400,-0.43,0.34,-0.69,0.34
2018-11-28,239.1846,243.6027,238.0578,243.6027,127629600,0.45,2.3,-0.03,2.3
2018-11-29,242.8308,244.4633,241.6953,243.0704,82346400,-0.32,0.35,-0.78,-0.22
2018-11-30,242.9196,245.1109,242.6002,244.552,98204200,-0.06,0.84,-0.19,0.61
2018-12-03,248.6596,248.7661,246.2021,247.7902,103176300,1.68,1.72,0.67,1.32
2018-12-04,246.9652,247.391,239.4507,239.7612,177986000,-0.33,-0.16,-3.37,-3.24
2018-12-06,235.9197,239.5128,232.8323,239.3974,204185400,-1.6,-0.1,-2.89,-0.15
2018-12-07,239.0603,240.6218,233.0009,233.8348,161018900,-0.14,0.51,-2.67,-2.32
2018-12-10,233.6574,235.2454,229.4433,234.2784,151445900,-0.08,0.6,-1.88,0.19
2018-12-11,237.4634,237.6497,232.8678,234.3316,121504400,1.36,1.44,-0.6,0.02
2018-12-12,237.2949,238.6522,235.4318,235.5116,97976700,1.26,1.84,0.47,0.5
2018-12-13,236.452,237.3126,234.3228,235.4317,96662700,0.4,0.76,-0.5,-0.03
2018-12-14,233.2936,234.2429,230.5345,231.0845,116961100,-0.91,-0.5,-2.08,-1.85
2018-12-17,230.1353,231.2443,224.9275,226.5511,165492300,-0.41,0.07,-2.66,-1.96
2018-12-18,228.1834,228.8488,224.7057,226.3026,134515100,0.72,1.01,-0.81,-0.11
2018-12-19,226.3825,230.1353,221.2191,222.9136,214992800,0.04,1.69,-2.25,-1.5
2018-12-20,221.6715,223.233,217.0493,219.285,252053400,-0.56,0.14,-2.63,-1.63
2018-12-21,220.1818,222.8321,214.1494,214.7919,255345600,0.41,1.62,-2.34,-2.05
2018-12-24,213.3106,214.9169,209.0541,209.1165,147311600,-0.69,0.06,-2.67,-2.64
2018-12-26,210.5711,219.6822,208.599,219.6822,218485400,0.7,5.05,-0.25,5.05
2018-12-27,216.4607,221.565,213.2393,221.3687,186267300,-1.47,0.86,-2.93,0.77
2018-12-28,222.7161,224.3402,219.923,221.0831,153100200,0.61,1.34,-0.65,-0.13
2018-12-31,222.6983,223.2605,220.8333,223.0195,144299400,0.73,0.98,-0.11,0.88
2019-01-02,219.5037,224.1707,219.4769,223.2516,126925200,-1.58,0.52,-1.59,0.1
2019-01-03,221.5115,221.8149,217.4423,217.9242,144140700,-0.78,-0.64,-2.6,-2.39
2019-01-04,220.9404,225.8662,220.5656,225.2237,142628800,1.38,3.64,1.21,3.35
2019-01-07,225.4914,228.4005,224.599,226.9995,103139100,0.12,1.41,-0.28,0.79
2019-01-08,229.1769,229.6141,226.6604,229.1322,102512600,0.96,1.15,-0.15,0.94
2019-01-09,229.8372,231.0419,228.6147,230.2031,95006600,0.31,0.83,-0.23,0.47
2019-01-10,228.6771,231.265,227.9989,231.0151,96823900,-0.66,0.46,-0.96,0.35
2019-01-11,229.9443,231.1311,229.3642,231.1043,73858100,-0.46,0.05,-0.71,0.04
2019-01-14,229.2126,230.4976,228.811,229.6945,70908200,-0.82,-0.26,-0.99,-0.61
2019-01-15,230.0692,232.6392,230.0603,232.3269,85208300,0.16,1.28,0.16,1.15
2019-01-16,232.7552,233.7725,232.55,232.8891,77636700,0.18,0.62,0.1,0.24
2019-01-17,232.0235,235.5127,231.9789,234.656,96118400,-0.37,1.13,-0.39,0.76
2019-01-18,236.4586,238.2433,234.6917,237.7793,127900300,0.77,1.53,0.02,1.33
2019-01-22,236.3158,236.53,232.9605,234.5668,115531200,-0.62,-0.53,-2.03,-1.35
2019-01-23,235.593,236.2891,232.6036,235.0576,86030300,0.44,0.73,-0.84,0.21
2019-01-24,234.8791,235.7625,233.8707,235.1825,59204100,-0.08,0.3,-0.5,0.05
2019-01-25,237.0208,237.9935,235.2807,237.1725,96883400,0.78,1.2,0.04,0.85
2019-01-28,235.0397,235.4323,233.6119,235.3699,85613700,-0.9,-0.73,-1.5,-0.76
2019-01-29,235.5127,236.0749,234.2277,235.0576,66136300,0.06,0.3,-0.49,-0.13
2019-01-30,236.5657,239.6175,235.8071,238.7787,92473700,0.64,1.94,0.32,1.58
2019-01-31,238.7163,241.3577,238.5021,240.8758,104012100,-0.03,1.08,-0.12,0.88
2019-02-01,241.0721,242.0091,240.2065,240.9918,85782500,0.08,0.47,-0.28,0.05
2019-02-04,241.0364,242.7497,240.3671,242.6873,60744800,0.02,0.73,-0.26,0.7
2019-02-05,243.1156,244.0079,242.6159,243.7045,79552800,0.18,0.54,-0.03,0.42
2019-02-06,243.428,243.9187,242.6516,243.3833,58347800,-0.11,0.09,-0.43,-0.13
2019-02-07,241.7771,242.3214,239.4124,241.0632,95482000,-0.66,-0.44,-1.63,-0.95
2019-02-08,239.8228,241.4558,239.0018,241.3576,75788900,-0.51,0.16,-0.86,0.12
2019-02-11,242.0091,242.2679,240.9651,241.4915,68021400,0.27,0.38,-0.16,0.06
2019-02-12,243.0978,244.9717,243.0264,244.5969,72270200,0.67,1.44,0.64,1.29
2019-02-13,245.4268,246.2299,245.0074,245.3911,65277200,0.34,0.67,0.17,0.32
2019-02-14,244.3113,245.9712,243.4993,244.8468,83234400,-0.44,0.24,-0.77,-0.22
2019-02-15,246.6136,247.5506,246.4084,247.5149,97088700,0.72,1.1,0.64,1.09
2019-02-19,246.7207,248.5947,246.7118,247.9433,59120800,-0.32,0.44,-0.32,0.17
2019-02-20,247.9076,248.8982,247.4079,248.443,76610800,-0.01,0.39,-0.22,0.2
2019-02-21,247.8094,248.1664,246.6047,247.5596,64214700,-0.26,-0.11,-0.74,-0.36
2019-02-22,248.1753,249.2907,247.5417,249.0945,78114600,0.25,0.7,-0.01,0.62
2019-02-25,250.5133,251.0309,249.3532,249.4335,69030700,0.57,0.78,0.1,0.14
2019-02-26,249.0855,250.1296,248.8803,249.2551,56844100,-0.14,0.28,-0.22,-0.07
2019-02-27,248.5412,249.496,247.6131,249.148,56921600,-0.29,0.1,-0.66,-0.04
2019-02-28,248.9338,249.3711,248.3627,248.684,69268300,-0.09,0.09,-0.32,-0.19
2019-03-01,250.2545,250.6471,248.8089,250.2367,78880500,0.63,0.79,0.05,0.62
2019-03-04,251.2897,251.5306,247.042,249.3265,106494600,0.42,0.52,-1.28,-0.36
2019-03-05,249.4514,249.6477,248.4431,248.9874,59114600,0.05,0.13,-0.35,-0.14
2019-03-06,249.1033,249.1122,247.1579,247.4792,75039800,0.05,0.05,-0.73,-0.61
2019-03-07,247.0331,247.1759,244.5702,245.409,94885100,-0.18,-0.12,-1.18,-0.84
2019-03-08,243.5618,245.0878,243.0978,244.9182,85795800,-0.75,-0.13,-0.94,-0.2
2019-03-11,245.632,248.6304,245.6053,248.4698,65098900,0.29,1.52,0.28,1.45
2019-03-12,249.0231,249.9244,248.8357,249.4068,79667500,0.22,0.59,0.15,0.38
2019-03-13,250.2902,251.9857,250.1296,251.0576,80639200,0.35,1.03,0.29,0.66
2019-03-14,251.0844,251.5038,250.4598,250.897,67518400,0.01,0.18,-0.24,-0.06
2019-03-15,251.4465,252.9433,251.2582,252.1366,81309000,0.22,0.82,0.14,0.49
2019-03-18,252.3517,253.3466,252.1276,253.0508,62199800,0.09,0.48,-0.0,0.36
2019-03-19,254.1085,254.8704,252.2263,253.1136,90268100,0.42,0.72,-0.33,0.02
2019-03-20,252.8984,254.0995,251.2493,252.3517,84609200,-0.09,0.39,-0.74,-0.3
2019-03-21,251.5361,255.6053,251.4913,255.202,79550400,-0.32,1.29,-0.34,1.13
2019-03-22,253.8485,254.3684,250.2275,250.2903,122659300,-0.53,-0.33,-1.95,-1.92
2019-03-25,249.9497,251.1328,248.8473,250.1021,85575200,-0.14,0.34,-0.58,-0.08
2019-03-26,251.8497,252.9163,250.568,251.9662,68125900,0.7,1.13,0.19,0.75
2019-03-27,251.9573,252.54,249.1071,250.6488,72224700,-0.0,0.23,-1.13,-0.52
2019-03-28,251.2761,252.0469,250.1289,251.5988,56238500,0.25,0.56,-0.21,0.38
2019-03-29,253.1046,253.5079,251.9843,253.1853,82186800,0.6,0.76,0.15,0.63
2019-04-01,255.175,256.4836,254.9061,256.1878,77617900,0.79,1.3,0.68,1.19
2019-04-02,256.376,256.5463,255.5245,256.3133,40070400,0.07,0.14,-0.26,0.05
2019-04-03,257.5233,257.9177,256.1161,256.7166,68243200,0.47,0.63,-0.08,0.16
2019-04-04,257.0393,257.6488,256.3491,257.3978,48997500,0.13,0.36,-0.14,0.27
2019-04-05,258.0611,258.6975,257.7743,258.6437,58621700,0.26,0.5,0.15,0.48
2019-04-08,258.2224,258.9484,257.5681,258.8409,53566300,-0.16,0.12,-0.42,0.08
2019-04-09,257.8818,258.2044,256.9676,257.5143,66142300,-0.37,-0.25,-0.72,-0.51
2019-04-10,257.9265,258.4823,257.5143,258.3926,52601500,0.16,0.38,-0.0,0.34
2019-04-11,258.8767,258.8857,257.7564,258.321,55093100,0.19,0.19,-0.25,-0.03
2019-04-12,259.9254,260.3467,258.3659,260.0688,69727800,0.62,0.78,0.02,0.68
2019-04-15,260.1404,260.239,259.1007,259.8984,49596700,0.03,0.07,-0.37,-0.07
2019-04-16,260.7769,260.8307,259.4773,260.0688,52153200,0.34,0.36,-0.16,0.07
2019-04-17,261.1802,261.2071,259.0201,259.4325,58268300,0.43,0.44,-0.4,-0.24
2019-04-18,260.015,260.2122,258.7244,259.9433,68708500,0.22,0.3,-0.27,0.2
2019-04-22,259.1814,260.3197,259.0918,260.1673,40160100,-0.29,0.14,-0.33,0.09
2019-04-23,260.5349,262.7398,260.3019,262.5067,52246600,0.14,0.99,0.05,0.9
2019-04-24,262.426,262.7576,261.7807,261.9241,50392900,-0.03,0.1,-0.28,-0.22
2019-04-25,261.8255,262.4171,260.5797,261.7628,57770900,-0.04,0.19,-0.51,-0.06
2019-04-26,261.8076,263.0534,261.0367,262.9817,50916400,0.02,0.49,-0.28,0.47
2019-04-29,263.0714,263.9139,262.9818,263.3941,57197700,0.03,0.35,0.0,0.16
2019-04-30,263.0534,263.8153,261.6463,263.5285,81111700,-0.13,0.16,-0.66,0.05
2019-05-01,264.1558,264.362,261.5386,261.5476,71671900,0.24,0.32,-0.76,-0.75
2019-05-02,261.4311,262.3454,259.4952,260.983,65030200,-0.04,0.31,-0.78,-0.22
2019-05-03,262.4529,263.8153,261.0906,263.5374,56543700,0.56,1.09,0.04,0.98
2019-05-06,259.2532,262.8922,258.9395,262.453,107198100,-1.63,-0.24,-1.74,-0.41
2019-05-07,260.0599,260.6514,256.17,258.0701,144729900,-0.91,-0.69,-2.39,-1.67
2019-05-08,257.7115,259.4144,257.1199,257.7115,91568300,-0.14,0.52,-0.37,-0.14
2019-05-09,255.6501,257.5323,253.9202,256.9318,103471100,-0.8,-0.07,-1.47,-0.3
2019-05-10,255.9996,258.9753,253.0239,258.2224,112429300,-0.36,0.8,-1.52,0.5
2019-05-13,253.1316,254.0906,250.8998,251.7333,127290500,-1.97,-1.6,-2.84,-2.51
2019-05-14,252.7461,255.5336,252.6206,254.0098,77003200,0.4,1.51,0.35,0.9
2019-05-15,252.3875,256.134,252.1814,255.4977,73956400,-0.64,0.84,-0.72,0.59
2019-05-16,256.1968,259.2173,256.1251,257.8639,76749600,0.27,1.46,0.25,0.93
2019-05-17,255.5694,258.6705,255.5514,256.1967,100353000,-0.89,0.31,-0.9,-0.65
2019-05-20,254.6014,256.3043,253.7589,254.5028,62877600,-0.62,0.04,-0.95,-0.66
2019-05-21,256.1878,257.1738,255.9369,256.7973,46847100,0.66,1.05,0.56,0.9
2019-05-22,255.8472,256.9586,255.5335,256.0086,49482500,-0.37,0.06,-0.49,-0.31
2019-05-23,253.7947,253.8395,251.4733,252.8805,98733800,-0.86,-0.85,-1.77,-1.22
2019-05-24,254.3146,254.7269,252.8357,253.4541,55268100,0.57,0.73,-0.02,0.23
2019-05-28,253.732,254.6821,251.079,251.0969,70029400,0.11,0.48,-0.94,-0.93
2019-05-29,249.9855,250.3888,248.0136,249.4118,104972900,-0.44,-0.28,-1.23,-0.67
2019-05-30,250.1648,250.9983,248.9996,250.0931,62523800,0.3,0.64,-0.17,0.27
2019-05-31,247.5565,248.381,246.696,246.7229,86862800,-1.01,-0.68,-1.36,-1.35
2019-06-03,246.7588,247.8702,244.7691,246.0956,96428000,0.01,0.47,-0.79,-0.25
2019-06-04,248.3811,251.5719,247.933,251.4375,77231900,0.93,2.23,0.75,2.17
2019-06-05,253.0508,253.6423,251.2492,253.6154,71169700,0.64,0.88,-0.07,0.87
2019-06-06,253.9113,255.9369,253.266,255.2647,69430400,0.12,0.92,-0.14,0.65
2019-06-07,256.2775,258.8947,256.1072,257.8191,74272200,0.4,1.42,0.33,1.0
2019-06-10,259.3607,260.6604,258.9126,259.0022,60799100,0.6,1.1,0.42,0.46
2019-06-11,260.8127,261.1802,258.2941,258.9395,58641300,0.7,0.84,-0.27,-0.02
2019-06-12,258.7064,259.2621,257.9714,258.4823,47096300,-0.09,0.12,-0.37,-0.18
2019-06-13,259.3876,259.9075,258.6885,259.5489,48945200,0.35,0.55,0.08,0.41
2019-06-14,259.2622,259.8627,258.5003,259.2622,52324700,-0.11,0.12,-0.4,-0.11
2019-06-17,259.4952,260.1226,259.1905,259.3608,39205700,0.09,0.33,-0.03,0.04
2019-06-18,261.1712,263.1251,260.8126,262.0764,85434800,0.7,1.45,0.56,1.05
2019-06-19,262.2109,263.1968,261.2429,262.668,78674400,0.05,0.43,-0.32,0.23
2019-06-20,265.339,265.581,262.7307,265.1776,116570000,1.02,1.11,0.02,0.96
2019-06-21,264.9093,266.1612,264.5761,264.7922,83309500,-0.1,0.37,-0.23,-0.15
2019-06-24,264.9994,265.3146,264.3149,264.468,47582700,0.08,0.2,-0.18,-0.12
2019-06-25,264.522,264.549,261.766,261.8741,82028700,0.02,0.03,-1.02,-0.98
2019-06-26,262.7657,263.2701,261.5048,261.6129,51584900,0.34,0.53,-0.14,-0.1
2019-06-27,262.3695,263.045,261.9912,262.5406,40355200,0.29,0.55,0.14,0.35
2019-06-28,263.5133,264.3869,262.9999,263.8916,59350900,0.37,0.7,0.17,0.51
2019-07-01,267.2059,267.4221,265.0894,266.2873,78705600,1.26,1.34,0.45,0.91
2019-07-02,266.2423,267.0348,265.4047,266.9808,61504500,-0.02,0.28,-0.33,0.26
2019-07-03,267.6563,269.1334,267.5122,269.1153,40898900,0.25,0.81,0.2,0.8
2019-07-05,267.8905,268.9713,266.6025,268.8091,51677300,-0.46,-0.05,-0.93,-0.11
2019-07-08,267.5031,268.6289,266.7916,267.332,45841800,-0.49,-0.07,-0.75,-0.55
2019-07-09,266.1792,267.9625,266.1252,267.6653,41101300,-0.43,0.24,-0.45,0.12
2019-07-10,268.7281,269.8899,268.1967,268.9442,58448500,0.4,0.83,0.2,0.48
2019-07-11,269.5837,269.8178,268.575,269.5747,50826100,0.24,0.32,-0.14,0.23
2019-07-12,270.061,270.8536,269.7548,270.7815,40326000,0.18,0.47,0.07,0.45
2019-07-15,271.2139,271.2139,270.3673,270.8716,33900000,0.16,0.16,-0.15,0.03
2019-07-16,270.7815,270.9886,269.6917,269.9979,36650100,-0.03,0.04,-0.44,-0.32
2019-07-17,269.9709,270.133,268.1606,268.1606,36036300,-0.01,0.05,-0.68,-0.68
2019-07-18,267.6652,269.5206,267.2239,269.1423,51392600,-0.18,0.51,-0.35,0.37
2019-07-19,270.2321,270.2591,267.4761,267.6472,58678600,0.4,0.41,-0.62,-0.56
2019-07-22,268.0436,268.8451,267.5302,268.3047,43638100,0.15,0.45,-0.04,0.25
2019-07-23,269.4216,270.2231,268.593,270.2231,44564500,0.42,0.72,0.11,0.72
2019-07-24,269.4666,271.4931,269.3766,271.4931,47213200,-0.28,0.47,-0.31,0.47
2019-07-25,271.0427,271.0968,269.3945,270.1961,55394100,-0.17,-0.15,-0.77,-0.48
2019-07-26,270.8806,272.2046,270.7545,272.0064,45084100,0.25,0.74,0.21,0.67
2019-07-29,271.8894,272.0065,270.9617,271.5111,38126500,-0.04,0.0,-0.38,-0.18
2019-07-30,270.1151,271.2499,269.7368,270.8446,45849000,-0.51,-0.1,-0.65,-0.25
2019-07-31,271.0877,271.2769,265.873,267.8814,104245200,0.09,0.16,-1.84,-1.09
2019-08-01,268.0345,270.9796,264.7561,265.5487,142646600,0.06,1.16,-1.17,-0.87
2019-08-02,264.6571,264.9003,262.0002,263.5493,116749700,-0.34,-0.24,-1.34,-0.75
2019-08-05,259.4693,259.5774,253.7322,255.6235,178745400,-1.55,-1.51,-3.72,-3.01
2019-08-06,257.5059,259.4243,256.0378,259.2081,120711700,0.74,1.49,0.16,1.4
2019-08-07,256.1459,260.1268,254.0204,259.3613,140572300,-1.18,0.35,-2.0,0.06
2019-08-08,260.8474,264.45,260.298,264.45,87713900,0.57,1.96,0.36,1.96
2019-08-09,263.5133,264.1077,260.8744,262.6487,93730000,-0.35,-0.13,-1.35,-0.68
2019-08-12,261.1536,262.6396,258.5057,259.4514,65527600,-0.57,-0.0,-1.58,-1.22
2019-08-13,259.1541,264.9273,258.8119,263.4863,94299800,-0.11,2.11,-0.25,1.56
2019-08-14,259.4513,260.0547,255.5695,255.6956,135622100,-1.53,-1.3,-3.0,-2.96
2019-08-15,256.5783,257.2628,254.3356,256.3711,99556600,0.35,0.61,-0.53,0.26
2019-08-16,258.0193,260.5862,256.4251,260.1539,83018300,0.64,1.64,0.02,1.48
2019-08-19,263.162,263.9636,262.4865,263.2881,53571800,1.16,1.46,0.9,1.2
2019-08-20,262.7837,263.3151,261.1446,261.2706,51596400,-0.19,0.01,-0.81,-0.77
2019-08-21,263.4232,263.7654,262.7387,263.3962,49524700,0.82,0.95,0.56,0.81
2019-08-22,264.0987,264.7291,261.5498,263.3151,51666400,0.27,0.51,-0.7,-0.03
2019-08-23,262.0182,263.6754,255.3083,256.5512,149161500,-0.49,0.14,-3.04,-2.57
2019-08-26,258.7307,259.3882,257.2086,259.3882,72423800,0.85,1.11,0.26,1.11
2019-08-27,260.7754,261.1446,257.6141,258.3706,66668900,0.53,0.68,-0.68,-0.39
2019-08-28,257.7131,260.352,256.9115,260.1899,59696700,-0.25,0.77,-0.56,0.7
2019-08-29,262.7387,264.0356,261.7389,263.5132,57899400,0.98,1.48,0.6,1.28
2019-08-30,264.9903,265.0083,262.4685,263.3962,62901200,0.56,0.57,-0.4,-0.04
2019-09-03,261.703,262.6126,260.5321,261.856,69101400,-0.64,-0.3,-1.09,-0.58
2019-09-04,264.0177,264.8463,263.2702,264.8283,46887300,0.83,1.14,0.54,1.14
2019-09-05,267.305,269.1423,264.7921,268.2326,83258100,0.94,1.63,-0.01,1.29
2019-09-06,268.548,269.0793,267.8725,268.4398,49584300,0.12,0.32,-0.13,0.08
2019-09-09,269.4215,269.5116,267.6382,268.5749,51260300,0.37,0.4,-0.3,0.05
2019-09-10,267.8184,268.575,266.5665,268.5119,57947100,-0.28,0.0,-0.75,-0.02
2019-09-11,268.8181,270.5023,268.1696,270.4213,68821100,0.11,0.74,-0.13,0.71
2019-09-12,271.3219,272.4117,270.5654,271.358,72908700,0.33,0.74,0.05,0.35
2019-09-13,271.7992,272.1505,270.8085,271.1778,62104800,0.16,0.29,-0.2,-0.07
2019-09-16,270.052,271.2229,269.7008,270.3402,58191200,-0.42,0.02,-0.54,-0.31
2019-09-17,270.1421,271.1148,269.971,271.0248,41475500,-0.07,0.29,-0.14,0.25
2019-09-18,270.6375,271.295,268.611,271.1869,73375800,-0.14,0.1,-0.89,0.06
2019-09-19,271.5741,272.5648,270.8356,271.1688,76560500,0.14,0.51,-0.13,-0.01
2019-09-20,271.7696,272.0501,269.1004,269.8876,89565000,0.22,0.33,-0.76,-0.47
2019-09-23,269.2271,270.5391,268.9737,269.8242,43476800,-0.24,0.24,-0.34,-0.02
2019-09-24,270.91,271.299,266.7478,267.7069,94869400,0.4,0.55,-1.14,-0.78
2019-09-25,267.7884,269.7338,266.3136,269.2904,71854000,0.03,0.76,-0.52,0.59
2019-09-26,269.2994,269.5075,267.327,268.7294,56179700,0.0,0.08,-0.73,-0.21
2019-09-27,269.4805,269.5891,265.7346,267.2818,84746600,0.28,0.32,-1.11,-0.54
2019-09-30,267.7975,269.2271,267.7522,268.5213,51662400,0.19,0.73,0.18,0.46
2019-10-01,269.399,270.0505,265.1102,265.3273,88242400,0.33,0.57,-1.27,-1.19
2019-10-02,263.753,263.762,259.3556,260.6404,122539500,-0.59,-0.59,-2.25,-1.77
2019-10-03,260.4142,262.8029,257.7088,262.7758,85278800,-0.09,0.83,-1.12,0.82
2019-10-04,263.4272,266.585,263.3729,266.3317,65091200,0.25,1.45,0.23,1.35
2019-10-07,265.5354,267.155,264.902,265.1825,59610500,-0.3,0.31,-0.54,-0.43
2019-10-08,263.3367,264.0696,261.0294,261.0656,95708100,-0.7,-0.42,-1.57,-1.55
2019-10-09,263.0744,264.4768,262.45,263.5449,62359400,0.77,1.31,0.53,0.95
2019-10-10,263.4634,266.205,263.3006,265.3273,55296300,-0.03,1.01,-0.09,0.68
2019-10-11,268.0689,270.3038,267.9513,268.078,98720400,1.03,1.88,0.99,1.04
2019-10-14,267.7613,268.4309,267.4356,267.7794,40394800,-0.12,0.13,-0.24,-0.11
2019-10-15,268.8199,271.1725,268.7023,270.4305,46754500,0.39,1.27,0.34,0.99
2019-10-16,269.969,270.6838,269.5618,269.9961,48928200,-0.17,0.09,-0.32,-0.16
2019-10-17,271.1544,271.6611,270.1048,270.7925,45736600,0.43,0.62,0.04,0.29
2019-10-18,270.2585,270.9009,268.7565,269.607,64304000,-0.2,0.04,-0.75,-0.44
2019-10-21,270.919,271.6338,270.4847,271.4347,39048600,0.49,0.75,0.33,0.68
2019-10-22,271.9686,272.2582,270.4576,270.5481,48594700,0.2,0.3,-0.36,-0.33
2019-10-23,270.2948,271.3896,270.0867,271.3353,34352200,-0.09,0.31,-0.17,0.29
2019-10-24,272.2672,272.412,270.9552,271.7786,35453100,0.34,0.4,-0.14,0.16
2019-10-25,271.2086,273.4345,271.1543,272.8916,45205400,-0.21,0.61,-0.23,0.41
2019-10-28,274.1039,274.9273,274.0768,274.4297,42147000,0.44,0.75,0.43,0.56
2019-10-29,274.1583,275.2712,274.0316,274.3483,44284900,-0.1,0.31,-0.15,-0.03
2019-10-30,274.5474,275.5607,273.2444,275.1898,49643900,0.07,0.44,-0.4,0.31
2019-10-31,275.1807,275.1807,273.0092,274.4569,69053800,-0.0,-0.0,-0.79,-0.27
2019-11-01,275.8955,277.0446,275.7327,276.9994,71141500,0.52,0.94,0.46,0.93
2019-11-04,278.5467,278.6824,277.7414,278.1123,60606900,0.56,0.61,0.27,0.4
2019-11-05,278.3114,278.61,277.5151,277.8047,42933200,0.07,0.18,-0.21,-0.11
2019-11-06,277.8047,278.1395,276.9271,277.8681,46487100,0.0,0.12,-0.32,0.02
2019-11-07,279.1981,280.1753,278.3748,278.8452,54272300,0.48,0.83,0.18,0.35
2019-11-08,278.5014,279.5872,277.8047,279.5329,49032100,-0.12,0.27,-0.37,0.25
2019-11-11,278.1575,279.1709,278.0217,278.999,35797300,-0.49,-0.13,-0.54,-0.19
2019-11-12,279.3611,280.483,278.8182,279.5873,46484600,0.13,0.53,-0.06,0.21
2019-11-13,278.601,280.0759,278.3748,279.6778,53917700,-0.35,0.17,-0.43,0.03
2019-11-14,279.3971,280.1662,278.7638,280.0848,51219900,-0.1,0.17,-0.33,0.15
2019-11-15,281.4149,282.1569,280.7273,282.1117,62023600,0.47,0.74,0.23,0.72
2019-11-18,281.8764,282.555,281.424,282.3197,49228000,-0.08,0.16,-0.24,0.07
2019-11-19,282.9169,282.9259,281.5958,282.2383,67804700,0.21,0.21,-0.26,-0.03
2019-11-20,281.6503,282.166,279.6416,281.1888,79406200,-0.21,-0.03,-0.92,-0.37
2019-11-21,281.2973,281.4059,279.9401,280.7363,54664700,0.04,0.08,-0.44,-0.16
2019-11-22,281.4783,281.614,280.3563,281.3607,44850200,0.26,0.31,-0.14,0.22
2019-11-25,282.2836,283.5413,282.2836,283.5413,48647200,0.33,0.78,0.33,0.78
2019-11-26,283.5774,284.3646,283.2608,284.1837,37569000,0.01,0.29,-0.1,0.23
2019-11-27,284.6633,285.4505,284.4461,285.4505,44444600,0.17,0.45,0.09,0.45
2019-11-29,284.8894,285.1337,284.1656,284.3918,36592700,-0.2,-0.11,-0.45,-0.37
2019-12-02,284.6451,284.7084,281.5506,281.9759,75767800,0.09,0.11,-1.0,-0.85
2019-12-03,279.2705,280.1662,277.8951,280.0848,73941700,-0.96,-0.64,-1.45,-0.67
2019-12-04,281.1254,282.4102,280.7815,281.813,49080000,0.37,0.83,0.25,0.62
2019-12-05,282.5098,282.5278,281.0168,282.3197,40709000,0.25,0.25,-0.28,0.18
2019-12-06,284.2199,285.2966,284.2108,284.8985,48927000,0.67,1.05,0.67,0.91
2019-12-09,284.5093,285.1789,283.9302,284.0026,34838500,-0.14,0.1,-0.34,-0.31
2019-12-10,283.9484,284.6089,283.0345,283.686,52649800,-0.02,0.21,-0.34,-0.11
2019-12-11,284.1384,284.7447,283.6046,284.4913,53429100,0.16,0.37,-0.03,0.28
2019-12-12,284.5004,287.7215,284.2651,286.9434,96389600,0.0,1.14,-0.08,0.86
2019-12-13,286.7081,288.3367,285.939,287.1152,81503900,-0.08,0.49,-0.35,0.06
2019-12-16,288.8343,289.6758,287.0518,289.0877,82749700,0.6,0.89,-0.02,0.69
2019-12-17,289.4677,289.7663,289.0696,289.151,61097700,0.13,0.23,-0.01,0.02
2019-12-18,289.5402,289.7664,289.1149,289.1692,48133000,0.13,0.21,-0.01,0.01
2019-12-19,289.3592,290.4269,289.1058,290.3545,85310500,0.07,0.43,-0.02,0.41
2019-12-20,291.382,292.7549,290.4091,291.6275,147142100,0.35,0.83,0.02,0.44
2019-12-23,292.4094,292.4639,291.9275,292.073,52990000,0.27,0.29,0.1,0.15
2019-12-24,292.3002,292.3457,291.7819,292.082,20270000,0.08,0.09,-0.1,0.0
2019-12-26,292.4639,293.646,292.4549,293.6369,30911200,0.13,0.54,0.13,0.53
2019-12-27,294.3643,294.4189,293.0368,293.5642,42528800,0.25,0.27,-0.2,-0.02
2019-12-30,293.646,293.7824,291.4638,291.9457,49729100,0.03,0.07,-0.72,-0.55
2019-12-31,291.4455,292.9004,291.1,292.6548,57077300,-0.17,0.33,-0.29,0.24
2020-01-02,294.1824,295.4099,293.264,295.3917,59151200,0.52,0.94,0.21,0.94
2020-01-03,292.0184,294.2734,291.9639,293.155,77709700,-1.14,-0.38,-1.16,-0.76
2020-01-06,291.4092,294.3552,291.291,294.2734,55653900,-0.6,0.41,-0.64,0.38
2020-01-07,293.7096,294.1824,293.0003,293.4459,40496400,-0.19,-0.03,-0.43,-0.28
2020-01-08,293.6368,296.2191,293.3913,295.0098,68296000,0.07,0.95,-0.02,0.53
2020-01-09,296.5648,297.0831,295.9828,297.0103,48473300,0.53,0.7,0.33,0.68
2020-01-10,297.5922,297.7467,295.6918,296.1555,53029300,0.2,0.25,-0.44,-0.29
2020-01-13,296.7738,298.2014,296.3465,298.1923,47086800,0.21,0.69,0.06,0.69
2020-01-14,297.7559,298.8015,297.183,297.7377,62832800,-0.15,0.2,-0.34,-0.15
2020-01-15,297.6468,299.1653,297.565,298.4106,72056600,-0.03,0.48,-0.06,0.23
2020-01-16,299.7835,300.8928,299.5562,300.8928,54050300,0.46,0.83,0.38,0.83
2020-01-17,301.6021,302.0385,300.8292,301.8294,95846000,0.24,0.38,-0.02,0.31
2020-01-21,300.8746,302.0384,300.8019,301.2383,77742400,-0.32,0.07,-0.34,-0.2
2020-01-22,302.0929,302.7385,301.12,301.2746,48914900,0.28,0.5,-0.04,0.01
2020-01-23,300.6291,302.0294,299.5198,301.6202,51963000,-0.21,0.25,-0.58,0.11
2020-01-24,302.2749,302.3567,297.6558,298.9379,87578400,0.22,0.24,-1.31,-0.89
2020-01-27,293.7188,295.6191,293.3824,294.1461,84062500,-1.75,-1.11,-1.86,-1.6
2020-01-28,295.5646,298.1014,294.237,297.2285,63834000,0.48,1.34,0.03,1.05
2020-01-29,298.5833,298.8106,296.783,296.983,53888900,0.46,0.53,-0.15,-0.08
2020-01-30,294.928,298.1559,294.1824,297.9467,75491800,-0.69,0.39,-0.94,0.32
2020-01-31,297.3286,297.4832,291.6275,292.5368,113845600,-0.21,-0.16,-2.12,-1.82
2020-02-03,294.0097,296.5647,293.8915,294.7098,69083000,0.5,1.38,0.46,0.74
2020-02-04,298.3016,300.0655,297.9833,299.2017,62573200,1.22,1.82,1.11,1.52
2020-02-05,302.1202,302.8658,300.6654,302.6567,65951100,0.98,1.22,0.49,1.15
2020-02-06,303.6115,303.8661,302.6022,303.6752,50359700,0.32,0.4,-0.02,0.34
2020-02-07,302.6204,303.6842,301.5111,302.0567,64139400,-0.35,0.0,-0.71,-0.53
2020-02-10,301.1746,304.3752,301.1383,304.3116,42070000,-0.29,0.77,-0.3,0.75
2020-02-11,305.6574,306.4393,304.3117,304.839,54864500,0.44,0.7,0.0,0.17
2020-02-12,306.2665,307.0121,305.9028,306.803,43992700,0.47,0.71,0.35,0.64
2020-02-13,305.3846,307.4395,305.1118,306.4757,54501900,-0.46,0.21,-0.55,-0.11
2020-02-14,306.8848,307.0848,305.6936,306.9666,64582200,0.13,0.2,-0.26,0.16
2020-02-18,305.9756,307.0303,304.7935,306.1756,57226200,-0.32,0.02,-0.71,-0.26
2020-02-19,307.1394,308.3123,306.8575,307.6394,48814700,0.31,0.7,0.22,0.48
2020-02-20,307.094,307.9123,303.4024,306.3757,74163400,-0.18,0.09,-1.38,-0.41
2020-02-21,305.03,305.3391,302.4022,303.2206,113788200,-0.44,-0.34,-1.3,-1.03
2020-02-24,293.8188,303.2933,292.0912,293.1642,161088400,-3.1,0.02,-3.67,-3.32
2020-02-25,294.5462,295.1554,283.4077,284.2806,218913200,0.47,0.68,-3.33,-3.03
2020-02-26,285.6718,289.2452,282.5076,283.235,194773800,0.49,1.75,-0.62,-0.37
2020-02-27,277.743,283.2895,270.5144,270.5144,284353500,-1.94,0.02,-4.49,-4.49
2020-02-28,262.5039,270.86,259.6306,269.3779,384975800,-2.96,0.13,-4.02,-0.42
2020-03-02,271.1509,281.1073,267.7411,281.0436,238703600,0.66,4.35,-0.61,4.33
2020-03-03,281.4164,285.3626,270.569,272.9967,300139100,0.13,1.54,-3.73,-2.86
2020-03-04,278.3432,284.6898,275.8063,284.4716,176613400,1.96,4.28,1.03,4.2
2020-03-05,277.3065,280.4798,272.7875,275.0152,186366800,-2.52,-1.4,-4.11,-3.32
2020-03-06,266.55,271.6692,263.895,270.4689,228667200,-3.08,-1.22,-4.04,-1.65
2020-03-09,250.3197,258.403,248.6375,249.3468,309417300,-7.45,-4.46,-8.07,-7.81
2020-03-10,258.8121,262.34,248.6829,262.2491,276444100,3.8,5.21,-0.27,5.17
2020-03-11,255.2297,256.3572,246.3008,249.465,255316300,-2.68,-2.25,-6.08,-4.87
2020-03-12,232.771,242.4637,225.2059,225.5969,392220700,-6.69,-2.81,-9.72,-9.57
2020-03-13,239.2176,246.8463,225.9697,244.8823,329566100,6.04,9.42,0.17,8.55
2020-03-16,219.2957,233.5893,215.8223,218.0864,297240000,-10.45,-4.61,-11.87,-10.94
2020-03-17,222.8054,232.9255,215.5586,229.8613,262070500,2.16,6.8,-1.16,5.4
2020-03-18,214.813,225.8332,207.3298,218.2227,327597100,-6.55,-1.75,-9.8,-5.06
2020-03-19,217.5408,224.9331,211.1487,218.6865,289322000,-0.31,3.08,-3.24,0.21
2020-03-20,221.8199,223.5943,208.988,209.2624,347158800,1.43,2.24,-4.43,-4.31
2020-03-23,208.7044,210.0672,199.6224,203.9119,326025200,-0.27,0.38,-4.61,-2.56
2020-03-24,214.4024,223.2558,213.8354,222.3869,235494500,5.14,9.49,4.87,9.06
2020-03-25,223.9601,234.4598,219.2773,225.7161,299430300,0.71,5.43,-1.4,1.5
2020-03-26,228.213,240.359,227.7831,238.8956,257632800,1.11,6.49,0.92,5.84
2020-03-27,231.6428,238.539,229.6124,231.78,224341200,-3.04,-0.15,-3.89,-2.98
2020-03-30,233.8653,240.0207,231.8807,239.3073,171369500,0.9,3.56,0.04,3.25
2020-03-31,238.3103,240.8438,234.3409,235.7403,194881100,-0.42,0.64,-2.08,-1.49
2020-04-01,226.8045,235.6579,223.0729,225.1308,189554600,-3.79,-0.03,-5.37,-4.5
2020-04-02,224.2528,231.1032,223.7041,230.3258,177660400,-0.39,2.65,-0.63,2.31
2020-04-03,229.3472,231.6886,224.2802,226.9966,135561200,-0.42,0.59,-2.62,-1.45
2020-04-06,235.8226,244.2004,226.9783,242.2431,188061200,3.89,7.58,-0.01,6.72
2020-04-07,250.7946,251.5446,242.2705,242.49,201427200,3.53,3.84,0.01,0.1
2020-04-08,245.0784,252.4318,242.5998,250.6301,153774500,1.07,4.1,0.05,3.36
2020-04-09,253.877,257.1879,251.9471,254.444,189999200,1.3,2.62,0.53,1.52
2020-04-13,253.4746,253.813,248.2338,252.1209,114839100,-0.38,-0.25,-2.44,-0.91
2020-04-14,256.9866,260.5718,251.9837,259.5566,134143400,1.93,3.35,-0.05,2.95
2020-04-15,253.8678,259.6939,251.938,254.0416,121775000,-2.19,0.05,-2.94,-2.12
2020-04-16,255.3129,256.1177,252.2124,255.2672,131798300,0.5,0.82,-0.72,0.48
2020-04-17,261.0108,262.7669,258.2853,262.1632,146684800,2.25,2.94,1.18,2.7
2020-04-20,258.4773,262.3004,257.3249,257.5444,100109300,-1.41,0.05,-1.85,-1.76
2020-04-21,253.0996,254.2977,248.7918,249.7247,126385700,-1.73,-1.26,-3.4,-3.04
2020-04-22,254.5812,257.0049,253.2642,255.2672,92951600,1.94,2.92,1.42,2.22
2020-04-23,256.5385,259.6939,254.9471,255.2489,104709700,0.5,1.73,-0.13,-0.01
2020-04-24,256.758,259.4743,254.7184,258.8067,85063200,0.59,1.66,-0.21,1.39
2020-04-27,260.7731,263.6542,260.3158,262.5383,77896600,0.76,1.87,0.58,1.44
2020-04-28,266.1693,266.5168,261.0292,261.331,105270000,1.38,1.52,-0.57,-0.46
2020-04-29,266.6357,269.6996,265.6114,268.1722,118745600,2.03,3.2,1.64,2.62
2020-04-30,266.8004,268.2729,263.9468,265.6754,122901700,-0.51,0.04,-1.58,-0.93
2020-05-01,260.9468,265.84,257.4804,258.642,125180000,-1.78,0.06,-3.08,-2.65
2020-05-04,256.7671,259.6573,255.2946,259.3555,80873200,-0.72,0.39,-1.29,0.28
2020-05-05,262.1633,264.5504,259.4834,261.7517,79569900,1.08,2.0,0.05,0.92
2020-05-06,263.4438,263.8279,259.5476,259.9774,73632600,0.65,0.79,-0.84,-0.68
2020-05-07,263.1784,265.0351,262.6114,263.1144,75250400,1.23,1.95,1.01,1.21
2020-05-08,266.2333,267.9344,265.1083,267.468,76452400,1.19,1.83,0.76,1.65
2020-05-11,265.5473,268.8948,265.1266,267.5229,79514200,-0.72,0.53,-0.88,0.02
2020-05-12,268.7027,269.1143,262.0535,262.1907,95870800,0.44,0.59,-2.04,-1.99
2020-05-13,261.6328,262.6663,255.1391,257.5537,144721100,-0.21,0.18,-2.69,-1.77
2020-05-14,255.1299,260.7639,249.6788,260.6359,121977900,-0.94,1.25,-3.06,1.2
2020-05-15,258.2579,261.8798,257.3159,261.834,111146300,-0.91,0.48,-1.27,0.46
2020-05-18,268.0259,271.41,267.7058,269.8094,119703800,2.36,3.66,2.24,3.05
2020-05-19,269.215,270.9161,267.0199,267.0382,95189300,-0.22,0.41,-1.03,-1.03
2020-05-20,270.5594,272.4343,270.3307,271.5746,85861700,1.32,2.02,1.23,1.7
2020-05-21,271.4466,272.2514,268.6113,269.6997,78293900,-0.05,0.25,-1.09,-0.69
2020-05-22,269.4162,270.3857,268.1815,270.2119,63958200,-0.11,0.25,-0.56,0.19
2020-05-26,276.1477,276.3855,270.2301,273.541,88951400,2.2,2.28,0.01,1.23
2020-05-27,276.3214,277.6476,271.5197,277.611,104817400,1.02,1.5,-0.74,1.49
2020-05-28,278.6354,280.6384,276.4312,277.0989,90405200,0.37,1.09,-0.42,-0.18
2020-05-29,276.6324,278.9189,273.8977,278.3336,119090800,-0.17,0.66,-1.16,0.45
2020-06-01,277.6934,280.0622,277.1812,279.4586,55758300,-0.23,0.62,-0.41,0.4
2020-06-02,280.3732,281.8183,279.047,281.7726,74267200,0.33,0.84,-0.15,0.83
2020-06-03,283.748,286.4736,283.4737,285.5224,92567600,0.7,1.67,0.6,1.33
2020-06-04,284.5437,286.2723,282.6871,284.7724,75794400,-0.34,0.26,-0.99,-0.26
2020-06-05,290.1411,293.8361,290.0771,292.071,150524700,1.89,3.18,1.86,2.56
2020-06-08,292.8758,295.7934,292.3362,295.6013,73641200,0.28,1.27,0.09,1.21
2020-06-09,292.9489,295.6745,292.0892,293.3971,77479200,-0.9,0.02,-1.19,-0.75
2020-06-10,293.9734,294.8605,291.0466,291.76,95000800,0.2,0.5,-0.8,-0.56
2020-06-11,284.8639,285.495,274.3917,274.9404,209243600,-2.36,-2.15,-5.95,-5.76
2020-06-12,281.9188,282.6871,273.102,278.233,194678900,2.54,2.82,-0.67,1.2
2020-06-15,272.5715,281.9554,271.4008,280.8304,135782700,-2.03,1.34,-2.46,0.93
2020-06-16,288.5406,288.687,281.3976,286.2358,137627500,2.75,2.8,0.2,1.92
2020-06-17,287.251,287.5437,284.3151,285.0468,83398900,0.35,0.46,-0.67,-0.42
2020-06-18,283.5377,285.6321,283.0804,285.1566,80828700,-0.53,0.21,-0.69,0.04
2020-06-19,288.6069,288.7998,281.5886,283.5269,135549600,1.21,1.28,-1.25,-0.57
2020-06-22,282.9297,285.7407,281.7906,285.3457,74649400,-0.21,0.78,-0.61,0.64
2020-06-23,287.9823,288.9101,286.2552,286.6594,68471200,0.92,1.25,0.32,0.46
2020-06-24,284.6292,285.2447,277.519,279.3471,132813500,-0.71,-0.49,-3.19,-2.55
2020-06-25,278.7776,282.6083,276.7658,282.3419,89468000,-0.2,1.17,-0.92,1.07
2020-06-26,281.2488,281.4601,275.0572,275.6359,127961000,-0.39,-0.31,-2.58,-2.38
2020-06-29,276.8851,279.8247,274.6069,279.687,79773300,0.45,1.52,-0.37,1.47
2020-06-30,279.2553,284.96,279.0991,283.2697,113394800,-0.15,1.89,-0.21,1.28
2020-07-01,284.3811,286.5124,283.9218,285.2538,72396500,0.39,1.14,0.23,0.7
2020-07-02,288.6712,290.0124,286.1633,286.8247,69344200,1.2,1.67,0.32,0.55
2020-07-06,290.6279,291.8313,289.8838,291.2526,61713800,1.33,1.75,1.07,1.54
2020-07-07,289.7184,291.6843,287.872,288.2486,82910000,-0.53,0.15,-1.16,-1.03
2020-07-08,289.0111,290.5636,287.2565,290.4534,54638600,0.26,0.8,-0.34,0.76
2020-07-09,291.0597,291.2986,285.4009,288.7999,83354200,0.21,0.29,-1.74,-0.57
2020-07-10,288.7355,292.015,287.3116,291.7486,57550400,-0.02,1.11,-0.52,1.02
2020-07-13,294.082,296.4521,288.5702,289.2224,102997500,0.8,1.61,-1.09,-0.87
2020-07-14,287.8077,293.7421,286.6135,292.9704,93657000,-0.49,1.56,-0.9,1.3
2020-07-15,296.1765,296.7553,293.292,295.6621,87196500,1.09,1.29,0.11,0.92
2020-07-16,293.7696,295.1383,293.1265,294.6882,54622500,-0.64,-0.18,-0.86,-0.33
2020-07-17,295.6896,296.3235,293.7238,295.5427,62774900,0.34,0.55,-0.33,0.29
2020-07-20,295.2761,298.675,294.532,297.9309,56308800,-0.09,1.06,-0.34,0.81
2020-07-21,299.8877,300.3286,297.5819,298.5648,57292200,0.66,0.8,-0.12,0.21
2020-07-22,298.2066,300.5767,298.0964,300.2644,57792900,-0.12,0.67,-0.16,0.57
2020-07-23,299.9061,300.6043,295.3221,296.6817,75738000,-0.12,0.11,-1.65,-1.19
2020-07-24,294.8353,295.7906,293.2736,294.771,73766600,-0.62,-0.3,-1.15,-0.64
2020-07-27,295.4599,297.0951,294.6699,296.9206,48293000,0.23,0.79,-0.03,0.73
2020-07-28,296.1948,297.3064,294.7434,295.0374,57495000,-0.24,0.13,-0.73,-0.63
2020-07-29,295.9101,299.2263,295.8733,298.666,48454200,0.3,1.42,0.28,1.23
2020-07-30,295.7079,298.0137,293.6318,297.6003,61861700,-0.99,-0.22,-1.69,-0.36
2020-07-31,299.3825,300.0531,295.1843,299.9521,84986800,0.6,0.82,-0.81,0.79
2020-08-03,301.6056,302.7998,301.0636,302.0374,53077900,0.55,0.95,0.37,0.7
2020-08-04,301.183,303.204,301.183,303.204,41917900,-0.28,0.39,-0.28,0.39
2020-08-05,304.4993,305.3445,304.2329,305.0872,42697700,0.43,0.71,0.34,0.62
2020-08-06,304.5085,307.246,304.187,307.1266,43679400,-0.19,0.71,-0.3,0.67
2020-08-07,306.162,307.6318,305.2618,307.3471,57308300,-0.31,0.16,-0.61,0.07
2020-08-10,307.7972,308.4494,305.868,308.2657,44282100,0.15,0.36,-0.48,0.3
2020-08-11,309.4416,310.0754,304.9954,305.7211,69601100,0.38,0.59,-1.06,-0.83
2020-08-12,308.1462,310.7551,308.1187,309.9835,53774400,0.79,1.65,0.78,1.39
2020-08-13,309.2211,310.7276,308.5045,309.4232,41816100,-0.25,0.24,-0.48,-0.18
2020-08-14,309.0373,309.9651,308.3116,309.4323,47260400,-0.12,0.18,-0.36,0.0
2020-08-17,310.4427,310.8102,309.4414,310.4152,35481000,0.33,0.45,0.0,0.32
2020-08-18,310.8103,311.5084,309.221,311.0859,38733900,0.13,0.35,-0.38,0.22
2020-08-19,311.4625,311.9769,309.2302,309.7906,68054200,0.12,0.29,-0.6,-0.42
2020-08-20,308.0727,311.2328,307.9441,310.7552,42207800,-0.55,0.47,-0.6,0.31
2020-08-21,310.4244,312.078,310.0845,311.8575,55106600,-0.11,0.43,-0.22,0.35
2020-08-24,314.2828,315.0912,311.83,315.0177,48588700,0.78,1.04,-0.01,1.01
2020-08-25,315.5779,316.2026,314.4204,316.1199,38463400,0.18,0.38,-0.19,0.35
2020-08-26,316.7079,319.5557,316.1659,319.2893,50790200,0.19,1.09,0.01,1.0
2020-08-27,320.1528,321.4297,318.3339,319.9874,58034100,0.27,0.67,-0.3,0.22
2020-08-28,321.0071,322.1829,319.822,322.0543,48588900,0.32,0.69,-0.05,0.65
2020-08-31,321.8431,322.7158,320.6581,320.8877,66099200,-0.07,0.21,-0.43,-0.36
2020-09-01,321.7144,324.011,320.8234,323.91,54908700,0.26,0.97,-0.02,0.94
2020-09-02,325.8115,329.5595,324.6724,328.5949,69540000,0.59,1.74,0.24,1.45
2020-09-03,326.9139,327.3824,314.7145,317.2867,148011100,-0.51,-0.37,-4.22,-3.44
2020-09-04,317.9664,319.5281,307.6226,314.6961,139156300,0.21,0.71,-3.05,-0.82
2020-09-08,309.313,314.7605,305.7946,306.0978,114465300,-1.71,0.02,-2.83,-2.73
2020-09-09,310.0845,314.595,309.221,312.1422,91462300,1.3,2.78,1.02,1.97
2020-09-10,314.0071,314.6594,305.767,306.7224,90569500,0.6,0.81,-2.04,-1.74
2020-09-11,308.4954,309.5518,304.0676,306.8786,84680200,0.58,0.92,-0.87,0.05
2020-09-14,310.0294,312.6843,307.0255,310.9205,65605700,1.03,1.89,0.05,1.32
2020-09-15,313.3641,314.1909,310.9298,312.4915,52920900,0.79,1.05,0.0,0.51
2020-09-16,313.7224,315.1462,310.9756,311.2513,82096000,0.39,0.85,-0.49,-0.4
2020-09-17,306.4192,310.2224,305.8956,308.5137,91523300,-1.55,-0.33,-1.72,-0.88
2020-09-18,309.3153,309.426,302.4902,304.962,105877900,0.26,0.3,-1.95,-1.15
2020-09-21,300.3965,301.7154,296.7349,301.5678,99450800,-1.5,-1.06,-2.7,-1.11
2020-09-22,303.0434,305.1924,300.5439,304.639,63612100,0.49,1.2,-0.34,1.02
2020-09-23,305.1924,305.4691,297.0761,297.5742,93112200,0.18,0.27,-2.48,-2.32
2020-09-24,296.2645,301.411,294.9548,298.3673,76681300,-0.44,1.29,-0.88,0.27
2020-09-25,297.5188,303.9749,296.6518,303.191,71069400,-0.28,1.88,-0.57,1.62
2020-09-28,307.3322,308.937,306.3453,308.2268,64584600,1.37,1.9,1.04,1.66
2020-09-29,308.024,308.7618,305.8566,306.5483,51304000,-0.07,0.17,-0.77,-0.54
2020-09-30,307.2123,312.0083,307.0186,308.8725,104081100,0.22,1.78,0.15,0.76
2020-10-01,311.4551,312.4235,308.9833,310.8556,88698700,0.84,1.15,0.04,0.64
2020-10-02,305.9304,310.8279,305.46,307.9041,89431100,-1.58,-0.01,-1.74,-0.95
2020-10-05,309.9515,313.5486,309.9054,313.3641,45713100,0.66,1.83,0.65,1.77
2020-10-06,313.5024,315.5869,308.4021,308.9093,90128900,0.04,0.71,-1.58,-1.42
2020-10-07,311.8515,315.0888,311.8238,314.2864,56999600,0.95,2.0,0.94,1.74
2020-10-08,316.2141,317.1364,315.301,317.0718,45242500,0.61,0.91,0.32,0.89
2020-10-09,318.7135,320.3645,318.0956,319.9033,59528600,0.52,1.04,0.32,0.89
2020-10-12,322.4303,326.5162,321.9415,325.0497,80388500,0.79,2.07,0.64,1.61
2020-10-13,324.9115,325.0867,321.9693,322.9285,73255500,-0.04,0.01,-0.95,-0.65
2020-10-14,323.5004,324.5887,320.1708,320.8994,57727900,0.18,0.51,-0.85,-0.63
2020-10-15,317.0073,320.9825,316.4724,320.5029,60357700,-1.21,0.03,-1.38,-0.12
2020-10-16,321.8494,323.5004,320.134,320.3092,89501900,0.42,0.94,-0.12,-0.06
2020-10-19,321.5635,322.1907,314.5447,315.4394,68425600,0.39,0.59,-1.8,-1.52
2020-10-20,316.7767,319.931,316.0204,316.7029,60051900,0.42,1.42,0.18,0.4
2020-10-21,316.6568,318.815,315.7991,316.1035,63575000,-0.01,0.67,-0.29,-0.19
2020-10-22,316.3155,318.4184,314.185,317.8373,55399300,0.07,0.73,-0.61,0.55
2020-10-23,319.0548,319.1101,316.4723,318.9164,49143900,0.38,0.4,-0.43,0.34
2020-10-26,315.5501,316.334,309.5458,313.0229,91473000,-1.06,-0.81,-2.94,-1.85
2020-10-27,313.3641,313.6961,311.7316,311.9438,65994100,0.11,0.22,-0.41,-0.34
2020-10-28,306.2993,311.9715,300.7931,301.2819,127094300,-1.81,0.01,-3.57,-3.42
2020-10-29,301.5124,307.4982,299.8338,304.3439,90597700,0.08,2.06,-0.48,1.02
2020-10-30,302.776,304.0765,297.5373,301.1712,120287300,-0.52,-0.09,-2.24,-1.04
2020-11-02,304.5468,306.539,301.8168,304.5468,86068300,1.12,1.78,0.21,1.12
2020-11-03,307.7657,311.9714,304.6299,309.9239,93294200,1.06,2.44,0.03,1.77
2020-11-04,314.3787,320.9086,313.2073,316.8505,126959700,1.44,3.54,1.06,2.23
2020-11-05,322.1076,324.8285,321.7571,323.0299,82039700,1.66,2.52,1.55,1.95
2020-11-06,322.7441,324.2013,320.6412,322.9562,74973000,-0.09,0.36,-0.74,-0.02
2020-11-09,335.6932,336.0714,326.5531,327.0143,172304200,3.94,4.06,1.11,1.26
2020-11-10,326.0274,327.5861,323.2789,326.5347,85552000,-0.3,0.17,-1.14,-0.15
2020-11-11,328.7113,329.7812,327.4754,328.9604,58649000,0.67,0.99,0.29,0.74
2020-11-12,327.955,329.0065,323.9706,325.7691,67546200,-0.31,0.01,-1.52,-0.97
2020-11-13,327.6692,331.0172,327.1527,330.2794,62892200,0.58,1.61,0.42,1.38
2020-11-16,332.9356,334.5957,331.6536,334.4021,74541100,0.8,1.31,0.42,1.25
2020-11-17,332.0041,333.8026,330.5007,332.6036,66111000,-0.72,-0.18,-1.17,-0.54
2020-11-18,332.8711,333.4153,328.5639,328.6008,70591300,0.08,0.24,-1.21,-1.2
2020-11-19,327.9736,330.3531,326.6362,329.9842,59940900,-0.19,0.53,-0.6,0.42
2020-11-20,329.726,329.9289,327.6508,327.7246,70417300,-0.08,-0.02,-0.71,-0.68
2020-11-23,329.523,330.9433,327.3002,329.689,63230600,0.55,0.98,-0.13,0.6
2020-11-24,332.2254,335.5457,331.3769,335.0015,62415900,0.77,1.78,0.51,1.61
2020-11-25,334.9185,334.9462,333.3967,334.485,45330900,-0.02,-0.02,-0.48,-0.15
2020-11-27,335.5733,335.8869,334.4112,335.4166,28514100,0.33,0.42,-0.02,0.28
2020-11-30,334.6419,334.9093,331.2662,333.9317,83872700,-0.23,-0.15,-1.24,-0.44
2020-12-01,337.169,339.115,336.5787,337.584,74231400,0.97,1.55,0.79,1.09
2020-12-02,336.4772,338.4509,335.9053,338.2941,45927000,-0.33,0.26,-0.5,0.21
2020-12-03,338.1926,339.5853,337.1043,338.2019,62882000,-0.03,0.38,-0.35,-0.03
2020-12-04,338.783,341.1164,338.6907,341.1164,50749900,0.17,0.86,0.14,0.86
2020-12-07,340.3509,340.9043,339.1519,340.4155,48944300,-0.22,-0.06,-0.58,-0.21
2020-12-08,339.1519,341.9742,339.1058,341.4116,42458900,-0.37,0.46,-0.38,0.29
2020-12-09,342.0664,342.2232,337.5194,338.3495,74098300,0.19,0.24,-1.14,-0.9
2020-12-10,336.9846,339.2811,336.1176,338.2389,57735400,-0.4,0.28,-0.66,-0.03
2020-12-11,336.551,338.2481,335.0385,337.8423,57698600,-0.5,0.0,-0.95,-0.12
2020-12-14,340.0005,341.0703,336.1544,336.3297,69216200,0.64,0.96,-0.5,-0.45
2020-12-15,338.8568,340.8766,337.4918,340.8766,63865300,0.75,1.35,0.35,1.35
2020-12-16,341.0888,342.3247,340.2126,341.4116,58420500,0.06,0.42,-0.19,0.16
2020-12-17,343.0441,343.5237,342.2232,343.3208,64119500,0.48,0.62,0.24,0.56
2020-12-18,343.6079,343.7746,339.9492,341.9499,136542300,0.08,0.13,-0.98,-0.4
2020-12-21,338.0504,350.5454,335.3272,340.7272,96386700,-1.14,2.51,-1.94,-0.36
2020-12-22,341.0515,341.1626,339.0323,340.153,47949000,0.1,0.13,-0.5,-0.17
2020-12-23,341.1164,342.3575,340.1346,340.4587,46201400,0.28,0.65,-0.01,0.09
2020-12-24,340.9311,341.811,340.3476,341.7833,26457900,0.14,0.4,-0.03,0.39
2020-12-28,344.3211,345.1084,343.7006,344.7194,39000400,0.74,0.97,0.56,0.86
2020-12-29,346.2384,346.4144,343.4782,344.0618,53680500,0.44,0.49,-0.36,-0.19
2020-12-30,344.8768,345.5808,344.1636,344.5526,49455300,0.24,0.44,0.03,0.14
2020-12-31,344.3581,347.0257,343.8487,346.3032,78520700,-0.06,0.72,-0.2,0.51
2021-01-04,347.6278,347.7575,337.9115,341.5887,110210800,0.38,0.42,-2.42,-1.36
2021-01-05,340.9496,345.0251,340.9033,343.9414,66426200,-0.19,1.01,-0.2,0.69
2021-01-06,342.4408,349.1746,341.8943,345.9976,107997700,-0.44,1.52,-0.6,0.6
2021-01-07,348.3595,351.8792,348.1835,351.1382,68766800,0.68,1.7,0.63,1.49
2021-01-08,352.5184,353.352,349.2858,353.139,71677200,0.39,0.63,-0.53,0.57
2021-01-11,349.9805,352.5091,349.8601,350.7585,51034700,-0.89,-0.18,-0.93,-0.67
2021-01-12,350.9438,351.8422,348.6003,350.8326,52547700,0.05,0.31,-0.62,0.02
2021-01-13,350.7585,352.7685,349.9805,351.7774,45303600,-0.02,0.55,-0.24,0.27
2021-01-14,352.5183,353.0185,350.212,350.5454,49989100,0.21,0.35,-0.45,-0.35
2021-01-15,348.9338,349.7304,346.1366,347.989,107160000,-0.46,-0.23,-1.26,-0.73
2021-01-19,350.4343,351.2586,348.9616,350.7214,51233300,0.7,0.94,0.28,0.79
2021-01-20,353.0001,356.4087,352.6111,355.575,61836100,0.65,1.62,0.54,1.38
2021-01-21,356.1306,356.5567,354.9821,355.8991,47840100,0.16,0.28,-0.17,0.09
2021-01-22,354.056,355.7973,353.6762,354.6395,52860500,-0.52,-0.03,-0.62,-0.35
2021-01-25,355.3712,356.39,350.5455,356.0381,70402000,0.21,0.49,-1.15,0.39
2021-01-26,356.9828,357.3903,355.2507,355.4823,42665300,0.27,0.38,-0.22,-0.16
2021-01-27,352.1756,352.2683,344.5712,346.7942,123351100,-0.93,-0.9,-3.07,-2.44
2021-01-28,348.6003,353.7595,348.165,349.7766,94198100,0.52,2.01,0.4,0.86
2021-01-29,347.9242,348.8875,341.107,342.7743,126765100,-0.53,-0.25,-2.48,-2.0
2021-02-01,346.155,349.508,343.0614,348.4799,75817600,0.99,1.96,0.08,1.66
2021-02-02,351.6477,354.9544,348.5633,353.4075,64450700,0.91,1.86,0.02,1.41
2021-02-03,354.2318,355.3989,352.4164,353.6854,52427100,0.23,0.56,-0.28,0.08
2021-02-04,354.7136,357.7517,353.7966,357.7054,47142600,0.29,1.15,0.03,1.14
2021-02-05,359.5671,359.8172,357.659,359.1132,48669800,0.52,0.59,-0.01,0.39
2021-02-08,360.5581,361.753,359.706,361.7067,38365200,0.4,0.74,0.17,0.72
2021-02-09,360.8731,362.0587,360.4656,361.4659,35551100,-0.23,0.1,-0.34,-0.07
2021-02-10,363.1979,363.3461,358.9187,361.3084,59154400,0.48,0.52,-0.7,-0.04
2021-02-11,362.3828,362.7996,359.4744,361.8918,42913300,0.3,0.41,-0.51,0.16
2021-02-12,361.0953,363.9204,361.0212,363.6796,50593300,-0.22,0.56,-0.24,0.49
2021-02-16,364.9022,365.0968,362.6515,363.3647,50972400,0.34,0.39,-0.28,-0.09
2021-02-17,361.6233,363.6981,360.6137,363.448,52290600,-0.48,0.09,-0.76,0.02
2021-02-18,360.8545,362.6421,359.1409,361.9011,59712800,-0.71,-0.22,-1.19,-0.43
2021-02-19,363.1517,363.4388,360.8175,361.2621,83241000,0.35,0.42,-0.3,-0.18
2021-02-22,358.5112,360.8823,358.2148,358.4834,67414200,-0.76,-0.11,-0.84,-0.77
2021-02-23,356.2881,360.2617,352.1571,358.9187,107284100,-0.61,0.5,-1.76,0.12
2021-02-24,357.8351,363.2999,356.8532,362.8738,72433900,-0.3,1.22,-0.58,1.1
2021-02-25,361.6141,362.9757,352.6944,354.13,146670500,-0.35,0.03,-2.81,-2.41
2021-02-26,356.0011,357.1403,350.3325,352.3053,152701600,0.53,0.85,-1.07,-0.52
2021-03-01,357.1496,362.0865,352.4999,360.8453,105348800,1.38,2.78,0.06,2.42
2021-03-02,361.0676,361.2992,357.5294,358.0296,79595300,0.06,0.13,-0.92,-0.78
2021-03-03,357.3348,358.2981,353.1852,353.2871,119940200,-0.19,0.07,-1.35,-1.32
2021-03-04,353.1019,355.6768,344.4508,348.9153,183433000,-0.05,0.68,-2.5,-1.24
2021-03-05,352.3979,356.3808,345.1547,355.3341,152039600,1.0,2.14,-1.08,1.84
2021-03-08,356.2881,359.0853,353.287,353.5649,123149200,0.27,1.06,-0.58,-0.5
2021-03-09,357.3904,361.1509,356.8902,358.613,113633600,1.08,2.15,0.94,1.43
2021-03-10,360.9472,362.5311,359.5393,360.8453,109899400,0.65,1.09,0.26,0.62
2021-03-11,363.2998,366.4675,362.8459,364.5039,86245000,0.68,1.56,0.55,1.01
2021-03-12,363.1516,365.1337,362.3457,364.9948,64653600,-0.37,0.17,-0.59,0.13
2021-03-15,365.2449,367.4308,363.1145,367.1715,73427200,0.07,0.67,-0.52,0.6
2021-03-16,367.7827,368.4866,365.9395,366.7083,73722500,0.17,0.36,-0.34,-0.13
2021-03-17,365.4302,368.7554,364.2909,367.9588,97959300,-0.35,0.56,-0.66,0.34
2021-03-18,365.3839,367.4586,361.929,362.6051,115349100,-0.7,-0.14,-1.64,-1.45
2021-03-19,362.306,363.8764,359.769,361.9343,113624500,-0.08,0.35,-0.78,-0.19
2021-03-22,362.4453,366.1996,362.3896,364.8242,73778600,0.14,1.18,0.13,0.8
2021-03-23,364.1924,365.6328,361.1723,361.9528,90686600,-0.17,0.22,-1.0,-0.79
2021-03-24,363.3467,364.9729,360.0663,360.1128,97588600,0.39,0.83,-0.52,-0.51
2021-03-25,358.6817,362.9285,356.7488,362.1386,116128600,-0.4,0.78,-0.93,0.56
2021-03-26,363.2816,368.374,362.6869,367.9745,114409100,0.32,1.72,0.15,1.61
2021-03-29,366.5062,368.69,365.0287,367.7886,108107600,-0.4,0.19,-0.8,-0.05
2021-03-30,366.5248,367.482,365.2238,366.8129,76262200,-0.34,-0.08,-0.7,-0.27
2021-03-31,367.3797,369.8516,367.3518,368.2997,112734200,0.15,0.83,0.15,0.41
2021-04-01,370.2233,372.3328,370.0188,372.277,99682900,0.52,1.1,0.47,1.08
2021-04-05,374.9255,378.1594,374.8511,377.6204,91684800,0.71,1.58,0.69,1.44
2021-04-06,377.0628,378.4382,376.7283,377.3974,62021000,-0.15,0.22,-0.24,-0.06
2021-04-07,377.2301,378.178,376.7748,377.8341,55836300,-0.04,0.21,-0.16,0.12
2021-04-08,379.0793,379.6833,378.15,379.6275,57863100,0.33,0.49,0.08,0.47
2021-04-09,379.5068,382.5548,379.386,382.3875,61104600,-0.03,0.77,-0.06,0.73
2021-04-12,381.7929,382.7965,381.1888,382.527,56704900,-0.16,0.11,-0.31,0.04
2021-04-13,382.4247,384.2832,382.0437,383.6606,56551000,-0.03,0.46,-0.13,0.3
2021-04-14,383.6327,384.6828,381.8113,382.3503,61659900,-0.01,0.27,-0.48,-0.34
2021-04-15,384.4784,386.7273,384.4319,386.4578,60229800,0.56,1.14,0.54,1.07
2021-04-16,387.7402,388.3535,386.3277,387.7495,82037300,0.33,0.49,-0.03,0.33
2021-04-19,386.8202,387.2662,384.5249,385.8445,78498500,-0.24,-0.12,-0.83,-0.49
2021-04-20,384.6364,385.7329,381.5512,383.0194,81851800,-0.31,-0.03,-1.11,-0.73
2021-04-21,382.4061,386.8481,382.2667,386.6436,66793000,-0.16,1.0,-0.2,0.95
2021-04-22,386.4763,387.3034,382.053,383.1123,97582800,-0.04,0.17,-1.19,-0.91
2021-04-23,383.6699,388.6694,383.5956,387.2662,73209200,0.15,1.45,0.13,1.08
2021-04-26,387.9167,388.6415,387.3313,388.0747,52182400,0.17,0.36,0.02,0.21
2021-04-27,388.372,388.5672,386.8573,387.991,51303100,0.08,0.13,-0.31,-0.02
2021-04-28,388.2606,389.3757,387.4149,387.8795,51238900,0.07,0.36,-0.15,-0.03
2021-04-29,390.593,390.9647,386.9874,390.3514,78544300,0.7,0.8,-0.23,0.64
2021-04-30,388.0932,388.9389,386.8945,387.7866,85527000,-0.58,-0.36,-0.89,-0.66
2021-05-03,389.766,390.147,388.1305,388.623,68128300,0.51,0.61,0.09,0.22
2021-05-04,386.6436,387.1361,382.5548,386.2254,101591200,-0.51,-0.38,-1.56,-0.62
2021-05-05,387.861,388.0933,385.7887,386.3463,60162200,0.42,0.48,-0.11,0.03
2021-05-06,386.4206,389.5616,384.4227,389.4315,74321400,0.02,0.83,-0.5,0.8
2021-05-07,390.1934,392.9161,389.515,392.2656,67733800,0.2,0.89,0.02,0.73
2021-05-10,392.6188,392.8418,388.2605,388.3813,81852400,0.09,0.15,-1.02,-0.99
2021-05-11,383.8836,385.9002,381.0586,384.9151,116888000,-1.16,-0.64,-1.89,-0.89
2021-05-12,382.146,383.4098,375.4273,376.7376,134811000,-0.72,-0.39,-2.46,-2.12
2021-05-13,378.2801,383.1867,378.2336,381.2631,106394000,0.41,1.71,0.4,1.2
2021-05-14,383.9859,387.9632,383.9581,387.1176,82201600,0.71,1.76,0.71,1.54
2021-05-17,386.0117,386.941,384.1253,386.1325,65129200,-0.29,-0.05,-0.77,-0.25
2021-05-18,386.3927,386.6344,382.6478,382.8058,59810200,0.07,0.13,-0.9,-0.86
2021-05-19,378.1408,381.9787,376.6632,381.8021,106467100,-1.22,-0.22,-1.6,-0.26
2021-05-20,382.6756,387.164,382.5548,385.9095,78022200,0.23,1.4,0.2,1.08
2021-05-21,387.3871,388.6231,385.1383,385.5936,76578700,0.38,0.7,-0.2,-0.08
2021-05-24,387.8238,390.593,387.5821,389.5244,51376700,0.58,1.3,0.52,1.02
2021-05-25,390.6023,390.9554,388.084,388.6601,57451400,0.28,0.37,-0.37,-0.22
2021-05-26,389.2456,389.9333,388.2141,389.4315,43088600,0.15,0.33,-0.11,0.2
2021-05-27,390.4537,390.9648,389.3571,389.6359,56707700,0.26,0.39,-0.02,0.05
2021-05-28,391.197,391.4572,390.1005,390.3328,58520200,0.4,0.47,0.12,0.18
2021-06-01,392.6839,392.8233,389.5523,389.989,54216600,0.6,0.64,-0.2,-0.09
2021-06-02,390.6395,391.4387,389.6359,390.6023,49097100,0.17,0.37,-0.09,0.16
2021-06-03,388.2977,390.2864,386.8388,389.1526,58138800,-0.59,-0.08,-0.96,-0.37
2021-06-04,390.9926,393.0092,389.2177,392.7118,55938800,0.47,0.99,0.02,0.91
2021-06-07,392.7025,392.879,391.4015,392.3308,51555000,-0.0,0.04,-0.33,-0.1
2021-06-08,393.1856,393.2785,390.5929,392.4143,47134300,0.22,0.24,-0.44,0.02
2021-06-09,393.2508,393.3251,391.606,391.829,48436300,0.21,0.23,-0.21,-0.15
2021-06-10,393.0463,394.5982,391.7361,393.6504,51020100,0.31,0.71,-0.02,0.46
2021-06-11,394.1986,394.4123,392.9162,394.3008,45570800,0.14,0.19,-0.19,0.17
2021-06-14,394.4123,395.2859,393.1764,395.1837,42358500,0.03,0.25,-0.29,0.22
2021-06-15,395.3324,395.3696,393.5854,394.4589,51508500,0.04,0.05,-0.4,-0.18
2021-06-16,394.5982,394.8212,390.2214,392.2564,80386100,0.04,0.09,-1.07,-0.56
2021-06-17,391.8476,393.1021,389.6638,392.1263,90949700,-0.1,0.22,-0.66,-0.03
2021-06-18,388.8596,389.5495,386.6313,386.8365,118676300,-0.83,-0.66,-1.4,-1.35
2021-06-21,388.5891,392.5608,387.778,392.3743,72822000,0.45,1.48,0.24,1.43
2021-06-22,392.365,395.3018,391.6471,394.472,57700300,-0.0,0.75,-0.19,0.53
2021-06-23,394.5466,395.3484,393.9126,393.9965,49445400,0.02,0.22,-0.14,-0.12
2021-06-24,396.1316,396.7469,395.8798,396.3274,45110300,0.54,0.7,0.48,0.59
2021-06-25,397.0732,398.1827,396.7469,397.7352,58129500,0.19,0.47,0.11,0.36
2021-06-28,398.2572,398.7047,397.0638,398.5369,53159600,0.13,0.24,-0.17,0.2
2021-06-29,398.9192,399.5532,398.22,398.7514,35970500,0.1,0.26,-0.08,0.05
2021-06-30,398.2946,399.7583,398.2666,399.087,64827900,-0.11,0.25,-0.12,0.08
2021-07-01,399.8422,401.4551,399.777,401.2966,53441000,0.19,0.59,0.17,0.55
2021-07-02,402.4527,404.7182,401.3805,404.3639,57697700,0.29,0.85,0.02,0.76
2021-07-06,404.4199,404.6343,400.905,403.6274,68710400,0.01,0.07,-0.86,-0.18
2021-07-07,404.308,405.3335,402.3035,405.0538,63549500,0.17,0.42,-0.33,0.35
2021-07-08,399.7582,402.5086,398.5835,401.7534,97595200,-1.31,-0.63,-1.6,-0.81
2021-07-09,403.2544,406.3404,401.5576,406.0421,76238600,0.37,1.14,-0.05,1.07
2021-07-12,405.9582,407.7483,405.5294,407.4966,52889600,-0.02,0.42,-0.13,0.36
2021-07-13,406.7134,408.2051,405.8463,406.1074,52911300,-0.19,0.17,-0.4,-0.34
2021-07-14,407.7949,408.2797,405.4734,406.7134,64130400,0.42,0.53,-0.16,0.15
2021-07-15,405.3802,406.0515,403.4316,405.3242,55126400,-0.33,-0.16,-0.81,-0.34
2021-07-16,406.4989,406.5456,401.7535,402.145,75874700,0.29,0.3,-0.88,-0.78
2021-07-19,397.3436,402.2103,393.4092,396.2062,147987000,-1.19,0.02,-2.17,-1.48
2021-07-20,396.8681,403.152,396.0757,401.884,99608200,0.17,1.75,-0.03,1.43
2021-07-21,403.0774,405.2777,401.8374,405.1378,64724400,0.3,0.84,-0.01,0.81
2021-07-22,405.3149,406.2286,404.336,405.9861,47878500,0.04,0.27,-0.2,0.21
2021-07-23,407.9067,410.4985,407.2261,410.1629,63766600,0.47,1.11,0.31,1.03
2021-07-26,409.5755,411.1791,409.5289,411.1698,43719200,-0.14,0.25,-0.15,0.25
2021-07-27,410.135,410.163,406.4803,409.2959,67397100,-0.25,-0.24,-1.14,-0.46
2021-07-28,409.9206,410.4986,407.711,409.1281,52472400,0.15,0.29,-0.39,-0.04
2021-07-29,410.051,411.897,410.0417,410.8249,47435300,0.23,0.68,0.22,0.41
2021-07-30,408.2703,410.2748,408.1398,408.8297,68951200,-0.62,-0.13,-0.65,-0.49
2021-08-02,410.5359,411.0859,407.6177,407.972,58783300,0.42,0.55,-0.3,-0.21
2021-08-03,408.7645,411.4123,406.5829,411.2911,58053900,0.19,0.84,-0.34,0.81
2021-08-04,410.0138,411.2631,409.0348,409.2679,46732200,-0.31,-0.01,-0.55,-0.49
2021-08-05,410.424,411.9437,410.107,411.8598,38969700,0.28,0.65,0.21,0.63
2021-08-06,412.1767,412.9599,411.897,412.5403,46930000,0.08,0.27,0.01,0.17
2021-08-09,412.5123,412.8293,411.4401,412.2047,41222600,-0.01,0.07,-0.27,-0.08
2021-08-10,412.6522,413.4261,411.9717,412.7175,43339300,0.11,0.3,-0.06,0.12
2021-08-11,413.7803,413.8362,412.6615,413.743,44034300,0.26,0.27,-0.01,0.25
2021-08-12,413.5938,415.1228,412.6988,414.983,38909400,-0.04,0.33,-0.25,0.3
2021-08-13,415.4305,415.7568,414.9457,415.7382,39470300,0.11,0.19,-0.01,0.18
2021-08-16,414.4422,416.8476,412.8946,416.7171,73740000,-0.31,0.27,-0.68,0.24
2021-08-17,414.1719,414.8431,411.0113,413.9854,92673900,-0.61,-0.45,-1.37,-0.66
2021-08-18,412.9785,414.5355,409.212,409.4544,89351900,-0.24,0.13,-1.15,-1.09
2021-08-19,406.7413,411.2817,406.6015,410.0883,92812200,-0.66,0.45,-0.7,0.15
2021-08-20,410.4334,413.6778,409.9486,413.3515,72008700,0.08,0.88,-0.03,0.8
2021-08-23,415.0296,417.8918,413.426,416.9875,54973000,0.41,1.1,0.02,0.88
2021-08-24,417.6494,418.1809,417.1367,417.6494,38744700,0.16,0.29,0.04,0.16
2021-08-25,417.8359,419.0386,417.4629,418.5258,40529700,0.04,0.33,-0.04,0.21
2021-08-26,418.2462,418.4792,415.962,416.0552,57829600,-0.07,-0.01,-0.61,-0.59
2021-08-27,416.8569,420.148,416.801,419.7751,77235100,0.19,0.98,0.18,0.89
2021-08-30,420.4464,422.4042,420.204,421.6211,48357400,0.16,0.63,0.1,0.44
2021-08-31,421.5279,421.8635,420.3998,420.9965,59300200,-0.02,0.06,-0.29,-0.15
2021-09-01,421.9288,422.4415,420.9871,421.2202,48721400,0.22,0.34,-0.0,0.05
2021-09-02,422.6374,423.318,421.3228,422.5162,42501000,0.34,0.5,0.02,0.31
2021-09-03,421.388,422.9263,420.987,422.4135,47170500,-0.27,0.1,-0.36,-0.02
2021-09-07,422.0686,422.1618,420.2319,420.9032,51671500,-0.08,-0.06,-0.52,-0.36
2021-09-08,420.3717,421.099,418.4791,420.3904,56181900,-0.13,0.05,-0.58,-0.12
2021-09-09,420.1947,421.9381,418.3487,418.5911,57970400,-0.05,0.37,-0.49,-0.43
2021-09-10,420.5117,420.9312,415.1695,415.2907,89948200,0.46,0.56,-0.82,-0.79
2021-09-13,418.2741,418.5351,414.0507,416.3535,83738600,0.72,0.78,-0.3,0.26
2021-09-14,417.7892,417.9943,413.2209,414.1066,78197100,0.34,0.39,-0.75,-0.54
2021-09-15,414.5262,418.0597,413.4261,417.5656,78792200,0.1,0.95,-0.16,0.84
2021-09-16,417.0435,418.0131,413.9668,416.9036,77786700,-0.13,0.11,-0.86,-0.16
2021-09-17,416.1348,416.5557,412.4871,412.8425,118425000,-0.18,-0.08,-1.06,-0.97
2021-09-20,406.7443,408.3156,401.1138,405.9587,166445500,-1.48,-1.1,-2.84,-1.67
2021-09-21,408.2876,409.5784,405.0515,405.5753,92526100,0.57,0.89,-0.22,-0.09
2021-09-22,407.8387,411.5612,405.6875,409.5316,102350100,0.56,1.48,0.03,0.98
2021-09-23,411.3927,416.1067,411.1589,414.5073,76396000,0.45,1.61,0.4,1.21
2021-09-24,412.88,415.901,412.6648,415.1902,62094800,-0.39,0.34,-0.44,0.16
2021-09-27,414.1612,415.321,413.3101,414.0023,61371100,-0.25,0.03,-0.45,-0.29
2021-09-28,411.2432,411.5705,404.9299,405.6594,130436300,-0.67,-0.59,-2.19,-2.02
2021-09-29,407.0343,408.7647,405.781,406.3422,82329200,0.34,0.77,0.03,0.17
2021-09-30,407.8106,408.512,401.039,401.3757,140506000,0.36,0.53,-1.31,-1.22
2021-10-01,403.0967,407.8199,399.5893,406.1457,129240100,0.43,1.61,-0.45,1.19
2021-10-04,404.986,405.8838,398.7755,400.9081,128570000,-0.29,-0.06,-1.81,-1.29
2021-10-05,402.4045,407.3148,401.6095,405.0795,90682500,0.37,1.6,0.17,1.04
2021-10-06,401.4972,406.9688,399.8792,406.763,113032200,-0.88,0.47,-1.28,0.42
2021-10-07,410.0273,413.1044,409.8496,410.2798,72437500,0.8,1.56,0.76,0.86
2021-10-08,411.0468,411.4302,408.9049,409.5316,74557400,0.19,0.28,-0.34,-0.18
2021-10-11,408.8768,411.7763,406.5012,406.5666,65233300,-0.16,0.55,-0.74,-0.72
2021-10-12,407.4832,407.8854,404.7802,405.5659,71181200,0.23,0.32,-0.44,-0.25
2021-10-13,406.5852,407.8386,403.6204,407.0248,72974000,0.25,0.56,-0.48,0.36
2021-10-14,410.6725,414.0209,410.2049,413.8713,70236800,0.9,1.72,0.78,1.68
2021-10-15,415.9758,417.3881,415.3584,417.0233,66260200,0.51,0.85,0.36,0.76
2021-10-18,415.2462,418.5946,414.5915,418.2579,62213200,-0.43,0.38,-0.58,0.3
2021-10-19,419.876,421.5502,419.268,421.4847,46996800,0.39,0.79,0.24,0.77
2021-10-20,421.943,423.4395,421.8308,423.1402,49571600,0.11,0.46,0.08,0.39
2021-10-21,422.5416,424.4683,422.1113,424.2438,41305400,-0.14,0.31,-0.24,0.26
2021-10-22,423.8136,425.254,421.8681,423.8042,58845100,-0.1,0.24,-0.56,-0.1
2021-10-25,424.8892,426.4044,423.1215,426.077,45214500,0.26,0.61,-0.16,0.54
2021-10-26,427.6203,428.8268,426.0864,426.4605,56075100,0.36,0.65,0.0,0.09
2021-10-27,426.9188,427.5829,424.4964,424.5712,72438000,0.11,0.26,-0.46,-0.44
2021-10-28,425.9928,428.7426,425.9835,428.6678,51437900,0.33,0.98,0.33,0.96
2021-10-29,426.3763,429.8276,426.0864,429.5376,70162400,-0.53,0.27,-0.6,0.2
2021-11-01,430.5197,430.8938,428.5556,430.2765,48433600,0.23,0.32,-0.23,0.17
2021-11-02,430.4449,432.3249,430.3139,432.0162,48908400,0.04,0.48,0.01,0.4
2021-11-03,431.455,435.056,431.0154,434.6538,52509800,-0.13,0.7,-0.23,0.61
2021-11-04,435.2523,436.7862,434.9062,436.702,52847100,0.14,0.49,0.06,0.47
2021-11-05,438.9187,440.2001,436.7114,438.2172,66390600,0.51,0.8,0.0,0.35
2021-11-08,439.3115,439.8072,437.9086,438.5913,50405200,0.25,0.36,-0.07,0.09
2021-11-09,438.9562,439.19,435.7387,437.1417,51149100,0.08,0.14,-0.65,-0.33
2021-11-10,435.4581,437.1417,432.1471,433.6249,69429700,-0.39,-0.0,-1.14,-0.8
2021-11-11,435.1121,435.1869,433.7465,433.7652,34848500,0.34,0.36,0.03,0.03
2021-11-12,435.0279,437.5906,434.0832,437.0388,53466700,0.29,0.88,0.07,0.75
2021-11-15,438.3202,438.4791,436.0661,437.1884,46980500,0.29,0.33,-0.22,0.03
2021-11-16,436.9265,440.0504,436.8517,438.9187,48857500,-0.06,0.65,-0.08,0.4
2021-11-17,438.6569,438.8346,437.2353,437.8526,47858300,-0.06,-0.02,-0.38,-0.24
2021-11-18,438.8813,439.6015,436.1689,439.3396,50625600,0.23,0.4,-0.38,0.34
2021-11-19,439.2274,440.4713,438.1892,438.554,57315600,-0.03,0.26,-0.26,-0.18
2021-11-22,440.4245,442.9031,437.1136,437.3193,72762000,0.43,0.99,-0.33,-0.28
2021-11-23,436.992,438.7504,434.4013,437.8993,73206500,-0.07,0.33,-0.67,0.13
2021-11-24,435.9071,439.19,435.0934,439.0685,61858800,-0.45,0.29,-0.64,0.27
2021-11-26,432.4277,433.8868,428.1534,429.2758,112669600,-1.51,-1.18,-2.49,-2.23
2021-11-29,434.0458,436.3747,431.8572,434.5415,86268800,1.11,1.65,0.6,1.23
2021-11-30,432.1097,434.0083,425.8431,426.0863,148559600,-0.56,-0.12,-2.0,-1.95
2021-12-01,431.7731,434.607,421.1574,421.3538,131939200,1.33,2.0,-1.16,-1.11
2021-12-02,421.5689,429.3693,421.176,427.8073,127637800,0.05,1.9,-0.04,1.53
2021-12-03,429.4629,430.5197,419.876,424.0849,137331600,0.39,0.63,-1.85,-0.87
2021-12-06,426.6196,430.9781,424.2158,429.1075,98977500,0.6,1.63,0.03,1.18
2021-12-07,434.3638,438.5446,428.9765,437.9834,95484700,1.22,2.2,-0.03,2.07
2021-12-08,438.3763,439.5921,436.6272,439.1432,72238800,0.09,0.37,-0.31,0.26
2021-12-09,437.8618,439.2461,435.9819,436.1783,61272600,-0.29,0.02,-0.72,-0.68
2021-12-10,438.872,440.434,436.328,440.2843,77159800,0.62,0.98,0.03,0.94
2021-12-13,439.7699,440.116,436.1035,436.3841,87724700,-0.12,-0.04,-0.95,-0.89
2021-12-14,433.1292,435.6078,430.473,433.3817,97264100,-0.75,-0.18,-1.35,-0.69
2021-12-15,433.4379,440.3965,430.9313,440.1534,116899300,0.01,1.62,-0.57,1.56
2021-12-16,441.9959,442.2765,434.7286,436.2719,116568600,0.42,0.48,-1.23,-0.88
2021-12-17,433.2054,436.1995,429.9298,431.6286,135511600,-0.7,-0.02,-1.45,-1.06
2021-12-20,426.5697,427.4332,423.4348,427.039,107134800,-1.17,-0.97,-1.9,-1.06
2021-12-21,430.4459,434.7634,428.2872,434.6226,69806300,0.8,1.81,0.29,1.78
2021-12-22,434.3693,439.081,434.1722,438.9684,58890200,-0.06,1.03,-0.1,1.0
2021-12-23,439.9633,443.1921,439.8601,441.6997,56439700,0.23,0.96,0.2,0.62
2021-12-27,443.0699,447.9975,443.023,447.9506,56808600,0.31,1.43,0.3,1.42
2021-12-28,448.3825,449.4056,446.8244,447.5847,47274600,0.1,0.32,-0.25,-0.08
2021-12-29,447.6878,449.1708,446.6929,448.1571,54503000,0.02,0.35,-0.2,0.13
2021-12-30,448.5795,449.5838,446.4583,446.9182,55329000,0.09,0.32,-0.38,-0.28
2021-12-31,446.4302,447.5752,445.5198,445.7919,65237400,-0.11,0.15,-0.31,-0.25
2022-01-03,447.0497,448.5045,444.7501,448.3731,72668200,0.28,0.61,-0.23,0.58
2022-01-04,449.7903,450.5037,446.3738,448.2229,71178700,0.32,0.48,-0.45,-0.03
2022-01-05,447.8569,448.6265,439.5222,439.6161,104538900,-0.08,0.09,-1.94,-1.92
2022-01-06,439.1562,441.9062,436.8472,439.2031,86858900,-0.1,0.52,-0.63,-0.09
2022-01-07,439.2124,440.3857,436.1151,437.4666,85111600,0.0,0.27,-0.7,-0.4
2022-01-10,434.2849,437.1382,428.5595,436.9223,119362000,-0.73,-0.08,-2.04,-0.12
2022-01-11,436.6595,440.9958,433.6748,440.9019,74303100,-0.06,0.93,-0.74,0.91
2022-01-12,442.6289,444.14,440.1416,442.0939,67605400,0.39,0.73,-0.17,0.27
2022-01-13,443.1921,443.8397,434.9794,436.0025,91173100,0.25,0.39,-1.61,-1.38
2022-01-14,432.8676,436.5281,431.6568,436.1808,95890900,-0.72,0.12,-1.0,0.04
2022-01-18,431.5066,431.7131,427.3487,428.4562,109709100,-1.07,-1.02,-2.02,-1.77
2022-01-19,429.9955,431.3846,423.7351,424.0073,109357600,0.36,0.68,-1.1,-1.04
2022-01-20,425.8845,430.5681,417.2026,419.3144,122379700,0.44,1.55,-1.6,-1.11
2022-01-21,418.1974,420.5439,411.0548,411.0829,202271200,-0.27,0.29,-1.97,-1.96
2022-01-24,405.4983,413.3355,394.9204,412.8287,251783900,-1.36,0.55,-3.93,0.42
2022-01-25,406.4651,412.7161,400.918,407.7885,167997300,-1.54,-0.03,-2.89,-1.22
2022-01-26,413.6547,416.7708,402.523,406.7654,186391100,1.44,2.2,-1.29,-0.25
2022-01-27,411.3458,414.4713,403.0769,404.7569,149878300,1.13,1.89,-0.91,-0.49
2022-01-28,406.1084,414.856,401.5468,414.8091,164457400,0.33,2.5,-0.79,2.48
2022-01-31,414.1427,422.6276,412.8006,422.2803,152251400,-0.16,1.88,-0.48,1.8
2022-02-01,423.003,425.7719,419.4927,425.1336,123155400,0.17,0.83,-0.66,0.68
2022-02-02,427.527,429.9861,425.2274,429.2634,117361000,0.56,1.14,0.02,0.97
2022-02-03,423.2565,425.1524,418.3383,419.1736,118024400,-1.4,-0.96,-2.55,-2.35
2022-02-04,418.9389,424.974,416.5736,421.1446,118454400,-0.06,1.38,-0.62,0.47
2022-02-07,421.9049,423.294,418.4696,419.7931,84472900,0.18,0.51,-0.64,-0.32
2022-02-08,419.2956,424.1669,417.8783,423.247,81012000,-0.12,1.04,-0.46,0.82
2022-02-09,427.2642,429.7608,427.0671,429.4417,92589900,0.95,1.54,0.9,1.46
2022-02-10,423.6225,429.6013,419.7368,421.7266,140103700,-1.36,0.04,-2.26,-1.8
2022-02-11,421.811,423.8759,411.984,413.4106,153214600,0.02,0.51,-2.31,-1.97
2022-02-14,412.9039,414.4807,408.6051,412.0591,123006300,-0.12,0.26,-1.16,-0.33
2022-02-15,416.4798,418.8732,415.9636,418.7043,88482700,1.07,1.65,0.95,1.61
2022-02-16,416.6676,420.5439,414.7998,419.1736,84863600,-0.49,0.44,-0.93,0.11
2022-02-17,416.0011,419.1454,409.6187,410.2194,102259100,-0.76,-0.01,-2.28,-2.14
2022-02-18,410.4729,411.7212,405.3013,407.5633,132642900,0.06,0.37,-1.2,-0.65
2022-02-22,405.367,408.7552,399.7072,403.1894,124391800,-0.54,0.29,-1.93,-1.07
2022-02-23,406.0896,406.6528,395.4742,396.0373,132578000,0.72,0.86,-1.91,-1.77
2022-02-24,385.7786,402.4292,385.422,401.9974,213942900,-2.59,1.61,-2.68,1.5
2022-02-25,403.2269,410.9515,401.5844,410.8671,121804500,0.31,2.23,-0.1,2.21
2022-02-28,405.4983,411.2894,404.25,409.8158,145615000,-1.31,0.1,-1.61,-0.26
2022-03-01,408.3235,410.3227,400.8804,403.5742,137785900,-0.36,0.12,-2.18,-1.52
2022-03-02,405.8175,412.7161,405.0666,410.9985,117726500,0.56,2.27,0.37,1.84
2022-03-03,413.42,414.0207,407.1596,408.9523,105501700,0.59,0.74,-0.93,-0.5
2022-03-04,405.2356,406.7561,401.6032,405.6298,113978200,-0.91,-0.54,-1.8,-0.81
2022-03-07,405.0478,405.7517,393.6064,393.6721,137896600,-0.14,0.03,-2.96,-2.95
2022-03-08,393.8505,400.9744,389.6269,390.6875,164772700,0.05,1.85,-1.03,-0.76
2022-03-09,399.0314,403.1331,396.8539,401.162,116990800,2.14,3.19,1.58,2.68
2022-03-10,396.5724,400.2423,394.6201,399.3506,93972700,-1.14,-0.23,-1.63,-0.45
2022-03-11,401.8284,402.4384,393.7659,394.2727,95636300,0.62,0.77,-1.4,-1.27
2022-03-14,395.0425,398.4777,390.2557,391.3914,95729200,0.2,1.07,-1.02,-0.73
2022-03-15,393.9913,400.6271,392.7242,399.9983,106219100,0.66,2.36,0.34,2.2
2022-03-16,403.4897,408.9241,398.7123,408.8678,144954800,0.87,2.23,-0.32,2.22
2022-03-17,406.9625,413.9832,406.5871,413.9832,102676900,-0.47,1.25,-0.56,1.25
2022-03-18,412.3789,418.8376,411.6445,418.5175,106345500,-0.39,1.17,-0.56,1.1
2022-03-21,418.348,420.344,414.9021,418.3951,88349800,-0.04,0.44,-0.86,-0.03
2022-03-22,419.779,424.2229,419.779,423.2909,74650400,0.33,1.39,0.33,1.17
2022-03-23,420.7677,422.2553,417.7549,417.8396,79426100,-0.6,-0.24,-1.31,-1.29
2022-03-24,419.8544,424.1476,418.7434,424.1382,64736900,0.48,1.51,0.22,1.51
2022-03-25,424.7691,426.4826,422.1987,426.2096,77101300,0.15,0.55,-0.46,0.49
2022-03-28,425.6164,429.2412,423.7334,429.2412,68529800,-0.14,0.71,-0.58,0.71
2022-03-29,433.1107,435.0408,430.4369,434.5512,86581500,0.9,1.35,0.28,1.24
2022-03-30,433.4121,434.2218,429.7685,431.868,79666900,-0.26,-0.08,-1.1,-0.62
2022-03-31,431.1054,431.9245,424.769,425.221,121699900,-0.18,0.01,-1.64,-1.54
2022-04-01,426.7932,426.9344,422.8672,426.4261,89048800,0.37,0.4,-0.55,0.28
2022-04-04,426.6239,430.1827,425.8048,430.0792,59601000,0.05,0.88,-0.15,0.86
2022-04-05,428.5916,431.0489,423.5075,424.6467,74214500,-0.35,0.23,-1.53,-1.26
2022-04-06,420.7488,422.6694,417.5288,420.4004,106898000,-0.92,-0.47,-1.68,-1.0
2022-04-07,419.5249,424.3266,417.5854,422.5189,78097200,-0.21,0.93,-0.67,0.5
2022-04-08,421.7657,424.2701,419.8544,421.3891,79272700,-0.18,0.41,-0.63,-0.27
2022-04-11,418.1315,418.9694,413.6876,414.1866,89770500,-0.77,-0.57,-1.83,-1.71
2022-04-12,417.1616,419.6754,411.1077,412.6518,84363600,0.72,1.33,-0.74,-0.37
2022-04-13,412.407,418.1314,412.2281,417.3782,74070400,-0.06,1.33,-0.1,1.15
2022-04-14,417.6042,418.7152,412.0776,412.1812,97869500,0.05,0.32,-1.27,-1.25
2022-04-18,411.2584,414.0265,410.1286,412.3506,66002500,-0.22,0.45,-0.5,0.04
2022-04-19,412.247,419.7225,412.0775,419.007,77821000,-0.03,1.79,-0.07,1.61
2022-04-20,420.777,421.389,417.5383,418.6963,65224400,0.42,0.57,-0.35,-0.07
2022-04-21,422.3023,423.6863,411.5315,412.4353,85417300,0.86,1.19,-1.71,-1.5
2022-04-22,411.3526,412.4542,400.5536,401.1185,132471800,-0.26,0.0,-2.88,-2.74
2022-04-25,398.8871,403.6135,394.3396,403.444,119647700,-0.56,0.62,-1.69,0.58
2022-04-26,400.9207,401.1184,391.7316,391.7599,103996300,-0.63,-0.58,-2.9,-2.9
2022-04-27,392.8332,398.1809,390.7336,392.8614,122030000,0.27,1.64,-0.26,0.28
2022-04-28,397.5878,404.5078,393.1721,402.7849,105449100,1.2,2.96,0.08,2.53
2022-04-29,398.8118,400.9584,387.156,387.8998,145491100,-0.99,-0.45,-3.88,-3.7
2022-05-02,387.9657,391.5904,381.328,390.2347,158312500,0.02,0.95,-1.69,0.6
2022-05-03,390.7337,394.4244,389.1802,392.0235,100028200,0.13,1.07,-0.27,0.46
2022-05-04,392.6826,404.5267,389.5097,403.9618,144247900,0.17,3.19,-0.64,3.05
2022-05-05,399.7156,400.1393,385.4895,389.6039,172929100,-1.05,-0.95,-4.57,-3.55
2022-05-06,387.0524,390.5359,381.9965,387.2784,151770800,-0.65,0.24,-1.95,-0.6
2022-05-09,381.4034,382.6368,373.3065,374.8788,155586100,-1.52,-1.2,-3.61,-3.2
2022-05-10,380.8291,382.3261,371.7248,375.745,132497200,1.59,1.99,-0.84,0.23
2022-05-11,374.7846,380.4054,369.032,369.7758,142361000,-0.26,1.24,-1.79,-1.59
2022-05-12,366.5936,372.6474,362.6204,369.3898,125090800,-0.86,0.78,-1.94,-0.1
2022-05-13,373.5041,379.5957,372.4685,378.2211,104174400,1.11,2.76,0.83,2.39
2022-05-16,376.5829,380.3395,374.3421,376.6865,78622400,-0.43,0.56,-1.03,-0.41
2022-05-17,382.7497,384.6704,379.0308,384.435,83029700,1.61,2.12,0.62,2.06
2022-05-18,379.897,380.1794,367.7045,368.9378,117674500,-1.18,-1.11,-4.35,-4.03
2022-05-19,365.8874,371.0845,364.4657,366.6782,98510700,-0.83,0.58,-1.21,-0.61
2022-05-20,370.2465,373.8054,358.28,366.8383,131432200,0.97,1.94,-2.29,0.04
2022-05-23,369.8511,374.4645,367.5444,373.7019,76414900,0.82,2.08,0.19,1.87
2022-05-24,369.5969,372.0354,364.3245,370.8491,91448800,-1.1,-0.45,-2.51,-0.76
2022-05-25,369.3615,376.0839,368.9661,374.1255,91472900,-0.4,1.41,-0.51,0.88
2022-05-26,375.3495,383.2299,375.1423,381.601,82168300,0.33,2.43,0.27,2.0
2022-05-27,384.049,391.082,383.8513,390.969,84768700,0.64,2.48,0.59,2.45
2022-05-31,389.3591,392.0988,386.045,388.7753,95937000,-0.41,0.29,-1.26,-0.56
2022-06-01,390.8843,391.8917,383.1263,385.6307,86585800,0.54,0.8,-1.45,-0.81
2022-06-02,385.4707,393.0216,383.2299,392.9745,79609600,-0.04,1.92,-0.62,1.9
2022-06-03,388.2763,389.8204,385.5554,386.5251,71874300,-1.2,-0.8,-1.89,-1.64
2022-06-06,390.5171,392.2401,386.5345,387.702,57508900,1.03,1.48,0.0,0.3
2022-06-07,384.2279,391.8729,383.7666,391.421,59272400,-0.9,1.08,-1.02,0.96
2022-06-08,389.7168,391.4963,386.3745,387.1653,64350000,-0.44,0.02,-1.29,-1.09
2022-06-09,385.3954,387.655,377.9575,377.9575,86289800,-0.46,0.13,-2.38,-2.38
2022-06-10,371.7811,372.6285,366.9512,366.9983,132893900,-1.63,-1.41,-2.91,-2.9
2022-06-13,357.6304,359.4757,351.4635,353.0641,170004900,-2.55,-2.05,-4.23,-3.8
2022-06-14,354.806,355.8322,348.9121,352.0003,104011800,0.49,0.78,-1.18,-0.3
2022-06-15,355.2859,361.4434,350.3525,357.0183,125666800,0.93,2.68,-0.47,1.43
2022-06-16,348.8367,349.2415,342.7828,345.2025,134473300,-2.29,-2.18,-3.99,-3.31
2022-06-17,345.6158,349.2751,342.4576,345.9467,111113900,0.12,1.18,-0.8,0.22
2022-06-21,351.6485,356.036,351.5729,354.6555,76811900,1.65,2.92,1.63,2.52
2022-06-22,350.4476,358.1068,350.0316,354.0125,90059400,-1.19,0.97,-1.3,-0.18
2022-06-23,356.1399,358.2107,352.594,357.4826,79292100,0.6,1.19,-0.4,0.98
2022-06-24,360.6409,368.8579,360.6125,368.8484,98050300,0.88,3.18,0.88,3.18
2022-06-27,369.7656,370.0587,366.3521,367.4395,66009600,0.25,0.33,-0.68,-0.38
2022-06-28,368.9903,371.7608,359.8182,359.9317,86548900,0.42,1.18,-2.07,-2.04
2022-06-29,360.4801,361.4635,357.8231,359.6386,65676000,0.15,0.43,-0.59,-0.08
2022-06-30,355.7617,359.9411,352.282,356.7167,112508300,-1.08,0.08,-2.05,-0.81
2022-07-01,356.0644,360.9246,353.4546,360.4896,74839700,-0.18,1.18,-0.91,1.06
2022-07-05,355.4213,361.1893,352.6035,361.1704,81438000,-1.41,0.19,-2.19,0.19
2022-07-06,361.3122,364.8676,358.9388,362.3902,70426200,0.04,1.02,-0.62,0.34
2022-07-07,364.1584,368.6121,362.4091,367.8178,64525900,0.49,1.72,0.01,1.5
2022-07-08,366.1914,369.378,364.669,367.5152,72397800,-0.44,0.42,-0.86,-0.08
2022-07-11,364.8486,365.8131,362.6265,363.3168,58366900,-0.73,-0.46,-1.33,-1.14
2022-07-12,362.7684,365.1418,358.362,360.1019,62219200,-0.15,0.5,-1.36,-0.88
2022-07-13,354.6838,361.1326,354.2677,358.2108,84224600,-1.5,0.29,-1.62,-0.53
2022-07-14,353.2748,358.4188,350.8448,357.3408,89704800,-1.38,0.06,-2.06,-0.24
2022-07-15,361.7283,364.2813,359.8277,364.1678,79060400,1.23,1.94,0.7,1.91
2022-07-18,367.2409,367.9123,359.9411,361.1609,63203600,0.84,1.03,-1.16,-0.83
2022-07-19,365.0661,371.4866,364.4137,370.9192,78506000,1.08,2.86,0.9,2.7
2022-07-20,371.1083,374.692,369.7467,373.2831,71843800,0.05,1.02,-0.32,0.64
2022-07-21,372.7063,377.1316,370.314,377.0843,64903900,-0.15,1.03,-0.8,1.02
2022-07-22,377.2073,378.3987,371.3731,373.5858,72197300,0.03,0.35,-1.51,-0.93
2022-07-25,374.2098,374.8907,371.8081,374.0396,53631500,0.17,0.35,-0.48,0.12
2022-07-26,372.4038,372.6118,368.7255,369.6144,52946400,-0.44,-0.38,-1.42,-1.18
2022-07-27,372.8954,380.9517,372.6023,379.2119,82342100,0.89,3.07,0.81,2.6
2022-07-28,380.0156,384.6584,376.4792,383.9681,73966600,0.21,1.44,-0.72,1.25
2022-07-29,385.3959,390.5493,384.63,389.5659,87003700,0.37,1.71,0.17,1.46
2022-08-01,386.8805,390.9087,386.1714,388.4124,69997500,-0.69,0.34,-0.87,-0.3
2022-08-02,386.8522,390.521,384.6774,385.8499,63435400,-0.4,0.54,-0.96,-0.66
2022-08-03,387.9679,393.0551,387.6843,391.8921,67820600,0.55,1.87,0.48,1.57
2022-08-04,391.8164,392.4972,389.9914,391.6273,45656600,-0.02,0.15,-0.48,-0.07
2022-08-05,387.3627,391.6083,387.306,390.9654,56814900,-1.09,-0.0,-1.1,-0.17
2022-08-08,392.6485,394.8895,389.4147,390.5115,53886100,0.43,1.0,-0.4,-0.12
2022-08-09,389.7834,390.2846,387.8923,388.9608,44931800,-0.19,-0.06,-0.67,-0.4
2022-08-10,395.9864,397.2724,394.0385,397.1305,68665700,1.81,2.14,1.31,2.1
2022-08-11,399.9672,401.8205,396.3929,397.1305,59489700,0.71,1.18,-0.19,0.0
2022-08-12,399.0594,403.9574,398.1138,403.8534,61694500,0.49,1.72,0.25,1.69
2022-08-15,401.6503,406.0378,401.5936,405.5177,54048300,-0.55,0.54,-0.56,0.41
2022-08-16,404.4492,408.2315,403.6455,406.312,59289000,-0.26,0.67,-0.46,0.2
2022-08-17,402.7282,406.1228,401.4328,403.4279,63563400,-0.88,-0.05,-1.2,-0.71
2022-08-18,403.6265,405.2812,402.3405,404.6005,49023200,0.05,0.46,-0.27,0.29
2022-08-19,401.8488,402.1136,398.2935,399.1634,68016900,-0.68,-0.61,-1.56,-1.34
2022-08-22,394.3505,394.5207,389.9536,390.8519,77695600,-1.21,-1.16,-2.31,-2.08
2022-08-23,390.4264,392.8093,389.3579,389.9064,49105200,-0.11,0.5,-0.38,-0.24
2022-08-24,389.6794,392.5161,388.9986,391.1545,49177800,-0.06,0.67,-0.23,0.32
2022-08-25,392.639,396.7238,391.5516,396.6766,50942300,0.38,1.42,0.1,1.41
2022-08-26,396.5631,397.1021,383.1927,383.2495,103087000,-0.03,0.11,-3.4,-3.38
2022-08-29,380.3087,383.7506,379.3632,380.7153,65370800,-0.77,0.13,-1.01,-0.66
2022-08-30,381.869,382.1054,374.4462,376.536,85652400,0.3,0.37,-1.65,-1.1
2022-08-31,378.1623,379.401,373.5384,373.6708,76029700,0.43,0.76,-0.8,-0.76
2022-09-01,371.5056,375.1838,368.8107,374.8434,78740100,-0.58,0.4,-1.3,0.31
2022-09-02,378.4932,379.7036,369.0848,370.8908,99632100,0.97,1.3,-1.54,-1.05
2022-09-06,371.7325,372.6686,367.2788,369.4915,76637400,0.23,0.48,-0.97,-0.38
2022-09-07,369.1794,376.8952,368.9619,376.1293,70964200,-0.08,2.0,-0.14,1.8
2022-09-08,373.8694,379.0417,372.6685,378.5878,80821700,-0.6,0.77,-0.92,0.65
2022-09-09,380.8193,385.3297,380.5546,384.4693,76706900,0.59,1.78,0.52,1.55
2022-09-12,386.5305,389.32,386.2279,388.6013,69256300,0.54,1.26,0.46,1.07
2022-09-13,379.9589,381.1598,370.5883,371.7041,122947100,-2.22,-1.91,-4.64,-4.35
2022-09-14,372.9994,374.6353,369.8318,373.1224,85023700,0.35,0.79,-0.5,0.38
2022-09-15,371.5717,374.4084,367.6192,368.8863,87633800,-0.42,0.34,-1.47,-1.14
2022-09-16,364.7238,366.7272,362.7964,366.0721,103084800,-1.13,-0.59,-1.65,-0.76
2022-09-19,362.9389,368.9109,362.8629,368.9109,73278500,-0.86,0.78,-0.88,0.78
2022-09-20,365.5973,366.6037,361.9324,364.6763,77274900,-0.9,-0.63,-1.89,-1.15
2022-09-21,366.5943,369.6325,358.3055,358.315,106746600,0.53,1.36,-1.75,-1.74
2022-09-22,357.5459,359.179,354.5647,355.3052,89472600,-0.21,0.24,-1.05,-0.84
2022-09-23,351.8492,351.8872,344.9277,349.3521,122346900,-0.97,-0.96,-2.92,-1.68
2022-09-26,347.89,351.4979,344.6808,345.8961,92581200,-0.42,0.61,-1.34,-0.99
2022-09-27,349.4186,351.6783,342.63,345.0131,108294100,1.02,1.67,-0.94,-0.26
2022-09-28,345.9626,353.4823,344.2726,351.8017,110802200,0.28,2.45,-0.21,1.97
2022-09-29,348.2698,348.5546,341.5192,344.453,112952300,-1.0,-0.92,-2.92,-2.09
2022-09-30,343.5129,347.4152,338.9936,339.1265,153711200,-0.27,0.86,-1.58,-1.55
2022-10-03,342.8293,349.9218,341.0539,348.0798,89756500,1.09,3.18,0.57,2.64
2022-10-04,353.5773,358.8942,348.042,358.8658,103602800,1.58,3.11,-0.01,3.1
2022-10-05,354.5172,360.2804,352.2005,358.0302,88065700,-1.21,0.39,-1.86,-0.23
2022-10-06,356.6344,359.5777,353.843,354.3367,82333500,-0.39,0.43,-1.17,-1.03
2022-10-07,350.3206,354.4223,342.6965,344.453,107789500,-1.13,0.02,-3.29,-2.79
2022-10-10,345.5638,345.8011,339.5917,341.8229,76042800,0.32,0.39,-1.41,-0.76
2022-10-11,340.133,344.6809,337.7308,339.6582,92482800,-0.49,0.84,-1.2,-0.63
2022-10-12,340.0664,341.633,338.2909,338.5378,76991800,0.12,0.58,-0.4,-0.33
2022-10-13,331.5593,348.9344,330.5149,347.4722,147254500,-2.06,3.07,-2.37,2.64
2022-10-14,349.9217,351.5453,338.9176,339.5537,123737000,0.7,1.17,-2.46,-2.28
2022-10-17,345.6113,349.3807,339.2215,348.2793,93168200,1.78,2.89,-0.1,2.57
2022-10-18,356.1693,356.4731,348.9439,352.3714,97162900,2.27,2.35,0.19,1.17
2022-10-19,350.3396,353.055,347.0734,349.8743,79746900,-0.58,0.19,-1.5,-0.71
2022-10-20,349.4282,353.8336,346.181,346.9406,88283100,-0.13,1.13,-1.06,-0.84
2022-10-21,346.6652,355.8559,345.1651,355.3717,131038400,-0.08,2.57,-0.51,2.43
2022-10-24,356.8908,360.85,354.2513,359.7202,85436900,0.43,1.54,-0.32,1.22
2022-10-25,359.6442,365.7777,359.5303,365.4644,78846300,-0.02,1.68,-0.05,1.6
2022-10-26,362.3312,367.9899,362.0748,362.711,104087300,-0.86,0.69,-0.93,-0.75
2022-10-27,363.7079,365.5403,360.1569,360.7741,81971800,0.27,0.78,-0.7,-0.53
2022-10-28,360.6696,369.8319,360.4892,369.3571,100302000,-0.03,2.51,-0.08,2.38
2022-10-31,366.9076,368.7685,365.7872,366.6892,96631300,-0.66,-0.16,-0.97,-0.72
2022-11-01,370.4206,370.658,363.9168,365.0847,85407600,1.02,1.08,-0.76,-0.44
2022-11-02,364.496,368.9869,355.818,355.9224,126990400,-0.16,1.07,-2.54,-2.51
2022-11-03,352.6942,355.2862,350.1497,352.2575,87100100,-0.91,-0.18,-1.62,-1.03
2022-11-04,357.9447,359.7202,351.2985,357.3276,103505200,1.61,2.12,-0.27,1.44
2022-11-07,358.6188,361.3343,356.549,360.7456,68286900,0.36,1.12,-0.22,0.96
2022-11-08,361.847,365.6543,358.6283,362.692,84641100,0.31,1.36,-0.59,0.54
2022-11-09,360.7266,361.8755,354.7261,355.2198,78495500,-0.54,-0.23,-2.2,-2.06
2022-11-10,368.4362,375.0729,366.148,374.7406,141455800,3.72,5.59,3.08,5.5
2022-11-11,375.5951,379.1651,373.7152,378.3675,93839900,0.23,1.18,-0.27,0.97
2022-11-14,376.611,379.9531,374.8735,375.1488,71903500,-0.46,0.42,-0.92,-0.85
2022-11-15,380.874,381.9754,374.5507,378.3485,93194500,1.53,1.82,-0.16,0.85
2022-11-16,376.725,377.6744,374.8356,375.4622,68508500,-0.43,-0.18,-0.93,-0.76
2022-11-17,370.7244,374.9875,370.4206,374.3134,74496300,-1.26,-0.13,-1.34,-0.31
2022-11-18,377.6364,377.7029,373.174,376.0129,92922500,0.89,0.91,-0.3,0.45
2022-11-21,374.6932,375.8135,372.8132,374.6457,51243200,-0.35,-0.05,-0.85,-0.36
2022-11-22,376.5825,379.8486,375.1773,379.6872,60429000,0.52,1.39,0.14,1.35
2022-11-23,379.355,382.5641,379.1271,382.0799,68261600,-0.09,0.76,-0.15,0.63
2022-11-25,381.5197,382.5451,381.2444,381.9944,30545400,-0.15,0.12,-0.22,-0.02
2022-11-28,378.9182,380.5513,375.1394,375.899,67881600,-0.81,-0.38,-1.79,-1.6
2022-11-29,376.0319,377.2187,373.4209,375.2533,52310000,0.04,0.35,-0.66,-0.17
2022-11-30,375.5002,387.074,373.5918,387.074,144566700,0.07,3.15,-0.44,3.15
2022-12-01,388.1089,389.2768,384.2921,386.7892,76398200,0.27,0.57,-0.72,-0.07
2022-12-02,381.9185,387.2449,381.814,386.3429,85342700,-1.26,0.12,-1.29,-0.12
2022-12-05,383.5326,384.463,378.0447,379.3929,77289800,-0.73,-0.49,-2.15,-1.8
2022-12-06,379.2315,379.7727,371.8448,373.924,77972200,-0.04,0.1,-1.99,-1.44
2022-12-07,373.0791,375.6426,372.1581,373.2879,65927900,-0.23,0.46,-0.47,-0.17
2022-12-08,375.1678,377.2756,373.3923,376.2122,60737900,0.5,1.07,0.03,0.78
2022-12-09,374.978,377.5226,373.2785,373.4019,81447700,-0.33,0.35,-0.78,-0.75
2022-12-12,374.1899,378.7853,373.5253,378.7853,75405800,0.21,1.44,0.03,1.44
2022-12-13,389.4856,389.7419,378.8991,381.6526,123782500,2.82,2.89,0.03,0.76
2022-12-14,381.3108,385.0042,376.2787,379.2125,108111300,-0.09,0.88,-1.41,-0.64
2022-12-15,374.3703,375.2723,368.2843,369.9363,117705900,-1.28,-1.04,-2.88,-2.45
2022-12-16,367.3906,368.7259,363.4418,365.5688,119858000,-0.69,-0.33,-1.76,-1.18
2022-12-19,365.7596,366.0934,360.8093,362.4689,79878100,0.05,0.14,-1.3,-0.85
2022-12-20,361.7153,364.5768,360.3991,362.9648,74427200,-0.21,0.58,-0.57,0.14
2022-12-21,365.5497,369.5176,365.0156,368.3921,78167400,0.71,1.81,0.57,1.5
2022-12-22,365.359,368.3731,357.4614,363.1366,100120900,-0.82,-0.01,-2.97,-1.43
2022-12-23,362.116,365.3685,360.5708,365.2255,59857300,-0.28,0.61,-0.71,0.58
2022-12-27,365.111,365.4544,362.116,363.7852,51638200,-0.03,0.06,-0.85,-0.39
2022-12-28,363.7184,365.6833,359.0352,359.2641,70911500,-0.02,0.52,-1.31,-1.24
2022-12-29,362.097,366.599,361.5723,365.731,66970900,0.79,2.04,0.64,1.8
2022-12-30,363.0603,364.9106,360.9523,364.7676,84022200,-0.73,-0.22,-1.31,-0.26
2023-01-03,366.618,368.5829,360.3801,363.232,74850700,0.51,1.05,-1.2,-0.42
2023-01-04,365.483,368.0583,362.4499,366.0362,85934100,0.62,1.33,-0.22,0.77
2023-01-05,364.0905,364.2049,361.2672,361.8586,76970500,-0.53,-0.5,-1.3,-1.14
2023-01-06,364.9393,371.2726,361.8871,370.1566,104189600,0.85,2.6,0.01,2.29
2023-01-09,372.341,375.5172,369.7657,369.9469,73978100,0.59,1.45,-0.11,-0.06
2023-01-10,369.365,372.608,368.4303,372.5412,65358100,-0.16,0.72,-0.41,0.7
2023-01-11,374.115,377.3294,373.3043,377.2531,68881100,0.42,1.29,0.2,1.26
2023-01-12,378.35,380.0859,374.2963,378.6266,90157700,0.29,0.75,-0.78,0.36
2023-01-13,375.4409,380.6678,375.1738,380.0955,63903900,-0.84,0.54,-0.91,0.39
2023-01-17,380.0764,381.7456,378.722,379.3992,62677300,-0.01,0.43,-0.36,-0.18
2023-01-18,380.5819,381.6406,373.2089,373.4092,99632300,0.31,0.59,-1.63,-1.58
2023-01-19,371.3776,373.0181,369.3746,370.6909,86958900,-0.54,-0.1,-1.08,-0.73
2023-01-20,372.0834,377.749,370.4428,377.5964,91806400,0.38,1.9,-0.07,1.86
2023-01-23,378.3977,384.0538,377.4439,382.1271,84178800,0.21,1.71,-0.04,1.2
2023-01-24,380.4579,382.6231,379.2752,381.717,59524900,-0.44,0.13,-0.75,-0.11
2023-01-25,377.6632,382.1939,375.3836,381.86,84800300,-1.06,0.12,-1.66,0.04
2023-01-26,384.5116,386.219,381.5548,386.0568,72287400,0.69,1.14,-0.08,1.1
2023-01-27,385.0171,389.3093,384.8072,386.9438,68346200,-0.27,0.84,-0.32,0.23
2023-01-30,384.1968,386.4192,381.7932,382.0889,74202000,-0.71,-0.14,-1.33,-1.25
2023-01-31,382.604,387.7546,382.2606,387.7069,86811800,0.13,1.48,0.04,1.47
2023-02-01,386.4955,394.5648,383.7676,391.8273,101459200,-0.31,1.77,-1.02,1.06
2023-02-02,395.6998,398.9905,393.8113,397.5311,101654500,0.99,1.83,0.51,1.46
2023-02-03,392.5809,397.7125,392.104,393.3058,94736800,-1.25,0.05,-1.37,-1.06
2023-02-06,390.864,392.2947,389.252,390.9021,60295300,-0.62,-0.26,-1.03,-0.61
2023-02-07,389.9865,397.2545,388.7465,396.0146,90990700,-0.23,1.63,-0.55,1.31
2023-02-08,394.0497,395.3851,390.9975,391.6843,76227500,-0.5,-0.16,-1.27,-1.09
2023-02-09,395.2707,395.4233,387.0678,388.2887,78694900,0.92,0.95,-1.18,-0.87
2023-02-10,387.1155,389.5763,386.3048,389.1948,70769700,-0.3,0.33,-0.51,0.23
2023-02-13,389.8435,393.8972,389.3857,393.7637,64913500,0.17,1.21,0.05,1.17
2023-02-14,392.247,395.881,389.6431,393.5824,88389300,-0.39,0.54,-1.05,-0.05
2023-02-15,391.3982,394.9368,390.5588,394.8605,61555700,-0.55,0.34,-0.77,0.32
2023-02-16,389.9102,393.8399,389.2902,389.4238,76431500,-1.25,-0.26,-1.41,-1.38
2023-02-17,387.3063,388.6893,385.3891,388.4509,89257800,-0.54,-0.19,-1.04,-0.25
2023-02-21,384.4449,385.4941,380.4007,380.6582,82655900,-1.03,-0.76,-2.07,-2.01
2023-02-22,381.0683,382.604,378.6838,380.1336,83742300,0.11,0.51,-0.52,-0.14
2023-02-23,383.0141,383.6246,377.9494,382.1557,96242400,0.76,0.92,-0.57,0.53
2023-02-24,377.1577,378.9032,375.4599,378.0734,108194400,-1.31,-0.85,-1.75,-1.07
2023-02-27,381.4021,382.7566,378.4262,379.361,80444700,0.88,1.24,0.09,0.34
2023-02-28,378.8841,380.8394,377.854,377.9589,96438600,-0.13,0.39,-0.4,-0.37
2023-03-01,377.148,378.3689,375.2118,376.509,99706800,-0.21,0.11,-0.73,-0.38
2023-03-02,374.5443,380.2767,374.2104,379.4373,85127800,-0.52,1.0,-0.61,0.78
2023-03-03,381.2495,385.7706,380.601,385.5226,90120000,0.48,1.67,0.31,1.6
2023-03-06,386.3429,388.6321,385.351,385.7897,72795900,0.21,0.81,-0.04,0.07
2023-03-07,385.742,385.9805,379.2656,379.876,108310600,-0.01,0.05,-1.69,-1.53
2023-03-08,379.9905,381.2495,378.2736,380.496,74746600,0.03,0.36,-0.42,0.16
2023-03-09,381.2781,382.9378,372.4935,373.4759,111945300,0.21,0.64,-2.1,-1.84
2023-03-10,372.9323,375.0021,366.5704,368.0869,189253000,-0.15,0.41,-1.85,-1.44
2023-03-13,364.1763,372.36,363.0698,367.5623,157790000,-1.06,1.16,-1.36,-0.14
2023-03-14,372.4649,375.2786,369.1742,373.6381,149752400,1.33,2.1,0.44,1.65
2023-03-15,368.0678,371.5016,365.9885,371.3013,172996900,-1.49,-0.57,-2.05,-0.63
2023-03-16,368.9549,378.1592,368.4494,377.8159,143254200,-0.63,1.85,-0.77,1.75
2023-03-17,376.4907,377.6205,372.0194,373.3981,140553400,-0.35,-0.05,-1.53,-1.17
2023-03-20,374.1736,377.4003,373.4747,376.9886,93055800,0.21,1.07,0.02,0.96
2023-03-21,380.3397,382.4174,378.7503,381.9386,91524200,0.89,1.44,0.47,1.31
2023-03-22,381.7663,385.3663,375.3897,375.4279,111746600,-0.05,0.9,-1.71,-1.7
2023-03-23,378.2812,382.3025,373.7428,376.4429,119351300,0.76,1.83,-0.45,0.27
2023-03-24,375.1694,378.9993,372.8332,378.9131,107682400,-0.34,0.68,-0.96,0.66
2023-03-27,381.1823,381.9483,378.7312,379.6216,74010400,0.6,0.8,-0.05,0.19
2023-03-28,378.9322,379.6216,376.9407,378.7694,62871700,-0.18,-0.0,-0.71,-0.22
2023-03-29,382.9152,384.5142,381.7184,384.2748,77497900,1.09,1.52,0.78,1.45
2023-03-30,386.8982,387.1472,384.6674,386.5248,69840000,0.68,0.75,0.1,0.59
2023-03-31,387.444,392.2696,387.3387,391.9728,112062600,0.24,1.49,0.21,1.41
2023-04-03,391.4558,393.8685,391.0632,393.4664,67391100,-0.13,0.48,-0.23,0.38
2023-04-04,394.1079,394.3952,389.9143,391.2834,66601500,0.16,0.24,-0.9,-0.55
2023-04-05,390.5557,391.3121,388.6121,390.2589,65200200,-0.19,0.01,-0.68,-0.26
2023-04-06,389.4643,392.059,388.4206,391.7813,63743300,-0.2,0.46,-0.47,0.39
2023-04-10,389.311,392.26,388.6982,392.1834,63681000,-0.63,0.12,-0.79,0.1
2023-04-11,392.8058,393.6866,391.5228,392.2887,59297900,0.16,0.38,-0.17,0.03
2023-04-12,394.3473,394.6345,390.1058,390.6898,86420400,0.52,0.6,-0.56,-0.41
2023-04-13,391.7717,396.2334,390.6323,395.8792,85814800,0.28,1.42,-0.01,1.33
2023-04-14,395.2473,397.4303,392.6143,394.9122,78161500,-0.16,0.39,-0.82,-0.24
2023-04-17,394.826,396.3484,393.6005,396.3292,66436400,-0.02,0.36,-0.33,0.36
2023-04-18,397.8994,398.0334,395.2185,396.5877,63560000,0.4,0.43,-0.28,0.07
2023-04-19,394.6824,397.4207,394.625,396.5208,55227300,-0.48,0.21,-0.49,-0.02
2023-04-20,393.7153,396.0994,392.8153,394.3568,75840400,-0.71,-0.11,-0.93,-0.55
2023-04-21,394.6537,395.1228,392.7196,394.6632,73457400,0.08,0.19,-0.42,0.08
2023-04-24,394.4621,395.4961,393.1312,395.0749,64332100,-0.05,0.21,-0.39,0.1
2023-04-25,393.1121,393.6674,388.7461,388.8035,97766700,-0.5,-0.36,-1.6,-1.59
2023-04-26,389.4164,390.4887,386.6015,387.1568,80447000,0.16,0.43,-0.57,-0.42
2023-04-27,389.6845,395.1324,389.4355,394.8643,92968400,0.65,2.06,0.59,1.99
2023-04-28,393.9835,398.2442,393.926,398.2346,89433100,-0.22,0.86,-0.24,0.85
2023-05-01,397.7941,399.8526,397.6026,397.8324,62122300,-0.11,0.41,-0.16,-0.1
2023-05-02,397.1239,397.1718,390.4696,393.3611,103998500,-0.18,-0.17,-1.85,-1.12
2023-05-03,393.8589,396.2621,390.4216,390.661,91531800,0.13,0.74,-0.75,-0.69
2023-05-04,389.6174,389.943,386.5631,387.894,94901900,-0.27,-0.18,-1.05,-0.71
2023-05-05,391.5131,396.1185,391.2546,395.0749,87891800,0.93,2.12,0.87,1.85
2023-05-08,395.4005,395.659,393.7824,395.1803,50046800,0.08,0.15,-0.33,0.03
2023-05-09,393.6388,394.5579,393.2175,393.4473,49220100,-0.39,-0.16,-0.5,-0.44
2023-05-10,396.2717,396.9037,391.4749,395.2856,96142900,0.72,0.88,-0.5,0.47
2023-05-11,394.4238,394.8834,392.5281,394.5962,70157100,-0.22,-0.1,-0.7,-0.17
2023-05-12,395.8313,396.042,391.6664,394.0792,70481500,0.31,0.37,-0.74,-0.13
2023-05-15,394.6823,395.8408,392.777,395.4387,54289400,0.15,0.45,-0.33,0.34
2023-05-16,394.3376,395.2568,392.7866,392.7961,57705500,-0.28,-0.05,-0.67,-0.67
2023-05-17,394.8068,398.1675,393.1696,397.5643,87287000,0.51,1.37,0.1,1.21
2023-05-18,397.2484,401.8154,397.0282,401.3942,97177200,-0.08,1.07,-0.13,0.96
2023-05-19,402.2942,402.8208,399.5942,400.8102,103793300,0.22,0.36,-0.45,-0.15
2023-05-22,400.8292,402.5048,399.5941,400.9728,60745400,0.0,0.42,-0.3,0.04
2023-05-23,399.3356,400.9059,396.0803,396.4728,86383500,-0.41,-0.02,-1.22,-1.12
2023-05-24,394.8739,395.2569,392.442,393.6005,89213700,-0.4,-0.31,-1.02,-0.72
2023-05-25,397.0952,398.4548,394.8643,397.009,90961600,0.89,1.23,0.32,0.87
2023-05-26,397.66,402.8686,397.5834,402.1505,93830000,0.16,1.48,0.14,1.3
2023-05-30,404.0749,404.6015,400.9249,402.3036,72216000,0.48,0.61,-0.3,0.04
2023-05-31,400.4846,401.3846,398.5122,400.0729,110811800,-0.45,-0.23,-0.94,-0.55
2023-06-01,400.3026,404.9271,399.0579,403.8739,88865000,0.06,1.21,-0.25,0.95
2023-06-02,406.44,410.4996,405.9134,409.7145,91426200,0.64,1.64,0.5,1.45
2023-06-05,410.0591,411.3421,408.2303,408.9293,65460200,0.08,0.4,-0.36,-0.19
2023-06-06,408.5176,410.3463,407.8665,409.8197,64022200,-0.1,0.35,-0.26,0.22
2023-06-07,410.2123,411.3421,407.9814,408.4027,85373300,0.1,0.37,-0.45,-0.35
2023-06-08,408.4698,411.323,407.7038,410.873,61952800,0.02,0.72,-0.17,0.6
2023-06-09,411.6676,413.6112,410.624,411.6101,85742800,0.19,0.67,-0.06,0.18
2023-06-12,412.5868,415.4209,411.8687,415.3443,76104300,0.24,0.93,0.06,0.91
2023-06-13,416.7996,418.724,416.1389,418.0826,95899700,0.35,0.81,0.19,0.66
2023-06-14,418.4177,420.3804,415.1432,418.5804,100612100,0.08,0.55,-0.7,0.12
2023-06-15,417.7666,425.0145,417.6708,423.7698,110303100,-0.19,1.54,-0.22,1.24
2023-06-16,425.7476,426.3146,421.8555,422.3264,114165800,0.47,0.6,-0.45,-0.34
2023-06-20,420.3948,421.2789,418.0691,420.1353,76160400,-0.46,-0.25,-1.01,-0.52
2023-06-21,419.155,419.9527,417.3964,417.9826,76982300,-0.23,-0.04,-0.65,-0.51
2023-06-22,417.0312,419.5971,416.6949,419.4914,70637200,-0.23,0.39,-0.31,0.36
2023-06-23,416.051,418.0979,415.6089,416.3201,92074500,-0.82,-0.33,-0.93,-0.76
2023-06-26,415.7532,417.6656,414.3789,414.6192,72823600,-0.14,0.32,-0.47,-0.41
2023-06-27,415.4937,419.7798,415.042,419.1648,72813700,0.21,1.24,0.1,1.1
2023-06-28,418.0884,420.3852,417.4733,419.3762,75636000,-0.26,0.29,-0.4,0.05
2023-06-29,418.9629,421.1924,418.5593,421.0291,67882300,-0.1,0.43,-0.19,0.39
2023-06-30,424.2292,426.9777,423.9121,425.9975,104964000,0.76,1.41,0.68,1.18
2023-07-03,425.6515,426.7663,425.3728,426.4876,32793400,-0.08,0.18,-0.15,0.12
2023-07-05,424.6809,426.5837,424.6713,425.8533,58418400,-0.42,0.02,-0.43,-0.15
2023-07-06,422.288,422.9415,420.02,422.5186,80658300,-0.84,-0.68,-1.37,-0.78
2023-07-07,421.5288,425.3824,421.2116,421.4519,86134200,-0.23,0.68,-0.31,-0.25
2023-07-10,421.0963,422.6916,420.5293,422.5186,62443500,-0.08,0.29,-0.22,0.25
2023-07-11,423.2779,425.6996,422.3073,425.2095,64463800,0.18,0.75,-0.05,0.64
2023-07-12,428.9863,430.0338,427.564,428.6307,91924500,0.89,1.13,0.55,0.8
2023-07-13,430.4373,432.8207,430.0049,432.0326,72425200,0.42,0.98,0.32,0.79
2023-07-14,432.9168,433.7625,431.0044,431.7636,69815800,0.2,0.4,-0.24,-0.06
2023-07-17,431.6194,434.3102,431.5713,433.2627,52680200,-0.03,0.59,-0.04,0.35
2023-07-18,432.936,437.126,432.5035,436.4821,80668200,-0.08,0.89,-0.18,0.74
2023-07-19,437.2702,438.6348,436.4052,437.4528,65891700,0.18,0.49,-0.02,0.22
2023-07-20,436.4629,437.3567,433.8394,434.5505,70591600,-0.23,-0.02,-0.83,-0.66
2023-07-21,436.2611,436.4629,434.5409,434.5505,71275600,0.39,0.44,-0.0,0.0
2023-07-24,435.6941,437.299,434.6658,436.4917,54023400,0.26,0.63,0.03,0.45
2023-07-25,436.2227,438.9327,436.1746,437.6834,55191200,-0.06,0.56,-0.07,0.27
2023-07-26,436.7512,439.173,435.7037,437.7507,71052900,-0.21,0.34,-0.45,0.02
2023-07-27,441.1238,441.5275,433.9451,434.8484,92194400,0.77,0.86,-0.87,-0.66
2023-07-28,438.1062,439.9321,434.8484,439.1057,80011800,0.75,1.17,-0.0,0.98
2023-07-31,439.5766,440.2974,438.2696,439.9418,62040400,0.11,0.27,-0.19,0.19
2023-08-01,438.481,439.4228,437.7314,438.6829,55291500,-0.33,-0.12,-0.5,-0.29
2023-08-02,435.5788,435.8382,431.8308,432.5804,93933400,-0.71,-0.65,-1.56,-1.39
2023-08-03,430.5719,433.2147,429.928,431.3407,64276100,-0.46,0.15,-0.61,-0.29
2023-08-04,433.1474,435.2424,428.8709,429.3899,100128900,0.42,0.9,-0.57,-0.45
2023-08-07,431.2158,433.2916,430.5238,433.1378,58357500,0.43,0.91,0.26,0.87
2023-08-08,430.6104,433.1282,427.9099,431.2542,71361300,-0.58,-0.0,-1.21,-0.43
2023-08-09,431.5233,431.6867,427.612,428.3712,78789600,0.06,0.1,-0.84,-0.67
2023-08-10,430.716,434.0892,427.3621,428.5249,93005500,0.55,1.33,-0.24,0.04
2023-08-11,426.6607,429.2842,426.0648,428.2751,68690900,-0.44,0.18,-0.57,-0.06
2023-08-14,427.3621,430.6391,427.0546,430.6391,47867400,-0.21,0.55,-0.28,0.55
2023-08-15,428.8709,429.2265,425.0557,425.6227,75707500,-0.41,-0.33,-1.3,-1.16
2023-08-16,425.2095,426.8625,422.3938,422.4995,80107200,-0.1,0.29,-0.76,-0.73
2023-08-17,423.9601,424.2196,418.761,419.28,95711300,0.35,0.41,-0.88,-0.76
2023-08-18,416.4738,420.5101,416.1279,419.4818,98852000,-0.67,0.29,-0.75,0.05
2023-08-21,420.4909,422.9511,418.3478,422.2111,68719000,0.24,0.83,-0.27,0.65
2023-08-22,423.9793,423.9793,420.5101,421.0675,64994200,0.42,0.42,-0.4,-0.27
2023-08-23,422.1246,426.3723,421.9805,425.7572,68441000,0.25,1.26,0.22,1.11
2023-08-24,427.3525,427.8619,419.8278,419.8567,88517300,0.37,0.49,-1.39,-1.39
2023-08-25,421.5768,424.0947,418.0403,422.8166,102325100,0.41,1.01,-0.43,0.7
2023-08-28,424.998,426.1127,422.8165,425.4977,61595400,0.52,0.78,-0.0,0.63
2023-08-29,425.392,431.9269,425.2094,431.6482,83081900,-0.02,1.51,-0.07,1.45
2023-08-30,431.9846,434.0604,431.283,433.4261,69053900,0.08,0.56,-0.08,0.41
2023-08-31,434.0411,435.1751,432.6092,432.7918,66084600,0.14,0.4,-0.19,-0.15
2023-09-01,435.5019,435.9824,432.148,433.5991,58944100,0.63,0.74,-0.15,0.19
2023-09-05,433.157,433.4741,431.6578,431.7251,55166200,-0.1,-0.03,-0.45,-0.43
2023-09-06,430.9178,431.0236,426.5068,428.8228,70758500,-0.19,-0.16,-1.21,-0.67
2023-09-07,425.8341,428.1789,425.4881,427.5063,70355400,-0.7,-0.15,-0.78,-0.31
2023-09-08,427.5543,429.6782,427.1988,428.1501,61659700,0.01,0.51,-0.07,0.15
2023-09-11,430.7641,431.2734,429.0631,430.9659,60180100,0.61,0.73,0.21,0.66
2023-09-12,429.5244,431.0428,428.0253,428.6018,67565400,-0.33,0.02,-0.68,-0.55
2023-09-13,428.8228,430.2547,427.7273,429.1015,60199300,0.05,0.39,-0.2,0.12
2023-09-14,431.5617,433.4934,430.2644,432.8014,83430800,0.57,1.02,0.27,0.86
2023-09-15,431.2227,431.5506,427.1529,427.5869,111848900,-0.36,-0.29,-1.31,-1.2
2023-09-18,427.2783,429.1299,426.8057,427.8376,55752200,-0.07,0.36,-0.18,0.06
2023-09-19,426.9215,427.5098,424.279,426.9504,66514600,-0.21,-0.08,-0.83,-0.21
2023-09-20,428.2042,428.6188,422.8228,423.0253,82562600,0.29,0.39,-0.97,-0.92
2023-09-21,420.19,420.4503,415.8791,416.0334,104095800,-0.67,-0.61,-1.69,-1.65
2023-09-22,417.0557,418.647,414.6833,415.098,100829700,0.25,0.63,-0.32,-0.22
2023-09-25,413.8925,416.8821,413.4585,416.8435,70874500,-0.29,0.43,-0.39,0.42
2023-09-26,413.8152,414.5193,409.8901,410.7195,96168400,-0.73,-0.56,-1.67,-1.47
2023-09-27,411.8865,412.4459,407.2574,410.8835,104705800,0.28,0.42,-0.84,0.04
2023-09-28,410.3338,414.934,409.7455,413.2656,92258300,-0.13,0.99,-0.28,0.58
2023-09-29,416.3035,416.477,410.7485,412.2626,115111300,0.74,0.78,-0.61,-0.24
2023-10-02,411.4332,413.3428,409.3501,412.0987,83798600,-0.2,0.26,-0.71,-0.04
2023-10-03,409.9288,412.1565,405.2225,406.5823,103760600,-0.53,0.01,-1.67,-1.34
2023-10-04,407.0452,410.2856,405.589,409.543,87453000,0.11,0.91,-0.24,0.73
2023-10-05,409.2536,410.2277,406.1772,409.3886,70142700,-0.07,0.17,-0.82,-0.04
2023-10-06,406.9487,415.7826,405.6275,414.2492,113273300,-0.6,1.56,-0.92,1.19
2023-10-09,412.359,417.4703,411.8093,416.9013,80374400,-0.46,0.78,-0.59,0.64
2023-10-10,417.5282,421.6558,417.1328,419.0713,78607300,0.15,1.14,0.06,0.52
2023-10-11,420.1321,421.0387,417.7597,420.7879,62451700,0.25,0.47,-0.31,0.41
2023-10-12,421.3955,421.7716,415.8791,418.2226,81154200,0.14,0.23,-1.17,-0.61
2023-10-13,419.7174,420.9133,414.5772,416.1395,95143100,0.36,0.64,-0.87,-0.5
2023-10-16,418.3769,421.5787,418.1358,420.5179,75433200,0.54,1.31,0.48,1.05
2023-10-17,417.4028,422.5431,417.0556,420.4985,75324700,-0.74,0.48,-0.82,-0.0
2023-10-18,418.7338,419.6885,413.8153,414.8954,93559800,-0.42,-0.19,-1.59,-1.33
2023-10-19,415.6091,417.4126,410.575,411.25,121323000,0.17,0.61,-1.04,-0.88
2023-10-20,410.8161,411.3561,406.0905,406.1966,123919900,-0.11,0.03,-1.25,-1.23
2023-10-23,404.6727,409.3404,402.9271,405.4924,92035100,-0.38,0.77,-0.8,-0.17
2023-10-24,407.6045,409.6973,405.7625,408.5497,78564200,0.52,1.04,0.07,0.75
2023-10-25,406.8716,406.9005,402.1749,402.6861,94223200,-0.41,-0.4,-1.56,-1.44
2023-10-26,401.6252,402.4739,396.9479,397.864,115156800,-0.26,-0.05,-1.42,-1.2
2023-10-27,399.4457,399.8411,394.643,396.0606,107367700,0.4,0.5,-0.81,-0.45
2023-10-30,398.8381,401.847,397.5458,400.7958,86562700,0.7,1.46,0.37,1.2
2023-10-31,401.3648,403.6312,399.4649,403.3129,79665200,0.14,0.71,-0.33,0.63
2023-11-01,404.2773,408.4243,403.7469,407.6142,98068100,0.24,1.27,0.11,1.07
2023-11-02,411.3946,415.5801,411.3753,415.4258,94938900,0.93,1.95,0.92,1.92
2023-11-03,417.7211,420.759,417.5957,419.2159,100167800,0.55,1.28,0.52,0.91
2023-11-06,419.9682,420.6239,418.2419,420.1803,67831700,0.18,0.34,-0.23,0.23
2023-11-07,420.1803,422.0127,419.0424,421.3762,64256100,0.0,0.44,-0.27,0.28
2023-11-08,421.9741,422.4948,419.3895,421.6848,61746000,0.14,0.27,-0.47,0.07
2023-11-09,422.8228,422.8614,417.9719,418.3962,83174400,0.27,0.28,-0.88,-0.78
2023-11-10,420.46,425.2338,418.3865,424.9251,89462200,0.49,1.63,-0.0,1.56
2023-11-13,423.5944,425.6196,422.8132,424.5202,52236100,-0.31,0.16,-0.5,-0.1
2023-11-14,430.4319,434.0388,430.2101,432.7561,97176900,1.39,2.24,1.34,1.94
2023-11-15,434.087,435.3118,432.8236,433.6723,77327600,0.31,0.59,0.02,0.21
2023-11-16,433.2287,434.521,432.1678,434.2027,66665800,-0.1,0.2,-0.35,0.12
2023-11-17,434.2123,435.3503,433.2962,434.7428,83133200,0.0,0.26,-0.21,0.12
2023-11-20,434.492,438.9283,434.4824,438.0893,69936200,-0.06,0.96,-0.06,0.77
2023-11-21,437.0476,437.9638,435.8711,437.1344,49244600,-0.24,-0.03,-0.51,-0.22
2023-11-22,438.7836,440.1338,437.7324,438.8222,59394900,0.38,0.69,0.14,0.39
2023-11-24,438.8705,439.2852,438.5426,439.0923,29737400,0.01,0.11,-0.06,0.06
2023-11-27,438.4654,439.2755,437.9157,438.3015,50506000,-0.14,0.04,-0.27,-0.18
2023-11-28,437.9157,440.0277,437.3563,438.7354,62115000,-0.09,0.39,-0.22,0.1
2023-11-29,440.8763,442.0047,438.0314,438.4268,63146000,0.49,0.75,-0.16,-0.07
2023-11-30,439.2658,440.5002,437.202,440.153,79752700,0.19,0.47,-0.28,0.39
2023-12-01,439.5455,443.2874,438.9573,442.757,89183400,-0.14,0.71,-0.27,0.59
2023-12-04,439.3816,442.7763,438.1664,440.4328,72430900,-0.76,0.0,-1.04,-0.52
2023-12-05,439.0537,441.3008,438.6776,440.346,69793500,-0.31,0.2,-0.4,-0.02
2023-12-06,442.4773,442.5062,438.1375,438.5715,69124700,0.48,0.49,-0.5,-0.4
2023-12-07,440.645,442.5641,440.047,441.918,66995400,0.47,0.91,0.34,0.76
2023-12-08,441.1754,444.3482,440.9343,443.8178,83194400,-0.17,0.55,-0.22,0.43
2023-12-11,443.326,445.7177,443.1138,445.5441,65002200,-0.11,0.43,-0.16,0.39
2023-12-12,445.197,447.6755,444.2036,447.579,68327600,-0.08,0.48,-0.3,0.46
2023-12-13,447.9551,454.0019,447.5982,453.7511,93278000,0.08,1.44,0.0,1.38
2023-12-14,455.68,456.8662,452.5457,455.2074,119026000,0.43,0.69,-0.27,0.32
2023-12-15,454.6128,455.7845,452.6181,454.4579,141553700,-0.13,0.13,-0.57,-0.16
2023-12-18,456.0557,457.9923,455.0002,457.0143,70375300,0.35,0.78,0.12,0.56
2023-12-19,457.5565,459.8708,457.4791,459.7933,55761800,0.12,0.63,0.1,0.61
2023-12-20,458.9412,460.8197,452.9958,453.4218,102921000,-0.19,0.22,-1.48,-1.39
2023-12-21,456.3945,457.9922,453.9834,457.7211,86667500,0.66,1.01,0.12,0.95
2023-12-22,458.8444,460.3162,456.7529,458.6411,67160400,0.25,0.57,-0.21,0.2
2023-12-26,459.0477,461.4781,458.9702,460.5776,55387000,0.09,0.62,0.07,0.42
2023-12-27,460.3743,461.5557,459.8418,461.4104,68000300,-0.04,0.21,-0.16,0.18
2023-12-28,461.7687,462.4175,461.1684,461.5847,77158100,0.08,0.22,-0.05,0.04
2023-12-29,461.391,461.9139,458.3021,460.2484,122283100,-0.04,0.07,-0.71,-0.29
2024-01-02,457.1983,458.6605,455.5812,457.6728,123623700,-0.66,-0.35,-1.01,-0.56
2024-01-03,455.5231,456.259,453.3347,453.9351,103585900,-0.47,-0.31,-0.95,-0.82
2024-01-04,453.4605,456.0363,452.2501,452.4729,84232200,-0.1,0.46,-0.37,-0.32
2024-01-05,452.6762,455.5327,451.6498,453.0926,86118900,0.04,0.68,-0.18,0.14
2024-01-08,453.5864,459.7062,453.4606,459.5609,74879100,0.11,1.46,0.08,1.43
2024-01-09,456.9175,459.8805,456.4139,458.8638,65931400,-0.58,0.07,-0.68,-0.15
2024-01-10,459.1349,462.3206,458.8541,461.4588,67310600,0.06,0.75,-0.0,0.57
2024-01-11,462.4562,462.9694,457.2951,461.2555,77940700,0.22,0.33,-0.9,-0.04
2024-01-12,462.6983,463.4342,460.171,461.575,58026400,0.31,0.47,-0.24,0.07
2024-01-16,460.2,461.5072,458.0697,459.8804,85014900,-0.3,-0.01,-0.76,-0.37
2024-01-17,456.869,457.8083,454.9808,457.3241,68843900,-0.65,-0.45,-1.07,-0.56
2024-01-18,458.9896,461.943,457.45,461.391,91856200,0.36,1.01,0.03,0.89
2024-01-19,462.5142,467.4236,461.4394,467.1428,110834500,0.24,1.31,0.01,1.25
2024-01-22,468.6728,469.8444,467.4817,468.1305,75844900,0.33,0.58,0.07,0.21
2024-01-23,468.6728,469.7379,467.5883,469.4958,49945300,0.12,0.34,-0.12,0.29
2024-01-24,472.3524,473.2819,469.5152,470.0091,81765000,0.61,0.81,0.0,0.11
2024-01-25,472.1296,472.8365,470.009,472.5654,72525000,0.45,0.6,-0.0,0.54
2024-01-26,472.1393,473.6209,471.1226,471.9651,76641600,-0.09,0.22,-0.31,-0.13
2024-01-29,472.2749,475.848,471.7327,475.7027,61322800,0.07,0.82,-0.05,0.79
2024-01-30,475.0152,476.0416,474.5794,475.3347,58618400,-0.14,0.07,-0.24,-0.08
2024-01-31,473.1366,473.582,467.5591,467.5785,126011100,-0.46,-0.37,-1.64,-1.63
2024-02-01,469.2731,473.7274,468.4694,473.6983,91891600,0.36,1.32,0.19,1.31
2024-02-02,474.134,480.3312,473.7951,478.6851,99228200,0.09,1.4,0.02,1.05
2024-02-05,478.0557,478.7141,474.6956,476.9421,75757100,-0.13,0.01,-0.83,-0.36
2024-02-06,477.8814,478.6561,476.458,478.3269,55918600,0.2,0.36,-0.1,0.29
2024-02-07,480.5636,482.7327,479.6631,482.3163,70556500,0.47,0.92,0.28,0.83
2024-02-08,482.3163,482.9069,481.5029,482.5293,52343600,-0.0,0.12,-0.17,0.04
2024-02-09,483.0328,485.7537,482.6939,485.318,63979400,0.1,0.67,0.03,0.58
2024-02-12,485.289,487.5451,484.3884,485.105,56502300,-0.01,0.46,-0.19,-0.04
2024-02-13,478.8593,481.3382,475.1701,478.4236,113099200,-1.29,-0.78,-2.05,-1.38
2024-02-14,481.0478,483.2555,478.7335,482.7714,68387800,0.55,1.01,0.06,0.91
2024-02-15,483.4685,486.2863,482.994,486.1023,61683000,0.14,0.73,0.05,0.69
2024-02-16,485.8022,486.9351,482.9457,483.6816,75532900,-0.06,0.17,-0.65,-0.5
2024-02-20,481.9483,482.6164,478.7819,481.0187,71736700,-0.36,-0.22,-1.01,-0.55
2024-02-21,479.7212,481.6094,477.9202,481.4545,59293400,-0.27,0.12,-0.64,0.09
2024-02-22,488.039,492.377,487.0804,491.4184,76402500,1.37,2.27,1.17,2.07
2024-02-23,493.1323,493.9651,491.0311,491.7573,61321800,0.35,0.52,-0.08,0.07
2024-02-26,492.193,492.6288,489.8303,489.9562,50386700,0.09,0.18,-0.39,-0.37
2024-02-27,490.6438,491.0892,488.7555,490.8665,48854500,0.14,0.23,-0.25,0.19
2024-02-28,489.3172,490.7987,488.9589,490.2177,56506600,-0.32,-0.01,-0.39,-0.13
2024-02-29,491.9703,493.5874,489.3365,491.98,83924800,0.36,0.69,-0.18,0.36
2024-03-01,492.8515,497.0249,492.4448,496.5989,76844800,0.18,1.03,0.09,0.94
2024-03-04,495.8048,497.9061,495.7758,496.0663,49799300,-0.16,0.26,-0.17,-0.11
2024-03-05,494.0716,494.517,488.9105,491.1085,72855600,-0.4,-0.31,-1.44,-1.0
2024-03-06,494.3717,495.8436,492.3092,493.5971,68382400,0.66,0.96,0.24,0.51
2024-03-07,496.8797,499.5425,493.6552,498.4967,58652100,0.67,1.2,0.01,0.99
2024-03-08,499.1262,501.7987,494.9334,495.5047,86532500,0.13,0.66,-0.71,-0.6
2024-03-11,494.304,495.6596,492.3867,495.0786,62557200,-0.24,0.03,-0.63,-0.09
2024-03-12,497.1799,500.9854,494.672,500.4044,73114400,0.42,1.19,-0.08,1.08
2024-03-13,500.7239,500.8982,498.1869,499.62,55104100,0.06,0.1,-0.44,-0.16
2024-03-14,500.5883,500.7432,495.6015,498.6323,110171800,0.19,0.22,-0.8,-0.2
2024-03-15,495.5776,497.0249,493.5475,495.2085,107646300,-0.61,-0.32,-1.02,-0.69
2024-03-18,499.2588,500.6964,497.7436,498.1515,88893300,0.82,1.11,0.51,0.59
2024-03-19,497.4619,501.2015,496.4614,500.9198,60755300,-0.14,0.61,-0.34,0.56
2024-03-20,500.9782,505.689,500.3079,505.553,69594600,0.01,0.95,-0.12,0.92
2024-03-21,508.3796,509.0789,506.942,507.2237,60256100,0.56,0.7,0.27,0.33
2024-03-22,507.1362,507.6219,506.0289,506.2621,79070800,-0.02,0.08,-0.24,-0.19
2024-03-25,504.8925,506.0096,504.708,504.8634,48512100,-0.27,-0.05,-0.31,-0.28
2024-03-26,506.2815,506.6215,503.5327,503.9309,65463700,0.28,0.35,-0.26,-0.18
2024-03-27,506.7477,508.2047,504.5913,508.1658,82999800,0.56,0.85,0.13,0.84
2024-03-28,508.2047,509.5645,507.787,508.0687,96294900,0.01,0.28,-0.07,-0.02
2024-04-01,508.8069,509.3411,506.0288,507.1847,62477500,0.15,0.25,-0.4,-0.17
2024-04-02,503.3773,504.096,501.6677,503.9601,74230300,-0.75,-0.61,-1.09,-0.64
2024-04-03,502.8721,506.0095,502.8236,504.5137,59155800,-0.22,0.41,-0.23,0.11
2024-04-04,508.5059,508.8458,498.0545,498.3556,96858100,0.79,0.86,-1.28,-1.22
2024-04-05,499.7057,505.5141,499.2685,503.5618,74546500,0.27,1.44,0.18,1.04
2024-04-08,504.2612,505.2616,503.0373,503.8435,48401800,0.14,0.34,-0.1,0.06
2024-04-09,505.5724,505.8152,499.5987,504.4262,68049200,0.34,0.39,-0.84,0.12
2024-04-10,498.7537,501.3568,497.4036,499.3753,82652800,-1.12,-0.61,-1.39,-1.0
2024-04-11,500.8907,504.5817,497.394,503.1442,70099000,0.3,1.04,-0.4,0.75
2024-04-12,499.6182,501.0267,494.4799,496.1992,92561100,-0.7,-0.42,-1.72,-1.38
2024-04-15,500.3565,500.5216,489.1377,489.9828,92101400,0.84,0.87,-1.42,-1.25
2024-04-16,490.4587,491.9739,487.807,489.0891,73484000,0.1,0.41,-0.44,-0.18
2024-04-17,491.5368,491.702,484.8056,486.1946,75910300,0.5,0.53,-0.88,-0.59
2024-04-18,487.5836,489.6719,484.2617,485.1941,74548100,0.29,0.72,-0.4,-0.21
2024-04-19,485.1164,486.1071,479.6964,480.9591,102212600,-0.02,0.19,-1.13,-0.87
2024-04-22,483.5526,487.9721,481.2214,485.3884,67961000,0.54,1.46,0.05,0.92
2024-04-23,487.3893,491.5757,485.2038,491.1483,64633600,0.41,1.27,-0.04,1.19
2024-04-24,492.0322,492.819,488.7006,490.9152,55928100,0.18,0.34,-0.5,-0.05
2024-04-25,484.8639,489.8079,483.2224,489.0503,69122400,-1.23,-0.23,-1.57,-0.38
2024-04-26,491.8282,495.257,491.1969,493.6835,64306100,0.57,1.27,0.44,0.95
2024-04-29,495.461,496.1021,492.7024,495.4319,46415400,0.36,0.49,-0.2,0.35
2024-04-30,493.9749,494.9462,487.5836,487.5836,77483600,-0.29,-0.1,-1.58,-1.58
2024-05-01,487.0008,493.6155,485.5341,486.0003,80242800,-0.12,1.24,-0.42,-0.32
2024-05-02,489.6913,491.3814,485.2232,490.5461,62550200,0.76,1.11,-0.16,0.94
2024-05-03,496.5003,497.8504,493.9748,496.6266,72756700,1.21,1.49,0.7,1.24
2024-05-06,499.0159,501.7939,498.5788,501.7551,47264700,0.48,1.04,0.39,1.03
2024-05-07,502.7168,503.6978,501.6386,502.3088,52561300,0.19,0.39,-0.02,0.11
2024-05-08,500.4827,502.8916,500.3662,502.3574,42047200,-0.36,0.12,-0.39,0.01
2024-05-09,502.5419,505.2908,501.8912,505.2519,43643700,0.04,0.58,-0.09,0.58
2024-05-10,506.8449,507.6511,504.6886,505.9027,52233200,0.32,0.47,-0.11,0.13
2024-05-13,507.5733,507.6801,504.8342,505.9706,36716400,0.33,0.35,-0.21,0.01
2024-05-14,506.1649,508.8069,505.6307,508.2921,57535900,0.04,0.56,-0.07,0.46
2024-05-15,510.7495,514.8776,510.1181,514.5862,59504900,0.48,1.3,0.36,1.24
2024-05-16,514.6833,516.2763,513.3817,513.5275,50244800,0.02,0.33,-0.23,-0.21
2024-05-17,513.6442,514.3339,512.197,514.2659,59187600,0.02,0.16,-0.26,0.14
2024-05-20,514.3822,516.3151,513.9937,514.8582,37764200,0.02,0.4,-0.05,0.12
2024-05-21,514.1007,516.2765,513.8967,516.121,33437000,-0.15,0.28,-0.19,0.25
2024-05-22,515.4313,516.1404,512.4687,514.6348,48390000,-0.13,0.0,-0.71,-0.29
2024-05-23,517.6751,517.782,509.6714,510.8759,57211200,0.59,0.61,-0.96,-0.73
2024-05-24,512.7116,515.0622,511.7694,514.256,41291100,0.36,0.82,0.17,0.66
2024-05-28,515.0622,515.2954,511.9928,514.6154,36269600,0.16,0.2,-0.44,0.07
2024-05-29,510.6039,512.1872,510.3028,511.0118,45190300,-0.78,-0.47,-0.84,-0.7
2024-05-30,509.4771,510.1376,506.3786,507.6219,46377600,-0.3,-0.17,-0.91,-0.66
2024-05-31,508.5739,512.3717,503.4938,512.2454,90785800,0.19,0.94,-0.81,0.91
2024-06-03,513.8482,514.1299,507.6123,512.6631,46835700,0.31,0.37,-0.9,0.08
2024-06-04,511.3616,513.9744,509.9046,513.2362,34632700,-0.25,0.26,-0.54,0.11
2024-06-05,515.5479,519.3555,513.5664,519.3361,47610400,0.45,1.19,0.06,1.19
2024-06-06,519.6371,520.0644,517.403,519.3262,30808500,0.06,0.14,-0.37,-0.0
2024-06-07,518.3549,521.4923,517.267,518.6949,43224500,-0.19,0.42,-0.4,-0.12
2024-06-10,517.8888,520.6182,517.2963,520.2977,35686100,-0.16,0.37,-0.27,0.31
2024-06-11,518.7533,521.6089,516.7912,521.5507,36383400,-0.3,0.25,-0.67,0.24
2024-06-12,526.0965,528.5151,524.8046,525.8342,63251300,0.87,1.34,0.62,0.82
2024-06-13,527.5729,527.7478,524.115,526.893,44760900,0.33,0.36,-0.33,0.2
2024-06-14,525.368,527.2426,524.3675,527.2135,40089900,-0.29,0.07,-0.48,0.06
2024-06-17,526.5337,532.7987,526.0771,531.4097,55839500,-0.13,1.06,-0.22,0.8
2024-06-18,531.4678,532.8859,531.0501,532.7596,41376400,0.01,0.28,-0.07,0.25
2024-06-20,533.6825,534.343,529.5446,531.3124,70328200,0.17,0.3,-0.6,-0.27
2024-06-21,530.493,531.7111,529.1482,530.6002,64338600,-0.15,0.08,-0.41,-0.13
2024-06-24,530.4248,532.9778,528.7584,528.8754,45528700,-0.03,0.45,-0.35,-0.33
2024-06-25,530.0934,531.2725,528.583,530.9119,37936200,0.23,0.45,-0.06,0.39
2024-06-26,529.8011,532.2859,529.158,531.5746,38550600,-0.21,0.26,-0.33,0.12
2024-06-27,531.4382,532.9876,530.6976,532.4127,35041500,-0.03,0.27,-0.16,0.16
2024-06-28,533.1825,536.2228,529.08,530.3176,76144500,0.14,0.72,-0.63,-0.39
2024-07-01,531.6914,531.9351,528.6609,531.4089,40297800,0.26,0.31,-0.31,0.21
2024-07-02,529.8108,534.9852,529.7621,534.9852,40434800,-0.3,0.67,-0.31,0.67
2024-07-03,534.6733,537.7331,534.6343,537.3726,32789900,-0.06,0.51,-0.07,0.45
2024-07-05,537.6747,540.8709,537.0413,540.4714,41488400,0.06,0.65,-0.06,0.58
2024-07-08,541.2509,542.0402,540.0328,541.095,36110500,0.14,0.29,-0.08,0.12
2024-07-09,542.05,542.9465,541.3289,541.6212,27289700,0.18,0.34,0.04,0.1
2024-07-10,542.8392,547.3217,542.5469,546.9807,38701200,0.22,1.05,0.17,0.99
2024-07-11,547.0977,547.9649,541.631,542.2643,53054200,0.02,0.18,-0.98,-0.86
2024-07-12,543.385,549.2707,542.9173,545.6847,53084400,0.21,1.29,0.12,0.63
2024-07-15,547.6726,550.4108,545.3339,547.1854,40584300,0.36,0.87,-0.06,0.28
2024-07-16,548.491,550.7225,547.7407,550.4302,36475300,0.24,0.65,0.1,0.59
2024-07-17,544.5251,546.1914,542.391,542.7126,57119000,-1.07,-0.77,-1.46,-1.4
2024-07-18,544.2425,545.2267,536.3689,538.5419,56270400,0.28,0.46,-1.17,-0.77
2024-07-19,538.308,539.9256,533.9132,534.9656,65509100,-0.04,0.26,-0.86,-0.66
2024-07-22,538.8733,541.0854,536.9439,540.4812,43346700,0.73,1.14,0.37,1.03
2024-07-23,540.3738,542.5176,539.1461,539.6333,34439600,-0.02,0.38,-0.25,-0.16
2024-07-24,534.8388,535.1409,526.4878,527.4037,74515300,-0.89,-0.83,-2.44,-2.27
2024-07-25,527.5208,533.4748,523.7205,524.6559,61158300,0.02,1.15,-0.7,-0.52
2024-07-26,528.4271,533.2117,527.6573,530.5319,53763800,0.72,1.63,0.57,1.12
2024-07-29,532.0716,533.0753,528.8559,530.8438,39515800,0.29,0.48,-0.32,0.06
2024-07-30,532.3054,533.3578,524.7632,528.1542,46853600,0.28,0.47,-1.15,-0.51
2024-07-31,534.9558,539.3604,533.5916,536.7391,65663400,1.29,2.12,1.03,1.63
2024-08-01,538.4543,540.6955,525.6499,529.1385,76428700,0.32,0.74,-2.07,-1.42
2024-08-02,522.0639,523.2722,515.0965,519.2867,82789100,-1.34,-1.11,-2.65,-1.86
2024-08-05,498.5698,510.2047,497.2347,504.1631,146267400,-3.99,-1.75,-4.25,-2.91
2024-08-06,505.9561,516.2172,504.6406,508.8113,84826300,0.36,2.39,0.09,0.92
2024-08-07,514.9699,518.0102,504.8161,505.4105,70698300,1.21,1.81,-0.79,-0.67
2024-08-08,510.5263,517.7178,508.5092,517.0942,63276600,1.01,2.44,0.61,2.31
2024-08-09,516.2756,520.8556,515.0576,519.3744,45619600,-0.16,0.73,-0.39,0.44
2024-08-12,520.5633,522.0444,517.3865,519.6473,42542100,0.23,0.51,-0.38,0.05
2024-08-13,522.824,528.4271,522.5804,528.1932,52333100,0.61,1.69,0.56,1.64
2024-08-14,528.9824,531.0385,526.3222,529.8594,42446900,0.15,0.54,-0.35,0.32
2024-08-15,535.4625,539.2239,534.8584,538.9413,60846800,1.06,1.77,0.94,1.71
2024-08-16,537.3336,540.8417,537.1777,540.1498,44430700,-0.3,0.35,-0.33,0.22
2024-08-19,540.559,545.3143,539.7112,545.3143,39121800,0.08,0.96,-0.08,0.96
2024-08-20,544.8661,546.513,543.0926,544.4276,33732300,-0.08,0.22,-0.41,-0.16
2024-08-21,545.4702,547.7504,540.5589,546.2985,41514600,0.19,0.61,-0.71,0.34
2024-08-22,548.1889,548.7931,540.8026,542.0109,56121500,0.35,0.46,-1.01,-0.78
2024-08-23,545.2365,548.7055,543.0536,547.77,50639400,0.6,1.24,0.19,1.06
2024-08-26,548.7931,549.5045,544.7686,546.4642,35788600,0.19,0.32,-0.55,-0.24
2024-08-27,545.1975,547.7018,544.0574,547.2146,32693900,-0.23,0.23,-0.44,0.14
2024-08-28,546.8734,547.3022,540.861,544.0377,41066000,-0.06,0.02,-1.16,-0.58
2024-08-29,545.9964,549.2803,542.9464,544.0865,38715200,0.36,0.96,-0.2,0.01
2024-08-30,546.4447,549.7871,542.9074,549.2803,62700100,0.43,1.05,-0.22,0.95
2024-09-03,546.1524,546.4837,535.4724,537.9767,60600100,-0.57,-0.51,-2.51,-2.06
2024-09-04,536.1448,540.2667,535.4237,536.8756,47224900,-0.34,0.43,-0.47,-0.2
2024-09-05,536.8172,539.6528,533.1239,535.5698,44264300,-0.01,0.52,-0.7,-0.24
2024-09-06,535.8914,537.5089,525.6596,526.5561,68493800,0.06,0.36,-1.85,-1.68
2024-09-09,530.7365,533.7184,528.8168,532.4515,40445800,0.79,1.36,0.43,1.12
2024-09-10,534.3517,535.1216,529.499,534.7708,36394600,0.36,0.5,-0.55,0.44
2024-09-11,534.6832,541.173,526.1664,540.257,75248600,-0.02,1.2,-1.61,1.03
2024-09-12,540.8319,545.1098,538.6199,544.8077,51819600,0.11,0.9,-0.3,0.84
2024-09-13,545.4118,548.647,545.1585,547.6531,39310500,0.11,0.7,0.06,0.52
2024-09-16,547.39,548.725,545.597,548.4619,36656100,-0.05,0.2,-0.38,0.15
2024-09-17,550.6641,552.1063,546.4642,548.686,49321000,0.4,0.66,-0.36,0.04
2024-09-18,549.3388,554.1624,546.5032,547.0587,59044900,0.12,1.0,-0.4,-0.3
2024-09-19,556.4232,558.2454,553.568,556.3939,75315500,1.71,2.04,1.19,1.71
2024-09-20,555.0313,556.4682,552.4215,555.4321,77503100,-0.24,0.01,-0.71,-0.17
2024-09-23,556.4976,557.4652,555.2855,556.8201,44116900,0.19,0.37,-0.03,0.25
2024-09-24,557.6118,558.4719,554.7967,558.4133,46805700,0.14,0.3,-0.36,0.29
2024-09-25,558.2569,558.99,556.0772,557.1817,38428600,-0.03,0.1,-0.42,-0.22
2024-09-26,561.4238,561.7464,557.0449,559.3907,48336000,0.76,0.82,-0.02,0.4
2024-09-27,560.4561,561.2674,557.5531,558.5794,42100900,0.19,0.34,-0.33,-0.15
2024-09-30,557.5531,561.4238,555.2659,560.8178,63557400,-0.18,0.51,-0.59,0.4
2024-10-01,560.466,561.1111,553.2329,555.7938,72668800,-0.06,0.05,-1.35,-0.9
2024-10-02,554.9043,557.0449,552.5193,556.0283,38097800,-0.16,0.23,-0.59,0.04
2024-10-03,554.5621,556.9471,552.7343,555.0118,40846500,-0.26,0.17,-0.59,-0.18
2024-10-04,559.4397,560.4269,555.2856,560.0555,42939100,0.8,0.98,0.05,0.91
2024-10-07,558.4132,559.0584,553.8486,554.9922,49964700,-0.29,-0.18,-1.11,-0.9
2024-10-08,557.5532,560.8374,556.6833,560.2411,37398700,0.46,1.05,0.3,0.95
2024-10-09,560.2313,564.6787,559.6351,564.1216,37912200,-0.0,0.79,-0.11,0.69
2024-10-10,562.7825,564.5517,561.5314,563.1344,44138100,-0.24,0.08,-0.46,-0.17
2024-10-11,563.0561,567.2396,562.9193,566.5065,42268000,-0.01,0.73,-0.04,0.6
2024-10-14,568.1095,572.0682,567.6305,571.1396,36217200,0.28,0.98,0.2,0.82
2024-10-15,571.4036,571.7066,565.49,566.7021,54203600,0.05,0.1,-0.99,-0.78
2024-10-16,566.702,569.6832,565.9005,569.1652,30725400,-0.0,0.53,-0.14,0.43
2024-10-17,572.6937,572.899,569.0283,569.214,34393700,0.62,0.66,-0.02,0.01
2024-10-18,570.8953,572.1855,569.4389,571.4036,37416800,0.3,0.52,0.04,0.38
2024-10-21,570.6802,571.6577,567.5035,570.4652,36439000,-0.13,0.04,-0.68,-0.16
2024-10-22,567.9434,571.3155,567.2885,570.1622,34183800,-0.44,0.15,-0.56,-0.05
2024-10-23,568.1486,568.5885,561.4629,564.9523,49314600,-0.35,-0.28,-1.53,-0.91
2024-10-24,566.8975,566.9757,563.5644,566.1742,34979900,0.34,0.36,-0.25,0.22
2024-10-25,568.3931,571.2765,565.0405,565.9788,47268200,0.39,0.9,-0.2,-0.03
2024-10-28,569.439,569.5661,567.4254,567.7285,30174700,0.61,0.63,0.26,0.31
2024-10-29,566.7704,569.7613,565.3824,568.6471,42899700,-0.17,0.36,-0.41,0.16
2024-10-30,568.1779,570.1622,566.223,566.9268,41435800,-0.08,0.27,-0.43,-0.3
2024-10-31,562.5773,562.6457,555.6179,555.8134,60182500,-0.77,-0.76,-1.99,-1.96
2024-11-01,558.4328,562.5673,557.7485,558.1591,45667500,0.47,1.22,0.35,0.42
2024-11-04,558.296,559.5862,555.0802,556.9569,38217000,0.02,0.26,-0.55,-0.22
2024-11-05,557.8659,563.7305,557.6509,563.6915,39478300,0.16,1.22,0.12,1.21
2024-11-06,575.9095,578.5779,572.1855,577.708,68182000,2.17,2.64,1.51,2.49
2024-11-07,579.7021,583.1916,579.6239,582.175,47233200,0.35,0.95,0.33,0.77
2024-11-08,582.7222,586.114,582.7222,584.6967,46444900,0.09,0.68,0.09,0.43
2024-11-11,586.2801,586.632,583.5335,585.2538,37586800,0.27,0.33,-0.2,0.1
2024-11-12,585.1757,585.7719,580.9629,583.4359,43006100,-0.01,0.09,-0.73,-0.31
2024-11-13,583.8954,585.7134,581.5397,583.7194,47388600,0.08,0.39,-0.32,0.05
2024-11-14,583.8465,584.3254,579.2818,579.966,38904100,0.02,0.1,-0.76,-0.64
2024-11-15,576.4178,576.887,570.69,572.5374,75988800,-0.61,-0.53,-1.6,-1.28
2024-11-18,572.9968,576.193,572.1367,574.8833,37001700,0.08,0.64,-0.07,0.41
2024-11-19,571.5207,577.7079,570.8561,576.9846,49412000,-0.58,0.49,-0.7,0.37
2024-11-20,577.063,577.4637,571.4427,577.1803,50032600,0.01,0.08,-0.96,0.03
2024-11-21,580.0148,581.6959,574.199,580.2786,46750300,0.49,0.78,-0.52,0.54
2024-11-22,580.2689,582.7028,579.7705,582.0772,38226400,-0.0,0.42,-0.09,0.31
2024-11-25,585.9967,587.3065,581.7742,584.0516,42441400,0.67,0.9,-0.05,0.34
2024-11-26,585.2931,587.766,584.5796,587.1014,45621300,0.21,0.64,0.09,0.52
2024-11-27,586.9156,587.2967,583.8073,585.3223,34000200,-0.03,0.03,-0.56,-0.3
2024-11-29,586.1336,589.7404,585.86,588.9584,30177400,0.14,0.75,0.09,0.62
2024-12-02,589.369,590.6885,588.8802,590.0141,31746000,0.07,0.29,-0.01,0.18
2024-12-03,589.7794,590.532,588.7531,590.2877,26906600,-0.04,0.09,-0.21,0.05
2024-12-04,591.9688,594.1974,591.3042,593.953,42787600,0.28,0.66,0.17,0.62
2024-12-05,593.9531,594.7546,592.6238,592.9756,28762200,0.0,0.13,-0.22,-0.16
2024-12-06,593.7381,595.3314,593.3276,594.0998,31241500,0.13,0.4,0.06,0.19
2024-12-09,593.9825,594.1486,590.4539,591.0403,34742700,-0.02,0.01,-0.61,-0.51
2024-12-10,591.7147,592.135,588.5478,589.2027,37234500,0.11,0.19,-0.42,-0.31
2024-12-11,592.1155,594.7057,591.8418,593.7576,28677700,0.49,0.93,0.45,0.77
2024-12-12,592.8976,593.4644,590.6983,590.6983,31543800,-0.14,-0.05,-0.52,-0.52
2024-12-13,592.7216,593.4351,589.2125,590.581,35904700,0.34,0.46,-0.25,-0.02
2024-12-16,592.3306,594.0704,591.5584,593.1027,43695200,0.3,0.59,0.17,0.43
2024-12-17,590.5615,591.5193,589.2908,590.6592,55773500,-0.43,-0.27,-0.64,-0.41
2024-12-18,590.3561,592.7312,572.6741,573.0554,108248700,-0.05,0.35,-3.04,-2.98
2024-12-19,578.0208,579.6238,572.635,572.8794,85919500,0.87,1.15,-0.07,-0.03
2024-12-20,570.5611,584.2717,569.7176,579.7604,125716700,-0.4,1.99,-0.55,1.2
2024-12-23,579.5053,583.8303,576.3375,583.2321,57635800,-0.04,0.7,-0.59,0.6
2024-12-24,584.5757,589.754,583.997,589.7147,33160100,0.23,1.12,0.13,1.11
2024-12-26,587.9495,590.872,586.5568,589.754,41219100,-0.3,0.2,-0.54,0.01
2024-12-27,586.0271,586.2625,579.3778,583.5459,64969300,-0.63,-0.59,-1.76,-1.05
2024-12-30,576.5631,580.3389,573.1501,576.8867,56578800,-1.2,-0.55,-1.78,-1.14
2024-12-31,578.5442,579.2602,573.16,574.788,57052700,0.29,0.41,-0.65,-0.36
2025-01-02,578.0342,579.7406,569.3154,573.3757,50204000,0.56,0.86,-0.95,-0.25
2025-01-03,576.21,581.1823,575.1312,580.5449,37888500,0.49,1.36,0.31,1.25
2025-01-06,584.7817,588.1456,582.1631,583.8892,47679400,0.73,1.31,0.28,0.58
2025-01-07,585.9094,586.233,575.4744,577.2888,60393100,0.35,0.4,-1.44,-1.13
2025-01-08,577.3574,579.2012,573.9248,578.1321,47304700,0.01,0.33,-0.58,0.15
2025-01-10,574.5918,574.6604,567.403,569.3056,73105000,-0.61,-0.6,-1.86,-1.53
2025-01-13,564.6766,570.5414,564.2647,570.1884,47910100,-0.81,0.22,-0.89,0.16
2025-01-14,573.1011,573.7288,567.2069,570.9729,48420600,0.51,0.62,-0.52,0.14
2025-01-15,578.956,582.4964,577.8478,581.3588,56900200,1.4,2.02,1.2,1.82
2025-01-16,582.7221,582.8986,579.5445,580.2408,43319700,0.23,0.26,-0.31,-0.19
2025-01-17,585.4584,587.8121,584.1343,586.0664,58070600,0.9,1.3,0.67,1.0
2025-01-21,589.0968,591.4407,587.1353,591.4309,42532900,0.52,0.92,0.18,0.92
2025-01-22,594.2457,596.1092,593.6965,594.7557,48196000,0.48,0.79,0.38,0.56
2025-01-23,594.128,598.002,593.8535,598.002,41152100,-0.11,0.55,-0.15,0.55
2025-01-24,598.0607,599.0121,595.1087,596.2562,34604700,0.01,0.17,-0.48,-0.29
2025-01-27,583.3498,588.1357,583.1831,587.8219,70361100,-2.16,-1.36,-2.19,-1.41
2025-01-28,589.0479,593.7063,585.7428,592.8727,44433300,0.21,1.0,-0.35,0.86
2025-01-29,592.088,592.4902,587.6747,590.2148,37177400,-0.13,-0.06,-0.88,-0.45
2025-01-30,592.3235,594.9126,589.1459,593.3826,39281300,0.36,0.8,-0.18,0.54
2025-01-31,595.7953,598.208,589.4696,590.2248,66566900,0.41,0.81,-0.66,-0.53
2025-02-03,581.251,588.7242,579.113,586.2528,65857200,-1.52,-0.25,-1.88,-0.67
2025-02-04,586.3116,590.6955,585.7722,590.1855,33457800,0.01,0.76,-0.08,0.67
2025-02-05,589.0674,592.7256,587.0471,592.5784,30653100,-0.19,0.43,-0.53,0.41
2025-02-06,594.3144,594.7656,591.0192,594.6381,35771500,0.29,0.37,-0.26,0.35
2025-02-07,595.197,596.4131,588.4888,589.1949,50788500,0.09,0.3,-1.03,-0.92
2025-02-10,592.3921,593.8338,591.127,593.1963,26048700,0.54,0.79,0.33,0.68
2025-02-11,590.9406,594.1869,590.8229,593.6475,30056700,-0.38,0.17,-0.4,0.08
2025-02-12,587.6552,592.9021,586.9785,591.735,45076100,-1.01,-0.13,-1.12,-0.32
2025-02-13,592.8335,598.1883,591.5782,597.9824,40921300,0.19,1.09,-0.03,1.06
2025-02-14,598.1882,599.2179,597.335,597.9528,26910400,0.03,0.21,-0.11,-0.0
2025-02-18,599.1101,599.7084,596.6583,599.7084,26749000,0.19,0.29,-0.22,0.29
2025-02-19,598.3256,601.4149,597.8156,601.1207,31011100,-0.23,0.28,-0.32,0.24
2025-02-20,599.7574,599.8947,595.3245,598.6198,36554000,-0.23,-0.2,-0.96,-0.42
2025-02-21,598.404,598.5413,587.9199,588.3809,76519800,-0.04,-0.01,-1.79,-1.71
2025-02-24,590.4209,591.4115,584.9975,585.7036,50737200,0.35,0.52,-0.58,-0.46
2025-02-25,585.6447,586.3704,578.2009,582.7907,58266500,-0.01,0.11,-1.28,-0.5
2025-02-26,584.4482,588.0279,580.4566,583.085,43321600,0.28,0.9,-0.4,0.05
2025-02-27,585.3504,586.4979,573.3855,573.7778,74196700,0.39,0.59,-1.66,-1.6
2025-02-28,574.278,583.2614,571.2181,582.7319,88744100,0.09,1.65,-0.45,1.56
2025-03-03,584.6933,585.831,568.727,572.5224,74249200,0.34,0.53,-2.4,-1.75
2025-03-04,568.5407,574.1113,561.2244,565.7456,109648200,-0.7,0.28,-1.97,-1.18
2025-03-05,565.5789,573.6111,562.0385,571.8262,71230500,-0.03,1.39,-0.66,1.07
2025-03-06,564.3922,568.9919,559.1355,561.6757,80094900,-1.3,-0.5,-2.22,-1.78
2025-03-07,559.9005,566.2654,554.732,564.8237,81158800,-0.32,0.82,-1.24,0.56
2025-03-10,556.6542,558.5666,544.8854,549.7793,99326600,-1.45,-1.11,-3.53,-2.66
2025-03-11,548.6221,553.1531,541.3843,545.2091,88102100,-0.21,0.61,-1.53,-0.83
2025-03-12,551.3386,552.2605,543.022,548.1022,69588200,1.12,1.29,-0.4,0.53
2025-03-13,547.7296,548.3376,539.0893,540.7958,74079400,-0.07,0.04,-1.64,-1.33
2025-03-14,545.3954,552.9667,540.8645,551.9664,62660300,0.85,2.25,0.01,2.07
2025-03-17,551.9467,558.7334,551.5152,556.2227,49008700,-0.0,1.23,-0.08,0.77
2025-03-18,553.918,554.1337,548.2886,550.2108,66041400,-0.41,-0.38,-1.43,-1.08
2025-03-19,551.9859,559.9495,550.809,556.2031,66556000,0.32,1.77,0.11,1.09
2025-03-20,552.4763,559.5768,551.7603,554.5947,62958200,-0.67,0.61,-0.8,-0.29
2025-03-21,550.1544,555.6728,548.9248,554.7776,83763000,-0.8,0.19,-1.02,0.03
2025-03-24,561.4864,565.7654,560.8962,564.7129,58766800,1.21,1.98,1.1,1.79
2025-03-25,565.913,567.0048,564.3292,566.0704,38355700,0.21,0.41,-0.07,0.24
2025-03-26,565.8047,566.9261,557.9353,559.3124,51848300,-0.05,0.15,-1.44,-1.19
2025-03-27,557.9254,561.5848,555.722,557.8271,42164200,-0.25,0.41,-0.64,-0.27
2025-03-28,556.3025,557.0304,546.0131,546.5934,71662700,-0.27,-0.14,-2.12,-2.01
2025-03-31,540.8586,551.561,537.9468,550.2626,95328200,-1.05,0.91,-1.58,0.67
2025-04-01,548.3542,553.7546,544.6457,551.8167,54609600,-0.35,0.63,-1.02,0.28
2025-04-02,545.9933,558.1615,545.7573,555.3088,76014500,-1.06,1.15,-1.1,0.63
2025-04-03,536.2156,539.0289,527.9429,527.9429,125986000,-3.44,-2.93,-4.93,-4.93
2025-04-04,515.1253,517.2895,496.819,497.0354,217965100,-2.43,-2.02,-5.9,-5.85
2025-04-07,481.208,514.6335,473.9385,496.1501,256611400,-3.18,3.54,-4.65,-0.18
2025-04-08,513.3449,516.414,481.1785,488.3791,165816600,3.47,4.08,-3.02,-1.57
2025-04-09,485.3887,539.6683,485.005,539.6683,241867300,-0.61,10.5,-0.69,10.5
2025-04-10,523.4868,524.7951,501.0096,516.0206,162331200,-3.0,-2.76,-7.16,-4.38
2025-04-11,514.4762,527.6772,511.5842,525.2278,97866300,-0.3,2.26,-0.86,1.78
2025-04-14,535.1729,535.3991,525.1491,530.3233,68034000,1.89,1.94,-0.01,0.97
2025-04-15,530.8642,534.3661,528.0509,528.8378,56892900,0.1,0.76,-0.43,-0.28
2025-04-16,523.0047,529.1134,511.8006,517.0829,83484800,-1.1,0.05,-3.22,-2.22
2025-04-17,519.0306,522.503,515.3615,517.8207,79868100,0.38,1.05,-0.33,0.14
2025-04-21,512.6563,513.1875,500.1635,505.4951,69368100,-1.0,-0.89,-3.41,-2.38
2025-04-22,511.6531,520.6636,510.7185,518.647,75948100,1.22,3.0,1.03,2.6
2025-04-23,531.6119,536.5303,525.1687,526.6836,90590700,2.5,3.45,1.26,1.55
2025-04-24,527.9625,538.4978,526.7132,537.7698,64150400,0.24,2.24,0.01,2.1
2025-04-25,537.7304,542.0586,534.8187,541.6553,61119600,-0.01,0.8,-0.55,0.72
2025-04-28,542.3931,544.5178,536.127,541.8619,47613800,0.14,0.53,-1.02,0.04
2025-04-29,539.9534,546.3868,539.5993,545.2752,47775100,-0.35,0.84,-0.42,0.63
2025-04-30,538.6355,547.4394,532.6842,545.4917,93101500,-1.22,0.4,-2.31,0.04
2025-05-01,551.2266,554.8663,548.7576,549.3576,63186100,1.05,1.72,0.6,0.71
2025-05-02,555.5154,559.1059,553.2038,557.5123,60717300,1.12,1.77,0.7,1.48
2025-05-05,553.3907,557.4041,552.5349,554.3154,38659200,-0.74,-0.02,-0.89,-0.57
2025-05-06,548.8263,554.1579,547.8722,549.6821,48264700,-0.99,-0.03,-1.16,-0.84
2025-05-07,551.0102,554.6203,546.9672,551.9938,55588000,0.24,0.9,-0.49,0.42
2025-05-08,556.0171,561.0044,552.5349,555.84,65130800,0.73,1.63,0.1,0.7
2025-05-09,557.2369,558.2402,553.5776,555.1318,37603400,0.25,0.43,-0.41,-0.13
2025-05-12,571.9823,573.4873,567.6246,573.4775,78993600,3.04,3.31,2.25,3.3
2025-05-13,573.8906,579.4681,573.3299,577.2646,67947200,0.07,1.04,-0.03,0.66
2025-05-14,578.2188,579.3697,575.9858,578.0024,66283500,0.17,0.36,-0.22,0.13
2025-05-15,576.0055,581.3272,575.553,580.8256,71268100,-0.35,0.58,-0.42,0.49
2025-05-16,581.6027,584.7997,579.6649,584.5046,76052100,0.13,0.68,-0.2,0.63
2025-05-19,578.5041,585.8227,578.5041,585.1439,68168500,-1.03,0.23,-1.03,0.11
2025-05-20,583.4128,584.3571,579.9797,583.1766,60614500,-0.3,-0.13,-0.88,-0.34
2025-05-21,578.8386,582.911,572.3266,573.3496,95197700,-0.74,-0.05,-1.86,-1.69
2025-05-22,573.1528,577.0482,571.9232,573.5758,70860400,-0.03,0.65,-0.25,0.04
2025-05-23,566.5818,572.3167,566.208,569.6607,76029000,-1.22,-0.22,-1.28,-0.68
2025-05-27,576.5073,581.6618,568.9919,581.5044,72588500,1.2,2.11,-0.12,2.08
2025-05-28,581.9077,583.0979,577.4122,578.1401,68445500,0.07,0.27,-0.7,-0.58
2025-05-29,583.3831,583.5209,576.5072,580.4222,69973300,0.91,0.93,-0.28,0.39
2025-05-30,579.3206,581.4847,573.7234,579.7731,90601200,-0.19,0.18,-1.15,-0.11
2025-06-02,578.1696,583.1175,575.5137,583.0389,61630500,-0.28,0.58,-0.73,0.56
2025-06-03,582.675,587.3376,582.1929,586.3638,63606200,-0.06,0.74,-0.15,0.57
2025-06-04,587.2195,588.1933,585.7734,586.2062,57314200,0.15,0.31,-0.1,-0.03
2025-06-05,587.8786,589.2262,581.4059,583.3733,92278700,0.29,0.52,-0.82,-0.48
2025-06-06,588.8917,591.0264,587.1211,589.364,66588700,0.95,1.31,0.64,1.03
2025-06-09,589.9344,591.4395,588.7245,589.8951,53016400,0.1,0.35,-0.11,0.09
2025-06-10,590.4263,593.6233,589.3148,593.2397,66247000,0.09,0.63,-0.1,0.57
2025-06-11,594.3316,595.1874,589.4919,591.5477,73658200,0.18,0.33,-0.63,-0.29
2025-06-12,590.2197,593.8987,589.7377,593.8987,64129000,-0.22,0.4,-0.31,0.4
2025-06-13,588.7344,592.0298,585.7637,587.2589,89506000,-0.87,-0.31,-1.37,-1.12
2025-06-16,590.6034,594.5873,590.4262,592.8461,79984100,0.57,1.25,0.54,0.95
2025-06-17,590.4165,591.9313,587.0228,587.7802,82209400,-0.41,-0.15,-0.98,-0.85
2025-06-18,588.6754,591.41,586.7375,587.6917,76605000,0.15,0.62,-0.18,-0.02
2025-06-20,590.3565,591.422,584.9105,586.3115,94051400,0.45,0.63,-0.47,-0.23
2025-06-23,587.0612,592.4874,583.9535,592.1027,87426000,0.13,1.05,-0.4,0.99
2025-06-24,596.2266,599.6994,595.3189,598.6438,67735300,0.7,1.28,0.54,1.1
2025-06-25,599.7587,600.4493,597.4205,598.9793,62114800,0.19,0.3,-0.2,0.06
2025-06-26,600.8242,604.0997,600.2125,603.6656,78548400,0.31,0.85,0.21,0.78
2025-06-27,604.662,608.125,602.6395,606.6648,86258400,0.17,0.74,-0.17,0.5
2025-06-30,609.1018,610.9171,606.7931,609.5654,92502500,0.4,0.7,0.02,0.48
2025-07-01,608.0954,610.5323,607.2667,609.3681,70030100,-0.24,0.16,-0.38,-0.03
2025-07-02,608.9636,612.17,608.342,612.1306,66510400,-0.07,0.46,-0.17,0.45
2025-07-03,614.1037,617.8824,614.0839,616.955,51065800,0.32,0.94,0.32,0.79
2025-07-07,615.0015,615.6625,609.5851,612.3574,74814500,-0.32,-0.21,-1.19,-0.75
2025-07-08,613.0184,613.7683,611.213,612.022,59024600,0.11,0.23,-0.19,-0.05
2025-07-09,614.4195,616.3433,612.5844,615.6921,66113300,0.39,0.71,0.09,0.6
2025-07-10,615.8303,618.4644,614.6562,617.4285,57529000,0.02,0.45,-0.17,0.28
2025-07-11,614.3898,616.4814,613.1961,615.258,63670200,-0.49,-0.15,-0.69,-0.35
2025-07-14,614.8041,616.7773,613.4624,616.432,51898500,-0.07,0.25,-0.29,0.19
2025-07-15,619.1058,619.4412,613.719,613.7979,74317300,0.43,0.49,-0.44,-0.43
2025-07-16,615.3764,616.3531,609.7627,615.8499,88987500,0.26,0.42,-0.66,0.33
2025-07-17,616.0276,619.974,615.8105,619.6188,68885700,0.03,0.67,-0.01,0.61
2025-07-18,620.8618,621.0295,618.0599,619.1649,65621600,0.2,0.23,-0.25,-0.07
2025-07-21,620.339,623.0718,619.9148,620.339,63375000,0.19,0.63,0.12,0.19
2025-07-22,620.6645,621.2861,617.7936,620.4277,60046300,0.05,0.15,-0.41,0.01
2025-07-23,623.0817,625.7061,621.2861,625.7061,70511000,0.43,0.85,0.14,0.85
2025-07-24,626.0908,627.6201,625.489,625.9132,71307100,0.06,0.31,-0.03,0.03
2025-07-25,626.5743,629.0309,626.3276,628.5573,56865400,0.11,0.5,0.07,0.42
2025-07-28,628.9322,629.4847,627.0182,628.3995,54917100,0.06,0.15,-0.24,-0.03
2025-07-29,629.7904,630.1061,625.8342,626.7419,60556300,0.22,0.27,-0.41,-0.26
2025-07-30,627.3931,629.1295,623.0718,625.9527,80418900,0.1,0.38,-0.59,-0.13
2025-07-31,630.8857,631.2704,622.3122,623.6047,103385200,0.79,0.85,-0.58,-0.38
2025-08-01,617.902,617.9415,610.986,613.3834,140103600,-0.91,-0.91,-2.02,-1.64
2025-08-04,617.2805,622.756,617.1917,622.7067,73218000,0.64,1.53,0.62,1.52
2025-08-05,623.3184,624.1274,618.6321,619.5496,68051400,0.1,0.23,-0.65,-0.51
2025-08-06,620.6152,624.9464,619.7076,624.2952,64357500,0.17,0.87,0.03,0.77
2025-08-07,627.7088,628.4388,620.6744,623.7723,74205800,0.55,0.66,-0.58,-0.08
2025-08-08,625.558,629.0999,625.2423,628.6362,64051600,0.29,0.85,0.24,0.78
2025-08-11,628.9125,630.3825,626.15,627.3931,58742300,0.04,0.28,-0.4,-0.2
2025-08-12,629.7314,634.2302,628.2515,634.0724,64730800,0.37,1.09,0.14,1.06
2025-08-13,636.2626,637.5254,634.0625,636.2429,60092800,0.35,0.54,-0.0,0.34
2025-08-14,634.1709,636.963,633.727,636.302,59327500,-0.33,0.11,-0.4,0.01
2025-08-15,637.3281,637.4268,633.9047,634.8123,68592500,0.16,0.18,-0.38,-0.23
2025-08-18,634.24,635.3647,633.5691,634.6741,43804900,-0.09,0.09,-0.2,-0.02
2025-08-19,634.4966,635.4733,629.9188,631.231,69750700,-0.03,0.13,-0.75,-0.54
2025-08-20,630.8265,631.0829,624.4629,629.5537,88890300,-0.06,-0.02,-1.07,-0.27
2025-08-21,627.7483,629.4156,625.3114,627.0281,54805800,-0.29,-0.02,-0.67,-0.4
2025-08-22,629.2085,637.8313,628.7054,636.6573,84083200,0.35,1.72,0.27,1.54
2025-08-25,635.4042,636.6374,633.7368,633.8552,51274300,-0.2,-0.0,-0.46,-0.44
2025-08-26,633.5889,636.8546,632.9674,636.5092,51581600,-0.04,0.47,-0.14,0.42
2025-08-27,635.9271,638.6895,635.7791,637.9595,48341100,-0.09,0.34,-0.11,0.23
2025-08-28,638.5613,640.7712,636.6868,640.2188,61519500,0.09,0.44,-0.2,0.35
2025-08-29,638.7882,639.1533,634.5163,636.4006,74522200,-0.22,-0.17,-0.89,-0.6
2025-09-02,628.9519,631.9018,626.4065,631.6848,81983500,-1.17,-0.71,-1.57,-0.74
2025-09-03,634.0526,635.5719,631.8722,635.1082,70820900,0.37,0.62,0.03,0.54
2025-09-04,635.7791,640.4457,634.8813,640.4161,65219200,0.11,0.84,-0.04,0.84
2025-09-05,642.7444,643.4647,634.7037,638.5613,85178900,0.36,0.48,-0.89,-0.29
2025-09-08,639.9227,641.1264,638.5514,640.1299,63133100,0.21,0.4,-0.0,0.25
2025-09-09,640.2681,642.1327,638.5415,641.6099,66133900,0.02,0.31,-0.25,0.23
2025-09-10,644.8558,645.7733,641.9059,643.4647,78034500,0.51,0.65,0.05,0.29
2025-09-11,645.4083,649.5026,644.8262,648.812,69934400,0.3,0.94,0.21,0.83
2025-09-12,648.7824,650.2721,648.0918,648.5949,72780100,-0.0,0.23,-0.11,-0.03
2025-09-15,650.795,652.1762,650.4991,652.048,63772400,0.34,0.55,0.29,0.53
2025-09-16,652.6005,652.9064,650.3708,651.1502,61169000,0.08,0.13,-0.26,-0.14
2025-09-17,651.1601,652.8472,645.5267,650.3412,101952200,0.0,0.26,-0.86,-0.12
2025-09-18,653.0148,655.9746,651.4166,653.3799,90459200,0.41,0.87,0.17,0.47
2025-09-19,655.2607,657.4569,653.3216,656.616,97945600,0.29,0.62,-0.01,0.5
2025-09-22,655.132,660.1676,655.1023,659.7225,69452200,-0.23,0.54,-0.23,0.47
2025-09-23,659.6038,660.2172,654.9144,656.1313,81708900,-0.02,0.07,-0.73,-0.54
2025-09-24,657.4173,657.5162,652.629,654.0437,68082200,0.2,0.21,-0.53,-0.32
2025-09-25,650.9175,652.3718,647.4251,651.0263,89622100,-0.48,-0.26,-1.01,-0.46
2025-09-26,652.4708,655.3002,650.8582,654.7561,69179200,0.22,0.66,-0.03,0.57
2025-09-29,657.269,658.1792,654.7957,656.5963,73499000,0.38,0.52,0.01,0.28
2025-09-30,655.8542,659.5345,654.5483,659.0695,86288000,-0.11,0.45,-0.31,0.38
2025-10-01,656.0917,662.2255,655.9829,661.3154,72545400,-0.45,0.48,-0.47,0.34
2025-10-02,663.2939,663.4127,659.6631,662.077,56896000,0.3,0.32,-0.25,0.12
2025-10-03,662.8388,665.5001,661.0284,662.0672,70494400,0.12,0.52,-0.16,-0.0
2025-10-06,664.4514,665.3319,662.3145,664.4415,54623300,0.36,0.49,0.04,0.36
2025-10-07,665.3616,665.8068,660.5436,661.9781,72020100,0.14,0.21,-0.59,-0.37
2025-10-08,663.0961,666.0245,662.2749,665.9255,60702200,0.17,0.61,0.04,0.6
2025-10-09,666.3411,666.7467,662.0672,663.9963,66501900,0.06,0.12,-0.58,-0.29
2025-10-10,664.956,666.7566,645.8719,646.05,159422600,0.14,0.42,-2.73,-2.7
2025-10-13,653.5986,658.0307,652.728,655.963,79560500,1.17,1.85,1.03,1.53
2025-10-14,650.1557,658.7233,646.1984,655.1617,88779600,-0.89,0.42,-1.49,-0.12
2025-10-15,659.7028,663.0764,651.897,658.0704,81702600,0.69,1.21,-0.5,0.44
2025-10-16,659.7027,661.5726,650.0963,653.5887,110563300,0.25,0.53,-1.21,-0.68
2025-10-17,652.4608,658.654,651.1154,657.2986,96500900,-0.17,0.78,-0.38,0.57
2025-10-20,660.1974,665.0352,660.1479,664.1349,60493400,0.44,1.18,0.43,1.04
2025-10-21,664.2733,665.8067,662.8289,664.1249,56249000,0.02,0.25,-0.2,-0.0
2025-10-22,664.8274,664.8274,656.2203,660.6722,80564000,0.11,0.11,-1.19,-0.52
2025-10-23,660.9888,665.5298,660.6722,664.59,65604500,0.05,0.74,-0.0,0.59
2025-10-24,669.2398,671.2283,668.4385,670.0214,74356500,0.7,1.0,0.58,0.82
2025-10-27,675.4429,678.2229,674.8394,677.9261,63339800,0.81,1.22,0.72,1.18
2025-10-28,679.7167,681.5569,677.5204,679.7266,61738100,0.26,0.54,-0.06,0.27
2025-10-29,681.3689,682.3384,675.5813,680.0531,85657100,0.24,0.38,-0.61,0.05
2025-10-30,676.6004,678.6186,672.5738,672.5738,76335800,-0.51,-0.21,-1.1,-1.1
2025-10-31,677.7282,677.7678,671.9901,674.78,87164100,0.77,0.77,-0.09,0.33
2025-11-03,678.3515,678.4801,672.6827,676.0464,57315000,0.53,0.55,-0.31,0.19
2025-11-04,668.8935,672.7025,667.3799,668.0328,78427000,-1.06,-0.49,-1.28,-1.19
2025-11-05,667.7756,673.5928,666.9742,670.3478,74402400,-0.04,0.83,-0.16,0.35
2025-11-06,669.2497,670.15,661.5824,663.1555,85035300,-0.16,-0.03,-1.31,-1.07
2025-11-07,660.781,663.9172,654.1526,663.8084,100592400,-0.36,0.11,-1.36,0.1
2025-11-10,670.0115,674.8988,667.8251,674.1667,75842900,0.93,1.67,0.61,1.56
2025-11-11,672.6925,676.2739,671.4855,675.71,58953400,-0.22,0.31,-0.4,0.23
2025-11-12,677.4809,677.6491,673.6819,676.0859,62312500,0.26,0.29,-0.3,0.06
2025-11-13,673.2367,673.5928,663.3632,664.8669,103457800,-0.42,-0.37,-1.88,-1.66
2025-11-14,658.2781,668.4483,656.1906,664.7582,96846700,-0.99,0.54,-1.3,-0.02
2025-11-17,662.552,666.5192,655.1023,658.5649,90456100,-0.33,0.26,-1.45,-0.93
2025-11-18,655.0331,658.0209,648.8597,653.0347,114467500,-0.54,-0.08,-1.47,-0.84
2025-11-19,653.7273,660.2172,651.7189,655.5575,94703000,0.11,1.1,-0.2,0.39
2025-11-20,665.7277,668.3494,644.9321,645.5652,165293500,1.55,1.95,-1.62,-1.52
2025-11-21,648.0584,657.457,643.9032,651.9959,123956200,0.39,1.84,-0.26,1.0
2025-11-24,655.6167,662.908,654.5285,661.5922,80437900,0.56,1.67,0.39,1.47
2025-11-25,661.4933,668.9924,657.3876,667.8151,81077100,-0.01,1.12,-0.64,0.94
2025-11-26,670.3974,674.4239,669.497,672.4255,71879600,0.39,0.99,0.25,0.69
2025-11-28,673.5928,676.3728,673.2367,676.0958,49212000,0.17,0.59,0.12,0.55
2025-12-01,671.5647,675.7001,671.4955,673.0092,61201200,-0.67,-0.06,-0.68,-0.46
2025-12-02,674.6415,676.5213,672.0792,674.2557,62953800,0.24,0.52,-0.14,0.19
2025-12-03,673.3059,677.5996,672.4353,676.5905,57238500,-0.14,0.5,-0.27,0.35
2025-12-04,677.9854,678.0547,674.0677,677.0851,61970300,0.21,0.22,-0.37,0.07
2025-12-05,678.1536,681.0425,677.2731,678.3713,79241000,0.16,0.58,0.03,0.19
2025-12-08,679.2617,679.3112,674.2953,676.3333,55231500,0.13,0.14,-0.6,-0.3
2025-12-09,675.8583,678.0744,675.3043,675.7495,58310100,-0.07,0.26,-0.15,-0.09
2025-12-10,675.2747,681.6163,674.0381,680.2313,85671300,-0.07,0.87,-0.25,0.66
2025-12-11,677.8272,681.8933,674.8889,681.8141,86173700,-0.35,0.24,-0.79,0.23
2025-12-12,680.8248,681.5272,671.9208,674.4832,113160300,-0.15,-0.04,-1.45,-1.08
2025-12-15,678.4207,678.4405,672.0,673.4642,90811000,0.58,0.59,-0.37,-0.15
2025-12-16,671.9802,673.8105,667.7756,671.6241,122030600,-0.22,0.05,-0.84,-0.27
2025-12-17,672.6332,673.1773,664.0359,664.2338,110625200,0.15,0.23,-1.13,-1.1
2025-12-18,670.3676,673.4741,667.6964,669.2496,108650100,0.92,1.39,0.52,0.76
2025-12-19,671.3464,675.8115,671.2272,675.3154,103599500,0.31,0.98,0.3,0.91
2025-12-22,678.6394,680.0484,675.3154,679.5225,69556700,0.49,0.7,0.0,0.62
2025-12-23,678.6194,682.8663,678.5698,682.6282,64840000,-0.13,0.49,-0.14,0.46
2025-12-24,682.6183,685.476,682.4695,685.0295,39445600,-0.0,0.42,-0.02,0.35
2025-12-26,685.2875,686.2995,683.9281,684.96,41613300,0.04,0.19,-0.16,-0.01
2025-12-29,682.2114,683.8586,680.7529,682.519,62559500,-0.4,-0.16,-0.61,-0.36
2025-12-30,682.1222,683.2236,681.2589,681.6856,47160700,-0.06,0.1,-0.18,-0.12
2025-12-31,681.8146,682.0329,676.4267,676.635,74144800,0.02,0.05,-0.77,-0.74
2026-01-02,680.3957,681.5466,674.5513,677.8753,89377200,0.56,0.73,-0.31,0.18
2026-01-05,681.2192,684.0868,681.0604,682.39,71927200,0.49,0.92,0.47,0.67
2026-01-06,682.5984,686.9544,682.4496,686.4484,69273800,0.03,0.67,0.01,0.59
2026-01-07,686.8254,688.5817,683.9777,684.2357,75588300,0.05,0.31,-0.36,-0.32
2026-01-08,683.4815,685.2676,682.1618,684.1662,64019200,-0.11,0.15,-0.3,-0.01
2026-01-09,685.2775,689.9212,683.8387,688.6909,80125500,0.16,0.84,-0.05,0.66
2026-01-12,685.3271,690.6952,685.2775,689.7724,63976000,-0.49,0.29,-0.5,0.16
2026-01-13,690.0998,690.6952,685.9919,688.3932,78309700,0.05,0.13,-0.55,-0.2
2026-01-14,685.6447,686.3591,680.7231,685.0096,94676700,-0.4,-0.3,-1.11,-0.49
2026-01-15,689.187,690.0602,685.8927,686.8751,77862000,0.61,0.74,0.13,0.27
2026-01-16,688.284,688.8695,684.7516,686.2995,79289200,0.21,0.29,-0.31,-0.08
2026-01-20,676.2083,679.4629,671.3264,672.3286,111623300,-1.47,-1.0,-2.18,-2.04
2026-01-21,674.3826,683.4022,672.8744,680.0881,127844500,0.31,1.65,0.08,1.15
2026-01-22,684.5036,685.7737,681.5963,683.6403,77112200,0.65,0.84,0.22,0.52
2026-01-23,682.8167,685.6049,681.8343,683.8883,63059600,-0.12,0.29,-0.26,0.04
2026-01-26,685.1386,688.7504,684.573,687.3612,60473800,0.18,0.71,0.1,0.51
2026-01-27,688.7999,691.1318,688.1947,690.0998,55506100,0.21,0.55,0.12,0.4
2026-01-28,691.6477,692.4316,688.5618,690.0303,61172200,0.22,0.34,-0.22,-0.01
2026-01-29,690.9929,691.6577,679.5225,688.6611,97486200,0.14,0.24,-1.52,-0.2
2026-01-30,686.4285,688.8298,681.7947,686.6071,101835100,-0.32,0.02,-1.0,-0.3
2026-02-02,684.2357,691.5287,684.0769,690.0205,79286500,-0.35,0.72,-0.37,0.5
2026-02-03,690.8143,691.5584,678.7287,684.186,107904600,0.12,0.22,-1.64,-0.85
2026-02-04,684.9997,686.0912,676.4763,680.8719,105204600,0.12,0.28,-1.13,-0.48
2026-02-05,675.6626,678.3913,670.5525,672.3683,113610800,-0.77,-0.36,-1.52,-1.25
2026-02-06,676.1786,686.9445,675.5733,685.2676,89127600,0.57,2.17,0.48,1.92
2026-02-09,684.0769,690.4769,683.0053,688.5718,73885200,-0.17,0.76,-0.33,0.48
2026-02-10,689.564,691.1416,686.2995,686.7559,65185700,0.14,0.37,-0.33,-0.26
2026-02-11,690.9929,691.7371,683.8387,686.5972,76353900,0.62,0.73,-0.42,-0.02
2026-02-12,688.8596,689.9609,675.0971,675.9901,118829000,0.33,0.49,-1.67,-1.54
2026-02-13,676.4068,680.9612,672.2691,676.4663,96267500,0.06,0.74,-0.55,0.07
2026-02-17,674.8688,679.6316,670.5426,677.5578,81354700,-0.24,0.47,-0.88,0.16
2026-02-18,678.7188,683.809,677.538,680.9711,73570300,0.17,0.92,-0.0,0.5
2026-02-19,678.5401,680.8619,676.2678,679.1751,58649400,-0.36,-0.02,-0.69,-0.26
2026-02-20,677.032,684.712,676.4465,684.0869,100034000,-0.32,0.82,-0.4,0.72
2026-02-23,682.4992,684.6524,675.097,677.1014,90558100,-0.23,0.08,-1.31,-1.02
2026-02-24,676.6152,683.0151,674.7299,682.0229,73798700,-0.07,0.87,-0.35,0.73
2026-02-25,684.831,688.3039,684.7516,687.778,56369500,0.41,0.92,0.4,0.84
2026-02-26,687.907,687.9268,679.0461,683.9578,71671000,0.02,0.02,-1.27,-0.56
2026-02-27,677.796,681.5367,676.3572,680.6735,83308900,-0.9,-0.35,-1.11,-0.48
2026-03-02,673.44,683.2831,672.7653,681.0605,87477200,-1.06,0.38,-1.16,0.06
2026-03-03,669.8282,677.3197,664.47,675.0574,105003100,-1.65,-0.55,-2.44,-0.88
2026-03-04,676.3473,681.765,674.3528,679.8201,79182200,0.19,0.99,-0.1,0.71
2026-03-05,676.7938,680.2171,670.3739,676.0298,106606500,-0.45,0.06,-1.39,-0.56
2026-03-06,668.1909,670.87,664.5693,667.1689,100687000,-1.16,-0.76,-1.7,-1.31
2026-03-09,661.2254,674.6505,657.2564,673.0134,102667700,-0.89,1.12,-1.49,0.88
2026-03-10,672.4676,678.0639,669.5305,671.9318,81505300,-0.08,0.75,-0.52,-0.16
2026-03-11,672.3287,674.8093,668.1216,671.0884,68441700,0.06,0.43,-0.57,-0.13
2026-03-12,665.9584,666.4447,660.7094,660.8979,108882200,-0.76,-0.69,-1.55,-1.52
2026-03-13,664.0831,667.1293,656.2344,657.1572,97200200,0.48,0.94,-0.71,-0.57
2026-03-16,663.2,666.8614,661.9497,663.845,82023100,0.92,1.48,0.73,1.02
2026-03-17,667.1789,669.213,664.5097,665.5912,87128000,0.5,0.81,0.1,0.26
2026-03-18,663.1801,664.5295,656.0656,656.3038,82062600,-0.36,-0.16,-1.43,-1.4
2026-03-19,651.8784,657.8418,650.0923,654.6865,111272500,-0.67,0.23,-0.95,-0.25
2026-03-20,653.201,653.3801,641.4704,645.301,163617500,-0.23,-0.2,-2.02,-1.43
2026-03-23,654.7531,659.2802,650.6439,652.0767,134802700,1.46,2.17,0.83,1.05
2026-03-24,648.0371,653.7184,646.6044,649.8878,96457500,-0.62,0.25,-0.84,-0.34
2026-03-25,655.35,657.5589,650.9424,653.5094,90653800,0.84,1.18,0.16,0.56
2026-03-26,648.7734,651.5493,641.5699,641.8386,96494400,-0.72,-0.3,-1.83,-1.79
2026-03-27,639.2616,639.4207,629.9189,630.894,103649400,-0.4,-0.38,-1.86,-1.71
2026-03-30,636.8837,637.1424,626.1083,628.7847,99275900,0.95,0.99,-0.76,-0.33
2026-03-31,635.7195,648.256,634.7643,647.0621,152534100,1.1,3.1,0.95,2.91
2026-04-01,650.6042,655.2009,649.7087,651.9374,97841500,0.55,1.26,0.41,0.75
2026-04-02,643.1618,654.8825,641.8584,652.5244,68358700,-1.35,0.45,-1.55,0.09
2026-04-06,652.5543,656.3948,652.216,655.6088,39105800,0.0,0.59,-0.05,0.47
2026-04-07,653.3403,656.2853,647.7784,655.8973,69980400,-0.35,0.1,-1.19,0.04
2026-04-08,672.9808,673.6673,668.0757,672.6027,93606100,2.6,2.71,1.86,2.55
2026-04-09,671.4386,677.7267,670.374,676.483,57134400,-0.17,0.76,-0.33,0.58
2026-04-10,677.886,678.5924,675.0304,676.0353,42253500,0.21,0.31,-0.21,-0.07
2026-04-13,673.9956,682.8408,673.1699,682.6418,54185800,-0.3,1.01,-0.42,0.98
2026-04-14,684.2238,691.0791,684.1939,690.9597,63480500,0.23,1.24,0.23,1.22
2026-04-15,691.7557,696.7504,690.701,696.4121,58240400,0.12,0.84,-0.04,0.79
2026-04-16,697.5265,699.2378,695.0092,698.1234,49972400,0.16,0.41,-0.2,0.25
2026-04-17,702.5809,708.7994,702.2028,706.5607,70661900,0.64,1.53,0.58,1.21
2026-04-20,705.2075,706.3318,702.5808,705.1478,43546800,-0.19,-0.03,-0.56,-0.2
2026-04-21,706.7,707.695,699.0985,700.5312,58941400,0.22,0.36,-0.86,-0.65
2026-04-22,705.5757,707.8641,704.6503,707.6253,42518500,0.72,1.05,0.59,1.01
2026-04-23,705.9239,708.7695,698.7403,704.8792,56174000,-0.24,0.16,-1.26,-0.39
2026-04-24,707.1676,710.8688,705.4364,710.3416,45182000,0.32,0.85,0.08,0.77
2026-04-27,709.5754,712.023,708.7098,711.5653,33135900,-0.11,0.24,-0.23,0.17
2026-04-28,708.2322,709.2868,705.6751,708.1028,43117400,-0.47,-0.32,-0.83,-0.49
2026-04-29,707.4163,708.6103,704.7996,707.9934,41859200,-0.1,0.07,-0.47,-0.02
2026-04-30,711.0281,716.162,706.8691,715.0377,67240900,0.43,1.15,-0.16,0.99
2026-05-01,717.6147,721.2164,716.8386,717.0177,43049800,0.36,0.86,0.25,0.28
2026-05-04,716.4406,718.4803,711.3862,714.391,51950600,-0.08,0.2,-0.79,-0.37
2026-05-05,718.1321,721.3856,717.8535,720.122,36933200,0.52,0.98,0.48,0.8
2026-05-06,724.4898,730.8875,724.1516,730.1313,53288900,0.61,1.49,0.56,1.39
2026-05-07,731.3451,732.4197,726.0718,727.8926,51724600,0.17,0.31,-0.56,-0.31
2026-05-08,731.2257,734.3599,730.8675,733.9022,47227100,0.46,0.89,0.41,0.83
2026-05-11,732.7381,737.0562,732.7381,735.5737,44024000,-0.16,0.43,-0.16,0.23
2026-05-12,733.1759,735.1161,728.1414,734.4594,54185300,-0.33,-0.06,-1.01,-0.15
2026-05-13,734.7479,740.1605,731.763,738.5685,44200200,0.04,0.78,-0.37,0.56
2026-05-14,739.9018,745.7522,739.8122,744.399,45307600,0.18,0.97,0.17,0.79
2026-05-15,738.0512,739.7128,734.2405,735.4444,60410800,-0.85,-0.63,-1.36,-1.2
2026-05-18,736.101,737.683,729.6935,734.927,47843900,0.09,0.3,-0.78,-0.07
2026-05-19,731.0766,733.9321,727.8429,730.0318,54255900,-0.52,-0.14,-0.96,-0.67
2026-05-20,732.0018,738.1307,730.191,737.5139,45768000,0.27,1.11,0.02,1.02
2026-05-21,734.917,741.1156,733.3152,738.9764,43332200,-0.35,0.49,-0.57,0.2
2026-05-22,742.4787,745.1651,740.7276,741.8818,41762000,0.47,0.84,0.24,0.39
2026-05-26,746.2297,748.339,744.598,746.8068,41123600,0.59,0.87,0.37,0.66
2026-05-27,747.0954,747.5928,744.4487,746.6775,42106300,0.04,0.11,-0.32,-0.02
2026-05-28,746.4685,751.3438,745.4536,750.7966,41562600,-0.03,0.62,-0.16,0.55
2026-05-29,752.0901,754.2591,750.8862,752.6671,55075700,0.17,0.46,0.01,0.25
2026-06-01,751.5528,756.448,750.8862,754.7167,43634900,-0.15,0.5,-0.24,0.27
2026-06-02,753.2144,756.5674,752.9358,755.7416,31581900,-0.2,0.25,-0.24,0.14
2026-06-03,754.3287,754.9754,749.7718,750.4384,51402500,-0.19,-0.1,-0.79,-0.7
2026-06-04,748.3091,754.4879,747.6823,753.274,49923000,-0.28,0.54,-0.37,0.38
2026-06-05,748.5181,749.0256,731.8227,733.8325,93989400,-0.63,-0.56,-2.85,-2.58
2026-06-08,739.6132,741.5833,734.4693,735.4941,49319100,0.79,1.06,0.09,0.23
2026-06-09,739.8819,743.1354,718.9479,733.335,87683500,0.6,1.04,-2.25,-0.29
2026-06-10,729.6935,734.6584,721.6741,721.7736,60341300,-0.5,0.18,-1.59,-1.58
2026-06-11,725.0869,736.2702,720.7588,734.0415,86330500,0.46,2.01,-0.14,1.7
2026-06-12,736.9766,740.6878,731.3253,738.0114,57079500,0.4,0.91,-0.37,0.54
2026-06-15,748.0604,752.8661,747.9709,751.0255,60176400,1.36,2.01,1.35,1.76
2026-06-16,750.7469,751.6324,746.1004,746.5482,67093100,-0.04,0.08,-0.66,-0.6
2026-06-17,747.5032,748.3589,735.4941,737.2253,85945200,0.13,0.24,-1.48,-1.25
2026-06-18,745.9078,746.3766,742.0174,744.8903,80875700,1.18,1.24,0.65,1.04
2026-06-22,745.8479,748.3218,741.2893,742.5461,46628100,0.13,0.46,-0.48,-0.31
2026-06-23,731.9923,737.7979,730.486,731.7629,66846800,-1.42,-0.64,-1.62,-1.45
2026-06-24,733.3489,738.1171,729.0297,731.4237,57439500,0.22,0.87,-0.37,-0.05
2026-06-25,737.0796,737.5385,727.7927,732.4811,53934400,0.77,0.84,-0.5,0.14
2026-06-26,727.1444,734.7056,714.805,727.1843,71034000,-0.73,0.3,-2.41,-0.72
2026-06-29,734.7056,739.7231,730.2766,739.1645,58035200,1.03,1.72,0.43,1.65
2026-06-30,739.4538,746.1671,739.0548,744.9202,55626000,0.04,0.95,-0.01,0.78
2026-07-01,743.1546,747.5836,740.5411,743.9127,47100900,-0.24,0.36,-0.59,-0.14
2026-07-02,745.5487,749.449,738.1969,742.9352,57447800,0.22,0.74,-0.77,-0.13
2026-07-06,746.8853,750.5462,745.5586,749.4191,50673300,0.53,1.02,0.35,0.87
2026-07-07,748.3616,749.0999,743.3641,745.8579,43721500,-0.14,-0.04,-0.81,-0.48
2026-07-08,741.3191,744.3018,737.6782,743.5536,43767400,-0.61,-0.21,-1.1,-0.31
2026-07-09,745.4988,750.1073,743.7432,749.848,41441700,0.26,0.88,0.03,0.85
2026-07-10,750.1871,753.5488,746.2469,753.08,42191300,0.05,0.49,-0.48,0.43
2026-07-13,750.6061,752.0425,746.1472,747.3143,44013600,-0.33,-0.14,-0.92,-0.77
2026-07-14,749.0499,751.474,746.8055,749.9677,35143100,0.23,0.56,-0.07,0.36
2026-07-15,752.3717,753.7084,748.3417,752.9403,43844800,0.32,0.5,-0.22,0.4
2026-07-16,750.8954,752.7009,746.0275,748.8604,46409800,-0.27,-0.03,-0.92,-0.54
2026-07-17,740.2418,745.4389,738.965,741.4488,62651000,-1.15,-0.46,-1.32,-0.99
2026-07-20,745.2095,746.8753,739.6733,740.2518,50422300,0.51,0.73,-0.24,-0.16
2026-07-21,744.4414,747.1846,742.3366,746.4265,34324300,0.57,0.94,0.28,0.83
2026-07-22,744.7706,748.1622,744.5212,745.5586,32836200,-0.22,0.23,-0.26,-0.12
2026-07-23,737.5386,740.7207,733.3889,736.3515,55437300,-1.08,-0.65,-1.63,-1.23
2026-07-24,736.6807,741.8777,735.4637,737.0996,44782000,0.04,0.75,-0.12,0.1
2026-07-27,743.0648,743.6833,734.0472,737.2593,41461200,0.81,0.89,-0.41,0.02
2026-07-28,737.359,740.9501,734.1569,739.0248,47322200,0.01,0.5,-0.42,0.24
2026-07-29,738.1371,740.8404,727.294,727.6531,70697200,-0.12,0.25,-1.59,-1.54
2026-07-30,734.2267,740.6109,732.7704,739.8528,66811300,0.9,1.78,0.7,1.68
2026-07-31,742.8354,747.045,735.8528,745.1796,62445900,0.4,0.97,-0.54,0.72
2026-08-03,747.5836,756.701,746.9452,755.7932,59927500,0.32,1.55,0.24,1.42
2026-08-04,758.7459,771.4942,758.6362,769.4194,69154800,0.39,2.08,0.38,1.8
2026-08-05,773.9282,774.9257,767.6039,767.8832,44689100,0.59,0.72,-0.24,-0.2
2026-08-06,768.3022,769.9082,765.559,766.6562,38416900,0.05,0.26,-0.3,-0.16
2026-08-07,769.1102,772.0029,767.7036,771.3446,43586300,0.32,0.7,0.14,0.61
2026-08-10,770.6862,773.1301,769.7086,771.1152,39249500,-0.09,0.23,-0.21,-0.03
2026-08-11,772.6115,772.6913,767.2947,768.6513,36740600,0.19,0.2,-0.5,-0.32
2026-08-12,772.791,772.9805,769.3695,770.5765,33179100,0.54,0.56,0.09,0.25
2026-08-13,772.9506,777.4395,772.1925,775.9532,35634500,0.31,0.89,0.21,0.7
2026-08-14,776.6115,776.8709,773.5092,774.417,31367900,0.08,0.12,-0.31,-0.2
2026-08-17,774.2574,774.8559,770.5965,770.756,34356600,-0.02,0.06,-0.49,-0.47
2026-08-18,766.7959,767.5939,765.0203,765.549,43920900,-0.51,-0.41,-0.74,-0.68
2026-08-19,768.4517,770.5565,766.1973,767.155,40306000,0.38,0.65,0.08,0.21
2026-08-20,764.0627,766.2473,760.1524,760.711,45520300,-0.4,-0.12,-0.91,-0.84
2026-08-21,764.1524,765.948,762.2771,763.8232,39188700,0.45,0.69,0.21,0.41
2026-08-24,762.8856,763.3245,760.1923,761.5788,32430900,-0.12,-0.07,-0.48,-0.29
2026-08-25,764.2621,764.8807,761.1599,764.0128,27422300,0.35,0.43,-0.06,0.32
2026-08-26,762.8357,765.4492,762.0377,764.1824,28751600,-0.15,0.19,-0.26,0.02
2026-08-27,766.5964,770.4468,765.2597,769.1899,34557100,0.32,0.82,0.14,0.66
2026-08-28,769.8483,773.3795,766.4069,767.4443,36744300,0.09,0.54,-0.36,-0.23
2026-08-31,765.4293,766.0976,762.8257,765.15,38810800,-0.26,-0.18,-0.6,-0.3
2026-09-01,760.1225,762.7759,757.5987,759.8931,41126300,-0.66,-0.31,-0.99,-0.69
2026-09-02,760.5614,764.5315,759.8432,763.2646,29566200,0.09,0.61,-0.01,0.44
2026-09-03,765.9979,772.1127,765.549,771.2548,43531600,0.36,1.16,0.3,1.05
2026-09-04,770.0977,770.9556,767.0952,768.2822,34054200,-0.15,-0.04,-0.54,-0.39
2026-09-08,767.165,767.7934,763.2447,764.0627,44746100,-0.15,-0.06,-0.66,-0.55
2026-09-09,762.1874,762.5764,759.0551,760.5115,32812400,-0.25,-0.19,-0.66,-0.46
2026-09-10,756.1523,758.2271,754.7658,755.9528,42740400,-0.57,-0.3,-0.76,-0.6
2026-09-11,762.8257,764.4816,761.7085,762.3968,45512700,0.91,1.13,0.76,0.85
2026-09-14,757.1199,761.6287,756.0525,758.9952,43992400,-0.69,-0.1,-0.83,-0.45
2026-09-15,758.2371,758.4665,754.277,755.5139,46195000,-0.1,-0.07,-0.62,-0.46
2026-09-16,757.6187,759.7833,747.7432,752.1822,59217700,0.28,0.57,-1.03,-0.44
2026-09-17,761.2597,761.6786,758.0776,760.711,49652800,1.21,1.26,0.78,1.13
2026-09-18,761.31,762.0,757.97,761.69,65395100,0.08,0.17,-0.36,0.13
2026-09-21,766.25,774.89,766.03,773.5,50484700,0.6,1.73,0.57,1.55
2026-09-22,774.03,775.14,772.57,773.38,34802300,0.07,0.21,-0.12,-0.02
2026-09-23,772.79,773.05,766.5,767.81,54931700,-0.08,-0.04,-0.89,-0.72
2026-09-24,764.07,768.95,763.25,767.18,43983700,-0.49,0.15,-0.59,-0.08
