Date,Open,High,Low,Close,Volume,ma_200,open_pct,high_pct,low_pct,close_pct,upper_band,lower_band
2006-06-21,32.647562,33.375157,32.639003,33.109798,129548100,33.109798,,,,,34.103092,31.454308
2006-06-22,33.032771,33.10981,32.519176,32.690372,143100500,33.105625,-0.23,0.0,-1.78,-1.27,34.098793,31.450343
2006-06-23,32.664694,32.981411,32.467816,32.656136,88050200,33.101152,-0.08,0.89,-0.68,-0.1,34.094187,31.446094
2006-06-26,32.673275,32.861595,32.587677,32.741756,65157700,33.097576,0.05,0.63,-0.21,0.26,34.090503,31.442697
2006-06-27,32.758868,32.810228,32.091194,32.125431,128227500,33.087903,0.05,0.21,-1.99,-1.88,34.08054,31.433508
2006-06-28,32.20246,32.39078,31.997024,32.365101,91576300,33.080711,0.24,0.83,-0.4,0.75,34.073132,31.426675
2006-06-29,32.510641,33.349514,32.442163,33.349514,181997200,33.083386,0.45,3.04,0.24,3.04,34.075887,31.429216
2006-06-30,33.486463,33.503583,33.109827,33.186867,82719200,33.084415,0.41,0.46,-0.72,-0.49,34.076948,31.430194
2006-07-03,33.289587,33.383747,33.22111,33.383747,21598500,33.087394,0.31,0.59,0.1,0.59,34.080015,31.433024
2006-07-05,33.07557,33.109811,32.604775,32.656136,93724000,33.083102,-0.92,-0.82,-2.33,-2.18,34.075596,31.428947
2006-07-06,32.758854,32.938611,32.536294,32.621895,70615200,33.078513,0.31,0.86,-0.37,-0.1,34.070869,31.424588
2006-07-07,32.442155,32.67327,32.159676,32.262394,108063300,33.070393,-0.55,0.16,-1.42,-1.1,34.062505,31.416873
2006-07-10,32.347999,32.467837,31.81728,31.979921,105109800,33.059542,0.27,0.64,-1.38,-0.88,34.051329,31.406565
2006-07-11,31.911446,32.305206,31.74025,32.219604,136114200,33.051185,-0.21,1.02,-0.75,0.75,34.04272,31.398625
2006-07-12,32.151116,32.219594,31.5348,31.611839,154458900,33.036863,-0.21,-0.0,-2.13,-1.89,34.027969,31.38502
2006-07-13,31.363601,31.706,31.081125,31.081125,177745500,33.017403,-0.79,0.3,-1.68,-1.68,34.007925,31.366533
2006-07-14,31.07257,31.141051,30.636015,30.764412,172448500,32.994985,-0.03,0.19,-1.43,-1.02,33.984835,31.345236
2006-07-17,30.772959,31.029756,30.704478,30.841436,134311000,32.973557,0.03,0.86,-0.19,0.25,33.962763,31.324879
2006-07-18,31.004076,31.098236,30.422,30.944157,206964900,32.953364,0.53,0.83,-1.36,0.33,33.941964,31.305695
2006-07-19,30.918481,31.526239,30.892802,31.346478,192517600,32.937375,-0.08,1.88,-0.17,1.3,33.925496,31.290506
2006-07-20,31.457749,31.500548,30.849995,30.884235,152292100,32.916945,0.35,0.49,-1.58,-1.47,33.904454,31.271098
2006-07-21,30.713039,30.781517,30.490479,30.55896,119343000,32.893483,-0.55,-0.33,-1.27,-1.05,33.880287,31.248809
2006-07-24,30.6788,31.183836,30.644559,31.166716,130269300,32.876301,0.39,2.04,0.28,1.99,33.86259,31.232486
2006-07-25,31.235201,31.449199,31.021202,31.346478,108869600,32.861079,0.22,0.91,-0.47,0.58,33.846911,31.218025
2006-07-26,31.252312,31.56047,31.012635,31.320793,107170500,32.845753,-0.3,0.68,-1.07,-0.08,33.831125,31.203465
2006-07-27,31.449197,31.705994,31.029758,31.115356,99698700,32.828535,0.41,1.23,-0.93,-0.66,33.813391,31.187108
2006-07-28,31.269437,31.791594,31.243758,31.765915,93556100,32.817962,0.5,2.17,0.41,2.09,33.8025,31.177063
2006-07-31,31.740221,31.945657,31.57758,31.757338,78015300,32.807408,-0.08,0.57,-0.59,-0.03,33.79163,31.167038
2006-08-01,31.474889,31.500568,31.038331,31.22665,98552800,32.791679,-0.89,-0.81,-2.26,-1.67,33.77543,31.152095
2006-08-02,31.337918,31.783035,31.337918,31.577595,87370600,32.779599,0.36,1.78,0.36,1.12,33.762987,31.140619
2006-08-03,31.260873,31.962787,31.226632,31.774467,99205600,32.769597,-1.0,1.22,-1.11,0.62,33.752685,31.131118
2006-08-04,32.056947,32.211026,31.346471,31.62895,123493800,32.758248,0.89,1.37,-1.35,-0.46,33.740995,31.120335
2006-08-07,31.594709,31.620388,31.269431,31.42351,69634800,32.744967,-0.11,-0.03,-1.14,-0.65,33.727316,31.107718
2006-08-08,31.50913,31.586169,31.038331,31.22665,124139900,32.729859,0.27,0.52,-1.23,-0.63,33.711755,31.093366
2006-08-09,31.663199,31.937117,31.183842,31.26944,145342200,32.715328,1.4,2.28,-0.14,0.14,33.696787,31.079561
2006-08-10,31.183837,31.569034,31.081118,31.491995,102481300,32.703155,-0.27,0.96,-0.6,0.71,33.68425,31.067997
2006-08-11,31.372161,31.406399,31.132481,31.26944,86903200,32.688889,-0.38,-0.27,-1.14,-0.71,33.669556,31.054445
2006-08-14,31.534809,31.902887,31.41497,31.47489,109281100,32.67681,0.85,2.03,0.47,0.66,33.657114,31.042969
2006-08-15,31.842965,32.313761,31.748805,32.270962,133712100,32.672771,1.17,2.67,0.87,2.53,33.652955,31.039133
2006-08-16,32.510635,33.049911,32.390796,33.032791,135452100,32.676354,0.74,2.41,0.37,2.36,33.656644,31.042536
2006-08-17,32.921515,33.366632,32.904395,33.152634,129492200,32.681093,-0.34,1.01,-0.39,0.36,33.661526,31.047038
2006-08-18,33.067024,33.238224,32.767425,33.203983,97754500,32.686296,-0.26,0.26,-1.16,0.15,33.666885,31.051981
2006-08-21,32.955738,33.007098,32.750298,32.887257,66668400,32.688295,-0.75,-0.59,-1.37,-0.95,33.668944,31.053881
2006-08-22,32.835901,33.221099,32.698943,32.895821,102058600,32.69036,-0.16,1.02,-0.57,0.03,33.671071,31.055842
2006-08-23,32.921481,33.101239,32.459244,32.647564,96056300,32.689934,0.08,0.62,-1.33,-0.75,33.670632,31.055438
2006-08-24,32.741756,32.827354,32.459277,32.741756,78985300,32.69045,0.29,0.55,-0.58,0.29,33.671164,31.055928
2006-08-25,32.673255,33.075572,32.579098,32.801655,73572900,32.691557,-0.21,1.02,-0.5,0.18,33.672303,31.056979
2006-08-28,32.775998,33.203994,32.733199,33.049915,80035000,32.695122,-0.08,1.23,-0.21,0.76,33.675976,31.060366
2006-08-29,33.024237,33.178312,32.681838,33.152634,104842000,32.699675,-0.08,0.39,-1.11,0.31,33.680665,31.064691
2006-08-30,33.14406,33.409416,33.041339,33.306698,75687200,32.705715,-0.03,0.77,-0.34,0.46,33.686886,31.070429
2006-08-31,33.349493,33.409412,33.178294,33.272453,61207200,32.711354,0.13,0.31,-0.39,-0.1,33.692694,31.075786
2006-09-01,33.452236,33.563513,33.298157,33.452236,69388500,32.718726,0.54,0.87,0.08,0.54,33.700288,31.08279
2006-09-05,33.469338,33.794617,33.25534,33.777496,85582800,32.729261,0.05,1.02,-0.59,0.97,33.711139,31.092798
2006-09-06,33.469342,33.546382,33.049907,33.101265,97888600,32.732962,-0.91,-0.68,-2.15,-2.0,33.714951,31.096314
2006-09-07,32.998539,33.298139,32.835902,32.947182,115877400,32.735094,-0.31,0.59,-0.8,-0.47,33.717147,31.098339
2006-09-08,32.989991,33.229668,32.92151,33.14407,96627000,32.739163,0.13,0.86,-0.08,0.6,33.721338,31.102205
2006-09-11,32.878718,33.512155,32.801679,33.349514,142377500,32.745236,-0.8,1.11,-1.03,0.62,33.727594,31.107975
2006-09-12,33.340949,34.068542,33.340949,33.965824,124102400,32.757382,-0.03,2.16,-0.03,1.85,33.740103,31.119513
2006-09-13,33.991498,34.222616,33.92302,34.196938,116054300,32.771706,0.08,0.76,-0.13,0.68,33.754857,31.13312
2006-09-14,34.111333,34.428053,34.034293,34.231174,98116000,32.786228,-0.25,0.68,-0.48,0.1,33.769814,31.146916
2006-09-15,34.516388,34.653426,34.259443,34.353657,137825600,32.801824,0.83,1.23,0.08,0.36,33.785879,31.161733
2006-09-18,34.362202,34.60202,34.208034,34.362202,117806700,32.81735,0.02,0.72,-0.42,0.02,33.801871,31.176483
2006-09-19,34.447872,34.473566,33.848331,34.13097,159060800,32.830421,0.25,0.32,-1.5,-0.67,33.815334,31.1889
2006-09-20,34.430751,34.721957,34.422185,34.627743,116635500,32.848305,0.88,1.73,0.85,1.46,33.833754,31.20589
2006-09-21,34.713377,34.833285,34.327961,34.413609,121886900,32.86388,0.25,0.59,-0.87,-0.62,33.849796,31.220686
2006-09-22,34.38792,34.396484,34.002501,34.148102,100996400,32.876658,-0.07,-0.05,-1.19,-0.77,33.862958,31.232825
2006-09-25,34.293687,34.824707,33.985352,34.747623,136473400,32.895275,0.43,1.98,-0.48,1.76,33.882133,31.250511
2006-09-26,34.704809,34.944624,34.602031,34.91893,113375600,32.915411,-0.12,0.57,-0.42,0.49,33.902873,31.26964
2006-09-27,34.833272,35.07309,34.687671,34.876099,113003800,32.93492,-0.25,0.44,-0.66,-0.12,33.922968,31.288174
2006-09-28,34.918954,35.021732,34.627749,34.970345,85943600,32.955173,0.12,0.42,-0.71,0.27,33.943828,31.307414
2006-09-29,35.030268,35.055962,34.79045,34.816147,85438200,32.97369,0.17,0.24,-0.51,-0.44,33.962901,31.325006
2006-10-02,34.773328,34.858978,34.327958,34.379345,97068800,32.987677,-0.12,0.12,-1.4,-1.25,33.977307,31.338293
2006-10-03,34.276574,34.670557,34.156666,34.524956,116261400,33.002973,-0.3,0.85,-0.65,0.42,33.993062,31.352824
2006-10-04,34.464998,35.381438,34.379348,35.372871,149209500,33.026554,-0.17,2.48,-0.42,2.46,34.017351,31.375226
2006-10-05,35.372876,35.595565,35.270099,35.544174,91799900,33.051605,0.0,0.63,-0.29,0.48,34.043153,31.399025
2006-10-06,35.424263,35.595561,35.321486,35.467087,85450400,33.07564,-0.34,0.14,-0.63,-0.22,34.067909,31.421858
2006-10-09,35.424252,35.749717,35.389991,35.586983,62786100,33.100628,-0.12,0.8,-0.22,0.34,34.093647,31.445597
2006-10-10,35.629823,35.758298,35.381445,35.646954,98181800,33.125965,0.12,0.48,-0.58,0.17,34.119744,31.469667
2006-10-11,35.484216,35.826812,35.261528,35.57843,136561300,33.150367,-0.46,0.5,-1.08,-0.19,34.144878,31.492849
2006-10-12,35.766859,36.186539,35.715472,36.143715,95260200,33.180152,0.53,1.71,0.39,1.59,34.175557,31.521144
2006-10-13,36.169412,36.417794,36.092328,36.34071,80470200,33.2116,0.07,0.76,-0.14,0.55,34.207948,31.55102
2006-10-16,36.340705,36.503437,36.315012,36.374966,62017400,33.243077,-0.0,0.45,-0.07,0.09,34.240369,31.580923
2006-10-17,36.118006,36.143702,35.766846,35.972404,146149100,33.270234,-0.71,-0.64,-1.67,-1.11,34.268341,31.606722
2006-10-18,36.160835,36.237919,35.672638,35.801109,120366100,33.295417,0.52,0.74,-0.83,-0.48,34.294279,31.630646
2006-10-19,35.7069,36.066626,35.621253,35.886765,108198400,33.321202,-0.26,0.74,-0.5,0.24,34.320838,31.655141
2006-10-20,36.006665,36.040925,35.664069,35.972404,105454300,33.347582,0.33,0.43,-0.62,0.24,34.348009,31.680203
2006-10-23,35.9039,36.469184,35.818253,36.34071,126960500,33.377364,-0.19,1.38,-0.43,1.02,34.378685,31.708496
2006-10-24,36.212223,36.357827,35.903888,36.092316,103541700,33.404378,-0.35,0.05,-1.2,-0.68,34.40651,31.73416
2006-10-25,36.109458,36.417794,36.015244,36.34071,125399500,33.433596,0.05,0.9,-0.21,0.69,34.436604,31.761916
2006-10-26,36.469177,36.76038,36.160842,36.674732,130260700,33.465846,0.35,1.15,-0.49,0.92,34.469821,31.792553
2006-10-27,36.589073,36.67472,36.040923,36.152264,129375000,33.492576,-0.23,-0.0,-1.73,-1.42,34.497354,31.817948
2006-10-30,36.109439,36.529119,36.023792,36.383514,103899900,33.521342,-0.12,1.04,-0.36,0.64,34.526982,31.845275
2006-10-31,36.452047,36.623342,36.237926,36.469177,135811800,33.550674,0.19,0.66,-0.4,0.24,34.557194,31.87314
2006-11-01,36.597639,36.631899,35.818237,35.972404,148960600,33.57477,0.35,0.45,-1.78,-1.36,34.582013,31.896032
2006-11-02,35.809673,36.092312,35.749719,36.006664,100216400,33.598968,-0.45,0.33,-0.62,0.1,34.606937,31.91902
2006-11-03,36.058046,36.13513,35.63837,35.912445,119263300,33.621988,0.14,0.36,-1.02,-0.26,34.630648,31.940889
2006-11-06,36.03236,36.580511,36.023797,36.43491,101283300,33.649977,0.33,1.86,0.31,1.45,34.659477,31.967478
2006-11-07,36.434914,36.905981,36.374961,36.683296,139706500,33.68016,0.0,1.29,-0.16,0.68,34.690564,31.996152
2006-11-08,36.477746,37.000203,36.374969,36.854599,180245700,33.711746,-0.56,0.86,-0.84,0.47,34.723098,32.026159
2006-11-09,37.051582,37.128666,36.546255,36.683296,124278000,33.741314,0.53,0.74,-0.84,-0.46,34.753553,32.054248
2006-11-10,36.691868,36.863166,36.546263,36.854599,82419400,33.772292,0.02,0.49,-0.37,0.47,34.78546,32.083677
2006-11-13,36.87172,37.291399,36.828896,37.231445,89146200,33.806711,0.05,1.19,-0.07,1.02,34.820912,32.116376
2006-11-14,37.257134,37.659684,37.034449,37.625423,121962800,33.844708,0.07,1.15,-0.53,1.06,34.860049,32.152473
2006-11-15,37.676828,38.027988,37.616871,37.779606,116565900,33.883861,0.14,1.07,-0.02,0.41,34.900377,32.189668
2006-11-16,37.908077,38.045114,37.702522,37.942337,113513200,33.924244,0.34,0.7,-0.2,0.43,34.941972,32.228032
2006-11-17,37.736782,37.942337,37.642568,37.942337,95162500,33.964225,-0.54,0.0,-0.79,0.0,34.983152,32.266014
2006-11-20,37.822425,38.096501,37.693951,38.019417,107184100,34.004575,-0.32,0.41,-0.65,0.2,35.024713,32.304347
2006-11-21,38.045108,38.122192,37.899507,38.070805,68092200,34.045035,0.07,0.27,-0.32,0.14,35.066387,32.342784
2006-11-22,38.182129,38.32773,37.908051,38.3106,69852700,34.087479,0.29,0.67,-0.43,0.63,35.110103,32.383105
2006-11-24,38.027993,38.421976,38.010863,38.242115,51762900,34.128819,-0.74,0.29,-0.78,-0.18,35.152683,32.422378
2006-11-27,38.12221,38.20786,37.377068,37.377068,159506300,34.161139,-0.31,-0.09,-2.26,-2.26,35.185974,32.453082
2006-11-28,37.2657,37.548342,37.120099,37.488388,118268400,34.194246,-0.3,0.46,-0.69,0.3,35.220074,32.484534
2006-11-29,37.685373,37.839541,37.394168,37.745327,139515500,34.229581,0.53,0.94,-0.25,0.69,35.256468,32.518101
2006-11-30,37.728198,37.92519,37.505514,37.719635,123457100,34.264307,-0.05,0.48,-0.64,-0.07,35.292237,32.551092
2006-12-01,37.685382,37.985151,37.051581,37.394176,144559600,34.29545,-0.09,0.7,-1.77,-0.86,35.324314,32.580678
2006-12-04,37.505535,38.096509,37.505535,37.908081,89782400,34.331397,0.3,1.88,0.3,1.37,35.361339,32.614827
2006-12-05,38.019419,38.156457,37.848121,38.045113,84697500,34.368349,0.29,0.66,-0.16,0.36,35.3994,32.649932
2006-12-06,37.925211,38.027992,37.74535,37.908081,78207500,34.403571,-0.32,-0.05,-0.79,-0.36,35.435678,32.683392
2006-12-07,37.976587,38.096494,37.428436,37.428436,124936100,34.433669,0.18,0.5,-1.27,-1.27,35.466679,32.711985
2006-12-08,37.30853,37.908067,37.231446,37.599735,133798700,34.465172,-0.32,1.28,-0.53,0.46,35.499127,32.741913
2006-12-11,37.539794,38.002295,37.471274,37.736786,72931300,34.497725,-0.16,1.07,-0.34,0.36,35.532657,32.772839
2006-12-12,37.728194,37.796714,37.308518,37.514072,110985900,34.527739,-0.02,0.16,-1.13,-0.59,35.563571,32.801352
2006-12-13,37.77102,37.779587,37.359908,37.582596,79035500,34.558135,0.68,0.71,-0.41,0.18,35.594879,32.830228
2006-12-14,37.659666,38.173556,37.633969,38.002258,109104200,34.592405,0.21,1.57,0.14,1.12,35.630177,32.862785
2006-12-15,38.314415,38.383016,38.031429,38.100033,99942300,34.627307,0.82,1.0,0.08,0.26,35.666126,32.895942
2006-12-18,38.228671,38.37445,37.559796,37.722729,121588700,34.658107,0.34,0.72,-1.42,-0.99,35.69785,32.925202
2006-12-19,37.431173,37.78276,37.19964,37.602676,136535200,34.687406,-0.77,0.16,-1.39,-0.32,35.728028,32.953036
2006-12-20,37.645553,37.825634,37.448318,37.465469,67213400,34.715049,0.11,0.59,-0.41,-0.36,35.7565,32.979296
2006-12-21,37.508342,37.551218,37.053849,37.199631,102952300,34.739771,0.11,0.23,-1.1,-0.71,35.781964,33.002782
2006-12-22,37.216818,37.225392,36.813778,36.813778,92858600,34.760408,0.05,0.07,-1.04,-1.04,35.80322,33.022387
2006-12-26,36.81375,36.976679,36.770874,36.968105,50848600,34.782375,-0.0,0.44,-0.12,0.42,35.825846,33.043256
2006-12-27,37.053867,37.216799,36.959538,37.156773,54129200,34.806001,0.23,0.67,-0.02,0.51,35.850181,33.065701
2006-12-28,37.045296,37.199652,36.916665,36.976692,69016000,34.8276,-0.3,0.12,-0.65,-0.48,35.872428,33.08622
2006-12-29,37.036704,37.396868,36.976677,37.010979,75152500,34.849325,0.16,1.14,-0.0,0.09,35.894805,33.106859
2007-01-03,37.268229,37.782748,36.462152,37.079575,167689500,34.871516,0.7,2.09,-1.48,0.19,35.917662,33.127941
2007-01-04,37.131047,37.9114,37.00242,37.782772,136853500,34.900484,0.14,2.24,-0.21,1.9,35.947499,33.15546
2007-01-05,37.688431,37.688431,37.285391,37.602676,138958800,34.927372,-0.25,-0.25,-1.32,-0.48,35.975193,33.181003
2007-01-08,37.636965,37.834196,37.422583,37.628391,106401600,34.954247,0.09,0.62,-0.48,0.07,36.002875,33.206535
2007-01-09,37.739869,37.97998,37.414011,37.817047,121577500,34.982733,0.3,0.93,-0.57,0.5,36.032215,33.233596
2007-01-10,37.697012,38.297283,37.576958,38.262981,121070100,35.015372,-0.32,1.27,-0.63,1.18,36.065833,33.264604
2007-01-11,38.340159,38.794652,38.28871,38.657448,174029800,35.051612,0.2,1.39,0.07,1.03,36.10316,33.299031
2007-01-12,38.605987,38.88897,38.563111,38.854671,104217300,35.089453,-0.13,0.6,-0.24,0.51,36.142137,33.334981
2007-01-16,38.888964,38.931843,38.70031,38.828938,95690500,35.126662,0.09,0.2,-0.4,-0.07,36.180462,33.370329
2007-01-17,38.666013,38.83752,38.443057,38.511658,127142600,35.160344,-0.42,0.02,-0.99,-0.82,36.215154,33.402326
2007-01-18,38.408757,38.451633,37.688432,37.799911,189029800,35.186608,-0.27,-0.16,-2.14,-1.85,36.242206,33.427278
2007-01-19,37.705587,37.971419,37.654134,37.87709,127544300,35.213379,-0.25,0.45,-0.39,0.2,36.26978,33.45271
2007-01-22,37.911385,37.928536,37.311114,37.465469,123441700,35.235788,0.09,0.14,-1.49,-1.09,36.292861,33.473998
2007-01-23,37.439733,37.714142,37.302528,37.371132,133103600,35.257035,-0.07,0.66,-0.43,-0.25,36.314746,33.494183
2007-01-24,37.611259,38.005722,37.534081,37.988571,117615300,35.284214,0.64,1.7,0.44,1.65,36.342741,33.520004
2007-01-25,38.040012,38.134341,37.37114,37.499767,158337600,35.30626,0.14,0.38,-1.63,-1.29,36.365448,33.540947
2007-01-26,37.568384,37.585535,37.122468,37.362576,146284300,35.326721,0.18,0.23,-1.01,-0.37,36.386522,33.560385
2007-01-29,37.268254,37.654143,37.216804,37.396885,104191500,35.347319,-0.25,0.78,-0.39,0.09,36.407739,33.579953
2007-01-30,37.456896,37.551225,37.319692,37.414021,69605900,35.367883,0.16,0.41,-0.21,0.05,36.42892,33.599489
2007-01-31,37.371137,37.894227,37.156755,37.791325,157772500,35.391997,-0.11,1.28,-0.69,1.01,36.453757,33.622397
2007-02-01,37.962834,38.074313,37.60267,37.7313,147365600,35.415274,0.45,0.75,-0.5,-0.16,36.477732,33.64451
2007-02-02,37.834205,37.945685,37.67985,37.868507,98189200,35.439684,0.27,0.57,-0.14,0.36,36.502875,33.6677
2007-02-05,37.851357,38.040014,37.697001,37.834206,96347800,35.46351,-0.05,0.45,-0.45,-0.09,36.527416,33.690335
2007-02-06,37.902826,37.928551,37.422608,37.782772,121110200,35.486588,0.18,0.25,-1.09,-0.14,36.551185,33.712258
2007-02-07,37.9714,38.288688,37.834195,38.125755,117823800,35.512848,0.5,1.34,0.14,0.91,36.578233,33.737206
2007-02-08,38.074319,38.245823,37.928538,38.117195,89521900,35.538762,-0.13,0.31,-0.52,-0.02,36.604925,33.761824
2007-02-09,38.220085,38.348716,37.499761,37.628391,133472000,35.559554,0.27,0.61,-1.62,-1.28,36.626341,33.781576
2007-02-12,37.619829,37.63698,37.379721,37.482624,126940000,35.578689,-0.02,0.02,-0.66,-0.39,36.64605,33.799755
2007-02-13,37.542656,37.731313,37.474055,37.611259,93648000,35.598914,0.16,0.66,-0.02,0.34,36.666881,33.818968
2007-02-14,37.765601,38.340144,37.765601,38.245815,133370000,35.625251,0.41,1.94,0.41,1.69,36.694009,33.843989
2007-02-15,38.271542,38.468773,38.202938,38.468773,110452500,35.653545,0.07,0.58,-0.11,0.58,36.723151,33.870868
2007-02-16,38.297285,38.443066,38.220107,38.34016,72342200,35.680277,-0.45,-0.07,-0.65,-0.33,36.750686,33.896263
2007-02-20,38.280112,38.691725,38.100031,38.631699,93629000,35.709645,-0.16,0.92,-0.63,0.76,36.780934,33.924162
2007-02-21,38.520233,38.768917,38.443058,38.751766,95864000,35.739915,-0.29,0.36,-0.49,0.31,36.812112,33.952919
2007-02-22,38.897536,39.060466,38.648852,38.948986,116344400,35.771846,0.38,0.8,-0.27,0.51,36.845001,33.983253
2007-02-23,38.949007,38.983309,38.640299,38.811802,113467100,35.802094,0.0,0.09,-0.79,-0.35,36.876157,34.011989
2007-02-26,39.000446,39.017597,38.383024,38.623135,101623700,35.830164,0.49,0.53,-1.1,-0.49,36.905069,34.038656
2007-02-27,38.04859,38.142919,36.925229,37.036705,317813200,35.842169,-1.49,-1.24,-4.4,-4.11,36.917434,34.050061
2007-02-28,37.002417,37.525507,36.813759,37.156773,214978700,35.85525,-0.09,1.32,-0.6,0.32,36.930908,34.062488
2007-03-01,36.487899,37.336855,36.222067,36.985268,231806500,35.866494,-1.8,0.48,-2.52,-0.46,36.942489,34.073169
2007-03-02,36.685111,36.993822,36.419279,36.427853,183359400,35.87208,-0.81,0.02,-1.53,-1.51,36.948242,34.078476
2007-03-05,36.144897,36.70229,36.06772,36.144897,171885400,35.874794,-0.78,0.75,-0.99,-0.78,36.951038,34.081055
2007-03-06,36.470738,36.865205,36.445014,36.745148,155551800,35.883454,0.9,1.99,0.83,1.66,36.959958,34.089282
2007-03-07,36.753721,36.856623,36.57364,36.599365,119979300,35.890578,0.02,0.3,-0.47,-0.4,36.967295,34.096049
2007-03-08,36.985254,37.079583,36.736569,36.848049,120900700,35.900105,1.05,1.31,0.37,0.68,36.977108,34.1051
2007-03-09,37.156791,37.165365,36.57367,36.813778,128597600,35.909196,0.84,0.86,-0.74,-0.09,36.986472,34.113736
2007-03-12,36.762292,37.113879,36.727993,37.053852,81310100,35.920586,-0.14,0.82,-0.23,0.65,36.998203,34.124557
2007-03-13,36.873779,37.079587,36.32496,36.333534,171231800,35.924695,-0.49,0.07,-1.97,-1.94,37.002436,34.12846
2007-03-14,36.384994,36.873785,36.102007,36.865211,192586700,35.934053,0.14,1.49,-0.64,1.46,37.012075,34.137351
2007-03-15,36.78803,36.925235,36.633675,36.779453,111627400,35.942465,-0.21,0.16,-0.63,-0.23,37.020739,34.145342
2007-03-16,36.845526,36.931335,36.562364,36.751141,108328800,35.950512,0.18,0.41,-0.59,-0.08,37.029027,34.152986
2007-03-19,36.948495,37.231656,36.854107,37.128689,95913200,35.962235,0.54,1.31,0.28,1.03,37.041102,34.164123
2007-03-20,37.120102,37.403267,37.077199,37.394688,78755700,35.976488,-0.02,0.74,-0.14,0.72,37.055783,34.177664
2007-03-21,37.446166,38.132621,37.197325,38.115459,173333500,35.997771,0.14,1.97,-0.53,1.93,37.077705,34.197883
2007-03-22,38.132621,38.141204,37.832298,37.978168,114856300,36.017477,0.05,0.07,-0.74,-0.36,37.098001,34.216603
2007-03-23,37.978165,38.072553,37.815133,37.858036,68530300,36.035791,-0.0,0.25,-0.43,-0.32,37.116865,34.234001
2007-03-26,37.875202,38.029655,37.437588,38.012493,114237300,36.05546,0.05,0.45,-1.11,0.41,37.137123,34.252687
2007-03-27,37.952429,37.961012,37.712171,37.746494,76419200,36.072286,-0.16,-0.14,-0.79,-0.7,37.154454,34.268671
2007-03-28,37.583455,37.780811,37.334614,37.343197,142795000,36.084932,-0.43,0.09,-1.09,-1.07,37.16748,34.280685
2007-03-29,37.600634,37.626375,36.982822,37.386116,124407000,36.097879,0.69,0.76,-0.97,0.11,37.180815,34.292985
2007-03-30,37.377524,37.643524,37.08578,37.35178,120418700,36.110355,-0.02,0.69,-0.8,-0.09,37.193666,34.304838
2007-04-02,37.471907,37.549133,37.154422,37.403263,89617700,36.12322,0.32,0.53,-0.53,0.14,37.206917,34.317059
2007-04-03,37.600624,38.02108,37.574883,37.892368,105814500,36.140824,0.53,1.65,0.46,1.31,37.225048,34.333782
2007-04-04,37.91811,38.081145,37.866628,38.046822,85147200,36.159789,0.07,0.5,-0.07,0.41,37.244582,34.351799
2007-04-05,38.003905,38.252746,37.95242,38.235584,54220200,36.180443,-0.11,0.54,-0.25,0.5,37.265857,34.371421
2007-04-09,38.364305,38.398629,38.081144,38.141209,63050200,36.199954,0.34,0.43,-0.4,-0.25,37.285952,34.389956
2007-04-10,38.132631,38.33857,38.10689,38.33857,76364500,36.221233,-0.02,0.52,-0.09,0.52,37.30787,34.410172
2007-04-11,38.304231,38.321393,37.815132,37.935261,114012300,36.238288,-0.09,-0.04,-1.37,-1.05,37.325437,34.426374
2007-04-12,37.875193,38.287066,37.712161,38.235584,113801300,36.258162,-0.16,0.93,-0.59,0.79,37.345907,34.445254
2007-04-13,38.244177,38.372889,38.003919,38.312824,94572000,36.278606,0.02,0.36,-0.61,0.2,37.366964,34.464676
2007-04-16,38.467287,38.741869,38.467287,38.664642,72803200,36.302348,0.4,1.12,0.4,0.92,37.391418,34.487231
2007-04-17,38.741852,38.784755,38.578816,38.750431,81852300,36.326707,0.2,0.31,-0.22,0.22,37.416508,34.510372
2007-04-18,38.553083,38.810503,38.467277,38.621727,82002500,36.349543,-0.51,0.16,-0.73,-0.33,37.440029,34.532066
2007-04-19,38.450116,38.827665,38.372889,38.741859,95413000,36.373347,-0.44,0.53,-0.64,0.31,37.464548,34.55468
2007-04-20,39.05935,39.188059,38.784768,38.956383,122377400,36.399049,0.82,1.15,0.11,0.55,37.49102,34.579097
2007-04-23,39.007866,39.127996,38.904899,39.016449,85303300,36.425093,0.13,0.44,-0.13,0.15,37.517846,34.603838
2007-04-24,39.153726,39.325341,38.896306,39.213791,108143700,36.452841,0.35,0.79,-0.31,0.51,37.546426,34.630199
2007-04-25,39.342487,39.745781,39.213779,39.737202,106818100,36.485521,0.33,1.36,-0.0,1.33,37.580087,34.661245
2007-04-26,39.831615,40.028974,39.754392,39.943165,99308300,36.519926,0.24,0.73,0.04,0.52,37.615523,34.693929
2007-04-27,39.788701,40.071866,39.720057,39.960316,96536500,36.554158,-0.39,0.32,-0.56,0.04,37.650783,34.72645
2007-04-30,39.891673,39.925993,39.40257,39.436893,93290500,36.582842,-0.17,-0.09,-1.4,-1.31,37.680328,34.7537
2007-05-01,39.445463,39.591334,39.179461,39.402557,135044400,36.610899,0.02,0.39,-0.65,-0.09,37.709226,34.780354
2007-05-02,39.548435,39.968891,39.514111,39.831596,91971600,36.642946,0.37,1.44,0.28,1.09,37.742234,34.810799
2007-05-03,39.908835,40.089032,39.840191,39.977482,98003600,36.676125,0.19,0.65,0.02,0.37,37.776409,34.842319
2007-05-04,40.131936,40.234903,39.831609,40.011806,93591800,36.709316,0.39,0.64,-0.36,0.09,37.810596,34.87385
2007-05-07,40.037548,40.140515,39.960321,40.011806,47487900,36.742177,0.06,0.32,-0.13,0.0,37.844442,34.905068
2007-05-08,39.87451,40.13193,39.728636,40.097607,95138900,36.775564,-0.34,0.3,-0.71,0.21,37.878831,34.936786
2007-05-09,39.891682,40.303555,39.865938,40.183426,116021000,36.809473,-0.51,0.51,-0.58,0.21,37.913757,34.969
2007-05-10,40.046124,40.140512,39.531283,39.634251,171196300,36.83758,-0.34,-0.11,-1.62,-1.37,37.942708,34.995701
2007-05-11,39.677163,40.140518,39.625677,40.140518,104767900,36.870446,0.11,1.28,-0.02,1.28,37.976559,35.026923
2007-05-14,40.131935,40.226324,39.634253,39.865932,118899200,36.900251,-0.02,0.21,-1.26,-0.68,38.007259,35.055239
2007-05-15,39.831593,40.071854,39.462626,39.557011,179438500,36.926687,-0.09,0.52,-1.01,-0.77,38.034487,35.080352
2007-05-16,39.642842,39.951747,39.394,39.943165,144420500,36.956701,0.22,1.0,-0.41,0.98,38.065403,35.108866
2007-05-17,39.891678,39.960322,39.720063,39.754387,109869100,36.984539,-0.13,0.04,-0.56,-0.47,38.094075,35.135312
2007-05-18,39.883085,40.080441,39.797279,40.080441,104961700,37.015344,0.32,0.82,0.11,0.82,38.125804,35.164577
2007-05-21,40.106199,40.535234,40.046131,40.337875,112831400,37.048404,0.06,1.13,-0.09,0.64,38.159856,35.195984
2007-05-22,40.363605,40.56954,40.217732,40.372185,98029100,37.081477,0.06,0.57,-0.3,0.09,38.193921,35.227403
2007-05-23,40.492328,40.646781,40.157682,40.183426,119220600,37.112342,0.3,0.68,-0.53,-0.47,38.225712,35.256725
2007-05-24,40.209166,40.363619,39.445485,39.608517,206268600,37.137179,0.06,0.45,-1.84,-1.43,38.251295,35.28032
2007-05-25,39.694306,39.95173,39.625663,39.857342,87143200,37.164246,0.22,0.87,0.04,0.63,38.279173,35.306033
2007-05-29,39.900253,40.209159,39.823027,40.166256,99702400,37.194116,0.11,0.88,-0.09,0.78,38.30994,35.334411
2007-05-30,39.883096,40.500907,39.771546,40.492325,132036500,37.226934,-0.7,0.83,-0.98,0.81,38.343742,35.365588
2007-05-31,40.60385,40.775464,40.509461,40.681076,109457700,37.261304,0.28,0.7,0.04,0.47,38.379143,35.398239
2007-06-01,40.826969,40.990001,40.646772,40.706837,125089800,37.295588,0.36,0.76,-0.08,0.06,38.414455,35.430808
2007-06-04,40.560951,40.878436,40.53521,40.826954,64782700,37.330726,-0.36,0.42,-0.42,0.3,38.450648,35.46419
2007-06-05,40.715404,40.826954,40.329272,40.826954,151160400,37.365514,-0.27,0.0,-1.22,0.0,38.48648,35.497238
2007-06-06,40.646764,40.655346,40.294955,40.389343,183166500,37.395602,-0.44,-0.42,-1.3,-1.07,38.51747,35.525822
2007-06-07,40.252077,40.509498,39.745816,39.762978,221373300,37.419158,-0.34,0.3,-1.59,-1.55,38.541733,35.5482
2007-06-08,39.745783,40.269206,39.608492,40.252045,177587800,37.447346,-0.04,1.27,-0.39,1.23,38.570766,35.574979
2007-06-11,40.226313,40.492312,40.123342,40.174828,97100400,37.474485,-0.06,0.6,-0.32,-0.19,38.59872,35.600761
2007-06-12,39.960292,40.363586,39.857325,39.934551,153967700,37.498963,-0.53,0.47,-0.79,-0.6,38.623932,35.624015
2007-06-13,40.106185,40.406508,39.934571,40.372185,147985300,37.527553,0.43,1.18,0.0,1.1,38.653379,35.651175
2007-06-14,40.415091,40.749741,40.406512,40.638191,101531900,37.558504,0.11,0.94,0.09,0.66,38.685259,35.680579
2007-06-15,41.013451,41.107913,40.918992,41.013451,100378400,37.592882,0.92,1.16,0.69,0.92,38.720668,35.713238
2007-06-18,41.09075,41.107926,40.936177,41.022053,75713200,37.627003,0.19,0.23,-0.19,0.02,38.755813,35.745653
2007-06-19,40.901817,41.099327,40.798765,41.013451,109621300,37.660699,-0.29,0.19,-0.54,-0.02,38.79052,35.777664
2007-06-20,41.073556,41.150839,40.566899,40.62701,161889500,37.690214,0.15,0.33,-1.09,-0.94,38.820921,35.805704
2007-06-21,40.609858,41.039229,40.429523,40.996292,143181300,37.723111,-0.04,1.01,-0.49,0.91,38.854804,35.836955
2007-06-22,40.910414,40.970525,40.481043,40.609856,153328700,37.751835,-0.21,-0.06,-1.26,-0.94,38.88439,35.864243
2007-06-25,40.618437,40.858887,40.206242,40.438103,136602600,37.778564,0.02,0.61,-0.99,-0.42,38.911921,35.889635
2007-06-26,40.627014,40.6356,40.137533,40.20623,128211900,37.802719,0.47,0.49,-0.74,-0.57,38.936801,35.912584
2007-06-27,40.163301,40.841707,40.103189,40.824532,141196200,37.832787,-0.11,1.58,-0.26,1.54,38.967771,35.941148
2007-06-28,40.807365,41.090748,40.764429,40.807365,116546300,37.862385,-0.04,0.65,-0.15,-0.04,38.998257,35.969266
2007-06-29,41.030642,41.116518,40.54116,40.876068,124794700,37.892372,0.55,0.76,-0.65,0.17,39.029143,35.997753
2007-07-02,40.97053,41.262502,40.944769,41.245327,80863100,37.925735,0.23,0.95,0.17,0.9,39.063507,36.029448
2007-07-03,41.29687,41.49438,41.253934,41.485794,34803300,37.961158,0.12,0.6,0.02,0.58,39.099993,36.0631
2007-07-05,41.511523,41.880782,41.468587,41.78632,73588500,37.999219,0.06,0.95,-0.04,0.72,39.139196,36.099259
2007-07-06,41.829249,42.000998,41.648914,41.958061,65804300,38.038611,0.1,0.51,-0.33,0.41,39.179769,36.13668
2007-07-09,41.992415,42.061112,41.837841,41.983826,66768800,38.077867,0.08,0.25,-0.29,0.06,39.220203,36.173973
2007-07-10,41.751983,41.992433,41.588823,41.63176,104383100,38.113229,-0.55,0.02,-0.94,-0.84,39.256626,36.207567
2007-07-11,41.53729,41.915138,41.494354,41.915138,99637600,38.151059,-0.23,0.68,-0.33,0.68,39.295591,36.243506
2007-07-12,42.052528,42.653644,42.009588,42.559185,107667100,38.194921,0.33,1.76,0.23,1.54,39.340768,36.285175
2007-07-13,42.619294,42.911266,42.567768,42.851154,74232200,38.241252,0.14,0.83,0.02,0.69,39.388489,36.329189
2007-07-16,42.842586,43.005748,42.730948,42.808235,77799500,38.286694,-0.02,0.36,-0.28,-0.1,39.435295,36.372359
2007-07-17,42.902688,43.19466,42.868337,43.134548,124833700,38.334931,0.22,0.9,0.14,0.76,39.484979,36.418185
2007-07-18,42.894106,43.083027,42.627895,43.083027,144915900,38.382176,-0.56,-0.12,-1.17,-0.12,39.533641,36.463067
2007-07-19,43.289121,43.503806,43.203248,43.211834,116563800,38.430233,0.48,0.98,0.28,0.3,39.583139,36.508721
2007-07-20,43.186076,43.246187,42.713769,42.979977,163721300,38.475504,-0.06,0.08,-1.15,-0.54,39.629769,36.551728
2007-07-23,43.125955,43.203242,42.86833,42.997143,107464100,38.520495,0.34,0.52,-0.26,0.04,39.67611,36.59447
2007-07-24,42.679405,43.022899,42.121222,42.361671,175496200,38.558716,-0.74,0.06,-2.04,-1.48,39.715477,36.63078
2007-07-25,42.576376,42.65366,42.12983,42.421803,170258700,38.597154,0.51,0.69,-0.55,0.14,39.755069,36.667297
2007-07-26,42.129831,42.481915,41.262501,42.061131,318522000,38.631622,-0.69,0.14,-2.73,-0.85,39.79057,36.700041
2007-07-27,41.983821,42.181331,41.210957,41.210957,246387600,38.657287,-0.18,0.29,-2.02,-2.02,39.817005,36.724422
2007-07-30,41.408485,41.846441,41.176625,41.691868,166517200,38.687482,0.48,1.54,-0.08,1.17,39.848106,36.753108
2007-07-31,42.052545,42.06972,40.730083,40.815956,260224500,38.708661,0.87,0.91,-2.31,-2.1,39.86992,36.773227
2007-08-01,40.69573,41.159451,40.343647,41.13369,301153900,38.73279,-0.29,0.84,-1.16,0.78,39.894774,36.796151
2007-08-02,41.159448,41.588819,41.039225,41.511532,177369900,38.760439,0.06,1.11,-0.23,0.92,39.923253,36.822417
2007-08-03,41.434214,41.48574,40.489601,40.721458,166048400,38.779952,-0.19,-0.06,-2.46,-1.9,39.943351,36.840954
2007-08-06,40.76442,41.236727,40.386572,41.19379,190869100,38.80397,0.11,1.27,-0.82,1.16,39.968089,36.863772
2007-08-07,41.116535,41.752002,40.773037,41.485794,167109700,38.830655,-0.19,1.36,-1.02,0.71,39.995575,36.889122
2007-08-08,41.657509,42.129819,41.56305,41.940895,164831200,38.861603,0.41,1.55,0.19,1.1,40.027451,36.918523
2007-08-09,41.382719,42.052539,40.953349,40.970524,242418200,38.882587,-1.33,0.27,-2.35,-2.31,40.049065,36.938458
2007-08-10,40.53256,41.073567,40.043078,40.601257,247006400,38.899688,-1.07,0.25,-2.26,-0.9,40.066679,36.954704
2007-08-13,40.944769,41.116518,40.77302,40.876068,116935100,38.919354,0.85,1.27,0.42,0.68,40.086934,36.973386
2007-08-14,40.961939,40.996289,40.128959,40.180485,153529800,38.931902,0.21,0.29,-1.83,-1.7,40.099859,36.985307
2007-08-15,40.086019,40.438103,39.338916,39.416203,214854100,38.936721,-0.24,0.64,-2.09,-1.9,40.104823,36.989885
2007-08-16,39.098452,39.424774,38.119489,39.029755,362468700,38.937647,-0.81,0.02,-3.29,-0.98,40.105776,36.990765
2007-08-17,39.768276,40.008723,39.149982,39.768276,223246600,38.945912,1.89,2.51,0.31,1.89,40.114289,36.998616
2007-08-20,39.922856,40.120366,39.570772,39.957203,144715100,38.955974,0.39,0.89,-0.5,0.48,40.124654,37.008176
2007-08-21,39.91427,40.472453,39.836983,40.377991,115027200,38.970124,-0.11,1.29,-0.3,1.05,40.139228,37.021618
2007-08-22,40.687135,40.961932,40.592673,40.927582,115814100,38.989601,0.77,1.45,0.53,1.36,40.159289,37.040121
2007-08-23,41.039231,41.090753,40.558334,40.815956,118663400,39.007774,0.27,0.4,-0.9,-0.27,40.178007,37.057385
2007-08-24,40.687137,41.417065,40.635611,41.391304,88189200,39.03149,-0.32,1.47,-0.44,1.41,40.202435,37.079916
2007-08-27,41.271078,41.391301,41.082154,41.116505,72490400,39.052237,-0.29,-0.0,-0.75,-0.66,40.223804,37.099625
2007-08-28,40.876049,40.961925,40.111771,40.137535,106024800,39.063036,-0.58,-0.38,-2.44,-2.38,40.234927,37.109884
2007-08-29,40.403756,41.322609,40.403756,41.288261,113201000,39.085177,0.66,2.95,0.66,2.87,40.257733,37.130919
2007-08-30,41.073567,41.855021,41.004866,41.502937,138930000,39.109235,-0.52,1.37,-0.69,0.52,40.282512,37.153773
2007-08-31,41.95807,42.129819,41.743385,41.966656,94687200,39.137667,1.1,1.51,0.58,1.12,40.311797,37.180783
2007-09-04,42.018191,42.937044,42.001016,42.662247,98480900,39.172737,0.12,2.31,0.08,1.66,40.347919,37.2141
2007-09-05,42.559191,42.636477,41.966657,42.232868,114049300,39.203186,-0.24,-0.06,-1.63,-1.01,40.379282,37.243027
2007-09-06,42.2758,42.387437,41.91513,42.198513,99222600,39.232991,0.1,0.37,-0.75,-0.08,40.40998,37.271341
2007-09-07,41.674675,41.734786,41.176607,41.417053,152438000,39.254722,-1.24,-1.1,-2.42,-1.85,40.432364,37.291986
2007-09-10,41.751974,41.863611,41.056396,41.391304,125199400,39.275982,0.81,1.08,-0.87,-0.06,40.454261,37.312183
2007-09-11,41.657508,42.069706,41.588811,42.018181,103064500,39.303268,0.64,1.64,0.48,1.51,40.482366,37.338104
2007-09-12,41.940884,42.396015,41.889358,42.026756,93993400,39.330367,-0.18,0.9,-0.31,0.02,40.510278,37.363849
2007-09-13,42.32733,42.378853,42.026769,42.232868,80807500,39.359248,0.72,0.84,0.0,0.49,40.540025,37.391285
2007-09-14,41.906547,42.344506,41.846435,42.26722,99801200,39.388183,-0.77,0.26,-0.92,0.08,40.569828,37.418773
2007-09-17,42.078298,42.164171,41.726214,41.915138,84882300,39.413326,-0.45,-0.24,-1.28,-0.83,40.595726,37.44266
2007-09-18,42.155585,43.00574,41.932314,42.97139,151452100,39.44873,0.57,2.6,0.04,2.52,40.632192,37.476294
2007-09-19,43.186078,43.4437,42.919867,43.083027,127025800,39.484892,0.5,1.1,-0.12,0.26,40.669439,37.510648
2007-09-20,42.988564,43.160309,42.868337,42.962799,109970600,39.519498,-0.22,0.18,-0.5,-0.28,40.705083,37.543523
2007-09-21,43.199929,43.406135,42.967948,43.268665,86829500,39.556803,0.55,1.03,0.01,0.71,40.743507,37.578963
2007-09-24,43.380364,43.78418,43.242895,43.466282,107226800,39.595704,0.26,1.19,-0.06,0.46,40.783575,37.615918
2007-09-25,43.320227,43.8787,43.268678,43.8787,101102200,39.638321,-0.34,0.95,-0.45,0.95,40.82747,37.656405
2007-09-26,44.127836,44.256712,43.92163,44.093468,96124600,39.68265,0.57,0.86,0.1,0.49,40.87313,37.698518
2007-09-27,44.351263,44.377041,44.127876,44.316898,73423200,39.728762,0.58,0.64,0.08,0.51,40.920625,37.742324
2007-09-28,44.282517,44.402803,43.973209,44.170822,75546000,39.772962,-0.08,0.19,-0.78,-0.33,40.966151,37.784314
2007-10-01,44.205175,44.815197,44.145032,44.677727,100404100,39.821766,0.08,1.46,-0.06,1.15,41.016418,37.830677
2007-10-02,44.712103,44.729287,44.437163,44.686325,71046000,39.870169,0.08,0.12,-0.54,0.02,41.066274,37.876661
2007-10-03,44.54027,44.737883,44.248146,44.377026,106785000,39.915013,-0.33,0.12,-0.98,-0.69,41.112464,37.919263
2007-10-04,44.462945,44.531682,44.110678,44.480129,84129300,39.960437,0.19,0.35,-0.6,0.23,41.159251,37.962416
2007-10-05,44.823809,45.451019,44.729301,45.382282,115674700,40.014386,0.77,2.18,0.56,2.03,41.214818,38.013667
2007-10-08,45.365092,45.6744,45.287765,45.66581,63022400,40.070619,-0.04,0.64,-0.21,0.62,41.272738,38.067088
2007-10-09,45.768907,45.923561,45.562701,45.863419,93965600,40.128259,0.23,0.56,-0.23,0.43,41.332107,38.121846
2007-10-10,45.871992,46.026646,45.717338,45.975094,91777500,40.186437,0.02,0.36,-0.32,0.24,41.39203,38.177115
2007-10-11,46.215687,46.344563,44.918312,45.244804,239786700,40.236769,0.52,0.8,-2.3,-1.59,41.443872,38.22493
2007-10-12,45.451001,46.00088,45.36508,45.992287,131676000,40.294037,0.46,1.67,0.27,1.65,41.502859,38.279336
2007-10-15,46.061037,46.146954,45.279177,45.640034,121578700,40.347231,0.15,0.34,-1.55,-0.77,41.557648,38.32987
2007-10-16,45.35648,45.777479,45.261969,45.425213,193676600,40.397759,-0.62,0.3,-0.83,-0.47,41.609691,38.377871
2007-10-17,46.069626,46.103994,45.261991,46.009483,183985200,40.453597,1.42,1.49,-0.36,1.29,41.667205,38.430917
2007-10-18,45.820472,46.301615,45.64004,46.207104,144491200,40.510845,-0.41,0.63,-0.8,0.43,41.726171,38.485303
2007-10-19,46.198511,46.198511,45.012831,45.05579,245111500,40.556069,-0.02,-0.02,-2.58,-2.49,41.772751,38.528265
2007-10-22,44.815205,45.640024,44.694919,45.597065,207052100,40.606228,-0.53,1.3,-0.8,1.2,41.824415,38.575917
2007-10-23,46.061041,46.576552,45.82906,46.550777,162360600,40.665378,1.02,2.15,0.51,2.09,41.885339,38.632109
2007-10-24,46.172731,46.344566,45.193254,46.198505,298293400,40.720434,-0.81,-0.44,-2.92,-0.76,41.942047,38.684412
2007-10-25,46.301601,46.378928,45.322128,45.579884,233833100,40.768786,0.22,0.39,-1.9,-1.34,41.99185,38.730347
2007-10-26,46.464836,46.567937,45.914953,46.335957,146690300,40.824181,1.94,2.17,0.74,1.66,42.048907,38.782972
2007-10-29,46.559355,46.679644,46.258641,46.52499,101896600,40.880906,0.48,0.74,-0.17,0.41,42.107333,38.83686
2007-10-30,46.344552,46.87725,46.310187,46.619492,114616600,40.938006,-0.39,0.76,-0.46,0.2,42.166146,38.891106
2007-10-31,46.799924,47.315435,46.430473,47.281067,148431900,41.001121,0.39,1.49,-0.41,1.42,42.231155,38.951065
2007-11-01,46.980358,47.057685,46.370336,46.396111,181974200,41.054803,-0.64,-0.47,-1.93,-1.87,42.286447,39.002062
2007-11-02,46.756958,46.868653,46.052425,46.756958,217882900,41.11154,0.78,1.02,-0.74,0.78,42.344887,39.055963
2007-11-05,46.275825,46.739786,46.043844,46.456253,150588900,41.164722,-1.03,-0.04,-1.53,-0.64,42.399663,39.106486
2007-11-06,46.679636,46.988941,46.207081,46.98035,131884700,41.222589,0.48,1.15,-0.54,1.13,42.459266,39.161459
2007-11-07,46.585126,46.894434,45.803266,45.837631,197908200,41.268509,-0.84,-0.18,-2.51,-2.43,42.506565,39.205084
2007-11-08,45.657213,45.82046,43.646714,44.445759,380626400,41.300124,-0.39,-0.04,-4.78,-3.04,42.539127,39.235118
2007-11-09,43.586572,43.921655,42.959366,42.959366,309414900,41.316634,-1.93,-1.18,-3.34,-3.34,42.556133,39.250802
2007-11-12,42.890618,43.165561,41.799454,41.868187,283216000,41.322122,-0.16,0.48,-2.7,-2.54,42.561785,39.256016
2007-11-13,42.435257,43.63812,42.400888,43.595161,255625900,41.344739,1.35,4.23,1.27,4.12,42.585081,39.277502
2007-11-14,44.153625,44.196583,42.873438,43.036682,263284100,41.361574,1.28,1.38,-1.66,-1.28,42.602422,39.293496
2007-11-15,42.959349,43.423311,42.41806,42.804695,251548800,41.375934,-0.18,0.9,-1.44,-0.54,42.617212,39.307137
2007-11-16,43.096812,43.380345,42.392279,43.199913,263623700,41.394083,0.68,1.34,-0.96,0.92,42.635905,39.324379
2007-11-19,43.096828,43.345993,42.452438,42.701603,198651100,41.407093,-0.24,0.34,-1.73,-1.15,42.649306,39.336738
2007-11-20,42.924989,43.629522,42.040027,42.87344,300763600,41.421683,0.52,2.17,-1.55,0.4,42.664334,39.350599
2007-11-21,42.486817,43.10543,41.971303,42.366531,212225400,41.431085,-0.9,0.54,-2.1,-1.18,42.674017,39.359531
2007-11-23,42.641467,42.933591,42.418077,42.821896,46463300,41.444924,0.65,1.34,0.12,1.07,42.688272,39.372678
2007-11-26,42.933597,43.27727,42.014267,42.083,150352100,41.451273,0.26,1.06,-1.89,-1.73,42.694811,39.378709
2007-11-27,42.443856,43.002326,42.186098,42.924999,211369300,41.465937,0.86,2.18,0.24,2.0,42.709915,39.39264
2007-11-28,43.500653,44.419983,43.474875,44.230961,216868100,41.493449,1.34,3.48,1.28,3.04,42.738253,39.418777
2007-11-29,44.05913,44.583235,43.990397,44.419991,172087300,41.522569,-0.39,0.8,-0.54,0.43,42.768246,39.446441
2007-11-30,44.858163,44.892531,43.775588,44.084896,171417400,41.548065,0.99,1.06,-1.45,-0.75,42.794507,39.470662
2007-12-03,43.895886,44.273928,43.663905,43.715458,108625700,41.569631,-0.43,0.43,-0.95,-0.84,42.81672,39.49115
2007-12-04,43.380368,43.767,43.285857,43.535019,113374100,41.589187,-0.77,0.12,-0.98,-0.41,42.836863,39.509728
2007-12-05,43.990406,44.677756,43.956038,44.316898,137614200,41.616329,1.05,2.62,0.97,1.8,42.864819,39.535512
2007-12-06,44.359852,44.995649,44.342668,44.95269,99724500,41.649526,0.1,1.53,0.06,1.43,42.899012,39.56705
2007-12-07,44.926901,45.141698,44.746473,44.961269,88992300,41.682479,-0.06,0.42,-0.46,0.02,42.932953,39.598355
2007-12-10,45.07296,45.270573,44.952675,45.141697,75657900,41.716899,0.25,0.69,-0.02,0.4,42.968406,39.631054
2007-12-11,45.21041,45.399432,43.998957,44.093468,167064300,41.740546,0.15,0.57,-2.53,-2.32,42.992763,39.653519
2007-12-12,44.892547,45.047201,43.724051,44.488728,162975200,41.767892,1.81,2.16,-0.84,0.9,43.020928,39.679497
2007-12-13,44.102082,44.359837,43.801364,44.248142,153476200,41.792571,-0.87,-0.29,-1.55,-0.54,43.046348,39.702942
2007-12-14,43.895876,44.33406,43.749812,43.792774,128396700,41.812473,-0.8,0.19,-1.13,-1.03,43.066847,39.72185
2007-12-17,43.629529,43.80996,42.710199,42.727383,134377000,41.821577,-0.37,0.04,-2.47,-2.43,43.076224,39.730498
2007-12-18,43.165563,43.191337,42.254823,42.864845,154251700,41.831958,1.03,1.09,-1.11,0.32,43.086916,39.74036
2007-12-19,42.864853,43.131202,42.624281,42.856262,137970900,41.84215,0.0,0.62,-0.56,-0.02,43.097414,39.750042
2007-12-20,43.492053,43.784177,43.131196,43.732628,167341700,41.86096,1.48,2.17,0.64,2.04,43.116789,39.767912
2007-12-21,44.449079,44.638298,44.277061,44.595291,107573500,41.888168,1.64,2.07,1.24,1.97,43.144813,39.793759
2007-12-24,44.732892,45.068327,44.681289,44.930714,34499800,41.918442,0.31,1.06,0.19,0.75,43.175995,39.82252
2007-12-26,44.836105,45.266147,44.724294,45.154335,58492100,41.95064,-0.21,0.75,-0.46,0.5,43.209159,39.853108
2007-12-27,45.008151,45.154364,44.474898,44.612511,65778900,41.977126,-0.32,0.0,-1.5,-1.2,43.23644,39.87827
2007-12-28,44.758715,44.861924,44.234064,44.569496,67545400,42.002921,0.33,0.56,-0.85,-0.1,43.263008,39.902775
2007-12-31,44.35446,44.44907,44.04483,44.053432,70135600,42.023324,-0.48,-0.27,-1.18,-1.16,43.284023,39.922158
2008-01-02,44.096449,44.268466,43.115955,43.356777,152344100,42.036592,0.1,0.49,-2.13,-1.58,43.29769,39.934762
2008-01-03,43.356771,43.657799,43.133151,43.537388,114103700,42.051525,-0.0,0.69,-0.52,0.42,43.313071,39.948949
2008-01-04,42.840738,42.85794,41.464603,41.628021,212617600,42.047311,-1.6,-1.56,-4.76,-4.39,43.308731,39.944946
2008-01-07,41.628005,41.800019,40.793724,41.430183,235083600,42.041171,-0.0,0.41,-2.0,-0.48,43.302406,39.939112
2008-01-08,41.516213,41.937652,40.355099,40.355099,261669800,42.024394,0.21,1.22,-2.59,-2.59,43.285126,39.923174
2008-01-09,40.518499,41.249568,39.959444,41.215164,254011800,42.016342,0.4,2.22,-0.98,2.13,43.276832,39.915525
2008-01-10,40.793724,41.636605,40.673313,41.275372,249958500,42.008969,-1.02,1.02,-1.31,0.15,43.269238,39.908521
2008-01-11,41.051753,41.086157,40.165868,40.466896,211685200,41.993625,-0.54,-0.46,-2.69,-1.96,43.253434,39.893944
2008-01-14,41.017357,41.292584,40.690528,41.172173,168048500,41.985451,1.36,2.04,0.55,1.74,43.245015,39.886179
2008-01-15,40.742114,40.871127,39.864829,40.036846,241094900,41.966062,-1.04,-0.73,-3.18,-2.76,43.225044,39.867759
2008-01-16,39.727219,40.346479,39.099359,39.606808,265625900,41.942587,-0.77,0.77,-2.34,-1.07,43.200865,39.845458
2008-01-17,39.770229,40.062657,38.875742,39.056358,254098800,41.913868,0.41,1.15,-1.85,-1.39,43.171284,39.818175
2008-01-18,39.254178,39.684219,38.686523,39.004753,273063300,41.884922,0.51,1.61,-0.95,-0.13,43.14147,39.790676
2008-01-22,36.837367,38.505927,36.751357,37.998478,325732000,41.846251,-5.56,-1.28,-5.78,-2.58,43.101638,39.753938
2008-01-23,36.587929,37.972664,35.788052,37.852249,390129000,41.80651,-3.71,-0.07,-5.82,-0.38,43.060705,39.716184
2008-01-24,38.007067,38.64353,37.895258,38.626328,250249100,41.774866,0.41,2.09,0.11,2.05,43.028112,39.686123
2008-01-25,39.45199,39.45199,37.79203,37.835037,199299100,41.735664,2.14,2.14,-2.16,-2.05,42.987734,39.64888
2008-01-28,37.860856,38.22209,37.473818,38.127483,163711200,41.699761,0.07,1.02,-0.95,0.77,42.950754,39.614773
2008-01-29,38.325299,38.428508,37.878055,38.196285,138520000,41.664901,0.52,0.79,-0.65,0.18,42.914848,39.581656
2008-01-30,38.058656,38.978944,37.998451,38.161865,220824400,41.630045,-0.36,2.05,-0.52,-0.09,42.878946,39.548543
2008-01-31,37.731834,39.211178,37.688831,38.81554,246824100,41.60204,-1.13,2.75,-1.24,1.71,42.850101,39.521938
2008-02-01,39.133774,39.460606,38.600524,39.211182,161920300,41.57825,0.82,1.66,-0.55,1.02,42.825598,39.499338
2008-02-04,39.202562,39.228364,38.652107,38.660709,100209900,41.54922,-0.02,0.04,-1.43,-1.4,42.795697,39.471759
2008-02-05,37.98984,38.359676,37.533998,37.559799,188990400,41.509524,-1.74,-0.78,-2.91,-2.85,42.75481,39.434048
2008-02-06,37.77483,37.989851,36.785737,36.820141,178285000,41.462864,0.57,1.14,-2.06,-1.97,42.70675,39.38972
2008-02-07,36.407303,37.663023,36.252488,37.078167,286254800,41.419235,-1.12,2.29,-1.54,0.7,42.661812,39.348273
2008-02-08,37.155561,37.645808,36.931938,37.499592,173781300,41.380233,0.21,1.53,-0.39,1.14,42.62164,39.311222
2008-02-11,37.64583,38.032868,37.448011,37.903854,119562300,41.345643,0.39,1.42,-0.14,1.08,42.586012,39.27836
2008-02-12,38.136059,38.428488,37.422189,37.688816,145412400,41.309256,0.61,1.38,-1.27,-0.57,42.548534,39.243793
2008-02-13,38.179064,38.600506,37.981246,38.514496,148685900,41.281448,1.3,2.42,0.78,2.19,42.519891,39.217375
2008-02-14,38.574711,38.574711,37.749032,37.817841,170868900,41.246984,0.16,0.16,-1.99,-1.81,42.484393,39.184635
2008-02-15,37.611409,37.826429,37.370586,37.688816,100053300,41.211579,-0.55,0.02,-1.18,-0.34,42.447927,39.151
2008-02-19,38.187688,38.273695,37.215793,37.620033,110507600,41.175843,1.32,1.55,-1.26,-0.18,42.411118,39.11705
2008-02-20,37.20717,37.92104,37.189971,37.792027,137338800,41.142173,-1.1,0.8,-1.14,0.46,42.376438,39.085064
2008-02-21,38.153283,38.247892,37.275998,37.430813,127857000,41.105244,0.96,1.21,-1.37,-0.96,42.338401,39.049982
2008-02-22,37.559791,37.576993,36.639503,37.568394,157364700,41.070051,0.34,0.39,-2.11,0.37,42.302153,39.016549
2008-02-25,37.525407,37.903842,37.275982,37.757629,121444300,41.037092,-0.11,0.89,-0.78,0.5,42.268205,38.985237
2008-02-26,37.542621,38.256488,37.301796,37.903854,148375900,41.005915,-0.57,1.32,-1.21,0.39,42.236093,38.95562
2008-02-27,37.645827,38.239283,37.559817,38.093071,125682600,40.976932,-0.68,0.88,-0.91,0.5,42.20624,38.928085
2008-02-28,37.946842,38.299476,37.80063,37.946842,129196700,40.946782,-0.38,0.54,-0.77,-0.38,42.175185,38.899443
2008-02-29,37.54263,37.645839,36.854561,36.940571,188724500,40.906919,-1.07,-0.79,-2.88,-2.65,42.134126,38.861573
2008-03-03,36.914731,36.97494,36.329878,36.699711,132963800,40.865056,-0.07,0.09,-1.65,-0.65,42.091008,38.821803
2008-03-04,36.467521,37.017974,36.140689,36.906162,183851000,40.825664,-0.63,0.87,-1.52,0.56,42.050434,38.784381
2008-03-05,36.974961,37.448006,36.768539,37.086769,183208300,40.788461,0.19,1.47,-0.37,0.49,42.012115,38.749038
2008-03-06,37.060977,37.215792,36.209494,36.269699,152752200,40.743498,-0.07,0.35,-2.37,-2.2,41.965803,38.706323
2008-03-07,36.054675,36.673936,35.590233,36.183689,242552400,40.698127,-0.59,1.11,-1.87,-0.24,41.919071,38.663221
2008-03-10,36.132085,36.243896,35.409615,35.487022,146801900,40.646275,-0.14,0.17,-2.14,-1.93,41.865664,38.613962
2008-03-11,36.003079,36.854559,35.702048,36.83736,196755300,40.608376,1.45,3.85,0.61,3.81,41.826627,38.577957
2008-03-12,36.983548,37.361983,36.639514,36.734123,155566100,40.569826,0.4,1.42,-0.54,-0.28,41.786921,38.541335
2008-03-13,36.321291,37.267384,35.960058,37.01796,208967900,40.534484,-1.12,1.45,-2.11,0.77,41.750518,38.50776
2008-03-14,37.267396,37.310399,35.899864,36.338505,309589800,40.492733,0.67,0.79,-3.02,-1.84,41.707515,38.468096
2008-03-17,35.512809,36.132066,35.306388,35.676224,193130600,40.444807,-2.27,-0.57,-2.84,-1.82,41.658152,38.422567
2008-03-18,36.329912,37.276002,36.2181,37.267403,216300400,40.413191,1.83,4.48,1.52,4.46,41.625587,38.392532
2008-03-19,37.422199,37.499607,36.321294,36.347095,216157200,40.372733,0.42,0.62,-2.54,-2.47,41.583915,38.354096
2008-03-20,36.452968,37.098534,36.237779,37.089928,128397000,40.340068,0.29,2.07,-0.3,2.04,41.55027,38.323065
2008-03-24,37.253468,38.527385,37.253468,38.372452,125018000,40.32049,0.44,3.88,0.44,3.46,41.530105,38.304465
2008-03-25,38.475747,38.794226,38.114229,38.587646,118107500,40.303248,0.27,1.1,-0.67,0.56,41.512345,38.288085
2008-03-26,38.449929,38.604865,38.114235,38.475754,124824600,40.285064,-0.36,0.04,-1.23,-0.29,41.493615,38.27081
2008-03-27,38.251955,38.312207,37.623604,37.623604,143868600,40.258581,-0.58,-0.43,-2.21,-2.21,41.466339,38.245652
2008-03-28,37.890434,38.165875,37.296514,37.434235,111822300,40.230478,0.71,1.44,-0.87,-0.5,41.437393,38.218955
2008-03-31,37.571957,37.890436,37.399806,37.63221,113644800,40.204625,0.37,1.22,-0.09,0.53,41.410764,38.194394
2008-04-01,38.234729,39.259029,38.226123,39.241814,137494400,40.195045,1.6,4.32,1.58,4.28,41.400896,38.185293
2008-04-02,39.336512,39.611953,38.880309,39.155754,132486800,40.184704,0.24,0.94,-0.92,-0.22,41.390245,38.175468
2008-04-03,38.983588,39.517255,38.854473,39.241814,140033800,40.175322,-0.44,0.92,-0.77,0.22,41.380581,38.166556
2008-04-04,39.39676,39.895996,39.078281,39.474228,139261000,40.168346,0.39,1.67,-0.42,0.59,41.373396,38.159928
2008-04-07,39.715249,39.947653,39.29348,39.388161,102297100,40.160583,0.61,1.2,-0.46,-0.22,41.3654,38.152553
2008-04-08,39.086891,39.353726,38.888918,39.086891,97435200,40.149899,-0.76,-0.09,-1.27,-0.76,41.354396,38.142404
2008-04-09,39.138534,39.155749,38.415499,38.647903,127182300,40.134954,0.13,0.18,-1.72,-1.12,41.339002,38.128206
2008-04-10,38.673712,39.456998,38.673712,39.198772,112773800,40.125639,0.07,2.09,0.07,1.43,41.329408,38.119357
2008-04-11,38.75118,38.820038,37.976499,38.11422,120135400,40.105624,-1.14,-0.97,-3.12,-2.77,41.308793,38.100343
2008-04-14,38.053973,38.286378,37.830179,37.942078,89274600,40.084097,-0.16,0.45,-0.75,-0.45,41.28662,38.079892
2008-04-15,38.079806,38.174486,37.597782,37.993729,124232300,40.063297,0.36,0.61,-0.91,0.14,41.265196,38.060132
2008-04-16,38.467135,39.147132,38.432707,39.052448,134027900,40.053239,1.25,3.04,1.16,2.79,41.254836,38.050577
2008-04-17,39.095489,39.138529,38.716758,38.966377,124953100,40.042424,0.11,0.22,-0.86,-0.22,41.243697,38.040303
2008-04-18,39.999273,40.39522,39.784085,40.205853,133022500,40.04405,2.65,3.67,2.1,3.18,41.245372,38.041848
2008-04-21,40.128391,40.524341,40.016496,40.48991,83303200,40.048487,-0.19,0.79,-0.47,0.71,41.249941,38.046062
2008-04-22,40.240303,40.257519,39.534484,39.887394,104689600,40.046884,-0.62,-0.57,-2.36,-1.49,41.24829,38.04454
2008-04-23,40.18004,40.507127,39.82713,40.326366,131086200,40.049665,0.73,1.55,-0.15,1.1,41.251155,38.047182
2008-04-24,40.343567,41.135463,39.930405,40.68787,166509000,40.056015,0.04,2.01,-0.98,0.9,41.257696,38.053214
2008-04-25,40.730921,40.756743,40.085355,40.584595,121945400,40.061275,0.11,0.17,-1.48,-0.25,41.263113,38.058211
2008-04-28,40.679268,40.98914,40.567372,40.662056,71244000,40.067252,0.23,1.0,-0.04,0.19,41.26927,38.06389
2008-04-29,40.584602,41.10966,40.507134,40.971939,91270600,40.076254,-0.19,1.1,-0.38,0.76,41.278542,38.072442
2008-04-30,41.058017,41.36789,40.48131,40.636246,132152700,40.081826,0.21,0.97,-1.2,-0.82,41.284281,38.077735
2008-05-01,40.653455,41.935982,40.644849,41.918766,143596900,40.100104,0.04,3.2,0.02,3.16,41.303108,38.095099
2008-05-02,42.314705,42.340527,41.608887,41.979012,124990000,40.1188,0.94,1.01,-0.74,0.14,41.322364,38.11286
2008-05-05,41.979022,42.202817,41.660543,41.858517,75624700,40.136111,0.0,0.53,-0.76,-0.29,41.340194,38.129305
2008-05-06,41.738022,42.288904,41.436755,42.116753,139582600,40.155819,-0.29,1.03,-1.01,0.62,41.360493,38.148028
2008-05-07,42.125351,42.374971,41.204344,41.350674,140008300,40.167708,0.02,0.61,-2.17,-1.82,41.372739,38.159322
2008-05-08,41.522832,41.918779,41.367896,41.660553,128058700,40.182562,0.42,1.37,0.04,0.75,41.388039,38.173434
2008-05-09,41.350667,41.712183,41.230162,41.496994,97062000,40.195641,-0.74,0.12,-1.03,-0.39,41.40151,38.185859
2008-05-12,41.557228,42.340514,41.488369,42.25444,89606500,40.216126,0.15,2.03,-0.02,1.83,41.42261,38.20532
2008-05-13,42.271684,42.461051,41.970417,42.366367,85448100,40.237522,0.04,0.49,-0.67,0.26,41.444647,38.225646
2008-05-14,42.529901,42.977494,42.211423,42.271675,143598200,40.257762,0.39,1.44,-0.37,-0.22,41.465495,38.244874
2008-05-15,42.280285,43.054966,42.15978,43.011929,157248900,40.285167,0.02,1.85,-0.26,1.75,41.493722,38.270908
2008-05-16,43.097999,43.13243,42.564332,43.046352,146563200,40.312641,0.2,0.28,-1.04,0.08,41.52202,38.297009
2008-05-19,43.080792,43.442311,42.469657,42.736492,140048700,40.336759,0.08,0.92,-1.34,-0.72,41.546862,38.319921
2008-05-20,42.581545,42.581545,42.082306,42.409393,137163700,40.357382,-0.36,-0.36,-1.53,-0.77,41.568104,38.339513
2008-05-21,42.46103,42.693431,41.33344,41.471161,192806700,40.368465,0.12,0.67,-2.54,-2.21,41.579519,38.350041
2008-05-22,41.574467,41.910161,41.410925,41.617504,153198200,40.380893,0.25,1.06,-0.15,0.35,41.59232,38.361848
2008-05-23,41.471173,41.617499,41.1613,41.488388,121698400,40.391913,-0.35,-0.0,-1.1,-0.31,41.60367,38.372317
2008-05-27,41.574458,42.271671,41.565852,42.220024,106984300,40.410103,0.21,1.89,0.19,1.76,41.622406,38.389598
2008-05-28,42.417995,42.486857,41.961796,42.392174,121363000,40.429825,0.47,0.63,-0.61,0.41,41.64272,38.408334
2008-05-29,42.418007,43.01193,42.392185,42.770916,143993000,40.45312,0.06,1.46,0.0,0.89,41.666713,38.430464
2008-05-30,42.934457,43.244329,42.822558,43.046352,94153600,40.478923,0.38,1.11,0.12,0.64,41.69329,38.454977
2008-06-02,42.968887,42.968887,42.142563,42.521297,144359900,40.499245,-0.18,-0.18,-2.1,-1.22,41.714222,38.474283
2008-06-03,42.68483,42.951665,41.892934,42.288883,167606900,40.517052,0.38,1.01,-1.48,-0.55,41.732564,38.4912
2008-06-04,42.159777,43.123822,42.125347,42.831165,174870800,40.540078,-0.31,1.97,-0.39,1.28,41.756281,38.513074
2008-06-05,42.943067,43.562812,42.779525,43.511166,126653700,40.569641,0.26,1.71,-0.12,1.59,41.786731,38.541159
2008-06-06,43.132429,43.218503,42.194206,42.202812,189136000,40.585892,-0.87,-0.67,-3.03,-3.01,41.803469,38.556597
2008-06-09,42.288884,42.340527,41.273193,41.979012,208897300,40.599754,0.2,0.33,-2.2,-0.53,41.817746,38.569766
2008-06-10,41.548647,42.125352,41.453964,41.781052,162798500,40.611508,-1.03,0.35,-1.25,-0.47,41.829853,38.580933
2008-06-11,41.694972,41.763834,40.756748,40.773964,170366900,40.613124,-0.21,-0.04,-2.45,-2.41,41.831518,38.582468
2008-06-12,41.066602,41.410905,40.455467,40.816982,189913200,40.615153,0.72,1.56,-0.78,0.11,41.833607,38.584395
2008-06-13,41.066618,41.720793,40.851429,41.634716,167855000,40.625298,0.61,2.21,0.08,2.0,41.844057,38.594033
2008-06-16,41.419542,42.194223,41.376505,42.004856,136343900,40.639025,-0.52,1.34,-0.62,0.89,41.858195,38.607073
2008-06-17,42.133961,42.228645,41.720799,41.781052,122932000,40.650388,0.31,0.53,-0.68,-0.53,41.8699,38.617869
2008-06-18,41.540033,41.703579,41.169912,41.333454,169338100,40.657185,-0.58,-0.19,-1.46,-1.07,41.8769,38.624326
2008-06-19,41.255977,42.185591,40.980536,41.979012,221304200,40.670337,-0.19,2.06,-0.85,1.56,41.890447,38.63682
2008-06-20,41.629307,41.646531,40.664587,40.84547,197434200,40.67208,-0.83,-0.79,-3.13,-2.7,41.892242,38.638476
2008-06-23,41.009143,41.12112,40.466488,40.526783,131488800,40.670634,0.4,0.67,-0.93,-0.78,41.890753,38.637102
2008-06-24,40.337288,40.802418,39.975517,40.320061,178293800,40.667146,-0.47,0.68,-1.36,-0.51,41.88716,38.633789
2008-06-25,40.492322,41.345065,40.432027,40.974682,179023400,40.670206,0.43,2.54,0.28,1.62,41.890312,38.636696
2008-06-26,40.216661,40.225276,39.312239,39.320854,190028300,40.65678,-1.85,-1.83,-4.06,-4.04,41.876483,38.623941
2008-06-27,39.277784,39.536193,38.735133,39.320854,181351800,40.643487,-0.11,0.55,-1.49,0.0,41.862791,38.611312
2008-06-30,39.20029,39.475927,38.890205,38.907429,132912400,40.626213,-0.31,0.39,-1.1,-1.05,41.844999,38.594902
2008-07-01,38.597339,39.501762,38.485362,39.458694,245494300,40.614595,-0.8,1.53,-1.08,1.42,41.833033,38.583866
2008-07-02,39.57929,39.734334,38.450913,38.511208,199576400,40.593666,0.31,0.7,-2.55,-2.4,41.811476,38.563983
2008-07-03,38.74376,38.829898,38.140811,38.442287,123118300,40.572259,0.6,0.83,-0.96,-0.18,41.789427,38.543647
2008-07-07,38.795451,39.157219,38.106367,38.674862,181011300,40.55338,0.92,1.86,-0.87,0.6,41.769981,38.525711
2008-07-08,38.717925,39.63096,38.562881,39.596508,206151200,40.543859,0.11,2.47,-0.29,2.38,41.760175,38.516666
2008-07-09,39.587897,39.648192,38.528431,38.545658,168500300,40.523976,-0.02,0.13,-2.7,-2.65,41.739695,38.497777
2008-07-10,38.605948,39.12276,38.226953,39.002171,238811500,40.508834,0.16,1.5,-0.83,1.18,41.724099,38.483392
2008-07-11,38.597343,38.993565,37.770439,38.382004,265514700,40.487671,-1.04,-0.02,-3.16,-1.59,41.702302,38.463288
2008-07-14,38.881573,38.916028,37.959923,38.09774,177389800,40.463891,1.3,1.39,-1.1,-0.74,41.677808,38.440696
2008-07-15,37.908258,38.700707,37.296696,38.106373,283891100,40.440433,-0.5,1.58,-2.1,0.02,41.653646,38.418411
2008-07-16,38.209717,39.088299,37.830718,39.053844,186047800,40.426636,0.27,2.58,-0.72,2.49,41.639435,38.405304
2008-07-17,39.286428,39.467312,38.743773,39.312267,197555100,40.415548,0.6,1.06,-0.79,0.66,41.628014,38.394771
2008-07-18,38.881578,38.907417,38.407833,38.407833,160661000,40.395571,-1.1,-1.03,-2.3,-2.3,41.607438,38.375792
2008-07-21,38.760987,38.924643,38.321697,38.571487,128107800,40.377421,0.92,1.35,-0.22,0.43,41.588743,38.35855
2008-07-22,37.925471,38.59733,37.779042,38.571487,152524500,40.359451,-1.67,0.07,-2.05,0.0,41.570235,38.341479
2008-07-23,38.631803,39.527613,38.519829,39.079708,169259100,40.346717,0.16,2.48,-0.13,1.32,41.557119,38.329381
2008-07-24,39.260578,39.286418,38.459517,38.493969,145561000,40.328282,0.46,0.53,-1.59,-1.5,41.53813,38.311868
2008-07-25,38.743778,39.174456,38.554279,38.993572,111616700,40.315001,0.65,1.77,0.16,1.3,41.524451,38.299251
2008-07-28,38.984949,39.208903,38.080526,38.26141,124028500,40.294568,-0.02,0.55,-2.34,-1.88,41.503405,38.279839
2008-07-29,38.425056,39.226116,38.390601,39.053844,142290900,40.282222,0.43,2.52,0.34,2.07,41.490689,38.268111
2008-07-30,39.165838,39.467311,38.657638,39.251972,165679900,40.271971,0.29,1.06,-1.01,0.51,41.48013,38.258372
2008-07-31,38.864354,39.751552,38.77822,39.157215,180473100,40.260879,-0.99,1.27,-1.21,-0.24,41.468705,38.247835
2008-08-01,39.200279,39.234734,38.244177,38.657627,180350400,40.244926,0.11,0.2,-2.33,-1.28,41.452274,38.23268
2008-08-04,38.649003,38.69207,38.158031,38.270008,116298000,40.225275,-0.02,0.09,-1.29,-1.0,41.432033,38.214011
2008-08-05,38.666247,39.596513,38.62318,39.562057,151657400,40.218676,1.04,3.47,0.92,3.38,41.425236,38.207742
2008-08-06,39.579283,40.320049,39.260582,40.165005,133463700,40.218142,0.04,1.92,-0.76,1.52,41.424686,38.207235
2008-08-07,39.923822,40.3545,39.691259,39.854916,152805800,40.214528,-0.6,0.47,-1.18,-0.77,41.420963,38.203801
2008-08-08,39.829076,40.8627,39.751554,40.759338,143121500,40.219949,-0.06,2.53,-0.26,2.27,41.426547,38.208951
2008-08-11,40.742112,41.58624,40.604295,41.129723,157290100,40.229001,-0.04,2.03,-0.38,0.91,41.435871,38.217551
2008-08-12,41.121104,41.482871,40.922989,41.172783,140549300,40.238392,-0.02,0.86,-0.5,0.1,41.445544,38.226472
2008-08-13,41.103882,41.448422,40.699044,41.086655,169652100,40.246832,-0.17,0.67,-1.15,-0.21,41.454237,38.234491
2008-08-14,40.948837,41.741282,40.905769,41.560398,158069200,40.259903,-0.34,1.59,-0.44,1.15,41.4677,38.246908
2008-08-15,41.629335,41.836058,41.310631,41.482903,123115900,40.272072,0.17,0.66,-0.6,-0.19,41.480234,38.258468
2008-08-18,41.603457,41.612072,40.707646,41.000507,151399100,40.27932,0.29,0.31,-1.87,-1.16,41.4877,38.265354
2008-08-19,40.79379,40.991901,40.268362,40.492313,155410600,40.281439,-0.5,-0.02,-1.79,-1.24,41.489882,38.267367
2008-08-20,40.776565,40.966064,40.259753,40.561226,155466700,40.284223,0.7,1.17,-0.57,0.17,41.49275,38.270012
2008-08-21,40.259757,40.552618,39.949668,40.371731,118916200,40.285094,-0.74,-0.02,-1.51,-0.47,41.493647,38.270839
2008-08-22,40.587077,41.069437,40.552625,40.905781,96515500,40.29127,0.53,1.73,0.45,1.32,41.500008,38.276706
2008-08-25,40.621521,40.664588,39.94105,40.044415,128076500,40.288814,-0.69,-0.59,-2.36,-2.11,41.497478,38.274373
2008-08-26,40.070251,40.28559,39.725708,39.992729,107225500,40.285868,0.06,0.6,-0.8,-0.13,41.494444,38.271574
2008-08-27,40.009973,40.561241,39.872157,40.251152,108489900,40.285522,0.04,1.42,-0.3,0.65,41.494088,38.271246
2008-08-28,40.41479,40.724878,40.337271,40.578449,112808600,40.288437,0.41,1.18,0.21,0.81,41.49709,38.274015
2008-08-29,40.147777,40.587067,39.55344,39.725712,133184300,40.282838,-1.06,0.02,-2.53,-2.1,41.491323,38.268696
2008-09-02,40.371718,40.552605,39.053846,39.23473,162277500,40.272409,1.63,2.08,-1.69,-1.24,41.480581,38.258788
2008-09-03,39.148606,39.312262,38.580111,38.864357,161682900,40.258398,-0.22,0.2,-1.67,-0.94,41.46615,38.245478
2008-09-04,38.640377,38.683444,37.60675,37.60675,219004700,40.232014,-0.58,-0.47,-3.24,-3.24,41.438974,38.220413
2008-09-05,37.279464,37.710141,36.874629,37.425896,247977500,40.204092,-0.87,0.27,-1.95,-0.48,41.410215,38.193887
2008-09-08,37.916854,38.089126,36.762638,37.356972,311065100,40.175763,1.31,1.77,-1.77,-0.18,41.381035,38.166974
2008-09-09,37.339767,37.718765,36.478411,36.564548,214180600,40.13983,-0.05,0.97,-2.35,-2.12,41.344025,38.132839
2008-09-10,36.917691,37.193325,36.564536,36.866009,160658100,40.107255,0.97,1.72,-0.0,0.82,41.310472,38.101892
2008-09-11,36.349207,37.632625,36.323365,37.555103,203398200,40.08186,-1.4,2.08,-1.47,1.87,41.284316,38.077767
2008-09-12,37.236393,37.649843,36.952147,37.408665,172094300,40.055261,-0.85,0.25,-1.61,-0.39,41.256919,38.052498
2008-09-15,36.521479,37.288085,36.202775,36.245846,616772300,40.017357,-2.37,-0.32,-3.22,-3.11,41.217877,38.016489
2008-09-16,35.729014,36.900458,35.685947,36.530075,349506500,39.982657,-1.43,1.81,-1.54,0.78,41.182137,37.983524
2008-09-17,36.064951,36.538696,34.617874,34.635101,340088000,39.929448,-1.27,0.02,-5.23,-5.19,41.127331,37.932975
2008-09-18,35.401703,36.151085,34.023536,35.806541,423934000,39.888424,2.21,4.38,-1.77,3.38,41.085077,37.894003
2008-09-19,37.72693,37.778648,36.287496,36.977047,263394000,39.859455,5.36,5.51,1.34,3.27,41.055239,37.866482
2008-09-22,36.839152,36.925345,35.166994,35.23595,164698200,39.81345,-0.37,-0.14,-4.9,-4.71,41.007853,37.822777
2008-09-23,35.511755,35.985819,34.856682,34.968735,184011200,39.765244,0.78,2.13,-1.08,-0.76,40.958201,37.776982
2008-09-24,35.175604,35.563473,34.925642,35.210079,159270800,39.719919,0.59,1.7,-0.12,0.69,40.911516,37.733923
2008-09-25,35.537624,36.218555,35.365237,35.770348,148586800,39.680619,0.93,2.86,0.44,1.59,40.871038,37.696589
2008-09-26,34.74463,35.761715,34.667056,35.408321,182678600,39.638109,-2.87,-0.02,-3.08,-1.01,40.827252,37.656204
2008-09-29,34.701546,34.804981,32.046784,32.598423,307954400,39.568062,-2.0,-1.7,-9.49,-7.94,40.755104,37.589659
2008-09-30,32.512227,33.874084,32.408792,33.53793,195436700,39.508061,-0.26,3.91,-0.58,2.88,40.693303,37.532658
2008-10-01,33.477587,33.589639,32.779417,33.184528,174033300,39.44514,-0.18,0.15,-2.26,-1.05,40.628495,37.472883
2008-10-02,32.969065,32.969065,31.581347,31.676161,192124000,39.367837,-0.65,-0.65,-4.83,-4.55,40.548872,37.399445
2008-10-03,32.115736,32.908719,31.11589,31.184847,272116100,39.286414,1.39,3.89,-1.77,-1.55,40.465007,37.322094
2008-10-06,30.391861,30.624584,28.366313,30.047089,394046600,39.194481,-2.54,-1.8,-9.04,-3.65,40.370315,37.234757
2008-10-07,30.288439,30.340156,27.814683,28.14222,329365700,39.084508,0.8,0.98,-7.43,-6.34,40.257043,37.130283
2008-10-08,27.538857,29.409257,27.444044,27.918108,452066500,38.9734,-2.14,4.5,-2.48,-0.8,40.142602,37.02473
2008-10-09,28.573181,29.030006,26.694159,27.168224,352433900,38.855935,2.35,3.98,-4.38,-2.69,40.021613,36.913138
2008-10-10,26.306283,27.995676,25.323675,26.995831,472339100,38.737924,-3.17,3.05,-6.79,-0.63,39.900062,36.801028
2008-10-13,28.323211,30.383238,27.926722,30.279806,276998700,38.653764,4.92,12.55,3.45,12.16,39.813377,36.721076
2008-10-14,31.158983,31.158983,28.607651,28.969666,341595900,38.557405,2.9,2.9,-5.52,-4.33,39.714127,36.629534
2008-10-15,28.642133,28.745565,26.323527,26.375242,312088500,38.436189,-1.13,-0.77,-9.13,-8.96,39.589275,36.51438
2008-10-16,26.556247,27.814674,25.211627,27.806053,494783500,38.330417,0.69,5.46,-4.41,5.42,39.480329,36.413896
2008-10-17,27.297511,29.004146,27.073408,27.84053,326571300,38.22604,-1.83,4.31,-2.63,0.12,39.372821,36.314738
2008-10-20,28.237027,28.667996,27.323377,28.616282,232783400,38.13042,1.42,2.97,-1.86,2.79,39.274333,36.223899
2008-10-21,28.150838,28.667998,27.133753,27.133753,239932400,38.021,-1.63,0.18,-5.18,-5.18,39.16163,36.11995
2008-10-22,27.038933,27.237178,25.608118,26.383862,289993600,37.905208,-0.35,0.38,-5.62,-2.76,39.042364,36.009948
2008-10-23,26.280424,26.797586,24.909946,26.280424,377966900,37.789539,-0.39,1.57,-5.59,-0.39,38.923225,35.900062
2008-10-24,24.332455,26.073566,24.211785,25.435734,322129500,37.666615,-7.41,-0.79,-7.87,-3.21,38.796614,35.783284
2008-10-27,25.142685,26.03048,24.703098,24.728956,239302300,37.537882,-1.15,2.34,-2.88,-2.78,38.664019,35.660988
2008-10-28,25.582264,27.478522,24.866857,27.461285,327239500,37.437618,3.45,11.12,0.56,11.05,38.560746,35.565737
2008-10-29,27.504375,28.512842,26.935498,27.392324,341316000,37.337664,0.16,3.83,-1.91,-0.25,38.457794,35.470781
2008-10-30,28.159452,28.49561,27.564717,28.305983,255292100,37.247797,2.8,4.03,0.63,3.34,38.365231,35.385407
2008-10-31,27.900872,28.814525,27.659531,28.349079,224261000,37.159252,-1.43,1.8,-2.28,0.15,38.27403,35.30129
2008-11-03,28.280118,28.693847,28.021535,28.288736,128455500,37.070989,-0.24,1.22,-1.16,-0.21,38.183118,35.217439
2008-11-04,28.840381,29.314445,28.426652,29.090343,182487600,36.991579,1.95,3.63,0.49,2.83,38.101327,35.142
2008-11-05,28.90072,28.961056,27.513004,27.573339,183893900,36.897865,-0.65,-0.44,-5.42,-5.21,38.004801,35.052972
2008-11-06,27.14237,27.469906,26.202859,26.340769,220677200,36.79282,-1.56,-0.38,-4.97,-4.47,37.896604,34.953179
2008-11-07,26.651056,27.13374,26.366618,26.88378,176946200,36.694222,1.18,3.01,0.1,2.06,37.795049,34.859511
2008-11-10,27.556091,27.556091,26.202852,26.521769,142584500,36.593004,2.5,2.5,-2.53,-1.35,37.690794,34.763354
2008-11-11,26.27181,26.513153,25.616738,25.944275,162869800,36.487046,-0.94,-0.03,-3.41,-2.18,37.581658,34.662694
2008-11-12,25.556408,25.685698,24.694471,24.746187,184946400,36.370222,-1.5,-1.0,-4.82,-4.62,37.461328,34.551711
2008-11-13,24.659984,26.314901,23.51361,26.254564,317943900,36.269569,-0.35,6.34,-4.98,6.1,37.357656,34.45609
2008-11-14,25.668458,26.220097,24.884097,24.978909,259407000,36.157224,-2.23,-0.13,-5.22,-4.86,37.24194,34.349362
2008-11-17,24.556554,25.194387,24.35831,24.453123,202835200,36.040765,-1.69,0.86,-2.48,-2.1,37.121988,34.238727
2008-11-18,24.616887,24.780655,23.608422,24.427261,252661800,35.925208,0.67,1.34,-3.45,-0.11,37.002964,34.128947
2008-11-19,24.478978,24.806515,23.091263,23.151598,244180600,35.798107,0.21,1.55,-5.47,-5.22,36.87205,34.008202
2008-11-20,22.867165,23.660146,21.953512,22.031086,342472400,35.661122,-1.23,2.2,-5.17,-4.84,36.730955,33.878066
2008-11-21,22.418954,22.996451,21.591494,22.987831,282746800,35.535019,1.76,4.38,-2.0,4.34,36.60107,33.758268
2008-11-24,23.461893,24.685842,23.255029,24.392784,225058200,35.424151,2.06,7.39,1.16,6.11,36.486876,33.652944
2008-11-25,24.659997,24.685854,23.720486,24.280745,202968700,35.313272,1.1,1.2,-2.76,-0.46,36.37267,33.547608
2008-11-26,24.030772,25.306439,23.970437,25.297819,164912000,35.213615,-1.03,4.22,-1.28,4.19,36.270024,33.452935
2008-11-28,25.013385,25.159914,24.849617,25.099579,41238200,35.112978,-1.12,-0.55,-1.77,-0.78,36.166368,33.357329
2008-12-01,24.56518,24.5738,23.177463,23.211941,149161500,34.99456,-2.13,-2.09,-7.66,-7.52,36.044397,33.244832
2008-12-02,23.530846,24.039388,23.134357,23.987673,181743000,34.885039,1.37,3.56,-0.33,3.34,35.93159,33.140787
2008-12-03,23.384318,24.746177,23.332602,24.668604,230944900,34.783383,-2.52,3.16,-2.73,2.84,35.826884,33.044214
2008-12-04,24.280741,24.806523,23.548095,23.970444,188868700,34.675791,-1.57,0.56,-4.54,-2.83,35.716065,32.942002
2008-12-05,23.703239,25.056478,23.229175,24.944427,212283700,34.578962,-1.11,4.53,-3.09,4.06,35.616331,32.850014
2008-12-08,25.50469,26.254573,25.3754,25.927038,185782500,34.492873,2.25,5.25,1.73,3.94,35.527659,32.768229
2008-12-09,25.582264,26.57349,25.487451,25.866703,178148300,34.40704,-1.33,2.49,-1.7,-0.23,35.439252,32.686688
2008-12-10,25.944276,26.254572,25.530547,25.780508,162335100,34.321204,0.3,1.5,-1.3,-0.33,35.35084,32.605144
2008-12-11,25.69431,26.090802,24.944427,25.073717,167161400,34.229189,-0.33,1.2,-3.24,-2.74,35.256065,32.51773
2008-12-12,24.728942,25.737407,24.539315,25.582258,158600100,34.14315,-1.38,2.65,-2.13,2.03,35.167445,32.435993
2008-12-15,25.625359,25.651218,24.772043,25.134056,107887000,34.053508,0.17,0.27,-3.17,-1.75,35.075113,32.350832
2008-12-16,25.358162,26.426963,25.082343,26.340769,169300100,33.976764,0.89,5.14,-0.21,4.8,34.996067,32.277926
2008-12-17,26.07357,26.375248,25.702937,26.021854,159813500,33.897611,-1.01,0.13,-2.42,-1.21,34.914539,32.20273
2008-12-18,26.021846,26.202852,25.306439,25.56502,142656400,33.814699,-0.0,0.7,-2.75,-1.76,34.82914,32.123964
2008-12-19,25.835197,26.215,25.602136,25.774775,118308900,33.7347,1.06,2.54,0.15,0.82,34.746741,32.047965
2008-12-22,25.77478,25.826571,24.808009,25.213707,95379600,33.649914,0.0,0.2,-3.75,-2.18,34.659411,31.967418
2008-12-23,25.317282,25.567607,24.937479,25.084221,68764800,33.564683,0.41,1.4,-1.1,-0.51,34.571624,31.886449
2008-12-24,25.205082,25.213713,25.01518,25.15329,27194700,33.480988,0.48,0.52,-0.28,0.28,34.485417,31.806938
2008-12-26,25.205072,25.230967,25.006538,25.144648,20937000,33.398039,0.21,0.31,-0.58,-0.03,34.39998,31.728137
2008-12-29,25.213703,25.239599,24.566312,24.937483,52688300,33.313855,0.27,0.38,-2.3,-0.82,34.31327,31.648162
2008-12-30,25.006539,25.541716,24.980644,25.455397,77089500,33.235661,0.28,2.42,0.17,2.08,34.232731,31.573878
2008-12-31,25.429503,25.96468,25.420872,25.671196,89189700,33.160393,-0.1,2.0,-0.14,0.85,34.155204,31.502373
2009-01-02,25.679826,26.871024,25.628035,26.784706,107891500,33.096953,0.03,4.67,-0.17,4.34,34.089862,31.442105
2009-01-05,26.612067,27.043661,26.404903,26.776073,91751900,33.034059,-0.64,0.97,-1.42,-0.03,34.02508,31.382356
2009-01-06,26.974604,27.302615,26.853759,27.043659,136791700,32.974453,0.74,1.97,0.29,1.0,33.963686,31.32573
2009-01-07,26.525754,26.672496,26.059634,26.275431,133879800,32.907796,-1.92,-1.37,-3.64,-2.84,33.89503,31.262406
2009-01-08,26.223629,26.586168,25.964674,26.551641,131926600,32.84455,-0.2,1.18,-1.18,1.05,33.829887,31.202323
2009-01-09,26.560275,26.577539,25.826565,25.956043,117137900,32.776008,0.03,0.1,-2.73,-2.24,33.759288,31.137208
2009-01-12,25.990577,26.025104,25.205077,25.481297,102726200,32.703424,0.13,0.27,-2.89,-1.83,33.684527,31.068253
2009-01-13,25.472669,25.878366,25.187817,25.489933,186266700,32.631648,-0.03,1.56,-1.15,0.03,33.610597,31.000065
2009-01-14,25.196449,25.274136,24.574952,24.713062,136294000,32.552856,-1.15,-0.85,-3.59,-3.05,33.529442,30.925213
2009-01-15,24.661267,25.325922,24.229674,25.118757,192567200,32.478885,-0.21,2.48,-1.96,1.64,33.453251,30.854941
2009-01-16,25.464034,25.550354,24.773485,25.394979,175478100,32.408398,1.37,1.72,-1.37,1.1,33.38065,30.787978
2009-01-20,25.291379,25.403594,24.134708,24.134708,135105800,32.326073,-0.41,0.03,-4.96,-4.96,33.295855,30.709769
2009-01-21,24.54042,25.196443,24.255569,25.161915,149179600,32.254788,1.68,4.4,0.5,4.26,33.222431,30.642048
2009-01-22,24.618114,25.230977,24.393685,24.825279,200602700,32.180862,-2.16,0.27,-3.05,-1.34,33.146288,30.571819
2009-01-23,24.419572,25.33455,24.290093,24.946115,170164100,32.108875,-1.63,2.05,-2.16,0.49,33.072141,30.503431
2009-01-26,24.980642,25.541714,24.816636,25.127384,140398700,32.039407,0.14,2.39,-0.52,0.73,33.000589,30.437437
2009-01-27,25.13602,25.524454,25.13602,25.308657,110591300,31.972435,0.03,1.58,0.03,0.72,32.931608,30.373813
2009-01-28,25.731617,26.456694,25.731617,26.197739,139722800,31.914975,1.67,4.54,1.67,3.51,32.872424,30.319226
2009-01-29,25.878361,26.2409,25.446768,25.533087,130731800,31.851473,-1.22,0.16,-2.87,-2.54,32.807018,30.2589
2009-01-30,25.722979,25.835195,24.980639,25.084221,140334200,31.784138,0.74,1.18,-2.16,-1.76,32.737662,30.194931
2009-02-02,24.842547,25.558993,24.808019,25.386354,126796100,31.720478,-0.96,1.89,-1.1,1.2,32.672092,30.134454
2009-02-03,25.438133,26.266794,25.058332,25.783409,120541100,31.661403,0.2,3.47,-1.29,1.56,32.611245,30.078333
2009-02-04,25.843834,26.646599,25.714356,25.817938,175780900,31.603259,0.23,3.35,-0.27,0.13,32.551357,30.023096
2009-02-05,25.446764,26.560276,25.4295,26.387638,217578900,31.551362,-1.44,2.88,-1.5,2.21,32.497903,29.973794
2009-02-06,26.482594,27.199039,26.396275,27.078194,164513200,31.506853,0.36,3.07,0.03,2.62,32.452059,29.93151
2009-02-09,27.095452,27.337145,26.922815,27.190403,98856900,31.463903,0.06,0.96,-0.57,0.41,32.40782,29.890708
2009-02-10,27.017757,27.345769,25.981934,26.189098,232795200,31.411418,-0.63,0.57,-4.44,-3.68,32.35376,29.840847
2009-02-11,26.223633,26.353112,25.662561,26.06826,169117200,31.358252,0.13,0.63,-2.01,-0.46,32.298999,29.790339
2009-02-12,25.766144,26.422166,25.584874,26.387638,201151400,31.308793,-1.16,1.36,-1.85,1.23,32.248057,29.743353
2009-02-13,26.309949,26.568906,26.145945,26.26679,145066700,31.258624,-0.29,0.69,-0.92,-0.46,32.196383,29.695693
2009-02-17,25.455405,25.610779,25.084234,25.222343,157783300,31.198561,-3.09,-2.5,-4.5,-3.98,32.134518,29.638633
2009-02-18,25.386343,25.610772,24.920223,25.239601,161271900,31.139268,0.65,1.54,-1.2,0.07,32.073446,29.582305
2009-02-19,25.394971,25.558977,24.790739,24.851164,155322400,31.0767,0.62,1.27,-1.78,-1.54,32.009001,29.522865
2009-02-20,24.574945,25.161913,24.50589,24.920221,210752400,31.015442,-1.11,1.25,-1.39,0.28,31.945905,29.464669
2009-02-23,25.058334,25.075597,23.936189,24.048405,169473500,30.946118,0.55,0.62,-3.95,-3.5,31.874501,29.398812
2009-02-24,24.177886,25.015177,24.134725,24.842541,181337300,30.885386,0.54,4.02,0.36,3.3,31.811947,29.341116
2009-02-25,24.695788,25.179173,24.290089,24.678524,220224700,30.823626,-0.59,1.36,-2.22,-0.66,31.748335,29.282445
2009-02-26,24.842539,24.989281,23.910297,23.987984,211218500,30.75561,0.66,1.26,-3.11,-2.8,31.678278,29.217829
2009-02-27,23.737659,24.151989,23.642708,23.763556,204492600,30.686037,-1.04,0.68,-1.44,-0.94,31.606618,29.151735
2009-03-02,23.409641,23.746284,22.848568,22.99531,188180400,30.609512,-1.49,-0.07,-3.85,-3.23,31.527798,29.079037
2009-03-03,23.185219,23.444174,22.805416,22.978054,158758800,30.533577,0.83,1.95,-0.83,-0.08,31.449585,29.006898
2009-03-04,23.314698,23.918928,23.237011,23.590918,164911000,30.464496,1.47,4.09,1.13,2.67,31.378431,28.941271
2009-03-05,23.331956,23.513225,22.805412,22.883099,199626900,30.389059,-1.1,-0.33,-3.33,-3.0,31.300731,28.869606
2009-03-06,23.003948,23.142058,22.192551,22.701832,218421600,30.312569,0.53,1.13,-3.02,-0.79,31.221947,28.796941
2009-03-09,22.520565,23.142059,22.123497,22.218449,181098800,30.232031,-0.8,1.94,-2.55,-2.13,31.138992,28.720429
2009-03-10,22.658675,23.642708,22.580988,23.590918,175068200,30.16595,1.98,6.41,1.63,6.18,31.070929,28.657653
2009-03-11,23.832605,24.160616,23.53049,23.953451,173094900,30.104134,1.02,2.41,-0.26,1.54,31.007258,28.598928
2009-03-12,23.936194,24.825278,23.685871,24.747591,184395100,30.050835,-0.07,3.64,-1.12,3.32,30.95236,28.548294
2009-03-13,24.738955,24.894329,24.445471,24.80801,156783500,29.998668,-0.03,0.59,-1.22,0.24,30.898628,28.498735
2009-03-16,24.972016,25.015175,24.333258,24.393681,190269800,29.942897,0.66,0.84,-1.91,-1.67,30.841184,28.445752
2009-03-17,24.514527,25.317291,24.428207,25.317291,169773800,29.896871,0.5,3.79,0.14,3.79,30.793777,28.402027
2009-03-18,25.213706,26.068263,25.101492,25.636669,208033900,29.854481,-0.41,2.97,-0.85,1.26,30.750115,28.361757
2009-03-19,25.990575,26.007837,25.429502,25.619404,146753400,29.812341,1.38,1.45,-0.81,-0.07,30.706711,28.321724
2009-03-20,25.670415,25.964385,25.056538,25.229462,149410800,29.76674,0.2,1.35,-2.2,-1.52,30.659742,28.278403
2009-03-23,25.851978,26.751178,25.246749,26.716593,179499000,29.73639,2.47,6.03,0.07,5.89,30.628482,28.249571
2009-03-24,26.49181,26.699317,26.206487,26.22378,118757600,29.701439,-0.84,-0.06,-1.91,-1.84,30.592482,28.216367
2009-03-25,26.448571,26.846293,25.644479,26.344816,190555200,29.66804,0.86,2.37,-2.21,0.46,30.558081,28.184638
2009-03-26,26.630139,27.200785,26.301586,27.157555,182459500,29.64306,1.08,3.25,-0.16,3.09,30.532352,28.160907
2009-03-27,26.803067,26.958698,26.552328,26.647436,156108100,29.613253,-1.31,-0.73,-2.23,-1.88,30.50165,28.13259
2009-03-30,26.197835,26.215128,25.609898,25.990328,162919700,29.577204,-1.69,-1.62,-3.89,-2.47,30.46452,28.098343
2009-03-31,26.189183,26.759829,26.17189,26.21512,150243800,29.54375,0.77,2.96,0.7,0.86,30.430063,28.066563
2009-04-01,25.886568,26.699305,25.756876,26.604198,137950000,29.514501,-1.25,1.85,-1.75,1.48,30.399936,28.038776
2009-04-02,27.079732,27.901117,27.001917,27.460163,212272400,29.49406,1.79,4.87,1.49,3.22,30.378881,28.019357
2009-04-03,27.745498,28.01353,27.520698,27.970297,134577300,29.478898,1.04,2.02,0.22,1.86,30.363265,28.004953
2009-04-06,27.659032,27.953003,27.365063,27.901125,160413700,29.463199,-1.11,-0.06,-2.16,-0.25,30.347095,27.990039
2009-04-07,27.598506,27.598506,26.984629,27.166199,147531200,29.440343,-1.08,-1.08,-3.28,-2.63,30.323553,27.968326
2009-04-08,27.434229,27.797369,27.226721,27.624445,126126000,29.422274,0.99,2.32,0.22,1.69,30.304942,27.951161
2009-04-09,28.143216,28.540938,28.039463,28.480415,131871500,29.412903,1.88,3.32,1.5,3.1,30.29529,27.942257
2009-04-13,28.393953,28.592814,28.125921,28.437183,119310500,29.403194,-0.3,0.39,-1.24,-0.15,30.28529,27.933034
2009-04-14,28.264258,28.428536,27.901121,28.091337,124069000,29.390141,-0.61,-0.03,-1.89,-1.22,30.271845,27.920634
2009-04-15,27.892472,28.039459,27.537982,28.013521,124808200,29.376443,-0.71,-0.18,-1.97,-0.28,30.257736,27.907621
2009-04-16,28.402606,28.904085,28.108637,28.739809,171168000,29.370108,1.39,3.18,0.34,2.59,30.251211,27.901603
2009-04-17,28.679269,28.964593,28.471763,28.800318,129835400,29.364439,-0.21,0.78,-0.93,0.21,30.245372,27.896217
2009-04-20,28.28155,28.376658,27.719552,27.875183,123080500,29.34962,-1.8,-1.47,-3.75,-3.21,30.230109,27.882139
2009-04-21,27.771435,28.307498,27.736853,28.264265,145490200,29.338821,-0.37,1.55,-0.5,1.4,30.218985,27.87188
2009-04-22,28.099992,28.990544,28.004884,28.350731,165040500,29.328989,-0.58,2.57,-0.92,0.31,30.208859,27.862539
2009-04-23,28.532284,28.653329,28.091332,28.627392,181666600,29.322008,0.64,1.07,-0.91,0.98,30.201668,27.855907
2009-04-24,28.826251,29.336373,28.592804,29.128864,141170000,29.320086,0.69,2.48,-0.12,1.75,30.199689,27.854082
2009-04-27,28.895424,29.44878,28.834901,29.163456,120749100,29.318527,-0.8,1.1,-1.01,0.12,30.198083,27.852601
2009-04-28,28.981893,29.319092,28.843555,28.947308,108968000,29.314834,-0.62,0.53,-1.1,-0.74,30.194279,27.849092
2009-04-29,29.180754,29.742755,29.137524,29.34503,141413600,29.315134,0.81,2.75,0.66,1.37,30.194588,27.849377
2009-04-30,29.734099,30.175054,29.431485,29.63899,144120400,29.318357,1.33,2.83,0.29,1.0,30.197907,27.852439
2009-05-01,29.630346,29.863793,29.405545,29.716806,100112000,29.322321,-0.03,0.76,-0.79,0.26,30.201991,27.856205
2009-05-04,29.984844,30.339336,29.846506,30.30475,119317400,29.332097,0.9,2.09,0.44,1.98,30.21206,27.865492
2009-05-05,30.252875,30.313398,29.941613,30.278812,113569500,29.341517,-0.17,0.03,-1.2,-0.09,30.221762,27.874441
2009-05-06,30.512254,30.555484,29.794623,30.287453,178840500,29.350929,0.77,0.91,-1.6,0.03,30.231457,27.883383
2009-05-07,30.494957,30.494957,29.293143,29.578465,216484700,29.353193,0.69,0.69,-3.28,-2.34,30.233789,27.885533
2009-05-08,29.803275,30.036721,29.293152,29.595766,183507300,29.355607,0.76,1.55,-0.96,0.06,30.236275,27.887826
2009-05-11,29.21534,30.019432,29.120232,29.699522,142775900,29.359029,-1.29,1.43,-1.61,0.35,30.2398,27.891077
2009-05-12,29.760043,29.811921,28.981892,29.336384,147842200,29.358803,0.2,0.38,-2.42,-1.22,30.239568,27.890863
2009-05-13,29.076985,29.094278,28.497692,28.54957,175548300,29.350751,-0.88,-0.83,-2.86,-2.68,30.231274,27.883214
2009-05-14,28.618745,29.137516,28.601456,28.869484,140021700,29.345963,0.24,2.06,0.18,1.12,30.226342,27.878665
2009-05-15,28.82626,29.241275,28.731152,28.852198,121326400,29.34105,-0.15,1.29,-0.48,-0.06,30.221281,27.873997
2009-05-18,29.05106,29.638998,28.869491,29.604416,114333400,29.34367,0.69,2.73,0.06,2.61,30.22398,27.876487
2009-05-19,29.535241,30.036719,29.353673,29.74275,129086400,29.347641,-0.23,1.46,-0.85,0.47,30.22807,27.880259
2009-05-20,29.855144,30.296099,29.55253,29.63899,131873700,29.35054,0.38,1.86,-0.64,-0.35,30.231056,27.883013
2009-05-21,29.414196,29.621702,28.800321,29.09429,139253200,29.34799,-0.76,-0.06,-2.83,-1.84,30.22843,27.880591
2009-05-22,29.206701,29.37098,28.808979,28.999195,83510600,29.34452,0.39,0.95,-0.98,-0.33,30.224855,27.877294
2009-05-26,28.748437,30.11453,28.687914,30.079945,144857200,29.351837,-0.86,3.85,-1.07,3.73,30.232393,27.884246
2009-05-27,29.99349,30.425797,29.768691,29.872444,121348800,29.357018,-0.29,1.15,-1.03,-0.69,30.237728,27.889167
2009-05-28,30.054011,30.322043,29.578474,30.21829,118931300,29.365587,0.61,1.51,-0.98,1.16,30.246555,27.897308
2009-05-29,30.235575,30.69382,30.054003,30.590067,111535700,29.377771,0.06,1.57,-0.54,1.23,30.259104,27.908883
2009-06-01,30.918636,31.558453,30.788946,31.463345,119126200,29.398523,1.07,3.17,0.65,2.85,30.280479,27.928597
2009-06-02,31.290409,31.80918,31.221242,31.506563,126858600,29.419499,-0.55,1.1,-0.77,0.14,30.302084,27.948524
2009-06-03,31.411451,31.446033,31.065604,31.411451,93329800,29.439319,-0.3,-0.19,-1.4,-0.3,30.322499,27.967353
2009-06-04,31.480636,31.809191,31.420113,31.765961,89280600,29.46247,0.22,1.27,0.03,1.13,30.346344,27.989346
2009-06-05,31.95618,32.059936,31.489287,31.800549,121958800,29.485734,0.6,0.93,-0.87,0.11,30.370306,28.011448
2009-06-08,31.60168,31.947527,31.229895,31.705433,89194100,29.507821,-0.63,0.46,-1.79,-0.3,30.393056,28.03243
2009-06-09,31.852407,32.137728,31.705421,31.947515,109187800,29.532097,0.46,1.36,-0.0,0.76,30.418059,28.055492
2009-06-10,32.129077,32.137722,31.376863,31.835108,133404700,29.555012,0.57,0.6,-1.79,-0.35,30.441662,28.077261
2009-06-11,31.791878,32.1896,31.774585,31.835108,147909800,29.5777,-0.14,1.11,-0.19,0.0,30.465031,28.098815
2009-06-12,31.705434,31.748667,31.299067,31.688145,109452500,29.598699,-0.41,-0.27,-1.68,-0.46,30.48666,28.118764
2009-06-15,31.385521,31.411461,30.763,31.039677,112152900,29.613037,-0.96,-0.87,-2.92,-2.05,30.501428,28.132385
2009-06-16,31.160718,31.290408,30.711117,30.737055,110550300,29.624221,0.39,0.81,-1.06,-0.97,30.512948,28.14301
2009-06-17,30.86674,31.307692,30.650586,31.031015,153421800,29.638219,0.42,1.86,-0.28,0.96,30.527366,28.156308
2009-06-18,30.979158,31.17802,30.754357,30.97051,126266700,29.651476,-0.17,0.47,-0.89,-0.19,30.54102,28.168902
2009-06-19,31.2077,31.476061,31.086506,31.302925,122044700,29.667908,0.77,1.63,0.37,1.07,30.557946,28.184513
2009-06-22,31.017259,31.069197,30.316058,30.368,137714900,29.674874,-0.91,-0.75,-3.15,-2.99,30.565121,28.191131
2009-06-23,30.454563,30.523815,30.099635,30.29874,114903100,29.681082,0.29,0.51,-0.88,-0.23,30.571514,28.197028
2009-06-24,30.558443,31.051879,30.541129,30.80949,103314600,29.69231,0.86,2.49,0.8,1.69,30.583079,28.207694
2009-06-25,30.610385,31.476064,30.541129,31.415466,112538200,29.709456,-0.65,2.16,-0.87,1.97,30.600739,28.223983
2009-06-26,31.26828,31.597238,31.207683,31.484699,87677300,29.72712,-0.47,0.58,-0.66,0.22,30.618933,28.240764
2009-06-29,31.571305,31.813694,31.268316,31.553991,93817600,29.745298,0.28,1.04,-0.69,0.22,30.637657,28.258033
2009-06-30,31.640538,31.79636,31.25964,31.493374,97843000,29.762691,0.27,0.77,-0.93,-0.19,30.655572,28.274557
2009-07-01,31.649201,31.89159,31.502034,31.510693,85976000,29.780085,0.49,1.26,0.03,0.05,30.673487,28.29108
2009-07-02,31.242341,31.250997,30.731591,30.818157,113309800,29.790414,-0.85,-0.82,-2.47,-2.2,30.684126,28.300893
2009-07-06,30.627696,30.766205,30.333366,30.653666,107632500,29.799003,-0.62,-0.17,-1.57,-0.53,30.692973,28.309053
2009-07-07,30.662326,30.722926,29.874558,29.891872,149773000,29.799927,0.03,0.23,-2.54,-2.49,30.693925,28.309931
2009-07-08,30.073662,30.186198,29.692762,30.047689,152776400,29.802393,0.61,0.98,-0.67,0.52,30.696464,28.312273
2009-07-09,30.160231,30.307395,29.995754,30.099634,97851500,29.80535,0.37,0.86,-0.17,0.17,30.699511,28.315083
2009-07-10,30.013057,30.419927,29.917836,30.229477,108482000,29.80957,-0.29,1.06,-0.6,0.43,30.703857,28.319092
2009-07-13,30.255457,30.818146,29.848587,30.80949,127140300,29.81952,0.09,1.95,-1.26,1.92,30.714105,28.328544
2009-07-14,30.774853,30.982617,30.645003,30.92202,115631700,29.83049,-0.11,0.56,-0.53,0.37,30.725405,28.338965
2009-07-15,31.441446,31.96951,31.285623,31.960852,160869700,29.851688,1.68,3.39,1.18,3.36,30.747238,28.359103
2009-07-16,31.813657,32.410973,31.787687,32.341721,120142500,29.876464,-0.46,1.41,-0.54,1.19,30.772758,28.382641
2009-07-17,32.333082,32.523533,32.17726,32.514877,104906500,29.902717,-0.03,0.56,-0.51,0.54,30.799798,28.407581
2009-07-20,32.688018,32.895783,32.558168,32.826527,97168800,29.93181,0.53,1.17,0.13,0.96,30.829764,28.435219
2009-07-21,32.95638,33.051605,32.584138,33.051605,130587600,29.962852,0.4,0.69,-0.74,0.69,30.861738,28.46471
2009-07-22,33.077558,33.493083,33.008306,33.328606,113808600,29.996342,0.08,1.34,-0.13,0.84,30.896233,28.496525
2009-07-23,33.293981,34.185632,33.233384,34.064434,160239300,30.036821,-0.1,2.57,-0.29,2.21,30.937925,28.53498
2009-07-24,33.700841,34.081739,33.570988,33.804722,109312300,30.074312,-1.07,0.05,-1.45,-0.76,30.976542,28.570597
2009-07-27,34.047123,34.116376,33.648909,34.064434,94718600,30.114015,0.72,0.92,-0.46,0.77,31.017436,28.608314
2009-07-28,33.917263,34.27219,33.700843,33.830696,111564300,30.150997,-0.43,0.61,-1.07,-0.69,31.055527,28.643447
2009-07-29,34.038465,34.13369,33.761448,34.055779,126538200,30.189851,0.61,0.9,-0.2,0.67,31.095546,28.680358
2009-07-30,34.410713,34.782955,34.202949,34.25489,108969900,30.230299,1.04,2.14,0.43,0.58,31.137208,28.718784
2009-07-31,34.254901,34.497289,34.116392,34.15102,78208300,30.269311,0.0,0.71,-0.4,-0.3,31.17739,28.755845
2009-08-03,34.51458,34.679061,34.315474,34.661747,111722800,30.313017,1.06,1.55,0.48,1.5,31.222407,28.797366
2009-08-04,34.497266,34.791597,34.428014,34.661747,100690800,30.356288,-0.47,0.37,-0.67,0.0,31.266976,28.838473
2009-08-05,34.739663,34.748319,34.159657,34.393391,118093000,30.396458,0.22,0.25,-1.45,-0.77,31.308352,28.876635
2009-08-06,34.471309,34.566535,33.969218,34.090412,116937500,30.433214,0.23,0.5,-1.23,-0.88,31.34621,28.911553
2009-08-07,34.557883,34.687736,34.272211,34.523258,107442100,30.473911,1.37,1.75,0.53,1.27,31.388128,28.950215
2009-08-10,34.402055,34.497277,34.055782,34.280857,87163200,30.511791,-0.35,-0.08,-1.35,-0.7,31.427144,28.986201
2009-08-11,34.16831,34.194279,33.804723,33.986515,91922700,30.546365,-0.33,-0.25,-1.39,-0.86,31.462756,29.019047
2009-08-12,33.960565,34.817588,33.934596,34.514599,147240000,30.58585,-0.08,2.45,-0.15,1.55,31.503425,29.056557
2009-08-13,34.722339,34.765622,34.315469,34.705025,110107000,30.626837,0.6,0.73,-0.58,0.55,31.545642,29.095495
2009-08-14,34.514581,34.592492,34.003831,34.30682,124480200,30.663453,-0.55,-0.32,-2.02,-1.15,31.583357,29.130281
2009-08-17,33.726824,33.770107,33.293984,33.311298,131797200,30.6898,-1.69,-1.56,-2.95,-2.9,31.610494,29.15531
2009-08-18,33.519049,33.856663,33.423824,33.787407,84496200,30.720622,0.62,1.64,0.34,1.43,31.642241,29.184591
2009-08-19,33.389219,34.107734,33.36325,34.021164,88036300,30.753463,-1.18,0.95,-1.26,0.69,31.676067,29.21579
2009-08-20,34.00384,34.488621,33.934587,34.419365,81473500,30.78994,-0.05,1.37,-0.25,1.17,31.713638,29.250443
2009-08-21,34.618467,34.938767,34.402048,34.87817,114660200,30.830619,0.58,1.51,-0.05,1.33,31.755537,29.289088
2009-08-24,34.938769,35.120561,34.713691,34.843544,109904900,30.870549,0.17,0.69,-0.47,-0.1,31.796665,29.327021
2009-08-25,34.921464,35.285047,34.843553,34.947433,92900400,30.911115,0.22,1.27,0.0,0.3,31.838448,29.365559
2009-08-26,34.869531,35.146548,34.696398,34.886845,96407500,30.950674,-0.22,0.57,-0.72,-0.17,31.879194,29.40314
2009-08-27,34.878179,35.034001,34.341456,34.973404,121957800,30.990701,-0.02,0.42,-1.56,0.25,31.920422,29.441166
2009-08-28,35.406241,35.562063,34.765637,35.008026,114300900,31.030675,1.24,1.68,-0.59,0.1,31.961595,29.479141
2009-08-31,34.748317,34.800258,34.445331,34.653091,96415300,31.066719,-0.74,-0.59,-1.61,-1.01,31.99872,29.513383
2009-09-01,34.53191,35.137885,33.899965,34.003845,162958900,31.095944,-0.35,1.4,-2.17,-1.87,32.028822,29.541146
2009-09-02,33.822052,34.168325,33.796083,33.977875,92757200,31.12462,-0.53,0.48,-0.61,-0.08,32.058358,29.568389
2009-09-03,34.142356,34.254895,33.778773,34.202953,76783100,31.15525,0.48,0.82,-0.59,0.66,32.089907,29.597487
2009-09-04,34.263554,34.956096,34.211612,34.938782,74866600,31.192897,0.18,2.2,0.03,2.15,32.128684,29.633252
2009-09-08,35.215785,35.302352,35.025335,35.267727,71024400,31.233442,0.79,1.04,0.25,0.94,32.170446,29.67177
2009-09-09,35.2937,35.743853,35.137878,35.570717,99280800,31.276599,0.07,1.35,-0.37,0.86,32.214897,29.712769
2009-09-10,35.588021,35.951605,35.492796,35.908321,99289100,31.322686,0.05,1.07,-0.22,0.95,32.262367,29.756552
2009-09-11,35.9343,36.029525,35.683256,35.942959,93868400,31.368659,0.07,0.34,-0.63,0.1,32.309719,29.800226
2009-09-14,35.709232,36.107444,35.674604,36.081474,90435600,31.415553,-0.65,0.46,-0.75,0.39,32.358019,29.844775
2009-09-15,36.055484,36.315187,35.986228,36.193993,91594600,31.463099,-0.07,0.65,-0.26,0.31,32.406992,29.889944
2009-09-16,36.358482,36.774007,36.219973,36.722065,96888500,31.515427,0.45,1.6,0.07,1.46,32.46089,29.939656
2009-09-17,36.626839,36.929825,36.540269,36.713406,102169600,31.567149,-0.26,0.57,-0.5,-0.02,32.514163,29.988791
2009-09-18,36.86159,36.93091,36.575638,36.774937,87444200,31.618967,0.4,0.59,-0.38,0.17,32.567536,30.038019
2009-09-21,36.566944,37.000202,36.532283,36.887554,71351400,31.671391,-0.57,0.61,-0.66,0.31,32.621533,30.087822
2009-09-22,37.095544,37.112875,36.774931,36.956902,75638400,31.723983,0.56,0.61,-0.31,0.19,32.675703,30.137784
2009-09-23,37.112892,37.407505,36.722959,36.783615,143924100,31.774328,0.42,1.22,-0.63,-0.47,32.727558,30.185611
2009-09-24,36.930906,36.991562,36.194369,36.454323,111016400,31.820895,0.4,0.57,-1.6,-0.9,32.775522,30.22985
2009-09-25,36.185698,36.47165,36.029728,36.133709,109216000,31.863809,-0.74,0.05,-1.16,-0.88,32.819723,30.270618
2009-09-28,36.333001,36.965557,36.29834,36.748928,84478500,31.912417,0.55,2.3,0.46,1.7,32.869789,30.316796
2009-09-29,36.748938,36.930905,36.419661,36.584301,106686400,31.958903,0.0,0.5,-0.9,-0.45,32.91767,30.360958
2009-09-30,36.731602,36.91357,36.047054,36.610291,173102700,32.005186,0.4,0.9,-1.47,0.07,32.965341,30.404926
2009-10-01,36.480311,36.506309,35.527145,35.527145,140119100,32.04023,-0.36,-0.28,-2.96,-2.96,33.001437,30.438218
2009-10-02,35.284541,35.743794,35.284541,35.423183,145286400,32.073891,-0.68,0.61,-0.68,-0.29,33.036108,30.470197
2009-10-05,35.605148,35.87377,35.379856,35.709129,97054200,32.110063,0.51,1.27,-0.12,0.81,33.073365,30.50456
2009-10-06,35.908428,36.51499,35.891097,36.341686,124628000,32.152168,0.56,2.26,0.51,1.77,33.116733,30.54456
2009-10-07,36.298346,36.462987,36.194365,36.445656,93787600,32.19489,-0.12,0.33,-0.41,0.29,33.160736,30.585145
2009-10-08,36.662276,36.930893,36.514966,36.60162,107850400,32.238738,0.59,1.33,0.19,0.43,33.2059,30.626801
2009-10-09,36.52366,36.870264,36.445673,36.809608,62828000,32.284219,-0.21,0.73,-0.43,0.57,33.252746,30.670008
2009-10-12,36.956877,37.147508,36.636264,36.887554,53221900,32.330023,0.4,0.92,-0.47,0.21,33.299924,30.713522
2009-10-13,36.852908,37.043542,36.714266,36.896236,70939300,32.375458,-0.09,0.42,-0.47,0.02,33.346722,30.756685
2009-10-14,37.355509,37.442159,37.130213,37.398834,91004900,32.425442,1.24,1.48,0.63,1.36,33.398205,30.80417
2009-10-15,37.199528,37.364165,37.147536,37.312176,85772800,32.474066,-0.53,-0.09,-0.67,-0.23,33.448288,30.850363
2009-10-16,37.17353,37.251517,36.809592,37.069546,111859300,32.519793,-0.37,-0.16,-1.35,-0.65,33.495386,30.893803
2009-10-19,37.095557,37.494154,36.904922,37.442162,83512000,32.568771,0.07,1.15,-0.44,1.01,33.545834,30.940333
2009-10-20,37.658791,37.658791,37.208202,37.450829,89847900,32.617349,0.58,0.58,-0.62,0.02,33.595869,30.986482
2009-10-21,37.442156,37.970731,37.312181,37.3815,110397400,32.664754,-0.02,1.39,-0.37,-0.19,33.644696,31.031516
2009-10-22,37.312183,37.684786,37.078224,37.528812,85871800,32.713152,-0.19,0.81,-0.81,0.39,33.694547,31.077495
2009-10-23,37.892745,37.892745,37.27752,37.372837,117020400,32.759517,0.97,0.97,-0.67,-0.42,33.742303,31.121541
2009-10-26,37.43347,37.918717,37.078199,37.251503,107068600,32.804214,0.16,1.46,-0.79,-0.32,33.78834,31.164003
2009-10-27,37.19953,37.355504,36.549643,36.688286,121438200,32.842861,-0.14,0.28,-1.88,-1.51,33.828147,31.200718
2009-10-28,36.558313,36.670961,35.787114,35.865101,143553600,32.872933,-0.35,-0.05,-2.46,-2.24,33.859121,31.229286
2009-10-29,36.073049,36.558296,35.995062,36.471645,85207600,32.908741,0.58,1.93,0.36,1.69,33.896003,31.263304
2009-10-30,36.445654,36.523641,35.457824,35.492485,162796500,32.93445,-0.07,0.14,-2.78,-2.68,33.922484,31.287728
2009-11-02,35.527161,36.021075,35.215214,35.639809,142456600,32.961369,0.1,1.49,-0.78,0.42,33.95021,31.313301
2009-11-03,35.449177,35.804449,35.388521,35.752457,95107000,32.989141,-0.53,0.46,-0.71,0.32,33.978815,31.339684
2009-11-04,35.986411,36.281027,35.769782,35.81311,107970600,33.01724,0.65,1.48,0.05,0.17,34.007757,31.366378
2009-11-05,36.229037,36.740281,36.203039,36.696953,135204800,33.053854,1.16,2.59,1.09,2.47,34.04547,31.401162
2009-11-06,36.497666,36.956922,36.463008,36.913593,96312300,33.09226,-0.54,0.71,-0.64,0.59,34.085027,31.437647
2009-11-09,37.199533,37.710777,37.156208,37.70211,101620800,33.138129,0.77,2.16,0.66,2.14,34.132273,31.481222
2009-11-10,37.65877,37.927392,37.606782,37.797413,72846500,33.18449,-0.11,0.6,-0.25,0.25,34.180025,31.525265
2009-11-11,38.083364,38.248001,37.788749,38.040039,84676200,33.232804,0.76,1.19,-0.02,0.64,34.229788,31.571164
2009-11-12,38.066037,38.265335,37.73676,37.823414,92426100,33.278481,0.07,0.59,-0.8,-0.57,34.276836,31.614557
2009-11-13,37.936062,38.248009,37.806087,38.135361,87959500,33.326809,0.3,1.12,-0.05,0.82,34.326613,31.660468
2009-11-16,38.300014,38.689947,38.230691,38.525307,87776100,33.378535,0.43,1.45,0.25,1.02,34.379891,31.709608
2009-11-17,38.421321,38.646614,38.343335,38.646614,81884000,33.430954,-0.27,0.31,-0.47,0.31,34.433882,31.759406
2009-11-18,38.52531,38.551308,38.170038,38.429993,100240800,33.480695,-0.31,-0.25,-1.23,-0.56,34.485116,31.806661
2009-11-19,38.170033,38.196031,37.563471,37.832092,114558000,33.523993,-0.68,-0.61,-2.25,-1.56,34.529713,31.847793
2009-11-20,37.632785,37.736766,37.502807,37.641449,70912100,33.564963,-0.53,-0.25,-0.87,-0.5,34.571911,31.886714
2009-11-23,38.031384,38.473309,38.005389,38.248013,91621500,33.61156,1.04,2.21,0.97,1.61,34.619907,31.930982
2009-11-24,38.230687,38.256684,37.892746,38.118042,60670000,33.656401,-0.05,0.02,-0.93,-0.34,34.666093,31.973581
2009-11-25,38.248008,38.31733,38.13536,38.282669,37630100,33.702433,0.34,0.52,0.05,0.43,34.713506,32.017312
2009-11-27,37.234194,37.979398,37.173538,37.70211,61230000,33.742231,-2.74,-0.79,-2.9,-1.52,34.754498,32.055119
2009-11-30,37.615463,37.79743,37.355509,37.745441,84819400,33.782064,-0.23,0.25,-0.92,0.11,34.795526,32.092961
2009-12-01,38.03138,38.386651,38.022716,38.135361,81817800,33.82538,0.76,1.7,0.73,1.03,34.840142,32.134111
2009-12-02,38.265338,38.55129,38.109365,38.187351,81653600,33.868783,0.34,1.09,-0.07,0.14,34.884846,32.175344
2009-12-03,38.326003,38.559963,38.022724,38.031387,72460400,33.910202,0.36,0.98,-0.43,-0.41,34.927508,32.214692
2009-12-04,38.51663,38.759254,37.832082,38.230679,125062600,33.953192,1.28,1.91,-0.52,0.52,34.971788,32.255532
2009-12-07,38.204683,38.377987,37.970723,38.04871,67471900,33.993943,-0.07,0.39,-0.68,-0.48,35.013761,32.294246
2009-12-08,37.832078,38.126693,37.572124,37.814747,86621400,34.031961,-0.57,0.2,-1.25,-0.61,35.05292,32.330363
2009-12-09,37.780091,38.23068,37.537468,38.196022,78820500,34.073395,-0.09,1.1,-0.73,1.01,35.095596,32.369725
2009-12-10,38.360652,38.594612,38.334657,38.386646,76722400,34.116313,0.43,1.04,0.36,0.5,35.139802,32.410497
2009-12-11,38.594621,38.637946,38.083376,38.239349,66643700,34.157338,0.54,0.65,-0.79,-0.38,35.182058,32.449471
2009-12-14,38.499321,38.646627,38.291356,38.603302,47965500,34.201576,0.68,1.07,0.14,0.95,35.227623,32.491497
2009-12-15,38.481964,38.707256,38.273998,38.386646,61171100,34.243219,-0.31,0.27,-0.85,-0.56,35.270515,32.531058
2009-12-16,38.533966,38.733264,38.377992,38.438648,61629700,34.284964,0.38,0.9,-0.02,0.14,35.313513,32.570716
2009-12-17,38.265342,38.308667,37.918734,37.970726,90440900,34.321638,-0.45,-0.34,-1.35,-1.22,35.351288,32.605557
2009-12-18,38.329189,38.606936,38.190315,38.589577,96442600,34.364106,0.94,1.68,0.58,1.63,35.395029,32.6459
2009-12-21,38.789217,39.171122,38.771857,39.023567,82357400,34.410468,0.52,1.51,0.47,1.12,35.442782,32.689945
2009-12-22,39.15378,39.310014,39.084341,39.257935,51569100,34.458702,0.33,0.73,0.16,0.6,35.492463,32.735767
2009-12-23,39.336041,39.553032,39.240565,39.544353,73932200,34.509305,0.2,0.75,-0.04,0.73,35.544584,32.78384
2009-12-24,39.587722,39.908867,39.579041,39.908867,31770400,34.563032,0.11,0.92,0.09,0.92,35.599923,32.834881
2009-12-28,40.004359,40.18663,39.874164,40.117195,49381400,34.618298,0.24,0.7,-0.09,0.52,35.656847,32.887383
2009-12-29,40.125875,40.143235,39.917566,39.952282,32410200,34.671372,0.02,0.06,-0.5,-0.41,35.711513,32.937803
2009-12-30,39.908876,40.151904,39.891517,40.073788,57612700,34.725127,-0.11,0.5,-0.15,0.3,35.766881,32.988871
2009-12-31,40.151918,40.169278,39.709259,39.709259,50079200,34.774721,0.19,0.24,-0.91,-0.91,35.817962,33.035985
2010-01-04,40.212673,40.351547,40.160594,40.290787,62822800,34.829607,1.27,1.62,1.14,1.46,35.874495,33.088127
2010-01-05,40.264749,40.360225,40.065118,40.290787,62935600,34.883947,-0.06,0.17,-0.56,0.0,35.930466,33.13975
2010-01-06,40.27342,40.403613,39.986992,40.047749,96033000,34.935328,-0.04,0.28,-0.75,-0.6,35.983388,33.188562
2010-01-07,40.108507,40.160586,39.856797,40.073788,77094100,34.986457,0.15,0.28,-0.48,0.07,36.036051,33.237134
2010-01-08,39.986989,40.40361,39.865475,40.40361,88886600,35.040359,-0.22,0.82,-0.52,0.82,36.09157,33.288341
2010-01-11,40.45571,40.481748,40.030408,40.23872,104673400,35.092084,0.13,0.19,-0.92,-0.41,36.144847,33.33748
2010-01-12,39.995693,40.047769,39.518311,39.735302,90673900,35.138285,-0.6,-0.47,-1.79,-1.25,36.192434,33.381371
2010-01-13,39.856814,40.351555,39.587748,40.230038,100661000,35.18895,0.31,1.55,-0.37,1.25,36.244618,33.429502
2010-01-14,40.151896,40.377568,40.11718,40.264732,75209000,35.239455,-0.19,0.37,-0.28,0.09,36.296639,33.477482
2010-01-15,40.334178,40.403613,39.62245,39.79604,126849300,35.284794,0.17,0.34,-1.6,-1.16,36.343338,33.520554
2010-01-19,39.891522,40.481737,39.882844,40.438339,84388200,35.336073,0.24,1.72,0.22,1.61,36.396155,33.569269
2010-01-20,40.151911,40.447018,39.431504,39.856804,145680000,35.381055,-0.71,0.02,-2.49,-1.44,36.442487,33.612003
2010-01-21,39.969653,40.230041,39.318682,39.483597,204939600,35.421877,0.28,0.94,-1.35,-0.94,36.484533,33.650783
2010-01-22,39.353396,39.47491,38.225046,38.329201,171098700,35.450805,-0.33,-0.02,-3.19,-2.92,36.51433,33.678265
2010-01-25,38.563555,38.711107,38.294485,38.4594,154218700,35.480742,0.61,1.0,-0.09,0.34,36.545164,33.706705
2010-01-26,38.415986,38.962803,38.233715,38.494102,140816500,35.510725,-0.11,1.31,-0.59,0.09,36.576047,33.735189
2010-01-27,38.424666,38.928082,38.198994,38.79789,161632700,35.543433,-0.18,1.13,-0.77,0.79,36.609736,33.766262
2010-01-28,38.537506,38.563543,37.600105,37.799736,221439800,35.565884,-0.67,-0.6,-3.09,-2.57,36.632861,33.78759
2010-01-29,38.112203,38.20768,37.001213,37.140087,212099600,35.581548,0.83,1.08,-2.11,-1.75,36.648994,33.802471
2010-02-01,37.235575,37.565398,37.218215,37.548038,136827100,35.601115,0.26,1.15,0.21,1.1,36.669148,33.821059
2010-02-02,37.608773,37.999353,37.348382,37.88652,110727700,35.623855,0.16,1.2,-0.53,0.9,36.692571,33.842663
2010-02-03,37.704273,38.164295,37.686913,38.094856,93581600,35.648442,-0.48,0.73,-0.53,0.55,36.717896,33.86602
2010-02-04,37.817099,37.895216,36.992535,36.992535,151652500,35.661816,-0.73,-0.52,-2.89,-2.89,36.731671,33.878726
2010-02-05,37.088002,37.339712,36.558545,37.304993,213618600,35.678166,0.26,0.94,-1.17,0.84,36.748511,33.894258
2010-02-08,37.244239,37.478589,37.009889,37.035927,94354400,35.691677,-0.16,0.47,-0.79,-0.72,36.762427,33.907093
2010-02-09,37.478588,37.765014,37.114043,37.417831,118956000,35.708852,1.2,1.97,0.21,1.03,36.780118,33.92341
2010-02-10,37.417835,37.591428,37.105368,37.339718,94102900,35.72508,0.0,0.46,-0.84,-0.21,36.796832,33.938826
2010-02-11,37.348394,38.008046,37.114044,37.903889,93050800,35.746759,0.02,1.79,-0.6,1.51,36.819162,33.959421
2010-02-12,37.565396,38.086175,37.461242,37.982018,93938500,35.769001,-0.89,0.48,-1.17,0.21,36.842071,33.980551
2010-02-16,38.259762,38.494109,38.060128,38.468071,83861400,35.795857,0.73,1.35,0.21,1.28,36.869733,34.006064
2010-02-17,38.641661,38.685059,38.415989,38.685059,82691700,35.824606,0.45,0.56,-0.14,0.56,36.899344,34.033375
2010-02-18,38.659004,38.997509,38.580887,38.92807,65752600,35.855486,-0.07,0.81,-0.27,0.63,36.93115,34.062711
2010-02-19,38.823938,39.101685,38.728462,38.910736,80416500,35.885886,-0.27,0.45,-0.51,-0.04,36.962463,34.091592
2010-02-22,39.066973,39.084333,38.676393,38.832626,72055000,35.915207,0.4,0.45,-0.6,-0.2,36.992663,34.119447
2010-02-23,38.806579,38.83262,38.14693,38.329201,95814400,35.939227,-0.07,-0.0,-1.77,-1.3,37.017404,34.142266
2010-02-24,38.528816,38.876002,38.468059,38.719769,86591000,35.966894,0.52,1.43,0.36,1.02,37.045901,34.168549
2010-02-25,38.311825,38.797884,38.042759,38.711086,97961300,35.994199,-1.05,0.2,-1.75,-0.02,37.074025,34.194489
2010-02-26,38.70242,38.93677,38.537508,38.849972,66222400,36.022615,-0.02,0.58,-0.45,0.36,37.103293,34.221484
2010-03-01,39.023582,39.483604,39.014904,39.414165,77290100,36.056362,0.45,1.63,0.42,1.45,37.138053,34.253544
2010-03-02,39.553027,39.796055,39.448873,39.535667,76368500,36.090982,0.35,0.97,0.09,0.31,37.173711,34.286433
2010-03-03,39.631139,39.770012,39.431508,39.57906,65735500,36.125689,0.24,0.59,-0.26,0.11,37.20946,34.319405
2010-03-04,39.605105,39.761338,39.405474,39.709259,54470900,36.161346,0.07,0.46,-0.44,0.33,37.246187,34.353279
2010-03-05,40.004381,40.394965,39.917586,40.308167,68136300,36.202608,0.74,1.73,0.52,1.51,37.288687,34.392478
2010-03-08,40.3255,40.481733,40.30814,40.386257,58712400,36.244237,0.04,0.43,-0.0,0.19,37.331564,34.432025
2010-03-09,40.299468,40.837603,40.27343,40.611935,98002800,36.287696,-0.21,1.12,-0.28,0.56,37.376327,34.473312
2010-03-10,40.637968,41.03723,40.620608,40.941753,102578900,36.334005,0.06,1.05,0.02,0.81,37.424025,34.517305
2010-03-11,40.846293,41.098,40.776855,41.098,67510300,36.381408,-0.23,0.38,-0.4,0.38,37.472851,34.562338
2010-03-12,41.228196,41.254234,40.88101,41.106682,64068300,36.428426,0.32,0.38,-0.53,0.02,37.521279,34.607005
2010-03-15,41.019885,41.124043,40.7161,41.002529,60150500,36.473939,-0.21,0.04,-0.95,-0.25,37.568158,34.650242
2010-03-16,41.132713,41.323666,40.99384,41.262909,74950600,36.521591,0.32,0.78,-0.02,0.64,37.617239,34.695511
2010-03-17,41.323672,41.575382,41.254234,41.375748,75643500,36.569891,0.15,0.76,-0.02,0.27,37.666988,34.741396
2010-03-18,41.41046,41.558015,41.314984,41.514618,77829400,36.619092,0.08,0.44,-0.15,0.34,37.717665,34.788138
2010-03-19,41.637134,41.663203,41.115803,41.263515,86337100,36.665305,0.3,0.36,-0.96,-0.6,37.765264,34.83204
2010-03-22,41.098417,41.802218,41.054973,41.637127,71902800,36.714776,-0.4,1.31,-0.51,0.91,37.816219,34.879037
2010-03-23,41.697953,41.967306,41.506796,41.923862,59182600,36.766608,0.15,0.79,-0.31,0.69,37.869606,34.928277
2010-03-24,41.854342,41.854342,41.628432,41.72401,62995700,36.815935,-0.17,-0.17,-0.7,-0.48,37.920413,34.975139
2010-03-25,42.07158,42.22798,41.61976,41.663204,76294800,36.864167,0.83,1.21,-0.25,-0.15,37.970092,35.020958
2010-03-26,41.836981,41.993381,41.480736,41.706646,78067900,36.912351,0.42,0.79,-0.44,0.1,38.019721,35.066733
2010-03-29,41.915181,42.054203,41.793534,41.90649,57993300,36.962044,0.5,0.83,0.21,0.48,38.070905,35.113941
2010-03-30,42.036833,42.184543,41.758789,42.045521,49437300,37.012625,0.31,0.66,-0.35,0.33,38.123004,35.161994
2010-03-31,41.915181,42.097647,41.767469,41.845669,59947400,37.060715,-0.31,0.12,-0.66,-0.48,38.172537,35.20768
2010-04-01,42.019447,42.314869,41.524181,41.845669,83728600,37.108327,0.42,1.12,-0.77,0.0,38.221577,35.252911
2010-04-05,41.941242,42.332242,41.828285,42.236664,56220300,37.159355,0.23,1.16,-0.04,0.93,38.274136,35.301387
2010-04-06,42.141085,42.488641,42.045507,42.358307,54097100,37.211086,-0.23,0.6,-0.45,0.29,38.327419,35.350532
2010-04-07,42.297491,42.462579,42.028135,42.254047,77211500,37.261265,-0.14,0.25,-0.78,-0.25,38.379103,35.398201
2010-04-08,42.132403,42.419134,41.91518,42.349625,68314300,37.311895,-0.29,0.39,-0.8,0.23,38.431252,35.4463
2010-04-09,42.35829,42.618956,42.254025,42.601578,54227300,37.364529,0.02,0.64,-0.23,0.59,38.485465,35.496302
2010-04-12,42.618971,42.749305,42.523392,42.636349,44280600,37.416985,0.04,0.35,-0.18,0.08,38.539494,35.546136
2010-04-13,42.592896,42.879627,42.453874,42.853561,59376000,37.47108,-0.1,0.57,-0.43,0.51,38.595212,35.597526
2010-04-14,43.079483,43.374902,43.009971,43.366215,69004800,37.529738,0.53,1.22,0.36,1.2,38.65563,35.653251
2010-04-15,43.33146,43.609504,43.33146,43.557373,72254200,37.589715,-0.08,0.56,-0.08,0.44,38.717406,35.710229
2010-04-16,43.40098,43.548689,42.749314,43.036045,127388000,37.643907,-0.36,-0.02,-1.86,-1.2,38.773224,35.761712
2010-04-19,42.879645,43.149001,42.488647,43.009979,98251700,37.697301,-0.36,0.26,-1.27,-0.06,38.82822,35.812436
2010-04-20,43.244589,43.340167,42.949167,43.227211,69543700,37.752325,0.55,0.77,-0.14,0.51,38.884894,35.864708
2010-04-21,43.522624,43.609512,43.201136,43.47049,74748700,37.809222,0.68,0.88,-0.06,0.56,38.943498,35.918761
2010-04-22,43.053419,43.757219,42.80144,43.713776,110477200,37.867974,-0.96,0.66,-1.54,0.56,39.004013,35.974575
2010-04-23,43.705076,43.939676,43.52261,43.896233,77205200,37.927956,-0.02,0.52,-0.44,0.42,39.065795,36.031558
2010-04-26,43.939681,44.009194,43.705081,43.800659,67361000,37.986391,0.1,0.26,-0.44,-0.22,39.125983,36.087072
2010-04-27,43.626873,43.818029,42.757985,42.870941,112608000,38.034994,-0.4,0.04,-2.38,-2.12,39.176043,36.133244
2010-04-28,43.096859,43.122927,42.558149,42.897015,130082100,38.083372,0.53,0.59,-0.73,0.06,39.225873,36.179203
2010-04-29,43.140303,43.731147,43.105547,43.644257,84180200,38.138704,0.57,1.94,0.49,1.74,39.282865,36.231769
2010-04-30,43.626877,43.69639,42.749301,42.784058,110897000,38.184927,-0.04,0.12,-2.05,-1.97,39.330474,36.27568
2010-05-03,42.966536,43.592134,42.949158,43.383602,74169700,38.236655,0.43,1.89,0.39,1.4,39.383754,36.324822
2010-05-04,42.853579,42.853579,41.776159,42.080269,141136500,38.2749,-1.22,-1.22,-3.71,-3.0,39.423147,36.361155
2010-05-05,41.637132,42.141089,41.393844,41.863045,128560200,38.310603,-1.05,0.14,-1.63,-0.52,39.459921,36.395072
2010-05-06,41.576303,41.984681,37.049395,40.464127,274356800,38.332031,-0.68,0.29,-11.5,-3.34,39.481992,36.415429
2010-05-07,40.160043,40.663997,38.474396,39.456242,288200400,38.343217,-0.75,0.49,-4.92,-2.49,39.493513,36.426056
2010-05-10,41.211376,41.532863,41.10711,41.506798,136041600,38.374695,4.45,5.26,4.18,5.2,39.525936,36.45596
2010-05-11,41.089719,42.045494,41.011519,41.463341,113016100,38.405428,-1.0,1.3,-1.19,-0.1,39.557591,36.485157
2010-05-12,41.689258,42.280102,41.619749,42.245346,85462400,38.443636,0.54,1.97,0.38,1.89,39.596945,36.521454
2010-05-13,42.062884,42.393063,41.47204,41.576305,102844300,38.474807,-0.43,0.35,-1.83,-1.58,39.629051,36.551067
2010-05-14,41.26351,41.289576,40.299044,40.776932,147386100,38.497714,-0.75,-0.69,-3.07,-1.92,39.652645,36.572828
2010-05-17,40.85513,41.072352,40.029686,40.907265,120969600,38.521689,0.19,0.72,-1.83,0.32,39.67734,36.595605
2010-05-18,41.254831,41.341722,40.160033,40.342499,153072100,38.539807,0.85,1.06,-1.83,-1.38,39.696001,36.612817
2010-05-19,40.194771,40.516262,39.577861,40.020996,159000300,38.554545,-0.37,0.43,-1.9,-0.8,39.711181,36.626818
2010-05-20,39.238995,39.343261,38.448307,38.535194,189289800,38.554353,-1.95,-1.69,-3.93,-3.71,39.710983,36.626635
2010-05-21,37.935657,39.656055,37.787947,38.960945,190631100,38.558398,-1.56,2.91,-1.94,1.1,39.71515,36.630478
2010-05-24,38.943576,39.386711,38.787176,38.804554,113038000,38.560848,-0.04,1.09,-0.45,-0.4,39.717673,36.632805
2010-05-25,37.953047,38.891445,37.562046,38.839314,155643000,38.563618,-2.19,0.22,-3.2,0.09,39.720527,36.635437
2010-05-26,39.108686,39.595265,38.335375,38.404888,140203200,38.562039,0.69,1.95,-1.3,-1.12,39.7189,36.633937
2010-05-27,39.27375,39.873282,39.178172,39.855904,110671600,38.574913,2.26,3.82,2.01,3.78,39.732161,36.646168
2010-05-28,39.925432,39.960188,39.273765,39.621319,128535300,38.585325,0.17,0.26,-1.46,-0.59,39.742885,36.656059
2010-06-01,39.473596,40.186085,39.212931,39.256374,104242700,38.592002,-0.37,1.43,-1.03,-0.92,39.749762,36.662402
2010-06-02,39.482288,40.212154,39.212934,40.186089,97249300,38.607864,0.58,2.43,-0.11,2.37,39.7661,36.677471
2010-06-03,40.299052,40.637918,40.038386,40.568405,98928400,38.627372,0.28,1.12,-0.37,0.95,39.786193,36.696003
2010-06-04,39.708219,40.220863,39.047861,39.178196,112849900,38.632853,-2.12,-0.86,-3.75,-3.43,39.791838,36.70121
2010-06-07,39.378003,39.499647,38.422228,38.465672,88436600,38.631189,0.51,0.82,-1.93,-1.82,39.790125,36.69963
2010-06-08,38.535197,38.648154,37.874844,38.396175,133030100,38.628851,0.18,0.47,-1.54,-0.18,39.787716,36.697408
2010-06-09,38.665525,39.021769,37.961724,38.07468,101949200,38.623337,0.7,1.63,-1.13,-0.84,39.782037,36.69217
2010-06-10,38.543883,39.204237,38.439618,39.160793,76892300,38.628684,1.23,2.97,0.96,2.85,39.787545,36.69725
2010-06-11,38.761117,39.569184,38.761117,39.534428,74346800,38.637697,-1.02,1.04,-1.02,0.95,39.796828,36.705812
2010-06-14,39.899353,40.1774,39.456221,39.525734,68085000,38.646533,0.92,1.63,-0.2,-0.02,39.805929,36.714206
2010-06-15,39.734263,40.637908,39.490976,40.585773,76332600,38.665829,0.53,2.81,-0.09,2.68,39.825804,36.732537
2010-06-16,40.472818,40.959393,40.403305,40.750862,78399700,38.686575,-0.28,0.92,-0.45,0.41,39.847173,36.752247
2010-06-17,40.976769,40.994148,40.524947,40.881191,77111900,38.708412,0.55,0.6,-0.55,0.32,39.869665,36.772992
2010-06-18,40.958672,41.211128,40.793272,40.915146,75921400,38.73037,0.19,0.81,-0.22,0.08,39.892281,36.793851
2010-06-21,41.437464,41.507108,40.331887,40.566929,95488100,38.748644,1.28,1.45,-1.43,-0.85,39.911103,36.811212
2010-06-22,40.741045,41.037027,40.175199,40.253548,94493400,38.763618,0.43,1.16,-0.97,-0.77,39.926527,36.825437
2010-06-23,40.297068,40.453765,39.774745,40.088139,92397600,38.776798,0.11,0.5,-1.19,-0.41,39.940102,36.837958
2010-06-24,39.914031,40.035909,39.348185,39.478764,114145900,38.783782,-0.43,-0.13,-1.85,-1.52,39.947296,36.844593
2010-06-25,39.695952,39.82679,39.207496,39.486614,88740300,38.790776,0.55,0.88,-0.69,0.02,39.954499,36.851237
2010-06-28,39.486624,39.730852,39.085392,39.347065,71350000,38.796311,0.0,0.62,-1.02,-0.35,39.9602,36.856495
2010-06-29,38.7452,38.780091,37.567669,37.829342,136384200,38.786689,-1.53,-1.44,-4.52,-3.86,39.95029,36.847355
2010-06-30,37.707219,38.091007,37.192594,37.253651,101313200,38.771435,-0.32,0.69,-1.68,-1.52,39.934578,36.832863
2010-07-01,37.367064,37.471733,36.43376,37.149002,158695000,38.755292,0.3,0.59,-2.2,-0.28,39.91795,36.817527
2010-07-02,37.210045,37.349604,36.712864,37.044319,78565300,38.738267,0.16,0.54,-1.17,-0.28,39.900415,36.801354
2010-07-06,37.593834,37.829341,36.852426,37.157711,88591900,38.72254,1.48,2.12,-0.52,0.31,39.884216,36.786413
2010-07-07,37.279836,38.387587,37.244945,38.343975,72448400,38.718773,0.33,3.31,0.23,3.19,39.880336,36.782835
2010-07-08,38.649262,38.710319,38.099745,38.553314,78264600,38.717127,0.8,0.96,-0.64,0.55,39.878641,36.781271
2010-07-09,38.535875,38.928387,38.448652,38.919662,47851200,38.719142,-0.05,0.97,-0.27,0.95,39.880716,36.783185
2010-07-12,38.884763,39.277271,38.780091,39.033043,60927500,38.722266,-0.09,0.92,-0.36,0.29,39.883934,36.786152
2010-07-13,39.373223,39.687232,39.076659,39.538952,93310500,38.730392,0.87,1.68,0.11,1.3,39.892304,36.793872
2010-07-14,39.617453,39.957632,39.460452,39.739571,87687100,38.740433,0.2,1.06,-0.2,0.51,39.902646,36.803412
2010-07-15,39.661066,39.896573,39.242388,39.774456,95992500,38.750722,-0.2,0.4,-1.25,0.09,39.913244,36.813186
2010-07-16,39.634908,39.800638,38.640547,38.675438,98831900,38.749973,-0.35,0.07,-2.85,-2.76,39.912472,36.812474
2010-07-19,38.788816,39.08538,38.466082,39.006878,81800800,38.752529,0.29,1.06,-0.54,0.86,39.915105,36.814903
2010-07-20,38.378868,39.477898,38.256754,39.477898,89061200,38.759747,-1.61,1.21,-1.92,1.21,39.922539,36.82176
2010-07-21,39.896589,39.914031,38.867337,38.937115,83577000,38.761512,1.06,1.1,-1.55,-1.37,39.924357,36.823436
2010-07-22,39.486614,40.105908,39.460447,39.922737,82890300,38.773066,1.41,3.0,1.34,2.53,39.936258,36.834413
2010-07-23,39.652336,40.210573,39.582558,40.175686,81056100,38.787023,-0.68,0.72,-0.85,0.63,39.950633,36.847672
2010-07-26,40.228038,40.524602,40.044866,40.507156,64850900,38.804138,0.13,0.87,-0.33,0.83,39.968263,36.863932
2010-07-27,40.681577,40.751358,40.30651,40.489681,67655600,38.82091,0.43,0.6,-0.5,-0.04,39.985537,36.879865
2010-07-28,40.446092,40.629266,40.018693,40.166973,51988200,38.834304,-0.11,0.34,-1.16,-0.8,39.999333,36.892589
2010-07-29,40.402451,40.480954,39.469148,39.87038,85669500,38.844613,0.59,0.78,-1.74,-0.74,40.009951,36.902382
2010-07-30,39.538945,40.201851,39.312159,39.957623,98958100,38.855688,-0.83,0.83,-1.4,0.22,40.021358,36.912903
2010-08-02,40.463528,40.812428,40.306523,40.707756,68706800,38.874116,1.27,2.14,0.87,1.88,40.04034,36.93041
2010-08-03,40.681598,40.733934,40.341422,40.533318,60856600,38.890626,-0.06,0.06,-0.9,-0.43,40.057344,36.946094
2010-08-04,40.716474,40.986871,40.559469,40.943256,43820600,38.91105,0.45,1.12,0.06,1.01,40.078381,36.965497
2010-08-05,40.742645,40.925816,40.576919,40.847317,39150200,38.930316,-0.49,-0.04,-0.89,-0.23,40.098226,36.9838
2010-08-06,40.402471,40.864761,40.166964,40.786259,71339200,38.948783,-1.09,0.04,-1.67,-0.15,40.117247,37.001344
2010-08-09,40.995603,41.161328,40.812432,41.065384,26927600,38.969844,0.51,0.92,0.06,0.68,40.138939,37.021352
2010-08-10,40.733926,40.951987,40.36758,40.707756,86694500,38.987137,-0.81,-0.28,-1.7,-0.87,40.156751,37.03778
2010-08-11,40.036145,40.053587,39.434292,39.600021,92219700,38.993235,-1.65,-1.61,-3.13,-2.72,40.163032,37.043573
2010-08-12,38.841152,39.460449,38.771374,39.285999,66000200,38.996148,-1.92,-0.35,-2.09,-0.79,40.166032,37.046341
2010-08-13,39.137713,39.303442,38.998154,39.006878,46387300,38.996255,-0.38,0.04,-0.73,-0.71,40.166142,37.046442
2010-08-16,38.814987,39.347058,38.640537,39.07666,55472900,38.997055,-0.49,0.87,-0.94,0.18,40.166967,37.047202
2010-08-17,39.355783,39.931466,39.277281,39.573845,56927100,39.002794,0.71,2.19,0.51,1.27,40.172878,37.052654
2010-08-18,39.495336,39.96635,39.347055,39.730843,61835400,39.010038,-0.2,0.99,-0.57,0.4,40.180339,37.059536
2010-08-19,39.49534,39.652345,38.867324,39.128998,82969500,39.011222,-0.59,-0.2,-2.17,-1.51,40.181559,37.060661
2010-08-20,39.067938,39.277276,38.849876,39.181328,65806700,39.012915,-0.16,0.38,-0.71,0.13,40.183302,37.062269
2010-08-23,39.425546,39.54766,38.780082,38.797527,69612200,39.010771,0.62,0.93,-1.02,-0.98,40.181095,37.060233
2010-08-24,38.352693,38.483528,37.916569,38.073574,79095800,39.001446,-1.15,-0.81,-2.27,-1.87,40.171489,37.051374
2010-08-25,37.80319,38.605656,37.742133,38.43993,87247900,38.995859,-0.71,1.4,-0.87,0.96,40.165735,37.046066
2010-08-26,38.570763,38.657986,37.942744,37.977634,91199000,38.985727,0.34,0.57,-1.29,-1.2,40.155299,37.036441
2010-08-27,38.256759,38.518432,37.480459,38.43993,109568800,38.980296,0.73,1.42,-1.31,1.22,40.149705,37.031282
2010-08-30,38.256758,38.596934,38.029972,38.038696,49373200,38.970927,-0.48,0.41,-1.07,-1.04,40.140055,37.022381
2010-08-31,37.838086,38.24804,37.663635,37.907864,72066900,38.96035,-0.53,0.55,-0.99,-0.34,40.12916,37.012332
2010-09-01,38.466092,39.172613,38.439926,39.041775,83523100,38.96116,1.47,3.34,1.4,2.99,40.129995,37.013102
2010-09-02,39.111556,39.495343,39.015608,39.477898,41816800,38.966301,0.18,1.16,-0.07,1.12,40.13529,37.017986
2010-09-03,39.914022,40.140808,39.730851,40.132084,64041100,38.977901,1.1,1.68,0.64,1.66,40.147238,37.029006
2010-09-07,39.966348,40.149519,39.800622,39.861679,51195200,38.986695,-0.41,0.04,-0.83,-0.67,40.156296,37.03736
2010-09-08,39.975073,40.515865,39.966349,40.341415,66879800,39.000175,0.28,1.64,0.26,1.2,40.17018,37.050166
2010-09-09,40.699049,40.733939,40.402484,40.498432,61476400,39.015083,0.89,0.97,0.15,0.39,40.185535,37.064329
2010-09-10,40.542022,40.707747,40.341405,40.64669,66995700,39.031318,0.11,0.52,-0.39,0.37,40.202257,37.079752
2010-09-13,40.960701,41.318322,40.943256,41.213654,64523400,39.053033,0.77,1.65,0.73,1.39,40.224624,37.100381
2010-09-14,41.161325,41.606173,41.065381,41.388111,91405800,39.076267,-0.13,0.95,-0.36,0.42,40.248555,37.122454
2010-09-15,41.283442,41.693396,41.161325,41.649784,67108200,39.101874,-0.25,0.74,-0.55,0.63,40.274931,37.146781
2010-09-16,41.571278,41.850397,41.466609,41.815506,66885800,39.128876,-0.19,0.48,-0.44,0.4,40.302742,37.172432
2010-09-17,42.088302,42.088302,41.74733,41.957161,76372600,39.157018,0.65,0.65,-0.16,0.34,40.331728,37.199167
2010-09-20,42.114525,42.778986,42.062069,42.691559,84475000,39.192187,0.38,1.96,0.25,1.75,40.367953,37.232578
2010-09-21,42.717776,42.988804,42.499204,42.682804,82272000,39.22692,0.06,0.7,-0.45,-0.02,40.403727,37.265574
2010-09-22,42.507953,42.85767,42.333094,42.569153,88315900,39.260176,-0.41,0.41,-0.82,-0.27,40.437981,37.297167
2010-09-23,42.289373,42.980062,42.245659,42.551659,85040000,39.292927,-0.66,0.97,-0.76,-0.04,40.471715,37.328281
2010-09-24,43.032516,43.44343,42.971316,43.417202,79495900,39.333965,1.13,2.1,0.99,2.03,40.513983,37.367266
2010-09-27,43.390991,43.495905,43.146188,43.18116,43859800,39.372245,-0.06,0.18,-0.62,-0.54,40.553412,37.403633
2010-09-28,43.286062,43.312293,42.481717,43.163662,104922900,39.409971,0.24,0.3,-1.62,-0.04,40.59227,37.439472
2010-09-29,43.102469,43.303555,42.936355,43.093727,81679200,39.446625,-0.14,0.32,-0.53,-0.16,40.630024,37.474294
2010-09-30,43.312303,43.57459,42.621614,42.901386,122458600,39.481001,0.51,1.12,-1.1,-0.45,40.665431,37.506951
2010-10-01,43.259836,43.30355,42.647833,42.848919,77675400,39.514512,0.84,0.94,-0.59,-0.12,40.699948,37.538787
2010-10-04,42.726524,42.883896,42.140751,42.385551,71359900,39.54308,-0.29,0.08,-1.65,-1.08,40.729372,37.565926
2010-10-05,42.866399,43.50463,42.840171,43.417202,99301300,39.581628,1.13,2.64,1.07,2.43,40.769077,37.602547
2010-10-06,43.364757,43.46093,42.761499,43.041271,81831200,39.616053,-0.12,0.1,-1.51,-0.87,40.804534,37.63525
2010-10-07,43.286059,43.31229,42.840173,43.198631,75693300,39.6517,0.57,0.63,-0.47,0.37,40.841251,37.669115
2010-10-08,43.216127,43.600813,42.910127,43.495899,83223900,39.689951,0.04,0.93,-0.67,0.69,40.880649,37.705453
2010-10-11,43.522135,43.731966,43.382249,43.513393,46880000,39.727995,0.06,0.54,-0.26,0.04,40.919835,37.741595
2010-10-12,43.443412,43.898043,43.067468,43.810616,88571700,39.768618,-0.16,0.88,-1.02,0.68,40.961677,37.780187
2010-10-13,44.090416,44.370188,43.959271,44.169102,71122900,39.812404,0.64,1.28,0.34,0.82,41.006776,37.821784
2010-10-14,44.195354,44.27404,43.863123,44.081696,68464000,39.854885,0.06,0.24,-0.69,-0.2,41.050531,37.86214
2010-10-15,44.623731,45.025904,44.265273,45.017162,104654000,39.906251,1.23,2.14,0.42,2.12,41.103438,37.910938
2010-10-18,45.025898,45.218243,44.85104,44.85104,72399400,39.955452,0.02,0.45,-0.37,-0.37,41.154116,37.95768
2010-10-19,44.431412,44.85107,44.081694,44.431412,105739800,39.999989,-0.94,0.0,-1.72,-0.94,41.199989,37.99999
2010-10-20,44.553778,45.087095,44.475091,44.754864,80861400,40.047302,0.28,1.48,0.1,0.73,41.248721,38.044936
2010-10-21,45.034642,45.2095,44.405156,44.8423,85885400,40.095013,0.63,1.02,-0.78,0.2,41.297863,38.090262
2010-10-22,44.851042,45.192014,44.772355,45.1483,47406900,40.145294,0.02,0.78,-0.16,0.68,41.349653,38.13803
2010-10-25,45.331891,45.664122,45.331891,45.366863,51413900,40.19725,0.41,1.14,0.41,0.48,41.403168,38.187388
2010-10-26,45.139563,45.594194,44.95596,45.489277,60498300,40.249907,-0.5,0.5,-0.91,0.27,41.457405,38.237412
2010-10-27,45.253217,45.664134,45.16579,45.629162,57483400,40.303432,-0.52,0.38,-0.71,0.31,41.512535,38.288261
2010-10-28,45.82151,45.856483,45.323166,45.725338,61220000,40.357382,0.42,0.5,-0.67,0.21,41.568103,38.339512
2010-10-29,45.725332,45.891449,45.611674,45.620419,46668700,40.40975,-0.0,0.36,-0.25,-0.23,41.622043,38.389263
2010-11-01,45.786518,46.118749,45.445546,45.655376,60555600,40.461945,0.36,1.09,-0.38,0.08,41.675804,38.438848
2010-11-02,46.031338,46.276138,45.970138,46.144993,48137500,40.518493,0.82,1.36,0.69,1.07,41.734048,38.492568
2010-11-03,46.188718,46.372318,45.777801,46.354832,126225800,40.576566,0.09,0.49,-0.8,0.45,41.793863,38.547738
2010-11-04,46.861907,47.089224,46.77448,46.923107,84201000,40.639716,1.09,1.58,0.91,1.23,41.858907,38.60773
2010-11-05,46.949338,47.04551,46.783221,46.923107,77937100,40.702237,0.06,0.26,-0.3,0.0,41.923304,38.667125
2010-11-08,46.844432,47.063004,46.730773,46.984318,39623500,40.764745,-0.17,0.3,-0.41,0.13,41.987688,38.726508
2010-11-09,47.167919,47.246605,46.520943,46.730774,66828700,40.824109,0.39,0.56,-0.99,-0.54,42.048832,38.782903
2010-11-10,46.791973,47.010545,46.424769,46.966831,83553700,40.88523,0.13,0.6,-0.65,0.51,42.111787,38.840969
2010-11-11,46.25865,46.756995,46.040078,46.669567,85163600,40.942786,-1.51,-0.45,-1.97,-0.63,42.17107,38.895647
2010-11-12,46.424743,46.660802,45.559199,45.908913,99164300,40.9922,-0.52,-0.02,-2.38,-1.63,42.221966,38.94259
2010-11-15,46.144983,46.232414,45.716584,45.73407,56723400,41.039383,0.51,0.7,-0.42,-0.38,42.270565,38.987414
2010-11-16,45.410589,45.68162,44.457614,44.982189,101097000,41.078615,-0.71,-0.11,-2.79,-1.64,42.310973,39.024684
2010-11-17,45.008425,45.349397,44.894766,45.113338,77836200,41.118761,0.06,0.82,-0.19,0.29,42.352324,39.062823
2010-11-18,45.602946,46.153749,45.576718,45.839005,71488300,41.165729,1.09,2.31,1.03,1.61,42.400701,39.107443
2010-11-19,45.777782,45.978869,45.585438,45.873955,54506100,41.212577,-0.13,0.31,-0.55,0.08,42.448954,39.151948
2010-11-22,45.690366,46.258656,45.61168,46.258656,69918900,41.262787,-0.4,0.84,-0.57,0.84,42.50067,39.199647
2010-11-23,45.78654,45.856485,45.261968,45.524254,76818300,41.305189,-1.02,-0.87,-2.15,-1.59,42.544345,39.23993
2010-11-24,45.970132,46.555904,45.952646,46.442245,53444200,41.356304,0.98,2.27,0.94,2.02,42.596994,39.288489
2010-11-26,46.144999,46.451002,46.048826,46.136257,23640300,41.403866,-0.64,0.02,-0.85,-0.66,42.645982,39.333673
2010-11-29,46.075064,46.249923,45.550488,46.101292,89269100,41.450607,-0.13,0.25,-1.27,-0.08,42.694125,39.378076
2010-11-30,45.620415,46.110018,45.358129,45.541729,118862100,41.491314,-1.04,0.02,-1.61,-1.21,42.736054,39.416749
2010-12-01,46.214942,46.739515,46.197456,46.503456,81758800,41.541186,1.48,2.63,1.44,2.11,42.787422,39.464127
2010-12-02,46.573391,47.045508,46.520932,46.975563,56844600,41.59526,0.15,1.17,0.04,1.02,42.843118,39.515497
2010-12-03,46.77449,47.159177,46.77449,47.097977,38014200,41.650013,-0.43,0.39,-0.43,0.26,42.899514,39.567513
2010-12-06,47.106706,47.167906,46.931847,47.080475,39312000,41.704048,0.02,0.15,-0.35,-0.04,42.955169,39.618845
2010-12-07,47.648767,47.666253,47.05425,47.106709,59067300,41.757806,1.21,1.24,-0.06,0.06,43.01054,39.669915
2010-12-08,47.2291,47.342759,46.940583,47.281559,48066900,41.812768,0.26,0.5,-0.35,0.37,43.067151,39.72213
2010-12-09,47.570095,47.596322,47.167922,47.325294,51679800,41.867619,0.61,0.67,-0.24,0.09,43.123648,39.774238
2010-12-10,47.465175,47.692489,47.290317,47.640034,44696200,41.925056,0.3,0.78,-0.07,0.67,43.182808,39.828803
2010-12-13,47.823632,47.858605,47.447687,47.473915,53110200,41.980269,0.39,0.46,-0.4,-0.35,43.239677,39.881255
2010-12-14,47.596306,47.753678,47.412706,47.561337,69884800,42.035802,0.26,0.59,-0.13,0.18,43.296876,39.934012
2010-12-15,47.535128,47.823645,47.23787,47.351528,76951900,42.088695,-0.06,0.55,-0.68,-0.44,43.351355,39.98426
2010-12-16,47.39523,47.788661,47.264089,47.718719,65519400,42.144715,0.09,0.92,-0.18,0.78,43.409056,40.037479
2010-12-17,47.77829,47.900932,47.664406,47.760769,36844200,42.200596,0.12,0.38,-0.11,0.09,43.466614,40.090566
2010-12-20,47.84837,47.971013,47.4454,47.795811,48159600,42.25627,0.18,0.44,-0.66,0.07,43.523958,40.143456
2010-12-21,47.97977,48.084892,47.848366,48.084892,35775400,42.314266,0.38,0.6,0.11,0.6,43.583694,40.198553
2010-12-22,48.067379,48.146221,47.997299,48.076141,35766500,42.371598,-0.04,0.13,-0.18,-0.02,43.642746,40.253018
2010-12-23,47.988533,48.067376,47.839611,47.953495,21664800,42.427139,-0.18,-0.02,-0.49,-0.26,43.699953,40.305782
2010-12-27,47.813328,48.058613,47.489197,47.979771,29263700,42.482389,-0.29,0.22,-0.97,0.05,43.756861,40.35827
2010-12-28,48.076126,48.111164,47.787037,47.892159,24160500,42.536218,0.2,0.27,-0.4,-0.18,43.812304,40.409407
2010-12-29,48.023579,48.093662,47.944737,47.997299,24132700,42.590557,0.27,0.42,0.11,0.22,43.868274,40.461029
2010-12-30,47.997288,48.006046,47.787041,47.883404,27553300,42.643222,-0.0,0.02,-0.44,-0.24,43.922519,40.511061
2010-12-31,47.822094,47.848374,47.489204,47.70821,38540100,42.69362,-0.13,-0.07,-0.82,-0.37,43.974429,40.558939
2011-01-03,48.154968,48.785702,48.137447,48.452816,90994300,42.750925,0.94,2.26,0.9,1.56,44.033453,40.613379
2011-01-04,48.628029,48.663071,48.111176,48.417786,43851500,42.807312,0.36,0.43,-0.71,-0.07,44.091531,40.666946
2011-01-05,48.268864,48.847039,48.242584,48.829521,43787400,42.867235,-0.31,0.89,-0.36,0.85,44.153252,40.723873
2011-01-06,48.882061,49.022224,48.776939,48.987183,46139600,42.92813,0.11,0.39,-0.11,0.32,44.215973,40.781723
2011-01-07,49.074795,49.101074,48.461578,48.94339,72261700,42.987983,0.18,0.23,-1.07,-0.09,44.277622,40.838584
2011-01-10,48.838272,49.214962,48.68935,49.127361,55551800,43.049071,-0.21,0.55,-0.52,0.38,44.340543,40.896618
2011-01-11,49.328854,49.372654,49.013485,49.197449,56663800,43.110249,0.41,0.5,-0.23,0.14,44.403557,40.954737
2011-01-12,49.433964,49.547848,49.232479,49.547848,51979300,43.174305,0.48,0.71,0.07,0.71,44.469534,41.01559
2011-01-13,49.582886,49.69677,49.416443,49.565369,47364500,43.237898,0.07,0.3,-0.27,0.04,44.535034,41.076003
2011-01-14,49.58289,49.950821,49.460247,49.9333,43867400,43.304518,0.04,0.78,-0.21,0.74,44.603654,41.139293
2011-01-18,49.556625,50.1348,49.486545,50.073479,65805600,43.371871,-0.75,0.4,-0.89,0.28,44.673027,41.203278
2011-01-19,50.161061,50.161061,49.3376,49.504044,67767200,43.432888,0.17,0.17,-1.47,-1.14,44.735875,41.261244
2011-01-20,49.293816,49.363896,48.776962,49.153652,92357800,43.489811,-0.42,-0.28,-1.47,-0.71,44.794505,41.31532
2011-01-21,49.398919,49.486523,48.750664,48.776943,59673300,43.542419,0.5,0.68,-0.82,-0.77,44.848692,41.365298
2011-01-24,48.873325,49.460259,48.776962,49.4515,64103300,43.601216,0.2,1.4,0.0,1.38,44.909253,41.421155
2011-01-25,49.2062,49.539089,49.101078,49.521568,55305100,43.660125,-0.5,0.18,-0.71,0.14,44.969929,41.477119
2011-01-26,49.591652,49.915779,49.451488,49.784378,60547700,43.721063,0.14,0.8,-0.14,0.53,45.032695,41.53501
2011-01-27,49.942063,50.23991,49.86322,50.090988,53656100,43.784445,0.32,0.92,0.16,0.62,45.097979,41.595223
2011-01-28,50.082238,50.126042,48.593002,48.820766,123359900,43.834558,-0.02,0.07,-2.99,-2.54,45.149595,41.64283
2011-01-31,48.890835,49.197441,48.522903,49.057278,70571300,43.886525,0.14,0.77,-0.61,0.48,45.203121,41.692199
2011-02-01,49.425205,50.090984,49.372646,49.9771,76952900,43.947128,0.75,2.11,0.64,1.87,45.265542,41.749772
2011-02-02,49.871998,50.082241,49.793155,49.898277,48661000,44.006343,-0.21,0.21,-0.37,-0.16,45.326534,41.806026
2011-02-03,49.801911,50.055958,49.407703,49.985878,45341900,44.065841,-0.19,0.32,-0.98,0.18,45.387816,41.862549
2011-02-04,49.9771,50.301228,49.845699,50.26619,47647800,44.127536,-0.02,0.63,-0.28,0.56,45.451362,41.921159
2011-02-07,50.362564,50.783055,50.283722,50.502728,45627100,44.190971,0.19,1.03,0.03,0.47,45.5167,41.981422
2011-02-08,50.520244,50.870655,50.423885,50.835613,38099900,44.257087,0.03,0.73,-0.16,0.66,45.584799,42.044232
2011-02-09,50.75676,50.914444,50.590317,50.748001,62540800,44.321673,-0.16,0.16,-0.48,-0.17,45.651323,42.105589
2011-02-10,50.415127,50.896939,50.362567,50.826859,70194700,44.386401,-0.66,0.29,-0.76,0.16,45.717993,42.167081
2011-02-11,50.677913,51.229809,50.607833,51.194767,47853500,44.454146,-0.29,0.79,-0.43,0.72,45.787771,42.231439
2011-02-14,51.194779,51.387505,51.14222,51.317425,48506100,44.522438,0.0,0.38,-0.1,0.24,45.858111,42.296316
2011-02-15,51.194779,51.308662,51.010815,51.247341,39723800,44.589352,-0.24,-0.02,-0.6,-0.14,45.927033,42.359884
2011-02-16,51.37875,51.720398,51.361229,51.580235,53061700,44.658913,0.26,0.92,0.22,0.65,45.99868,42.425967
2011-02-17,51.326183,51.659073,51.291141,51.56271,38361900,44.727607,-0.49,0.15,-0.56,-0.03,46.069436,42.491227
2011-02-18,51.562698,51.659061,51.256088,51.448814,44334300,44.794485,-0.0,0.19,-0.59,-0.22,46.13832,42.554761
2011-02-22,50.747997,50.923203,49.880733,49.959576,92598100,44.845879,-1.36,-1.02,-3.05,-2.89,46.191255,42.603585
2011-02-23,49.959576,50.134781,49.171158,49.547848,97842900,44.892665,0.0,0.35,-1.58,-0.82,46.239445,42.648032
2011-02-24,49.652973,49.95958,49.17992,49.810658,98716100,44.9416,0.21,0.83,-0.74,0.53,46.289848,42.69452
2011-02-25,50.090996,50.564049,50.038433,50.502728,54094600,44.996935,0.56,1.51,0.46,1.39,46.346843,42.747088
2011-02-28,50.704212,50.853134,50.310001,50.607849,51402800,45.052765,0.4,0.69,-0.38,0.21,46.404348,42.800126
2011-03-01,50.826836,50.826836,49.670486,49.793129,91993900,45.099933,0.43,0.43,-1.85,-1.61,46.452931,42.844936
2011-03-02,49.766861,50.380074,49.74934,50.055946,61552900,45.149246,-0.05,1.18,-0.09,0.53,46.503723,42.891784
2011-03-03,50.520244,51.133461,50.520244,51.04586,64146600,45.207919,0.93,2.15,0.93,1.98,46.564156,42.947523
2011-03-04,51.028317,51.037075,50.450142,50.783031,62328400,45.263393,-0.03,-0.02,-1.17,-0.51,46.621294,43.000223
2011-03-07,50.993302,51.037103,49.644226,50.099758,98470000,45.311516,0.41,0.5,-2.24,-1.35,46.670861,43.04594
2011-03-08,50.038433,50.529007,49.731826,50.301239,62399100,45.361165,-0.12,0.86,-0.73,0.4,46.722,43.093106
2011-03-09,50.11726,50.169823,49.688011,49.959576,84764200,45.40692,-0.37,-0.26,-1.22,-0.68,46.769128,43.136574
2011-03-10,49.398941,49.512825,48.978451,49.179935,102894400,45.444462,-1.12,-0.89,-1.96,-1.56,46.807796,43.172239
2011-03-11,48.899605,49.635464,48.899605,49.486542,81679400,45.484682,-0.57,0.93,-0.57,0.62,46.849223,43.210448
2011-03-14,49.214954,49.574124,48.934627,49.311317,73565800,45.522758,-0.55,0.18,-1.12,-0.35,46.888441,43.24662
2011-03-15,47.865905,48.899613,47.716983,48.610527,101276500,45.553482,-2.93,-0.83,-3.23,-1.42,46.920087,43.275808
2011-03-16,48.207547,48.479116,47.10376,47.436649,176507700,45.57222,-0.83,-0.27,-3.1,-2.41,46.939387,43.293609
2011-03-17,48.190034,48.391522,47.419136,47.874668,94434500,45.59513,1.59,2.01,-0.04,0.92,46.962984,43.315374
2011-03-18,48.44224,48.44224,47.731659,47.76675,94887200,45.616738,1.19,1.19,-0.3,-0.23,46.98524,43.335901
2011-03-21,48.494876,48.933505,47.810615,48.687874,57423000,45.647297,1.52,2.44,0.09,1.93,47.016716,43.364932
2011-03-22,48.758058,48.784375,48.494878,48.600151,36162100,45.676678,0.14,0.2,-0.4,-0.18,47.046979,43.392845
2011-03-23,48.424685,49.012447,48.091326,48.872086,60365100,45.708474,-0.36,0.85,-1.05,0.56,47.079728,43.42305
2011-03-24,49.240522,49.845829,48.96857,49.740559,69502400,45.748594,0.75,1.99,0.2,1.78,47.121052,43.461164
2011-03-25,49.898483,50.196751,49.766893,49.863392,74131100,45.789537,0.32,0.92,0.05,0.25,47.163223,43.50006
2011-03-28,50.082708,50.091479,49.565125,49.591442,37824000,45.827367,0.44,0.46,-0.6,-0.55,47.202188,43.535999
2011-03-29,49.477404,50.07394,49.328268,50.07394,47994800,45.869621,-0.23,0.97,-0.53,0.97,47.24571,43.57614
2011-03-30,50.319577,50.380985,50.073945,50.310802,44935900,45.913812,0.49,0.61,0.0,0.47,47.291227,43.618122
2011-03-31,50.223075,50.424844,50.13535,50.380981,50004300,45.958262,-0.17,0.23,-0.35,0.14,47.33701,43.660349
2011-04-01,50.635384,50.793291,50.258163,50.407295,68031800,46.002531,0.5,0.82,-0.24,0.05,47.382607,43.702404
2011-04-04,50.547659,50.600296,50.021305,50.24062,48659100,46.044701,0.28,0.38,-0.77,-0.33,47.426042,43.742466
2011-04-05,50.144123,50.43362,50.003762,50.109032,55349400,46.085142,-0.19,0.38,-0.47,-0.26,47.467696,43.780885
2011-04-06,50.495038,50.64417,49.942364,50.231857,49532100,46.126403,0.77,1.07,-0.33,0.25,47.510195,43.820083
2011-04-07,50.214308,50.530118,49.837086,50.196762,60697000,46.166904,-0.03,0.59,-0.79,-0.07,47.551911,43.858559
2011-04-08,50.424835,50.503788,49.696711,49.959888,42782200,46.204645,0.45,0.61,-1.0,-0.47,47.590784,43.894413
2011-04-11,50.152885,50.258159,49.61776,49.793209,42451700,46.240352,0.39,0.6,-0.68,-0.33,47.627563,43.928334
2011-04-12,49.565129,49.687944,49.258089,49.451084,50422800,46.2723,-0.46,-0.21,-1.07,-0.69,47.660469,43.958685
2011-04-13,49.819528,50.003752,49.477398,49.872162,49979800,46.308119,0.75,1.12,0.05,0.85,47.697363,43.992713
2011-04-14,49.530029,49.854618,49.32826,49.784435,53544100,46.342709,-0.69,-0.04,-1.09,-0.18,47.732991,44.025574
2011-04-15,49.59145,49.889719,49.372136,49.696724,68530000,46.376083,-0.39,0.21,-0.83,-0.18,47.767365,44.057278
2011-04-18,49.19667,49.363348,48.529951,49.345802,69065000,46.405632,-1.01,-0.67,-2.35,-0.71,47.797801,44.08535
2011-04-19,49.47741,49.652859,49.214229,49.652859,38608400,46.437943,0.27,0.62,-0.27,0.62,47.831081,44.116046
2011-04-20,50.530126,50.828394,50.468718,50.775761,67397500,46.481105,1.77,2.37,1.64,2.26,47.875538,44.15705
2011-04-21,51.267012,51.293332,51.02138,51.179287,43666800,46.527853,0.97,1.02,0.48,0.79,47.923689,44.201461
2011-04-25,51.223139,51.337184,51.12664,51.310867,25376800,46.575445,0.09,0.31,-0.1,0.26,47.972709,44.246673
2011-04-26,51.442484,51.784615,51.32844,51.600391,49400000,46.625445,0.26,0.92,0.03,0.56,48.024208,44.294173
2011-04-27,51.696861,52.012675,51.460001,51.951267,56465500,46.678438,0.19,0.8,-0.27,0.68,48.078791,44.344516
2011-04-28,51.79338,51.960058,51.653019,51.872334,48100000,46.730119,-0.3,0.02,-0.57,-0.15,48.132022,44.393613
2011-04-29,51.775816,52.012677,51.740725,51.828453,44831200,46.780848,-0.19,0.27,-0.25,-0.08,48.184274,44.441806
2011-05-02,51.907413,52.056549,51.600374,51.731964,48149400,46.830113,0.15,0.44,-0.44,-0.19,48.235017,44.488608
2011-05-03,51.705643,51.75828,51.170518,51.486328,38100000,46.876444,-0.05,0.05,-1.09,-0.47,48.282737,44.532622
2011-05-04,51.512649,51.644236,50.97752,51.407375,53097200,46.921528,0.05,0.31,-0.99,-0.15,48.329173,44.575451
2011-05-05,51.152968,51.731959,50.951199,51.126648,72200000,46.96337,-0.49,0.63,-0.89,-0.55,48.372271,44.615201
2011-05-06,51.635473,51.933741,51.152981,51.293343,72507000,47.006454,1.0,1.58,0.05,0.33,48.416648,44.656131
2011-05-09,51.381058,51.688097,51.179289,51.486328,40022000,47.05103,0.17,0.77,-0.22,0.38,48.462561,44.698478
2011-05-10,51.635464,52.003911,51.565281,51.924957,38053600,47.099527,0.29,1.01,0.15,0.85,48.512512,44.74455
2011-05-11,51.845994,52.030221,51.196824,51.547726,61900000,47.143787,-0.15,0.2,-1.4,-0.73,48.558101,44.786598
2011-05-12,51.389821,51.924946,51.091553,51.854767,66100000,47.190663,-0.31,0.73,-0.88,0.6,48.606383,44.83113
2011-05-13,51.731954,51.819679,51.223143,51.240688,63506600,47.230961,-0.24,-0.07,-1.22,-1.18,48.64789,44.869413
2011-05-16,51.00383,51.161737,50.240615,50.35466,73115300,47.262043,-0.46,-0.15,-1.95,-1.73,48.679904,44.898941
2011-05-17,50.091495,50.503808,49.986225,50.495037,63136000,47.294212,-0.52,0.3,-0.73,0.28,48.713038,44.929501
2011-05-18,50.424856,51.003847,50.363448,50.916122,42351100,47.330251,-0.14,1.01,-0.26,0.83,48.750159,44.963738
2011-05-19,51.074025,51.179295,50.749437,51.06525,35015800,47.367415,0.31,0.52,-0.33,0.29,48.788438,44.999044
2011-05-20,51.01262,51.065253,50.609078,50.67926,44703300,47.400369,-0.1,0.0,-0.89,-0.76,48.82238,45.03035
2011-05-23,49.986211,50.135347,49.696718,49.933575,43700000,47.425575,-1.37,-1.07,-1.94,-1.47,48.848342,45.054296
2011-05-24,50.056392,50.065163,49.617762,49.626534,39314800,47.447475,0.25,0.26,-0.63,-0.61,48.870899,45.075101
2011-05-25,49.565136,50.056402,49.538819,49.819542,41369000,47.471078,-0.12,0.87,-0.18,0.39,48.89521,45.097524
2011-05-26,49.670382,50.266918,49.66161,50.126556,40564100,47.4975,-0.3,0.9,-0.32,0.62,48.922425,45.122625
2011-05-27,50.214303,50.433618,50.170438,50.380981,30127200,47.526192,0.18,0.61,0.09,0.51,48.951977,45.149882
2011-05-31,50.854719,51.19685,50.591539,51.19685,47590100,47.562716,0.94,1.62,0.42,1.62,48.989597,45.18458
2011-06-01,51.074029,51.196845,50.038863,50.082726,51795000,47.58779,-0.24,-0.0,-2.26,-2.18,49.015424,45.208401
2011-06-02,50.179213,50.363437,49.907262,50.187984,50198100,47.613663,0.19,0.56,-0.35,0.21,49.042073,45.23298
2011-06-03,49.608993,49.994989,49.363361,49.43354,57773700,47.631771,-1.15,-0.38,-1.64,-1.5,49.060724,45.250183
2011-06-06,49.319496,49.591444,49.003682,49.029999,50175600,47.645684,-0.23,0.32,-0.87,-0.82,49.075054,45.2634
2011-06-07,49.161587,49.354582,48.907181,48.942272,46311100,47.658585,0.27,0.66,-0.25,-0.18,49.088343,45.275656
2011-06-08,48.836997,48.924725,48.451005,48.591366,46426400,47.667867,-0.22,-0.04,-1.0,-0.72,49.097903,45.284473
2011-06-09,48.608929,48.915969,48.451022,48.679111,45307500,47.677929,0.04,0.67,-0.29,0.18,49.108267,45.294032
2011-06-10,48.450997,48.547496,47.889552,47.933414,53740600,47.680471,-0.47,-0.27,-1.62,-1.53,49.110885,45.296447
2011-06-13,47.959731,48.18782,47.766737,47.933414,37736800,47.682988,0.05,0.53,-0.35,0.0,49.113477,45.298838
2011-06-14,48.301884,48.66156,48.275564,48.547516,40565300,47.69159,0.77,1.52,0.71,1.28,49.122338,45.307011
2011-06-15,48.08256,48.380828,47.529886,47.626385,59022400,47.690941,-0.96,-0.34,-2.1,-1.9,49.121669,45.306394
2011-06-16,47.652698,47.810605,47.038616,47.442158,66316200,47.688466,0.06,0.39,-1.23,-0.39,49.11912,45.304042
2011-06-17,47.829884,48.005727,47.15288,47.293556,70337000,47.684536,0.82,1.19,-0.61,-0.31,49.115072,45.300309
2011-06-20,47.161693,47.680437,47.161693,47.539761,37402900,47.683096,-0.28,0.82,-0.28,0.52,49.113589,45.298941
2011-06-21,47.706815,48.61242,47.504594,48.559666,55892800,47.691818,0.35,2.26,-0.07,2.15,49.122572,45.307227
2011-06-22,48.357429,48.638781,48.199168,48.207962,36833300,47.696954,-0.42,0.16,-0.74,-0.72,49.127862,45.312106
2011-06-23,47.689232,48.682755,47.530971,48.65638,80743300,47.7065,-1.08,0.98,-1.4,0.93,49.137695,45.321175
2011-06-24,48.42778,48.47174,47.715605,47.812321,56298300,47.707553,-0.47,-0.38,-1.93,-1.73,49.13878,45.322175
2011-06-27,47.865073,48.82343,47.759567,48.577248,49968900,47.716207,0.11,2.11,-0.11,1.6,49.147693,45.330396
2011-06-28,48.682751,49.307004,48.612415,49.29821,47028800,47.731948,0.22,1.5,0.07,1.48,49.163907,45.345351
2011-06-29,49.412502,49.597139,49.148735,49.500423,65407300,47.749545,0.23,0.61,-0.3,0.41,49.182031,45.362068
2011-06-30,49.676274,50.195017,49.649898,50.159847,50347200,47.773528,0.36,1.4,0.3,1.33,49.206734,45.384852
2011-07-01,50.186225,50.986321,50.045546,50.915981,53203900,47.804796,0.05,1.65,-0.23,1.51,49.23894,45.414556
2011-07-05,50.968742,51.223715,50.845651,51.170963,43128800,47.83829,0.1,0.6,-0.14,0.5,49.273439,45.446376
2011-07-06,51.109423,51.425945,50.942368,51.33802,49282700,47.873114,-0.12,0.5,-0.45,0.33,49.309307,45.479458
2011-07-07,51.724878,52.190867,51.645748,52.041397,54799800,47.914589,0.75,1.66,0.6,1.37,49.352027,45.51886
2011-07-08,51.593002,51.909524,51.320441,51.90073,69519500,47.954252,-0.86,-0.25,-1.39,-0.27,49.39288,45.556539
2011-07-11,51.355602,51.619369,50.784104,50.959949,52080800,47.98416,-1.05,-0.54,-2.15,-1.81,49.423684,45.584952
2011-07-12,50.951146,51.056652,50.520323,50.573078,84000700,48.00992,-0.02,0.19,-0.86,-0.76,49.450217,45.609424
2011-07-13,50.942368,51.29406,50.59947,50.784107,82378100,48.037524,0.73,1.43,0.05,0.42,49.478649,45.635648
2011-07-14,50.915996,51.153387,50.001599,50.19503,98774200,48.058991,0.26,0.73,-1.54,-1.16,49.500761,45.656042
2011-07-15,50.757718,50.863224,50.388445,50.863224,68281500,48.086894,1.12,1.33,0.39,1.33,49.529501,45.68255
2011-07-18,50.58187,50.81047,50.098296,50.590664,59512200,48.111807,-0.55,-0.1,-1.5,-0.54,49.555162,45.706217
2011-07-19,51.074255,51.78643,51.074255,51.742466,73904600,48.147933,0.96,2.36,0.96,2.28,49.592371,45.740537
2011-07-20,52.032608,52.041399,51.434734,51.522655,57085500,48.181513,0.56,0.58,-0.59,-0.42,49.626958,45.772437
2011-07-21,51.57542,52.155709,51.294068,51.865566,70148800,48.21817,0.1,1.23,-0.44,0.67,49.664715,45.807261
2011-07-22,51.839174,52.489803,51.804004,52.401878,43620400,48.259799,-0.05,1.2,-0.12,1.03,49.707593,45.846809
2011-07-25,51.988632,52.586506,51.891917,52.29636,48916100,48.299964,-0.79,0.35,-0.97,-0.2,49.748963,45.884965
2011-07-26,52.261202,52.604103,52.155696,52.428257,40918900,48.341041,-0.07,0.59,-0.27,0.25,49.791272,45.923989
2011-07-27,52.085361,52.129321,50.942364,51.074249,83969500,48.368237,-0.65,-0.57,-2.83,-2.58,49.819284,45.949825
2011-07-28,51.100617,51.812792,50.898396,51.162163,61031900,48.396038,0.05,1.45,-0.34,0.17,49.847919,45.976236
2011-07-29,50.748927,51.531438,50.502742,50.99511,82860500,48.421899,-0.81,0.72,-1.29,-0.33,49.874556,46.000804
2011-08-01,51.610575,51.716081,50.142266,50.757725,85421100,48.445141,1.21,1.41,-1.67,-0.47,49.898495,46.022884
2011-08-02,50.52033,50.748931,49.421298,49.474052,90853300,48.455379,-0.47,-0.02,-2.63,-2.53,49.90904,46.03261
2011-08-03,49.535589,50.010371,48.665153,49.948826,103612300,48.470239,0.12,1.08,-1.63,0.96,49.924346,46.046727
2011-08-04,49.236659,49.31579,47.627674,47.627674,132830000,48.461855,-1.43,-1.27,-4.65,-4.65,49.915711,46.038763
2011-08-05,48.111258,48.383816,46.001113,47.328747,214111800,48.450581,1.02,1.59,-3.42,-0.63,49.904098,46.028052
2011-08-08,45.878019,46.70449,44.480049,44.480049,204804500,48.411073,-3.07,-1.32,-6.02,-6.02,49.863405,45.990519
2011-08-09,45.148262,46.669326,43.899763,46.625362,193707100,48.393305,1.5,4.92,-1.3,4.82,49.845104,45.973639
2011-08-10,45.57028,46.634143,44.664675,44.71743,205917900,48.356729,-2.26,0.02,-4.21,-4.09,49.807431,45.938892
2011-08-11,45.359279,47.205652,45.139472,46.686909,143825300,48.340114,1.44,5.56,0.94,4.4,49.790317,45.923108
2011-08-12,46.977052,47.39029,46.493479,47.100143,90483300,48.327776,0.62,1.51,-0.41,0.89,49.777609,45.911387
2011-08-15,47.293569,47.794727,47.064968,47.794727,73554300,48.322472,0.41,1.47,-0.07,1.47,49.772146,45.906348
2011-08-16,47.328748,47.785942,46.757249,47.390293,89219200,48.313196,-0.97,-0.02,-2.17,-0.85,49.762592,45.897536
2011-08-17,47.451834,47.847483,46.616568,47.108936,84416600,48.301214,0.13,0.96,-1.63,-0.59,49.75025,45.886153
2011-08-18,45.834061,45.842852,44.383336,44.796574,130019400,48.266342,-2.71,-2.69,-5.79,-4.91,49.714332,45.853024
2011-08-19,44.330588,45.429621,43.952523,43.98769,96674600,48.223768,-1.04,1.41,-1.88,-1.81,49.670481,45.812579
2011-08-22,45.042769,45.051563,44.014076,44.145958,77107700,48.183193,2.4,2.42,0.06,0.36,49.628688,45.774033
2011-08-23,44.444867,45.965927,44.26023,45.965927,75688400,48.16113,0.68,4.12,0.26,4.12,49.605964,45.753074
2011-08-24,45.83404,46.414329,45.464764,46.326405,80197700,48.142874,-0.29,0.98,-1.09,0.78,49.587161,45.735731
2011-08-25,46.300057,46.511073,45.41204,45.570301,93623700,48.117277,-0.06,0.4,-1.97,-1.63,49.560795,45.711413
2011-08-26,45.420831,46.871556,44.972427,46.713295,91573300,48.103307,-0.33,2.86,-1.31,2.51,49.546406,45.698141
2011-08-29,47.17928,48.067297,47.161695,48.014545,45985800,48.102423,1.0,2.9,0.96,2.79,49.545496,45.697302
2011-08-30,47.838694,48.621205,47.574927,48.331062,61617900,48.104698,-0.37,1.26,-0.92,0.66,49.547839,45.699464
2011-08-31,48.621207,49.008068,48.005748,48.410194,60900400,48.107738,0.6,1.4,-0.67,0.16,49.55097,45.702351
2011-09-01,48.533281,48.92014,47.882653,47.970577,57158400,48.106373,0.25,1.05,-1.09,-0.91,49.549565,45.701055
2011-09-02,47.108955,48.014557,46.590211,46.845184,58185700,48.093824,-1.8,0.09,-2.88,-2.35,49.536639,45.689133
2011-09-06,45.754918,46.924287,45.640618,46.853951,52992200,48.081487,-2.33,0.17,-2.57,0.02,49.523932,45.677413
2011-09-07,47.522165,48.049703,47.390283,48.040909,48952200,48.081083,1.43,2.55,1.14,2.53,49.523516,45.677029
2011-09-08,47.794734,48.506905,47.662849,47.82111,61422800,48.078497,-0.51,0.97,-0.79,-0.46,49.520852,45.674572
2011-09-09,47.486996,47.689221,46.467094,46.75724,63663500,48.06535,-0.7,-0.28,-2.83,-2.22,49.50731,45.662082
2011-09-12,46.2385,47.390288,46.220915,47.355118,65973000,48.058283,-1.11,1.35,-1.15,1.28,49.500031,45.655369
2011-09-13,47.530961,48.084871,47.302361,47.988159,59020000,48.057585,0.37,1.54,-0.11,1.34,49.499313,45.654706
2011-09-14,48.234337,49.219069,47.759554,48.67395,90757300,48.063718,0.51,2.57,-0.48,1.43,49.50563,45.660532
2011-09-15,49.201493,49.482845,48.700335,49.394924,83536100,48.076964,1.08,1.66,0.05,1.48,49.519273,45.673116
2011-09-16,49.504138,49.900524,49.407243,49.847672,91902100,48.094583,0.22,1.02,0.02,0.92,49.53742,45.689854
2011-09-19,49.231074,50.129548,48.825881,49.865292,73042900,48.112202,-1.24,0.57,-2.05,0.04,49.555568,45.706592
2011-09-20,50.120744,50.517127,49.530568,49.645081,66570100,48.127454,0.51,1.31,-0.67,-0.44,49.571278,45.721082
2011-09-21,49.900534,50.147172,48.773035,48.781845,79938000,48.133966,0.51,1.01,-1.76,-1.74,49.577985,45.727267
2011-09-22,47.539838,47.971456,46.465192,47.196304,151885500,48.124636,-2.55,-1.66,-4.75,-3.25,49.568375,45.718404
2011-09-23,46.799939,47.901011,46.764704,47.698414,85940600,48.120395,-0.84,1.49,-0.91,1.06,49.564007,45.714375
2011-09-26,47.936199,48.341395,46.870363,48.253307,96261400,48.121717,0.5,1.35,-1.74,1.16,49.565369,45.715631
2011-09-27,49.072545,49.504166,48.42952,48.755436,81148600,48.128023,1.7,2.59,0.37,1.04,49.571864,45.721622
2011-09-28,48.966825,49.301551,47.918606,48.033115,76757100,48.127079,0.43,1.12,-1.72,-1.48,49.570891,45.720725
2011-09-29,48.764227,48.825887,46.65898,47.46056,116900200,48.120447,1.52,1.65,-2.86,-1.19,49.56406,45.714424
2011-09-30,46.82636,47.222746,46.209759,46.236187,104870100,48.101698,-1.34,-0.5,-2.64,-2.58,49.544749,45.696613
2011-10-03,45.822175,46.553284,45.020595,45.04702,99149500,48.071303,-0.9,0.69,-2.63,-2.57,49.513442,45.667738
2011-10-04,44.588968,46.06,44.130922,45.971912,137013700,48.050413,-1.02,2.25,-2.03,2.05,49.491926,45.647893
2011-10-05,45.857399,47.284386,45.505055,47.152256,108825700,48.041477,-0.25,2.85,-1.02,2.57,49.482721,45.639403
2011-10-06,47.090602,47.953841,46.870388,47.945034,71939200,48.040517,-0.13,1.7,-0.6,1.68,49.481732,45.638491
2011-10-07,47.91861,48.147632,47.319627,47.627926,72525200,48.036412,-0.06,0.42,-1.3,-0.66,49.477504,45.634591
2011-10-10,48.438309,49.27512,48.350221,49.27512,48230200,48.048737,1.7,3.46,1.52,3.46,49.490199,45.6463
2011-10-11,49.142999,49.733171,49.063722,49.609852,66449100,48.06427,-0.27,0.93,-0.43,0.68,49.506199,45.661057
2011-10-12,50.08552,50.411436,49.821263,49.856495,85627600,48.082104,0.96,1.62,0.43,0.5,49.524567,45.677998
2011-10-13,49.759596,50.376193,49.706743,50.314533,63443700,48.104317,-0.19,1.04,-0.3,0.92,49.547446,45.699101
2011-10-14,50.931151,51.257068,50.658085,51.24826,65643600,48.1356,1.23,1.87,0.68,1.86,49.579668,45.72882
2011-10-17,51.010427,51.168982,50.182423,50.455486,65161300,48.158683,-0.46,-0.15,-2.08,-1.55,49.603444,45.750749
2011-10-18,50.376195,51.345139,49.909342,51.080883,91434600,48.18776,-0.16,1.76,-1.08,1.24,49.633393,45.778372
2011-10-19,50.799007,50.957561,49.926961,50.094322,67639400,48.206731,-0.55,-0.24,-2.26,-1.93,49.652933,45.796394
2011-10-20,50.085503,50.138352,49.142987,49.847672,80378300,48.223058,-0.02,0.09,-1.9,-0.49,49.66975,45.811905
2011-10-21,50.376196,50.7902,50.015045,50.473091,60455800,48.245447,1.06,1.89,0.34,1.25,49.69281,45.833174
2011-10-24,50.658063,51.662242,50.481894,51.521305,61449500,48.278042,0.37,2.36,0.02,2.08,49.726384,45.86414
2011-10-25,51.353965,51.371582,50.402641,50.508343,65299200,48.300234,-0.32,-0.29,-2.17,-1.97,49.749241,45.885223
2011-10-26,50.790196,50.895898,49.512954,50.446663,98193800,48.321592,0.56,0.77,-1.97,-0.12,49.77124,45.905512
2011-10-27,51.653449,52.14673,51.116126,51.838428,104455500,48.356585,2.39,3.37,1.33,2.76,49.807283,45.938756
2011-10-28,51.54774,51.979358,51.530122,51.917698,42950000,48.392019,-0.56,0.27,-0.59,0.15,49.84378,45.972418
2011-10-31,51.468454,51.653433,51.010408,51.045643,60520200,48.418424,-0.87,-0.51,-1.75,-1.68,49.870976,45.997502
2011-11-01,49.786023,51.010414,49.433679,49.715553,99933000,48.43133,-2.47,-0.07,-3.16,-2.61,49.88427,46.009764
2011-11-02,50.235265,50.349778,49.66271,50.138371,65003800,48.448316,1.05,1.28,-0.11,0.85,49.901765,46.0259
2011-11-03,50.53474,51.248235,49.953375,51.177765,78994200,48.475474,0.79,2.21,-0.37,2.07,49.929739,46.051701
2011-11-04,50.931142,51.133739,50.402629,50.913525,61527800,48.499734,-0.48,-0.09,-1.51,-0.52,49.954726,46.074747
2011-11-07,50.878302,51.309924,50.358597,51.274689,65559000,48.527345,-0.07,0.78,-1.09,0.71,49.983166,46.100978
2011-11-08,51.644646,51.952945,51.063281,51.864861,62906900,48.560554,0.72,1.32,-0.41,1.15,50.017371,46.132527
2011-11-09,50.860659,50.939936,49.882907,50.041462,69539000,48.57529,-1.94,-1.78,-3.82,-3.52,50.032548,46.146525
2011-11-10,50.534739,50.578781,49.530563,50.015034,66052400,48.589615,0.99,1.07,-1.02,-0.05,50.047304,46.160135
2011-11-11,50.446663,51.107305,50.385003,50.957558,54471000,48.613177,0.86,2.18,0.74,1.88,50.071572,46.182518
2011-11-14,50.816637,51.098511,50.455486,50.640469,44617600,48.633349,-0.28,0.28,-0.99,-0.62,50.09235,46.201682
2011-11-15,50.490702,51.406794,50.437849,51.204197,52203900,48.65893,-0.3,1.51,-0.4,1.11,50.118698,46.225983
2011-11-16,50.83423,51.230616,50.261675,50.358566,68342800,48.675842,-0.72,0.05,-1.84,-1.65,50.136117,46.242049
2011-11-17,50.226456,50.244074,48.869936,49.178238,101706900,48.680841,-0.26,-0.23,-2.96,-2.34,50.141266,46.246798
2011-11-18,49.187052,49.239905,48.711389,48.799477,60417000,48.682021,0.02,0.13,-0.95,-0.77,50.142482,46.24792
2011-11-21,48.138828,48.209294,47.37248,47.865761,52283700,48.673899,-1.35,-1.21,-2.92,-1.91,50.134116,46.240204
2011-11-22,47.742449,48.165259,47.451764,48.024323,51940100,48.667436,-0.26,0.63,-0.86,0.33,50.127459,46.234064
2011-11-23,47.663151,47.716001,46.914421,46.940849,48437300,48.650256,-0.75,-0.64,-2.31,-2.26,50.109763,46.217743
2011-11-25,46.73827,47.27559,46.570905,46.579716,25448100,48.629653,-0.43,0.71,-0.79,-0.77,50.088543,46.198171
2011-11-28,47.716,48.262133,47.689575,48.200474,46710700,48.625383,2.44,3.61,2.38,3.48,50.084144,46.194114
2011-11-29,48.174057,48.535208,47.760056,47.900993,52056700,48.618175,-0.05,0.69,-0.91,-0.62,50.07672,46.187266
2011-11-30,49.204656,49.715551,49.037291,49.671509,66918600,48.628656,2.72,3.79,2.37,3.7,50.087516,46.197223
2011-12-01,49.662693,50.147164,49.636265,50.015034,45362200,48.642451,-0.02,0.96,-0.07,0.69,50.101724,46.210328
2011-12-02,50.508325,50.508325,49.830065,49.874107,36938900,48.654706,0.99,0.99,-0.37,-0.28,50.114347,46.221971
2011-12-05,50.622839,50.754965,50.138365,50.420242,40492200,48.672273,1.5,1.77,0.53,1.1,50.132442,46.23866
2011-12-06,50.464276,50.605213,50.111932,50.279297,38670000,48.688264,0.09,0.37,-0.61,-0.28,50.148912,46.253851
2011-12-07,50.138357,50.508318,49.636269,50.279297,44576200,48.704095,-0.28,0.46,-1.28,0.0,50.165218,46.26889
2011-12-08,49.953387,50.340966,49.336787,49.433681,51692600,48.711354,-0.65,0.12,-1.87,-1.68,50.172695,46.275787
2011-12-09,49.556999,50.376196,49.539385,50.226452,55757900,48.72643,0.25,1.91,0.21,1.6,50.188223,46.290109
2011-12-12,49.697929,50.217634,49.239886,49.662697,55411700,48.735746,-1.05,-0.02,-1.96,-1.12,50.197819,46.298959
2011-12-13,49.988608,50.191204,48.913961,49.116558,68557700,48.739535,0.66,1.06,-1.51,-1.1,50.201721,46.302559
2011-12-14,48.931585,48.96682,48.077156,48.35022,63682800,48.735662,-0.38,-0.3,-2.12,-1.56,50.197731,46.298878
2011-12-15,48.764236,48.817085,48.147635,48.218105,58732900,48.730512,0.86,0.97,-0.42,-0.27,50.192427,46.293986
2011-12-16,48.475176,49.128934,48.386832,48.466343,60978900,48.727883,0.53,1.89,0.35,0.51,50.18972,46.291489
2011-12-19,48.651887,48.766738,47.856776,47.989296,46733900,48.720534,0.38,0.62,-1.26,-0.98,50.18215,46.284507
2011-12-20,48.766733,49.473497,48.740228,49.411655,81758800,48.727411,1.62,3.09,1.56,2.96,50.189233,46.29104
2011-12-21,49.120098,49.155437,48.139465,48.704876,78552300,48.727187,-0.59,-0.52,-2.57,-1.43,50.189002,46.290827
2011-12-22,48.810898,49.146612,48.74022,49.120106,40334100,48.731096,0.22,0.91,0.07,0.85,50.193029,46.294541
2011-12-23,49.217278,49.544159,49.102431,49.544159,26594600,48.739186,0.2,0.86,-0.04,0.86,50.201362,46.302227
2011-12-27,49.507905,49.88812,49.45485,49.728962,21443500,48.749035,-0.07,0.69,-0.18,0.37,50.211506,46.311583
2011-12-28,49.667079,49.746659,49.021593,49.154228,38180100,48.753067,-0.12,0.04,-1.42,-1.16,50.215659,46.315413
2011-12-29,49.233804,49.543282,49.074642,49.507915,28077900,48.760578,0.16,0.79,-0.16,0.72,50.223395,46.322549
2011-12-30,49.401806,49.622863,49.357596,49.36644,21832400,48.766606,-0.21,0.23,-0.3,-0.29,50.229604,46.328276
2012-01-03,50.321409,50.568992,50.179933,50.312569,39514100,48.781989,1.93,2.44,1.65,1.92,50.245449,46.342889
2012-01-04,50.232975,50.595509,50.011919,50.524769,29403400,48.79933,-0.16,0.56,-0.6,0.42,50.26331,46.359363
2012-01-05,50.418674,50.984579,50.224143,50.940369,41260600,48.820634,-0.21,0.91,-0.6,0.82,50.285253,46.379602
2012-01-06,50.949201,51.232154,50.754673,51.117207,46325200,48.843485,0.02,0.57,-0.36,0.35,50.30879,46.401311
2012-01-09,51.249841,51.267526,50.781201,50.949203,39195500,48.864438,0.26,0.29,-0.66,-0.33,50.330371,46.421216
2012-01-10,51.488585,51.638906,50.966891,51.320583,35949900,48.888877,1.06,1.35,0.03,0.73,50.355543,46.444433
2012-01-11,51.311735,51.541636,51.117207,51.426685,37144100,48.914129,-0.02,0.43,-0.4,0.21,50.381553,46.468422
2012-01-12,51.541641,51.700802,51.161422,51.630062,26188300,48.941153,0.22,0.53,-0.52,0.4,50.409388,46.494095
2012-01-13,51.355949,51.462055,51.002256,51.44437,35980400,48.966061,-0.53,-0.33,-1.22,-0.36,50.435042,46.517758
2012-01-17,51.895321,52.134063,51.718478,51.913006,41790800,48.995383,0.88,1.34,0.53,0.91,50.465245,46.545614
2012-01-18,52.010291,52.602726,51.8865,52.602726,48692700,49.031277,0.19,1.33,-0.05,1.33,50.502216,46.579714
2012-01-19,52.841453,53.027144,52.744191,52.929878,47774500,49.070069,0.45,0.81,0.27,0.62,50.542172,46.616566
2012-01-20,52.699979,52.876826,52.664613,52.8503,41041700,49.107684,-0.43,-0.1,-0.5,-0.15,50.580914,46.6523
2012-01-23,52.859144,53.239363,52.558507,52.867989,40958300,49.1451,0.02,0.74,-0.55,0.03,50.619453,46.687845
2012-01-24,52.629234,52.912186,52.531968,52.77071,38440200,49.181175,-0.45,0.08,-0.64,-0.18,50.656611,46.722117
2012-01-25,53.283567,53.566523,52.903352,53.433887,61591800,49.223491,0.97,1.51,0.25,1.26,50.700196,46.762316
2012-01-26,53.663773,53.761038,52.991761,53.248188,37852700,49.263538,0.43,0.61,-0.83,-0.35,50.741444,46.800361
2012-01-27,53.133256,53.50463,53.10673,53.407368,45532300,49.30477,-0.22,0.48,-0.27,0.3,50.783913,46.839531
2012-01-30,52.956407,53.531157,52.753035,53.451576,42797800,49.346032,-0.84,0.23,-1.23,0.08,50.826413,46.87873
2012-01-31,53.716824,53.81409,53.177445,53.522293,51449600,49.387586,0.5,0.68,-0.51,0.13,50.869214,46.918207
2012-02-01,53.831779,54.150101,53.637248,53.95557,46146700,49.433039,0.58,1.17,0.21,0.81,50.91603,46.961387
2012-02-02,54.132433,54.300435,53.911376,54.123589,46373600,49.479711,0.33,0.64,-0.08,0.31,50.964102,47.005726
2012-02-03,54.627595,54.928233,54.539173,54.866337,36453800,49.533309,0.93,1.49,0.77,1.37,51.019309,47.056644
2012-02-06,54.662956,54.839802,54.521479,54.822117,28541300,49.585934,-0.37,-0.05,-0.63,-0.08,51.073512,47.106638
2012-02-07,54.7779,55.043168,54.530314,54.937061,37935700,49.639179,-0.08,0.4,-0.53,0.21,51.128355,47.15722
2012-02-08,54.945903,55.228855,54.742531,55.228855,41171100,49.694798,0.02,0.53,-0.35,0.53,51.185642,47.210058
2012-02-09,55.441079,55.688662,55.105072,55.626766,46856400,49.753823,0.38,0.83,-0.22,0.72,51.246437,47.266131
2012-02-10,55.228857,55.388018,55.04317,55.237701,58090500,49.808389,-0.72,-0.43,-1.05,-0.7,51.30264,47.317969
2012-02-13,55.653295,55.821301,55.396872,55.750561,36810200,49.867515,0.75,1.06,0.29,0.93,51.36354,47.374139
2012-02-14,55.62678,55.900892,55.432249,55.892048,51648200,49.92746,-0.22,0.27,-0.57,0.25,51.425284,47.431087
2012-02-15,56.157294,56.466776,55.414543,55.502968,105709100,49.982938,0.47,1.03,-0.85,-0.7,51.482426,47.483791
2012-02-16,55.52065,56.325297,55.379173,56.263401,83642300,50.04543,0.03,1.48,-0.22,1.37,51.546793,47.543159
2012-02-17,56.27225,56.316461,55.83898,56.086563,76112300,50.105541,0.02,0.09,-0.75,-0.31,51.608707,47.600264
2012-02-21,56.148462,56.49331,55.892035,56.245728,38141300,50.166637,0.11,0.73,-0.35,0.28,51.671636,47.658305
2012-02-22,56.139616,56.307618,55.909715,55.989296,43174700,50.224574,-0.19,0.11,-0.6,-0.46,51.731311,47.713345
2012-02-23,56.06005,56.422583,55.785938,56.360687,54250000,50.28563,0.13,0.77,-0.36,0.66,51.794199,47.771349
2012-02-24,56.519844,56.65248,56.413738,56.555214,41364900,50.348014,0.28,0.52,0.09,0.35,51.858454,47.830613
2012-02-27,56.245745,56.820495,55.998162,56.634808,42678500,50.410569,-0.55,0.47,-0.98,0.14,51.922886,47.890041
2012-02-28,56.687854,57.209545,56.617114,57.209545,43717500,50.478221,0.09,1.01,-0.03,1.01,51.992567,47.95431
2012-02-29,57.253752,57.439439,56.767424,56.953117,59784400,50.542647,0.08,0.4,-0.77,-0.45,52.058927,48.015515
2012-03-01,57.165318,57.457115,56.997313,57.404057,67558900,50.61092,0.37,0.88,0.08,0.79,52.129248,48.080374
2012-03-02,57.32449,57.545546,57.174172,57.359859,33358200,50.678074,-0.14,0.25,-0.4,-0.08,52.198416,48.14417
2012-03-05,57.324486,57.395226,56.581734,56.767418,45788800,50.738664,-0.06,0.06,-1.36,-1.03,52.260824,48.201731
2012-03-06,56.21035,56.342986,55.909713,56.21035,54638600,50.793109,-0.98,-0.75,-1.51,-0.98,52.316902,48.253453
2012-03-07,56.475625,56.776263,56.387204,56.643627,42741800,50.851323,0.47,1.01,0.31,0.77,52.376863,48.308757
2012-03-08,56.979638,57.421751,56.855846,57.253746,43711100,50.915029,0.59,1.37,0.37,1.08,52.44248,48.369277
2012-03-09,57.351016,57.598599,57.315646,57.492489,43117200,50.980476,0.17,0.6,0.11,0.42,52.50989,48.431452
2012-03-12,57.474806,57.572072,57.227223,57.51902,32687300,51.045536,-0.03,0.14,-0.46,0.05,52.576902,48.493259
2012-03-13,57.828492,58.588928,57.713538,58.588928,61559100,51.120595,0.54,1.86,0.34,1.86,52.654213,48.564565
2012-03-14,58.650843,59.013373,58.429786,58.792316,59926900,51.19693,0.11,0.72,-0.27,0.35,52.732838,48.637084
2012-03-15,58.969156,59.084103,58.668515,58.960312,65531200,51.274178,0.3,0.5,-0.21,0.29,52.812403,48.710469
2012-03-16,59.051558,59.051558,58.776984,58.918697,53023100,51.350243,0.15,0.15,-0.31,-0.07,52.89075,48.782731
2012-03-19,59.016109,59.476692,58.856678,59.334972,60966200,51.429693,0.17,0.95,-0.11,0.71,52.972584,48.858208
2012-03-20,59.024968,59.503262,58.865536,59.441261,47290600,51.50941,-0.52,0.28,-0.79,0.18,53.054692,48.933939
2012-03-21,59.450123,59.777838,59.370404,59.450123,39648100,51.588422,0.01,0.57,-0.12,0.01,53.136075,49.009001
2012-03-22,59.095835,59.467839,59.060405,59.326126,56953900,51.665414,-0.6,0.03,-0.66,-0.21,53.215377,49.082143
2012-03-23,59.396978,59.414697,58.954114,59.290695,45541700,51.741288,0.12,0.15,-0.63,-0.06,53.293526,49.154223
2012-03-26,59.689259,60.326984,59.636117,60.326984,40855300,51.826717,0.67,1.75,0.58,1.75,53.381519,49.235382
2012-03-27,60.371275,60.663561,60.344698,60.415558,37278200,51.912179,0.07,0.56,0.03,0.15,53.469544,49.31657
2012-03-28,60.451,60.681291,59.822133,60.176426,44421900,51.99441,0.06,0.44,-0.98,-0.4,53.554242,49.394689
2012-03-29,59.875277,60.167569,59.520984,59.946136,53975300,52.073531,-0.5,-0.01,-1.09,-0.38,53.635737,49.469855
2012-03-30,60.21185,60.247273,59.591835,59.830986,39480900,52.15072,0.44,0.5,-0.59,-0.19,53.715242,49.543184
2012-04-02,59.768962,60.530682,59.662672,60.45097,40031600,52.23331,-0.1,1.17,-0.28,1.04,53.800309,49.621644
2012-04-03,60.504123,60.716702,60.096688,60.43327,45539900,52.314901,0.09,0.44,-0.59,-0.03,53.884348,49.699156
2012-04-04,59.981563,60.016993,59.264124,59.609558,54088100,52.387485,-0.75,-0.69,-1.93,-1.36,53.959109,49.768111
2012-04-05,59.50325,60.034686,59.458961,59.981544,42979900,52.463048,-0.18,0.71,-0.25,0.62,54.036939,49.839895
2012-04-09,59.237527,59.76897,59.131244,59.529819,36908200,52.533364,-1.24,-0.35,-1.42,-0.75,54.109365,49.906696
2012-04-10,59.50326,59.733551,58.38724,58.573242,69254200,52.593462,-0.04,0.34,-1.92,-1.61,54.171266,49.963789
2012-04-11,59.086973,59.246405,58.70611,58.856682,62950000,52.655783,0.88,1.15,0.23,0.48,54.235456,50.022994
2012-04-12,58.971813,59.59182,58.883241,59.529819,57407400,52.724181,0.2,1.25,0.05,1.14,54.305907,50.087972
2012-04-13,59.326134,59.520989,58.599837,58.626408,55227500,52.78291,-0.34,-0.01,-1.56,-1.52,54.366397,50.143764
2012-04-16,58.918685,58.954115,57.784953,57.970955,57588000,52.834532,0.5,0.56,-1.44,-1.12,54.419568,50.192805
2012-04-17,58.218957,59.33497,58.130378,59.148968,47362400,52.897362,0.43,2.35,0.28,2.03,54.484283,50.252494
2012-04-18,58.980683,59.343835,58.821259,58.998402,42536100,52.958069,-0.28,0.33,-0.55,-0.25,54.546811,50.310166
2012-04-19,58.785822,59.494401,58.121526,58.334099,81110900,53.011562,-0.36,0.84,-1.49,-1.13,54.601909,50.360984
2012-04-20,58.652958,58.90982,58.086092,58.174664,59906900,53.062936,0.55,0.99,-0.43,-0.27,54.654824,50.409789
2012-04-23,57.625512,57.731802,57.120647,57.64323,70514400,53.108511,-0.94,-0.76,-1.81,-0.91,54.701767,50.453086
2012-04-24,57.536951,57.776101,57.085227,57.333237,49661500,53.150548,-0.18,0.23,-0.97,-0.54,54.745065,50.493021
2012-04-25,58.520107,58.892112,58.431536,58.856682,57526900,53.207326,2.07,2.72,1.92,2.66,54.803545,50.546959
2012-04-26,58.847832,59.334979,58.768113,59.202118,41799500,53.266975,-0.02,0.81,-0.15,0.59,54.864985,50.603627
2012-04-27,59.450113,59.742399,59.140103,59.556396,46003800,53.329557,0.42,0.91,-0.1,0.6,54.929443,50.663079
2012-04-30,59.379255,59.494398,59.086963,59.131252,37787700,53.387285,-0.3,-0.1,-0.79,-0.71,54.988904,50.717921
2012-05-01,59.069256,59.901836,58.980678,59.228687,37643800,53.445408,-0.1,1.3,-0.25,0.16,55.048771,50.773138
2012-05-02,58.936404,59.441269,58.794684,59.39698,38299300,53.504628,-0.49,0.36,-0.73,0.28,55.109767,50.829397
2012-05-03,59.432386,59.476675,58.617517,58.768089,51297600,53.557001,0.06,0.13,-1.31,-1.06,55.163711,50.879151
2012-05-04,58.227819,58.768114,57.297807,57.30666,107554000,53.594311,-0.92,0.0,-2.5,-2.49,55.20214,50.914595
2012-05-07,56.961216,57.634372,56.943505,57.359798,50267800,53.631778,-0.6,0.57,-0.63,0.09,55.240732,50.950189
2012-05-08,56.996652,57.342086,56.226069,57.147224,72659700,53.666758,-0.63,-0.03,-1.98,-0.37,55.276761,50.98342
2012-05-09,56.48292,57.288933,56.252628,56.97007,85715300,53.699627,-1.16,0.25,-1.57,-0.31,55.310615,51.014645
2012-05-10,57.226928,57.244639,56.642347,56.854923,49448900,53.731023,0.45,0.48,-0.58,-0.2,55.342953,51.044472
2012-05-11,56.660063,57.448361,56.606918,56.846066,47099900,53.762018,-0.34,1.04,-0.44,-0.02,55.374879,51.073917
2012-05-14,56.358933,56.757512,56.226073,56.314648,46360000,53.787417,-0.86,-0.16,-1.09,-0.93,55.40104,51.098047
2012-05-15,56.465202,56.925778,56.031193,56.128624,66908600,53.810713,0.27,1.09,-0.5,-0.33,55.425034,51.120177
2012-05-16,56.323493,56.491781,55.632626,55.747768,52825900,53.829987,0.35,0.65,-0.88,-0.68,55.444887,51.138488
2012-05-17,55.765488,55.854063,54.560896,54.569756,62253900,53.837348,0.03,0.19,-2.13,-2.11,55.452468,51.145481
2012-05-18,54.738041,54.879758,53.816883,53.861172,79496500,53.837585,0.31,0.57,-1.38,-1.3,55.452713,51.145706
2012-05-21,53.967444,55.420039,53.896584,55.366894,61473000,53.852802,0.2,2.89,0.07,2.8,55.468386,51.160162
2012-05-22,55.526329,55.756621,54.906322,55.304897,62954800,53.867251,0.29,0.7,-0.83,-0.11,55.483268,51.173888
2012-05-23,54.835465,55.544047,54.357171,55.41119,56951100,53.882613,-0.85,0.43,-1.71,0.19,55.499092,51.188483
2012-05-24,55.490911,55.544052,54.640608,55.048046,83131200,53.89421,0.14,0.24,-1.39,-0.66,55.511036,51.199499
2012-05-25,55.101186,55.198616,54.817753,54.977184,32078900,53.904986,0.1,0.27,-0.42,-0.13,55.522135,51.209736
2012-05-29,55.490901,55.933765,55.163179,55.676903,44216700,53.922617,0.93,1.74,0.34,1.27,55.540295,51.226486
2012-05-30,55.172055,55.402343,54.63176,55.207485,56431800,53.935401,-0.91,-0.49,-1.88,-0.84,55.553463,51.238631
2012-05-31,55.136621,55.278338,54.552041,54.968334,55260100,53.945679,-0.13,0.13,-1.19,-0.43,55.56405,51.248395
2012-06-01,53.976313,54.312891,53.489163,53.506878,71430800,53.941313,-1.8,-1.19,-2.69,-2.66,55.559553,51.244247
2012-06-04,53.657459,53.994034,53.179165,53.914318,74119500,53.941045,0.28,0.91,-0.61,0.76,55.559276,51.243992
2012-06-05,53.728308,54.242032,53.701737,54.135742,47916900,53.942982,-0.35,0.61,-0.39,0.41,55.561271,51.245833
2012-06-06,54.543183,55.420053,54.490038,55.375767,58781800,53.957238,0.75,2.37,0.65,2.29,55.575956,51.259376
2012-06-07,55.960337,55.960337,55.110038,55.154324,38414800,53.96915,1.06,1.06,-0.48,-0.4,55.588224,51.270692
2012-06-08,55.065765,55.756636,54.879763,55.685776,39730800,53.986231,-0.16,1.09,-0.5,0.96,55.605817,51.286919
2012-06-11,56.110918,56.137493,54.711469,54.746899,51008900,53.993799,0.76,0.81,-1.75,-1.69,55.613613,51.294109
2012-06-12,55.003752,55.437761,54.631748,55.41119,48802600,54.007903,0.47,1.26,-0.21,1.21,55.62814,51.307508
2012-06-13,55.251771,55.668061,54.844333,55.030338,50840100,54.018076,-0.29,0.46,-1.02,-0.69,55.638619,51.317172
2012-06-14,55.021482,55.455491,54.738049,55.234058,65170600,54.030176,-0.02,0.77,-0.53,0.37,55.651081,51.328667
2012-06-15,55.387627,56.000187,55.360995,55.920288,41536100,54.048983,0.28,1.39,0.23,1.24,55.670452,51.346534
2012-06-18,55.689471,56.586115,55.600696,56.444073,32191200,54.072814,-0.41,1.19,-0.57,0.94,55.694999,51.369174
2012-06-19,56.728151,57.269688,56.68376,57.029987,36476500,54.102239,0.5,1.46,0.42,1.04,55.725306,51.397127
2012-06-20,57.154278,57.322956,56.648256,57.074383,51389700,54.131813,0.22,0.51,-0.67,0.08,55.755767,51.425222
2012-06-21,57.029992,57.092135,55.591814,55.653957,42492700,54.146958,-0.08,0.03,-2.6,-2.49,55.771367,51.43961
2012-06-22,55.840392,56.310906,55.68947,56.239883,29504200,54.167783,0.33,1.18,0.06,1.05,55.792817,51.459394
2012-06-25,55.77825,55.796003,54.997017,55.156815,33136400,54.177625,-0.82,-0.79,-2.21,-1.93,55.802953,51.468743
2012-06-26,55.343242,55.662838,55.094669,55.50304,30611100,54.190813,0.34,0.92,-0.11,0.63,55.816537,51.481272
2012-06-27,55.716111,56.088974,55.653968,55.840401,35705800,54.207227,0.38,1.06,0.27,0.61,55.833443,51.496865
2012-06-28,55.423141,55.458653,54.633032,55.218956,49793400,54.217294,-0.75,-0.68,-2.16,-1.11,55.843812,51.506429
2012-06-29,56.28427,56.958973,56.115593,56.958973,44761300,54.244574,1.93,3.15,1.62,3.15,55.871911,51.532345
2012-07-02,57.038868,57.154275,56.701517,57.127644,33425600,54.273261,0.14,0.34,-0.45,0.3,55.901459,51.559598
2012-07-03,57.163177,57.607059,57.074402,57.607059,15895100,54.306433,0.06,0.84,-0.09,0.84,55.935626,51.591112
2012-07-05,57.553765,57.926624,57.243049,57.64254,37016200,54.339628,-0.09,0.55,-0.63,0.06,55.969817,51.622647
2012-07-06,57.376232,57.429503,56.506227,56.923477,40684100,54.365338,-0.46,-0.37,-1.97,-1.25,55.996298,51.647071
2012-07-09,56.861305,57.047734,56.532829,56.816914,35628300,54.389732,-0.11,0.22,-0.69,-0.19,56.021424,51.670246
2012-07-10,57.127642,57.269688,56.035692,56.257633,47365700,54.408318,0.55,0.8,-1.37,-0.98,56.040568,51.687902
2012-07-11,56.186608,56.337526,55.485273,55.946911,43432000,54.423628,-0.13,0.14,-1.37,-0.55,56.056336,51.702446
2012-07-12,55.503029,55.653947,54.917105,55.42313,57680400,54.433573,-0.79,-0.52,-1.84,-0.94,56.06658,51.711894
2012-07-13,55.574055,56.3908,55.538547,56.266514,32357200,54.451811,0.27,1.75,0.21,1.52,56.085365,51.729221
2012-07-16,56.142231,56.390804,55.884779,56.10672,27621400,54.468278,-0.22,0.22,-0.68,-0.28,56.102326,51.744864
2012-07-17,56.461813,56.586103,55.600684,56.39967,42467800,54.487496,0.63,0.85,-0.9,0.52,56.122121,51.763121
2012-07-18,56.293168,57.331855,56.275413,57.163177,44489700,54.514119,-0.19,1.65,-0.22,1.35,56.149543,51.788413
2012-07-19,57.562655,57.979906,57.456128,57.793476,53017800,54.54675,0.7,1.43,0.51,1.1,56.183152,51.819412
2012-07-20,57.775713,57.793465,57.003355,57.029987,40573100,54.571459,-0.03,-0.0,-1.37,-1.32,56.208602,51.842886
2012-07-23,55.920293,56.532849,55.494163,56.33754,48657800,54.589032,-1.95,-0.87,-2.69,-1.21,56.226703,51.85958
2012-07-24,56.435198,56.515097,55.529678,55.893661,57269700,54.602013,0.17,0.32,-1.43,-0.79,56.240073,51.871912
2012-07-25,55.458647,55.884773,55.174563,55.52079,46264400,54.611155,-0.78,-0.02,-1.29,-0.67,56.24949,51.880597
2012-07-26,56.319776,56.577229,55.902529,56.257633,41928200,54.627538,1.44,1.9,0.69,1.33,56.266364,51.896161
2012-07-27,56.666018,57.695822,56.497341,57.589294,42621000,54.657008,0.73,2.56,0.43,2.37,56.296718,51.924158
2012-07-30,57.731329,57.979902,57.34959,57.544899,37821300,54.685743,0.25,0.68,-0.42,-0.08,56.326316,51.951456
2012-07-31,57.633696,57.864516,57.473898,57.527168,34588300,54.714016,0.15,0.56,-0.12,-0.03,56.355437,51.978315
2012-08-01,57.935535,57.953287,57.127665,57.358486,30920200,54.740329,0.71,0.74,-0.69,-0.29,56.382539,52.003313
2012-08-02,56.923468,57.72245,56.737035,57.154282,40534900,54.764349,-0.76,0.63,-1.08,-0.36,56.407279,52.026131
2012-08-03,58.07756,58.485931,57.873378,58.237358,42117400,54.798906,1.62,2.33,1.26,1.9,56.442873,52.058961
2012-08-06,58.539186,58.938677,58.4149,58.681225,23523600,54.837536,0.52,1.2,0.3,0.76,56.482662,52.095659
2012-08-07,58.92981,59.409203,58.841035,59.16951,28223300,54.88064,0.42,1.24,0.27,0.83,56.52706,52.136608
2012-08-08,59.018593,59.267166,58.920938,59.142879,20723500,54.923051,-0.26,0.17,-0.42,-0.05,56.570742,52.176898
2012-08-09,59.134009,59.400341,59.027474,59.320438,20726200,54.966806,-0.01,0.44,-0.2,0.3,56.61581,52.218465
2012-08-10,59.107373,59.373698,58.956454,59.355946,20312000,55.010479,-0.36,0.09,-0.61,0.06,56.660793,52.259955
2012-08-13,59.338165,59.506842,59.036328,59.497963,19890300,55.05513,-0.03,0.25,-0.54,0.24,56.706784,52.302374
2012-08-14,59.719907,59.844201,59.355927,59.524605,24218700,55.099603,0.37,0.58,-0.24,0.04,56.752591,52.344623
2012-08-15,59.480228,59.764312,59.471348,59.675537,29100400,55.145134,-0.07,0.4,-0.09,0.25,56.799488,52.387878
2012-08-16,59.897464,60.518897,59.826442,60.385731,35699900,55.19728,0.37,1.41,0.25,1.19,56.853198,52.437416
2012-08-17,60.518892,60.660937,60.376853,60.652058,22584800,55.251556,0.22,0.46,-0.01,0.44,56.909103,52.488978
2012-08-20,60.607694,60.74974,60.368,60.74086,26924000,55.306176,-0.07,0.16,-0.47,0.15,56.965361,52.540867
2012-08-21,60.900651,61.149224,60.261459,60.50116,41391000,55.357867,0.26,0.67,-0.79,-0.39,57.018603,52.589974
2012-08-22,60.368001,60.865148,60.199324,60.749741,44555700,55.411518,-0.22,0.6,-0.5,0.41,57.073863,52.640942
2012-08-23,60.474528,60.66983,60.092788,60.252586,28800400,55.459688,-0.45,-0.13,-1.08,-0.82,57.123478,52.686703
2012-08-24,60.110541,60.767485,60.012887,60.625446,38384800,55.511088,-0.24,0.85,-0.4,0.62,57.176421,52.735534
2012-08-27,60.882904,60.9628,60.58994,60.723106,20671400,55.562949,0.42,0.56,-0.06,0.16,57.229838,52.784802
2012-08-28,60.669836,60.891777,60.465654,60.723106,27337900,55.614294,-0.09,0.28,-0.42,0.0,57.282723,52.833579
2012-08-29,60.723106,60.874025,60.465654,60.723106,26672400,55.665128,0.0,0.25,-0.42,0.0,57.335082,52.881872
2012-08-30,60.456755,60.483386,60.012872,60.110527,24425400,55.709361,-0.44,-0.39,-1.17,-1.01,57.380642,52.923893
2012-08-31,60.54556,60.767501,59.897496,60.510056,42128000,55.757129,0.72,1.09,-0.35,0.66,57.429843,52.969272
2012-09-04,60.394612,60.678697,59.853075,60.447876,32017200,55.803803,-0.19,0.28,-1.09,-0.1,57.477917,53.013613
2012-09-05,60.421242,60.678695,60.225933,60.385731,26129300,55.849394,-0.04,0.38,-0.37,-0.1,57.524876,53.056925
2012-09-06,60.758586,61.744005,60.740827,61.726246,43100000,55.90787,0.62,2.25,0.59,2.22,57.585107,53.112477
2012-09-07,61.584241,61.744039,61.459954,61.637505,32958600,55.964882,-0.23,0.03,-0.43,-0.14,57.643828,53.166638
2012-09-10,61.477694,61.61086,60.802991,60.847382,25490000,56.013464,-0.26,-0.04,-1.35,-1.28,57.693868,53.212791
2012-09-11,60.856275,61.095968,60.652086,60.749741,29810100,56.060591,0.01,0.41,-0.32,-0.16,57.742409,53.257561
2012-09-12,60.971668,61.087074,60.554417,60.927277,42203400,56.109016,0.37,0.56,-0.32,0.29,57.792286,53.303565
2012-09-13,60.980545,62.019227,60.918401,61.752895,45417800,56.165174,0.09,1.79,-0.01,1.36,57.850129,53.356915
2012-09-14,61.974831,62.525248,61.957079,62.303307,38880300,56.22625,0.36,1.25,0.33,0.89,57.913037,53.414937
2012-09-17,62.338828,62.35658,62.108007,62.329948,31798400,56.286983,0.06,0.09,-0.31,0.04,57.975592,53.472634
2012-09-18,62.17014,62.40984,62.16126,62.383202,27169800,56.347642,-0.26,0.13,-0.27,0.09,58.038071,53.53026
2012-09-19,62.374333,62.658417,62.196776,62.498619,36484600,56.408846,-0.01,0.44,-0.3,0.19,58.101111,53.588403
2012-09-20,62.196796,62.49864,62.028126,62.436497,42520200,56.468822,-0.48,0.0,-0.75,-0.1,58.162887,53.645381
2012-09-21,62.748076,62.801492,62.391957,62.454277,23678500,56.528379,0.5,0.58,-0.07,0.03,58.22423,53.70196
2012-09-24,61.937911,62.196098,61.804366,62.08926,32341600,56.583711,-0.83,-0.41,-1.04,-0.58,58.281223,53.754526
2012-09-25,62.249526,62.391976,61.190078,61.216785,41299600,56.629811,0.26,0.49,-1.45,-1.41,58.328706,53.798321
2012-09-26,61.13666,61.172273,60.406617,60.71822,32770400,56.670492,-0.13,-0.07,-1.32,-0.81,58.370607,53.836968
2012-09-27,60.86954,61.697516,60.762702,61.555065,25339500,56.719095,0.25,1.61,0.07,1.38,58.420668,53.88314
2012-09-28,61.350323,61.537285,60.994203,61.047619,30112600,56.762165,-0.33,-0.03,-0.91,-0.82,58.46503,53.924056
2012-10-01,61.341411,61.724239,60.762718,60.958584,37715300,56.80392,0.48,1.11,-0.47,-0.15,58.508038,53.963724
2012-10-02,61.225694,61.412662,60.655904,61.136665,33254300,56.847032,0.44,0.74,-0.5,0.29,58.552443,54.00468
2012-10-03,61.305807,61.644117,61.065423,61.528381,38236000,56.893613,0.28,0.83,-0.12,0.64,58.600421,54.048932
2012-10-04,61.626314,61.911209,61.430448,61.74205,26128600,56.941856,0.16,0.62,-0.16,0.35,58.650111,54.094763
2012-10-05,62.05364,62.142675,61.252378,61.412632,25207900,56.986341,0.5,0.65,-0.79,-0.53,58.695931,54.137024
2012-10-08,61.056521,61.181161,60.709306,60.851749,30911500,57.024803,-0.58,-0.38,-1.15,-0.91,58.735547,54.173563
2012-10-09,60.691506,60.842855,59.738889,59.88134,67974000,57.053226,-0.26,-0.01,-1.83,-1.59,58.764823,54.200565
2012-10-10,59.863527,60.032685,59.471801,59.578632,45134300,57.078355,-0.03,0.25,-0.68,-0.51,58.790705,54.224437
2012-10-11,60.023788,60.068305,59.356065,59.391678,30469400,57.101373,0.75,0.82,-0.37,-0.31,58.814414,54.246304
2012-10-12,59.382755,59.703262,59.249216,59.364952,24891200,57.123896,-0.02,0.52,-0.24,-0.04,58.837613,54.267701
2012-10-15,59.587524,59.881323,59.231404,59.801193,22220100,57.150536,0.37,0.87,-0.22,0.73,58.865052,54.293009
2012-10-16,59.890227,60.718203,59.872424,60.646984,33960600,57.185326,0.15,1.53,0.12,1.41,58.900886,54.32606
2012-10-17,60.335377,60.80724,60.255254,60.611374,33439400,57.219416,-0.51,0.26,-0.65,-0.06,58.935999,54.358445
2012-10-18,60.4155,60.611366,59.685457,59.908031,61707600,57.246169,-0.32,-0.0,-1.53,-1.16,58.963554,54.38386
2012-10-19,59.836807,59.890223,58.40343,58.474655,75362600,57.258392,-0.12,-0.03,-2.51,-2.39,58.976144,54.395473
2012-10-22,58.447946,58.928707,58.3144,58.777351,38621500,57.273506,-0.05,0.78,-0.27,0.52,58.991712,54.409831
2012-10-23,58.296584,58.715017,58.038397,58.216454,52591200,57.282889,-0.82,-0.11,-1.26,-0.95,59.001376,54.418744
2012-10-24,58.545876,58.643809,57.922665,58.0117,39872400,57.290141,0.57,0.73,-0.5,-0.35,59.008845,54.425634
2012-10-25,58.41233,58.510263,57.842541,58.0117,52688700,57.29732,0.69,0.86,-0.29,0.0,59.01624,54.432454
2012-10-26,58.01173,58.421265,57.557677,58.180882,54213100,57.306112,0.0,0.71,-0.78,0.29,59.025295,54.440807
2012-10-31,58.109636,58.216474,57.628882,57.824741,38524500,57.311273,-0.12,0.06,-0.95,-0.61,59.030611,54.445709
2012-11-01,58.189746,58.759535,58.020588,58.643799,26945000,57.324532,0.63,1.62,0.34,1.42,59.044268,54.458305
2012-11-02,58.910915,58.946528,57.967203,58.020618,44083000,57.331458,0.46,0.52,-1.15,-1.06,59.051402,54.464885
2012-11-05,58.02952,58.519185,57.904879,58.403442,28094700,57.342124,0.02,0.86,-0.2,0.66,59.062388,54.475018
2012-11-06,58.501368,58.910904,58.278794,58.510273,29608400,57.353748,0.17,0.87,-0.21,0.18,59.07436,54.48606
2012-11-07,57.887061,57.958286,56.889933,57.13031,70737800,57.351524,-1.07,-0.94,-2.77,-2.36,59.07207,54.483948
2012-11-08,57.290573,57.424118,56.231121,56.231121,58585800,57.340376,0.28,0.51,-1.57,-1.57,59.060587,54.473357
2012-11-09,56.266736,57.076906,56.231124,56.471504,51542100,57.331731,0.06,1.5,0.0,0.43,59.051683,54.465144
2012-11-12,56.800895,56.863216,56.311233,56.462582,32663700,57.323082,0.58,0.69,-0.28,-0.02,59.042775,54.456928
2012-11-13,56.026348,56.605042,55.892802,56.070862,43288300,57.310622,-0.77,0.25,-1.01,-0.69,59.029941,54.445091
2012-11-14,56.346859,56.409179,55.323017,55.412048,82655300,57.291731,0.49,0.6,-1.33,-1.17,59.010483,54.427145
2012-11-15,55.447649,55.634614,55.020307,55.225075,55124200,57.271167,0.06,0.4,-0.71,-0.34,58.989302,54.407609
2012-11-16,55.269595,55.625712,54.584066,55.465458,70873100,57.2532,0.08,0.73,-1.16,0.44,58.970796,54.39054
2012-11-19,56.070864,56.827618,56.053057,56.7831,55306400,57.248523,1.09,2.46,1.06,2.38,58.965978,54.386096
2012-11-20,56.765294,56.881034,56.257826,56.800907,52012700,57.244069,-0.03,0.17,-0.93,0.03,58.961391,54.381865
2012-11-21,56.863222,56.996765,56.622842,56.916641,19611700,57.240811,0.11,0.34,-0.31,0.2,58.958035,54.37877
2012-11-23,57.237158,57.798042,57.201545,57.780239,16462900,57.246178,0.56,1.55,0.5,1.52,58.963563,54.383869
2012-11-26,57.637789,58.065135,57.459733,58.029522,26430900,57.253973,-0.25,0.49,-0.55,0.43,58.971592,54.391274
2012-11-27,58.020606,58.225377,57.735712,57.833645,25828600,57.259741,-0.02,0.34,-0.51,-0.34,58.977533,54.396753
2012-11-28,57.557653,58.376724,57.201533,58.332207,37295800,57.270412,-0.48,0.94,-1.09,0.86,58.988524,54.406891
2012-11-29,58.643831,58.884208,58.385644,58.679443,41136100,57.284432,0.53,0.95,0.09,0.6,59.002965,54.42021
2012-11-30,58.688351,58.732869,58.412362,58.58152,33497400,57.297338,0.02,0.09,-0.46,-0.17,59.016259,54.432471
2012-12-03,59.035545,59.088967,58.439048,58.465755,28240000,57.308964,0.78,0.87,-0.24,-0.2,59.028233,54.443516
2012-12-04,58.492466,58.554786,58.047318,58.430145,49584500,57.32012,0.05,0.15,-0.72,-0.06,59.039724,54.454114
2012-12-05,58.341123,58.350028,57.468637,57.780239,54076200,57.324699,-0.15,-0.14,-1.65,-1.11,59.04444,54.458464
2012-12-06,57.602192,58.296629,57.450843,58.154179,47512300,57.332952,-0.31,0.89,-0.57,0.65,59.052941,54.466305
2012-12-07,58.439044,58.501364,57.611068,57.806934,30089400,57.337668,0.49,0.6,-0.93,-0.6,59.057799,54.470785
2012-12-10,57.646693,58.278802,57.646693,57.976105,33219600,57.344021,-0.28,0.82,-0.28,0.29,59.064342,54.47682
2012-12-11,58.376722,59.062247,58.332204,58.732841,40750800,57.35784,0.69,1.87,0.61,1.31,59.078575,54.489948
2012-12-12,59.044459,59.044459,58.447962,58.608215,45917700,57.370282,0.53,0.53,-0.49,-0.21,59.09139,54.501768
2012-12-13,58.492471,58.902013,57.895974,58.145256,45467700,57.377993,-0.2,0.5,-1.22,-0.79,59.099333,54.509093
2012-12-14,57.753527,57.940488,57.397407,57.593273,39630300,57.380135,-0.67,-0.35,-1.29,-0.95,59.101539,54.511128
2012-12-17,57.646681,58.376724,57.566558,58.358921,42302900,57.389874,0.09,1.36,-0.05,1.33,59.11157,54.52038
2012-12-18,58.652714,59.338246,58.492461,59.249218,55596000,57.408375,0.5,1.68,0.23,1.53,59.130626,54.537956
2012-12-19,59.41837,59.43618,58.955419,58.991032,34832500,57.424123,0.29,0.32,-0.5,-0.44,59.146847,54.552917
2012-12-20,59.097863,59.124577,58.697232,58.991032,40754300,57.439714,0.18,0.23,-0.5,0.0,59.162906,54.567728
2012-12-21,58.084139,58.442243,57.833469,58.370621,51152900,57.448977,-1.54,-0.93,-1.96,-1.05,59.172446,54.576528
2012-12-24,58.218431,58.31691,58.119952,58.254242,11418300,57.456989,-0.26,-0.09,-0.43,-0.2,59.180699,54.58414
2012-12-26,58.298999,58.352712,57.555936,57.743938,21751300,57.459845,0.08,0.17,-1.2,-0.88,59.18364,54.586852
2012-12-27,57.797649,57.869271,56.938205,57.654411,52933200,57.461781,0.09,0.22,-1.4,-0.16,59.185634,54.588692
2012-12-28,57.215757,57.68129,57.072516,57.099373,33082100,57.458175,-0.76,0.05,-1.01,-0.96,59.18192,54.585266
2012-12-31,57.036689,58.415382,56.920308,58.307949,57544000,57.46663,-0.11,2.3,-0.31,2.12,59.190629,54.593299
2013-01-02,59.740376,60.188004,59.516563,60.16114,70695900,57.493441,2.46,3.22,2.07,3.18,59.218244,54.618769
2013-01-03,60.161128,60.286463,59.668742,59.84779,47366500,57.516867,-0.0,0.21,-0.82,-0.52,59.242373,54.641024
2013-01-04,59.874632,59.874632,59.507581,59.650818,33972500,57.538101,0.04,0.04,-0.57,-0.33,59.264244,54.661196
2013-01-07,59.498646,59.767226,59.310644,59.668747,26766200,57.559301,-0.26,0.2,-0.57,0.03,59.28608,54.681336
2013-01-08,59.659794,59.82094,59.239023,59.552361,28734900,57.579133,-0.02,0.26,-0.72,-0.2,59.306507,54.700176
2013-01-09,59.641867,59.937296,59.579199,59.77615,25600300,57.600994,0.15,0.65,0.05,0.38,59.329023,54.720944
2013-01-10,60.187978,60.223782,59.579205,60.134258,37528000,57.6262,0.69,0.75,-0.33,0.6,59.354986,54.74489
2013-01-11,60.107422,60.241712,59.982087,60.214855,21158600,57.651958,-0.04,0.18,-0.25,0.13,59.381517,54.76936
2013-01-14,59.910478,60.11639,59.686664,59.946289,36768500,57.674787,-0.51,-0.16,-0.88,-0.45,59.405031,54.791048
2013-01-15,59.650818,59.740349,59.382246,59.650818,31675300,57.694449,-0.49,-0.34,-0.94,-0.49,59.425283,54.809727
2013-01-16,59.731413,60.098464,59.62398,59.892559,33822300,57.716321,0.14,0.75,-0.04,0.41,59.44781,54.830505
2013-01-17,60.134277,60.411811,60.035799,60.179043,32024200,57.740826,0.4,0.87,0.24,0.48,59.47305,54.853784
2013-01-18,59.999969,60.107403,59.776156,60.044735,31992000,57.76375,-0.3,-0.12,-0.67,-0.22,59.496662,54.875562
2013-01-22,60.1074,60.187977,59.740349,60.143211,32123100,57.787426,0.1,0.24,-0.51,0.16,59.521049,54.898055
2013-01-23,60.483416,60.689328,60.393892,60.510273,31975700,57.814519,0.57,0.91,0.42,0.61,59.548955,54.923793
2013-01-24,59.677696,60.23275,59.588165,59.677696,42596300,57.833058,-1.38,-0.46,-1.52,-1.38,59.56805,54.941405
2013-01-25,59.865698,60.152179,59.74931,59.982079,39240100,57.854442,0.32,0.8,0.12,0.51,59.590075,54.96172
2013-01-28,59.991047,60.322287,59.919425,60.116383,32926100,57.876948,0.01,0.57,-0.1,0.22,59.613257,54.983101
2013-01-29,60.044752,60.259611,59.650837,60.125328,35554700,57.89932,-0.12,0.24,-0.77,0.01,59.6363,55.004354
2013-01-30,60.232741,60.411797,59.865691,59.999973,34445000,57.920222,0.18,0.48,-0.43,-0.21,59.657829,55.024211
2013-01-31,59.973126,60.295418,59.81198,59.8657,34870500,57.93958,-0.04,0.49,-0.31,-0.22,59.677768,55.042601
2013-02-01,60.286464,60.680378,60.044748,60.572952,53120800,57.965783,0.7,1.36,0.3,1.18,59.704757,55.067494
2013-02-04,60.223805,60.393906,59.498651,59.51656,48483700,57.981214,-0.58,-0.3,-1.77,-1.74,59.72065,55.082153
2013-02-05,59.77614,60.58187,59.632903,60.393867,35120300,58.00522,0.44,1.79,0.2,1.47,59.745377,55.104959
2013-02-06,60.196938,60.474471,60.017889,60.196938,43593200,58.027028,-0.33,0.13,-0.62,-0.33,59.767839,55.125677
2013-02-07,60.268562,60.313328,59.588166,60.25066,46017900,58.049154,0.12,0.19,-1.01,0.09,59.790629,55.146696
2013-02-08,60.555051,60.993724,60.546097,60.868389,39837200,58.077206,0.51,1.23,0.49,1.03,59.819522,55.173346
2013-02-11,60.90419,60.931046,60.680376,60.886288,17650400,58.105157,0.06,0.1,-0.31,0.03,59.848312,55.199899
2013-02-12,60.805699,60.922086,60.572937,60.635605,22057900,58.130336,-0.13,0.06,-0.51,-0.41,59.874246,55.223819
2013-02-13,60.81468,61.083259,60.671435,60.850491,23494700,58.157402,0.3,0.74,0.06,0.35,59.902124,55.249532
2013-02-14,60.572951,60.9221,60.53714,60.832569,24478800,58.184021,-0.46,0.12,-0.51,-0.03,59.929541,55.27482
2013-02-15,60.823615,60.975807,60.483414,60.653515,25333600,58.208593,-0.01,0.24,-0.57,-0.29,59.95485,55.298163
2013-02-19,60.769916,61.110118,60.752014,61.092209,23436500,58.237285,0.19,0.75,0.16,0.72,59.984404,55.325421
2013-02-20,61.074276,61.101132,60.14321,60.152164,38200300,58.256339,-0.03,0.01,-1.55,-1.54,60.004029,55.343522
2013-02-21,59.928374,59.991041,59.292743,59.507603,45855600,58.268789,-0.37,-0.27,-1.43,-1.07,60.016853,55.35535
2013-02-22,59.847778,60.116357,59.61501,60.107403,21968000,58.287084,0.57,1.02,0.18,1.01,60.035696,55.37273
2013-02-25,60.492384,60.707243,59.310648,59.364361,40927600,58.297803,0.64,1.0,-1.33,-1.24,60.046737,55.382913
2013-02-26,59.444939,59.69561,59.051025,59.588177,42088800,58.310643,0.14,0.56,-0.53,0.38,60.059962,55.395111
2013-02-27,59.588164,60.563995,59.507594,60.196938,36339500,58.329412,-0.0,1.64,-0.14,1.02,60.079294,55.412941
2013-02-28,60.205891,60.644564,60.062647,60.071602,28557300,58.346747,0.01,0.74,-0.22,-0.21,60.097149,55.42941
2013-03-01,59.865698,60.429706,59.570262,60.322273,31617200,58.366404,-0.34,0.6,-0.83,0.42,60.117396,55.448084
2013-03-04,60.125329,60.599813,60.044752,60.590858,19380500,58.388538,-0.33,0.46,-0.46,0.45,60.140194,55.469111
2013-03-05,60.948967,61.566688,60.948967,61.486118,35581900,58.41936,0.59,1.61,0.59,1.48,60.17194,55.498392
2013-03-06,61.674102,61.692011,61.253332,61.333908,29071100,58.44836,0.31,0.33,-0.38,-0.25,60.201811,55.525942
2013-03-07,61.405548,61.593558,61.280213,61.495079,21775900,58.478676,0.12,0.42,-0.09,0.26,60.233036,55.554742
2013-03-08,61.700982,61.790506,61.324976,61.566692,26159900,58.509402,0.33,0.48,-0.28,0.12,60.264684,55.583932
2013-03-11,61.486107,61.763633,61.298104,61.745731,23187900,58.541604,-0.13,0.32,-0.44,0.29,60.297853,55.614524
2013-03-12,61.566659,61.709903,61.226465,61.5219,27575400,58.571259,-0.29,-0.06,-0.84,-0.36,60.328397,55.642696
2013-03-13,61.60248,61.674102,61.226475,61.441334,34297300,58.599817,0.13,0.25,-0.48,-0.13,60.357812,55.669826
2013-03-14,61.656202,61.781537,61.512958,61.647247,31530800,58.63014,0.35,0.55,0.12,0.34,60.389044,55.698633
2013-03-15,61.691221,61.727115,61.323314,61.475864,30752600,58.658455,0.07,0.13,-0.53,-0.28,60.418209,55.725533
2013-03-18,60.910562,61.592532,60.775968,61.341282,36163000,58.68515,-0.92,0.19,-1.14,-0.22,60.445705,55.750893
2013-03-19,61.529716,61.646366,60.677258,61.224628,33125100,58.710419,0.31,0.5,-1.08,-0.19,60.471731,55.774898
2013-03-20,61.655315,61.789916,61.368171,61.655315,28035400,58.739721,0.7,0.92,0.23,0.7,60.501913,55.802735
2013-03-21,61.090037,61.242581,60.811861,60.955437,30050800,58.761768,-0.92,-0.67,-1.37,-1.14,60.524621,55.82368
2013-03-22,61.20669,61.592541,61.134903,61.547672,28837200,58.789488,0.41,1.05,0.29,0.97,60.553173,55.850014
2013-03-25,61.745056,61.879656,61.027198,61.323311,24909800,58.814701,0.32,0.54,-0.85,-0.36,60.579142,55.873966
2013-03-26,61.556609,61.673266,61.422009,61.655315,19725200,58.842965,0.38,0.57,0.16,0.54,60.608254,55.900817
2013-03-27,61.23358,61.78095,61.143849,61.736088,22539500,58.871753,-0.68,0.2,-0.83,0.13,60.637905,55.928165
2013-03-28,61.736109,61.969409,61.592533,61.888653,23662800,58.901772,0.0,0.38,-0.23,0.25,60.668825,55.956683
2013-04-01,61.93353,61.996343,61.296428,61.466923,28112800,58.927296,0.07,0.17,-0.96,-0.68,60.695114,55.980931
2013-04-02,61.763001,62.15782,61.709157,61.951439,29431900,58.957387,0.48,1.12,0.39,0.79,60.726108,56.009517
2013-04-03,61.987366,62.077097,61.233607,61.386158,35131200,58.981553,0.06,0.2,-1.16,-0.91,60.751,56.032476
2013-04-04,61.35921,61.556623,61.072066,61.404079,32287400,59.005658,-0.04,0.28,-0.51,0.03,60.775828,56.055375
2013-04-05,60.434951,60.982321,60.291382,60.89259,55610800,59.024434,-1.58,-0.69,-1.81,-0.83,60.795167,56.073212
2013-04-08,60.919533,61.233596,60.74007,61.215652,17891600,59.046237,0.04,0.56,-0.25,0.53,60.817624,56.093925
2013-04-09,61.377164,61.879665,61.098988,61.628414,30931400,59.07193,0.26,1.08,-0.19,0.67,60.844088,56.118334
2013-04-10,61.843771,62.96543,61.807877,62.83083,55271300,59.109332,0.35,2.17,0.29,1.95,60.882612,56.153865
2013-04-11,62.678261,62.947462,62.606473,62.803886,37233600,59.146094,-0.24,0.19,-0.36,-0.04,60.920477,56.188789
2013-04-12,62.651348,62.803892,62.283447,62.759029,32783700,59.182043,-0.24,0.0,-0.83,-0.07,60.957505,56.222941
2013-04-15,62.525745,62.624452,61.448956,61.520737,48795800,59.205314,-0.37,-0.21,-2.09,-1.97,60.981473,56.245048
2013-04-16,61.870655,62.409057,61.74503,62.337269,27682600,59.236478,0.57,1.44,0.36,1.33,61.013572,56.274654
2013-04-17,61.798918,61.816861,60.758015,61.116947,60204800,59.255189,-0.86,-0.83,-2.53,-1.96,61.032844,56.292429
2013-04-18,61.27845,61.314344,60.013216,60.273441,56798200,59.265321,0.26,0.32,-1.81,-1.38,61.04328,56.302055
2013-04-19,60.390102,61.224616,60.300363,61.098984,43062800,59.283566,0.19,1.58,0.04,1.37,61.062073,56.319388
2013-04-22,61.31435,61.951451,61.090018,61.727119,34412100,59.30788,0.35,1.4,-0.01,1.03,61.087116,56.342486
2013-04-23,62.077049,62.543656,61.754011,62.319324,53078300,59.337845,0.57,1.32,0.04,0.96,61.11798,56.370952
2013-04-24,62.166809,62.516766,62.023241,62.292435,44500700,59.367244,-0.24,0.32,-0.48,-0.04,61.148261,56.398881
2013-04-25,62.453949,62.85775,62.444974,62.624443,26437100,59.399654,0.26,0.91,0.24,0.53,61.181643,56.429671
2013-04-26,62.471894,62.606487,62.157824,62.427025,24079800,59.429777,-0.24,-0.03,-0.75,-0.32,61.21267,56.458288
2013-04-29,62.624456,63.243613,62.597537,63.001331,31664000,59.465314,0.32,1.31,0.27,0.92,61.249274,56.492049
2013-04-30,63.082071,63.467921,62.848764,63.458946,30135800,59.505052,0.13,0.74,-0.24,0.73,61.290204,56.529799
2013-05-01,63.476882,63.575588,63.037194,63.162819,28537200,59.541448,0.03,0.18,-0.66,-0.47,61.327691,56.564375
2013-05-02,63.27054,64.09608,63.216696,63.961479,31744200,59.585428,0.17,1.48,0.09,1.26,61.372991,56.606157
2013-05-03,64.580625,64.912631,64.526787,64.715225,34061700,59.636471,0.97,1.49,0.88,1.18,61.425565,56.654647
2013-05-06,64.831868,65.065175,64.778031,64.966469,19244300,59.689506,0.18,0.54,0.1,0.39,61.480191,56.70503
2013-05-07,65.074134,65.119003,64.688283,64.930565,25838100,59.741656,0.17,0.23,-0.43,-0.06,61.533905,56.754573
2013-05-08,64.894687,65.298482,64.787005,65.244644,24252100,59.796412,-0.06,0.57,-0.22,0.48,61.590304,56.806591
2013-05-09,65.11899,65.594572,65.029259,65.154884,29337200,59.84973,-0.19,0.54,-0.33,-0.14,61.645222,56.857243
2013-05-10,65.289518,65.576662,65.172861,65.549744,20663700,59.906446,0.21,0.65,0.03,0.61,61.70364,56.911124
2013-05-13,65.442063,65.79202,65.37925,65.630501,29730100,59.963402,-0.16,0.37,-0.26,0.12,61.762304,56.965232
2013-05-14,65.648457,66.168902,65.621532,65.971489,36009800,60.023184,0.03,0.82,-0.01,0.52,61.82388,57.022025
2013-05-15,65.845846,66.168884,65.684327,66.106071,27214400,60.08371,-0.19,0.3,-0.44,0.2,61.886222,57.079525
2013-05-16,66.159896,66.491902,65.998377,66.034264,27253400,60.14292,0.08,0.58,-0.16,-0.11,61.947207,57.135774
2013-05-17,66.375267,66.698305,66.159911,66.671387,31114500,60.20788,0.52,1.01,0.19,0.96,62.014116,57.197486
2013-05-20,66.545744,66.788019,66.303462,66.572662,25132400,60.271211,-0.19,0.17,-0.55,-0.15,62.079347,57.25765
2013-05-21,66.536803,66.88676,66.303496,66.644478,25900000,60.334626,-0.05,0.47,-0.4,0.11,62.144665,57.317895
2013-05-22,66.725215,67.254635,65.720207,66.061195,59843200,60.391607,0.12,0.92,-1.39,-0.88,62.203355,57.372027
2013-05-23,65.47791,66.132954,65.352285,65.908623,48222100,60.446503,-0.88,0.11,-1.07,-0.23,62.259898,57.424178
2013-05-24,65.468933,65.890678,65.289471,65.872734,26430300,60.500495,-0.67,-0.03,-0.94,-0.05,62.31551,57.475471
2013-05-28,66.644456,66.886738,66.097093,66.303474,27057100,60.558236,1.17,1.54,0.34,0.65,62.374983,57.530325
2013-05-29,66.043255,66.222725,65.612542,65.989418,32090300,60.612278,-0.39,-0.12,-1.04,-0.47,62.430646,57.581664
2013-05-30,66.01634,66.653441,65.998397,66.339378,32390500,60.669264,0.04,1.01,0.01,0.53,62.489342,57.635801
2013-05-31,66.088127,66.590628,65.657407,65.729195,38347600,60.719612,-0.38,0.38,-1.03,-0.92,62.5412,57.683631
2013-06-03,65.738143,65.863768,64.99336,65.845818,47613100,60.770619,0.01,0.2,-1.12,0.18,62.593737,57.732088
2013-06-04,65.980457,66.240683,65.235674,65.504875,35251900,60.817726,0.2,0.6,-0.93,-0.52,62.642257,57.776839
2013-06-05,65.289506,65.540756,64.598561,64.652405,48654200,60.855882,-0.33,0.05,-1.38,-1.3,62.681558,57.813088
2013-06-06,64.742137,64.975444,64.131955,64.966469,62524100,60.896783,0.14,0.5,-0.8,0.49,62.723687,57.851944
2013-06-07,65.235632,65.926577,65.074113,65.85479,31969800,60.946116,0.41,1.48,0.17,1.37,62.7745,57.898811
2013-06-10,65.980436,66.186824,65.73816,65.881729,25390000,60.995227,0.19,0.5,-0.18,0.04,62.825084,57.945466
2013-06-11,65.226723,65.80998,65.002391,65.226723,40278900,61.037331,-0.99,-0.11,-1.33,-0.99,62.868451,57.985465
2013-06-12,65.603565,65.630483,64.374224,64.472931,42081900,61.071517,0.58,0.62,-1.31,-1.16,62.903662,58.017941
2013-06-13,64.383188,65.433058,64.203725,65.28949,28221500,61.113486,-0.14,1.49,-0.42,1.27,62.946891,58.057812
2013-06-14,65.2895,65.361281,64.760073,64.85878,27690700,61.150753,0.0,0.11,-0.81,-0.66,62.985276,58.093215
2013-06-17,65.370274,65.863807,65.145942,65.486931,32441900,61.193899,0.79,1.55,0.44,0.97,63.029716,58.134204
2013-06-18,65.576643,66.150932,65.558693,66.025307,24853100,61.241973,0.14,1.01,0.11,0.82,63.079232,58.179874
2013-06-19,66.043241,66.115029,65.217702,65.28949,43145100,61.282247,0.03,0.14,-1.22,-1.11,63.120714,58.218134
2013-06-20,64.535742,64.751105,63.521765,63.737122,60908400,61.306673,-1.15,-0.82,-2.71,-2.38,63.145873,58.24134
2013-06-21,63.713731,63.884764,62.867573,63.398674,51558900,61.327489,-0.04,0.23,-1.36,-0.53,63.167314,58.261115
2013-06-24,62.876566,63.254634,62.246453,62.768551,41492300,61.341828,-0.82,-0.23,-1.82,-0.99,63.182083,58.274737
2013-06-25,63.371653,63.479668,62.840552,63.227623,28897400,61.360592,0.96,1.13,0.11,0.73,63.20141,58.292563
2013-06-26,63.767728,63.911758,63.542687,63.794739,23742300,61.384813,0.85,1.08,0.5,0.9,63.226357,58.315572
2013-06-27,64.127777,64.469844,64.028758,64.064766,23545000,61.411479,0.52,1.06,0.37,0.42,63.253823,58.340905
2013-06-28,63.86677,64.532898,63.722747,64.154823,28301100,61.438776,-0.31,0.73,-0.53,0.14,63.281939,58.366837
2013-07-01,64.586896,65.081989,64.487877,64.550888,24942800,61.469742,0.67,1.45,0.52,0.62,63.313834,58.396255
2013-07-02,64.523873,64.973956,64.226817,64.577881,23067900,61.500669,-0.04,0.66,-0.5,0.04,63.345689,58.425635
2013-07-03,64.343849,65.144996,64.289834,64.838936,18847500,61.533885,-0.36,0.88,-0.45,0.4,63.379902,58.457191
2013-07-05,65.207992,65.361019,64.685895,65.334015,28795900,61.571698,0.57,0.81,-0.24,0.76,63.418849,58.493113
2013-07-08,65.67609,65.703094,65.153993,65.397041,20558500,61.609761,0.52,0.56,-0.28,0.1,63.458054,58.529273
2013-07-09,65.703114,65.937159,65.397061,65.793129,26108600,61.651386,0.47,0.83,0.0,0.61,63.500928,58.568817
2013-07-10,65.730095,66.270199,65.694094,66.171181,25598900,61.696359,-0.1,0.73,-0.15,0.57,63.54725,58.611541
2013-07-11,66.882303,67.53942,66.837292,67.485413,47768900,61.753962,1.07,2.07,1.01,1.99,63.606581,58.666264
2013-07-12,67.530419,67.827475,67.350388,67.782471,31412600,61.813947,0.07,0.51,-0.2,0.44,63.668365,58.72325
2013-07-15,67.854483,67.980505,67.665449,67.935501,19783600,61.874858,0.11,0.29,-0.17,0.23,63.731104,58.781115
2013-07-16,67.989535,68.043543,67.674479,67.845512,31747100,61.934268,0.08,0.16,-0.38,-0.13,63.792296,58.837554
2013-07-17,68.05251,68.178532,67.827468,68.016502,24631500,61.994787,0.31,0.49,-0.03,0.25,63.854631,58.895048
2013-07-18,68.007543,68.178569,67.73749,67.845512,36278800,62.053003,-0.01,0.24,-0.41,-0.25,63.914594,58.950353
2013-07-19,67.260352,67.278352,66.945295,67.143326,37732400,62.103653,-0.86,-0.84,-1.33,-1.03,63.966763,58.998471
2013-07-22,67.395384,67.494403,67.134335,67.34137,21135900,62.15577,0.38,0.52,-0.01,0.29,64.020443,59.047981
2013-07-23,67.4674,67.476404,66.792276,66.846291,24739500,62.202442,0.19,0.2,-0.82,-0.74,64.068515,59.09232
2013-07-24,67.503427,67.530431,66.909321,67.062347,24426900,62.250799,0.98,1.02,0.09,0.32,64.118323,59.138259
2013-07-25,67.37739,67.566424,67.026326,67.485413,23162200,62.302885,0.47,0.75,-0.05,0.63,64.171971,59.187741
2013-07-26,67.215392,67.854509,67.107377,67.845512,20885600,62.358035,-0.4,0.55,-0.56,0.53,64.228776,59.240134
2013-07-29,67.710456,67.998509,67.539422,67.71946,20958400,62.411383,-0.2,0.23,-0.45,-0.19,64.283724,59.290814
2013-07-30,67.96251,68.367582,67.827484,68.079529,24104600,62.467782,0.36,0.96,0.16,0.53,64.341816,59.344393
2013-07-31,68.214555,68.601626,68.079529,68.205551,25007600,62.524875,0.2,0.77,0.0,0.19,64.400621,59.398631
2013-08-01,68.67364,68.9977,68.601625,68.898682,16880000,62.588296,0.69,1.16,0.58,1.02,64.465944,59.458881
2013-08-02,68.907683,69.303752,68.75465,69.285751,18105300,62.654937,0.01,0.59,-0.21,0.56,64.534585,59.52219
2013-08-05,69.249753,69.384779,69.114727,69.330765,15462800,62.721363,-0.05,0.14,-0.25,0.06,64.603004,59.585295
2013-08-06,69.240732,69.303743,68.637623,68.916672,23675400,62.783008,-0.13,-0.04,-1.0,-0.6,64.666498,59.643857
2013-08-07,68.718642,68.925683,68.29557,68.790657,20281200,62.842785,-0.29,0.01,-0.9,-0.18,64.728069,59.700646
2013-08-08,69.168722,69.294751,68.682638,69.132721,19994000,62.905372,0.55,0.73,-0.16,0.5,64.792533,59.760103
2013-08-09,69.015683,69.258732,68.655615,68.853653,18558500,62.964559,-0.17,0.18,-0.69,-0.4,64.853496,59.816331
2013-08-12,68.592637,69.141739,68.583641,69.015717,20515900,63.024769,-0.38,0.42,-0.39,0.24,64.915512,59.873531
2013-08-13,69.105722,69.555805,68.610635,69.402779,23917000,63.088232,0.13,0.78,-0.59,0.56,64.980879,59.93382
2013-08-14,69.375776,69.474795,69.042712,69.141731,29921000,63.148466,-0.04,0.1,-0.52,-0.38,65.04292,59.991043
2013-08-15,68.367565,68.403572,67.773459,67.971497,39406600,63.196456,-1.12,-1.07,-1.98,-1.69,65.09235,60.036633
2013-08-16,67.98052,68.295583,67.827493,67.944519,23825000,63.243701,0.01,0.48,-0.21,-0.04,65.141012,60.081516
2013-08-19,67.953491,68.529597,67.809469,67.827469,29586900,63.28931,0.01,0.86,-0.2,-0.17,65.18799,60.124845
2013-08-20,67.953516,68.439607,67.899508,68.12455,18842800,63.337422,0.19,0.9,0.11,0.44,65.237545,60.170551
2013-08-21,67.908502,68.493605,67.63845,67.890495,30705100,63.382726,-0.32,0.54,-0.71,-0.34,65.284208,60.21359
2013-08-22,68.187539,68.601614,68.151531,68.55661,17269500,63.434208,0.44,1.05,0.38,0.98,65.337234,60.262497
2013-08-23,69.04272,69.105732,68.772675,69.015717,20697300,63.489745,0.71,0.8,0.32,0.67,65.394438,60.315258
2013-08-26,69.069696,69.564783,68.907666,69.051689,27525500,63.545088,0.08,0.8,-0.16,0.05,65.451441,60.367834
2013-08-27,68.232548,68.574608,67.476405,67.638435,40068900,63.585818,-1.19,-0.69,-2.28,-2.05,65.493392,60.406527
2013-08-28,67.557415,68.187528,67.557415,67.899475,20490400,63.62874,-0.12,0.81,-0.12,0.39,65.537602,60.447303
2013-08-29,67.881492,68.71864,67.782474,68.376579,27287900,63.675982,-0.03,1.21,-0.17,0.7,65.586261,60.492183
2013-08-30,68.448595,68.448595,67.692453,67.935501,26228500,63.718365,0.11,0.11,-1.0,-0.65,65.629916,60.532447
2013-09-03,68.493582,68.808646,67.998495,68.322556,27241500,63.764178,0.82,1.29,0.09,0.57,65.677103,60.575969
2013-09-04,68.556602,69.168708,68.349561,69.051689,27142900,63.81679,0.34,1.24,0.04,1.07,65.731294,60.625951
2013-09-05,69.096731,69.366777,69.069727,69.168739,17809700,63.870043,0.07,0.46,0.03,0.17,65.786145,60.676541
2013-09-06,69.40279,69.618828,68.45762,69.249763,27715100,63.923573,0.34,0.65,-1.03,0.12,65.84128,60.727394
2013-09-09,69.546812,70.176925,69.519808,70.059906,25161900,63.984631,0.43,1.34,0.39,1.17,65.90417,60.785399
2013-09-10,70.464981,70.500989,70.140921,70.40197,27619400,64.048485,0.58,0.63,0.12,0.49,65.96994,60.846061
2013-09-11,69.933835,70.311902,69.843813,70.266891,28132900,64.11036,-0.66,-0.13,-0.79,-0.19,66.03367,60.904842
2013-09-12,70.284943,70.437969,70.077902,70.221931,18332700,64.171171,0.03,0.24,-0.27,-0.06,66.096306,60.962613
2013-09-13,70.293895,70.338906,69.888824,70.266891,16932500,64.231825,0.1,0.17,-0.47,0.06,66.15878,61.020234
2013-09-16,70.861066,70.861066,69.915889,70.077919,25704300,64.289995,0.85,0.85,-0.5,-0.27,66.218695,61.075496
2013-09-17,70.230926,70.636005,70.194926,70.54599,27174300,64.352244,0.22,0.8,0.17,0.67,66.282811,61.134632
2013-09-18,70.654008,71.536173,70.509985,71.392143,31714700,64.422293,0.15,1.4,-0.05,1.2,66.354962,61.201178
2013-09-19,71.617187,71.734213,71.437156,71.563179,26435700,64.493346,0.32,0.48,0.06,0.24,66.428147,61.268679
2013-09-20,71.732892,71.814154,71.281458,71.317574,26328900,64.561249,0.24,0.35,-0.39,-0.34,66.498087,61.333187
2013-09-23,71.615515,71.696776,70.839047,71.173111,30319400,64.627039,0.42,0.53,-0.67,-0.2,66.56585,61.395687
2013-09-24,71.326597,71.552314,70.938363,71.173111,21871300,64.692174,0.22,0.53,-0.33,0.0,66.632939,61.457565
2013-09-25,71.2273,71.326616,70.784896,70.929352,22746400,64.754235,0.08,0.22,-0.55,-0.34,66.696862,61.516524
2013-09-26,71.218262,71.651642,71.191177,71.480095,22421700,64.821159,0.41,1.02,0.37,0.78,66.765794,61.580101
2013-09-27,71.064783,71.516217,70.956436,71.389816,25151600,64.886519,-0.58,0.05,-0.73,-0.13,66.833115,61.642193
2013-09-30,70.649434,71.40784,70.423717,71.218239,28031900,64.949521,-1.04,0.03,-1.35,-0.24,66.898007,61.702045
2013-10-01,71.227315,71.976698,71.1912,71.940582,33129700,65.019084,0.01,1.06,-0.04,1.01,66.969657,61.76813
2013-10-02,71.453018,72.012799,71.380787,71.913483,25503800,65.087685,-0.68,0.1,-0.78,-0.04,67.040316,61.833301
2013-10-03,71.823189,71.976675,70.694604,71.073807,42998200,65.147248,-0.13,0.09,-1.69,-1.17,67.101666,61.889886
2013-10-04,71.073809,71.787075,71.010608,71.687759,22852700,65.212328,0.0,1.0,-0.09,0.86,67.168698,61.951712
2013-10-07,71.05575,71.642616,71.028665,71.091866,20227100,65.270831,-0.88,-0.06,-0.92,-0.83,67.228956,62.007289
2013-10-08,71.09187,71.155071,69.692428,69.719513,43660700,65.315097,0.0,0.09,-1.97,-1.93,67.274549,62.049342
2013-10-09,69.882049,69.918165,68.934034,69.502846,64526700,65.356766,0.23,0.28,-1.13,-0.31,67.317469,62.088927
2013-10-10,70.252197,71.137012,70.234143,70.974495,48062700,65.412663,1.08,2.35,1.05,2.12,67.375043,62.14203
2013-10-11,70.79395,71.588472,70.784919,71.534302,25214100,65.473575,-0.25,0.87,-0.27,0.79,67.437783,62.199897
2013-10-14,71.091864,72.039879,71.037694,72.039879,31471900,65.538912,-0.62,0.71,-0.69,0.71,67.505079,62.261966
2013-10-15,71.985704,72.328792,71.669695,71.759987,38684000,65.600813,-0.08,0.4,-0.51,-0.39,67.568837,62.320772
2013-10-16,72.094067,72.608702,72.039897,72.572586,46735900,65.670184,0.47,1.18,0.39,1.13,67.640289,62.386675
2013-10-17,72.247518,73.014961,72.184317,72.987869,32193500,65.742997,-0.45,0.61,-0.54,0.57,67.715286,62.455847
2013-10-18,73.655989,74.197709,73.448326,74.170624,39628200,65.826854,0.92,1.66,0.63,1.62,67.801659,62.535511
2013-10-21,74.342161,74.522739,74.09839,74.333138,31176900,65.911493,0.23,0.47,-0.1,0.22,67.888838,62.615919
2013-10-22,74.622068,74.847785,73.972002,74.44149,43944800,65.996369,0.39,0.69,-0.49,0.15,67.97626,62.69655
2013-10-23,74.080374,74.215799,73.62894,73.990082,38021300,66.075908,-0.49,-0.3,-1.09,-0.61,68.058185,62.772113
2013-10-24,74.035192,74.468572,73.926845,74.315079,23155100,66.15789,0.06,0.65,-0.09,0.44,68.142627,62.849996
2013-10-25,75.010318,75.190889,74.486652,74.847801,35824500,66.244357,0.94,1.18,0.23,0.72,68.231687,62.932139
2013-10-28,74.856821,74.983222,74.531788,74.865845,28618400,66.330143,0.01,0.18,-0.42,0.02,68.320047,63.013636
2013-10-29,75.118688,75.172865,74.667253,74.992287,36878100,66.416333,0.34,0.41,-0.27,0.17,68.408823,63.095517
2013-10-30,75.254078,75.380479,74.558872,74.920021,33535500,66.500947,0.35,0.52,-0.58,-0.1,68.495975,63.1759
2013-10-31,74.730436,75.208962,74.46861,74.748497,31309900,66.583012,-0.25,0.39,-0.6,-0.23,68.580503,63.253862
2013-11-01,75.001296,75.091581,74.396376,74.766548,30867800,66.66444,0.34,0.46,-0.47,0.02,68.664374,63.331218
2013-11-04,74.992279,75.00131,74.613076,74.874908,16834000,66.746137,0.3,0.31,-0.21,0.14,68.748521,63.40883
2013-11-05,74.585996,75.136747,74.36931,74.956169,27975600,66.827828,-0.39,0.35,-0.68,0.11,68.832663,63.486437
2013-11-06,75.27219,75.299275,74.694354,74.938126,25576800,66.908528,0.42,0.46,-0.35,-0.02,68.915784,63.563102
2013-11-07,74.947097,75.055437,73.466394,73.529594,52173200,66.974409,0.01,0.16,-1.96,-1.88,68.983642,63.625689
2013-11-08,73.800499,74.540851,73.592843,74.522797,31470500,67.049518,0.37,1.38,0.09,1.35,69.061003,63.697042
2013-11-11,74.414434,74.613067,74.161632,74.405411,24822900,67.122711,-0.15,0.12,-0.48,-0.16,69.136392,63.766575
2013-11-12,74.179709,74.631143,74.143593,74.522797,20108500,67.196343,-0.3,0.3,-0.35,0.16,69.212234,63.836526
2013-11-13,74.035233,75.434682,74.035233,75.425652,31345900,67.278227,-0.65,1.22,-0.65,1.21,69.296574,63.914316
2013-11-14,75.227005,75.714555,75.064489,75.660385,31101200,67.361631,-0.26,0.38,-0.48,0.31,69.38248,63.99355
2013-11-15,75.678431,75.804832,75.48883,75.804832,20511300,67.445643,0.02,0.19,-0.23,0.19,69.469013,64.073361
2013-11-18,75.786797,75.940283,74.920043,75.064499,31679600,67.521453,-0.02,0.18,-1.17,-0.98,69.547097,64.14538
2013-11-19,75.019342,75.38049,74.7214,74.847801,25545300,67.594352,-0.06,0.42,-0.46,-0.29,69.622182,64.214634
2013-11-20,75.046462,75.326349,74.450565,74.667252,32177400,67.664729,0.27,0.64,-0.53,-0.24,69.694671,64.281493
2013-11-21,74.983248,75.488852,74.920047,75.425652,28125000,67.741952,0.42,1.1,0.34,1.02,69.774211,64.354855
2013-11-22,75.552045,75.859017,75.497875,75.831932,25361300,67.822449,0.17,0.57,0.1,0.54,69.857123,64.431327
2013-11-25,76.102767,76.184022,75.82288,76.012482,21695100,67.903942,0.36,0.46,-0.01,0.24,69.941061,64.508745
2013-11-26,76.030579,76.599384,75.868063,76.409782,26621000,67.988578,0.02,0.77,-0.19,0.52,70.028235,64.589149
2013-11-27,76.563256,76.960513,76.500055,76.942459,21638100,68.077671,0.2,0.72,0.12,0.7,70.120001,64.673787
2013-11-29,77.249423,77.502225,77.168168,77.402916,16708900,68.170459,0.4,0.73,0.29,0.6,70.215573,64.761936
2013-12-02,77.493203,77.610573,77.059823,77.1772,26354600,68.260079,0.12,0.27,-0.44,-0.29,70.307881,64.847075
2013-12-03,77.123015,77.321647,76.816043,77.113991,37147000,68.348177,-0.07,0.19,-0.47,-0.08,70.398623,64.930768
2013-12-04,76.788991,77.439051,76.545213,77.186249,37193200,68.436118,-0.42,0.42,-0.74,0.09,70.489202,65.014312
2013-12-05,77.249431,77.339723,76.897312,77.086914,39829300,68.522196,0.08,0.2,-0.37,-0.13,70.577862,65.096086
2013-12-06,77.736999,77.80923,77.276534,77.646713,36842900,68.612987,0.84,0.94,0.25,0.73,70.671377,65.182338
2013-12-09,77.9627,78.125217,77.827268,77.9627,22590000,68.706019,0.41,0.62,0.23,0.41,70.7672,65.270718
2013-12-10,77.8363,78.052987,77.755045,77.908531,26965900,68.797586,-0.16,0.12,-0.27,-0.07,70.861514,65.357707
2013-12-11,77.899519,78.007865,76.798018,76.906364,36830600,68.878271,-0.01,0.13,-1.43,-1.29,70.944619,65.434357
2013-12-12,76.933404,77.123006,76.653517,76.707687,33662600,68.956175,0.04,0.28,-0.33,-0.26,71.024861,65.508367
2013-12-13,77.068871,77.104987,76.482005,76.608406,34072000,69.032317,0.47,0.52,-0.29,-0.13,71.103286,65.580701
2013-12-16,76.987592,77.475141,76.933422,77.032738,24902500,69.111923,0.49,1.13,0.42,0.55,71.185281,65.656327
2013-12-17,77.032766,77.222368,76.734818,76.87928,24454900,69.18921,0.0,0.25,-0.39,-0.2,71.264887,65.72975
2013-12-18,76.969549,77.845333,75.88611,77.773102,68387200,69.274622,0.12,1.26,-1.29,1.16,71.352861,65.810891
2013-12-19,77.64669,77.65572,77.21331,77.556404,44964100,69.357028,-0.16,-0.15,-0.72,-0.28,71.437739,65.889177
2013-12-20,77.703165,78.50927,77.648823,78.346237,40475400,69.446473,0.19,1.23,0.12,1.02,71.529867,65.974149
2013-12-23,78.989282,79.170433,78.753788,79.170433,28181800,69.543229,0.82,1.05,0.52,1.05,71.629525,66.066067
2013-12-24,79.188553,79.261014,79.043632,79.206665,13852500,69.639382,0.02,0.11,-0.16,0.05,71.728564,66.157413
2013-12-26,79.351579,79.532723,79.197605,79.469322,15241100,69.737193,0.18,0.41,-0.01,0.33,71.829308,66.250333
2013-12-27,79.568914,79.614204,79.170395,79.27002,15827400,69.832047,0.13,0.18,-0.38,-0.25,71.927008,66.340444
2013-12-30,79.152344,79.261035,78.92591,79.152344,18983700,69.924786,-0.15,-0.01,-0.43,-0.15,72.022529,66.428547
2013-12-31,79.297254,79.668602,79.270076,79.668602,24890500,70.021739,0.18,0.65,0.15,0.65,72.122391,66.520652
2014-01-02,79.297245,79.324416,78.817198,79.043633,29177500,70.111509,-0.47,-0.43,-1.07,-0.78,72.214855,66.605934
2014-01-03,79.043649,79.11611,78.454926,78.473038,35723700,70.194709,0.0,0.09,-0.74,-0.72,72.30055,66.684973
2014-01-06,78.491143,78.581716,77.893354,78.183189,32073100,70.274196,0.02,0.14,-0.74,-0.37,72.382422,66.760486
2014-01-07,78.545487,79.025527,78.400566,78.907784,25860600,70.360102,0.46,1.08,0.28,0.93,72.470905,66.842097
2014-01-08,78.925883,79.297239,78.753791,79.079857,27197400,70.446866,0.02,0.49,-0.2,0.22,72.560272,66.924523
2014-01-09,79.3697,79.378759,78.545483,78.8172,23674700,70.530153,0.37,0.38,-0.68,-0.33,72.646058,67.003645
2014-01-10,79.0074,79.161373,78.418669,79.070801,38008900,70.615135,0.24,0.44,-0.51,0.32,72.733589,67.084378
2014-01-13,78.962107,79.233831,77.603502,77.902397,48842300,70.687645,-0.14,0.21,-1.86,-1.48,72.808274,67.153262
2014-01-14,78.165052,79.451196,78.165052,79.387794,37178900,70.774213,0.34,1.99,0.34,1.91,72.89744,67.235503
2014-01-15,79.731993,80.193921,79.65048,80.039948,39835600,70.86641,0.43,1.02,0.33,0.82,72.992402,67.323089
2014-01-16,79.976527,80.166731,79.849725,80.048981,31630100,70.957778,-0.08,0.16,-0.24,0.01,73.086512,67.40989
2014-01-17,79.804468,80.039962,79.405942,79.596146,36895800,71.043732,-0.31,-0.01,-0.8,-0.57,73.175044,67.491546
2014-01-21,80.103348,80.239203,79.53273,80.20298,26412700,71.134869,0.64,0.81,-0.08,0.76,73.268915,67.578126
2014-01-22,80.411301,80.610564,80.175807,80.411301,29376900,71.227172,0.26,0.51,-0.03,0.26,73.363987,67.665813
2014-01-23,80.166751,80.175803,79.578021,80.13958,35011900,71.315853,-0.3,-0.29,-1.04,-0.34,73.455328,67.75006
2014-01-24,79.750111,79.867854,78.53642,78.563591,63974600,71.387969,-0.49,-0.34,-2.0,-1.97,73.529609,67.818571
2014-01-27,78.56358,78.699442,77.214035,77.802765,63519300,71.451798,-0.0,0.17,-1.72,-0.97,73.595352,67.879208
2014-01-28,77.440493,77.83902,77.268401,77.7575,44378800,71.514542,-0.47,0.05,-0.69,-0.06,73.659978,67.938814
2014-01-29,77.087242,77.657854,76.770236,76.92421,51939300,71.568369,-0.86,-0.13,-1.27,-1.07,73.71542,67.989951
2014-01-30,77.866198,78.617961,77.784678,78.346237,65833600,71.635811,1.22,2.2,1.12,1.85,73.784885,68.05402
2014-01-31,77.476725,78.509264,77.395205,78.137909,45187000,71.700508,-1.11,0.21,-1.21,-0.27,73.851523,68.115483
2014-02-03,77.992961,78.346197,76.145257,76.344521,65596900,71.746717,-0.19,0.27,-2.55,-2.3,73.899119,68.159381
2014-02-04,76.734013,77.214052,76.498519,76.906105,37675500,71.798054,0.51,1.14,0.2,0.74,73.951996,68.208152
2014-02-05,76.652522,76.978588,75.846417,76.706871,41721800,71.846898,-0.33,0.09,-1.38,-0.26,74.002305,68.254553
2014-02-06,76.933242,77.784629,76.915123,77.684998,32308600,71.904989,0.3,1.41,0.27,1.28,74.062139,68.309739
2014-02-07,78.119775,79.125143,77.893341,79.070801,38359400,71.97629,0.56,1.85,0.27,1.78,74.135579,68.377476
2014-02-10,79.043605,79.559874,78.989263,79.523651,30205400,72.051389,-0.03,0.62,-0.1,0.57,74.21293,68.448819
2014-02-11,79.695761,80.583386,79.605189,80.429413,38635500,72.134752,0.22,1.33,0.1,1.14,74.298795,68.528014
2014-02-12,80.592464,80.764549,80.338852,80.583405,32507200,72.218818,0.2,0.42,-0.11,0.19,74.385383,68.607877
2014-02-13,79.994647,81.244561,79.976536,81.18116,40454500,72.307996,-0.73,0.82,-0.75,0.74,74.477236,68.692596
2014-02-14,81.154027,81.525382,80.909481,81.344231,33212400,72.397909,-0.03,0.42,-0.33,0.2,74.569846,68.778013
2014-02-18,81.48008,81.896718,81.280817,81.742744,29546600,72.490892,0.17,0.68,-0.08,0.49,74.665619,68.866347
2014-02-19,81.588746,81.778949,81.018127,81.18116,41749900,72.577362,-0.19,0.04,-0.89,-0.69,74.754683,68.948494
2014-02-20,81.235496,81.715535,80.891312,81.561562,41814800,72.666757,0.07,0.66,-0.36,0.47,74.84676,69.033419
2014-02-21,81.824229,81.941979,81.353249,81.452881,31192200,72.754181,0.32,0.47,-0.26,-0.13,74.936807,69.116472
2014-02-24,81.643082,82.258983,81.552509,81.887634,31500400,72.845062,0.23,0.99,0.12,0.53,75.030413,69.202808
2014-02-25,82.005373,82.168406,81.534386,81.79705,26771700,72.934136,0.14,0.34,-0.43,-0.11,75.12216,69.287429
2014-02-26,82.014452,82.27711,81.398551,81.724617,42953700,73.021604,0.27,0.59,-0.49,-0.09,75.212252,69.370523
2014-02-27,81.736447,82.336711,81.609118,82.25486,28742400,73.113477,0.01,0.75,-0.14,0.65,75.306881,69.457803
2014-02-28,82.236641,82.72777,81.436287,82.163879,48609800,73.20353,-0.02,0.57,-1.0,-0.11,75.399636,69.543354
2014-03-03,81.390841,81.772834,80.826957,81.55455,38885700,73.286625,-0.94,-0.48,-1.63,-0.74,75.485224,69.622294
2014-03-04,82.445839,82.745974,82.36398,82.591354,33189000,73.37921,1.09,1.46,0.99,1.27,75.580586,69.710249
2014-03-05,82.7278,82.964271,82.554994,82.818748,27203300,73.473135,0.17,0.45,-0.04,0.28,75.677329,69.799479
2014-03-06,83.009727,83.073392,82.445844,82.745979,24063900,73.565402,0.23,0.31,-0.45,-0.09,75.772365,69.887132
2014-03-07,83.009726,83.091584,81.918333,82.3367,31167800,73.652679,0.32,0.42,-1.0,-0.49,75.862259,69.970045
2014-03-10,82.291199,82.454909,81.881922,82.409431,18131700,73.739811,-0.06,0.14,-0.55,0.09,75.952005,70.05282
2014-03-11,82.609519,82.818699,81.809158,82.054726,27484300,73.822546,0.24,0.5,-0.73,-0.43,76.037223,70.131419
2014-03-12,81.681884,82.409484,81.381755,82.364006,27977200,73.907536,-0.45,0.43,-0.82,0.38,76.124762,70.212159
2014-03-13,82.673216,82.700499,80.826939,81.199829,48542000,73.980096,0.38,0.41,-1.87,-1.41,76.199499,70.281091
2014-03-14,80.936066,81.290769,80.608646,80.645027,38732300,74.046414,-0.32,0.11,-0.73,-0.68,76.267806,70.344093
2014-03-17,81.163491,81.772859,81.11802,81.354485,28467200,74.119131,0.64,1.4,0.59,0.88,76.342705,70.413174
2014-03-18,81.454488,82.436746,81.427204,82.3367,31250200,74.200898,0.12,1.33,0.09,1.21,76.426925,70.490853
2014-03-19,82.363957,82.454912,81.354415,81.891022,40869400,74.277416,0.03,0.14,-1.19,-0.54,76.505739,70.563546
2014-03-20,81.636445,82.364038,81.472735,82.118477,31634500,74.355437,-0.31,0.58,-0.51,0.28,76.5861,70.637665
2014-03-21,82.588808,82.634389,80.975321,81.130287,62754000,74.422848,0.57,0.63,-1.39,-1.2,76.655534,70.701706
2014-03-24,81.421998,81.485808,79.680891,80.419266,77735300,74.482514,0.36,0.44,-1.79,-0.88,76.71699,70.758389
2014-03-25,80.838591,81.358189,80.009053,80.683624,41723300,74.544217,0.52,1.17,-0.51,0.33,76.780543,70.817006
2014-03-26,81.084671,81.26699,79.635269,79.644386,40930400,74.594965,0.5,0.72,-1.3,-1.29,76.832814,70.865217
2014-03-27,79.535009,79.890523,78.760171,79.197723,64784500,74.640763,-0.14,0.31,-1.11,-0.56,76.879986,70.908725
2014-03-28,79.452981,80.227819,79.133924,79.352707,39895100,74.687648,0.32,1.3,-0.08,0.2,76.928278,70.953266
2014-03-31,79.972561,80.455695,79.872287,79.917862,33924300,74.73969,0.78,1.39,0.65,0.71,76.981881,71.002706
2014-04-01,80.309851,81.376393,79.954337,81.321701,38683800,74.805183,0.49,1.83,0.05,1.76,77.049338,71.064924
2014-04-02,81.668118,81.750164,81.166755,81.531387,34631600,74.87211,0.43,0.53,-0.19,0.26,77.118274,71.128505
2014-04-03,81.613397,81.750134,80.419234,80.88414,30319100,74.931932,0.1,0.27,-1.36,-0.79,77.17989,71.185335
2014-04-04,81.421989,81.504034,78.523176,78.732841,131213200,74.969752,0.66,0.77,-2.92,-2.66,77.218844,71.221264
2014-04-07,78.240599,78.969856,77.438408,77.985359,83995800,74.999758,-0.63,0.3,-1.64,-0.95,77.24975,71.24977
2014-04-08,78.076492,78.814866,77.803016,78.705475,51495700,75.03663,0.12,1.06,-0.23,0.92,77.287729,71.284799
2014-04-09,78.997179,80.100185,78.787514,80.054604,45685200,75.086561,0.37,1.77,0.1,1.71,77.339157,71.332232
2014-04-10,80.109323,80.109323,77.356366,77.575142,73659600,75.111323,0.07,0.07,-3.37,-3.1,77.364662,71.355756
2014-04-11,76.882327,77.885066,76.490356,76.672668,93657400,75.126858,-0.89,0.4,-1.4,-1.16,77.380664,71.370515
2014-04-14,77.347227,77.684513,76.563271,77.2743,46500700,75.148226,0.88,1.32,-0.14,0.78,77.402673,71.390815
2014-04-15,77.55691,77.976234,75.91607,77.529564,84631500,75.171921,0.37,0.91,-1.76,0.33,77.427078,71.413325
2014-04-16,78.204117,78.559631,77.56601,78.559631,46970900,75.205629,0.87,1.33,0.05,1.33,77.461798,71.445348
2014-04-17,78.258831,78.969859,78.058283,78.577881,53719500,75.239184,-0.38,0.52,-0.64,0.02,77.49636,71.477225
2014-04-21,78.760181,79.16127,78.39555,79.16127,25947900,75.27821,0.23,0.74,-0.23,0.74,77.536556,71.514299
2014-04-22,79.434723,79.990785,79.297986,79.790237,38593400,75.323106,0.35,1.05,0.17,0.79,77.582799,71.55695
2014-04-23,79.790267,79.817613,79.042774,79.088356,34376700,75.360571,0.0,0.03,-0.94,-0.88,77.621388,71.592542
2014-04-24,80.391891,80.41012,78.988063,79.84494,48926300,75.405191,1.65,1.67,-0.13,0.96,77.667347,71.634932
2014-04-25,79.370925,79.462081,78.377311,78.568741,44334000,75.436669,-0.59,-0.48,-1.84,-1.6,77.69977,71.664836
2014-04-28,78.942492,79.407398,77.584246,78.82399,58623800,75.470374,0.48,1.07,-1.25,0.32,77.734485,71.696855
2014-04-29,79.061002,79.598829,78.678135,79.45298,36742700,75.510002,0.3,0.98,-0.19,0.8,77.775302,71.734502
2014-04-30,79.088353,79.744689,78.887805,79.662643,38689400,75.551322,-0.46,0.37,-0.71,0.26,77.817862,71.773756
2014-05-01,79.790221,80.3554,79.589673,79.899612,37127200,75.594588,0.16,0.87,-0.09,0.3,77.862426,71.814859
2014-05-02,80.173108,80.318964,79.562354,79.753784,40074200,75.635973,0.34,0.52,-0.42,-0.18,77.905053,71.854175
2014-05-05,79.279778,80.191354,79.088348,80.173119,27924400,75.681119,-0.59,0.55,-0.83,0.53,77.951553,71.897063
2014-05-06,80.045472,80.091053,79.097432,79.133896,33698500,75.715475,-0.16,-0.1,-1.34,-1.3,77.986939,71.929701
2014-05-07,79.297991,79.380037,77.967091,78.906013,67489100,75.747222,0.21,0.31,-1.47,-0.29,78.019639,71.959861
2014-05-08,78.623434,79.79025,78.441121,78.833099,46556900,75.777927,-0.36,1.12,-0.59,-0.09,78.051265,71.989031
2014-05-09,78.787508,79.179486,78.258793,79.124794,35081500,75.811229,-0.06,0.44,-0.73,0.37,78.085566,72.020668
2014-05-12,79.598822,80.455706,79.525895,80.42836,38951100,75.857171,0.6,1.68,0.51,1.65,78.132886,72.064312
2014-05-13,80.501284,80.774759,80.328089,80.483055,30311900,75.9032,0.09,0.43,-0.12,0.07,78.180296,72.10804
2014-05-14,80.236931,80.537753,79.872306,80.063736,26483600,75.944598,-0.31,0.07,-0.76,-0.52,78.222936,72.147368
2014-05-15,80.045508,80.182246,78.924273,79.434753,59680300,75.979326,-0.02,0.15,-1.42,-0.79,78.258706,72.18036
2014-05-16,79.525889,79.999912,78.978944,79.95433,66804100,76.018878,0.11,0.71,-0.57,0.65,78.299444,72.217934
2014-05-19,79.71731,80.638004,79.580579,80.510384,32017000,76.06357,-0.3,0.86,-0.47,0.7,78.345477,72.260391
2014-05-20,80.473937,80.765641,79.890529,80.218697,33716000,76.104914,-0.05,0.32,-0.77,-0.36,78.388062,72.299669
2014-05-21,80.364541,81.029987,80.318959,80.984406,36837700,76.153466,0.18,1.01,0.12,0.95,78.43807,72.345793
2014-05-22,81.075577,81.567829,80.947957,81.339935,30617100,76.205073,0.11,0.72,-0.05,0.44,78.491225,72.394819
2014-05-23,81.421961,81.950677,81.239649,81.932442,22687300,76.262062,0.1,0.75,-0.12,0.73,78.549924,72.448959
2014-05-27,82.297094,82.971659,82.224166,82.95343,29725200,76.328643,0.45,1.27,0.36,1.25,78.618502,72.51221
2014-05-28,82.926075,83.044578,82.634371,82.698181,30468100,76.392021,-0.03,0.11,-0.38,-0.31,78.683782,72.57242
2014-05-29,82.989894,83.236017,82.82581,83.226906,33036100,76.46003,0.35,0.65,0.15,0.64,78.753831,72.637028
2014-05-30,83.245133,83.363635,82.798463,83.236015,29906400,76.527453,0.02,0.16,-0.51,0.01,78.823276,72.70108
2014-06-02,83.336289,83.354524,82.625261,83.153976,30409900,76.593388,0.12,0.14,-0.73,-0.1,78.89119,72.763719
2014-06-03,82.880511,83.254261,82.771127,83.117523,21774500,76.658305,-0.33,0.12,-0.46,-0.04,78.958054,72.82539
2014-06-04,82.907839,83.564175,82.780219,83.427437,20118300,76.72566,-0.25,0.54,-0.41,0.37,79.027429,72.889377
2014-06-05,83.500374,84.28433,83.217788,84.129364,35583100,76.799328,0.09,1.03,-0.25,0.84,79.103308,72.959362
2014-06-06,84.439309,84.612511,84.275225,84.612511,22680600,76.877071,0.37,0.57,0.17,0.57,79.183383,73.033218
2014-06-09,84.630729,84.758356,84.320797,84.548691,23399500,76.953406,0.02,0.17,-0.34,-0.08,79.262008,73.105736
2014-06-10,84.475751,84.740109,84.375477,84.694534,20626000,77.030432,-0.09,0.23,-0.2,0.17,79.341345,73.17891
2014-06-11,84.402855,84.794833,84.320816,84.676331,22878200,77.106511,-0.34,0.12,-0.44,-0.02,79.419706,73.251185
2014-06-12,84.493953,84.585109,83.618841,83.910545,35275900,77.174212,-0.22,-0.11,-1.25,-0.9,79.489439,73.315502
2014-06-13,84.275225,84.366389,83.792091,84.156723,39447100,77.24369,0.43,0.54,-0.14,0.29,79.561001,73.381506
2014-06-16,84.010853,84.475752,83.828534,84.22963,25212300,77.313202,-0.17,0.38,-0.39,0.09,79.632598,73.447542
2014-06-17,84.165838,84.503117,84.0291,84.275223,19977900,77.382476,-0.08,0.32,-0.24,0.05,79.70395,73.513352
2014-06-18,84.357259,84.867739,83.846779,84.749237,34514000,77.455777,0.1,0.7,-0.51,0.56,79.77945,73.582988
2014-06-19,84.876847,84.931539,84.311667,84.694534,38422200,77.527804,0.15,0.22,-0.52,-0.06,79.853638,73.651414
2014-06-20,84.730177,84.885567,84.574795,84.794159,25897500,77.600106,0.04,0.23,-0.14,0.12,79.92811,73.720101
2014-06-23,84.78505,84.839889,84.556543,84.812469,20837900,77.671871,-0.01,0.05,-0.28,0.02,80.002027,73.788278
2014-06-24,84.803295,85.525376,84.483387,84.730171,31945800,77.742103,-0.01,0.84,-0.39,-0.1,80.074366,73.854998
2014-06-25,84.538239,85.415703,84.529104,85.269463,32818600,77.817002,-0.23,0.81,-0.24,0.64,80.151512,73.926152
2014-06-26,85.32429,85.333432,84.657055,85.315147,22563900,77.891611,0.06,0.08,-0.72,0.05,80.228359,73.99703
2014-06-27,85.205494,85.708204,85.178074,85.689926,22877800,77.969206,-0.13,0.46,-0.16,0.44,80.308282,74.070745
2014-06-30,85.671641,86.046388,85.616795,85.836166,19751900,78.047484,-0.02,0.42,-0.09,0.17,80.388908,74.14511
2014-07-01,86.137789,87.006117,86.101227,86.777611,31862500,78.134351,0.35,1.36,0.31,1.1,80.478381,74.227633
2014-07-02,86.832465,87.051829,86.750206,86.923866,18777300,78.221809,0.06,0.32,-0.03,0.17,80.568463,74.310718
2014-07-03,87.207191,87.472252,86.969542,87.472252,15291700,78.313853,0.33,0.63,0.05,0.63,80.663269,74.39816
2014-07-07,87.371694,87.48138,87.042651,87.207176,23266400,78.402344,-0.11,0.01,-0.49,-0.3,80.754414,74.482227
2014-07-08,87.042696,87.106678,85.79962,86.15609,40612400,78.479495,-0.19,-0.12,-1.61,-1.21,80.83388,74.555521
2014-07-09,86.38459,86.896442,86.137799,86.795898,29919000,78.562246,0.27,0.86,-0.02,0.74,80.919113,74.634133
2014-07-10,85.680774,86.878152,85.58023,86.521683,44245300,78.641444,-1.28,0.09,-1.4,-0.32,81.000687,74.709372
2014-07-11,86.741046,87.079231,86.475978,87.079231,19566300,78.725402,0.25,0.64,-0.05,0.64,81.087164,74.789132
2014-07-14,87.472249,87.801299,87.326009,87.600212,19579000,78.813709,0.45,0.83,0.28,0.6,81.17812,74.873023
2014-07-15,87.737297,87.86526,86.677031,87.298569,39467500,78.898135,0.16,0.3,-1.05,-0.34,81.265079,74.953228
2014-07-16,87.929281,88.020689,87.554534,87.645935,22052600,78.985178,0.72,0.83,0.29,0.4,81.354733,75.035919
2014-07-17,87.408284,87.719056,86.210912,86.485123,43111500,79.059804,-0.27,0.08,-1.64,-1.32,81.431598,75.106814
2014-07-18,86.932995,87.90186,86.832452,87.856163,36682200,79.14733,0.52,1.64,0.4,1.59,81.52175,75.189964
2014-07-21,87.673359,87.89273,87.335174,87.746483,29750700,79.232894,-0.21,0.04,-0.59,-0.12,81.609881,75.271249
2014-07-22,88.157769,88.441121,88.066367,88.304016,25770400,79.323154,0.47,0.79,0.36,0.64,81.702849,75.356996
2014-07-23,88.614787,88.971256,88.450262,88.87072,28947500,79.418155,0.35,0.76,0.17,0.64,81.800699,75.447247
2014-07-24,89.026106,89.126649,88.642217,88.77018,24707200,79.51121,0.17,0.29,-0.26,-0.11,81.896546,75.535649
2014-07-25,88.313165,88.541672,87.956696,88.422844,29898900,79.599883,-0.51,-0.26,-0.92,-0.39,81.987879,75.619888
2014-07-28,88.514253,88.678778,87.764752,88.450272,25603400,79.687946,0.1,0.29,-0.74,0.03,82.078584,75.703549
2014-07-29,88.642218,88.843298,88.22176,88.294884,27022200,79.773587,0.22,0.44,-0.26,-0.18,82.166795,75.784908
2014-07-30,88.788445,88.95297,88.29487,88.642204,35348500,79.861832,0.56,0.75,-0.0,0.39,82.257687,75.868741
2014-07-31,87.910981,88.057222,86.722745,86.850708,50047900,79.931373,-0.82,-0.66,-2.17,-2.02,82.329314,75.934805
2014-08-01,86.667943,87.143234,85.955004,86.530838,60708000,79.99704,-0.21,0.34,-1.03,-0.37,82.396951,75.997188
2014-08-04,86.713623,87.463123,86.393708,87.124931,33230500,80.067964,0.21,1.08,-0.16,0.69,82.470003,76.064566
2014-08-05,86.777617,87.024401,86.055536,86.457703,50331100,80.131543,-0.4,-0.12,-1.23,-0.77,82.53549,76.124966
2014-08-06,85.918425,86.932994,85.845301,86.393715,34431900,80.193854,-0.62,0.55,-0.71,-0.07,82.599669,76.184161
2014-08-07,86.795876,86.960401,85.817869,86.119499,33274700,80.252815,0.47,0.66,-0.67,-0.32,82.6604,76.240174
2014-08-08,86.256603,86.841579,85.890991,86.741035,40236900,80.317375,0.16,0.84,-0.27,0.72,82.726896,76.301506
2014-08-11,87.079224,87.527102,87.015243,87.252892,28277500,80.386385,0.39,0.91,0.32,0.59,82.797976,76.367065
2014-08-12,87.161492,87.444838,86.768461,87.216331,28152300,80.454344,-0.1,0.22,-0.56,-0.04,82.867975,76.431627
2014-08-13,87.57279,88.17605,87.527093,88.139488,27996500,80.530813,0.41,1.1,0.36,1.06,82.946738,76.504273
2014-08-14,88.258312,88.614782,88.139491,88.596504,25006600,80.611069,0.13,0.54,0.0,0.52,83.029401,76.580516
2014-08-15,89.108382,89.236345,88.185221,89.026123,55205500,80.694801,0.58,0.72,-0.46,0.48,83.115645,76.660061
2014-08-18,89.492275,89.793898,89.364305,89.711639,38938300,80.784521,0.52,0.86,0.38,0.77,83.208056,76.745295
2014-08-19,89.921837,90.269171,89.866998,90.214325,21363400,80.87835,0.23,0.62,0.17,0.56,83.3047,76.834432
2014-08-20,90.141208,90.397134,90.058942,90.214325,23435600,80.971245,-0.08,0.2,-0.17,0.0,83.400382,76.922683
2014-08-21,90.260043,90.442845,90.122938,90.397148,19339500,81.065035,0.05,0.25,-0.1,0.2,83.496986,77.011783
2014-08-22,90.433735,90.717081,90.232649,90.534279,24692000,81.159256,0.04,0.35,-0.18,0.15,83.594034,77.101294
2014-08-25,90.96385,91.110098,90.634807,90.854172,24124700,81.255723,0.47,0.64,0.11,0.35,83.693395,77.192937
2014-08-26,90.991276,91.046115,90.735343,90.945572,20100400,81.35214,0.15,0.21,-0.13,0.1,83.792704,77.284533
2014-08-27,90.972948,91.073492,90.771862,90.963806,15589100,81.447778,0.03,0.14,-0.19,0.02,83.891211,77.375389
2014-08-28,90.65306,90.972967,90.561659,90.863289,23563900,81.541465,-0.34,0.01,-0.44,-0.11,83.987709,77.464391
2014-08-29,91.064357,91.32029,90.735307,91.201462,17906300,81.637584,0.22,0.5,-0.14,0.37,84.086712,77.555705
2014-09-02,91.420833,91.493957,91.091791,91.466537,18326800,81.735385,0.24,0.32,-0.12,0.29,84.187446,77.648615
2014-09-03,91.713332,91.713332,90.762752,90.927277,25950700,81.826846,0.27,0.27,-0.77,-0.59,84.281652,77.735504
2014-09-04,91.137512,91.603667,90.616518,90.845024,24663500,81.916579,0.23,0.74,-0.34,-0.09,84.374077,77.82075
2014-09-05,90.982117,91.356864,90.515962,91.302025,30798200,82.009967,0.15,0.56,-0.36,0.5,84.470266,77.909469
2014-09-08,91.329445,91.704199,91.055242,91.475693,25571300,82.104153,0.03,0.44,-0.27,0.19,84.567278,77.998946
2014-09-09,91.48485,91.823042,90.543404,90.717072,36449200,82.189854,0.01,0.38,-1.02,-0.83,84.655549,78.080361
2014-09-10,90.835858,91.503099,90.579932,91.466537,31080100,82.282159,0.13,0.87,-0.15,0.83,84.750624,78.168051
2014-09-11,91.073517,91.439129,90.707906,91.393425,28691900,82.372819,-0.43,-0.03,-0.83,-0.08,84.844003,78.254178
2014-09-12,91.311166,91.338585,90.643924,90.927277,30444400,82.457938,-0.09,-0.06,-0.82,-0.51,84.931676,78.335041
2014-09-15,91.027796,91.036939,89.775586,90.049789,32972200,82.533478,0.11,0.12,-1.27,-0.97,85.009483,78.406804
2014-09-16,89.711636,91.009551,89.620235,90.835884,38166900,82.616089,-0.38,1.07,-0.48,0.87,85.094572,78.485285
2014-09-17,90.817586,91.402562,90.424555,90.972969,37196500,82.699242,-0.02,0.62,-0.45,0.15,85.18022,78.56428
2014-09-18,91.256327,91.667643,91.155791,91.658501,30196700,82.788389,0.31,0.76,0.2,0.75,85.272041,78.64897
2014-09-19,92.04148,92.133098,91.235226,91.601707,46918000,82.876084,0.42,0.52,-0.46,-0.06,85.362366,78.73228
2014-09-22,91.381838,91.391002,90.355698,90.749664,48658000,82.954428,-0.24,-0.23,-1.36,-0.93,85.443061,78.806707
2014-09-23,90.383147,90.905381,90.319013,90.502251,33989600,83.029531,-0.4,0.17,-0.47,-0.27,85.520417,78.878054
2014-09-24,90.593891,91.519255,90.282386,91.473442,35959000,83.11355,0.1,1.12,-0.24,1.07,85.606956,78.957872
2014-09-25,91.180243,91.299354,89.512759,89.549408,68642500,83.177588,-0.32,-0.19,-2.14,-2.1,85.672916,79.018709
2014-09-26,89.842585,90.667167,89.686833,90.502251,56106200,83.25047,0.33,1.25,0.15,1.06,85.747984,79.087947
2014-09-29,89.604372,90.630512,89.558559,90.383141,33342700,83.321442,-0.99,0.14,-1.04,-0.13,85.821085,79.15537
2014-09-30,90.630502,90.978662,90.080783,90.511398,41834300,83.392984,0.27,0.66,-0.33,0.14,85.894774,79.223335
2014-10-01,90.254875,90.346494,88.779792,89.063812,58164900,83.44941,-0.28,-0.18,-1.91,-1.6,85.952892,79.27694
2014-10-02,89.027163,89.338675,87.927726,89.063812,54501300,83.505275,-0.04,0.31,-1.28,0.0,86.010433,79.330011
2014-10-03,89.58605,90.309848,89.274545,89.943367,41627800,83.569336,0.59,1.4,0.24,0.99,86.076416,79.390869
2014-10-06,90.227389,90.447275,89.476105,89.750961,36038700,83.630844,0.32,0.56,-0.52,-0.21,86.13977,79.449302
2014-10-07,89.329522,89.586057,88.468291,88.477455,45154000,83.679069,-0.47,-0.18,-1.43,-1.42,86.189441,79.495116
2014-10-08,88.523287,90.483955,88.01021,90.199928,64931600,83.743953,0.05,2.27,-0.53,1.95,86.256272,79.556756
2014-10-09,90.080823,90.309874,88.60574,88.743172,62497100,83.793697,-0.13,0.12,-1.77,-1.62,86.307508,79.604012
2014-10-10,88.220924,88.715673,86.507627,86.525955,77579400,83.820883,-0.59,-0.03,-2.52,-2.5,86.33551,79.629839
2014-10-13,86.370188,87.029853,85.09667,85.169968,80835900,83.834307,-0.18,0.58,-1.65,-1.57,86.349336,79.642592
2014-10-14,85.701364,86.278568,84.940917,85.179131,71814500,83.847689,0.62,1.3,-0.27,0.01,86.363119,79.655304
2014-10-15,83.896439,84.98672,82.677892,84.629402,108847800,83.855467,-1.51,-0.23,-2.94,-0.65,86.371131,79.662693
2014-10-16,82.842811,84.821806,82.815326,84.098007,93165800,83.85788,-2.11,0.23,-2.14,-0.63,86.373617,79.664986
2014-10-17,85.206635,86.022052,84.711885,85.206635,69546700,83.871301,1.32,2.29,0.73,1.32,86.38744,79.677736
2014-10-20,85.197466,86.553446,85.023393,86.480148,41479300,83.897259,-0.01,1.58,-0.22,1.49,86.414177,79.702396
2014-10-21,87.552107,88.752335,87.332221,88.752335,53609800,83.945568,1.24,2.63,0.99,2.63,86.463936,79.74829
2014-10-22,89.027153,89.146263,88.23922,88.294197,39178000,83.988838,0.31,0.44,-0.58,-0.52,86.508504,79.789396
2014-10-23,89.182909,90.117437,89.027157,89.622688,48123800,84.044897,1.01,2.06,0.83,1.5,86.566243,79.842652
2014-10-24,89.815083,90.419778,89.457765,90.355644,43157600,84.10769,0.21,0.89,-0.18,0.82,86.630921,79.902306
2014-10-27,90.181601,90.584731,89.805956,90.419815,29545700,84.170497,-0.19,0.25,-0.61,0.07,86.695612,79.961972
2014-10-28,90.841257,91.803264,90.777124,91.784943,34495100,84.246263,0.47,1.53,0.4,1.51,86.773651,80.03395
2014-10-29,91.482572,91.72995,90.795422,91.445923,40552800,84.317901,-0.33,-0.06,-1.08,-0.37,86.847438,80.102006
2014-10-30,91.03364,91.858222,90.832075,91.638329,35935800,84.390741,-0.45,0.45,-0.67,0.21,86.922464,80.171204
2014-10-31,93.15923,93.223363,92.600347,92.902695,54254100,84.475437,1.66,1.73,1.05,1.38,87.009701,80.251666
2014-11-03,93.067612,93.424929,92.93018,93.177551,33481000,84.562026,0.18,0.56,0.03,0.3,87.098886,80.333924
2014-11-04,92.884372,93.104265,92.23387,92.866051,22773300,84.644653,-0.31,-0.08,-1.01,-0.33,87.183992,80.41242
2014-11-05,93.479894,93.479894,92.55453,92.875206,25818600,84.726549,0.66,0.66,-0.34,0.01,87.268345,80.490221
2014-11-06,92.866056,93.195889,92.462926,93.168404,24671900,84.810547,-0.01,0.35,-0.44,0.32,87.354864,80.57002
2014-11-07,93.333293,93.369941,92.60033,93.085915,20931700,84.892889,0.18,0.22,-0.61,-0.09,87.439676,80.648245
2014-11-10,93.131752,93.534875,92.884374,93.415771,20360000,84.977694,0.05,0.48,-0.22,0.35,87.527025,80.728809
2014-11-11,93.434106,93.708961,93.177564,93.708961,15454000,85.064572,0.02,0.31,-0.25,0.31,87.61651,80.811344
2014-11-12,93.333324,93.974661,93.333324,93.873878,22050300,85.152227,-0.4,0.28,-0.4,0.18,87.706794,80.894616
2014-11-13,94.047928,94.625131,93.837198,94.276978,28027800,85.243021,0.19,0.8,-0.04,0.43,87.800311,80.98087
2014-11-14,94.249491,94.57016,93.93798,94.57016,19251300,85.335828,-0.03,0.31,-0.36,0.31,87.895903,81.069037
2014-11-17,94.350282,94.561004,93.837205,94.286148,23361600,85.424886,-0.23,-0.01,-0.78,-0.3,87.987633,81.153642
2014-11-18,94.368629,95.119913,94.359465,94.991646,26336800,85.520078,0.09,0.88,0.08,0.75,88.08568,81.244074
2014-11-19,94.890853,94.890853,94.121248,94.56102,23760200,85.610037,-0.11,-0.11,-0.92,-0.45,88.178338,81.329535
2014-11-20,94.157886,95.064929,94.084595,94.982468,22874000,85.703295,-0.43,0.53,-0.5,0.45,88.274394,81.418131
2014-11-21,95.825361,95.916987,94.863355,95.165703,34049100,85.797449,0.89,0.98,-0.13,0.19,88.371372,81.507576
2014-11-24,95.422222,95.953619,95.33976,95.907806,17928300,85.898049,0.27,0.83,0.18,0.78,88.474991,81.603147
2014-11-25,96.054413,96.33844,95.807042,96.054413,17526000,85.999108,0.15,0.45,-0.11,0.15,88.579081,81.699152
2014-11-26,96.146046,96.732414,96.045263,96.677437,18973800,86.10536,0.1,0.71,-0.01,0.65,88.68852,81.800092
2014-11-28,96.93401,97.346298,96.869876,97.126411,17360400,86.215022,0.27,0.69,0.2,0.46,88.801472,81.904271
2014-12-01,96.860662,97.043899,95.669599,96.026917,35969500,86.312653,-0.27,-0.08,-1.5,-1.13,88.902032,81.99702
2014-12-02,96.127724,96.585824,95.926159,96.411751,26031300,86.413141,0.1,0.58,-0.1,0.4,89.005535,82.092484
2014-12-03,96.558338,96.723254,95.981135,96.585823,32974300,86.514362,0.15,0.32,-0.45,0.18,89.109793,82.188644
2014-12-04,96.494196,96.915647,96.136878,96.540009,31008800,86.61412,-0.09,0.34,-0.46,-0.05,89.212543,82.283414
2014-12-05,96.695759,96.842348,96.338442,96.549164,25622200,86.712976,0.16,0.31,-0.21,0.01,89.314365,82.377327
2014-12-08,96.301809,96.723261,95.358124,95.86203,32685800,86.804011,-0.26,0.18,-1.23,-0.71,89.408131,82.46381
2014-12-09,94.744277,96.237681,94.40528,96.164383,46035100,86.897149,-1.17,0.39,-1.52,0.32,89.504064,82.552292
2014-12-10,95.9903,96.228515,94.478576,94.652649,39330100,86.974318,-0.18,0.07,-1.75,-1.57,89.583548,82.625602
2014-12-11,94.92749,96.237656,94.909162,95.10157,47576000,87.055186,0.29,1.67,0.27,0.47,89.666842,82.702427
2014-12-12,94.194536,95.275653,94.057112,94.066269,46889400,87.124948,-0.95,0.18,-1.1,-1.09,89.738697,82.768701
2014-12-15,94.551871,94.900031,92.829417,93.095116,52968400,87.184353,0.52,0.89,-1.31,-1.03,89.799884,82.825135
2014-12-16,92.508744,93.883044,91.58338,91.601707,65348600,87.228307,-0.63,0.85,-1.62,-1.6,89.845156,82.866892
2014-12-17,91.665852,93.534895,91.546742,93.269203,79715300,87.288415,0.07,2.11,-0.06,1.82,89.907068,82.923995
2014-12-18,94.606834,95.523034,94.350299,95.51387,49840900,87.370261,1.43,2.42,1.16,2.41,89.991368,83.001748
2014-12-19,95.612264,96.320364,95.373163,95.934128,51419900,87.455473,0.1,0.84,-0.15,0.44,90.079137,83.0827
2014-12-22,95.777806,96.200828,95.731823,96.173241,33869200,87.542217,-0.16,0.28,-0.21,0.25,90.168484,83.165106
2014-12-23,96.522688,96.531886,95.722621,95.832977,30156900,87.624712,0.36,0.37,-0.47,-0.35,90.253454,83.243477
2014-12-24,95.952542,96.283604,95.88817,95.915764,14291300,87.70721,0.12,0.47,0.06,0.09,90.338427,83.32185
2014-12-26,96.191628,96.798576,96.16404,96.59626,13924300,87.795659,0.29,0.92,0.26,0.71,90.429528,83.405876
2014-12-29,96.504271,96.789349,96.44909,96.577835,17073800,87.883043,-0.1,0.2,-0.15,-0.02,90.519535,83.488891
2014-12-30,96.301975,96.52268,95.805382,95.934128,18604000,87.963154,-0.29,-0.06,-0.8,-0.67,90.602048,83.564996
2014-12-31,96.099636,96.476681,94.812176,94.950119,24367100,88.032676,0.17,0.57,-1.17,-1.03,90.673656,83.631042
2015-01-02,95.41913,95.823755,94.20524,94.665047,31314600,88.098669,0.49,0.92,-0.78,-0.3,90.74163,83.693736
2015-01-05,94.251255,94.361611,93.009777,93.276466,36521300,88.15019,-0.44,-0.32,-1.75,-1.47,90.794696,83.74268
2015-01-06,93.414407,93.570739,91.611964,92.025787,66205500,88.188753,0.15,0.32,-1.78,-1.34,90.834416,83.779315
2015-01-07,92.632712,93.432772,92.412,93.212067,37577400,88.238736,0.66,1.53,0.42,1.29,90.885898,83.826799
2015-01-08,94.002962,95.180067,93.901804,94.996147,40212600,88.305974,0.85,2.11,0.74,1.91,90.955153,83.890675
2015-01-09,95.29041,95.317998,93.819022,94.370796,41410100,88.366321,0.31,0.34,-1.24,-0.66,91.01731,83.948005
2015-01-12,94.554733,94.655891,93.147724,93.386826,34129800,88.416276,0.19,0.3,-1.3,-1.04,91.068764,83.995462
2015-01-13,94.297225,95.29041,92.605132,93.359215,56162300,88.465459,0.97,2.04,-0.84,-0.03,91.119423,84.042186
2015-01-14,92.421186,93.322411,92.025752,92.844208,51354200,88.509029,-1.0,-0.04,-1.43,-0.55,91.1643,84.083578
2015-01-15,93.276454,93.423588,91.529185,91.639542,51005400,88.540178,0.47,0.62,-1.42,-1.3,91.196384,84.113169
2015-01-16,91.519984,92.835032,91.372849,92.715485,35362200,88.581724,-0.13,1.3,-0.29,1.17,91.239175,84.152638
2015-01-20,93.276451,93.690274,92.228091,93.45118,30964100,88.630176,0.61,1.05,-0.53,0.79,91.289081,84.198667
2015-01-21,93.175291,94.370793,92.84423,93.929375,40128800,88.682904,-0.3,0.98,-0.65,0.51,91.343392,84.248759
2015-01-22,94.297212,95.768593,93.469558,95.667435,40887200,88.752402,0.39,1.96,-0.49,1.85,91.414974,84.314782
2015-01-23,95.65827,96.173259,95.38239,95.878983,34783000,88.823313,-0.01,0.53,-0.3,0.22,91.488013,84.382148
2015-01-26,95.7686,95.943329,95.281206,95.7686,19960900,88.892421,-0.12,0.07,-0.62,-0.12,91.559193,84.4478
2015-01-27,94.260449,94.315623,92.972987,93.28566,45253200,88.936135,-1.57,-1.52,-2.92,-2.59,91.604219,84.489328
2015-01-28,94.784613,94.885771,92.789053,92.807442,43591700,88.974655,1.61,1.72,-0.53,-0.51,91.643895,84.525922
2015-01-29,92.73385,93.874176,91.924593,93.699448,46539700,89.021668,-0.08,1.15,-0.95,0.96,91.692318,84.570585
2015-01-30,93.616749,94.334047,92.844269,92.973015,42927600,89.060985,-0.09,0.68,-0.91,-0.78,91.732814,84.607936
2015-02-02,93.184491,93.865004,91.731499,93.782242,43624700,89.107963,0.23,0.96,-1.34,0.87,91.781201,84.652564
2015-02-03,94.122491,94.747829,93.506352,94.683456,30750400,89.16344,0.36,1.03,-0.29,0.96,91.838343,84.705268
2015-02-04,94.297203,95.226015,94.085689,94.600677,34073200,89.217542,-0.41,0.57,-0.63,-0.09,91.894068,84.756665
2015-02-05,94.83979,95.483524,94.600695,95.419151,23605500,89.279249,0.25,0.93,0.0,0.87,91.957627,84.815287
2015-02-06,95.566271,95.796174,94.499522,94.839775,34169300,89.334578,0.15,0.4,-0.96,-0.61,92.014615,84.867849
2015-02-09,94.471958,94.98694,94.306428,94.536331,22604700,89.386337,-0.39,0.16,-0.56,-0.32,92.067927,84.91702
2015-02-10,95.060482,96.136428,94.91334,96.007683,23686500,89.452221,0.55,1.69,0.4,1.56,92.135787,84.97961
2015-02-11,96.11803,96.577837,95.93411,96.357132,20303600,89.520926,0.11,0.59,-0.08,0.36,92.206554,85.04488
2015-02-12,96.982503,97.515881,96.835368,97.479095,22520300,89.600112,0.65,1.2,0.5,1.16,92.288116,85.120107
2015-02-13,97.754983,98.334338,97.571056,98.315948,29030200,89.686837,0.28,0.88,0.09,0.86,92.377442,85.202495
2015-02-17,98.315961,98.472294,98.067661,98.407921,17675300,89.773614,0.0,0.16,-0.25,0.09,92.466822,85.284933
2015-02-18,98.288317,98.600989,98.159571,98.545815,15149600,89.860899,-0.12,0.2,-0.25,0.14,92.556726,85.367855
2015-02-19,98.481467,99.097614,98.45388,99.033241,19828100,89.952167,-0.07,0.56,-0.09,0.49,92.650732,85.454558
2015-02-20,98.968847,99.750518,98.656175,99.695343,28336700,90.049114,-0.07,0.72,-0.38,0.67,92.750587,85.546658
2015-02-23,99.640176,99.824103,99.419471,99.796509,17868000,90.146103,-0.06,0.13,-0.28,0.1,92.850486,85.638797
2015-02-24,99.667763,99.989633,99.364296,99.870079,19745000,90.242859,-0.13,0.19,-0.43,0.07,92.950144,85.730716
2015-02-25,99.722946,100.109182,99.401076,99.621788,19472300,90.336181,-0.15,0.24,-0.47,-0.25,93.046267,85.819372
2015-02-26,99.722946,100.182753,99.447059,100.127571,22255500,90.433608,0.1,0.56,-0.18,0.51,93.146616,85.911928
2015-02-27,100.09079,100.15517,99.529832,99.686165,27757600,90.525673,-0.04,0.03,-0.6,-0.44,93.241443,85.99939
2015-03-02,99.879265,100.62415,99.860868,100.587364,22988600,90.62579,0.19,0.94,0.18,0.9,93.344563,86.0945
2015-03-03,100.283931,100.38509,99.483865,100.118401,20788900,90.720243,-0.3,-0.2,-1.1,-0.47,93.441851,86.184231
2015-03-04,99.787314,99.934448,99.189563,99.732132,21007400,90.809914,-0.33,-0.18,-0.93,-0.39,93.534211,86.269418
2015-03-05,99.989606,100.210312,99.493014,99.906837,15381000,90.900431,0.26,0.48,-0.24,0.18,93.627444,86.355409
2015-03-06,99.778133,99.971251,98.527457,98.775757,30990400,90.978792,-0.13,0.06,-1.38,-1.13,93.708156,86.429852
2015-03-09,98.978045,99.309107,98.57342,99.060814,26237100,91.05921,0.2,0.54,-0.2,0.29,93.790987,86.50625
2015-03-10,98.352733,98.380327,97.221611,97.221611,34234500,91.120528,-0.71,-0.69,-1.86,-1.86,93.854143,86.564501
2015-03-11,97.368729,97.488283,96.623844,96.660629,25459700,91.175653,0.15,0.27,-0.61,-0.58,93.910923,86.61687
2015-03-12,96.587059,97.405515,96.522687,97.295166,21473200,91.236544,-0.08,0.77,-0.14,0.66,93.97364,86.674717
2015-03-13,97.203201,97.589444,96.265197,96.872139,42021100,91.292619,-0.09,0.3,-1.06,-0.43,94.031398,86.727988
2015-03-16,97.230791,98.159596,97.129633,98.12281,25674100,91.360581,0.37,1.33,0.27,1.29,94.101399,86.792552
2015-03-17,97.856115,98.435469,97.626212,98.279137,19603800,91.429423,-0.27,0.32,-0.51,0.16,94.172305,86.857952
2015-03-18,98.012479,99.695375,97.506688,99.244759,40622200,91.507187,-0.27,1.44,-0.79,0.98,94.252403,86.931828
2015-03-19,99.345893,99.667756,99.198758,99.391876,31314000,91.585642,0.1,0.43,-0.05,0.15,94.333211,87.00636
2015-03-20,100.210379,100.532982,100.016816,100.035248,31761400,91.669718,0.82,1.15,0.63,0.65,94.419809,87.086232
2015-03-23,99.979951,100.256465,99.80482,99.84169,17268500,91.751031,-0.06,0.22,-0.23,-0.19,94.503562,87.163479
2015-03-24,99.832455,100.29332,99.463769,99.482201,22445300,91.827958,-0.01,0.45,-0.38,-0.36,94.582797,87.23656
2015-03-25,99.638915,99.731087,97.168681,97.205551,41581400,91.881466,0.16,0.25,-2.33,-2.29,94.63791,87.287393
2015-03-26,96.403627,97.426747,96.081023,96.873711,47846300,91.93114,-0.82,0.23,-1.16,-0.34,94.689074,87.334583
2015-03-27,96.855278,97.491266,96.707798,97.260834,33878400,91.984172,-0.02,0.64,-0.17,0.4,94.743697,87.384963
2015-03-30,97.850744,98.459081,97.850744,98.376129,30570200,92.047774,0.61,1.23,0.61,1.15,94.809207,87.445385
2015-03-31,98.099616,98.302398,97.306929,97.334579,30488100,92.100379,-0.28,-0.07,-1.09,-1.06,94.86339,87.49536
2015-04-01,97.334583,97.353022,96.200861,96.827637,32970500,92.147416,0.0,0.02,-1.16,-0.52,94.911838,87.540045
2015-04-02,96.919802,97.205535,96.578759,96.892151,19164200,92.194627,0.1,0.39,-0.26,0.07,94.960466,87.584896
2015-04-06,96.320698,97.952155,96.173218,97.68486,24451100,92.249256,-0.59,1.09,-0.74,0.82,95.016734,87.636794
2015-04-07,97.629539,98.348487,97.518936,97.518936,19379400,92.301691,-0.06,0.68,-0.17,-0.17,95.070742,87.686607
2015-04-08,97.555804,98.431451,97.546592,98.29319,25866900,92.361308,0.04,0.94,0.03,0.79,95.132147,87.743243
2015-04-09,98.24709,98.947606,97.915274,98.910736,23114700,92.426476,-0.05,0.67,-0.38,0.63,95.199271,87.805153
2015-04-10,98.873882,99.325534,98.652669,99.316315,17164300,92.495032,-0.04,0.42,-0.26,0.41,95.269883,87.87028
2015-04-13,99.39004,99.896987,98.956826,99.067436,17783500,92.560429,0.07,0.58,-0.36,-0.25,95.337242,87.932408
2015-04-14,98.966058,99.251792,98.219452,98.781708,23755700,92.622332,-0.1,0.19,-0.86,-0.29,95.401002,87.991216
2015-04-15,99.039788,99.611262,98.919965,99.399261,21128600,92.689765,0.26,0.84,0.14,0.63,95.470457,88.055276
2015-04-16,99.131952,99.436118,98.993692,99.260994,16195300,92.75515,-0.27,0.04,-0.41,-0.14,95.537804,88.117392
2015-04-17,98.311611,98.578907,97.288492,97.712486,46514000,92.804477,-0.96,-0.69,-1.99,-1.56,95.588611,88.164253
2015-04-20,98.201002,99.353163,98.164132,99.178032,28945900,92.867895,0.5,1.68,0.46,1.5,95.653932,88.2245
2015-04-21,99.749538,99.924669,99.482236,99.602058,22759800,92.934902,0.58,0.75,0.31,0.43,95.722949,88.288157
2015-04-22,99.860103,100.311755,99.214895,100.145844,21429200,93.006652,0.26,0.71,-0.39,0.55,95.796852,88.35632
2015-04-23,99.804826,100.975426,99.786394,100.523773,29473200,93.08145,-0.34,0.83,-0.36,0.38,95.873893,88.427377
2015-04-24,101.583767,102.0262,101.417856,101.887939,32508100,93.169076,1.05,1.49,0.89,1.36,95.964149,88.510622
2015-04-27,102.265833,102.459402,101.408625,101.629845,31121300,93.253263,0.37,0.56,-0.47,-0.25,96.050861,88.5906
2015-04-28,101.703577,101.897147,100.569855,101.427063,36849200,93.334594,0.07,0.26,-1.04,-0.2,96.134632,88.667865
2015-04-29,100.864801,101.454707,100.238025,100.791061,34043900,93.408788,-0.55,0.03,-1.17,-0.63,96.211052,88.738349
2015-04-30,100.219581,100.625136,98.680288,99.205673,44080500,93.466469,-0.57,-0.16,-2.09,-1.57,96.270463,88.793145
2015-05-01,99.592835,100.579085,99.574397,100.514565,32874300,93.536599,0.39,1.38,0.37,1.32,96.342697,88.859769
2015-05-04,100.837166,101.307249,100.625165,100.680473,23507300,93.607682,0.32,0.79,0.11,0.17,96.415913,88.927298
2015-05-05,100.284104,100.468447,98.993682,99.039764,47843300,93.661733,-0.39,-0.21,-1.68,-1.63,96.471585,88.978646
2015-05-06,99.214912,99.500646,97.703277,98.357704,42687200,93.708459,0.18,0.47,-1.35,-0.69,96.519713,89.023036
2015-05-07,98.330037,99.224115,98.256297,98.947594,29335800,93.76059,-0.03,0.88,-0.1,0.6,96.573407,89.07256
2015-05-08,99.970738,100.394733,99.823265,100.182739,33023300,93.824492,1.03,1.46,0.88,1.25,96.639226,89.133267
2015-05-11,100.247253,100.450035,99.721868,99.795601,19679300,93.883906,0.06,0.27,-0.46,-0.39,96.700423,89.18971
2015-05-12,99.205695,99.85091,98.440665,99.343956,33665000,93.938234,-0.59,0.06,-1.36,-0.45,96.756381,89.241323
2015-05-13,99.777162,100.293328,99.39925,99.54673,20738400,93.99404,0.44,0.96,0.06,0.2,96.813862,89.294338
2015-05-14,100.357845,101.086012,99.989159,101.003059,23904200,94.063782,0.81,1.55,0.44,1.46,96.885695,89.360593
2015-05-15,101.261142,101.399403,100.754189,101.003059,23937400,94.132829,0.26,0.39,-0.25,0.0,96.956814,89.426188
2015-05-18,100.837151,101.648269,100.763411,101.445488,17631100,94.205592,-0.16,0.64,-0.24,0.44,97.03176,89.495313
2015-05-19,101.556113,101.712805,101.168988,101.3349,14212900,94.276531,0.11,0.26,-0.27,-0.11,97.104826,89.562704
2015-05-20,101.408611,102.007736,100.864794,101.399399,21131900,94.347405,0.07,0.66,-0.46,0.06,97.177827,89.630035
2015-05-21,101.224258,102.063035,101.076785,101.924774,16771800,94.422802,-0.17,0.65,-0.32,0.52,97.255486,89.701661
2015-05-22,101.804979,102.192111,101.740458,101.823418,13543800,94.49644,-0.12,0.26,-0.18,-0.1,97.331333,89.771618
2015-05-26,101.602173,101.740427,100.24723,100.652786,25488400,94.557697,-0.22,-0.08,-1.55,-1.15,97.394428,89.829812
2015-05-27,100.956967,102.38565,100.735754,102.27504,30572700,94.634486,0.3,1.72,0.08,1.61,97.473521,89.902762
2015-05-28,102.081479,102.321131,101.731225,102.044609,17302400,94.708219,-0.19,0.05,-0.53,-0.23,97.549465,89.972808
2015-05-29,101.980073,102.118334,101.196605,101.436256,30383000,94.775164,-0.06,0.07,-0.83,-0.6,97.618419,90.036406
2015-06-01,101.980102,102.053842,100.947763,101.777321,24570200,94.844838,0.54,0.61,-0.48,0.34,97.690183,90.102596
2015-06-02,101.399403,101.952439,100.901668,101.454704,19449600,94.910607,-0.37,0.17,-0.86,-0.32,97.757926,90.165077
2015-06-03,101.915573,102.136786,101.51001,101.758881,20507200,94.978749,0.45,0.67,0.05,0.3,97.828112,90.229812
2015-06-04,101.187416,101.83263,100.662031,100.984634,31374600,95.038509,-0.56,0.07,-1.08,-0.76,97.889665,90.286584
2015-06-05,100.86481,101.104461,100.127424,100.744987,22641700,95.09529,-0.12,0.12,-0.85,-0.24,97.948149,90.340526
2015-06-08,100.698893,100.772633,99.519081,99.721863,24549200,95.141326,-0.05,0.03,-1.22,-1.02,97.995566,90.38426
2015-06-09,99.482206,99.91542,98.809341,99.555946,27554600,95.185252,-0.24,0.19,-0.92,-0.17,98.04081,90.42599
2015-06-10,99.897008,101.215081,99.786405,100.920128,30297900,95.242316,0.34,1.67,0.23,1.37,98.099585,90.4802
2015-06-11,101.261182,101.528484,100.892489,101.067619,17593500,95.300279,0.34,0.6,-0.03,0.15,98.159287,90.535265
2015-06-12,100.53299,100.744991,100.099776,100.238037,27201800,95.349411,-0.53,-0.32,-0.96,-0.82,98.209893,90.58194
2015-06-15,99.491409,99.896965,98.910715,99.740273,31238800,95.393101,-0.74,-0.34,-1.32,-0.5,98.254894,90.623446
2015-06-16,99.638919,100.450045,99.592837,100.284134,16456900,95.441768,-0.1,0.71,-0.15,0.55,98.305021,90.66968
2015-06-17,100.450058,100.883265,99.943104,100.560661,23296700,95.492702,0.17,0.6,-0.34,0.28,98.357484,90.718067
2015-06-18,100.929317,102.2013,100.874015,102.026176,43032400,95.557712,0.37,1.63,0.31,1.46,98.424443,90.779827
2015-06-19,102.076059,102.159209,101.447842,101.521751,27877600,95.617056,0.05,0.13,-0.57,-0.49,98.485567,90.836203
2015-06-22,102.270073,102.574945,102.039111,102.270073,19120900,95.683255,0.74,1.04,0.51,0.74,98.553753,90.899092
2015-06-23,102.38094,102.445609,101.928256,102.353226,18127900,95.749623,0.11,0.17,-0.33,0.08,98.622112,90.962142
2015-06-24,102.233148,102.667352,101.798938,101.826653,15815900,95.810091,-0.12,0.31,-0.54,-0.51,98.684394,91.019586
2015-06-25,102.223878,102.325502,101.457082,101.623375,18326700,95.867934,0.39,0.49,-0.36,-0.2,98.743972,91.074538
2015-06-26,101.604921,101.835884,100.570208,100.948982,32311700,95.918492,-0.02,0.21,-1.04,-0.66,98.796047,91.122568
2015-06-29,99.831113,100.385428,98.51925,98.565445,50874900,95.94483,-1.11,-0.56,-2.41,-2.36,98.823175,91.147588
2015-06-30,99.304526,99.517015,98.61164,98.916512,34809900,95.974399,0.75,0.97,0.05,0.36,98.853631,91.175679
2015-07-01,99.895805,100.099053,99.239873,99.701797,21293000,96.011487,0.99,1.2,0.33,0.79,98.891832,91.210913
2015-07-02,99.988168,100.071311,99.42462,99.729485,20499400,96.048482,0.29,0.37,-0.28,0.03,98.929937,91.246058
2015-07-06,99.101287,100.071332,98.888806,99.498543,24311000,96.082811,-0.63,0.34,-0.84,-0.23,98.965296,91.278671
2015-07-07,99.609415,99.840377,97.770957,99.747993,44230800,96.119281,0.11,0.34,-1.74,0.25,99.002859,91.313317
2015-07-08,99.03662,99.156724,97.82638,98.011147,39691500,96.138105,-0.71,-0.59,-1.93,-1.74,99.022249,91.3312
2015-07-09,99.313786,99.40617,97.946486,97.955727,28381000,96.156191,1.33,1.42,-0.07,-0.06,99.040877,91.348382
2015-07-10,99.258347,99.821895,98.898046,99.452354,26415800,96.188989,1.33,1.91,0.96,1.53,99.074659,91.379539
2015-07-13,100.311531,101.281568,100.302291,101.198425,25780700,96.238834,0.86,1.84,0.85,1.76,99.125999,91.426892
2015-07-14,101.337016,102.14076,101.28158,101.863609,21977200,96.294802,0.14,0.93,0.08,0.66,99.183646,91.480062
2015-07-15,102.057599,102.371705,101.688058,101.974449,28631500,96.351316,0.19,0.5,-0.17,0.11,99.241855,91.53375
2015-07-16,102.815184,103.434161,102.611936,103.415688,29838900,96.421608,0.82,1.43,0.63,1.41,99.314256,91.600528
2015-07-17,104.247101,104.939987,104.071574,104.939987,35926800,96.506368,0.8,1.47,0.63,1.47,99.401559,91.68105
2015-07-20,105.161729,105.679083,104.838384,105.300308,26539000,96.59387,0.21,0.7,-0.1,0.34,99.491686,91.764176
2015-07-21,105.337251,105.503544,104.930762,105.235634,35468900,96.679858,0.04,0.19,-0.35,-0.06,99.580253,91.845865
2015-07-22,103.628163,104.552012,103.628163,104.0439,35575000,96.753132,-1.53,-0.65,-1.53,-1.13,99.655726,91.915475
2015-07-23,104.145507,104.487326,103.387951,103.655861,25698300,96.821816,0.1,0.43,-0.63,-0.37,99.72647,91.980725
2015-07-24,104.21015,104.394917,102.48255,102.639603,30844700,96.879704,0.53,0.71,-1.13,-0.98,99.786095,92.035719
2015-07-27,102.057605,102.501049,101.567966,101.789688,35994800,96.92856,-0.57,-0.13,-1.04,-0.83,99.836416,92.082132
2015-07-28,102.242358,102.870576,101.429374,102.667328,33553500,96.985662,0.44,1.06,-0.35,0.86,99.895232,92.136379
2015-07-29,102.889066,103.277081,102.49181,103.055359,26714100,97.046057,0.22,0.59,-0.17,0.38,99.957438,92.193754
2015-07-30,102.815157,103.720525,102.196179,103.544998,25438100,97.110723,-0.23,0.65,-0.83,0.48,100.024045,92.255187
2015-07-31,103.868339,103.923768,103.212407,103.424889,22081700,97.17355,0.31,0.37,-0.32,-0.12,100.088757,92.314873
2015-08-03,103.443359,103.729749,102.417886,103.101532,25001800,97.232535,0.02,0.29,-0.97,-0.31,100.149511,92.370908
2015-08-04,103.055359,103.240126,102.48257,102.907539,22132300,97.289003,-0.04,0.13,-0.6,-0.19,100.207673,92.424553
2015-08-05,103.480343,104.394951,103.360238,103.702065,28989900,97.352815,0.56,1.45,0.44,0.77,100.273399,92.485174
2015-08-06,103.794399,103.932978,101.577161,102.039085,42125400,97.399444,0.09,0.22,-2.05,-1.6,100.321427,92.529472
2015-08-07,101.789677,102.149977,101.069076,101.909775,30006800,97.444323,-0.24,0.11,-0.95,-0.13,100.367653,92.572107
2015-08-10,102.556484,103.295559,102.547244,103.073837,21500800,97.500338,0.63,1.36,0.63,1.14,100.425348,92.625321
2015-08-11,102.52876,102.926016,101.189175,101.752724,36123300,97.54265,-0.53,-0.14,-1.83,-1.28,100.46893,92.665518
2015-08-12,101.050603,102.307038,99.978942,102.10379,41889000,97.588035,-0.69,0.54,-1.74,0.35,100.515676,92.708633
2015-08-13,102.205386,102.695032,101.715748,101.937469,22510500,97.631313,0.1,0.58,-0.38,-0.16,100.560252,92.749747
2015-08-14,101.697288,102.242356,101.49404,102.094543,17924900,97.675723,-0.24,0.3,-0.44,0.15,100.605995,92.791937
2015-08-17,101.845098,102.972195,101.586422,102.944481,21224900,97.728148,-0.24,0.86,-0.5,0.83,100.659993,92.841741
2015-08-18,102.805907,102.889057,102.279314,102.417892,13984400,97.774813,-0.13,-0.05,-0.65,-0.51,100.708057,92.886072
2015-08-19,102.103785,102.64886,101.152222,101.743484,42511400,97.814302,-0.31,0.23,-1.24,-0.66,100.748731,92.923587
2015-08-20,100.801155,101.124501,98.916503,98.925743,57747300,97.825361,-0.93,-0.61,-2.78,-2.77,100.760122,92.934093
2015-08-21,97.530758,98.362223,94.602158,94.602158,97763400,97.793289,-1.41,-0.57,-4.37,-4.37,100.727088,92.903625
2015-08-24,87.054311,94.722255,78.286977,90.962189,150829900,97.725318,-7.98,0.13,-17.25,-3.85,100.657078,92.839052
2015-08-25,94.29726,94.916237,90.546436,90.620338,75088300,97.654622,3.67,4.35,-0.46,-0.38,100.58426,92.771891
2015-08-26,93.271784,95.368925,91.396372,95.184151,104103800,97.63004,2.93,5.24,0.86,5.04,100.558941,92.748538
2015-08-27,96.560692,97.660075,95.415121,97.595406,69377700,97.629695,1.45,2.6,0.24,2.53,100.558586,92.748211
2015-08-28,97.07804,97.92798,96.865552,97.57692,49919600,97.62917,-0.53,0.34,-0.75,-0.02,100.558045,92.747712
2015-08-31,97.031833,97.567667,96.126465,96.366661,39549400,97.616608,-0.56,-0.01,-1.49,-1.24,100.545106,92.735778
2015-09-01,93.964687,95.42437,92.966928,93.35495,73155500,97.574203,-2.49,-0.98,-3.53,-3.13,100.50143,92.695493
2015-09-02,95.045578,96.006381,93.955435,95.987907,43963600,97.558419,1.81,2.84,0.64,2.82,100.485172,92.680498
2015-09-03,96.366686,97.022618,95.248829,95.516747,45131800,97.538104,0.39,1.08,-0.77,-0.49,100.464247,92.661199
2015-09-04,94.204914,95.017899,93.853847,94.380447,49379600,97.506685,-1.37,-0.52,-1.74,-1.19,100.431885,92.631351
2015-09-08,96.191168,97.161205,95.793912,97.041107,37343500,97.502052,1.92,2.95,1.5,2.82,100.427114,92.62695
2015-09-09,98.186679,98.214393,95.701523,95.950966,47146700,97.486618,1.18,1.21,-1.38,-1.12,100.411217,92.612288
2015-09-10,95.840115,97.632385,95.729258,96.994926,47686700,97.481726,-0.12,1.75,-0.23,1.09,100.406178,92.60764
2015-09-11,96.551461,97.530739,96.274304,97.530739,29106100,97.482214,-0.46,0.55,-0.74,0.55,100.40668,92.608103
2015-09-14,97.891032,97.909513,96.865559,97.2351,19718800,97.479755,0.37,0.39,-0.68,-0.3,100.404148,92.605767
2015-09-15,97.466053,98.685533,97.105752,98.380661,30020200,97.488719,0.24,1.49,-0.13,1.18,100.413381,92.614283
2015-09-16,98.399125,99.027342,98.057298,98.934952,31329100,97.503109,0.02,0.66,-0.33,0.56,100.428203,92.627954
2015-09-17,98.83336,100.450095,98.519247,98.971931,56139800,97.517725,-0.1,1.53,-0.42,0.04,100.443256,92.641838
2015-09-18,97.453112,98.72186,97.397542,97.56424,48384000,97.518187,-1.53,-0.25,-1.59,-1.42,100.443733,92.642278
2015-09-21,98.10142,98.675603,96.990107,97.869896,35772600,97.521687,0.55,1.14,-0.59,0.31,100.447338,92.645603
2015-09-22,96.36961,96.703005,95.50834,96.406654,47359700,97.510592,-1.53,-1.19,-2.41,-1.5,100.43591,92.635063
2015-09-23,96.66596,96.925273,95.98065,96.480743,21775100,97.500345,0.27,0.54,-0.44,0.08,100.425355,92.625328
2015-09-24,95.545407,96.49003,94.711919,96.128853,38284300,97.486698,-0.97,0.01,-1.83,-0.36,100.411299,92.612363
2015-09-25,97.156803,97.249411,94.721164,95.313866,44700000,97.465078,1.07,1.17,-1.46,-0.85,100.38903,92.591824
2015-09-28,94.906404,94.971231,92.322593,92.600418,44077500,97.416673,-0.43,-0.36,-3.14,-2.85,100.339174,92.54584
2015-09-29,92.831919,93.776542,91.452037,92.118828,49315500,97.363959,0.25,1.27,-1.24,-0.52,100.284877,92.495761
2015-09-30,93.433902,94.34148,93.072725,94.239609,41411400,97.332871,1.43,2.41,1.04,2.3,100.252857,92.466227
2015-10-01,94.406282,94.674851,93.156047,94.665588,39339100,97.30633,0.18,0.46,-1.15,0.45,100.22552,92.441014
2015-10-02,93.350527,96.323296,93.054176,96.323296,59370900,97.296549,-1.39,1.75,-1.7,1.75,100.215445,92.431722
2015-10-05,97.036418,97.962515,96.82342,97.703209,32853500,97.300595,0.74,1.7,0.52,1.43,100.219613,92.435566
2015-10-06,97.471682,97.795815,96.480759,97.240158,33051500,97.299994,-0.24,0.09,-1.25,-0.47,100.218994,92.434994
2015-10-07,97.85139,98.036606,96.582634,97.823601,37389300,97.305204,0.63,0.82,-0.68,0.6,100.22436,92.439944
2015-10-08,97.453141,98.379237,96.508518,98.21254,50188900,97.314232,-0.38,0.57,-1.34,0.4,100.233659,92.448521
2015-10-09,98.258845,98.84229,97.990276,98.657066,23916200,97.327594,0.05,0.64,-0.23,0.45,100.247422,92.461214
2015-10-12,98.842294,99.083074,98.490373,98.897858,16162000,97.343218,0.19,0.43,-0.17,0.24,100.263515,92.476057
2015-10-13,98.332924,99.33311,98.166227,98.258835,26999600,97.352329,-0.57,0.44,-0.74,-0.65,100.272899,92.484712
2015-10-14,98.258852,98.749682,97.693933,98.101418,30902600,97.359782,0.0,0.5,-0.57,-0.16,100.280576,92.491793
2015-10-15,98.462608,99.7221,98.332955,99.712837,38393800,97.383196,0.37,1.65,0.24,1.64,100.304692,92.514036
2015-10-16,99.925805,100.185111,99.444231,100.129547,27091100,97.410523,0.21,0.47,-0.27,0.42,100.332839,92.539997
2015-10-19,99.999907,100.768562,99.777639,100.703735,23776300,97.443291,-0.13,0.64,-0.35,0.57,100.36659,92.571127
2015-10-20,100.527778,100.740776,99.842461,100.18512,23404700,97.470573,-0.17,0.04,-0.86,-0.51,100.39469,92.597044
2015-10-21,100.694466,100.79633,99.536845,99.573883,30195200,97.491501,0.51,0.61,-0.65,-0.61,100.416246,92.616926
2015-10-22,100.462979,101.685426,100.175884,101.602074,42778700,97.532403,0.89,2.12,0.6,2.04,100.458375,92.655783
2015-10-23,104.334033,104.871163,103.787632,104.44516,53170900,97.601186,2.69,3.22,2.15,2.8,100.529222,92.721127
2015-10-26,104.371109,104.713767,103.972887,104.510025,25918000,97.669931,-0.07,0.26,-0.45,0.06,100.600029,92.786434
2015-10-27,104.232192,104.871194,104.204403,104.723022,31390500,97.740111,-0.27,0.35,-0.29,0.2,100.672314,92.853105
2015-10-28,104.88043,105.593521,104.037679,105.593521,42221900,97.818254,0.15,0.83,-0.65,0.83,100.752802,92.927342
2015-10-29,105.111987,105.602818,105.000853,105.426857,24913300,97.893962,-0.46,0.01,-0.56,-0.16,100.830781,92.999264
2015-10-30,105.473133,105.649094,104.926739,104.954521,27199200,97.964216,0.04,0.21,-0.47,-0.45,100.903143,93.066005
2015-11-02,105.232353,106.269584,105.010092,106.139931,22176900,98.045567,0.26,1.25,0.05,1.13,100.986934,93.143288
2015-11-03,105.926931,106.890072,105.769496,106.510376,20418400,98.129794,-0.2,0.71,-0.35,0.35,101.073687,93.223304
2015-11-04,106.862289,106.936378,106.075108,106.51963,28633000,98.213275,0.33,0.4,-0.41,0.01,101.159673,93.302611
2015-11-05,106.612224,106.87153,105.676865,106.232521,25004100,98.293068,0.09,0.33,-0.79,-0.27,101.24186,93.378415
2015-11-06,106.028809,106.427031,105.352762,106.306641,29924900,98.372805,-0.19,0.18,-0.83,0.07,101.323989,93.454165
2015-11-09,105.908398,106.047314,104.528516,105.176781,33479800,98.440506,-0.37,-0.24,-1.67,-1.06,101.393721,93.518481
2015-11-10,104.621146,105.010105,104.306269,104.908234,35452100,98.504862,-0.53,-0.16,-0.83,-0.26,101.460008,93.579619
2015-11-11,105.195313,105.704669,104.602611,104.778572,22748800,98.567287,0.27,0.76,-0.29,-0.12,101.524305,93.638922
2015-11-12,104.352581,104.861937,103.685791,103.75988,31196900,98.618954,-0.41,0.08,-1.04,-0.97,101.577523,93.688007
2015-11-13,103.324616,103.43575,101.666902,101.722466,52836000,98.649835,-0.42,-0.31,-2.02,-1.96,101.60933,93.717343
2015-11-16,101.620578,103.204202,101.389054,103.185677,33980600,98.694968,-0.1,1.46,-0.33,1.44,101.655817,93.760219
2015-11-17,103.36163,103.991376,102.99119,103.250496,30579500,98.740296,0.17,0.78,-0.19,0.06,101.702505,93.803282
2015-11-18,103.66727,105.33424,103.565399,105.232368,32966500,98.804894,0.4,2.02,0.3,1.92,101.769041,93.864649
2015-11-19,105.287954,105.788047,105.10273,105.306473,26188100,98.869587,0.05,0.53,-0.12,0.07,101.835674,93.926107
2015-11-20,105.806534,106.102884,105.704662,106.019539,22727600,98.94073,0.47,0.76,0.38,0.68,101.908952,93.993694
2015-11-23,106.056579,106.445545,105.260143,105.713928,20696200,99.008125,0.03,0.4,-0.72,-0.29,101.978369,94.057719
2015-11-24,105.028614,105.871358,104.500732,105.621315,26374400,99.073928,-0.65,0.15,-1.15,-0.09,102.046146,94.120232
2015-11-25,105.778755,105.908408,105.491667,105.713928,14159900,99.139998,0.15,0.27,-0.12,0.09,102.114198,94.182998
2015-11-27,105.945436,106.075089,105.500906,105.862083,8828000,99.206884,0.22,0.34,-0.2,0.14,102.183091,94.24654
2015-11-30,106.176966,106.176966,105.25087,105.593521,25041600,99.270433,0.3,0.3,-0.58,-0.25,102.248546,94.306911
2015-12-01,106.019554,106.6493,105.889894,106.6493,28639400,99.343854,0.4,1.0,0.28,1.0,102.32417,94.376662
2015-12-02,106.732633,107.195681,105.834318,105.991753,22395500,99.410003,0.08,0.51,-0.76,-0.62,102.392303,94.439503
2015-12-03,106.278847,106.464063,103.574639,104.195129,42754300,99.457616,0.27,0.45,-2.28,-1.7,102.441344,94.484735
2015-12-04,104.509991,106.806713,104.296992,106.630753,40037300,99.52899,0.3,2.51,0.1,2.34,102.51486,94.552541
2015-12-07,106.704865,106.769691,105.639852,106.149208,25892100,99.594863,0.07,0.13,-0.93,-0.45,102.582709,94.61512
2015-12-08,105.037864,106.501098,105.000819,106.15844,30792600,99.660172,-1.05,0.33,-1.08,0.01,102.649978,94.677164
2015-12-09,105.69537,106.278815,103.908004,104.547012,48509200,99.708798,-0.44,0.11,-2.12,-1.52,102.700062,94.723358
2015-12-10,104.787832,105.723191,104.472955,105.019356,30154600,99.761639,0.23,1.13,-0.07,0.45,102.754488,94.773557
2015-12-11,103.806178,104.08401,102.53743,102.602257,56022200,99.789904,-1.16,-0.89,-2.36,-2.3,102.783601,94.800409
2015-12-14,102.741156,103.426465,101.29644,103.380157,53098500,99.825628,0.14,0.8,-1.27,0.76,102.820397,94.834346
2015-12-15,104.334035,104.90821,103.880242,104.009895,48428000,99.867262,0.92,1.48,0.48,0.61,102.86328,94.873899
2015-12-16,104.713714,105.732419,103.62092,105.556465,44944100,99.923871,0.68,1.66,-0.37,1.49,102.921587,94.927678
2015-12-17,106.019545,106.019545,104.000654,104.019173,45668800,99.964621,0.44,0.44,-1.47,-1.46,102.963559,94.96639
2015-12-18,103.69591,103.928142,102.023849,102.023849,53746100,99.98511,-0.31,-0.09,-1.92,-1.92,102.984664,94.985855
2015-12-21,102.989921,103.175703,102.228202,103.157127,26432800,100.016673,0.95,1.13,0.2,1.11,103.017173,95.015839
2015-12-22,103.705187,103.983867,103.157124,103.835236,26540300,100.054668,0.53,0.8,-0.0,0.66,103.056309,95.051935
2015-12-23,104.374023,104.68057,104.188241,104.606255,25656900,100.099958,0.52,0.81,0.34,0.74,103.102957,95.09496
2015-12-24,104.606237,104.875626,104.541212,104.587654,11468600,100.144612,-0.0,0.26,-0.06,-0.02,103.14895,95.137381
2015-12-28,104.336848,104.550504,103.584421,104.531921,19183600,100.188266,-0.24,-0.04,-0.96,-0.05,103.193914,95.178853
2015-12-29,105.154294,106.408348,105.089269,106.176117,27725700,100.247847,0.6,1.8,0.53,1.57,103.255282,95.235455
2015-12-30,106.083215,106.120373,105.200739,105.219315,19520100,100.297314,-0.09,-0.05,-0.92,-0.9,103.306234,95.282449
2015-12-31,104.847785,105.042859,103.890986,103.909569,29886800,100.333257,-0.35,-0.17,-1.26,-1.24,103.343255,95.316594
2016-01-04,101.670836,101.810176,100.435371,101.717285,50807600,100.347029,-2.15,-2.02,-3.34,-2.11,103.357439,95.329677
2016-01-05,102.218913,102.348962,101.067048,101.540794,38795200,100.358907,0.49,0.62,-0.64,-0.17,103.369674,95.340962
2016-01-06,99.775845,101.15065,99.775845,100.56543,41891100,100.360962,-1.74,-0.38,-1.74,-0.96,103.371791,95.342914
2016-01-07,98.419592,99.664356,97.360619,97.416359,61386300,100.331662,-2.13,-0.9,-3.19,-3.13,103.341612,95.315079
2016-01-08,98.122354,98.735448,96.515318,96.6175,69344000,100.294705,0.72,1.35,-0.92,-0.82,103.303547,95.27997
2016-01-11,97.30485,97.592814,95.428425,96.914703,50024100,100.261074,0.71,1.01,-1.23,0.31,103.268906,95.24802
2016-01-12,97.843669,98.540362,96.682512,98.038742,46734200,100.238961,0.96,1.68,-0.24,1.16,103.24613,95.227013
2016-01-13,98.438219,98.679742,94.508862,94.657494,69870700,100.183424,0.41,0.65,-3.6,-3.45,103.188927,95.174253
2016-01-14,95.029046,97.518566,93.514894,96.673241,78445700,100.148497,0.39,3.02,-1.21,2.13,103.152952,95.141072
2016-01-15,93.468433,94.694614,92.437326,93.672791,91443900,100.084062,-3.32,-2.05,-4.38,-3.1,103.086584,95.079859
2016-01-19,94.945417,95.094048,92.78102,93.877151,56563800,100.022301,1.36,1.52,-0.95,0.22,103.02297,95.021186
2016-01-20,92.400187,94.592451,90.337972,93.589211,86675000,99.958291,-1.57,0.76,-3.77,-0.31,102.957039,94.960376
2016-01-21,93.988638,95.075478,92.725299,93.682091,61660100,99.895841,0.43,1.59,-0.92,0.1,102.892716,94.901049
2016-01-22,95.567804,96.431704,95.242681,96.394547,42229800,99.861002,2.01,2.94,1.67,2.9,102.856832,94.867952
2016-01-25,96.050845,96.598907,94.880398,94.964005,38881500,99.812276,-0.36,0.21,-1.57,-1.48,102.806644,94.821662
2016-01-26,95.36347,96.227364,94.527436,95.818642,36143900,99.772538,0.42,1.33,-0.46,0.9,102.765714,94.783911
2016-01-27,95.261289,95.670011,93.031867,93.431305,54524700,99.709441,-0.58,-0.16,-2.91,-2.49,102.700725,94.723969
2016-01-28,94.982575,95.019732,93.134016,94.750343,47641500,99.660097,1.66,1.7,-0.32,1.41,102.6499,94.677092
2016-01-29,94.722476,96.766108,94.69461,96.728951,54245100,99.630931,-0.03,2.13,-0.06,2.09,102.619859,94.649385
2016-02-01,96.264492,97.35134,95.892928,96.989059,32750300,99.604644,-0.48,0.64,-0.86,0.27,102.592783,94.624412
2016-02-02,96.543164,96.580322,94.601707,94.889679,44928100,99.557729,-0.46,-0.42,-2.46,-2.16,102.544461,94.579843
2016-02-03,95.521357,95.521357,92.781024,94.434517,61572900,99.506752,0.67,0.67,-2.22,-0.48,102.491954,94.531414
2016-02-04,94.183679,95.177628,93.301203,94.425201,49321600,99.456189,-0.27,0.79,-1.2,-0.01,102.439875,94.48338
2016-02-05,94.090809,94.127966,90.774547,91.146118,70749900,99.373502,-0.35,-0.31,-3.87,-3.47,102.354707,94.404827
2016-02-08,89.446177,90.152162,88.099231,89.752724,91673100,99.277773,-1.87,-1.09,-3.34,-1.53,102.256106,94.313884
2016-02-09,88.554411,90.830274,88.415071,89.474045,73778400,99.180223,-1.34,1.2,-1.49,-0.31,102.15563,94.221212
2016-02-10,90.505151,91.675599,89.752725,89.817749,59421700,99.087064,1.15,2.46,0.31,0.38,102.059676,94.132711
2016-02-11,88.675189,90.40299,88.424383,89.687721,76839200,98.993538,-1.27,0.65,-1.55,-0.14,101.963345,94.043861
2016-02-12,90.700234,91.146121,89.854916,91.053223,49186500,98.91453,1.13,1.63,0.19,1.52,101.881966,93.968804
2016-02-16,92.400155,93.10614,91.824219,93.10614,40565900,98.856735,1.48,2.25,0.85,2.25,101.822437,93.913899
2016-02-17,93.784275,95.34487,93.542753,95.214821,41766500,98.820497,0.73,2.4,0.47,2.26,101.785112,93.879473
2016-02-18,95.512064,95.530639,94.007203,94.127968,38991500,98.773806,0.31,0.33,-1.27,-1.14,101.73702,93.835115
2016-02-19,93.672803,94.694626,93.468445,94.406654,28257900,98.730351,-0.48,0.6,-0.7,0.3,101.692262,93.793834
2016-02-22,95.289132,96.032268,95.196241,95.939377,23979100,98.70258,0.93,1.72,0.84,1.62,101.663658,93.767451
2016-02-23,95.382038,95.642136,94.295197,94.360222,29869700,98.659373,-0.58,-0.31,-1.71,-1.65,101.619154,93.726404
2016-02-24,93.254809,95.382049,92.678873,95.261292,40739100,98.625561,-1.17,1.08,-1.78,0.95,101.584328,93.694283
2016-02-25,95.456335,96.199471,94.601718,96.199471,29389300,98.601421,0.2,0.98,-0.69,0.98,101.559464,93.67135
2016-02-26,96.933329,96.951912,95.846489,96.07872,30925000,98.576319,0.76,0.78,-0.37,-0.13,101.533609,93.647503
2016-02-29,95.98583,96.7011,95.214821,95.214821,27553900,98.542872,-0.1,0.65,-0.9,-0.9,101.499158,93.615728
2016-03-01,96.125174,98.270988,95.827918,98.270988,37699800,98.540166,0.96,3.21,0.64,3.21,101.496371,93.613158
2016-03-02,98.150243,98.326734,97.54644,98.308159,29209800,98.537858,-0.12,0.06,-0.74,0.04,101.493994,93.610965
2016-03-03,98.20596,98.233826,97.416375,98.122353,25474600,98.533723,-0.1,-0.08,-0.91,-0.19,101.489735,93.607037
2016-03-04,98.233839,98.791192,97.509278,98.159523,31655400,98.53,0.11,0.68,-0.62,0.04,101.4859,93.6035
2016-03-07,97.657877,98.224522,96.859001,97.555695,25861200,98.520306,-0.51,0.07,-1.32,-0.62,101.475915,93.59429
2016-03-08,96.886891,97.732209,96.580344,96.747551,28898500,98.502666,-0.69,0.18,-1.0,-0.83,101.457746,93.577533
2016-03-09,97.109851,97.388525,96.571073,97.369949,31047400,98.491395,0.37,0.66,-0.18,0.64,101.446137,93.566826
2016-03-10,97.778629,98.335982,95.967221,97.221275,44236100,98.478757,0.42,0.99,-1.44,-0.15,101.43312,93.554819
2016-03-11,98.270974,98.921219,97.964427,98.921219,31454000,98.48316,1.08,1.75,0.76,1.75,101.437655,93.559002
2016-03-14,98.549669,99.320679,98.521803,99.088448,25374900,98.489183,-0.38,0.4,-0.4,0.17,101.443858,93.564724
2016-03-15,98.735431,99.162735,98.419593,99.051262,26524600,98.494776,-0.36,0.07,-0.68,-0.04,101.449619,93.570037
2016-03-16,98.809756,100.193852,98.781882,99.933754,31693100,98.509094,-0.24,1.15,-0.27,0.89,101.464367,93.583639
2016-03-17,99.64576,100.110222,99.274195,99.877991,29623700,98.522715,-0.29,0.18,-0.66,-0.06,101.478396,93.596579
2016-03-18,100.118401,100.286104,99.503496,100.034554,37682300,98.537758,0.24,0.41,-0.37,0.16,101.493891,93.61087
2016-03-21,99.857509,100.519001,99.80161,100.425835,17288600,98.556545,-0.18,0.48,-0.23,0.39,101.513241,93.628717
2016-03-22,99.857525,100.966227,99.838894,100.733307,18840300,98.578204,-0.57,0.54,-0.58,0.31,101.53555,93.649294
2016-03-23,100.537665,100.612194,99.680513,99.904121,20912900,98.591397,-0.19,-0.12,-1.05,-0.82,101.549139,93.661827
2016-03-24,99.419633,99.96001,99.25193,99.93206,19017300,98.604737,-0.48,0.06,-0.65,0.03,101.562879,93.6745
2016-03-28,100.211558,100.230196,99.615283,99.792305,13892300,98.616554,0.28,0.3,-0.32,-0.14,101.57505,93.685726
2016-03-29,99.606003,101.460046,99.4383,101.394829,29963900,98.644198,-0.19,1.67,-0.35,1.61,101.603524,93.711988
2016-03-30,102.000392,102.522131,101.674298,101.888588,23807200,98.676481,0.6,1.11,0.28,0.49,101.636775,93.742657
2016-03-31,101.814061,102.196053,101.581141,101.739525,21447200,98.706959,-0.07,0.3,-0.3,-0.15,101.668167,93.771611
2016-04-01,101.124631,102.857558,100.984877,102.82029,26389000,98.747887,-0.6,1.1,-0.74,1.06,101.710324,93.810493
2016-04-04,102.820274,102.894811,102.186731,102.42897,17163000,98.784515,-0.0,0.07,-0.62,-0.38,101.748051,93.845289
2016-04-05,101.637035,102.019028,101.310949,101.441383,20107900,98.810952,-0.77,-0.4,-1.09,-0.96,101.77528,93.870404
2016-04-06,101.543861,103.146353,101.543861,103.109085,25056000,98.853719,0.1,1.68,0.1,1.64,101.819331,93.911033
2016-04-07,102.512802,102.699142,101.189817,101.627708,28567200,98.881321,-0.58,-0.4,-1.86,-1.44,101.847761,93.937255
2016-04-08,102.261248,102.50348,101.199133,101.553169,22898000,98.907907,0.62,0.86,-0.42,-0.07,101.875144,93.962511
2016-04-11,101.991084,102.503504,101.1712,101.180519,25772100,98.93052,0.43,0.94,-0.38,-0.37,101.898435,93.983994
2016-04-12,101.255047,102.223995,100.640134,102.028343,28564100,98.961344,0.07,1.03,-0.53,0.84,101.930184,94.013277
2016-04-13,102.810934,103.491064,102.680499,103.33268,25356700,99.00484,0.77,1.43,0.64,1.28,101.974985,94.054598
2016-04-14,103.351329,103.724003,102.484866,103.34201,17199700,99.047996,0.02,0.38,-0.82,0.01,102.019435,94.095596
2016-04-15,103.258145,103.472427,102.820254,103.081123,21353300,99.088126,-0.08,0.13,-0.5,-0.25,102.06077,94.13372
2016-04-18,102.783011,103.668105,102.717794,103.630844,17126100,99.133327,-0.29,0.57,-0.35,0.53,102.107327,94.176661
2016-04-19,103.826479,103.826479,102.373053,102.997284,42481400,99.171775,0.19,0.19,-1.21,-0.61,102.146928,94.213186
2016-04-20,102.997276,103.556282,102.643232,103.081123,18078300,99.210674,-0.0,0.54,-0.34,0.08,102.186994,94.25014
2016-04-21,103.025252,103.463143,102.624629,103.090469,20216000,99.249279,-0.05,0.37,-0.44,0.01,102.226757,94.286815
2016-04-22,101.748828,102.223987,100.7333,101.534546,39074000,99.272018,-1.3,-0.84,-2.29,-1.51,102.250178,94.308417
2016-04-25,101.22709,101.543858,101.040749,101.534546,14351900,99.29453,-0.3,0.01,-0.49,0.0,102.273366,94.329804
2016-04-26,101.748828,101.916531,100.733299,101.040749,19118300,99.311906,0.21,0.38,-0.79,-0.49,102.291263,94.34631
2016-04-27,100.006586,100.463114,99.400999,100.230194,33059800,99.321043,-1.02,-0.57,-1.62,-0.8,102.300674,94.354991
2016-04-28,100.342013,100.928976,98.823376,99.019028,29818200,99.318038,0.11,0.7,-1.4,-1.21,102.297579,94.352136
2016-04-29,99.018992,99.223963,97.714638,98.497253,67502800,99.309871,-0.0,0.21,-1.32,-0.53,102.289167,94.344377
2016-05-02,98.748818,99.568701,98.338883,99.428947,24813800,99.311055,0.26,1.09,-0.16,0.95,102.290387,94.345503
2016-05-03,98.72089,99.1681,98.24573,98.506607,38569400,99.303051,-0.71,-0.26,-1.19,-0.93,102.282143,94.337898
2016-05-04,97.910285,98.273647,97.630785,97.873024,27474500,99.288822,-0.61,-0.24,-0.89,-0.64,102.267487,94.324381
2016-05-05,98.227078,98.441367,97.649433,97.845085,20788100,99.274456,0.36,0.58,-0.23,-0.03,102.25269,94.310734
2016-05-06,97.360605,98.385452,97.267438,98.366821,30758500,99.265425,-0.5,0.55,-0.59,0.53,102.243388,94.302154
2016-05-09,98.376144,99.10286,98.329564,98.646332,19289600,99.259265,0.01,0.75,-0.04,0.28,102.237043,94.296302
2016-05-10,99.000378,100.043856,98.823357,99.997276,21178900,99.266608,0.36,1.42,0.18,1.37,102.244607,94.303278
2016-05-11,99.848203,100.14634,99.065595,99.093544,20966300,99.264886,-0.15,0.15,-0.93,-0.9,102.242833,94.301642
2016-05-12,99.326451,99.447567,97.956879,98.65564,29196300,99.258824,0.24,0.36,-1.15,-0.44,102.236589,94.295883
2016-05-13,98.571797,99.177383,98.096638,98.29229,21059300,99.249207,-0.08,0.53,-0.57,-0.37,102.226683,94.286747
2016-05-16,98.441387,99.885488,98.348213,99.522133,18311900,99.251923,0.15,1.62,0.06,1.25,102.22948,94.289327
2016-05-17,99.438275,99.727093,98.012797,98.273674,29932700,99.242189,-0.08,0.21,-1.52,-1.25,102.219454,94.280079
2016-05-18,98.050049,99.158751,97.863715,98.627693,27524400,99.236074,-0.23,0.9,-0.42,0.36,102.213157,94.274271
2016-05-19,98.2457,98.487938,97.397874,98.115265,27334600,99.224922,-0.39,-0.14,-1.25,-0.52,102.20167,94.263676
2016-05-20,98.506565,99.59663,98.45066,99.196007,29549600,99.224634,0.4,1.51,0.34,1.1,102.201373,94.263403
2016-05-23,99.307829,99.661873,98.972431,99.065598,15729800,99.223052,0.11,0.47,-0.23,-0.13,102.199743,94.261899
2016-05-24,99.61526,101.171165,99.587311,101.050049,29931300,99.241231,0.55,2.13,0.53,2.0,102.218468,94.279169
2016-05-25,101.432077,102.084251,101.255056,101.776794,37951700,99.26646,0.38,1.02,0.2,0.72,102.244454,94.303137
2016-05-26,101.879284,102.205371,101.637045,102.074936,21885900,99.294406,0.1,0.42,-0.14,0.29,102.273238,94.329685
2016-05-27,102.140117,102.615276,102.121486,102.605957,19870000,99.327356,0.06,0.53,0.05,0.52,102.307177,94.360988
2016-05-31,102.74573,102.960019,102.279889,102.801628,24366100,99.361926,0.14,0.35,-0.32,0.19,102.342784,94.39383
2016-06-01,102.484872,103.043879,102.401024,102.810959,19571500,99.396245,-0.31,0.24,-0.39,0.01,102.378132,94.426433
2016-06-02,102.60597,103.034542,102.046963,103.02523,15696600,99.432354,-0.2,0.22,-0.74,0.21,102.415325,94.460736
2016-06-03,102.829574,102.876154,101.869938,102.540749,20269900,99.463283,-0.19,-0.14,-1.12,-0.47,102.447182,94.490119
2016-06-06,102.727104,103.183625,102.550082,102.913437,12502400,99.497613,0.18,0.63,0.01,0.36,102.482542,94.522733
2016-06-07,102.969333,103.071818,102.605978,102.652565,12184300,99.529006,0.05,0.15,-0.3,-0.25,102.514876,94.552556
2016-06-08,102.829575,103.043857,102.447582,102.829575,14568700,99.561847,0.17,0.38,-0.2,0.17,102.548703,94.583755
2016-06-09,102.410315,102.77367,102.214663,102.661873,17571600,99.592693,-0.41,-0.05,-0.6,-0.16,102.580474,94.613059
2016-06-10,101.730196,101.925848,101.143233,101.497276,32965000,99.611645,-0.91,-0.72,-1.48,-1.13,102.599994,94.631062
2016-06-13,100.919656,101.487982,100.519033,100.649467,25154700,99.621971,-0.57,-0.01,-0.96,-0.84,102.61063,94.640873
2016-06-14,100.379279,101.012822,99.913439,100.649467,24588500,99.632195,-0.27,0.36,-0.73,0.0,102.621161,94.650585
2016-06-15,100.891699,101.031453,100.192939,100.360641,24605700,99.639443,0.24,0.38,-0.45,-0.29,102.628626,94.657471
2016-06-16,99.86681,100.751904,99.223949,100.658737,32079900,99.649585,-0.49,0.39,-1.13,0.3,102.639073,94.667106
2016-06-17,100.450419,100.590544,99.245349,99.478889,29208800,99.647887,-0.21,-0.07,-1.4,-1.17,102.637324,94.665493
2016-06-20,100.637292,101.11371,100.030086,100.10482,20562800,99.652434,1.16,1.64,0.55,0.63,102.642007,94.669812
2016-06-21,100.23558,100.627926,100.048743,100.422409,22804100,99.660095,0.13,0.52,-0.06,0.32,102.649898,94.67709
2016-06-22,100.478482,101.067009,100.095479,100.17955,22724200,99.665264,0.06,0.64,-0.33,-0.24,102.655222,94.682
2016-06-23,100.954907,101.627505,100.534537,101.608818,18714200,99.684603,0.77,1.45,0.35,1.43,102.675141,94.700372
2016-06-24,97.993599,99.488257,97.208899,97.423759,68012700,99.662107,-3.56,-2.09,-4.33,-4.12,102.65197,94.679001
2016-06-27,96.779192,96.779192,95.050994,95.490051,48222600,99.620594,-0.66,-0.66,-2.44,-1.98,102.609211,94.639564
2016-06-28,96.545622,97.629253,96.498918,97.582542,28260600,99.600314,1.11,2.24,1.06,2.19,102.588324,94.620299
2016-06-29,98.348582,99.516285,98.301879,99.310768,31356700,99.597433,0.79,1.98,0.74,1.77,102.585356,94.617562
2016-06-30,99.478897,100.525161,99.142599,100.45977,36300800,99.606014,0.17,1.22,-0.17,1.16,102.594194,94.625713
2016-07-01,100.413082,101.337907,100.375714,100.964241,19902800,99.619529,-0.05,0.87,-0.08,0.5,102.608114,94.638552
2016-07-05,100.431773,100.571898,99.805879,100.347694,21167900,99.626774,-0.53,-0.39,-1.15,-0.61,102.615577,94.645435
2016-07-06,99.871269,101.216458,99.553651,101.169754,24579300,99.642127,-0.47,0.87,-0.79,0.82,102.631391,94.660021
2016-07-07,101.263187,101.692901,100.992279,101.468704,19161700,99.660302,0.09,0.52,-0.18,0.3,102.650111,94.677287
2016-07-08,102.010502,103.094133,101.842352,103.038086,29457900,99.693912,0.53,1.6,0.37,1.55,102.684729,94.709216
2016-07-11,103.383718,104.009605,103.374382,103.626602,20218500,99.733043,0.34,0.94,0.33,0.57,102.725034,94.746391
2016-07-12,104.261821,104.429971,104.009594,104.149719,21906100,99.77699,0.61,0.78,0.37,0.5,102.7703,94.78814
2016-07-13,104.392611,104.458003,103.888163,103.897507,21107800,99.81799,0.23,0.3,-0.25,-0.24,102.81253,94.827091
2016-07-14,104.588773,104.803633,104.345889,104.60746,20871000,99.865647,0.67,0.87,0.43,0.68,102.861616,94.872364
2016-07-15,104.850358,104.906412,104.205791,104.439331,17999300,99.911156,0.23,0.29,-0.38,-0.16,102.908491,94.915598
2016-07-18,104.504713,105.31743,104.486026,105.1306,20713900,99.963091,0.06,0.84,0.04,0.66,102.961983,94.964936
2016-07-19,104.766284,105.074559,104.560767,104.747597,18936700,100.010698,-0.35,-0.05,-0.54,-0.36,103.011019,95.010163
2016-07-20,105.317426,106.167517,105.186644,105.971344,24997900,100.070008,0.54,1.36,0.42,1.17,103.072108,95.066507
2016-07-21,106.046105,106.251621,105.438905,105.728493,18885400,100.126311,0.07,0.26,-0.5,-0.23,103.1301,95.119995
2016-07-22,105.803204,106.288965,105.476248,106.167526,20003400,100.186423,0.07,0.53,-0.24,0.42,103.192015,95.177101
2016-07-25,106.08345,106.204896,105.821886,106.176872,12968100,100.246029,-0.08,0.04,-0.33,0.01,103.25341,95.233728
2016-07-26,106.139481,106.681289,105.765814,106.298286,21223800,100.30625,-0.04,0.48,-0.39,0.11,103.315438,95.290938
2016-07-27,107.195091,107.31653,106.587884,107.036285,27646100,100.373216,0.84,0.96,0.27,0.69,103.384412,95.354555
2016-07-28,107.204433,107.531389,106.868135,107.40995,16939700,100.443233,0.16,0.46,-0.16,0.35,103.45653,95.421072
2016-07-29,107.652838,107.933089,107.307202,107.643501,22385300,100.514878,0.23,0.49,-0.1,0.22,103.530324,95.489134
2016-08-01,107.718213,108.484226,107.587431,108.213318,13990100,100.591479,0.07,0.78,-0.05,0.53,103.609223,95.561905
2016-08-02,108.054505,108.147919,106.699973,107.391251,21278400,100.659138,-0.15,-0.06,-1.4,-0.76,103.678913,95.626182
2016-08-03,107.307204,107.755598,107.241813,107.746254,15011300,100.729657,-0.08,0.34,-0.14,0.33,103.751547,95.693174
2016-08-04,107.708892,108.157286,107.456664,108.054527,12835300,100.802541,-0.03,0.38,-0.27,0.29,103.826618,95.762414
2016-08-05,108.605677,109.334322,108.484232,109.091438,23196600,100.885018,0.51,1.18,0.4,0.96,103.911568,95.840767
2016-08-08,109.147487,109.175518,108.624359,108.970001,12358200,100.965465,0.05,0.08,-0.43,-0.11,103.994429,95.917192
2016-08-09,109.05408,109.567872,108.988688,109.222229,13276500,101.047622,0.08,0.55,0.02,0.23,104.079051,95.995241
2016-08-10,109.287652,109.315676,108.652421,108.942017,14688400,101.126174,0.06,0.09,-0.52,-0.26,104.159959,96.069865
2016-08-11,109.315651,109.642613,109.091454,109.409073,12969800,101.20859,0.34,0.64,0.14,0.43,104.244848,96.148161
2016-08-12,109.222223,109.493131,109.100785,109.483788,19379000,101.290931,-0.17,0.08,-0.28,0.07,104.329659,96.226384
2016-08-15,109.623904,110.203087,109.586536,109.950859,11777800,101.377099,0.13,0.66,0.09,0.43,104.418412,96.308244
2016-08-16,109.745341,109.754677,109.324964,109.343651,14161400,101.456368,-0.19,-0.18,-0.57,-0.55,104.500059,96.38355
2016-08-17,109.371676,109.577193,108.764469,109.539825,15980300,101.536801,0.03,0.21,-0.53,0.18,104.582905,96.459961
2016-08-18,109.437081,109.726669,109.250245,109.567863,10036300,101.616712,-0.09,0.17,-0.26,0.03,104.665213,96.535876
2016-08-19,109.371676,109.782702,109.072744,109.539825,18743000,101.695549,-0.18,0.2,-0.45,-0.03,104.746415,96.610771
2016-08-22,109.381055,109.810776,109.175546,109.62394,14500600,101.774438,-0.14,0.25,-0.33,0.08,104.827671,96.685716
2016-08-23,110.053616,110.240453,109.773372,109.820076,11997900,101.854494,0.39,0.56,0.14,0.18,104.910129,96.76177
2016-08-24,109.745384,109.894846,108.74583,109.110153,17728700,101.92669,-0.07,0.07,-0.98,-0.65,104.984491,96.830355
2016-08-25,108.829859,109.268916,108.699077,108.932617,24266300,101.996401,-0.26,0.15,-0.38,-0.16,105.056293,96.896581
2016-08-26,108.97,109.801403,108.437528,109.091438,23896000,102.066998,0.03,0.8,-0.45,0.15,105.129008,96.963648
2016-08-29,109.11946,109.530494,109.10078,109.240906,11184900,102.13838,0.03,0.4,0.01,0.14,105.202532,97.031461
2016-08-30,109.063403,109.381015,108.512251,108.88591,19843300,102.20552,-0.16,0.13,-0.67,-0.32,105.271685,97.095244
2016-08-31,108.717764,108.885914,108.316074,108.773819,16169800,102.270876,-0.15,0.0,-0.52,-0.1,105.339002,97.157332
2016-09-01,108.81117,109.184829,108.278698,109.054047,20944700,102.33837,0.03,0.38,-0.46,0.26,105.408521,97.221452
2016-09-02,109.595902,109.820099,108.998039,109.409073,18088200,102.408725,0.5,0.7,-0.05,0.33,105.480987,97.288289
2016-09-06,109.595899,110.091003,109.353014,110.091003,18525200,102.485166,0.17,0.62,-0.05,0.62,105.559721,97.360908
2016-09-07,110.19377,110.343239,109.736032,110.156403,17546900,102.561497,0.09,0.23,-0.32,0.06,105.638342,97.433422
2016-09-08,109.829453,109.857476,109.222246,109.511841,20125300,102.630654,-0.3,-0.27,-0.85,-0.59,105.709574,97.499122
2016-09-09,108.596327,108.839212,106.737347,106.756027,50813300,102.671703,-0.84,-0.61,-2.53,-2.52,105.751854,97.538118
2016-09-12,106.158183,108.820544,106.14884,108.671082,39646000,102.731398,-0.56,1.93,-0.57,1.79,105.81334,97.594828
2016-09-13,108.129261,108.446872,107.176418,107.699547,45863900,102.780833,-0.5,-0.21,-1.38,-0.89,105.864258,97.641791
2016-09-14,107.811635,108.801844,107.783604,108.213318,28221800,102.834887,0.1,1.02,0.08,0.48,105.919934,97.693143
2016-09-15,108.24135,110.062963,108.232006,109.894814,38521400,102.905135,0.03,1.71,0.02,1.55,105.992289,97.759878
2016-09-16,109.776829,109.954767,109.299211,109.842384,27596500,102.974163,-0.11,0.05,-0.54,-0.05,106.063387,97.825454
2016-09-19,110.123334,110.460475,109.149377,109.364769,16222900,103.037751,0.26,0.56,-0.63,-0.43,106.128883,97.885863
2016-09-20,109.758098,110.020325,109.383503,109.570801,18078600,103.102756,0.36,0.6,0.02,0.19,106.195839,97.947618
2016-09-21,110.039046,110.806977,109.392857,110.647774,31546800,103.177831,0.43,1.13,-0.16,0.98,106.273166,98.018939
2016-09-22,111.293951,111.649826,111.181575,111.528076,22614400,103.260918,0.58,0.91,0.48,0.8,106.358745,98.097872
2016-09-23,111.443793,111.443793,110.657134,110.816338,22213400,103.336096,-0.08,-0.08,-0.78,-0.64,106.436179,98.169291
2016-09-26,110.188901,110.320011,109.73001,109.889214,16403900,103.401301,-0.57,-0.45,-0.98,-0.84,106.50334,98.231236
2016-09-27,109.814287,111.031736,109.711271,110.975548,20238400,103.476667,-0.07,1.04,-0.16,0.99,106.580967,98.302834
2016-09-28,111.116013,111.228389,110.591567,111.162834,14794300,103.553146,0.13,0.23,-0.35,0.17,106.659741,98.375489
2016-09-29,110.975555,111.181587,109.879849,110.35746,27207500,103.620851,-0.17,0.02,-1.15,-0.72,106.729476,98.439808
2016-09-30,110.647766,111.509346,110.535383,111.181572,25543200,103.696082,0.26,1.04,0.16,0.75,106.806964,98.511278
2016-10-03,111.041104,111.162847,110.59158,111.022377,19216400,103.76898,-0.13,-0.02,-0.53,-0.14,106.88205,98.580531
2016-10-04,111.350151,111.593643,110.432375,110.853806,21239700,103.839476,0.3,0.51,-0.53,-0.15,106.95466,98.647502
2016-10-05,111.181561,111.602984,111.134733,111.247116,14481300,103.913184,0.3,0.68,0.25,0.35,107.03058,98.717525
2016-10-06,111.106675,111.425089,110.64779,111.190964,11987100,103.9856,-0.13,0.16,-0.54,-0.05,107.105168,98.78632
2016-10-07,111.29395,111.453161,110.404276,110.947449,19984200,104.054872,0.09,0.24,-0.71,-0.22,107.176518,98.852128
2016-10-10,111.518732,111.893334,111.471904,111.649841,19687300,104.130444,0.51,0.85,0.47,0.63,107.254357,98.923922
2016-10-11,111.556179,111.574906,109.570792,110.05777,27774400,104.189422,-0.08,-0.07,-1.86,-1.43,107.315105,98.979951
2016-10-12,110.160776,110.338714,109.62697,109.964111,14267800,104.246882,0.09,0.26,-0.39,-0.09,107.374288,99.034538
2016-10-13,109.214932,109.870481,108.57811,109.570801,22821000,104.299856,-0.68,-0.09,-1.26,-0.36,107.428852,99.084863
2016-10-14,110.11396,110.554117,109.636342,109.701897,21313300,104.353608,0.5,0.9,0.06,0.12,107.484216,99.135927
2016-10-17,109.608253,109.851746,109.261745,109.402222,14182700,104.403843,-0.09,0.14,-0.4,-0.27,107.535958,99.183651
2016-10-18,110.703942,110.891246,110.319979,110.376167,19276700,104.463269,1.19,1.36,0.84,0.89,107.597167,99.240105
2016-10-19,110.291907,110.526033,110.170164,110.366829,13702900,104.522011,-0.08,0.14,-0.19,-0.01,107.657671,99.29591
2016-10-20,110.254459,110.479218,109.598903,110.235725,18132200,104.578864,-0.1,0.1,-0.7,-0.12,107.716229,99.34992
2016-10-21,110.319999,110.713329,109.954764,110.647774,15707800,104.639251,0.08,0.43,-0.25,0.37,107.778428,99.407288
2016-10-24,111.359512,112.052522,111.340778,111.9776,19143000,104.712269,0.64,1.27,0.63,1.2,107.853637,99.476656
2016-10-25,112.04315,112.061884,111.453156,111.621727,20341800,104.78102,0.06,0.08,-0.47,-0.32,107.924451,99.541969
2016-10-26,110.900635,111.471903,110.5354,110.863174,20463700,104.841539,-0.65,-0.13,-0.97,-0.68,107.986785,99.599462
2016-10-27,111.340791,111.434439,110.198256,110.35746,19099800,104.896424,0.43,0.52,-0.6,-0.46,108.043316,99.651602
2016-10-28,110.039062,110.610329,109.327318,109.664459,35369300,104.943867,-0.29,0.23,-0.93,-0.63,108.092183,99.696673
2016-10-31,110.067182,110.067182,109.505282,109.56147,18749400,104.989813,0.37,0.37,-0.15,-0.09,108.139507,99.740322
2016-11-01,109.748744,109.767471,107.79145,108.73732,23498700,105.027102,0.17,0.19,-1.62,-0.75,108.177915,99.775747
2016-11-02,108.662374,108.915234,107.594762,107.866348,26960100,105.055353,-0.07,0.16,-1.05,-0.8,108.207014,99.802585
2016-11-03,107.688451,108.044327,106.686394,106.808144,36205200,105.072794,-0.16,0.16,-1.09,-0.98,108.224977,99.819154
2016-11-04,106.545878,107.266989,106.246197,106.433502,26997500,105.086333,-0.25,0.43,-0.53,-0.35,108.238923,99.832016
2016-11-07,108.156659,109.074434,107.978728,108.962051,26591200,105.124897,1.62,2.48,1.45,2.38,108.278644,99.868653
2016-11-08,108.849678,110.170143,108.596818,109.673798,20777900,105.17016,-0.1,1.11,-0.34,0.65,108.325265,99.911652
2016-11-09,108.390789,110.357443,108.259679,110.179512,70234400,105.220004,-1.17,0.62,-1.29,0.46,108.376605,99.959004
2016-11-10,110.713332,110.863168,106.948588,108.400169,72825400,105.251648,0.48,0.62,-2.93,-1.61,108.409197,99.989065
2016-11-11,107.931919,108.681124,107.54795,108.446999,41115200,105.283442,-0.43,0.26,-0.79,0.04,108.441946,100.01927
2016-11-14,108.475072,108.578088,106.789365,107.351265,35906000,105.304018,0.03,0.12,-1.53,-1.01,108.463138,100.038817
2016-11-15,108.166049,109.214934,108.006845,108.840332,31796600,105.339205,0.76,1.74,0.61,1.39,108.499381,100.072245
2016-11-16,108.325235,109.561418,108.325235,109.486504,16538100,105.380472,-0.47,0.66,-0.47,0.59,108.541886,100.111448
2016-11-17,109.430319,110.301266,109.20556,110.282539,20598600,105.429248,-0.05,0.74,-0.26,0.73,108.592126,100.157786
2016-11-18,110.413664,110.600962,109.767475,109.870491,16428700,105.47344,0.12,0.29,-0.47,-0.37,108.637643,100.199768
2016-11-21,110.142076,111.116039,110.104615,111.013023,20268500,105.52856,0.25,1.13,0.21,1.04,108.694417,100.252132
2016-11-22,111.453152,111.621722,111.078549,111.350136,18850600,105.586486,0.4,0.55,0.06,0.3,108.754081,100.307162
2016-11-23,110.984908,111.106651,110.413641,110.90062,22926000,105.639363,-0.33,-0.22,-0.84,-0.4,108.808544,100.357395
2016-11-25,111.03175,111.303336,110.90064,111.256516,7162800,105.695255,0.12,0.36,0.0,0.32,108.866113,100.410492
2016-11-28,111.11603,111.518726,110.891271,111.003647,13479000,105.748075,-0.13,0.24,-0.33,-0.23,108.920517,100.460671
2016-11-29,111.106673,111.921433,110.788266,111.387627,18553000,105.80419,0.09,0.83,-0.19,0.35,108.978316,100.51398
2016-11-30,111.528075,111.565536,110.001579,110.03904,30405300,105.846328,0.13,0.16,-1.24,-1.21,109.021718,100.554011
2016-12-01,110.001585,110.010952,107.969376,108.137947,39796600,105.86913,-0.03,-0.03,-1.88,-1.73,109.045204,100.575673
2016-12-02,108.203503,108.784138,107.903823,108.35334,32876800,105.893848,0.06,0.6,-0.22,0.2,109.070664,100.599156
2016-12-05,108.915259,109.626995,108.418906,109.196205,21419700,105.926708,0.52,1.18,0.06,0.78,109.104509,100.630372
2016-12-06,109.50524,109.645717,108.999528,109.458412,27293300,105.961849,0.28,0.41,-0.18,0.24,109.140705,100.663757
2016-12-07,109.233651,110.984913,108.905877,110.844437,26622400,106.010432,-0.21,1.39,-0.5,1.27,109.190745,100.70991
2016-12-08,110.891293,111.322084,110.675895,111.04113,18578400,106.060489,0.04,0.43,-0.15,0.18,109.242303,100.757464
2016-12-09,111.453141,111.949486,111.443774,111.912025,21863100,106.118713,0.37,0.82,0.36,0.78,109.302274,100.812777
2016-12-12,111.415709,111.640467,110.947457,111.406342,23259300,106.171326,-0.44,-0.24,-0.86,-0.45,109.356466,100.86276
2016-12-13,111.743484,113.419824,111.743484,112.811096,54477900,106.237394,0.3,1.81,0.3,1.26,109.424515,100.925524
2016-12-14,112.951591,113.316826,112.249214,112.576988,28746000,106.300474,0.12,0.45,-0.5,-0.21,109.489488,100.98545
2016-12-15,112.726804,113.419814,112.455218,112.754898,22762300,106.364697,0.13,0.75,-0.11,0.16,109.555638,101.046462
2016-12-16,113.031989,113.257419,112.111506,112.336929,26283900,106.424122,0.25,0.45,-0.57,-0.37,109.616846,101.102916
2016-12-19,112.449639,113.492231,112.289964,112.797165,21138700,106.487536,0.1,1.03,-0.04,0.41,109.682162,101.163159
2016-12-20,113.154105,113.435882,113.022607,113.229248,11461800,106.554617,0.32,0.57,0.2,0.38,109.751256,101.226887
2016-12-21,113.276227,113.351371,112.891129,113.14473,7079300,106.620191,0.04,0.11,-0.3,-0.07,109.818796,101.289181
2016-12-22,113.154099,113.182276,112.383897,112.825356,16645000,106.681934,0.01,0.03,-0.67,-0.28,109.882392,101.347837
2016-12-23,112.637487,112.947449,112.534167,112.900482,9007500,106.74381,-0.17,0.11,-0.26,0.07,109.946124,101.406619
2016-12-27,113.144711,114.140337,113.097751,113.482849,16110600,106.810865,0.22,1.1,0.17,0.52,110.015191,101.470322
2016-12-28,113.727053,113.830373,112.524786,112.599922,17975200,106.868467,0.22,0.31,-0.84,-0.78,110.074521,101.525044
2016-12-29,112.571744,112.834739,112.083326,112.440247,13267500,106.923908,-0.03,0.21,-0.46,-0.14,110.131625,101.577713
2016-12-30,112.656287,112.665674,110.965594,111.28495,41749000,106.967302,0.19,0.2,-1.31,-1.03,110.176321,101.618936
2017-01-03,112.026971,112.703248,111.67005,112.280579,22307600,107.02017,0.67,1.27,0.35,0.89,110.230775,101.669161
2017-01-04,112.402688,113.097754,112.3933,112.891113,19749100,107.078587,0.11,0.73,0.1,0.54,110.290945,101.724658
2017-01-05,112.806549,113.604929,112.806549,113.529793,20644300,107.142778,-0.07,0.63,-0.07,0.57,110.357062,101.785639
2017-01-06,113.651913,114.826003,113.360741,114.525436,24074300,107.216238,0.11,1.14,-0.15,0.88,110.432725,101.855426
2017-01-09,114.619339,115.107764,114.544195,114.901123,18909200,107.292704,0.08,0.51,0.02,0.33,110.511485,101.928069
2017-01-10,114.948091,115.502265,114.685096,115.154732,16176600,107.370933,0.04,0.52,-0.19,0.22,110.592061,102.002387
2017-01-11,115.201704,115.464699,114.609958,115.464699,20686000,107.451468,0.04,0.27,-0.47,0.27,110.675012,102.078895
2017-01-12,115.051422,115.361383,114.21547,115.28624,19622500,107.529426,-0.36,-0.09,-1.08,-0.15,110.755309,102.152955
2017-01-13,115.342587,115.877971,115.342587,115.680725,16930800,107.610534,0.05,0.51,0.05,0.34,110.83885,102.230007
2017-01-17,115.380173,115.558637,114.995075,115.333214,14538500,107.687376,-0.26,-0.11,-0.59,-0.3,110.917998,102.303007
2017-01-18,115.502283,115.680747,115.211111,115.568031,12499700,107.765791,0.15,0.3,-0.11,0.2,110.998764,102.377501
2017-01-19,115.737089,116.140976,115.267453,115.511665,12710700,107.842864,0.15,0.5,-0.26,-0.05,111.07815,102.450721
2017-01-20,116.01889,116.310069,115.455328,115.765289,22091000,107.921694,0.44,0.69,-0.05,0.22,111.159345,102.52561
2017-01-23,115.690138,116.028276,115.126576,115.859207,17434200,108.000674,-0.06,0.23,-0.55,0.08,111.240695,102.600641
2017-01-24,116.084612,116.81725,115.887366,116.638786,17640900,108.086626,0.19,0.83,0.02,0.67,111.329225,102.682295
2017-01-25,117.37143,117.841066,117.26811,117.812889,15036200,108.183405,0.63,1.03,0.54,1.01,111.428907,102.774234
2017-01-26,117.972562,118.179203,117.728349,117.93499,16052200,108.280435,0.14,0.31,-0.07,0.1,111.528848,102.866413
2017-01-27,118.188608,118.273139,117.775326,118.160431,15053000,108.378744,0.22,0.29,-0.14,0.19,111.630106,102.959806
2017-01-30,117.765912,117.765912,116.591822,117.239922,25006700,108.466915,-0.33,-0.33,-1.33,-0.78,111.720922,103.043569
2017-01-31,116.826632,117.033273,116.32882,117.005096,19091100,108.551872,-0.35,-0.18,-0.78,-0.2,111.808428,103.124278
2017-02-01,117.831671,118.047707,117.277504,117.812889,22861900,108.644021,0.71,0.89,0.23,0.69,111.903342,103.21182
2017-02-02,117.606251,118.066493,117.277508,117.709572,15101400,108.734226,-0.18,0.22,-0.45,-0.09,111.996252,103.297514
2017-02-03,117.831663,118.169802,117.718955,118.047699,16957200,108.826897,0.1,0.39,0.01,0.29,112.091704,103.385552
2017-02-06,117.850453,118.207373,117.737737,118.188591,11630100,108.920048,-0.17,0.14,-0.26,0.12,112.18765,103.474046
2017-02-07,118.432808,118.864879,118.3201,118.620667,17541100,109.016572,0.21,0.57,0.11,0.37,112.287069,103.565743
2017-02-08,118.460973,118.986963,118.235543,118.817894,12569100,109.114097,-0.13,0.31,-0.32,0.17,112.38752,103.658392
2017-02-09,118.940023,119.51298,118.874274,119.249985,17542700,109.214952,0.1,0.59,0.05,0.36,112.4914,103.754204
2017-02-10,119.512973,119.813539,119.306332,119.64447,13915700,109.318728,0.22,0.47,0.05,0.33,112.59829,103.852792
2017-02-13,120.010771,120.471012,119.963812,120.32074,19120200,109.428201,0.31,0.69,0.27,0.57,112.711047,103.956791
2017-02-14,120.367712,120.734027,119.982614,120.72464,16333500,109.540603,0.04,0.34,-0.28,0.34,112.826821,104.063573
2017-02-15,120.640119,121.49486,120.574363,121.438492,17891400,109.65899,-0.07,0.64,-0.12,0.59,112.94876,104.176041
2017-02-16,121.513633,121.757853,121.090963,121.400925,15098300,109.775825,0.06,0.26,-0.29,-0.03,113.0691,104.287034
2017-02-17,121.222418,121.936274,121.203629,121.926872,15563700,109.896731,-0.15,0.44,-0.16,0.43,113.193633,104.401895
2017-02-21,122.161722,122.603182,122.095981,122.528038,18479600,110.022416,0.19,0.55,0.14,0.49,113.323088,104.521295
2017-02-22,122.415307,122.659513,122.208666,122.574982,12110900,110.147317,-0.09,0.11,-0.26,0.04,113.451737,104.639951
2017-02-23,122.762823,122.762823,121.626312,122.114723,17489000,110.266396,0.15,0.15,-0.77,-0.38,113.574388,104.753076
2017-02-24,121.560563,122.349548,121.522999,122.349548,18624500,110.386626,-0.45,0.19,-0.48,0.19,113.698225,104.867295
2017-02-27,122.12416,122.50925,121.917519,122.499863,12008700,110.507156,-0.18,0.13,-0.35,0.12,113.822371,104.981798
2017-02-28,122.471664,122.528018,121.785999,122.124138,16598600,110.622748,-0.02,0.02,-0.58,-0.31,113.94143,105.09161
2017-03-01,122.903719,123.683302,122.668901,123.457886,25813800,110.750461,0.64,1.28,0.45,1.09,114.072974,105.212938
2017-03-02,123.429766,123.448542,122.687733,122.83802,19951400,110.870735,-0.02,-0.01,-0.62,-0.5,114.196857,105.327198
2017-03-03,122.753424,123.10095,122.424673,123.063385,13722700,110.992055,-0.07,0.21,-0.34,0.18,114.321816,105.442452
2017-03-06,122.659533,122.997672,122.30262,122.791031,12026200,111.109457,-0.33,-0.05,-0.62,-0.22,114.442741,105.553985
2017-03-07,122.546839,123.119796,122.368375,122.584404,15500900,111.223636,-0.2,0.27,-0.34,-0.17,114.560345,105.662454
2017-03-08,122.659554,123.185544,122.537458,122.800453,15776000,111.338828,0.06,0.49,-0.04,0.18,114.678993,105.771887
2017-03-09,122.772237,123.063409,122.236845,122.894333,20855300,111.453808,-0.02,0.21,-0.46,0.08,114.797423,105.881118
2017-03-10,123.457893,123.60818,122.875549,123.410927,21922600,111.572785,0.46,0.58,-0.02,0.42,114.919968,105.994145
2017-03-13,123.363969,123.645754,123.298228,123.617577,10731600,111.692633,-0.04,0.19,-0.09,0.17,115.043412,106.108002
2017-03-14,123.335806,123.382773,122.819204,123.317017,14019700,111.808299,-0.23,-0.19,-0.65,-0.24,115.162548,106.217884
2017-03-15,123.570605,124.368992,123.176113,124.07782,22709100,111.930384,0.21,0.85,-0.11,0.62,115.288295,106.333864
2017-03-16,124.312634,124.312634,123.711501,123.993271,18457300,112.050412,0.19,0.19,-0.3,-0.07,115.411925,106.447892
2017-03-17,124.147654,124.279425,123.884112,123.950005,21234500,112.168816,0.12,0.23,-0.09,-0.03,115.533881,106.560375
2017-03-20,123.912351,124.345321,123.73353,124.06295,10105200,112.287166,-0.03,0.32,-0.17,0.09,115.655781,106.672808
2017-03-21,124.533521,124.646464,122.105158,122.180458,35841900,112.385607,0.38,0.47,-1.58,-1.52,115.757175,106.766326
2017-03-22,122.218133,123.131122,122.058112,123.008759,29177900,112.49131,0.03,0.78,-0.1,0.68,115.866049,106.866744
2017-03-23,122.848758,123.1876,122.491088,122.698158,20311700,112.59287,-0.13,0.15,-0.42,-0.25,115.970656,106.963227
2017-03-24,123.093502,123.573522,122.481711,122.952324,22967600,112.695949,0.32,0.71,-0.18,0.21,116.076828,107.061152
2017-03-27,122.076952,123.36644,121.794581,123.149948,18472400,112.799969,-0.71,0.34,-0.94,0.16,116.183968,107.159971
2017-03-28,123.149963,124.270024,122.877014,123.902946,23721900,112.910447,0.0,0.91,-0.22,0.61,116.29776,107.264924
2017-03-29,123.987655,124.524161,123.855884,124.477097,13710000,113.025538,0.07,0.5,-0.04,0.46,116.416304,107.374261
2017-03-30,124.430023,124.815929,124.317081,124.684158,16092400,113.141544,-0.04,0.27,-0.13,0.17,116.53579,107.484467
2017-03-31,124.505321,124.938291,124.364143,124.599449,19841400,113.255553,-0.14,0.2,-0.26,-0.07,116.65322,107.592775
2017-04-03,124.702959,125.004144,123.827612,124.524124,23700300,113.367678,0.08,0.32,-0.62,-0.06,116.768708,107.699294
2017-04-04,124.166482,124.74063,124.119418,124.721802,13400000,113.480654,-0.29,0.17,-0.33,0.16,116.885074,107.806622
2017-04-05,124.900614,125.634769,123.978218,124.213524,32011200,113.587449,0.14,0.73,-0.6,-0.41,116.995073,107.908077
2017-04-06,124.335897,124.608846,123.959398,124.279411,18832200,113.693837,0.1,0.32,-0.2,0.05,117.104652,108.009145
2017-04-07,124.241759,124.590008,123.771147,124.213524,16743100,113.79851,-0.03,0.25,-0.41,-0.05,117.212466,108.108585
2017-04-10,124.33592,124.778297,123.921778,124.26062,15619300,113.902611,0.1,0.45,-0.23,0.04,117.319689,108.20748
2017-04-11,124.147632,124.335888,122.829922,123.724083,33778400,114.000337,-0.09,0.06,-1.15,-0.43,117.420347,108.30032
2017-04-12,123.705262,123.808798,123.093472,123.225243,15955200,114.092127,-0.02,0.07,-0.51,-0.4,117.514891,108.387521
2017-04-13,123.055829,123.780563,122.716988,122.735802,23683000,114.178134,-0.14,0.45,-0.41,-0.4,117.603478,108.469227
2017-04-17,123.084072,123.771163,123.037008,123.752335,13325500,114.273399,0.28,0.84,0.25,0.83,117.701601,108.55973
2017-04-18,123.338172,123.921742,123.253466,123.564072,12841100,114.365844,-0.33,0.14,-0.4,-0.15,117.796819,108.647552
2017-04-19,124.100599,124.514726,123.592329,123.761757,17764800,114.459336,0.43,0.77,0.02,0.16,117.893116,108.736369
2017-04-20,124.260643,125.070098,124.072401,124.797134,21977900,114.562199,0.4,1.06,0.25,0.84,117.999065,108.834089
2017-04-21,124.910083,124.957133,124.448877,124.76889,22454900,114.663758,0.09,0.13,-0.28,-0.02,118.103671,108.930571
2017-04-24,126.152447,126.39716,125.935969,126.274811,22469900,114.779291,1.11,1.31,0.94,1.21,118.22267,109.040327
2017-04-25,126.68898,127.413713,126.576023,127.187828,19384400,114.902759,0.33,0.9,0.24,0.72,118.349842,109.157621
2017-04-26,127.234895,127.545502,126.933711,127.00901,25398500,115.02322,0.04,0.28,-0.2,-0.14,118.473916,109.272059
2017-04-27,127.319601,127.771385,127.244301,127.771385,16136500,115.150067,0.24,0.6,0.19,0.6,118.604569,109.392564
2017-04-28,128.279617,128.326681,127.79019,127.997261,22771900,115.2779,0.4,0.43,0.01,0.18,118.736237,109.514005
2017-05-01,128.420828,129.305582,128.364357,129.136154,24815500,115.415793,0.33,1.02,0.29,0.89,118.878267,109.645003
2017-05-02,129.296144,129.409101,128.966724,129.352615,18345100,115.554468,0.12,0.21,-0.13,0.17,119.021102,109.776744
2017-05-03,129.060887,129.107951,128.590274,128.938538,23827600,115.687642,-0.23,-0.19,-0.59,-0.32,119.158272,109.90326
2017-05-04,128.919672,129.352627,128.533766,128.98555,14630100,115.81996,-0.01,0.32,-0.31,0.04,119.294559,110.028962
2017-05-05,129.315014,129.456192,128.834994,129.456192,19330700,115.955644,0.26,0.36,-0.12,0.36,119.434313,110.157862
2017-05-08,129.522032,129.73851,129.25849,129.73851,13279900,116.092787,0.05,0.22,-0.15,0.22,119.57557,110.288147
2017-05-09,129.936249,130.482162,129.823292,130.190384,28426100,116.233061,0.15,0.57,0.07,0.35,119.720053,110.421408
2017-05-10,130.26561,130.312674,129.804418,130.26561,20499400,116.372689,0.06,0.09,-0.3,0.06,119.863869,110.554054
2017-05-11,129.908004,130.199782,129.30562,130.162125,27232100,116.509897,-0.27,-0.05,-0.74,-0.08,120.005194,110.684402
2017-05-12,130.218597,130.482139,130.10564,130.453903,19738600,116.648643,0.04,0.25,-0.04,0.22,120.148103,110.816211
2017-05-15,130.510371,130.943327,130.388007,130.868027,20481300,116.79013,0.04,0.38,-0.05,0.32,120.293834,110.950623
2017-05-16,131.206854,131.432754,130.820963,131.413925,21786000,116.93564,0.26,0.43,-0.04,0.42,120.443709,111.088858
2017-05-17,130.369149,130.613877,128.053742,128.072571,55642200,117.046455,-0.8,-0.61,-2.56,-2.54,120.557849,111.194133
2017-05-18,128.025547,129.625628,127.884354,129.192657,41319900,117.167313,-0.04,1.21,-0.15,0.87,120.682333,111.308948
2017-05-19,129.653803,130.284423,129.569096,129.73851,36730100,117.2924,0.36,0.85,0.29,0.42,120.811172,111.42778
2017-05-22,130.030366,130.896307,129.983316,130.830414,19509700,117.427106,0.22,0.89,0.19,0.84,120.94992,111.555751
2017-05-23,131.216308,131.225716,130.623332,130.962173,19687500,117.561784,0.29,0.3,-0.16,0.1,121.088637,111.683694
2017-05-24,131.357459,131.630422,130.990381,131.564529,15891900,117.701114,0.3,0.51,0.02,0.46,121.232148,111.816059
2017-05-25,132.063358,133.023412,131.780987,132.68457,23928600,117.850204,0.38,1.11,0.16,0.85,121.38571,111.957693
2017-05-26,132.712821,132.976363,132.533985,132.919891,13851600,118.000151,0.02,0.22,-0.11,0.18,121.540155,112.100143
2017-05-30,132.854017,133.192859,132.76931,133.032852,20306400,118.14973,-0.05,0.21,-0.11,0.08,121.694222,112.242243
2017-05-31,133.503441,133.503441,132.308094,132.985764,33229400,118.297352,0.35,0.35,-0.54,-0.04,121.846273,112.382484
2017-06-01,133.258689,133.559874,132.693948,133.503403,20120700,118.448656,0.21,0.43,-0.22,0.39,122.002116,112.526223
2017-06-02,133.974031,135.056449,133.757553,135.028214,37222900,118.613627,0.35,1.16,0.19,1.14,122.172036,112.682945
2017-06-05,135.018829,135.235306,134.811758,135.0,15727500,118.776675,-0.01,0.15,-0.16,-0.02,122.339975,112.837841
2017-06-06,134.840016,135.282393,134.265868,134.463531,22393000,118.932763,-0.12,0.21,-0.54,-0.4,122.500746,112.986125
2017-06-07,134.839971,135.103513,134.218773,134.99057,18842400,119.092542,0.28,0.48,-0.18,0.39,122.665319,113.137915
2017-06-08,135.291812,135.348283,134.397636,135.131805,25417400,119.252137,0.22,0.26,-0.44,0.1,122.829701,113.28953
2017-06-09,135.291748,135.442333,129.992644,131.752731,109783700,119.376521,0.12,0.23,-3.8,-2.5,122.957817,113.407695
2017-06-12,130.642079,131.282105,129.390247,131.046799,104454000,119.492643,-0.84,-0.36,-1.79,-0.54,123.077423,113.518011
2017-06-13,131.780947,132.298624,131.093857,132.110382,51193000,119.618193,0.56,0.96,0.04,0.81,123.206739,113.637283
2017-06-14,132.646909,132.646909,130.472681,131.53627,60093800,119.736781,0.41,0.41,-1.24,-0.43,123.328884,113.749942
2017-06-15,130.209167,131.093922,129.409134,130.952744,55145200,119.848382,-1.01,-0.34,-1.62,-0.44,123.443834,113.855963
2017-06-16,130.884759,130.979144,129.903224,130.384552,48087400,119.95322,-0.05,0.02,-0.8,-0.43,123.551817,113.955559
2017-06-19,131.649281,132.687441,131.451079,132.564758,39626500,120.078708,0.97,1.77,0.82,1.67,123.681069,114.074772
2017-06-20,132.43261,132.602485,131.479373,131.526566,40935100,120.192617,-0.1,0.03,-0.82,-0.78,123.798395,114.182986
2017-06-21,131.828581,132.895068,131.743643,132.82901,35743400,120.318352,0.23,1.04,0.17,0.99,123.927903,114.302435
2017-06-22,133.03667,133.28205,132.45151,132.791275,24099100,120.442461,0.16,0.34,-0.28,-0.03,124.055735,114.420338
2017-06-23,132.640224,133.470763,132.272146,133.300888,21654300,120.570405,-0.11,0.51,-0.39,0.38,124.187518,114.541885
2017-06-26,134.065366,134.291867,132.385421,132.677994,34411100,120.690879,0.57,0.74,-0.69,-0.47,124.311605,114.656335
2017-06-27,132.177807,132.33825,130.261914,130.271347,65957800,120.786207,-0.38,-0.26,-1.82,-1.81,124.409793,114.746897
2017-06-28,130.752656,132.262725,129.997635,132.149475,57427200,120.899274,0.37,1.53,-0.21,1.44,124.526253,114.854311
2017-06-29,131.60205,131.60205,128.591358,129.856033,88769400,120.988396,-0.41,-0.41,-2.69,-1.74,124.618048,114.938976
2017-06-30,130.224083,130.8753,129.478496,129.903198,68898300,121.077101,0.28,0.78,-0.29,0.04,124.709414,115.023246
2017-07-03,130.497829,130.648824,128.449807,128.534744,32797000,121.151306,0.46,0.57,-1.12,-1.05,124.785845,115.093741
2017-07-05,128.940556,130.148606,128.506421,129.799408,42116600,121.237357,0.32,1.26,-0.02,0.98,124.874478,115.175489
2017-07-06,128.808442,129.355842,128.166672,128.62912,48430500,121.310907,-0.76,-0.34,-1.26,-0.9,124.950234,115.245361
2017-07-07,129.063242,130.365676,129.053809,130.016464,36970400,121.397529,0.34,1.35,0.33,1.08,125.039455,115.327653
2017-07-10,130.101408,131.177328,129.771076,130.865875,24853500,121.491742,0.07,0.89,-0.19,0.65,125.136494,115.417155
2017-07-11,130.677146,131.394421,130.186371,131.233978,31517700,121.588679,-0.14,0.4,-0.52,0.28,125.23634,115.509245
2017-07-12,132.35714,132.942285,132.09288,132.791275,36045800,121.700148,0.86,1.3,0.65,1.19,125.351152,115.615141
2017-07-13,132.951641,133.40467,132.696828,133.083771,31073600,121.813418,0.12,0.46,-0.07,0.22,125.46782,115.722747
2017-07-14,133.678378,134.301283,133.253676,134.131393,34544800,121.935985,0.45,0.91,0.13,0.79,125.594064,115.839186
2017-07-17,134.272984,134.669374,133.942652,134.197479,25343200,122.05799,0.11,0.4,-0.14,0.05,125.719729,115.95509
2017-07-18,134.103134,135.122429,133.678431,135.094116,25748500,122.187702,-0.07,0.69,-0.39,0.67,125.853333,116.078317
2017-07-19,135.490481,136.085074,135.433856,135.886871,33752300,122.324013,0.29,0.73,0.25,0.59,125.993733,116.207812
2017-07-20,136.236052,136.320989,135.452705,136.066162,36139400,122.46075,0.26,0.32,-0.32,0.13,126.134573,116.337713
2017-07-21,135.56597,136.009552,135.292277,136.009552,39697100,122.595564,-0.37,-0.04,-0.57,-0.04,126.273431,116.465786
2017-07-24,135.990647,136.726801,135.830204,136.632431,26712700,122.735235,-0.01,0.53,-0.13,0.46,126.417292,116.598473
2017-07-25,136.179447,136.604164,135.915187,136.283264,28120900,122.870041,-0.33,-0.02,-0.52,-0.26,126.556142,116.726539
2017-07-26,136.623035,136.802357,136.405967,136.726852,18610600,123.00792,0.25,0.38,0.09,0.33,126.698157,116.857524
2017-07-27,137.623492,137.755622,134.301347,135.868042,80665900,123.135881,0.66,0.75,-1.77,-0.63,126.829957,116.979087
2017-07-28,135.05632,135.98123,134.839238,135.754715,38013200,123.261442,-0.6,0.08,-0.76,-0.08,126.959285,117.098369
2017-07-31,136.141701,136.311576,134.886459,135.179031,33848600,123.380024,0.29,0.41,-0.64,-0.42,127.081425,117.211023
2017-08-01,135.641458,135.679203,135.075178,135.490448,20149400,123.500526,0.34,0.37,-0.08,0.23,127.205542,117.3255
2017-08-02,136.36819,136.396503,134.593861,135.858536,41769700,123.623491,0.65,0.67,-0.66,0.27,127.332196,117.442317
2017-08-03,135.990698,136.066203,135.084667,135.330048,27112800,123.739975,0.1,0.15,-0.57,-0.39,127.452174,117.552976
2017-08-04,135.632079,135.877459,135.018607,135.575439,29472900,123.85774,0.22,0.4,-0.23,0.18,127.573473,117.664853
2017-08-07,135.820792,136.43425,135.632037,136.43425,17933900,123.98288,0.18,0.63,0.04,0.63,127.702366,117.783736
2017-08-08,136.169975,137.293087,135.811331,136.198288,30810400,124.104426,-0.19,0.63,-0.46,-0.17,127.827559,117.899205
2017-08-09,135.075207,136.085069,134.763755,136.018997,36169500,124.222979,-0.82,-0.08,-1.05,-0.13,127.949669,118.01183
2017-08-10,135.245068,135.339438,132.970531,133.102661,63331700,124.311334,-0.57,-0.5,-2.24,-2.14,128.040674,118.095767
2017-08-11,133.282024,134.405137,132.980005,134.112564,45862500,124.408859,0.13,0.98,-0.09,0.76,128.141125,118.188416
2017-08-14,135.179026,136.047311,135.141281,135.839676,34161000,124.522598,0.8,1.44,0.77,1.29,128.258276,118.296468
2017-08-15,136.179432,136.188879,135.565974,135.934052,25509200,124.636145,0.25,0.26,-0.2,0.07,128.375229,118.404338
2017-08-16,136.273816,136.811783,135.716983,136.169998,31913000,124.75091,0.25,0.65,-0.16,0.17,128.493437,118.513364
2017-08-17,135.64146,135.849095,133.385803,133.385803,70191000,124.836829,-0.39,-0.24,-2.04,-2.04,128.581934,118.594988
2017-08-18,133.461348,134.206936,132.744058,133.291458,60751900,124.920955,0.06,0.62,-0.48,-0.07,128.668583,118.674907
2017-08-21,133.281963,133.574536,132.300414,133.121521,37111500,125.002553,-0.01,0.21,-0.74,-0.13,128.752629,118.752425
2017-08-22,133.838844,135.292288,133.791651,135.150711,36294200,125.103529,0.54,1.63,0.5,1.52,128.856635,118.848353
2017-08-23,134.47114,134.971347,134.37677,134.669342,25702300,125.198711,-0.5,-0.13,-0.57,-0.36,128.954673,118.938776
2017-08-24,134.971375,135.122385,133.517945,134.27298,38160800,125.289003,0.22,0.34,-0.85,-0.29,129.047673,119.024553
2017-08-25,134.79208,135.131831,133.810531,133.989853,26380400,125.375578,0.39,0.64,-0.34,-0.21,129.136846,119.106799
2017-08-28,134.395658,134.716558,133.970956,134.405106,15362100,125.465424,0.3,0.54,-0.01,0.31,129.229387,119.192153
2017-08-29,133.253649,135.160108,133.130952,134.933594,24498300,125.559635,-0.86,0.56,-0.95,0.39,129.326424,119.281653
2017-08-30,135.046856,136.74568,134.961918,136.519165,33642700,125.668685,0.08,1.34,0.02,1.18,129.438746,119.385251
2017-08-31,136.906136,137.991503,136.830631,137.982056,38480700,125.791206,0.28,1.08,0.23,1.07,129.564942,119.501646
2017-09-01,138.161351,138.350106,137.425197,137.793274,22293600,125.91063,0.13,0.27,-0.4,-0.14,129.687949,119.615098
2017-09-05,137.387455,137.680027,135.528188,136.556915,44794300,126.016563,-0.29,-0.08,-1.64,-0.9,129.79706,119.715735
2017-09-06,136.906157,137.283681,135.981247,136.972229,30722700,126.125574,0.26,0.53,-0.42,0.3,129.909342,119.819296
2017-09-07,137.227034,137.642304,136.792899,137.293106,22721100,126.236694,0.19,0.49,-0.13,0.23,130.023795,119.924859
2017-09-08,137.11376,137.179832,135.962335,136.103912,27890100,126.334875,-0.13,-0.08,-0.97,-0.87,130.124922,120.018132
2017-09-11,137.170355,137.90651,137.13261,137.670563,27126300,126.447668,0.78,1.32,0.76,1.15,130.241098,120.125285
2017-09-12,138.057556,138.180253,137.349714,138.000931,30256700,126.562626,0.28,0.37,-0.23,0.24,130.359505,120.234495
2017-09-13,137.764995,138.208577,137.53848,138.189697,28450900,126.678318,-0.17,0.15,-0.34,0.14,130.478668,120.344403
2017-09-14,137.651759,138.067014,137.293114,137.378052,35296400,126.784783,-0.39,-0.09,-0.65,-0.59,130.588327,120.445544
2017-09-15,137.349753,138.350168,137.123238,137.84996,46422400,126.894885,-0.02,0.71,-0.19,0.34,130.701731,120.550141
2017-09-18,138.009805,138.44489,137.253117,137.669296,24858200,127.002093,0.12,0.43,-0.43,-0.13,130.812156,120.651988
2017-09-19,137.915215,138.104383,137.442287,137.905762,20871200,127.110587,0.18,0.32,-0.16,0.17,130.923905,120.755058
2017-09-20,137.858439,138.009779,136.420735,137.480103,34236200,127.213766,-0.03,0.08,-1.08,-0.31,131.030179,120.853078
2017-09-21,137.385525,137.394979,136.15591,136.638306,28841800,127.307543,-0.07,-0.06,-0.96,-0.61,131.126769,120.942166
2017-09-22,136.203194,136.704496,136.061321,136.505875,21702400,127.399069,-0.32,0.05,-0.42,-0.1,131.221041,121.029115
2017-09-25,135.966767,136.042437,134.406111,135.068207,54947700,127.475378,-0.39,-0.34,-1.54,-1.05,131.29964,121.101609
2017-09-26,135.758645,136.01403,134.945209,135.418137,29628800,127.554411,0.51,0.7,-0.09,0.26,131.381043,121.17669
2017-09-27,136.136989,137.149061,135.796495,136.638306,33249400,127.644798,0.53,1.28,0.28,0.9,131.474142,121.262558
2017-09-28,136.307213,136.732845,135.995079,136.590973,24149400,127.733814,-0.24,0.07,-0.47,-0.03,131.565829,121.347124
2017-09-29,136.865285,137.678721,136.50587,137.574677,43102400,127.831733,0.2,0.8,-0.06,0.72,131.666685,121.440147
2017-10-02,137.782801,138.255729,137.082863,137.697678,27351300,127.929902,0.15,0.5,-0.36,0.09,131.767799,121.533407
2017-10-03,137.877408,138.1517,137.574727,137.990906,19715200,128.030012,0.13,0.33,-0.09,0.21,131.870912,121.628511
2017-10-04,137.726018,138.416489,137.593599,138.123276,26381100,128.130442,-0.19,0.31,-0.29,0.1,131.974355,121.72392
2017-10-05,138.624582,139.551516,138.482709,139.475861,31562400,128.243332,0.36,1.03,0.26,0.98,132.090632,121.831165
2017-10-06,139.002989,139.665085,139.002989,139.665085,23561100,128.356981,-0.34,0.14,-0.34,0.14,132.207691,121.939132
2017-10-09,139.844766,139.996092,139.324542,139.504257,13704800,128.467899,0.13,0.24,-0.24,-0.12,132.321936,122.044504
2017-10-10,139.977159,140.119032,138.993462,139.608276,19223100,128.578749,0.34,0.44,-0.37,0.07,132.436111,122.149811
2017-10-11,139.542033,140.052803,139.362318,140.024414,12439100,128.692636,-0.05,0.32,-0.18,0.3,132.553415,122.258004
2017-10-12,139.816369,140.317671,139.627186,139.769073,14513500,128.802849,-0.15,0.21,-0.28,-0.18,132.666935,122.362707
2017-10-13,140.336633,140.469052,139.778581,140.308258,18409900,128.917331,0.41,0.5,0.01,0.39,132.784851,122.471464
2017-10-16,140.658123,140.82837,140.355443,140.790543,21809400,129.035472,0.25,0.37,0.03,0.34,132.906537,122.583699
2017-10-17,140.74331,140.989228,140.525768,140.970306,13138200,129.154227,-0.03,0.14,-0.19,0.13,133.028854,122.696516
2017-10-18,141.112259,141.13118,140.592036,140.800125,17218200,129.270107,0.1,0.11,-0.27,-0.12,133.14821,122.806601
2017-10-19,139.977149,140.298737,139.296132,140.279816,27680300,129.379656,-0.58,-0.36,-1.07,-0.37,133.261046,122.910673
2017-10-20,140.847341,140.970292,140.487911,140.658173,30173300,129.49188,0.4,0.49,0.15,0.27,133.376636,123.017286
2017-10-23,140.951371,140.960824,139.542041,139.740677,29297100,129.593858,0.21,0.22,-0.79,-0.65,133.481674,123.114165
2017-10-24,140.015047,140.270432,139.456995,139.977219,20289500,129.697175,0.2,0.38,-0.2,0.17,133.58809,123.212316
2017-10-25,139.70291,140.156917,138.407092,139.447525,36179100,129.794193,-0.2,0.13,-1.12,-0.38,133.688019,123.304484
2017-10-26,139.362345,139.712321,138.965087,139.00293,28230200,129.885823,-0.06,0.19,-0.35,-0.32,133.782397,123.391532
2017-10-27,141.339168,143.316016,141.121625,143.051178,60165100,130.016821,1.68,3.1,1.52,2.91,133.917326,123.51598
2017-10-30,142.947125,143.949729,142.814706,143.372757,31733400,130.149716,-0.07,0.63,-0.17,0.22,134.054208,123.64223
2017-10-31,143.836301,144.120046,143.420122,143.911957,26319300,130.286654,0.32,0.52,0.03,0.38,134.195253,123.772321
2017-11-01,144.488862,144.555079,143.29709,143.864609,29481600,130.421758,0.4,0.45,-0.43,-0.03,134.334411,123.90067
2017-11-02,143.703845,143.760609,142.606664,143.590347,31017400,130.552789,-0.11,-0.07,-0.87,-0.19,134.469372,124.025149
2017-11-03,144.110581,144.99022,143.618732,144.971313,26199200,130.696257,0.36,0.97,0.02,0.96,134.617144,124.161444
2017-11-06,144.857803,145.519913,144.810522,145.46315,28693900,130.843191,-0.08,0.38,-0.11,0.34,134.768486,124.301031
2017-11-07,145.349597,145.737401,145.037463,145.548233,21333100,130.98951,-0.08,0.19,-0.29,0.06,134.919195,124.440034
2017-11-08,145.472608,146.172532,145.302347,146.134705,17373500,131.140208,-0.05,0.43,-0.17,0.4,135.074414,124.583198
2017-11-09,144.933476,145.444246,143.874122,145.368576,40594500,131.281784,-0.82,-0.47,-1.55,-0.52,135.220237,124.717695
2017-11-10,145.028014,145.472567,144.772629,145.359055,20150800,131.421856,-0.23,0.07,-0.41,-0.01,135.364512,124.850763
2017-11-13,144.810459,145.72794,144.810459,145.538757,12522400,131.562323,-0.38,0.25,-0.38,0.12,135.509193,124.984207
2017-11-14,145.028061,145.188855,144.309216,145.00914,25173800,131.696122,-0.35,-0.24,-0.84,-0.36,135.647006,125.111316
2017-11-15,144.384844,144.715899,143.561954,144.328094,24808000,131.821813,-0.43,-0.2,-1.0,-0.47,135.776468,125.230723
2017-11-16,145.056459,146.503617,145.028084,146.172562,34790600,131.964607,0.5,1.51,0.48,1.28,135.923545,125.366376
2017-11-17,146.210411,146.314456,145.472645,145.614517,28725800,132.100427,0.03,0.1,-0.48,-0.38,136.06344,125.495406
2017-11-20,145.71855,145.850969,145.292918,145.501007,21143900,132.233766,0.07,0.16,-0.22,-0.08,136.200779,125.622078
2017-11-21,146.19146,147.146783,146.125257,147.080566,20147800,132.381495,0.47,1.13,0.43,1.09,136.35294,125.762421
2017-11-22,147.212973,147.402142,146.929214,147.260269,17299000,132.529543,0.09,0.22,-0.1,0.12,136.505429,125.903066
2017-11-24,147.411588,147.846673,147.32645,147.799377,8280600,132.681481,0.1,0.4,0.04,0.37,136.661926,126.047407
2017-11-27,147.752106,148.083147,147.392676,147.733185,22653400,132.83125,-0.03,0.19,-0.28,-0.04,136.816187,126.189687
2017-11-28,148.064216,148.206103,147.2697,148.111511,25227300,132.983292,0.22,0.32,-0.31,0.26,136.972791,126.334127
2017-11-29,147.941308,147.979136,144.829435,145.529373,71986300,133.108129,-0.11,-0.09,-2.22,-1.74,137.101373,126.452722
2017-11-30,146.144134,147.033241,145.803626,146.749481,56595500,133.243864,0.42,1.03,0.19,0.84,137.241179,126.58167
2017-12-01,145.850953,146.834651,144.015991,146.125259,59015800,133.372037,-0.61,0.06,-1.86,-0.43,137.373198,126.703435
2017-12-04,147.042723,147.203517,144.299733,144.44162,51319100,133.482182,0.63,0.74,-1.25,-1.15,137.486647,126.808073
2017-12-05,144.413213,146.181972,143.864629,144.536179,40604200,133.592172,-0.02,1.2,-0.4,0.07,137.599937,126.912563
2017-12-06,143.99707,145.415853,143.826808,145.188843,28647800,133.707562,-0.37,0.61,-0.49,0.45,137.718788,127.022183
2017-12-07,145.179407,146.096889,145.028067,145.68071,32666200,133.826697,-0.01,0.63,-0.11,0.34,137.841498,127.135362
2017-12-08,146.7495,147.10893,146.096872,146.323868,28081700,133.951047,0.73,0.98,0.29,0.44,137.969579,127.253495
2017-12-11,146.390055,147.506158,146.380588,147.458862,20821500,134.085453,0.05,0.81,0.04,0.78,138.108017,127.381181
2017-12-12,147.392688,147.695355,146.948135,147.260269,20310300,134.216546,-0.04,0.16,-0.35,-0.13,138.243042,127.505719
2017-12-13,147.85611,148.016903,147.326419,147.543976,24418500,134.349157,0.4,0.51,0.04,0.19,138.379632,127.631699
2017-12-14,147.799387,148.177738,147.279178,147.439972,24594700,134.479414,0.17,0.43,-0.18,-0.07,138.513797,127.755443
2017-12-15,148.016954,149.274944,147.771022,149.114136,49816200,134.625033,0.39,1.24,0.22,1.14,138.663784,127.893782
2017-12-18,150.098957,150.487572,149.824092,150.364349,26844500,134.781643,0.66,0.92,0.48,0.84,138.825093,128.042561
2017-12-19,150.079956,150.231613,149.056294,149.473343,31415000,134.927829,-0.19,-0.09,-0.87,-0.59,138.975664,128.181438
2017-12-20,149.994636,150.02307,148.724543,149.312195,38972600,135.070957,0.35,0.37,-0.5,-0.11,139.123086,128.31741
2017-12-21,149.520771,149.994688,149.16059,149.331207,18638700,135.212851,0.14,0.46,-0.1,0.01,139.269236,128.452208
2017-12-22,149.103685,149.217421,148.762465,149.160553,23330400,135.351634,-0.15,-0.08,-0.38,-0.11,139.412183,128.584052
2017-12-26,148.326501,148.544499,147.814663,148.354935,21918700,135.48102,-0.56,-0.41,-0.9,-0.54,139.54545,128.706969
2017-12-27,148.364367,148.771943,148.231671,148.37384,22388200,135.609306,0.01,0.28,-0.08,0.01,139.677586,128.828841
2017-12-28,148.847781,148.876229,148.373864,148.553955,25393800,135.738109,0.32,0.34,0.0,0.12,139.810252,128.951204
2017-12-29,148.686617,148.715051,147.577654,147.634521,33186000,135.856481,0.09,0.11,-0.66,-0.62,139.932176,129.063657
2018-01-02,148.392841,150.260075,148.023187,150.222168,32573300,135.999423,0.51,1.78,0.26,1.75,140.079406,129.199452
2018-01-03,150.364335,151.81452,150.335902,151.681824,29383600,136.155467,0.09,1.06,0.08,0.97,140.240131,129.347694
2018-01-04,152.203124,152.402161,151.729207,151.947205,24776100,136.312599,0.34,0.47,0.03,0.17,140.401977,129.496969
2018-01-05,152.667525,153.577437,152.383172,153.473175,26992300,136.483351,0.47,1.07,0.29,1.0,140.577851,129.659183
2018-01-08,153.473173,154.146141,153.416305,154.070312,23159100,136.658346,-0.0,0.44,-0.04,0.39,140.758096,129.825428
2018-01-09,154.37363,154.534759,153.615374,154.079803,24782400,136.831693,0.2,0.3,-0.3,0.01,140.936644,129.990109
2018-01-10,153.397406,153.748114,152.714964,153.719666,34004000,136.999733,-0.44,-0.22,-0.89,-0.23,141.109725,130.149746
2018-01-11,153.98507,154.781247,153.748111,154.771759,20473500,137.176569,0.17,0.69,0.02,0.68,141.291866,130.317741
2018-01-12,154.639011,156.070249,154.439974,155.909119,37762700,137.362962,-0.09,0.84,-0.21,0.73,141.483851,130.494814
2018-01-16,156.942287,157.738464,154.999225,155.463669,41231800,137.543069,0.66,1.17,-0.58,-0.29,141.669361,130.665916
2018-01-17,156.202996,157.378301,155.444726,157.141342,33849900,137.738077,0.48,1.23,-0.01,1.08,141.870219,130.851173
2018-01-18,156.894905,157.529952,156.52525,157.169785,26432200,137.931427,-0.16,0.25,-0.39,0.02,142.06937,131.034856
2018-01-19,157.634225,157.918578,156.904389,157.662659,38937600,138.127758,0.3,0.48,-0.17,0.31,142.27159,131.22137
2018-01-22,157.605782,159.349792,157.425691,159.349792,26081400,138.338922,-0.04,1.07,-0.15,1.07,142.48909,131.421976
2018-01-23,159.842641,160.809435,159.766813,160.667252,37989700,138.561095,0.31,0.92,0.26,0.83,142.717928,131.63304
2018-01-24,161.008447,161.359155,158.705219,159.624619,54287400,138.770682,0.21,0.43,-1.22,-0.65,142.933802,131.832148
2018-01-25,160.724138,160.781005,159.055941,159.56778,28925000,138.977618,0.69,0.72,-0.36,-0.04,143.146947,132.028737
2018-01-26,160.458767,162.032175,160.145995,162.013214,32038200,139.206828,0.56,1.54,0.36,1.53,143.383033,132.246487
2018-01-29,161.672,161.99426,160.885296,161.226517,37277800,139.42593,-0.21,-0.01,-0.7,-0.49,143.608707,132.454633
2018-01-30,159.757367,160.581978,159.065452,159.899536,44987700,139.629647,-0.91,-0.4,-1.34,-0.82,143.818536,132.648165
2018-01-31,160.799977,161.122252,159.558317,160.563019,42449200,139.837939,0.56,0.76,-0.21,0.41,144.033077,132.846042
2018-02-01,159.330831,160.87579,158.686297,159.198135,38037900,140.030578,-0.77,0.19,-1.17,-0.85,144.231495,133.029049
2018-02-02,158.572516,158.951644,155.890146,156.022842,68478100,140.189705,-0.39,-0.15,-2.08,-1.99,144.395396,133.18022
2018-02-05,154.563217,157.103404,149.757694,149.871429,105372200,140.286041,-0.94,0.69,-4.02,-3.94,144.494622,133.271739
2018-02-06,147.681932,154.032414,147.008978,153.84285,118537900,140.420934,-1.46,2.78,-1.91,2.65,144.633562,133.399888
2018-02-07,153.34995,155.018146,151.842899,151.852386,91028300,140.53468,-0.32,0.76,-1.3,-1.29,144.75072,133.507946
2018-02-08,152.241018,152.411635,145.445053,145.445053,94184800,140.583539,0.26,0.37,-4.22,-4.22,144.801046,133.554363
2018-02-09,147.501862,149.037363,142.298265,147.956833,113836600,140.656906,1.41,2.47,-2.16,1.73,144.876613,133.62406
2018-02-12,149.473388,151.606014,148.298083,150.582352,63050600,140.755666,1.02,2.47,0.23,1.77,144.978336,133.717883
2018-02-13,149.71981,151.662857,149.492325,151.359558,31785600,140.861178,-0.57,0.72,-0.72,0.52,145.087013,133.818119
2018-02-14,150.468579,154.430516,149.757704,154.193558,52107400,140.993838,-0.59,2.03,-1.06,1.87,145.223653,133.944146
2018-02-15,155.577412,157.05603,153.966098,157.05603,51633900,141.153661,0.9,1.86,-0.15,1.86,145.388271,134.095978
2018-02-16,156.544193,158.060718,156.089223,156.35463,62256300,141.304914,-0.33,0.64,-0.62,-0.45,145.544062,134.239669
2018-02-20,155.804887,157.984892,155.738531,156.667404,36785600,141.457775,-0.35,1.04,-0.39,0.2,145.701508,134.384886
2018-02-21,157.43518,158.970666,156.127165,156.221954,41161800,141.604682,0.49,1.47,-0.34,-0.28,145.852823,134.524448
2018-02-22,156.90436,157.738458,155.804884,156.202972,37074400,141.749939,0.44,0.97,-0.27,-0.01,146.002437,134.662442
2018-02-23,157.463612,159.397186,156.819078,159.397186,50096900,141.925533,0.81,2.04,0.39,2.04,146.183299,134.829257
2018-02-26,160.145981,161.510849,160.013285,161.510849,39266700,142.120412,0.47,1.33,0.39,1.33,146.384024,135.014391
2018-02-27,161.558203,161.823595,159.435066,159.51088,42209900,142.293452,0.03,0.19,-1.29,-1.24,146.562255,135.178779
2018-02-28,160.420848,160.94216,158.383012,158.487274,42936300,142.454584,0.57,0.9,-0.71,-0.64,146.728222,135.331855
2018-03-01,158.572556,159.302392,154.496869,155.899658,76809900,142.588366,0.05,0.51,-2.52,-1.63,146.866017,135.458948
2018-03-02,154.022958,157.605767,153.511134,157.330902,57445100,142.735058,-1.2,1.09,-1.53,0.92,147.01711,135.598305
2018-03-05,156.591586,159.482467,156.00392,159.074905,38540200,142.897643,-0.47,1.37,-0.84,1.11,147.184573,135.752761
2018-03-06,159.852157,160.288166,158.743193,159.747894,29480900,143.065308,0.49,0.76,-0.21,0.42,147.357267,135.912042
2018-03-07,158.52517,160.250234,158.250304,160.117523,34609400,143.234981,-0.77,0.31,-0.94,0.23,147.532031,136.073232
2018-03-08,160.781041,161.112774,160.136507,160.999039,25828400,143.411738,0.41,0.62,0.01,0.55,147.71409,136.241151
2018-03-09,162.145923,164.126892,161.908965,164.126892,38310500,143.617859,0.71,1.94,0.57,1.94,147.926395,136.436966
2018-03-12,164.61024,165.377983,164.240586,164.998856,37635000,143.830605,0.29,0.76,0.07,0.53,148.145523,136.639075
2018-03-13,165.378006,166.069935,162.335469,162.752518,55638900,144.018883,0.23,0.65,-1.61,-1.36,148.33945,136.817939
2018-03-14,163.605553,163.728776,162.013185,162.72406,40536400,144.205004,0.52,0.6,-0.45,-0.02,148.531154,136.994754
2018-03-15,162.837752,163.529666,161.984693,162.581833,28810400,144.387858,0.07,0.5,-0.45,-0.09,148.719494,137.168465
2018-03-16,162.856796,163.216963,162.022698,162.098526,31176700,144.564084,0.17,0.39,-0.34,-0.3,148.901006,137.33588
2018-03-19,160.538712,160.652632,157.25388,158.639969,71395100,144.704142,-0.96,-0.89,-2.99,-2.13,149.045267,137.468935
2018-03-20,158.706415,159.532364,158.174769,159.162109,34075700,144.848003,0.04,0.56,-0.29,0.33,149.193443,137.605603
2018-03-21,158.744366,160.215879,157.776003,158.46904,43863500,144.983535,-0.26,0.66,-0.87,-0.44,149.333041,137.734359
2018-03-22,156.276054,157.377328,154.358319,154.557693,66607300,145.078801,-1.38,-0.69,-2.59,-2.47,149.431165,137.824861
2018-03-23,154.377308,155.032376,150.408927,150.484879,80110400,145.132592,-0.12,0.31,-2.68,-2.64,149.48657,137.875963
2018-03-26,153.532322,156.266515,151.101933,156.07663,57481500,145.241488,2.03,3.84,0.41,3.72,149.598733,137.979414
2018-03-27,157.234852,157.234852,149.696842,151.02597,78889100,145.299045,0.74,0.74,-4.09,-3.24,149.658017,138.034093
2018-03-28,150.162101,151.69059,148.139935,149.288681,89369700,145.338743,-0.57,0.44,-1.91,-1.15,149.698906,138.071806
2018-03-29,150.09562,153.522851,148.700043,152.022842,68692600,145.405252,0.54,2.84,-0.39,1.83,149.767409,138.134989
2018-04-02,150.940557,151.652585,146.089269,147.636734,85549400,145.427456,-0.71,-0.24,-3.9,-2.89,149.790279,138.156083
2018-04-03,148.927902,149.924745,146.620937,149.298157,64090000,145.46597,0.87,1.55,-0.69,1.13,149.829949,138.192671
2018-04-04,146.41198,152.117694,146.241086,151.652512,65768700,145.527528,-1.93,1.89,-2.05,1.58,149.893353,138.251151
2018-04-05,153.162075,153.399418,151.405732,152.516495,43054900,145.59707,1.0,1.15,-0.16,0.57,149.964982,138.317216
2018-04-06,150.836144,152.336152,147.988029,148.700058,59870900,145.627945,-1.1,-0.12,-2.97,-2.5,149.996783,138.346548
2018-04-09,149.981667,152.734852,149.488004,149.744324,41810400,145.668904,0.86,2.71,0.53,0.7,150.038971,138.385459
2018-04-10,152.098785,153.541819,151.016503,153.048157,48296800,145.742329,1.57,2.54,0.85,2.21,150.114599,138.455213
2018-04-11,152.089271,153.798142,151.994342,152.165222,41622100,145.806239,-0.63,0.49,-0.69,-0.58,150.180426,138.515927
2018-04-12,153.086095,154.529143,153.000655,153.997498,30467900,145.887744,0.61,1.55,0.55,1.2,150.264376,138.593357
2018-04-13,154.766483,154.994323,152.535455,153.200012,44604900,145.960503,0.5,0.65,-0.95,-0.52,150.339318,138.662478
2018-04-16,154.272794,154.927862,153.304431,154.367737,28180800,146.044157,0.7,1.13,0.07,0.76,150.425482,138.741949
2018-04-17,155.924766,158.032372,155.611472,157.690598,35536100,146.160042,1.01,2.37,0.81,2.15,150.544843,138.85204
2018-04-18,157.690553,158.544982,156.940542,158.013336,29573900,146.277985,-0.0,0.54,-0.48,0.2,150.666325,138.964086
2018-04-19,157.215921,157.586175,156.019703,156.560852,34705700,146.380302,-0.5,-0.27,-1.26,-0.92,150.771711,139.061287
2018-04-20,156.162103,156.276023,153.541829,154.082977,49197100,146.456946,-0.25,-0.18,-1.93,-1.58,150.850654,139.134098
2018-04-23,154.832922,155.440519,152.867732,153.69368,33040600,146.528953,0.49,0.88,-0.79,-0.25,150.924822,139.202505
2018-04-24,154.424766,154.662109,149.421574,150.437408,70256800,146.567843,0.48,0.63,-2.78,-2.12,150.964878,139.239451
2018-04-25,150.703222,151.244356,148.548145,150.617767,52089300,146.608141,0.18,0.54,-1.26,0.12,151.006385,139.277734
2018-04-26,152.563999,154.301351,152.070322,153.788696,43005500,146.679589,1.29,2.45,0.96,2.11,151.079977,139.34561
2018-04-27,156.048141,156.086124,153.010156,153.883575,51043400,146.751271,1.47,1.49,-0.51,0.06,151.153809,139.413707
2018-04-30,154.244377,155.203237,152.412082,152.79184,35615300,146.811376,0.23,0.86,-0.96,-0.71,151.215717,139.470807
2018-05-01,152.393077,154.557642,152.032311,154.538651,36513500,146.888264,-0.26,1.16,-0.5,1.14,151.294912,139.543851
2018-05-02,154.804469,155.288658,153.446875,153.627258,38646800,146.955319,0.17,0.49,-0.71,-0.59,151.363978,139.607553
2018-05-03,152.848776,154.17789,151.158897,153.608276,60337100,147.021517,-0.51,0.36,-1.61,-0.01,151.432163,139.670441
2018-05-04,152.943708,156.883593,152.829774,156.522827,41543200,147.116058,-0.43,2.13,-0.51,1.9,151.529539,139.760255
2018-05-07,157.253858,158.33614,157.130435,157.823486,32500200,147.222599,0.47,1.16,0.39,0.83,151.639277,139.861469
2018-05-08,157.4912,158.003854,156.513349,157.662094,26040200,147.326475,-0.21,0.11,-0.83,-0.1,151.746269,139.960151
2018-05-09,157.946918,159.494398,157.386792,159.380478,29122700,147.446415,0.18,1.16,-0.17,1.09,151.869808,140.074094
2018-05-10,159.893121,161.146298,159.769698,161.032364,27067600,147.581599,0.32,1.11,0.24,1.04,152.009047,140.202519
2018-05-11,160.84251,161.260236,160.177953,160.880493,24688800,147.713926,-0.12,0.14,-0.53,-0.09,152.145344,140.32823
2018-05-14,161.250735,162.171627,160.889969,161.155792,21821700,147.847676,0.23,0.8,0.01,0.17,152.283106,140.455292
2018-05-15,159.883625,159.969065,158.526017,159.370956,49361600,147.962335,-0.79,-0.74,-1.63,-1.11,152.401206,140.564219
2018-05-16,159.579773,160.794967,159.503822,160.424713,22941200,148.086339,0.13,0.89,0.08,0.66,152.528929,140.682022
2018-05-17,159.864623,161.022857,159.029172,159.807663,27480200,148.202969,-0.35,0.37,-0.87,-0.38,152.649058,140.792821
2018-05-18,159.190553,159.74119,158.744362,158.981705,26217900,148.31022,-0.39,-0.04,-0.67,-0.52,152.759527,140.894709
2018-05-21,160.21592,160.91846,159.190597,159.874146,22954600,148.425284,0.78,1.22,0.13,0.56,152.878043,141.00402
2018-05-22,160.605151,160.870974,159.380468,159.665268,19477700,148.537125,0.46,0.62,-0.31,-0.13,152.993239,141.110269
2018-05-23,158.450068,161.032359,158.431091,161.013382,26557800,148.661267,-0.76,0.86,-0.77,0.84,153.121105,141.228204
2018-05-24,160.965866,161.25068,159.342435,160.965866,27696500,148.783701,-0.03,0.15,-1.04,-0.03,153.247212,141.344516
2018-05-25,160.946936,161.706436,160.643145,161.127319,27460500,148.906523,-0.01,0.46,-0.2,0.1,153.373718,141.461197
2018-05-29,160.396261,161.317152,159.456393,160.415253,41220500,149.021037,-0.45,0.12,-1.04,-0.44,153.491669,141.569986
2018-05-30,160.994412,161.84884,160.652637,161.564026,22665800,149.145843,0.36,0.89,0.15,0.72,153.620219,141.688551
2018-05-31,161.563935,162.532298,161.041793,161.459518,35670900,149.268367,-0.0,0.6,-0.32,-0.06,153.746419,141.804949
2018-06-01,162.266552,164.089344,162.219081,163.994415,45543300,149.414895,0.5,1.63,0.47,1.57,153.897342,141.944151
2018-06-04,164.412097,165.513371,164.30768,165.475403,20459600,149.574701,0.25,0.93,0.19,0.9,154.061942,142.095966
2018-06-05,165.86469,166.263424,165.257093,165.988098,24779300,149.738019,0.24,0.48,-0.13,0.31,154.230159,142.251118
2018-06-06,166.158968,166.984916,165.323516,166.956436,25036600,149.909346,0.1,0.6,-0.4,0.58,154.406627,142.413879
2018-06-07,166.984904,167.022873,164.763379,165.598816,39600300,150.06546,0.02,0.04,-1.31,-0.81,154.567424,142.562187
2018-06-08,164.820357,166.026063,164.41212,165.608337,31780300,150.220116,-0.47,0.26,-0.72,0.01,154.726719,142.70911
2018-06-11,165.484937,166.462788,165.456457,166.054565,22319700,150.377673,-0.07,0.52,-0.09,0.27,154.889003,142.858789
2018-06-12,166.282353,167.089324,166.101984,166.927933,22511800,150.542352,0.14,0.62,0.03,0.53,155.058622,143.015234
2018-06-13,167.18431,168.17165,166.548219,166.918488,37858600,150.705298,0.15,0.75,-0.23,-0.01,155.226457,143.170034
2018-06-14,167.687416,168.883618,167.563993,168.608307,35916000,150.883438,0.46,1.18,0.39,1.01,155.409941,143.339266
2018-06-15,167.972273,168.352031,167.193796,168.019745,49615700,151.053948,-0.38,-0.15,-0.84,-0.35,155.585567,143.501251
2018-06-18,166.961741,168.065358,166.438467,167.922653,31633200,151.221796,-0.63,0.03,-0.94,-0.06,155.75845,143.660706
2018-06-19,165.801067,167.485041,165.268284,167.446991,38236000,151.383241,-1.26,-0.26,-1.58,-0.28,155.924738,143.814079
2018-06-20,168.217611,169.330751,168.065383,168.63623,33038000,151.554912,0.46,1.12,0.37,0.71,156.10156,143.977167
2018-06-21,169.064365,169.235625,166.847593,167.171082,43469400,151.710297,0.25,0.36,-1.06,-0.87,156.261606,144.124782
2018-06-22,167.732374,167.798965,166.200614,166.800003,30073200,151.860444,0.34,0.38,-0.58,-0.22,156.416257,144.267421
2018-06-25,165.287274,165.534648,161.557775,163.041962,77799700,151.971702,-0.91,-0.76,-3.14,-2.25,156.530853,144.373117
2018-06-26,163.641357,164.649842,163.041968,163.707962,39008100,152.088481,0.37,0.99,0.0,0.41,156.651136,144.484057
2018-06-27,164.402536,165.144629,161.367556,161.48172,52843500,152.181946,0.42,0.88,-1.43,-1.36,156.747405,144.572849
2018-06-28,161.281901,163.422558,160.948904,162.870743,46407700,152.288302,-0.12,1.2,-0.33,0.86,156.856951,144.673887
2018-06-29,163.650871,164.516651,163.070514,163.308365,36408500,152.397955,0.48,1.01,0.12,0.27,156.969893,144.778057
2018-07-02,161.776584,164.450039,161.424569,164.402466,31770000,152.517403,-0.94,0.7,-1.15,0.67,157.092925,144.891532
2018-07-03,165.020908,165.020908,162.337958,162.499695,25512700,152.616729,0.38,0.38,-1.26,-1.16,157.195231,144.985892
2018-07-05,163.555735,164.649843,162.718496,164.516647,31626200,152.735136,0.65,1.32,0.13,1.24,157.31719,145.098379
2018-07-06,164.897221,167.199615,164.592765,167.075928,37005600,152.87783,0.23,1.63,0.05,1.56,157.464165,145.233939
2018-07-09,167.941663,168.617151,167.275684,168.579102,27362100,153.034062,0.52,0.92,0.12,0.9,157.625084,145.382359
2018-07-10,168.893113,169.083391,168.122479,168.702835,23902500,153.18997,0.19,0.3,-0.27,0.07,157.785669,145.530472
2018-07-11,167.380395,168.465009,167.256723,167.846588,30280600,153.335807,-0.78,-0.14,-0.86,-0.51,157.935881,145.669017
2018-07-12,168.58865,170.738831,168.474486,170.738831,27930100,153.508972,0.44,1.72,0.37,1.72,158.114241,145.833523
2018-07-13,170.729303,171.157431,170.253601,170.881531,28049800,153.681833,-0.01,0.25,-0.28,0.08,158.292288,145.997741
2018-07-16,170.919588,171.205012,170.187018,170.472427,21405300,153.848904,0.02,0.19,-0.41,-0.24,158.464371,146.156458
2018-07-17,168.66479,171.871014,168.66479,171.509491,31034100,154.024631,-1.06,0.82,-1.06,0.61,158.64537,146.323399
2018-07-18,171.52848,171.671199,170.662714,171.185974,23220800,154.19539,0.01,0.09,-0.49,-0.19,158.821252,146.485621
2018-07-19,170.567563,171.13841,170.129925,170.329712,31094100,154.355931,-0.36,-0.03,-0.62,-0.5,158.986609,146.638134
2018-07-20,170.843487,171.414321,170.101379,170.291672,35897300,154.514495,0.3,0.64,-0.13,-0.02,159.14993,146.788771
2018-07-23,169.787434,170.910083,169.102423,170.833969,22184700,154.676878,-0.3,0.36,-0.7,0.32,159.317185,146.943034
2018-07-24,172.594068,173.202965,170.833966,171.53801,36900300,154.844651,1.03,1.39,-0.0,0.41,159.48999,147.102418
2018-07-25,171.614106,174.040172,171.528468,173.935532,35026600,155.03461,0.04,1.46,-0.01,1.4,159.685648,147.282879
2018-07-26,171.576071,172.127887,171.071829,171.300171,40873500,155.196456,-1.36,-1.04,-1.65,-1.52,159.85235,147.436633
2018-07-27,172.384768,172.498931,168.01783,168.988251,59456100,155.333688,0.63,0.7,-1.92,-1.35,159.993699,147.567004
2018-07-30,168.997791,169.092923,165.801075,166.60025,60193000,155.445793,0.01,0.06,-1.89,-1.41,160.109167,147.673503
2018-07-31,167.256685,168.522053,166.324314,167.875092,47285100,155.569468,0.39,1.15,-0.17,0.77,160.236552,147.790994
2018-08-01,168.265183,169.016785,167.542122,168.512543,37101900,155.698254,0.23,0.68,-0.2,0.38,160.369202,147.913342
2018-08-02,167.323266,171.005206,167.247152,170.805405,47178200,155.848574,-0.71,1.48,-0.75,1.36,160.524032,148.056146
2018-08-03,171.128919,171.338229,170.377317,171.32872,28934400,156.002606,0.19,0.31,-0.25,0.31,160.682684,148.202475
2018-08-06,171.214555,172.384777,171.005245,172.337204,24808800,156.165139,-0.07,0.62,-0.19,0.59,160.850093,148.356882
2018-08-07,172.822414,173.288607,172.451368,172.965134,29895700,156.332303,0.28,0.55,0.07,0.36,161.022272,148.515688
2018-08-08,172.727278,173.488403,172.261085,173.174438,22680700,156.499887,-0.14,0.3,-0.41,0.12,161.194883,148.674892
2018-08-09,173.069809,173.754821,172.812926,173.069809,18852900,156.664761,-0.06,0.34,-0.21,-0.06,161.364704,148.831523
2018-08-10,171.899482,172.413248,171.100307,171.747269,33818500,156.814836,-0.68,-0.38,-1.14,-0.76,161.519281,148.974094
2018-08-13,172.061295,173.164912,171.480939,171.557053,26089200,156.961525,0.18,0.83,-0.16,-0.11,161.670371,149.113449
2018-08-14,172.213491,172.831912,171.290629,172.632111,20913000,157.117451,0.38,0.74,-0.16,0.63,161.830975,149.261579
2018-08-15,171.262113,171.80442,169.463961,170.52002,58528000,157.25081,-0.79,-0.48,-1.84,-1.22,161.968334,149.388269
2018-08-16,171.832916,172.194454,170.748317,171.081314,27711800,157.388427,0.77,0.98,0.13,0.33,162.11008,149.519006
2018-08-17,170.634205,171.547544,169.606687,171.119415,36092600,157.525054,-0.26,0.27,-0.86,0.02,162.250805,149.648801
2018-08-20,171.499993,171.566598,170.301229,170.967209,24939000,157.658806,0.22,0.26,-0.48,-0.09,162.388571,149.775866
2018-08-21,171.480944,172.622625,171.376289,171.595108,26258700,157.797476,0.3,0.97,0.24,0.37,162.5314,149.907602
2018-08-22,171.233545,172.460864,171.014727,172.261063,18042400,157.941392,-0.21,0.5,-0.34,0.39,162.679634,150.044323
2018-08-23,171.956666,173.203002,171.728324,172.013748,25776200,158.081416,-0.18,0.55,-0.31,-0.14,162.823858,150.177345
2018-08-24,172.584589,173.754826,172.546539,173.612106,23136100,158.23595,0.33,1.01,0.31,0.93,162.983029,150.324153
2018-08-27,174.487362,175.381683,174.211461,175.381683,29343600,158.406554,0.5,1.02,0.35,1.02,163.158751,150.486227
2018-08-28,175.847906,176.028674,175.267549,175.638596,20277000,158.578017,0.27,0.37,-0.07,0.15,163.335358,150.649117
2018-08-29,175.942987,177.760171,175.876396,177.665039,29175600,158.767938,0.17,1.21,0.14,1.15,163.530976,150.829541
2018-08-30,177.322579,178.407178,176.76124,177.35112,29315500,158.952845,-0.19,0.42,-0.51,-0.18,163.721431,151.005203
2018-08-31,177.132261,178.083665,176.941984,177.579422,28653200,159.138184,-0.12,0.41,-0.23,0.13,163.91233,151.181275
2018-09-04,177.037148,177.341589,175.866925,176.818329,29063500,159.314106,-0.31,-0.13,-0.96,-0.43,164.093529,151.348401
2018-09-05,176.504339,176.53288,173.935553,174.534927,42623300,159.465557,-0.18,-0.16,-1.63,-1.29,164.249524,151.492279
2018-09-06,174.611086,174.820396,171.804448,172.97467,46091400,159.599976,0.04,0.16,-1.56,-0.89,164.387976,151.619977
2018-09-07,171.728298,173.792842,171.671216,172.308655,46629500,159.726431,-0.72,0.47,-0.75,-0.39,164.518224,151.740109
2018-09-10,173.298089,173.393235,171.947098,172.888992,26132000,159.857402,0.57,0.63,-0.21,0.34,164.653124,151.864531
2018-09-11,172.194499,174.506402,171.747338,174.220978,30116500,160.000323,-0.4,0.94,-0.66,0.77,164.800332,152.000307
2018-09-12,173.964128,174.0878,172.213534,173.707245,36204000,160.13671,-0.15,-0.08,-1.15,-0.29,164.940811,152.129874
2018-09-13,174.79185,175.895482,174.715736,175.562485,31133200,160.2902,0.62,1.26,0.58,1.07,165.098906,152.27569
2018-09-14,175.686099,175.961999,174.354126,175.04866,31224100,160.437051,0.07,0.23,-0.69,-0.29,165.250162,152.415198
2018-09-17,174.753761,174.877449,172.365744,172.527481,33071200,160.557353,-0.17,-0.1,-1.53,-1.44,165.374074,152.529486
2018-09-18,172.670204,174.801338,172.584567,173.95459,31877300,160.690659,0.08,1.32,0.03,0.83,165.511379,152.656126
2018-09-19,173.983102,174.392213,172.689193,173.821365,31843400,160.821313,0.02,0.25,-0.73,-0.08,165.645952,152.780247
2018-09-20,175.020179,175.981091,174.601559,175.74324,33295800,160.96979,0.69,1.24,0.45,1.11,165.798884,152.9213
2018-09-21,176.218917,176.466276,174.56347,174.782303,38605400,161.107228,0.27,0.41,-0.67,-0.55,165.940445,153.051866
2018-09-24,173.514643,175.335097,172.799806,175.268372,34945600,161.248135,-0.73,0.32,-1.13,0.28,166.085579,153.185728
2018-09-25,175.192169,175.640134,174.591701,175.506699,25277500,161.390011,-0.04,0.21,-0.39,0.14,166.231711,153.32051
2018-09-26,175.659208,177.269975,175.287493,175.630615,36210600,161.531709,0.09,1.0,-0.12,0.07,166.37766,153.455123
2018-09-27,176.345441,177.746522,176.250124,177.117462,33113300,161.686791,0.41,1.2,0.35,0.85,166.537394,153.602451
2018-09-28,176.621793,177.546316,176.297738,177.079285,28076800,161.83995,-0.28,0.24,-0.46,-0.02,166.695148,153.747952
2018-10-01,178.108676,178.737735,176.993532,177.441498,27371300,161.995189,0.58,0.94,-0.05,0.2,166.855045,153.89543
2018-10-02,177.288973,178.404116,176.631336,177.041168,25618600,162.1449,-0.09,0.54,-0.46,-0.23,167.009247,154.037655
2018-10-03,177.78459,178.203963,176.955384,177.231781,29128700,162.295019,0.42,0.66,-0.05,0.11,167.163869,154.180268
2018-10-04,176.516971,176.631355,172.571074,173.829193,80557300,162.409787,-0.4,-0.34,-2.63,-1.92,167.28208,154.289297
2018-10-05,173.810127,174.391528,170.064376,171.703735,83325600,162.502264,-0.01,0.32,-2.17,-1.22,167.377332,154.37715
2018-10-08,171.103254,172.170738,168.634674,170.655289,66864500,162.583388,-0.35,0.27,-1.79,-0.61,167.46089,154.454219
2018-10-09,170.779232,172.532975,170.369399,171.208145,49097900,162.669207,0.07,1.1,-0.17,0.32,167.549283,154.535746
2018-10-10,170.140634,170.245477,163.4593,163.678513,114471100,162.67925,-0.62,-0.56,-4.53,-4.4,167.559627,154.545287
2018-10-11,163.001783,165.270188,159.942277,161.648361,143084500,162.668992,-0.41,0.97,-2.28,-1.24,167.549062,154.535542
2018-10-12,166.004164,166.661817,162.916064,166.147141,102078400,162.7036,2.69,3.1,0.78,2.78,167.584708,154.56842
2018-10-15,165.565675,165.88019,163.516468,164.136002,64885300,162.717853,-0.35,-0.16,-1.58,-1.21,167.599389,154.581961
2018-10-16,165.861151,169.32095,165.556147,168.911118,71979700,162.779478,1.05,3.16,0.87,2.91,167.662862,154.640504
2018-10-17,169.730783,169.902337,167.243151,168.977814,66987600,162.841153,0.49,0.59,-0.99,0.04,167.726387,154.699095
2018-10-18,168.339267,168.396451,164.355251,165.060547,82486200,162.863236,-0.38,-0.34,-2.74,-2.32,167.749133,154.720074
2018-10-19,166.394878,167.815025,164.307553,164.90802,82923700,162.883582,0.81,1.67,-0.46,-0.09,167.77009,154.739403
2018-10-22,165.899218,167.033427,164.498137,165.756256,52909300,162.912166,0.6,1.29,-0.25,0.51,167.799531,154.766558
2018-10-23,162.639588,165.965966,160.904926,165.146286,77567000,162.934396,-1.88,0.13,-2.93,-0.37,167.822428,154.787676
2018-10-24,164.955697,165.232094,157.302167,157.588104,102997400,162.881199,-0.12,0.05,-4.75,-4.58,167.767635,154.737139
2018-10-25,160.037669,164.01216,159.322832,163.039978,83481100,162.882779,1.55,4.08,1.1,3.46,167.769262,154.73864
2018-10-26,157.454667,161.991506,156.530144,158.846222,130970900,162.842614,-3.43,-0.64,-3.99,-2.57,167.727893,154.700484
2018-10-29,161.276635,161.896155,152.584215,155.576996,111871900,162.77032,1.53,1.92,-3.94,-2.06,167.653429,154.631804
2018-10-30,155.119541,158.255284,154.41423,158.140915,92584000,162.724256,-0.29,1.72,-0.75,1.65,167.605984,154.588043
2018-10-31,160.714328,163.221026,160.638077,161.858078,73828600,162.715637,1.63,3.21,1.58,2.35,167.597106,154.579855
2018-11-01,162.096367,164.164626,160.866839,163.993057,52706800,162.728348,0.15,1.43,-0.61,1.32,167.610198,154.591931
2018-11-02,163.487898,164.46008,160.333088,161.438705,75966800,162.715516,-0.31,0.28,-2.23,-1.56,167.596981,154.57974
2018-11-05,161.648354,161.705538,159.246499,161.038361,39573500,162.698828,0.13,0.17,-1.36,-0.25,167.579792,154.563886
2018-11-06,161.047916,163.163834,160.809638,162.258377,34410400,162.694445,0.01,1.32,-0.14,0.76,167.575278,154.559723
2018-11-07,164.202723,167.348007,163.811943,167.348007,51169600,162.740749,1.2,3.14,0.96,3.14,167.622972,154.603712
2018-11-08,166.566486,167.081177,165.489476,166.280563,40296500,162.775971,-0.47,-0.16,-1.11,-0.64,167.65925,154.637173
2018-11-09,164.726942,165.127249,162.182125,163.478363,50602700,162.78296,-0.93,-0.69,-2.46,-1.69,167.666449,154.643812
2018-11-12,162.33466,162.639649,158.388747,158.531723,62578400,162.740659,-0.7,-0.51,-3.11,-3.03,167.622879,154.603626
2018-11-13,159.275109,161.533987,158.21715,158.665115,64128100,162.700106,0.47,1.89,-0.2,0.08,167.58111,154.565101
2018-11-14,160.237746,160.790555,156.549194,157.454651,75270700,162.647913,0.99,1.34,-1.33,-0.76,167.52735,154.515517
2018-11-15,157.168712,160.638051,155.796238,160.209152,73254300,162.623647,-0.18,2.02,-1.05,1.75,167.502356,154.492464
2018-11-16,158.646046,160.418841,158.007461,159.64682,65390700,162.594026,-0.98,0.13,-1.37,-0.35,167.471847,154.464325
2018-11-19,158.884323,159.074943,153.966244,154.461868,67280500,162.513109,-0.48,-0.36,-3.56,-3.25,167.388503,154.387454
2018-11-20,150.944922,153.813809,149.763068,151.697891,102652800,162.405495,-2.28,-0.42,-3.04,-1.79,167.27766,154.285221
2018-11-21,153.785153,154.37608,151.764539,152.851089,42965800,162.310427,1.38,1.77,0.04,0.76,167.179739,154.194905
2018-11-23,151.63113,153.299082,151.63113,151.745514,23503700,162.205303,-0.8,0.29,-0.8,-0.72,167.071462,154.095038
2018-11-26,153.870916,155.329181,153.22279,155.25293,42012600,162.136125,1.4,2.36,0.97,2.31,167.000209,154.029319
2018-11-27,154.404703,156.167972,153.623141,155.777191,36608100,162.072852,-0.55,0.59,-1.05,0.34,166.935038,153.96921
2018-11-28,156.901845,160.790558,155.805769,160.790558,70141000,162.060093,0.72,3.22,0.02,3.22,166.921896,153.957088
2018-11-29,160.113855,161.324301,158.998712,160.266342,44885700,162.042245,-0.42,0.33,-1.11,-0.33,166.903512,153.940133
2018-11-30,160.485609,161.524501,159.684981,161.429184,36722800,162.036145,0.14,0.79,-0.36,0.73,166.897229,153.934338
2018-12-03,164.99381,165.184431,161.562589,164.250381,50771700,162.058177,2.21,2.33,0.08,1.75,166.919922,153.955268
2018-12-04,163.392552,163.850058,157.759651,157.950272,70594700,162.017302,-0.52,-0.24,-3.95,-3.84,166.877821,153.916437
2018-12-06,154.76687,159.084481,154.185469,159.065414,71715500,161.98793,-2.02,0.72,-2.38,0.71,166.847568,153.888534
2018-12-07,158.369657,159.28464,153.318142,153.813766,80432200,161.906595,-0.44,0.14,-3.61,-3.3,166.763793,153.811266
2018-12-10,153.527795,156.101203,151.936094,155.4245,73960800,161.842097,-0.19,1.49,-1.22,1.05,166.69736,153.749992
2018-12-11,157.959793,157.997926,154.62389,155.939194,59058300,161.783361,1.63,1.66,-0.52,0.33,166.636862,153.694193
2018-12-12,158.217148,159.742138,157.225914,157.311691,53780000,161.738867,1.46,2.44,0.83,0.88,166.591033,153.651924
2018-12-13,158.341052,158.998704,156.339504,157.359344,46378500,161.69529,0.65,1.07,-0.62,0.03,166.546149,153.610525
2018-12-14,155.557973,156.129833,153.165644,153.527832,56547400,161.614022,-1.14,-0.78,-2.67,-2.43,166.462442,153.533321
2018-12-17,152.870209,154.090196,148.84806,150.048981,74834100,161.498947,-0.43,0.37,-3.05,-2.27,166.343915,153.423999
2018-12-18,151.211781,152.450835,149.677265,150.992569,63642100,161.394406,0.77,1.6,-0.25,0.63,166.236238,153.324685
2018-12-19,150.763809,153.18473,146.150733,147.284943,81856500,161.254013,-0.15,1.45,-3.21,-2.46,166.091633,153.191312
2018-12-20,146.922697,148.562056,143.338989,145.149902,99002100,161.093773,-0.25,0.87,-2.68,-1.45,165.926586,153.039084
2018-12-21,145.874361,146.865595,139.841137,140.651291,141129400,160.890365,0.5,1.18,-3.66,-3.1,165.717076,152.845847
2018-12-24,139.629451,141.445545,137.125149,137.163376,56163300,160.654276,-0.73,0.56,-2.51,-2.48,165.473904,152.621562
2018-12-26,138.673601,145.804177,137.727312,145.727722,98982100,160.505753,1.1,6.3,0.41,6.24,165.320925,152.480465
2018-12-27,143.730007,146.415921,140.585292,146.291672,85824300,160.364319,-1.37,0.47,-3.53,0.39,165.175249,152.346103
2018-12-28,147.343051,148.719466,145.020362,146.215164,77856600,160.223532,0.72,1.66,-0.87,-0.05,165.030238,152.212355
2018-12-31,147.648899,148.136373,145.966623,147.448166,53015300,160.096414,0.98,1.31,-0.17,0.84,164.899306,152.091593
2019-01-02,144.322622,148.872426,144.217479,148.040848,58576700,159.976458,-2.12,0.97,-2.19,0.4,164.775751,151.977635
2019-01-03,145.861525,146.49237,142.888855,143.204285,74820200,159.80957,-1.47,-1.05,-3.48,-3.27,164.603857,151.819092
2019-01-04,145.613012,150.06724,145.039515,149.331238,74709300,159.705308,1.68,4.79,1.28,4.28,164.496468,151.720043
2019-01-07,149.703981,151.845072,149.216507,151.10907,52059300,159.619774,0.25,1.68,-0.08,1.19,164.408367,151.638785
2019-01-08,152.495074,153.039911,150.258406,152.475967,49388700,159.548691,0.92,1.28,-0.56,0.9,164.335152,151.571256
2019-01-09,153.068602,154.387669,152.428189,153.718582,46491700,159.49068,0.39,1.25,-0.03,0.81,164.2754,151.516146
2019-01-10,152.552441,154.244271,151.692174,154.158249,38943400,159.437621,-0.76,0.34,-1.32,0.29,164.22075,151.46574
2019-01-11,153.250196,153.756791,152.734033,153.594299,30176600,159.379478,-0.59,-0.26,-0.92,-0.37,164.160863,151.410505
2019-01-14,152.294332,152.896518,151.587004,152.236984,30710200,159.308409,-0.85,-0.45,-1.31,-0.88,164.087661,151.342988
2019-01-15,152.934807,155.420003,152.848785,155.209717,40874200,159.267626,0.46,2.09,0.4,1.95,164.045655,151.304245
2019-01-16,155.467802,156.547909,155.123698,155.181061,33812200,159.226963,0.17,0.86,-0.06,-0.02,164.003772,151.265615
2019-01-17,154.683961,157.102241,154.435447,156.40448,39329000,159.198879,-0.32,1.24,-0.48,0.79,163.974845,151.238935
2019-01-18,157.503725,158.688975,156.586125,157.952972,57183200,159.186482,0.7,1.46,0.12,0.99,163.962076,151.227158
2019-01-22,156.815489,156.891958,153.661207,154.789108,56711700,159.142727,-0.72,-0.67,-2.72,-2.0,163.917009,151.185591
2019-01-23,155.582455,156.289768,153.240644,154.989822,38106100,159.101405,0.51,0.97,-1.0,0.13,163.874447,151.146334
2019-01-24,155.496412,156.222861,154.903794,155.993454,32417800,159.07048,0.33,0.8,-0.06,0.65,163.842594,151.116956
2019-01-25,157.245607,158.335267,156.710338,157.857346,36515900,159.058409,0.8,1.5,0.46,1.19,163.830161,151.105488
2019-01-28,155.821387,155.916963,154.607464,155.90741,33491200,159.027056,-1.29,-1.23,-2.06,-1.24,163.797867,151.075703
2019-01-29,155.993499,156.031741,153.881095,154.435486,30784200,158.981368,0.06,0.08,-1.3,-0.94,163.750809,151.0323
2019-01-30,156.184588,158.937418,155.697114,158.363907,41346500,158.975224,1.13,2.92,0.82,2.54,163.744481,151.026463
2019-01-31,159.3389,161.527787,159.11906,160.734436,37258400,158.992729,0.62,2.0,0.48,1.5,163.762511,151.043093
2019-02-01,159.94112,161.155044,159.616137,160.055817,32143700,159.003307,-0.49,0.26,-0.7,-0.42,163.773406,151.053142
2019-02-04,160.084481,162.043961,159.94111,162.043961,26718800,159.033562,0.02,1.24,-0.07,1.24,163.804569,151.081884
2019-02-05,162.263798,163.668888,162.196897,163.477722,28156400,159.077783,0.14,1.0,0.09,0.88,163.850116,151.123894
2019-02-06,163.515951,163.802692,162.254232,162.990234,27970000,159.116713,0.02,0.2,-0.75,-0.3,163.890214,151.160877
2019-02-07,161.566007,161.967459,159.577854,160.801331,42036200,159.133475,-0.87,-0.63,-2.09,-1.34,163.907479,151.176801
2019-02-08,159.396256,161.14545,159.214659,161.116776,29020700,159.153209,-0.87,0.21,-0.99,0.2,163.927806,151.195549
2019-02-11,161.699839,162.091738,160.562385,160.963837,21434100,159.171225,0.36,0.61,-0.34,-0.09,163.946362,151.212664
2019-02-12,162.139516,163.582833,161.852761,163.343872,29722100,159.212744,0.73,1.63,0.55,1.48,163.989127,151.252107
2019-02-13,164.070311,164.5578,163.276975,163.458572,26094100,159.254991,0.44,0.74,-0.04,0.07,164.032641,151.292242
2019-02-14,162.875519,164.242381,162.330697,163.659317,30326800,159.298816,-0.36,0.48,-0.69,0.12,164.07778,151.333875
2019-02-15,164.901924,164.940152,163.582857,164.347534,32521700,159.349052,0.76,0.78,-0.05,0.42,164.129523,151.381599
2019-02-19,163.840907,165.169527,163.812233,164.672485,19487700,159.402021,-0.31,0.5,-0.33,0.2,164.184082,151.43192
2019-02-20,164.787169,165.43715,163.754873,164.643799,32593000,159.454178,0.07,0.46,-0.56,-0.02,164.237803,151.481469
2019-02-21,164.204133,164.65338,163.171836,164.041641,25207400,159.499824,-0.27,0.01,-0.89,-0.37,164.284819,151.524833
2019-02-22,164.395302,165.370251,164.309265,165.255554,27735400,159.557095,0.22,0.81,0.16,0.74,164.343808,151.579241
2019-02-25,166.51726,166.947386,165.743016,165.857727,32608800,159.619788,0.76,1.02,0.29,0.36,164.408382,151.638799
2019-02-26,165.456289,166.555501,165.179086,166.029785,21939700,159.683569,-0.24,0.42,-0.41,0.1,164.474076,151.699391
2019-02-27,165.265103,166.12537,164.175444,165.924637,25162000,159.745669,-0.46,0.06,-1.12,-0.06,164.53804,151.758386
2019-02-28,165.408556,166.134991,165.074006,165.542374,25085500,159.803348,-0.31,0.13,-0.51,-0.23,164.597449,151.813181
2019-03-01,166.737141,166.93786,165.532771,166.689346,31431200,159.871865,0.72,0.84,-0.01,0.69,164.668021,151.878272
2019-03-04,167.788556,168.027517,164.854128,166.718018,38063500,159.939986,0.66,0.8,-1.1,0.02,164.738186,151.942987
2019-03-05,166.842239,167.358388,166.020215,166.842239,22319900,160.008666,0.07,0.38,-0.42,0.07,164.808926,152.008232
2019-03-06,167.004761,167.033435,165.628346,165.895981,27194600,160.067246,0.1,0.11,-0.73,-0.57,164.869263,152.063883
2019-03-07,165.475453,165.532801,163.248338,163.860077,39407400,160.104985,-0.25,-0.22,-1.6,-1.23,164.908135,152.099736
2019-03-08,162.02481,163.697534,161.862318,163.611511,39303200,160.139876,-1.12,-0.1,-1.22,-0.15,164.944072,152.132882
2019-03-11,164.290156,167.129008,164.261482,167.014297,30518400,160.208278,0.41,2.15,0.4,2.08,165.014527,152.197864
2019-03-12,167.454025,168.362072,167.052573,167.931946,33953500,160.285131,0.26,0.81,0.02,0.55,165.093685,152.270874
2019-03-13,168.801765,170.073023,168.562804,169.193649,42426100,160.373773,0.52,1.27,0.38,0.75,165.184986,152.355084
2019-03-14,169.308297,169.509016,168.85905,168.906845,23751500,160.458679,0.07,0.19,-0.2,-0.17,165.272439,152.435745
2019-03-15,169.566395,170.981052,169.451699,170.474457,38192000,160.558338,0.39,1.23,0.32,0.93,165.375089,152.530422
2019-03-18,170.401672,171.397565,170.056942,170.880463,32935100,160.661046,-0.04,0.54,-0.24,0.24,165.480878,152.627994
2019-03-19,171.579493,172.364717,170.727246,171.455017,36893300,160.768449,0.41,0.87,-0.09,0.34,165.591502,152.730026
2019-03-20,171.464599,173.188249,170.679389,172.134903,50105000,160.881548,0.01,1.01,-0.45,0.4,165.707994,152.837471
2019-03-21,171.617794,175.074665,171.598639,174.825699,42428500,161.020296,-0.3,1.71,-0.31,1.56,165.850905,152.969281
2019-03-22,174.069255,174.538475,170.803897,170.98584,70794500,161.119455,-0.43,-0.16,-2.3,-2.2,165.953039,153.063483
2019-03-25,170.3634,171.253944,169.424959,170.660248,46336500,161.214389,-0.36,0.16,-0.91,-0.19,166.05082,153.153669
2019-03-26,171.98169,173.025451,170.583614,171.455017,33248100,161.316285,0.77,1.39,-0.04,0.47,166.155774,153.250471
2019-03-27,171.7136,172.096627,169.108976,170.353821,37096700,161.406211,0.15,0.37,-1.37,-0.64,166.248397,153.335901
2019-03-28,170.794281,171.387977,169.721794,170.746399,30368200,161.499148,0.26,0.61,-0.37,0.23,166.344123,153.424191
2019-03-29,172.06788,172.201941,171.014534,172.039154,35205500,161.604024,0.77,0.85,0.16,0.76,166.452145,153.523823
2019-04-01,173.810674,174.528861,173.102073,174.318192,30969500,161.730533,1.03,1.45,0.62,1.32,166.582449,153.644006
2019-04-02,174.509707,175.151285,174.069213,174.978912,22645200,161.862358,0.11,0.48,-0.14,0.38,166.718229,153.76924
2019-04-03,175.965235,177.076033,175.438576,175.98439,31633500,162.002876,0.56,1.2,0.26,0.57,166.862962,153.902732
2019-04-04,176.032248,176.673826,174.902294,175.917343,28530800,162.141328,0.03,0.39,-0.61,-0.04,167.005568,154.034262
2019-04-05,176.42489,176.932407,176.21422,176.827072,25674700,162.287455,0.29,0.58,0.17,0.52,167.156078,154.173082
2019-04-08,176.539773,177.420746,175.840742,177.277115,22697500,162.436606,-0.16,0.34,-0.56,0.25,167.309704,154.314775
2019-04-09,176.673834,177.25796,176.281222,176.654678,25631900,162.578079,-0.34,-0.01,-0.56,-0.35,167.455421,154.449175
2019-04-10,176.88449,177.660129,176.692977,177.602676,24563000,162.727577,0.13,0.57,0.02,0.54,167.609405,154.591199
2019-04-11,177.899583,177.899583,176.855822,177.181396,20654100,162.871397,0.17,0.17,-0.42,-0.24,167.757538,154.727827
2019-04-12,177.966604,178.062354,177.210107,177.947449,24989100,163.021407,0.44,0.5,0.02,0.43,167.912049,154.870337
2019-04-15,177.956995,178.177249,176.788744,177.976151,21073000,163.17021,0.01,0.13,-0.65,0.02,168.065317,155.0117
2019-04-16,178.627286,178.981601,178.043161,178.588989,27195700,163.323631,0.37,0.56,0.04,0.34,168.22334,155.15745
2019-04-17,179.785981,179.958338,178.684767,179.211426,29651600,163.481719,0.67,0.77,0.05,0.35,168.38617,155.307633
2019-04-18,179.508307,179.824296,178.387923,179.441269,28580900,163.64052,0.17,0.34,-0.46,0.13,168.549736,155.458494
2019-04-22,178.656019,180.015783,178.521944,179.948746,17936000,163.802791,-0.44,0.32,-0.51,0.28,168.716875,155.612651
2019-04-23,180.408381,182.457605,180.149845,182.237366,33665600,163.98622,0.26,1.39,0.11,1.27,168.905806,155.786909
2019-04-24,182.390568,182.620393,181.605344,181.662811,24977100,164.162106,0.08,0.21,-0.35,-0.32,169.086969,155.954001
2019-04-25,183.02266,183.108839,181.413914,182.400223,29517500,164.34358,0.75,0.8,-0.14,0.41,169.273887,156.126401
2019-04-26,182.112924,182.6013,180.590372,182.562988,26359500,164.524868,-0.16,0.11,-0.99,0.09,169.460614,156.298624
2019-04-29,182.562936,183.204529,182.266088,182.917252,21716200,164.707876,-0.0,0.35,-0.16,0.19,169.649113,156.472483
2019-04-30,181.442624,181.796939,180.226505,181.500076,31495300,164.874963,-0.81,-0.61,-1.47,-0.77,169.821212,156.631215
2019-05-01,182.687441,183.204543,180.791433,180.915909,34797100,165.034574,0.65,0.94,-0.39,-0.32,169.985612,156.782846
2019-05-02,180.858494,181.796935,178.94333,180.130737,44110100,165.184785,-0.03,0.49,-1.09,-0.43,170.140328,156.925546
2019-05-03,181.624559,183.13754,181.298984,183.003479,30386200,165.362085,0.83,1.67,0.65,1.59,170.322948,157.093981
2019-05-06,179.115691,182.132068,178.837984,181.883102,38371800,165.526474,-2.12,-0.48,-2.28,-0.61,170.492268,157.25015
2019-05-07,179.900891,180.666959,176.683415,178.340042,58818100,165.653972,-1.09,-0.67,-2.86,-1.95,170.623591,157.371273
2019-05-08,177.755923,179.230593,177.114345,177.889984,37165300,165.775723,-0.33,0.5,-0.69,-0.25,170.748995,157.486937
2019-05-09,175.907784,177.545255,174.366077,176.932404,55351700,165.886735,-1.11,-0.19,-1.98,-0.54,170.863337,157.592398
2019-05-10,176.300417,178.004912,173.351063,177.152664,58526400,165.998834,-0.36,0.61,-2.02,0.12,170.978799,157.698892
2019-05-13,172.642431,173.571287,170.507028,171.004974,67185800,166.048646,-2.55,-2.02,-3.75,-3.47,171.030105,157.746214
2019-05-14,171.905113,173.925611,171.273105,172.881836,43360600,166.116638,0.53,1.71,0.16,1.1,171.100137,157.810806
2019-05-15,171.742322,175.764164,171.704011,175.323669,40944500,166.20825,-0.66,1.67,-0.68,1.41,171.194498,157.897838
2019-05-16,175.400293,178.17729,175.189624,177.085632,39281200,166.316483,0.04,1.63,-0.08,1.0,171.305977,158.000659
2019-05-17,175.333224,177.708023,175.122555,175.275757,44702300,166.40563,-0.99,0.35,-1.11,-1.02,171.397799,158.085348
2019-05-20,172.833936,173.494655,171.732708,172.316833,38608300,166.464448,-1.39,-1.02,-2.02,-1.69,171.458381,158.141225
2019-05-21,173.801092,174.595887,173.245693,174.117096,31613800,166.540594,0.86,1.32,0.54,1.04,171.536811,158.213564
2019-05-22,173.149933,174.34691,173.082895,173.341446,24332600,166.608264,-0.56,0.13,-0.59,-0.45,171.606512,158.277851
2019-05-23,171.349699,171.426307,169.626048,170.688965,45351300,166.648868,-1.15,-1.1,-2.14,-1.53,171.648334,158.316424
2019-05-24,171.608232,172.221083,170.392099,170.602768,25903300,166.68821,0.54,0.9,-0.17,-0.05,171.688856,158.353799
2019-05-28,171.081612,172.039194,169.942087,169.961243,24763800,166.720777,0.28,0.84,-0.39,-0.38,171.722401,158.384739
2019-05-29,168.90784,169.491966,167.662981,168.56311,42178800,166.739109,-0.62,-0.28,-1.35,-0.82,171.741282,158.402154
2019-05-30,169.013193,169.750535,168.314162,169.271744,30354800,166.76431,0.27,0.7,-0.15,0.42,171.767239,158.426094
2019-05-31,167.279997,167.854537,166.494772,166.571381,45446200,166.76239,-1.18,-0.84,-1.64,-1.6,171.765262,158.42427
2019-06-03,166.121331,166.571395,162.089918,162.903854,75842300,166.723996,-0.27,0.0,-2.69,-2.2,171.725716,158.387797
2019-06-04,164.732791,167.548084,164.100783,167.490631,47797800,166.731625,1.12,2.85,0.73,2.82,171.733573,158.395043
2019-06-05,169.08982,169.118546,166.983143,168.735519,34412700,166.751564,0.95,0.97,-0.3,0.74,171.754111,158.413986
2019-06-06,169.022735,170.487833,168.275822,170.07608,29913200,166.784644,0.17,1.04,-0.27,0.79,171.788183,158.445411
2019-06-07,170.985752,174.059595,170.765512,173.36055,45888300,166.850076,0.53,2.34,0.41,1.93,171.855578,158.507572
2019-06-10,174.519301,177.00902,174.481004,175.381119,41385300,166.934962,0.67,2.1,0.65,1.17,171.94301,158.588213
2019-06-11,177.210088,177.535662,175.026803,175.620499,41260300,167.021385,1.04,1.23,-0.2,0.14,172.032026,158.670316
2019-06-12,175.141712,175.505598,174.279894,174.605469,27758100,167.096848,-0.27,-0.07,-0.76,-0.58,172.109754,158.742006
2019-06-13,175.33323,176.070557,174.9885,175.639648,23715800,167.181851,0.42,0.84,0.22,0.59,172.197307,158.822759
2019-06-14,174.739545,175.342826,174.222457,174.892761,22844100,167.258577,-0.51,-0.17,-0.81,-0.43,172.276334,158.895648
2019-06-17,175.275772,176.434452,175.084258,175.946091,20379500,167.34502,0.22,0.88,0.11,0.6,172.36537,158.977769
2019-06-18,178.024032,179.757253,177.564382,178.502823,48177300,167.456043,1.18,2.17,0.92,1.45,172.479724,159.08324
2019-06-19,178.742217,179.575309,177.698457,179.173126,31672900,167.572631,0.13,0.6,-0.45,0.38,172.599809,159.193999
2019-06-20,181.672447,181.710744,179.22104,180.839355,40922000,167.704638,1.39,1.42,0.03,0.93,172.735777,159.319406
2019-06-21,180.62865,181.720293,180.188156,180.571198,39980400,167.832663,-0.12,0.49,-0.36,-0.15,172.867643,159.44103
2019-06-24,180.932065,181.11441,180.481005,180.576981,19375200,167.959472,0.2,0.3,-0.05,0.0,172.998257,159.561499
2019-06-25,180.452153,180.557721,177.208367,177.477081,33921100,168.054175,-0.07,-0.01,-1.87,-1.72,173.0958,159.651466
2019-06-26,178.657574,179.78042,178.014577,178.302475,22595700,168.156148,0.67,1.3,0.3,0.47,173.200832,159.748341
2019-06-27,178.945444,179.406095,178.494385,178.983826,19709200,168.263886,0.36,0.62,0.11,0.38,173.311803,159.850692
2019-06-28,179.415731,179.607668,178.571206,179.214203,21179200,168.372845,0.24,0.35,-0.23,0.13,173.42403,159.954202
2019-07-01,182.649938,182.889863,180.788119,181.632645,31025600,168.504783,1.92,2.05,0.88,1.35,173.559926,160.079544
2019-07-02,181.575048,182.3716,181.056817,182.352402,18035800,168.64257,-0.03,0.41,-0.32,0.4,173.701847,160.210442
2019-07-03,182.813066,183.724777,182.621115,183.724777,15792100,168.792642,0.25,0.75,0.15,0.75,173.856421,160.35301
2019-07-05,182.467543,183.68635,181.75736,183.350464,21415600,168.937496,-0.68,-0.02,-1.07,-0.2,174.005621,160.490621
2019-07-08,182.16046,182.21804,181.31592,182.064499,17598800,169.068113,-0.65,-0.62,-1.11,-0.7,174.140156,160.614707
2019-07-09,181.200763,183.20653,181.047207,182.976212,19193500,169.206502,-0.47,0.63,-0.56,0.5,174.282697,160.746177
2019-07-10,184.089469,185.308276,183.753568,184.799637,28374500,169.361657,0.61,1.27,0.42,1.0,174.442507,160.893574
2019-07-11,185.077946,185.548189,184.079851,184.665268,23736100,169.513932,0.15,0.41,-0.39,-0.07,174.59935,161.038235
2019-07-12,184.866852,185.740167,184.694099,185.730576,20211900,169.675292,0.11,0.58,0.02,0.58,174.76555,161.191527
2019-07-15,186.162414,186.363958,185.644183,186.325562,15606100,169.840966,0.23,0.34,-0.05,0.32,174.936195,161.348918
2019-07-16,186.095287,186.268025,184.799687,185.365906,20190900,169.995443,-0.12,-0.03,-0.82,-0.52,175.095306,161.495671
2019-07-17,185.365874,185.692183,184.434965,184.454163,16765100,170.139311,-0.0,0.18,-0.5,-0.49,175.24349,161.632345
2019-07-18,183.580803,185.020352,183.004993,184.665268,28877000,170.283848,-0.47,0.31,-0.79,0.11,175.392363,161.769655
2019-07-19,185.932123,186.018492,183.120197,183.312134,29387900,170.413482,0.69,0.73,-0.84,-0.73,175.525887,161.892808
2019-07-22,183.724775,185.164324,183.724775,184.770844,18954900,170.556342,0.23,1.01,0.23,0.8,175.673032,162.028525
2019-07-23,185.778528,185.999255,184.540508,185.980057,23786700,170.709812,0.55,0.66,-0.12,0.65,175.831106,162.174321
2019-07-24,185.269934,187.2949,185.250736,187.285294,20422900,170.874742,-0.38,0.71,-0.39,0.7,176.000984,162.331005
2019-07-25,186.65184,186.68063,185.154698,185.509796,23434700,171.020364,-0.34,-0.32,-1.14,-0.95,176.150975,162.469346
2019-07-26,186.690236,187.669133,186.59426,187.419601,20431200,171.183541,0.64,1.16,0.58,1.03,176.319047,162.624364
2019-07-29,187.246869,187.31404,185.596186,186.776611,20451700,171.338696,-0.09,-0.06,-0.97,-0.34,176.478856,162.771761
2019-07-30,185.346661,186.699825,185.212303,185.970459,18705000,171.484285,-0.77,-0.04,-0.84,-0.43,176.628814,162.910071
2019-07-31,186.469502,186.594253,181.690205,183.398468,41627500,171.602834,0.27,0.34,-2.3,-1.38,176.750919,163.022693
2019-08-01,183.715138,187.122072,181.603804,182.486725,63251600,171.711132,0.17,2.03,-0.98,-0.5,176.862466,163.125575
2019-08-02,181.114358,181.373481,178.70552,179.799576,55214000,171.791614,-0.75,-0.61,-2.07,-1.47,176.945362,163.202033
2019-08-05,176.037611,176.114389,171.978088,173.446426,75040000,171.80808,-2.09,-2.05,-4.35,-3.53,176.962322,163.217676
2019-08-06,175.049079,176.392666,173.772692,175.87442,41897200,171.848541,0.92,1.7,0.19,1.4,177.003997,163.256114
2019-08-07,173.96464,177.074056,172.640251,176.824539,49990600,171.898053,-1.09,0.68,-1.84,0.54,177.054995,163.30315
2019-08-08,177.621122,180.730553,177.131681,180.672958,38418100,171.985366,0.45,2.21,0.17,2.18,177.144927,163.386097
2019-08-09,179.809222,180.423429,177.573122,178.974289,33608900,172.054907,-0.48,-0.14,-1.72,-0.94,177.216554,163.452162
2019-08-12,177.870594,178.408023,176.104752,176.920502,24642900,172.103321,-0.62,-0.32,-1.6,-1.15,177.266421,163.498155
2019-08-13,176.766966,182.035704,176.603819,180.797699,40241900,172.189832,-0.09,2.89,-0.18,2.19,177.355527,163.580341
2019-08-14,177.889831,178.45605,175.068313,175.394608,51000500,172.221721,-1.61,-1.3,-3.17,-2.99,177.388372,163.610635
2019-08-15,175.624931,176.19115,173.859088,175.193069,36685000,172.251286,0.13,0.45,-0.88,-0.11,177.418825,163.638722
2019-08-16,176.786167,178.456034,176.6806,178.004974,32781400,172.308537,0.91,1.86,0.85,1.61,177.477793,163.69311
2019-08-19,180.576967,181.219963,179.943562,180.836075,22494100,172.393388,1.44,1.81,1.09,1.59,177.56519,163.773719
2019-08-20,180.385013,181.037601,179.386918,179.434906,19902900,172.463453,-0.25,0.11,-0.8,-0.77,177.637356,163.84028
2019-08-21,181.008832,181.603841,180.385034,181.02803,20418500,172.548673,0.88,1.21,0.53,0.89,177.725133,163.921239
2019-08-22,181.36393,181.824596,179.022262,180.442627,24243700,172.627219,0.19,0.44,-1.11,-0.32,177.806036,163.995858
2019-08-23,179.214199,180.855276,174.242951,174.732407,55372400,172.648166,-0.68,0.23,-3.44,-3.16,177.827611,164.015758
2019-08-26,176.718964,177.41954,175.701685,177.371567,27598900,172.695165,1.14,1.54,0.55,1.51,177.87602,164.060407
2019-08-27,178.609586,178.90709,176.306314,176.997284,28012800,172.737973,0.7,0.87,-0.6,-0.21,177.920112,164.101074
2019-08-28,176.421506,177.928226,175.538585,177.630722,21792400,172.786657,-0.33,0.53,-0.82,0.36,177.970256,164.147324
2019-08-29,179.838025,180.86491,179.156632,180.346664,25358900,172.861881,1.24,1.82,0.86,1.53,178.047737,164.218787
2019-08-30,181.315963,181.354359,178.897531,179.91481,26319800,172.932059,0.54,0.56,-0.8,-0.24,178.120021,164.285456
2019-09-03,178.715172,179.636475,177.573128,178.168137,27964200,172.984159,-0.67,-0.15,-1.3,-0.97,178.173684,164.334951
2019-09-04,179.885966,180.893652,179.36772,180.740097,21592100,173.061333,0.96,1.53,0.67,1.44,178.253173,164.408266
2019-09-05,182.736319,184.578939,182.669133,184.051102,33932600,173.170684,1.1,2.12,1.07,1.83,178.365804,164.51215
2019-09-06,184.358185,184.425356,183.465657,183.868729,19487800,173.277132,0.17,0.2,-0.32,-0.1,178.475446,164.613275
2019-09-09,184.444532,184.521309,182.553924,183.484833,24407600,173.378701,0.31,0.35,-0.72,-0.21,178.580062,164.709766
2019-09-10,182.496425,183.053053,181.296801,182.957077,23744700,173.474008,-0.54,-0.24,-1.19,-0.29,178.678229,164.800308
2019-09-11,183.302518,184.770857,182.880248,184.674881,25063600,173.58546,0.19,0.99,-0.04,0.94,178.793024,164.906187
2019-09-12,185.807348,186.863023,185.193141,185.442657,28689900,173.703442,0.61,1.18,0.28,0.42,178.914545,165.01827
2019-09-13,185.173891,185.605752,184.540486,184.780411,27669800,173.81366,-0.14,0.09,-0.49,-0.36,179.02807,165.122977
2019-09-16,183.590418,184.338982,183.408073,183.955093,20319000,173.91457,-0.64,-0.24,-0.74,-0.45,179.132007,165.218842
2019-09-17,183.97426,184.837997,183.58078,184.837997,20953400,174.023261,0.01,0.48,-0.2,0.48,179.243959,165.322098
2019-09-18,184.45415,184.838039,182.448383,184.761261,29781300,174.130107,-0.21,0.0,-1.29,-0.04,179.35401,165.423602
2019-09-19,185.087588,186.220026,184.713306,185.06839,26039400,174.238945,0.18,0.79,-0.03,0.17,179.466114,165.526998
2019-09-20,185.327498,185.519435,182.496389,183.110596,29086100,174.327221,0.14,0.24,-1.39,-1.06,179.557037,165.61086
2019-09-23,183.056717,183.739484,182.441272,183.191345,22485900,174.415421,-0.03,0.34,-0.37,0.04,179.647883,165.69465
2019-09-24,184.027958,184.431843,179.96986,180.758408,40820700,174.478535,0.46,0.68,-1.76,-1.33,179.712891,165.754608
2019-09-25,180.575683,183.268262,179.065925,182.787445,34704900,174.561211,-0.1,1.39,-0.94,1.12,179.798047,165.83315
2019-09-26,182.547067,182.710543,180.768037,182.114334,26826000,174.636366,-0.13,-0.04,-1.1,-0.37,179.875457,165.904548
2019-09-27,182.450871,182.547041,178.623571,179.854462,40773500,174.688288,0.18,0.24,-1.92,-1.24,179.928936,165.953873
2019-09-30,180.585321,181.854686,180.210285,181.566193,26307700,174.756725,0.41,1.11,0.2,0.95,179.999426,166.018888
2019-10-01,182.229722,183.2779,179.787177,180.085281,32367600,174.809745,0.37,0.94,-0.98,-0.82,180.054037,166.069258
2019-10-02,178.864015,178.892863,175.998348,176.988831,48544300,174.831427,-0.68,-0.66,-2.27,-1.72,180.07637,166.089856
2019-10-03,176.969563,179.065933,174.844359,178.931305,39392500,174.872222,-0.01,1.17,-1.21,1.1,180.118389,166.128611
2019-10-04,179.902569,181.825838,179.710245,181.566193,31887600,174.938829,0.54,1.62,0.44,1.47,180.186994,166.191887
2019-10-07,181.04693,182.460533,180.700741,181.018082,21216000,174.999319,-0.29,0.49,-0.48,-0.3,180.249299,166.249353
2019-10-08,179.88337,180.65268,178.16205,178.30629,32379300,175.032224,-0.63,-0.2,-1.58,-1.5,180.283191,166.280613
2019-10-09,179.816001,180.864178,179.277473,180.046783,20147400,175.08212,0.85,1.43,0.54,0.98,180.334584,166.328014
2019-10-10,180.09488,182.162388,179.941015,181.441162,25177700,175.145394,0.03,1.18,-0.06,0.77,180.399756,166.388125
2019-10-11,183.508713,185.239658,183.402932,183.777969,40976700,175.231291,1.14,2.09,1.08,1.29,180.488229,166.469726
2019-10-14,183.518274,184.34528,183.335561,183.758682,14975000,175.31614,-0.14,0.31,-0.24,-0.01,180.575625,166.550333
2019-10-15,184.326056,186.528207,184.210665,186.095474,23234200,175.423397,0.31,1.51,0.25,1.27,180.686099,166.652227
2019-10-16,185.460778,186.105071,185.047268,185.633865,20457100,175.524994,-0.34,0.01,-0.56,-0.25,180.790744,166.748744
2019-10-17,186.74937,187.037863,185.412699,186.124313,19045200,175.63046,0.6,0.76,-0.12,0.26,180.899374,166.848937
2019-10-18,185.787725,186.239694,183.393265,184.335663,27700800,175.717079,-0.18,0.06,-1.47,-0.96,180.988591,166.931225
2019-10-21,185.316585,186.095507,184.768446,185.97049,15801200,175.819103,0.53,0.95,0.23,0.89,181.093676,167.028148
2019-10-22,186.701326,186.960971,184.431868,184.489578,22392300,175.905376,0.39,0.53,-0.83,-0.8,181.182537,167.110107
2019-10-23,184.114515,184.883811,183.816396,184.845352,14828400,175.994331,-0.2,0.21,-0.36,0.19,181.274161,167.194615
2019-10-24,186.162783,186.759007,185.345403,186.6436,18998500,176.100294,0.71,1.04,0.27,0.97,181.383303,167.295279
2019-10-25,185.681954,188.230294,185.643496,188.134125,21507100,176.220034,-0.52,0.85,-0.54,0.8,181.506635,167.409032
2019-10-28,189.009287,190.240178,189.009287,189.990158,18818700,176.35705,0.47,1.12,0.47,0.99,181.647761,167.539197
2019-10-29,189.672741,189.96122,188.48992,188.518768,18569700,176.478062,-0.17,-0.02,-0.79,-0.77,181.772404,167.654159
2019-10-30,188.884204,189.749684,187.797553,189.432343,21764300,176.60696,0.19,0.65,-0.38,0.48,181.905169,167.776612
2019-10-31,189.980486,190.06703,188.422643,189.518906,26801800,176.735437,0.29,0.34,-0.53,0.05,182.0375,167.898665
2019-11-01,190.336265,191.24983,190.047787,191.240204,22131900,176.879763,0.43,0.91,0.28,0.91,182.186156,168.035775
2019-11-04,192.509594,192.836546,191.240229,192.42305,19015900,177.034423,0.66,0.83,0.0,0.62,182.345456,168.182702
2019-11-05,192.663437,192.855761,191.894126,192.528809,15048900,177.188596,0.12,0.22,-0.27,0.05,182.504254,168.329166
2019-11-06,192.30763,192.326867,191.163283,192.096069,19725500,177.336929,-0.11,-0.1,-0.71,-0.22,182.657037,168.470083
2019-11-07,193.057682,193.980858,192.182606,192.740341,17832400,177.490197,0.5,0.98,0.05,0.34,182.814903,168.615687
2019-11-08,192.394189,193.528911,191.88451,193.509674,15258800,177.649595,-0.18,0.41,-0.44,0.4,182.979082,168.767115
2019-11-11,192.52882,193.326964,192.269175,193.250046,10147600,177.804823,-0.51,-0.09,-0.64,-0.13,183.138968,168.914582
2019-11-12,193.413526,194.452093,193.115422,193.807785,14778300,177.964056,0.08,0.62,-0.07,0.29,183.302978,169.065854
2019-11-13,193.13464,194.038578,193.009637,193.855865,15774600,178.122184,-0.35,0.12,-0.41,0.02,183.465849,169.216075
2019-11-14,193.125009,193.826998,192.538411,193.701981,16945400,178.277207,-0.38,-0.01,-0.68,-0.08,183.625523,169.363346
2019-11-15,194.875179,195.125214,194.250123,195.125214,18427900,178.444849,0.61,0.73,0.28,0.73,183.798194,169.522606
2019-11-18,194.817519,195.586829,194.028986,195.279114,18365900,178.612354,-0.16,0.24,-0.56,0.08,183.970724,169.681736
2019-11-19,196.019551,196.019551,194.817508,195.567581,16923300,178.781062,0.38,0.38,-0.24,0.15,184.144494,169.842009
2019-11-20,195.057909,195.644506,192.923079,194.394379,36629000,178.936419,-0.26,0.04,-1.35,-0.6,184.304511,169.989598
2019-11-21,194.182826,194.317469,193.355835,193.961655,17883600,179.085924,-0.11,-0.04,-0.53,-0.22,184.458501,170.131627
2019-11-22,194.442455,194.557861,193.038477,194.086655,17189600,179.235185,0.25,0.31,-0.48,0.06,184.61224,170.273425
2019-11-25,194.923276,196.423423,194.894428,196.384964,17752800,179.405829,0.43,1.2,0.42,1.18,184.788004,170.435538
2019-11-26,196.510021,197.01006,196.221527,196.76004,14780600,179.578508,0.06,0.32,-0.08,0.19,184.965863,170.599583
2019-11-27,197.269636,198.144727,197.029228,198.135101,16963100,179.763151,0.26,0.7,0.14,0.7,185.156045,170.774993
2019-11-29,197.635101,197.933205,197.135047,197.231216,9854600,179.936962,-0.25,-0.1,-0.5,-0.46,185.335071,170.940114
2019-12-02,197.240826,197.308133,194.038582,195.211777,28007000,180.08895,0.0,0.04,-1.62,-1.02,185.491619,171.084503
2019-12-03,192.528842,193.759733,191.58643,193.6828,31104100,180.224213,-1.37,-0.74,-1.86,-0.78,185.630939,171.213002
2019-12-04,194.673215,195.125184,194.384722,194.663589,15300100,180.367888,0.51,0.74,0.36,0.51,185.778925,171.349494
2019-12-05,195.355979,195.355979,194.09624,195.048264,14962300,180.513961,0.36,0.36,-0.29,0.2,185.92938,171.488263
2019-12-06,196.471525,197.279295,196.31766,197.135056,16555300,180.679345,0.73,1.14,0.65,1.07,186.099726,171.645378
2019-12-09,196.779236,197.702396,196.154164,196.240723,13984100,180.834185,-0.18,0.29,-0.5,-0.45,186.259211,171.792476
2019-12-10,196.33687,197.019637,195.634881,196.077225,21799800,180.985857,0.05,0.4,-0.31,-0.08,186.415433,171.936564
2019-12-11,196.519575,197.317733,196.211845,197.115784,18780800,181.146354,0.23,0.63,0.07,0.53,186.580744,172.089036
2019-12-12,196.913848,199.366018,196.644591,198.587082,32612000,181.319893,-0.1,1.14,-0.24,0.75,186.75949,172.253899
2019-12-13,198.481283,199.93336,198.058176,199.240982,32519400,181.498213,-0.05,0.68,-0.27,0.33,186.943159,172.423302
2019-12-16,200.548863,201.491261,200.481542,201.241241,21296600,181.694661,0.66,1.13,0.62,1.0,187.145501,172.609928
2019-12-17,201.500822,201.664313,201.020005,201.356583,15996100,181.890302,0.13,0.21,-0.11,0.06,187.347011,172.795787
2019-12-18,201.52972,202.068232,201.298922,201.510483,15443300,182.085527,0.09,0.35,-0.03,0.08,187.548093,172.981251
2019-12-19,201.597053,202.837555,201.577816,202.770248,17865900,182.291346,0.04,0.66,0.03,0.63,187.760086,173.176778
2019-12-20,203.731825,204.366507,203.164464,203.587585,27672600,182.503248,0.47,0.79,0.19,0.4,187.978346,173.378086
2019-12-23,204.30849,204.453043,203.951919,204.125381,23774700,182.718394,0.35,0.43,0.18,0.26,188.199946,173.582474
2019-12-24,204.308423,204.395154,203.768742,204.231323,7089000,182.932453,0.09,0.13,-0.17,0.05,188.420427,173.78583
2019-12-26,204.559034,206.052802,204.530124,206.033524,17067500,183.162314,0.16,0.89,0.15,0.88,188.657184,174.004199
2019-12-27,206.756329,206.775607,205.31075,205.860077,18134100,183.388163,0.35,0.36,-0.35,-0.08,188.889808,174.218755
2019-12-30,205.75401,205.879298,203.498911,204.510818,21815500,183.598339,-0.05,0.01,-1.15,-0.66,189.106289,174.418422
2019-12-31,203.855483,205.040853,203.537454,204.896301,18170900,183.810259,-0.32,0.26,-0.48,0.19,189.324566,174.619746
2020-01-02,206.62138,208.317535,206.21662,208.317535,30969400,184.054112,0.84,1.67,0.64,1.67,189.575735,174.851406
2020-01-03,205.5613,207.652569,205.542021,206.409363,27518900,184.276552,-1.32,-0.32,-1.33,-0.92,189.804849,175.062725
2020-01-06,204.790325,207.768214,204.539764,207.739304,21655300,184.510013,-0.78,0.66,-0.91,0.64,190.045313,175.284512
2020-01-07,207.816413,208.298273,207.055081,207.710403,22139300,184.740862,0.04,0.27,-0.33,-0.01,190.283088,175.503819
2020-01-08,207.681461,210.225678,207.3538,209.271591,26397300,184.984949,-0.01,1.21,-0.17,0.75,190.534498,175.735702
2020-01-09,210.996702,211.449652,209.811332,211.044891,23547000,185.244252,0.82,1.04,0.26,0.85,190.80158,175.982039
2020-01-10,211.873698,211.892961,210.129353,210.505203,21898500,185.495605,0.39,0.4,-0.43,-0.26,191.060473,176.220824
2020-01-13,211.372511,212.962641,211.035203,212.933731,22756900,185.768621,0.41,1.17,0.25,1.15,191.34168,176.48019
2020-01-14,212.827728,213.184314,211.767645,212.095306,24418100,186.030578,-0.05,0.12,-0.55,-0.39,191.611495,176.729049
2020-01-15,212.210978,213.174698,211.488189,212.182068,25742100,186.290792,0.05,0.51,-0.29,0.04,191.879516,176.976252
2020-01-16,213.242149,214.254057,212.7892,214.2155,18805000,186.56865,0.5,0.98,0.29,0.96,192.165709,177.240217
2020-01-17,215.179226,215.449067,214.061309,215.275604,24325200,186.854291,0.45,0.58,-0.07,0.49,192.45992,177.511576
2020-01-21,214.678092,215.71891,214.581729,215.17923,21146300,187.136131,-0.28,0.21,-0.32,-0.04,192.750215,177.779325
2020-01-22,216.268235,216.981377,215.477978,215.747818,20736400,187.420825,0.51,0.84,0.14,0.26,193.043449,178.049783
2020-01-23,215.622559,216.538089,214.620283,216.441711,26496100,187.70959,-0.06,0.37,-0.52,0.32,193.340877,178.32411
2020-01-24,217.453591,217.684889,213.627625,214.620255,37436500,187.977357,0.47,0.57,-1.3,-0.84,193.616678,178.57849
2020-01-27,209.772773,211.324361,209.300545,210.18718,42264400,188.198351,-2.26,-1.54,-2.48,-2.07,193.844301,178.788433
2020-01-28,211.671289,213.907125,211.112331,213.415619,26731900,188.449269,0.71,1.77,0.44,1.54,194.102747,179.026805
2020-01-29,214.600989,214.841919,212.818117,213.762558,28924500,188.701142,0.56,0.67,-0.28,0.16,194.362177,179.266085
2020-01-30,212.384453,214.620274,211.719484,214.523911,39568100,188.958085,-0.64,0.4,-0.96,0.36,194.626828,179.510181
2020-01-31,215.420143,215.449053,210.370249,211.121964,52015800,189.178621,0.42,0.43,-1.94,-1.59,194.85398,179.71969
2020-02-03,212.153168,214.803396,212.008616,214.311905,25408600,189.428704,0.49,1.74,0.42,1.51,195.111565,179.957269
2020-02-04,217.241612,219.593089,216.499544,219.217239,30691200,189.725107,1.37,2.46,1.02,2.29,195.41686,180.238852
2020-02-05,221.857778,221.896321,218.619681,219.939972,38534800,190.025753,1.2,1.22,-0.27,0.33,195.726525,180.524465
2020-02-06,220.489331,221.896368,219.708721,221.838547,22467100,190.342298,0.25,0.89,-0.11,0.86,196.052567,180.825183
2020-02-07,220.845903,222.079462,220.248387,220.884445,25884900,190.6462,-0.45,0.11,-0.72,-0.43,196.365586,181.11389
2020-02-10,220.152012,223.563572,220.094191,223.55394,21478900,190.97364,-0.33,1.21,-0.36,1.21,196.702849,181.424958
2020-02-11,224.787501,225.529568,223.004614,223.592484,30198000,191.298206,0.55,0.88,-0.25,0.02,197.037152,181.733295
2020-02-12,224.912753,225.876472,224.353794,225.770462,24471300,191.641213,0.59,1.02,0.34,0.97,197.390449,182.059152
2020-02-13,224.199651,226.406562,223.929811,225.4814,22773200,191.977931,-0.7,0.28,-0.82,-0.13,197.737269,182.379035
2020-02-14,225.837941,226.339079,225.07661,226.12706,23438500,192.317724,0.16,0.38,-0.18,0.29,198.087255,182.701837
2020-02-18,225.028466,226.637876,224.787536,226.213837,24394500,192.654998,-0.49,0.23,-0.59,0.04,198.434648,183.022248
2020-02-19,227.563019,228.854399,227.293179,228.382172,22230500,193.010493,0.6,1.17,0.48,0.96,198.800807,183.359968
2020-02-20,227.881065,228.353278,223.467229,226.262009,42604000,193.341354,-0.22,-0.01,-2.15,-0.93,199.141594,183.674286
2020-02-21,225.134468,225.51995,221.000119,221.915649,66017200,193.625675,-0.5,-0.33,-2.33,-1.92,199.434445,183.944391
2020-02-24,213.63726,216.114026,212.268781,213.357788,84522600,193.822014,-3.73,-2.61,-4.35,-3.86,199.636675,184.130914
2020-02-25,215.150326,215.863483,206.94908,207.556213,97743000,193.958673,0.84,1.17,-3.0,-2.72,199.777433,184.260739
2020-02-26,208.847536,212.288005,207.103192,208.62587,79537700,194.104615,0.62,2.28,-0.22,0.52,199.927754,184.399385
2020-02-27,203.248388,208.568122,198.04431,198.17923,121822600,194.145159,-2.58,-0.03,-5.07,-5.01,199.969513,184.437901
2020-02-28,191.433172,199.653695,190.980223,198.333405,148173700,194.186833,-3.4,0.74,-3.63,0.08,200.012438,184.477491
2020-03-02,201.301679,208.712682,198.468342,208.568115,112933900,194.32993,1.5,5.23,0.07,5.16,200.159828,184.613434
2020-03-03,209.23308,211.642378,200.08738,201.879898,131953500,194.405054,0.32,1.47,-4.07,-3.21,200.237206,184.684801
2020-03-04,205.580622,210.408851,203.701358,210.302841,73086200,194.563241,1.83,4.22,0.9,4.17,200.400138,184.835079
2020-03-05,204.973396,208.510243,202.477368,203.9133,78705500,194.656277,-2.53,-0.85,-3.72,-3.04,200.495965,184.923463
2020-03-06,197.244435,201.561893,195.548294,200.4729,89828400,194.714153,-3.27,-1.15,-4.1,-1.69,200.555578,184.978446
2020-03-09,186.460373,193.861744,185.140083,186.547119,116424000,194.632889,-6.99,-3.3,-7.65,-6.95,200.471876,184.901245
2020-03-10,193.81357,196.887836,186.653128,196.704727,100599200,194.653505,3.9,5.54,0.06,5.45,200.49311,184.920829
2020-03-11,192.117433,193.466634,185.737602,188.137268,89168800,194.588666,-2.33,-1.65,-5.58,-4.36,200.426326,184.859233
2020-03-12,175.483618,183.85834,170.52047,170.886688,137820700,194.352826,-6.73,-2.27,-9.36,-9.17,200.183411,184.635185
2020-03-13,180.28301,187.42416,171.667356,185.361801,134882000,194.263363,5.5,9.68,0.46,8.47,200.091264,184.550195
2020-03-16,167.831714,177.979678,163.022764,163.157684,92054400,193.953854,-9.46,-3.98,-12.05,-11.98,199.772469,184.256161
2020-03-17,169.103824,177.700198,163.620259,175.53183,121257100,193.77055,3.64,8.91,0.28,7.58,199.583667,184.082023
2020-03-18,165.383891,172.717796,160.748403,170.192856,114156300,193.535946,-5.78,-1.6,-8.42,-3.04,199.342024,183.859149
2020-03-19,169.315827,176.83284,165.40313,171.214355,120896500,193.313841,-0.52,3.9,-2.81,0.6,199.113256,183.648149
2020-03-20,175.146335,176.235327,163.928644,164.506866,118983900,193.027204,2.3,2.93,-4.26,-3.92,198.81802,183.375844
2020-03-23,165.069919,168.24732,159.284933,164.625671,124639800,192.744602,0.34,2.27,-3.17,0.07,198.52694,183.107372
2020-03-24,173.752222,177.53805,171.859301,177.373871,94881800,192.591659,5.54,7.84,4.39,7.74,198.369409,182.962076
2020-03-25,178.107843,183.023624,173.819809,176.06041,88754900,192.427169,0.41,3.19,-2.0,-0.74,198.199984,182.805811
2020-03-26,177.576691,186.123789,177.325596,185.331848,79887600,192.356569,0.86,5.72,0.72,5.27,198.127266,182.738741
2020-03-27,180.531902,183.989371,178.339609,178.957703,58845000,192.223247,-2.59,-0.72,-3.77,-3.44,197.989944,182.612085
2020-03-30,180.657481,185.901635,179.962123,185.467026,49356900,192.156021,0.95,3.88,0.56,3.64,197.920701,182.54822
2020-03-31,185.157975,188.567152,182.724224,183.883148,62659300,192.073704,-0.17,1.67,-1.48,-0.85,197.835915,182.470019
2020-04-01,178.445845,181.236928,174.66967,176.070038,53715400,191.914463,-2.96,-1.44,-5.01,-4.25,197.671897,182.31874
2020-04-02,175.036691,183.59344,174.775928,179.643417,56465300,191.792363,-0.59,4.27,-0.73,2.03,197.546134,182.202745
2020-04-03,179.199173,180.667152,175.084971,177.093781,47487600,191.646109,-0.25,0.57,-2.54,-1.42,197.395492,182.063803
2020-04-06,183.960443,190.885034,182.714602,189.755081,64763500,191.627293,3.88,7.79,3.17,7.15,197.376111,182.045928
2020-04-07,195.443477,195.723559,189.291507,189.677811,69904500,191.607895,3.0,3.15,-0.24,-0.04,197.356132,182.0275
2020-04-08,191.367925,194.284564,189.455698,193.705109,45940400,191.628763,0.89,2.43,-0.12,2.12,197.377625,182.047324
2020-04-09,195.42416,196.264378,192.217787,193.985153,68252600,191.652209,0.89,1.32,-0.77,0.14,197.401775,182.069599
2020-04-13,193.154596,196.457538,191.94738,196.080887,42853900,191.696276,-0.43,1.27,-1.05,1.08,197.447164,182.111462
2020-04-14,200.13708,205.226706,199.354806,204.608612,63959600,191.824757,2.07,4.66,1.67,4.35,197.579499,182.233519
2020-04-15,201.344329,204.579674,200.030877,202.26181,47036000,191.928608,-1.6,-0.01,-2.24,-1.15,197.686466,182.332177
2020-04-16,204.444492,207.032757,202.512946,205.951096,64657400,192.068135,1.08,2.36,0.12,1.82,197.830179,182.464728
2020-04-17,208.77115,209.099509,204.821142,207.921265,62863200,192.225878,1.37,1.53,-0.55,0.96,197.992654,182.614584
2020-04-20,206.057347,208.491099,205.294393,205.458572,38249100,192.357546,-0.9,0.27,-1.26,-1.18,198.128273,182.739669
2020-04-21,203.391798,203.932629,196.660359,197.877228,72932800,192.412468,-1.01,-0.74,-4.28,-3.69,198.184843,182.791845
2020-04-22,201.943124,205.081886,201.199475,203.749115,40089100,192.525271,2.05,3.64,1.68,2.97,198.301029,182.899007
2020-04-23,204.541066,207.100373,202.908922,203.314545,43278500,192.632627,0.39,1.64,-0.41,-0.21,198.411606,183.000996
2020-04-24,203.749126,206.965151,202.329438,206.520889,34231900,192.770819,0.21,1.8,-0.48,1.58,198.553943,183.132278
2020-04-27,208.790433,209.215376,207.158275,208.181992,36451700,192.924164,1.1,1.3,0.31,0.8,198.711888,183.277955
2020-04-28,209.881808,209.881808,203.980934,204.261002,46862800,193.036968,0.82,0.82,-2.02,-1.88,198.828077,183.38512
2020-04-29,208.790483,212.441104,207.776418,211.504303,48716400,193.220723,2.22,4.0,1.72,3.55,199.017344,183.559686
2020-04-30,212.421756,212.508672,209.910755,211.417358,43359500,193.401784,0.43,0.47,-0.75,-0.04,199.203837,183.731694
2020-05-01,207.158328,209.254054,204.434841,205.458572,48795000,193.521752,-2.01,-1.02,-3.3,-2.82,199.327404,183.845664
2020-05-04,204.222382,208.075807,203.894008,207.853683,32841000,193.664358,-0.6,1.27,-0.76,1.17,199.474289,183.98114
2020-05-05,209.997642,212.605226,209.42784,210.210114,37783100,193.828992,1.03,2.29,0.76,1.13,199.643862,184.137543
2020-05-06,211.890606,213.474474,210.644766,211.504303,36455200,194.004866,0.8,1.55,0.21,0.62,199.825012,184.304623
2020-05-07,214.227753,215.106595,212.875662,214.227753,38624800,194.206089,1.29,1.7,0.65,1.29,200.032271,184.495784
2020-05-08,215.898551,217.298919,214.865167,217.163712,31852300,194.434523,0.78,1.43,0.3,1.37,200.267559,184.712797
2020-05-11,215.840602,220.128621,215.608811,219.104904,35714100,194.679999,-0.61,1.37,-0.72,0.89,200.520399,184.945999
2020-05-12,219.703682,220.292804,214.488499,214.517471,41054100,194.877387,0.27,0.54,-2.11,-2.09,200.723709,185.133518
2020-05-13,215.039015,216.922269,209.292669,211.832642,65521200,195.046096,0.24,1.12,-2.44,-1.25,200.897479,185.293791
2020-05-14,210.509527,214.276036,208.597301,214.237411,51549300,195.237054,-0.62,1.15,-1.53,1.14,201.094166,185.475202
2020-05-15,211.291817,215.686087,210.857222,215.628143,55747200,195.439951,-1.37,0.68,-1.58,0.65,201.303149,185.667953
2020-05-18,218.535104,220.852953,217.75283,219.645737,42398100,195.680804,1.35,2.42,0.99,1.86,201.551229,185.896764
2020-05-19,219.906491,221.982912,218.950385,219.095245,36237300,195.913784,0.12,1.06,-0.32,-0.25,201.791197,186.118095
2020-05-20,221.644859,223.8275,221.625539,223.470169,37417000,196.187977,1.16,2.16,1.15,2.0,202.073616,186.378578
2020-05-21,223.518512,224.19455,220.52461,221.036469,43642900,196.435225,0.02,0.32,-1.32,-1.09,202.328282,186.613464
2020-05-22,220.630831,222.002227,219.71335,221.799423,28762400,196.687606,-0.18,0.44,-0.6,0.35,202.588234,186.853225
2020-05-26,225.372784,225.575603,220.959195,221.200638,33055300,196.931516,1.61,1.7,-0.38,-0.27,202.839462,187.084941
2020-05-27,220.862579,222.523709,216.275158,222.407806,55665600,197.185012,-0.15,0.6,-2.23,0.55,203.100562,187.325761
2020-05-28,221.268218,225.478988,221.210274,222.118103,42784300,197.433102,-0.51,1.38,-0.54,-0.13,203.356095,187.561447
2020-05-29,222.494758,225.604548,220.930196,225.372757,50691800,197.711109,0.17,1.57,-0.53,1.47,203.642442,187.825553
2020-06-01,224.503585,226.425464,224.059323,226.048813,25776000,197.993076,-0.39,0.47,-0.58,0.3,203.932868,188.093422
2020-06-02,226.473735,227.623007,224.068956,227.565063,33383400,198.287325,0.19,0.7,-0.88,0.67,204.235944,188.372958
2020-06-03,228.173547,229.342139,227.294704,228.588837,37228700,198.588832,0.27,0.78,-0.12,0.45,204.546497,188.659391
2020-06-04,228.241119,229.651139,225.681812,226.985611,38716100,198.871387,-0.15,0.46,-1.27,-0.7,204.837529,188.927818
2020-06-05,228.134926,232.075282,227.565124,231.48616,47365600,199.195912,0.51,2.24,0.26,1.98,205.17179,189.236117
2020-06-08,231.341242,233.407996,229.767043,233.282455,32937300,199.535082,-0.06,0.83,-0.74,0.78,205.521134,189.558328
2020-06-09,232.42291,235.82242,232.23941,234.972549,35046300,199.887693,-0.37,1.09,-0.45,0.72,205.884324,189.893309
2020-06-10,236.662665,239.33786,236.14114,237.792618,58084400,200.264857,0.72,1.86,0.5,1.2,206.272803,190.251614
2020-06-11,233.871553,235.252601,225.952218,226.010162,72919400,200.521029,-1.65,-1.07,-4.98,-4.95,206.53666,190.494978
2020-06-12,230.906626,232.171786,223.808204,227.806503,72034800,200.792526,2.17,2.73,-0.97,0.79,206.816302,190.7529
2020-06-15,224.484298,231.254362,223.547497,230.578323,45307400,201.088902,-1.46,1.51,-1.87,1.22,207.121569,191.034457
2020-06-16,235.436141,236.025263,230.91633,234.537979,48890100,201.421729,2.11,2.36,0.15,1.72,207.464381,191.350643
2020-06-17,236.034903,237.097259,234.422064,235.281601,34749300,201.758643,0.64,1.09,-0.05,0.32,207.811402,191.670711
2020-06-18,234.962931,236.160495,234.190325,235.919052,30578600,202.098548,-0.14,0.37,-0.46,0.27,208.161504,191.99362
2020-06-19,238.285167,238.54593,234.15166,235.880402,49422100,202.434686,1.0,1.11,-0.75,-0.02,208.507726,192.312951
2020-06-22,235.748796,238.834972,235.458573,238.709213,24068700,202.795626,-0.06,1.25,-0.18,1.2,208.879495,192.655845
2020-06-23,240.30554,242.975704,239.7541,240.740891,32767400,203.173191,0.67,1.79,0.44,0.85,209.268387,193.014531
2020-06-24,239.986241,241.21491,234.278278,235.777832,46032400,203.497615,-0.31,0.2,-2.68,-2.06,209.602544,193.322735
2020-06-25,235.864909,238.322232,233.291482,238.022324,36940800,203.841145,0.04,1.08,-1.05,0.95,209.956379,193.649088
2020-06-26,237.780461,237.954611,231.878996,232.401428,52824600,204.125327,-0.1,-0.03,-2.58,-2.36,210.249086,193.91906
2020-06-29,232.159573,234.945841,229.624853,234.936157,34377800,204.431902,-0.1,1.09,-1.19,1.09,210.564859,194.210307
2020-06-30,234.868417,240.082985,234.684599,239.541214,38909200,204.781248,-0.03,2.19,-0.11,1.96,210.924686,194.542186
2020-07-01,239.579913,243.333633,239.038142,242.337158,34689200,205.154939,0.02,1.58,-0.21,1.17,211.309587,194.897192
2020-07-02,244.784829,245.994145,243.517469,243.981842,31956500,205.541276,1.01,1.51,0.49,0.68,211.707515,195.264213
2020-07-06,247.135744,250.502475,247.116391,249.980072,34589000,205.983454,1.29,2.67,1.28,2.46,212.162957,195.684281
2020-07-07,249.728481,252.388975,247.958027,248.257935,36578200,206.404095,-0.1,0.96,-0.81,-0.69,212.596218,196.08389
2020-07-08,249.583395,251.556976,248.151554,251.527954,30426300,206.853089,0.53,1.33,-0.04,1.32,213.058681,196.510434
2020-07-09,253.44348,254.314181,249.244741,253.646637,40312900,207.318696,0.76,1.11,-0.91,0.84,213.538257,196.952761
2020-07-10,253.501528,255.629934,250.821695,255.378387,32885300,207.796902,-0.06,0.78,-1.11,0.68,214.030809,197.407057
2020-07-13,258.222724,261.008992,249.302812,250.125153,64108100,208.218079,1.11,2.2,-2.38,-2.06,214.464621,197.807175
2020-07-14,247.600138,252.301973,244.533315,251.89563,72230500,208.652681,-1.01,0.87,-2.24,0.71,214.912262,198.220047
2020-07-15,253.308049,254.140073,249.109309,252.408325,54523900,209.088061,0.56,0.89,-1.11,0.2,215.360703,198.633658
2020-07-16,249.622045,251.324771,247.300166,250.686249,47594100,209.501973,-1.1,-0.43,-2.02,-0.68,215.787032,199.026874
2020-07-17,251.140967,251.837534,248.799749,250.976517,35137900,209.914655,0.18,0.46,-0.75,0.12,216.212095,199.418922
2020-07-20,251.615041,258.725823,250.367049,258.096985,40610100,210.394081,0.25,3.09,-0.24,2.84,216.705904,199.874377
2020-07-21,259.664178,259.673862,254.565716,255.407394,43243800,210.841975,0.61,0.61,-1.37,-1.04,217.167234,200.299876
2020-07-22,255.900846,257.235935,254.004618,256.307159,29865500,211.294365,0.19,0.72,-0.55,0.35,217.633196,200.729647
2020-07-23,255.900852,256.607074,248.19991,249.612411,51363500,211.675639,-0.16,0.12,-3.16,-2.61,218.025908,201.091857
2020-07-24,245.77161,248.567547,243.140153,247.242142,54054500,212.029534,-1.54,-0.42,-2.59,-0.95,218.39042,201.428058
2020-07-27,248.886878,252.040753,248.103243,251.653778,36445700,212.423806,0.67,1.94,0.35,1.78,218.79652,201.802615
2020-07-28,250.870078,251.39251,248.161223,248.451447,31302400,212.78229,-0.31,-0.1,-1.39,-1.27,219.165758,202.143175
2020-07-29,249.989719,252.176171,249.515677,251.315125,27556900,213.165701,0.62,1.5,0.43,1.15,219.560672,202.507416
2020-07-30,249.351181,253.191969,248.199911,252.630859,41774500,213.558389,-0.78,0.75,-1.24,0.52,219.965141,202.88047
2020-07-31,257.25528,257.293987,252.359973,257.139191,53686300,213.992029,1.83,1.85,-0.11,1.78,220.41179,203.292427
2020-08-03,259.277246,261.357263,259.151473,260.612335,32081600,214.455912,0.83,1.64,0.78,1.35,220.88959,203.733117
2020-08-04,260.109348,261.676646,259.36442,261.579895,24911300,214.924808,-0.19,0.41,-0.48,0.37,221.372552,204.178567
2020-08-05,262.063546,262.682701,261.173477,262.227997,21612100,215.395486,0.18,0.42,-0.16,0.25,221.857351,204.625712
2020-08-06,262.034428,266.030011,261.395906,265.70108,28048200,215.896039,-0.07,1.45,-0.32,1.32,222.372921,205.101237
2020-08-07,265.159344,265.933324,260.486562,262.634308,44969400,216.361097,-0.2,0.09,-1.96,-1.15,222.85193,205.543042
2020-08-10,262.924557,263.127744,257.990573,261.512085,35088400,216.81036,0.11,0.19,-1.77,-0.43,223.314671,205.969842
2020-08-11,260.351113,261.637841,256.016945,256.558716,43104300,217.205866,-0.44,0.05,-2.1,-1.89,223.722042,206.345573
2020-08-12,258.716135,263.959711,258.667745,263.011597,38773400,217.661645,0.84,2.88,0.82,2.52,224.191494,206.778563
2020-08-13,263.785585,265.88494,262.67302,263.61145,31895700,218.118857,0.29,1.09,-0.13,0.23,224.662423,207.212914
2020-08-14,264.230626,264.501512,261.908746,263.30188,30799500,218.568439,0.23,0.34,-0.65,-0.12,225.125492,207.640017
2020-08-17,265.014296,266.862135,263.340622,266.35907,24803000,219.043968,0.65,1.35,0.01,1.16,225.615287,208.091769
2020-08-18,267.423281,269.396863,265.962418,268.922821,23529500,219.540275,0.4,1.14,-0.15,0.96,226.126483,208.563261
2020-08-19,268.884073,269.938592,266.600899,267.113647,31999400,220.013642,-0.01,0.38,-0.86,-0.67,226.614051,209.01296
2020-08-20,266.320292,271.302665,265.913949,270.818939,27723400,220.519167,-0.3,1.57,-0.45,1.39,227.134742,209.493209
2020-08-21,271.012443,273.150505,270.364237,272.695801,34748900,221.038338,0.07,0.86,-0.17,0.69,227.669488,209.986421
2020-08-24,275.965767,276.691356,272.115296,274.398499,36418500,221.569284,1.2,1.47,-0.21,0.62,228.216363,210.49082
2020-08-25,273.624619,276.749502,273.179599,276.556,34866600,222.116416,-0.28,0.86,-0.44,0.79,228.779908,211.010595
2020-08-26,277.803954,282.708945,276.526909,282.457397,42216700,222.716824,0.45,2.22,-0.01,2.13,229.398328,211.580983
2020-08-27,283.43461,284.285973,279.313252,281.577087,49482700,223.302498,0.35,0.65,-1.11,-0.31,230.001573,212.137373
2020-08-28,282.815409,283.637749,281.460981,283.008911,28021000,223.896592,0.44,0.73,-0.04,0.51,230.613489,212.701762
2020-08-31,283.531323,287.091541,283.095957,285.28241,36321000,224.507396,0.18,1.44,0.03,0.8,231.242618,213.282026
2020-09-01,287.933288,290.274537,286.162863,290.158447,36216200,225.16064,0.93,1.75,0.31,1.71,231.915459,213.902608
2020-09-02,293.408979,293.62182,287.226973,292.905914,50836800,225.834722,1.12,1.19,-1.01,0.95,232.609764,214.542986
2020-09-03,288.397517,288.900582,275.153094,278.05545,110083300,226.354332,-1.54,-1.37,-6.06,-5.07,233.144962,215.036615
2020-09-04,276.265633,279.525942,262.953482,274.350067,123959000,226.831901,-0.64,0.53,-5.43,-1.33,233.636858,215.490306
2020-09-08,263.359894,269.164609,260.883218,261.163788,99568600,227.173512,-4.01,-1.89,-4.91,-4.81,233.988717,215.814836
2020-09-09,266.668609,270.935049,264.114521,268.835693,64837900,227.588061,2.11,3.74,1.13,2.94,234.415703,216.208658
2020-09-10,271.796205,273.015205,261.75404,263.476105,69667500,227.945156,1.1,1.55,-2.63,-1.99,234.783511,216.547898
2020-09-11,265.22714,266.262322,258.213108,261.647583,71809000,228.280504,0.66,1.06,-2.0,-0.69,235.128919,216.866478
2020-09-14,265.430214,268.197143,264.075786,266.204193,38525200,228.657854,1.45,2.5,0.93,1.74,235.517589,217.224961
2020-09-15,269.948242,271.322037,266.175184,269.977264,41849900,229.068992,1.41,1.92,-0.01,1.42,235.941062,217.615542
2020-09-16,270.770551,271.234909,265.323789,265.672058,42321000,229.433202,0.29,0.47,-1.72,-1.59,236.316198,217.961542
2020-09-17,258.841867,265.468921,258.000188,261.521729,81570800,229.752491,-2.57,-0.08,-2.89,-1.56,236.645065,218.264866
2020-09-18,262.9439,263.234124,254.082032,258.184021,86251100,230.035391,0.54,0.65,-2.84,-1.28,236.936453,218.533622
2020-09-21,253.927224,258.93862,251.644021,258.803192,57168600,230.321638,-1.65,0.29,-2.53,0.24,237.231287,218.805556
2020-09-22,261.202474,264.191898,257.86478,263.61145,41128900,230.65288,0.93,2.08,-0.36,1.86,237.572466,219.120236
2020-09-23,263.292208,263.476026,254.681886,255.562271,48837300,230.900735,-0.12,-0.05,-3.39,-3.05,237.827757,219.355698
2020-09-24,252.882418,259.954493,252.717938,256.752228,70631700,231.157963,-1.05,1.72,-1.11,0.47,238.092702,219.600065
2020-09-25,257.255304,263.534062,255.69769,262.721405,55242400,231.472028,0.2,2.64,-0.41,2.32,238.416188,219.898426
2020-09-28,267.57795,268.177795,262.827785,268.177795,58438300,231.837259,1.85,2.08,0.04,2.08,238.792377,220.245396
2020-09-29,267.616621,268.671141,266.407306,266.968445,27050000,232.186823,-0.21,0.18,-0.66,-0.45,239.152428,220.577482
2020-09-30,267.16197,271.941187,266.891084,268.796967,49380800,232.551103,0.07,1.86,-0.03,0.68,239.527636,220.923548
2020-10-01,272.618365,273.672885,270.731822,273.063385,50020200,232.95421,1.42,1.81,0.72,1.59,239.942837,221.3065
2020-10-02,267.036233,273.053788,264.540218,265.381897,75497400,233.276874,-2.21,-0.0,-3.12,-2.81,240.27518,221.61303
2020-10-05,267.345768,271.360689,267.239362,271.041443,28184600,233.652641,0.74,2.25,0.7,2.13,240.66222,221.970009
2020-10-06,270.354572,272.03793,265.323808,266.204193,49704200,233.976537,-0.25,0.37,-2.11,-1.78,240.995833,222.27771
2020-10-07,268.845429,271.602645,268.255268,270.809357,27539700,234.343033,0.99,2.03,0.77,1.73,241.373324,222.625881
2020-10-08,273.208593,273.276321,271.18662,272.250824,25443300,234.720225,0.89,0.91,0.14,0.53,241.761831,222.984213
2020-10-09,273.895506,276.488301,273.508531,276.410889,30201100,235.135057,0.6,1.56,0.46,1.53,242.189109,223.378304
2020-10-12,281.093255,287.778354,280.048419,284.943726,79370700,235.630666,1.69,4.11,1.32,3.09,242.699586,223.849132
2020-10-13,286.743243,287.381736,283.569971,284.934082,64240000,236.121247,0.63,0.86,-0.48,-0.0,243.204884,224.315185
2020-10-14,285.737188,286.704641,280.812857,282.55426,36949100,236.583267,0.28,0.62,-1.45,-0.84,243.680765,224.754104
2020-10-15,277.852383,281.248121,277.213861,280.65799,42514200,237.021821,-1.66,-0.46,-1.89,-0.67,244.132476,225.17073
2020-10-16,282.302618,283.724774,278.771422,279.11972,40570700,237.440706,0.59,1.09,-0.67,-0.55,244.563927,225.568671
2020-10-19,281.035185,281.992983,273.585821,274.562927,36756800,237.810081,0.69,1.03,-1.98,-1.63,244.944384,225.919577
2020-10-20,275.298219,278.25862,273.740635,275.153107,32195400,238.181654,0.27,1.35,-0.3,0.21,245.327103,226.272571
2020-10-21,275.404695,277.968438,274.456581,274.940308,29306100,238.547411,0.09,1.02,-0.25,-0.08,245.703834,226.620041
2020-10-22,275.772312,276.672066,271.680007,274.930634,32196200,238.909434,0.3,0.63,-1.19,-0.0,246.076717,226.963962
2020-10-23,275.501435,275.636892,272.608761,275.472412,24658500,239.273244,0.21,0.26,-0.84,0.2,246.451442,227.309582
2020-10-26,273.189207,276.014152,267.75213,271.34137,38421100,239.59233,-0.83,0.2,-2.8,-1.5,246.7801,227.612714
2020-10-27,272.337896,274.282485,271.080219,273.460144,30559100,239.929323,0.37,1.08,-0.1,0.78,247.127203,227.932857
2020-10-28,268.961403,269.570902,262.54719,262.798737,53413500,240.15688,-1.65,-1.42,-3.99,-3.9,247.361586,228.149036
2020-10-29,264.114548,270.393305,263.65016,267.394226,43246300,240.427898,0.5,2.89,0.32,1.75,247.640735,228.406503
2020-10-30,265.410891,266.281592,258.377522,260.612335,65838300,240.628738,-0.74,-0.42,-3.37,-2.54,247.8476,228.597301
2020-11-02,263.002003,264.617632,258.280829,261.192871,39987400,240.833356,0.92,1.54,-0.89,0.22,248.058357,228.791689
2020-11-03,263.108366,267.8102,262.024824,265.710815,43604100,241.080893,0.73,2.53,0.32,1.73,248.31332,229.026849
2020-11-04,274.359889,279.371286,272.695869,277.571838,75728200,241.443987,3.26,5.14,2.63,4.46,248.687307,229.371788
2020-11-05,283.976295,285.775771,282.496094,284.808319,52054200,241.875473,2.31,2.96,1.77,2.61,249.131737,229.7817
2020-11-06,284.150417,285.746707,280.396697,285.021118,40959800,242.304783,-0.23,0.33,-1.55,0.07,249.573927,230.189544
2020-11-09,287.962199,289.403723,278.742379,279.197083,86537100,242.671871,1.03,1.54,-2.2,-2.04,249.952027,230.538277
2020-11-10,275.888446,277.329941,271.486519,274.195404,69024900,242.985538,-1.19,-0.67,-2.76,-1.79,250.275104,230.836261
2020-11-11,276.720402,280.803052,274.156659,280.32901,36102900,243.357114,0.92,2.41,-0.01,2.24,250.657828,231.189259
2020-11-12,281.296417,282.563777,277.90065,279.013214,34414600,243.711902,0.35,0.8,-0.87,-0.47,251.023259,231.526306
2020-11-13,280.725694,282.080121,278.500535,281.460938,24806900,244.087514,0.61,1.1,-0.18,0.88,251.410139,231.883138
2020-11-16,281.161,283.956951,280.5515,283.657043,30168400,244.481241,-0.11,0.89,-0.32,0.78,251.815678,232.257178
2020-11-17,283.85055,284.179481,282.118802,282.757324,21843500,244.862097,0.07,0.18,-0.54,-0.32,252.20796,232.618992
2020-11-18,282.205878,283.821507,280.580535,280.667603,28069600,245.218371,-0.2,0.38,-0.77,-0.74,252.574922,232.957452
2020-11-19,280.116208,283.173361,279.448663,282.86377,22718400,245.592952,-0.2,0.89,-0.43,0.78,252.96074,233.313304
2020-11-20,282.786356,283.531313,280.841796,280.928864,25907300,245.944553,-0.03,0.24,-0.71,-0.68,253.32289,233.647325
2020-11-23,281.925298,283.22168,278.694011,280.938507,26875600,246.292752,0.35,0.82,-0.8,0.0,253.681534,233.978114
2020-11-24,282.002632,285.379061,280.203186,284.885651,24516800,246.67676,0.38,1.58,-0.26,1.4,254.077063,234.342922
2020-11-25,285.949897,287.275302,285.001783,286.63678,23326800,247.074373,0.37,0.84,0.04,0.61,254.486604,234.720654
2020-11-27,288.600726,290.400202,288.204067,289.277954,17163100,247.494309,0.69,1.31,0.55,0.92,254.919138,235.119593
2020-11-30,289.597187,290.206687,285.185607,289.868073,27836200,247.915938,0.11,0.32,-1.41,0.2,255.353416,235.520141
2020-12-01,292.141574,295.208411,291.038665,293.583069,27521300,248.370338,0.78,1.84,0.4,1.28,255.821448,235.951821
2020-12-02,292.41255,294.299094,290.574396,293.96048,23620000,248.823971,-0.4,0.24,-1.02,0.13,256.28869,236.382772
2020-12-03,294.270029,295.924364,293.650845,294.376434,22828700,249.277229,0.11,0.67,-0.11,0.14,256.755546,236.813368
2020-12-04,294.424779,295.721191,293.74758,295.57605,19332100,249.737914,0.02,0.46,-0.21,0.41,257.230051,237.251018
2020-12-07,295.759841,297.617362,295.576022,297.249725,20851000,250.210668,0.06,0.69,-0.0,0.57,257.716988,237.700135
2020-12-08,296.775659,298.555767,295.024572,298.255859,18341500,250.68873,-0.16,0.44,-0.75,0.34,258.209392,238.154293
2020-12-09,298.043008,298.323547,290.438818,291.503021,48839300,251.094842,-0.07,0.02,-2.62,-2.26,258.627687,238.5401
2020-12-10,289.471441,293.795954,288.387899,292.673706,27519500,251.508562,-0.7,0.79,-1.07,0.4,259.053819,238.933134
2020-12-11,291.019354,292.151286,288.755519,292.025513,26760400,251.911716,-0.57,-0.18,-1.34,-0.22,259.469067,239.31613
2020-12-14,293.215451,296.088785,293.147751,294.144226,28804800,252.33194,0.41,1.39,0.38,0.73,259.901898,239.715343
2020-12-15,296.398383,297.288452,294.211931,297.288452,25709000,252.779268,0.77,1.07,0.02,1.07,260.362646,240.140305
2020-12-16,297.685094,299.707065,296.640229,298.923431,25461900,253.238414,0.13,0.81,-0.22,0.55,260.835567,240.576494
2020-12-17,300.519672,301.109804,299.320041,300.877625,23730500,253.712436,0.53,0.73,0.13,0.65,261.323809,241.026815
2020-12-18,301.516222,301.825814,297.598022,299.968292,41173400,254.172694,0.21,0.32,-1.09,-0.3,261.797874,241.464059
2020-12-21,297.022897,299.940217,294.250982,299.407166,37095500,254.622788,-0.98,-0.01,-1.91,-0.19,262.261471,241.891648
2020-12-22,300.308538,301.142042,297.40092,300.221313,26176300,255.076505,0.3,0.58,-0.67,0.27,262.7288,242.322679
2020-12-23,300.269728,300.628329,298.554244,298.70932,21201300,255.510662,0.02,0.14,-0.56,-0.5,263.175982,242.735129
2020-12-24,298.970974,300.473231,298.89345,300.027405,16785000,255.953615,0.09,0.59,0.06,0.44,263.632223,243.155934
2020-12-28,302.63461,303.526292,300.802796,303.051361,22497700,256.422249,0.87,1.17,0.26,1.01,264.114916,243.601136
2020-12-29,304.379124,304.99943,302.421338,303.322693,25871900,256.88892,0.44,0.64,-0.21,0.09,264.595588,244.044474
2020-12-30,304.485755,304.80558,302.712091,303.332397,18138100,257.351044,0.38,0.49,-0.2,0.0,265.071575,244.483492
2020-12-31,303.235379,304.563186,302.159574,304.078583,21611400,257.815995,-0.03,0.41,-0.39,0.25,265.550475,244.925195
2021-01-04,305.406478,305.580958,295.78227,299.785095,45305900,258.233598,0.44,0.49,-2.73,-1.41,265.980606,245.321918
2021-01-05,298.796458,302.527906,298.796458,302.2565,29323400,258.671637,-0.33,0.91,-0.33,0.82,266.431786,245.738055
2021-01-06,297.546231,302.275961,296.557652,298.069611,52809600,259.063656,-1.56,0.01,-1.89,-1.39,266.835566,246.110473
2021-01-07,300.725268,306.114051,300.696193,305.280548,30394800,259.523526,0.89,2.7,0.88,2.42,267.309232,246.547349
2021-01-08,307.56785,309.55474,305.377435,309.205811,33955800,260.017877,0.75,1.4,0.03,1.29,267.818413,247.016983
2021-01-11,306.249783,307.422514,304.088442,304.737823,32746400,260.462851,-0.96,-0.58,-1.66,-1.44,268.276737,247.439709
2021-01-12,304.776493,305.861999,301.616902,304.253143,29266800,260.898576,0.01,0.37,-1.02,-0.16,268.725533,247.853647
2021-01-13,304.514824,307.102588,303.913921,306.307861,22898400,261.350409,0.09,0.94,-0.11,0.68,269.190922,248.282889
2021-01-14,306.75374,307.752021,304.195021,304.669952,23500100,261.78145,0.15,0.47,-0.69,-0.53,269.634893,248.692377
2021-01-15,304.456616,305.416121,301.015918,302.2565,35118700,262.184186,-0.07,0.24,-1.2,-0.79,270.049712,249.074977
2021-01-19,304.572985,307.17045,303.477777,306.666473,24537000,262.626796,0.77,1.63,0.4,1.46,270.5056,249.495456
2021-01-20,310.281612,314.739936,306.763389,313.799805,30728100,263.13598,1.18,2.63,0.03,2.33,271.03006,249.979181
2021-01-21,315.137297,317.056336,313.761041,316.310028,25130600,263.665075,0.43,1.04,-0.01,0.8,271.575028,250.481822
2021-01-22,315.273016,316.40697,314.71086,315.399017,21609400,264.179841,-0.33,0.03,-0.51,-0.29,272.105236,250.970849
2021-01-25,318.781578,320.148162,311.512532,318.006195,39080600,264.715427,1.07,1.51,-1.23,0.83,272.656889,251.479655
2021-01-26,318.723347,319.605328,317.143537,318.471344,25498100,265.250311,0.23,0.5,-0.27,0.15,273.207821,251.987796
2021-01-27,316.213169,316.222841,307.587212,309.593475,55264000,265.691537,-0.71,-0.71,-3.42,-2.79,273.662283,252.40696
2021-01-28,310.795285,316.368219,310.174978,311.425262,42836300,266.146599,0.39,2.19,0.19,0.59,274.130997,252.839269
2021-01-29,309.738847,310.843756,303.128885,304.873444,55259000,266.531941,-0.54,-0.19,-2.66,-2.1,274.527899,253.205344
2021-02-01,308.314119,313.576931,306.288482,312.491425,35646000,266.989249,1.13,2.85,0.46,2.5,274.998926,253.639786
2021-02-02,315.457242,318.742835,315.292464,317.589478,33930800,267.492734,0.95,2.0,0.9,1.63,275.517516,254.118097
2021-02-03,319.663508,320.031811,316.271287,316.329437,24824500,267.978671,0.65,0.77,-0.42,-0.4,276.018031,254.579738
2021-02-04,317.725125,320.157812,316.40699,320.070587,22350900,268.496999,0.44,1.21,0.02,1.18,276.551909,255.072149
2021-02-05,321.020424,322.16408,319.382463,321.156097,22732000,269.02097,0.3,0.65,-0.21,0.34,277.091599,255.569921
2021-02-08,322.8426,323.462877,321.204639,323.3078,20462800,269.561137,0.53,0.72,0.02,0.67,277.647971,256.08308
2021-02-09,322.37723,324.499793,322.367529,323.239838,17597500,270.095254,-0.29,0.37,-0.29,-0.02,278.198111,256.590491
2021-02-10,324.674339,325.129867,319.353407,322.503326,28068700,270.616727,0.44,0.58,-1.2,-0.23,278.735229,257.085891
2021-02-11,324.034585,324.683965,321.892648,324.276886,22046100,271.150659,0.47,0.68,-0.19,0.55,279.285179,257.593126
2021-02-12,323.433651,326.254043,322.386921,326.089294,20346800,271.697312,-0.26,0.61,-0.58,0.56,279.848231,258.112446
2021-02-16,326.884136,327.775818,324.044369,325.207428,27080800,272.229751,0.24,0.52,-0.63,-0.27,280.396644,258.618263
2021-02-17,322.23194,325.32371,320.002778,323.646973,31360300,272.741365,-0.91,0.04,-1.6,-0.48,280.923606,259.104297
2021-02-18,320.060922,323.588816,318.248481,322.231934,32236200,273.233809,-1.11,-0.02,-1.67,-0.44,281.430823,259.572118
2021-02-19,323.57911,323.705112,319.808914,320.826569,39157700,273.707368,0.42,0.46,-0.75,-0.44,281.918589,260.022
2021-02-22,316.445808,317.705765,312.307309,312.510834,47256900,274.093473,-1.37,-0.97,-2.66,-2.59,282.316277,260.388799
2021-02-23,307.238329,313.247419,301.423093,311.580383,97241900,274.466477,-1.69,0.24,-3.55,-0.3,282.700471,260.743153
2021-02-24,308.924768,314.458957,306.230376,314.148804,58206300,274.861326,-0.85,0.92,-1.72,0.82,283.107165,261.118259
2021-02-25,311.493116,314.051804,301.655652,303.196686,110182600,275.14327,-0.85,-0.03,-3.98,-3.49,283.397568,261.386106
2021-02-26,306.123673,309.283264,301.306719,304.466339,104739800,275.435041,0.97,2.01,-0.62,0.42,283.698093,261.663289
2021-03-01,309.438419,313.964625,308.149388,313.625397,49164500,275.815045,1.63,3.12,1.21,3.01,284.089496,262.024293
2021-03-02,314.265076,314.3426,308.343241,308.595215,48370000,276.141216,0.2,0.23,-1.68,-1.6,284.425452,262.334155
2021-03-03,307.500081,308.440212,299.581682,299.639832,86301100,276.375033,-0.35,-0.05,-2.92,-2.9,284.666284,262.556281
2021-03-04,299.27138,302.431001,290.868353,294.735504,139131600,276.557724,-0.12,0.93,-2.93,-1.64,284.854456,262.729838
2021-03-05,297.352418,300.075885,288.290365,299.17453,121523700,276.782767,0.89,1.81,-2.19,1.51,285.08625,262.943629
2021-03-08,298.63171,300.511972,290.286862,290.703613,88409800,276.921283,-0.18,0.45,-2.97,-2.83,285.228921,263.075219
2021-03-09,298.001828,304.069069,297.468777,302.169403,80391100,277.172508,2.51,4.6,2.33,3.94,285.487683,263.313882
2021-03-10,306.424169,306.724621,300.618635,301.306763,76798100,277.41265,1.41,1.51,-0.51,-0.29,285.735029,263.542017
2021-03-11,306.046312,310.010363,305.154658,308.246429,53484800,277.719454,1.57,2.89,1.28,2.3,286.051037,263.833481
2021-03-12,304.194992,308.430447,301.801081,305.745728,69315600,277.998322,-1.31,0.06,-2.09,-0.81,286.338272,264.098406
2021-03-15,306.065537,309.17668,304.427577,309.011902,42955700,278.306915,0.1,1.12,-0.43,1.07,286.656122,264.391569
2021-03-16,311.202343,314.216589,309.273632,310.708038,54925900,278.629314,0.71,1.68,0.08,0.55,286.988193,264.697848
2021-03-17,307.674508,313.877421,305.958994,311.987457,78258700,278.961236,-0.98,1.02,-1.53,0.41,287.330073,265.013174
2021-03-18,307.112251,308.091158,301.975472,302.431,82718100,279.194766,-1.56,-1.25,-3.21,-3.06,287.570609,265.235028
2021-03-19,302.266282,305.038226,300.124345,303.497192,78446200,279.436581,-0.05,0.86,-0.76,0.35,287.819678,265.464752
2021-03-22,305.889294,311.255772,305.889294,309.188751,56194800,279.732622,0.79,2.56,0.79,1.88,288.124601,265.745991
2021-03-23,310.275664,311.595434,307.024716,307.839874,53455400,280.012297,0.35,0.78,-0.7,-0.44,288.412666,266.011682
2021-03-24,309.208127,309.246952,302.502452,302.64801,64803700,280.237528,0.44,0.46,-1.73,-1.69,288.644653,266.225651
2021-03-25,300.804283,303.637952,298.300586,302.124054,78729000,280.455304,-0.61,0.33,-1.44,-0.17,288.868963,266.432539
2021-03-26,301.910527,306.976174,300.513135,306.655945,63519600,280.716007,-0.07,1.61,-0.53,1.5,289.137487,266.680207
2021-03-29,306.122183,307.616624,303.230291,306.568573,54608000,280.973246,-0.17,0.31,-1.12,-0.03,289.402444,266.924584
2021-03-30,304.608387,305.598216,302.32787,305.025665,44635700,281.212574,-0.64,-0.32,-1.38,-0.5,289.648951,267.151945
2021-03-31,306.811181,311.255738,306.471524,309.693359,55032500,281.495965,0.59,2.04,0.47,1.53,289.940844,267.421167
2021-04-01,313.516859,315.108348,313.264537,314.972504,55685600,281.829065,1.23,1.75,1.15,1.7,290.283937,267.737611
2021-04-05,317.456795,322.027512,317.214187,321.260864,42172500,282.221421,0.79,2.24,0.71,2.0,290.688064,268.11035
2021-04-06,320.950415,322.988295,320.261388,321.03775,33537200,282.607653,-0.1,0.54,-0.31,-0.07,291.085883,268.47727
2021-04-07,320.562163,322.648611,319.630558,321.814026,32046400,282.997766,-0.15,0.5,-0.44,0.24,291.487699,268.847878
2021-04-08,324.667018,325.356015,323.871258,325.171631,29940800,283.417407,0.89,1.1,0.64,1.04,291.919929,269.246536
2021-04-09,323.813125,327.345505,323.075618,327.141693,36664900,283.852474,-0.42,0.67,-0.64,0.61,292.368048,269.65985
2021-04-12,326.103376,327.13203,324.832115,326.714752,25833000,284.278964,-0.32,-0.0,-0.71,-0.13,292.807333,270.065016
2021-04-13,328.238273,330.994291,328.024777,330.528503,30374000,284.739159,0.47,1.31,0.4,1.17,293.281334,270.502201
2021-04-14,330.771173,330.897334,325.744351,326.559509,42564300,285.155282,0.07,0.11,-1.45,-1.2,293.70994,270.897518
2021-04-15,329.431901,331.896802,326.278003,331.508606,36342800,285.616509,0.88,1.63,-0.09,1.52,294.185004,271.335683
2021-04-16,332.032695,332.110346,330.023898,331.896851,40860100,286.07701,0.16,0.18,-0.45,0.12,294.65932,271.773159
2021-04-19,330.324734,331.479519,326.937913,328.859375,34533100,286.502705,-0.47,-0.13,-1.49,-0.92,295.097786,272.17757
2021-04-20,328.199511,329.480457,324.492461,326.462433,38081800,286.900314,-0.2,0.19,-1.33,-0.73,295.507324,272.555299
2021-04-21,325.181384,329.441586,324.094507,329.257202,36598100,287.321776,-0.39,0.91,-0.73,0.86,295.941429,272.955687
2021-04-22,328.869129,329.849243,324.133424,325.288239,45936100,287.699552,-0.12,0.18,-1.56,-1.21,296.330538,273.314574
2021-04-23,325.91892,330.693419,325.91892,329.383362,36381900,288.114316,0.19,1.66,0.19,1.26,296.757745,273.7086
2021-04-26,329.626072,331.80954,328.878821,331.528107,30812000,288.546294,0.07,0.74,-0.15,0.65,297.202683,274.118979
2021-04-27,331.8191,332.032596,329.140733,330.091736,33187200,288.959681,0.09,0.15,-0.72,-0.43,297.628472,274.511697
2021-04-28,329.761784,330.77104,328.325537,328.975739,33615700,289.357851,-0.1,0.21,-0.54,-0.34,298.038587,274.889959
2021-04-29,332.246148,332.663426,326.937894,330.159729,37708900,289.76384,0.99,1.12,-0.62,0.36,298.456755,275.275648
2021-04-30,327.714202,330.1985,327.083399,327.995605,38263400,290.144255,-0.74,0.01,-0.93,-0.66,298.848583,275.637043
2021-05-03,329.199079,329.946299,325.802573,326.248962,29729700,290.503506,0.37,0.59,-0.67,-0.53,299.218611,275.978331
2021-05-04,323.696662,324.01692,316.563995,320.377808,65147000,290.800763,-0.78,-0.68,-2.97,-1.8,299.524786,276.260725
2021-05-05,322.425415,323.289112,318.524296,319.300629,46219300,291.084344,0.64,0.91,-0.58,-0.34,299.816874,276.530127
2021-05-06,319.038653,321.862609,316.796962,321.707336,46814300,291.38905,-0.08,0.8,-0.78,0.75,300.130722,276.819598
2021-05-07,324.482767,326.695346,321.882021,324.31781,53324500,291.7167,0.86,1.55,0.05,0.81,300.4682,277.130865
2021-05-10,322.939759,323.114429,315.923538,316.12735,60700500,291.959592,-0.42,-0.37,-2.59,-2.53,300.718379,277.361612
2021-05-11,310.246544,316.486403,309.586629,315.690643,71963600,292.195721,-1.86,0.11,-2.07,-0.14,300.961593,277.585935
2021-05-12,310.760918,313.080231,306.655987,307.519684,91164900,292.348199,-1.56,-0.83,-2.86,-2.59,301.118645,277.730789
2021-05-13,310.460083,312.866731,307.529364,309.897217,69877800,292.522816,0.96,1.74,0.0,0.77,301.2985,277.896675
2021-05-14,313.06077,317.650886,312.556127,316.738708,44370000,292.76377,1.02,2.5,0.86,2.21,301.546683,278.125581
2021-05-17,315.030757,316.719296,311.944796,314.817261,39395000,292.983208,-0.54,-0.01,-1.51,-0.61,301.772704,278.334047
2021-05-18,315.768293,316.991015,312.420297,312.692017,36528500,293.179315,0.3,0.69,-0.76,-0.68,301.974695,278.520349
2021-05-19,307.296352,313.351826,306.946982,313.050995,66319100,293.377043,-1.73,0.21,-1.84,0.11,302.178355,278.708191
2021-05-20,314.535849,319.960551,314.312669,319.106567,46466100,293.633059,0.47,2.21,0.4,1.93,302.44205,278.951406
2021-05-21,320.659217,321.076495,316.981308,317.340363,50330400,293.868952,0.49,0.62,-0.67,-0.55,302.685021,279.175504
2021-05-24,319.630509,323.803376,317.233546,322.677673,32475800,294.155606,0.72,2.04,-0.03,1.68,302.980274,279.447826
2021-05-25,324.191563,324.909672,321.949872,323.124084,31280300,294.44385,0.47,0.69,-0.23,0.14,303.277165,279.721657
2021-05-26,323.793805,324.715696,323.104808,324.249908,25444900,294.740427,0.21,0.49,-0.01,0.35,303.58264,280.003406
2021-05-27,323.803422,324.647691,322.832992,323.036774,27931700,295.021983,-0.14,0.12,-0.44,-0.37,303.872642,280.270884
2021-05-28,324.24014,325.647275,323.735527,324.055756,29927400,295.310876,0.37,0.81,0.22,0.32,304.170203,280.545332
2021-06-01,325.385225,325.860755,321.629665,322.978577,31145400,295.586177,0.41,0.56,-0.75,-0.33,304.453762,280.806868
2021-06-02,323.395849,324.453614,321.891694,323.609344,22047900,295.865014,0.13,0.46,-0.34,0.2,304.740965,281.071764
2021-06-03,320.775638,322.046898,318.572772,320.241913,37057800,296.10757,-0.88,-0.48,-1.56,-1.04,304.990798,281.302192
2021-06-04,322.037278,326.122781,321.969341,325.676392,38736500,296.401788,0.56,1.84,0.54,1.7,305.293841,281.581698
2021-06-07,325.142605,326.705013,324.453608,326.64679,32611900,296.702733,-0.16,0.32,-0.38,0.3,305.603815,281.867596
2021-06-08,328.393584,329.257281,325.123239,326.802094,27282800,297.002229,0.53,0.8,-0.47,0.05,305.912296,282.152118
2021-06-09,328.170419,328.946751,326.695346,326.87973,21485300,297.299518,0.42,0.66,-0.03,0.02,306.218503,282.434542
2021-06-10,327.219326,330.392622,326.772936,330.285889,33702100,297.62774,0.1,1.07,-0.03,1.04,306.556572,282.746353
2021-06-11,330.295553,331.15925,329.645381,331.149536,21222800,297.96129,0.0,0.26,-0.19,0.26,306.900129,283.063226
2021-06-14,331.576512,334.33253,330.392586,334.322845,27827700,298.323097,0.13,0.96,-0.23,0.96,307.27279,283.406942
2021-06-15,333.973471,334.284016,331.421235,332.139374,35963800,298.659577,-0.1,-0.01,-0.87,-0.65,307.619365,283.726598
2021-06-16,332.605217,333.672696,327.471663,330.926392,55399500,298.98064,0.14,0.46,-1.41,-0.37,307.950059,284.031608
2021-06-17,329.917152,336.137613,329.868642,335.128357,59722700,299.340319,-0.3,1.57,-0.32,1.27,308.320528,284.373303
2021-06-18,333.468904,334.614005,331.751224,332.498474,55414900,299.670251,-0.5,-0.15,-1.01,-0.78,308.660358,284.686738
2021-06-21,332.689846,334.885571,330.4747,334.564941,32992600,300.017462,0.06,0.72,-0.61,0.62,309.017985,285.016589
2021-06-22,334.360951,338.130593,334.059771,337.683685,28941600,300.39225,-0.06,1.07,-0.15,0.93,309.404017,285.372637
2021-06-23,337.625347,338.995244,337.013262,337.848785,27188500,300.764952,-0.02,0.39,-0.2,0.05,309.7879,285.726704
2021-06-24,339.782261,341.463034,339.238192,339.937714,32581600,301.15473,0.57,1.07,0.41,0.62,310.189372,286.096994
2021-06-25,340.501117,340.744006,338.917477,339.519836,28682800,301.536473,0.17,0.24,-0.3,-0.12,310.582567,286.459649
2021-06-28,340.802396,343.78508,340.744105,343.649048,39130300,301.955503,0.38,1.26,0.36,1.22,311.014169,286.857728
2021-06-29,343.474115,344.921724,342.638591,344.892578,29426000,302.382738,-0.05,0.37,-0.29,0.36,311.45422,287.263601
2021-06-30,344.737188,345.125834,343.765632,344.348572,32724000,302.800308,-0.05,0.07,-0.33,-0.16,311.884318,287.660293
2021-07-01,343.998811,344.989787,342.648334,344.484589,29290000,303.215077,-0.1,0.19,-0.49,0.04,312.31153,288.054324
2021-07-02,346.379059,348.759382,346.145895,348.438782,32727200,303.665065,0.55,1.24,0.48,1.15,312.775016,288.481811
2021-07-06,349.041223,350.226523,346.349994,349.944763,38842400,304.125559,0.17,0.51,-0.6,0.43,313.249326,288.919281
2021-07-07,352.140409,352.441589,348.730238,350.683075,35265200,304.588818,0.63,0.71,-0.35,0.21,313.726482,289.359377
2021-07-08,345.62122,349.420007,344.338789,348.565033,50890000,305.026392,-1.44,-0.36,-1.81,-0.6,314.177184,289.775073
2021-07-09,347.982179,351.217447,347.399239,350.741394,35184500,305.481268,-0.17,0.76,-0.33,0.62,314.645706,290.207204
2021-07-12,352.140443,352.56793,350.566498,352.111298,25717700,305.945248,0.4,0.52,-0.05,0.39,315.123606,290.647986
2021-07-13,351.732377,355.074531,351.256324,352.111298,39723000,306.404612,-0.11,0.84,-0.24,0.0,315.59675,291.084381
2021-07-14,354.452716,355.093946,351.916969,352.742798,35336400,306.865688,0.66,0.85,-0.06,0.18,316.071659,291.522404
2021-07-15,352.655276,352.859295,348.263826,350.265228,53391600,307.297525,-0.02,0.03,-1.27,-0.7,316.51645,291.932648
2021-07-16,351.120276,352.101556,347.0786,347.428375,47262000,307.696837,0.24,0.52,-0.91,-0.81,316.927742,292.311995
2021-07-19,343.979337,345.077199,342.026529,344.581726,64404600,308.06385,-0.99,-0.68,-1.55,-0.82,317.305766,292.660658
2021-07-20,345.514474,350.032204,343.73651,348.584595,42183700,308.467042,0.27,1.58,-0.25,1.16,317.721053,293.04369
2021-07-21,348.15704,351.275726,347.933572,351.275726,30259900,308.892999,-0.12,0.77,-0.19,0.77,318.159789,293.448349
2021-07-22,351.479734,353.607443,351.479734,353.597748,30252200,309.337822,0.06,0.66,0.06,0.66,318.617957,293.870931
2021-07-23,354.918997,358.008536,353.56855,357.726807,31960800,309.819305,0.37,1.25,-0.01,1.17,319.113884,294.328339
2021-07-26,357.03705,358.397252,356.172381,358.008606,28438100,310.2988,-0.19,0.19,-0.43,0.08,319.607764,294.78386
2021-07-27,357.746169,357.746169,349.915434,354.063965,57933100,310.734275,-0.07,-0.07,-2.26,-1.1,320.056303,295.197561
2021-07-28,355.200756,356.998139,352.907869,355.424194,42066200,311.17895,0.32,0.83,-0.33,0.38,320.514319,295.620003
2021-07-29,354.860792,357.221666,354.860792,356.055817,25672500,311.625486,-0.16,0.51,-0.16,0.18,320.974251,296.044212
2021-07-30,352.130624,354.782982,352.101479,354.200043,36484600,312.049114,-1.1,-0.36,-1.11,-0.52,321.410587,296.446658
2021-08-02,355.861455,356.444394,353.520002,354.229248,27334100,312.468817,0.47,0.63,-0.19,0.01,321.842881,296.845376
2021-08-03,354.889925,356.492986,351.703222,356.376404,35558500,312.905708,0.19,0.64,-0.71,0.61,322.292879,297.260423
2021-08-04,356.337502,357.843432,355.229944,356.891296,29602200,313.343376,-0.01,0.41,-0.32,0.14,322.743677,297.676207
2021-08-05,357.707452,359.388254,356.998235,359.15509,21443900,313.799214,0.23,0.7,0.03,0.63,323.21319,298.109253
2021-08-06,357.892021,358.863577,356.473557,357.581116,33332100,314.234854,-0.35,-0.08,-0.75,-0.44,323.6619,298.523112
2021-08-09,358.037712,358.766379,356.939879,358.24176,25960200,314.672734,0.13,0.33,-0.18,0.18,324.112916,298.939097
2021-08-10,358.756726,359.048181,355.220249,356.405548,35130800,315.087986,0.14,0.23,-0.84,-0.51,324.540625,299.333587
2021-08-11,357.668552,358.164025,354.4624,355.793427,34249800,315.493015,0.35,0.49,-0.55,-0.17,324.957806,299.718364
2021-08-12,355.288268,357.435399,353.937792,357.075928,25969200,315.906775,-0.14,0.46,-0.52,0.36,325.383979,300.111437
2021-08-13,357.425714,358.65958,356.930211,358.329254,19336200,316.32889,0.1,0.44,-0.04,0.35,325.818756,300.512445
2021-08-16,357.211975,358.523552,353.354897,358.484711,34856900,316.748351,-0.31,0.05,-1.39,0.04,326.250801,300.910933
2021-08-17,355.735124,356.70668,352.898198,355.327087,44793900,317.132219,-0.77,-0.5,-1.56,-0.88,326.646185,301.275608
2021-08-18,354.792749,356.191791,351.576901,351.907227,38541900,317.478239,-0.15,0.24,-1.06,-0.96,327.002586,301.604327
2021-08-19,349.973843,355.27853,349.721229,353.607452,48499400,317.837733,-0.55,0.96,-0.62,0.48,327.372865,301.945847
2021-08-20,354.676166,357.668575,354.365261,357.270233,39486000,318.230096,0.3,1.15,0.21,1.04,327.776999,302.318592
2021-08-23,358.309725,363.303535,358.300029,362.613739,34034700,318.671725,0.29,1.69,0.29,1.5,328.231876,302.738138
2021-08-24,363.20639,364.323673,362.740033,363.721313,21732900,319.119979,0.16,0.47,0.03,0.31,328.693579,303.16398
2021-08-25,363.974012,364.712404,363.225895,364.13916,20441900,319.567931,0.07,0.27,-0.14,0.11,329.154969,303.589535
2021-08-26,363.284146,363.964218,361.389601,361.826813,29133300,319.988418,-0.23,-0.05,-0.76,-0.64,329.58807,303.988997
2021-08-27,362.45835,365.84907,361.972572,365.343872,27104700,320.439716,0.17,1.11,0.04,0.97,330.052907,304.41773
2021-08-30,366.130839,369.929626,366.111388,369.443848,27295700,320.927319,0.22,1.26,0.21,1.12,330.555139,304.880953
2021-08-31,369.686769,369.754756,367.5979,369.1427,29628200,321.407074,0.07,0.08,-0.5,-0.08,331.049286,305.33672
2021-09-01,370.201606,371.824088,369.550651,369.754669,28138300,321.888145,0.29,0.73,0.11,0.17,331.544789,305.793738
2021-09-02,371.105184,371.435509,368.365389,369.579834,25453400,322.362689,0.37,0.45,-0.38,-0.05,332.03357,306.244554
2021-09-03,368.433451,371.114955,368.414031,370.716614,24605400,322.843823,-0.31,0.42,-0.32,0.31,332.529137,306.701631
2021-09-07,370.823419,371.892136,369.667265,371.24118,23970200,323.325388,0.03,0.32,-0.28,0.14,333.02515,307.159119
2021-09-08,371.06635,371.06635,367.685354,369.949066,32949200,323.789305,-0.05,-0.05,-0.96,-0.35,333.502985,307.59984
2021-09-09,370.172443,371.280001,368.43335,368.676239,29399000,324.235942,0.06,0.36,-0.41,-0.34,333.96302,308.024145
2021-09-10,370.386207,371.105148,365.547848,365.878174,40249400,324.650292,0.46,0.66,-0.85,-0.76,334.389801,308.417778
2021-09-13,368.209922,368.637409,363.575611,365.62558,48741800,325.058006,0.64,0.75,-0.63,-0.07,334.809747,308.805106
2021-09-14,367.112081,367.840748,363.633924,364.58606,41826600,325.45132,0.41,0.61,-0.54,-0.28,335.21486,309.178754
2021-09-15,365.042705,367.646467,362.749817,367.296692,34097900,325.867692,0.13,0.84,-0.5,0.74,335.643723,309.574308
2021-09-16,365.965615,368.12247,364.041953,367.549255,35193100,326.282434,-0.36,0.22,-0.89,0.07,336.070907,309.968313
2021-09-17,367.073244,367.12181,362.157174,363.196716,60912300,326.64974,-0.13,-0.12,-1.47,-1.18,336.449233,310.317253
2021-09-20,357.403678,359.144699,351.052386,355.691864,76203200,326.938717,-1.6,-1.12,-3.34,-2.07,336.746878,310.591781
2021-09-21,357.520405,358.716754,355.001289,356.129547,41927500,327.229173,0.51,0.85,-0.19,0.12,337.046048,310.867714
2021-09-22,357.043883,360.914974,355.944803,359.456024,46972900,327.549838,0.26,1.34,-0.05,0.93,337.376333,311.172346
2021-09-23,360.613458,363.803694,359.971517,362.772705,44652000,327.900314,0.32,1.21,0.14,0.92,337.737324,311.505299
2021-09-24,360.506358,363.531261,360.136752,363.113007,36056800,328.250689,-0.62,0.21,-0.73,0.09,338.09821,311.838155
2021-09-27,360.068772,361.090024,357.666367,360.214661,43338100,328.568739,-0.84,-0.56,-1.5,-0.8,338.425801,312.140302
2021-09-28,355.662712,360.165978,349.515665,350.021423,97701600,328.782198,-1.26,-0.01,-2.97,-2.83,338.645664,312.343088
2021-09-29,351.285892,353.425667,348.825132,349.447601,58076600,328.987824,0.36,0.97,-0.34,-0.16,338.857459,312.538433
2021-09-30,351.091362,352.754556,347.327277,348.163727,61384600,329.178629,0.47,0.95,-0.61,-0.37,339.053988,312.719698
2021-10-01,348.78622,351.363692,344.681708,350.322968,56375500,329.389021,0.18,0.92,-1.0,0.62,339.270691,312.91957
2021-10-04,348.708346,349.039038,340.732774,342.969818,76766000,329.524153,-0.46,-0.37,-2.74,-2.1,339.409878,313.047945
2021-10-05,344.030003,349.846359,343.806316,347.599579,47232900,329.704008,0.31,2.0,0.24,1.35,339.595128,313.218808
2021-10-06,344.38986,350.09924,343.485319,349.826904,56806500,329.904236,-0.92,0.72,-1.18,0.64,339.801363,313.409024
2021-10-07,352.871291,355.682215,352.336355,353.036652,39411200,330.134409,0.87,1.67,0.72,0.92,340.038441,313.627689
2021-10-08,354.116195,354.349647,350.741157,351.276123,41822300,330.344774,0.31,0.37,-0.65,-0.5,340.255118,313.827536
2021-10-11,349.739376,353.260333,348.494407,348.58197,34847200,330.526239,-0.44,0.56,-0.79,-0.77,340.442026,313.999927
2021-10-12,350.031155,350.468822,346.724209,347.36615,43905100,330.6938,0.42,0.54,-0.53,-0.35,340.614614,314.15911
2021-10-13,349.671308,350.819007,347.648214,350.147888,40120800,330.887373,0.66,0.99,0.08,0.8,340.813995,314.343005
2021-10-14,353.736892,356.810416,353.075509,356.596436,43433900,331.143185,1.02,1.9,0.84,1.84,341.077481,314.586026
2021-10-15,357.812303,358.960003,356.781315,358.843292,40419900,331.418808,0.34,0.66,0.05,0.63,341.361372,314.847868
2021-10-18,357.549582,362.665641,356.946554,362.45166,34513500,331.727593,-0.36,1.07,-0.53,1.01,341.67942,315.141213
2021-10-19,363.521589,365.243139,362.500336,365.194519,29091000,332.060597,0.3,0.77,0.01,0.76,342.022415,315.457567
2021-10-20,365.651676,366.26444,363.239535,364.717957,31390300,332.385546,0.13,0.29,-0.54,-0.13,342.357112,315.766268
2021-10-21,363.920377,367.13979,363.618863,366.945251,25469300,332.729423,-0.22,0.66,-0.3,0.61,342.711306,316.092952
2021-10-22,365.690585,366.653482,362.198836,363.86203,36275800,333.0392,-0.34,-0.08,-1.29,-0.84,343.030376,316.38724
2021-10-25,365.282084,368.501497,363.336817,367.587219,32597800,333.382962,0.39,1.28,-0.14,1.02,343.384451,316.713814
2021-10-26,369.824236,372.236347,367.567721,368.744598,47191300,333.734819,0.61,1.26,-0.01,0.31,343.746863,317.048078
2021-10-27,369.191976,372.664282,368.929375,369.600494,45760500,334.091691,0.12,1.06,0.05,0.23,344.114442,317.387107
2021-10-28,371.497212,373.957972,370.728823,373.705078,38007000,334.485854,0.51,1.18,0.31,1.11,344.52043,317.761562
2021-10-29,370.63149,375.708635,370.281356,375.543274,37310100,334.894386,-0.82,0.54,-0.92,0.49,344.941217,318.149667
2021-11-01,375.980993,376.953626,373.899574,376.827179,30765300,335.311628,0.12,0.38,-0.44,0.34,345.370976,318.546046
2021-11-02,376.214408,378.879442,376.165788,378.402832,25135300,335.740396,-0.16,0.54,-0.18,0.42,345.812608,318.953376
2021-11-03,378.889138,382.838025,377.848443,382.4198,33748900,336.204868,0.13,1.17,-0.15,1.06,346.291014,319.394624
2021-11-04,383.684231,388.27506,383.139559,387.321869,40265300,336.713494,0.33,1.53,0.19,1.28,346.814899,319.87782
2021-11-05,389.092153,390.016137,386.290965,387.691559,43383800,337.220739,0.46,0.7,-0.27,0.1,347.337361,320.359702
2021-11-08,387.662343,388.683595,386.524349,387.16629,29256300,337.717709,-0.01,0.26,-0.3,-0.14,347.849241,320.831824
2021-11-09,388.236189,388.634972,383.139601,384.501282,50490700,338.183218,0.28,0.38,-1.04,-0.69,348.328714,321.274057
2021-11-10,381.729235,384.540129,376.924426,378.85025,54937400,338.587865,-0.72,0.01,-1.97,-1.47,348.745501,321.658472
2021-11-11,381.82655,382.001617,379.560299,379.900726,32243000,338.998938,0.79,0.83,0.19,0.28,349.168906,322.048991
2021-11-12,381.048387,384.43316,379.453284,383.898224,34730600,339.445697,0.3,1.19,-0.12,1.05,349.629068,322.473412
2021-11-15,385.075079,385.396035,381.36935,383.810638,33716900,339.887139,0.31,0.39,-0.66,-0.02,350.083753,322.892782
2021-11-16,383.081162,387.039785,382.886653,386.543762,27872900,340.351384,-0.19,0.84,-0.24,0.71,350.561926,323.333815
2021-11-17,386.86485,388.780938,385.785241,386.748138,28703300,340.813044,0.08,0.58,-0.2,0.05,351.037435,323.772391
2021-11-18,388.790572,391.261038,386.57297,390.75528,45721500,341.309981,0.53,1.17,-0.05,1.04,351.549281,324.244482
2021-11-19,392.389318,394.208137,391.562574,392.93399,45191700,341.823653,0.42,0.88,0.21,0.56,352.078362,324.73247
2021-11-22,394.470773,397.524825,388.26537,388.372345,61715400,342.286824,0.39,1.17,-1.19,-1.16,352.555429,325.172483
2021-11-23,387.214876,389.276883,382.166939,386.602142,70098700,342.727772,-0.3,0.23,-1.6,-0.46,353.009606,325.591384
2021-11-24,384.121937,388.12918,381.797359,387.847137,46954400,343.176721,-0.64,0.39,-1.24,0.32,353.472023,326.017885
2021-11-26,385.269589,386.660477,379.1031,380.493988,51533300,343.548037,-0.66,-0.31,-2.25,-1.9,353.854479,326.370636
2021-11-29,385.055715,389.763256,384.32624,388.751709,54447100,343.997825,1.2,2.44,1.01,2.17,354.31776,326.797934
2021-11-30,387.86661,390.210659,381.029001,383.042358,81332700,344.386328,-0.23,0.38,-1.99,-1.47,354.717918,327.167012
2021-12-01,387.38019,389.519994,376.05876,376.525604,77766500,344.706122,1.13,1.69,-1.82,-1.7,355.047305,327.470816
2021-12-02,375.241782,381.019224,373.821746,379.239319,84416600,345.049736,-0.34,1.19,-0.72,0.72,355.401228,327.797249
2021-12-03,380.601029,381.602839,368.530649,372.644897,105349100,345.324314,0.36,0.62,-2.82,-1.74,355.684044,328.058099
2021-12-06,373.131216,376.99257,368.919698,375.63089,67588800,345.625872,0.13,1.17,-1.0,0.8,355.994649,328.344579
2021-12-07,382.273939,387.555329,382.235026,386.942566,56005300,346.036984,1.77,3.17,1.76,3.01,356.418093,328.735135
2021-12-08,387.273294,388.878133,385.376648,388.673859,39204000,346.461231,0.09,0.5,-0.4,0.45,356.855068,329.13817
2021-12-09,387.448332,389.247709,382.760234,382.954773,49973700,346.824351,-0.32,0.15,-1.52,-1.47,357.229082,329.483134
2021-12-10,385.765702,387.380276,382.594909,387.117676,52545800,347.22528,0.73,1.16,-0.09,1.09,357.642038,329.864016
2021-12-13,387.10799,387.428946,381.15548,381.525085,50166400,347.566571,-0.0,0.08,-1.54,-1.44,357.993568,330.188243
2021-12-14,376.700778,379.414433,373.131232,377.576172,75199200,347.865174,-1.26,-0.55,-2.2,-1.04,358.30113,330.471916
2021-12-15,377.323257,386.543829,373.374369,386.183929,73858000,348.246455,-0.07,2.38,-1.11,2.28,358.693849,330.834133
2021-12-16,387.146859,387.57482,374.66796,376.253357,82591400,348.525131,0.25,0.36,-2.98,-2.57,358.980885,331.098875
2021-12-17,372.839383,378.539028,371.322078,374.37616,80492500,348.782355,-0.91,0.61,-1.31,-0.5,359.245826,331.343237
2021-12-20,369.653863,371.533435,367.608719,370.744598,65336800,349.000885,-1.26,-0.76,-1.81,-0.97,359.470912,331.550841
2021-12-21,374.016762,379.353609,370.267366,379.041962,48899500,349.299801,0.88,2.32,-0.13,2.24,359.778795,331.834811
2021-12-22,378.749803,383.862648,378.087575,383.658142,37042200,349.641675,-0.08,1.27,-0.25,1.22,360.130925,332.159591
2021-12-23,384.008738,388.021099,383.843196,386.550568,29595500,350.008928,0.09,1.14,0.05,0.75,360.509196,332.508482
2021-12-27,387.8458,392.939178,387.816585,392.939178,32820700,350.436095,0.34,1.65,0.33,1.65,360.949177,332.91429
2021-12-28,393.835162,394.010453,390.24156,391.118042,33113700,350.84089,0.23,0.27,-0.69,-0.46,361.366117,333.298846
2021-12-29,391.254388,392.520414,388.683343,391.059601,32248500,351.241076,0.03,0.36,-0.62,-0.01,361.778309,333.679022
2021-12-30,390.845339,393.02684,389.30663,389.890961,23850100,351.625652,-0.05,0.5,-0.45,-0.3,362.174422,334.04437
2021-12-31,389.218949,390.582369,386.959552,387.456238,34752900,351.982175,-0.17,0.18,-0.75,-0.62,362.541641,334.383067
2022-01-03,388.624891,391.439405,386.511599,391.186188,40575900,352.372265,0.3,1.03,-0.24,0.96,362.943433,334.753652
2022-01-04,391.731523,391.770486,383.015358,386.112274,58027200,352.707987,0.14,0.15,-2.09,-1.3,363.289226,335.072587
2022-01-05,384.427497,385.547477,373.997302,374.250519,75739800,352.92234,-0.44,-0.15,-3.14,-3.07,363.51001,335.276223
2022-01-06,372.429433,377.230631,370.19925,373.98761,70814300,353.131945,-0.49,0.8,-1.08,-0.07,363.725903,335.475348
2022-01-07,373.997322,375.682137,368.163818,369.936249,72652300,353.299152,0.0,0.45,-1.56,-1.08,363.898126,335.634194
2022-01-10,365.027939,370.6959,359.661877,370.179718,91770500,353.467118,-1.33,0.21,-2.78,0.07,364.071131,335.793762
2022-01-11,369.449284,375.906082,367.365207,375.74054,68295700,353.688744,-0.2,1.55,-0.76,1.5,364.299406,336.004307
2022-01-12,378.311517,380.00608,374.951666,377.23053,54576400,353.92299,0.68,1.14,-0.21,0.4,364.54068,336.226841
2022-01-13,378.61344,379.295165,366.858789,367.793701,77994000,354.061007,0.37,0.55,-2.75,-2.5,364.682838,336.357957
2022-01-14,365.27133,370.413389,365.066795,370.082275,80121200,354.220423,-0.69,0.71,-0.74,0.62,364.847036,336.509402
2022-01-18,364.268383,366.391424,360.109916,360.869537,75450900,354.286583,-1.57,-1.0,-2.69,-2.49,364.915181,336.572254
2022-01-19,362.42771,364.901362,356.642888,356.905853,81791500,354.312646,0.43,1.12,-1.17,-1.1,364.942025,336.597013
2022-01-20,360.12929,364.102688,351.734492,352.270111,88610700,354.292322,0.9,2.02,-1.45,-1.3,364.921092,336.577706
2022-01-21,350.078915,352.718108,342.219735,342.502167,143388900,354.175007,-0.62,0.13,-2.85,-2.77,364.800257,336.466257
2022-01-24,336.873177,344.732357,325.420395,344.070099,198685800,354.074461,-1.64,0.65,-4.99,0.46,364.696695,336.370738
2022-01-25,337.613328,341.859409,332.75367,336.094055,124398400,353.895551,-1.88,-0.64,-3.29,-2.32,364.512418,336.200774
2022-01-26,343.690323,347.556609,331.877211,335.568207,146559500,353.71319,2.26,3.41,-1.25,-0.16,364.324585,336.02753
2022-01-27,340.272026,342.093169,331.166286,332.188873,95255700,353.499017,1.4,1.94,-1.31,-1.01,364.103988,335.824066
2022-01-28,334.068409,342.823537,329.121136,342.609283,108167900,353.390662,0.57,3.2,-0.92,3.14,363.992382,335.721129
2022-01-31,343.972722,354.1497,342.336589,353.565369,94326400,353.3924,0.4,3.37,-0.08,3.2,363.994172,335.72278
2022-02-01,354.909366,356.623396,349.757587,355.970886,74433000,353.418057,0.38,0.86,-1.08,0.68,364.020598,335.747154
2022-02-02,360.100122,360.431236,354.773023,358.863281,78777100,353.472238,1.16,1.25,-0.34,0.81,364.076405,335.798626
2022-02-03,349.163508,352.474678,343.252078,344.313599,95384800,353.381107,-2.7,-1.78,-4.35,-4.05,363.98254,335.712052
2022-02-04,344.829752,351.958526,342.774889,348.657104,86318300,353.334102,0.15,2.22,-0.45,1.26,363.934125,335.667397
2022-02-07,349.251171,351.617681,344.596048,345.852356,58198100,353.259657,0.17,0.85,-1.16,-0.8,363.857447,335.596674
2022-02-08,344.712838,350.828773,343.583139,349.738037,64720900,353.224616,-0.33,1.44,-0.66,1.12,363.821354,335.563385
2022-02-09,354.256851,357.227158,352.659681,357.149261,55766400,353.263667,1.29,2.14,0.84,2.12,363.861577,335.600484
2022-02-10,350.12756,356.915471,347.225432,349.06604,112468500,353.2219,-1.97,-0.07,-2.78,-2.26,363.818557,335.560805
2022-02-11,349.066185,350.663355,336.766132,337.993225,101569100,353.070371,0.0,0.46,-3.52,-3.17,363.662482,335.416852
2022-02-14,337.438021,341.810741,334.905969,338.411896,80254400,352.924515,-0.16,1.13,-0.91,0.12,363.512251,335.278289
2022-02-15,343.690353,347.059953,342.628833,346.826233,55128800,352.863836,1.56,2.56,1.25,2.49,363.449751,335.220644
2022-02-16,344.576552,347.761113,341.547784,346.738556,58947100,352.802888,-0.65,0.27,-1.52,-0.03,363.386974,335.162743
2022-02-17,343.524761,344.225953,336.006443,336.425232,61801400,352.639926,-0.93,-0.72,-3.1,-2.97,363.219124,335.00793
2022-02-18,337.360117,337.749662,330.280055,332.588135,80001500,352.440406,0.28,0.39,-1.83,-1.14,363.013618,334.818385
2022-02-22,329.647065,335.052091,325.615236,329.247772,85967100,352.209633,-0.88,0.74,-2.1,-1.0,362.775922,334.599152
2022-02-23,332.403105,333.240623,320.502348,320.813995,86215400,351.897239,0.96,1.21,-2.66,-2.56,362.454156,334.302377
2022-02-24,310.510394,332.130437,309.945559,331.594788,130614100,351.695224,-3.21,3.53,-3.39,3.36,362.246081,334.110463
2022-02-25,332.393341,336.941352,328.575767,336.736816,78842100,351.546384,0.24,1.61,-0.91,1.55,362.092776,333.969065
2022-02-28,333.561996,339.434462,332.403082,337.739899,77515500,351.409006,-0.94,0.8,-1.29,0.3,361.951277,333.838556
2022-03-01,336.717352,338.986468,330.046301,332.568634,67407000,351.22154,-0.3,0.37,-2.28,-1.53,361.758186,333.660463
2022-03-02,334.117038,339.483099,331.351237,338.148895,70609000,351.091464,0.47,2.08,-0.37,1.68,361.624208,333.536891
2022-03-03,340.788149,340.895291,331.458437,333.318542,71089400,350.914619,0.78,0.81,-1.98,-1.43,361.442058,333.368888
2022-03-04,330.96175,332.393347,326.1703,328.488098,76936300,350.69147,-0.71,-0.28,-2.14,-1.45,361.212214,333.156896
2022-03-07,328.478368,329.637282,316.168572,316.373077,89933800,350.349993,-0.0,0.35,-3.75,-3.69,360.860493,332.832493
2022-03-08,315.584283,324.504984,311.58167,314.902588,116153900,349.997283,-0.25,2.57,-1.51,-0.46,360.497201,332.497418
2022-03-09,323.083088,327.592135,320.492576,326.238434,64723400,349.760876,2.6,4.03,1.78,3.6,360.253702,332.272832
2022-03-10,322.177405,323.823257,318.174763,322.615631,69362700,349.490774,-1.24,-0.74,-2.47,-1.11,359.975497,332.016235
2022-03-11,325.585996,325.897644,315.438203,315.92514,66228400,349.156788,0.92,1.02,-2.22,-2.07,359.631491,331.698948
2022-03-14,314.688292,318.057892,309.156688,309.85788,79802600,348.765754,-0.39,0.68,-2.14,-1.92,359.228726,331.327466
2022-03-15,312.497086,320.356266,310.890198,319.577148,76471000,348.47532,0.85,3.39,0.33,3.14,358.92958,331.051554
2022-03-16,323.492212,331.546151,319.820683,331.429291,105243000,348.305708,1.23,3.75,0.08,3.71,358.754879,330.890422
2022-03-17,329.5301,335.499958,328.234859,335.441528,67810000,348.177706,-0.57,1.23,-0.96,1.21,358.623037,330.768821
2022-03-18,333.785965,342.599553,332.627052,342.307373,85446300,348.119295,-0.49,2.13,-0.84,2.05,358.562873,330.71333
2022-03-21,341.472808,343.695988,336.967917,341.355774,73799100,348.051996,-0.24,0.41,-1.56,-0.28,358.493556,330.649396
2022-03-22,341.85299,348.932074,341.472725,348.06424,63345900,348.052118,0.15,2.22,0.03,1.97,358.493681,330.649512
2022-03-23,345.187799,348.746832,343.003601,343.062103,70615500,348.002466,-0.83,0.2,-1.45,-1.44,358.44254,330.602343
2022-03-24,344.983036,350.736028,342.828119,350.687256,53555300,348.02918,0.56,2.24,-0.07,2.22,358.470056,330.627721
2022-03-25,350.628724,351.681826,346.094612,350.394714,57584200,348.052718,-0.02,0.28,-1.31,-0.08,358.494299,330.650082
2022-03-28,350.384934,355.913645,349.146594,355.816132,56833900,348.129966,-0.0,1.58,-0.36,1.55,358.573865,330.723467
2022-03-29,359.706697,362.563671,356.937475,361.939636,68073000,348.267375,1.09,1.9,0.32,1.72,358.715397,330.854007
2022-03-30,360.077229,361.734875,356.459693,357.941803,68757700,348.363638,-0.51,-0.06,-1.51,-1.1,358.814548,330.945456
2022-03-31,358.088104,358.439148,352.666665,353.505249,67011400,348.414799,0.04,0.14,-1.47,-1.24,358.867243,330.994059
2022-04-01,353.768557,354.548609,349.653721,352.832489,54527800,348.458756,0.07,0.3,-1.09,-0.19,358.912518,331.035818
2022-04-04,353.670912,360.10644,353.407652,360.09668,45950200,348.574556,0.24,2.06,0.16,2.06,359.031793,331.145828
2022-04-05,358.64394,359.355759,350.96031,352.101166,62738700,348.609647,-0.4,-0.21,-2.54,-2.22,359.067936,331.179164
2022-04-06,346.786967,347.888812,341.823817,344.456543,90077100,348.568322,-1.51,-1.2,-2.92,-2.17,359.025372,331.139906
2022-04-07,343.46188,347.469471,340.000361,345.275543,63777400,348.535558,-0.29,0.87,-1.29,0.24,358.991625,331.10878
2022-04-08,343.539928,344.290728,339.815118,340.448914,61956100,348.455094,-0.5,-0.29,-1.58,-1.4,358.908747,331.032339
2022-04-11,336.217038,337.133615,332.053461,332.394745,66107400,348.29529,-1.24,-0.97,-2.47,-2.37,358.744148,330.880525
2022-04-12,337.143409,339.025305,329.615796,330.990662,72790200,348.123104,1.43,1.99,-0.84,-0.42,358.566797,330.716949
2022-04-13,331.331872,338.771731,330.610323,337.718658,61367800,348.019578,0.1,2.35,-0.11,2.03,358.460165,330.618599
2022-04-14,337.806458,338.323248,329.781545,329.996063,73519400,347.840239,0.03,0.18,-2.35,-2.29,358.275446,330.448227
2022-04-18,328.943031,332.541076,327.42191,330.249634,58560600,347.665208,-0.32,0.77,-0.78,0.08,358.095164,330.281948
2022-04-19,329.606008,338.206214,328.582187,337.63092,56515700,347.565364,-0.19,2.41,-0.5,2.24,357.992325,330.187096
2022-04-20,338.440289,338.898577,331.487968,332.706818,65500000,347.417518,0.24,0.38,-1.82,-1.46,357.840044,330.046642
2022-04-21,336.587638,339.200844,324.896446,325.822754,75801000,347.202645,1.17,1.95,-2.35,-2.07,357.618724,329.842513
2022-04-22,325.978762,327.197611,316.861765,317.290802,82562100,346.905015,0.05,0.42,-2.75,-2.62,357.312165,329.559764
2022-04-25,315.662508,321.678732,314.394887,321.366699,101755900,346.650902,-0.51,1.38,-0.91,1.28,357.050429,329.318357
2022-04-26,319.309188,319.494456,308.963583,309.236633,105819600,346.278621,-0.64,-0.58,-3.86,-3.77,356.666979,328.96469
2022-04-27,309.334108,314.833569,307.14994,308.866089,111204200,345.906357,0.03,1.81,-0.67,-0.12,356.283548,328.611039
2022-04-28,313.829323,321.66897,309.607212,319.835815,99450000,345.646948,1.61,4.15,0.24,3.55,356.016357,328.364601
2022-04-29,315.633131,319.07516,304.809747,305.443542,91977900,345.246915,-1.31,-0.24,-4.7,-4.5,355.604322,327.984569
2022-05-02,305.034052,310.777283,301.933307,310.543274,115511800,344.901605,-0.13,1.75,-1.15,1.67,355.248653,327.656524
2022-05-03,310.562784,313.166259,308.105595,310.874817,78185500,344.56303,0.01,0.84,-0.78,0.11,354.899921,327.334878
2022-05-04,311.352535,322.058915,306.067623,321.386108,116083400,344.332414,0.15,3.6,-1.55,3.38,354.662386,327.115793
2022-05-05,317.066621,317.144614,301.904117,305.19989,154607400,343.943035,-1.34,-1.32,-6.06,-5.04,354.261326,326.745883
2022-05-06,303.200921,307.237733,297.506431,301.543274,139572800,343.521147,-0.65,0.67,-2.52,-1.2,353.826781,326.34509
2022-05-09,295.917018,301.640728,288.350395,289.744751,113387300,342.986059,-1.87,0.03,-4.38,-3.91,353.27564,325.836756
2022-05-10,296.921286,298.140134,289.179157,293.26474,124124600,342.491319,2.48,2.9,-0.2,1.21,352.766059,325.366753
2022-05-11,291.002637,296.511828,283.699303,284.567108,140326100,341.914959,-0.77,1.11,-3.26,-2.97,352.172407,324.819211
2022-05-12,280.286542,288.379688,277.839084,283.894318,120910900,341.337639,-1.5,1.34,-2.36,-0.24,351.577768,324.270757
2022-05-13,288.350501,295.449079,286.751357,294.415497,83684900,340.870752,1.57,4.07,1.01,3.71,351.096875,323.827214
2022-05-16,292.670002,294.727434,289.725273,291.002625,59190400,340.374552,-0.59,0.11,-1.59,-1.16,350.585788,323.355824
2022-05-17,296.862841,298.920243,293.060009,298.539978,62715300,339.958287,2.01,2.72,0.71,2.59,350.157036,322.960373
2022-05-18,294.025369,294.717667,282.626692,283.884552,79477100,339.40034,-1.51,-1.28,-5.33,-4.91,349.58235,322.430323
2022-05-19,282.080652,287.053561,280.413245,282.363403,79920700,338.832808,-0.64,1.12,-1.22,-0.54,348.997792,321.891168
2022-05-20,285.824985,286.478271,273.226948,281.48587,91764200,338.262192,1.23,1.46,-3.24,-0.31,348.410057,321.349082
2022-05-23,282.529204,286.546525,280.130517,286.16626,63648400,337.743824,0.37,1.8,-0.48,1.66,347.876139,320.856633
2022-05-24,280.949591,281.66138,275.216121,280.081757,73491100,337.170072,-1.82,-1.57,-3.83,-2.13,347.285174,320.311569
2022-05-25,278.589939,286.078572,278.385181,284.001648,67144500,336.641033,-0.53,2.14,-0.61,1.4,346.740264,319.808982
2022-05-26,283.202044,293.420886,282.919262,291.870483,59462200,336.195555,-0.28,3.32,-0.38,2.77,346.281422,319.385777
2022-05-27,295.000516,301.54329,294.883511,301.397034,66985600,335.849301,1.07,3.31,1.03,3.26,345.92478,319.056836
2022-05-31,301.367855,303.571515,296.745958,300.597534,60968300,335.498537,-0.01,0.72,-1.54,-0.27,345.563493,318.72361
2022-06-01,302.732873,304.858539,296.160848,298.374268,65341700,335.129142,0.71,1.42,-1.48,-0.74,345.183016,318.372685
2022-06-02,297.252847,306.720856,295.838971,306.545349,59291300,334.844726,-0.38,2.8,-0.85,2.74,344.890068,318.102489
2022-06-03,301.328674,302.732791,297.321114,298.569214,60914700,334.483775,-1.7,-1.24,-3.01,-2.6,344.518289,317.759587
2022-06-06,303.005902,304.566035,298.00374,299.563873,51785000,334.136314,1.49,2.01,-0.19,0.33,344.160403,317.429498
2022-06-07,296.238759,302.927817,295.146675,302.147736,44900300,333.818019,-1.11,1.12,-1.47,0.86,343.83256,317.127118
2022-06-08,301.348286,303.951761,299.125106,299.97345,38342100,333.481257,-0.26,0.6,-1.0,-0.72,343.485695,316.807195
2022-06-09,298.286496,301.348229,291.772974,291.938721,55900500,333.067899,-0.56,0.46,-2.73,-2.68,343.059936,316.414504
2022-06-10,286.332005,287.521603,281.193348,281.641876,85963500,332.556197,-1.92,-1.51,-3.68,-3.53,342.532883,315.928387
2022-06-13,272.77841,275.303862,267.688495,268.54657,94442000,331.919285,-3.15,-2.25,-4.95,-4.65,341.876864,315.323321
2022-06-14,270.740477,271.715556,266.528128,269.034088,64697500,331.293562,0.82,1.18,-0.75,0.18,341.232369,314.728884
2022-06-15,272.456698,279.68201,269.716698,275.752441,86051400,330.740914,1.27,3.96,0.25,2.5,340.663142,314.203868
2022-06-16,268.722116,269.180404,262.569368,264.626801,81910300,330.083062,-2.55,-2.38,-4.78,-4.03,339.985554,313.578909
2022-06-17,265.397085,270.282242,263.768719,267.844543,82703400,329.463774,0.29,2.14,-0.32,1.22,339.347687,312.990585
2022-06-21,272.325793,276.917486,272.218342,274.602081,51633700,328.917886,1.67,3.39,1.63,2.52,338.785423,312.471992
2022-06-22,272.101095,278.607609,271.505167,274.201569,67472900,328.373445,-0.91,1.46,-1.13,-0.15,338.224648,311.954773
2022-06-23,276.68309,279.135254,273.84993,278.285309,57457800,327.875056,0.9,1.8,-0.13,1.49,337.711307,311.481303
2022-06-24,281.108616,288.240395,280.874156,287.820282,58422300,327.476501,1.01,3.58,0.93,3.43,337.300796,311.102676
2022-06-27,289.178256,289.744876,284.576813,285.710083,54151500,327.060914,0.47,0.67,-1.13,-0.73,336.872742,310.707869
2022-06-28,286.247436,288.836358,276.819839,277.005463,61609800,326.56285,0.19,1.09,-3.11,-3.05,336.359736,310.234708
2022-06-29,276.868593,278.763886,274.367595,277.259369,57302700,326.072268,-0.05,0.63,-0.95,0.09,335.854436,309.768655
2022-06-30,274.279695,277.39618,269.424235,273.820526,79313600,325.552351,-1.07,0.05,-2.83,-1.24,335.318921,309.274733
2022-07-01,272.521224,276.018705,270.64546,275.62793,56675100,325.05559,-0.47,0.8,-1.16,0.66,334.807258,308.802811
2022-07-05,271.895946,280.463818,270.371901,280.346588,61829300,324.610724,-1.35,1.75,-1.91,1.71,334.349046,308.380188
2022-07-06,280.727661,284.2447,279.008213,282.144226,63194700,324.188172,0.14,1.39,-0.48,0.64,333.913817,307.978764
2022-07-07,282.955115,288.885232,282.955115,288.181824,56620100,323.8299,0.29,2.39,0.29,2.14,333.544797,307.638405
2022-07-08,285.348586,289.910972,284.410719,288.543243,59895500,323.478789,-0.98,0.6,-1.31,0.13,333.183153,307.30485
2022-07-11,286.130191,286.354871,281.49944,282.378693,55273900,323.069833,-0.84,-0.76,-2.44,-2.14,332.761928,306.916341
2022-07-12,283.629207,285.544028,278.05078,279.643219,55797100,322.637727,0.44,1.12,-1.53,-0.97,332.316859,306.505841
2022-07-13,274.133169,281.411455,273.566519,279.066772,73939400,322.204185,-1.97,0.63,-2.17,-0.21,331.870311,306.093976
2022-07-14,276.468142,280.932828,273.351657,280.063354,63741800,321.784874,-0.93,0.67,-2.05,0.36,331.43842,305.69563
2022-07-15,283.052767,285.250913,281.44077,285.143433,63818100,321.420282,1.07,1.85,0.49,1.81,331.062891,305.349268
2022-07-18,287.927684,289.3345,281.55796,282.730286,59519600,321.035307,0.98,1.47,-1.26,-0.85,330.666366,304.983542
2022-07-19,286.354871,291.718366,284.752682,291.425262,55172600,320.74068,1.28,3.18,0.72,3.08,330.3629,304.703646
2022-07-20,291.845376,297.22837,291.063795,296.046265,67769400,320.494964,0.14,1.99,-0.12,1.59,330.109813,304.470216
2022-07-21,296.505405,300.354605,293.848091,300.29599,55049400,320.293979,0.16,1.46,-0.74,1.44,329.902799,304.27928
2022-07-22,299.367827,301.438963,293.203253,295.030151,57127700,320.042598,-0.31,0.38,-2.36,-1.75,329.643876,304.040468
2022-07-25,295.059492,295.52844,291.34708,293.349823,40582400,319.776998,0.01,0.17,-1.25,-0.57,329.370308,303.788148
2022-07-26,291.649977,291.903994,286.774988,287.585846,50074100,319.456688,-0.58,-0.49,-2.24,-1.96,329.040389,303.483854
2022-07-27,292.148187,301.429246,291.581537,299.739105,69304400,319.260493,1.59,4.81,1.39,4.23,328.838308,303.297469
2022-07-28,299.524161,303.246351,295.772663,302.669952,55139900,319.095413,-0.07,1.17,-1.32,0.98,328.668276,303.140643
2022-07-29,304.21352,309.098287,302.787146,308.189697,57501000,318.986899,0.51,2.12,0.04,1.82,328.556506,303.037554
2022-08-01,306.42149,311.462574,305.327307,308.00415,46358800,318.877618,-0.57,1.06,-0.93,-0.06,328.443946,302.933737
2022-08-02,305.708367,311.208592,304.653241,307.085846,48676500,318.760287,-0.75,1.04,-1.09,-0.3,328.323095,302.822272
2022-08-03,308.766159,316.269185,308.707544,315.448547,53735700,318.727334,0.55,2.99,0.53,2.72,328.289154,302.790967
2022-08-04,315.52673,317.236399,313.37742,316.923767,38973700,318.709388,0.02,0.57,-0.66,0.47,328.27067,302.773919
2022-08-05,311.83387,316.36692,311.052319,314.334869,53894000,318.665861,-1.61,-0.18,-1.85,-0.82,328.225836,302.732568
2022-08-08,315.253135,318.946018,311.853326,313.318756,43878500,318.612656,0.29,1.47,-0.79,-0.32,328.171035,302.682023
2022-08-09,311.423454,311.677471,308.150683,309.7724,39764200,318.524693,-0.6,-0.52,-1.65,-1.13,328.080434,302.598458
2022-08-10,317.109343,318.711561,314.637652,318.418457,51459600,318.523636,2.37,2.89,1.57,2.79,328.079345,302.597454
2022-08-11,320.743639,322.746382,315.907707,316.611115,45897700,318.504606,0.73,1.36,-0.79,-0.57,328.059744,302.579375
2022-08-12,318.6627,322.971069,317.607603,322.775696,40928400,318.547104,0.65,2.01,0.31,1.95,328.103517,302.619749
2022-08-15,321.82809,325.882442,321.808532,325.384186,38266600,318.615135,-0.29,0.96,-0.3,0.81,328.173589,302.684378
2022-08-16,324.40717,326.712796,321.574011,324.622101,41186900,318.674906,-0.3,0.41,-1.17,-0.23,328.235153,302.74116
2022-08-17,321.486053,323.791648,318.838488,320.919403,47842200,318.697239,-0.97,-0.26,-1.78,-1.14,328.258156,302.762377
2022-08-18,320.870586,322.873328,319.258619,321.691223,41937200,318.72703,-0.02,0.61,-0.52,0.24,328.288841,302.790678
2022-08-19,318.652995,319.307537,314.657228,315.41925,51770600,318.694117,-0.94,-0.74,-2.19,-1.95,328.25494,302.759411
2022-08-22,311.159714,311.394174,306.304254,307.115112,51098900,318.578903,-1.35,-1.28,-2.89,-2.63,328.13627,302.649957
2022-08-23,306.880673,309.694305,306.108872,306.861145,39497100,318.462308,-0.08,0.84,-0.33,-0.08,328.016177,302.539193
2022-08-24,306.382363,309.567241,305.776657,307.750122,38057100,318.355719,-0.16,0.88,-0.35,0.29,327.906391,302.437933
2022-08-25,309.528257,313.211392,308.482939,313.191833,38098300,318.304337,0.58,1.77,0.24,1.77,327.853467,302.38912
2022-08-26,312.898727,314.10039,300.266723,300.354645,69047700,318.125733,-0.09,0.29,-4.13,-4.1,327.669505,302.219447
2022-08-29,297.599653,300.139738,296.290538,297.394501,48321900,317.919452,-0.92,-0.07,-1.35,-0.99,327.457036,302.02348
2022-08-30,299.045429,299.660914,291.561962,294.082489,51184500,317.682269,0.56,0.76,-1.96,-1.11,327.212737,301.798155
2022-08-31,296.984147,297.882958,292.265474,292.372925,50044000,317.430434,0.99,1.29,-0.62,-0.58,326.953347,301.558913
2022-09-01,289.88168,292.871156,286.198575,292.499908,57990700,317.182369,-0.85,0.17,-2.11,0.04,326.69784,301.323251
2022-09-02,295.372173,296.749681,286.755434,288.367432,64666800,316.895654,0.98,1.45,-1.96,-1.41,326.402523,301.050871
2022-09-06,288.846129,289.764468,284.166513,286.296265,57005400,316.591182,0.17,0.48,-1.46,-0.72,326.088917,300.761623
2022-09-07,286.774983,293.076316,286.511186,292.079834,49260400,316.347288,0.17,2.37,0.08,2.02,325.837707,300.529924
2022-09-08,290.008622,294.912918,288.640894,293.594025,55649800,316.120887,-0.71,0.97,-1.18,0.52,325.604514,300.314843
2022-09-09,295.850833,300.510921,293.594073,300.012665,56125200,315.960607,0.77,2.36,0.0,2.19,325.439425,300.162576
2022-09-12,301.390186,303.910713,301.077553,303.578552,45905700,315.837402,0.46,1.3,0.35,1.19,325.312524,300.045532
2022-09-13,294.844512,296.036396,286.042182,286.931213,79562200,315.549778,-2.88,-2.48,-5.78,-5.48,325.016272,299.772289
2022-09-14,288.074311,290.086833,286.306027,289.207581,54907200,315.287667,0.4,1.1,-0.22,0.79,324.746297,299.523284
2022-09-15,287.292727,289.696025,282.788956,284.391174,65299400,314.980239,-0.66,0.17,-2.22,-1.67,324.429646,299.231227
2022-09-16,281.08909,283.042997,279.037481,282.652222,79920400,314.658567,-1.16,-0.47,-1.88,-0.61,324.098324,298.925639
2022-09-19,280.008769,285.00996,279.950049,284.853363,52613800,314.361998,-0.94,0.83,-0.96,0.78,323.792858,298.643898
2022-09-20,282.347792,284.872878,280.28273,282.582703,51271100,314.045786,-0.88,0.01,-1.6,-0.8,323.46716,298.343497
2022-09-21,283.424412,287.6916,277.385793,277.522797,82931000,313.682373,0.3,1.81,-1.84,-1.79,323.092845,297.998255
2022-09-22,275.996018,277.004088,272.88373,274.107117,62757100,313.28859,-0.55,-0.19,-1.67,-1.23,322.687247,297.62416
2022-09-23,271.640802,271.934433,266.22854,269.644257,74815200,312.854318,-0.9,-0.79,-2.87,-1.63,322.239947,297.211602
2022-09-26,269.174425,273.53946,267.735721,268.528473,71176700,312.413265,-0.17,1.44,-0.71,-0.41,321.785662,296.792601
2022-09-27,271.895166,274.244062,266.316512,268.636078,69780100,311.977671,1.25,2.13,-0.82,0.04,321.337001,296.378787
2022-09-28,268.616521,275.261965,267.138691,273.979858,79652100,311.599583,-0.01,2.47,-0.56,1.99,320.94757,296.019604
2022-09-29,269.986705,270.368416,263.116177,266.081665,81216000,311.146668,-1.46,-1.32,-3.97,-2.88,320.481068,295.589335
2022-09-30,265.259578,269.331012,261.413258,261.569855,78482400,310.653367,-0.31,1.22,-1.75,-1.7,319.972968,295.120698
2022-10-03,263.341295,269.30163,261.834074,267.706329,61267400,310.226033,0.68,2.96,0.1,2.35,319.532814,294.714731
2022-10-04,273.050099,276.827932,273.050099,276.12326,66696900,309.886702,2.0,3.41,2.0,3.14,319.183303,294.392367
2022-10-05,272.355234,277.767496,269.55614,275.976471,55766300,309.549287,-1.36,0.6,-2.38,-0.05,318.835765,294.071822
2022-10-06,274.978175,278.12962,273.480751,273.803741,53489400,309.19361,-0.36,0.78,-0.9,-0.79,318.469418,293.733929
2022-10-07,269.164577,269.291814,262.039576,263.370636,71354700,308.73766,-1.69,-1.65,-4.3,-3.81,317.999789,293.300777
2022-10-10,263.5664,263.957907,258.026932,260.737946,60393000,308.260051,0.07,0.22,-2.03,-1.0,317.507852,292.847048
2022-10-11,259.064379,261.93199,255.472502,257.155884,66522500,307.751551,-0.64,0.46,-2.02,-1.37,316.984098,292.363974
2022-10-12,257.792015,259.710277,256.372904,257.06778,50580200,307.247235,0.25,0.99,-0.3,-0.03,316.464652,291.884874
2022-10-13,249.727505,264.417943,248.846658,263.09668,112894100,306.807926,-2.86,2.86,-3.2,2.35,316.012164,291.46753
2022-10-14,265.425933,266.022931,254.601412,255.188614,77244300,306.294301,0.89,1.11,-3.23,-3.01,315.48313,290.979586
2022-10-17,261.158756,264.486362,261.060879,263.615326,64576500,305.869635,2.34,3.64,2.3,3.3,315.045724,290.576153
2022-10-18,270.642544,271.30806,263.018389,265.700073,69781000,305.469938,2.67,2.92,-0.23,0.79,314.634036,290.196441
2022-10-19,264.182943,267.853103,262.362559,264.731018,53115400,305.064575,-0.57,0.81,-1.26,-0.36,314.216513,289.811347
2022-10-20,263.840427,268.988447,262.215796,263.380432,60605500,304.649808,-0.34,1.61,-0.95,-0.51,313.789302,289.417317
2022-10-21,262.274433,270.094308,261.139127,269.55603,77897700,304.300616,-0.42,2.55,-0.85,2.34,313.429634,289.085585
2022-10-24,269.820359,273.451362,266.17956,272.521606,63963600,303.984407,0.1,1.45,-1.25,1.1,313.103939,288.785187
2022-10-25,273.461173,278.540677,271.983313,278.158966,59014500,303.727437,0.34,2.21,-0.2,2.07,312.83926,288.541065
2022-10-26,272.53138,277.933874,271.52331,272.012665,63492400,303.411867,-2.02,-0.08,-2.39,-2.21,312.514223,288.241274
2022-10-27,270.896979,272.355246,266.54171,267.060425,57760300,303.050162,-0.41,0.13,-2.01,-1.82,312.141666,287.897653
2022-10-28,266.433989,275.702366,266.267596,275.232574,62651300,302.77337,-0.23,3.24,-0.3,3.06,311.856571,287.634701
2022-10-31,272.981606,273.803718,270.113965,272.032257,47742000,302.467488,-0.82,-0.52,-1.86,-1.16,311.541513,287.344114
2022-11-01,275.506621,276.064492,268.890537,269.252655,45895900,302.136992,1.28,1.48,-1.15,-1.02,311.201102,287.030142
2022-11-02,269.223392,272.286758,259.955012,260.023529,79803100,301.717953,-0.01,1.13,-3.45,-3.43,310.769491,286.632055
2022-11-03,257.410336,258.868603,254.562289,254.94397,70038900,301.25254,-1.0,-0.44,-2.1,-1.95,310.290116,286.189913
2022-11-04,259.876678,260.933671,253.563991,259.044769,78313200,300.832562,1.93,2.35,-0.54,1.61,309.857539,285.790934
2022-11-07,260.09194,262.431069,257.958361,261.892761,47333800,300.445101,0.4,1.31,-0.42,1.1,309.458454,285.422846
2022-11-08,263.409822,267.040825,259.86687,263.8013,63213800,300.080486,0.58,1.97,-0.77,0.73,309.082901,285.076462
2022-11-09,262.059248,262.842204,257.429942,257.713776,64862100,299.658927,-0.66,-0.36,-2.42,-2.31,308.648695,284.675981
2022-11-10,270.133521,277.023612,268.019506,276.730011,99256700,299.430779,4.82,7.49,4.0,7.38,308.413702,284.45924
2022-11-11,276.544078,282.494647,275.203251,281.829102,66961800,299.255638,-0.07,2.08,-0.55,1.84,308.233307,284.292856
2022-11-14,279.773834,283.052516,278.384084,279.362793,55290700,299.057699,-0.73,0.43,-1.22,-0.88,308.02943,284.104814
2022-11-15,285.988605,287.016268,279.88147,283.228668,73985400,298.900196,2.37,2.74,0.19,1.38,307.867202,283.955186
2022-11-16,281.271288,283.316787,278.540681,279.362793,48859800,298.705794,-0.69,0.03,-1.66,-1.36,307.666968,283.770504
2022-11-17,274.899895,280.224077,274.743298,278.746216,55462100,298.507191,-1.6,0.31,-1.65,-0.22,307.462407,283.581832
2022-11-18,281.760626,281.858473,276.309208,278.755981,53588600,298.310662,1.08,1.12,-0.87,0.0,307.259982,283.395129
2022-11-21,277.366136,278.521006,275.056397,275.888306,40083500,298.087554,-0.5,-0.08,-1.33,-1.03,307.03018,283.183176
2022-11-22,276.622413,280.018506,274.488804,279.861938,41873400,297.906204,0.27,1.5,-0.51,1.44,306.843391,283.010894
2022-11-23,279.881449,283.297135,279.705289,282.670776,46390000,297.754608,0.01,1.23,-0.06,1.0,306.687246,282.866878
2022-11-25,281.075459,281.780131,280.321864,280.811218,15498800,297.586017,-0.56,-0.32,-0.83,-0.66,306.513598,282.706716
2022-11-28,278.834232,280.850371,275.761101,276.690857,38714200,297.378105,-0.7,0.01,-1.8,-1.47,306.299448,282.5092
2022-11-29,276.915941,277.317215,273.226218,274.596405,35618900,297.151422,0.08,0.23,-1.25,-0.76,306.065964,282.29385
2022-11-30,274.860765,287.22187,274.009292,287.114197,74718100,297.051549,0.1,4.6,-0.21,4.56,305.963095,282.198971
2022-12-01,287.437132,289.45327,284.686961,287.466492,51547300,296.956175,0.11,0.81,-0.85,0.12,305.86486,282.108366
2022-12-02,282.396807,287.202273,282.220617,286.321411,53583200,296.850356,-1.76,-0.09,-1.82,-0.4,305.755867,282.007839
2022-12-05,284.197553,285.469863,280.057603,281.5159,41482100,296.697775,-0.74,-0.3,-2.19,-1.68,305.598708,281.862886
2022-12-06,281.359394,281.496398,274.293111,275.682861,53937600,296.488671,-0.06,-0.01,-2.57,-2.07,305.383331,281.664238
2022-12-07,274.498622,276.553918,272.844601,274.557343,45614300,296.270449,-0.43,0.32,-1.03,-0.41,305.158562,281.456926
2022-12-08,275.907912,278.775523,273.833053,277.80661,42594900,296.086729,0.49,1.54,-0.26,1.18,304.969331,281.282393
2022-12-09,276.788782,279.558546,275.594756,276.035187,47860500,295.887211,-0.37,0.63,-0.8,-0.64,304.763828,281.092851
2022-12-12,276.211398,279.558597,275.173968,279.499847,35732500,295.724153,0.06,1.28,-0.31,1.26,304.595878,280.937945
2022-12-13,290.334068,290.559182,279.822741,282.504395,80667700,295.592613,3.88,3.96,0.12,1.07,304.460391,280.812982
2022-12-14,281.917164,285.205642,277.160652,280.409973,64984400,295.441542,-0.21,0.96,-1.89,-0.74,304.304788,280.669465
2022-12-15,276.318963,276.984508,269.800786,270.994812,60554100,295.198291,-1.46,-1.22,-3.78,-3.36,304.05424,280.438376
2022-12-16,270.319536,271.856087,266.805944,268.411041,68300400,294.931751,-0.25,0.32,-1.55,-0.95,303.779704,280.185164
2022-12-19,268.680786,268.769077,263.40272,264.638855,44167900,294.630329,0.1,0.13,-1.87,-1.41,303.469239,279.898813
2022-12-20,263.47145,266.179164,261.89197,264.432892,51064200,294.329857,-0.44,0.58,-1.04,-0.08,303.159753,279.613364
2022-12-21,265.472824,269.573616,264.629103,268.268829,46394700,294.070544,0.39,1.94,0.07,1.45,302.89266,279.367016
2022-12-22,265.256941,265.384482,257.486993,261.705536,60278400,293.748504,-1.12,-1.08,-4.02,-2.45,302.560959,279.061079
2022-12-23,260.439985,262.961297,258.536741,262.294159,39373600,293.435525,-0.48,0.48,-1.21,0.22,302.238591,278.763749
2022-12-27,261.685945,261.793876,258.046249,258.585815,38009000,293.088762,-0.23,-0.19,-1.62,-1.41,301.881425,278.434324
2022-12-28,258.183545,260.439953,254.808723,255.171707,47139000,292.711478,-0.16,0.72,-1.46,-1.32,301.492822,278.075904
2022-12-29,257.977528,262.333403,257.28099,261.391602,45893600,292.399837,1.1,2.81,0.83,2.44,301.171832,277.779845
2022-12-30,258.625047,261.362191,257.32026,261.23465,37858300,292.089736,-1.06,-0.01,-1.56,-0.06,300.852428,277.485249
2023-01-03,263.559722,265.0313,257.163271,259.46875,42335300,291.765149,0.89,1.45,-1.56,-0.68,300.518103,277.176891
2023-01-04,261.587836,262.382486,257.555695,260.704865,47754900,291.456091,0.82,1.12,-0.74,0.48,300.199774,276.883287
2023-01-05,259.037098,259.20386,256.309774,256.623688,45396700,291.1095,-0.64,-0.58,-1.69,-1.57,299.842785,276.554025
2023-01-06,258.360131,264.825262,255.407154,263.706848,54659700,290.836837,0.68,3.2,-0.47,2.76,299.561942,276.294995
2023-01-09,265.698394,270.073909,264.805662,265.41391,45568700,290.583873,0.76,2.41,0.42,0.65,299.301389,276.054679
2023-01-10,264.383841,267.768484,263.873705,267.660553,35247800,290.35578,-0.39,0.89,-0.58,0.85,299.066453,275.837991
2023-01-11,268.729852,272.398977,267.944992,272.291046,44077000,290.176031,0.4,1.77,0.11,1.73,298.881312,275.66723
2023-01-12,272.850324,274.792818,268.553309,273.762695,60600000,290.012715,0.21,0.92,-1.37,0.54,298.713096,275.512079
2023-01-13,271.260996,275.891564,270.927441,275.646301,44802900,289.869765,-0.91,0.78,-1.04,0.69,298.565858,275.376277
2023-01-17,275.450045,277.490651,274.282591,276.205475,36269700,289.733802,-0.07,0.67,-0.49,0.2,298.425816,275.247112
2023-01-18,277.745691,279.295771,272.408795,272.614807,47754500,289.563464,0.56,1.12,-1.37,-1.3,298.250368,275.085291
2023-01-19,270.986318,272.124342,268.700479,269.936584,44150400,289.368171,-0.6,-0.18,-1.44,-0.98,298.049217,274.899763
2023-01-20,271.54547,277.657407,270.485917,277.323853,60613600,289.248327,0.6,2.86,0.2,2.74,297.925777,274.785911
2023-01-23,278.167607,284.711209,277.372956,283.484894,52799900,289.19098,0.3,2.66,0.02,2.22,297.866709,274.731431
2023-01-24,281.866123,284.063671,281.346167,282.906036,44875100,289.128443,-0.57,0.2,-0.75,-0.2,297.802296,274.672021
2023-01-25,278.393209,282.896236,275.852288,282.278198,50872000,289.060281,-1.6,-0.0,-2.49,-0.22,297.73209,274.607267
2023-01-26,285.702095,287.958504,283.053241,287.781921,51596300,289.047561,1.21,2.01,0.27,1.95,297.718988,274.595183
2023-01-27,286.467313,292.608711,286.349592,290.646606,56441900,289.063472,-0.46,1.68,-0.5,1.0,297.735377,274.610299
2023-01-30,287.379622,288.80216,284.397245,284.77002,49405800,289.020751,-1.12,-0.63,-2.15,-2.02,297.691374,274.569714
2023-01-31,284.809235,289.135678,284.701334,289.037567,46705100,289.020919,0.01,1.53,-0.02,1.5,297.691546,274.569873
2023-02-01,288.831632,297.680713,286.761596,295.218292,67562200,289.082584,-0.07,2.99,-0.79,2.14,297.755062,274.628455
2023-02-02,301.742298,307.736514,300.918218,305.81366,83070600,289.249063,2.21,4.24,1.93,3.59,297.926534,274.786609
2023-02-03,299.162075,306.470927,298.76966,300.378571,76170800,289.359804,-2.18,0.21,-2.3,-1.78,298.040598,274.891814
2023-02-06,297.759206,300.113726,296.49364,297.837677,40802300,289.444161,-0.87,-0.09,-1.29,-0.85,298.127486,274.971953
2023-02-07,297.710115,305.136688,296.591731,304.008484,67584000,289.58908,-0.04,2.45,-0.42,2.07,298.276752,275.109626
2023-02-08,302.693907,303.635709,297.916187,298.602905,56720900,289.678769,-0.43,-0.12,-2.0,-1.78,298.369132,275.194831
2023-02-09,302.988174,303.135326,294.511898,295.963837,49137800,289.741307,1.47,1.52,-1.37,-0.88,298.433547,275.254242
2023-02-10,293.805499,295.855894,291.617742,294.021332,50050100,289.783895,-0.73,-0.04,-1.47,-0.66,298.477411,275.2947
2023-02-13,295.424327,299.319106,294.247052,298.730469,39636700,289.872915,0.48,1.8,0.08,1.6,298.569103,275.379269
2023-02-14,297.150988,301.889458,295.208493,300.937836,64079100,289.983014,-0.53,1.06,-1.18,0.74,298.682504,275.483863
2023-02-15,299.122884,303.410079,298.436166,303.243317,43100600,290.114957,-0.6,0.82,-0.83,0.77,298.818406,275.609209
2023-02-16,298.612715,302.585965,297.40601,297.553162,59498600,290.188969,-1.53,-0.22,-1.92,-1.88,298.894638,275.679521
2023-02-17,295.365444,296.209135,292.451717,295.453735,58230700,290.241355,-0.74,-0.45,-1.71,-0.71,298.948596,275.729287
2023-02-21,291.627642,293.06979,288.3215,288.458832,46526700,290.223618,-1.29,-0.81,-2.41,-2.37,298.930327,275.712438
2023-02-22,289.037637,290.744658,287.016671,288.674652,51389200,290.208206,0.2,0.79,-0.5,0.07,298.914452,275.697796
2023-02-23,292.324158,292.481129,287.006841,291.195953,69294400,290.218034,1.26,1.32,-0.58,0.87,298.924575,275.707132
2023-02-24,286.231808,287.418873,284.554187,286.320099,74332000,290.179249,-1.7,-1.3,-2.28,-1.67,298.884626,275.670286
2023-02-27,289.479138,290.872216,287.781907,288.370544,48995000,290.161252,1.1,1.59,0.51,0.72,298.866089,275.653189
2023-02-28,287.742658,290.509233,287.409104,287.997742,48243100,290.139724,-0.22,0.74,-0.33,-0.13,298.843916,275.632738
2023-03-01,287.703399,288.360688,284.701382,285.682434,58287000,290.095373,-0.1,0.13,-1.14,-0.8,298.798234,275.590604
2023-03-02,283.190592,288.851254,282.906078,288.046783,53565900,290.074989,-0.87,1.11,-0.97,0.83,298.777239,275.57124
2023-03-03,289.793077,294.237243,289.28291,294.00177,60511500,290.114062,0.61,2.15,0.43,2.07,298.817483,275.608358
2023-03-06,295.23797,298.239988,294.139196,294.335388,56736300,290.156065,0.42,1.44,0.05,0.11,298.860747,275.648262
2023-03-07,294.384372,295.306564,290.116789,290.725037,65955800,290.161726,0.02,0.33,-1.43,-1.23,298.866578,275.65364
2023-03-08,291.146879,292.775429,289.292706,292.177002,50876300,290.181779,0.15,0.71,-0.49,0.5,298.887232,275.67269
2023-03-09,292.677389,295.277202,286.300547,287.114838,71456700,290.151262,0.17,1.06,-2.01,-1.73,298.8558,275.643699
2023-03-10,287.281606,288.772825,281.934888,283.082703,98593600,290.080928,0.06,0.58,-1.8,-1.4,298.783356,275.576882
2023-03-13,281.29717,288.890506,279.786341,285.182129,97123600,290.032184,-0.63,2.05,-1.16,0.74,298.733149,275.530575
2023-03-14,288.733517,292.284922,287.889826,291.735535,73602500,290.049132,1.25,2.49,0.95,2.3,298.750606,275.546676
2023-03-15,289.125889,293.599484,287.683741,293.26593,83631500,290.08114,-0.89,0.64,-1.39,0.52,298.783575,275.577083
2023-03-16,292.353605,301.359658,291.558955,300.996674,98198100,290.189753,-0.31,2.76,-0.58,2.64,298.895445,275.680265
2023-03-17,300.908405,303.292355,297.621873,299.574158,89923700,290.28313,-0.03,0.76,-1.12,-0.47,298.991624,275.768973
2023-03-20,298.95711,300.961534,296.746325,300.637299,56359500,290.386156,-0.21,0.46,-0.94,0.35,299.097741,275.866849
2023-03-21,302.572957,305.383096,301.059789,304.931122,49757000,290.530882,0.64,1.58,0.14,1.43,299.246809,276.004338
2023-03-22,304.862301,309.755516,300.617617,300.784637,75791900,290.63291,-0.02,1.58,-1.41,-1.36,299.351897,276.101264
2023-03-23,304.518521,308.674779,301.659235,304.351471,74576000,290.769413,1.24,2.62,0.29,1.19,299.492495,276.230942
2023-03-24,303.928944,305.569821,301.600255,305.471588,57195200,290.915703,-0.14,0.4,-0.9,0.37,299.643174,276.369918
2023-03-27,306.169253,307.250087,302.523921,303.378754,50287400,291.039714,0.23,0.58,-0.96,-0.69,299.770905,276.487728
2023-03-28,302.79896,302.828436,299.458194,301.767242,48585900,291.146455,-0.19,-0.18,-1.29,-0.53,299.880849,276.589133
2023-03-29,305.461756,307.888709,304.646205,307.269684,53274300,291.306885,1.22,2.03,0.95,1.82,300.046092,276.741541
2023-03-30,309.745706,310.806899,307.358065,310.17804,58354800,291.494658,0.81,1.15,0.03,0.95,300.239498,276.919925
2023-03-31,310.404082,315.572416,310.099487,315.336578,62138100,291.731891,0.07,1.74,-0.03,1.66,300.483848,277.145297
2023-04-03,313.214268,314.835534,311.88782,314.570221,47126800,291.959138,-0.67,-0.16,-1.09,-0.24,300.717912,277.361181
2023-04-04,315.012335,316.024383,312.290594,313.509003,45875400,292.173565,0.14,0.46,-0.72,-0.34,300.938772,277.564886
2023-04-05,312.555877,313.499137,308.596117,310.413879,62795700,292.35506,-0.3,-0.0,-1.57,-0.99,301.125712,277.737307
2023-04-06,308.763151,312.99803,307.367916,312.506744,46916500,292.555575,-0.53,0.83,-0.98,0.67,301.332242,277.927796
2023-04-10,309.578738,312.379072,307.790451,312.329926,45134700,292.752334,-0.94,-0.04,-1.51,-0.06,301.534904,278.114718
2023-04-11,312.290582,312.349564,309.814513,310.325439,40113600,292.927191,-0.01,0.01,-0.81,-0.64,301.715007,278.280832
2023-04-12,312.280765,312.870313,307.122266,307.584076,62813300,293.073031,0.63,0.82,-1.03,-0.88,301.865222,278.419379
2023-04-13,309.342914,314.078915,308.163846,313.6073,54613800,293.277352,0.57,2.11,0.19,1.96,302.075672,278.613484
2023-04-14,312.054739,314.77645,310.109238,313.01767,56278300,293.473773,-0.5,0.37,-1.12,-0.19,302.277986,278.800084
2023-04-17,312.604983,313.6367,310.531772,313.282959,43007000,293.670879,-0.13,0.2,-0.79,0.08,302.481006,278.987335
2023-04-18,315.395524,315.818053,312.103935,313.302643,46746900,293.86622,0.67,0.81,-0.38,0.01,302.682207,279.172909
2023-04-19,310.895341,314.216437,310.767602,313.155243,38960100,294.058151,-0.77,0.29,-0.81,-0.05,302.879895,279.355243
2023-04-20,310.187895,313.705487,309.480443,310.767609,62462100,294.224414,-0.95,0.18,-1.17,-0.76,303.051146,279.513193
2023-04-21,310.404107,311.868128,308.625655,311.091888,59002300,294.39225,-0.12,0.35,-0.69,0.1,303.224017,279.672637
2023-04-24,310.865919,312.202201,308.271916,310.44342,44043100,294.551963,-0.07,0.36,-0.91,-0.21,303.388522,279.824365
2023-04-25,308.812355,309.480496,304.489047,304.58728,57121600,294.651817,-0.53,-0.31,-1.92,-1.89,303.491371,279.919226
2023-04-26,307.977092,309.450949,305.913687,306.434448,55400500,294.769057,1.11,1.6,0.44,0.61,303.612128,280.030604
2023-04-27,310.197743,315.267784,309.559048,314.766693,65430400,294.968038,1.23,2.88,1.02,2.72,303.817079,280.219636
2023-04-28,314.530769,317.026508,313.400818,316.93808,59712600,295.186646,-0.07,0.72,-0.43,0.69,304.042245,280.427313
2023-05-01,316.476352,317.98952,315.493781,316.574615,41013400,295.399461,-0.15,0.33,-0.46,-0.11,304.261445,280.629488
2023-05-02,316.505834,316.830099,312.074428,313.813599,56519400,295.582686,-0.02,0.08,-1.42,-0.87,304.450167,280.803552
2023-05-03,314.177188,316.849783,311.651972,311.760071,59882100,295.743655,0.12,0.97,-0.69,-0.65,304.615965,280.956473
2023-05-04,311.534019,312.68364,309.627828,310.659546,50224500,295.892072,-0.07,0.3,-0.68,-0.35,304.768834,281.097469
2023-05-05,312.919443,318.117253,310.698822,317.262421,51806100,296.104713,0.73,2.4,0.01,2.13,304.987854,281.299477
2023-05-08,316.800638,318.392398,315.719803,318.048492,36465800,296.323059,-0.15,0.36,-0.49,0.25,305.21275,281.506906
2023-05-09,316.387891,317.252558,315.71975,316.03418,31768800,296.519189,-0.52,-0.25,-0.73,-0.63,305.414765,281.69323
2023-05-10,318.470903,320.327976,315.994835,319.473145,60446600,296.747587,0.77,1.36,-0.01,1.09,305.650014,281.910207
2023-05-11,320.023454,321.055142,318.470975,320.51474,44278500,296.984076,0.17,0.5,-0.31,0.33,305.893598,282.134872
2023-05-12,321.045331,321.46786,317.311572,319.365143,48432800,297.206773,0.17,0.3,-1.0,-0.36,306.122976,282.346434
2023-05-15,319.836732,321.330229,318.313728,321.094421,33375600,297.444461,0.15,0.62,-0.33,0.54,306.367795,282.572238
2023-05-16,320.377113,323.167611,320.337801,321.457947,40019200,297.683401,-0.22,0.65,-0.24,0.11,306.613903,282.799231
2023-05-17,322.519159,325.928682,321.340091,325.348969,47486100,297.958681,0.33,1.39,-0.04,1.21,306.897441,283.060746
2023-05-18,325.74194,331.60789,325.7223,331.391724,64213500,298.291348,0.12,1.92,0.11,1.86,307.240088,283.37678
2023-05-19,331.607951,332.315403,329.583856,330.64505,61554900,298.613275,0.07,0.28,-0.55,-0.23,307.571673,283.682611
2023-05-22,330.389522,332.767357,330.379687,331.75531,43015900,298.943046,-0.08,0.64,-0.08,0.34,307.911338,283.995894
2023-05-23,330.03583,331.185421,327.196185,327.549896,48216700,299.227692,-0.52,-0.17,-1.37,-1.27,308.204523,284.266307
2023-05-24,325.594632,327.1078,323.816181,325.869751,62891200,299.492787,-0.6,-0.13,-1.14,-0.51,308.47757,284.518148
2023-05-25,333.229164,335.066567,330.802212,333.799042,66862800,299.834143,2.26,2.82,1.51,2.43,308.829167,284.842436
2023-05-26,334.820931,343.16295,334.722668,342.327759,63007000,300.256965,0.31,2.81,0.28,2.56,309.264674,285.244116
2023-05-30,346.562649,347.761387,342.455509,343.880249,72652200,300.691027,1.24,1.59,0.04,0.45,309.711758,285.656476
2023-05-31,342.298278,344.489422,340.47071,341.924896,65105400,301.101314,-0.46,0.18,-0.99,-0.57,310.134354,286.046249
2023-06-01,341.669505,347.201356,340.618146,345.874908,50488600,301.546823,-0.07,1.54,-0.38,1.16,310.593228,286.469482
2023-06-02,347.63365,349.628268,345.874869,348.468842,53372100,302.013709,0.51,1.09,-0.0,0.75,311.07412,286.913023
2023-06-05,348.252729,351.26923,347.682851,348.714539,47266200,302.478394,-0.06,0.8,-0.23,0.07,311.552745,287.354474
2023-06-06,348.105372,349.61854,346.778894,348.655609,41390400,302.937868,-0.17,0.26,-0.56,-0.02,312.026004,287.790975
2023-06-07,348.940438,350.895745,342.111558,342.740417,69225900,303.333914,0.08,0.64,-1.88,-1.7,312.433931,288.167218
2023-06-08,343.035265,347.456835,342.809293,346.995026,47153900,303.768352,0.09,1.38,0.02,1.24,312.881403,288.579935
2023-06-09,348.449211,351.426401,346.877091,348.321472,53196900,304.211667,0.42,1.28,-0.03,0.38,313.338017,289.001084
2023-06-12,349.982078,354.305386,349.009342,354.207123,44606500,304.709134,0.48,1.72,0.2,1.69,313.850408,289.473678
2023-06-13,356.958278,357.763964,353.755087,356.928802,57097800,305.228733,0.78,1.0,-0.13,0.77,314.385595,289.967296
2023-06-14,356.938599,359.80772,354.138296,359.522766,69525600,305.768972,0.0,0.81,-0.78,0.73,314.942041,290.480524
2023-06-15,358.255272,365.290486,357.636278,363.806824,71138800,306.346463,-0.35,1.6,-0.52,1.19,315.536857,291.02914
2023-06-16,366.223857,366.351596,361.075195,361.517334,80932000,306.895427,0.66,0.7,-0.75,-0.63,316.10229,291.550656
2023-06-20,360.065112,362.396995,358.038242,360.999817,49204700,307.433779,-0.4,0.24,-0.96,-0.14,316.656793,292.06209
2023-06-21,359.858537,360.291464,355.155405,356.080292,53378300,307.917824,-0.32,-0.2,-1.62,-1.36,317.155359,292.521933
2023-06-22,354.830727,360.439047,354.427316,360.281647,47603000,308.438857,-0.35,1.22,-0.46,1.18,317.692023,293.016914
2023-06-23,356.385281,359.012358,355.01765,356.709991,48922900,308.919167,-1.08,-0.35,-1.46,-0.99,318.186742,293.473209
2023-06-26,356.178637,358.972963,351.839551,351.928101,52685500,309.347117,-0.15,0.63,-1.37,-1.34,318.62753,293.879761
2023-06-27,353.472882,358.707338,352.744792,357.979218,49428100,309.831018,0.44,1.93,0.23,1.72,319.125949,294.339467
2023-06-28,356.158965,360.625936,356.080235,358.677795,46498000,310.317056,-0.51,0.74,-0.53,0.2,319.626567,294.801203
2023-06-29,358.382642,359.022214,356.316436,357.959564,46151000,310.79111,-0.08,0.1,-0.66,-0.2,320.114844,295.251555
2023-06-30,361.639416,364.532141,361.324585,363.47937,58712500,311.315372,1.03,1.84,0.94,1.54,320.654833,295.749603
2023-07-03,364.118986,364.965142,363.036669,364.335449,19432900,311.842935,0.18,0.41,-0.12,0.24,321.198223,296.250788
2023-07-05,362.770891,366.02766,362.731526,364.32547,34460900,312.365149,-0.43,0.46,-0.44,-0.0,321.736103,296.746892
2023-07-06,360.616168,361.993648,358.658148,361.550873,49374700,312.854559,-1.02,-0.64,-1.56,-0.76,322.240196,297.211831
2023-07-07,361.324533,364.52227,360.124151,360.350433,47133700,313.327155,-0.06,0.82,-0.39,-0.33,322.72697,297.660797
2023-07-10,360.074975,361.147443,357.565993,360.468536,48498800,313.796223,-0.08,0.22,-0.77,0.03,323.21011,298.106412
2023-07-11,360.891668,362.702076,358.756551,362.249481,38214100,314.278345,0.12,0.62,-0.47,0.49,323.706696,298.564428
2023-07-12,366.352354,368.17261,364.345151,366.824646,61975400,314.801194,1.13,1.64,0.58,1.26,324.24523,299.061134
2023-07-13,370.002702,373.879345,369.422193,373.052856,46960000,315.380813,0.87,1.92,0.71,1.7,324.842237,299.611772
2023-07-14,373.485809,376.703214,372.09848,372.974182,55148500,315.953881,0.12,0.98,-0.26,-0.02,325.432497,300.156187
2023-07-17,373.692405,377.332917,373.210294,376.457214,40868900,316.555904,0.19,1.17,0.06,0.93,326.052581,300.728109
2023-07-18,375.817653,380.904527,373.88918,379.536865,55262000,317.18258,-0.17,1.18,-0.68,0.82,326.698058,301.323451
2023-07-19,380.599502,381.740851,378.120007,379.448303,54093000,317.80214,0.28,0.58,-0.37,-0.02,327.336204,301.912033
2023-07-20,376.457226,377.923286,369.67804,370.701324,71941700,318.3285,-0.79,-0.4,-2.57,-2.31,327.878355,302.412075
2023-07-21,373.082378,373.810498,369.156551,369.589478,60499600,318.838559,0.64,0.84,-0.42,-0.3,328.403716,302.896631
2023-07-24,370.563583,371.508137,368.320249,370.179871,40380100,319.349418,0.26,0.52,-0.34,0.16,328.929901,303.381947
2023-07-25,370.888254,374.351638,370.868556,372.688812,38894400,319.880158,0.19,1.13,0.19,0.68,329.476563,303.886151
2023-07-26,371.645862,373.141408,369.146699,371.449066,47075700,320.393282,-0.28,0.12,-0.95,-0.33,330.00508,304.373618
2023-07-27,376.909796,378.523407,369.274576,370.563507,63940200,320.892488,1.47,1.9,-0.59,-0.24,330.519263,304.847864
2023-07-28,374.617244,378.336456,374.105617,377.313202,56902900,321.453888,1.09,2.1,0.96,1.82,331.097505,305.381194
2023-07-31,377.618287,378.690755,376.191592,377.51004,44019900,322.011661,0.08,0.37,-0.3,0.05,331.672011,305.911078
2023-08-01,376.162077,377.391976,374.568133,376.634369,41060600,322.55517,-0.36,-0.03,-0.78,-0.23,332.231826,306.427412
2023-08-02,373.161126,373.161126,367.129698,368.369446,72687100,323.011034,-0.92,-0.92,-2.52,-2.19,332.701365,306.860482
2023-08-03,365.958797,369.904321,365.791517,367.779053,47666400,323.456487,-0.65,0.42,-0.7,-0.16,333.160181,307.283663
2023-08-04,369.707582,372.019798,365.555443,366.057251,61702800,323.880375,0.52,1.15,-0.6,-0.47,333.596786,307.686356
2023-08-07,367.867593,369.254923,365.53571,369.156525,37230400,324.330884,0.49,0.87,-0.14,0.85,334.060811,308.11434
2023-08-08,366.647606,366.667273,362.889028,366.017883,44726500,324.74568,-0.68,-0.67,-1.7,-0.85,334.48805,308.508396
2023-08-09,366.303161,366.460591,361.235985,361.993591,51150900,325.116306,0.08,0.12,-1.31,-1.1,334.869795,308.860491
2023-08-10,365.004452,368.339922,361.137657,362.66272,72035300,325.489902,0.83,1.75,-0.24,0.18,335.254599,309.215407
2023-08-11,360.104454,362.08214,358.825371,360.350433,48707200,325.836773,-0.71,-0.16,-1.06,-0.64,335.611876,309.544934
2023-08-14,359.553545,364.512505,358.835303,364.39444,42130800,326.220431,-0.22,1.16,-0.42,1.12,336.007044,309.90941
2023-08-15,363.420282,364.217284,359.8585,360.527588,45539900,326.561796,-0.27,-0.05,-1.24,-1.06,336.35865,310.233706
2023-08-16,359.986428,361.52134,356.611594,356.709991,53190500,326.861778,-0.15,0.28,-1.09,-1.06,336.667632,310.518689
2023-08-17,358.107118,358.451495,352.4004,352.813629,62604300,327.120006,0.39,0.49,-1.21,-1.09,336.933606,310.764005
2023-08-18,349.547098,353.630356,349.005925,352.370941,61191400,327.371259,-0.93,0.23,-1.08,-0.13,337.192396,311.002696
2023-08-21,353.836894,358.726972,353.374451,358.048065,50696500,327.676501,0.42,1.8,0.28,1.61,337.506796,311.292676
2023-08-22,360.655475,360.665324,356.847713,357.536469,44530200,327.973615,0.73,0.73,-0.34,-0.14,337.812823,311.574934
2023-08-23,358.717195,364.266513,358.500731,363.174347,51770600,328.323871,0.33,1.88,0.27,1.58,338.173587,311.907677
2023-08-24,366.647561,366.745929,355.204579,355.411194,66842500,328.593396,0.96,0.98,-2.19,-2.14,338.451198,312.163727
2023-08-25,356.247514,359.858479,352.813617,358.166138,69960500,328.887652,0.24,1.25,-0.73,0.78,338.754282,312.44327
2023-08-28,361.088404,361.796827,358.392475,360.862122,40910000,329.205806,0.82,1.01,0.06,0.75,339.081981,312.745516
2023-08-29,360.66529,369.097482,360.34061,368.743256,58492400,329.599214,-0.05,2.28,-0.14,2.18,339.48719,313.119253
2023-08-30,368.851512,371.380191,367.847895,370.799652,41731500,330.009168,0.03,0.72,-0.24,0.56,339.909444,313.50871
2023-08-31,370.878396,373.61369,370.809515,371.911499,35730700,330.426107,0.02,0.76,0.0,0.3,340.33889,313.904802
2023-09-01,374.282846,374.705924,370.032308,371.518036,39801200,330.834982,0.64,0.75,-0.51,-0.11,340.760031,314.293233
2023-09-05,370.711091,373.210254,369.786205,371.990204,32344200,331.244487,-0.22,0.46,-0.47,0.13,341.181821,314.682262
2023-09-06,371.212969,371.557347,366.706633,368.713806,42998700,331.617316,-0.21,-0.12,-1.42,-0.88,341.565835,315.03645
2023-09-07,364.256618,366.854178,363.213666,366.076874,52060700,331.960197,-1.21,-0.5,-1.49,-0.72,341.919003,315.362187
2023-09-08,366.02766,368.821985,365.624249,366.58847,35800100,332.304757,-0.01,0.75,-0.12,0.14,342.2739,315.689519
2023-09-11,369.619027,371.419586,367.651189,370.907959,39936600,332.688868,0.83,1.32,0.29,1.18,342.669534,316.054425
2023-09-12,369.235235,370.888242,366.509791,366.795135,41391000,333.028234,-0.45,-0.01,-1.19,-1.11,343.019081,316.376822
2023-09-13,367.031274,369.796084,365.899773,368.192291,46300700,333.378125,0.06,0.82,-0.24,0.38,343.379469,316.709219
2023-09-14,369.943679,372.187013,367.877474,371.203094,48039400,333.754493,0.48,1.08,-0.09,0.82,343.767128,317.066768
2023-09-15,369.864978,370.268388,363.91225,364.846985,69811200,334.063871,-0.36,-0.25,-1.96,-1.71,344.085787,317.360678
2023-09-18,363.906939,366.340737,363.621181,365.227295,36903500,334.373955,-0.26,0.41,-0.34,0.1,344.405174,317.655257
2023-09-19,363.907048,365.2471,361.423963,364.448975,37621700,334.673209,-0.36,0.01,-1.04,-0.21,344.713405,317.939548
2023-09-20,365.513075,365.867784,359.118177,359.197021,45514200,334.917227,0.29,0.39,-1.46,-1.44,344.964744,318.171366
2023-09-21,355.511872,356.300164,352.447468,352.61496,69734800,335.093324,-1.03,-0.81,-1.88,-1.83,345.146123,318.338658
2023-09-22,354.359007,356.497185,352.348898,352.664215,51589700,335.268159,0.49,1.1,-0.08,0.01,345.326203,318.504751
2023-09-25,351.698551,354.427971,350.713208,354.339264,39168000,335.457921,-0.27,0.5,-0.55,0.47,345.521658,318.685025
2023-09-26,351.757655,352.299612,348.033059,349.018402,53657700,335.592851,-0.73,-0.58,-1.78,-1.5,345.660636,318.813208
2023-09-27,350.171256,351.747811,346.210157,349.836243,56066000,335.734576,0.33,0.78,-0.8,0.23,345.806613,318.947847
2023-09-28,348.919863,354.891071,348.06262,352.762726,56453300,335.904011,-0.26,1.44,-0.51,0.84,345.981131,319.10881
2023-09-29,356.240982,357.630319,351.787211,353.01889,64829600,336.074308,0.99,1.38,-0.28,0.07,346.156537,319.270592
2023-10-02,353.284984,357.364289,352.674076,355.965118,51625100,336.272226,0.08,1.23,-0.1,0.83,346.360393,319.458615
2023-10-03,353.521428,355.718754,348.10204,349.718018,60478500,336.406015,-0.69,-0.07,-2.21,-1.75,346.498196,319.585715
2023-10-04,350.555557,355.324615,350.092444,354.477234,54786700,336.585828,0.24,1.6,0.11,1.36,346.683403,319.756537
2023-10-05,354.467338,354.871332,349.934783,353.432739,45897400,336.753459,-0.0,0.11,-1.28,-0.29,346.856063,319.915786
2023-10-06,350.437361,360.546993,349.649098,359.354736,75049100,336.978348,-0.85,2.01,-1.07,1.68,347.087698,320.12943
2023-10-09,356.989837,361.729335,355.492126,361.187408,45304800,337.219234,-0.66,0.66,-1.07,0.51,347.335811,320.358272
2023-10-10,361.52242,365.838228,361.019916,363.187653,46968800,337.477626,0.09,1.29,-0.05,0.55,347.601955,320.603745
2023-10-11,364.517845,365.966301,362.793495,365.779083,38215100,337.759233,0.37,0.77,-0.11,0.71,347.89201,320.871271
2023-10-12,366.281631,368.262151,362.113619,364.507996,49587900,338.02539,0.14,0.68,-1.0,-0.35,348.166151,321.12412
2023-10-13,365.138714,365.720063,358.527038,359.926239,52469900,338.243308,0.17,0.33,-1.64,-1.26,348.390608,321.331143
2023-10-16,361.24655,365.049991,361.098755,363.995667,44201100,338.499551,0.37,1.42,0.33,1.13,348.654537,321.574573
2023-10-17,360.448451,364.498228,358.329969,362.803436,50999100,338.74138,-0.97,0.14,-1.56,-0.33,348.903622,321.804311
2023-10-18,360.310436,362.517595,356.713909,358.044128,54280500,338.933448,-0.69,-0.08,-1.68,-1.31,349.101451,321.986775
2023-10-19,359.46312,360.655377,353.895936,354.694061,72274200,339.09027,0.4,0.73,-1.16,-0.94,349.262978,322.135756
2023-10-20,354.191464,354.762979,349.17607,349.40271,72559700,339.192881,-0.14,0.02,-1.56,-1.49,349.368667,322.233237
2023-10-23,348.082351,353.99441,345.973702,350.457031,60665200,339.304962,-0.38,1.31,-0.98,0.3,349.484111,322.339714
2023-10-24,352.270082,354.6349,350.57529,353.866333,47082100,339.449851,0.52,1.19,0.03,0.97,349.633347,322.477359
2023-10-25,351.471969,351.649323,344.623821,345.20517,71190500,339.507118,-0.68,-0.63,-2.61,-2.45,349.692332,322.531762
2023-10-26,344.002981,344.939069,337.332219,338.623016,78621400,339.498321,-0.35,-0.08,-2.28,-1.91,349.683271,322.523405
2023-10-27,341.35245,343.727131,339.036888,340.248871,63476700,339.505789,0.81,1.51,0.12,0.48,349.690963,322.5305
2023-10-30,342.731872,345.402174,341.372124,344.081818,55298500,339.551322,0.73,1.51,0.33,1.13,349.737862,322.573756
2023-10-31,344.111439,346.101822,341.539678,345.727386,47671900,339.612775,0.01,0.59,-0.74,0.48,349.801159,322.632137
2023-11-01,346.56487,352.289711,346.466329,351.728058,58992700,339.733325,0.24,1.9,0.21,1.74,349.925325,322.746659
2023-11-02,356.240983,358.349601,355.019137,358.113129,58162400,339.916209,1.28,1.88,0.94,1.82,350.113695,322.920399
2023-11-03,359.403949,363.611354,359.177309,362.320557,53280500,340.139138,0.36,1.54,0.3,1.17,350.343312,323.132181
2023-11-06,363.089136,364.360237,361.532306,363.798584,38848700,340.374555,0.21,0.56,-0.22,0.41,350.585792,323.355827
2023-11-07,364.84305,368.104534,363.64093,367.237457,50777400,340.641848,0.29,1.18,-0.04,0.95,350.861103,323.609755
2023-11-08,367.61187,368.311486,365.187934,367.473938,35663400,340.908834,0.1,0.29,-0.56,0.06,351.136099,323.863392
2023-11-09,368.163617,369.306589,364.153263,364.645935,53859400,341.145024,0.19,0.5,-0.9,-0.77,351.379375,324.087773
2023-11-10,366.370283,372.99179,365.838189,372.843994,58309800,341.460436,0.47,2.29,0.33,2.25,351.70425,324.387415
2023-11-13,371.267508,372.73566,369.740208,371.681335,40733500,341.761142,-0.42,-0.03,-0.83,-0.31,352.013976,324.673085
2023-11-14,378.08603,380.598674,377.5638,379.682281,67792600,342.138467,1.72,2.4,1.58,2.15,352.402621,325.031543
2023-11-15,381.574162,382.066834,378.60827,379.968048,54141400,342.51488,0.5,0.63,-0.28,0.08,352.790327,325.389136
2023-11-16,379.199466,380.529686,377.938228,380.293213,45343500,342.890784,-0.2,0.15,-0.53,0.09,353.177508,325.746245
2023-11-17,379.564137,381.396891,378.657638,380.381989,46571900,343.263831,-0.19,0.29,-0.43,0.02,353.561746,326.100639
2023-11-20,380.391769,385.673224,380.391769,385.013031,44429600,343.679246,0.0,1.39,0.0,1.22,353.989623,326.495284
2023-11-21,383.308431,383.525207,381.03229,382.776337,43337000,344.068272,-0.44,-0.39,-1.03,-0.58,354.39032,326.864858
2023-11-22,384.845522,387.30888,383.337948,384.342987,44121000,344.469015,0.54,1.18,0.15,0.41,354.803086,327.245564
2023-11-24,383.938927,384.530139,382.805789,383.800995,15718800,344.860378,-0.11,0.05,-0.4,-0.14,355.20619,327.617359
2023-11-27,383.308375,385.416994,382.589064,383.466034,34139700,345.244514,-0.13,0.42,-0.32,-0.09,355.601849,327.982288
2023-11-28,382.71716,385.052418,382.36242,384.471069,35491100,345.634828,-0.2,0.41,-0.29,0.26,356.003873,328.353087
2023-11-29,386.934443,388.363202,383.751773,384.096649,38811700,346.017533,0.64,1.01,-0.19,-0.1,356.398059,328.716656
2023-11-30,384.362691,384.825804,380.165149,383.131012,52834400,346.386821,0.07,0.19,-1.02,-0.25,356.778426,329.06748
2023-12-01,382.066888,384.816005,380.411518,384.224792,40490100,346.763318,-0.28,0.44,-0.71,0.29,357.166218,329.425152
2023-12-04,380.431136,380.933671,377.051416,380.657776,51186900,347.100577,-0.99,-0.86,-1.87,-0.93,357.513594,329.745548
2023-12-05,378.756097,382.805843,378.578712,381.613586,42933000,347.44399,-0.5,0.56,-0.55,0.25,357.867309,330.07179
2023-12-06,384.549896,384.648436,379.061557,379.406403,41994100,347.762024,0.77,0.8,-0.67,-0.58,358.194884,330.373922
2023-12-07,382.382185,385.535265,381.288438,384.707581,49593500,348.129641,0.78,1.62,0.5,1.4,358.57353,330.723159
2023-12-08,382.973327,386.865414,382.786109,386.422028,46687500,348.51066,-0.45,0.56,-0.5,0.45,358.96598,331.085127
2023-12-11,385.998395,389.989054,385.791482,389.722992,41198000,348.920733,-0.11,0.92,-0.16,0.85,359.388355,331.474696
2023-12-12,389.762349,392.945019,388.629211,392.826782,39221200,349.357609,0.01,0.83,-0.28,0.8,359.838337,331.889728
2023-12-13,393.7629,398.433418,392.994333,397.82251,55408100,349.839847,0.24,1.43,0.04,1.27,360.335042,332.347854
2023-12-14,399.044323,400.344953,394.472316,397.477631,55447800,350.313855,0.31,0.63,-0.84,-0.09,360.82327,332.798162
2023-12-15,398.256076,400.581502,397.655031,399.399078,62896600,350.802265,0.2,0.78,0.04,0.48,361.326333,333.262151
2023-12-18,399.79196,402.81313,399.46616,401.914673,46610000,351.310846,0.1,0.85,0.02,0.63,361.850171,333.745304
2023-12-19,402.368914,404.086826,402.181322,403.968353,35711900,351.834801,0.11,0.54,0.07,0.51,362.389845,334.243061
2023-12-20,403.168604,405.2617,397.787745,397.965454,54042400,352.293813,-0.2,0.32,-1.53,-1.49,362.862627,334.679122
2023-12-21,401.894965,402.961278,399.337832,402.595947,45568900,352.794331,0.99,1.26,0.34,1.16,363.378161,335.154615
2023-12-22,403.81037,404.768064,401.322357,403.198242,34314000,353.295863,0.3,0.54,-0.32,0.15,363.894739,335.63107
2023-12-26,404.057151,406.337838,403.958414,405.666473,22722500,353.816963,0.21,0.78,0.19,0.61,364.431472,336.126115
2023-12-27,405.948984,406.778758,405.089546,406.492279,31980500,354.341096,0.07,0.27,-0.14,0.2,364.971329,336.624041
2023-12-28,407.648092,407.89505,405.939134,406.294739,27029200,354.858048,0.28,0.35,-0.14,-0.05,365.503789,337.115145
2023-12-29,406.27503,406.630665,402.620044,404.536438,42662100,355.35236,-0.0,0.08,-0.9,-0.43,366.012931,337.584742
2024-01-02,400.901184,401.148142,395.369327,397.690735,58026900,355.773637,-0.9,-0.84,-2.27,-1.69,366.446846,337.984955
2024-01-03,395.06311,396.120096,393.047957,393.482574,47002800,356.148851,-0.66,-0.39,-1.17,-1.06,366.833316,338.341408
2024-01-04,391.615576,394.727236,391.240196,391.45752,39432800,356.500181,-0.47,0.32,-0.57,-0.51,367.195186,338.675172
2024-01-05,391.625507,394.697646,390.529,391.921844,44922800,356.852635,0.04,0.83,-0.24,0.12,367.558214,339.010003
2024-01-08,393.146741,400.308513,392.998572,400.022064,42473800,357.282182,0.31,2.14,0.27,2.07,368.000647,339.418072
2024-01-09,397.019051,401.74088,396.821472,400.812317,39132900,357.715317,-0.75,0.43,-0.8,0.2,368.446777,339.829551
2024-01-10,401.128418,404.536416,400.239376,403.528839,33962800,358.171173,0.08,0.93,-0.14,0.68,368.916308,340.262615
2024-01-11,404.803148,406.195993,399.320669,404.3685,54536200,358.630848,0.32,0.66,-1.04,0.21,369.389774,340.699306
2024-01-12,405.405702,406.245364,403.183083,404.575928,39595000,359.088013,0.26,0.46,-0.29,0.05,369.860653,341.133612
2024-01-16,403.341171,406.116973,401.879171,404.536438,43903000,359.540236,-0.31,0.38,-0.67,-0.01,370.326443,341.563224
2024-01-17,401.227194,402.629897,398.016745,402.254517,54386000,359.965254,-0.82,-0.47,-1.61,-0.56,370.764212,341.966991
2024-01-18,405.524229,408.546989,404.180794,407.964172,59562500,360.442855,0.81,1.56,0.48,1.42,371.256141,342.420712
2024-01-19,410.167042,416.212561,409.584226,416.054504,70325100,360.996205,0.54,2.02,0.4,1.98,371.826091,342.946395
2024-01-22,418.257388,419.561331,415.995247,416.597839,44880600,361.549455,0.53,0.84,-0.01,0.13,372.395939,343.471982
2024-01-23,417.289328,418.543893,415.451978,418.326569,33003800,362.114401,0.17,0.47,-0.28,0.41,372.977833,344.008681
2024-01-24,422.238372,424.619048,420.154034,420.647949,46948000,362.696825,0.94,1.5,0.44,0.55,373.577729,344.561983
2024-01-25,423.147171,423.818919,418.820498,421.161652,44367200,363.278564,0.59,0.75,-0.43,0.12,374.176921,345.114636
2024-01-26,419.274804,421.023253,418.000494,418.652466,37137000,363.829548,-0.45,-0.03,-0.75,-0.6,374.744435,345.638071
2024-01-29,419.10694,423.137306,418.454968,422.939728,38694700,364.417709,0.11,1.07,-0.05,1.02,375.350241,346.196824
2024-01-30,421.902503,422.475432,419.215602,420.12439,36739000,364.972005,-0.25,-0.11,-0.88,-0.67,375.921165,346.723404
2024-01-31,415.72854,417.723947,411.71795,411.895752,64010600,365.438908,-1.05,-0.57,-2.0,-1.96,376.402075,347.166962
2024-02-01,413.693609,417.239918,412.725524,416.746002,51008600,365.949426,0.44,1.3,0.2,1.18,376.927909,347.651955
2024-02-02,418.642596,425.004227,417.644908,423.789215,59602400,366.524946,0.46,1.98,0.22,1.69,377.520695,348.198699
2024-02-05,423.848504,424.38191,419.828026,423.236053,39889200,367.089236,0.01,0.14,-0.93,-0.13,378.101913,348.734774
2024-02-06,424.381912,424.984505,420.045351,422.386505,35846100,367.639457,0.27,0.41,-0.75,-0.2,378.668641,349.257485
2024-02-07,425.172212,427.562745,423.868268,426.732971,37712700,368.227453,0.66,1.23,0.35,1.03,379.274276,349.81608
2024-02-08,426.851476,428.283843,426.169901,427.523224,29889900,368.81746,0.03,0.36,-0.13,0.19,379.881984,350.376587
2024-02-09,428.659276,432.521697,427.869023,431.731415,36943900,369.44347,0.27,1.17,0.08,0.98,380.526774,350.971296
2024-02-12,431.622741,433.79598,429.3606,430.042206,33203300,370.046442,-0.03,0.48,-0.55,-0.39,381.147836,351.54412
2024-02-13,422.080274,426.021709,420.153992,423.334808,64491700,370.576675,-1.85,-0.93,-2.3,-1.56,381.693975,352.047841
2024-02-14,426.011828,428.372727,423.660786,427.947968,45092700,371.147533,0.63,1.19,0.08,1.09,382.281959,352.590157
2024-02-15,428.639504,429.686602,426.080996,429.222321,38796100,371.725392,0.16,0.41,-0.44,0.3,382.877154,353.139122
2024-02-16,429.597697,429.696456,424.619022,425.330261,53716500,372.258774,0.09,0.11,-1.07,-0.91,383.426537,353.645835
2024-02-20,423.334824,424.846204,418.346292,422.119812,53999500,372.754904,-0.47,-0.11,-1.64,-0.75,383.937551,354.117158
2024-02-21,419.383566,420.519595,416.499117,420.430664,49779000,373.229289,-0.65,-0.38,-1.33,-0.4,384.426168,354.567825
2024-02-22,429.202533,433.776193,428.432026,432.738983,53887800,373.821425,2.09,3.17,1.9,2.93,385.036068,355.130354
2024-02-23,434.29976,435.228324,430.486748,431.464691,39853900,374.39499,0.36,0.58,-0.52,-0.29,385.62684,355.675241
2024-02-26,432.274698,433.262528,431.049767,431.237457,33043200,374.960587,0.19,0.42,-0.1,-0.05,386.209405,356.212558
2024-02-27,432.343814,432.659896,429.735926,432.274658,33713200,375.530876,0.26,0.33,-0.35,0.24,386.796803,356.754332
2024-02-28,430.131079,431.356009,429.014826,429.973022,32938800,376.072589,-0.5,-0.21,-0.75,-0.53,387.354767,357.26896
2024-02-29,432.897066,434.734416,429.726107,433.657684,42495200,376.645575,0.68,1.11,-0.06,0.86,387.944942,357.813296
2024-03-01,434.54669,441.145392,434.487423,440.187195,43853000,377.27783,0.21,1.73,0.19,1.51,388.596165,358.413939
2024-03-04,440.187224,440.612014,438.369619,438.616577,34325700,377.888166,0.0,0.1,-0.41,-0.36,389.224811,358.993758
2024-03-05,435.574067,435.583955,428.372773,430.743561,57917100,378.41409,-0.69,-0.69,-2.34,-1.79,389.766513,359.493386
2024-03-06,434.961636,436.611297,431.573384,433.450256,46234500,378.961714,0.98,1.36,0.19,0.63,390.330565,360.013628
2024-03-07,437.036049,441.283709,435.495006,440.029175,44526700,379.56935,0.83,1.81,0.47,1.52,390.956431,360.590883
2024-03-08,440.384777,443.180355,433.005681,433.677399,72096000,380.107739,0.08,0.72,-1.6,-1.44,391.510971,361.102352
2024-03-11,432.185765,433.321764,430.140949,432.06723,45860000,380.624749,-0.34,-0.08,-0.82,-0.37,392.043491,361.593511
2024-03-12,434.378819,438.616591,431.148593,438.260986,55300900,381.198243,0.54,1.52,-0.21,1.43,392.634191,362.138331
2024-03-13,437.263213,437.282989,433.776172,434.892426,37928700,381.732514,-0.23,-0.22,-1.02,-0.77,393.184489,362.645888
2024-03-14,436.127287,436.650836,431.079486,433.796021,52195200,382.250559,0.28,0.4,-0.88,-0.25,393.718076,363.138031
2024-03-15,430.763356,433.52927,427.473863,428.639526,73069800,382.712141,-0.7,-0.06,-1.46,-1.19,394.193505,363.576534
2024-03-18,433.964052,436.248956,432.490217,432.727631,47323800,383.209807,1.24,1.78,0.9,0.95,394.706101,364.049317
2024-03-19,430.719653,434.211305,428.622658,433.805756,43004100,383.713249,-0.46,0.34,-0.95,0.25,395.224647,364.527587
2024-03-20,435.002603,439.285552,433.301286,438.949249,43653500,384.262861,0.28,1.26,-0.12,1.19,395.790747,365.049718
2024-03-21,444.00374,444.458734,440.828619,441.026428,39345700,384.827673,1.15,1.26,0.43,0.47,396.372503,365.586289
2024-03-22,440.512165,442.628903,439.661492,441.530975,28253900,385.391885,-0.12,0.36,-0.31,0.11,396.953641,366.122291
2024-03-25,438.73162,441.412203,437.732612,439.928497,27789200,385.934538,-0.63,-0.03,-0.86,-0.36,397.512574,366.637811
2024-03-26,441.45179,442.37171,438.276669,438.504181,34142000,386.457619,0.35,0.56,-0.38,-0.32,398.051347,367.134738
2024-03-27,441.590298,441.689218,437.129281,439.997772,41359200,386.990357,0.7,0.73,-0.31,0.34,398.600067,367.640839
2024-03-28,439.948301,440.798974,438.830571,439.186676,36839600,387.509723,-0.01,0.18,-0.27,-0.18,399.135015,368.134237
2024-04-01,440.136227,442.668415,438.207398,440.116455,38729000,388.033173,0.22,0.79,-0.22,0.21,399.674168,368.631514
2024-04-02,435.299306,436.634646,433.271587,436.318115,44259700,388.51362,-1.09,-0.79,-1.56,-0.86,400.169029,369.087939
2024-04-03,434.19152,439.176778,434.181649,437.297424,39949800,388.999031,-0.49,0.66,-0.49,0.22,400.669002,369.54908
2024-04-04,441.481444,442.094735,430.383327,430.61084,57267700,389.413079,0.96,1.1,-1.58,-1.53,401.095471,369.942425
2024-04-05,432.035232,438.355832,431.224133,435.68515,54744600,389.873498,0.33,1.8,0.14,1.18,401.569703,370.379823
2024-04-08,436.614889,437.693044,434.428905,435.81369,28144900,390.330614,0.21,0.46,-0.29,0.03,402.040532,370.814083
2024-04-09,438.148045,438.425003,432.688021,437.425995,39443600,390.799225,0.54,0.6,-0.72,0.37,402.523202,371.259264
2024-04-10,432.252828,434.468485,431.540648,433.607941,61502200,391.225182,-1.18,-0.68,-1.35,-0.87,402.961938,371.663923
2024-04-11,435.477386,441.481423,433.202353,440.53186,45474600,391.715796,0.43,1.82,-0.09,1.6,403.46727,372.130006
2024-04-12,436.308277,437.435877,432.134118,433.509003,53665000,392.131649,-0.96,-0.7,-1.91,-1.59,403.895598,372.525066
2024-04-15,437.257824,437.346843,425.536547,426.377319,63453600,392.472402,0.86,0.89,-1.84,-1.65,404.246574,372.848782
2024-04-16,426.219061,429.048008,425.032115,426.416901,47619000,392.810158,-0.04,0.63,-0.32,0.01,404.594463,373.16965
2024-04-17,428.395194,428.414966,420.284259,421.21405,56880500,393.092784,0.46,0.47,-1.44,-1.22,404.885567,373.438144
2024-04-18,421.856984,423.587973,418.236739,418.810455,46549400,393.348681,0.15,0.56,-0.71,-0.57,405.149141,373.681247
2024-04-19,417.633373,418.157614,408.582776,410.145599,75231000,393.515814,-0.28,-0.16,-2.44,-2.07,405.321289,373.840024
2024-04-22,412.776749,416.604704,409.443362,414.270355,47807700,393.722327,0.64,1.57,-0.17,1.01,405.533997,374.036211
2024-04-23,416.199147,421.649301,414.319792,420.452454,44384700,393.988299,0.47,1.78,0.01,1.49,405.807948,374.288884
2024-04-24,423.548383,425.061761,419.591836,421.87674,48440300,394.265796,0.74,1.1,-0.2,0.34,406.093769,374.552506
2024-04-25,414.685717,420.699686,413.597691,419.839142,57392200,394.520257,-1.7,-0.28,-1.96,-0.48,406.355864,374.794244
2024-04-26,422.974706,427.851143,422.282328,426.317993,41874900,394.836652,0.75,1.91,0.58,1.54,406.681752,375.09482
2024-04-29,428.424888,429.048049,425.309113,428.049011,30022200,395.167123,0.49,0.64,-0.24,0.41,407.022137,375.408767
2024-04-30,426.466397,427.861084,419.898543,419.977661,43665900,395.413994,-0.37,-0.04,-1.9,-1.89,407.276414,375.643295
2024-05-01,418.553277,425.467365,416.090336,416.940979,52251700,395.628193,-0.34,1.31,-0.93,-0.72,407.497039,375.846784
2024-05-02,420.679887,423.16263,416.060635,422.262512,36559000,395.893211,0.9,1.49,-0.21,1.28,407.770008,376.098551
2024-05-03,429.720618,431.738465,427.920382,430.749329,48515300,396.240038,1.77,2.24,1.34,2.01,408.12724,376.428036
2024-05-06,432.549533,435.556517,431.778007,435.467499,30227200,396.630361,0.42,1.12,0.24,1.1,408.529272,376.798843
2024-05-07,435.912651,437.168844,434.804792,435.536774,30996100,397.01749,0.1,0.39,-0.15,0.02,408.928015,377.166615
2024-05-08,432.91555,436.684159,432.796828,435.279572,24896700,397.398207,-0.6,0.26,-0.63,-0.06,409.320153,377.528297
2024-05-09,435.546619,436.802842,433.696938,436.229126,24580100,397.784584,0.06,0.35,-0.36,0.22,409.718122,377.895355
2024-05-10,437.732701,439.483462,435.714853,437.257904,27116600,398.177354,0.34,0.75,-0.12,0.24,410.122674,378.268486
2024-05-13,439.166842,439.265761,436.852265,438.266724,22994200,398.576253,0.44,0.46,-0.09,0.23,410.533541,378.64744
2024-05-14,437.841417,441.619927,437.653479,441.085785,34478300,398.999233,-0.1,0.77,-0.14,0.64,410.96921,379.049272
2024-05-15,443.558629,448.227356,442.045251,447.980072,41464700,399.486605,0.56,1.62,0.22,1.56,411.471203,379.512275
2024-05-16,447.792119,449.750621,446.901902,447.070068,34780400,399.960072,-0.04,0.4,-0.24,-0.2,411.958874,379.962069
2024-05-17,447.198682,447.802072,444.656623,446.852509,35803700,400.426664,0.03,0.16,-0.54,-0.05,412.439463,380.40533
2024-05-20,447.070037,450.630905,446.882099,449.968201,24474200,400.919614,0.05,0.85,0.01,0.7,412.947203,380.873633
2024-05-21,448.118605,451.036541,447.920765,450.848602,23167700,401.41642,-0.41,0.24,-0.46,0.2,413.458913,381.345599
2024-05-22,451.105786,451.85754,448.158148,450.759583,25120000,401.907397,0.06,0.22,-0.6,-0.02,413.964619,381.812027
2024-05-23,455.54701,455.576683,446.941537,448.731873,40899200,402.373312,1.06,1.07,-0.85,-0.45,414.444511,382.254646
2024-05-24,450.344142,454.241344,448.642826,452.97525,29669500,402.876814,0.36,1.23,-0.02,0.95,414.963118,382.732973
2024-05-28,454.191894,454.745808,451.728953,454.686462,26216800,403.392333,0.27,0.39,-0.28,0.38,415.494103,383.222716
2024-05-29,450.532065,453.262063,450.393572,451.481628,29739200,403.870833,-0.91,-0.31,-0.94,-0.7,415.986958,383.677292
2024-05-30,450.551878,450.690372,445.319336,446.644775,30536800,404.296445,-0.21,-0.18,-1.36,-1.07,416.425338,384.081622
2024-05-31,446.872257,447.564665,438.246982,445.813873,55941300,404.709553,0.05,0.21,-1.88,-0.19,416.85084,384.474076
2024-06-03,449.63194,450.630948,443.034384,448.207581,32997500,405.142369,0.86,1.08,-0.62,0.54,417.296641,384.885251
2024-06-04,447.950407,450.63096,446.229319,449.434113,23767400,405.583083,-0.06,0.54,-0.44,0.27,417.750576,385.303929
2024-06-05,453.004931,458.573747,449.473705,458.494629,33817400,406.109566,0.79,2.03,0.01,2.02,418.292853,385.804088
2024-06-06,459.177107,459.493638,457.16916,458.336334,21966800,406.629236,0.15,0.22,-0.29,-0.03,418.828113,386.297774
2024-06-07,457.97036,460.680585,456.822958,457.930786,25829700,407.139699,-0.08,0.51,-0.33,-0.09,419.35389,386.782714
2024-06-10,456.803236,460.136623,456.516378,459.780518,20660800,407.663488,-0.25,0.48,-0.31,0.4,419.893393,387.280314
2024-06-11,458.504508,463.054543,457.010901,462.935822,22053300,408.213462,-0.28,0.71,-0.6,0.69,420.459865,387.802789
2024-06-12,466.862698,471.323715,466.17032,468.999237,34532600,408.818295,0.85,1.81,0.7,1.31,421.082844,388.37738
2024-06-13,472.530458,473.193193,469.266318,471.541321,25859000,409.442405,0.75,0.89,0.06,0.54,421.725677,388.970285
2024-06-14,471.343519,474.053774,470.878623,473.984528,23372600,410.084615,-0.04,0.53,-0.14,0.52,422.387154,389.580384
2024-06-17,474.251508,481.571114,472.94587,479.79068,37054500,410.778208,0.06,1.6,-0.22,1.22,423.101554,390.239297
2024-06-18,479.741339,480.621655,478.178485,479.939148,24438600,411.466376,-0.01,0.17,-0.34,0.03,423.810368,390.893058
2024-06-20,481.135955,481.551376,474.409806,476.239716,33918700,412.110887,0.25,0.34,-1.15,-0.77,424.474214,391.505343
2024-06-21,475.962783,477.298124,473.470169,474.963745,37456800,412.736289,-0.06,0.22,-0.58,-0.27,425.118377,392.099474
2024-06-24,473.737251,475.470992,469.417774,469.556458,37751000,413.301664,-0.26,0.11,-1.17,-1.14,425.700713,392.63658
2024-06-25,471.646872,475.223318,470.705687,474.926117,29014700,413.914842,0.45,1.21,0.24,1.14,426.332287,393.2191
2024-06-26,474.103793,476.451799,473.687712,475.906891,22737100,414.531679,-0.17,0.32,-0.26,0.21,426.967629,393.805095
2024-06-27,475.659229,478.611553,474.84684,477.135376,26222100,415.154601,-0.05,0.57,-0.22,0.26,427.609239,394.396871
2024-06-28,477.927958,482.673463,474.014645,474.6586,34881600,415.74668,0.17,1.16,-0.65,-0.52,428.219081,394.959346
2024-07-01,475.579967,478.007186,471.835088,477.442505,24898300,416.360569,0.19,0.71,-0.59,0.59,428.851386,395.542541
2024-07-02,475.94651,482.514915,475.817713,482.455475,26723600,417.01823,-0.31,1.06,-0.34,1.05,429.528777,396.167319
2024-07-03,481.702558,486.60658,481.702558,486.477783,18064900,417.70937,-0.16,0.86,-0.16,0.83,430.240651,396.823901
2024-07-05,487.319885,491.986116,487.022654,491.550201,28495900,418.444105,0.17,1.13,0.11,1.04,430.997428,397.521899
2024-07-08,491.916736,493.274002,490.896307,492.719208,22109400,419.18316,0.07,0.35,-0.13,0.24,431.758655,398.224002
2024-07-09,494.234989,495.354495,491.629419,493.145203,25614500,419.919101,0.31,0.53,-0.22,0.09,432.516674,398.923146
2024-07-10,495.067244,498.841843,493.759531,498.287048,28046900,420.698882,0.39,1.16,0.12,1.04,433.319848,399.663937
2024-07-11,498.39601,498.604051,486.170664,487.359497,49966600,421.362171,0.02,0.06,-2.43,-2.19,434.003036,400.294063
2024-07-12,487.93409,494.978017,487.468456,490.222626,37109400,422.04735,0.12,1.56,0.02,0.59,434.70877,400.944982
2024-07-15,491.99597,496.355114,489.499395,491.540253,31151400,422.738822,0.36,1.25,-0.15,0.27,435.420986,401.601881
2024-07-16,492.996591,493.80898,488.568121,491.728485,25950600,423.425286,0.3,0.46,-0.6,0.04,436.128044,402.254022
2024-07-17,483.743379,484.258537,477.224527,477.293854,56268800,423.961292,-1.62,-1.52,-2.95,-2.94,436.68013,402.763227
2024-07-18,481.018956,481.197276,471.84498,475.035065,49347400,424.469488,0.78,0.82,-1.14,-0.47,437.203573,403.246014
2024-07-19,474.69823,477.21464,469.536645,470.824554,42042900,424.930733,-0.07,0.46,-1.16,-0.89,437.678655,403.684196
2024-07-22,476.68955,478.859205,473.271591,477.838776,40300000,425.457181,1.25,1.71,0.52,1.49,438.220896,404.184322
2024-07-23,476.93724,479.929171,475.679051,476.154572,23282500,425.961633,-0.19,0.44,-0.45,-0.35,438.740482,404.663551
2024-07-24,469.417742,469.784299,458.212826,459.074738,58818600,426.291116,-1.41,-1.34,-3.77,-3.59,439.07985,404.97656
2024-07-25,459.411583,463.592376,451.396751,454.012207,59256800,426.566948,0.07,0.98,-1.67,-1.1,439.363956,405.238601
2024-07-26,458.351514,461.601039,455.498268,458.668549,39992100,426.886367,0.96,1.67,0.33,1.03,439.692958,405.542049
2024-07-29,461.383086,463.562658,457.331089,459.589905,28218500,427.211775,0.59,1.07,-0.29,0.2,440.028128,405.851186
2024-07-30,461.52182,462.225215,449.930512,453.279114,41317200,427.471152,0.42,0.57,-2.1,-1.37,440.295286,406.097594
2024-07-31,463.523017,468.397319,462.076591,466.693298,44552100,427.861422,2.26,3.34,1.94,2.96,440.697264,406.468351
2024-08-01,467.376898,471.131663,451.743511,455.389313,56653900,428.135331,0.15,0.95,-3.2,-2.42,440.979391,406.728565
2024-08-02,446.700851,449.355944,440.340485,444.580719,66323200,428.298967,-1.91,-1.32,-3.3,-2.37,441.147936,406.884019
2024-08-05,420.764079,438.180763,419.515806,431.325043,87483500,428.329077,-5.36,-1.44,-5.64,-2.98,441.178949,406.912623
2024-08-06,433.167701,442.916274,430.522495,435.44632,63164400,428.399895,0.43,2.69,-0.19,0.96,441.251892,406.979901
2024-08-07,442.341672,444.828361,430.334283,430.73056,54929200,428.423086,1.58,2.15,-1.17,-1.08,441.275779,407.001932
2024-08-08,436.962163,444.818479,433.088487,443.907043,47890100,428.577155,1.45,3.27,0.55,3.06,441.43447,407.148298
2024-08-09,442.589365,447.859945,441.469859,446.225281,33574000,428.752759,-0.3,0.89,-0.55,0.52,441.615341,407.315121
2024-08-12,447.196105,450.148398,444.382465,447.186188,27795000,428.936176,0.22,0.88,-0.41,0.22,441.804261,407.489367
2024-08-13,451.584963,458.549646,451.446249,458.282135,40084500,429.228175,0.98,2.54,0.95,2.48,442.105021,407.766767
2024-08-14,459.203538,460.788648,454.140999,458.430786,34733700,429.518749,0.2,0.55,-0.9,0.03,442.404311,408.042811
2024-08-15,464.40479,470.408485,464.028316,470.012207,38280600,429.921669,1.3,2.61,1.22,2.53,442.819319,408.425585
2024-08-16,468.228934,471.98373,467.267945,470.616547,38383600,430.326593,-0.38,0.42,-0.58,0.13,443.236391,408.810263
2024-08-19,470.755252,476.83819,468.971958,476.798553,23737700,430.789,0.03,1.32,-0.35,1.31,443.71267,409.24955
2024-08-20,475.887103,478.453036,474.103809,475.797943,29209300,431.236851,-0.19,0.35,-0.57,-0.21,444.173956,409.675008
2024-08-21,476.58055,479.869711,474.866642,478.01709,25658800,431.702326,0.16,0.86,-0.2,0.47,444.653395,410.117209
2024-08-22,480.335376,481.028884,469.407856,470.438202,37739600,432.087757,0.48,0.63,-1.8,-1.59,445.05039,410.483369
2024-08-23,474.787396,478.254877,470.864196,475.540344,36061500,432.520121,0.92,1.66,0.09,1.08,445.495725,410.894115
2024-08-26,474.995506,475.916858,468.84318,470.923676,27452600,432.902246,-0.11,0.08,-1.41,-0.97,445.889314,411.257134
2024-08-27,469.28893,473.400366,467.327315,472.330414,27510000,433.294566,-0.35,0.53,-0.76,0.3,446.293403,411.629838
2024-08-28,471.864839,472.588037,463.542889,466.970734,37372400,433.629652,-0.1,0.05,-1.86,-1.13,446.638542,411.94817
2024-08-29,468.882824,473.489615,465.009147,466.28717,41081500,433.954603,0.41,1.4,-0.42,-0.15,446.973241,412.256873
2024-08-30,470.626418,472.469122,466.138507,471.844971,33466500,434.331621,0.93,1.33,-0.03,1.19,447.36157,412.61504
2024-09-03,468.803539,468.932306,455.141652,457.519348,44985200,434.562345,-0.64,-0.62,-3.54,-3.04,447.599215,412.834228
2024-09-04,454.408527,460.134824,453.477258,456.330475,32505100,434.778943,-0.68,0.57,-0.88,-0.26,447.822312,413.039996
2024-09-05,454.705756,461.036371,453.685327,456.756531,34452400,434.997626,-0.36,1.03,-0.58,0.09,448.047555,413.247745
2024-09-06,456.053046,456.934792,444.025855,444.52121,50624400,435.092388,-0.15,0.04,-2.79,-2.68,448.14516,413.337769
2024-09-09,448.850623,451.228319,445.640736,450.23761,32981200,435.243087,0.97,1.51,0.25,1.29,448.300379,413.480932
2024-09-10,452.001091,454.903892,448.028369,454.398621,29680300,435.433689,0.39,1.04,-0.49,0.92,448.4967,413.662005
2024-09-11,455.637015,465.009115,447.087191,464.266083,57843000,435.720578,0.27,2.34,-1.61,2.17,448.792196,413.93455
2024-09-12,464.295786,469.635722,462.512522,468.823334,40067800,436.049959,0.01,1.16,-0.38,0.98,449.131458,414.247461
2024-09-13,468.090262,472.102622,467.862388,470.923676,29111800,436.396961,-0.16,0.7,-0.2,0.45,449.48887,414.577113
2024-09-16,468.793616,469.457374,465.524289,468.84314,22585600,436.719809,-0.45,-0.31,-1.15,-0.44,449.821403,414.883818
2024-09-17,471.864793,473.162619,466.594214,469.09079,30084400,437.041908,0.64,0.92,-0.48,0.05,450.153165,415.189813
2024-09-18,470.289597,474.3812,466.455527,467.059875,39909200,437.340594,0.26,1.13,-0.56,-0.43,450.460812,415.473565
2024-09-19,478.126109,481.712501,476.02581,478.869141,52782500,437.753814,2.37,3.14,1.92,2.53,450.886428,415.866123
2024-09-20,478.007195,479.196058,473.856122,477.957672,34577700,438.153852,-0.18,0.07,-1.05,-0.19,451.298468,416.24616
2024-09-23,479.135324,480.315927,477.795981,479.224609,24843000,438.562516,0.25,0.49,-0.03,0.27,451.719392,416.634391
2024-09-24,480.633348,482.488572,476.377255,481.536163,25952600,438.990115,0.29,0.68,-0.59,0.48,452.159818,417.040609
2024-09-25,480.911149,483.937076,480.732578,481.982635,26549900,439.417901,-0.13,0.5,-0.17,0.09,452.600438,417.447006
2024-09-26,489.47301,489.80042,481.962796,485.603821,32020200,439.877463,1.55,1.62,-0.0,0.75,453.073786,417.883589
2024-09-27,486.625684,486.764593,481.724701,482.905304,22851100,440.3056,0.21,0.24,-0.8,-0.56,453.514768,418.29032
2024-09-30,481.942893,484.552124,479.105498,484.214813,30281100,440.742508,-0.2,0.34,-0.79,0.27,453.964783,418.705382
2024-10-01,483.84777,484.145388,473.62911,477.468536,42735400,441.107941,-0.08,-0.01,-2.19,-1.39,454.341179,419.052544
2024-10-02,476.565721,480.057937,473.946589,478.143188,23744000,441.476451,-0.19,0.54,-0.74,0.14,454.720744,419.402628
2024-10-03,475.950648,480.722653,475.206572,477.786041,25337200,441.83774,-0.46,0.54,-0.61,-0.07,455.092873,419.745853
2024-10-04,483.599773,484.026369,478.579743,483.470795,30686600,442.252,1.22,1.31,0.17,1.19,455.51956,420.1394
2024-10-07,481.556044,482.726717,477.071727,478.292023,24975100,442.610607,-0.4,-0.15,-1.32,-1.07,455.888925,420.480076
2024-10-08,480.831786,486.119672,480.028186,485.43512,28272000,443.036721,0.53,1.64,0.36,1.49,456.327823,420.884885
2024-10-09,485.137516,489.830166,484.095822,489.25473,24995000,443.496602,-0.06,0.91,-0.28,0.79,456.8015,421.321772
2024-10-10,486.972881,490.564282,485.6633,488.699127,25750400,443.946378,-0.47,0.27,-0.73,-0.11,457.26477,421.749059
2024-10-11,486.863743,490.484937,486.298268,489.463043,20644500,444.399281,-0.38,0.37,-0.49,0.16,457.731259,422.179316
2024-10-14,491.853997,494.889824,491.348046,493.570343,26060100,444.888545,0.49,1.11,0.39,0.84,458.235201,422.644118
2024-10-15,493.897748,494.562469,484.820027,486.9729,34784500,445.307295,0.07,0.2,-1.77,-1.34,458.666513,423.04193
2024-10-16,487.300266,487.806247,483.718795,487.03241,22996800,445.72247,0.07,0.17,-0.67,0.01,459.094144,423.436346
2024-10-17,492.518728,492.568321,487.310197,487.36972,27210700,446.13687,1.13,1.14,0.06,0.07,459.520977,423.830027
2024-10-18,490.157505,491.655587,489.403498,490.56427,25335000,446.578934,0.57,0.88,0.42,0.66,459.976302,424.249987
2024-10-21,489.353963,492.310436,487.429284,491.506836,30336500,447.025978,-0.25,0.36,-0.64,0.19,460.436757,424.674679
2024-10-22,488.838074,493.520793,488.084067,492.042542,26685800,447.473904,-0.54,0.41,-0.7,0.11,460.898121,425.100209
2024-10-23,489.691202,490.345993,481.21865,484.502502,39346600,447.842348,-0.48,-0.34,-2.2,-1.53,461.277618,425.45023
2024-10-24,488.222911,489.105896,485.574018,488.431274,22024900,448.246218,0.77,0.95,0.22,0.81,461.693604,425.833907
2024-10-25,491.229022,496.328406,490.524608,491.407593,38762100,448.675684,0.57,1.62,0.43,0.61,462.135955,426.2419
2024-10-28,494.522796,494.58232,491.189351,491.486969,20477800,449.101667,0.63,0.65,-0.04,0.02,462.574717,426.646584
2024-10-29,491.804449,497.389984,489.949224,496.209381,28014100,449.5704,0.06,1.2,-0.31,0.96,463.057512,427.09188
2024-10-30,495.445432,496.397841,491.973078,492.459198,29756000,449.997155,-0.15,0.04,-0.85,-0.76,463.497069,427.497297
2024-10-31,488.490821,488.540414,479.928982,480.028198,41245200,450.295971,-0.81,-0.8,-2.54,-2.52,463.80485,427.781172
2024-11-01,481.665147,486.873678,481.367529,483.579895,33655800,450.627154,0.34,1.43,0.28,0.74,464.145969,428.095797
2024-11-04,482.974742,485.514519,480.425035,482.171143,23291600,450.941025,-0.13,0.4,-0.65,-0.29,464.469256,428.393974
2024-11-05,483.758472,488.986865,483.669186,488.322144,24353600,451.312976,0.33,1.41,0.31,1.28,464.852366,428.747327
2024-11-06,496.60621,502.410009,495.653802,501.586548,43082200,451.813211,1.7,2.88,1.5,2.72,465.367607,429.22255
2024-11-07,504.384228,510.267411,504.324704,509.483612,32853100,452.387046,0.56,1.73,0.55,1.57,465.958657,429.767693
2024-11-08,508.987571,510.852726,508.362542,510.078918,22924500,452.961094,-0.1,0.27,-0.22,0.12,466.549927,430.313039
2024-11-11,511.299256,511.507619,506.884423,509.781372,24167500,453.52647,0.24,0.28,-0.63,-0.06,467.132264,430.850147
2024-11-12,509.711865,510.594789,505.802954,508.858612,25835300,454.077039,-0.01,0.16,-0.78,-0.18,467.69935,431.373187
2024-11-13,508.352727,510.912305,505.922067,508.203888,24567400,454.615614,-0.1,0.4,-0.58,-0.13,468.254083,431.884833
2024-11-14,507.866534,508.739557,503.75922,504.671967,28679500,455.113687,-0.07,0.11,-0.87,-0.69,468.767098,432.358003
2024-11-15,498.967354,499.354258,490.584087,492.647675,51461100,455.48716,-1.13,-1.05,-2.79,-2.38,469.151775,432.712802
2024-11-18,494.195409,498.173745,492.806474,496.070465,27080800,455.890974,0.31,1.12,0.03,0.69,469.567703,433.096425
2024-11-19,493.491037,499.969457,493.153696,499.483307,24523000,456.324728,-0.52,0.79,-0.59,0.69,470.01447,433.508492
2024-11-20,499.185656,499.503136,492.637782,499.195587,29565500,456.751304,-0.06,0.0,-1.37,-0.06,470.453843,433.913739
2024-11-21,502.241299,502.955613,493.629868,500.991272,34526700,457.191503,0.61,0.75,-1.11,0.36,470.907248,434.331928
2024-11-22,500.435718,502.529037,498.808657,501.794891,23826600,457.635318,-0.11,0.31,-0.44,0.16,471.364377,434.753552
2024-11-25,505.872415,507.41019,500.276979,502.588562,26375200,458.082614,0.81,1.12,-0.3,0.16,471.825092,435.178483
2024-11-26,504.066753,506.110509,503.223491,505.287048,26557100,458.552309,0.29,0.7,0.13,0.54,472.308879,435.624694
2024-11-27,504.156072,504.225496,497.96534,501.308716,24957400,458.977746,-0.22,-0.21,-1.45,-0.79,472.747079,436.028859
2024-11-29,501.933781,506.308951,501.318683,505.713684,15334000,459.442781,0.12,1.0,0.0,0.88,473.226064,436.470642
2024-12-02,506.973687,512.182218,506.586753,511.219849,25147200,459.957975,0.25,1.28,0.17,1.09,473.756715,436.960076
2024-12-03,509.890374,513.06511,509.314939,512.787292,18597900,460.48364,-0.26,0.36,-0.37,0.31,474.298149,437.459458
2024-12-04,516.210112,519.384848,515.495768,519.126892,26086200,461.067155,0.67,1.29,0.53,1.24,474.89917,438.013797
2024-12-05,519.176506,519.900721,517.30142,517.688354,18169600,461.63055,0.01,0.15,-0.35,-0.28,475.479467,438.549023
2024-12-06,518.353067,522.559567,518.224089,522.321472,23762600,462.23444,0.13,0.94,0.1,0.89,476.101473,439.122718
2024-12-09,521.398851,522.19252,517.103035,518.253906,20674400,462.791847,-0.18,-0.02,-1.0,-0.78,476.675603,439.652255
2024-12-10,519.484019,521.230127,515.059226,516.487854,24350000,463.326136,0.24,0.57,-0.62,-0.34,477.22592,440.159829
2024-12-11,520.853192,526.418866,520.446458,525.734314,32168600,463.947113,0.85,1.92,0.77,1.79,477.865526,440.749757
2024-12-12,523.511981,524.781899,521.865119,522.341309,23577500,464.52815,-0.42,-0.18,-0.74,-0.65,478.463994,441.301742
2024-12-13,526.270023,528.958579,523.134949,526.339478,28780400,465.143188,0.75,1.27,0.15,0.77,479.097483,441.886028
2024-12-16,528.869367,534.891429,528.789982,533.919128,31979900,465.827526,0.48,1.62,0.47,1.44,479.802351,442.536149
2024-12-17,532.123445,533.234594,529.911079,531.567871,28579100,466.481658,-0.34,-0.13,-0.75,-0.44,480.476108,443.157575
2024-12-18,530.923071,532.639387,510.942135,512.390564,54703200,466.938463,-0.12,0.2,-3.88,-3.61,480.946617,443.59154
2024-12-19,517.073274,517.638779,509.771423,510.108704,46441800,467.368018,0.91,1.02,-0.51,-0.45,481.389059,443.999617
2024-12-20,506.408129,520.674549,505.267218,514.563171,60530000,467.837622,-0.73,2.07,-0.95,0.87,481.87275,444.44574
2024-12-23,516.277322,519.954027,512.878881,519.576416,29672800,468.352435,0.33,1.05,-0.33,0.97,482.403008,444.934814
2024-12-24,521.524135,526.711225,520.888152,526.621826,17558200,468.93223,0.37,1.37,0.25,1.36,483.000197,445.485619
2024-12-26,524.992193,527.893784,522.994844,526.264099,19090500,469.502697,-0.31,0.24,-0.69,-0.07,483.587778,446.027562
2024-12-27,522.696713,523.133944,514.598025,519.268433,33839600,469.997878,-0.68,-0.59,-2.22,-1.33,484.097814,446.497984
2024-12-30,512.262776,516.0885,508.605933,512.362122,34584000,470.419413,-1.35,-0.61,-2.05,-1.33,484.531995,446.898442
2024-12-31,513.644064,514.399225,507.045874,508.009766,29117000,470.793446,0.25,0.4,-1.04,-0.85,484.91725,447.253774
2025-01-02,511.060423,513.38571,502.524535,507.016083,36389800,471.153871,0.6,1.06,-1.08,-0.2,485.288487,447.596177
2025-01-03,510.116379,516.376744,509.301598,515.313477,29059500,471.59327,0.61,1.85,0.45,1.64,485.741068,448.013606
2025-01-06,520.719279,524.594677,518.741823,521.235962,36109700,472.087227,1.05,1.8,0.67,1.15,486.249844,448.482865
2025-01-07,522.279337,522.676781,510.04688,511.934875,36690300,472.483721,0.2,0.28,-2.15,-1.78,486.658232,448.859535
2025-01-08,511.835486,513.663862,507.353886,512.024292,30777800,472.877159,-0.02,0.34,-0.89,0.02,487.063474,449.233301
2025-01-10,508.258194,508.35754,500.745817,503.995209,40532500,473.186792,-0.74,-0.72,-2.2,-1.57,487.382395,449.527452
2025-01-13,498.042966,502.832582,496.552415,502.375488,31694200,473.477226,-1.18,-0.23,-1.48,-0.32,487.681543,449.803365
2025-01-14,505.535448,506.946517,498.430492,501.898499,33737200,473.760025,0.63,0.91,-0.79,-0.09,487.972826,450.072024
2025-01-15,509.798447,514.588032,508.238299,513.445312,34957600,474.154904,1.57,2.53,1.26,2.3,488.379551,450.447158
2025-01-16,515.710913,515.790426,509.718928,509.848114,28229000,474.51006,0.44,0.46,-0.73,-0.7,488.745362,450.784557
2025-01-17,519.556546,520.768893,509.877908,518.453552,51837900,474.947309,1.9,2.14,0.01,1.69,489.195728,451.199943
2025-01-21,521.176393,522.656998,516.784251,521.494385,23628000,475.410464,0.53,0.81,-0.32,0.59,489.672777,451.63994
2025-01-22,526.234266,530.457495,525.926221,528.162048,33593000,475.935355,0.91,1.72,0.85,1.28,490.213416,452.138587
2025-01-23,525.707613,529.404212,525.121363,529.284973,23096600,476.466197,-0.46,0.24,-0.58,0.21,490.760183,452.642887
2025-01-24,529.662484,530.427592,524.823165,526.293823,19878300,476.961994,0.07,0.22,-0.84,-0.57,491.270854,453.113894
2025-01-27,507.781267,514.727228,506.936615,510.971069,60771700,477.300393,-3.52,-2.2,-3.68,-2.91,491.619405,453.435373
2025-01-28,511.974616,519.705639,508.556312,518.523132,33194200,477.710569,0.2,1.71,-0.47,1.48,492.041887,453.825041
2025-01-29,519.169054,519.29824,513.644079,517.549316,26649000,478.106975,0.12,0.15,-0.94,-0.19,492.450184,454.201626
2025-01-30,520.411187,522.786086,514.945831,519.75531,27431300,478.521386,0.55,1.01,-0.5,0.43,492.877028,454.595317
2025-01-31,523.600963,528.172024,517.907075,519.000122,38755200,478.92416,0.74,1.62,-0.36,-0.15,493.291884,454.977952
2025-02-03,510.235648,517.569167,507.830909,514.846436,40580800,479.281595,-1.69,-0.28,-2.15,-0.8,493.660043,455.317516
2025-02-04,515.363201,521.802365,514.965697,521.166382,26046800,479.698359,0.1,1.35,0.02,1.23,494.08931,455.713441
2025-02-05,518.533087,523.690398,517.340634,523.531372,21134100,480.134509,-0.51,0.48,-0.73,0.45,494.538544,456.127783
2025-02-06,524.038218,526.472798,522.428427,526.264099,19434500,480.59351,0.1,0.56,-0.21,0.52,495.011315,456.563834
2025-02-07,526.800589,528.748204,518.900655,519.626038,29605500,480.981893,0.1,0.47,-1.4,-1.26,495.41135,456.932798
2025-02-10,523.898957,527.019192,523.431946,525.916199,20852800,481.429,0.82,1.42,0.73,1.21,495.871871,457.35755
2025-02-11,522.647003,526.58202,522.517817,524.664185,19325500,481.859201,-0.62,0.13,-0.65,-0.24,496.314977,457.766241
2025-02-12,519.010023,525.856637,518.662252,524.972229,25009400,482.288187,-1.08,0.23,-1.14,0.06,496.756832,458.173777
2025-02-13,526.64166,532.842345,525.856658,532.524414,28714800,482.78805,0.32,1.5,0.17,1.44,497.271691,458.648647
2025-02-14,532.633597,535.445788,532.295713,534.760132,17862600,483.305185,0.02,0.55,-0.04,0.42,497.80434,459.139926
2025-02-18,536.330252,536.598571,532.663493,535.972534,20565000,483.829238,0.29,0.34,-0.39,0.23,498.344115,459.637776
2025-02-19,535.177554,537.403434,533.080859,536.121582,19666900,484.34956,-0.15,0.27,-0.54,0.03,498.880047,460.132082
2025-02-20,535.33656,535.704224,529.106095,533.846008,26550800,484.842062,-0.15,-0.08,-1.31,-0.42,499.387324,460.599959
2025-02-21,534.988683,535.008576,522.39851,522.766174,47093800,485.219416,0.21,0.22,-2.14,-2.08,499.775999,460.958445
2025-02-24,524.554892,525.737398,516.257513,516.595337,39268400,485.531614,0.34,0.57,-1.25,-1.18,500.097563,461.255034
2025-02-25,515.969271,516.048784,506.231014,510.086578,48940000,485.775942,-0.12,-0.11,-2.01,-1.26,500.349221,461.487145
2025-02-26,512.282708,516.386637,508.148878,511.318787,34457600,486.0301,0.43,1.24,-0.38,0.24,500.611003,461.728595
2025-02-27,514.866321,515.800403,496.900189,497.118805,52448000,486.140435,0.69,0.88,-2.82,-2.78,500.724648,461.833414
2025-02-28,496.979691,505.575198,493.799835,504.969055,47654000,486.327785,-0.03,1.7,-0.67,1.58,500.917618,462.011396
2025-03-03,508.297922,509.808337,490.470924,493.919067,44587200,486.40332,0.66,0.96,-2.87,-2.19,500.99542,462.083154
2025-03-04,491.067162,500.566942,484.667725,492.428528,67875400,486.463272,-0.58,1.35,-1.87,-0.3,501.05717,462.140109
2025-03-05,493.074469,500.457661,488.165584,498.84787,46323700,486.586502,0.13,1.63,-0.87,1.3,501.184097,462.257177
2025-03-06,490.580256,495.439438,483.137445,485.124847,57574300,486.571958,-1.66,-0.68,-3.15,-2.75,501.169117,462.24336
2025-03-07,484.09139,490.172835,477.503147,488.69223,54714700,486.593056,-0.21,1.04,-1.57,0.74,501.190847,462.263403
2025-03-10,480.404796,480.92151,465.707949,469.752319,76668000,486.425486,-1.7,-1.59,-4.7,-3.88,501.018251,462.104212
2025-03-11,469.37467,475.79397,464.068311,468.629395,68760800,486.24841,-0.08,1.29,-1.21,-0.24,500.835863,461.93599
2025-03-12,476.141805,478.029831,468.818233,473.915924,46971100,486.125699,1.6,2.01,0.04,1.13,500.70947,461.819414
2025-03-13,473.250102,473.279911,463.491951,465.389923,46563300,485.919373,-0.14,-0.13,-2.2,-1.8,500.496954,461.623404
2025-03-14,470.745971,477.532936,470.139798,476.638611,43563000,485.827027,1.15,2.61,1.02,2.42,500.401838,461.535676
2025-03-17,476.588905,482.779673,474.790309,479.729004,41744400,485.76635,-0.01,1.29,-0.39,0.65,500.339341,461.478033
2025-03-18,476.390223,476.588945,469.434315,471.550903,39072300,485.624903,-0.7,-0.65,-2.15,-1.7,500.19365,461.343658
2025-03-19,473.806553,482.272875,471.878771,477.86087,40430300,485.547649,0.48,2.27,0.07,1.34,500.114078,461.270267
2025-03-20,473.876167,481.497837,473.180564,476.24118,36780500,485.455047,-0.83,0.76,-0.98,-0.34,500.018699,461.182295
2025-03-21,471.093759,478.576327,469.931146,477.811188,42234900,485.378989,-1.08,0.49,-1.32,0.33,499.940359,461.11004
2025-03-24,485.3905,489.142359,482.066593,488.296448,34567200,485.408018,1.59,2.37,0.89,2.19,499.970259,461.137618
2025-03-25,489.022941,491.24218,488.057613,491.082947,26035200,485.464485,0.15,0.6,-0.05,0.57,500.02842,461.191261
2025-03-26,489.928523,490.784396,480.494209,482.046692,34627100,485.430478,-0.24,-0.06,-2.16,-1.84,499.993392,461.158954
2025-03-27,480.08616,484.236056,477.936562,479.299957,33469800,485.369477,-0.41,0.45,-0.85,-0.57,499.930562,461.101003
2025-03-28,477.498725,478.205296,465.795364,466.681091,46363800,485.183523,-0.38,-0.23,-2.82,-2.63,499.739029,460.924347
2025-03-31,459.694913,467.596638,455.126997,466.661194,53000300,484.999221,-1.5,0.2,-2.48,-0.0,499.549198,460.74926
2025-04-01,465.048931,471.348456,462.18283,470.422943,41156200,484.854184,-0.35,1.0,-0.96,0.81,499.399809,460.611475
2025-04-02,463.87461,477.24987,463.615853,473.856293,49894500,484.744752,-1.39,1.45,-1.45,0.73,499.287095,460.507515
2025-04-03,454.241261,457.853779,447.971621,448.489105,70456300,484.383999,-4.14,-3.38,-5.46,-5.35,498.915519,460.164799
2025-04-04,436.029421,438.24866,420.633942,420.633942,117088400,483.74967,-2.78,-2.28,-6.21,-6.21,498.262161,459.562187
2025-04-07,406.691421,441.005336,400.451635,421.649017,161557000,483.131754,-3.31,4.84,-4.8,0.24,497.625706,458.975166
2025-04-08,436.049302,441.005323,407.81597,414.055756,101248100,482.44443,3.42,4.59,-3.28,-1.8,496.917763,458.322209
2025-04-09,413.568154,465.57639,413.428813,463.755219,142876900,482.258468,-0.12,12.44,-0.15,12.0,496.726222,458.145544
2025-04-10,451.375155,453.395375,430.545984,444.030701,108384100,481.878092,-2.67,-2.23,-7.16,-4.25,496.334435,457.784187
2025-04-11,442.508087,453.594439,439.204072,452.211121,52483800,481.582898,-0.34,2.15,-1.09,1.84,496.030385,457.503753
2025-04-14,462.222664,462.809818,450.449663,455.276306,43941200,481.321141,2.21,2.34,-0.39,0.68,495.760775,457.255084
2025-04-15,456.331152,460.15265,453.95265,455.783783,35404200,481.067038,0.23,1.07,-0.29,0.11,495.499049,457.013686
2025-04-16,446.866957,450.439659,435.651257,442.040314,48980600,480.678713,-1.96,-1.17,-4.42,-3.02,495.099074,456.644777
2025-04-17,445.015943,445.593135,439.233902,441.960724,44837000,480.293459,0.67,0.8,-0.63,-0.02,494.702263,456.278786
2025-04-21,436.118982,436.964863,425.868581,431.023621,44149300,479.803212,-1.32,-1.13,-3.64,-2.47,494.197308,455.813051
2025-04-22,436.706189,445.423971,435.511957,442.338928,52304400,479.430433,1.32,3.34,1.04,2.63,493.813346,455.458911
2025-04-23,455.962957,461.147851,450.698431,452.370331,55801100,479.161178,3.08,4.25,1.89,2.27,493.536013,455.203119
2025-04-24,454.281091,465.407229,453.634198,465.098724,45956100,479.021253,0.42,2.88,0.28,2.81,493.391891,455.07019
2025-04-25,464.720531,470.811046,463.148156,470.2836,38697100,478.934311,-0.08,1.23,-0.42,1.11,493.302341,454.987596
2025-04-28,470.751347,472.522771,463.785067,470.134338,33550800,478.846749,0.1,0.48,-1.38,-0.03,493.212152,454.904412
2025-04-29,467.905153,474.125046,467.32793,473.239319,30613100,478.790954,-0.47,0.85,-0.6,0.66,493.154683,454.851406
2025-04-30,464.879775,474.901273,460.202403,473.179596,46810600,478.73512,-1.77,0.35,-2.75,-0.01,493.097173,454.798364
2025-05-01,481.081357,484.833186,478.424206,479.35968,43316500,478.741334,1.67,2.46,1.11,1.31,493.103574,454.804267
2025-05-02,484.196303,488.545248,482.494519,486.47525,39218100,478.818289,1.01,1.92,0.65,1.48,493.182837,454.877374
2025-05-05,482.265623,486.674276,481.768032,483.589203,28309500,478.86576,-0.87,0.04,-0.97,-0.59,493.231733,454.922472
2025-05-06,477.249909,482.713453,475.886513,479.091003,32786300,478.868002,-1.31,-0.18,-1.59,-0.93,493.234042,454.924602
2025-05-07,479.757769,483.459851,474.483312,480.971893,38006300,478.888936,0.14,0.91,-0.96,0.39,493.255604,454.944489
2025-05-08,486.1767,490.326626,481.837718,485.937866,39577600,478.959074,1.08,1.94,0.18,1.03,493.327847,455.011121
2025-05-09,487.848585,489.172195,483.857922,485.619385,27767400,479.025346,0.39,0.67,-0.43,-0.07,493.396107,455.074079
2025-05-12,504.547752,505.443441,499.064315,505.403625,45090600,479.287817,3.9,4.08,2.77,4.07,493.666451,455.323426
2025-05-13,506.707275,514.89764,505.970849,513.106323,53269600,479.624319,0.26,1.88,0.11,1.52,494.013049,455.643103
2025-05-14,514.280685,516.728796,513.265579,516.181458,47014500,479.988072,0.23,0.71,0.03,0.6,494.387714,455.988668
2025-05-15,514.031888,519.415801,512.688355,516.748718,50153300,480.353849,-0.42,0.63,-0.68,0.11,494.764465,456.336157
2025-05-16,518.151922,519.186951,514.609073,518.997864,48394600,480.738367,0.27,0.47,-0.41,0.44,495.160518,456.701449
2025-05-19,511.762892,520.012998,511.762892,519.495483,52536200,481.12401,-1.39,0.2,-1.39,0.1,495.55773,457.067809
2025-05-20,516.967721,518.42071,514.171259,517.763916,42517600,481.488586,-0.49,-0.21,-1.02,-0.33,495.933244,457.414157
2025-05-21,513.783116,520.480678,508.777317,510.568634,71292800,481.77794,-0.77,0.52,-1.74,-1.39,496.231278,457.689043
2025-05-22,511.185689,515.216229,509.832255,511.524078,55607200,482.073921,0.12,0.91,-0.14,0.19,496.536139,457.970225
2025-05-23,503.741669,509.374408,503.144553,506.786926,58368100,482.319822,-1.52,-0.42,-1.64,-0.93,496.789416,458.203831
2025-05-27,513.663704,519.196919,512.111221,518.709229,47226300,482.681905,1.36,2.45,1.05,2.35,497.162363,458.54781
2025-05-28,519.664607,521.157381,515.892886,516.410339,46637200,483.017512,0.18,0.47,-0.54,-0.44,497.508037,458.866636
2025-05-29,523.794671,523.943912,514.828063,517.425476,58513300,483.35988,1.43,1.46,-0.31,0.2,497.860676,459.191886
2025-05-30,516.937802,518.171819,509.463969,516.609375,67662800,483.69072,-0.09,0.14,-1.54,-0.16,498.201442,459.506184
2025-06-02,514.748423,520.928531,513.484522,520.689697,44762800,484.058869,-0.36,0.84,-0.6,0.79,498.580635,459.855926
2025-06-03,521.037974,526.193015,520.17217,524.759949,44070300,484.463855,0.07,1.06,-0.1,0.78,498.997771,460.240662
2025-06-04,525.466552,527.287753,523.43634,526.2229,41359300,484.879368,0.13,0.48,-0.25,0.28,499.425749,460.6354
2025-06-05,527.626136,530.482307,520.14234,522.262085,61031200,485.251335,0.27,0.81,-1.16,-0.75,499.808875,460.988769
2025-06-06,527.446941,529.238258,525.665586,527.36731,42467000,485.6704,0.99,1.34,0.65,0.98,500.240512,461.38688
2025-06-09,527.586255,529.78557,526.461693,528.143555,33688700,486.093018,0.04,0.46,-0.17,0.15,500.675809,461.788367
2025-06-10,528.611263,532.323336,526.342278,531.636658,40664800,486.546189,0.09,0.79,-0.34,0.66,501.142575,462.218879
2025-06-11,533.039835,534.194281,527.556367,529.845276,53701000,486.977026,0.26,0.48,-0.77,-0.34,501.586336,462.628174
2025-06-12,528.531728,532.064615,528.282932,531.089294,34104900,487.415954,-0.25,0.42,-0.29,0.23,502.038432,463.045156
2025-06-13,525.138133,529.307952,523.197515,524.421631,55814400,487.784169,-1.12,-0.34,-1.49,-1.26,502.417694,463.394961
2025-06-16,527.944526,532.791062,527.894779,531.716248,37622100,488.221304,0.67,1.6,0.66,1.39,502.867944,463.810239
2025-06-17,529.148647,530.760838,525.366903,526.531311,42180900,488.602498,-0.48,-0.18,-1.19,-0.98,503.260573,464.172374
2025-06-18,527.54635,529.98456,524.859405,526.441711,43983500,488.979008,0.19,0.66,-0.32,-0.02,503.648378,464.530058
2025-06-20,529.696072,530.989798,522.351617,524.292236,61643500,489.330383,0.62,0.86,-0.78,-0.41,504.010295,464.863864
2025-06-23,524.861106,530.201262,521.712823,529.683228,50666100,489.731904,0.11,1.13,-0.49,1.03,504.423861,465.245309
2025-06-24,534.903819,538.699722,534.286117,537.783142,45442000,490.210026,0.99,1.7,0.87,1.53,504.916327,465.699525
2025-06-25,540.054654,541.300029,537.384576,539.157959,44804200,490.69707,0.42,0.65,-0.07,0.26,505.417982,466.162217
2025-06-26,541.339841,544.647566,539.516655,544.199219,43811400,491.22943,0.4,1.02,0.07,0.94,505.966313,466.667958
2025-06-27,545.235492,547.955374,542.525523,546.062439,57577100,491.775032,0.19,0.69,-0.31,0.34,506.528283,467.18628
2025-06-30,549.220644,550.754925,546.978968,549.599243,45548700,492.350397,0.58,0.86,0.17,0.65,507.120909,467.732877
2025-07-01,547.696346,548.672762,542.645094,544.966492,56166700,492.87394,-0.35,-0.17,-1.27,-0.84,507.660159,468.230243
2025-07-02,544.139419,548.96154,544.099589,548.762268,36538300,493.430043,-0.15,0.73,-0.16,0.7,508.232945,468.758541
2025-07-03,551.133561,555.138708,551.133561,554.162292,26443500,494.034344,0.43,1.16,0.43,0.98,508.855375,469.332627
2025-07-07,551.472332,552.289306,547.546905,549.987854,45349300,494.591096,-0.49,-0.34,-1.19,-0.75,509.428828,469.861541
2025-07-08,551.332823,551.960497,549.061228,550.296692,36153300,495.14538,0.24,0.36,-0.17,0.06,509.999741,470.388111
2025-07-09,552.428728,555.567099,551.053829,554.1922,43045500,495.732911,0.39,0.96,0.14,0.71,510.604898,470.946265
2025-07-10,554.829878,555.238334,550.705179,553.395203,34710900,496.306665,0.12,0.19,-0.63,-0.14,511.195865,471.491332
2025-07-11,551.253085,553.733864,550.00771,552.14978,39618600,496.862318,-0.39,0.06,-0.61,-0.23,511.768187,472.019202
2025-07-14,551.940586,554.889658,549.589331,554.152405,36453300,497.432368,-0.04,0.5,-0.46,0.36,512.355339,472.56075
2025-07-15,558.17737,558.725324,554.600625,554.6604,43277700,498.001801,0.73,0.83,0.08,0.09,512.941855,473.101711
2025-07-16,555.218421,558.137574,549.51955,555.228333,52314700,498.57122,0.1,0.63,-0.93,0.1,513.528356,473.642659
2025-07-17,555.955695,560.229803,555.148694,559.72168,40423800,499.179682,0.13,0.9,-0.01,0.81,514.155072,474.220698
2025-07-18,561.036759,562.640788,557.908361,559.183655,50484700,499.776736,0.23,0.52,-0.32,-0.1,514.770039,474.7879
2025-07-21,560.010624,563.965908,559.980706,562.082886,39595200,500.396698,0.15,0.86,0.14,0.52,515.408599,475.376863
2025-07-22,562.212349,562.262152,556.543397,559.173645,43270600,500.981543,0.02,0.03,-0.99,-0.52,516.01099,475.932466
2025-07-23,560.25971,561.764073,557.509911,561.724243,40215300,501.585948,0.19,0.46,-0.3,0.46,516.633527,476.506651
2025-07-24,563.039351,564.14523,561.206131,562.9198,42275500,502.196235,0.23,0.43,-0.09,0.21,517.262122,477.086424
2025-07-25,562.840105,565.599877,562.182573,564.27478,30630800,502.813932,-0.01,0.48,-0.13,0.24,517.89835,477.673236
2025-07-28,565.639602,566.934781,564.772826,566.038147,31498700,503.443029,0.24,0.47,0.09,0.31,518.54632,478.270878
2025-07-29,568.64849,569.993471,564.434158,565.161438,45463300,504.057143,0.46,0.7,-0.28,-0.15,519.178857,478.854285
2025-07-30,566.078083,568.509058,562.959657,565.918701,43433800,504.67268,0.16,0.59,-0.39,0.13,519.812861,479.439046
2025-07-31,572.414513,572.504207,561.784003,562.9198,64613600,505.252254,1.15,1.16,-0.73,-0.53,520.409821,479.989641
2025-08-01,556.762694,556.951993,549.63912,551.830994,69400800,505.715724,-1.09,-1.06,-2.36,-1.97,520.887196,480.429938
2025-08-04,556.981756,562.232279,556.882151,562.013062,47669800,506.275896,0.93,1.88,0.92,1.85,521.464173,480.962102
2025-08-05,563.298381,564.464035,557.659285,558.197327,48666600,506.792527,0.23,0.44,-0.77,-0.68,521.996303,481.452901
2025-08-06,559.034204,565.659627,558.555999,565.221252,41823700,507.373908,0.15,1.34,0.06,1.26,522.595125,482.005212
2025-08-07,569.555158,571.199079,563.019429,567.134155,44463000,507.968537,0.77,1.06,-0.39,0.34,523.207593,482.57011
2025-08-08,568.339631,572.643656,568.040753,572.424438,35255500,508.609889,0.21,0.97,0.16,0.93,523.868186,483.179395
2025-08-11,572.563933,574.666112,569.45548,570.730713,33112900,509.228007,0.02,0.39,-0.52,-0.3,524.504847,483.766607
2025-08-12,573.03219,578.202992,570.372084,577.904114,42143300,509.911351,0.4,1.31,-0.06,1.26,525.208692,484.415784
2025-08-13,580.604084,581.16201,576.798209,578.193054,41209300,510.590771,0.47,0.56,-0.19,0.05,525.908494,485.061233
2025-08-14,576.140722,579.727379,575.772035,577.744751,45425000,511.25897,-0.35,0.27,-0.42,-0.08,526.596739,485.696022
2025-08-15,577.655084,577.694975,573.440752,575.204224,49480200,511.895241,-0.02,-0.01,-0.74,-0.44,527.252099,486.300479
2025-08-18,574.307471,575.632568,573.111898,574.974976,29831000,512.5229,-0.16,0.07,-0.36,-0.04,527.898587,486.896755
2025-08-19,574.257694,574.427048,566.147792,567.174011,53752600,513.066693,-0.12,-0.1,-1.54,-1.36,528.458693,487.413358
2025-08-20,566.22746,566.347012,556.772579,563.806458,76781100,513.571566,-0.17,-0.15,-1.83,-0.59,528.978713,487.892988
2025-08-21,562.262216,564.394314,558.904688,561.196228,46436900,514.045443,-0.27,0.1,-0.87,-0.46,529.466806,488.343171
2025-08-22,562.581022,571.866551,561.186238,569.854004,51502100,514.600752,0.25,1.9,-0.0,1.54,530.038775,488.870714
2025-08-25,568.289804,571.169066,567.05434,568.210083,34044700,515.134178,-0.27,0.23,-0.49,-0.29,530.588204,489.377469
2025-08-26,567.721954,570.800489,566.695736,570.491638,34103000,515.684999,-0.09,0.46,-0.27,0.4,531.155549,489.900749
2025-08-27,569.475474,572.284988,568.259955,571.368408,36927100,516.239063,-0.18,0.31,-0.39,0.15,531.726234,490.427109
2025-08-28,571.986085,575.861709,570.342226,574.945129,46787900,516.823203,0.11,0.79,-0.18,0.63,532.327899,490.982042
2025-08-29,572.534107,572.902794,566.436752,568.289917,56030400,517.335309,-0.42,-0.36,-1.48,-1.16,532.855368,491.468544
2025-09-02,559.233413,563.876147,557.469942,563.527466,65876800,517.794933,-1.59,-0.78,-1.9,-0.84,533.328781,491.905186
2025-09-03,567.124201,569.585096,564.63345,567.961121,54230200,518.294099,0.64,1.07,0.2,0.79,533.842922,492.379394
2025-09-04,568.628549,573.470555,566.924914,573.101929,47526300,518.83945,0.12,0.97,-0.18,0.91,534.404634,492.897478
2025-09-05,578.342498,578.970172,569.415684,573.928894,68342500,519.387604,0.91,1.02,-0.64,0.14,534.969232,493.418224
2025-09-08,576.230304,578.691198,575.632548,576.728455,46371400,519.95816,0.4,0.83,0.3,0.49,535.556904,493.960252
2025-09-09,577.525569,578.79089,574.905293,578.362488,44007600,520.539297,0.14,0.36,-0.32,0.28,536.155476,494.512332
2025-09-10,581.58049,581.610408,576.409687,578.551758,49308000,521.116536,0.56,0.56,-0.34,0.03,536.750032,495.060709
2025-09-11,581.082331,582.716279,579.468329,581.91925,44745800,521.721538,0.44,0.72,0.16,0.58,537.373184,495.635461
2025-09-12,582.875622,585.685197,581.939097,584.489624,50745900,522.346096,0.16,0.65,0.0,0.44,538.016479,496.228791
2025-09-15,586.263146,589.600728,586.113676,589.49115,44360300,523.014206,0.3,0.87,0.28,0.86,538.704632,496.863495
2025-09-16,590.417622,590.666697,588.30547,588.99292,36942100,523.67071,0.16,0.2,-0.2,-0.08,539.380832,497.487175
2025-09-17,588.913228,589.560848,582.208145,587.817322,69384800,524.308985,-0.01,0.1,-1.15,-0.2,540.038255,498.093536
2025-09-18,592.709158,595.927251,590.766421,593.117676,61069300,524.993649,0.83,1.38,0.5,0.9,540.743458,498.743966
2025-09-19,595.120205,597.830113,593.645639,597.13269,58196100,525.71145,0.34,0.79,0.09,0.68,541.482794,499.425878
2025-09-22,596.219051,601.336003,596.199082,600.667725,57154800,526.457284,-0.15,0.7,-0.16,0.59,542.251002,500.13442
2025-09-23,600.83729,601.036793,595.46099,596.677917,64635500,527.155996,0.03,0.06,-0.87,-0.66,542.970676,500.798197
2025-09-24,598.054439,598.373632,591.850233,594.583252,49850300,527.826914,0.23,0.28,-0.81,-0.35,543.661722,501.435569
2025-09-25,590.693203,593.605757,587.002606,592.019836,70920200,528.46565,-0.65,-0.16,-1.27,-0.43,544.319619,502.042367
2025-09-26,592.837679,594.78273,589.556072,594.453552,54337400,529.122246,0.14,0.47,-0.42,0.41,544.995913,502.666134
2025-09-29,597.585581,600.518103,595.889894,597.206543,48332900,529.799702,0.53,1.02,0.24,0.46,545.693693,503.309717
2025-09-30,596.907341,599.181569,594.583252,598.842407,46533800,530.486694,-0.05,0.33,-0.44,0.27,546.401295,503.962359
2025-10-01,595.65048,602.253631,594.822636,601.715027,46899600,531.195433,-0.53,0.57,-0.67,0.48,547.131296,504.635662
2025-10-02,605.515354,605.615075,601.395857,604.188721,43765400,531.921735,0.63,0.65,-0.05,0.41,547.879387,505.325648
2025-10-03,604.966808,605.784729,599.85984,601.645264,46482100,532.615501,0.13,0.26,-0.72,-0.42,548.593966,505.984726
2025-10-06,606.901804,607.809461,604.428073,606.163696,41962100,533.347324,0.87,1.02,0.46,0.75,549.347744,506.679958
2025-10-07,607.470397,608.158644,601.495648,602.971863,58209500,534.040106,0.22,0.33,-0.77,-0.53,550.061309,507.3381
2025-10-08,603.869591,610.193486,603.720009,609.884277,50629800,534.794774,0.15,1.2,0.12,1.15,550.838617,508.055035
2025-10-09,609.924102,610.053776,605.93428,609.146118,45551000,535.534588,0.01,0.03,-0.65,-0.12,551.600626,508.757859
2025-10-10,609.844362,611.619802,587.551194,588.000061,97614800,536.056633,0.11,0.41,-3.55,-3.47,552.138332,509.253801
2025-10-13,598.154122,601.415821,595.710344,600.47821,65872600,536.697644,1.73,2.28,1.31,2.12,552.798573,509.862761
2025-10-14,593.795236,601.156462,588.628424,596.478394,69203200,537.292477,-1.11,0.11,-1.97,-0.67,553.411251,510.427853
2025-10-15,602.473106,605.156264,594.413649,600.687622,62805500,537.923274,1.01,1.45,-0.35,0.71,554.060973,511.027111
2025-10-16,603.570285,606.762155,593.984752,598.463318,70982000,538.525663,0.48,1.01,-1.12,-0.37,554.681433,511.59938
2025-10-17,596.428546,603.969307,594.852549,602.393311,72024900,539.161162,-0.34,0.92,-0.6,0.66,555.335997,512.203104
2025-10-20,605.595119,611.24069,605.52529,609.983887,45761700,539.865866,0.53,1.47,0.52,1.26,556.061842,512.872572
2025-10-21,610.08375,611.160958,607.769646,609.824402,44538200,540.56197,0.02,0.19,-0.36,-0.03,556.77883,513.533872
2025-10-22,609.265796,609.854261,598.213972,603.949341,61478800,541.192691,-0.09,0.0,-1.9,-0.96,557.428471,514.133056
2025-10-23,603.370811,609.814396,602.98185,609.026428,42844300,541.867653,-0.1,0.97,-0.16,0.84,558.123683,514.77427
2025-10-24,614.422624,616.846434,613.564827,615.529785,47632500,542.60061,0.89,1.28,0.75,1.07,558.878628,515.470579
2025-10-27,622.930959,626.950673,622.442215,626.491882,54098600,543.435349,1.2,1.86,1.12,1.78,559.738409,516.263581
2025-10-28,628.756086,633.065102,627.648925,631.30957,61195700,544.309719,0.36,1.05,0.18,0.77,560.639011,517.094233
2025-10-29,633.972809,635.389179,628.64637,634.152344,67422800,545.203675,0.42,0.65,-0.42,0.45,561.559786,517.943492
2025-10-30,630.561454,631.888087,624.347326,624.457031,61628600,545.992266,-0.57,-0.36,-1.55,-1.53,562.372034,518.692653
2025-10-31,632.556359,632.586312,625.095411,627.46936,66305100,546.802983,1.3,1.3,0.1,0.48,563.207073,519.462834
2025-11-03,633.493938,634.202153,628.247313,630.47168,37154300,547.635508,0.96,1.07,0.12,0.48,564.064573,520.253732
2025-11-04,621.694153,625.354798,616.886409,617.674377,63830800,548.332412,-1.39,-0.81,-2.15,-2.03,564.782384,520.915791
2025-11-05,616.916302,625.005652,615.63959,621.694153,48688500,549.06238,-0.12,1.19,-0.33,0.65,565.534251,521.609261
2025-11-06,620.207893,620.457257,608.747138,610.113647,72115100,549.669855,-0.24,-0.2,-2.08,-1.86,566.15995,522.186362
2025-11-07,606.762183,608.398025,597.146697,608.188538,81835400,550.25213,-0.55,-0.28,-2.13,-0.32,566.759694,522.739524
2025-11-10,617.345195,622.721495,615.320392,621.644226,55919900,550.962499,1.51,2.39,1.17,2.21,567.491374,523.414374
2025-11-11,618.991009,621.135502,615.948781,619.988464,44868800,551.649325,-0.43,-0.08,-0.92,-0.27,568.198805,524.066859
2025-11-12,623.250137,623.270045,616.237996,619.499695,47444400,552.324453,0.53,0.53,-0.6,-0.08,568.894187,524.70823
2025-11-13,615.968687,616.547229,604.537886,606.85199,71333600,552.867016,-0.57,-0.48,-2.42,-2.04,569.453026,525.223665
2025-11-14,598.024482,611.789357,595.650533,607.310791,80087300,553.408745,-1.45,0.81,-1.85,0.08,570.011007,525.738307
2025-11-17,604.757321,610.921589,598.343689,602.124023,63850400,553.893474,-0.42,0.59,-1.48,-0.85,570.510278,526.1988
2025-11-18,598.0943,600.777458,589.8354,594.792725,83327300,554.300431,-0.67,-0.22,-2.04,-1.22,570.929444,526.58541
2025-11-19,595.550825,604.617663,593.077155,598.343689,73111500,554.738673,0.13,1.65,-0.29,0.6,571.380833,527.001739
2025-11-20,610.063795,612.467697,583.262167,584.17981,117743200,555.031619,1.96,2.36,-2.52,-2.37,571.682568,527.280039
2025-11-21,585.975183,595.460995,579.262326,588.568604,103344200,555.365321,0.31,1.93,-0.84,0.75,572.02628,527.597055
2025-11-24,593.765373,605.13633,593.645623,603.620178,60168100,555.845469,0.88,2.81,0.86,2.56,572.520833,528.053195
2025-11-25,601.974383,608.707207,595.800131,607.340698,57560900,556.357859,-0.27,0.84,-1.3,0.62,573.048595,528.539966
2025-11-26,610.9515,614.622129,608.836899,612.707031,42393600,556.918547,0.59,1.2,0.25,0.88,573.626104,529.07262
2025-11-28,614.542352,617.744207,613.854105,617.674377,23034400,557.523083,0.3,0.82,0.19,0.81,574.248775,529.646929
2025-12-01,612.068639,617.863853,610.961478,615.599609,40957600,558.100959,-0.91,0.03,-1.09,-0.34,574.843988,530.195911
2025-12-02,617.883843,622.162906,616.018606,620.417358,54541800,558.721022,0.37,1.07,0.07,0.78,575.482653,530.784971
2025-12-03,618.043432,622.631703,616.457511,621.933533,47841600,559.350003,-0.38,0.36,-0.64,0.24,576.130503,531.382503
2025-12-04,623.339907,623.349892,617.963607,621.35498,47067800,559.966968,0.23,0.23,-0.64,-0.09,576.765977,531.968619
2025-12-05,622.791312,627.319738,622.123034,623.888489,53614200,560.603003,0.23,0.96,0.12,0.41,577.421093,532.572853
2025-12-08,625.614127,627.239984,620.108153,622.691589,43462400,561.2208,0.28,0.54,-0.61,-0.19,578.057424,533.15976
2025-12-09,621.424807,624.277516,619.419912,623.459595,37156000,561.840091,-0.2,0.25,-0.53,0.12,578.695294,533.748086
2025-12-10,622.262619,627.609027,619.409911,626.013062,55031400,562.478628,-0.19,0.67,-0.65,0.41,579.352987,534.354697
2025-12-11,622.23275,624.187785,616.148234,623.988281,58272800,563.090664,-0.6,-0.29,-1.58,-0.32,579.983384,534.936131
2025-12-12,620.497212,621.953459,609.804456,612.058716,75158700,563.577909,-0.56,-0.33,-2.27,-1.91,580.485246,535.399013
2025-12-15,616.796606,616.846466,607.769645,608.986511,49538200,564.029736,0.77,0.78,-0.7,-0.5,580.950628,535.828249
2025-12-16,606.71231,611.948952,605.365709,610.19342,55152800,564.489076,-0.37,0.49,-0.59,0.2,581.423748,536.264622
2025-12-17,611.5001,612.088626,598.75265,598.882263,70654300,564.831296,0.21,0.31,-1.87,-1.85,581.776235,536.589732
2025-12-18,608.248427,611.370468,605.37575,607.560181,78875800,565.25646,1.56,2.09,1.08,1.45,582.214153,536.993637
2025-12-19,610.392921,616.048476,610.313107,615.479919,60369800,565.756195,0.47,1.4,0.45,1.3,582.728881,537.468386
2025-12-22,620.567496,620.867167,616.992048,618.430237,43703100,566.280315,0.83,0.88,0.25,0.48,583.268725,537.966299
2025-12-23,617.421489,621.626148,617.002035,621.326538,41120400,566.828039,-0.16,0.52,-0.23,0.47,583.83288,538.486637
2025-12-24,621.206728,623.493883,620.937048,623.144287,18468700,567.3884,-0.02,0.35,-0.06,0.29,584.410052,539.01898
2025-12-26,623.873298,624.732261,622.355254,623.104309,28959800,567.942787,0.12,0.25,-0.13,-0.01,584.98107,539.545647
2025-12-29,619.319085,621.995764,617.950815,620.088135,32458300,568.461646,-0.61,-0.18,-0.83,-0.48,585.515495,540.038564
2025-12-30,619.05942,621.396439,618.440145,618.649902,31226800,568.961032,-0.17,0.21,-0.27,-0.23,586.029862,540.51298
2025-12-31,618.869679,619.179286,613.276695,613.536377,40746500,569.404567,0.04,0.09,-0.87,-0.83,586.486704,540.934339
2026-01-02,619.279163,622.065628,609.38167,612.3479,61859200,569.831864,0.94,1.39,-0.68,-0.19,586.92682,541.340271
2026-01-05,618.540073,620.028187,615.943311,617.211731,46828400,570.303306,1.01,1.25,0.59,0.79,587.412405,541.78814
2026-01-06,618.450162,623.234169,617.761028,622.634888,43137500,570.824018,0.2,0.98,0.09,0.88,587.948738,542.282817
2026-01-07,622.255385,627.149238,621.776009,623.234192,44880300,571.345512,-0.06,0.73,-0.14,0.1,588.485878,542.778237
2026-01-08,622.245433,622.634896,617.021978,619.688599,50435900,571.826538,-0.16,-0.1,-1.0,-0.57,588.981334,543.235211
2026-01-09,620.627388,627.099268,618.280372,625.86084,49688700,572.364193,0.15,1.2,-0.23,1.0,589.535118,543.745983
2026-01-12,621.526323,628.058065,621.476398,626.380188,37388700,572.901665,-0.69,0.35,-0.7,0.08,590.088715,544.256582
2026-01-13,626.480087,628.677268,622.914576,625.451355,44481400,573.424548,0.02,0.37,-0.55,-0.15,590.627284,544.75332
2026-01-14,621.45639,622.664888,613.786069,618.769775,72598700,573.875744,-0.64,-0.45,-1.87,-1.07,591.092016,545.181957
2026-01-15,625.810886,629.206628,619.968277,620.997009,53934900,574.344612,1.14,1.69,0.19,0.36,591.574951,545.627382
2026-01-16,624.712312,625.291599,618.100653,620.477661,61058100,574.803648,0.6,0.69,-0.47,-0.08,592.047757,546.063465
2026-01-20,609.761172,614.285435,606.285513,607.29425,81988900,575.126937,-1.73,-1.0,-2.29,-2.12,592.380745,546.37059
2026-01-21,608.702424,619.638646,607.094466,615.503906,79837900,575.528698,0.23,2.03,-0.03,1.35,592.794559,546.752263
2026-01-22,621.566235,621.676143,617.002044,619.978271,42254800,575.970982,0.98,1.0,0.24,0.73,593.250112,547.172433
2026-01-23,618.949566,624.61247,617.87097,621.935791,43645800,576.428344,-0.17,0.75,-0.34,0.32,593.721194,547.606926
2026-01-26,622.425197,626.819619,621.336543,624.672363,35983000,576.908384,0.08,0.79,-0.1,0.44,594.215635,548.062964
2026-01-27,628.117969,631.244032,626.55,630.335205,38997200,577.439994,0.55,1.05,0.3,0.91,594.763194,548.567994
2026-01-28,634.659777,635.798295,631.014349,632.422546,50691700,577.987084,0.69,0.87,0.11,0.33,595.326696,549.08773
2026-01-29,631.853306,632.87198,617.49141,628.637329,79944000,578.491066,-0.09,0.07,-2.36,-0.6,595.845798,549.566513
2026-01-30,624.922044,627.468821,618.520082,621.086853,65650700,578.914905,-0.59,-0.19,-1.61,-1.2,596.282352,549.96916
2026-02-02,617.920868,627.698518,617.88088,625.351501,49020300,579.376961,-0.51,1.06,-0.52,0.69,596.75827,550.408113
2026-02-03,627.508724,629.186601,610.190596,615.743591,81234000,579.738818,0.34,0.61,-2.42,-1.54,597.130982,550.751877
2026-02-04,614.245528,614.325384,599.713802,604.987183,81850700,579.990045,-0.24,-0.23,-2.6,-1.75,597.389747,550.990543
2026-02-05,599.454186,604.048369,594.011037,596.278198,89354500,580.152116,-0.91,-0.16,-1.81,-1.44,597.55668,551.144511
2026-02-06,599.434155,610.639996,598.01596,608.882263,78019300,580.437989,0.53,2.41,0.29,2.11,597.851128,551.416089
2026-02-09,606.774896,615.683706,604.308035,613.546387,56797600,580.767425,-0.35,1.12,-0.75,0.77,598.190448,551.729054
2026-02-10,614.535142,616.243011,610.240569,610.699951,53938900,581.065261,0.16,0.44,-0.54,-0.46,598.497219,552.011998
2026-02-11,615.603792,616.742371,606.924733,612.337891,58575100,581.376432,0.8,0.99,-0.62,0.27,598.817725,552.30761
2026-02-12,613.935894,615.034485,598.814946,599.883606,81378900,581.560583,0.26,0.44,-2.21,-2.03,599.0074,552.482554
2026-02-13,599.673873,605.716242,595.668913,601.161987,69237500,581.755622,-0.03,0.97,-0.7,0.21,599.20829,552.667841
2026-02-17,597.626419,603.189412,592.592788,600.542725,69013800,581.942558,-0.59,0.34,-1.43,-0.1,599.400835,552.84543
2026-02-18,601.351741,609.002129,599.963477,605.0271,64250700,582.172255,0.13,1.41,-0.1,0.75,599.637423,553.063642
2026-02-19,602.05088,605.057099,599.993477,602.710022,60960800,582.376611,-0.49,0.0,-0.83,-0.38,599.847909,553.25778
2026-02-20,599.364276,609.581374,598.475382,608.043335,74127300,582.632001,-0.56,1.14,-0.7,0.88,600.110961,553.500401
2026-02-23,605.846051,607.244313,598.295575,600.652588,63859100,582.811311,-0.36,-0.13,-1.6,-1.22,600.29565,553.670745
2026-02-24,601.64141,608.223077,598.974728,607.104492,55023700,583.053034,0.16,1.26,-0.28,1.07,600.544625,553.900382
2026-02-25,610.300461,616.053217,610.230542,615.903381,55710700,583.379903,0.53,1.47,0.51,1.45,600.8813,554.210908
2026-02-26,614.814818,614.814818,603.219392,608.472778,96178900,583.629583,-0.18,-0.18,-2.06,-1.21,601.138471,554.448104
2026-02-27,602.220638,607.55394,601.431654,606.525208,68125200,583.8574,-1.03,-0.15,-1.16,-0.32,601.373122,554.66453
2026-03-02,598.105801,609.15187,597.236902,607.324219,75264600,584.090901,-1.39,0.43,-1.53,0.13,601.613628,554.886356
2026-03-03,595.57906,603.199456,591.124655,600.822449,97015500,584.257384,-1.93,-0.68,-2.67,-1.07,601.785106,555.044515
2026-03-04,603.399168,612.108219,602.670107,609.980896,70943900,584.513339,0.43,1.88,0.31,1.52,602.04874,555.287672
2026-03-05,606.63508,611.988315,601.501539,608.143127,89602400,584.748462,-0.55,0.33,-1.39,-0.3,602.290916,555.511039
2026-03-06,599.553982,605.236819,597.576495,598.99469,86302300,584.890215,-1.41,-0.48,-1.74,-1.5,602.436922,555.645704
2026-03-09,593.481639,608.502737,590.585327,606.994629,93068200,585.11016,-0.92,1.59,-1.4,1.34,602.663464,555.854652
2026-03-10,607.014636,612.517646,604.657562,607.004639,64078900,585.328015,0.0,0.91,-0.39,0.0,602.887856,556.061614
2026-03-11,608.183167,611.658765,604.26812,606.924744,60114800,585.542908,0.19,0.77,-0.45,-0.01,603.109195,556.265763
2026-03-12,602.000947,603.379214,596.298116,596.507874,71836600,585.652012,-0.81,-0.58,-1.75,-1.72,603.221572,556.369412
2026-03-13,598.974731,602.839853,591.823775,592.97229,63145500,585.724851,0.41,1.06,-0.79,-0.59,603.296596,556.438608
2026-03-16,599.284303,603.099499,598.355481,599.623901,49077200,585.86315,1.06,1.71,0.91,1.12,603.439044,556.569992
2026-03-17,602.380463,605.136997,601.112043,602.550232,47106600,586.02919,0.46,0.92,0.25,0.49,603.610066,556.727731
2026-03-18,600.732546,602.400426,593.81128,594.150879,56128000,586.110003,-0.3,-0.02,-1.45,-1.39,603.693303,556.804503
2026-03-19,588.767604,595.049661,586.340672,592.273193,75597600,586.171328,-0.91,0.15,-1.31,-0.32,603.756468,556.862762
2026-03-20,590.315631,590.425478,577.811379,581.326965,91964700,586.123126,-0.33,-0.31,-2.44,-1.85,603.70682,556.81697
2026-03-23,590.52002,595.080017,585.960022,588.0,89936100,586.141801,1.58,2.37,0.8,1.15,603.726055,556.834711
2026-03-24,584.809998,587.929993,581.929993,583.97998,57750900,586.120291,-0.54,-0.01,-1.03,-0.68,603.703899,556.814276
2026-03-25,589.140015,591.369995,585.690002,587.820007,60475500,586.137203,0.88,1.27,0.29,0.66,603.721319,556.830343
2026-03-26,582.599976,584.630005,573.429993,573.789978,81492100,586.014345,-0.89,-0.54,-2.45,-2.39,603.594776,556.713628
2026-03-27,570.809998,571.02002,561.570007,562.580017,82702200,585.781168,-0.52,-0.48,-2.13,-1.95,603.354603,556.492109
2026-03-30,567.380005,568.049988,555.599976,558.280029,70602600,585.507525,0.85,0.97,-1.24,-0.76,603.07275,556.232148
2026-03-31,564.289978,578.640015,564.210022,577.179993,95878000,585.424664,1.08,3.65,1.06,3.39,602.987403,556.15343
2026-04-01,581.47998,587.73999,580.419983,584.309998,79435100,585.413572,0.74,1.83,0.56,1.24,602.97598,556.142894
2026-04-02,573.969971,586.049988,571.919983,584.97998,50941700,585.409258,-1.77,0.3,-2.12,0.11,602.971536,556.138795
2026-04-06,586.22998,590.609985,584.690002,588.5,35108500,585.440012,0.21,0.96,-0.05,0.6,603.003212,556.168011
2026-04-07,585.640015,588.97998,578.400024,588.590027,49948200,585.471355,-0.49,0.08,-1.72,0.02,603.035496,556.197787
2026-04-08,608.710022,609.900024,602.119995,606.090027,63086000,585.676516,3.42,3.62,2.3,2.97,603.246812,556.39269
2026-04-09,605.929993,610.5,603.030029,610.190002,37837500,585.920431,-0.03,0.73,-0.5,0.68,603.498044,556.62441
2026-04-10,611.840027,613.669983,609.580017,611.070007,34038500,586.170676,0.27,0.57,-0.1,0.14,603.755796,556.862142
2026-04-13,609.47998,626.73999,608.109985,617.390015,32972100,586.481316,-0.26,2.56,-0.48,1.03,604.075756,557.15725
2026-04-14,620.219971,628.599976,620.099976,628.599976,49921100,586.900407,0.46,1.82,0.44,1.82,604.507419,557.555387
2026-04-15,629.080017,637.830017,628.200012,637.400024,50102400,587.402891,0.08,1.47,-0.06,1.4,605.024978,558.032746
2026-04-16,639.210022,642.179993,635.26001,640.469971,42320600,587.930922,0.28,0.75,-0.34,0.48,605.568849,558.534376
2026-04-17,645.590027,650.0,644.070007,648.849976,53488900,588.537081,0.8,1.49,0.56,1.31,606.193194,559.110227
2026-04-20,648.039978,648.76001,642.52002,646.789978,37138500,589.116712,-0.12,-0.01,-0.98,-0.32,606.790214,559.660877
2026-04-21,648.409973,650.200012,642.210022,644.330017,39580500,589.666098,0.25,0.53,-0.71,-0.38,607.356081,560.182793
2026-04-22,650.150024,655.330017,648.52002,655.109985,37368400,590.317281,0.9,1.71,0.65,1.67,608.0268,560.801417
2026-04-23,653.549988,656.919983,645.52002,651.419983,40099800,590.925268,-0.24,0.28,-1.46,-0.56,608.653026,561.379005
2026-04-24,658.51001,664.51001,656.530029,663.880005,45563100,591.651186,1.09,2.01,0.78,1.91,609.400722,562.068627
2026-04-27,663.400024,664.429993,660.690002,664.22998,32717000,592.373363,-0.07,0.08,-0.48,0.05,610.144564,562.754695
2026-04-28,657.409973,659.640015,653.809998,657.549988,34147900,593.021887,-1.03,-0.69,-1.57,-1.01,610.812543,563.370792
2026-04-29,658.630005,661.719971,656.590027,661.570007,31724900,593.703958,0.16,0.63,-0.15,0.61,611.515076,564.01876
2026-04-30,665.349976,668.900024,657.559998,667.73999,40622200,594.440635,0.57,1.11,-0.61,0.93,612.273854,564.718603
